Instance,Terminal,Layer,X location,Y location,Voltage
FILLER_36_520,VSS,Metal1,298.4800,156.8000,0.000025
FILLER_36_444,VSS,Metal1,255.6400,156.8000,0.000025
FILLER_36_410,VSS,Metal1,244.6040,157.3975,0.000025
FILLER_36_376,VSS,Metal1,225.5640,157.3975,0.000024
FILLER_36_372,VSS,Metal1,215.6000,156.8000,0.000024
FILLER_36_368,VSS,Metal1,213.5400,157.1485,0.000024
FILLER_36_360,VSS,Metal1,210.0530,157.2615,0.000023
FILLER_36_342,VSS,Metal1,198.9800,157.1485,0.000023
FILLER_36_308,VSS,Metal1,187.4840,157.3975,0.000022
FILLER_36_298,VSS,Metal1,174.1600,156.8000,0.000022
FILLER_36_290,VSS,Metal1,170.8530,157.2615,0.000022
FILLER_36_274,VSS,Metal1,164.0320,157.3480,0.000022
FILLER_36_264,VSS,Metal1,156.2930,157.2615,0.000022
FILLER_36_248,VSS,Metal1,149.4720,157.3480,0.000022
FILLER_36_240,VSS,Metal1,141.6800,156.8000,0.000022
FILLER_36_237,VSS,Metal1,139.7200,156.8000,0.000021
FILLER_36_235,VSS,Metal1,138.8800,156.8000,0.000021
FILLER_36_219,VSS,Metal1,133.2320,157.3480,0.000021
FILLER_36_210,VSS,Metal1,124.6000,156.8000,0.000020
FILLER_36_206,VSS,Metal1,122.8200,157.1485,0.000020
FILLER_36_172,VSS,Metal1,111.3240,157.3975,0.000020
FILLER_36_138,VSS,Metal1,92.2840,157.3975,0.000020
FILLER_36_135,VSS,Metal1,82.6000,156.8000,0.000017
FILLER_36_131,VSS,Metal1,80.8200,157.1485,0.000017
FILLER_36_115,VSS,Metal1,74.9920,157.3480,0.000016
FILLER_36_108,VSS,Metal1,67.4800,156.8000,0.000016
FILLER_36_104,VSS,Metal1,65.7000,157.1485,0.000016
FILLER_36_70,VSS,Metal1,54.2040,157.3975,0.000015
FILLER_36_36,VSS,Metal1,35.1640,157.3975,0.000014
FILLER_36_2,VSS,Metal1,16.1240,157.3975,0.000014
FILLER_35_422,VSS,Metal1,243.7800,156.4510,0.000025
FILLER_35_419,VSS,Metal1,241.6400,156.8000,0.000025
FILLER_35_417,VSS,Metal1,240.8000,156.8000,0.000025
FILLER_35_409,VSS,Metal1,237.4930,156.3380,0.000024
FILLER_35_393,VSS,Metal1,230.6720,156.2520,0.000024
FILLER_35_360,VSS,Metal1,209.0600,156.4510,0.000023
FILLER_35_352,VSS,Metal1,205.5730,156.3380,0.000023
FILLER_35_349,VSS,Metal1,202.4400,156.8000,0.000023
FILLER_35_345,VSS,Metal1,200.6600,156.4510,0.000023
FILLER_35_336,VSS,Metal1,195.1600,156.8000,0.000022
FILLER_35_328,VSS,Metal1,192.1330,156.3380,0.000022
FILLER_35_297,VSS,Metal1,173.6000,156.8000,0.000022
FILLER_35_293,VSS,Metal1,171.5400,156.4510,0.000022
FILLER_35_286,VSS,Metal1,167.4400,156.8000,0.000022
FILLER_35_282,VSS,Metal1,165.3800,156.4510,0.000022
FILLER_35_269,VSS,Metal1,157.9200,156.8000,0.000022
FILLER_35_239,VSS,Metal1,140.8400,156.8000,0.000022
FILLER_35_235,VSS,Metal1,139.0600,156.4510,0.000021
FILLER_35_227,VSS,Metal1,135.5730,156.3380,0.000021
FILLER_35_218,VSS,Metal1,129.0800,156.8000,0.000021
FILLER_35_206,VSS,Metal1,122.8200,156.4510,0.000020
FILLER_35_198,VSS,Metal1,119.3330,156.3380,0.000020
FILLER_35_168,VSS,Metal1,101.0800,156.8000,0.000020
FILLER_35_160,VSS,Metal1,98.0530,156.3380,0.000020
FILLER_35_150,VSS,Metal1,91.0000,156.8000,0.000020
FILLER_35_142,VSS,Metal1,87.9730,156.3380,0.000020
FILLER_35_132,VSS,Metal1,82.3730,156.3380,0.000017
FILLER_35_102,VSS,Metal1,64.1200,156.8000,0.000015
FILLER_35_100,VSS,Metal1,63.2800,156.8000,0.000015
FILLER_35_96,VSS,Metal1,61.2200,156.4510,0.000015
FILLER_35_88,VSS,Metal1,57.7330,156.3380,0.000015
FILLER_35_72,VSS,Metal1,50.9120,156.2520,0.000015
FILLER_35_66,VSS,Metal1,44.4200,156.4510,0.000014
FILLER_35_2,VSS,Metal1,25.0445,156.1620,0.000014
FILLER_34_505,VSS,Metal1,289.8000,148.9600,0.000035
FILLER_34_467,VSS,Metal1,268.5200,148.9600,0.000034
FILLER_34_465,VSS,Metal1,267.6800,148.9600,0.000034
FILLER_34_442,VSS,Metal1,254.5200,148.9600,0.000034
FILLER_34_440,VSS,Metal1,253.6800,148.9600,0.000034
FILLER_34_395,VSS,Metal1,228.4800,148.9600,0.000032
FILLER_34_387,VSS,Metal1,224.0000,148.9600,0.000031
FILLER_34_384,VSS,Metal1,222.0400,148.9600,0.000030
FILLER_34_382,VSS,Metal1,221.2000,148.9600,0.000030
FILLER_34_358,VSS,Metal1,207.4800,148.9600,0.000026
FILLER_34_321,VSS,Metal1,187.0400,148.9600,0.000025
FILLER_34_317,VSS,Metal1,184.9800,149.3085,0.000025
FILLER_34_311,VSS,Metal1,181.6200,149.3085,0.000024
FILLER_34_292,VSS,Metal1,170.8000,148.9600,0.000024
FILLER_34_247,VSS,Metal1,148.9120,149.5080,0.000023
FILLER_34_201,VSS,Metal1,119.5600,148.9600,0.000022
FILLER_34_199,VSS,Metal1,118.7200,148.9600,0.000022
FILLER_34_195,VSS,Metal1,116.6600,149.3085,0.000022
FILLER_34_187,VSS,Metal1,113.1730,149.4215,0.000022
FILLER_34_177,VSS,Metal1,106.1200,148.9600,0.000022
FILLER_34_128,VSS,Metal1,79.1400,149.3085,0.000019
FILLER_34_120,VSS,Metal1,75.6530,149.4215,0.000019
FILLER_34_101,VSS,Metal1,64.0200,149.3085,0.000018
FILLER_34_37,VSS,Metal1,44.6445,149.5975,0.000018
FILLER_34_34,VSS,Metal1,26.0400,148.9600,0.000017
FILLER_34_2,VSS,Metal1,16.1240,149.5575,0.000017
FILLER_33_492,VSS,Metal1,282.5200,148.9600,0.000035
FILLER_33_480,VSS,Metal1,276.0800,148.9600,0.000035
FILLER_33_450,VSS,Metal1,259.0000,148.9600,0.000034
FILLER_33_448,VSS,Metal1,258.1600,148.9600,0.000034
FILLER_33_434,VSS,Metal1,250.3200,148.9600,0.000034
FILLER_33_430,VSS,Metal1,248.2600,148.6110,0.000034
FILLER_33_422,VSS,Metal1,244.7730,148.4980,0.000033
FILLER_33_394,VSS,Metal1,227.6400,148.9600,0.000031
FILLER_33_386,VSS,Metal1,224.6130,148.4980,0.000031
FILLER_33_379,VSS,Metal1,219.2400,148.9600,0.000030
FILLER_33_377,VSS,Metal1,218.4000,148.9600,0.000030
FILLER_33_373,VSS,Metal1,216.3400,148.6110,0.000030
FILLER_33_358,VSS,Metal1,207.4800,148.9600,0.000026
FILLER_33_349,VSS,Metal1,202.4400,148.9600,0.000025
FILLER_33_330,VSS,Metal1,192.0800,148.9600,0.000025
FILLER_33_314,VSS,Metal1,186.4320,148.4120,0.000025
FILLER_33_300,VSS,Metal1,175.0000,148.9600,0.000024
FILLER_33_292,VSS,Metal1,171.9730,148.4980,0.000024
FILLER_33_265,VSS,Metal1,155.4000,148.9600,0.000023
FILLER_33_261,VSS,Metal1,153.6200,148.6110,0.000023
FILLER_33_253,VSS,Metal1,150.1330,148.4980,0.000023
FILLER_33_234,VSS,Metal1,138.3200,148.9600,0.000022
FILLER_33_226,VSS,Metal1,135.0130,148.4980,0.000022
FILLER_33_212,VSS,Metal1,125.7200,148.9600,0.000022
FILLER_33_209,VSS,Metal1,124.0400,148.9600,0.000022
FILLER_33_207,VSS,Metal1,123.2000,148.9600,0.000022
FILLER_33_191,VSS,Metal1,117.5520,148.4120,0.000022
FILLER_33_167,VSS,Metal1,100.8000,148.9600,0.000021
FILLER_33_163,VSS,Metal1,98.7400,148.6110,0.000021
FILLER_33_142,VSS,Metal1,86.5200,148.9600,0.000020
FILLER_33_139,VSS,Metal1,84.8400,148.9600,0.000020
FILLER_33_137,VSS,Metal1,84.0000,148.9600,0.000020
FILLER_33_133,VSS,Metal1,81.9400,148.6110,0.000020
FILLER_33_117,VSS,Metal1,76.1120,148.4120,0.000019
FILLER_33_72,VSS,Metal1,47.6000,148.9600,0.000018
FILLER_33_66,VSS,Metal1,44.4200,148.6110,0.000018
FILLER_33_50,VSS,Metal1,38.5920,148.4120,0.000018
FILLER_33_18,VSS,Metal1,25.0840,148.3620,0.000017
FILLER_32_473,VSS,Metal1,271.8800,141.1200,0.000110
FILLER_32_469,VSS,Metal1,270.1000,141.4685,0.000110
FILLER_32_457,VSS,Metal1,263.3800,141.4685,0.000110
FILLER_32_441,VSS,Metal1,253.9600,141.1200,0.000109
FILLER_32_405,VSS,Metal1,233.8000,141.1200,0.000107
FILLER_32_403,VSS,Metal1,232.9600,141.1200,0.000107
FILLER_32_395,VSS,Metal1,229.6530,141.5815,0.000107
FILLER_32_381,VSS,Metal1,220.8200,141.4685,0.000104
FILLER_32_373,VSS,Metal1,217.3330,141.5815,0.000102
FILLER_32_357,VSS,Metal1,210.5120,141.6680,0.000099
FILLER_32_335,VSS,Metal1,194.6000,141.1200,0.000042
FILLER_32_327,VSS,Metal1,191.5730,141.5815,0.000042
FILLER_32_317,VSS,Metal1,184.9800,141.4685,0.000041
FILLER_32_313,VSS,Metal1,182.5600,141.1200,0.000041
FILLER_32_295,VSS,Metal1,172.4800,141.1200,0.000041
FILLER_32_279,VSS,Metal1,166.8320,141.6680,0.000041
FILLER_32_273,VSS,Metal1,160.1600,141.1200,0.000041
FILLER_32_257,VSS,Metal1,154.5120,141.6680,0.000041
FILLER_32_234,VSS,Metal1,138.3200,141.1200,0.000038
FILLER_32_230,VSS,Metal1,136.2600,141.4685,0.000038
FILLER_32_222,VSS,Metal1,132.7730,141.5815,0.000038
FILLER_32_206,VSS,Metal1,123.8130,141.5815,0.000035
FILLER_32_190,VSS,Metal1,116.9920,141.6680,0.000035
FILLER_32_179,VSS,Metal1,107.2400,141.1200,0.000035
FILLER_32_177,VSS,Metal1,106.4000,141.1200,0.000035
FILLER_32_166,VSS,Metal1,100.2400,141.1200,0.000032
FILLER_32_121,VSS,Metal1,74.7600,141.1200,0.000031
FILLER_32_113,VSS,Metal1,71.7330,141.5815,0.000031
FILLER_32_107,VSS,Metal1,66.9200,141.1200,0.000030
FILLER_32_86,VSS,Metal1,55.1600,141.1200,0.000030
FILLER_32_84,VSS,Metal1,54.3200,141.1200,0.000028
FILLER_32_53,VSS,Metal1,36.9600,141.1200,0.000026
FILLER_32_37,VSS,Metal1,31.3120,141.6680,0.000026
FILLER_32_34,VSS,Metal1,26.0400,141.1200,0.000026
FILLER_32_2,VSS,Metal1,16.1240,141.7175,0.000026
FILLER_31_422,VSS,Metal1,244.7730,140.6580,0.000108
FILLER_31_411,VSS,Metal1,237.1600,141.1200,0.000108
FILLER_31_407,VSS,Metal1,235.3800,140.7710,0.000108
FILLER_31_379,VSS,Metal1,219.5200,141.1200,0.000102
FILLER_31_373,VSS,Metal1,215.8800,141.1200,0.000102
FILLER_31_369,VSS,Metal1,214.1000,140.7710,0.000099
FILLER_31_360,VSS,Metal1,209.0600,140.7710,0.000099
FILLER_31_352,VSS,Metal1,205.5730,140.6580,0.000098
FILLER_31_335,VSS,Metal1,194.6000,141.1200,0.000042
FILLER_31_298,VSS,Metal1,174.1600,141.1200,0.000041
FILLER_31_282,VSS,Metal1,168.5120,140.5720,0.000041
FILLER_31_269,VSS,Metal1,158.1000,140.7710,0.000041
FILLER_31_224,VSS,Metal1,136.0320,140.5720,0.000038
FILLER_31_202,VSS,Metal1,120.4000,141.1200,0.000035
FILLER_31_171,VSS,Metal1,103.0400,141.1200,0.000032
FILLER_31_167,VSS,Metal1,100.9800,140.7710,0.000032
FILLER_31_156,VSS,Metal1,94.3600,141.1200,0.000032
FILLER_31_136,VSS,Metal1,83.6200,140.7710,0.000031
FILLER_31_128,VSS,Metal1,80.1330,140.6580,0.000031
FILLER_31_112,VSS,Metal1,73.3120,140.5720,0.000031
FILLER_31_82,VSS,Metal1,52.9200,141.1200,0.000028
FILLER_31_58,VSS,Metal1,39.9400,140.7710,0.000027
FILLER_31_50,VSS,Metal1,36.4530,140.6580,0.000026
FILLER_31_34,VSS,Metal1,29.6320,140.5720,0.000026
FILLER_31_2,VSS,Metal1,16.1240,140.5220,0.000026
FILLER_30_469,VSS,Metal1,269.9200,133.2800,0.000043
FILLER_30_457,VSS,Metal1,263.3800,133.6285,0.000043
FILLER_30_428,VSS,Metal1,246.9600,133.2800,0.000042
FILLER_30_414,VSS,Metal1,239.1200,133.2800,0.000042
FILLER_30_410,VSS,Metal1,237.0600,133.6285,0.000042
FILLER_30_394,VSS,Metal1,231.2320,133.8280,0.000042
FILLER_30_387,VSS,Metal1,224.0000,133.2800,0.000040
FILLER_30_383,VSS,Metal1,221.7600,133.2800,0.000040
FILLER_30_372,VSS,Metal1,215.3200,133.2800,0.000039
FILLER_30_370,VSS,Metal1,214.4800,133.2800,0.000039
FILLER_30_357,VSS,Metal1,208.3730,133.7415,0.000039
FILLER_30_301,VSS,Metal1,176.0200,133.6285,0.000037
FILLER_30_269,VSS,Metal1,165.6440,133.8775,0.000036
FILLER_30_263,VSS,Metal1,154.2800,133.2800,0.000036
FILLER_30_259,VSS,Metal1,152.5000,133.6285,0.000036
FILLER_30_251,VSS,Metal1,149.0130,133.7415,0.000035
FILLER_30_241,VSS,Metal1,142.4200,133.6285,0.000035
FILLER_30_233,VSS,Metal1,138.9330,133.7415,0.000035
FILLER_30_202,VSS,Metal1,120.4000,133.2800,0.000034
FILLER_30_198,VSS,Metal1,118.3400,133.6285,0.000034
FILLER_30_190,VSS,Metal1,114.8530,133.7415,0.000033
FILLER_30_182,VSS,Metal1,109.3800,133.6285,0.000031
FILLER_30_174,VSS,Metal1,104.4400,133.2800,0.000030
FILLER_30_172,VSS,Metal1,103.6000,133.2800,0.000030
FILLER_30_168,VSS,Metal1,101.5400,133.6285,0.000029
FILLER_30_159,VSS,Metal1,96.0400,133.2800,0.000029
FILLER_30_157,VSS,Metal1,95.2000,133.2800,0.000029
FILLER_30_153,VSS,Metal1,93.1400,133.6285,0.000029
FILLER_30_145,VSS,Metal1,89.6530,133.7415,0.000029
FILLER_30_131,VSS,Metal1,80.8200,133.6285,0.000029
FILLER_30_111,VSS,Metal1,69.4400,133.2800,0.000029
FILLER_30_107,VSS,Metal1,67.3800,133.6285,0.000028
FILLER_30_103,VSS,Metal1,64.9600,133.2800,0.000026
FILLER_30_99,VSS,Metal1,62.9000,133.6285,0.000026
FILLER_30_91,VSS,Metal1,59.4130,133.7415,0.000025
FILLER_30_31,VSS,Metal1,24.8200,133.6285,0.000023
FILLER_30_15,VSS,Metal1,18.9920,133.8280,0.000023
FILLER_30_8,VSS,Metal1,11.4800,133.2800,0.000023
FILLER_30_6,VSS,Metal1,10.6400,133.2800,0.000023
FILLER_30_2,VSS,Metal1,8.5800,133.6285,0.000023
FILLER_29_430,VSS,Metal1,248.0800,133.2800,0.000042
FILLER_29_419,VSS,Metal1,241.6400,133.2800,0.000042
FILLER_29_389,VSS,Metal1,224.8400,133.2800,0.000041
FILLER_29_385,VSS,Metal1,223.0600,132.9310,0.000040
FILLER_29_372,VSS,Metal1,215.3200,133.2800,0.000039
FILLER_29_356,VSS,Metal1,206.6400,133.2800,0.000039
FILLER_29_352,VSS,Metal1,204.5800,132.9310,0.000039
FILLER_29_349,VSS,Metal1,202.4400,133.2800,0.000038
FILLER_29_345,VSS,Metal1,200.6600,132.9310,0.000038
FILLER_29_298,VSS,Metal1,175.3330,132.8180,0.000037
FILLER_29_253,VSS,Metal1,149.1400,132.9310,0.000035
FILLER_29_221,VSS,Metal1,138.7640,132.6820,0.000035
FILLER_29_209,VSS,Metal1,124.0400,133.2800,0.000035
FILLER_29_207,VSS,Metal1,123.2000,133.2800,0.000035
FILLER_29_203,VSS,Metal1,121.1400,132.9310,0.000034
FILLER_29_195,VSS,Metal1,117.6530,132.8180,0.000034
FILLER_29_188,VSS,Metal1,112.2800,133.2800,0.000032
FILLER_29_186,VSS,Metal1,111.4400,133.2800,0.000032
FILLER_29_182,VSS,Metal1,109.3800,132.9310,0.000031
FILLER_29_174,VSS,Metal1,105.8930,132.8180,0.000030
FILLER_29_142,VSS,Metal1,94.5240,132.6820,0.000029
FILLER_29_139,VSS,Metal1,84.8400,133.2800,0.000029
FILLER_29_137,VSS,Metal1,84.0000,133.2800,0.000029
FILLER_29_107,VSS,Metal1,66.9200,133.2800,0.000028
FILLER_29_105,VSS,Metal1,66.0800,133.2800,0.000027
FILLER_29_97,VSS,Metal1,62.7730,132.8180,0.000026
FILLER_29_81,VSS,Metal1,55.9520,132.7320,0.000025
FILLER_29_63,VSS,Metal1,42.5600,133.2800,0.000025
FILLER_29_47,VSS,Metal1,33.7800,132.9310,0.000025
FILLER_29_40,VSS,Metal1,29.4000,133.2800,0.000025
FILLER_29_38,VSS,Metal1,28.5600,133.2800,0.000024
FILLER_29_34,VSS,Metal1,26.5000,132.9310,0.000023
FILLER_29_2,VSS,Metal1,16.1240,132.6820,0.000023
FILLER_28_483,VSS,Metal1,277.4800,125.4400,0.000103
FILLER_28_451,VSS,Metal1,260.0200,125.7885,0.000103
FILLER_28_408,VSS,Metal1,235.4800,125.4400,0.000100
FILLER_28_400,VSS,Metal1,232.4530,125.9015,0.000100
FILLER_28_387,VSS,Metal1,224.0000,125.4400,0.000098
FILLER_28_384,VSS,Metal1,222.0400,125.4400,0.000097
FILLER_28_367,VSS,Metal1,212.8000,125.4400,0.000097
FILLER_28_350,VSS,Metal1,203.2800,125.4400,0.000096
FILLER_28_346,VSS,Metal1,201.2200,125.7885,0.000092
FILLER_28_285,VSS,Metal1,166.6000,125.4400,0.000078
FILLER_28_277,VSS,Metal1,163.5730,125.9015,0.000078
FILLER_28_265,VSS,Metal1,155.6800,125.4400,0.000078
FILLER_28_243,VSS,Metal1,143.3600,125.4400,0.000078
FILLER_28_239,VSS,Metal1,141.3000,125.7885,0.000078
FILLER_28_195,VSS,Metal1,116.6600,125.7885,0.000076
FILLER_28_177,VSS,Metal1,107.5730,125.9015,0.000076
FILLER_28_167,VSS,Metal1,101.9730,125.9015,0.000076
FILLER_28_156,VSS,Metal1,94.3600,125.4400,0.000076
FILLER_28_154,VSS,Metal1,93.5200,125.4400,0.000076
FILLER_28_150,VSS,Metal1,91.4600,125.7885,0.000074
FILLER_28_142,VSS,Metal1,87.9730,125.9015,0.000073
FILLER_28_107,VSS,Metal1,67.2000,125.4400,0.000069
FILLER_28_101,VSS,Metal1,64.0200,125.7885,0.000069
FILLER_28_85,VSS,Metal1,55.0600,125.7885,0.000069
FILLER_28_47,VSS,Metal1,33.3200,125.4400,0.000062
FILLER_28_45,VSS,Metal1,32.4800,125.4400,0.000059
FILLER_28_37,VSS,Metal1,29.1730,125.9015,0.000058
FILLER_28_34,VSS,Metal1,26.0400,125.4400,0.000057
FILLER_28_18,VSS,Metal1,20.6720,125.9880,0.000057
FILLER_27_521,VSS,Metal1,298.7600,125.4400,0.000103
FILLER_27_434,VSS,Metal1,250.3200,125.4400,0.000100
FILLER_27_424,VSS,Metal1,244.4400,125.4400,0.000100
FILLER_27_422,VSS,Metal1,243.6000,125.4400,0.000100
FILLER_27_388,VSS,Metal1,232.2840,124.8420,0.000100
FILLER_27_352,VSS,Metal1,204.1200,125.4400,0.000097
FILLER_27_349,VSS,Metal1,202.4400,125.4400,0.000093
FILLER_27_347,VSS,Metal1,201.6000,125.4400,0.000093
FILLER_27_343,VSS,Metal1,199.5400,125.0910,0.000090
FILLER_27_315,VSS,Metal1,183.6800,125.4400,0.000086
FILLER_27_307,VSS,Metal1,180.3730,124.9780,0.000078
FILLER_27_292,VSS,Metal1,170.5200,125.4400,0.000079
FILLER_27_290,VSS,Metal1,169.6800,125.4400,0.000079
FILLER_27_282,VSS,Metal1,166.3730,124.9780,0.000078
FILLER_27_279,VSS,Metal1,163.2400,125.4400,0.000078
FILLER_27_277,VSS,Metal1,162.4000,125.4400,0.000078
FILLER_27_268,VSS,Metal1,157.0800,125.4400,0.000078
FILLER_27_228,VSS,Metal1,134.6800,125.4400,0.000077
FILLER_27_226,VSS,Metal1,133.8400,125.4400,0.000077
FILLER_27_150,VSS,Metal1,91.2800,125.4400,0.000074
FILLER_27_142,VSS,Metal1,87.9730,124.9780,0.000073
FILLER_27_139,VSS,Metal1,84.8400,125.4400,0.000072
FILLER_27_80,VSS,Metal1,52.2600,125.0910,0.000065
FILLER_27_72,VSS,Metal1,48.7730,124.9780,0.000065
FILLER_27_50,VSS,Metal1,35.2800,125.4400,0.000065
FILLER_27_46,VSS,Metal1,33.2200,125.0910,0.000062
FILLER_27_38,VSS,Metal1,29.7330,124.9780,0.000058
FILLER_27_33,VSS,Metal1,25.4800,125.4400,0.000057
FILLER_27_31,VSS,Metal1,24.6400,125.4400,0.000057
FILLER_27_15,VSS,Metal1,18.9920,124.8920,0.000057
FILLER_27_8,VSS,Metal1,11.4800,125.4400,0.000057
FILLER_27_6,VSS,Metal1,10.6400,125.4400,0.000057
FILLER_27_2,VSS,Metal1,8.5800,125.0910,0.000057
FILLER_26_496,VSS,Metal1,284.7600,117.6000,0.000068
FILLER_26_494,VSS,Metal1,283.9200,117.6000,0.000068
FILLER_26_457,VSS,Metal1,263.3800,117.9485,0.000066
FILLER_26_445,VSS,Metal1,256.4800,117.6000,0.000066
FILLER_26_383,VSS,Metal1,221.7600,117.6000,0.000062
FILLER_26_379,VSS,Metal1,219.7000,117.9485,0.000062
FILLER_26_371,VSS,Metal1,216.2130,118.0615,0.000062
FILLER_26_309,VSS,Metal1,180.3200,117.6000,0.000058
FILLER_26_294,VSS,Metal1,171.6400,117.6000,0.000058
FILLER_26_292,VSS,Metal1,170.8000,117.6000,0.000058
FILLER_26_281,VSS,Metal1,164.3600,117.6000,0.000060
FILLER_26_279,VSS,Metal1,163.5200,117.6000,0.000063
FILLER_26_247,VSS,Metal1,153.3240,118.1975,0.000063
FILLER_26_179,VSS,Metal1,107.2400,117.6000,0.000065
FILLER_26_177,VSS,Metal1,106.4000,117.6000,0.000065
FILLER_26_155,VSS,Metal1,94.0800,117.6000,0.000064
FILLER_26_119,VSS,Metal1,73.9200,117.6000,0.000062
FILLER_26_115,VSS,Metal1,71.8600,117.9485,0.000062
FILLER_26_90,VSS,Metal1,57.4000,117.6000,0.000062
FILLER_26_80,VSS,Metal1,52.0800,117.6000,0.000061
FILLER_26_76,VSS,Metal1,50.0200,117.9485,0.000061
FILLER_26_46,VSS,Metal1,32.7600,117.6000,0.000054
FILLER_26_42,VSS,Metal1,30.9800,117.9485,0.000054
FILLER_26_22,VSS,Metal1,19.3200,117.6000,0.000054
FILLER_26_18,VSS,Metal1,17.5400,117.9485,0.000054
FILLER_26_2,VSS,Metal1,11.7120,118.1480,0.000054
FILLER_25_492,VSS,Metal1,282.5200,117.6000,0.000068
FILLER_25_473,VSS,Metal1,271.8800,117.6000,0.000067
FILLER_25_471,VSS,Metal1,271.0400,117.6000,0.000067
FILLER_25_418,VSS,Metal1,241.3600,117.6000,0.000066
FILLER_25_414,VSS,Metal1,239.3000,117.2510,0.000065
FILLER_25_406,VSS,Metal1,235.8130,117.1380,0.000065
FILLER_25_390,VSS,Metal1,225.4000,117.6000,0.000065
FILLER_25_388,VSS,Metal1,224.5600,117.6000,0.000064
FILLER_25_384,VSS,Metal1,222.5000,117.2510,0.000064
FILLER_25_352,VSS,Metal1,212.1240,117.0020,0.000062
FILLER_25_349,VSS,Metal1,202.4400,117.6000,0.000062
FILLER_25_347,VSS,Metal1,201.6000,117.6000,0.000062
FILLER_25_343,VSS,Metal1,199.5400,117.2510,0.000062
FILLER_25_284,VSS,Metal1,166.0400,117.6000,0.000060
FILLER_25_282,VSS,Metal1,165.2000,117.6000,0.000060
FILLER_25_278,VSS,Metal1,162.9600,117.6000,0.000063
FILLER_25_270,VSS,Metal1,159.6530,117.1380,0.000063
FILLER_25_243,VSS,Metal1,143.0800,117.6000,0.000065
FILLER_25_241,VSS,Metal1,142.2400,117.6000,0.000065
FILLER_25_237,VSS,Metal1,140.1800,117.2510,0.000065
FILLER_25_184,VSS,Metal1,110.0400,117.6000,0.000065
FILLER_25_182,VSS,Metal1,109.2000,117.6000,0.000065
FILLER_25_156,VSS,Metal1,94.3600,117.6000,0.000064
FILLER_25_154,VSS,Metal1,93.5200,117.6000,0.000064
FILLER_25_150,VSS,Metal1,91.4600,117.2510,0.000064
FILLER_25_138,VSS,Metal1,84.5600,117.6000,0.000064
FILLER_25_122,VSS,Metal1,78.9120,117.0520,0.000064
FILLER_25_72,VSS,Metal1,47.7800,117.2510,0.000058
FILLER_25_22,VSS,Metal1,19.3200,117.6000,0.000054
FILLER_25_18,VSS,Metal1,17.5400,117.2510,0.000054
FILLER_25_2,VSS,Metal1,11.7120,117.0520,0.000054
FILLER_24_483,VSS,Metal1,277.4800,109.7600,0.000066
FILLER_24_481,VSS,Metal1,276.6400,109.7600,0.000066
FILLER_24_433,VSS,Metal1,250.9330,110.2215,0.000065
FILLER_24_423,VSS,Metal1,243.8800,109.7600,0.000065
FILLER_24_421,VSS,Metal1,243.0400,109.7600,0.000065
FILLER_24_417,VSS,Metal1,240.9800,110.1085,0.000065
FILLER_24_387,VSS,Metal1,223.7200,109.7600,0.000064
FILLER_24_383,VSS,Metal1,221.7600,109.7600,0.000062
FILLER_24_375,VSS,Metal1,218.4530,110.2215,0.000062
FILLER_24_363,VSS,Metal1,210.2800,109.7600,0.000062
FILLER_24_359,VSS,Metal1,208.5000,110.1085,0.000062
FILLER_24_351,VSS,Metal1,203.8400,109.7600,0.000059
FILLER_24_347,VSS,Metal1,201.7800,110.1085,0.000058
FILLER_24_339,VSS,Metal1,198.2930,110.2215,0.000057
FILLER_24_314,VSS,Metal1,182.8400,109.7600,0.000057
FILLER_24_310,VSS,Metal1,181.0600,110.1085,0.000057
FILLER_24_302,VSS,Metal1,177.5730,110.2215,0.000056
FILLER_24_262,VSS,Metal1,153.7200,109.7600,0.000059
FILLER_24_254,VSS,Metal1,150.6930,110.2215,0.000059
FILLER_24_247,VSS,Metal1,145.3200,109.7600,0.000059
FILLER_24_181,VSS,Metal1,108.3600,109.7600,0.000060
FILLER_24_129,VSS,Metal1,79.2400,109.7600,0.000051
FILLER_24_107,VSS,Metal1,66.9200,109.7600,0.000047
FILLER_24_75,VSS,Metal1,49.0000,109.7600,0.000044
FILLER_24_73,VSS,Metal1,48.1600,109.7600,0.000044
FILLER_24_65,VSS,Metal1,44.8530,110.2215,0.000043
FILLER_24_52,VSS,Metal1,36.1200,109.7600,0.000037
FILLER_24_48,VSS,Metal1,34.3400,110.1085,0.000037
FILLER_24_2,VSS,Metal1,8.5800,110.1085,0.000032
FILLER_23_456,VSS,Metal1,262.3600,109.7600,0.000066
FILLER_23_454,VSS,Metal1,261.5200,109.7600,0.000066
FILLER_23_441,VSS,Metal1,253.9600,109.7600,0.000066
FILLER_23_433,VSS,Metal1,250.9330,109.2980,0.000065
FILLER_23_422,VSS,Metal1,243.3200,109.7600,0.000065
FILLER_23_419,VSS,Metal1,241.6400,109.7600,0.000065
FILLER_23_417,VSS,Metal1,240.8000,109.7600,0.000065
FILLER_23_409,VSS,Metal1,237.4930,109.2980,0.000064
FILLER_23_383,VSS,Metal1,221.4800,109.7600,0.000062
FILLER_23_375,VSS,Metal1,218.4530,109.2980,0.000062
FILLER_23_346,VSS,Metal1,201.2200,109.4110,0.000058
FILLER_23_338,VSS,Metal1,197.7330,109.2980,0.000057
FILLER_23_329,VSS,Metal1,191.2400,109.7600,0.000057
FILLER_23_327,VSS,Metal1,190.4000,109.7600,0.000057
FILLER_23_155,VSS,Metal1,95.2530,109.2980,0.000059
FILLER_23_146,VSS,Metal1,88.7600,109.7600,0.000059
FILLER_23_142,VSS,Metal1,86.9800,109.4110,0.000059
FILLER_23_139,VSS,Metal1,84.8400,109.7600,0.000059
FILLER_23_135,VSS,Metal1,83.0600,109.4110,0.000058
FILLER_23_128,VSS,Metal1,78.6800,109.7600,0.000051
FILLER_23_126,VSS,Metal1,77.8400,109.7600,0.000051
FILLER_23_118,VSS,Metal1,74.5330,109.2980,0.000051
FILLER_23_110,VSS,Metal1,68.6000,109.7600,0.000048
FILLER_23_106,VSS,Metal1,66.8200,109.4110,0.000047
FILLER_23_77,VSS,Metal1,53.7120,109.2120,0.000045
FILLER_23_60,VSS,Metal1,40.8800,109.7600,0.000041
FILLER_23_50,VSS,Metal1,35.2800,109.7600,0.000037
FILLER_23_26,VSS,Metal1,22.0200,109.4110,0.000032
FILLER_23_18,VSS,Metal1,18.5330,109.2980,0.000032
FILLER_22_436,VSS,Metal1,251.4400,101.9200,0.000057
FILLER_22_432,VSS,Metal1,249.3800,102.2685,0.000057
FILLER_22_419,VSS,Metal1,242.1000,102.2685,0.000057
FILLER_22_387,VSS,Metal1,231.7240,102.5175,0.000056
FILLER_22_375,VSS,Metal1,217.0000,101.9200,0.000056
FILLER_22_367,VSS,Metal1,213.9730,102.3815,0.000056
FILLER_22_336,VSS,Metal1,195.4400,101.9200,0.000056
FILLER_22_319,VSS,Metal1,185.6400,101.9200,0.000056
FILLER_22_317,VSS,Metal1,184.8000,101.9200,0.000055
FILLER_22_307,VSS,Metal1,180.3730,102.3815,0.000052
FILLER_22_289,VSS,Metal1,170.2930,102.3815,0.000052
FILLER_22_259,VSS,Metal1,152.0400,101.9200,0.000053
FILLER_22_255,VSS,Metal1,150.2600,102.2685,0.000053
FILLER_22_244,VSS,Metal1,143.6400,101.9200,0.000051
FILLER_22_242,VSS,Metal1,142.8000,101.9200,0.000051
FILLER_22_212,VSS,Metal1,125.7200,101.9200,0.000050
FILLER_22_210,VSS,Metal1,124.8800,101.9200,0.000050
FILLER_22_181,VSS,Metal1,108.3600,101.9200,0.000047
FILLER_22_177,VSS,Metal1,106.5800,102.2685,0.000047
FILLER_22_174,VSS,Metal1,104.4400,101.9200,0.000047
FILLER_22_157,VSS,Metal1,94.9200,101.9200,0.000047
FILLER_22_155,VSS,Metal1,94.0800,101.9200,0.000047
FILLER_22_151,VSS,Metal1,92.0200,102.2685,0.000046
FILLER_22_135,VSS,Metal1,86.1920,102.4680,0.000044
FILLER_22_111,VSS,Metal1,69.4400,101.9200,0.000040
FILLER_22_107,VSS,Metal1,67.3800,102.2685,0.000039
FILLER_22_103,VSS,Metal1,64.9600,101.9200,0.000038
FILLER_22_87,VSS,Metal1,55.7200,101.9200,0.000038
FILLER_22_85,VSS,Metal1,54.8800,101.9200,0.000038
FILLER_22_44,VSS,Metal1,31.9200,101.9200,0.000033
FILLER_22_37,VSS,Metal1,27.7200,101.9200,0.000032
FILLER_22_31,VSS,Metal1,24.8200,102.2685,0.000031
FILLER_22_15,VSS,Metal1,18.9920,102.4680,0.000031
FILLER_22_8,VSS,Metal1,11.4800,101.9200,0.000031
FILLER_22_6,VSS,Metal1,10.6400,101.9200,0.000031
FILLER_22_2,VSS,Metal1,8.5800,102.2685,0.000031
FILLER_21_492,VSS,Metal1,282.5200,101.9200,0.000058
FILLER_21_450,VSS,Metal1,259.2800,101.9200,0.000058
FILLER_21_442,VSS,Metal1,255.9730,101.4580,0.000058
FILLER_21_419,VSS,Metal1,241.6400,101.9200,0.000057
FILLER_21_415,VSS,Metal1,239.8600,101.5710,0.000056
FILLER_21_405,VSS,Metal1,233.8000,101.9200,0.000056
FILLER_21_403,VSS,Metal1,232.9600,101.9200,0.000056
FILLER_21_383,VSS,Metal1,221.4800,101.9200,0.000056
FILLER_21_381,VSS,Metal1,220.6400,101.9200,0.000056
FILLER_21_323,VSS,Metal1,187.8800,101.9200,0.000056
FILLER_21_319,VSS,Metal1,186.1000,101.5710,0.000056
FILLER_21_286,VSS,Metal1,167.4400,101.9200,0.000053
FILLER_21_278,VSS,Metal1,162.9600,101.9200,0.000053
FILLER_21_150,VSS,Metal1,91.2800,101.9200,0.000044
FILLER_21_142,VSS,Metal1,87.9730,101.4580,0.000044
FILLER_21_138,VSS,Metal1,84.5600,101.9200,0.000044
FILLER_21_130,VSS,Metal1,81.2530,101.4580,0.000044
FILLER_21_123,VSS,Metal1,75.8800,101.9200,0.000041
FILLER_21_119,VSS,Metal1,74.1000,101.5710,0.000041
FILLER_21_111,VSS,Metal1,70.6130,101.4580,0.000040
FILLER_21_80,VSS,Metal1,52.0800,101.9200,0.000037
FILLER_21_72,VSS,Metal1,48.7730,101.4580,0.000037
FILLER_21_52,VSS,Metal1,36.1200,101.9200,0.000035
FILLER_21_48,VSS,Metal1,34.3400,101.5710,0.000035
FILLER_21_23,VSS,Metal1,20.3400,101.5710,0.000031
FILLER_21_15,VSS,Metal1,16.8530,101.4580,0.000031
FILLER_21_8,VSS,Metal1,11.4800,101.9200,0.000031
FILLER_21_6,VSS,Metal1,10.6400,101.9200,0.000031
FILLER_21_2,VSS,Metal1,8.5800,101.5710,0.000031
FILLER_20_492,VSS,Metal1,282.5200,94.0800,0.000082
FILLER_20_490,VSS,Metal1,281.6800,94.0800,0.000082
FILLER_20_457,VSS,Metal1,262.9200,94.0800,0.000081
FILLER_20_448,VSS,Metal1,257.8800,94.0800,0.000081
FILLER_20_411,VSS,Metal1,238.6130,94.5415,0.000080
FILLER_20_402,VSS,Metal1,232.5800,94.4285,0.000080
FILLER_20_387,VSS,Metal1,225.1730,94.5415,0.000080
FILLER_20_383,VSS,Metal1,221.7600,94.0800,0.000079
FILLER_20_375,VSS,Metal1,218.4530,94.5415,0.000079
FILLER_20_362,VSS,Metal1,210.0000,94.0800,0.000077
FILLER_20_346,VSS,Metal1,204.3520,94.6280,0.000077
FILLER_20_274,VSS,Metal1,160.7200,94.0800,0.000076
FILLER_20_267,VSS,Metal1,156.5200,94.0800,0.000073
FILLER_20_265,VSS,Metal1,155.6800,94.0800,0.000073
FILLER_20_261,VSS,Metal1,153.6200,94.4285,0.000073
FILLER_20_237,VSS,Metal1,140.0000,94.0800,0.000070
FILLER_20_221,VSS,Metal1,131.0400,94.0800,0.000070
FILLER_20_191,VSS,Metal1,113.9600,94.0800,0.000068
FILLER_20_189,VSS,Metal1,113.1200,94.0800,0.000068
FILLER_20_185,VSS,Metal1,111.0600,94.4285,0.000068
FILLER_20_177,VSS,Metal1,107.5730,94.5415,0.000068
FILLER_20_149,VSS,Metal1,94.0320,94.6280,0.000065
FILLER_20_107,VSS,Metal1,66.9200,94.0800,0.000062
FILLER_20_92,VSS,Metal1,58.5200,94.0800,0.000059
FILLER_20_88,VSS,Metal1,56.7400,94.4285,0.000059
FILLER_20_80,VSS,Metal1,53.2530,94.5415,0.000059
FILLER_20_49,VSS,Metal1,34.7200,94.0800,0.000056
FILLER_20_45,VSS,Metal1,32.6600,94.4285,0.000056
FILLER_20_37,VSS,Metal1,29.1730,94.5415,0.000056
FILLER_20_28,VSS,Metal1,22.6800,94.0800,0.000056
FILLER_20_26,VSS,Metal1,21.8400,94.0800,0.000056
FILLER_20_18,VSS,Metal1,18.5330,94.5415,0.000056
FILLER_20_2,VSS,Metal1,11.7120,94.6280,0.000056
FILLER_19_441,VSS,Metal1,254.2400,94.0800,0.000081
FILLER_19_437,VSS,Metal1,252.1800,93.7310,0.000081
FILLER_19_426,VSS,Metal1,245.5600,94.0800,0.000081
FILLER_19_422,VSS,Metal1,243.7800,93.7310,0.000081
FILLER_19_419,VSS,Metal1,241.6400,94.0800,0.000080
FILLER_19_415,VSS,Metal1,239.8600,93.7310,0.000080
FILLER_19_385,VSS,Metal1,222.6000,94.0800,0.000079
FILLER_19_369,VSS,Metal1,217.2320,93.5320,0.000079
FILLER_19_352,VSS,Metal1,204.4000,94.0800,0.000077
FILLER_19_278,VSS,Metal1,162.9600,94.0800,0.000076
FILLER_19_266,VSS,Metal1,156.2400,94.0800,0.000073
FILLER_19_258,VSS,Metal1,152.9330,93.6180,0.000073
FILLER_19_246,VSS,Metal1,145.0400,94.0800,0.000072
FILLER_19_242,VSS,Metal1,142.9800,93.7310,0.000071
FILLER_19_216,VSS,Metal1,127.9600,94.0800,0.000069
FILLER_19_196,VSS,Metal1,117.2200,93.7310,0.000069
FILLER_19_166,VSS,Metal1,99.9600,94.0800,0.000068
FILLER_19_162,VSS,Metal1,98.1800,93.7310,0.000066
FILLER_19_154,VSS,Metal1,94.6930,93.6180,0.000065
FILLER_19_139,VSS,Metal1,84.8400,94.0800,0.000062
FILLER_19_137,VSS,Metal1,84.0000,94.0800,0.000062
FILLER_19_129,VSS,Metal1,80.6930,93.6180,0.000062
FILLER_19_103,VSS,Metal1,64.6800,94.0800,0.000060
FILLER_19_99,VSS,Metal1,62.9000,93.7310,0.000060
FILLER_19_72,VSS,Metal1,47.6000,94.0800,0.000059
FILLER_19_69,VSS,Metal1,45.6400,94.0800,0.000059
FILLER_19_53,VSS,Metal1,40.2720,93.5320,0.000059
FILLER_19_22,VSS,Metal1,19.6000,94.0800,0.000056
FILLER_19_18,VSS,Metal1,17.5400,93.7310,0.000056
FILLER_18_479,VSS,Metal1,275.5200,86.2400,0.000080
FILLER_18_459,VSS,Metal1,264.0400,86.2400,0.000080
FILLER_18_457,VSS,Metal1,263.2000,86.2400,0.000079
FILLER_18_453,VSS,Metal1,260.9600,86.2400,0.000079
FILLER_18_449,VSS,Metal1,258.9000,86.5885,0.000077
FILLER_18_441,VSS,Metal1,255.4130,86.7015,0.000075
FILLER_18_409,VSS,Metal1,244.0440,86.8375,0.000074
FILLER_18_400,VSS,Metal1,231.0000,86.2400,0.000072
FILLER_18_387,VSS,Metal1,225.1730,86.7015,0.000071
FILLER_18_383,VSS,Metal1,221.7600,86.2400,0.000060
FILLER_18_367,VSS,Metal1,213.9730,86.7015,0.000059
FILLER_18_314,VSS,Metal1,182.8400,86.2400,0.000059
FILLER_18_312,VSS,Metal1,182.0000,86.2400,0.000059
FILLER_18_300,VSS,Metal1,175.2800,86.2400,0.000059
FILLER_18_292,VSS,Metal1,171.9730,86.7015,0.000059
FILLER_18_214,VSS,Metal1,127.1200,86.2400,0.000057
FILLER_18_210,VSS,Metal1,125.0600,86.5885,0.000055
FILLER_18_198,VSS,Metal1,118.1600,86.2400,0.000054
FILLER_18_194,VSS,Metal1,116.1000,86.5885,0.000053
FILLER_18_186,VSS,Metal1,112.6130,86.7015,0.000053
FILLER_18_179,VSS,Metal1,107.2400,86.2400,0.000051
FILLER_18_177,VSS,Metal1,106.4000,86.2400,0.000051
FILLER_18_174,VSS,Metal1,104.4400,86.2400,0.000051
FILLER_18_166,VSS,Metal1,101.4130,86.7015,0.000051
FILLER_18_136,VSS,Metal1,83.1600,86.2400,0.000049
FILLER_18_101,VSS,Metal1,64.0200,86.5885,0.000047
FILLER_18_57,VSS,Metal1,38.9200,86.2400,0.000047
FILLER_18_53,VSS,Metal1,37.1400,86.5885,0.000047
FILLER_18_37,VSS,Metal1,31.3120,86.7880,0.000046
FILLER_18_31,VSS,Metal1,24.8200,86.5885,0.000046
FILLER_18_15,VSS,Metal1,18.9920,86.7880,0.000046
FILLER_18_8,VSS,Metal1,11.4800,86.2400,0.000046
FILLER_18_6,VSS,Metal1,10.6400,86.2400,0.000046
FILLER_18_2,VSS,Metal1,8.5800,86.5885,0.000046
FILLER_17_492,VSS,Metal1,282.5200,86.2400,0.000080
FILLER_17_485,VSS,Metal1,278.6000,86.2400,0.000080
FILLER_17_452,VSS,Metal1,260.1200,86.2400,0.000077
FILLER_17_450,VSS,Metal1,259.2800,86.2400,0.000077
FILLER_17_442,VSS,Metal1,255.9730,85.7780,0.000075
FILLER_17_435,VSS,Metal1,250.6000,86.2400,0.000074
FILLER_17_433,VSS,Metal1,249.7600,86.2400,0.000074
FILLER_17_422,VSS,Metal1,243.3200,86.2400,0.000074
FILLER_17_416,VSS,Metal1,240.4200,85.8910,0.000074
FILLER_17_406,VSS,Metal1,234.8200,85.8910,0.000072
FILLER_17_397,VSS,Metal1,229.7800,85.8910,0.000071
FILLER_17_389,VSS,Metal1,225.3000,85.8910,0.000071
FILLER_17_381,VSS,Metal1,221.8130,85.7780,0.000060
FILLER_17_189,VSS,Metal1,112.8400,86.2400,0.000053
FILLER_17_187,VSS,Metal1,112.0000,86.2400,0.000053
FILLER_17_183,VSS,Metal1,109.9400,85.8910,0.000052
FILLER_17_156,VSS,Metal1,94.6400,86.2400,0.000051
FILLER_17_146,VSS,Metal1,89.0400,86.2400,0.000051
FILLER_17_142,VSS,Metal1,86.9800,85.8910,0.000051
FILLER_17_136,VSS,Metal1,83.6200,85.8910,0.000049
FILLER_17_128,VSS,Metal1,78.9600,86.2400,0.000049
FILLER_17_86,VSS,Metal1,55.1600,86.2400,0.000047
FILLER_17_78,VSS,Metal1,52.1330,85.7780,0.000047
FILLER_17_44,VSS,Metal1,31.6400,86.2400,0.000046
FILLER_17_42,VSS,Metal1,30.8000,86.2400,0.000046
FILLER_17_34,VSS,Metal1,27.4930,85.7780,0.000046
FILLER_17_2,VSS,Metal1,16.1240,85.6420,0.000046
FILLER_16_486,VSS,Metal1,279.1600,78.4000,0.000091
FILLER_16_399,VSS,Metal1,230.4400,78.4000,0.000084
FILLER_16_395,VSS,Metal1,228.6600,78.7485,0.000084
FILLER_16_387,VSS,Metal1,225.1730,78.8615,0.000083
FILLER_16_384,VSS,Metal1,222.0400,78.4000,0.000083
FILLER_16_317,VSS,Metal1,184.5200,78.4000,0.000078
FILLER_16_304,VSS,Metal1,177.2400,78.4000,0.000075
FILLER_16_300,VSS,Metal1,175.4600,78.7485,0.000075
FILLER_16_274,VSS,Metal1,160.4400,78.4000,0.000073
FILLER_16_257,VSS,Metal1,150.9200,78.4000,0.000073
FILLER_16_255,VSS,Metal1,150.0800,78.4000,0.000073
FILLER_16_218,VSS,Metal1,129.3600,78.4000,0.000069
FILLER_16_214,VSS,Metal1,127.3000,78.7485,0.000069
FILLER_16_153,VSS,Metal1,94.1330,78.8615,0.000060
FILLER_16_127,VSS,Metal1,78.1200,78.4000,0.000058
FILLER_16_123,VSS,Metal1,76.3400,78.7485,0.000058
FILLER_16_107,VSS,Metal1,67.3800,78.7485,0.000055
FILLER_16_104,VSS,Metal1,65.2400,78.4000,0.000050
FILLER_16_102,VSS,Metal1,64.4000,78.4000,0.000050
FILLER_16_98,VSS,Metal1,62.3400,78.7485,0.000050
FILLER_16_68,VSS,Metal1,45.0800,78.4000,0.000046
FILLER_16_37,VSS,Metal1,28.0000,78.4000,0.000044
FILLER_16_34,VSS,Metal1,26.0400,78.4000,0.000044
FILLER_16_2,VSS,Metal1,16.1240,78.9975,0.000044
FILLER_15_489,VSS,Metal1,280.8400,78.4000,0.000091
FILLER_15_422,VSS,Metal1,243.7800,78.0510,0.000090
FILLER_15_416,VSS,Metal1,240.4200,78.0510,0.000090
FILLER_15_407,VSS,Metal1,234.9200,78.4000,0.000087
FILLER_15_405,VSS,Metal1,234.0800,78.4000,0.000087
FILLER_15_401,VSS,Metal1,232.0200,78.0510,0.000087
FILLER_15_393,VSS,Metal1,228.5330,77.9380,0.000084
FILLER_15_282,VSS,Metal1,165.2000,78.4000,0.000074
FILLER_15_272,VSS,Metal1,159.6000,78.4000,0.000073
FILLER_15_212,VSS,Metal1,126.0000,78.4000,0.000068
FILLER_15_209,VSS,Metal1,124.0400,78.4000,0.000066
FILLER_15_205,VSS,Metal1,122.2600,78.0510,0.000066
FILLER_15_138,VSS,Metal1,84.5600,78.4000,0.000057
FILLER_15_72,VSS,Metal1,47.6000,78.4000,0.000050
FILLER_15_15,VSS,Metal1,23.4040,77.8020,0.000044
FILLER_15_8,VSS,Metal1,11.4800,78.4000,0.000044
FILLER_15_6,VSS,Metal1,10.6400,78.4000,0.000044
FILLER_15_2,VSS,Metal1,8.5800,78.0510,0.000044
FILLER_14_485,VSS,Metal1,278.8800,70.5600,0.000041
FILLER_14_444,VSS,Metal1,255.6400,70.5600,0.000041
FILLER_14_433,VSS,Metal1,249.4800,70.5600,0.000040
FILLER_14_401,VSS,Metal1,239.5640,71.1575,0.000040
FILLER_14_384,VSS,Metal1,222.0400,70.5600,0.000040
FILLER_14_382,VSS,Metal1,221.2000,70.5600,0.000040
FILLER_14_373,VSS,Metal1,215.8800,70.5600,0.000036
FILLER_14_369,VSS,Metal1,214.1000,70.9085,0.000036
FILLER_14_332,VSS,Metal1,193.2000,70.5600,0.000035
FILLER_14_317,VSS,Metal1,184.5200,70.5600,0.000035
FILLER_14_302,VSS,Metal1,176.1200,70.5600,0.000035
FILLER_14_300,VSS,Metal1,175.2800,70.5600,0.000035
FILLER_14_267,VSS,Metal1,156.9800,70.9085,0.000035
FILLER_14_259,VSS,Metal1,153.4930,71.0215,0.000035
FILLER_14_247,VSS,Metal1,145.7800,70.9085,0.000035
FILLER_14_241,VSS,Metal1,142.4200,70.9085,0.000035
FILLER_14_211,VSS,Metal1,125.1600,70.5600,0.000033
FILLER_14_209,VSS,Metal1,124.3200,70.5600,0.000033
FILLER_14_183,VSS,Metal1,109.4800,70.5600,0.000032
FILLER_14_174,VSS,Metal1,104.4400,70.5600,0.000032
FILLER_14_156,VSS,Metal1,94.8200,70.9085,0.000031
FILLER_14_111,VSS,Metal1,69.4400,70.5600,0.000030
FILLER_14_107,VSS,Metal1,67.3800,70.9085,0.000030
FILLER_14_104,VSS,Metal1,65.2400,70.5600,0.000029
FILLER_14_102,VSS,Metal1,64.4000,70.5600,0.000029
FILLER_14_67,VSS,Metal1,44.9800,70.9085,0.000027
FILLER_14_53,VSS,Metal1,36.6800,70.5600,0.000026
FILLER_14_37,VSS,Metal1,31.3120,71.1080,0.000026
FILLER_14_34,VSS,Metal1,26.0400,70.5600,0.000026
FILLER_14_18,VSS,Metal1,20.6720,71.1080,0.000026
FILLER_13_489,VSS,Metal1,280.8400,70.5600,0.000041
FILLER_13_426,VSS,Metal1,245.5600,70.5600,0.000040
FILLER_13_422,VSS,Metal1,243.7800,70.2110,0.000040
FILLER_13_412,VSS,Metal1,239.1730,70.0980,0.000040
FILLER_13_405,VSS,Metal1,233.8000,70.5600,0.000040
FILLER_13_364,VSS,Metal1,210.8400,70.5600,0.000035
FILLER_13_295,VSS,Metal1,172.2000,70.5600,0.000035
FILLER_13_291,VSS,Metal1,170.4200,70.2110,0.000035
FILLER_13_282,VSS,Metal1,164.9200,70.5600,0.000035
FILLER_13_279,VSS,Metal1,163.2400,70.5600,0.000035
FILLER_13_275,VSS,Metal1,161.4600,70.2110,0.000035
FILLER_13_267,VSS,Metal1,157.9730,70.0980,0.000035
FILLER_13_236,VSS,Metal1,139.4400,70.5600,0.000034
FILLER_13_212,VSS,Metal1,126.0000,70.5600,0.000033
FILLER_13_206,VSS,Metal1,122.8200,70.2110,0.000033
FILLER_13_191,VSS,Metal1,113.9600,70.5600,0.000032
FILLER_13_189,VSS,Metal1,113.1200,70.5600,0.000032
FILLER_13_150,VSS,Metal1,91.2800,70.5600,0.000031
FILLER_13_142,VSS,Metal1,87.9730,70.0980,0.000031
FILLER_13_113,VSS,Metal1,70.5600,70.5600,0.000030
FILLER_13_40,VSS,Metal1,29.4000,70.5600,0.000026
FILLER_13_38,VSS,Metal1,28.5600,70.5600,0.000026
FILLER_13_34,VSS,Metal1,26.5000,70.2110,0.000026
FILLER_13_2,VSS,Metal1,16.1240,69.9620,0.000026
FILLER_12_497,VSS,Metal1,285.3200,62.7200,0.000043
FILLER_12_495,VSS,Metal1,284.4800,62.7200,0.000043
FILLER_12_457,VSS,Metal1,262.9200,62.7200,0.000043
FILLER_12_441,VSS,Metal1,254.2400,62.7200,0.000042
FILLER_12_387,VSS,Metal1,224.0000,62.7200,0.000040
FILLER_12_381,VSS,Metal1,220.8200,63.0685,0.000040
FILLER_12_317,VSS,Metal1,184.5200,62.7200,0.000038
FILLER_12_314,VSS,Metal1,182.8400,62.7200,0.000038
FILLER_12_312,VSS,Metal1,182.0000,62.7200,0.000037
FILLER_12_308,VSS,Metal1,179.9400,63.0685,0.000037
FILLER_12_296,VSS,Metal1,173.2200,63.0685,0.000038
FILLER_12_288,VSS,Metal1,169.7330,63.1815,0.000038
FILLER_12_247,VSS,Metal1,145.7800,63.0685,0.000039
FILLER_12_241,VSS,Metal1,142.4200,63.0685,0.000039
FILLER_12_206,VSS,Metal1,122.6400,62.7200,0.000039
FILLER_12_202,VSS,Metal1,120.5800,63.0685,0.000039
FILLER_12_171,VSS,Metal1,103.2200,63.0685,0.000039
FILLER_12_69,VSS,Metal1,45.6400,62.7200,0.000032
FILLER_12_67,VSS,Metal1,44.8000,62.7200,0.000032
FILLER_12_63,VSS,Metal1,42.7400,63.0685,0.000031
FILLER_12_54,VSS,Metal1,37.2400,62.7200,0.000030
FILLER_12_46,VSS,Metal1,33.0400,62.7200,0.000028
FILLER_12_37,VSS,Metal1,27.7200,62.7200,0.000028
FILLER_12_34,VSS,Metal1,26.0400,62.7200,0.000028
FILLER_12_2,VSS,Metal1,16.1240,63.3175,0.000028
FILLER_11_412,VSS,Metal1,238.0000,62.7200,0.000041
FILLER_11_408,VSS,Metal1,235.9400,62.3710,0.000041
FILLER_11_396,VSS,Metal1,229.2200,62.3710,0.000041
FILLER_11_388,VSS,Metal1,225.7330,62.2580,0.000041
FILLER_11_358,VSS,Metal1,207.4800,62.7200,0.000038
FILLER_11_356,VSS,Metal1,206.6400,62.7200,0.000038
FILLER_11_348,VSS,Metal1,202.1600,62.7200,0.000038
FILLER_11_300,VSS,Metal1,175.0000,62.7200,0.000038
FILLER_11_298,VSS,Metal1,174.1600,62.7200,0.000038
FILLER_11_290,VSS,Metal1,170.8530,62.2580,0.000038
FILLER_11_245,VSS,Metal1,144.6600,62.3710,0.000039
FILLER_11_230,VSS,Metal1,135.8000,62.7200,0.000039
FILLER_11_226,VSS,Metal1,134.0200,62.3710,0.000039
FILLER_11_139,VSS,Metal1,84.8400,62.7200,0.000038
FILLER_11_129,VSS,Metal1,79.5200,62.7200,0.000038
FILLER_11_98,VSS,Metal1,62.1600,62.7200,0.000038
FILLER_11_90,VSS,Metal1,58.8530,62.2580,0.000038
FILLER_11_82,VSS,Metal1,53.2000,62.7200,0.000038
FILLER_11_78,VSS,Metal1,51.1400,62.3710,0.000038
FILLER_11_69,VSS,Metal1,45.6400,62.7200,0.000032
FILLER_11_65,VSS,Metal1,43.8600,62.3710,0.000032
FILLER_11_54,VSS,Metal1,37.5200,62.7200,0.000030
FILLER_11_18,VSS,Metal1,17.0800,62.7200,0.000028
FILLER_11_2,VSS,Metal1,11.7120,62.1720,0.000028
FILLER_10_489,VSS,Metal1,280.8400,54.8800,0.000154
FILLER_10_487,VSS,Metal1,280.0000,54.8800,0.000154
FILLER_10_457,VSS,Metal1,262.9200,54.8800,0.000154
FILLER_10_454,VSS,Metal1,261.2400,54.8800,0.000154
FILLER_10_403,VSS,Metal1,232.6800,54.8800,0.000151
FILLER_10_399,VSS,Metal1,230.9000,55.2285,0.000151
FILLER_10_384,VSS,Metal1,222.0400,54.8800,0.000150
FILLER_10_382,VSS,Metal1,221.2000,54.8800,0.000144
FILLER_10_378,VSS,Metal1,219.1400,55.2285,0.000144
FILLER_10_362,VSS,Metal1,213.3120,55.4280,0.000144
FILLER_10_317,VSS,Metal1,184.9800,55.2285,0.000135
FILLER_10_314,VSS,Metal1,182.8400,54.8800,0.000134
FILLER_10_312,VSS,Metal1,182.0000,54.8800,0.000129
FILLER_10_296,VSS,Metal1,174.2130,55.3415,0.000128
FILLER_10_181,VSS,Metal1,108.3600,54.8800,0.000130
FILLER_10_177,VSS,Metal1,106.5800,55.2285,0.000130
FILLER_10_119,VSS,Metal1,73.9200,54.8800,0.000091
FILLER_10_107,VSS,Metal1,67.3800,55.2285,0.000086
FILLER_10_104,VSS,Metal1,65.2400,54.8800,0.000077
FILLER_10_102,VSS,Metal1,64.4000,54.8800,0.000077
FILLER_10_50,VSS,Metal1,35.0000,54.8800,0.000073
FILLER_10_46,VSS,Metal1,33.2200,55.2285,0.000073
FILLER_10_37,VSS,Metal1,27.7200,54.8800,0.000073
FILLER_10_34,VSS,Metal1,26.0400,54.8800,0.000067
FILLER_10_2,VSS,Metal1,16.1240,55.4775,0.000067
FILLER_9_418,VSS,Metal1,241.3600,54.8800,0.000154
FILLER_9_407,VSS,Metal1,234.9200,54.8800,0.000151
FILLER_9_382,VSS,Metal1,221.2000,54.8800,0.000144
FILLER_9_369,VSS,Metal1,213.6400,54.8800,0.000144
FILLER_9_361,VSS,Metal1,210.6130,54.4180,0.000144
FILLER_9_352,VSS,Metal1,204.1200,54.8800,0.000138
FILLER_9_324,VSS,Metal1,188.4400,54.8800,0.000135
FILLER_9_322,VSS,Metal1,187.6000,54.8800,0.000135
FILLER_9_314,VSS,Metal1,184.2930,54.4180,0.000134
FILLER_9_298,VSS,Metal1,177.4720,54.3320,0.000128
FILLER_9_267,VSS,Metal1,156.8000,54.8800,0.000130
FILLER_9_231,VSS,Metal1,136.3600,54.8800,0.000131
FILLER_9_216,VSS,Metal1,127.9600,54.8800,0.000131
FILLER_9_212,VSS,Metal1,126.1800,54.5310,0.000131
FILLER_9_194,VSS,Metal1,115.9200,54.8800,0.000130
FILLER_9_164,VSS,Metal1,98.8400,54.8800,0.000129
FILLER_9_156,VSS,Metal1,94.6400,54.8800,0.000129
FILLER_9_113,VSS,Metal1,70.5600,54.8800,0.000087
FILLER_9_109,VSS,Metal1,68.5000,54.5310,0.000087
FILLER_9_101,VSS,Metal1,65.0130,54.4180,0.000077
FILLER_9_62,VSS,Metal1,42.0000,54.8800,0.000074
FILLER_9_32,VSS,Metal1,24.9200,54.8800,0.000067
FILLER_9_30,VSS,Metal1,24.0800,54.8800,0.000067
FILLER_9_26,VSS,Metal1,22.0200,54.5310,0.000067
FILLER_9_18,VSS,Metal1,18.5330,54.4180,0.000067
FILLER_8_471,VSS,Metal1,270.7600,47.0400,0.000094
FILLER_8_469,VSS,Metal1,269.9200,47.0400,0.000094
FILLER_8_449,VSS,Metal1,258.4400,47.0400,0.000094
FILLER_8_384,VSS,Metal1,222.0400,47.0400,0.000092
FILLER_8_371,VSS,Metal1,214.7600,47.0400,0.000091
FILLER_8_352,VSS,Metal1,204.1200,47.0400,0.000084
FILLER_8_350,VSS,Metal1,203.2800,47.0400,0.000084
FILLER_8_255,VSS,Metal1,150.0800,47.0400,0.000071
FILLER_8_247,VSS,Metal1,146.7730,47.5015,0.000071
FILLER_8_244,VSS,Metal1,143.6400,47.0400,0.000070
FILLER_8_240,VSS,Metal1,141.8600,47.3885,0.000070
FILLER_8_224,VSS,Metal1,136.0320,47.5880,0.000070
FILLER_8_185,VSS,Metal1,110.8800,47.0400,0.000068
FILLER_8_167,VSS,Metal1,100.8000,47.0400,0.000065
FILLER_8_159,VSS,Metal1,97.4930,47.5015,0.000065
FILLER_8_151,VSS,Metal1,91.8400,47.0400,0.000063
FILLER_8_120,VSS,Metal1,74.4800,47.0400,0.000061
FILLER_8_113,VSS,Metal1,70.2800,47.0400,0.000060
FILLER_8_111,VSS,Metal1,69.4400,47.0400,0.000060
FILLER_8_107,VSS,Metal1,67.3800,47.3885,0.000060
FILLER_8_88,VSS,Metal1,56.2800,47.0400,0.000055
FILLER_8_80,VSS,Metal1,53.2530,47.5015,0.000054
FILLER_8_73,VSS,Metal1,47.8800,47.0400,0.000053
FILLER_8_57,VSS,Metal1,42.5120,47.5880,0.000051
FILLER_8_37,VSS,Metal1,28.1800,47.3885,0.000045
FILLER_8_34,VSS,Metal1,26.0400,47.0400,0.000045
FILLER_8_2,VSS,Metal1,16.1240,47.6375,0.000045
FILLER_7_492,VSS,Metal1,282.8000,47.0400,0.000095
FILLER_7_486,VSS,Metal1,279.6200,46.6910,0.000095
FILLER_7_474,VSS,Metal1,272.9000,46.6910,0.000095
FILLER_7_422,VSS,Metal1,243.6000,47.0400,0.000094
FILLER_7_416,VSS,Metal1,240.4200,46.6910,0.000094
FILLER_7_392,VSS,Metal1,226.8000,47.0400,0.000094
FILLER_7_376,VSS,Metal1,218.0200,46.6910,0.000092
FILLER_7_352,VSS,Metal1,204.4000,47.0400,0.000084
FILLER_7_348,VSS,Metal1,202.1600,47.0400,0.000082
FILLER_7_344,VSS,Metal1,200.1000,46.6910,0.000082
FILLER_7_332,VSS,Metal1,193.3800,46.6910,0.000079
FILLER_7_322,VSS,Metal1,187.6000,47.0400,0.000079
FILLER_7_314,VSS,Metal1,184.2930,46.5780,0.000078
FILLER_7_298,VSS,Metal1,177.4720,46.4920,0.000074
FILLER_7_248,VSS,Metal1,145.8800,47.0400,0.000071
FILLER_7_218,VSS,Metal1,129.0800,47.0400,0.000070
FILLER_7_177,VSS,Metal1,106.4000,47.0400,0.000066
FILLER_7_142,VSS,Metal1,86.9800,46.6910,0.000063
FILLER_7_138,VSS,Metal1,84.5600,47.0400,0.000063
FILLER_7_134,VSS,Metal1,82.5000,46.6910,0.000063
FILLER_7_121,VSS,Metal1,74.7600,47.0400,0.000061
FILLER_7_117,VSS,Metal1,72.9800,46.6910,0.000061
FILLER_7_72,VSS,Metal1,48.7730,46.5780,0.000053
FILLER_7_62,VSS,Metal1,42.0000,47.0400,0.000051
FILLER_7_54,VSS,Metal1,37.5200,47.0400,0.000048
FILLER_7_50,VSS,Metal1,35.4600,46.6910,0.000047
FILLER_7_34,VSS,Metal1,29.6320,46.4920,0.000045
FILLER_7_2,VSS,Metal1,16.1240,46.4420,0.000045
FILLER_6_471,VSS,Metal1,270.7600,39.2000,0.000057
FILLER_6_469,VSS,Metal1,269.9200,39.2000,0.000057
FILLER_6_405,VSS,Metal1,234.0800,39.2000,0.000056
FILLER_6_401,VSS,Metal1,232.0200,39.5485,0.000056
FILLER_6_391,VSS,Metal1,225.9600,39.2000,0.000056
FILLER_6_387,VSS,Metal1,224.1800,39.5485,0.000055
FILLER_6_384,VSS,Metal1,222.0400,39.2000,0.000055
FILLER_6_380,VSS,Metal1,220.2600,39.5485,0.000055
FILLER_6_372,VSS,Metal1,215.7800,39.5485,0.000055
FILLER_6_360,VSS,Metal1,208.8800,39.2000,0.000055
FILLER_6_356,VSS,Metal1,206.8200,39.5485,0.000055
FILLER_6_348,VSS,Metal1,203.3330,39.6615,0.000055
FILLER_6_335,VSS,Metal1,194.6000,39.2000,0.000053
FILLER_6_333,VSS,Metal1,193.7600,39.2000,0.000053
FILLER_6_317,VSS,Metal1,184.8000,39.2000,0.000053
FILLER_6_314,VSS,Metal1,182.8400,39.2000,0.000053
FILLER_6_306,VSS,Metal1,179.8130,39.6615,0.000053
FILLER_6_290,VSS,Metal1,172.9920,39.7480,0.000056
FILLER_6_260,VSS,Metal1,152.6000,39.2000,0.000056
FILLER_6_258,VSS,Metal1,151.7600,39.2000,0.000056
FILLER_6_249,VSS,Metal1,146.4400,39.2000,0.000056
FILLER_6_247,VSS,Metal1,145.6000,39.2000,0.000056
FILLER_6_241,VSS,Metal1,142.4200,39.5485,0.000056
FILLER_6_177,VSS,Metal1,106.1200,39.2000,0.000057
FILLER_6_162,VSS,Metal1,97.7200,39.2000,0.000057
FILLER_6_160,VSS,Metal1,96.8800,39.2000,0.000057
FILLER_6_130,VSS,Metal1,79.8000,39.2000,0.000057
FILLER_6_126,VSS,Metal1,78.0200,39.5485,0.000057
FILLER_6_119,VSS,Metal1,73.6400,39.2000,0.000055
FILLER_6_115,VSS,Metal1,71.8600,39.5485,0.000055
FILLER_6_72,VSS,Metal1,47.3200,39.2000,0.000054
FILLER_6_68,VSS,Metal1,45.5400,39.5485,0.000052
FILLER_6_37,VSS,Metal1,28.0000,39.2000,0.000047
FILLER_6_34,VSS,Metal1,26.0400,39.2000,0.000047
FILLER_6_2,VSS,Metal1,16.1240,39.7975,0.000047
FILLER_5_498,VSS,Metal1,287.3330,38.7380,0.000060
FILLER_5_486,VSS,Metal1,279.6200,38.8510,0.000060
FILLER_5_469,VSS,Metal1,269.6400,39.2000,0.000057
FILLER_5_467,VSS,Metal1,268.8000,39.2000,0.000057
FILLER_5_456,VSS,Metal1,262.3600,39.2000,0.000056
FILLER_5_454,VSS,Metal1,261.5200,39.2000,0.000056
FILLER_5_436,VSS,Metal1,251.1600,39.2000,0.000056
FILLER_5_434,VSS,Metal1,250.3200,39.2000,0.000056
FILLER_5_412,VSS,Metal1,238.0000,39.2000,0.000056
FILLER_5_404,VSS,Metal1,234.6930,38.7380,0.000056
FILLER_5_388,VSS,Metal1,224.5600,39.2000,0.000055
FILLER_5_384,VSS,Metal1,222.5000,38.8510,0.000055
FILLER_5_352,VSS,Metal1,212.1240,38.6020,0.000055
FILLER_5_348,VSS,Metal1,202.1600,39.2000,0.000055
FILLER_5_344,VSS,Metal1,200.1000,38.8510,0.000054
FILLER_5_339,VSS,Metal1,196.8400,39.2000,0.000054
FILLER_5_337,VSS,Metal1,196.0000,39.2000,0.000054
FILLER_5_307,VSS,Metal1,178.9200,39.2000,0.000053
FILLER_5_291,VSS,Metal1,173.5520,38.6520,0.000056
FILLER_5_284,VSS,Metal1,166.0400,39.2000,0.000056
FILLER_5_282,VSS,Metal1,165.2000,39.2000,0.000056
FILLER_5_273,VSS,Metal1,159.8800,39.2000,0.000056
FILLER_5_237,VSS,Metal1,139.7200,39.2000,0.000057
FILLER_5_209,VSS,Metal1,124.0400,39.2000,0.000057
FILLER_5_205,VSS,Metal1,122.2600,38.8510,0.000057
FILLER_5_197,VSS,Metal1,117.3200,39.2000,0.000057
FILLER_5_193,VSS,Metal1,115.5400,38.8510,0.000057
FILLER_5_183,VSS,Metal1,109.7600,39.2000,0.000057
FILLER_5_146,VSS,Metal1,88.7600,39.2000,0.000057
FILLER_5_142,VSS,Metal1,86.9800,38.8510,0.000057
FILLER_5_131,VSS,Metal1,80.3600,39.2000,0.000057
FILLER_5_129,VSS,Metal1,79.5200,39.2000,0.000057
FILLER_5_82,VSS,Metal1,52.9200,39.2000,0.000055
FILLER_5_72,VSS,Metal1,47.7800,38.8510,0.000054
FILLER_5_58,VSS,Metal1,39.4800,39.2000,0.000049
FILLER_5_56,VSS,Metal1,38.6400,39.2000,0.000049
FILLER_5_47,VSS,Metal1,33.3200,39.2000,0.000049
FILLER_5_2,VSS,Metal1,11.7120,38.6520,0.000047
FILLER_4_521,VSS,Metal1,298.7600,31.3600,0.000040
FILLER_4_513,VSS,Metal1,295.7330,31.8215,0.000040
FILLER_4_507,VSS,Metal1,291.2000,31.3600,0.000040
FILLER_4_469,VSS,Metal1,269.6400,31.3600,0.000035
FILLER_4_457,VSS,Metal1,263.2000,31.3600,0.000034
FILLER_4_454,VSS,Metal1,261.2400,31.3600,0.000034
FILLER_4_446,VSS,Metal1,258.2130,31.8215,0.000034
FILLER_4_432,VSS,Metal1,249.2000,31.3600,0.000033
FILLER_4_421,VSS,Metal1,242.7600,31.3600,0.000033
FILLER_4_419,VSS,Metal1,241.9200,31.3600,0.000032
FILLER_4_403,VSS,Metal1,236.2720,31.9080,0.000032
FILLER_4_387,VSS,Metal1,225.1730,31.8215,0.000031
FILLER_4_383,VSS,Metal1,221.7600,31.3600,0.000031
FILLER_4_379,VSS,Metal1,219.7000,31.7085,0.000031
FILLER_4_371,VSS,Metal1,216.2130,31.8215,0.000030
FILLER_4_341,VSS,Metal1,197.9600,31.3600,0.000029
FILLER_4_329,VSS,Metal1,191.2400,31.3600,0.000028
FILLER_4_317,VSS,Metal1,184.9800,31.7085,0.000027
FILLER_4_313,VSS,Metal1,182.5600,31.3600,0.000021
FILLER_4_309,VSS,Metal1,180.5000,31.7085,0.000020
FILLER_4_293,VSS,Metal1,174.6720,31.9080,0.000020
FILLER_4_281,VSS,Metal1,164.8200,31.7085,0.000020
FILLER_4_234,VSS,Metal1,138.0400,31.3600,0.000019
FILLER_4_232,VSS,Metal1,137.2000,31.3600,0.000019
FILLER_4_220,VSS,Metal1,130.4800,31.3600,0.000019
FILLER_4_200,VSS,Metal1,119.4600,31.7085,0.000019
FILLER_4_179,VSS,Metal1,107.2400,31.3600,0.000018
FILLER_4_177,VSS,Metal1,106.4000,31.3600,0.000018
FILLER_4_158,VSS,Metal1,95.4800,31.3600,0.000018
FILLER_4_111,VSS,Metal1,69.4400,31.3600,0.000017
FILLER_4_107,VSS,Metal1,67.3800,31.7085,0.000016
FILLER_4_104,VSS,Metal1,65.2400,31.3600,0.000016
FILLER_4_102,VSS,Metal1,64.4000,31.3600,0.000015
FILLER_4_47,VSS,Metal1,33.3200,31.3600,0.000014
FILLER_4_45,VSS,Metal1,32.4800,31.3600,0.000014
FILLER_4_37,VSS,Metal1,29.1730,31.8215,0.000014
FILLER_4_34,VSS,Metal1,26.0400,31.3600,0.000014
FILLER_4_18,VSS,Metal1,20.6720,31.9080,0.000014
FILLER_3_504,VSS,Metal1,289.5200,31.3600,0.000040
FILLER_3_500,VSS,Metal1,287.4600,31.0110,0.000040
FILLER_3_462,VSS,Metal1,266.0000,31.3600,0.000034
FILLER_3_419,VSS,Metal1,241.6400,31.3600,0.000032
FILLER_3_386,VSS,Metal1,223.6200,31.0110,0.000031
FILLER_3_360,VSS,Metal1,208.8800,31.3600,0.000029
FILLER_3_346,VSS,Metal1,201.2200,31.0110,0.000029
FILLER_3_321,VSS,Metal1,186.7600,31.3600,0.000028
FILLER_3_319,VSS,Metal1,185.9200,31.3600,0.000027
FILLER_3_311,VSS,Metal1,182.6130,30.8980,0.000021
FILLER_3_272,VSS,Metal1,159.6000,31.3600,0.000019
FILLER_3_237,VSS,Metal1,140.0000,31.3600,0.000019
FILLER_3_214,VSS,Metal1,126.8400,31.3600,0.000019
FILLER_3_212,VSS,Metal1,126.0000,31.3600,0.000019
FILLER_3_206,VSS,Metal1,122.8200,31.0110,0.000019
FILLER_3_198,VSS,Metal1,119.3330,30.8980,0.000019
FILLER_3_186,VSS,Metal1,111.4400,31.3600,0.000018
FILLER_3_182,VSS,Metal1,109.3800,31.0110,0.000018
FILLER_3_156,VSS,Metal1,94.3600,31.3600,0.000018
FILLER_3_146,VSS,Metal1,89.0400,31.3600,0.000018
FILLER_3_142,VSS,Metal1,86.9800,31.0110,0.000018
FILLER_3_111,VSS,Metal1,69.6200,31.0110,0.000017
FILLER_3_80,VSS,Metal1,51.8000,31.3600,0.000015
FILLER_3_69,VSS,Metal1,45.6400,31.3600,0.000014
FILLER_3_67,VSS,Metal1,44.8000,31.3600,0.000014
FILLER_3_52,VSS,Metal1,36.1200,31.3600,0.000014
FILLER_3_50,VSS,Metal1,35.2800,31.3600,0.000014
FILLER_3_34,VSS,Metal1,29.6320,30.8120,0.000014
FILLER_3_2,VSS,Metal1,16.1240,30.7620,0.000014
FILLER_2_521,VSS,Metal1,298.7600,23.5200,0.000061
FILLER_2_517,VSS,Metal1,296.9800,23.8685,0.000061
FILLER_2_457,VSS,Metal1,263.2000,23.5200,0.000060
FILLER_2_438,VSS,Metal1,252.2800,23.5200,0.000060
FILLER_2_434,VSS,Metal1,250.5000,23.8685,0.000060
FILLER_2_387,VSS,Metal1,225.1730,23.9815,0.000059
FILLER_2_376,VSS,Metal1,217.5600,23.5200,0.000057
FILLER_2_350,VSS,Metal1,203.2800,23.5200,0.000056
FILLER_2_346,VSS,Metal1,201.2200,23.8685,0.000054
FILLER_2_313,VSS,Metal1,182.5600,23.5200,0.000052
FILLER_2_309,VSS,Metal1,180.5000,23.8685,0.000050
FILLER_2_301,VSS,Metal1,177.0130,23.9815,0.000049
FILLER_2_277,VSS,Metal1,162.4000,23.5200,0.000050
FILLER_2_247,VSS,Metal1,145.3200,23.5200,0.000050
FILLER_2_177,VSS,Metal1,106.5800,23.8685,0.000049
FILLER_2_51,VSS,Metal1,35.5600,23.5200,0.000036
FILLER_2_49,VSS,Metal1,34.7200,23.5200,0.000034
FILLER_2_45,VSS,Metal1,32.6600,23.8685,0.000034
FILLER_2_37,VSS,Metal1,29.1730,23.9815,0.000034
FILLER_2_34,VSS,Metal1,26.0400,23.5200,0.000034
FILLER_2_2,VSS,Metal1,16.1240,24.1175,0.000034
FILLER_1_504,VSS,Metal1,289.5200,23.5200,0.000061
FILLER_1_500,VSS,Metal1,287.4600,23.1710,0.000061
FILLER_1_492,VSS,Metal1,283.9730,23.0580,0.000061
FILLER_1_472,VSS,Metal1,271.6000,23.5200,0.000061
FILLER_1_462,VSS,Metal1,266.0000,23.5200,0.000061
FILLER_1_432,VSS,Metal1,248.9200,23.5200,0.000059
FILLER_1_430,VSS,Metal1,248.0800,23.5200,0.000059
FILLER_1_410,VSS,Metal1,236.8800,23.5200,0.000059
FILLER_1_348,VSS,Metal1,202.1600,23.5200,0.000054
FILLER_1_340,VSS,Metal1,198.8530,23.0580,0.000053
FILLER_1_276,VSS,Metal1,162.0200,23.1710,0.000050
FILLER_1_268,VSS,Metal1,158.5330,23.0580,0.000050
FILLER_1_225,VSS,Metal1,133.2800,23.5200,0.000050
FILLER_1_216,VSS,Metal1,127.9600,23.5200,0.000050
FILLER_1_212,VSS,Metal1,126.1800,23.1710,0.000050
FILLER_1_209,VSS,Metal1,124.0400,23.5200,0.000049
FILLER_1_207,VSS,Metal1,123.2000,23.5200,0.000049
FILLER_1_199,VSS,Metal1,119.8930,23.0580,0.000049
FILLER_1_146,VSS,Metal1,89.0400,23.5200,0.000048
FILLER_1_142,VSS,Metal1,86.9800,23.1710,0.000047
FILLER_1_111,VSS,Metal1,69.6200,23.1710,0.000039
FILLER_1_72,VSS,Metal1,47.7800,23.1710,0.000038
FILLER_1_58,VSS,Metal1,39.9400,23.1710,0.000037
FILLER_1_50,VSS,Metal1,36.4530,23.0580,0.000036
FILLER_1_34,VSS,Metal1,29.6320,22.9720,0.000034
FILLER_1_2,VSS,Metal1,16.1240,22.9220,0.000034
FILLER_0_520,VSS,Metal1,298.4800,15.6800,0.000003
FILLER_0_512,VSS,Metal1,295.1730,16.1415,0.000003
FILLER_0_444,VSS,Metal1,259.2320,16.2280,0.000002
FILLER_0_441,VSS,Metal1,253.9600,15.6800,0.000002
FILLER_0_439,VSS,Metal1,253.1200,15.6800,0.000002
FILLER_0_430,VSS,Metal1,247.8000,15.6800,0.000002
FILLER_0_428,VSS,Metal1,246.9600,15.6800,0.000002
FILLER_0_424,VSS,Metal1,244.9000,16.0285,0.000002
FILLER_0_410,VSS,Metal1,238.0530,16.1415,0.000002
FILLER_0_376,VSS,Metal1,225.5640,16.2775,0.000001
FILLER_0_342,VSS,Metal1,206.5240,16.2775,0.000001
FILLER_0_336,VSS,Metal1,195.6200,16.0285,0.000001
FILLER_0_324,VSS,Metal1,188.9000,16.0285,0.000001
FILLER_0_308,VSS,Metal1,183.0720,16.2280,0.000001
FILLER_0_305,VSS,Metal1,177.8000,15.6800,0.000001
FILLER_0_289,VSS,Metal1,172.4320,16.2280,0.000001
FILLER_0_280,VSS,Metal1,163.8000,15.6800,0.000001
FILLER_0_278,VSS,Metal1,162.9600,15.6800,0.000001
FILLER_0_274,VSS,Metal1,160.9000,16.0285,0.000001
FILLER_0_271,VSS,Metal1,158.7600,15.6800,0.000001
FILLER_0_269,VSS,Metal1,157.9200,15.6800,0.000001
FILLER_0_265,VSS,Metal1,155.8600,16.0285,0.000001
FILLER_0_222,VSS,Metal1,132.7730,16.1415,0.000001
FILLER_0_206,VSS,Metal1,125.9520,16.2280,0.000001
FILLER_0_196,VSS,Metal1,118.2130,16.1415,0.000001
FILLER_0_172,VSS,Metal1,106.9120,16.2280,0.000001
FILLER_0_169,VSS,Metal1,101.6400,15.6800,0.000001
FILLER_0_167,VSS,Metal1,100.8000,15.6800,0.000001
FILLER_0_163,VSS,Metal1,98.7400,16.0285,0.000000
FILLER_0_104,VSS,Metal1,65.2400,15.6800,0.000000
FILLER_0_70,VSS,Metal1,54.2040,16.2775,0.000000
FILLER_0_36,VSS,Metal1,35.1640,16.2775,0.000000
FILLER_0_2,VSS,Metal1,16.1240,16.2775,0.000000
hold134,VSS,Metal1,75.9375,16.0375,0.000000
hold133,VSS,Metal1,147.6175,31.0025,0.000019
hold132,VSS,Metal1,271.9375,132.9225,0.000043
hold131,VSS,Metal1,78.1775,54.5225,0.000091
hold130,VSS,Metal1,42.2225,55.2375,0.000074
hold129,VSS,Metal1,50.7375,133.6375,0.000025
hold128,VSS,Metal1,167.7775,78.7575,0.000075
hold127,VSS,Metal1,56.8975,70.9175,0.000029
hold126,VSS,Metal1,66.9775,85.8825,0.000048
hold125,VSS,Metal1,72.0175,93.7225,0.000062
hold124,VSS,Metal1,130.1425,63.0775,0.000039
hold123,VSS,Metal1,266.3375,62.3625,0.000043
hold122,VSS,Metal1,56.8975,31.7175,0.000015
hold121,VSS,Metal1,97.7775,78.0425,0.000060
hold120,VSS,Metal1,276.4175,117.9575,0.000067
hold119,VSS,Metal1,101.6975,117.2425,0.000065
hold118,VSS,Metal1,254.5775,133.6375,0.000043
hold117,VSS,Metal1,78.1775,70.2025,0.000031
hold116,VSS,Metal1,85.4575,78.7575,0.000058
hold115,VSS,Metal1,152.0975,31.7175,0.000019
hold114,VSS,Metal1,273.6175,70.2025,0.000041
hold113,VSS,Metal1,156.5775,46.6825,0.000072
hold112,VSS,Metal1,78.1775,31.0025,0.000018
hold111,VSS,Metal1,91.0575,16.0375,0.000000
hold110,VSS,Metal1,81.5375,55.2375,0.000091
hold109,VSS,Metal1,78.1775,23.1625,0.000040
hold108,VSS,Metal1,177.2975,78.0425,0.000075
hold107,VSS,Metal1,148.1775,16.0375,0.000001
hold106,VSS,Metal1,98.7825,46.6825,0.000065
hold105,VSS,Metal1,101.1375,62.3625,0.000039
hold104,VSS,Metal1,102.2575,85.8825,0.000051
hold103,VSS,Metal1,112.8975,63.0775,0.000039
hold102,VSS,Metal1,115.6975,55.2375,0.000130
hold101,VSS,Metal1,157.6975,63.0775,0.000038
hold100,VSS,Metal1,151.9825,78.0425,0.000073
hold99,VSS,Metal1,117.2625,46.6825,0.000070
hold98,VSS,Metal1,132.4975,38.8425,0.000057
hold97,VSS,Metal1,138.0975,78.0425,0.000071
hold96,VSS,Metal1,136.9775,78.7575,0.000071
hold95,VSS,Metal1,116.8175,70.9175,0.000032
hold94,VSS,Metal1,257.9375,125.0825,0.000103
hold93,VSS,Metal1,132.4975,85.8825,0.000057
hold92,VSS,Metal1,42.3375,117.9575,0.000058
hold91,VSS,Metal1,102.1425,38.8425,0.000057
hold90,VSS,Metal1,101.6975,31.0025,0.000018
hold89,VSS,Metal1,54.0975,70.2025,0.000028
hold88,VSS,Metal1,156.5775,62.3625,0.000038
hold87,VSS,Metal1,159.8225,47.3975,0.000072
hold86,VSS,Metal1,292.0975,156.4425,0.000025
hold85,VSS,Metal1,55.2175,93.7225,0.000059
hold84,VSS,Metal1,38.8625,85.8825,0.000047
hold83,VSS,Metal1,47.2625,102.2775,0.000037
hold82,VSS,Metal1,292.0975,86.5975,0.000080
hold81,VSS,Metal1,292.0975,109.4025,0.000067
hold80,VSS,Metal1,292.0975,78.0425,0.000091
hold79,VSS,Metal1,292.0975,102.2775,0.000058
hold78,VSS,Metal1,55.2175,148.6025,0.000018
hold77,VSS,Metal1,292.0975,93.7225,0.000082
hold76,VSS,Metal1,292.0975,117.9575,0.000068
hold75,VSS,Metal1,292.0975,132.9225,0.000043
hold74,VSS,Metal1,195.6625,85.8825,0.000059
hold73,VSS,Metal1,117.3775,117.2425,0.000065
hold72,VSS,Metal1,132.4975,117.2425,0.000065
hold71,VSS,Metal1,191.2975,117.9575,0.000061
hold70,VSS,Metal1,136.8625,101.5625,0.000051
hold69,VSS,Metal1,175.0575,101.5625,0.000052
hold68,VSS,Metal1,132.4975,109.4025,0.000060
hold67,VSS,Metal1,195.7775,70.2025,0.000035
hold66,VSS,Metal1,135.2975,93.7225,0.000070
hold65,VSS,Metal1,175.6175,117.2425,0.000058
hold64,VSS,Metal1,187.3775,132.9225,0.000037
hold63,VSS,Metal1,289.2975,125.0825,0.000103
clkload14,VSS,Metal1,240.1065,38.7530,0.000056
clkbuf_1_1__f_signal_input_regs,VSS,Metal1,259.1335,46.4415,0.000094
clkbuf_1_0__f_signal_input_regs,VSS,Metal1,236.4660,47.6380,0.000094
clkbuf_0_signal_input_regs,VSS,Metal1,245.9860,55.4780,0.000154
clkbuf_1_0__f_signal_input,VSS,Metal1,197.2660,86.8380,0.000059
clkbuf_0_signal_input,VSS,Metal1,202.3060,78.9980,0.000082
clkload13,VSS,Metal1,255.7965,148.5430,0.000034
clkload12,VSS,Metal1,259.4030,109.3430,0.000066
clkload11,VSS,Metal1,180.1700,133.7755,0.000037
clkload10,VSS,Metal1,185.9730,110.2290,0.000057
clkload9,VSS,Metal1,261.9565,85.8230,0.000079
clkload8,VSS,Metal1,265.2900,71.0125,0.000041
clkload7,VSS,Metal1,181.3165,78.8165,0.000075
clkload6,VSS,Metal1,194.1700,62.2240,0.000038
clkload5,VSS,Metal1,120.4520,102.4395,0.000050
clkload4,VSS,Metal1,120.3480,109.2405,0.000060
clkload3,VSS,Metal1,61.6520,118.1195,0.000062
clkload2,VSS,Metal1,54.5200,118.0575,0.000062
clkload1,VSS,Metal1,127.2430,46.6230,0.000070
clkload0,VSS,Metal1,54.1200,46.5825,0.000055
clkbuf_4_15_0_CLK_I,VSS,Metal1,261.4575,140.5465,0.000110
clkbuf_4_14_0_CLK_I,VSS,Metal1,269.8575,126.0130,0.000103
clkbuf_4_13_0_CLK_I,VSS,Metal1,191.4575,133.8530,0.000037
clkbuf_4_12_0_CLK_I,VSS,Metal1,191.4575,124.8665,0.000088
clkbuf_4_11_0_CLK_I,VSS,Metal1,270.9775,85.6665,0.000080
clkbuf_4_10_0_CLK_I,VSS,Metal1,268.7375,77.8265,0.000091
clkbuf_4_9_0_CLK_I,VSS,Metal1,195.3775,101.3465,0.000056
clkbuf_4_8_0_CLK_I,VSS,Metal1,195.9375,55.4530,0.000137
clkbuf_4_7_0_CLK_I,VSS,Metal1,120.3375,118.1730,0.000065
clkbuf_4_6_0_CLK_I,VSS,Metal1,132.2225,110.3330,0.000060
clkbuf_4_5_0_CLK_I,VSS,Metal1,77.2175,124.8665,0.000072
clkbuf_4_4_0_CLK_I,VSS,Metal1,59.8575,117.0265,0.000062
clkbuf_4_3_0_CLK_I,VSS,Metal1,129.8575,55.4530,0.000131
clkbuf_4_2_0_CLK_I,VSS,Metal1,129.9825,39.7730,0.000057
clkbuf_4_1_0_CLK_I,VSS,Metal1,56.6225,55.4530,0.000075
clkbuf_4_0_0_CLK_I,VSS,Metal1,58.3025,39.7730,0.000055
clkbuf_0_CLK_I,VSS,Metal1,177.6660,93.4815,0.000077
_0680__61,VSS,Metal1,177.1400,70.8950,0.000035
clkbuf_regs_0_signal_clock,VSS,Metal1,258.0135,54.2815,0.000154
_1049__62,VSS,Metal1,57.3000,125.7750,0.000069
frequency_counter,VSS,Metal1,296.9800,125.0750,0.000103
load_slew60,VSS,Metal1,211.2800,132.8540,0.000039
wire59,VSS,Metal1,286.0000,140.6940,0.000111
load_slew58,VSS,Metal1,188.8800,63.1460,0.000038
load_slew57,VSS,Metal1,129.5200,62.2940,0.000039
load_slew56,VSS,Metal1,204.4520,157.3195,0.000023
wire55,VSS,Metal1,272.3850,133.6350,0.000043
max_cap54,VSS,Metal1,66.0730,31.0050,0.000016
max_cap53,VSS,Metal1,287.5050,70.9150,0.000041
max_cap52,VSS,Metal1,247.7450,70.2050,0.000040
max_cap51,VSS,Metal1,258.9450,102.2750,0.000058
max_cap50,VSS,Metal1,277.9850,78.0450,0.000091
wire49,VSS,Metal1,218.0650,70.9150,0.000040
wire48,VSS,Metal1,276.0700,54.5885,0.000154
max_cap47,VSS,Metal1,141.3200,110.2175,0.000059
wire46,VSS,Metal1,210.7850,63.0750,0.000040
wire45,VSS,Metal1,206.3050,54.5250,0.000138
max_cap44,VSS,Metal1,276.6300,70.8510,0.000041
max_cap43,VSS,Metal1,264.5200,109.3025,0.000066
max_cap42,VSS,Metal1,150.8150,117.1340,0.000063
load_slew41,VSS,Metal1,159.7600,109.3340,0.000058
load_slew40,VSS,Metal1,149.1200,94.5060,0.000073
wire39,VSS,Metal1,199.9100,39.4910,0.000054
max_cap38,VSS,Metal1,216.6200,31.0535,0.000030
output37,VSS,Metal1,12.4430,31.6805,0.000014
output36,VSS,Metal1,12.4430,93.7590,0.000056
output35,VSS,Metal1,12.4430,70.8805,0.000026
output34,VSS,Metal1,12.4430,54.5590,0.000067
output33,VSS,Metal1,12.4430,148.6390,0.000017
output32,VSS,Metal1,12.4430,125.7605,0.000057
output31,VSS,Metal1,12.4430,109.4390,0.000032
output30,VSS,Metal1,287.7165,157.1205,0.000025
output29,VSS,Metal1,294.4365,141.4405,0.000111
output28,VSS,Metal1,276.5165,117.2790,0.000067
output27,VSS,Metal1,294.4365,140.7990,0.000111
output26,VSS,Metal1,294.4365,133.6005,0.000043
output25,VSS,Metal1,276.5165,109.4390,0.000066
output24,VSS,Metal1,280.4365,102.2405,0.000058
output23,VSS,Metal1,276.5165,93.7590,0.000082
output22,VSS,Metal1,294.4365,70.8805,0.000042
output21,VSS,Metal1,278.7565,157.1205,0.000025
input20,VSS,Metal1,285.7230,133.6005,0.000043
input19,VSS,Metal1,285.7230,141.4405,0.000111
input18,VSS,Metal1,260.3900,157.0910,0.000025
input17,VSS,Metal1,280.6830,86.5605,0.000080
input16,VSS,Metal1,294.6830,70.2390,0.000042
input15,VSS,Metal1,294.6830,63.0405,0.000043
input14,VSS,Metal1,294.6830,62.3990,0.000043
input13,VSS,Metal1,294.6830,55.2005,0.000154
input12,VSS,Metal1,294.6830,54.5590,0.000154
input11,VSS,Metal1,294.6830,47.3605,0.000095
input10,VSS,Metal1,294.6830,46.7190,0.000095
input9,VSS,Metal1,294.6830,149.2805,0.000035
input8,VSS,Metal1,294.6830,39.5205,0.000060
input7,VSS,Metal1,294.6830,38.8790,0.000060
input6,VSS,Metal1,294.6830,31.0390,0.000040
input5,VSS,Metal1,294.6830,23.1990,0.000061
input4,VSS,Metal1,276.5165,31.0390,0.000040
input3,VSS,Metal1,278.7565,16.0005,0.000002
input2,VSS,Metal1,287.9630,16.0005,0.000003
input1,VSS,Metal1,276.5165,23.1990,0.000061
TAP_TAPCELL_ROW_36_348,VSS,Metal1,292.8800,157.2690,0.000025
TAP_TAPCELL_ROW_36_347,VSS,Metal1,273.8400,157.2690,0.000025
TAP_TAPCELL_ROW_36_346,VSS,Metal1,254.8000,157.2690,0.000025
TAP_TAPCELL_ROW_36_345,VSS,Metal1,235.7600,157.2690,0.000024
TAP_TAPCELL_ROW_36_344,VSS,Metal1,216.7200,157.2690,0.000024
TAP_TAPCELL_ROW_36_343,VSS,Metal1,197.6800,157.2690,0.000023
TAP_TAPCELL_ROW_36_342,VSS,Metal1,178.6400,157.2690,0.000022
TAP_TAPCELL_ROW_36_341,VSS,Metal1,159.6000,157.2690,0.000022
TAP_TAPCELL_ROW_36_340,VSS,Metal1,140.5600,157.2690,0.000022
TAP_TAPCELL_ROW_36_339,VSS,Metal1,121.5200,157.2690,0.000020
TAP_TAPCELL_ROW_36_338,VSS,Metal1,102.4800,157.2690,0.000020
TAP_TAPCELL_ROW_36_337,VSS,Metal1,83.4400,157.2690,0.000019
TAP_TAPCELL_ROW_36_336,VSS,Metal1,64.4000,157.2690,0.000016
TAP_TAPCELL_ROW_36_335,VSS,Metal1,45.3600,157.2690,0.000015
TAP_TAPCELL_ROW_36_334,VSS,Metal1,26.3200,157.2690,0.000013
TAP_TAPCELL_ROW_35_333,VSS,Metal1,281.6800,156.3305,0.000025
TAP_TAPCELL_ROW_35_332,VSS,Metal1,242.4800,156.3305,0.000025
TAP_TAPCELL_ROW_35_331,VSS,Metal1,203.2800,156.3305,0.000023
TAP_TAPCELL_ROW_35_330,VSS,Metal1,164.0800,156.3305,0.000022
TAP_TAPCELL_ROW_35_329,VSS,Metal1,124.8800,156.3305,0.000021
TAP_TAPCELL_ROW_35_328,VSS,Metal1,85.6800,156.3305,0.000020
TAP_TAPCELL_ROW_35_327,VSS,Metal1,46.4800,156.3305,0.000015
TAP_TAPCELL_ROW_34_326,VSS,Metal1,262.0800,149.4290,0.000034
TAP_TAPCELL_ROW_34_325,VSS,Metal1,222.8800,149.4290,0.000031
TAP_TAPCELL_ROW_34_324,VSS,Metal1,183.6800,149.4290,0.000025
TAP_TAPCELL_ROW_34_323,VSS,Metal1,144.4800,149.4290,0.000023
TAP_TAPCELL_ROW_34_322,VSS,Metal1,105.2800,149.4290,0.000022
TAP_TAPCELL_ROW_34_321,VSS,Metal1,66.0800,149.4290,0.000018
TAP_TAPCELL_ROW_34_320,VSS,Metal1,26.8800,149.4290,0.000017
TAP_TAPCELL_ROW_33_319,VSS,Metal1,281.6800,148.4905,0.000035
TAP_TAPCELL_ROW_33_318,VSS,Metal1,242.4800,148.4905,0.000033
TAP_TAPCELL_ROW_33_317,VSS,Metal1,203.2800,148.4905,0.000026
TAP_TAPCELL_ROW_33_316,VSS,Metal1,164.0800,148.4905,0.000024
TAP_TAPCELL_ROW_33_315,VSS,Metal1,124.8800,148.4905,0.000022
TAP_TAPCELL_ROW_33_314,VSS,Metal1,85.6800,148.4905,0.000020
TAP_TAPCELL_ROW_33_313,VSS,Metal1,46.4800,148.4905,0.000018
TAP_TAPCELL_ROW_32_312,VSS,Metal1,262.0800,141.5890,0.000110
TAP_TAPCELL_ROW_32_311,VSS,Metal1,222.8800,141.5890,0.000105
TAP_TAPCELL_ROW_32_310,VSS,Metal1,183.6800,141.5890,0.000041
TAP_TAPCELL_ROW_32_309,VSS,Metal1,144.4800,141.5890,0.000041
TAP_TAPCELL_ROW_32_308,VSS,Metal1,105.2800,141.5890,0.000035
TAP_TAPCELL_ROW_32_307,VSS,Metal1,66.0800,141.5890,0.000030
TAP_TAPCELL_ROW_32_306,VSS,Metal1,26.8800,141.5890,0.000026
TAP_TAPCELL_ROW_31_305,VSS,Metal1,281.6800,140.6505,0.000110
TAP_TAPCELL_ROW_31_304,VSS,Metal1,242.4800,140.6505,0.000108
TAP_TAPCELL_ROW_31_303,VSS,Metal1,203.2800,140.6505,0.000097
TAP_TAPCELL_ROW_31_302,VSS,Metal1,164.0800,140.6505,0.000041
TAP_TAPCELL_ROW_31_301,VSS,Metal1,124.8800,140.6505,0.000037
TAP_TAPCELL_ROW_31_300,VSS,Metal1,85.6800,140.6505,0.000031
TAP_TAPCELL_ROW_31_299,VSS,Metal1,46.4800,140.6505,0.000027
TAP_TAPCELL_ROW_30_298,VSS,Metal1,262.0800,133.7490,0.000043
TAP_TAPCELL_ROW_30_297,VSS,Metal1,222.8800,133.7490,0.000040
TAP_TAPCELL_ROW_30_296,VSS,Metal1,183.6800,133.7490,0.000037
TAP_TAPCELL_ROW_30_295,VSS,Metal1,144.4800,133.7490,0.000035
TAP_TAPCELL_ROW_30_294,VSS,Metal1,105.2800,133.7490,0.000030
TAP_TAPCELL_ROW_30_293,VSS,Metal1,66.0800,133.7490,0.000027
TAP_TAPCELL_ROW_30_292,VSS,Metal1,26.8800,133.7490,0.000023
TAP_TAPCELL_ROW_29_291,VSS,Metal1,281.6800,132.8105,0.000043
TAP_TAPCELL_ROW_29_290,VSS,Metal1,242.4800,132.8105,0.000042
TAP_TAPCELL_ROW_29_289,VSS,Metal1,203.2800,132.8105,0.000039
TAP_TAPCELL_ROW_29_288,VSS,Metal1,164.0800,132.8105,0.000036
TAP_TAPCELL_ROW_29_287,VSS,Metal1,124.8800,132.8105,0.000035
TAP_TAPCELL_ROW_29_286,VSS,Metal1,85.6800,132.8105,0.000029
TAP_TAPCELL_ROW_29_285,VSS,Metal1,46.4800,132.8105,0.000025
TAP_TAPCELL_ROW_28_284,VSS,Metal1,262.0800,125.9090,0.000103
TAP_TAPCELL_ROW_28_283,VSS,Metal1,222.8800,125.9090,0.000098
TAP_TAPCELL_ROW_28_282,VSS,Metal1,183.6800,125.9090,0.000086
TAP_TAPCELL_ROW_28_281,VSS,Metal1,144.4800,125.9090,0.000078
TAP_TAPCELL_ROW_28_280,VSS,Metal1,105.2800,125.9090,0.000076
TAP_TAPCELL_ROW_28_279,VSS,Metal1,66.0800,125.9090,0.000069
TAP_TAPCELL_ROW_28_278,VSS,Metal1,26.8800,125.9090,0.000057
TAP_TAPCELL_ROW_27_277,VSS,Metal1,281.6800,124.9705,0.000103
TAP_TAPCELL_ROW_27_276,VSS,Metal1,242.4800,124.9705,0.000100
TAP_TAPCELL_ROW_27_275,VSS,Metal1,203.2800,124.9705,0.000096
TAP_TAPCELL_ROW_27_274,VSS,Metal1,164.0800,124.9705,0.000078
TAP_TAPCELL_ROW_27_273,VSS,Metal1,124.8800,124.9705,0.000077
TAP_TAPCELL_ROW_27_272,VSS,Metal1,85.6800,124.9705,0.000072
TAP_TAPCELL_ROW_27_271,VSS,Metal1,46.4800,124.9705,0.000065
TAP_TAPCELL_ROW_26_270,VSS,Metal1,262.0800,118.0690,0.000066
TAP_TAPCELL_ROW_26_269,VSS,Metal1,222.8800,118.0690,0.000064
TAP_TAPCELL_ROW_26_268,VSS,Metal1,183.6800,118.0690,0.000060
TAP_TAPCELL_ROW_26_267,VSS,Metal1,144.4800,118.0690,0.000063
TAP_TAPCELL_ROW_26_266,VSS,Metal1,105.2800,118.0690,0.000065
TAP_TAPCELL_ROW_26_265,VSS,Metal1,66.0800,118.0690,0.000062
TAP_TAPCELL_ROW_26_264,VSS,Metal1,26.8800,118.0690,0.000054
TAP_TAPCELL_ROW_25_263,VSS,Metal1,281.6800,117.1305,0.000067
TAP_TAPCELL_ROW_25_262,VSS,Metal1,242.4800,117.1305,0.000066
TAP_TAPCELL_ROW_25_261,VSS,Metal1,203.2800,117.1305,0.000062
TAP_TAPCELL_ROW_25_260,VSS,Metal1,164.0800,117.1305,0.000061
TAP_TAPCELL_ROW_25_259,VSS,Metal1,124.8800,117.1305,0.000065
TAP_TAPCELL_ROW_25_258,VSS,Metal1,85.6800,117.1305,0.000064
TAP_TAPCELL_ROW_25_257,VSS,Metal1,46.4800,117.1305,0.000058
TAP_TAPCELL_ROW_24_256,VSS,Metal1,262.0800,110.2290,0.000066
TAP_TAPCELL_ROW_24_255,VSS,Metal1,222.8800,110.2290,0.000064
TAP_TAPCELL_ROW_24_254,VSS,Metal1,183.6800,110.2290,0.000057
TAP_TAPCELL_ROW_24_253,VSS,Metal1,144.4800,110.2290,0.000059
TAP_TAPCELL_ROW_24_252,VSS,Metal1,105.2800,110.2290,0.000060
TAP_TAPCELL_ROW_24_251,VSS,Metal1,66.0800,110.2290,0.000046
TAP_TAPCELL_ROW_24_250,VSS,Metal1,26.8800,110.2290,0.000032
TAP_TAPCELL_ROW_23_249,VSS,Metal1,281.6800,109.2905,0.000066
TAP_TAPCELL_ROW_23_248,VSS,Metal1,242.4800,109.2905,0.000065
TAP_TAPCELL_ROW_23_247,VSS,Metal1,203.2800,109.2905,0.000059
TAP_TAPCELL_ROW_23_246,VSS,Metal1,164.0800,109.2905,0.000058
TAP_TAPCELL_ROW_23_245,VSS,Metal1,124.8800,109.2905,0.000060
TAP_TAPCELL_ROW_23_244,VSS,Metal1,85.6800,109.2905,0.000059
TAP_TAPCELL_ROW_23_243,VSS,Metal1,46.4800,109.2905,0.000044
TAP_TAPCELL_ROW_22_242,VSS,Metal1,262.0800,102.3890,0.000058
TAP_TAPCELL_ROW_22_241,VSS,Metal1,222.8800,102.3890,0.000056
TAP_TAPCELL_ROW_22_240,VSS,Metal1,183.6800,102.3890,0.000055
TAP_TAPCELL_ROW_22_239,VSS,Metal1,144.4800,102.3890,0.000051
TAP_TAPCELL_ROW_22_238,VSS,Metal1,105.2800,102.3890,0.000047
TAP_TAPCELL_ROW_22_237,VSS,Metal1,66.0800,102.3890,0.000038
TAP_TAPCELL_ROW_22_236,VSS,Metal1,26.8800,102.3890,0.000032
TAP_TAPCELL_ROW_21_235,VSS,Metal1,281.6800,101.4505,0.000058
TAP_TAPCELL_ROW_21_234,VSS,Metal1,242.4800,101.4505,0.000057
TAP_TAPCELL_ROW_21_233,VSS,Metal1,203.2800,101.4505,0.000056
TAP_TAPCELL_ROW_21_232,VSS,Metal1,164.0800,101.4505,0.000053
TAP_TAPCELL_ROW_21_231,VSS,Metal1,124.8800,101.4505,0.000050
TAP_TAPCELL_ROW_21_230,VSS,Metal1,85.6800,101.4505,0.000044
TAP_TAPCELL_ROW_21_229,VSS,Metal1,46.4800,101.4505,0.000037
TAP_TAPCELL_ROW_20_228,VSS,Metal1,262.0800,94.5490,0.000081
TAP_TAPCELL_ROW_20_227,VSS,Metal1,222.8800,94.5490,0.000080
TAP_TAPCELL_ROW_20_226,VSS,Metal1,183.6800,94.5490,0.000077
TAP_TAPCELL_ROW_20_225,VSS,Metal1,144.4800,94.5490,0.000072
TAP_TAPCELL_ROW_20_224,VSS,Metal1,105.2800,94.5490,0.000068
TAP_TAPCELL_ROW_20_223,VSS,Metal1,66.0800,94.5490,0.000061
TAP_TAPCELL_ROW_20_222,VSS,Metal1,26.8800,94.5490,0.000054
TAP_TAPCELL_ROW_19_221,VSS,Metal1,281.6800,93.6105,0.000082
TAP_TAPCELL_ROW_19_220,VSS,Metal1,242.4800,93.6105,0.000081
TAP_TAPCELL_ROW_19_219,VSS,Metal1,203.2800,93.6105,0.000077
TAP_TAPCELL_ROW_19_218,VSS,Metal1,164.0800,93.6105,0.000077
TAP_TAPCELL_ROW_19_217,VSS,Metal1,124.8800,93.6105,0.000069
TAP_TAPCELL_ROW_19_216,VSS,Metal1,85.6800,93.6105,0.000062
TAP_TAPCELL_ROW_19_215,VSS,Metal1,46.4800,93.6105,0.000059
TAP_TAPCELL_ROW_18_214,VSS,Metal1,262.0800,86.7090,0.000079
TAP_TAPCELL_ROW_18_213,VSS,Metal1,222.8800,86.7090,0.000069
TAP_TAPCELL_ROW_18_212,VSS,Metal1,183.6800,86.7090,0.000059
TAP_TAPCELL_ROW_18_211,VSS,Metal1,144.4800,86.7090,0.000058
TAP_TAPCELL_ROW_18_210,VSS,Metal1,105.2800,86.7090,0.000051
TAP_TAPCELL_ROW_18_209,VSS,Metal1,66.0800,86.7090,0.000048
TAP_TAPCELL_ROW_18_208,VSS,Metal1,26.8800,86.7090,0.000046
TAP_TAPCELL_ROW_17_207,VSS,Metal1,281.6800,85.7705,0.000080
TAP_TAPCELL_ROW_17_206,VSS,Metal1,242.4800,85.7705,0.000074
TAP_TAPCELL_ROW_17_205,VSS,Metal1,203.2800,85.7705,0.000059
TAP_TAPCELL_ROW_17_204,VSS,Metal1,164.0800,85.7705,0.000058
TAP_TAPCELL_ROW_17_203,VSS,Metal1,124.8800,85.7705,0.000055
TAP_TAPCELL_ROW_17_202,VSS,Metal1,85.6800,85.7705,0.000051
TAP_TAPCELL_ROW_17_201,VSS,Metal1,46.4800,85.7705,0.000047
TAP_TAPCELL_ROW_16_200,VSS,Metal1,262.0800,78.8690,0.000091
TAP_TAPCELL_ROW_16_199,VSS,Metal1,222.8800,78.8690,0.000083
TAP_TAPCELL_ROW_16_198,VSS,Metal1,183.6800,78.8690,0.000078
TAP_TAPCELL_ROW_16_197,VSS,Metal1,144.4800,78.8690,0.000072
TAP_TAPCELL_ROW_16_196,VSS,Metal1,105.2800,78.8690,0.000064
TAP_TAPCELL_ROW_16_195,VSS,Metal1,66.0800,78.8690,0.000050
TAP_TAPCELL_ROW_16_194,VSS,Metal1,26.8800,78.8690,0.000044
TAP_TAPCELL_ROW_15_193,VSS,Metal1,281.6800,77.9305,0.000091
TAP_TAPCELL_ROW_15_192,VSS,Metal1,242.4800,77.9305,0.000090
TAP_TAPCELL_ROW_15_191,VSS,Metal1,203.2800,77.9305,0.000082
TAP_TAPCELL_ROW_15_190,VSS,Metal1,164.0800,77.9305,0.000074
TAP_TAPCELL_ROW_15_189,VSS,Metal1,124.8800,77.9305,0.000066
TAP_TAPCELL_ROW_15_188,VSS,Metal1,85.6800,77.9305,0.000058
TAP_TAPCELL_ROW_15_187,VSS,Metal1,46.4800,77.9305,0.000050
TAP_TAPCELL_ROW_14_186,VSS,Metal1,262.0800,71.0290,0.000041
TAP_TAPCELL_ROW_14_185,VSS,Metal1,222.8800,71.0290,0.000040
TAP_TAPCELL_ROW_14_184,VSS,Metal1,183.6800,71.0290,0.000035
TAP_TAPCELL_ROW_14_183,VSS,Metal1,144.4800,71.0290,0.000035
TAP_TAPCELL_ROW_14_182,VSS,Metal1,105.2800,71.0290,0.000032
TAP_TAPCELL_ROW_14_181,VSS,Metal1,66.0800,71.0290,0.000029
TAP_TAPCELL_ROW_14_180,VSS,Metal1,26.8800,71.0290,0.000026
TAP_TAPCELL_ROW_13_179,VSS,Metal1,281.6800,70.0905,0.000041
TAP_TAPCELL_ROW_13_178,VSS,Metal1,242.4800,70.0905,0.000040
TAP_TAPCELL_ROW_13_177,VSS,Metal1,203.2800,70.0905,0.000035
TAP_TAPCELL_ROW_13_176,VSS,Metal1,164.0800,70.0905,0.000035
TAP_TAPCELL_ROW_13_175,VSS,Metal1,124.8800,70.0905,0.000033
TAP_TAPCELL_ROW_13_174,VSS,Metal1,85.6800,70.0905,0.000031
TAP_TAPCELL_ROW_13_173,VSS,Metal1,46.4800,70.0905,0.000028
TAP_TAPCELL_ROW_12_172,VSS,Metal1,262.0800,63.1890,0.000043
TAP_TAPCELL_ROW_12_171,VSS,Metal1,222.8800,63.1890,0.000040
TAP_TAPCELL_ROW_12_170,VSS,Metal1,183.6800,63.1890,0.000038
TAP_TAPCELL_ROW_12_169,VSS,Metal1,144.4800,63.1890,0.000039
TAP_TAPCELL_ROW_12_168,VSS,Metal1,105.2800,63.1890,0.000039
TAP_TAPCELL_ROW_12_167,VSS,Metal1,66.0800,63.1890,0.000038
TAP_TAPCELL_ROW_12_166,VSS,Metal1,26.8800,63.1890,0.000028
TAP_TAPCELL_ROW_11_165,VSS,Metal1,281.6800,62.2505,0.000043
TAP_TAPCELL_ROW_11_164,VSS,Metal1,242.4800,62.2505,0.000041
TAP_TAPCELL_ROW_11_163,VSS,Metal1,203.2800,62.2505,0.000038
TAP_TAPCELL_ROW_11_162,VSS,Metal1,164.0800,62.2505,0.000038
TAP_TAPCELL_ROW_11_161,VSS,Metal1,124.8800,62.2505,0.000039
TAP_TAPCELL_ROW_11_160,VSS,Metal1,85.6800,62.2505,0.000038
TAP_TAPCELL_ROW_11_159,VSS,Metal1,46.4800,62.2505,0.000034
TAP_TAPCELL_ROW_10_158,VSS,Metal1,262.0800,55.3490,0.000154
TAP_TAPCELL_ROW_10_157,VSS,Metal1,222.8800,55.3490,0.000150
TAP_TAPCELL_ROW_10_156,VSS,Metal1,183.6800,55.3490,0.000135
TAP_TAPCELL_ROW_10_155,VSS,Metal1,144.4800,55.3490,0.000130
TAP_TAPCELL_ROW_10_154,VSS,Metal1,105.2800,55.3490,0.000130
TAP_TAPCELL_ROW_10_153,VSS,Metal1,66.0800,55.3490,0.000084
TAP_TAPCELL_ROW_10_152,VSS,Metal1,26.8800,55.3490,0.000073
TAP_TAPCELL_ROW_9_151,VSS,Metal1,281.6800,54.4105,0.000154
TAP_TAPCELL_ROW_9_150,VSS,Metal1,242.4800,54.4105,0.000154
TAP_TAPCELL_ROW_9_149,VSS,Metal1,203.2800,54.4105,0.000138
TAP_TAPCELL_ROW_9_148,VSS,Metal1,164.0800,54.4105,0.000130
TAP_TAPCELL_ROW_9_147,VSS,Metal1,124.8800,54.4105,0.000131
TAP_TAPCELL_ROW_9_146,VSS,Metal1,85.6800,54.4105,0.000091
TAP_TAPCELL_ROW_9_145,VSS,Metal1,46.4800,54.4105,0.000074
TAP_TAPCELL_ROW_8_144,VSS,Metal1,262.0800,47.5090,0.000094
TAP_TAPCELL_ROW_8_143,VSS,Metal1,222.8800,47.5090,0.000092
TAP_TAPCELL_ROW_8_142,VSS,Metal1,183.6800,47.5090,0.000078
TAP_TAPCELL_ROW_8_141,VSS,Metal1,144.4800,47.5090,0.000070
TAP_TAPCELL_ROW_8_140,VSS,Metal1,105.2800,47.5090,0.000066
TAP_TAPCELL_ROW_8_139,VSS,Metal1,66.0800,47.5090,0.000060
TAP_TAPCELL_ROW_8_138,VSS,Metal1,26.8800,47.5090,0.000045
TAP_TAPCELL_ROW_7_137,VSS,Metal1,281.6800,46.5705,0.000095
TAP_TAPCELL_ROW_7_136,VSS,Metal1,242.4800,46.5705,0.000094
TAP_TAPCELL_ROW_7_135,VSS,Metal1,203.2800,46.5705,0.000084
TAP_TAPCELL_ROW_7_134,VSS,Metal1,164.0800,46.5705,0.000072
TAP_TAPCELL_ROW_7_133,VSS,Metal1,124.8800,46.5705,0.000070
TAP_TAPCELL_ROW_7_132,VSS,Metal1,85.6800,46.5705,0.000063
TAP_TAPCELL_ROW_7_131,VSS,Metal1,46.4800,46.5705,0.000052
TAP_TAPCELL_ROW_6_130,VSS,Metal1,262.0800,39.6690,0.000056
TAP_TAPCELL_ROW_6_129,VSS,Metal1,222.8800,39.6690,0.000055
TAP_TAPCELL_ROW_6_128,VSS,Metal1,183.6800,39.6690,0.000053
TAP_TAPCELL_ROW_6_127,VSS,Metal1,144.4800,39.6690,0.000056
TAP_TAPCELL_ROW_6_126,VSS,Metal1,105.2800,39.6690,0.000057
TAP_TAPCELL_ROW_6_125,VSS,Metal1,66.0800,39.6690,0.000055
TAP_TAPCELL_ROW_6_124,VSS,Metal1,26.8800,39.6690,0.000047
TAP_TAPCELL_ROW_5_123,VSS,Metal1,281.6800,38.7305,0.000060
TAP_TAPCELL_ROW_5_122,VSS,Metal1,242.4800,38.7305,0.000056
TAP_TAPCELL_ROW_5_121,VSS,Metal1,203.2800,38.7305,0.000055
TAP_TAPCELL_ROW_5_120,VSS,Metal1,164.0800,38.7305,0.000056
TAP_TAPCELL_ROW_5_119,VSS,Metal1,124.8800,38.7305,0.000057
TAP_TAPCELL_ROW_5_118,VSS,Metal1,85.6800,38.7305,0.000057
TAP_TAPCELL_ROW_5_117,VSS,Metal1,46.4800,38.7305,0.000053
TAP_TAPCELL_ROW_4_116,VSS,Metal1,262.0800,31.8290,0.000034
TAP_TAPCELL_ROW_4_115,VSS,Metal1,222.8800,31.8290,0.000031
TAP_TAPCELL_ROW_4_114,VSS,Metal1,183.6800,31.8290,0.000026
TAP_TAPCELL_ROW_4_113,VSS,Metal1,144.4800,31.8290,0.000019
TAP_TAPCELL_ROW_4_112,VSS,Metal1,105.2800,31.8290,0.000018
TAP_TAPCELL_ROW_4_111,VSS,Metal1,66.0800,31.8290,0.000016
TAP_TAPCELL_ROW_4_110,VSS,Metal1,26.8800,31.8290,0.000013
TAP_TAPCELL_ROW_3_109,VSS,Metal1,281.6800,30.8905,0.000040
TAP_TAPCELL_ROW_3_108,VSS,Metal1,242.4800,30.8905,0.000033
TAP_TAPCELL_ROW_3_107,VSS,Metal1,203.2800,30.8905,0.000029
TAP_TAPCELL_ROW_3_106,VSS,Metal1,164.0800,30.8905,0.000020
TAP_TAPCELL_ROW_3_105,VSS,Metal1,124.8800,30.8905,0.000019
TAP_TAPCELL_ROW_3_104,VSS,Metal1,85.6800,30.8905,0.000018
TAP_TAPCELL_ROW_3_103,VSS,Metal1,46.4800,30.8905,0.000014
TAP_TAPCELL_ROW_2_102,VSS,Metal1,262.0800,23.9890,0.000060
TAP_TAPCELL_ROW_2_101,VSS,Metal1,222.8800,23.9890,0.000059
TAP_TAPCELL_ROW_2_100,VSS,Metal1,183.6800,23.9890,0.000052
TAP_TAPCELL_ROW_2_99,VSS,Metal1,144.4800,23.9890,0.000050
TAP_TAPCELL_ROW_2_98,VSS,Metal1,105.2800,23.9890,0.000049
TAP_TAPCELL_ROW_2_97,VSS,Metal1,66.0800,23.9890,0.000039
TAP_TAPCELL_ROW_2_96,VSS,Metal1,26.8800,23.9890,0.000034
TAP_TAPCELL_ROW_1_95,VSS,Metal1,281.6800,23.0505,0.000061
TAP_TAPCELL_ROW_1_94,VSS,Metal1,242.4800,23.0505,0.000059
TAP_TAPCELL_ROW_1_93,VSS,Metal1,203.2800,23.0505,0.000056
TAP_TAPCELL_ROW_1_92,VSS,Metal1,164.0800,23.0505,0.000049
TAP_TAPCELL_ROW_1_91,VSS,Metal1,124.8800,23.0505,0.000049
TAP_TAPCELL_ROW_1_90,VSS,Metal1,85.6800,23.0505,0.000046
TAP_TAPCELL_ROW_1_89,VSS,Metal1,46.4800,23.0505,0.000038
TAP_TAPCELL_ROW_0_88,VSS,Metal1,292.8800,16.1490,0.000003
TAP_TAPCELL_ROW_0_87,VSS,Metal1,273.8400,16.1490,0.000002
TAP_TAPCELL_ROW_0_86,VSS,Metal1,254.8000,16.1490,0.000002
TAP_TAPCELL_ROW_0_85,VSS,Metal1,235.7600,16.1490,0.000002
TAP_TAPCELL_ROW_0_84,VSS,Metal1,216.7200,16.1490,0.000001
TAP_TAPCELL_ROW_0_83,VSS,Metal1,197.6800,16.1490,0.000001
TAP_TAPCELL_ROW_0_82,VSS,Metal1,178.6400,16.1490,0.000001
TAP_TAPCELL_ROW_0_81,VSS,Metal1,159.6000,16.1490,0.000001
TAP_TAPCELL_ROW_0_80,VSS,Metal1,140.5600,16.1490,0.000001
TAP_TAPCELL_ROW_0_79,VSS,Metal1,121.5200,16.1490,0.000001
TAP_TAPCELL_ROW_0_78,VSS,Metal1,102.4800,16.1490,0.000001
TAP_TAPCELL_ROW_0_77,VSS,Metal1,83.4400,16.1490,0.000000
TAP_TAPCELL_ROW_0_76,VSS,Metal1,64.4000,16.1490,0.000000
TAP_TAPCELL_ROW_0_75,VSS,Metal1,45.3600,16.1490,0.000000
TAP_TAPCELL_ROW_0_74,VSS,Metal1,26.3200,16.1490,0.000000
PHY_EDGE_ROW_36_Left_73,VSS,Metal1,7.2730,157.2700,0.000014
PHY_EDGE_ROW_35_Left_72,VSS,Metal1,7.2730,156.3300,0.000014
PHY_EDGE_ROW_34_Left_71,VSS,Metal1,7.2730,149.4300,0.000017
PHY_EDGE_ROW_33_Left_70,VSS,Metal1,7.2730,148.4900,0.000017
PHY_EDGE_ROW_32_Left_69,VSS,Metal1,7.2730,141.5900,0.000026
PHY_EDGE_ROW_31_Left_68,VSS,Metal1,7.2730,140.6500,0.000026
PHY_EDGE_ROW_30_Left_67,VSS,Metal1,7.2730,133.7500,0.000023
PHY_EDGE_ROW_29_Left_66,VSS,Metal1,7.2730,132.8100,0.000023
PHY_EDGE_ROW_28_Left_65,VSS,Metal1,7.2730,125.9100,0.000057
PHY_EDGE_ROW_27_Left_64,VSS,Metal1,7.2730,124.9700,0.000057
PHY_EDGE_ROW_26_Left_63,VSS,Metal1,7.2730,118.0700,0.000054
PHY_EDGE_ROW_25_Left_62,VSS,Metal1,7.2730,117.1300,0.000054
PHY_EDGE_ROW_24_Left_61,VSS,Metal1,7.2730,110.2300,0.000032
PHY_EDGE_ROW_23_Left_60,VSS,Metal1,7.2730,109.2900,0.000032
PHY_EDGE_ROW_22_Left_59,VSS,Metal1,7.2730,102.3900,0.000031
PHY_EDGE_ROW_21_Left_58,VSS,Metal1,7.2730,101.4500,0.000031
PHY_EDGE_ROW_20_Left_57,VSS,Metal1,7.2730,94.5500,0.000056
PHY_EDGE_ROW_19_Left_56,VSS,Metal1,7.2730,93.6100,0.000056
PHY_EDGE_ROW_18_Left_55,VSS,Metal1,7.2730,86.7100,0.000046
PHY_EDGE_ROW_17_Left_54,VSS,Metal1,7.2730,85.7700,0.000046
PHY_EDGE_ROW_16_Left_53,VSS,Metal1,7.2730,78.8700,0.000044
PHY_EDGE_ROW_15_Left_52,VSS,Metal1,7.2730,77.9300,0.000044
PHY_EDGE_ROW_14_Left_51,VSS,Metal1,7.2730,71.0300,0.000026
PHY_EDGE_ROW_13_Left_50,VSS,Metal1,7.2730,70.0900,0.000026
PHY_EDGE_ROW_12_Left_49,VSS,Metal1,7.2730,63.1900,0.000028
PHY_EDGE_ROW_11_Left_48,VSS,Metal1,7.2730,62.2500,0.000028
PHY_EDGE_ROW_10_Left_47,VSS,Metal1,7.2730,55.3500,0.000067
PHY_EDGE_ROW_9_Left_46,VSS,Metal1,7.2730,54.4100,0.000067
PHY_EDGE_ROW_8_Left_45,VSS,Metal1,7.2730,47.5100,0.000045
PHY_EDGE_ROW_7_Left_44,VSS,Metal1,7.2730,46.5700,0.000045
PHY_EDGE_ROW_6_Left_43,VSS,Metal1,7.2730,39.6700,0.000047
PHY_EDGE_ROW_5_Left_42,VSS,Metal1,7.2730,38.7300,0.000047
PHY_EDGE_ROW_4_Left_41,VSS,Metal1,7.2730,31.8300,0.000014
PHY_EDGE_ROW_3_Left_40,VSS,Metal1,7.2730,30.8900,0.000014
PHY_EDGE_ROW_2_Left_39,VSS,Metal1,7.2730,23.9900,0.000034
PHY_EDGE_ROW_1_Left_38,VSS,Metal1,7.2730,23.0500,0.000034
PHY_EDGE_ROW_0_Left_37,VSS,Metal1,7.2730,16.1500,0.000000
PHY_EDGE_ROW_36_Right_36,VSS,Metal1,299.6065,157.2700,0.000025
PHY_EDGE_ROW_35_Right_35,VSS,Metal1,299.6065,156.3300,0.000025
PHY_EDGE_ROW_34_Right_34,VSS,Metal1,299.6065,149.4300,0.000035
PHY_EDGE_ROW_33_Right_33,VSS,Metal1,299.6065,148.4900,0.000035
PHY_EDGE_ROW_32_Right_32,VSS,Metal1,299.6065,141.5900,0.000111
PHY_EDGE_ROW_31_Right_31,VSS,Metal1,299.6065,140.6500,0.000111
PHY_EDGE_ROW_30_Right_30,VSS,Metal1,299.6065,133.7500,0.000043
PHY_EDGE_ROW_29_Right_29,VSS,Metal1,299.6065,132.8100,0.000043
PHY_EDGE_ROW_28_Right_28,VSS,Metal1,299.6065,125.9100,0.000103
PHY_EDGE_ROW_27_Right_27,VSS,Metal1,299.6065,124.9700,0.000103
PHY_EDGE_ROW_26_Right_26,VSS,Metal1,299.6065,118.0700,0.000068
PHY_EDGE_ROW_25_Right_25,VSS,Metal1,299.6065,117.1300,0.000068
PHY_EDGE_ROW_24_Right_24,VSS,Metal1,299.6065,110.2300,0.000067
PHY_EDGE_ROW_23_Right_23,VSS,Metal1,299.6065,109.2900,0.000067
PHY_EDGE_ROW_22_Right_22,VSS,Metal1,299.6065,102.3900,0.000058
PHY_EDGE_ROW_21_Right_21,VSS,Metal1,299.6065,101.4500,0.000058
PHY_EDGE_ROW_20_Right_20,VSS,Metal1,299.6065,94.5500,0.000082
PHY_EDGE_ROW_19_Right_19,VSS,Metal1,299.6065,93.6100,0.000082
PHY_EDGE_ROW_18_Right_18,VSS,Metal1,299.6065,86.7100,0.000080
PHY_EDGE_ROW_17_Right_17,VSS,Metal1,299.6065,85.7700,0.000080
PHY_EDGE_ROW_16_Right_16,VSS,Metal1,299.6065,78.8700,0.000091
PHY_EDGE_ROW_15_Right_15,VSS,Metal1,299.6065,77.9300,0.000091
PHY_EDGE_ROW_14_Right_14,VSS,Metal1,299.6065,71.0300,0.000042
PHY_EDGE_ROW_13_Right_13,VSS,Metal1,299.6065,70.0900,0.000042
PHY_EDGE_ROW_12_Right_12,VSS,Metal1,299.6065,63.1900,0.000043
PHY_EDGE_ROW_11_Right_11,VSS,Metal1,299.6065,62.2500,0.000043
PHY_EDGE_ROW_10_Right_10,VSS,Metal1,299.6065,55.3500,0.000154
PHY_EDGE_ROW_9_Right_9,VSS,Metal1,299.6065,54.4100,0.000154
PHY_EDGE_ROW_8_Right_8,VSS,Metal1,299.6065,47.5100,0.000095
PHY_EDGE_ROW_7_Right_7,VSS,Metal1,299.6065,46.5700,0.000095
PHY_EDGE_ROW_6_Right_6,VSS,Metal1,299.6065,39.6700,0.000060
PHY_EDGE_ROW_5_Right_5,VSS,Metal1,299.6065,38.7300,0.000060
PHY_EDGE_ROW_4_Right_4,VSS,Metal1,299.6065,31.8300,0.000040
PHY_EDGE_ROW_3_Right_3,VSS,Metal1,299.6065,30.8900,0.000040
PHY_EDGE_ROW_2_Right_2,VSS,Metal1,299.6065,23.9900,0.000061
PHY_EDGE_ROW_1_Right_1,VSS,Metal1,299.6065,23.0500,0.000061
PHY_EDGE_ROW_0_Right_0,VSS,Metal1,299.6065,16.1500,0.000003
_1460_,VSS,Metal1,13.4300,86.5310,0.000046
_1459_,VSS,Metal1,13.4300,78.1085,0.000044
_1458_,VSS,Metal1,13.4300,101.6285,0.000031
_1457_,VSS,Metal1,13.4300,133.5710,0.000023
_1456_,VSS,Metal1,13.4300,125.1485,0.000057
_1455_,VSS,Metal1,13.4300,102.2110,0.000031
_1453_,VSS,Metal1,192.2430,77.8815,0.000082
_1452_,VSS,Metal1,231.4430,118.1180,0.000065
_1451_,VSS,Metal1,204.2365,102.4380,0.000056
_1450_,VSS,Metal1,211.8430,101.4015,0.000056
_1449_,VSS,Metal1,206.2430,118.1180,0.000062
_1448_,VSS,Metal1,215.7630,124.9215,0.000097
_1447_,VSS,Metal1,232.0030,110.2780,0.000064
_1446_,VSS,Metal1,262.2430,117.0815,0.000066
_1445_,VSS,Metal1,247.6830,118.1180,0.000066
_1444_,VSS,Metal1,253.2830,156.2815,0.000025
_1443_,VSS,Metal1,269.5230,156.2815,0.000025
_1442_,VSS,Metal1,256.6430,132.7615,0.000043
_1441_,VSS,Metal1,243.7630,125.9580,0.000100
_1440_,VSS,Metal1,267.2830,148.4415,0.000034
_1439_,VSS,Metal1,242.0830,141.6380,0.000108
_1438_,VSS,Metal1,231.1165,93.5615,0.000080
_1437_,VSS,Metal1,211.8430,85.7215,0.000059
_1436_,VSS,Metal1,215.7630,62.2015,0.000040
_1435_,VSS,Metal1,205.1230,71.0780,0.000035
_1434_,VSS,Metal1,218.5630,77.8815,0.000083
_1433_,VSS,Metal1,225.2830,70.0415,0.000040
_1432_,VSS,Metal1,242.0830,78.9180,0.000090
_1431_,VSS,Metal1,236.1565,63.2380,0.000041
_1430_,VSS,Metal1,267.8430,101.4015,0.000058
_1429_,VSS,Metal1,249.3630,94.5980,0.000081
_1428_,VSS,Metal1,275.9165,63.2380,0.000043
_1427_,VSS,Metal1,270.6430,78.9180,0.000091
_1426_,VSS,Metal1,253.2830,77.8815,0.000090
_1425_,VSS,Metal1,251.2765,62.2015,0.000042
_1424_,VSS,Metal1,271.4365,55.3980,0.000154
_1423_,VSS,Metal1,258.5565,70.0415,0.000041
_1422_,VSS,Metal1,290.8030,148.4415,0.000035
_1421_,VSS,Metal1,281.2830,149.4780,0.000035
_1420_,VSS,Metal1,272.8830,124.9215,0.000103
_1419_,VSS,Metal1,290.8030,125.9580,0.000103
_1418_,VSS,Metal1,290.8030,110.2780,0.000067
_1417_,VSS,Metal1,290.8030,117.0815,0.000068
_1416_,VSS,Metal1,290.8030,101.4015,0.000058
_1415_,VSS,Metal1,290.8030,94.5980,0.000082
_1414_,VSS,Metal1,290.8030,78.9180,0.000091
_1413_,VSS,Metal1,290.8030,85.7215,0.000080
_1412_,VSS,Metal1,35.4430,133.7980,0.000025
_1411_,VSS,Metal1,45.5230,141.6380,0.000027
_1410_,VSS,Metal1,46.0830,125.9580,0.000065
_1409_,VSS,Metal1,27.6030,117.0815,0.000054
_1408_,VSS,Metal1,18.3165,110.2780,0.000032
_1407_,VSS,Metal1,43.5165,94.5980,0.000059
_1406_,VSS,Metal1,28.1630,93.5615,0.000056
_1405_,VSS,Metal1,25.0365,38.6815,0.000047
_1404_,VSS,Metal1,195.8365,149.4780,0.000025
_1403_,VSS,Metal1,218.5630,156.2815,0.000024
_1402_,VSS,Metal1,174.8830,94.5980,0.000077
_1401_,VSS,Metal1,181.6030,109.2415,0.000057
_1400_,VSS,Metal1,154.3965,101.4015,0.000053
_1399_,VSS,Metal1,160.3230,102.4380,0.000053
_1398_,VSS,Metal1,148.5630,124.9215,0.000078
_1397_,VSS,Metal1,135.6830,118.1180,0.000065
_1396_,VSS,Metal1,128.9630,133.7980,0.000035
_1395_,VSS,Metal1,162.2365,149.4780,0.000024
_1394_,VSS,Metal1,182.1630,156.2815,0.000022
_1393_,VSS,Metal1,182.9565,140.6015,0.000041
_1392_,VSS,Metal1,149.1230,140.6015,0.000041
_1391_,VSS,Metal1,149.1230,156.2815,0.000022
_1390_,VSS,Metal1,127.8430,149.4780,0.000022
_1389_,VSS,Metal1,111.8365,140.6015,0.000035
_1388_,VSS,Metal1,109.3630,156.2815,0.000020
_1387_,VSS,Metal1,88.6430,149.4780,0.000020
_1386_,VSS,Metal1,83.0430,141.6380,0.000031
_1385_,VSS,Metal1,75.2030,132.7615,0.000029
_1384_,VSS,Metal1,72.4030,156.2815,0.000016
_1383_,VSS,Metal1,61.2030,140.6015,0.000030
_1382_,VSS,Metal1,81.9230,94.5980,0.000062
_1381_,VSS,Metal1,57.2830,110.2780,0.000045
_1380_,VSS,Metal1,60.6430,101.4015,0.000038
_1379_,VSS,Metal1,61.7630,124.9215,0.000069
_1378_,VSS,Metal1,279.2765,39.7180,0.000060
_1377_,VSS,Metal1,282.6365,31.8780,0.000040
_1376_,VSS,Metal1,288.0030,24.0380,0.000061
_1375_,VSS,Metal1,271.7630,24.0380,0.000061
_1374_,VSS,Metal1,257.4365,30.8415,0.000034
_1373_,VSS,Metal1,257.4365,23.0015,0.000060
_1372_,VSS,Metal1,241.5230,24.0380,0.000059
_1371_,VSS,Metal1,233.3565,30.8415,0.000032
_1370_,VSS,Metal1,228.0830,23.0015,0.000059
_1369_,VSS,Metal1,212.0765,23.0015,0.000057
_1368_,VSS,Metal1,206.2430,31.8780,0.000029
_1367_,VSS,Metal1,188.8830,23.0015,0.000052
_1366_,VSS,Metal1,192.2430,24.0380,0.000053
_1365_,VSS,Metal1,187.2030,38.6815,0.000053
_1364_,VSS,Metal1,192.2430,47.5580,0.000079
_1363_,VSS,Metal1,200.6430,63.2380,0.000038
_1362_,VSS,Metal1,183.2830,62.2015,0.000038
_1361_,VSS,Metal1,36.7965,78.9180,0.000045
_1360_,VSS,Metal1,37.6830,70.0415,0.000027
_1359_,VSS,Metal1,25.5965,62.2015,0.000028
_1358_,VSS,Metal1,33.2030,54.3615,0.000073
_1357_,VSS,Metal1,36.5630,39.7180,0.000049
_1356_,VSS,Metal1,41.6030,31.8780,0.000014
_1355_,VSS,Metal1,48.3230,24.0380,0.000038
_1354_,VSS,Metal1,64.5630,38.6815,0.000055
_1353_,VSS,Metal1,60.6430,23.0015,0.000039
_1352_,VSS,Metal1,74.6430,24.0380,0.000039
_1351_,VSS,Metal1,86.9630,31.8780,0.000018
_1350_,VSS,Metal1,94.4765,24.0380,0.000048
_1349_,VSS,Metal1,88.0830,39.7180,0.000057
_1348_,VSS,Metal1,114.4030,39.7180,0.000057
_1347_,VSS,Metal1,116.0830,24.0380,0.000049
_1346_,VSS,Metal1,105.4430,23.0015,0.000049
_1345_,VSS,Metal1,132.3230,24.0380,0.000050
_1344_,VSS,Metal1,141.8430,23.0015,0.000050
_1343_,VSS,Metal1,153.6030,24.0380,0.000050
_1342_,VSS,Metal1,172.6430,23.0015,0.000049
_1341_,VSS,Metal1,172.8765,30.8415,0.000020
_1340_,VSS,Metal1,161.1165,39.7180,0.000056
_1339_,VSS,Metal1,175.1165,47.5580,0.000074
_1338_,VSS,Metal1,161.1165,55.3980,0.000130
_1337_,VSS,Metal1,180.4830,85.7215,0.000059
_1336_,VSS,Metal1,190.5630,117.0815,0.000061
_1335_,VSS,Metal1,134.0030,102.4380,0.000051
_1334_,VSS,Metal1,167.6030,110.2780,0.000057
_1333_,VSS,Metal1,155.2830,85.7215,0.000058
_1332_,VSS,Metal1,116.6430,110.2780,0.000060
_1331_,VSS,Metal1,122.2430,94.5980,0.000069
_1330_,VSS,Metal1,135.6830,86.7580,0.000057
_1329_,VSS,Metal1,192.4765,94.5980,0.000077
_1328_,VSS,Metal1,192.4765,125.9580,0.000089
_1327_,VSS,Metal1,147.6765,109.2415,0.000059
_1326_,VSS,Metal1,174.8830,125.9580,0.000079
_1325_,VSS,Metal1,162.0030,86.7580,0.000058
_1324_,VSS,Metal1,116.0830,124.9215,0.000076
_1323_,VSS,Metal1,116.0830,101.4015,0.000050
_1322_,VSS,Metal1,108.2430,93.5615,0.000068
_1321_,VSS,Metal1,99.8430,101.4015,0.000047
_1320_,VSS,Metal1,99.8430,124.9215,0.000076
_1319_,VSS,Metal1,106.0030,109.2415,0.000060
_1318_,VSS,Metal1,85.2830,118.1180,0.000064
_1317_,VSS,Metal1,91.4430,86.7580,0.000051
_1316_,VSS,Metal1,90.8830,110.2780,0.000059
_1315_,VSS,Metal1,74.6430,86.7580,0.000049
_1314_,VSS,Metal1,75.7630,77.8815,0.000057
_1313_,VSS,Metal1,50.5630,86.7580,0.000047
_1312_,VSS,Metal1,57.2830,63.2380,0.000038
_1311_,VSS,Metal1,70.7230,62.2015,0.000038
_1310_,VSS,Metal1,55.0430,54.3615,0.000075
_1309_,VSS,Metal1,53.3630,78.9180,0.000050
_1308_,VSS,Metal1,64.0030,46.5215,0.000060
_1307_,VSS,Metal1,59.5230,77.8815,0.000050
_1306_,VSS,Metal1,78.0030,63.2380,0.000038
_1305_,VSS,Metal1,85.8430,71.0780,0.000031
_1304_,VSS,Metal1,83.0430,47.5580,0.000063
_1303_,VSS,Metal1,96.7165,55.3980,0.000129
_1302_,VSS,Metal1,107.1230,54.3615,0.000130
_1301_,VSS,Metal1,94.4765,63.2380,0.000039
_1300_,VSS,Metal1,124.1565,47.5580,0.000070
_1299_,VSS,Metal1,118.3230,78.9180,0.000066
_1298_,VSS,Metal1,104.3230,70.0415,0.000032
_1297_,VSS,Metal1,180.4830,70.0415,0.000035
_1296_,VSS,Metal1,116.0830,62.2015,0.000039
_1295_,VSS,Metal1,137.3630,46.5215,0.000070
_1294_,VSS,Metal1,148.0030,38.6815,0.000056
_1293_,VSS,Metal1,166.4830,71.0780,0.000035
_1292_,VSS,Metal1,144.8765,54.3615,0.000130
_1291_,VSS,Metal1,133.4430,71.0780,0.000034
_1290_,VSS,Metal1,148.2365,70.0415,0.000035
_1289_,VSS,Metal1,237.0430,149.4780,0.000033
_1288_,VSS,Metal1,233.1230,132.7615,0.000042
_1287_,VSS,Metal1,225.1730,70.9330,0.000040
_1286_,VSS,Metal1,215.4665,70.1205,0.000036
_1285_,VSS,Metal1,229.4665,70.9990,0.000040
_1284_,VSS,Metal1,236.9330,78.0265,0.000090
_1283_,VSS,Metal1,232.2665,78.8390,0.000087
_1282_,VSS,Metal1,237.8665,85.8005,0.000074
_1281_,VSS,Metal1,232.4530,62.3465,0.000041
_1280_,VSS,Metal1,226.1065,63.1590,0.000041
_1279_,VSS,Metal1,235.6265,70.1205,0.000040
_1278_,VSS,Metal1,265.3865,93.7065,0.000082
_1277_,VSS,Metal1,264.7465,94.5190,0.000082
_1276_,VSS,Metal1,256.3465,93.6405,0.000081
_1275_,VSS,Metal1,248.1030,93.6990,0.000081
_1274_,VSS,Metal1,252.6930,101.4805,0.000057
_1273_,VSS,Metal1,275.0130,62.3465,0.000043
_1272_,VSS,Metal1,269.7865,70.9990,0.000041
_1271_,VSS,Metal1,273.1465,70.9990,0.000041
_1270_,VSS,Metal1,258.1830,70.9405,0.000041
_1269_,VSS,Metal1,259.9730,78.8390,0.000090
_1268_,VSS,Metal1,253.0665,78.7730,0.000090
_1267_,VSS,Metal1,252.4265,85.8005,0.000074
_1266_,VSS,Metal1,256.6130,78.8390,0.000090
_1265_,VSS,Metal1,250.9330,63.0930,0.000042
_1264_,VSS,Metal1,240.3730,62.2805,0.000041
_1263_,VSS,Metal1,253.8130,70.9990,0.000041
_1262_,VSS,Metal1,264.6425,31.6360,0.000034
_1261_,VSS,Metal1,265.3130,63.0750,0.000043
_1260_,VSS,Metal1,268.4775,31.6360,0.000035
_1259_,VSS,Metal1,259.6025,47.3160,0.000094
_1258_,VSS,Metal1,257.1665,63.0750,0.000042
_1257_,VSS,Metal1,259.0425,38.9235,0.000056
_1256_,VSS,Metal1,284.1575,93.8035,0.000082
_1255_,VSS,Metal1,260.2100,93.8135,0.000081
_1254_,VSS,Metal1,263.8930,157.2390,0.000025
_1253_,VSS,Metal1,278.6365,140.7480,0.000110
_1252_,VSS,Metal1,296.4200,157.1075,0.000025
_1251_,VSS,Metal1,271.1665,157.1550,0.000025
_1250_,VSS,Metal1,283.1225,156.5235,0.000025
_1249_,VSS,Metal1,276.6800,133.5910,0.000043
_1248_,VSS,Metal1,274.9065,141.4930,0.000110
_1247_,VSS,Metal1,267.2465,117.9550,0.000066
_1246_,VSS,Metal1,269.5400,94.3875,0.000082
_1245_,VSS,Metal1,186.9130,78.7550,0.000082
_1244_,VSS,Metal1,100.1565,78.7565,0.000060
_1243_,VSS,Metal1,188.0765,70.9165,0.000035
_1242_,VSS,Metal1,260.6375,110.0360,0.000066
_1241_,VSS,Metal1,265.1965,102.2915,0.000058
_1240_,VSS,Metal1,236.6365,101.5480,0.000056
_1239_,VSS,Metal1,283.1225,109.4835,0.000066
_1238_,VSS,Metal1,279.5730,156.3605,0.000025
_1237_,VSS,Metal1,280.2430,125.8115,0.000103
_1236_,VSS,Metal1,243.9225,101.6435,0.000057
_1235_,VSS,Metal1,212.9865,94.4400,0.000079
_1234_,VSS,Metal1,248.3965,101.5480,0.000057
_1233_,VSS,Metal1,200.3530,93.7250,0.000077
_1232_,VSS,Metal1,191.9965,110.1165,0.000057
_1231_,VSS,Metal1,117.5165,70.2030,0.000032
_1230_,VSS,Metal1,256.0530,109.3205,0.000066
_1229_,VSS,Metal1,269.6030,109.3880,0.000066
_1228_,VSS,Metal1,225.5800,109.4625,0.000064
_1227_,VSS,Metal1,256.2365,110.1315,0.000066
_1226_,VSS,Metal1,219.7630,102.2915,0.000056
_1225_,VSS,Metal1,147.4700,102.1860,0.000051
_1224_,VSS,Metal1,131.5165,54.5230,0.000131
_1223_,VSS,Metal1,134.8765,94.4365,0.000070
_1222_,VSS,Metal1,269.4930,102.3590,0.000058
_1221_,VSS,Metal1,280.2430,110.1315,0.000066
_1220_,VSS,Metal1,252.3225,117.3235,0.000066
_1219_,VSS,Metal1,212.9865,110.1200,0.000062
_1218_,VSS,Metal1,273.5965,110.1315,0.000066
_1217_,VSS,Metal1,193.6330,109.4050,0.000057
_1216_,VSS,Metal1,139.3565,62.3630,0.000039
_1215_,VSS,Metal1,175.1965,117.9565,0.000058
_1214_,VSS,Metal1,280.9865,78.8390,0.000091
_1213_,VSS,Metal1,278.5630,101.5480,0.000058
_1212_,VSS,Metal1,230.6200,101.6225,0.000056
_1211_,VSS,Metal1,254.4830,102.2915,0.000058
_1210_,VSS,Metal1,224.2430,101.5480,0.000056
_1209_,VSS,Metal1,168.1900,78.1335,0.000075
_1208_,VSS,Metal1,99.5965,70.9165,0.000032
_1207_,VSS,Metal1,167.9165,85.8830,0.000058
_1206_,VSS,Metal1,259.9730,94.5190,0.000081
_1205_,VSS,Metal1,273.5230,102.2915,0.000058
_1204_,VSS,Metal1,247.4200,109.4625,0.000065
_1203_,VSS,Metal1,246.1565,102.2915,0.000057
_1202_,VSS,Metal1,246.7165,110.1315,0.000065
_1201_,VSS,Metal1,127.8700,101.6535,0.000051
_1200_,VSS,Metal1,119.7565,54.5230,0.000130
_1199_,VSS,Metal1,130.0030,125.0830,0.000077
_1198_,VSS,Metal1,280.9865,70.9990,0.000041
_1197_,VSS,Metal1,278.5630,94.4515,0.000082
_1196_,VSS,Metal1,273.1800,86.5375,0.000080
_1195_,VSS,Metal1,269.6765,93.7080,0.000082
_1194_,VSS,Metal1,266.8030,86.6115,0.000080
_1193_,VSS,Metal1,128.9900,78.1335,0.000069
_1192_,VSS,Metal1,131.1230,70.2030,0.000034
_1191_,VSS,Metal1,119.7565,85.8830,0.000054
_1190_,VSS,Metal1,283.7865,70.1205,0.000041
_1189_,VSS,Metal1,273.5230,94.4515,0.000082
_1188_,VSS,Metal1,247.4200,85.9425,0.000074
_1187_,VSS,Metal1,246.6430,63.0915,0.000042
_1186_,VSS,Metal1,283.8665,55.2530,0.000154
_1185_,VSS,Metal1,247.2765,125.0680,0.000100
_1184_,VSS,Metal1,147.4700,78.6660,0.000073
_1183_,VSS,Metal1,107.9965,78.0430,0.000064
_1182_,VSS,Metal1,272.8530,54.4405,0.000154
_1181_,VSS,Metal1,275.9465,47.4790,0.000095
_1180_,VSS,Metal1,288.3465,55.2530,0.000154
_1179_,VSS,Metal1,144.0030,85.8830,0.000058
_1178_,VSS,Metal1,284.0530,62.2805,0.000043
_1177_,VSS,Metal1,280.3800,132.9450,0.000043
_1176_,VSS,Metal1,280.6330,47.3850,0.000095
_1175_,VSS,Metal1,288.3465,62.3465,0.000043
_1174_,VSS,Metal1,288.3465,63.0930,0.000043
_1173_,VSS,Metal1,288.1625,39.4760,0.000060
_1172_,VSS,Metal1,287.1550,47.4490,0.000095
_1171_,VSS,Metal1,279.0700,141.3860,0.000110
_1170_,VSS,Metal1,270.7175,140.8435,0.000110
_1169_,VSS,Metal1,283.1225,133.0035,0.000043
_1168_,VSS,Metal1,278.3730,148.5865,0.000035
_1167_,VSS,Metal1,31.4930,132.8405,0.000025
_1166_,VSS,Metal1,38.8900,132.8980,0.000025
_1165_,VSS,Metal1,48.5575,132.9600,0.000025
_1164_,VSS,Metal1,43.5530,140.7650,0.000027
_1163_,VSS,Metal1,50.8600,140.8225,0.000027
_1162_,VSS,Metal1,38.5865,125.0665,0.000065
_1161_,VSS,Metal1,42.6400,125.0925,0.000065
_1160_,VSS,Metal1,35.9665,125.7950,0.000065
_1159_,VSS,Metal1,39.1200,117.2525,0.000058
_1158_,VSS,Metal1,29.1600,110.0710,0.000032
_1157_,VSS,Metal1,22.5250,118.0090,0.000054
_1156_,VSS,Metal1,26.8565,109.3790,0.000032
_1155_,VSS,Metal1,31.4400,109.4125,0.000034
_1154_,VSS,Metal1,41.2025,110.0360,0.000041
_1153_,VSS,Metal1,37.3400,102.2275,0.000036
_1152_,VSS,Metal1,40.1950,101.5105,0.000036
_1151_,VSS,Metal1,38.2700,109.4935,0.000039
_1150_,VSS,Metal1,45.0375,101.6435,0.000036
_1149_,VSS,Metal1,24.7730,94.5190,0.000053
_1148_,VSS,Metal1,44.4200,109.4525,0.000043
_1147_,VSS,Metal1,30.5100,101.6550,0.000033
_1146_,VSS,Metal1,24.5865,101.5465,0.000031
_1145_,VSS,Metal1,29.5465,102.3590,0.000033
_1144_,VSS,Metal1,48.9575,109.4835,0.000044
_1143_,VSS,Metal1,43.1730,117.2265,0.000058
_1142_,VSS,Metal1,37.6275,110.0360,0.000039
_1141_,VSS,Metal1,34.0265,102.3590,0.000035
_1140_,VSS,Metal1,29.3575,117.8760,0.000054
_1139_,VSS,Metal1,45.0375,133.0035,0.000025
_1138_,VSS,Metal1,197.8065,156.4450,0.000023
_1137_,VSS,Metal1,194.1400,148.6525,0.000025
_1136_,VSS,Metal1,199.6765,148.5880,0.000025
_1135_,VSS,Metal1,205.6530,148.5205,0.000026
_1134_,VSS,Metal1,205.3865,149.3990,0.000026
_1133_,VSS,Metal1,213.7865,148.5205,0.000030
_1132_,VSS,Metal1,212.2000,149.2710,0.000030
_1131_,VSS,Metal1,210.7400,148.6525,0.000030
_1130_,VSS,Metal1,171.2800,109.4125,0.000057
_1129_,VSS,Metal1,176.3200,102.2675,0.000052
_1128_,VSS,Metal1,148.8800,93.7325,0.000073
_1127_,VSS,Metal1,156.3200,110.1075,0.000058
_1126_,VSS,Metal1,147.3030,125.8205,0.000078
_1125_,VSS,Metal1,152.7530,125.7950,0.000078
_1124_,VSS,Metal1,126.6930,125.8790,0.000077
_1123_,VSS,Metal1,131.2200,125.7475,0.000077
_1122_,VSS,Metal1,135.2765,125.8115,0.000077
_1121_,VSS,Metal1,138.6425,125.7160,0.000077
_1120_,VSS,Metal1,122.7730,140.6805,0.000035
_1119_,VSS,Metal1,128.0600,141.4275,0.000037
_1118_,VSS,Metal1,127.9230,132.9080,0.000035
_1117_,VSS,Metal1,126.9400,140.7850,0.000037
_1116_,VSS,Metal1,129.7300,140.8535,0.000038
_1115_,VSS,Metal1,161.2565,148.5790,0.000024
_1114_,VSS,Metal1,161.0365,156.4280,0.000022
_1113_,VSS,Metal1,161.4600,141.4550,0.000041
_1112_,VSS,Metal1,166.9600,148.6125,0.000024
_1111_,VSS,Metal1,176.5330,157.2390,0.000022
_1110_,VSS,Metal1,179.3800,149.2675,0.000024
_1109_,VSS,Metal1,173.8430,149.3315,0.000024
_1108_,VSS,Metal1,169.9175,156.5235,0.000022
_1107_,VSS,Metal1,178.6630,141.5005,0.000041
_1106_,VSS,Metal1,180.0030,148.5880,0.000024
_1105_,VSS,Metal1,176.0200,148.6250,0.000024
_1104_,VSS,Metal1,174.5865,141.5590,0.000041
_1103_,VSS,Metal1,147.3030,141.5005,0.000041
_1102_,VSS,Metal1,145.8430,148.5880,0.000023
_1101_,VSS,Metal1,140.3975,141.4400,0.000040
_1100_,VSS,Metal1,143.7865,157.2390,0.000022
_1099_,VSS,Metal1,141.8600,148.6525,0.000023
_1098_,VSS,Metal1,141.3630,149.3315,0.000023
_1097_,VSS,Metal1,136.9625,149.2360,0.000022
_1096_,VSS,Metal1,126.9865,156.3605,0.000021
_1095_,VSS,Metal1,127.8600,157.1075,0.000021
_1094_,VSS,Metal1,128.5565,148.5880,0.000022
_1093_,VSS,Metal1,132.5400,148.6250,0.000022
_1092_,VSS,Metal1,131.7900,156.5335,0.000021
_1091_,VSS,Metal1,109.7830,141.5005,0.000035
_1090_,VSS,Metal1,111.1230,148.5880,0.000022
_1089_,VSS,Metal1,102.0275,141.3960,0.000032
_1088_,VSS,Metal1,97.2900,140.6925,0.000032
_1087_,VSS,Metal1,103.1730,149.3990,0.000021
_1086_,VSS,Metal1,107.1400,148.6525,0.000022
_1085_,VSS,Metal1,108.8830,149.3315,0.000022
_1084_,VSS,Metal1,102.2425,148.6835,0.000021
_1083_,VSS,Metal1,92.3765,148.5790,0.000020
_1082_,VSS,Metal1,93.8365,156.4280,0.000020
_1081_,VSS,Metal1,100.6200,149.2950,0.000021
_1080_,VSS,Metal1,96.1865,148.5205,0.000021
_1079_,VSS,Metal1,89.5765,140.7390,0.000031
_1078_,VSS,Metal1,93.8365,141.4915,0.000032
_1077_,VSS,Metal1,87.5400,148.6250,0.000020
_1076_,VSS,Metal1,97.8665,141.5590,0.000032
_1075_,VSS,Metal1,73.9430,125.8205,0.000072
_1074_,VSS,Metal1,77.5965,133.6515,0.000029
_1073_,VSS,Metal1,71.5175,133.6000,0.000029
_1072_,VSS,Metal1,69.5730,157.2390,0.000016
_1071_,VSS,Metal1,69.6830,148.5880,0.000019
_1070_,VSS,Metal1,70.8300,149.2250,0.000019
_1069_,VSS,Metal1,68.9875,125.7160,0.000069
_1068_,VSS,Metal1,57.2530,141.5590,0.000030
_1067_,VSS,Metal1,64.6430,148.5880,0.000018
_1066_,VSS,Metal1,61.9100,141.5015,0.000030
_1065_,VSS,Metal1,68.0825,141.3960,0.000030
_1064_,VSS,Metal1,77.9730,101.4805,0.000044
_1063_,VSS,Metal1,79.7630,102.2915,0.000044
_1062_,VSS,Metal1,73.0900,102.1850,0.000041
_1061_,VSS,Metal1,69.4825,110.0935,0.000048
_1060_,VSS,Metal1,51.0930,117.1605,0.000061
_1059_,VSS,Metal1,69.6830,117.2280,0.000062
_1058_,VSS,Metal1,61.8900,109.4950,0.000045
_1057_,VSS,Metal1,70.1075,109.4835,0.000048
_1056_,VSS,Metal1,57.8130,102.3590,0.000038
_1055_,VSS,Metal1,61.9165,102.2915,0.000038
_1054_,VSS,Metal1,61.9100,94.4615,0.000060
_1053_,VSS,Metal1,74.1575,117.3235,0.000062
_1052_,VSS,Metal1,60.9130,125.7950,0.000069
_1051_,VSS,Metal1,69.6200,117.9075,0.000062
_1050_,VSS,Metal1,201.2300,133.5460,0.000038
_1048_,VSS,Metal1,199.7930,141.4750,0.000096
_1047_,VSS,Metal1,200.3530,140.7650,0.000096
_1046_,VSS,Metal1,204.8265,133.7190,0.000039
_1045_,VSS,Metal1,167.9200,132.9325,0.000036
_1044_,VSS,Metal1,159.2100,125.0605,0.000078
_1043_,VSS,Metal1,155.2465,132.9250,0.000036
_1042_,VSS,Metal1,163.9300,94.5075,0.000077
_1041_,VSS,Metal1,161.8000,132.9685,0.000036
_1040_,VSS,Metal1,159.1900,125.8675,0.000078
_1039_,VSS,Metal1,160.8275,140.8435,0.000041
_1038_,VSS,Metal1,155.4425,133.5560,0.000036
_1037_,VSS,Metal1,98.4330,133.6350,0.000029
_1036_,VSS,Metal1,84.5830,133.6605,0.000029
_1035_,VSS,Metal1,75.3625,117.8760,0.000064
_1034_,VSS,Metal1,77.1800,110.0575,0.000051
_1033_,VSS,Metal1,107.7575,133.5560,0.000031
_1032_,VSS,Metal1,195.5730,70.9990,0.000035
_1031_,VSS,Metal1,195.7625,141.3960,0.000095
_1030_,VSS,Metal1,204.2100,141.3860,0.000098
_1029_,VSS,Metal1,196.4265,140.6805,0.000095
_1028_,VSS,Metal1,276.7665,46.6850,0.000095
_1027_,VSS,Metal1,275.9000,38.8925,0.000060
_1026_,VSS,Metal1,283.7865,38.7605,0.000060
_1025_,VSS,Metal1,272.9000,31.6675,0.000035
_1024_,VSS,Metal1,272.3500,38.9335,0.000058
_1023_,VSS,Metal1,267.0665,16.0530,0.000002
_1022_,VSS,Metal1,269.8400,31.0125,0.000035
_1021_,VSS,Metal1,284.3530,31.0050,0.000040
_1020_,VSS,Metal1,268.6730,23.1650,0.000061
_1019_,VSS,Metal1,271.7800,15.9875,0.000002
_1018_,VSS,Metal1,254.6665,31.7990,0.000034
_1017_,VSS,Metal1,255.5400,23.8275,0.000060
_1016_,VSS,Metal1,245.3225,31.0260,0.000033
_1015_,VSS,Metal1,258.7730,23.8930,0.000060
_1014_,VSS,Metal1,250.5100,15.9460,0.000002
_1013_,VSS,Metal1,251.3065,31.7990,0.000033
_1012_,VSS,Metal1,240.1865,23.1465,0.000059
_1011_,VSS,Metal1,245.4700,23.2535,0.000059
_1010_,VSS,Metal1,242.3465,16.1190,0.000002
_1009_,VSS,Metal1,231.2265,38.8265,0.000056
_1008_,VSS,Metal1,231.2000,23.8675,0.000059
_1007_,VSS,Metal1,230.2865,31.7150,0.000032
_1006_,VSS,Metal1,220.7665,31.0050,0.000031
_1005_,VSS,Metal1,219.3400,23.8275,0.000057
_1004_,VSS,Metal1,214.5330,23.8930,0.000057
_1003_,VSS,Metal1,210.6865,23.8750,0.000057
_1002_,VSS,Metal1,212.7200,31.0125,0.000029
_1001_,VSS,Metal1,205.9530,31.0050,0.000029
_1000_,VSS,Metal1,205.3400,23.8275,0.000057
_0999_,VSS,Metal1,197.7330,30.9865,0.000029
_0998_,VSS,Metal1,193.6330,31.0050,0.000029
_0997_,VSS,Metal1,195.3975,31.6935,0.000029
_0996_,VSS,Metal1,189.1530,31.0050,0.000028
_0995_,VSS,Metal1,193.3800,15.9875,0.000001
_0994_,VSS,Metal1,188.2130,31.7330,0.000028
_0993_,VSS,Metal1,187.1730,39.6390,0.000053
_0992_,VSS,Metal1,190.7700,39.4660,0.000053
_0991_,VSS,Metal1,190.9065,46.6665,0.000079
_0990_,VSS,Metal1,196.6930,39.6390,0.000054
_0989_,VSS,Metal1,191.0025,54.5460,0.000137
_0988_,VSS,Metal1,197.8600,38.8650,0.000054
_0987_,VSS,Metal1,205.0000,55.1910,0.000138
_0986_,VSS,Metal1,198.8530,62.3465,0.000038
_0985_,VSS,Metal1,196.9300,46.7735,0.000079
_0984_,VSS,Metal1,200.3530,54.5250,0.000137
_0983_,VSS,Metal1,196.4265,54.4405,0.000137
_0982_,VSS,Metal1,179.3265,55.2350,0.000128
_0981_,VSS,Metal1,201.9800,47.3750,0.000082
_0980_,VSS,Metal1,212.1130,47.3950,0.000090
_0979_,VSS,Metal1,207.2800,46.6925,0.000087
_0978_,VSS,Metal1,207.0500,47.4675,0.000087
_0977_,VSS,Metal1,212.0900,39.6275,0.000055
_0976_,VSS,Metal1,265.5900,38.7725,0.000057
_0975_,VSS,Metal1,245.6900,31.7875,0.000033
_0974_,VSS,Metal1,229.7625,39.5200,0.000056
_0973_,VSS,Metal1,230.3100,46.6125,0.000094
_0972_,VSS,Metal1,238.1500,54.4525,0.000154
_0971_,VSS,Metal1,237.5650,39.6090,0.000056
_0970_,VSS,Metal1,255.0500,47.4215,0.000094
_0969_,VSS,Metal1,226.5500,55.2615,0.000150
_0968_,VSS,Metal1,226.9330,38.7605,0.000056
_0967_,VSS,Metal1,246.6500,38.8180,0.000056
_0966_,VSS,Metal1,217.0300,54.4980,0.000144
_0965_,VSS,Metal1,213.6700,46.6580,0.000091
_0964_,VSS,Metal1,244.9700,39.5815,0.000056
_0963_,VSS,Metal1,224.1865,54.5200,0.000150
_0962_,VSS,Metal1,218.1500,47.4215,0.000092
_0961_,VSS,Metal1,251.6900,39.5815,0.000056
_0960_,VSS,Metal1,231.0300,54.4980,0.000151
_0959_,VSS,Metal1,258.4100,39.5815,0.000056
_0958_,VSS,Metal1,255.0500,38.8180,0.000056
_0957_,VSS,Metal1,236.5700,46.6580,0.000094
_0956_,VSS,Metal1,266.2500,39.5815,0.000057
_0955_,VSS,Metal1,221.9400,46.8060,0.000092
_0954_,VSS,Metal1,266.2500,47.4215,0.000094
_0953_,VSS,Metal1,34.8530,77.9605,0.000045
_0952_,VSS,Metal1,40.0100,78.0180,0.000045
_0951_,VSS,Metal1,38.7730,70.9990,0.000027
_0950_,VSS,Metal1,41.5475,70.8360,0.000027
_0949_,VSS,Metal1,39.5975,62.4000,0.000030
_0948_,VSS,Metal1,39.6330,63.0750,0.000030
_0947_,VSS,Metal1,30.7465,63.0930,0.000028
_0946_,VSS,Metal1,30.4300,55.1460,0.000073
_0945_,VSS,Metal1,35.4130,62.2805,0.000030
_0944_,VSS,Metal1,32.4265,47.4130,0.000045
_0943_,VSS,Metal1,36.2100,47.3060,0.000048
_0942_,VSS,Metal1,35.4130,63.1590,0.000030
_0941_,VSS,Metal1,36.3465,38.8265,0.000049
_0940_,VSS,Metal1,42.0425,38.8660,0.000049
_0939_,VSS,Metal1,39.6265,46.6005,0.000051
_0938_,VSS,Metal1,38.5865,23.8930,0.000037
_0937_,VSS,Metal1,41.8100,31.0935,0.000014
_0936_,VSS,Metal1,38.2130,30.9205,0.000014
_0935_,VSS,Metal1,43.1730,23.1465,0.000038
_0934_,VSS,Metal1,49.0900,31.0935,0.000015
_0933_,VSS,Metal1,51.0930,23.0805,0.000038
_0932_,VSS,Metal1,60.5330,30.9865,0.000015
_0931_,VSS,Metal1,75.0825,38.8660,0.000057
_0930_,VSS,Metal1,68.7530,39.5550,0.000055
_0929_,VSS,Metal1,52.8200,31.0250,0.000015
_0928_,VSS,Metal1,57.3000,31.0525,0.000015
_0927_,VSS,Metal1,58.6730,23.8750,0.000039
_0926_,VSS,Metal1,62.7730,23.8930,0.000039
_0925_,VSS,Metal1,72.0500,31.6260,0.000017
_0924_,VSS,Metal1,67.3330,16.1190,0.000000
_0923_,VSS,Metal1,76.2130,31.7330,0.000018
_0922_,VSS,Metal1,91.3225,38.8660,0.000057
_0921_,VSS,Metal1,84.6930,23.9590,0.000046
_0920_,VSS,Metal1,91.3330,23.1465,0.000048
_0919_,VSS,Metal1,91.6500,31.0935,0.000018
_0918_,VSS,Metal1,95.8930,23.0805,0.000048
_0917_,VSS,Metal1,83.3865,38.8265,0.000057
_0916_,VSS,Metal1,97.8100,31.6260,0.000018
_0915_,VSS,Metal1,90.2930,46.6005,0.000063
_0914_,VSS,Metal1,113.0665,38.8265,0.000057
_0913_,VSS,Metal1,126.9700,31.7875,0.000019
_0912_,VSS,Metal1,118.8275,38.9235,0.000057
_0911_,VSS,Metal1,116.9065,31.7990,0.000019
_0910_,VSS,Metal1,114.7465,16.0530,0.000001
_0909_,VSS,Metal1,115.2800,31.0125,0.000019
_0908_,VSS,Metal1,115.7930,23.1650,0.000049
_0907_,VSS,Metal1,103.9800,23.8550,0.000048
_0906_,VSS,Metal1,101.7400,31.6675,0.000018
_0905_,VSS,Metal1,109.6330,31.7150,0.000018
_0904_,VSS,Metal1,129.9730,23.1465,0.000050
_0903_,VSS,Metal1,129.8665,30.9865,0.000019
_0902_,VSS,Metal1,142.1065,23.9590,0.000050
_0901_,VSS,Metal1,137.2530,16.0530,0.000001
_0900_,VSS,Metal1,133.1465,30.9205,0.000019
_0899_,VSS,Metal1,137.3900,31.0935,0.000019
_0898_,VSS,Metal1,151.5800,23.1850,0.000050
_0897_,VSS,Metal1,155.3000,23.2125,0.000050
_0896_,VSS,Metal1,156.6730,31.0050,0.000019
_0895_,VSS,Metal1,162.5625,31.6800,0.000020
_0894_,VSS,Metal1,165.8130,16.0530,0.000001
_0893_,VSS,Metal1,169.4900,23.7860,0.000049
_0892_,VSS,Metal1,173.4665,23.9590,0.000049
_0891_,VSS,Metal1,168.0530,31.7330,0.000020
_0890_,VSS,Metal1,165.3900,23.7860,0.000049
_0889_,VSS,Metal1,161.7065,30.9205,0.000020
_0888_,VSS,Metal1,151.3800,47.3750,0.000072
_0887_,VSS,Metal1,166.1400,46.7325,0.000072
_0886_,VSS,Metal1,161.7065,38.7605,0.000056
_0885_,VSS,Metal1,161.2375,54.5460,0.000130
_0884_,VSS,Metal1,170.8530,46.6665,0.000074
_0883_,VSS,Metal1,171.1700,54.6135,0.000129
_0882_,VSS,Metal1,170.6665,55.3190,0.000129
_0881_,VSS,Metal1,167.3865,62.3465,0.000038
_0880_,VSS,Metal1,167.0700,54.6135,0.000130
_0879_,VSS,Metal1,166.1865,63.1590,0.000038
_0878_,VSS,Metal1,44.0025,78.1235,0.000046
_0877_,VSS,Metal1,216.5500,149.3390,0.000030
_0876_,VSS,Metal1,206.2130,125.0005,0.000097
_0875_,VSS,Metal1,179.1765,86.6205,0.000059
_0874_,VSS,Metal1,183.8130,101.4805,0.000055
_0873_,VSS,Metal1,188.1830,102.3005,0.000056
_0872_,VSS,Metal1,193.3330,102.3590,0.000056
_0871_,VSS,Metal1,122.0565,93.6990,0.000069
_0870_,VSS,Metal1,142.1065,94.5190,0.000071
_0869_,VSS,Metal1,167.9765,117.9805,0.000058
_0868_,VSS,Metal1,166.1865,109.3205,0.000057
_0867_,VSS,Metal1,153.4630,78.7805,0.000073
_0866_,VSS,Metal1,158.3465,78.8390,0.000073
_0865_,VSS,Metal1,109.7830,117.9805,0.000065
_0864_,VSS,Metal1,123.0665,125.8790,0.000076
_0863_,VSS,Metal1,122.0565,86.6205,0.000054
_0862_,VSS,Metal1,119.7065,125.8790,0.000076
_0861_,VSS,Metal1,148.3765,86.6205,0.000058
_0860_,VSS,Metal1,152.4530,86.6790,0.000058
_0859_,VSS,Metal1,195.9765,93.6990,0.000077
_0858_,VSS,Metal1,188.0265,141.5590,0.000041
_0857_,VSS,Metal1,197.6565,132.8990,0.000037
_0856_,VSS,Metal1,192.5065,140.6805,0.000042
_0855_,VSS,Metal1,137.2230,125.0590,0.000077
_0854_,VSS,Metal1,147.4130,110.1990,0.000059
_0853_,VSS,Metal1,174.1365,125.0590,0.000079
_0852_,VSS,Metal1,172.0530,132.8405,0.000036
_0851_,VSS,Metal1,160.1365,93.6990,0.000076
_0850_,VSS,Metal1,158.3465,94.5190,0.000076
_0849_,VSS,Metal1,113.6565,125.8205,0.000076
_0848_,VSS,Metal1,102.9065,118.0390,0.000065
_0847_,VSS,Metal1,114.2165,102.3005,0.000050
_0846_,VSS,Metal1,114.3730,132.8405,0.000033
_0845_,VSS,Metal1,101.3830,94.4605,0.000068
_0844_,VSS,Metal1,109.0665,86.6790,0.000052
_0843_,VSS,Metal1,97.4630,102.3005,0.000047
_0842_,VSS,Metal1,102.3465,102.3590,0.000047
_0841_,VSS,Metal1,96.9030,125.8205,0.000076
_0840_,VSS,Metal1,99.5465,118.0390,0.000065
_0839_,VSS,Metal1,102.4565,110.1405,0.000060
_0838_,VSS,Metal1,96.4530,118.0390,0.000065
_0837_,VSS,Metal1,81.6330,125.7950,0.000072
_0836_,VSS,Metal1,89.2200,117.2925,0.000064
_0835_,VSS,Metal1,91.4130,93.6405,0.000064
_0834_,VSS,Metal1,92.5800,85.9325,0.000051
_0833_,VSS,Metal1,87.7865,93.6405,0.000062
_0832_,VSS,Metal1,81.3330,110.1990,0.000052
_0831_,VSS,Metal1,92.0200,109.4525,0.000059
_0830_,VSS,Metal1,80.7730,109.3205,0.000052
_0829_,VSS,Metal1,70.6930,78.8390,0.000057
_0828_,VSS,Metal1,76.9000,85.9325,0.000049
_0827_,VSS,Metal1,68.7465,94.5190,0.000062
_0826_,VSS,Metal1,74.0530,78.8390,0.000057
_0825_,VSS,Metal1,76.3400,70.8675,0.000031
_0824_,VSS,Metal1,72.1065,94.5190,0.000062
_0823_,VSS,Metal1,48.8530,85.8005,0.000047
_0822_,VSS,Metal1,61.7800,86.5475,0.000047
_0821_,VSS,Metal1,41.0130,86.6790,0.000047
_0820_,VSS,Metal1,55.5730,62.2805,0.000038
_0819_,VSS,Metal1,68.5000,70.2525,0.000030
_0818_,VSS,Metal1,47.4665,63.1590,0.000034
_0817_,VSS,Metal1,68.4530,63.1590,0.000038
_0816_,VSS,Metal1,71.8600,55.1875,0.000091
_0815_,VSS,Metal1,48.8530,62.2805,0.000034
_0814_,VSS,Metal1,49.9730,47.4790,0.000054
_0813_,VSS,Metal1,58.0600,47.3475,0.000059
_0812_,VSS,Metal1,44.1065,54.4405,0.000074
_0811_,VSS,Metal1,49.9730,77.9605,0.000050
_0810_,VSS,Metal1,58.4200,85.9325,0.000047
_0809_,VSS,Metal1,44.1065,46.6005,0.000051
_0808_,VSS,Metal1,55.0130,38.7605,0.000055
_0807_,VSS,Metal1,64.0200,47.3475,0.000060
_0806_,VSS,Metal1,50.8265,38.7605,0.000055
_0805_,VSS,Metal1,48.2930,70.9990,0.000028
_0804_,VSS,Metal1,64.0200,70.2525,0.000029
_0803_,VSS,Metal1,49.4130,39.6390,0.000055
_0802_,VSS,Metal1,71.8130,70.9990,0.000031
_0801_,VSS,Metal1,83.0600,62.4125,0.000038
_0800_,VSS,Metal1,72.3730,47.4790,0.000061
_0799_,VSS,Metal1,81.3330,85.8005,0.000049
_0798_,VSS,Metal1,89.2200,78.0925,0.000058
_0797_,VSS,Metal1,75.4665,39.6390,0.000057
_0796_,VSS,Metal1,80.2130,46.6005,0.000063
_0795_,VSS,Metal1,89.2200,54.5725,0.000092
_0794_,VSS,Metal1,76.5865,46.6005,0.000063
_0793_,VSS,Metal1,96.7465,54.4405,0.000129
_0792_,VSS,Metal1,92.5800,62.4125,0.000039
_0791_,VSS,Metal1,93.9465,47.4790,0.000064
_0790_,VSS,Metal1,103.1730,47.4790,0.000065
_0789_,VSS,Metal1,108.8200,47.3475,0.000068
_0788_,VSS,Metal1,99.8130,39.6390,0.000057
_0787_,VSS,Metal1,88.0530,62.2805,0.000039
_0786_,VSS,Metal1,94.8200,70.2525,0.000031
_0785_,VSS,Metal1,92.5330,54.4405,0.000129
_0784_,VSS,Metal1,108.7730,46.6005,0.000068
_0783_,VSS,Metal1,114.4200,47.3475,0.000070
_0782_,VSS,Metal1,122.5065,31.7990,0.000019
_0781_,VSS,Metal1,114.9330,85.8005,0.000053
_0780_,VSS,Metal1,120.0200,78.0925,0.000066
_0779_,VSS,Metal1,113.5465,31.7990,0.000019
_0778_,VSS,Metal1,107.6530,70.9990,0.000032
_0777_,VSS,Metal1,107.3400,78.7075,0.000064
_0776_,VSS,Metal1,102.9065,39.6390,0.000057
_0775_,VSS,Metal1,176.8330,63.0750,0.000038
_0774_,VSS,Metal1,181.6200,70.8675,0.000035
_0773_,VSS,Metal1,114.6730,78.0450,0.000066
_0772_,VSS,Metal1,140.1800,63.0275,0.000039
_0771_,VSS,Metal1,135.0930,31.7990,0.000019
_0770_,VSS,Metal1,140.1800,39.5075,0.000057
_0769_,VSS,Metal1,142.1065,31.7990,0.000019
_0768_,VSS,Metal1,147.9730,46.6005,0.000071
_0767_,VSS,Metal1,149.7000,39.5075,0.000056
_0766_,VSS,Metal1,157.7865,38.7605,0.000056
_0765_,VSS,Metal1,161.9730,77.9605,0.000074
_0764_,VSS,Metal1,168.1800,70.2525,0.000035
_0763_,VSS,Metal1,167.8665,38.7605,0.000056
_0762_,VSS,Metal1,151.0665,55.3190,0.000130
_0761_,VSS,Metal1,146.5400,55.1875,0.000130
_0760_,VSS,Metal1,154.4265,54.4405,0.000130
_0759_,VSS,Metal1,138.7465,55.3190,0.000130
_0758_,VSS,Metal1,135.9000,70.2525,0.000034
_0757_,VSS,Metal1,142.1065,55.3190,0.000130
_0756_,VSS,Metal1,147.9730,62.2805,0.000038
_0755_,VSS,Metal1,150.2600,70.8675,0.000035
_0754_,VSS,Metal1,148.8265,63.1590,0.000038
_0753_,VSS,Metal1,218.2300,132.9005,0.000040
_0752_,VSS,Metal1,218.5500,133.7000,0.000040
_0751_,VSS,Metal1,221.9975,140.8435,0.000104
_0750_,VSS,Metal1,232.2665,148.5205,0.000033
_0749_,VSS,Metal1,232.0830,140.7480,0.000107
_0748_,VSS,Metal1,226.9865,125.8000,0.000100
_0747_,VSS,Metal1,225.3000,140.8860,0.000106
_0746_,VSS,Metal1,225.4425,133.5560,0.000041
_0745_,VSS,Metal1,221.3330,148.5205,0.000030
_0744_,VSS,Metal1,217.0425,140.8435,0.000102
_0743_,VSS,Metal1,212.0025,133.5560,0.000039
_0742_,VSS,Metal1,212.4775,140.8435,0.000099
_0741_,VSS,Metal1,225.8065,141.4750,0.000106
_0740_,VSS,Metal1,229.1600,117.1740,0.000065
_0739_,VSS,Metal1,206.2065,109.4050,0.000059
_0738_,VSS,Metal1,205.9465,110.1990,0.000059
_0737_,VSS,Metal1,211.8000,109.3340,0.000062
_0736_,VSS,Metal1,207.3200,125.8655,0.000097
_0735_,VSS,Metal1,216.8400,125.8655,0.000097
_0734_,VSS,Metal1,230.8400,109.3340,0.000064
_0733_,VSS,Metal1,266.1200,110.1855,0.000066
_0732_,VSS,Metal1,246.5200,117.1740,0.000066
_0731_,VSS,Metal1,259.4700,117.8660,0.000066
_0730_,VSS,Metal1,279.5730,54.4405,0.000154
_0729_,VSS,Metal1,284.1575,78.1235,0.000091
_0728_,VSS,Metal1,247.0930,149.3990,0.000034
_0727_,VSS,Metal1,251.6200,149.2675,0.000034
_0726_,VSS,Metal1,252.1330,141.5590,0.000109
_0725_,VSS,Metal1,256.6130,149.3990,0.000034
_0724_,VSS,Metal1,265.6200,149.2675,0.000034
_0723_,VSS,Metal1,259.7065,149.3990,0.000034
_0722_,VSS,Metal1,252.6930,140.6805,0.000109
_0721_,VSS,Metal1,257.7800,125.7475,0.000103
_0720_,VSS,Metal1,256.0530,141.5590,0.000110
_0719_,VSS,Metal1,241.4930,133.7190,0.000042
_0718_,VSS,Metal1,246.0200,132.9725,0.000042
_0717_,VSS,Metal1,244.8530,133.7190,0.000042
_0716_,VSS,Metal1,267.2530,157.2390,0.000025
_0715_,VSS,Metal1,266.3800,141.4275,0.000110
_0714_,VSS,Metal1,249.0665,140.6805,0.000108
_0713_,VSS,Metal1,240.3730,148.5205,0.000033
_0712_,VSS,Metal1,238.9400,140.8125,0.000108
_0711_,VSS,Metal1,236.1930,148.6050,0.000033
_0710_,VSS,Metal1,228.8025,148.6835,0.000032
_0709_,VSS,Metal1,226.1065,149.3990,0.000031
_0708_,VSS,Metal1,253.9175,125.7160,0.000103
_0707_,VSS,Metal1,267.3100,133.5460,0.000043
_0706_,VSS,Metal1,279.5730,62.2805,0.000043
_0705_,VSS,Metal1,287.4500,70.1805,0.000041
_0704_,VSS,Metal1,229.1475,94.3560,0.000080
_0703_,VSS,Metal1,229.8375,86.5160,0.000071
_0702_,VSS,Metal1,233.1975,85.9635,0.000072
_0701_,VSS,Metal1,206.7400,93.7825,0.000077
_0700_,VSS,Metal1,212.4775,93.8035,0.000079
_0699_,VSS,Metal1,214.5875,62.9960,0.000040
_0698_,VSS,Metal1,212.0025,70.2835,0.000035
_0697_,VSS,Metal1,219.1975,62.9960,0.000040
_0696_,VSS,Metal1,205.6530,70.1205,0.000035
_0695_,VSS,Metal1,207.5800,78.0925,0.000082
_0694_,VSS,Metal1,209.0130,70.1205,0.000035
_0693_,VSS,Metal1,218.7800,78.7075,0.000083
_0692_,VSS,Metal1,218.8330,86.5950,0.000060
_0691_,VSS,Metal1,235.9975,94.3560,0.000080
_0690_,VSS,Metal1,233.3300,86.5060,0.000072
_0689_,VSS,Metal1,273.6500,140.8535,0.000110
_0688_,VSS,Metal1,270.5330,149.3330,0.000034
_0687_,VSS,Metal1,260.2925,141.3960,0.000110
_0686_,VSS,Metal1,252.6930,148.5205,0.000034
_0685_,VSS,Metal1,257.8375,157.0760,0.000025
_0684_,VSS,Metal1,272.8530,47.4790,0.000095
_0683_,VSS,Metal1,287.2065,54.5350,0.000154
_0682_,VSS,Metal1,287.1550,46.6305,0.000095
_0681_,VSS,Metal1,284.7175,70.8360,0.000041
_0679_,VSS,Metal1,205.3400,78.0350,0.000082
_0678_,VSS,Metal1,293.2600,31.6950,0.000040
_0677_,VSS,Metal1,282.9800,54.5450,0.000154
_0676_,VSS,Metal1,250.5000,70.8950,0.000041
_0675_,VSS,Metal1,228.3000,85.9050,0.000071
_0674_,VSS,Metal1,221.5800,132.9450,0.000040
_0673_,VSS,Metal1,107.3400,110.0950,0.000060
_0672_,VSS,Metal1,115.7400,109.4250,0.000060
_0671_,VSS,Metal1,166.1400,101.5850,0.000053
_0670_,VSS,Metal1,177.9000,125.1050,0.000079
_0669_,VSS,Metal1,201.9800,78.0650,0.000082
_0668_,VSS,Metal1,126.9400,93.7450,0.000069
_0667_,VSS,Metal1,110.1400,102.2550,0.000050
_0666_,VSS,Metal1,167.8200,117.2650,0.000058
_0665_,VSS,Metal1,145.4200,101.5850,0.000051
_0664_,VSS,Metal1,181.6200,117.9350,0.000058
_0663_,VSS,Metal1,178.2600,78.7350,0.000074
_0662_,VSS,Metal1,139.8200,31.6950,0.000019
_0661_,VSS,Metal1,132.5400,31.6950,0.000019
_0660_,VSS,Metal1,187.9800,55.2150,0.000135
_0659_,VSS,Metal1,218.0200,39.5350,0.000055
_0658_,VSS,Metal1,85.5000,125.7750,0.000072
_0657_,VSS,Metal1,78.7800,125.7750,0.000072
_0656_,VSS,Metal1,92.5800,140.7850,0.000032
_0655_,VSS,Metal1,97.6200,149.2950,0.000021
_0654_,VSS,Metal1,111.6200,133.6150,0.000032
_0653_,VSS,Metal1,146.5400,133.6150,0.000035
_0652_,VSS,Metal1,179.5800,132.9450,0.000037
_0651_,VSS,Metal1,156.4200,148.6250,0.000024
_0650_,VSS,Metal1,152.1400,132.9450,0.000036
_0649_,VSS,Metal1,219.9000,149.2950,0.000030
_0648_,VSS,Metal1,204.5800,62.3850,0.000038
_0647_,VSS,Metal1,26.5000,125.1050,0.000057
_0646_,VSS,Metal1,34.5400,117.9350,0.000054
_0645_,VSS,Metal1,260.7800,63.0550,0.000043
_0644_,VSS,Metal1,280.3800,85.9050,0.000080
