Instance,Terminal,Layer,X location,Y location,Voltage
FILLER_36_520,VDD,Metal1,298.4800,160.7200,4.999997
FILLER_36_444,VDD,Metal1,255.6400,160.7200,4.999997
FILLER_36_410,VDD,Metal1,245.9555,159.9510,4.999997
FILLER_36_376,VDD,Metal1,226.9155,159.9510,4.999997
FILLER_36_372,VDD,Metal1,215.6000,160.7200,4.999997
FILLER_36_368,VDD,Metal1,214.3000,160.2875,4.999997
FILLER_36_360,VDD,Metal1,211.0665,160.1430,4.999997
FILLER_36_342,VDD,Metal1,199.7400,160.2875,4.999997
FILLER_36_308,VDD,Metal1,188.8355,159.9510,4.999997
FILLER_36_298,VDD,Metal1,174.1600,160.7200,4.999998
FILLER_36_290,VDD,Metal1,171.8665,160.1430,4.999998
FILLER_36_274,VDD,Metal1,165.2480,160.0280,4.999998
FILLER_36_264,VDD,Metal1,157.3065,160.1430,4.999998
FILLER_36_248,VDD,Metal1,150.6880,160.0280,4.999998
FILLER_36_240,VDD,Metal1,141.6800,160.7200,4.999998
FILLER_36_237,VDD,Metal1,139.7200,160.7200,4.999998
FILLER_36_235,VDD,Metal1,138.8800,160.7200,4.999998
FILLER_36_219,VDD,Metal1,134.4480,160.0280,4.999998
FILLER_36_210,VDD,Metal1,124.6000,160.7200,4.999999
FILLER_36_206,VDD,Metal1,123.5800,160.2875,4.999999
FILLER_36_172,VDD,Metal1,112.6755,159.9510,4.999999
FILLER_36_138,VDD,Metal1,93.6355,159.9510,4.999999
FILLER_36_135,VDD,Metal1,82.6000,160.7200,4.999999
FILLER_36_131,VDD,Metal1,81.5800,160.2875,4.999999
FILLER_36_115,VDD,Metal1,76.2080,160.0280,4.999999
FILLER_36_108,VDD,Metal1,67.4800,160.7200,4.999999
FILLER_36_104,VDD,Metal1,66.4600,160.2875,4.999999
FILLER_36_70,VDD,Metal1,55.5555,159.9510,4.999999
FILLER_36_36,VDD,Metal1,36.5155,159.9510,4.999999
FILLER_36_2,VDD,Metal1,17.4755,159.9510,4.999999
FILLER_35_422,VDD,Metal1,244.5400,153.3125,4.999958
FILLER_35_419,VDD,Metal1,241.6400,152.8800,4.999958
FILLER_35_417,VDD,Metal1,240.8000,152.8800,4.999958
FILLER_35_409,VDD,Metal1,238.5065,153.4565,4.999958
FILLER_35_393,VDD,Metal1,231.8880,153.5720,4.999958
FILLER_35_360,VDD,Metal1,209.8200,153.3125,4.999961
FILLER_35_352,VDD,Metal1,206.5865,153.4565,4.999961
FILLER_35_349,VDD,Metal1,202.4400,152.8800,4.999964
FILLER_35_345,VDD,Metal1,201.4200,153.3125,4.999964
FILLER_35_336,VDD,Metal1,195.1600,152.8800,4.999964
FILLER_35_328,VDD,Metal1,193.1465,153.4565,4.999964
FILLER_35_297,VDD,Metal1,173.6000,152.8800,4.999964
FILLER_35_293,VDD,Metal1,172.3000,153.3125,4.999964
FILLER_35_286,VDD,Metal1,167.4400,152.8800,4.999964
FILLER_35_282,VDD,Metal1,166.1400,153.3125,4.999964
FILLER_35_269,VDD,Metal1,157.9200,152.8800,4.999964
FILLER_35_239,VDD,Metal1,140.8400,152.8800,4.999966
FILLER_35_235,VDD,Metal1,139.8200,153.3125,4.999968
FILLER_35_227,VDD,Metal1,136.5865,153.4565,4.999968
FILLER_35_218,VDD,Metal1,129.0800,152.8800,4.999968
FILLER_35_206,VDD,Metal1,123.5800,153.3125,4.999968
FILLER_35_198,VDD,Metal1,120.3465,153.4565,4.999968
FILLER_35_168,VDD,Metal1,101.0800,152.8800,4.999970
FILLER_35_160,VDD,Metal1,99.0665,153.4565,4.999970
FILLER_35_150,VDD,Metal1,91.0000,152.8800,4.999972
FILLER_35_142,VDD,Metal1,88.9865,153.4565,4.999972
FILLER_35_132,VDD,Metal1,83.3865,153.4565,4.999972
FILLER_35_102,VDD,Metal1,64.1200,152.8800,4.999973
FILLER_35_100,VDD,Metal1,63.2800,152.8800,4.999973
FILLER_35_96,VDD,Metal1,61.9800,153.3125,4.999973
FILLER_35_88,VDD,Metal1,58.7465,153.4565,4.999973
FILLER_35_72,VDD,Metal1,52.1280,153.5720,4.999973
FILLER_35_66,VDD,Metal1,45.1800,153.3125,4.999973
FILLER_35_2,VDD,Metal1,26.4750,153.6940,4.999973
FILLER_34_505,VDD,Metal1,289.8000,152.8800,4.999956
FILLER_34_467,VDD,Metal1,268.5200,152.8800,4.999956
FILLER_34_465,VDD,Metal1,267.6800,152.8800,4.999956
FILLER_34_442,VDD,Metal1,254.5200,152.8800,4.999957
FILLER_34_440,VDD,Metal1,253.6800,152.8800,4.999957
FILLER_34_395,VDD,Metal1,228.4800,152.8800,4.999958
FILLER_34_387,VDD,Metal1,224.0000,152.8800,4.999961
FILLER_34_384,VDD,Metal1,222.0400,152.8800,4.999961
FILLER_34_382,VDD,Metal1,221.2000,152.8800,4.999961
FILLER_34_358,VDD,Metal1,207.4800,152.8800,4.999961
FILLER_34_321,VDD,Metal1,187.0400,152.8800,4.999964
FILLER_34_317,VDD,Metal1,185.7400,152.4475,4.999964
FILLER_34_311,VDD,Metal1,182.3800,152.4475,4.999964
FILLER_34_292,VDD,Metal1,170.8000,152.8800,4.999964
FILLER_34_247,VDD,Metal1,150.1280,152.1880,4.999965
FILLER_34_201,VDD,Metal1,119.5600,152.8800,4.999968
FILLER_34_199,VDD,Metal1,118.7200,152.8800,4.999969
FILLER_34_195,VDD,Metal1,117.4200,152.4475,4.999969
FILLER_34_187,VDD,Metal1,114.1865,152.3030,4.999969
FILLER_34_177,VDD,Metal1,106.1200,152.8800,4.999969
FILLER_34_128,VDD,Metal1,79.9000,152.4475,4.999973
FILLER_34_120,VDD,Metal1,76.6665,152.3030,4.999973
FILLER_34_101,VDD,Metal1,64.7800,152.4475,4.999973
FILLER_34_37,VDD,Metal1,46.0750,152.0655,4.999973
FILLER_34_34,VDD,Metal1,26.0400,152.8800,4.999973
FILLER_34_2,VDD,Metal1,17.4755,152.1110,4.999973
FILLER_33_492,VDD,Metal1,282.5200,145.0400,4.999972
FILLER_33_480,VDD,Metal1,276.0800,145.0400,4.999973
FILLER_33_450,VDD,Metal1,259.0000,145.0400,4.999973
FILLER_33_448,VDD,Metal1,258.1600,145.0400,4.999974
FILLER_33_434,VDD,Metal1,250.3200,145.0400,4.999974
FILLER_33_430,VDD,Metal1,249.0200,145.4725,4.999974
FILLER_33_422,VDD,Metal1,245.7865,145.6165,4.999974
FILLER_33_394,VDD,Metal1,227.6400,145.0400,4.999977
FILLER_33_386,VDD,Metal1,225.6265,145.6165,4.999977
FILLER_33_379,VDD,Metal1,219.2400,145.0400,4.999978
FILLER_33_377,VDD,Metal1,218.4000,145.0400,4.999978
FILLER_33_373,VDD,Metal1,217.1000,145.4725,4.999978
FILLER_33_358,VDD,Metal1,207.4800,145.0400,4.999978
FILLER_33_349,VDD,Metal1,202.4400,145.0400,4.999980
FILLER_33_330,VDD,Metal1,192.0800,145.0400,4.999980
FILLER_33_314,VDD,Metal1,187.6480,145.7320,4.999980
FILLER_33_300,VDD,Metal1,175.0000,145.0400,4.999984
FILLER_33_292,VDD,Metal1,172.9865,145.6165,4.999984
FILLER_33_265,VDD,Metal1,155.4000,145.0400,4.999984
FILLER_33_261,VDD,Metal1,154.3800,145.4725,4.999984
FILLER_33_253,VDD,Metal1,151.1465,145.6165,4.999984
FILLER_33_234,VDD,Metal1,138.3200,145.0400,4.999985
FILLER_33_226,VDD,Metal1,136.0265,145.6165,4.999985
FILLER_33_212,VDD,Metal1,125.7200,145.0400,4.999985
FILLER_33_209,VDD,Metal1,124.0400,145.0400,4.999985
FILLER_33_207,VDD,Metal1,123.2000,145.0400,4.999985
FILLER_33_191,VDD,Metal1,118.7680,145.7320,4.999985
FILLER_33_167,VDD,Metal1,100.8000,145.0400,4.999986
FILLER_33_163,VDD,Metal1,99.5000,145.4725,4.999986
FILLER_33_142,VDD,Metal1,86.5200,145.0400,4.999987
FILLER_33_139,VDD,Metal1,84.8400,145.0400,4.999987
FILLER_33_137,VDD,Metal1,84.0000,145.0400,4.999987
FILLER_33_133,VDD,Metal1,82.7000,145.4725,4.999987
FILLER_33_117,VDD,Metal1,77.3280,145.7320,4.999987
FILLER_33_72,VDD,Metal1,47.6000,145.0400,4.999988
FILLER_33_66,VDD,Metal1,45.1800,145.4725,4.999988
FILLER_33_50,VDD,Metal1,39.8080,145.7320,4.999988
FILLER_33_18,VDD,Metal1,26.4355,145.8085,4.999989
FILLER_32_473,VDD,Metal1,271.8800,145.0400,4.999973
FILLER_32_469,VDD,Metal1,270.8600,144.6075,4.999973
FILLER_32_457,VDD,Metal1,264.1400,144.6075,4.999973
FILLER_32_441,VDD,Metal1,253.9600,145.0400,4.999974
FILLER_32_405,VDD,Metal1,233.8000,145.0400,4.999976
FILLER_32_403,VDD,Metal1,232.9600,145.0400,4.999976
FILLER_32_395,VDD,Metal1,230.6665,144.4630,4.999976
FILLER_32_381,VDD,Metal1,221.5800,144.6075,4.999978
FILLER_32_373,VDD,Metal1,218.3465,144.4630,4.999978
FILLER_32_357,VDD,Metal1,211.7280,144.3480,4.999978
FILLER_32_335,VDD,Metal1,194.6000,145.0400,4.999980
FILLER_32_327,VDD,Metal1,192.5865,144.4630,4.999980
FILLER_32_317,VDD,Metal1,185.7400,144.6075,4.999980
FILLER_32_313,VDD,Metal1,182.5600,145.0400,4.999982
FILLER_32_295,VDD,Metal1,172.4800,145.0400,4.999984
FILLER_32_279,VDD,Metal1,168.0480,144.3480,4.999984
FILLER_32_273,VDD,Metal1,160.1600,145.0400,4.999984
FILLER_32_257,VDD,Metal1,155.7280,144.3480,4.999984
FILLER_32_234,VDD,Metal1,138.3200,145.0400,4.999985
FILLER_32_230,VDD,Metal1,137.0200,144.6075,4.999985
FILLER_32_222,VDD,Metal1,133.7865,144.4630,4.999985
FILLER_32_206,VDD,Metal1,124.8265,144.4630,4.999985
FILLER_32_190,VDD,Metal1,118.2080,144.3480,4.999985
FILLER_32_179,VDD,Metal1,107.2400,145.0400,4.999986
FILLER_32_177,VDD,Metal1,106.4000,145.0400,4.999986
FILLER_32_166,VDD,Metal1,100.2400,145.0400,4.999986
FILLER_32_121,VDD,Metal1,74.7600,145.0400,4.999987
FILLER_32_113,VDD,Metal1,72.7465,144.4630,4.999987
FILLER_32_107,VDD,Metal1,66.9200,145.0400,4.999987
FILLER_32_86,VDD,Metal1,55.1600,145.0400,4.999988
FILLER_32_84,VDD,Metal1,54.3200,145.0400,4.999988
FILLER_32_53,VDD,Metal1,36.9600,145.0400,4.999988
FILLER_32_37,VDD,Metal1,32.5280,144.3480,4.999989
FILLER_32_34,VDD,Metal1,26.0400,145.0400,4.999989
FILLER_32_2,VDD,Metal1,17.4755,144.2710,4.999989
FILLER_31_422,VDD,Metal1,245.7865,137.7765,4.999901
FILLER_31_411,VDD,Metal1,237.1600,137.2000,4.999904
FILLER_31_407,VDD,Metal1,236.1400,137.6325,4.999904
FILLER_31_379,VDD,Metal1,219.5200,137.2000,4.999907
FILLER_31_373,VDD,Metal1,215.8800,137.2000,4.999909
FILLER_31_369,VDD,Metal1,214.8600,137.6325,4.999909
FILLER_31_360,VDD,Metal1,209.8200,137.6325,4.999933
FILLER_31_352,VDD,Metal1,206.5865,137.7765,4.999934
FILLER_31_335,VDD,Metal1,194.6000,137.2000,4.999939
FILLER_31_298,VDD,Metal1,174.1600,137.2000,4.999940
FILLER_31_282,VDD,Metal1,169.7280,137.8920,4.999940
FILLER_31_269,VDD,Metal1,158.8600,137.6325,4.999940
FILLER_31_224,VDD,Metal1,137.2480,137.8920,4.999940
FILLER_31_202,VDD,Metal1,120.4000,137.2000,4.999942
FILLER_31_171,VDD,Metal1,103.0400,137.2000,4.999947
FILLER_31_167,VDD,Metal1,101.7400,137.6325,4.999947
FILLER_31_156,VDD,Metal1,94.3600,137.2000,4.999951
FILLER_31_136,VDD,Metal1,84.3800,137.6325,4.999962
FILLER_31_128,VDD,Metal1,81.1465,137.7765,4.999962
FILLER_31_112,VDD,Metal1,74.5280,137.8920,4.999963
FILLER_31_82,VDD,Metal1,52.9200,137.2000,4.999965
FILLER_31_58,VDD,Metal1,40.7000,137.6325,4.999966
FILLER_31_50,VDD,Metal1,37.4665,137.7765,4.999966
FILLER_31_34,VDD,Metal1,30.8480,137.8920,4.999966
FILLER_31_2,VDD,Metal1,17.4755,137.9685,4.999968
FILLER_30_469,VDD,Metal1,269.9200,137.2000,4.999899
FILLER_30_457,VDD,Metal1,264.1400,136.7675,4.999899
FILLER_30_428,VDD,Metal1,246.9600,137.2000,4.999902
FILLER_30_414,VDD,Metal1,239.1200,137.2000,4.999904
FILLER_30_410,VDD,Metal1,237.8200,136.7675,4.999904
FILLER_30_394,VDD,Metal1,232.4480,136.5080,4.999905
FILLER_30_387,VDD,Metal1,224.0000,137.2000,4.999907
FILLER_30_383,VDD,Metal1,221.7600,137.2000,4.999907
FILLER_30_372,VDD,Metal1,215.3200,137.2000,4.999909
FILLER_30_370,VDD,Metal1,214.4800,137.2000,4.999909
FILLER_30_357,VDD,Metal1,209.3865,136.6230,4.999933
FILLER_30_301,VDD,Metal1,176.7800,136.7675,4.999939
FILLER_30_269,VDD,Metal1,166.9955,136.4310,4.999940
FILLER_30_263,VDD,Metal1,154.2800,137.2000,4.999940
FILLER_30_259,VDD,Metal1,153.2600,136.7675,4.999940
FILLER_30_251,VDD,Metal1,150.0265,136.6230,4.999940
FILLER_30_241,VDD,Metal1,143.1800,136.7675,4.999940
FILLER_30_233,VDD,Metal1,139.9465,136.6230,4.999940
FILLER_30_202,VDD,Metal1,120.4000,137.2000,4.999942
FILLER_30_198,VDD,Metal1,119.1000,136.7675,4.999942
FILLER_30_190,VDD,Metal1,115.8665,136.6230,4.999942
FILLER_30_182,VDD,Metal1,110.1400,136.7675,4.999942
FILLER_30_174,VDD,Metal1,104.4400,137.2000,4.999947
FILLER_30_172,VDD,Metal1,103.6000,137.2000,4.999947
FILLER_30_168,VDD,Metal1,102.3000,136.7675,4.999947
FILLER_30_159,VDD,Metal1,96.0400,137.2000,4.999951
FILLER_30_157,VDD,Metal1,95.2000,137.2000,4.999951
FILLER_30_153,VDD,Metal1,93.9000,136.7675,4.999951
FILLER_30_145,VDD,Metal1,90.6665,136.6230,4.999960
FILLER_30_131,VDD,Metal1,81.5800,136.7675,4.999962
FILLER_30_111,VDD,Metal1,69.4400,137.2000,4.999965
FILLER_30_107,VDD,Metal1,68.1400,136.7675,4.999965
FILLER_30_103,VDD,Metal1,64.9600,137.2000,4.999965
FILLER_30_99,VDD,Metal1,63.6600,136.7675,4.999965
FILLER_30_91,VDD,Metal1,60.4265,136.6230,4.999965
FILLER_30_31,VDD,Metal1,25.5800,136.7675,4.999968
FILLER_30_15,VDD,Metal1,20.2080,136.5080,4.999968
FILLER_30_8,VDD,Metal1,11.4800,137.2000,4.999968
FILLER_30_6,VDD,Metal1,10.6400,137.2000,4.999968
FILLER_30_2,VDD,Metal1,9.3400,136.7675,4.999968
FILLER_29_430,VDD,Metal1,248.0800,129.3600,4.999947
FILLER_29_419,VDD,Metal1,241.6400,129.3600,4.999947
FILLER_29_389,VDD,Metal1,224.8400,129.3600,4.999950
FILLER_29_385,VDD,Metal1,223.8200,129.7925,4.999950
FILLER_29_372,VDD,Metal1,215.3200,129.3600,4.999952
FILLER_29_356,VDD,Metal1,206.6400,129.3600,4.999952
FILLER_29_352,VDD,Metal1,205.3400,129.7925,4.999952
FILLER_29_349,VDD,Metal1,202.4400,129.3600,4.999954
FILLER_29_345,VDD,Metal1,201.4200,129.7925,4.999954
FILLER_29_298,VDD,Metal1,176.3465,129.9365,4.999956
FILLER_29_253,VDD,Metal1,149.9000,129.7925,4.999959
FILLER_29_221,VDD,Metal1,140.1155,130.1285,4.999959
FILLER_29_209,VDD,Metal1,124.0400,129.3600,4.999961
FILLER_29_207,VDD,Metal1,123.2000,129.3600,4.999961
FILLER_29_203,VDD,Metal1,121.9000,129.7925,4.999961
FILLER_29_195,VDD,Metal1,118.6665,129.9365,4.999961
FILLER_29_188,VDD,Metal1,112.2800,129.3600,4.999963
FILLER_29_186,VDD,Metal1,111.4400,129.3600,4.999963
FILLER_29_182,VDD,Metal1,110.1400,129.7925,4.999963
FILLER_29_174,VDD,Metal1,106.9065,129.9365,4.999963
FILLER_29_142,VDD,Metal1,95.8755,130.1285,4.999964
FILLER_29_139,VDD,Metal1,84.8400,129.3600,4.999966
FILLER_29_137,VDD,Metal1,84.0000,129.3600,4.999966
FILLER_29_107,VDD,Metal1,66.9200,129.3600,4.999968
FILLER_29_105,VDD,Metal1,66.0800,129.3600,4.999968
FILLER_29_97,VDD,Metal1,63.7865,129.9365,4.999968
FILLER_29_81,VDD,Metal1,57.1680,130.0520,4.999968
FILLER_29_63,VDD,Metal1,42.5600,129.3600,4.999969
FILLER_29_47,VDD,Metal1,34.5400,129.7925,4.999973
FILLER_29_40,VDD,Metal1,29.4000,129.3600,4.999973
FILLER_29_38,VDD,Metal1,28.5600,129.3600,4.999974
FILLER_29_34,VDD,Metal1,27.2600,129.7925,4.999974
FILLER_29_2,VDD,Metal1,17.4755,130.1285,4.999975
FILLER_28_483,VDD,Metal1,277.4800,129.3600,4.999945
FILLER_28_451,VDD,Metal1,260.7800,128.9275,4.999946
FILLER_28_408,VDD,Metal1,235.4800,129.3600,4.999947
FILLER_28_400,VDD,Metal1,233.4665,128.7830,4.999947
FILLER_28_387,VDD,Metal1,224.0000,129.3600,4.999950
FILLER_28_384,VDD,Metal1,222.0400,129.3600,4.999951
FILLER_28_367,VDD,Metal1,212.8000,129.3600,4.999952
FILLER_28_350,VDD,Metal1,203.2800,129.3600,4.999953
FILLER_28_346,VDD,Metal1,201.9800,128.9275,4.999954
FILLER_28_285,VDD,Metal1,166.6000,129.3600,4.999957
FILLER_28_277,VDD,Metal1,164.5865,128.7830,4.999957
FILLER_28_265,VDD,Metal1,155.6800,129.3600,4.999959
FILLER_28_243,VDD,Metal1,143.3600,129.3600,4.999959
FILLER_28_239,VDD,Metal1,142.0600,128.9275,4.999959
FILLER_28_195,VDD,Metal1,117.4200,128.9275,4.999961
FILLER_28_177,VDD,Metal1,108.5865,128.7830,4.999963
FILLER_28_167,VDD,Metal1,102.9865,128.7830,4.999964
FILLER_28_156,VDD,Metal1,94.3600,129.3600,4.999964
FILLER_28_154,VDD,Metal1,93.5200,129.3600,4.999964
FILLER_28_150,VDD,Metal1,92.2200,128.9275,4.999964
FILLER_28_142,VDD,Metal1,88.9865,128.7830,4.999964
FILLER_28_107,VDD,Metal1,67.2000,129.3600,4.999968
FILLER_28_101,VDD,Metal1,64.7800,128.9275,4.999968
FILLER_28_85,VDD,Metal1,55.8200,128.9275,4.999968
FILLER_28_47,VDD,Metal1,33.3200,129.3600,4.999973
FILLER_28_45,VDD,Metal1,32.4800,129.3600,4.999973
FILLER_28_37,VDD,Metal1,30.1865,128.7830,4.999973
FILLER_28_34,VDD,Metal1,26.0400,129.3600,4.999975
FILLER_28_18,VDD,Metal1,21.8880,128.6680,4.999975
FILLER_27_521,VDD,Metal1,298.7600,121.5200,4.999906
FILLER_27_434,VDD,Metal1,250.3200,121.5200,4.999906
FILLER_27_424,VDD,Metal1,244.4400,121.5200,4.999906
FILLER_27_422,VDD,Metal1,243.6000,121.5200,4.999906
FILLER_27_388,VDD,Metal1,233.6355,122.2885,4.999906
FILLER_27_352,VDD,Metal1,204.1200,121.5200,4.999907
FILLER_27_349,VDD,Metal1,202.4400,121.5200,4.999907
FILLER_27_347,VDD,Metal1,201.6000,121.5200,4.999907
FILLER_27_343,VDD,Metal1,200.3000,121.9525,4.999907
FILLER_27_315,VDD,Metal1,183.6800,121.5200,4.999910
FILLER_27_307,VDD,Metal1,181.3865,122.0965,4.999911
FILLER_27_292,VDD,Metal1,170.5200,121.5200,4.999918
FILLER_27_290,VDD,Metal1,169.6800,121.5200,4.999918
FILLER_27_282,VDD,Metal1,167.3865,122.0965,4.999918
FILLER_27_279,VDD,Metal1,163.2400,121.5200,4.999916
FILLER_27_277,VDD,Metal1,162.4000,121.5200,4.999916
FILLER_27_268,VDD,Metal1,157.0800,121.5200,4.999916
FILLER_27_228,VDD,Metal1,134.6800,121.5200,4.999915
FILLER_27_226,VDD,Metal1,133.8400,121.5200,4.999915
FILLER_27_150,VDD,Metal1,91.2800,121.5200,4.999917
FILLER_27_142,VDD,Metal1,88.9865,122.0965,4.999917
FILLER_27_139,VDD,Metal1,84.8400,121.5200,4.999917
FILLER_27_80,VDD,Metal1,53.0200,121.9525,4.999917
FILLER_27_72,VDD,Metal1,49.7865,122.0965,4.999917
FILLER_27_50,VDD,Metal1,35.2800,121.5200,4.999925
FILLER_27_46,VDD,Metal1,33.9800,121.9525,4.999926
FILLER_27_38,VDD,Metal1,30.7465,122.0965,4.999926
FILLER_27_33,VDD,Metal1,25.4800,121.5200,4.999930
FILLER_27_31,VDD,Metal1,24.6400,121.5200,4.999930
FILLER_27_15,VDD,Metal1,20.2080,122.2120,4.999930
FILLER_27_8,VDD,Metal1,11.4800,121.5200,4.999930
FILLER_27_6,VDD,Metal1,10.6400,121.5200,4.999930
FILLER_27_2,VDD,Metal1,9.3400,121.9525,4.999930
FILLER_26_496,VDD,Metal1,284.7600,121.5200,4.999906
FILLER_26_494,VDD,Metal1,283.9200,121.5200,4.999906
FILLER_26_457,VDD,Metal1,264.1400,121.0875,4.999906
FILLER_26_445,VDD,Metal1,256.4800,121.5200,4.999906
FILLER_26_383,VDD,Metal1,221.7600,121.5200,4.999907
FILLER_26_379,VDD,Metal1,220.4600,121.0875,4.999907
FILLER_26_371,VDD,Metal1,217.2265,120.9430,4.999907
FILLER_26_309,VDD,Metal1,180.3200,121.5200,4.999914
FILLER_26_294,VDD,Metal1,171.6400,121.5200,4.999921
FILLER_26_292,VDD,Metal1,170.8000,121.5200,4.999918
FILLER_26_281,VDD,Metal1,164.3600,121.5200,4.999917
FILLER_26_279,VDD,Metal1,163.5200,121.5200,4.999916
FILLER_26_247,VDD,Metal1,154.6755,120.7510,4.999916
FILLER_26_179,VDD,Metal1,107.2400,121.5200,4.999916
FILLER_26_177,VDD,Metal1,106.4000,121.5200,4.999916
FILLER_26_155,VDD,Metal1,94.0800,121.5200,4.999916
FILLER_26_119,VDD,Metal1,73.9200,121.5200,4.999917
FILLER_26_115,VDD,Metal1,72.6200,121.0875,4.999917
FILLER_26_90,VDD,Metal1,57.4000,121.5200,4.999917
FILLER_26_80,VDD,Metal1,52.0800,121.5200,4.999917
FILLER_26_76,VDD,Metal1,50.7800,121.0875,4.999917
FILLER_26_46,VDD,Metal1,32.7600,121.5200,4.999926
FILLER_26_42,VDD,Metal1,31.7400,121.0875,4.999926
FILLER_26_22,VDD,Metal1,19.3200,121.5200,4.999930
FILLER_26_18,VDD,Metal1,18.3000,121.0875,4.999930
FILLER_26_2,VDD,Metal1,12.9280,120.8280,4.999930
FILLER_25_492,VDD,Metal1,282.5200,113.6800,4.999931
FILLER_25_473,VDD,Metal1,271.8800,113.6800,4.999933
FILLER_25_471,VDD,Metal1,271.0400,113.6800,4.999933
FILLER_25_418,VDD,Metal1,241.3600,113.6800,4.999935
FILLER_25_414,VDD,Metal1,240.0600,114.1125,4.999935
FILLER_25_406,VDD,Metal1,236.8265,114.2565,4.999935
FILLER_25_390,VDD,Metal1,225.4000,113.6800,4.999935
FILLER_25_388,VDD,Metal1,224.5600,113.6800,4.999936
FILLER_25_384,VDD,Metal1,223.2600,114.1125,4.999936
FILLER_25_352,VDD,Metal1,213.4755,114.4485,4.999937
FILLER_25_349,VDD,Metal1,202.4400,113.6800,4.999938
FILLER_25_347,VDD,Metal1,201.6000,113.6800,4.999938
FILLER_25_343,VDD,Metal1,200.3000,114.1125,4.999938
FILLER_25_284,VDD,Metal1,166.0400,113.6800,4.999940
FILLER_25_282,VDD,Metal1,165.2000,113.6800,4.999940
FILLER_25_278,VDD,Metal1,162.9600,113.6800,4.999940
FILLER_25_270,VDD,Metal1,160.6665,114.2565,4.999940
FILLER_25_243,VDD,Metal1,143.0800,113.6800,4.999937
FILLER_25_241,VDD,Metal1,142.2400,113.6800,4.999937
FILLER_25_237,VDD,Metal1,140.9400,114.1125,4.999937
FILLER_25_184,VDD,Metal1,110.0400,113.6800,4.999936
FILLER_25_182,VDD,Metal1,109.2000,113.6800,4.999937
FILLER_25_156,VDD,Metal1,94.3600,113.6800,4.999937
FILLER_25_154,VDD,Metal1,93.5200,113.6800,4.999937
FILLER_25_150,VDD,Metal1,92.2200,114.1125,4.999937
FILLER_25_138,VDD,Metal1,84.5600,113.6800,4.999937
FILLER_25_122,VDD,Metal1,80.1280,114.3720,4.999937
FILLER_25_72,VDD,Metal1,48.5400,114.1125,4.999941
FILLER_25_22,VDD,Metal1,19.3200,113.6800,4.999947
FILLER_25_18,VDD,Metal1,18.3000,114.1125,4.999947
FILLER_25_2,VDD,Metal1,12.9280,114.3720,4.999947
FILLER_24_483,VDD,Metal1,277.4800,113.6800,4.999932
FILLER_24_481,VDD,Metal1,276.6400,113.6800,4.999932
FILLER_24_433,VDD,Metal1,251.9465,113.1030,4.999934
FILLER_24_423,VDD,Metal1,243.8800,113.6800,4.999935
FILLER_24_421,VDD,Metal1,243.0400,113.6800,4.999935
FILLER_24_417,VDD,Metal1,241.7400,113.2475,4.999935
FILLER_24_387,VDD,Metal1,223.7200,113.6800,4.999936
FILLER_24_383,VDD,Metal1,221.7600,113.6800,4.999937
FILLER_24_375,VDD,Metal1,219.4665,113.1030,4.999937
FILLER_24_363,VDD,Metal1,210.2800,113.6800,4.999937
FILLER_24_359,VDD,Metal1,209.2600,113.2475,4.999937
FILLER_24_351,VDD,Metal1,203.8400,113.6800,4.999938
FILLER_24_347,VDD,Metal1,202.5400,113.2475,4.999938
FILLER_24_339,VDD,Metal1,199.3065,113.1030,4.999938
FILLER_24_314,VDD,Metal1,182.8400,113.6800,4.999940
FILLER_24_310,VDD,Metal1,181.8200,113.2475,4.999940
FILLER_24_302,VDD,Metal1,178.5865,113.1030,4.999941
FILLER_24_262,VDD,Metal1,153.7200,113.6800,4.999939
FILLER_24_254,VDD,Metal1,151.7065,113.1030,4.999939
FILLER_24_247,VDD,Metal1,145.3200,113.6800,4.999939
FILLER_24_181,VDD,Metal1,108.3600,113.6800,4.999937
FILLER_24_129,VDD,Metal1,79.2400,113.6800,4.999937
FILLER_24_107,VDD,Metal1,66.9200,113.6800,4.999938
FILLER_24_75,VDD,Metal1,49.0000,113.6800,4.999941
FILLER_24_73,VDD,Metal1,48.1600,113.6800,4.999941
FILLER_24_65,VDD,Metal1,45.8665,113.1030,4.999941
FILLER_24_52,VDD,Metal1,36.1200,113.6800,4.999947
FILLER_24_48,VDD,Metal1,35.1000,113.2475,4.999947
FILLER_24_2,VDD,Metal1,9.3400,113.2475,4.999947
FILLER_23_456,VDD,Metal1,262.3600,105.8400,4.999970
FILLER_23_454,VDD,Metal1,261.5200,105.8400,4.999970
FILLER_23_441,VDD,Metal1,253.9600,105.8400,4.999970
FILLER_23_433,VDD,Metal1,251.9465,106.4165,4.999971
FILLER_23_422,VDD,Metal1,243.3200,105.8400,4.999971
FILLER_23_419,VDD,Metal1,241.6400,105.8400,4.999971
FILLER_23_417,VDD,Metal1,240.8000,105.8400,4.999971
FILLER_23_409,VDD,Metal1,238.5065,106.4165,4.999971
FILLER_23_383,VDD,Metal1,221.4800,105.8400,4.999971
FILLER_23_375,VDD,Metal1,219.4665,106.4165,4.999971
FILLER_23_346,VDD,Metal1,201.9800,106.2725,4.999971
FILLER_23_338,VDD,Metal1,198.7465,106.4165,4.999971
FILLER_23_329,VDD,Metal1,191.2400,105.8400,4.999972
FILLER_23_327,VDD,Metal1,190.4000,105.8400,4.999972
FILLER_23_155,VDD,Metal1,96.2665,106.4165,4.999970
FILLER_23_146,VDD,Metal1,88.7600,105.8400,4.999971
FILLER_23_142,VDD,Metal1,87.7400,106.2725,4.999971
FILLER_23_139,VDD,Metal1,84.8400,105.8400,4.999971
FILLER_23_135,VDD,Metal1,83.8200,106.2725,4.999971
FILLER_23_128,VDD,Metal1,78.6800,105.8400,4.999971
FILLER_23_126,VDD,Metal1,77.8400,105.8400,4.999972
FILLER_23_118,VDD,Metal1,75.5465,106.4165,4.999972
FILLER_23_110,VDD,Metal1,68.6000,105.8400,4.999973
FILLER_23_106,VDD,Metal1,67.5800,106.2725,4.999973
FILLER_23_77,VDD,Metal1,54.9280,106.5320,4.999973
FILLER_23_60,VDD,Metal1,40.8800,105.8400,4.999977
FILLER_23_50,VDD,Metal1,35.2800,105.8400,4.999979
FILLER_23_26,VDD,Metal1,22.7800,106.2725,4.999982
FILLER_23_18,VDD,Metal1,19.5465,106.4165,4.999982
FILLER_22_436,VDD,Metal1,251.4400,105.8400,4.999971
FILLER_22_432,VDD,Metal1,250.1400,105.4075,4.999971
FILLER_22_419,VDD,Metal1,242.8600,105.4075,4.999971
FILLER_22_387,VDD,Metal1,233.0755,105.0710,4.999971
FILLER_22_375,VDD,Metal1,217.0000,105.8400,4.999971
FILLER_22_367,VDD,Metal1,214.9865,105.2630,4.999971
FILLER_22_336,VDD,Metal1,195.4400,105.8400,4.999972
FILLER_22_319,VDD,Metal1,185.6400,105.8400,4.999972
FILLER_22_317,VDD,Metal1,184.8000,105.8400,4.999972
FILLER_22_307,VDD,Metal1,181.3865,105.2630,4.999972
FILLER_22_289,VDD,Metal1,171.3065,105.2630,4.999971
FILLER_22_259,VDD,Metal1,152.0400,105.8400,4.999970
FILLER_22_255,VDD,Metal1,151.0200,105.4075,4.999970
FILLER_22_244,VDD,Metal1,143.6400,105.8400,4.999970
FILLER_22_242,VDD,Metal1,142.8000,105.8400,4.999970
FILLER_22_212,VDD,Metal1,125.7200,105.8400,4.999969
FILLER_22_210,VDD,Metal1,124.8800,105.8400,4.999969
FILLER_22_181,VDD,Metal1,108.3600,105.8400,4.999969
FILLER_22_177,VDD,Metal1,107.3400,105.4075,4.999969
FILLER_22_174,VDD,Metal1,104.4400,105.8400,4.999969
FILLER_22_157,VDD,Metal1,94.9200,105.8400,4.999971
FILLER_22_155,VDD,Metal1,94.0800,105.8400,4.999971
FILLER_22_151,VDD,Metal1,92.7800,105.4075,4.999971
FILLER_22_135,VDD,Metal1,87.4080,105.1480,4.999971
FILLER_22_111,VDD,Metal1,69.4400,105.8400,4.999972
FILLER_22_107,VDD,Metal1,68.1400,105.4075,4.999973
FILLER_22_103,VDD,Metal1,64.9600,105.8400,4.999973
FILLER_22_87,VDD,Metal1,55.7200,105.8400,4.999973
FILLER_22_85,VDD,Metal1,54.8800,105.8400,4.999973
FILLER_22_44,VDD,Metal1,31.9200,105.8400,4.999979
FILLER_22_37,VDD,Metal1,27.7200,105.8400,4.999981
FILLER_22_31,VDD,Metal1,25.5800,105.4075,4.999981
FILLER_22_15,VDD,Metal1,20.2080,105.1480,4.999982
FILLER_22_8,VDD,Metal1,11.4800,105.8400,4.999982
FILLER_22_6,VDD,Metal1,10.6400,105.8400,4.999982
FILLER_22_2,VDD,Metal1,9.3400,105.4075,4.999982
FILLER_21_492,VDD,Metal1,282.5200,98.0000,4.999878
FILLER_21_450,VDD,Metal1,259.2800,98.0000,4.999882
FILLER_21_442,VDD,Metal1,256.9865,98.5765,4.999882
FILLER_21_419,VDD,Metal1,241.6400,98.0000,4.999883
FILLER_21_415,VDD,Metal1,240.6200,98.4325,4.999883
FILLER_21_405,VDD,Metal1,233.8000,98.0000,4.999884
FILLER_21_403,VDD,Metal1,232.9600,98.0000,4.999884
FILLER_21_383,VDD,Metal1,221.4800,98.0000,4.999888
FILLER_21_381,VDD,Metal1,220.6400,98.0000,4.999888
FILLER_21_323,VDD,Metal1,187.8800,98.0000,4.999935
FILLER_21_319,VDD,Metal1,186.8600,98.4325,4.999935
FILLER_21_286,VDD,Metal1,167.4400,98.0000,4.999941
FILLER_21_278,VDD,Metal1,162.9600,98.0000,4.999941
FILLER_21_150,VDD,Metal1,91.2800,98.0000,4.999944
FILLER_21_142,VDD,Metal1,88.9865,98.5765,4.999944
FILLER_21_138,VDD,Metal1,84.5600,98.0000,4.999944
FILLER_21_130,VDD,Metal1,82.2665,98.5765,4.999944
FILLER_21_123,VDD,Metal1,75.8800,98.0000,4.999944
FILLER_21_119,VDD,Metal1,74.8600,98.4325,4.999948
FILLER_21_111,VDD,Metal1,71.6265,98.5765,4.999948
FILLER_21_80,VDD,Metal1,52.0800,98.0000,4.999953
FILLER_21_72,VDD,Metal1,49.7865,98.5765,4.999953
FILLER_21_52,VDD,Metal1,36.1200,98.0000,4.999955
FILLER_21_48,VDD,Metal1,35.1000,98.4325,4.999955
FILLER_21_23,VDD,Metal1,21.1000,98.4325,4.999965
FILLER_21_15,VDD,Metal1,17.8665,98.5765,4.999965
FILLER_21_8,VDD,Metal1,11.4800,98.0000,4.999965
FILLER_21_6,VDD,Metal1,10.6400,98.0000,4.999965
FILLER_21_2,VDD,Metal1,9.3400,98.4325,4.999965
FILLER_20_492,VDD,Metal1,282.5200,98.0000,4.999878
FILLER_20_490,VDD,Metal1,281.6800,98.0000,4.999878
FILLER_20_457,VDD,Metal1,262.9200,98.0000,4.999880
FILLER_20_448,VDD,Metal1,257.8800,98.0000,4.999882
FILLER_20_411,VDD,Metal1,239.6265,97.4230,4.999883
FILLER_20_402,VDD,Metal1,233.3400,97.5675,4.999884
FILLER_20_387,VDD,Metal1,226.1865,97.4230,4.999885
FILLER_20_383,VDD,Metal1,221.7600,98.0000,4.999888
FILLER_20_375,VDD,Metal1,219.4665,97.4230,4.999888
FILLER_20_362,VDD,Metal1,210.0000,98.0000,4.999888
FILLER_20_346,VDD,Metal1,205.5680,97.3080,4.999888
FILLER_20_274,VDD,Metal1,160.7200,98.0000,4.999941
FILLER_20_267,VDD,Metal1,156.5200,98.0000,4.999941
FILLER_20_265,VDD,Metal1,155.6800,98.0000,4.999941
FILLER_20_261,VDD,Metal1,154.3800,97.5675,4.999941
FILLER_20_237,VDD,Metal1,140.0000,98.0000,4.999942
FILLER_20_221,VDD,Metal1,131.0400,98.0000,4.999942
FILLER_20_191,VDD,Metal1,113.9600,98.0000,4.999942
FILLER_20_189,VDD,Metal1,113.1200,98.0000,4.999942
FILLER_20_185,VDD,Metal1,111.8200,97.5675,4.999942
FILLER_20_177,VDD,Metal1,108.5865,97.4230,4.999942
FILLER_20_149,VDD,Metal1,95.2480,97.3080,4.999943
FILLER_20_107,VDD,Metal1,66.9200,98.0000,4.999951
FILLER_20_92,VDD,Metal1,58.5200,98.0000,4.999951
FILLER_20_88,VDD,Metal1,57.5000,97.5675,4.999951
FILLER_20_80,VDD,Metal1,54.2665,97.4230,4.999951
FILLER_20_49,VDD,Metal1,34.7200,98.0000,4.999955
FILLER_20_45,VDD,Metal1,33.4200,97.5675,4.999955
FILLER_20_37,VDD,Metal1,30.1865,97.4230,4.999955
FILLER_20_28,VDD,Metal1,22.6800,98.0000,4.999965
FILLER_20_26,VDD,Metal1,21.8400,98.0000,4.999965
FILLER_20_18,VDD,Metal1,19.5465,97.4230,4.999965
FILLER_20_2,VDD,Metal1,12.9280,97.3080,4.999965
FILLER_19_441,VDD,Metal1,254.2400,90.1600,4.999906
FILLER_19_437,VDD,Metal1,252.9400,90.5925,4.999906
FILLER_19_426,VDD,Metal1,245.5600,90.1600,4.999906
FILLER_19_422,VDD,Metal1,244.5400,90.5925,4.999906
FILLER_19_419,VDD,Metal1,241.6400,90.1600,4.999906
FILLER_19_415,VDD,Metal1,240.6200,90.5925,4.999906
FILLER_19_385,VDD,Metal1,222.6000,90.1600,4.999906
FILLER_19_369,VDD,Metal1,218.4480,90.8520,4.999906
FILLER_19_352,VDD,Metal1,204.4000,90.1600,4.999906
FILLER_19_278,VDD,Metal1,162.9600,90.1600,4.999906
FILLER_19_266,VDD,Metal1,156.2400,90.1600,4.999907
FILLER_19_258,VDD,Metal1,153.9465,90.7365,4.999911
FILLER_19_246,VDD,Metal1,145.0400,90.1600,4.999913
FILLER_19_242,VDD,Metal1,143.7400,90.5925,4.999913
FILLER_19_216,VDD,Metal1,127.9600,90.1600,4.999915
FILLER_19_196,VDD,Metal1,117.9800,90.5925,4.999923
FILLER_19_166,VDD,Metal1,99.9600,90.1600,4.999931
FILLER_19_162,VDD,Metal1,98.9400,90.5925,4.999932
FILLER_19_154,VDD,Metal1,95.7065,90.7365,4.999932
FILLER_19_139,VDD,Metal1,84.8400,90.1600,4.999932
FILLER_19_137,VDD,Metal1,84.0000,90.1600,4.999934
FILLER_19_129,VDD,Metal1,81.7065,90.7365,4.999934
FILLER_19_103,VDD,Metal1,64.6800,90.1600,4.999937
FILLER_19_99,VDD,Metal1,63.6600,90.5925,4.999937
FILLER_19_72,VDD,Metal1,47.6000,90.1600,4.999938
FILLER_19_69,VDD,Metal1,45.6400,90.1600,4.999938
FILLER_19_53,VDD,Metal1,41.4880,90.8520,4.999938
FILLER_19_22,VDD,Metal1,19.6000,90.1600,4.999939
FILLER_19_18,VDD,Metal1,18.3000,90.5925,4.999939
FILLER_18_479,VDD,Metal1,275.5200,90.1600,4.999905
FILLER_18_459,VDD,Metal1,264.0400,90.1600,4.999905
FILLER_18_457,VDD,Metal1,263.2000,90.1600,4.999905
FILLER_18_453,VDD,Metal1,260.9600,90.1600,4.999905
FILLER_18_449,VDD,Metal1,259.6600,89.7275,4.999905
FILLER_18_441,VDD,Metal1,256.4265,89.5830,4.999905
FILLER_18_409,VDD,Metal1,245.3955,89.3910,4.999906
FILLER_18_400,VDD,Metal1,231.0000,90.1600,4.999906
FILLER_18_387,VDD,Metal1,226.1865,89.5830,4.999906
FILLER_18_383,VDD,Metal1,221.7600,90.1600,4.999906
FILLER_18_367,VDD,Metal1,214.9865,89.5830,4.999906
FILLER_18_314,VDD,Metal1,182.8400,90.1600,4.999906
FILLER_18_312,VDD,Metal1,182.0000,90.1600,4.999906
FILLER_18_300,VDD,Metal1,175.2800,90.1600,4.999906
FILLER_18_292,VDD,Metal1,172.9865,89.5830,4.999906
FILLER_18_214,VDD,Metal1,127.1200,90.1600,4.999915
FILLER_18_210,VDD,Metal1,125.8200,89.7275,4.999916
FILLER_18_198,VDD,Metal1,118.1600,90.1600,4.999923
FILLER_18_194,VDD,Metal1,116.8600,89.7275,4.999923
FILLER_18_186,VDD,Metal1,113.6265,89.5830,4.999923
FILLER_18_179,VDD,Metal1,107.2400,90.1600,4.999924
FILLER_18_177,VDD,Metal1,106.4000,90.1600,4.999924
FILLER_18_174,VDD,Metal1,104.4400,90.1600,4.999924
FILLER_18_166,VDD,Metal1,102.4265,89.5830,4.999924
FILLER_18_136,VDD,Metal1,83.1600,90.1600,4.999934
FILLER_18_101,VDD,Metal1,64.7800,89.7275,4.999937
FILLER_18_57,VDD,Metal1,38.9200,90.1600,4.999938
FILLER_18_53,VDD,Metal1,37.9000,89.7275,4.999938
FILLER_18_37,VDD,Metal1,32.5280,89.4680,4.999938
FILLER_18_31,VDD,Metal1,25.5800,89.7275,4.999939
FILLER_18_15,VDD,Metal1,20.2080,89.4680,4.999939
FILLER_18_8,VDD,Metal1,11.4800,90.1600,4.999939
FILLER_18_6,VDD,Metal1,10.6400,90.1600,4.999939
FILLER_18_2,VDD,Metal1,9.3400,89.7275,4.999939
FILLER_17_492,VDD,Metal1,282.5200,82.3200,4.999888
FILLER_17_485,VDD,Metal1,278.6000,82.3200,4.999889
FILLER_17_452,VDD,Metal1,260.1200,82.3200,4.999896
FILLER_17_450,VDD,Metal1,259.2800,82.3200,4.999896
FILLER_17_442,VDD,Metal1,256.9865,82.8965,4.999896
FILLER_17_435,VDD,Metal1,250.6000,82.3200,4.999902
FILLER_17_433,VDD,Metal1,249.7600,82.3200,4.999902
FILLER_17_422,VDD,Metal1,243.3200,82.3200,4.999902
FILLER_17_416,VDD,Metal1,241.1800,82.7525,4.999902
FILLER_17_406,VDD,Metal1,235.5800,82.7525,4.999902
FILLER_17_397,VDD,Metal1,230.5400,82.7525,4.999921
FILLER_17_389,VDD,Metal1,226.0600,82.7525,4.999922
FILLER_17_381,VDD,Metal1,222.8265,82.8965,4.999923
FILLER_17_189,VDD,Metal1,112.8400,82.3200,4.999940
FILLER_17_187,VDD,Metal1,112.0000,82.3200,4.999940
FILLER_17_183,VDD,Metal1,110.7000,82.7525,4.999941
FILLER_17_156,VDD,Metal1,94.6400,82.3200,4.999944
FILLER_17_146,VDD,Metal1,89.0400,82.3200,4.999945
FILLER_17_142,VDD,Metal1,87.7400,82.7525,4.999945
FILLER_17_136,VDD,Metal1,84.3800,82.7525,4.999945
FILLER_17_128,VDD,Metal1,78.9600,82.3200,4.999947
FILLER_17_86,VDD,Metal1,55.1600,82.3200,4.999951
FILLER_17_78,VDD,Metal1,53.1465,82.8965,4.999951
FILLER_17_44,VDD,Metal1,31.6400,82.3200,4.999955
FILLER_17_42,VDD,Metal1,30.8000,82.3200,4.999955
FILLER_17_34,VDD,Metal1,28.5065,82.8965,4.999955
FILLER_17_2,VDD,Metal1,17.4755,83.0885,4.999958
FILLER_16_486,VDD,Metal1,279.1600,82.3200,4.999889
FILLER_16_399,VDD,Metal1,230.4400,82.3200,4.999921
FILLER_16_395,VDD,Metal1,229.4200,81.8875,4.999921
FILLER_16_387,VDD,Metal1,226.1865,81.7430,4.999922
FILLER_16_384,VDD,Metal1,222.0400,82.3200,4.999923
FILLER_16_317,VDD,Metal1,184.5200,82.3200,4.999928
FILLER_16_304,VDD,Metal1,177.2400,82.3200,4.999928
FILLER_16_300,VDD,Metal1,176.2200,81.8875,4.999928
FILLER_16_274,VDD,Metal1,160.4400,82.3200,4.999930
FILLER_16_257,VDD,Metal1,150.9200,82.3200,4.999930
FILLER_16_255,VDD,Metal1,150.0800,82.3200,4.999930
FILLER_16_218,VDD,Metal1,129.3600,82.3200,4.999931
FILLER_16_214,VDD,Metal1,128.0600,81.8875,4.999931
FILLER_16_153,VDD,Metal1,95.1465,81.7430,4.999944
FILLER_16_127,VDD,Metal1,78.1200,82.3200,4.999947
FILLER_16_123,VDD,Metal1,77.1000,81.8875,4.999949
FILLER_16_107,VDD,Metal1,68.1400,81.8875,4.999949
FILLER_16_104,VDD,Metal1,65.2400,82.3200,4.999949
FILLER_16_102,VDD,Metal1,64.4000,82.3200,4.999949
FILLER_16_98,VDD,Metal1,63.1000,81.8875,4.999949
FILLER_16_68,VDD,Metal1,45.0800,82.3200,4.999955
FILLER_16_37,VDD,Metal1,28.0000,82.3200,4.999955
FILLER_16_34,VDD,Metal1,26.0400,82.3200,4.999958
FILLER_16_2,VDD,Metal1,17.4755,81.5510,4.999958
FILLER_15_489,VDD,Metal1,280.8400,74.4800,4.999931
FILLER_15_422,VDD,Metal1,244.5400,74.9125,4.999935
FILLER_15_416,VDD,Metal1,241.1800,74.9125,4.999935
FILLER_15_407,VDD,Metal1,234.9200,74.4800,4.999935
FILLER_15_405,VDD,Metal1,234.0800,74.4800,4.999935
FILLER_15_401,VDD,Metal1,232.7800,74.9125,4.999935
FILLER_15_393,VDD,Metal1,229.5465,75.0565,4.999935
FILLER_15_282,VDD,Metal1,165.2000,74.4800,4.999945
FILLER_15_272,VDD,Metal1,159.6000,74.4800,4.999946
FILLER_15_212,VDD,Metal1,126.0000,74.4800,4.999952
FILLER_15_209,VDD,Metal1,124.0400,74.4800,4.999953
FILLER_15_205,VDD,Metal1,123.0200,74.9125,4.999953
FILLER_15_138,VDD,Metal1,84.5600,74.4800,4.999960
FILLER_15_72,VDD,Metal1,47.6000,74.4800,4.999967
FILLER_15_15,VDD,Metal1,24.7555,75.2485,4.999970
FILLER_15_8,VDD,Metal1,11.4800,74.4800,4.999970
FILLER_15_6,VDD,Metal1,10.6400,74.4800,4.999970
FILLER_15_2,VDD,Metal1,9.3400,74.9125,4.999970
FILLER_14_485,VDD,Metal1,278.8800,74.4800,4.999931
FILLER_14_444,VDD,Metal1,255.6400,74.4800,4.999932
FILLER_14_433,VDD,Metal1,249.4800,74.4800,4.999934
FILLER_14_401,VDD,Metal1,240.9155,73.7110,4.999935
FILLER_14_384,VDD,Metal1,222.0400,74.4800,4.999939
FILLER_14_382,VDD,Metal1,221.2000,74.4800,4.999939
FILLER_14_373,VDD,Metal1,215.8800,74.4800,4.999939
FILLER_14_369,VDD,Metal1,214.8600,74.0475,4.999939
FILLER_14_332,VDD,Metal1,193.2000,74.4800,4.999940
FILLER_14_317,VDD,Metal1,184.5200,74.4800,4.999943
FILLER_14_302,VDD,Metal1,176.1200,74.4800,4.999945
FILLER_14_300,VDD,Metal1,175.2800,74.4800,4.999945
FILLER_14_267,VDD,Metal1,157.7400,74.0475,4.999946
FILLER_14_259,VDD,Metal1,154.5065,73.9030,4.999946
FILLER_14_247,VDD,Metal1,146.5400,74.0475,4.999946
FILLER_14_241,VDD,Metal1,143.1800,74.0475,4.999949
FILLER_14_211,VDD,Metal1,125.1600,74.4800,4.999952
FILLER_14_209,VDD,Metal1,124.3200,74.4800,4.999953
FILLER_14_183,VDD,Metal1,109.4800,74.4800,4.999954
FILLER_14_174,VDD,Metal1,104.4400,74.4800,4.999959
FILLER_14_156,VDD,Metal1,95.5800,74.0475,4.999959
FILLER_14_111,VDD,Metal1,69.4400,74.4800,4.999960
FILLER_14_107,VDD,Metal1,68.1400,74.0475,4.999960
FILLER_14_104,VDD,Metal1,65.2400,74.4800,4.999967
FILLER_14_102,VDD,Metal1,64.4000,74.4800,4.999967
FILLER_14_67,VDD,Metal1,45.7400,74.0475,4.999968
FILLER_14_53,VDD,Metal1,36.6800,74.4800,4.999969
FILLER_14_37,VDD,Metal1,32.5280,73.7880,4.999969
FILLER_14_34,VDD,Metal1,26.0400,74.4800,4.999970
FILLER_14_18,VDD,Metal1,21.8880,73.7880,4.999970
FILLER_13_489,VDD,Metal1,280.8400,66.6400,4.999962
FILLER_13_426,VDD,Metal1,245.5600,66.6400,4.999963
FILLER_13_422,VDD,Metal1,244.5400,67.0725,4.999964
FILLER_13_412,VDD,Metal1,240.1865,67.2165,4.999964
FILLER_13_405,VDD,Metal1,233.8000,66.6400,4.999964
FILLER_13_364,VDD,Metal1,210.8400,66.6400,4.999965
FILLER_13_295,VDD,Metal1,172.2000,66.6400,4.999966
FILLER_13_291,VDD,Metal1,171.1800,67.0725,4.999966
FILLER_13_282,VDD,Metal1,164.9200,66.6400,4.999966
FILLER_13_279,VDD,Metal1,163.2400,66.6400,4.999966
FILLER_13_275,VDD,Metal1,162.2200,67.0725,4.999966
FILLER_13_267,VDD,Metal1,158.9865,67.2165,4.999966
FILLER_13_236,VDD,Metal1,139.4400,66.6400,4.999966
FILLER_13_212,VDD,Metal1,126.0000,66.6400,4.999966
FILLER_13_206,VDD,Metal1,123.5800,67.0725,4.999966
FILLER_13_191,VDD,Metal1,113.9600,66.6400,4.999966
FILLER_13_189,VDD,Metal1,113.1200,66.6400,4.999966
FILLER_13_150,VDD,Metal1,91.2800,66.6400,4.999966
FILLER_13_142,VDD,Metal1,88.9865,67.2165,4.999966
FILLER_13_113,VDD,Metal1,70.5600,66.6400,4.999968
FILLER_13_40,VDD,Metal1,29.4000,66.6400,4.999973
FILLER_13_38,VDD,Metal1,28.5600,66.6400,4.999973
FILLER_13_34,VDD,Metal1,27.2600,67.0725,4.999974
FILLER_13_2,VDD,Metal1,17.4755,67.4085,4.999975
FILLER_12_497,VDD,Metal1,285.3200,66.6400,4.999962
FILLER_12_495,VDD,Metal1,284.4800,66.6400,4.999962
FILLER_12_457,VDD,Metal1,262.9200,66.6400,4.999962
FILLER_12_441,VDD,Metal1,254.2400,66.6400,4.999962
FILLER_12_387,VDD,Metal1,224.0000,66.6400,4.999964
FILLER_12_381,VDD,Metal1,221.5800,66.2075,4.999964
FILLER_12_317,VDD,Metal1,184.5200,66.6400,4.999966
FILLER_12_314,VDD,Metal1,182.8400,66.6400,4.999966
FILLER_12_312,VDD,Metal1,182.0000,66.6400,4.999966
FILLER_12_308,VDD,Metal1,180.7000,66.2075,4.999966
FILLER_12_296,VDD,Metal1,173.9800,66.2075,4.999966
FILLER_12_288,VDD,Metal1,170.7465,66.0630,4.999966
FILLER_12_247,VDD,Metal1,146.5400,66.2075,4.999966
FILLER_12_241,VDD,Metal1,143.1800,66.2075,4.999966
FILLER_12_206,VDD,Metal1,122.6400,66.6400,4.999966
FILLER_12_202,VDD,Metal1,121.3400,66.2075,4.999966
FILLER_12_171,VDD,Metal1,103.9800,66.2075,4.999966
FILLER_12_69,VDD,Metal1,45.6400,66.6400,4.999973
FILLER_12_67,VDD,Metal1,44.8000,66.6400,4.999973
FILLER_12_63,VDD,Metal1,43.5000,66.2075,4.999973
FILLER_12_54,VDD,Metal1,37.2400,66.6400,4.999973
FILLER_12_46,VDD,Metal1,33.0400,66.6400,4.999973
FILLER_12_37,VDD,Metal1,27.7200,66.6400,4.999974
FILLER_12_34,VDD,Metal1,26.0400,66.6400,4.999975
FILLER_12_2,VDD,Metal1,17.4755,65.8710,4.999975
FILLER_11_412,VDD,Metal1,238.0000,58.8000,4.999880
FILLER_11_408,VDD,Metal1,236.7000,59.2325,4.999880
FILLER_11_396,VDD,Metal1,229.9800,59.2325,4.999884
FILLER_11_388,VDD,Metal1,226.7465,59.3765,4.999884
FILLER_11_358,VDD,Metal1,207.4800,58.8000,4.999890
FILLER_11_356,VDD,Metal1,206.6400,58.8000,4.999890
FILLER_11_348,VDD,Metal1,202.1600,58.8000,4.999891
FILLER_11_300,VDD,Metal1,175.0000,58.8000,4.999906
FILLER_11_298,VDD,Metal1,174.1600,58.8000,4.999906
FILLER_11_290,VDD,Metal1,171.8665,59.3765,4.999906
FILLER_11_245,VDD,Metal1,145.4200,59.2325,4.999906
FILLER_11_230,VDD,Metal1,135.8000,58.8000,4.999906
FILLER_11_226,VDD,Metal1,134.7800,59.2325,4.999906
FILLER_11_139,VDD,Metal1,84.8400,58.8000,4.999911
FILLER_11_129,VDD,Metal1,79.5200,58.8000,4.999911
FILLER_11_98,VDD,Metal1,62.1600,58.8000,4.999912
FILLER_11_90,VDD,Metal1,59.8665,59.3765,4.999912
FILLER_11_82,VDD,Metal1,53.2000,58.8000,4.999912
FILLER_11_78,VDD,Metal1,51.9000,59.2325,4.999913
FILLER_11_69,VDD,Metal1,45.6400,58.8000,4.999915
FILLER_11_65,VDD,Metal1,44.6200,59.2325,4.999915
FILLER_11_54,VDD,Metal1,37.5200,58.8000,4.999915
FILLER_11_18,VDD,Metal1,17.0800,58.8000,4.999916
FILLER_11_2,VDD,Metal1,12.9280,59.4920,4.999916
FILLER_10_489,VDD,Metal1,280.8400,58.8000,4.999880
FILLER_10_487,VDD,Metal1,280.0000,58.8000,4.999880
FILLER_10_457,VDD,Metal1,262.9200,58.8000,4.999880
FILLER_10_454,VDD,Metal1,261.2400,58.8000,4.999880
FILLER_10_403,VDD,Metal1,232.6800,58.8000,4.999883
FILLER_10_399,VDD,Metal1,231.6600,58.3675,4.999883
FILLER_10_384,VDD,Metal1,222.0400,58.8000,4.999889
FILLER_10_382,VDD,Metal1,221.2000,58.8000,4.999889
FILLER_10_378,VDD,Metal1,219.9000,58.3675,4.999889
FILLER_10_362,VDD,Metal1,214.5280,58.1080,4.999889
FILLER_10_317,VDD,Metal1,185.7400,58.3675,4.999892
FILLER_10_314,VDD,Metal1,182.8400,58.8000,4.999892
FILLER_10_312,VDD,Metal1,182.0000,58.8000,4.999892
FILLER_10_296,VDD,Metal1,175.2265,58.2230,4.999906
FILLER_10_181,VDD,Metal1,108.3600,58.8000,4.999909
FILLER_10_177,VDD,Metal1,107.3400,58.3675,4.999909
FILLER_10_119,VDD,Metal1,73.9200,58.8000,4.999911
FILLER_10_107,VDD,Metal1,68.1400,58.3675,4.999911
FILLER_10_104,VDD,Metal1,65.2400,58.8000,4.999911
FILLER_10_102,VDD,Metal1,64.4000,58.8000,4.999911
FILLER_10_50,VDD,Metal1,35.0000,58.8000,4.999916
FILLER_10_46,VDD,Metal1,33.9800,58.3675,4.999916
FILLER_10_37,VDD,Metal1,27.7200,58.8000,4.999916
FILLER_10_34,VDD,Metal1,26.0400,58.8000,4.999916
FILLER_10_2,VDD,Metal1,17.4755,58.0310,4.999916
FILLER_9_418,VDD,Metal1,241.3600,50.9600,4.999886
FILLER_9_407,VDD,Metal1,234.9200,50.9600,4.999886
FILLER_9_382,VDD,Metal1,221.2000,50.9600,4.999886
FILLER_9_369,VDD,Metal1,213.6400,50.9600,4.999909
FILLER_9_361,VDD,Metal1,211.6265,51.5365,4.999909
FILLER_9_352,VDD,Metal1,204.1200,50.9600,4.999921
FILLER_9_324,VDD,Metal1,188.4400,50.9600,4.999923
FILLER_9_322,VDD,Metal1,187.6000,50.9600,4.999923
FILLER_9_314,VDD,Metal1,185.3065,51.5365,4.999924
FILLER_9_298,VDD,Metal1,178.6880,51.6520,4.999929
FILLER_9_267,VDD,Metal1,156.8000,50.9600,4.999934
FILLER_9_231,VDD,Metal1,136.3600,50.9600,4.999935
FILLER_9_216,VDD,Metal1,127.9600,50.9600,4.999938
FILLER_9_212,VDD,Metal1,126.9400,51.3925,4.999938
FILLER_9_194,VDD,Metal1,115.9200,50.9600,4.999940
FILLER_9_164,VDD,Metal1,98.8400,50.9600,4.999940
FILLER_9_156,VDD,Metal1,94.6400,50.9600,4.999945
FILLER_9_113,VDD,Metal1,70.5600,50.9600,4.999945
FILLER_9_109,VDD,Metal1,69.2600,51.3925,4.999945
FILLER_9_101,VDD,Metal1,66.0265,51.5365,4.999946
FILLER_9_62,VDD,Metal1,42.0000,50.9600,4.999948
FILLER_9_32,VDD,Metal1,24.9200,50.9600,4.999950
FILLER_9_30,VDD,Metal1,24.0800,50.9600,4.999950
FILLER_9_26,VDD,Metal1,22.7800,51.3925,4.999950
FILLER_9_18,VDD,Metal1,19.5465,51.5365,4.999950
FILLER_8_471,VDD,Metal1,270.7600,50.9600,4.999885
FILLER_8_469,VDD,Metal1,269.9200,50.9600,4.999885
FILLER_8_449,VDD,Metal1,258.4400,50.9600,4.999885
FILLER_8_384,VDD,Metal1,222.0400,50.9600,4.999886
FILLER_8_371,VDD,Metal1,214.7600,50.9600,4.999908
FILLER_8_352,VDD,Metal1,204.1200,50.9600,4.999921
FILLER_8_350,VDD,Metal1,203.2800,50.9600,4.999921
FILLER_8_255,VDD,Metal1,150.0800,50.9600,4.999935
FILLER_8_247,VDD,Metal1,147.7865,50.3830,4.999935
FILLER_8_244,VDD,Metal1,143.6400,50.9600,4.999935
FILLER_8_240,VDD,Metal1,142.6200,50.5275,4.999935
FILLER_8_224,VDD,Metal1,137.2480,50.2680,4.999935
FILLER_8_185,VDD,Metal1,110.8800,50.9600,4.999940
FILLER_8_167,VDD,Metal1,100.8000,50.9600,4.999940
FILLER_8_159,VDD,Metal1,98.5065,50.3830,4.999940
FILLER_8_151,VDD,Metal1,91.8400,50.9600,4.999945
FILLER_8_120,VDD,Metal1,74.4800,50.9600,4.999945
FILLER_8_113,VDD,Metal1,70.2800,50.9600,4.999945
FILLER_8_111,VDD,Metal1,69.4400,50.9600,4.999945
FILLER_8_107,VDD,Metal1,68.1400,50.5275,4.999945
FILLER_8_88,VDD,Metal1,56.2800,50.9600,4.999946
FILLER_8_80,VDD,Metal1,54.2665,50.3830,4.999946
FILLER_8_73,VDD,Metal1,47.8800,50.9600,4.999947
FILLER_8_57,VDD,Metal1,43.7280,50.2680,4.999948
FILLER_8_37,VDD,Metal1,28.9400,50.5275,4.999949
FILLER_8_34,VDD,Metal1,26.0400,50.9600,4.999950
FILLER_8_2,VDD,Metal1,17.4755,50.1910,4.999950
FILLER_7_492,VDD,Metal1,282.8000,43.1200,4.999865
FILLER_7_486,VDD,Metal1,280.3800,43.5525,4.999865
FILLER_7_474,VDD,Metal1,273.6600,43.5525,4.999865
FILLER_7_422,VDD,Metal1,243.6000,43.1200,4.999868
FILLER_7_416,VDD,Metal1,241.1800,43.5525,4.999870
FILLER_7_392,VDD,Metal1,226.8000,43.1200,4.999876
FILLER_7_376,VDD,Metal1,218.7800,43.5525,4.999879
FILLER_7_352,VDD,Metal1,204.4000,43.1200,4.999887
FILLER_7_348,VDD,Metal1,202.1600,43.1200,4.999909
FILLER_7_344,VDD,Metal1,200.8600,43.5525,4.999909
FILLER_7_332,VDD,Metal1,194.1400,43.5525,4.999914
FILLER_7_322,VDD,Metal1,187.6000,43.1200,4.999917
FILLER_7_314,VDD,Metal1,185.3065,43.6965,4.999918
FILLER_7_298,VDD,Metal1,178.6880,43.8120,4.999920
FILLER_7_248,VDD,Metal1,145.8800,43.1200,4.999916
FILLER_7_218,VDD,Metal1,129.0800,43.1200,4.999916
FILLER_7_177,VDD,Metal1,106.4000,43.1200,4.999917
FILLER_7_142,VDD,Metal1,87.7400,43.5525,4.999918
FILLER_7_138,VDD,Metal1,84.5600,43.1200,4.999918
FILLER_7_134,VDD,Metal1,83.2600,43.5525,4.999918
FILLER_7_121,VDD,Metal1,74.7600,43.1200,4.999922
FILLER_7_117,VDD,Metal1,73.7400,43.5525,4.999928
FILLER_7_72,VDD,Metal1,49.7865,43.6965,4.999930
FILLER_7_62,VDD,Metal1,42.0000,43.1200,4.999939
FILLER_7_54,VDD,Metal1,37.5200,43.1200,4.999939
FILLER_7_50,VDD,Metal1,36.2200,43.5525,4.999939
FILLER_7_34,VDD,Metal1,30.8480,43.8120,4.999939
FILLER_7_2,VDD,Metal1,17.4755,43.8885,4.999942
FILLER_6_471,VDD,Metal1,270.7600,43.1200,4.999866
FILLER_6_469,VDD,Metal1,269.9200,43.1200,4.999866
FILLER_6_405,VDD,Metal1,234.0800,43.1200,4.999875
FILLER_6_401,VDD,Metal1,232.7800,42.6875,4.999876
FILLER_6_391,VDD,Metal1,225.9600,43.1200,4.999878
FILLER_6_387,VDD,Metal1,224.9400,42.6875,4.999878
FILLER_6_384,VDD,Metal1,222.0400,43.1200,4.999878
FILLER_6_380,VDD,Metal1,221.0200,42.6875,4.999878
FILLER_6_372,VDD,Metal1,216.5400,42.6875,4.999880
FILLER_6_360,VDD,Metal1,208.8800,43.1200,4.999886
FILLER_6_356,VDD,Metal1,207.5800,42.6875,4.999886
FILLER_6_348,VDD,Metal1,204.3465,42.5430,4.999887
FILLER_6_335,VDD,Metal1,194.6000,43.1200,4.999914
FILLER_6_333,VDD,Metal1,193.7600,43.1200,4.999914
FILLER_6_317,VDD,Metal1,184.8000,43.1200,4.999918
FILLER_6_314,VDD,Metal1,182.8400,43.1200,4.999920
FILLER_6_306,VDD,Metal1,180.8265,42.5430,4.999920
FILLER_6_290,VDD,Metal1,174.2080,42.4280,4.999920
FILLER_6_260,VDD,Metal1,152.6000,43.1200,4.999919
FILLER_6_258,VDD,Metal1,151.7600,43.1200,4.999919
FILLER_6_249,VDD,Metal1,146.4400,43.1200,4.999916
FILLER_6_247,VDD,Metal1,145.6000,43.1200,4.999916
FILLER_6_241,VDD,Metal1,143.1800,42.6875,4.999916
FILLER_6_177,VDD,Metal1,106.1200,43.1200,4.999917
FILLER_6_162,VDD,Metal1,97.7200,43.1200,4.999918
FILLER_6_160,VDD,Metal1,96.8800,43.1200,4.999918
FILLER_6_130,VDD,Metal1,79.8000,43.1200,4.999920
FILLER_6_126,VDD,Metal1,78.7800,42.6875,4.999920
FILLER_6_119,VDD,Metal1,73.6400,43.1200,4.999928
FILLER_6_115,VDD,Metal1,72.6200,42.6875,4.999928
FILLER_6_72,VDD,Metal1,47.3200,43.1200,4.999933
FILLER_6_68,VDD,Metal1,46.3000,42.6875,4.999937
FILLER_6_37,VDD,Metal1,28.0000,43.1200,4.999939
FILLER_6_34,VDD,Metal1,26.0400,43.1200,4.999942
FILLER_6_2,VDD,Metal1,17.4755,42.3510,4.999942
FILLER_5_498,VDD,Metal1,288.3465,35.8565,4.999970
FILLER_5_486,VDD,Metal1,280.3800,35.7125,4.999970
FILLER_5_469,VDD,Metal1,269.6400,35.2800,4.999971
FILLER_5_467,VDD,Metal1,268.8000,35.2800,4.999971
FILLER_5_456,VDD,Metal1,262.3600,35.2800,4.999971
FILLER_5_454,VDD,Metal1,261.5200,35.2800,4.999971
FILLER_5_436,VDD,Metal1,251.1600,35.2800,4.999975
FILLER_5_434,VDD,Metal1,250.3200,35.2800,4.999975
FILLER_5_412,VDD,Metal1,238.0000,35.2800,4.999976
FILLER_5_404,VDD,Metal1,235.7065,35.8565,4.999976
FILLER_5_388,VDD,Metal1,224.5600,35.2800,4.999977
FILLER_5_384,VDD,Metal1,223.2600,35.7125,4.999977
FILLER_5_352,VDD,Metal1,213.4755,36.0485,4.999977
FILLER_5_348,VDD,Metal1,202.1600,35.2800,4.999977
FILLER_5_344,VDD,Metal1,200.8600,35.7125,4.999977
FILLER_5_339,VDD,Metal1,196.8400,35.2800,4.999978
FILLER_5_337,VDD,Metal1,196.0000,35.2800,4.999978
FILLER_5_307,VDD,Metal1,178.9200,35.2800,4.999979
FILLER_5_291,VDD,Metal1,174.7680,35.9720,4.999979
FILLER_5_284,VDD,Metal1,166.0400,35.2800,4.999978
FILLER_5_282,VDD,Metal1,165.2000,35.2800,4.999978
FILLER_5_273,VDD,Metal1,159.8800,35.2800,4.999978
FILLER_5_237,VDD,Metal1,139.7200,35.2800,4.999977
FILLER_5_209,VDD,Metal1,124.0400,35.2800,4.999977
FILLER_5_205,VDD,Metal1,123.0200,35.7125,4.999977
FILLER_5_197,VDD,Metal1,117.3200,35.2800,4.999977
FILLER_5_193,VDD,Metal1,116.3000,35.7125,4.999977
FILLER_5_183,VDD,Metal1,109.7600,35.2800,4.999977
FILLER_5_146,VDD,Metal1,88.7600,35.2800,4.999977
FILLER_5_142,VDD,Metal1,87.7400,35.7125,4.999977
FILLER_5_131,VDD,Metal1,80.3600,35.2800,4.999977
FILLER_5_129,VDD,Metal1,79.5200,35.2800,4.999977
FILLER_5_82,VDD,Metal1,52.9200,35.2800,4.999978
FILLER_5_72,VDD,Metal1,48.5400,35.7125,4.999979
FILLER_5_58,VDD,Metal1,39.4800,35.2800,4.999979
FILLER_5_56,VDD,Metal1,38.6400,35.2800,4.999979
FILLER_5_47,VDD,Metal1,33.3200,35.2800,4.999980
FILLER_5_2,VDD,Metal1,12.9280,35.9720,4.999982
FILLER_4_521,VDD,Metal1,298.7600,35.2800,4.999970
FILLER_4_513,VDD,Metal1,296.7465,34.7030,4.999970
FILLER_4_507,VDD,Metal1,291.2000,35.2800,4.999970
FILLER_4_469,VDD,Metal1,269.6400,35.2800,4.999971
FILLER_4_457,VDD,Metal1,263.2000,35.2800,4.999971
FILLER_4_454,VDD,Metal1,261.2400,35.2800,4.999971
FILLER_4_446,VDD,Metal1,259.2265,34.7030,4.999974
FILLER_4_432,VDD,Metal1,249.2000,35.2800,4.999975
FILLER_4_421,VDD,Metal1,242.7600,35.2800,4.999975
FILLER_4_419,VDD,Metal1,241.9200,35.2800,4.999975
FILLER_4_403,VDD,Metal1,237.4880,34.5880,4.999976
FILLER_4_387,VDD,Metal1,226.1865,34.7030,4.999977
FILLER_4_383,VDD,Metal1,221.7600,35.2800,4.999977
FILLER_4_379,VDD,Metal1,220.4600,34.8475,4.999977
FILLER_4_371,VDD,Metal1,217.2265,34.7030,4.999977
FILLER_4_341,VDD,Metal1,197.9600,35.2800,4.999978
FILLER_4_329,VDD,Metal1,191.2400,35.2800,4.999978
FILLER_4_317,VDD,Metal1,185.7400,34.8475,4.999978
FILLER_4_313,VDD,Metal1,182.5600,35.2800,4.999978
FILLER_4_309,VDD,Metal1,181.2600,34.8475,4.999978
FILLER_4_293,VDD,Metal1,175.8880,34.5880,4.999979
FILLER_4_281,VDD,Metal1,165.5800,34.8475,4.999978
FILLER_4_234,VDD,Metal1,138.0400,35.2800,4.999977
FILLER_4_232,VDD,Metal1,137.2000,35.2800,4.999977
FILLER_4_220,VDD,Metal1,130.4800,35.2800,4.999977
FILLER_4_200,VDD,Metal1,120.2200,34.8475,4.999977
FILLER_4_179,VDD,Metal1,107.2400,35.2800,4.999977
FILLER_4_177,VDD,Metal1,106.4000,35.2800,4.999977
FILLER_4_158,VDD,Metal1,95.4800,35.2800,4.999977
FILLER_4_111,VDD,Metal1,69.4400,35.2800,4.999978
FILLER_4_107,VDD,Metal1,68.1400,34.8475,4.999978
FILLER_4_104,VDD,Metal1,65.2400,35.2800,4.999978
FILLER_4_102,VDD,Metal1,64.4000,35.2800,4.999978
FILLER_4_47,VDD,Metal1,33.3200,35.2800,4.999980
FILLER_4_45,VDD,Metal1,32.4800,35.2800,4.999980
FILLER_4_37,VDD,Metal1,30.1865,34.7030,4.999982
FILLER_4_34,VDD,Metal1,26.0400,35.2800,4.999982
FILLER_4_18,VDD,Metal1,21.8880,34.5880,4.999982
FILLER_3_504,VDD,Metal1,289.5200,27.4400,4.999948
FILLER_3_500,VDD,Metal1,288.2200,27.8725,4.999948
FILLER_3_462,VDD,Metal1,266.0000,27.4400,4.999948
FILLER_3_419,VDD,Metal1,241.6400,27.4400,4.999950
FILLER_3_386,VDD,Metal1,224.3800,27.8725,4.999950
FILLER_3_360,VDD,Metal1,208.8800,27.4400,4.999957
FILLER_3_346,VDD,Metal1,201.9800,27.8725,4.999958
FILLER_3_321,VDD,Metal1,186.7600,27.4400,4.999958
FILLER_3_319,VDD,Metal1,185.9200,27.4400,4.999958
FILLER_3_311,VDD,Metal1,183.6265,28.0165,4.999959
FILLER_3_272,VDD,Metal1,159.6000,27.4400,4.999963
FILLER_3_237,VDD,Metal1,140.0000,27.4400,4.999963
FILLER_3_214,VDD,Metal1,126.8400,27.4400,4.999963
FILLER_3_212,VDD,Metal1,126.0000,27.4400,4.999963
FILLER_3_206,VDD,Metal1,123.5800,27.8725,4.999963
FILLER_3_198,VDD,Metal1,120.3465,28.0165,4.999963
FILLER_3_186,VDD,Metal1,111.4400,27.4400,4.999963
FILLER_3_182,VDD,Metal1,110.1400,27.8725,4.999963
FILLER_3_156,VDD,Metal1,94.3600,27.4400,4.999964
FILLER_3_146,VDD,Metal1,89.0400,27.4400,4.999964
FILLER_3_142,VDD,Metal1,87.7400,27.8725,4.999965
FILLER_3_111,VDD,Metal1,70.3800,27.8725,4.999966
FILLER_3_80,VDD,Metal1,51.8000,27.4400,4.999969
FILLER_3_69,VDD,Metal1,45.6400,27.4400,4.999969
FILLER_3_67,VDD,Metal1,44.8000,27.4400,4.999969
FILLER_3_52,VDD,Metal1,36.1200,27.4400,4.999975
FILLER_3_50,VDD,Metal1,35.2800,27.4400,4.999975
FILLER_3_34,VDD,Metal1,30.8480,28.1320,4.999975
FILLER_3_2,VDD,Metal1,17.4755,28.2085,4.999976
FILLER_2_521,VDD,Metal1,298.7600,27.4400,4.999948
FILLER_2_517,VDD,Metal1,297.7400,27.0075,4.999948
FILLER_2_457,VDD,Metal1,263.2000,27.4400,4.999948
FILLER_2_438,VDD,Metal1,252.2800,27.4400,4.999948
FILLER_2_434,VDD,Metal1,251.2600,27.0075,4.999948
FILLER_2_387,VDD,Metal1,226.1865,26.8630,4.999950
FILLER_2_376,VDD,Metal1,217.5600,27.4400,4.999952
FILLER_2_350,VDD,Metal1,203.2800,27.4400,4.999958
FILLER_2_346,VDD,Metal1,201.9800,27.0075,4.999958
FILLER_2_313,VDD,Metal1,182.5600,27.4400,4.999960
FILLER_2_309,VDD,Metal1,181.2600,27.0075,4.999960
FILLER_2_301,VDD,Metal1,178.0265,26.8630,4.999963
FILLER_2_277,VDD,Metal1,162.4000,27.4400,4.999963
FILLER_2_247,VDD,Metal1,145.3200,27.4400,4.999963
FILLER_2_177,VDD,Metal1,107.3400,27.0075,4.999964
FILLER_2_51,VDD,Metal1,35.5600,27.4400,4.999975
FILLER_2_49,VDD,Metal1,34.7200,27.4400,4.999975
FILLER_2_45,VDD,Metal1,33.4200,27.0075,4.999975
FILLER_2_37,VDD,Metal1,30.1865,26.8630,4.999975
FILLER_2_34,VDD,Metal1,26.0400,27.4400,4.999976
FILLER_2_2,VDD,Metal1,17.4755,26.6710,4.999976
FILLER_1_504,VDD,Metal1,289.5200,19.6000,4.999968
FILLER_1_500,VDD,Metal1,288.2200,20.0325,4.999968
FILLER_1_492,VDD,Metal1,284.9865,20.1765,4.999968
FILLER_1_472,VDD,Metal1,271.6000,19.6000,4.999969
FILLER_1_462,VDD,Metal1,266.0000,19.6000,4.999969
FILLER_1_432,VDD,Metal1,248.9200,19.6000,4.999971
FILLER_1_430,VDD,Metal1,248.0800,19.6000,4.999972
FILLER_1_410,VDD,Metal1,236.8800,19.6000,4.999973
FILLER_1_348,VDD,Metal1,202.1600,19.6000,4.999973
FILLER_1_340,VDD,Metal1,199.8665,20.1765,4.999973
FILLER_1_276,VDD,Metal1,162.7800,20.0325,4.999976
FILLER_1_268,VDD,Metal1,159.5465,20.1765,4.999976
FILLER_1_225,VDD,Metal1,133.2800,19.6000,4.999976
FILLER_1_216,VDD,Metal1,127.9600,19.6000,4.999977
FILLER_1_212,VDD,Metal1,126.9400,20.0325,4.999977
FILLER_1_209,VDD,Metal1,124.0400,19.6000,4.999977
FILLER_1_207,VDD,Metal1,123.2000,19.6000,4.999977
FILLER_1_199,VDD,Metal1,120.9065,20.1765,4.999977
FILLER_1_146,VDD,Metal1,89.0400,19.6000,4.999978
FILLER_1_142,VDD,Metal1,87.7400,20.0325,4.999978
FILLER_1_111,VDD,Metal1,70.3800,20.0325,4.999983
FILLER_1_72,VDD,Metal1,48.5400,20.0325,4.999983
FILLER_1_58,VDD,Metal1,40.7000,20.0325,4.999985
FILLER_1_50,VDD,Metal1,37.4665,20.1765,4.999985
FILLER_1_34,VDD,Metal1,30.8480,20.2920,4.999985
FILLER_1_2,VDD,Metal1,17.4755,20.3685,4.999986
FILLER_0_520,VDD,Metal1,298.4800,19.6000,4.999968
FILLER_0_512,VDD,Metal1,296.1865,19.0230,4.999968
FILLER_0_444,VDD,Metal1,260.4480,18.9080,4.999969
FILLER_0_441,VDD,Metal1,253.9600,19.6000,4.999969
FILLER_0_439,VDD,Metal1,253.1200,19.6000,4.999969
FILLER_0_430,VDD,Metal1,247.8000,19.6000,4.999972
FILLER_0_428,VDD,Metal1,246.9600,19.6000,4.999972
FILLER_0_424,VDD,Metal1,245.6600,19.1675,4.999972
FILLER_0_410,VDD,Metal1,239.0665,19.0230,4.999972
FILLER_0_376,VDD,Metal1,226.9155,18.8310,4.999973
FILLER_0_342,VDD,Metal1,207.8755,18.8310,4.999973
FILLER_0_336,VDD,Metal1,196.3800,19.1675,4.999974
FILLER_0_324,VDD,Metal1,189.6600,19.1675,4.999974
FILLER_0_308,VDD,Metal1,184.2880,18.9080,4.999974
FILLER_0_305,VDD,Metal1,177.8000,19.6000,4.999976
FILLER_0_289,VDD,Metal1,173.6480,18.9080,4.999976
FILLER_0_280,VDD,Metal1,163.8000,19.6000,4.999976
FILLER_0_278,VDD,Metal1,162.9600,19.6000,4.999976
FILLER_0_274,VDD,Metal1,161.6600,19.1675,4.999976
FILLER_0_271,VDD,Metal1,158.7600,19.6000,4.999976
FILLER_0_269,VDD,Metal1,157.9200,19.6000,4.999976
FILLER_0_265,VDD,Metal1,156.6200,19.1675,4.999976
FILLER_0_222,VDD,Metal1,133.7865,19.0230,4.999976
FILLER_0_206,VDD,Metal1,127.1680,18.9080,4.999977
FILLER_0_196,VDD,Metal1,119.2265,19.0230,4.999977
FILLER_0_172,VDD,Metal1,108.1280,18.9080,4.999977
FILLER_0_169,VDD,Metal1,101.6400,19.6000,4.999977
FILLER_0_167,VDD,Metal1,100.8000,19.6000,4.999977
FILLER_0_163,VDD,Metal1,99.5000,19.1675,4.999977
FILLER_0_104,VDD,Metal1,65.2400,19.6000,4.999983
FILLER_0_70,VDD,Metal1,55.5555,18.8310,4.999983
FILLER_0_36,VDD,Metal1,36.5155,18.8310,4.999985
FILLER_0_2,VDD,Metal1,17.4755,18.8310,4.999986
hold134,VDD,Metal1,76.0975,19.2355,4.999980
hold133,VDD,Metal1,147.7775,27.8040,4.999963
hold132,VDD,Metal1,272.0975,129.7240,4.999945
hold131,VDD,Metal1,78.3375,51.3240,4.999945
hold130,VDD,Metal1,42.0625,58.4355,4.999915
hold129,VDD,Metal1,50.8975,136.8355,4.999965
hold128,VDD,Metal1,167.9375,81.9555,4.999929
hold127,VDD,Metal1,57.0575,74.1155,4.999967
hold126,VDD,Metal1,67.1375,82.6840,4.999949
hold125,VDD,Metal1,72.1775,90.5240,4.999934
hold124,VDD,Metal1,129.9825,66.2755,4.999966
hold123,VDD,Metal1,266.4975,59.1640,4.999880
hold122,VDD,Metal1,57.0575,34.9155,4.999978
hold121,VDD,Metal1,97.9375,74.8440,4.999959
hold120,VDD,Metal1,276.5775,121.1555,4.999906
hold119,VDD,Metal1,101.8575,114.0440,4.999937
hold118,VDD,Metal1,254.7375,136.8355,4.999899
hold117,VDD,Metal1,78.3375,67.0040,4.999967
hold116,VDD,Metal1,85.6175,81.9555,4.999945
hold115,VDD,Metal1,152.2575,34.9155,4.999977
hold114,VDD,Metal1,273.7775,67.0040,4.999962
hold113,VDD,Metal1,156.7375,43.4840,4.999919
hold112,VDD,Metal1,78.3375,27.8040,4.999966
hold111,VDD,Metal1,91.2175,19.2355,4.999978
hold110,VDD,Metal1,81.6975,58.4355,4.999911
hold109,VDD,Metal1,78.3375,19.9640,4.999980
hold108,VDD,Metal1,177.4575,74.8440,4.999945
hold107,VDD,Metal1,148.3375,19.2355,4.999976
hold106,VDD,Metal1,98.6225,43.4840,4.999918
hold105,VDD,Metal1,101.2975,59.1640,4.999909
hold104,VDD,Metal1,102.4175,82.6840,4.999941
hold103,VDD,Metal1,113.0575,66.2755,4.999966
hold102,VDD,Metal1,115.8575,58.4355,4.999907
hold101,VDD,Metal1,157.8575,66.2755,4.999966
hold100,VDD,Metal1,151.8225,74.8440,4.999946
hold99,VDD,Metal1,117.1025,43.4840,4.999916
hold98,VDD,Metal1,132.6575,35.6440,4.999977
hold97,VDD,Metal1,138.2575,74.8440,4.999949
hold96,VDD,Metal1,137.1375,81.9555,4.999931
hold95,VDD,Metal1,116.9775,74.1155,4.999953
hold94,VDD,Metal1,258.0975,121.8840,4.999906
hold93,VDD,Metal1,132.6575,82.6840,4.999931
hold92,VDD,Metal1,42.4975,121.1555,4.999920
hold91,VDD,Metal1,101.9825,35.6440,4.999977
hold90,VDD,Metal1,101.8575,27.8040,4.999964
hold89,VDD,Metal1,54.2575,67.0040,4.999970
hold88,VDD,Metal1,156.7375,59.1640,4.999905
hold87,VDD,Metal1,159.6625,50.5955,4.999934
hold86,VDD,Metal1,292.2575,153.2440,4.999956
hold85,VDD,Metal1,55.3775,90.5240,4.999938
hold84,VDD,Metal1,38.7025,82.6840,4.999955
hold83,VDD,Metal1,47.1025,105.4755,4.999973
hold82,VDD,Metal1,292.2575,89.7955,4.999905
hold81,VDD,Metal1,292.2575,106.2040,4.999970
hold80,VDD,Metal1,292.2575,74.8440,4.999931
hold79,VDD,Metal1,292.2575,105.4755,4.999970
hold78,VDD,Metal1,55.3775,145.4040,4.999988
hold77,VDD,Metal1,292.2575,90.5240,4.999905
hold76,VDD,Metal1,292.2575,121.1555,4.999906
hold75,VDD,Metal1,292.2575,129.7240,4.999944
hold74,VDD,Metal1,195.5025,82.6840,4.999924
hold73,VDD,Metal1,117.5375,114.0440,4.999936
hold72,VDD,Metal1,132.6575,114.0440,4.999936
hold71,VDD,Metal1,191.4575,121.1555,4.999908
hold70,VDD,Metal1,136.7025,98.3640,4.999942
hold69,VDD,Metal1,175.2175,98.3640,4.999941
hold68,VDD,Metal1,132.6575,106.2040,4.999970
hold67,VDD,Metal1,195.9375,67.0040,4.999966
hold66,VDD,Metal1,135.4575,90.5240,4.999913
hold65,VDD,Metal1,175.7775,114.0440,4.999941
hold64,VDD,Metal1,187.5375,129.7240,4.999955
hold63,VDD,Metal1,289.4575,121.8840,4.999906
clkload14,VDD,Metal1,240.0730,35.7705,4.999976
clkbuf_1_1__f_signal_input_regs,VDD,Metal1,258.0110,43.6170,4.999866
clkbuf_1_0__f_signal_input_regs,VDD,Metal1,237.5885,50.4625,4.999886
clkbuf_0_signal_input_regs,VDD,Metal1,247.1085,58.3025,4.999880
clkbuf_1_0__f_signal_input,VDD,Metal1,198.3885,89.6625,4.999906
clkbuf_0_signal_input,VDD,Metal1,203.4285,81.8225,4.999924
clkload13,VDD,Metal1,255.7965,145.5180,4.999974
clkload12,VDD,Metal1,259.4030,106.3180,4.999970
clkload11,VDD,Metal1,180.1700,136.6355,4.999939
clkload10,VDD,Metal1,185.9730,113.1925,4.999939
clkload9,VDD,Metal1,261.9565,82.7980,4.999895
clkload8,VDD,Metal1,265.2900,73.9430,4.999931
clkload7,VDD,Metal1,181.3165,81.8415,4.999928
clkload6,VDD,Metal1,194.1700,59.3640,4.999891
clkload5,VDD,Metal1,120.5480,105.3720,4.999969
clkload4,VDD,Metal1,120.2520,106.3080,4.999969
clkload3,VDD,Metal1,61.7480,121.0520,4.999917
clkload2,VDD,Metal1,54.5965,121.1300,4.999917
clkload1,VDD,Metal1,127.2430,43.5980,4.999916
clkload0,VDD,Metal1,54.0430,43.5100,4.999929
clkbuf_4_15_0_CLK_I,VDD,Metal1,261.4575,137.7075,4.999899
clkbuf_4_14_0_CLK_I,VDD,Metal1,269.8575,128.8525,4.999945
clkbuf_4_13_0_CLK_I,VDD,Metal1,191.4575,136.6925,4.999939
clkbuf_4_12_0_CLK_I,VDD,Metal1,191.4575,122.0275,4.999908
clkbuf_4_11_0_CLK_I,VDD,Metal1,270.9775,82.8275,4.999889
clkbuf_4_10_0_CLK_I,VDD,Metal1,268.7375,74.9875,4.999931
clkbuf_4_9_0_CLK_I,VDD,Metal1,195.3775,98.5075,4.999935
clkbuf_4_8_0_CLK_I,VDD,Metal1,195.9375,58.2925,4.999891
clkbuf_4_7_0_CLK_I,VDD,Metal1,120.3375,121.0125,4.999914
clkbuf_4_6_0_CLK_I,VDD,Metal1,132.2225,113.1725,4.999936
clkbuf_4_5_0_CLK_I,VDD,Metal1,77.2175,122.0275,4.999917
clkbuf_4_4_0_CLK_I,VDD,Metal1,59.8575,114.1875,4.999938
clkbuf_4_3_0_CLK_I,VDD,Metal1,129.8575,58.2925,4.999906
clkbuf_4_2_0_CLK_I,VDD,Metal1,129.9825,42.6125,4.999916
clkbuf_4_1_0_CLK_I,VDD,Metal1,56.6225,58.2925,4.999912
clkbuf_4_0_0_CLK_I,VDD,Metal1,58.3025,42.6125,4.999929
clkbuf_0_CLK_I,VDD,Metal1,178.7885,90.6570,4.999906
_0680__61,VDD,Metal1,177.1400,74.0450,4.999945
clkbuf_regs_0_signal_clock,VDD,Metal1,256.8910,51.4570,4.999885
_1049__62,VDD,Metal1,57.3000,128.9250,4.999968
frequency_counter,VDD,Metal1,297.0300,121.9885,4.999906
load_slew60,VDD,Metal1,211.3400,129.9290,4.999952
wire59,VDD,Metal1,285.9400,137.7690,4.999899
load_slew58,VDD,Metal1,188.9400,66.0710,4.999966
load_slew57,VDD,Metal1,129.5800,59.3690,4.999906
load_slew56,VDD,Metal1,204.5480,160.2520,4.999997
wire55,VDD,Metal1,272.4180,136.7965,4.999899
max_cap54,VDD,Metal1,65.9430,27.8765,4.999966
max_cap53,VDD,Metal1,287.5380,74.0765,4.999931
max_cap52,VDD,Metal1,247.7780,67.0430,4.999963
max_cap51,VDD,Metal1,258.9780,105.4365,4.999970
max_cap50,VDD,Metal1,278.0180,74.8830,4.999931
wire49,VDD,Metal1,218.0980,74.0765,4.999939
wire48,VDD,Metal1,276.0700,51.2325,4.999885
max_cap47,VDD,Metal1,141.3965,113.2900,4.999937
wire46,VDD,Metal1,210.8180,66.2365,4.999965
wire45,VDD,Metal1,206.3380,51.3630,4.999918
max_cap44,VDD,Metal1,276.6300,74.2075,4.999931
max_cap43,VDD,Metal1,264.5965,106.2300,4.999970
max_cap42,VDD,Metal1,150.8900,114.2840,4.999939
load_slew41,VDD,Metal1,159.8200,106.4090,4.999970
load_slew40,VDD,Metal1,149.1800,97.4310,4.999941
wire39,VDD,Metal1,199.9100,42.8475,4.999910
max_cap38,VDD,Metal1,216.6200,27.7410,4.999952
output37,VDD,Metal1,12.5100,34.9500,4.999982
output36,VDD,Metal1,12.5100,90.4900,4.999939
output35,VDD,Metal1,12.5100,74.1500,4.999970
output34,VDD,Metal1,12.5100,51.2900,4.999950
output33,VDD,Metal1,12.5100,145.3700,4.999989
output32,VDD,Metal1,12.5100,129.0300,4.999975
output31,VDD,Metal1,12.5100,106.1700,4.999982
output30,VDD,Metal1,287.6500,160.3900,4.999997
output29,VDD,Metal1,294.3700,144.7100,4.999972
output28,VDD,Metal1,276.4500,114.0100,4.999932
output27,VDD,Metal1,294.3700,137.5300,4.999899
output26,VDD,Metal1,294.3700,136.8700,4.999899
output25,VDD,Metal1,276.4500,106.1700,4.999970
output24,VDD,Metal1,280.3700,105.5100,4.999970
output23,VDD,Metal1,276.4500,90.4900,4.999905
output22,VDD,Metal1,294.3700,74.1500,4.999931
output21,VDD,Metal1,278.6900,160.3900,4.999997
input20,VDD,Metal1,285.7900,136.8700,4.999899
input19,VDD,Metal1,285.7900,144.7100,4.999972
input18,VDD,Metal1,260.3900,160.4475,4.999997
input17,VDD,Metal1,280.7500,89.8300,4.999905
input16,VDD,Metal1,294.7500,66.9700,4.999961
input15,VDD,Metal1,294.7500,66.3100,4.999961
input14,VDD,Metal1,294.7500,59.1300,4.999879
input13,VDD,Metal1,294.7500,58.4700,4.999879
input12,VDD,Metal1,294.7500,51.2900,4.999885
input11,VDD,Metal1,294.7500,50.6300,4.999885
input10,VDD,Metal1,294.7500,43.4500,4.999865
input9,VDD,Metal1,294.7500,152.5500,4.999956
input8,VDD,Metal1,294.7500,42.7900,4.999865
input7,VDD,Metal1,294.7500,35.6100,4.999970
input6,VDD,Metal1,294.7500,27.7700,4.999948
input5,VDD,Metal1,294.7500,19.9300,4.999968
input4,VDD,Metal1,276.4500,27.7700,4.999948
input3,VDD,Metal1,278.6900,19.2700,4.999968
input2,VDD,Metal1,288.0300,19.2700,4.999968
input1,VDD,Metal1,276.4500,19.9300,4.999968
TAP_TAPCELL_ROW_36_348,VDD,Metal1,292.8800,160.0500,4.999997
TAP_TAPCELL_ROW_36_347,VDD,Metal1,273.8400,160.0500,4.999997
TAP_TAPCELL_ROW_36_346,VDD,Metal1,254.8000,160.0500,4.999997
TAP_TAPCELL_ROW_36_345,VDD,Metal1,235.7600,160.0500,4.999997
TAP_TAPCELL_ROW_36_344,VDD,Metal1,216.7200,160.0500,4.999997
TAP_TAPCELL_ROW_36_343,VDD,Metal1,197.6800,160.0500,4.999997
TAP_TAPCELL_ROW_36_342,VDD,Metal1,178.6400,160.0500,4.999998
TAP_TAPCELL_ROW_36_341,VDD,Metal1,159.6000,160.0500,4.999998
TAP_TAPCELL_ROW_36_340,VDD,Metal1,140.5600,160.0500,4.999998
TAP_TAPCELL_ROW_36_339,VDD,Metal1,121.5200,160.0500,4.999999
TAP_TAPCELL_ROW_36_338,VDD,Metal1,102.4800,160.0500,4.999999
TAP_TAPCELL_ROW_36_337,VDD,Metal1,83.4400,160.0500,4.999999
TAP_TAPCELL_ROW_36_336,VDD,Metal1,64.4000,160.0500,4.999999
TAP_TAPCELL_ROW_36_335,VDD,Metal1,45.3600,160.0500,4.999999
TAP_TAPCELL_ROW_36_334,VDD,Metal1,26.3200,160.0500,4.999999
TAP_TAPCELL_ROW_35_333,VDD,Metal1,281.6800,153.5500,4.999956
TAP_TAPCELL_ROW_35_332,VDD,Metal1,242.4800,153.5500,4.999958
TAP_TAPCELL_ROW_35_331,VDD,Metal1,203.2800,153.5500,4.999963
TAP_TAPCELL_ROW_35_330,VDD,Metal1,164.0800,153.5500,4.999964
TAP_TAPCELL_ROW_35_329,VDD,Metal1,124.8800,153.5500,4.999968
TAP_TAPCELL_ROW_35_328,VDD,Metal1,85.6800,153.5500,4.999972
TAP_TAPCELL_ROW_35_327,VDD,Metal1,46.4800,153.5500,4.999973
TAP_TAPCELL_ROW_34_326,VDD,Metal1,262.0800,152.2100,4.999956
TAP_TAPCELL_ROW_34_325,VDD,Metal1,222.8800,152.2100,4.999961
TAP_TAPCELL_ROW_34_324,VDD,Metal1,183.6800,152.2100,4.999964
TAP_TAPCELL_ROW_34_323,VDD,Metal1,144.4800,152.2100,4.999965
TAP_TAPCELL_ROW_34_322,VDD,Metal1,105.2800,152.2100,4.999969
TAP_TAPCELL_ROW_34_321,VDD,Metal1,66.0800,152.2100,4.999973
TAP_TAPCELL_ROW_34_320,VDD,Metal1,26.8800,152.2100,4.999973
TAP_TAPCELL_ROW_33_319,VDD,Metal1,281.6800,145.7100,4.999972
TAP_TAPCELL_ROW_33_318,VDD,Metal1,242.4800,145.7100,4.999974
TAP_TAPCELL_ROW_33_317,VDD,Metal1,203.2800,145.7100,4.999979
TAP_TAPCELL_ROW_33_316,VDD,Metal1,164.0800,145.7100,4.999984
TAP_TAPCELL_ROW_33_315,VDD,Metal1,124.8800,145.7100,4.999985
TAP_TAPCELL_ROW_33_314,VDD,Metal1,85.6800,145.7100,4.999987
TAP_TAPCELL_ROW_33_313,VDD,Metal1,46.4800,145.7100,4.999988
TAP_TAPCELL_ROW_32_312,VDD,Metal1,262.0800,144.3700,4.999973
TAP_TAPCELL_ROW_32_311,VDD,Metal1,222.8800,144.3700,4.999978
TAP_TAPCELL_ROW_32_310,VDD,Metal1,183.6800,144.3700,4.999981
TAP_TAPCELL_ROW_32_309,VDD,Metal1,144.4800,144.3700,4.999985
TAP_TAPCELL_ROW_32_308,VDD,Metal1,105.2800,144.3700,4.999986
TAP_TAPCELL_ROW_32_307,VDD,Metal1,66.0800,144.3700,4.999987
TAP_TAPCELL_ROW_32_306,VDD,Metal1,26.8800,144.3700,4.999989
TAP_TAPCELL_ROW_31_305,VDD,Metal1,281.6800,137.8700,4.999899
TAP_TAPCELL_ROW_31_304,VDD,Metal1,242.4800,137.8700,4.999904
TAP_TAPCELL_ROW_31_303,VDD,Metal1,203.2800,137.8700,4.999936
TAP_TAPCELL_ROW_31_302,VDD,Metal1,164.0800,137.8700,4.999940
TAP_TAPCELL_ROW_31_301,VDD,Metal1,124.8800,137.8700,4.999940
TAP_TAPCELL_ROW_31_300,VDD,Metal1,85.6800,137.8700,4.999962
TAP_TAPCELL_ROW_31_299,VDD,Metal1,46.4800,137.8700,4.999965
TAP_TAPCELL_ROW_30_298,VDD,Metal1,262.0800,136.5300,4.999899
TAP_TAPCELL_ROW_30_297,VDD,Metal1,222.8800,136.5300,4.999907
TAP_TAPCELL_ROW_30_296,VDD,Metal1,183.6800,136.5300,4.999939
TAP_TAPCELL_ROW_30_295,VDD,Metal1,144.4800,136.5300,4.999940
TAP_TAPCELL_ROW_30_294,VDD,Metal1,105.2800,136.5300,4.999942
TAP_TAPCELL_ROW_30_293,VDD,Metal1,66.0800,136.5300,4.999965
TAP_TAPCELL_ROW_30_292,VDD,Metal1,26.8800,136.5300,4.999967
TAP_TAPCELL_ROW_29_291,VDD,Metal1,281.6800,130.0300,4.999944
TAP_TAPCELL_ROW_29_290,VDD,Metal1,242.4800,130.0300,4.999947
TAP_TAPCELL_ROW_29_289,VDD,Metal1,203.2800,130.0300,4.999953
TAP_TAPCELL_ROW_29_288,VDD,Metal1,164.0800,130.0300,4.999957
TAP_TAPCELL_ROW_29_287,VDD,Metal1,124.8800,130.0300,4.999959
TAP_TAPCELL_ROW_29_286,VDD,Metal1,85.6800,130.0300,4.999966
TAP_TAPCELL_ROW_29_285,VDD,Metal1,46.4800,130.0300,4.999969
TAP_TAPCELL_ROW_28_284,VDD,Metal1,262.0800,128.6900,4.999945
TAP_TAPCELL_ROW_28_283,VDD,Metal1,222.8800,128.6900,4.999950
TAP_TAPCELL_ROW_28_282,VDD,Metal1,183.6800,128.6900,4.999955
TAP_TAPCELL_ROW_28_281,VDD,Metal1,144.4800,128.6900,4.999959
TAP_TAPCELL_ROW_28_280,VDD,Metal1,105.2800,128.6900,4.999964
TAP_TAPCELL_ROW_28_279,VDD,Metal1,66.0800,128.6900,4.999968
TAP_TAPCELL_ROW_28_278,VDD,Metal1,26.8800,128.6900,4.999974
TAP_TAPCELL_ROW_27_277,VDD,Metal1,281.6800,122.1900,4.999906
TAP_TAPCELL_ROW_27_276,VDD,Metal1,242.4800,122.1900,4.999906
TAP_TAPCELL_ROW_27_275,VDD,Metal1,203.2800,122.1900,4.999907
TAP_TAPCELL_ROW_27_274,VDD,Metal1,164.0800,122.1900,4.999917
TAP_TAPCELL_ROW_27_273,VDD,Metal1,124.8800,122.1900,4.999914
TAP_TAPCELL_ROW_27_272,VDD,Metal1,85.6800,122.1900,4.999917
TAP_TAPCELL_ROW_27_271,VDD,Metal1,46.4800,122.1900,4.999920
TAP_TAPCELL_ROW_26_270,VDD,Metal1,262.0800,120.8500,4.999906
TAP_TAPCELL_ROW_26_269,VDD,Metal1,222.8800,120.8500,4.999907
TAP_TAPCELL_ROW_26_268,VDD,Metal1,183.6800,120.8500,4.999910
TAP_TAPCELL_ROW_26_267,VDD,Metal1,144.4800,120.8500,4.999916
TAP_TAPCELL_ROW_26_266,VDD,Metal1,105.2800,120.8500,4.999916
TAP_TAPCELL_ROW_26_265,VDD,Metal1,66.0800,120.8500,4.999917
TAP_TAPCELL_ROW_26_264,VDD,Metal1,26.8800,120.8500,4.999928
TAP_TAPCELL_ROW_25_263,VDD,Metal1,281.6800,114.3500,4.999931
TAP_TAPCELL_ROW_25_262,VDD,Metal1,242.4800,114.3500,4.999935
TAP_TAPCELL_ROW_25_261,VDD,Metal1,203.2800,114.3500,4.999938
TAP_TAPCELL_ROW_25_260,VDD,Metal1,164.0800,114.3500,4.999940
TAP_TAPCELL_ROW_25_259,VDD,Metal1,124.8800,114.3500,4.999936
TAP_TAPCELL_ROW_25_258,VDD,Metal1,85.6800,114.3500,4.999937
TAP_TAPCELL_ROW_25_257,VDD,Metal1,46.4800,114.3500,4.999941
TAP_TAPCELL_ROW_24_256,VDD,Metal1,262.0800,113.0100,4.999933
TAP_TAPCELL_ROW_24_255,VDD,Metal1,222.8800,113.0100,4.999936
TAP_TAPCELL_ROW_24_254,VDD,Metal1,183.6800,113.0100,4.999939
TAP_TAPCELL_ROW_24_253,VDD,Metal1,144.4800,113.0100,4.999939
TAP_TAPCELL_ROW_24_252,VDD,Metal1,105.2800,113.0100,4.999937
TAP_TAPCELL_ROW_24_251,VDD,Metal1,66.0800,113.0100,4.999938
TAP_TAPCELL_ROW_24_250,VDD,Metal1,26.8800,113.0100,4.999947
TAP_TAPCELL_ROW_23_249,VDD,Metal1,281.6800,106.5100,4.999970
TAP_TAPCELL_ROW_23_248,VDD,Metal1,242.4800,106.5100,4.999971
TAP_TAPCELL_ROW_23_247,VDD,Metal1,203.2800,106.5100,4.999971
TAP_TAPCELL_ROW_23_246,VDD,Metal1,164.0800,106.5100,4.999970
TAP_TAPCELL_ROW_23_245,VDD,Metal1,124.8800,106.5100,4.999969
TAP_TAPCELL_ROW_23_244,VDD,Metal1,85.6800,106.5100,4.999971
TAP_TAPCELL_ROW_23_243,VDD,Metal1,46.4800,106.5100,4.999973
TAP_TAPCELL_ROW_22_242,VDD,Metal1,262.0800,105.1700,4.999970
TAP_TAPCELL_ROW_22_241,VDD,Metal1,222.8800,105.1700,4.999971
TAP_TAPCELL_ROW_22_240,VDD,Metal1,183.6800,105.1700,4.999972
TAP_TAPCELL_ROW_22_239,VDD,Metal1,144.4800,105.1700,4.999970
TAP_TAPCELL_ROW_22_238,VDD,Metal1,105.2800,105.1700,4.999969
TAP_TAPCELL_ROW_22_237,VDD,Metal1,66.0800,105.1700,4.999973
TAP_TAPCELL_ROW_22_236,VDD,Metal1,26.8800,105.1700,4.999981
TAP_TAPCELL_ROW_21_235,VDD,Metal1,281.6800,98.6700,4.999878
TAP_TAPCELL_ROW_21_234,VDD,Metal1,242.4800,98.6700,4.999882
TAP_TAPCELL_ROW_21_233,VDD,Metal1,203.2800,98.6700,4.999888
TAP_TAPCELL_ROW_21_232,VDD,Metal1,164.0800,98.6700,4.999941
TAP_TAPCELL_ROW_21_231,VDD,Metal1,124.8800,98.6700,4.999942
TAP_TAPCELL_ROW_21_230,VDD,Metal1,85.6800,98.6700,4.999944
TAP_TAPCELL_ROW_21_229,VDD,Metal1,46.4800,98.6700,4.999953
TAP_TAPCELL_ROW_20_228,VDD,Metal1,262.0800,97.3300,4.999880
TAP_TAPCELL_ROW_20_227,VDD,Metal1,222.8800,97.3300,4.999887
TAP_TAPCELL_ROW_20_226,VDD,Metal1,183.6800,97.3300,4.999937
TAP_TAPCELL_ROW_20_225,VDD,Metal1,144.4800,97.3300,4.999941
TAP_TAPCELL_ROW_20_224,VDD,Metal1,105.2800,97.3300,4.999943
TAP_TAPCELL_ROW_20_223,VDD,Metal1,66.0800,97.3300,4.999951
TAP_TAPCELL_ROW_20_222,VDD,Metal1,26.8800,97.3300,4.999955
TAP_TAPCELL_ROW_19_221,VDD,Metal1,281.6800,90.8300,4.999905
TAP_TAPCELL_ROW_19_220,VDD,Metal1,242.4800,90.8300,4.999906
TAP_TAPCELL_ROW_19_219,VDD,Metal1,203.2800,90.8300,4.999906
TAP_TAPCELL_ROW_19_218,VDD,Metal1,164.0800,90.8300,4.999906
TAP_TAPCELL_ROW_19_217,VDD,Metal1,124.8800,90.8300,4.999916
TAP_TAPCELL_ROW_19_216,VDD,Metal1,85.6800,90.8300,4.999932
TAP_TAPCELL_ROW_19_215,VDD,Metal1,46.4800,90.8300,4.999938
TAP_TAPCELL_ROW_18_214,VDD,Metal1,262.0800,89.4900,4.999905
TAP_TAPCELL_ROW_18_213,VDD,Metal1,222.8800,89.4900,4.999906
TAP_TAPCELL_ROW_18_212,VDD,Metal1,183.6800,89.4900,4.999906
TAP_TAPCELL_ROW_18_211,VDD,Metal1,144.4800,89.4900,4.999913
TAP_TAPCELL_ROW_18_210,VDD,Metal1,105.2800,89.4900,4.999924
TAP_TAPCELL_ROW_18_209,VDD,Metal1,66.0800,89.4900,4.999936
TAP_TAPCELL_ROW_18_208,VDD,Metal1,26.8800,89.4900,4.999939
TAP_TAPCELL_ROW_17_207,VDD,Metal1,281.6800,82.9900,4.999888
TAP_TAPCELL_ROW_17_206,VDD,Metal1,242.4800,82.9900,4.999902
TAP_TAPCELL_ROW_17_205,VDD,Metal1,203.2800,82.9900,4.999924
TAP_TAPCELL_ROW_17_204,VDD,Metal1,164.0800,82.9900,4.999929
TAP_TAPCELL_ROW_17_203,VDD,Metal1,124.8800,82.9900,4.999940
TAP_TAPCELL_ROW_17_202,VDD,Metal1,85.6800,82.9900,4.999945
TAP_TAPCELL_ROW_17_201,VDD,Metal1,46.4800,82.9900,4.999952
TAP_TAPCELL_ROW_16_200,VDD,Metal1,262.0800,81.6500,4.999895
TAP_TAPCELL_ROW_16_199,VDD,Metal1,222.8800,81.6500,4.999923
TAP_TAPCELL_ROW_16_198,VDD,Metal1,183.6800,81.6500,4.999928
TAP_TAPCELL_ROW_16_197,VDD,Metal1,144.4800,81.6500,4.999931
TAP_TAPCELL_ROW_16_196,VDD,Metal1,105.2800,81.6500,4.999941
TAP_TAPCELL_ROW_16_195,VDD,Metal1,66.0800,81.6500,4.999949
TAP_TAPCELL_ROW_16_194,VDD,Metal1,26.8800,81.6500,4.999956
TAP_TAPCELL_ROW_15_193,VDD,Metal1,281.6800,75.1500,4.999931
TAP_TAPCELL_ROW_15_192,VDD,Metal1,242.4800,75.1500,4.999935
TAP_TAPCELL_ROW_15_191,VDD,Metal1,203.2800,75.1500,4.999939
TAP_TAPCELL_ROW_15_190,VDD,Metal1,164.0800,75.1500,4.999945
TAP_TAPCELL_ROW_15_189,VDD,Metal1,124.8800,75.1500,4.999952
TAP_TAPCELL_ROW_15_188,VDD,Metal1,85.6800,75.1500,4.999960
TAP_TAPCELL_ROW_15_187,VDD,Metal1,46.4800,75.1500,4.999968
TAP_TAPCELL_ROW_14_186,VDD,Metal1,262.0800,73.8100,4.999931
TAP_TAPCELL_ROW_14_185,VDD,Metal1,222.8800,73.8100,4.999939
TAP_TAPCELL_ROW_14_184,VDD,Metal1,183.6800,73.8100,4.999943
TAP_TAPCELL_ROW_14_183,VDD,Metal1,144.4800,73.8100,4.999946
TAP_TAPCELL_ROW_14_182,VDD,Metal1,105.2800,73.8100,4.999954
TAP_TAPCELL_ROW_14_181,VDD,Metal1,66.0800,73.8100,4.999967
TAP_TAPCELL_ROW_14_180,VDD,Metal1,26.8800,73.8100,4.999970
TAP_TAPCELL_ROW_13_179,VDD,Metal1,281.6800,67.3100,4.999962
TAP_TAPCELL_ROW_13_178,VDD,Metal1,242.4800,67.3100,4.999964
TAP_TAPCELL_ROW_13_177,VDD,Metal1,203.2800,67.3100,4.999966
TAP_TAPCELL_ROW_13_176,VDD,Metal1,164.0800,67.3100,4.999966
TAP_TAPCELL_ROW_13_175,VDD,Metal1,124.8800,67.3100,4.999966
TAP_TAPCELL_ROW_13_174,VDD,Metal1,85.6800,67.3100,4.999967
TAP_TAPCELL_ROW_13_173,VDD,Metal1,46.4800,67.3100,4.999972
TAP_TAPCELL_ROW_12_172,VDD,Metal1,262.0800,65.9700,4.999962
TAP_TAPCELL_ROW_12_171,VDD,Metal1,222.8800,65.9700,4.999964
TAP_TAPCELL_ROW_12_170,VDD,Metal1,183.6800,65.9700,4.999966
TAP_TAPCELL_ROW_12_169,VDD,Metal1,144.4800,65.9700,4.999966
TAP_TAPCELL_ROW_12_168,VDD,Metal1,105.2800,65.9700,4.999966
TAP_TAPCELL_ROW_12_167,VDD,Metal1,66.0800,65.9700,4.999968
TAP_TAPCELL_ROW_12_166,VDD,Metal1,26.8800,65.9700,4.999974
TAP_TAPCELL_ROW_11_165,VDD,Metal1,281.6800,59.4700,4.999880
TAP_TAPCELL_ROW_11_164,VDD,Metal1,242.4800,59.4700,4.999880
TAP_TAPCELL_ROW_11_163,VDD,Metal1,203.2800,59.4700,4.999891
TAP_TAPCELL_ROW_11_162,VDD,Metal1,164.0800,59.4700,4.999905
TAP_TAPCELL_ROW_11_161,VDD,Metal1,124.8800,59.4700,4.999906
TAP_TAPCELL_ROW_11_160,VDD,Metal1,85.6800,59.4700,4.999911
TAP_TAPCELL_ROW_11_159,VDD,Metal1,46.4800,59.4700,4.999915
TAP_TAPCELL_ROW_10_158,VDD,Metal1,262.0800,58.1300,4.999880
TAP_TAPCELL_ROW_10_157,VDD,Metal1,222.8800,58.1300,4.999889
TAP_TAPCELL_ROW_10_156,VDD,Metal1,183.6800,58.1300,4.999892
TAP_TAPCELL_ROW_10_155,VDD,Metal1,144.4800,58.1300,4.999906
TAP_TAPCELL_ROW_10_154,VDD,Metal1,105.2800,58.1300,4.999909
TAP_TAPCELL_ROW_10_153,VDD,Metal1,66.0800,58.1300,4.999911
TAP_TAPCELL_ROW_10_152,VDD,Metal1,26.8800,58.1300,4.999916
TAP_TAPCELL_ROW_9_151,VDD,Metal1,281.6800,51.6300,4.999885
TAP_TAPCELL_ROW_9_150,VDD,Metal1,242.4800,51.6300,4.999886
TAP_TAPCELL_ROW_9_149,VDD,Metal1,203.2800,51.6300,4.999921
TAP_TAPCELL_ROW_9_148,VDD,Metal1,164.0800,51.6300,4.999934
TAP_TAPCELL_ROW_9_147,VDD,Metal1,124.8800,51.6300,4.999938
TAP_TAPCELL_ROW_9_146,VDD,Metal1,85.6800,51.6300,4.999945
TAP_TAPCELL_ROW_9_145,VDD,Metal1,46.4800,51.6300,4.999948
TAP_TAPCELL_ROW_8_144,VDD,Metal1,262.0800,50.2900,4.999885
TAP_TAPCELL_ROW_8_143,VDD,Metal1,222.8800,50.2900,4.999886
TAP_TAPCELL_ROW_8_142,VDD,Metal1,183.6800,50.2900,4.999926
TAP_TAPCELL_ROW_8_141,VDD,Metal1,144.4800,50.2900,4.999935
TAP_TAPCELL_ROW_8_140,VDD,Metal1,105.2800,50.2900,4.999940
TAP_TAPCELL_ROW_8_139,VDD,Metal1,66.0800,50.2900,4.999946
TAP_TAPCELL_ROW_8_138,VDD,Metal1,26.8800,50.2900,4.999949
TAP_TAPCELL_ROW_7_137,VDD,Metal1,281.6800,43.7900,4.999865
TAP_TAPCELL_ROW_7_136,VDD,Metal1,242.4800,43.7900,4.999869
TAP_TAPCELL_ROW_7_135,VDD,Metal1,203.2800,43.7900,4.999906
TAP_TAPCELL_ROW_7_134,VDD,Metal1,164.0800,43.7900,4.999919
TAP_TAPCELL_ROW_7_133,VDD,Metal1,124.8800,43.7900,4.999916
TAP_TAPCELL_ROW_7_132,VDD,Metal1,85.6800,43.7900,4.999918
TAP_TAPCELL_ROW_7_131,VDD,Metal1,46.4800,43.7900,4.999937
TAP_TAPCELL_ROW_6_130,VDD,Metal1,262.0800,42.4500,4.999866
TAP_TAPCELL_ROW_6_129,VDD,Metal1,222.8800,42.4500,4.999878
TAP_TAPCELL_ROW_6_128,VDD,Metal1,183.6800,42.4500,4.999918
TAP_TAPCELL_ROW_6_127,VDD,Metal1,144.4800,42.4500,4.999916
TAP_TAPCELL_ROW_6_126,VDD,Metal1,105.2800,42.4500,4.999917
TAP_TAPCELL_ROW_6_125,VDD,Metal1,66.0800,42.4500,4.999929
TAP_TAPCELL_ROW_6_124,VDD,Metal1,26.8800,42.4500,4.999940
TAP_TAPCELL_ROW_5_123,VDD,Metal1,281.6800,35.9500,4.999970
TAP_TAPCELL_ROW_5_122,VDD,Metal1,242.4800,35.9500,4.999975
TAP_TAPCELL_ROW_5_121,VDD,Metal1,203.2800,35.9500,4.999977
TAP_TAPCELL_ROW_5_120,VDD,Metal1,164.0800,35.9500,4.999978
TAP_TAPCELL_ROW_5_119,VDD,Metal1,124.8800,35.9500,4.999977
TAP_TAPCELL_ROW_5_118,VDD,Metal1,85.6800,35.9500,4.999977
TAP_TAPCELL_ROW_5_117,VDD,Metal1,46.4800,35.9500,4.999979
TAP_TAPCELL_ROW_4_116,VDD,Metal1,262.0800,34.6100,4.999971
TAP_TAPCELL_ROW_4_115,VDD,Metal1,222.8800,34.6100,4.999977
TAP_TAPCELL_ROW_4_114,VDD,Metal1,183.6800,34.6100,4.999978
TAP_TAPCELL_ROW_4_113,VDD,Metal1,144.4800,34.6100,4.999977
TAP_TAPCELL_ROW_4_112,VDD,Metal1,105.2800,34.6100,4.999977
TAP_TAPCELL_ROW_4_111,VDD,Metal1,66.0800,34.6100,4.999978
TAP_TAPCELL_ROW_4_110,VDD,Metal1,26.8800,34.6100,4.999982
TAP_TAPCELL_ROW_3_109,VDD,Metal1,281.6800,28.1100,4.999948
TAP_TAPCELL_ROW_3_108,VDD,Metal1,242.4800,28.1100,4.999950
TAP_TAPCELL_ROW_3_107,VDD,Metal1,203.2800,28.1100,4.999958
TAP_TAPCELL_ROW_3_106,VDD,Metal1,164.0800,28.1100,4.999963
TAP_TAPCELL_ROW_3_105,VDD,Metal1,124.8800,28.1100,4.999963
TAP_TAPCELL_ROW_3_104,VDD,Metal1,85.6800,28.1100,4.999966
TAP_TAPCELL_ROW_3_103,VDD,Metal1,46.4800,28.1100,4.999969
TAP_TAPCELL_ROW_2_102,VDD,Metal1,262.0800,26.7700,4.999948
TAP_TAPCELL_ROW_2_101,VDD,Metal1,222.8800,26.7700,4.999950
TAP_TAPCELL_ROW_2_100,VDD,Metal1,183.6800,26.7700,4.999959
TAP_TAPCELL_ROW_2_99,VDD,Metal1,144.4800,26.7700,4.999963
TAP_TAPCELL_ROW_2_98,VDD,Metal1,105.2800,26.7700,4.999964
TAP_TAPCELL_ROW_2_97,VDD,Metal1,66.0800,26.7700,4.999966
TAP_TAPCELL_ROW_2_96,VDD,Metal1,26.8800,26.7700,4.999975
TAP_TAPCELL_ROW_1_95,VDD,Metal1,281.6800,20.2700,4.999968
TAP_TAPCELL_ROW_1_94,VDD,Metal1,242.4800,20.2700,4.999972
TAP_TAPCELL_ROW_1_93,VDD,Metal1,203.2800,20.2700,4.999973
TAP_TAPCELL_ROW_1_92,VDD,Metal1,164.0800,20.2700,4.999976
TAP_TAPCELL_ROW_1_91,VDD,Metal1,124.8800,20.2700,4.999977
TAP_TAPCELL_ROW_1_90,VDD,Metal1,85.6800,20.2700,4.999978
TAP_TAPCELL_ROW_1_89,VDD,Metal1,46.4800,20.2700,4.999984
TAP_TAPCELL_ROW_0_88,VDD,Metal1,292.8800,18.9300,4.999968
TAP_TAPCELL_ROW_0_87,VDD,Metal1,273.8400,18.9300,4.999968
TAP_TAPCELL_ROW_0_86,VDD,Metal1,254.8000,18.9300,4.999969
TAP_TAPCELL_ROW_0_85,VDD,Metal1,235.7600,18.9300,4.999973
TAP_TAPCELL_ROW_0_84,VDD,Metal1,216.7200,18.9300,4.999973
TAP_TAPCELL_ROW_0_83,VDD,Metal1,197.6800,18.9300,4.999974
TAP_TAPCELL_ROW_0_82,VDD,Metal1,178.6400,18.9300,4.999976
TAP_TAPCELL_ROW_0_81,VDD,Metal1,159.6000,18.9300,4.999976
TAP_TAPCELL_ROW_0_80,VDD,Metal1,140.5600,18.9300,4.999976
TAP_TAPCELL_ROW_0_79,VDD,Metal1,121.5200,18.9300,4.999977
TAP_TAPCELL_ROW_0_78,VDD,Metal1,102.4800,18.9300,4.999977
TAP_TAPCELL_ROW_0_77,VDD,Metal1,83.4400,18.9300,4.999980
TAP_TAPCELL_ROW_0_76,VDD,Metal1,64.4000,18.9300,4.999983
TAP_TAPCELL_ROW_0_75,VDD,Metal1,45.3600,18.9300,4.999984
TAP_TAPCELL_ROW_0_74,VDD,Metal1,26.3200,18.9300,4.999985
PHY_EDGE_ROW_36_Left_73,VDD,Metal1,7.2730,160.0480,4.999999
PHY_EDGE_ROW_35_Left_72,VDD,Metal1,7.2730,153.5515,4.999973
PHY_EDGE_ROW_34_Left_71,VDD,Metal1,7.2730,152.2080,4.999973
PHY_EDGE_ROW_33_Left_70,VDD,Metal1,7.2730,145.7115,4.999989
PHY_EDGE_ROW_32_Left_69,VDD,Metal1,7.2730,144.3680,4.999989
PHY_EDGE_ROW_31_Left_68,VDD,Metal1,7.2730,137.8715,4.999968
PHY_EDGE_ROW_30_Left_67,VDD,Metal1,7.2730,136.5280,4.999968
PHY_EDGE_ROW_29_Left_66,VDD,Metal1,7.2730,130.0315,4.999975
PHY_EDGE_ROW_28_Left_65,VDD,Metal1,7.2730,128.6880,4.999975
PHY_EDGE_ROW_27_Left_64,VDD,Metal1,7.2730,122.1915,4.999930
PHY_EDGE_ROW_26_Left_63,VDD,Metal1,7.2730,120.8480,4.999930
PHY_EDGE_ROW_25_Left_62,VDD,Metal1,7.2730,114.3515,4.999947
PHY_EDGE_ROW_24_Left_61,VDD,Metal1,7.2730,113.0080,4.999947
PHY_EDGE_ROW_23_Left_60,VDD,Metal1,7.2730,106.5115,4.999982
PHY_EDGE_ROW_22_Left_59,VDD,Metal1,7.2730,105.1680,4.999982
PHY_EDGE_ROW_21_Left_58,VDD,Metal1,7.2730,98.6715,4.999965
PHY_EDGE_ROW_20_Left_57,VDD,Metal1,7.2730,97.3280,4.999965
PHY_EDGE_ROW_19_Left_56,VDD,Metal1,7.2730,90.8315,4.999939
PHY_EDGE_ROW_18_Left_55,VDD,Metal1,7.2730,89.4880,4.999939
PHY_EDGE_ROW_17_Left_54,VDD,Metal1,7.2730,82.9915,4.999958
PHY_EDGE_ROW_16_Left_53,VDD,Metal1,7.2730,81.6480,4.999958
PHY_EDGE_ROW_15_Left_52,VDD,Metal1,7.2730,75.1515,4.999970
PHY_EDGE_ROW_14_Left_51,VDD,Metal1,7.2730,73.8080,4.999970
PHY_EDGE_ROW_13_Left_50,VDD,Metal1,7.2730,67.3115,4.999975
PHY_EDGE_ROW_12_Left_49,VDD,Metal1,7.2730,65.9680,4.999975
PHY_EDGE_ROW_11_Left_48,VDD,Metal1,7.2730,59.4715,4.999916
PHY_EDGE_ROW_10_Left_47,VDD,Metal1,7.2730,58.1280,4.999916
PHY_EDGE_ROW_9_Left_46,VDD,Metal1,7.2730,51.6315,4.999950
PHY_EDGE_ROW_8_Left_45,VDD,Metal1,7.2730,50.2880,4.999950
PHY_EDGE_ROW_7_Left_44,VDD,Metal1,7.2730,43.7915,4.999942
PHY_EDGE_ROW_6_Left_43,VDD,Metal1,7.2730,42.4480,4.999942
PHY_EDGE_ROW_5_Left_42,VDD,Metal1,7.2730,35.9515,4.999982
PHY_EDGE_ROW_4_Left_41,VDD,Metal1,7.2730,34.6080,4.999982
PHY_EDGE_ROW_3_Left_40,VDD,Metal1,7.2730,28.1115,4.999976
PHY_EDGE_ROW_2_Left_39,VDD,Metal1,7.2730,26.7680,4.999976
PHY_EDGE_ROW_1_Left_38,VDD,Metal1,7.2730,20.2715,4.999986
PHY_EDGE_ROW_0_Left_37,VDD,Metal1,7.2730,18.9280,4.999986
PHY_EDGE_ROW_36_Right_36,VDD,Metal1,299.6065,160.0480,4.999997
PHY_EDGE_ROW_35_Right_35,VDD,Metal1,299.6065,153.5515,4.999956
PHY_EDGE_ROW_34_Right_34,VDD,Metal1,299.6065,152.2080,4.999956
PHY_EDGE_ROW_33_Right_33,VDD,Metal1,299.6065,145.7115,4.999972
PHY_EDGE_ROW_32_Right_32,VDD,Metal1,299.6065,144.3680,4.999972
PHY_EDGE_ROW_31_Right_31,VDD,Metal1,299.6065,137.8715,4.999899
PHY_EDGE_ROW_30_Right_30,VDD,Metal1,299.6065,136.5280,4.999899
PHY_EDGE_ROW_29_Right_29,VDD,Metal1,299.6065,130.0315,4.999944
PHY_EDGE_ROW_28_Right_28,VDD,Metal1,299.6065,128.6880,4.999944
PHY_EDGE_ROW_27_Right_27,VDD,Metal1,299.6065,122.1915,4.999906
PHY_EDGE_ROW_26_Right_26,VDD,Metal1,299.6065,120.8480,4.999906
PHY_EDGE_ROW_25_Right_25,VDD,Metal1,299.6065,114.3515,4.999931
PHY_EDGE_ROW_24_Right_24,VDD,Metal1,299.6065,113.0080,4.999931
PHY_EDGE_ROW_23_Right_23,VDD,Metal1,299.6065,106.5115,4.999970
PHY_EDGE_ROW_22_Right_22,VDD,Metal1,299.6065,105.1680,4.999970
PHY_EDGE_ROW_21_Right_21,VDD,Metal1,299.6065,98.6715,4.999877
PHY_EDGE_ROW_20_Right_20,VDD,Metal1,299.6065,97.3280,4.999877
PHY_EDGE_ROW_19_Right_19,VDD,Metal1,299.6065,90.8315,4.999905
PHY_EDGE_ROW_18_Right_18,VDD,Metal1,299.6065,89.4880,4.999905
PHY_EDGE_ROW_17_Right_17,VDD,Metal1,299.6065,82.9915,4.999887
PHY_EDGE_ROW_16_Right_16,VDD,Metal1,299.6065,81.6480,4.999887
PHY_EDGE_ROW_15_Right_15,VDD,Metal1,299.6065,75.1515,4.999931
PHY_EDGE_ROW_14_Right_14,VDD,Metal1,299.6065,73.8080,4.999931
PHY_EDGE_ROW_13_Right_13,VDD,Metal1,299.6065,67.3115,4.999961
PHY_EDGE_ROW_12_Right_12,VDD,Metal1,299.6065,65.9680,4.999961
PHY_EDGE_ROW_11_Right_11,VDD,Metal1,299.6065,59.4715,4.999879
PHY_EDGE_ROW_10_Right_10,VDD,Metal1,299.6065,58.1280,4.999879
PHY_EDGE_ROW_9_Right_9,VDD,Metal1,299.6065,51.6315,4.999885
PHY_EDGE_ROW_8_Right_8,VDD,Metal1,299.6065,50.2880,4.999885
PHY_EDGE_ROW_7_Right_7,VDD,Metal1,299.6065,43.7915,4.999865
PHY_EDGE_ROW_6_Right_6,VDD,Metal1,299.6065,42.4480,4.999865
PHY_EDGE_ROW_5_Right_5,VDD,Metal1,299.6065,35.9515,4.999970
PHY_EDGE_ROW_4_Right_4,VDD,Metal1,299.6065,34.6080,4.999970
PHY_EDGE_ROW_3_Right_3,VDD,Metal1,299.6065,28.1115,4.999948
PHY_EDGE_ROW_2_Right_2,VDD,Metal1,299.6065,26.7680,4.999948
PHY_EDGE_ROW_1_Right_1,VDD,Metal1,299.6065,20.2715,4.999968
PHY_EDGE_ROW_0_Right_0,VDD,Metal1,299.6065,18.9280,4.999968
_1460_,VDD,Metal1,13.4300,89.8875,4.999939
_1459_,VDD,Metal1,13.4300,74.7525,4.999970
_1458_,VDD,Metal1,13.4300,98.2725,4.999965
_1457_,VDD,Metal1,13.4300,136.9275,4.999968
_1456_,VDD,Metal1,13.4300,121.7925,4.999930
_1455_,VDD,Metal1,13.4300,105.5675,4.999982
_1453_,VDD,Metal1,192.2465,75.0645,4.999940
_1452_,VDD,Metal1,231.4465,120.9350,4.999906
_1451_,VDD,Metal1,204.2330,105.2550,4.999971
_1450_,VDD,Metal1,211.8465,98.5845,4.999888
_1449_,VDD,Metal1,206.2465,120.9350,4.999907
_1448_,VDD,Metal1,215.7665,122.1045,4.999907
_1447_,VDD,Metal1,232.0065,113.0950,4.999935
_1446_,VDD,Metal1,262.2465,114.2645,4.999933
_1445_,VDD,Metal1,247.6865,120.9350,4.999906
_1444_,VDD,Metal1,253.2865,153.4645,4.999957
_1443_,VDD,Metal1,269.5265,153.4645,4.999956
_1442_,VDD,Metal1,256.6465,129.9445,4.999946
_1441_,VDD,Metal1,243.7665,128.7750,4.999947
_1440_,VDD,Metal1,267.2865,145.6245,4.999973
_1439_,VDD,Metal1,242.0865,144.4550,4.999974
_1438_,VDD,Metal1,231.1130,90.7445,4.999906
_1437_,VDD,Metal1,211.8465,82.9045,4.999924
_1436_,VDD,Metal1,215.7665,59.3845,4.999889
_1435_,VDD,Metal1,205.1265,73.8950,4.999939
_1434_,VDD,Metal1,218.5665,75.0645,4.999939
_1433_,VDD,Metal1,225.2865,67.2245,4.999964
_1432_,VDD,Metal1,242.0865,81.7350,4.999902
_1431_,VDD,Metal1,236.1530,66.0550,4.999964
_1430_,VDD,Metal1,267.8465,98.5845,4.999880
_1429_,VDD,Metal1,249.3665,97.4150,4.999882
_1428_,VDD,Metal1,275.9130,66.0550,4.999962
_1427_,VDD,Metal1,270.6465,81.7350,4.999889
_1426_,VDD,Metal1,253.2865,75.0645,4.999932
_1425_,VDD,Metal1,251.2730,59.3845,4.999880
_1424_,VDD,Metal1,271.4330,58.2150,4.999880
_1423_,VDD,Metal1,258.5530,67.2245,4.999962
_1422_,VDD,Metal1,290.8065,145.6245,4.999972
_1421_,VDD,Metal1,281.2865,152.2950,4.999956
_1420_,VDD,Metal1,272.8865,122.1045,4.999906
_1419_,VDD,Metal1,290.8065,128.7750,4.999944
_1418_,VDD,Metal1,290.8065,113.0950,4.999931
_1417_,VDD,Metal1,290.8065,114.2645,4.999931
_1416_,VDD,Metal1,290.8065,98.5845,4.999877
_1415_,VDD,Metal1,290.8065,97.4150,4.999877
_1414_,VDD,Metal1,290.8065,81.7350,4.999887
_1413_,VDD,Metal1,290.8065,82.9045,4.999887
_1412_,VDD,Metal1,35.4465,136.6150,4.999966
_1411_,VDD,Metal1,45.5265,144.4550,4.999988
_1410_,VDD,Metal1,46.0865,128.7750,4.999969
_1409_,VDD,Metal1,27.6065,114.2645,4.999947
_1408_,VDD,Metal1,18.3130,113.0950,4.999947
_1407_,VDD,Metal1,43.5130,97.4150,4.999953
_1406_,VDD,Metal1,28.1665,90.7445,4.999939
_1405_,VDD,Metal1,25.0330,35.8645,4.999982
_1404_,VDD,Metal1,195.8330,152.2950,4.999964
_1403_,VDD,Metal1,218.5665,153.4645,4.999961
_1402_,VDD,Metal1,174.8865,97.4150,4.999941
_1401_,VDD,Metal1,181.6065,106.4245,4.999972
_1400_,VDD,Metal1,154.3930,98.5845,4.999941
_1399_,VDD,Metal1,160.3265,105.2550,4.999970
_1398_,VDD,Metal1,148.5665,122.1045,4.999916
_1397_,VDD,Metal1,135.6865,120.9350,4.999915
_1396_,VDD,Metal1,128.9665,136.6150,4.999940
_1395_,VDD,Metal1,162.2330,152.2950,4.999964
_1394_,VDD,Metal1,182.1665,153.4645,4.999964
_1393_,VDD,Metal1,182.9530,137.7845,4.999939
_1392_,VDD,Metal1,149.1265,137.7845,4.999940
_1391_,VDD,Metal1,149.1265,153.4645,4.999965
_1390_,VDD,Metal1,127.8465,152.2950,4.999968
_1389_,VDD,Metal1,111.8330,137.7845,4.999942
_1388_,VDD,Metal1,109.3665,153.4645,4.999969
_1387_,VDD,Metal1,88.6465,152.2950,4.999972
_1386_,VDD,Metal1,83.0465,144.4550,4.999987
_1385_,VDD,Metal1,75.2065,129.9445,4.999966
_1384_,VDD,Metal1,72.4065,153.4645,4.999973
_1383_,VDD,Metal1,61.2065,137.7845,4.999965
_1382_,VDD,Metal1,81.9265,97.4150,4.999944
_1381_,VDD,Metal1,57.2865,113.0950,4.999939
_1380_,VDD,Metal1,60.6465,98.5845,4.999951
_1379_,VDD,Metal1,61.7665,122.1045,4.999917
_1378_,VDD,Metal1,279.2730,42.5350,4.999865
_1377_,VDD,Metal1,282.6330,34.6950,4.999970
_1376_,VDD,Metal1,288.0065,26.8550,4.999948
_1375_,VDD,Metal1,271.7665,26.8550,4.999948
_1374_,VDD,Metal1,257.4330,28.0245,4.999948
_1373_,VDD,Metal1,257.4330,20.1845,4.999969
_1372_,VDD,Metal1,241.5265,26.8550,4.999950
_1371_,VDD,Metal1,233.3530,28.0245,4.999950
_1370_,VDD,Metal1,228.0865,20.1845,4.999973
_1369_,VDD,Metal1,212.0730,20.1845,4.999973
_1368_,VDD,Metal1,206.2465,34.6950,4.999977
_1367_,VDD,Metal1,188.8865,20.1845,4.999974
_1366_,VDD,Metal1,192.2465,26.8550,4.999958
_1365_,VDD,Metal1,187.2065,35.8645,4.999978
_1364_,VDD,Metal1,192.2465,50.3750,4.999923
_1363_,VDD,Metal1,200.6465,66.0550,4.999966
_1362_,VDD,Metal1,183.2865,59.3845,4.999892
_1361_,VDD,Metal1,36.7930,81.7350,4.999955
_1360_,VDD,Metal1,37.6865,67.2245,4.999973
_1359_,VDD,Metal1,25.5930,59.3845,4.999916
_1358_,VDD,Metal1,33.2065,51.5445,4.999949
_1357_,VDD,Metal1,36.5665,42.5350,4.999939
_1356_,VDD,Metal1,41.6065,34.6950,4.999979
_1355_,VDD,Metal1,48.3265,26.8550,4.999969
_1354_,VDD,Metal1,64.5665,35.8645,4.999978
_1353_,VDD,Metal1,60.6465,20.1845,4.999983
_1352_,VDD,Metal1,74.6465,26.8550,4.999966
_1351_,VDD,Metal1,86.9665,34.6950,4.999977
_1350_,VDD,Metal1,94.4730,26.8550,4.999964
_1349_,VDD,Metal1,88.0865,42.5350,4.999918
_1348_,VDD,Metal1,114.4065,42.5350,4.999916
_1347_,VDD,Metal1,116.0865,26.8550,4.999963
_1346_,VDD,Metal1,105.4465,20.1845,4.999977
_1345_,VDD,Metal1,132.3265,26.8550,4.999963
_1344_,VDD,Metal1,141.8465,20.1845,4.999976
_1343_,VDD,Metal1,153.6065,26.8550,4.999963
_1342_,VDD,Metal1,172.6465,20.1845,4.999976
_1341_,VDD,Metal1,172.8730,28.0245,4.999963
_1340_,VDD,Metal1,161.1130,42.5350,4.999919
_1339_,VDD,Metal1,175.1130,50.3750,4.999930
_1338_,VDD,Metal1,161.1130,58.2150,4.999905
_1337_,VDD,Metal1,180.4865,82.9045,4.999928
_1336_,VDD,Metal1,190.5665,114.2645,4.999939
_1335_,VDD,Metal1,134.0065,105.2550,4.999970
_1334_,VDD,Metal1,167.6065,113.0950,4.999940
_1333_,VDD,Metal1,155.2865,82.9045,4.999930
_1332_,VDD,Metal1,116.6465,113.0950,4.999936
_1331_,VDD,Metal1,122.2465,97.4150,4.999942
_1330_,VDD,Metal1,135.6865,89.5750,4.999913
_1329_,VDD,Metal1,192.4730,97.4150,4.999935
_1328_,VDD,Metal1,192.4730,128.7750,4.999955
_1327_,VDD,Metal1,147.6730,106.4245,4.999970
_1326_,VDD,Metal1,174.8865,128.7750,4.999956
_1325_,VDD,Metal1,162.0065,89.5750,4.999906
_1324_,VDD,Metal1,116.0865,122.1045,4.999914
_1323_,VDD,Metal1,116.0865,98.5845,4.999942
_1322_,VDD,Metal1,108.2465,90.7445,4.999923
_1321_,VDD,Metal1,99.8465,98.5845,4.999943
_1320_,VDD,Metal1,99.8465,122.1045,4.999916
_1319_,VDD,Metal1,106.0065,106.4245,4.999969
_1318_,VDD,Metal1,85.2865,120.9350,4.999917
_1317_,VDD,Metal1,91.4465,89.5750,4.999932
_1316_,VDD,Metal1,90.8865,113.0950,4.999937
_1315_,VDD,Metal1,74.6465,89.5750,4.999934
_1314_,VDD,Metal1,75.7665,75.0645,4.999960
_1313_,VDD,Metal1,50.5665,89.5750,4.999938
_1312_,VDD,Metal1,57.2865,66.0550,4.999970
_1311_,VDD,Metal1,70.7265,59.3845,4.999911
_1310_,VDD,Metal1,55.0465,51.5445,4.999946
_1309_,VDD,Metal1,53.3665,81.7350,4.999951
_1308_,VDD,Metal1,64.0065,43.7045,4.999929
_1307_,VDD,Metal1,59.5265,75.0645,4.999967
_1306_,VDD,Metal1,78.0065,66.0550,4.999967
_1305_,VDD,Metal1,85.8465,73.8950,4.999960
_1304_,VDD,Metal1,83.0465,50.3750,4.999945
_1303_,VDD,Metal1,96.7130,58.2150,4.999909
_1302_,VDD,Metal1,107.1265,51.5445,4.999940
_1301_,VDD,Metal1,94.4730,66.0550,4.999966
_1300_,VDD,Metal1,124.1530,50.3750,4.999938
_1299_,VDD,Metal1,118.3265,81.7350,4.999940
_1298_,VDD,Metal1,104.3265,67.2245,4.999966
_1297_,VDD,Metal1,180.4865,67.2245,4.999966
_1296_,VDD,Metal1,116.0865,59.3845,4.999907
_1295_,VDD,Metal1,137.3665,43.7045,4.999916
_1294_,VDD,Metal1,148.0065,35.8645,4.999977
_1293_,VDD,Metal1,166.4865,73.8950,4.999945
_1292_,VDD,Metal1,144.8730,51.5445,4.999935
_1291_,VDD,Metal1,133.4465,73.8950,4.999949
_1290_,VDD,Metal1,148.2330,67.2245,4.999966
_1289_,VDD,Metal1,237.0465,152.2950,4.999958
_1288_,VDD,Metal1,233.1265,129.9445,4.999947
_1287_,VDD,Metal1,224.7900,74.0575,4.999939
_1286_,VDD,Metal1,214.9400,67.0625,4.999965
_1285_,VDD,Metal1,228.9400,74.0575,4.999935
_1284_,VDD,Metal1,236.5500,74.9025,4.999935
_1283_,VDD,Metal1,231.7400,81.8975,4.999902
_1282_,VDD,Metal1,237.3400,82.7425,4.999902
_1281_,VDD,Metal1,232.0700,59.2225,4.999883
_1280_,VDD,Metal1,225.5800,66.2175,4.999964
_1279_,VDD,Metal1,235.1000,67.0625,4.999964
_1278_,VDD,Metal1,265.7700,90.5825,4.999905
_1277_,VDD,Metal1,264.2200,97.5775,4.999880
_1276_,VDD,Metal1,255.8200,90.5825,4.999905
_1275_,VDD,Metal1,249.5625,90.5825,4.999906
_1274_,VDD,Metal1,253.2200,98.4225,4.999882
_1273_,VDD,Metal1,274.6300,59.2225,4.999880
_1272_,VDD,Metal1,269.2600,74.0575,4.999931
_1271_,VDD,Metal1,272.6200,74.0575,4.999931
_1270_,VDD,Metal1,259.6425,74.0575,4.999932
_1269_,VDD,Metal1,260.5000,81.8975,4.999896
_1268_,VDD,Metal1,253.4500,81.8975,4.999898
_1267_,VDD,Metal1,251.9000,82.7425,4.999898
_1266_,VDD,Metal1,257.1400,81.8975,4.999896
_1265_,VDD,Metal1,250.5500,66.2175,4.999963
_1264_,VDD,Metal1,240.9000,59.2225,4.999880
_1263_,VDD,Metal1,254.3400,74.0575,4.999932
_1262_,VDD,Metal1,265.1500,34.7165,4.999971
_1261_,VDD,Metal1,266.1400,66.2575,4.999962
_1260_,VDD,Metal1,267.9700,34.7165,4.999971
_1259_,VDD,Metal1,260.1100,50.3965,4.999885
_1258_,VDD,Metal1,256.3400,66.2575,4.999962
_1257_,VDD,Metal1,259.5500,35.8430,4.999974
_1256_,VDD,Metal1,283.6500,90.7230,4.999905
_1255_,VDD,Metal1,260.8665,90.6075,4.999905
_1254_,VDD,Metal1,264.4200,160.2975,4.999997
_1253_,VDD,Metal1,279.1375,137.4950,4.999899
_1252_,VDD,Metal1,295.5630,160.2865,4.999997
_1251_,VDD,Metal1,270.3400,160.3375,4.999997
_1250_,VDD,Metal1,283.6300,153.4430,4.999956
_1249_,VDD,Metal1,277.8665,136.6365,4.999899
_1248_,VDD,Metal1,275.2900,144.6175,4.999973
_1247_,VDD,Metal1,266.4200,121.1375,4.999906
_1246_,VDD,Metal1,268.6830,97.5665,4.999880
_1245_,VDD,Metal1,187.7400,81.9375,4.999928
_1244_,VDD,Metal1,99.2100,81.8415,4.999941
_1243_,VDD,Metal1,187.1300,74.0015,4.999940
_1242_,VDD,Metal1,260.1300,113.1165,4.999933
_1241_,VDD,Metal1,265.6975,105.5450,4.999970
_1240_,VDD,Metal1,237.1375,98.2950,4.999883
_1239_,VDD,Metal1,283.6300,106.4030,4.999970
_1238_,VDD,Metal1,280.1000,153.3025,4.999956
_1237_,VDD,Metal1,279.7425,129.0650,4.999944
_1236_,VDD,Metal1,244.4300,98.5630,4.999882
_1235_,VDD,Metal1,212.8400,97.7350,4.999888
_1234_,VDD,Metal1,248.8975,98.2950,4.999882
_1233_,VDD,Metal1,201.1800,90.5425,4.999906
_1232_,VDD,Metal1,191.0500,113.2015,4.999939
_1231_,VDD,Metal1,116.5700,67.1180,4.999966
_1230_,VDD,Metal1,256.5800,106.2625,4.999970
_1229_,VDD,Metal1,269.1025,106.1350,4.999970
_1228_,VDD,Metal1,224.0700,106.2125,4.999971
_1227_,VDD,Metal1,256.7375,113.3850,4.999933
_1226_,VDD,Metal1,219.2625,105.5450,4.999971
_1225_,VDD,Metal1,146.8130,105.3925,4.999970
_1224_,VDD,Metal1,130.5700,51.4380,4.999938
_1223_,VDD,Metal1,133.9300,97.5215,4.999942
_1222_,VDD,Metal1,270.0200,105.4175,4.999970
_1221_,VDD,Metal1,279.7425,113.3850,4.999932
_1220_,VDD,Metal1,252.8300,114.2430,4.999934
_1219_,VDD,Metal1,212.8400,113.4150,4.999937
_1218_,VDD,Metal1,274.0975,113.3850,4.999932
_1217_,VDD,Metal1,194.4600,106.2225,4.999972
_1216_,VDD,Metal1,138.4100,59.2780,4.999906
_1215_,VDD,Metal1,174.2500,121.0415,4.999921
_1214_,VDD,Metal1,280.4600,81.8975,4.999888
_1213_,VDD,Metal1,278.0625,98.2950,4.999879
_1212_,VDD,Metal1,229.1100,98.3725,4.999885
_1211_,VDD,Metal1,253.9825,105.5450,4.999970
_1210_,VDD,Metal1,223.7425,98.2950,4.999887
_1209_,VDD,Metal1,167.5330,74.9275,4.999945
_1208_,VDD,Metal1,98.6500,74.0015,4.999959
_1207_,VDD,Metal1,166.9700,82.7980,4.999929
_1206_,VDD,Metal1,260.5000,97.5775,4.999882
_1205_,VDD,Metal1,273.0225,105.5450,4.999970
_1204_,VDD,Metal1,245.9100,106.2125,4.999971
_1203_,VDD,Metal1,246.6575,105.5450,4.999971
_1202_,VDD,Metal1,247.2175,113.3850,4.999935
_1201_,VDD,Metal1,127.2130,98.4475,4.999942
_1200_,VDD,Metal1,118.8100,51.4380,4.999938
_1199_,VDD,Metal1,130.9500,121.9980,4.999915
_1198_,VDD,Metal1,280.4600,74.0575,4.999931
_1197_,VDD,Metal1,278.0625,97.7050,4.999879
_1196_,VDD,Metal1,271.6700,89.7875,4.999905
_1195_,VDD,Metal1,270.1775,90.4550,4.999905
_1194_,VDD,Metal1,266.3025,89.8650,4.999905
_1193_,VDD,Metal1,128.3330,74.9275,4.999949
_1192_,VDD,Metal1,132.0700,67.1180,4.999966
_1191_,VDD,Metal1,118.8100,82.7980,4.999940
_1190_,VDD,Metal1,283.2600,67.0625,4.999962
_1189_,VDD,Metal1,273.0225,97.7050,4.999880
_1188_,VDD,Metal1,245.9100,82.6925,4.999902
_1187_,VDD,Metal1,246.1425,66.3450,4.999963
_1186_,VDD,Metal1,284.2500,58.3775,4.999880
_1185_,VDD,Metal1,247.7775,121.8150,4.999906
_1184_,VDD,Metal1,146.8130,81.8725,4.999930
_1183_,VDD,Metal1,107.0500,74.9580,4.999954
_1182_,VDD,Metal1,273.3800,51.3825,4.999885
_1181_,VDD,Metal1,275.4200,50.5375,4.999885
_1180_,VDD,Metal1,288.7300,58.3775,4.999880
_1179_,VDD,Metal1,144.9500,82.7980,4.999931
_1178_,VDD,Metal1,284.5800,59.2225,4.999880
_1177_,VDD,Metal1,280.3800,129.7950,4.999944
_1176_,VDD,Metal1,279.9200,50.5375,4.999885
_1175_,VDD,Metal1,288.7300,59.2225,4.999880
_1174_,VDD,Metal1,288.7300,66.2175,4.999962
_1173_,VDD,Metal1,288.6700,42.5565,4.999865
_1172_,VDD,Metal1,285.8000,50.5375,4.999885
_1171_,VDD,Metal1,278.4130,144.5925,4.999973
_1170_,VDD,Metal1,270.2100,137.7630,4.999899
_1169_,VDD,Metal1,283.6300,129.9230,4.999944
_1168_,VDD,Metal1,277.9900,145.4625,4.999973
_1167_,VDD,Metal1,32.0200,129.7825,4.999973
_1166_,VDD,Metal1,38.8800,129.7175,4.999969
_1165_,VDD,Metal1,49.5860,129.7500,4.999969
_1164_,VDD,Metal1,44.3800,137.5825,4.999966
_1163_,VDD,Metal1,49.3500,137.5725,4.999965
_1162_,VDD,Metal1,38.9700,121.9425,4.999920
_1161_,VDD,Metal1,43.2400,121.9575,4.999920
_1160_,VDD,Metal1,35.1400,128.9775,4.999973
_1159_,VDD,Metal1,38.5200,114.1175,4.999945
_1158_,VDD,Metal1,30.3465,113.1165,4.999947
_1157_,VDD,Metal1,23.8800,121.0975,4.999930
_1156_,VDD,Metal1,25.3975,106.2625,4.999981
_1155_,VDD,Metal1,32.0400,106.2775,4.999979
_1154_,VDD,Metal1,41.7100,113.1165,4.999944
_1153_,VDD,Metal1,38.1965,105.4065,4.999977
_1152_,VDD,Metal1,38.8400,98.4225,4.999953
_1151_,VDD,Metal1,37.6130,106.2875,4.999977
_1150_,VDD,Metal1,44.5300,98.5630,4.999953
_1149_,VDD,Metal1,25.3000,97.5775,4.999965
_1148_,VDD,Metal1,43.5630,106.2730,4.999973
_1147_,VDD,Metal1,30.2550,98.5400,4.999955
_1146_,VDD,Metal1,24.9700,98.4225,4.999965
_1145_,VDD,Metal1,29.0200,105.4175,4.999980
_1144_,VDD,Metal1,48.4500,106.4030,4.999973
_1143_,VDD,Metal1,42.7900,114.1025,4.999944
_1142_,VDD,Metal1,38.0630,113.2165,4.999945
_1141_,VDD,Metal1,33.5000,105.4175,4.999979
_1140_,VDD,Metal1,28.8500,120.9565,4.999926
_1139_,VDD,Metal1,44.5300,129.9230,4.999969
_1138_,VDD,Metal1,196.9800,153.2625,4.999964
_1137_,VDD,Metal1,194.9965,145.4730,4.999980
_1136_,VDD,Metal1,200.1775,145.3350,4.999980
_1135_,VDD,Metal1,206.1800,145.4625,4.999979
_1134_,VDD,Metal1,204.8600,152.4575,4.999963
_1133_,VDD,Metal1,213.2600,145.4625,4.999978
_1132_,VDD,Metal1,211.0130,152.3165,4.999961
_1131_,VDD,Metal1,209.8830,145.4730,4.999978
_1130_,VDD,Metal1,170.6800,106.2775,4.999971
_1129_,VDD,Metal1,175.7200,105.4025,4.999972
_1128_,VDD,Metal1,148.2800,90.5975,4.999912
_1127_,VDD,Metal1,156.9200,113.2425,4.999939
_1126_,VDD,Metal1,148.7625,128.9375,4.999959
_1125_,VDD,Metal1,153.5800,128.9775,4.999959
_1124_,VDD,Metal1,127.2200,128.9375,4.999959
_1123_,VDD,Metal1,130.3630,128.9265,4.999959
_1122_,VDD,Metal1,135.7775,129.0650,4.999959
_1121_,VDD,Metal1,139.1500,128.7965,4.999959
_1120_,VDD,Metal1,123.3000,137.6225,4.999940
_1119_,VDD,Metal1,128.9165,144.6065,4.999985
_1118_,VDD,Metal1,127.4225,129.6550,4.999959
_1117_,VDD,Metal1,126.9400,137.6350,4.999940
_1116_,VDD,Metal1,130.3865,137.6475,4.999940
_1115_,VDD,Metal1,159.7975,145.4625,4.999984
_1114_,VDD,Metal1,161.5375,153.1750,4.999964
_1113_,VDD,Metal1,161.4600,144.6050,4.999984
_1112_,VDD,Metal1,167.5600,145.4775,4.999984
_1111_,VDD,Metal1,177.0600,160.2975,4.999998
_1110_,VDD,Metal1,178.5230,152.4465,4.999964
_1109_,VDD,Metal1,173.3425,152.5850,4.999964
_1108_,VDD,Metal1,169.4100,153.4430,4.999964
_1107_,VDD,Metal1,180.1225,144.6175,4.999982
_1106_,VDD,Metal1,179.5025,145.3350,4.999982
_1105_,VDD,Metal1,176.0200,145.4750,4.999984
_1104_,VDD,Metal1,174.0600,144.6175,4.999984
_1103_,VDD,Metal1,148.7625,144.6175,4.999984
_1102_,VDD,Metal1,145.3425,145.3350,4.999985
_1101_,VDD,Metal1,141.4260,144.6500,4.999985
_1100_,VDD,Metal1,143.2600,160.2975,4.999998
_1099_,VDD,Metal1,141.0030,145.4730,4.999985
_1098_,VDD,Metal1,140.8625,152.5850,4.999966
_1097_,VDD,Metal1,137.4700,152.3165,4.999968
_1096_,VDD,Metal1,126.4600,153.3025,4.999968
_1095_,VDD,Metal1,127.0030,160.2865,4.999998
_1094_,VDD,Metal1,129.0575,145.3350,4.999985
_1093_,VDD,Metal1,132.5400,145.4750,4.999985
_1092_,VDD,Metal1,131.1330,153.3275,4.999968
_1091_,VDD,Metal1,111.2425,144.6175,4.999985
_1090_,VDD,Metal1,110.6225,145.3350,4.999985
_1089_,VDD,Metal1,102.4630,144.5765,4.999986
_1088_,VDD,Metal1,96.2700,137.6225,4.999951
_1087_,VDD,Metal1,103.7000,152.4575,4.999969
_1086_,VDD,Metal1,106.2830,145.4730,4.999986
_1085_,VDD,Metal1,108.3825,152.5850,4.999969
_1084_,VDD,Metal1,102.7500,145.6030,4.999986
_1083_,VDD,Metal1,90.9175,145.4625,4.999987
_1082_,VDD,Metal1,94.3375,153.1750,4.999972
_1081_,VDD,Metal1,100.6200,152.4450,4.999970
_1080_,VDD,Metal1,95.6600,145.4625,4.999986
_1079_,VDD,Metal1,88.1175,137.6225,4.999962
_1078_,VDD,Metal1,94.3375,144.7450,4.999986
_1077_,VDD,Metal1,87.5400,145.4750,4.999987
_1076_,VDD,Metal1,97.3400,144.6175,4.999986
_1075_,VDD,Metal1,75.4025,128.9375,4.999966
_1074_,VDD,Metal1,78.0975,136.9050,4.999963
_1073_,VDD,Metal1,72.5460,136.8100,4.999964
_1072_,VDD,Metal1,70.1000,160.2975,4.999999
_1071_,VDD,Metal1,69.1825,145.3350,4.999987
_1070_,VDD,Metal1,70.5750,152.3400,4.999973
_1069_,VDD,Metal1,69.4230,128.8965,4.999966
_1068_,VDD,Metal1,57.7800,144.6175,4.999988
_1067_,VDD,Metal1,64.1425,145.3350,4.999988
_1066_,VDD,Metal1,61.9200,144.6825,4.999988
_1065_,VDD,Metal1,68.5900,144.4765,4.999987
_1064_,VDD,Metal1,78.5000,98.4225,4.999944
_1063_,VDD,Metal1,79.2625,105.5450,4.999971
_1062_,VDD,Metal1,73.3450,105.3000,4.999972
_1061_,VDD,Metal1,70.6900,113.3290,4.999937
_1060_,VDD,Metal1,51.6200,114.1025,4.999939
_1059_,VDD,Metal1,69.1825,113.9750,4.999937
_1058_,VDD,Metal1,62.1450,106.3800,4.999973
_1057_,VDD,Metal1,70.5430,106.3030,4.999972
_1056_,VDD,Metal1,58.3400,105.4175,4.999973
_1055_,VDD,Metal1,62.4175,105.5450,4.999973
_1054_,VDD,Metal1,61.9200,97.6425,4.999951
_1053_,VDD,Metal1,73.6500,114.2430,4.999937
_1052_,VDD,Metal1,61.7400,128.9775,4.999968
_1051_,VDD,Metal1,68.7630,121.0865,4.999917
_1050_,VDD,Metal1,200.5730,136.7525,4.999938
_1048_,VDD,Metal1,200.6200,144.6575,4.999980
_1047_,VDD,Metal1,201.1800,137.5825,4.999938
_1046_,VDD,Metal1,204.3000,136.7775,4.999936
_1045_,VDD,Metal1,167.3200,129.7975,4.999957
_1044_,VDD,Metal1,159.9275,121.9425,4.999916
_1043_,VDD,Metal1,154.4200,129.7425,4.999959
_1042_,VDD,Metal1,162.9100,97.5775,4.999941
_1041_,VDD,Metal1,160.6130,129.9230,4.999957
_1040_,VDD,Metal1,160.2100,128.9375,4.999957
_1039_,VDD,Metal1,161.2630,137.6630,4.999940
_1038_,VDD,Metal1,155.9500,136.6365,4.999940
_1037_,VDD,Metal1,99.2600,136.8175,4.999947
_1036_,VDD,Metal1,86.0425,136.7775,4.999962
_1035_,VDD,Metal1,75.8700,120.9565,4.999917
_1034_,VDD,Metal1,75.6700,113.3075,4.999937
_1033_,VDD,Metal1,107.2500,136.6365,4.999942
_1032_,VDD,Metal1,196.1000,74.0575,4.999939
_1031_,VDD,Metal1,196.2700,144.4765,4.999980
_1030_,VDD,Metal1,204.8665,144.5925,4.999979
_1029_,VDD,Metal1,195.9000,137.6225,4.999939
_1028_,VDD,Metal1,275.9400,43.5025,4.999865
_1027_,VDD,Metal1,276.7565,35.7130,4.999970
_1026_,VDD,Metal1,283.2600,35.7025,4.999970
_1025_,VDD,Metal1,272.0430,34.8465,4.999970
_1024_,VDD,Metal1,271.6930,35.7275,4.999970
_1023_,VDD,Metal1,267.4500,19.1775,4.999969
_1022_,VDD,Metal1,269.2400,27.8775,4.999948
_1021_,VDD,Metal1,285.1800,27.8225,4.999948
_1020_,VDD,Metal1,269.5000,19.9825,4.999969
_1019_,VDD,Metal1,270.9230,19.1665,4.999969
_1018_,VDD,Metal1,254.1400,34.8575,4.999974
_1017_,VDD,Metal1,254.6830,27.0065,4.999948
_1016_,VDD,Metal1,246.5300,27.7905,4.999949
_1015_,VDD,Metal1,258.3900,27.0175,4.999948
_1014_,VDD,Metal1,249.8530,19.1525,4.999971
_1013_,VDD,Metal1,250.7800,34.8575,4.999975
_1012_,VDD,Metal1,240.5700,20.0225,4.999972
_1011_,VDD,Metal1,244.8130,20.0475,4.999972
_1010_,VDD,Metal1,241.8200,19.1775,4.999972
_1009_,VDD,Metal1,231.6100,35.7025,4.999976
_1008_,VDD,Metal1,230.6000,27.0025,4.999950
_1007_,VDD,Metal1,229.4600,34.8975,4.999977
_1006_,VDD,Metal1,219.9400,27.8225,4.999951
_1005_,VDD,Metal1,220.1965,27.0065,4.999951
_1004_,VDD,Metal1,214.1500,27.0175,4.999955
_1003_,VDD,Metal1,209.8600,27.0575,4.999956
_1002_,VDD,Metal1,212.1200,27.8775,4.999955
_1001_,VDD,Metal1,206.7800,27.8225,4.999957
_1000_,VDD,Metal1,206.1965,27.0065,4.999957
_0999_,VDD,Metal1,197.3500,27.8625,4.999958
_0998_,VDD,Metal1,194.4600,27.8225,4.999958
_0997_,VDD,Metal1,194.1900,34.9290,4.999978
_0996_,VDD,Metal1,189.9800,27.8225,4.999958
_0995_,VDD,Metal1,192.5230,19.1665,4.999974
_0994_,VDD,Metal1,187.8300,34.8575,4.999978
_0993_,VDD,Metal1,187.7000,42.6975,4.999917
_0992_,VDD,Metal1,191.4265,42.6725,4.999914
_0991_,VDD,Metal1,191.2900,43.5425,4.999914
_0990_,VDD,Metal1,197.2200,42.6975,4.999911
_0989_,VDD,Metal1,192.2100,51.3105,4.999923
_0988_,VDD,Metal1,197.8600,35.7150,4.999978
_0987_,VDD,Metal1,206.1865,58.2365,4.999890
_0986_,VDD,Metal1,198.4700,59.2225,4.999891
_0985_,VDD,Metal1,197.5865,43.5675,4.999911
_0984_,VDD,Metal1,201.1800,51.3425,4.999923
_0983_,VDD,Metal1,195.9000,51.3825,4.999923
_0982_,VDD,Metal1,178.5000,58.4175,4.999892
_0981_,VDD,Metal1,201.9800,50.5250,4.999923
_0980_,VDD,Metal1,212.9400,50.5775,4.999909
_0979_,VDD,Metal1,207.8800,43.5575,4.999886
_0978_,VDD,Metal1,206.0300,50.5375,4.999918
_0977_,VDD,Metal1,211.0700,42.6975,4.999885
_0976_,VDD,Metal1,266.6100,35.7025,4.999971
_0975_,VDD,Metal1,244.6700,34.8575,4.999975
_0974_,VDD,Metal1,228.7335,42.7300,4.999876
_0973_,VDD,Metal1,231.3300,43.5425,4.999876
_0972_,VDD,Metal1,239.1700,51.3825,4.999886
_0971_,VDD,Metal1,238.9200,42.6975,4.999870
_0970_,VDD,Metal1,255.0400,50.6025,4.999885
_0969_,VDD,Metal1,226.5600,58.4425,4.999884
_0968_,VDD,Metal1,227.4600,35.7025,4.999977
_0967_,VDD,Metal1,246.6400,35.6375,4.999975
_0966_,VDD,Metal1,217.0400,51.3175,4.999901
_0965_,VDD,Metal1,213.6800,43.4775,4.999880
_0964_,VDD,Metal1,244.9600,42.7625,4.999866
_0963_,VDD,Metal1,224.0400,51.2250,4.999886
_0962_,VDD,Metal1,218.1600,50.6025,4.999899
_0961_,VDD,Metal1,251.6800,42.7625,4.999866
_0960_,VDD,Metal1,231.0400,51.3175,4.999886
_0959_,VDD,Metal1,258.4000,42.7625,4.999866
_0958_,VDD,Metal1,255.0400,35.6375,4.999974
_0957_,VDD,Metal1,236.5600,43.4775,4.999870
_0956_,VDD,Metal1,266.2400,42.7625,4.999866
_0955_,VDD,Metal1,222.0200,43.5575,4.999878
_0954_,VDD,Metal1,266.2400,50.6025,4.999885
_0953_,VDD,Metal1,35.3800,74.9025,4.999969
_0952_,VDD,Metal1,40.0000,74.8375,4.999969
_0951_,VDD,Metal1,39.3000,74.0575,4.999969
_0950_,VDD,Metal1,41.9830,74.0165,4.999968
_0949_,VDD,Metal1,40.6260,59.1900,4.999915
_0948_,VDD,Metal1,40.4600,66.2575,4.999973
_0947_,VDD,Metal1,31.1300,66.2175,4.999973
_0946_,VDD,Metal1,29.7730,58.3525,4.999916
_0945_,VDD,Metal1,35.9400,59.2225,4.999916
_0944_,VDD,Metal1,32.8100,50.5375,4.999949
_0943_,VDD,Metal1,36.8665,50.5125,4.999949
_0942_,VDD,Metal1,35.9400,66.2175,4.999973
_0941_,VDD,Metal1,36.7300,35.7025,4.999979
_0940_,VDD,Metal1,43.2500,35.6305,4.999979
_0939_,VDD,Metal1,39.1000,43.5425,4.999939
_0938_,VDD,Metal1,38.9700,27.0175,4.999971
_0937_,VDD,Metal1,42.4665,27.8875,4.999969
_0936_,VDD,Metal1,38.7400,27.8625,4.999971
_0935_,VDD,Metal1,42.7900,20.0225,4.999985
_0934_,VDD,Metal1,49.7465,27.8875,4.999969
_0933_,VDD,Metal1,51.6200,20.0225,4.999983
_0932_,VDD,Metal1,60.1500,27.8625,4.999969
_0931_,VDD,Metal1,76.2900,35.6305,4.999977
_0930_,VDD,Metal1,69.5800,42.7375,4.999929
_0929_,VDD,Metal1,52.8200,27.8750,4.999969
_0928_,VDD,Metal1,56.4430,27.8730,4.999969
_0927_,VDD,Metal1,59.5000,27.0575,4.999969
_0926_,VDD,Metal1,62.3900,27.0175,4.999968
_0925_,VDD,Metal1,72.7065,34.8325,4.999978
_0924_,VDD,Metal1,67.8600,19.1775,4.999983
_0923_,VDD,Metal1,75.8300,34.8575,4.999977
_0922_,VDD,Metal1,92.5300,35.6305,4.999977
_0921_,VDD,Metal1,85.2200,27.0175,4.999966
_0920_,VDD,Metal1,90.9500,20.0225,4.999978
_0919_,VDD,Metal1,92.3065,27.8875,4.999964
_0918_,VDD,Metal1,96.4200,20.0225,4.999978
_0917_,VDD,Metal1,83.7700,35.7025,4.999977
_0916_,VDD,Metal1,98.4665,34.8325,4.999977
_0915_,VDD,Metal1,90.8200,43.5425,4.999918
_0914_,VDD,Metal1,113.4500,35.7025,4.999977
_0913_,VDD,Metal1,125.9500,34.8575,4.999977
_0912_,VDD,Metal1,119.2630,35.7430,4.999977
_0911_,VDD,Metal1,116.3800,34.8575,4.999977
_0910_,VDD,Metal1,115.1300,19.1775,4.999977
_0909_,VDD,Metal1,114.6800,27.8775,4.999963
_0908_,VDD,Metal1,116.6200,19.9825,4.999977
_0907_,VDD,Metal1,103.9800,27.0050,4.999964
_0906_,VDD,Metal1,102.5965,34.8465,4.999977
_0905_,VDD,Metal1,110.4600,34.8975,4.999977
_0904_,VDD,Metal1,129.5900,20.0225,4.999977
_0903_,VDD,Metal1,130.2500,27.8625,4.999963
_0902_,VDD,Metal1,141.5800,27.0175,4.999963
_0901_,VDD,Metal1,136.8700,19.1775,4.999976
_0900_,VDD,Metal1,132.6200,27.8625,4.999963
_0899_,VDD,Metal1,136.7330,27.8875,4.999963
_0898_,VDD,Metal1,151.5800,20.0350,4.999976
_0897_,VDD,Metal1,154.4430,20.0330,4.999976
_0896_,VDD,Metal1,157.5000,27.8225,4.999963
_0895_,VDD,Metal1,161.5335,34.8900,4.999978
_0894_,VDD,Metal1,165.4300,19.1775,4.999976
_0893_,VDD,Metal1,170.1465,26.9925,4.999963
_0892_,VDD,Metal1,172.9400,27.0175,4.999963
_0891_,VDD,Metal1,167.6700,34.8575,4.999978
_0890_,VDD,Metal1,164.7330,26.9925,4.999963
_0889_,VDD,Metal1,161.1800,27.8625,4.999963
_0888_,VDD,Metal1,151.3800,50.5250,4.999935
_0887_,VDD,Metal1,166.9965,43.5530,4.999920
_0886_,VDD,Metal1,161.1800,35.7025,4.999978
_0885_,VDD,Metal1,160.0300,51.3105,4.999934
_0884_,VDD,Metal1,170.4700,43.5425,4.999920
_0883_,VDD,Metal1,171.8265,51.4075,4.999930
_0882_,VDD,Metal1,170.1400,58.3775,4.999905
_0881_,VDD,Metal1,167.7700,59.2225,4.999905
_0880_,VDD,Metal1,166.4130,51.4075,4.999930
_0879_,VDD,Metal1,165.6600,66.2175,4.999966
_0878_,VDD,Metal1,44.5100,75.0430,4.999968
_0877_,VDD,Metal1,215.8325,152.4575,4.999961
_0876_,VDD,Metal1,206.7400,121.9425,4.999907
_0875_,VDD,Metal1,177.7175,89.7375,4.999906
_0874_,VDD,Metal1,184.3400,98.4225,4.999937
_0873_,VDD,Metal1,189.6425,105.4175,4.999972
_0872_,VDD,Metal1,193.8600,105.4175,4.999972
_0871_,VDD,Metal1,120.5975,90.5825,4.999922
_0870_,VDD,Metal1,141.5800,97.5775,4.999942
_0869_,VDD,Metal1,166.5175,121.0975,4.999918
_0868_,VDD,Metal1,165.6600,106.2625,4.999970
_0867_,VDD,Metal1,154.9225,81.8975,4.999930
_0866_,VDD,Metal1,157.8200,81.8975,4.999930
_0865_,VDD,Metal1,111.2425,121.0975,4.999914
_0864_,VDD,Metal1,122.5400,128.9375,4.999961
_0863_,VDD,Metal1,120.5975,89.7375,4.999922
_0862_,VDD,Metal1,119.1800,128.9375,4.999961
_0861_,VDD,Metal1,146.9175,89.7375,4.999912
_0860_,VDD,Metal1,152.9800,89.7375,4.999912
_0859_,VDD,Metal1,194.5175,90.5825,4.999906
_0858_,VDD,Metal1,187.5000,144.6175,4.999980
_0857_,VDD,Metal1,196.1975,129.7825,4.999955
_0856_,VDD,Metal1,191.9800,137.6225,4.999939
_0855_,VDD,Metal1,138.6825,121.9425,4.999915
_0854_,VDD,Metal1,147.9400,113.2575,4.999939
_0853_,VDD,Metal1,172.6775,121.9425,4.999921
_0852_,VDD,Metal1,172.5800,129.7825,4.999956
_0851_,VDD,Metal1,158.6775,90.5825,4.999906
_0850_,VDD,Metal1,157.8200,97.5775,4.999941
_0849_,VDD,Metal1,112.1975,128.9375,4.999963
_0848_,VDD,Metal1,102.3800,121.0975,4.999916
_0847_,VDD,Metal1,112.7575,105.4175,4.999969
_0846_,VDD,Metal1,114.9000,129.7825,4.999961
_0845_,VDD,Metal1,102.8425,97.5775,4.999943
_0844_,VDD,Metal1,108.5400,89.7375,4.999923
_0843_,VDD,Metal1,98.9225,105.4175,4.999969
_0842_,VDD,Metal1,101.8200,105.4175,4.999969
_0841_,VDD,Metal1,98.3625,128.9375,4.999964
_0840_,VDD,Metal1,99.0200,121.0975,4.999916
_0839_,VDD,Metal1,100.9975,113.2575,4.999937
_0838_,VDD,Metal1,96.9800,121.0975,4.999916
_0837_,VDD,Metal1,82.4600,128.9775,4.999966
_0836_,VDD,Metal1,88.3630,114.1130,4.999937
_0835_,VDD,Metal1,91.9400,90.5825,4.999932
_0834_,VDD,Metal1,91.7230,82.7530,4.999944
_0833_,VDD,Metal1,87.2600,90.5825,4.999932
_0832_,VDD,Metal1,81.8600,113.2575,4.999937
_0831_,VDD,Metal1,91.1630,106.2730,4.999971
_0830_,VDD,Metal1,81.3000,106.2625,4.999971
_0829_,VDD,Metal1,71.2200,81.8975,4.999949
_0828_,VDD,Metal1,76.0430,82.7530,4.999949
_0827_,VDD,Metal1,68.2200,97.5775,4.999951
_0826_,VDD,Metal1,74.5800,81.8975,4.999949
_0825_,VDD,Metal1,75.4830,74.0465,4.999960
_0824_,VDD,Metal1,71.5800,97.5775,4.999948
_0823_,VDD,Metal1,49.3800,82.7425,4.999951
_0822_,VDD,Metal1,60.9230,89.7265,4.999937
_0821_,VDD,Metal1,41.5400,89.7375,4.999938
_0820_,VDD,Metal1,56.1000,59.2225,4.999912
_0819_,VDD,Metal1,67.6430,67.0730,4.999968
_0818_,VDD,Metal1,46.9400,66.2175,4.999972
_0817_,VDD,Metal1,68.9800,66.2175,4.999968
_0816_,VDD,Metal1,71.0030,58.3665,4.999911
_0815_,VDD,Metal1,49.3800,59.2225,4.999915
_0814_,VDD,Metal1,50.5000,50.5375,4.999946
_0813_,VDD,Metal1,58.9165,50.5265,4.999946
_0812_,VDD,Metal1,43.5800,51.3825,4.999948
_0811_,VDD,Metal1,50.5000,74.9025,4.999967
_0810_,VDD,Metal1,57.5630,82.7530,4.999951
_0809_,VDD,Metal1,43.5800,43.5425,4.999937
_0808_,VDD,Metal1,55.5400,35.7025,4.999978
_0807_,VDD,Metal1,63.1630,50.5265,4.999946
_0806_,VDD,Metal1,50.3000,35.7025,4.999978
_0805_,VDD,Metal1,48.8200,74.0575,4.999967
_0804_,VDD,Metal1,63.1630,67.0730,4.999970
_0803_,VDD,Metal1,49.9400,42.6975,4.999930
_0802_,VDD,Metal1,72.3400,74.0575,4.999960
_0801_,VDD,Metal1,82.2030,59.2330,4.999911
_0800_,VDD,Metal1,72.9000,50.5375,4.999945
_0799_,VDD,Metal1,81.8600,82.7425,4.999945
_0798_,VDD,Metal1,88.3630,74.9130,4.999960
_0797_,VDD,Metal1,74.9400,42.6975,4.999922
_0796_,VDD,Metal1,80.7400,43.5425,4.999920
_0795_,VDD,Metal1,88.3630,51.3930,4.999945
_0794_,VDD,Metal1,76.0600,43.5425,4.999922
_0793_,VDD,Metal1,96.2200,51.3825,4.999943
_0792_,VDD,Metal1,91.7230,59.2330,4.999909
_0791_,VDD,Metal1,93.4200,50.5375,4.999945
_0790_,VDD,Metal1,103.7000,50.5375,4.999940
_0789_,VDD,Metal1,107.9630,50.5265,4.999940
_0788_,VDD,Metal1,100.3400,42.6975,4.999918
_0787_,VDD,Metal1,88.5800,59.2225,4.999910
_0786_,VDD,Metal1,93.9630,67.0730,4.999966
_0785_,VDD,Metal1,93.0600,51.3825,4.999945
_0784_,VDD,Metal1,109.3000,43.5425,4.999916
_0783_,VDD,Metal1,113.5630,50.5265,4.999940
_0782_,VDD,Metal1,121.9800,34.8575,4.999977
_0781_,VDD,Metal1,115.4600,82.7425,4.999940
_0780_,VDD,Metal1,119.1630,74.9130,4.999953
_0779_,VDD,Metal1,113.0200,34.8575,4.999977
_0778_,VDD,Metal1,108.1800,74.0575,4.999954
_0777_,VDD,Metal1,108.1965,81.8865,4.999941
_0776_,VDD,Metal1,102.3800,42.6975,4.999918
_0775_,VDD,Metal1,177.6600,66.2575,4.999966
_0774_,VDD,Metal1,180.7630,74.0465,4.999945
_0773_,VDD,Metal1,115.5000,74.8625,4.999953
_0772_,VDD,Metal1,139.3230,66.2065,4.999966
_0771_,VDD,Metal1,135.6200,34.8575,4.999977
_0770_,VDD,Metal1,139.3230,42.6865,4.999916
_0769_,VDD,Metal1,141.5800,34.8575,4.999977
_0768_,VDD,Metal1,148.5000,43.5425,4.999918
_0767_,VDD,Metal1,148.8430,42.6865,4.999918
_0766_,VDD,Metal1,157.2600,35.7025,4.999977
_0765_,VDD,Metal1,162.5000,74.9025,4.999945
_0764_,VDD,Metal1,167.3230,67.0730,4.999966
_0763_,VDD,Metal1,167.3400,35.7025,4.999978
_0762_,VDD,Metal1,150.5400,58.3775,4.999905
_0761_,VDD,Metal1,147.3965,58.3665,4.999906
_0760_,VDD,Metal1,153.9000,51.3825,4.999934
_0759_,VDD,Metal1,138.2200,58.3775,4.999906
_0758_,VDD,Metal1,136.7565,67.0730,4.999966
_0757_,VDD,Metal1,141.5800,58.3775,4.999906
_0756_,VDD,Metal1,148.5000,59.2225,4.999906
_0755_,VDD,Metal1,149.4030,74.0465,4.999946
_0754_,VDD,Metal1,148.3000,66.2175,4.999966
_0753_,VDD,Metal1,217.5125,129.7825,4.999951
_0752_,VDD,Metal1,218.5330,136.7780,4.999907
_0751_,VDD,Metal1,221.4900,137.7630,4.999907
_0750_,VDD,Metal1,231.7400,145.4625,4.999976
_0749_,VDD,Metal1,231.5825,137.4950,4.999905
_0748_,VDD,Metal1,226.8400,129.0950,4.999947
_0747_,VDD,Metal1,225.3800,137.6375,4.999907
_0746_,VDD,Metal1,225.9500,136.6365,4.999907
_0745_,VDD,Metal1,221.8600,145.4625,4.999978
_0744_,VDD,Metal1,217.5500,137.7630,4.999907
_0743_,VDD,Metal1,212.5100,136.6365,4.999909
_0742_,VDD,Metal1,211.9700,137.7630,4.999909
_0741_,VDD,Metal1,224.9800,144.6575,4.999977
_0740_,VDD,Metal1,229.1475,114.2590,4.999935
_0739_,VDD,Metal1,205.3800,106.2225,4.999971
_0738_,VDD,Metal1,205.4200,113.2575,4.999937
_0737_,VDD,Metal1,211.7875,106.4190,4.999971
_0736_,VDD,Metal1,207.3075,128.7805,4.999952
_0735_,VDD,Metal1,216.8275,128.7805,4.999951
_0734_,VDD,Metal1,230.8275,106.4190,4.999971
_0733_,VDD,Metal1,266.1075,113.1005,4.999933
_0732_,VDD,Metal1,246.5075,114.2590,4.999935
_0731_,VDD,Metal1,258.8130,121.0725,4.999906
_0730_,VDD,Metal1,280.1000,51.3825,4.999885
_0729_,VDD,Metal1,283.6500,75.0430,4.999931
_0728_,VDD,Metal1,247.6200,152.4575,4.999957
_0727_,VDD,Metal1,250.7630,152.4465,4.999957
_0726_,VDD,Metal1,252.6600,144.6175,4.999974
_0725_,VDD,Metal1,257.1400,152.4575,4.999957
_0724_,VDD,Metal1,264.7630,152.4465,4.999956
_0723_,VDD,Metal1,259.1800,152.4575,4.999957
_0722_,VDD,Metal1,253.2200,137.6225,4.999899
_0721_,VDD,Metal1,256.9230,128.9265,4.999946
_0720_,VDD,Metal1,256.5800,144.6175,4.999974
_0719_,VDD,Metal1,242.0200,136.7775,4.999904
_0718_,VDD,Metal1,245.1630,129.7930,4.999947
_0717_,VDD,Metal1,245.3800,136.7775,4.999902
_0716_,VDD,Metal1,267.7800,160.2975,4.999997
_0715_,VDD,Metal1,267.2365,144.6065,4.999973
_0714_,VDD,Metal1,248.5400,137.6225,4.999901
_0713_,VDD,Metal1,240.9000,145.4625,4.999974
_0712_,VDD,Metal1,239.7965,137.6330,4.999904
_0711_,VDD,Metal1,237.0200,145.4225,4.999974
_0710_,VDD,Metal1,229.3100,145.6030,4.999976
_0709_,VDD,Metal1,225.5800,152.4575,4.999960
_0708_,VDD,Metal1,253.4100,128.7965,4.999946
_0707_,VDD,Metal1,266.6530,136.7525,4.999899
_0706_,VDD,Metal1,280.1000,59.2225,4.999880
_0705_,VDD,Metal1,288.1675,67.0625,4.999962
_0704_,VDD,Metal1,229.5830,97.5365,4.999885
_0703_,VDD,Metal1,229.3300,89.5965,4.999906
_0702_,VDD,Metal1,232.6900,82.8830,4.999902
_0701_,VDD,Metal1,208.2500,90.5325,4.999906
_0700_,VDD,Metal1,211.9700,90.7230,4.999906
_0699_,VDD,Metal1,215.0230,66.1765,4.999965
_0698_,VDD,Metal1,212.5100,67.2030,4.999965
_0697_,VDD,Metal1,218.6900,66.0765,4.999964
_0696_,VDD,Metal1,206.1800,67.0625,4.999966
_0695_,VDD,Metal1,208.4365,74.9130,4.999939
_0694_,VDD,Metal1,209.5400,67.0625,4.999966
_0693_,VDD,Metal1,219.6365,81.8865,4.999924
_0692_,VDD,Metal1,219.6600,89.7775,4.999906
_0691_,VDD,Metal1,235.4900,97.4365,4.999883
_0690_,VDD,Metal1,233.9865,89.7125,4.999906
_0689_,VDD,Metal1,274.3065,137.6475,4.999899
_0688_,VDD,Metal1,270.1500,152.4575,4.999956
_0687_,VDD,Metal1,259.8565,144.5765,4.999973
_0686_,VDD,Metal1,253.2200,145.4625,4.999974
_0685_,VDD,Metal1,257.3300,160.1565,4.999997
_0684_,VDD,Metal1,273.3800,50.5375,4.999885
_0683_,VDD,Metal1,287.9200,51.3825,4.999885
_0682_,VDD,Metal1,285.8000,43.5425,4.999865
_0681_,VDD,Metal1,284.2100,73.9165,4.999931
_0679_,VDD,Metal1,205.2900,74.9025,4.999939
_0678_,VDD,Metal1,293.2600,34.8450,4.999970
_0677_,VDD,Metal1,282.9800,51.3950,4.999885
_0676_,VDD,Metal1,250.5000,74.0450,4.999933
_0675_,VDD,Metal1,228.3000,82.7550,4.999921
_0674_,VDD,Metal1,221.5800,129.7950,4.999951
_0673_,VDD,Metal1,107.3400,113.2450,4.999937
_0672_,VDD,Metal1,115.7400,106.2750,4.999969
_0671_,VDD,Metal1,166.1400,98.4350,4.999941
_0670_,VDD,Metal1,177.9000,121.9550,4.999915
_0669_,VDD,Metal1,201.9800,74.9150,4.999939
_0668_,VDD,Metal1,126.9400,90.5950,4.999915
_0667_,VDD,Metal1,110.1400,105.4050,4.999969
_0666_,VDD,Metal1,167.8200,114.1150,4.999940
_0665_,VDD,Metal1,145.4200,98.4350,4.999941
_0664_,VDD,Metal1,181.6200,121.0850,4.999911
_0663_,VDD,Metal1,178.2600,81.8850,4.999928
_0662_,VDD,Metal1,139.8200,34.8450,4.999977
_0661_,VDD,Metal1,132.5400,34.8450,4.999977
_0660_,VDD,Metal1,187.9800,58.3650,4.999892
_0659_,VDD,Metal1,218.0200,42.6850,4.999879
_0658_,VDD,Metal1,85.5000,128.9250,4.999966
_0657_,VDD,Metal1,78.7800,128.9250,4.999966
_0656_,VDD,Metal1,92.5800,137.6350,4.999951
_0655_,VDD,Metal1,97.6200,152.4450,4.999970
_0654_,VDD,Metal1,111.6200,136.7650,4.999942
_0653_,VDD,Metal1,146.5400,136.7650,4.999940
_0652_,VDD,Metal1,179.5800,129.7950,4.999956
_0651_,VDD,Metal1,156.4200,145.4750,4.999984
_0650_,VDD,Metal1,152.1400,129.7950,4.999959
_0649_,VDD,Metal1,219.9000,152.4450,4.999961
_0648_,VDD,Metal1,204.5800,59.2350,4.999890
_0647_,VDD,Metal1,26.5000,121.9550,4.999928
_0646_,VDD,Metal1,34.5400,121.0850,4.999926
_0645_,VDD,Metal1,260.7800,66.2050,4.999962
_0644_,VDD,Metal1,280.3800,82.7550,4.999888
