
===========================================================================
report_checks -path_delay max (Setup)
============================================================================
======================= nom_ss_125C_4v50 Corner ===================================

Startpoint: _4063_ (rising edge-triggered flip-flop clocked by signal_clock)
Endpoint: _4079_ (rising edge-triggered flip-flop clocked by signal_clock)
Path Group: signal_clock
Path Type: max

Fanout         Cap        Slew       Delay        Time   Description
---------------------------------------------------------------------------------------------
                                  0.000000    0.000000   clock signal_clock (rise edge)
                                  0.000000    0.000000   clock source latency
     2    0.066647    0.000000    0.000000    0.000000 ^ signal_input (in)
                                                         signal_input (net)
                      0.006974    0.002853    0.002853 ^ clkbuf_regs_0_signal_clock/I (gf180mcu_fd_sc_mcu7t5v0__clkbuf_16)
     1    0.023185    0.163039    0.370695    0.373548 ^ clkbuf_regs_0_signal_clock/Z (gf180mcu_fd_sc_mcu7t5v0__clkbuf_16)
                                                         signal_input_regs (net)
                      0.163039    0.000235    0.373783 ^ clkbuf_0_signal_input_regs/I (gf180mcu_fd_sc_mcu7t5v0__clkbuf_16)
     2    0.047688    0.201022    0.433345    0.807128 ^ clkbuf_0_signal_input_regs/Z (gf180mcu_fd_sc_mcu7t5v0__clkbuf_16)
                                                         clknet_0_signal_input_regs (net)
                      0.201022    0.000377    0.807505 ^ clkbuf_1_0__f_signal_input_regs/I (gf180mcu_fd_sc_mcu7t5v0__clkbuf_16)
     8    0.047373    0.200641    0.441176    1.248681 ^ clkbuf_1_0__f_signal_input_regs/Z (gf180mcu_fd_sc_mcu7t5v0__clkbuf_16)
                                                         clknet_1_0__leaf_signal_input_regs (net)
                      0.200641    0.000564    1.249245 ^ _4063_/CLK (gf180mcu_fd_sc_mcu7t5v0__dffq_1)
     2    0.012136    0.303804    1.304390    2.553635 v _4063_/Q (gf180mcu_fd_sc_mcu7t5v0__dffq_1)
                                                         tdc_module.measurement_pulse_done_internal_flag (net)
                      0.303804    0.000095    2.553731 v _1906_/I (gf180mcu_fd_sc_mcu7t5v0__clkinv_1)
     6    0.045295    1.305902    0.848232    3.401963 ^ _1906_/ZN (gf180mcu_fd_sc_mcu7t5v0__clkinv_1)
                                                         _1726_ (net)
                      1.305902    0.000656    3.402618 ^ _3398_/A3 (gf180mcu_fd_sc_mcu7t5v0__and3_1)
     5    0.030853    0.991209    1.249650    4.652268 ^ _3398_/Z (gf180mcu_fd_sc_mcu7t5v0__and3_1)
                                                         _1428_ (net)
                      0.991209    0.000397    4.652665 ^ _3404_/A3 (gf180mcu_fd_sc_mcu7t5v0__and3_1)
     5    0.027834    0.915486    1.192030    5.844695 ^ _3404_/Z (gf180mcu_fd_sc_mcu7t5v0__and3_1)
                                                         _1432_ (net)
                      0.915486    0.000286    5.844981 ^ _3410_/A3 (gf180mcu_fd_sc_mcu7t5v0__and3_1)
     5    0.030995    0.994048    1.240930    7.085911 ^ _3410_/Z (gf180mcu_fd_sc_mcu7t5v0__and3_1)
                                                         _1436_ (net)
                      0.994048    0.000954    7.086865 ^ _3414_/A3 (gf180mcu_fd_sc_mcu7t5v0__and3_1)
     4    0.017927    0.663220    1.027217    8.114082 ^ _3414_/Z (gf180mcu_fd_sc_mcu7t5v0__and3_1)
                                                         _1438_ (net)
                      0.663220    0.000350    8.114432 ^ _3423_/A4 (gf180mcu_fd_sc_mcu7t5v0__and4_1)
     5    0.028816    0.982092    1.416323    9.530755 ^ _3423_/Z (gf180mcu_fd_sc_mcu7t5v0__and4_1)
                                                         _1444_ (net)
                      0.982092    0.000478    9.531233 ^ _3428_/A3 (gf180mcu_fd_sc_mcu7t5v0__and3_1)
     3    0.017370    0.651071    1.016928   10.548161 ^ _3428_/Z (gf180mcu_fd_sc_mcu7t5v0__and3_1)
                                                         _1447_ (net)
                      0.651071    0.000241   10.548402 ^ _3430_/A2 (gf180mcu_fd_sc_mcu7t5v0__and2_1)
     3    0.014588    0.530513    0.736791   11.285192 ^ _3430_/Z (gf180mcu_fd_sc_mcu7t5v0__and2_1)
                                                         _1448_ (net)
                      0.530513    0.000183   11.285376 ^ _3433_/A2 (gf180mcu_fd_sc_mcu7t5v0__and2_1)
     3    0.015925    0.578199    0.749271   12.034646 ^ _3433_/Z (gf180mcu_fd_sc_mcu7t5v0__and2_1)
                                                         _1450_ (net)
                      0.578199    0.000115   12.034762 ^ _3436_/A2 (gf180mcu_fd_sc_mcu7t5v0__and2_1)
     3    0.017269    0.613021    0.775350   12.810112 ^ _3436_/Z (gf180mcu_fd_sc_mcu7t5v0__and2_1)
                                                         _1452_ (net)
                      0.613021    0.000151   12.810263 ^ _3439_/A2 (gf180mcu_fd_sc_mcu7t5v0__oai21_1)
     1    0.004926    0.587637    0.312473   13.122735 v _3439_/ZN (gf180mcu_fd_sc_mcu7t5v0__oai21_1)
                                                         _1454_ (net)
                      0.587637    0.000053   13.122788 v _3440_/B (gf180mcu_fd_sc_mcu7t5v0__aoi21_1)
     1    0.003221    0.550891    0.507939   13.630728 ^ _3440_/ZN (gf180mcu_fd_sc_mcu7t5v0__aoi21_1)
                                                         _0325_ (net)
                      0.550891    0.000060   13.630788 ^ _4079_/D (gf180mcu_fd_sc_mcu7t5v0__dffq_1)
                                             13.630788   data arrival time

                               4000.000000 4000.000000   clock signal_clock (rise edge)
                                  0.000000 4000.000000   clock source latency
     2    0.066647    0.000000    0.000000 4000.000000 ^ signal_input (in)
                                                         signal_input (net)
                      0.006974    0.002728 4000.002930 ^ clkbuf_regs_0_signal_clock/I (gf180mcu_fd_sc_mcu7t5v0__clkbuf_16)
     1    0.023185    0.163039    0.370619 4000.373535 ^ clkbuf_regs_0_signal_clock/Z (gf180mcu_fd_sc_mcu7t5v0__clkbuf_16)
                                                         signal_input_regs (net)
                      0.163039    0.000455 4000.374023 ^ clkbuf_0_signal_input_regs/I (gf180mcu_fd_sc_mcu7t5v0__clkbuf_16)
     2    0.047688    0.201022    0.433374 4000.807373 ^ clkbuf_0_signal_input_regs/Z (gf180mcu_fd_sc_mcu7t5v0__clkbuf_16)
                                                         clknet_0_signal_input_regs (net)
                      0.201022    0.000455 4000.807617 ^ clkbuf_1_1__f_signal_input_regs/I (gf180mcu_fd_sc_mcu7t5v0__clkbuf_16)
    10    0.050302    0.205014    0.444288 4001.251953 ^ clkbuf_1_1__f_signal_input_regs/Z (gf180mcu_fd_sc_mcu7t5v0__clkbuf_16)
                                                         clknet_1_1__leaf_signal_input_regs (net)
                      0.205016    0.001364 4001.253418 ^ _4079_/CLK (gf180mcu_fd_sc_mcu7t5v0__dffq_1)
                                  0.000000 4001.253418   clock reconvergence pessimism
                                 -0.502922 4000.750488   library setup time
                                           4000.750488   data required time
---------------------------------------------------------------------------------------------
                                           4000.750488   data required time
                                            -13.630788   data arrival time
---------------------------------------------------------------------------------------------
                                           3987.119873   slack (MET)


Startpoint: _4063_ (rising edge-triggered flip-flop clocked by signal_clock)
Endpoint: _4078_ (rising edge-triggered flip-flop clocked by signal_clock)
Path Group: signal_clock
Path Type: max

Fanout         Cap        Slew       Delay        Time   Description
---------------------------------------------------------------------------------------------
                                  0.000000    0.000000   clock signal_clock (rise edge)
                                  0.000000    0.000000   clock source latency
     2    0.066647    0.000000    0.000000    0.000000 ^ signal_input (in)
                                                         signal_input (net)
                      0.006974    0.002853    0.002853 ^ clkbuf_regs_0_signal_clock/I (gf180mcu_fd_sc_mcu7t5v0__clkbuf_16)
     1    0.023185    0.163039    0.370695    0.373548 ^ clkbuf_regs_0_signal_clock/Z (gf180mcu_fd_sc_mcu7t5v0__clkbuf_16)
                                                         signal_input_regs (net)
                      0.163039    0.000235    0.373783 ^ clkbuf_0_signal_input_regs/I (gf180mcu_fd_sc_mcu7t5v0__clkbuf_16)
     2    0.047688    0.201022    0.433345    0.807128 ^ clkbuf_0_signal_input_regs/Z (gf180mcu_fd_sc_mcu7t5v0__clkbuf_16)
                                                         clknet_0_signal_input_regs (net)
                      0.201022    0.000377    0.807505 ^ clkbuf_1_0__f_signal_input_regs/I (gf180mcu_fd_sc_mcu7t5v0__clkbuf_16)
     8    0.047373    0.200641    0.441176    1.248681 ^ clkbuf_1_0__f_signal_input_regs/Z (gf180mcu_fd_sc_mcu7t5v0__clkbuf_16)
                                                         clknet_1_0__leaf_signal_input_regs (net)
                      0.200641    0.000564    1.249245 ^ _4063_/CLK (gf180mcu_fd_sc_mcu7t5v0__dffq_1)
     2    0.012136    0.303804    1.304390    2.553635 v _4063_/Q (gf180mcu_fd_sc_mcu7t5v0__dffq_1)
                                                         tdc_module.measurement_pulse_done_internal_flag (net)
                      0.303804    0.000095    2.553731 v _1906_/I (gf180mcu_fd_sc_mcu7t5v0__clkinv_1)
     6    0.045295    1.305902    0.848232    3.401963 ^ _1906_/ZN (gf180mcu_fd_sc_mcu7t5v0__clkinv_1)
                                                         _1726_ (net)
                      1.305902    0.000656    3.402618 ^ _3398_/A3 (gf180mcu_fd_sc_mcu7t5v0__and3_1)
     5    0.030853    0.991209    1.249650    4.652268 ^ _3398_/Z (gf180mcu_fd_sc_mcu7t5v0__and3_1)
                                                         _1428_ (net)
                      0.991209    0.000397    4.652665 ^ _3404_/A3 (gf180mcu_fd_sc_mcu7t5v0__and3_1)
     5    0.027834    0.915486    1.192030    5.844695 ^ _3404_/Z (gf180mcu_fd_sc_mcu7t5v0__and3_1)
                                                         _1432_ (net)
                      0.915486    0.000286    5.844981 ^ _3410_/A3 (gf180mcu_fd_sc_mcu7t5v0__and3_1)
     5    0.030995    0.994048    1.240930    7.085911 ^ _3410_/Z (gf180mcu_fd_sc_mcu7t5v0__and3_1)
                                                         _1436_ (net)
                      0.994048    0.000954    7.086865 ^ _3414_/A3 (gf180mcu_fd_sc_mcu7t5v0__and3_1)
     4    0.017927    0.663220    1.027217    8.114082 ^ _3414_/Z (gf180mcu_fd_sc_mcu7t5v0__and3_1)
                                                         _1438_ (net)
                      0.663220    0.000350    8.114432 ^ _3423_/A4 (gf180mcu_fd_sc_mcu7t5v0__and4_1)
     5    0.028816    0.982092    1.416323    9.530755 ^ _3423_/Z (gf180mcu_fd_sc_mcu7t5v0__and4_1)
                                                         _1444_ (net)
                      0.982092    0.000478    9.531233 ^ _3428_/A3 (gf180mcu_fd_sc_mcu7t5v0__and3_1)
     3    0.017370    0.651071    1.016928   10.548161 ^ _3428_/Z (gf180mcu_fd_sc_mcu7t5v0__and3_1)
                                                         _1447_ (net)
                      0.651071    0.000241   10.548402 ^ _3430_/A2 (gf180mcu_fd_sc_mcu7t5v0__and2_1)
     3    0.014588    0.530513    0.736791   11.285192 ^ _3430_/Z (gf180mcu_fd_sc_mcu7t5v0__and2_1)
                                                         _1448_ (net)
                      0.530513    0.000183   11.285376 ^ _3433_/A2 (gf180mcu_fd_sc_mcu7t5v0__and2_1)
     3    0.015925    0.578199    0.749271   12.034646 ^ _3433_/Z (gf180mcu_fd_sc_mcu7t5v0__and2_1)
                                                         _1450_ (net)
                      0.578199    0.000115   12.034762 ^ _3436_/A2 (gf180mcu_fd_sc_mcu7t5v0__and2_1)
     3    0.017269    0.613021    0.775350   12.810112 ^ _3436_/Z (gf180mcu_fd_sc_mcu7t5v0__and2_1)
                                                         _1452_ (net)
                      0.613021    0.000150   12.810262 ^ _3438_/A1 (gf180mcu_fd_sc_mcu7t5v0__nor2_1)
     1    0.003288    0.367461    0.209656   13.019917 v _3438_/ZN (gf180mcu_fd_sc_mcu7t5v0__nor2_1)
                                                         _0324_ (net)
                      0.367461    0.000034   13.019952 v _4078_/D (gf180mcu_fd_sc_mcu7t5v0__dffq_1)
                                             13.019952   data arrival time

                               4000.000000 4000.000000   clock signal_clock (rise edge)
                                  0.000000 4000.000000   clock source latency
     2    0.066647    0.000000    0.000000 4000.000000 ^ signal_input (in)
                                                         signal_input (net)
                      0.006974    0.002728 4000.002930 ^ clkbuf_regs_0_signal_clock/I (gf180mcu_fd_sc_mcu7t5v0__clkbuf_16)
     1    0.023185    0.163039    0.370619 4000.373535 ^ clkbuf_regs_0_signal_clock/Z (gf180mcu_fd_sc_mcu7t5v0__clkbuf_16)
                                                         signal_input_regs (net)
                      0.163039    0.000455 4000.374023 ^ clkbuf_0_signal_input_regs/I (gf180mcu_fd_sc_mcu7t5v0__clkbuf_16)
     2    0.047688    0.201022    0.433374 4000.807373 ^ clkbuf_0_signal_input_regs/Z (gf180mcu_fd_sc_mcu7t5v0__clkbuf_16)
                                                         clknet_0_signal_input_regs (net)
                      0.201022    0.000455 4000.807617 ^ clkbuf_1_1__f_signal_input_regs/I (gf180mcu_fd_sc_mcu7t5v0__clkbuf_16)
    10    0.050302    0.205014    0.444288 4001.251953 ^ clkbuf_1_1__f_signal_input_regs/Z (gf180mcu_fd_sc_mcu7t5v0__clkbuf_16)
                                                         clknet_1_1__leaf_signal_input_regs (net)
                      0.205016    0.001364 4001.253418 ^ _4078_/CLK (gf180mcu_fd_sc_mcu7t5v0__dffq_1)
                                  0.000000 4001.253418   clock reconvergence pessimism
                                 -0.512468 4000.740967   library setup time
                                           4000.740967   data required time
---------------------------------------------------------------------------------------------
                                           4000.740967   data required time
                                            -13.019952   data arrival time
---------------------------------------------------------------------------------------------
                                           3987.720947   slack (MET)


Startpoint: _4063_ (rising edge-triggered flip-flop clocked by signal_clock)
Endpoint: _4077_ (rising edge-triggered flip-flop clocked by signal_clock)
Path Group: signal_clock
Path Type: max

Fanout         Cap        Slew       Delay        Time   Description
---------------------------------------------------------------------------------------------
                                  0.000000    0.000000   clock signal_clock (rise edge)
                                  0.000000    0.000000   clock source latency
     2    0.066647    0.000000    0.000000    0.000000 ^ signal_input (in)
                                                         signal_input (net)
                      0.006974    0.002853    0.002853 ^ clkbuf_regs_0_signal_clock/I (gf180mcu_fd_sc_mcu7t5v0__clkbuf_16)
     1    0.023185    0.163039    0.370695    0.373548 ^ clkbuf_regs_0_signal_clock/Z (gf180mcu_fd_sc_mcu7t5v0__clkbuf_16)
                                                         signal_input_regs (net)
                      0.163039    0.000235    0.373783 ^ clkbuf_0_signal_input_regs/I (gf180mcu_fd_sc_mcu7t5v0__clkbuf_16)
     2    0.047688    0.201022    0.433345    0.807128 ^ clkbuf_0_signal_input_regs/Z (gf180mcu_fd_sc_mcu7t5v0__clkbuf_16)
                                                         clknet_0_signal_input_regs (net)
                      0.201022    0.000377    0.807505 ^ clkbuf_1_0__f_signal_input_regs/I (gf180mcu_fd_sc_mcu7t5v0__clkbuf_16)
     8    0.047373    0.200641    0.441176    1.248681 ^ clkbuf_1_0__f_signal_input_regs/Z (gf180mcu_fd_sc_mcu7t5v0__clkbuf_16)
                                                         clknet_1_0__leaf_signal_input_regs (net)
                      0.200641    0.000564    1.249245 ^ _4063_/CLK (gf180mcu_fd_sc_mcu7t5v0__dffq_1)
     2    0.012136    0.303804    1.304390    2.553635 v _4063_/Q (gf180mcu_fd_sc_mcu7t5v0__dffq_1)
                                                         tdc_module.measurement_pulse_done_internal_flag (net)
                      0.303804    0.000095    2.553731 v _1906_/I (gf180mcu_fd_sc_mcu7t5v0__clkinv_1)
     6    0.045295    1.305902    0.848232    3.401963 ^ _1906_/ZN (gf180mcu_fd_sc_mcu7t5v0__clkinv_1)
                                                         _1726_ (net)
                      1.305902    0.000656    3.402618 ^ _3398_/A3 (gf180mcu_fd_sc_mcu7t5v0__and3_1)
     5    0.030853    0.991209    1.249650    4.652268 ^ _3398_/Z (gf180mcu_fd_sc_mcu7t5v0__and3_1)
                                                         _1428_ (net)
                      0.991209    0.000397    4.652665 ^ _3404_/A3 (gf180mcu_fd_sc_mcu7t5v0__and3_1)
     5    0.027834    0.915486    1.192030    5.844695 ^ _3404_/Z (gf180mcu_fd_sc_mcu7t5v0__and3_1)
                                                         _1432_ (net)
                      0.915486    0.000286    5.844981 ^ _3410_/A3 (gf180mcu_fd_sc_mcu7t5v0__and3_1)
     5    0.030995    0.994048    1.240930    7.085911 ^ _3410_/Z (gf180mcu_fd_sc_mcu7t5v0__and3_1)
                                                         _1436_ (net)
                      0.994048    0.000954    7.086865 ^ _3414_/A3 (gf180mcu_fd_sc_mcu7t5v0__and3_1)
     4    0.017927    0.663220    1.027217    8.114082 ^ _3414_/Z (gf180mcu_fd_sc_mcu7t5v0__and3_1)
                                                         _1438_ (net)
                      0.663220    0.000350    8.114432 ^ _3423_/A4 (gf180mcu_fd_sc_mcu7t5v0__and4_1)
     5    0.028816    0.982092    1.416323    9.530755 ^ _3423_/Z (gf180mcu_fd_sc_mcu7t5v0__and4_1)
                                                         _1444_ (net)
                      0.982092    0.000478    9.531233 ^ _3428_/A3 (gf180mcu_fd_sc_mcu7t5v0__and3_1)
     3    0.017370    0.651071    1.016928   10.548161 ^ _3428_/Z (gf180mcu_fd_sc_mcu7t5v0__and3_1)
                                                         _1447_ (net)
                      0.651071    0.000241   10.548402 ^ _3430_/A2 (gf180mcu_fd_sc_mcu7t5v0__and2_1)
     3    0.014588    0.530513    0.736791   11.285192 ^ _3430_/Z (gf180mcu_fd_sc_mcu7t5v0__and2_1)
                                                         _1448_ (net)
                      0.530513    0.000183   11.285376 ^ _3433_/A2 (gf180mcu_fd_sc_mcu7t5v0__and2_1)
     3    0.015925    0.578199    0.749271   12.034646 ^ _3433_/Z (gf180mcu_fd_sc_mcu7t5v0__and2_1)
                                                         _1450_ (net)
                      0.578199    0.000157   12.034803 ^ _3435_/A1 (gf180mcu_fd_sc_mcu7t5v0__nor2_1)
     1    0.002765    0.345548    0.197248   12.232051 v _3435_/ZN (gf180mcu_fd_sc_mcu7t5v0__nor2_1)
                                                         _0323_ (net)
                      0.345548    0.000027   12.232078 v _4077_/D (gf180mcu_fd_sc_mcu7t5v0__dffq_1)
                                             12.232078   data arrival time

                               4000.000000 4000.000000   clock signal_clock (rise edge)
                                  0.000000 4000.000000   clock source latency
     2    0.066647    0.000000    0.000000 4000.000000 ^ signal_input (in)
                                                         signal_input (net)
                      0.006974    0.002728 4000.002930 ^ clkbuf_regs_0_signal_clock/I (gf180mcu_fd_sc_mcu7t5v0__clkbuf_16)
     1    0.023185    0.163039    0.370619 4000.373535 ^ clkbuf_regs_0_signal_clock/Z (gf180mcu_fd_sc_mcu7t5v0__clkbuf_16)
                                                         signal_input_regs (net)
                      0.163039    0.000455 4000.374023 ^ clkbuf_0_signal_input_regs/I (gf180mcu_fd_sc_mcu7t5v0__clkbuf_16)
     2    0.047688    0.201022    0.433374 4000.807373 ^ clkbuf_0_signal_input_regs/Z (gf180mcu_fd_sc_mcu7t5v0__clkbuf_16)
                                                         clknet_0_signal_input_regs (net)
                      0.201022    0.000455 4000.807617 ^ clkbuf_1_1__f_signal_input_regs/I (gf180mcu_fd_sc_mcu7t5v0__clkbuf_16)
    10    0.050302    0.205014    0.444288 4001.251953 ^ clkbuf_1_1__f_signal_input_regs/Z (gf180mcu_fd_sc_mcu7t5v0__clkbuf_16)
                                                         clknet_1_1__leaf_signal_input_regs (net)
                      0.205016    0.001364 4001.253418 ^ _4077_/CLK (gf180mcu_fd_sc_mcu7t5v0__dffq_1)
                                  0.000000 4001.253418   clock reconvergence pessimism
                                 -0.505666 4000.747803   library setup time
                                           4000.747803   data required time
---------------------------------------------------------------------------------------------
                                           4000.747803   data required time
                                            -12.232078   data arrival time
---------------------------------------------------------------------------------------------
                                           3988.515381   slack (MET)


Startpoint: _4066_ (rising edge-triggered flip-flop clocked by signal_clock)
Endpoint: _4074_ (rising edge-triggered flip-flop clocked by signal_clock)
Path Group: signal_clock
Path Type: max

Fanout         Cap        Slew       Delay        Time   Description
---------------------------------------------------------------------------------------------
                                  0.000000    0.000000   clock signal_clock (rise edge)
                                  0.000000    0.000000   clock source latency
     2    0.066647    0.000000    0.000000    0.000000 ^ signal_input (in)
                                                         signal_input (net)
                      0.006974    0.002853    0.002853 ^ clkbuf_regs_0_signal_clock/I (gf180mcu_fd_sc_mcu7t5v0__clkbuf_16)
     1    0.023185    0.163039    0.370695    0.373548 ^ clkbuf_regs_0_signal_clock/Z (gf180mcu_fd_sc_mcu7t5v0__clkbuf_16)
                                                         signal_input_regs (net)
                      0.163039    0.000235    0.373783 ^ clkbuf_0_signal_input_regs/I (gf180mcu_fd_sc_mcu7t5v0__clkbuf_16)
     2    0.047688    0.201022    0.433345    0.807128 ^ clkbuf_0_signal_input_regs/Z (gf180mcu_fd_sc_mcu7t5v0__clkbuf_16)
                                                         clknet_0_signal_input_regs (net)
                      0.201022    0.000377    0.807505 ^ clkbuf_1_0__f_signal_input_regs/I (gf180mcu_fd_sc_mcu7t5v0__clkbuf_16)
     8    0.047373    0.200641    0.441176    1.248681 ^ clkbuf_1_0__f_signal_input_regs/Z (gf180mcu_fd_sc_mcu7t5v0__clkbuf_16)
                                                         clknet_1_0__leaf_signal_input_regs (net)
                      0.200641    0.000273    1.248954 ^ _4066_/CLK (gf180mcu_fd_sc_mcu7t5v0__dffq_1)
     4    0.026212    0.806039    1.721168    2.970122 ^ _4066_/Q (gf180mcu_fd_sc_mcu7t5v0__dffq_1)
                                                         tdc_module.measurement_state_machine[2] (net)
                      0.806039    0.000727    2.970849 ^ _1905_/I (gf180mcu_fd_sc_mcu7t5v0__clkinv_1)
     2    0.013779    0.534247    0.458831    3.429680 v _1905_/ZN (gf180mcu_fd_sc_mcu7t5v0__clkinv_1)
                                                         _1725_ (net)
                      0.534247    0.000237    3.429917 v _3381_/C1 (gf180mcu_fd_sc_mcu7t5v0__aoi222_1)
     1    0.008519    1.877540    1.355289    4.785205 ^ _3381_/ZN (gf180mcu_fd_sc_mcu7t5v0__aoi222_1)
                                                         _1412_ (net)
                      1.877540    0.000122    4.785327 ^ _3382_/B (gf180mcu_fd_sc_mcu7t5v0__oai21_1)
     1    0.006745    0.617889    0.407798    5.193126 v _3382_/ZN (gf180mcu_fd_sc_mcu7t5v0__oai21_1)
                                                         _1413_ (net)
                      0.617889    0.000093    5.193219 v _3383_/A4 (gf180mcu_fd_sc_mcu7t5v0__nor4_1)
     1    0.006493    1.319885    1.000031    6.193250 ^ _3383_/ZN (gf180mcu_fd_sc_mcu7t5v0__nor4_1)
                                                         _1414_ (net)
                      1.319885    0.000144    6.193394 ^ _3387_/A3 (gf180mcu_fd_sc_mcu7t5v0__nand4_1)
     2    0.011451    0.909752    0.611293    6.804687 v _3387_/ZN (gf180mcu_fd_sc_mcu7t5v0__nand4_1)
                                                         _1418_ (net)
                      0.909752    0.000202    6.804888 v _3400_/A1 (gf180mcu_fd_sc_mcu7t5v0__oai21_1)
     7    0.046857    2.702125    1.820691    8.625579 ^ _3400_/ZN (gf180mcu_fd_sc_mcu7t5v0__oai21_1)
                                                         _1429_ (net)
                      2.702125    0.001631    8.627210 ^ _3401_/I (gf180mcu_fd_sc_mcu7t5v0__clkinv_1)
     9    0.065281    2.072121    1.749026   10.376235 v _3401_/ZN (gf180mcu_fd_sc_mcu7t5v0__clkinv_1)
                                                         _1430_ (net)
                      2.072121    0.001061   10.377296 v _3425_/B (gf180mcu_fd_sc_mcu7t5v0__oai21_1)
     1    0.007723    0.915570    0.927982   11.305279 ^ _3425_/ZN (gf180mcu_fd_sc_mcu7t5v0__oai21_1)
                                                         _1445_ (net)
                      0.915570    0.000183   11.305462 ^ _3426_/B (gf180mcu_fd_sc_mcu7t5v0__aoi21_1)
     1    0.003103    0.505514    0.398689   11.704151 v _3426_/ZN (gf180mcu_fd_sc_mcu7t5v0__aoi21_1)
                                                         _0320_ (net)
                      0.505514    0.000031   11.704182 v _4074_/D (gf180mcu_fd_sc_mcu7t5v0__dffq_1)
                                             11.704182   data arrival time

                               4000.000000 4000.000000   clock signal_clock (rise edge)
                                  0.000000 4000.000000   clock source latency
     2    0.066647    0.000000    0.000000 4000.000000 ^ signal_input (in)
                                                         signal_input (net)
                      0.006974    0.002728 4000.002930 ^ clkbuf_regs_0_signal_clock/I (gf180mcu_fd_sc_mcu7t5v0__clkbuf_16)
     1    0.023185    0.163039    0.370619 4000.373535 ^ clkbuf_regs_0_signal_clock/Z (gf180mcu_fd_sc_mcu7t5v0__clkbuf_16)
                                                         signal_input_regs (net)
                      0.163039    0.000455 4000.374023 ^ clkbuf_0_signal_input_regs/I (gf180mcu_fd_sc_mcu7t5v0__clkbuf_16)
     2    0.047688    0.201022    0.433374 4000.807373 ^ clkbuf_0_signal_input_regs/Z (gf180mcu_fd_sc_mcu7t5v0__clkbuf_16)
                                                         clknet_0_signal_input_regs (net)
                      0.201022    0.000455 4000.807617 ^ clkbuf_1_1__f_signal_input_regs/I (gf180mcu_fd_sc_mcu7t5v0__clkbuf_16)
    10    0.050302    0.205014    0.444288 4001.251953 ^ clkbuf_1_1__f_signal_input_regs/Z (gf180mcu_fd_sc_mcu7t5v0__clkbuf_16)
                                                         clknet_1_1__leaf_signal_input_regs (net)
                      0.205015    0.000909 4001.252930 ^ _4074_/CLK (gf180mcu_fd_sc_mcu7t5v0__dffq_1)
                                  0.000000 4001.252930   clock reconvergence pessimism
                                 -0.555324 4000.697754   library setup time
                                           4000.697754   data required time
---------------------------------------------------------------------------------------------
                                           4000.697754   data required time
                                            -11.704182   data arrival time
---------------------------------------------------------------------------------------------
                                           3988.993408   slack (MET)


Startpoint: _4066_ (rising edge-triggered flip-flop clocked by signal_clock)
Endpoint: _4065_ (rising edge-triggered flip-flop clocked by signal_clock)
Path Group: signal_clock
Path Type: max

Fanout         Cap        Slew       Delay        Time   Description
---------------------------------------------------------------------------------------------
                                  0.000000    0.000000   clock signal_clock (rise edge)
                                  0.000000    0.000000   clock source latency
     2    0.066647    0.000000    0.000000    0.000000 ^ signal_input (in)
                                                         signal_input (net)
                      0.006974    0.002853    0.002853 ^ clkbuf_regs_0_signal_clock/I (gf180mcu_fd_sc_mcu7t5v0__clkbuf_16)
     1    0.023185    0.163039    0.370695    0.373548 ^ clkbuf_regs_0_signal_clock/Z (gf180mcu_fd_sc_mcu7t5v0__clkbuf_16)
                                                         signal_input_regs (net)
                      0.163039    0.000235    0.373783 ^ clkbuf_0_signal_input_regs/I (gf180mcu_fd_sc_mcu7t5v0__clkbuf_16)
     2    0.047688    0.201022    0.433345    0.807128 ^ clkbuf_0_signal_input_regs/Z (gf180mcu_fd_sc_mcu7t5v0__clkbuf_16)
                                                         clknet_0_signal_input_regs (net)
                      0.201022    0.000377    0.807505 ^ clkbuf_1_0__f_signal_input_regs/I (gf180mcu_fd_sc_mcu7t5v0__clkbuf_16)
     8    0.047373    0.200641    0.441176    1.248681 ^ clkbuf_1_0__f_signal_input_regs/Z (gf180mcu_fd_sc_mcu7t5v0__clkbuf_16)
                                                         clknet_1_0__leaf_signal_input_regs (net)
                      0.200641    0.000273    1.248954 ^ _4066_/CLK (gf180mcu_fd_sc_mcu7t5v0__dffq_1)
     4    0.026212    0.806039    1.721168    2.970122 ^ _4066_/Q (gf180mcu_fd_sc_mcu7t5v0__dffq_1)
                                                         tdc_module.measurement_state_machine[2] (net)
                      0.806039    0.000727    2.970849 ^ _1905_/I (gf180mcu_fd_sc_mcu7t5v0__clkinv_1)
     2    0.013779    0.534247    0.458831    3.429680 v _1905_/ZN (gf180mcu_fd_sc_mcu7t5v0__clkinv_1)
                                                         _1725_ (net)
                      0.534247    0.000237    3.429917 v _3381_/C1 (gf180mcu_fd_sc_mcu7t5v0__aoi222_1)
     1    0.008519    1.877540    1.355289    4.785205 ^ _3381_/ZN (gf180mcu_fd_sc_mcu7t5v0__aoi222_1)
                                                         _1412_ (net)
                      1.877540    0.000122    4.785327 ^ _3382_/B (gf180mcu_fd_sc_mcu7t5v0__oai21_1)
     1    0.006745    0.617889    0.407798    5.193126 v _3382_/ZN (gf180mcu_fd_sc_mcu7t5v0__oai21_1)
                                                         _1413_ (net)
                      0.617889    0.000093    5.193219 v _3383_/A4 (gf180mcu_fd_sc_mcu7t5v0__nor4_1)
     1    0.006493    1.319885    1.000031    6.193250 ^ _3383_/ZN (gf180mcu_fd_sc_mcu7t5v0__nor4_1)
                                                         _1414_ (net)
                      1.319885    0.000144    6.193394 ^ _3387_/A3 (gf180mcu_fd_sc_mcu7t5v0__nand4_1)
     2    0.011451    0.909752    0.611293    6.804687 v _3387_/ZN (gf180mcu_fd_sc_mcu7t5v0__nand4_1)
                                                         _1418_ (net)
                      0.909752    0.000202    6.804888 v _3400_/A1 (gf180mcu_fd_sc_mcu7t5v0__oai21_1)
     7    0.046857    2.702125    1.820691    8.625579 ^ _3400_/ZN (gf180mcu_fd_sc_mcu7t5v0__oai21_1)
                                                         _1429_ (net)
                      2.702125    0.001631    8.627210 ^ _3401_/I (gf180mcu_fd_sc_mcu7t5v0__clkinv_1)
     9    0.065281    2.072121    1.749026   10.376235 v _3401_/ZN (gf180mcu_fd_sc_mcu7t5v0__clkinv_1)
                                                         _1430_ (net)
                      2.072121    0.000750   10.376985 v _3402_/B (gf180mcu_fd_sc_mcu7t5v0__oai21_1)
     1    0.006473    0.886134    0.898977   11.275962 ^ _3402_/ZN (gf180mcu_fd_sc_mcu7t5v0__oai21_1)
                                                         _1431_ (net)
                      0.886134    0.000084   11.276046 ^ _3403_/B (gf180mcu_fd_sc_mcu7t5v0__aoi21_1)
     1    0.003065    0.496159    0.393883   11.669930 v _3403_/ZN (gf180mcu_fd_sc_mcu7t5v0__aoi21_1)
                                                         _0311_ (net)
                      0.496159    0.000054   11.669984 v _4065_/D (gf180mcu_fd_sc_mcu7t5v0__dffq_1)
                                             11.669984   data arrival time

                               4000.000000 4000.000000   clock signal_clock (rise edge)
                                  0.000000 4000.000000   clock source latency
     2    0.066647    0.000000    0.000000 4000.000000 ^ signal_input (in)
                                                         signal_input (net)
                      0.006974    0.002728 4000.002930 ^ clkbuf_regs_0_signal_clock/I (gf180mcu_fd_sc_mcu7t5v0__clkbuf_16)
     1    0.023185    0.163039    0.370619 4000.373535 ^ clkbuf_regs_0_signal_clock/Z (gf180mcu_fd_sc_mcu7t5v0__clkbuf_16)
                                                         signal_input_regs (net)
                      0.163039    0.000455 4000.374023 ^ clkbuf_0_signal_input_regs/I (gf180mcu_fd_sc_mcu7t5v0__clkbuf_16)
     2    0.047688    0.201022    0.433374 4000.807373 ^ clkbuf_0_signal_input_regs/Z (gf180mcu_fd_sc_mcu7t5v0__clkbuf_16)
                                                         clknet_0_signal_input_regs (net)
                      0.201022    0.000455 4000.807617 ^ clkbuf_1_0__f_signal_input_regs/I (gf180mcu_fd_sc_mcu7t5v0__clkbuf_16)
     8    0.047373    0.200641    0.441105 4001.248779 ^ clkbuf_1_0__f_signal_input_regs/Z (gf180mcu_fd_sc_mcu7t5v0__clkbuf_16)
                                                         clknet_1_0__leaf_signal_input_regs (net)
                      0.200641    0.000455 4001.249268 ^ _4065_/CLK (gf180mcu_fd_sc_mcu7t5v0__dffq_1)
                                  0.000000 4001.249268   clock reconvergence pessimism
                                 -0.553294 4000.695801   library setup time
                                           4000.695801   data required time
---------------------------------------------------------------------------------------------
                                           4000.695801   data required time
                                            -11.669984   data arrival time
---------------------------------------------------------------------------------------------
                                           3989.025635   slack (MET)


Startpoint: _4066_ (rising edge-triggered flip-flop clocked by signal_clock)
Endpoint: _4069_ (rising edge-triggered flip-flop clocked by signal_clock)
Path Group: signal_clock
Path Type: max

Fanout         Cap        Slew       Delay        Time   Description
---------------------------------------------------------------------------------------------
                                  0.000000    0.000000   clock signal_clock (rise edge)
                                  0.000000    0.000000   clock source latency
     2    0.066647    0.000000    0.000000    0.000000 ^ signal_input (in)
                                                         signal_input (net)
                      0.006974    0.002853    0.002853 ^ clkbuf_regs_0_signal_clock/I (gf180mcu_fd_sc_mcu7t5v0__clkbuf_16)
     1    0.023185    0.163039    0.370695    0.373548 ^ clkbuf_regs_0_signal_clock/Z (gf180mcu_fd_sc_mcu7t5v0__clkbuf_16)
                                                         signal_input_regs (net)
                      0.163039    0.000235    0.373783 ^ clkbuf_0_signal_input_regs/I (gf180mcu_fd_sc_mcu7t5v0__clkbuf_16)
     2    0.047688    0.201022    0.433345    0.807128 ^ clkbuf_0_signal_input_regs/Z (gf180mcu_fd_sc_mcu7t5v0__clkbuf_16)
                                                         clknet_0_signal_input_regs (net)
                      0.201022    0.000377    0.807505 ^ clkbuf_1_0__f_signal_input_regs/I (gf180mcu_fd_sc_mcu7t5v0__clkbuf_16)
     8    0.047373    0.200641    0.441176    1.248681 ^ clkbuf_1_0__f_signal_input_regs/Z (gf180mcu_fd_sc_mcu7t5v0__clkbuf_16)
                                                         clknet_1_0__leaf_signal_input_regs (net)
                      0.200641    0.000273    1.248954 ^ _4066_/CLK (gf180mcu_fd_sc_mcu7t5v0__dffq_1)
     4    0.026212    0.806039    1.721168    2.970122 ^ _4066_/Q (gf180mcu_fd_sc_mcu7t5v0__dffq_1)
                                                         tdc_module.measurement_state_machine[2] (net)
                      0.806039    0.000727    2.970849 ^ _1905_/I (gf180mcu_fd_sc_mcu7t5v0__clkinv_1)
     2    0.013779    0.534247    0.458831    3.429680 v _1905_/ZN (gf180mcu_fd_sc_mcu7t5v0__clkinv_1)
                                                         _1725_ (net)
                      0.534247    0.000237    3.429917 v _3381_/C1 (gf180mcu_fd_sc_mcu7t5v0__aoi222_1)
     1    0.008519    1.877540    1.355289    4.785205 ^ _3381_/ZN (gf180mcu_fd_sc_mcu7t5v0__aoi222_1)
                                                         _1412_ (net)
                      1.877540    0.000122    4.785327 ^ _3382_/B (gf180mcu_fd_sc_mcu7t5v0__oai21_1)
     1    0.006745    0.617889    0.407798    5.193126 v _3382_/ZN (gf180mcu_fd_sc_mcu7t5v0__oai21_1)
                                                         _1413_ (net)
                      0.617889    0.000093    5.193219 v _3383_/A4 (gf180mcu_fd_sc_mcu7t5v0__nor4_1)
     1    0.006493    1.319885    1.000031    6.193250 ^ _3383_/ZN (gf180mcu_fd_sc_mcu7t5v0__nor4_1)
                                                         _1414_ (net)
                      1.319885    0.000144    6.193394 ^ _3387_/A3 (gf180mcu_fd_sc_mcu7t5v0__nand4_1)
     2    0.011451    0.909752    0.611293    6.804687 v _3387_/ZN (gf180mcu_fd_sc_mcu7t5v0__nand4_1)
                                                         _1418_ (net)
                      0.909752    0.000202    6.804888 v _3400_/A1 (gf180mcu_fd_sc_mcu7t5v0__oai21_1)
     7    0.046857    2.702125    1.820691    8.625579 ^ _3400_/ZN (gf180mcu_fd_sc_mcu7t5v0__oai21_1)
                                                         _1429_ (net)
                      2.702125    0.001631    8.627210 ^ _3401_/I (gf180mcu_fd_sc_mcu7t5v0__clkinv_1)
     9    0.065281    2.072121    1.749026   10.376235 v _3401_/ZN (gf180mcu_fd_sc_mcu7t5v0__clkinv_1)
                                                         _1430_ (net)
                      2.072121    0.000573   10.376808 v _3412_/B (gf180mcu_fd_sc_mcu7t5v0__oai21_1)
     1    0.004897    0.843625    0.862372   11.239181 ^ _3412_/ZN (gf180mcu_fd_sc_mcu7t5v0__oai21_1)
                                                         _1437_ (net)
                      0.843625    0.000050   11.239230 ^ _3413_/B (gf180mcu_fd_sc_mcu7t5v0__aoi21_1)
     1    0.004105    0.504776    0.409649   11.648879 v _3413_/ZN (gf180mcu_fd_sc_mcu7t5v0__aoi21_1)
                                                         _0315_ (net)
                      0.504776    0.000108   11.648988 v _4069_/D (gf180mcu_fd_sc_mcu7t5v0__dffq_1)
                                             11.648988   data arrival time

                               4000.000000 4000.000000   clock signal_clock (rise edge)
                                  0.000000 4000.000000   clock source latency
     2    0.066647    0.000000    0.000000 4000.000000 ^ signal_input (in)
                                                         signal_input (net)
                      0.006974    0.002728 4000.002930 ^ clkbuf_regs_0_signal_clock/I (gf180mcu_fd_sc_mcu7t5v0__clkbuf_16)
     1    0.023185    0.163039    0.370619 4000.373535 ^ clkbuf_regs_0_signal_clock/Z (gf180mcu_fd_sc_mcu7t5v0__clkbuf_16)
                                                         signal_input_regs (net)
                      0.163039    0.000455 4000.374023 ^ clkbuf_0_signal_input_regs/I (gf180mcu_fd_sc_mcu7t5v0__clkbuf_16)
     2    0.047688    0.201022    0.433374 4000.807373 ^ clkbuf_0_signal_input_regs/Z (gf180mcu_fd_sc_mcu7t5v0__clkbuf_16)
                                                         clknet_0_signal_input_regs (net)
                      0.201022    0.000455 4000.807617 ^ clkbuf_1_1__f_signal_input_regs/I (gf180mcu_fd_sc_mcu7t5v0__clkbuf_16)
    10    0.050302    0.205014    0.444288 4001.251953 ^ clkbuf_1_1__f_signal_input_regs/Z (gf180mcu_fd_sc_mcu7t5v0__clkbuf_16)
                                                         clknet_1_1__leaf_signal_input_regs (net)
                      0.205015    0.000909 4001.252930 ^ _4069_/CLK (gf180mcu_fd_sc_mcu7t5v0__dffq_1)
                                  0.000000 4001.252930   clock reconvergence pessimism
                                 -0.555095 4000.697754   library setup time
                                           4000.697754   data required time
---------------------------------------------------------------------------------------------
                                           4000.697754   data required time
                                            -11.648988   data arrival time
---------------------------------------------------------------------------------------------
                                           3989.048828   slack (MET)


Startpoint: _4066_ (rising edge-triggered flip-flop clocked by signal_clock)
Endpoint: _4072_ (rising edge-triggered flip-flop clocked by signal_clock)
Path Group: signal_clock
Path Type: max

Fanout         Cap        Slew       Delay        Time   Description
---------------------------------------------------------------------------------------------
                                  0.000000    0.000000   clock signal_clock (rise edge)
                                  0.000000    0.000000   clock source latency
     2    0.066647    0.000000    0.000000    0.000000 ^ signal_input (in)
                                                         signal_input (net)
                      0.006974    0.002853    0.002853 ^ clkbuf_regs_0_signal_clock/I (gf180mcu_fd_sc_mcu7t5v0__clkbuf_16)
     1    0.023185    0.163039    0.370695    0.373548 ^ clkbuf_regs_0_signal_clock/Z (gf180mcu_fd_sc_mcu7t5v0__clkbuf_16)
                                                         signal_input_regs (net)
                      0.163039    0.000235    0.373783 ^ clkbuf_0_signal_input_regs/I (gf180mcu_fd_sc_mcu7t5v0__clkbuf_16)
     2    0.047688    0.201022    0.433345    0.807128 ^ clkbuf_0_signal_input_regs/Z (gf180mcu_fd_sc_mcu7t5v0__clkbuf_16)
                                                         clknet_0_signal_input_regs (net)
                      0.201022    0.000377    0.807505 ^ clkbuf_1_0__f_signal_input_regs/I (gf180mcu_fd_sc_mcu7t5v0__clkbuf_16)
     8    0.047373    0.200641    0.441176    1.248681 ^ clkbuf_1_0__f_signal_input_regs/Z (gf180mcu_fd_sc_mcu7t5v0__clkbuf_16)
                                                         clknet_1_0__leaf_signal_input_regs (net)
                      0.200641    0.000273    1.248954 ^ _4066_/CLK (gf180mcu_fd_sc_mcu7t5v0__dffq_1)
     4    0.026212    0.806039    1.721168    2.970122 ^ _4066_/Q (gf180mcu_fd_sc_mcu7t5v0__dffq_1)
                                                         tdc_module.measurement_state_machine[2] (net)
                      0.806039    0.000727    2.970849 ^ _1905_/I (gf180mcu_fd_sc_mcu7t5v0__clkinv_1)
     2    0.013779    0.534247    0.458831    3.429680 v _1905_/ZN (gf180mcu_fd_sc_mcu7t5v0__clkinv_1)
                                                         _1725_ (net)
                      0.534247    0.000237    3.429917 v _3381_/C1 (gf180mcu_fd_sc_mcu7t5v0__aoi222_1)
     1    0.008519    1.877540    1.355289    4.785205 ^ _3381_/ZN (gf180mcu_fd_sc_mcu7t5v0__aoi222_1)
                                                         _1412_ (net)
                      1.877540    0.000122    4.785327 ^ _3382_/B (gf180mcu_fd_sc_mcu7t5v0__oai21_1)
     1    0.006745    0.617889    0.407798    5.193126 v _3382_/ZN (gf180mcu_fd_sc_mcu7t5v0__oai21_1)
                                                         _1413_ (net)
                      0.617889    0.000093    5.193219 v _3383_/A4 (gf180mcu_fd_sc_mcu7t5v0__nor4_1)
     1    0.006493    1.319885    1.000031    6.193250 ^ _3383_/ZN (gf180mcu_fd_sc_mcu7t5v0__nor4_1)
                                                         _1414_ (net)
                      1.319885    0.000144    6.193394 ^ _3387_/A3 (gf180mcu_fd_sc_mcu7t5v0__nand4_1)
     2    0.011451    0.909752    0.611293    6.804687 v _3387_/ZN (gf180mcu_fd_sc_mcu7t5v0__nand4_1)
                                                         _1418_ (net)
                      0.909752    0.000202    6.804888 v _3400_/A1 (gf180mcu_fd_sc_mcu7t5v0__oai21_1)
     7    0.046857    2.702125    1.820691    8.625579 ^ _3400_/ZN (gf180mcu_fd_sc_mcu7t5v0__oai21_1)
                                                         _1429_ (net)
                      2.702125    0.001631    8.627210 ^ _3401_/I (gf180mcu_fd_sc_mcu7t5v0__clkinv_1)
     9    0.065281    2.072121    1.749026   10.376235 v _3401_/ZN (gf180mcu_fd_sc_mcu7t5v0__clkinv_1)
                                                         _1430_ (net)
                      2.072121    0.000777   10.377012 v _3420_/B (gf180mcu_fd_sc_mcu7t5v0__oai21_1)
     1    0.004946    0.844947    0.863510   11.240522 ^ _3420_/ZN (gf180mcu_fd_sc_mcu7t5v0__oai21_1)
                                                         _1442_ (net)
                      0.844947    0.000052   11.240574 ^ _3421_/B (gf180mcu_fd_sc_mcu7t5v0__aoi21_1)
     1    0.003202    0.488047    0.391141   11.631716 v _3421_/ZN (gf180mcu_fd_sc_mcu7t5v0__aoi21_1)
                                                         _0318_ (net)
                      0.488047    0.000034   11.631749 v _4072_/D (gf180mcu_fd_sc_mcu7t5v0__dffq_1)
                                             11.631749   data arrival time

                               4000.000000 4000.000000   clock signal_clock (rise edge)
                                  0.000000 4000.000000   clock source latency
     2    0.066647    0.000000    0.000000 4000.000000 ^ signal_input (in)
                                                         signal_input (net)
                      0.006974    0.002728 4000.002930 ^ clkbuf_regs_0_signal_clock/I (gf180mcu_fd_sc_mcu7t5v0__clkbuf_16)
     1    0.023185    0.163039    0.370619 4000.373535 ^ clkbuf_regs_0_signal_clock/Z (gf180mcu_fd_sc_mcu7t5v0__clkbuf_16)
                                                         signal_input_regs (net)
                      0.163039    0.000455 4000.374023 ^ clkbuf_0_signal_input_regs/I (gf180mcu_fd_sc_mcu7t5v0__clkbuf_16)
     2    0.047688    0.201022    0.433374 4000.807373 ^ clkbuf_0_signal_input_regs/Z (gf180mcu_fd_sc_mcu7t5v0__clkbuf_16)
                                                         clknet_0_signal_input_regs (net)
                      0.201022    0.000455 4000.807617 ^ clkbuf_1_1__f_signal_input_regs/I (gf180mcu_fd_sc_mcu7t5v0__clkbuf_16)
    10    0.050302    0.205014    0.444288 4001.251953 ^ clkbuf_1_1__f_signal_input_regs/Z (gf180mcu_fd_sc_mcu7t5v0__clkbuf_16)
                                                         clknet_1_1__leaf_signal_input_regs (net)
                      0.205014    0.000455 4001.252441 ^ _4072_/CLK (gf180mcu_fd_sc_mcu7t5v0__dffq_1)
                                  0.000000 4001.252441   clock reconvergence pessimism
                                 -0.549902 4000.702637   library setup time
                                           4000.702637   data required time
---------------------------------------------------------------------------------------------
                                           4000.702637   data required time
                                            -11.631749   data arrival time
---------------------------------------------------------------------------------------------
                                           3989.071045   slack (MET)


Startpoint: _4066_ (rising edge-triggered flip-flop clocked by signal_clock)
Endpoint: _4067_ (rising edge-triggered flip-flop clocked by signal_clock)
Path Group: signal_clock
Path Type: max

Fanout         Cap        Slew       Delay        Time   Description
---------------------------------------------------------------------------------------------
                                  0.000000    0.000000   clock signal_clock (rise edge)
                                  0.000000    0.000000   clock source latency
     2    0.066647    0.000000    0.000000    0.000000 ^ signal_input (in)
                                                         signal_input (net)
                      0.006974    0.002853    0.002853 ^ clkbuf_regs_0_signal_clock/I (gf180mcu_fd_sc_mcu7t5v0__clkbuf_16)
     1    0.023185    0.163039    0.370695    0.373548 ^ clkbuf_regs_0_signal_clock/Z (gf180mcu_fd_sc_mcu7t5v0__clkbuf_16)
                                                         signal_input_regs (net)
                      0.163039    0.000235    0.373783 ^ clkbuf_0_signal_input_regs/I (gf180mcu_fd_sc_mcu7t5v0__clkbuf_16)
     2    0.047688    0.201022    0.433345    0.807128 ^ clkbuf_0_signal_input_regs/Z (gf180mcu_fd_sc_mcu7t5v0__clkbuf_16)
                                                         clknet_0_signal_input_regs (net)
                      0.201022    0.000377    0.807505 ^ clkbuf_1_0__f_signal_input_regs/I (gf180mcu_fd_sc_mcu7t5v0__clkbuf_16)
     8    0.047373    0.200641    0.441176    1.248681 ^ clkbuf_1_0__f_signal_input_regs/Z (gf180mcu_fd_sc_mcu7t5v0__clkbuf_16)
                                                         clknet_1_0__leaf_signal_input_regs (net)
                      0.200641    0.000273    1.248954 ^ _4066_/CLK (gf180mcu_fd_sc_mcu7t5v0__dffq_1)
     4    0.026212    0.806039    1.721168    2.970122 ^ _4066_/Q (gf180mcu_fd_sc_mcu7t5v0__dffq_1)
                                                         tdc_module.measurement_state_machine[2] (net)
                      0.806039    0.000727    2.970849 ^ _1905_/I (gf180mcu_fd_sc_mcu7t5v0__clkinv_1)
     2    0.013779    0.534247    0.458831    3.429680 v _1905_/ZN (gf180mcu_fd_sc_mcu7t5v0__clkinv_1)
                                                         _1725_ (net)
                      0.534247    0.000237    3.429917 v _3381_/C1 (gf180mcu_fd_sc_mcu7t5v0__aoi222_1)
     1    0.008519    1.877540    1.355289    4.785205 ^ _3381_/ZN (gf180mcu_fd_sc_mcu7t5v0__aoi222_1)
                                                         _1412_ (net)
                      1.877540    0.000122    4.785327 ^ _3382_/B (gf180mcu_fd_sc_mcu7t5v0__oai21_1)
     1    0.006745    0.617889    0.407798    5.193126 v _3382_/ZN (gf180mcu_fd_sc_mcu7t5v0__oai21_1)
                                                         _1413_ (net)
                      0.617889    0.000093    5.193219 v _3383_/A4 (gf180mcu_fd_sc_mcu7t5v0__nor4_1)
     1    0.006493    1.319885    1.000031    6.193250 ^ _3383_/ZN (gf180mcu_fd_sc_mcu7t5v0__nor4_1)
                                                         _1414_ (net)
                      1.319885    0.000144    6.193394 ^ _3387_/A3 (gf180mcu_fd_sc_mcu7t5v0__nand4_1)
     2    0.011451    0.909752    0.611293    6.804687 v _3387_/ZN (gf180mcu_fd_sc_mcu7t5v0__nand4_1)
                                                         _1418_ (net)
                      0.909752    0.000202    6.804888 v _3400_/A1 (gf180mcu_fd_sc_mcu7t5v0__oai21_1)
     7    0.046857    2.702125    1.820691    8.625579 ^ _3400_/ZN (gf180mcu_fd_sc_mcu7t5v0__oai21_1)
                                                         _1429_ (net)
                      2.702125    0.001631    8.627210 ^ _3401_/I (gf180mcu_fd_sc_mcu7t5v0__clkinv_1)
     9    0.065281    2.072121    1.749026   10.376235 v _3401_/ZN (gf180mcu_fd_sc_mcu7t5v0__clkinv_1)
                                                         _1430_ (net)
                      2.072121    0.000674   10.376909 v _3407_/B (gf180mcu_fd_sc_mcu7t5v0__oai21_1)
     1    0.004515    0.832237    0.852989   11.229898 ^ _3407_/ZN (gf180mcu_fd_sc_mcu7t5v0__oai21_1)
                                                         _1434_ (net)
                      0.832237    0.000083   11.229981 ^ _3408_/B (gf180mcu_fd_sc_mcu7t5v0__aoi21_1)
     1    0.003074    0.481940    0.386755   11.616736 v _3408_/ZN (gf180mcu_fd_sc_mcu7t5v0__aoi21_1)
                                                         _0313_ (net)
                      0.481940    0.000031   11.616768 v _4067_/D (gf180mcu_fd_sc_mcu7t5v0__dffq_1)
                                             11.616768   data arrival time

                               4000.000000 4000.000000   clock signal_clock (rise edge)
                                  0.000000 4000.000000   clock source latency
     2    0.066647    0.000000    0.000000 4000.000000 ^ signal_input (in)
                                                         signal_input (net)
                      0.006974    0.002728 4000.002930 ^ clkbuf_regs_0_signal_clock/I (gf180mcu_fd_sc_mcu7t5v0__clkbuf_16)
     1    0.023185    0.163039    0.370619 4000.373535 ^ clkbuf_regs_0_signal_clock/Z (gf180mcu_fd_sc_mcu7t5v0__clkbuf_16)
                                                         signal_input_regs (net)
                      0.163039    0.000455 4000.374023 ^ clkbuf_0_signal_input_regs/I (gf180mcu_fd_sc_mcu7t5v0__clkbuf_16)
     2    0.047688    0.201022    0.433374 4000.807373 ^ clkbuf_0_signal_input_regs/Z (gf180mcu_fd_sc_mcu7t5v0__clkbuf_16)
                                                         clknet_0_signal_input_regs (net)
                      0.201022    0.000455 4000.807617 ^ clkbuf_1_0__f_signal_input_regs/I (gf180mcu_fd_sc_mcu7t5v0__clkbuf_16)
     8    0.047373    0.200641    0.441105 4001.248779 ^ clkbuf_1_0__f_signal_input_regs/Z (gf180mcu_fd_sc_mcu7t5v0__clkbuf_16)
                                                         clknet_1_0__leaf_signal_input_regs (net)
                      0.200641    0.000455 4001.249268 ^ _4067_/CLK (gf180mcu_fd_sc_mcu7t5v0__dffq_1)
                                  0.000000 4001.249268   clock reconvergence pessimism
                                 -0.548885 4000.700439   library setup time
                                           4000.700439   data required time
---------------------------------------------------------------------------------------------
                                           4000.700439   data required time
                                            -11.616768   data arrival time
---------------------------------------------------------------------------------------------
                                           3989.083496   slack (MET)


Startpoint: _4066_ (rising edge-triggered flip-flop clocked by signal_clock)
Endpoint: _4076_ (rising edge-triggered flip-flop clocked by signal_clock)
Path Group: signal_clock
Path Type: max

Fanout         Cap        Slew       Delay        Time   Description
---------------------------------------------------------------------------------------------
                                  0.000000    0.000000   clock signal_clock (rise edge)
                                  0.000000    0.000000   clock source latency
     2    0.066647    0.000000    0.000000    0.000000 ^ signal_input (in)
                                                         signal_input (net)
                      0.006974    0.002853    0.002853 ^ clkbuf_regs_0_signal_clock/I (gf180mcu_fd_sc_mcu7t5v0__clkbuf_16)
     1    0.023185    0.163039    0.370695    0.373548 ^ clkbuf_regs_0_signal_clock/Z (gf180mcu_fd_sc_mcu7t5v0__clkbuf_16)
                                                         signal_input_regs (net)
                      0.163039    0.000235    0.373783 ^ clkbuf_0_signal_input_regs/I (gf180mcu_fd_sc_mcu7t5v0__clkbuf_16)
     2    0.047688    0.201022    0.433345    0.807128 ^ clkbuf_0_signal_input_regs/Z (gf180mcu_fd_sc_mcu7t5v0__clkbuf_16)
                                                         clknet_0_signal_input_regs (net)
                      0.201022    0.000377    0.807505 ^ clkbuf_1_0__f_signal_input_regs/I (gf180mcu_fd_sc_mcu7t5v0__clkbuf_16)
     8    0.047373    0.200641    0.441176    1.248681 ^ clkbuf_1_0__f_signal_input_regs/Z (gf180mcu_fd_sc_mcu7t5v0__clkbuf_16)
                                                         clknet_1_0__leaf_signal_input_regs (net)
                      0.200641    0.000273    1.248954 ^ _4066_/CLK (gf180mcu_fd_sc_mcu7t5v0__dffq_1)
     4    0.026212    0.806039    1.721168    2.970122 ^ _4066_/Q (gf180mcu_fd_sc_mcu7t5v0__dffq_1)
                                                         tdc_module.measurement_state_machine[2] (net)
                      0.806039    0.000727    2.970849 ^ _1905_/I (gf180mcu_fd_sc_mcu7t5v0__clkinv_1)
     2    0.013779    0.534247    0.458831    3.429680 v _1905_/ZN (gf180mcu_fd_sc_mcu7t5v0__clkinv_1)
                                                         _1725_ (net)
                      0.534247    0.000237    3.429917 v _3381_/C1 (gf180mcu_fd_sc_mcu7t5v0__aoi222_1)
     1    0.008519    1.877540    1.355289    4.785205 ^ _3381_/ZN (gf180mcu_fd_sc_mcu7t5v0__aoi222_1)
                                                         _1412_ (net)
                      1.877540    0.000122    4.785327 ^ _3382_/B (gf180mcu_fd_sc_mcu7t5v0__oai21_1)
     1    0.006745    0.617889    0.407798    5.193126 v _3382_/ZN (gf180mcu_fd_sc_mcu7t5v0__oai21_1)
                                                         _1413_ (net)
                      0.617889    0.000093    5.193219 v _3383_/A4 (gf180mcu_fd_sc_mcu7t5v0__nor4_1)
     1    0.006493    1.319885    1.000031    6.193250 ^ _3383_/ZN (gf180mcu_fd_sc_mcu7t5v0__nor4_1)
                                                         _1414_ (net)
                      1.319885    0.000144    6.193394 ^ _3387_/A3 (gf180mcu_fd_sc_mcu7t5v0__nand4_1)
     2    0.011451    0.909752    0.611293    6.804687 v _3387_/ZN (gf180mcu_fd_sc_mcu7t5v0__nand4_1)
                                                         _1418_ (net)
                      0.909752    0.000202    6.804888 v _3400_/A1 (gf180mcu_fd_sc_mcu7t5v0__oai21_1)
     7    0.046857    2.702125    1.820691    8.625579 ^ _3400_/ZN (gf180mcu_fd_sc_mcu7t5v0__oai21_1)
                                                         _1429_ (net)
                      2.702125    0.001631    8.627210 ^ _3401_/I (gf180mcu_fd_sc_mcu7t5v0__clkinv_1)
     9    0.065281    2.072121    1.749026   10.376235 v _3401_/ZN (gf180mcu_fd_sc_mcu7t5v0__clkinv_1)
                                                         _1430_ (net)
                      2.072121    0.001375   10.377610 v _3431_/B (gf180mcu_fd_sc_mcu7t5v0__oai21_1)
     1    0.006593    0.889376    0.901768   11.279379 ^ _3431_/ZN (gf180mcu_fd_sc_mcu7t5v0__oai21_1)
                                                         _1449_ (net)
                      0.889376    0.000086   11.279465 ^ _3432_/A2 (gf180mcu_fd_sc_mcu7t5v0__nor2_1)
     1    0.003842    0.381642    0.294507   11.573972 v _3432_/ZN (gf180mcu_fd_sc_mcu7t5v0__nor2_1)
                                                         _0322_ (net)
                      0.381642    0.000044   11.574016 v _4076_/D (gf180mcu_fd_sc_mcu7t5v0__dffq_1)
                                             11.574016   data arrival time

                               4000.000000 4000.000000   clock signal_clock (rise edge)
                                  0.000000 4000.000000   clock source latency
     2    0.066647    0.000000    0.000000 4000.000000 ^ signal_input (in)
                                                         signal_input (net)
                      0.006974    0.002728 4000.002930 ^ clkbuf_regs_0_signal_clock/I (gf180mcu_fd_sc_mcu7t5v0__clkbuf_16)
     1    0.023185    0.163039    0.370619 4000.373535 ^ clkbuf_regs_0_signal_clock/Z (gf180mcu_fd_sc_mcu7t5v0__clkbuf_16)
                                                         signal_input_regs (net)
                      0.163039    0.000455 4000.374023 ^ clkbuf_0_signal_input_regs/I (gf180mcu_fd_sc_mcu7t5v0__clkbuf_16)
     2    0.047688    0.201022    0.433374 4000.807373 ^ clkbuf_0_signal_input_regs/Z (gf180mcu_fd_sc_mcu7t5v0__clkbuf_16)
                                                         clknet_0_signal_input_regs (net)
                      0.201022    0.000455 4000.807617 ^ clkbuf_1_1__f_signal_input_regs/I (gf180mcu_fd_sc_mcu7t5v0__clkbuf_16)
    10    0.050302    0.205014    0.444288 4001.251953 ^ clkbuf_1_1__f_signal_input_regs/Z (gf180mcu_fd_sc_mcu7t5v0__clkbuf_16)
                                                         clknet_1_1__leaf_signal_input_regs (net)
                      0.205016    0.001364 4001.253418 ^ _4076_/CLK (gf180mcu_fd_sc_mcu7t5v0__dffq_1)
                                  0.000000 4001.253418   clock reconvergence pessimism
                                 -0.516870 4000.736328   library setup time
                                           4000.736328   data required time
---------------------------------------------------------------------------------------------
                                           4000.736328   data required time
                                            -11.574016   data arrival time
---------------------------------------------------------------------------------------------
                                           3989.162109   slack (MET)


Startpoint: _4063_ (rising edge-triggered flip-flop clocked by signal_clock)
Endpoint: _4075_ (rising edge-triggered flip-flop clocked by signal_clock)
Path Group: signal_clock
Path Type: max

Fanout         Cap        Slew       Delay        Time   Description
---------------------------------------------------------------------------------------------
                                  0.000000    0.000000   clock signal_clock (rise edge)
                                  0.000000    0.000000   clock source latency
     2    0.066647    0.000000    0.000000    0.000000 ^ signal_input (in)
                                                         signal_input (net)
                      0.006974    0.002853    0.002853 ^ clkbuf_regs_0_signal_clock/I (gf180mcu_fd_sc_mcu7t5v0__clkbuf_16)
     1    0.023185    0.163039    0.370695    0.373548 ^ clkbuf_regs_0_signal_clock/Z (gf180mcu_fd_sc_mcu7t5v0__clkbuf_16)
                                                         signal_input_regs (net)
                      0.163039    0.000235    0.373783 ^ clkbuf_0_signal_input_regs/I (gf180mcu_fd_sc_mcu7t5v0__clkbuf_16)
     2    0.047688    0.201022    0.433345    0.807128 ^ clkbuf_0_signal_input_regs/Z (gf180mcu_fd_sc_mcu7t5v0__clkbuf_16)
                                                         clknet_0_signal_input_regs (net)
                      0.201022    0.000377    0.807505 ^ clkbuf_1_0__f_signal_input_regs/I (gf180mcu_fd_sc_mcu7t5v0__clkbuf_16)
     8    0.047373    0.200641    0.441176    1.248681 ^ clkbuf_1_0__f_signal_input_regs/Z (gf180mcu_fd_sc_mcu7t5v0__clkbuf_16)
                                                         clknet_1_0__leaf_signal_input_regs (net)
                      0.200641    0.000564    1.249245 ^ _4063_/CLK (gf180mcu_fd_sc_mcu7t5v0__dffq_1)
     2    0.012136    0.303804    1.304390    2.553635 v _4063_/Q (gf180mcu_fd_sc_mcu7t5v0__dffq_1)
                                                         tdc_module.measurement_pulse_done_internal_flag (net)
                      0.303804    0.000095    2.553731 v _1906_/I (gf180mcu_fd_sc_mcu7t5v0__clkinv_1)
     6    0.045295    1.305902    0.848232    3.401963 ^ _1906_/ZN (gf180mcu_fd_sc_mcu7t5v0__clkinv_1)
                                                         _1726_ (net)
                      1.305902    0.000656    3.402618 ^ _3398_/A3 (gf180mcu_fd_sc_mcu7t5v0__and3_1)
     5    0.030853    0.991209    1.249650    4.652268 ^ _3398_/Z (gf180mcu_fd_sc_mcu7t5v0__and3_1)
                                                         _1428_ (net)
                      0.991209    0.000397    4.652665 ^ _3404_/A3 (gf180mcu_fd_sc_mcu7t5v0__and3_1)
     5    0.027834    0.915486    1.192030    5.844695 ^ _3404_/Z (gf180mcu_fd_sc_mcu7t5v0__and3_1)
                                                         _1432_ (net)
                      0.915486    0.000286    5.844981 ^ _3410_/A3 (gf180mcu_fd_sc_mcu7t5v0__and3_1)
     5    0.030995    0.994048    1.240930    7.085911 ^ _3410_/Z (gf180mcu_fd_sc_mcu7t5v0__and3_1)
                                                         _1436_ (net)
                      0.994048    0.000954    7.086865 ^ _3414_/A3 (gf180mcu_fd_sc_mcu7t5v0__and3_1)
     4    0.017927    0.663220    1.027217    8.114082 ^ _3414_/Z (gf180mcu_fd_sc_mcu7t5v0__and3_1)
                                                         _1438_ (net)
                      0.663220    0.000350    8.114432 ^ _3423_/A4 (gf180mcu_fd_sc_mcu7t5v0__and4_1)
     5    0.028816    0.982092    1.416323    9.530755 ^ _3423_/Z (gf180mcu_fd_sc_mcu7t5v0__and4_1)
                                                         _1444_ (net)
                      0.982092    0.000478    9.531233 ^ _3428_/A3 (gf180mcu_fd_sc_mcu7t5v0__and3_1)
     3    0.017370    0.651071    1.016928   10.548161 ^ _3428_/Z (gf180mcu_fd_sc_mcu7t5v0__and3_1)
                                                         _1447_ (net)
                      0.651071    0.000234   10.548394 ^ _3429_/A3 (gf180mcu_fd_sc_mcu7t5v0__nor3_1)
     1    0.003320    0.677988    0.347536   10.895930 v _3429_/ZN (gf180mcu_fd_sc_mcu7t5v0__nor3_1)
                                                         _0321_ (net)
                      0.677988    0.000035   10.895966 v _4075_/D (gf180mcu_fd_sc_mcu7t5v0__dffq_1)
                                             10.895966   data arrival time

                               4000.000000 4000.000000   clock signal_clock (rise edge)
                                  0.000000 4000.000000   clock source latency
     2    0.066647    0.000000    0.000000 4000.000000 ^ signal_input (in)
                                                         signal_input (net)
                      0.006974    0.002728 4000.002930 ^ clkbuf_regs_0_signal_clock/I (gf180mcu_fd_sc_mcu7t5v0__clkbuf_16)
     1    0.023185    0.163039    0.370619 4000.373535 ^ clkbuf_regs_0_signal_clock/Z (gf180mcu_fd_sc_mcu7t5v0__clkbuf_16)
                                                         signal_input_regs (net)
                      0.163039    0.000455 4000.374023 ^ clkbuf_0_signal_input_regs/I (gf180mcu_fd_sc_mcu7t5v0__clkbuf_16)
     2    0.047688    0.201022    0.433374 4000.807373 ^ clkbuf_0_signal_input_regs/Z (gf180mcu_fd_sc_mcu7t5v0__clkbuf_16)
                                                         clknet_0_signal_input_regs (net)
                      0.201022    0.000455 4000.807617 ^ clkbuf_1_1__f_signal_input_regs/I (gf180mcu_fd_sc_mcu7t5v0__clkbuf_16)
    10    0.050302    0.205014    0.444288 4001.251953 ^ clkbuf_1_1__f_signal_input_regs/Z (gf180mcu_fd_sc_mcu7t5v0__clkbuf_16)
                                                         clknet_1_1__leaf_signal_input_regs (net)
                      0.205015    0.000909 4001.252930 ^ _4075_/CLK (gf180mcu_fd_sc_mcu7t5v0__dffq_1)
                                  0.000000 4001.252930   clock reconvergence pessimism
                                 -0.614880 4000.638184   library setup time
                                           4000.638184   data required time
---------------------------------------------------------------------------------------------
                                           4000.638184   data required time
                                            -10.895966   data arrival time
---------------------------------------------------------------------------------------------
                                           3989.742432   slack (MET)


Startpoint: _4063_ (rising edge-triggered flip-flop clocked by signal_clock)
Endpoint: _4073_ (rising edge-triggered flip-flop clocked by signal_clock)
Path Group: signal_clock
Path Type: max

Fanout         Cap        Slew       Delay        Time   Description
---------------------------------------------------------------------------------------------
                                  0.000000    0.000000   clock signal_clock (rise edge)
                                  0.000000    0.000000   clock source latency
     2    0.066647    0.000000    0.000000    0.000000 ^ signal_input (in)
                                                         signal_input (net)
                      0.006974    0.002853    0.002853 ^ clkbuf_regs_0_signal_clock/I (gf180mcu_fd_sc_mcu7t5v0__clkbuf_16)
     1    0.023185    0.163039    0.370695    0.373548 ^ clkbuf_regs_0_signal_clock/Z (gf180mcu_fd_sc_mcu7t5v0__clkbuf_16)
                                                         signal_input_regs (net)
                      0.163039    0.000235    0.373783 ^ clkbuf_0_signal_input_regs/I (gf180mcu_fd_sc_mcu7t5v0__clkbuf_16)
     2    0.047688    0.201022    0.433345    0.807128 ^ clkbuf_0_signal_input_regs/Z (gf180mcu_fd_sc_mcu7t5v0__clkbuf_16)
                                                         clknet_0_signal_input_regs (net)
                      0.201022    0.000377    0.807505 ^ clkbuf_1_0__f_signal_input_regs/I (gf180mcu_fd_sc_mcu7t5v0__clkbuf_16)
     8    0.047373    0.200641    0.441176    1.248681 ^ clkbuf_1_0__f_signal_input_regs/Z (gf180mcu_fd_sc_mcu7t5v0__clkbuf_16)
                                                         clknet_1_0__leaf_signal_input_regs (net)
                      0.200641    0.000564    1.249245 ^ _4063_/CLK (gf180mcu_fd_sc_mcu7t5v0__dffq_1)
     2    0.012136    0.303804    1.304390    2.553635 v _4063_/Q (gf180mcu_fd_sc_mcu7t5v0__dffq_1)
                                                         tdc_module.measurement_pulse_done_internal_flag (net)
                      0.303804    0.000095    2.553731 v _1906_/I (gf180mcu_fd_sc_mcu7t5v0__clkinv_1)
     6    0.045295    1.305902    0.848232    3.401963 ^ _1906_/ZN (gf180mcu_fd_sc_mcu7t5v0__clkinv_1)
                                                         _1726_ (net)
                      1.305902    0.000656    3.402618 ^ _3398_/A3 (gf180mcu_fd_sc_mcu7t5v0__and3_1)
     5    0.030853    0.991209    1.249650    4.652268 ^ _3398_/Z (gf180mcu_fd_sc_mcu7t5v0__and3_1)
                                                         _1428_ (net)
                      0.991209    0.000397    4.652665 ^ _3404_/A3 (gf180mcu_fd_sc_mcu7t5v0__and3_1)
     5    0.027834    0.915486    1.192030    5.844695 ^ _3404_/Z (gf180mcu_fd_sc_mcu7t5v0__and3_1)
                                                         _1432_ (net)
                      0.915486    0.000286    5.844981 ^ _3410_/A3 (gf180mcu_fd_sc_mcu7t5v0__and3_1)
     5    0.030995    0.994048    1.240930    7.085911 ^ _3410_/Z (gf180mcu_fd_sc_mcu7t5v0__and3_1)
                                                         _1436_ (net)
                      0.994048    0.000954    7.086865 ^ _3414_/A3 (gf180mcu_fd_sc_mcu7t5v0__and3_1)
     4    0.017927    0.663220    1.027217    8.114082 ^ _3414_/Z (gf180mcu_fd_sc_mcu7t5v0__and3_1)
                                                         _1438_ (net)
                      0.663220    0.000350    8.114432 ^ _3423_/A4 (gf180mcu_fd_sc_mcu7t5v0__and4_1)
     5    0.028816    0.982092    1.416323    9.530755 ^ _3423_/Z (gf180mcu_fd_sc_mcu7t5v0__and4_1)
                                                         _1444_ (net)
                      0.982092    0.000330    9.531085 ^ _3424_/A3 (gf180mcu_fd_sc_mcu7t5v0__nor3_1)
     1    0.005759    0.774183    0.445892    9.976976 v _3424_/ZN (gf180mcu_fd_sc_mcu7t5v0__nor3_1)
                                                         _0319_ (net)
                      0.774183    0.000128    9.977105 v _4073_/D (gf180mcu_fd_sc_mcu7t5v0__dffq_1)
                                              9.977105   data arrival time

                               4000.000000 4000.000000   clock signal_clock (rise edge)
                                  0.000000 4000.000000   clock source latency
     2    0.066647    0.000000    0.000000 4000.000000 ^ signal_input (in)
                                                         signal_input (net)
                      0.006974    0.002728 4000.002930 ^ clkbuf_regs_0_signal_clock/I (gf180mcu_fd_sc_mcu7t5v0__clkbuf_16)
     1    0.023185    0.163039    0.370619 4000.373535 ^ clkbuf_regs_0_signal_clock/Z (gf180mcu_fd_sc_mcu7t5v0__clkbuf_16)
                                                         signal_input_regs (net)
                      0.163039    0.000455 4000.374023 ^ clkbuf_0_signal_input_regs/I (gf180mcu_fd_sc_mcu7t5v0__clkbuf_16)
     2    0.047688    0.201022    0.433374 4000.807373 ^ clkbuf_0_signal_input_regs/Z (gf180mcu_fd_sc_mcu7t5v0__clkbuf_16)
                                                         clknet_0_signal_input_regs (net)
                      0.201022    0.000455 4000.807617 ^ clkbuf_1_0__f_signal_input_regs/I (gf180mcu_fd_sc_mcu7t5v0__clkbuf_16)
     8    0.047373    0.200641    0.441105 4001.248779 ^ clkbuf_1_0__f_signal_input_regs/Z (gf180mcu_fd_sc_mcu7t5v0__clkbuf_16)
                                                         clknet_1_0__leaf_signal_input_regs (net)
                      0.200641    0.000455 4001.249268 ^ _4073_/CLK (gf180mcu_fd_sc_mcu7t5v0__dffq_1)
                                  0.000000 4001.249268   clock reconvergence pessimism
                                 -0.650553 4000.598633   library setup time
                                           4000.598633   data required time
---------------------------------------------------------------------------------------------
                                           4000.598633   data required time
                                             -9.977105   data arrival time
---------------------------------------------------------------------------------------------
                                           3990.621338   slack (MET)


Startpoint: _4063_ (rising edge-triggered flip-flop clocked by signal_clock)
Endpoint: _4071_ (rising edge-triggered flip-flop clocked by signal_clock)
Path Group: signal_clock
Path Type: max

Fanout         Cap        Slew       Delay        Time   Description
---------------------------------------------------------------------------------------------
                                  0.000000    0.000000   clock signal_clock (rise edge)
                                  0.000000    0.000000   clock source latency
     2    0.066647    0.000000    0.000000    0.000000 ^ signal_input (in)
                                                         signal_input (net)
                      0.006974    0.002853    0.002853 ^ clkbuf_regs_0_signal_clock/I (gf180mcu_fd_sc_mcu7t5v0__clkbuf_16)
     1    0.023185    0.163039    0.370695    0.373548 ^ clkbuf_regs_0_signal_clock/Z (gf180mcu_fd_sc_mcu7t5v0__clkbuf_16)
                                                         signal_input_regs (net)
                      0.163039    0.000235    0.373783 ^ clkbuf_0_signal_input_regs/I (gf180mcu_fd_sc_mcu7t5v0__clkbuf_16)
     2    0.047688    0.201022    0.433345    0.807128 ^ clkbuf_0_signal_input_regs/Z (gf180mcu_fd_sc_mcu7t5v0__clkbuf_16)
                                                         clknet_0_signal_input_regs (net)
                      0.201022    0.000377    0.807505 ^ clkbuf_1_0__f_signal_input_regs/I (gf180mcu_fd_sc_mcu7t5v0__clkbuf_16)
     8    0.047373    0.200641    0.441176    1.248681 ^ clkbuf_1_0__f_signal_input_regs/Z (gf180mcu_fd_sc_mcu7t5v0__clkbuf_16)
                                                         clknet_1_0__leaf_signal_input_regs (net)
                      0.200641    0.000564    1.249245 ^ _4063_/CLK (gf180mcu_fd_sc_mcu7t5v0__dffq_1)
     2    0.012136    0.303804    1.304390    2.553635 v _4063_/Q (gf180mcu_fd_sc_mcu7t5v0__dffq_1)
                                                         tdc_module.measurement_pulse_done_internal_flag (net)
                      0.303804    0.000095    2.553731 v _1906_/I (gf180mcu_fd_sc_mcu7t5v0__clkinv_1)
     6    0.045295    1.305902    0.848232    3.401963 ^ _1906_/ZN (gf180mcu_fd_sc_mcu7t5v0__clkinv_1)
                                                         _1726_ (net)
                      1.305902    0.000656    3.402618 ^ _3398_/A3 (gf180mcu_fd_sc_mcu7t5v0__and3_1)
     5    0.030853    0.991209    1.249650    4.652268 ^ _3398_/Z (gf180mcu_fd_sc_mcu7t5v0__and3_1)
                                                         _1428_ (net)
                      0.991209    0.000397    4.652665 ^ _3404_/A3 (gf180mcu_fd_sc_mcu7t5v0__and3_1)
     5    0.027834    0.915486    1.192030    5.844695 ^ _3404_/Z (gf180mcu_fd_sc_mcu7t5v0__and3_1)
                                                         _1432_ (net)
                      0.915486    0.000286    5.844981 ^ _3410_/A3 (gf180mcu_fd_sc_mcu7t5v0__and3_1)
     5    0.030995    0.994048    1.240930    7.085911 ^ _3410_/Z (gf180mcu_fd_sc_mcu7t5v0__and3_1)
                                                         _1436_ (net)
                      0.994048    0.000954    7.086865 ^ _3414_/A3 (gf180mcu_fd_sc_mcu7t5v0__and3_1)
     4    0.017927    0.663220    1.027217    8.114082 ^ _3414_/Z (gf180mcu_fd_sc_mcu7t5v0__and3_1)
                                                         _1438_ (net)
                      0.663220    0.000333    8.114415 ^ _3418_/A2 (gf180mcu_fd_sc_mcu7t5v0__and2_1)
     4    0.024908    0.796433    0.903174    9.017590 ^ _3418_/Z (gf180mcu_fd_sc_mcu7t5v0__and2_1)
                                                         _1441_ (net)
                      0.796433    0.000191    9.017780 ^ _3419_/A3 (gf180mcu_fd_sc_mcu7t5v0__nor3_1)
     1    0.004812    0.737201    0.398152    9.415933 v _3419_/ZN (gf180mcu_fd_sc_mcu7t5v0__nor3_1)
                                                         _0317_ (net)
                      0.737201    0.000065    9.415998 v _4071_/D (gf180mcu_fd_sc_mcu7t5v0__dffq_1)
                                              9.415998   data arrival time

                               4000.000000 4000.000000   clock signal_clock (rise edge)
                                  0.000000 4000.000000   clock source latency
     2    0.066647    0.000000    0.000000 4000.000000 ^ signal_input (in)
                                                         signal_input (net)
                      0.006974    0.002728 4000.002930 ^ clkbuf_regs_0_signal_clock/I (gf180mcu_fd_sc_mcu7t5v0__clkbuf_16)
     1    0.023185    0.163039    0.370619 4000.373535 ^ clkbuf_regs_0_signal_clock/Z (gf180mcu_fd_sc_mcu7t5v0__clkbuf_16)
                                                         signal_input_regs (net)
                      0.163039    0.000455 4000.374023 ^ clkbuf_0_signal_input_regs/I (gf180mcu_fd_sc_mcu7t5v0__clkbuf_16)
     2    0.047688    0.201022    0.433374 4000.807373 ^ clkbuf_0_signal_input_regs/Z (gf180mcu_fd_sc_mcu7t5v0__clkbuf_16)
                                                         clknet_0_signal_input_regs (net)
                      0.201022    0.000455 4000.807617 ^ clkbuf_1_1__f_signal_input_regs/I (gf180mcu_fd_sc_mcu7t5v0__clkbuf_16)
    10    0.050302    0.205014    0.444288 4001.251953 ^ clkbuf_1_1__f_signal_input_regs/Z (gf180mcu_fd_sc_mcu7t5v0__clkbuf_16)
                                                         clknet_1_1__leaf_signal_input_regs (net)
                      0.205015    0.000909 4001.252930 ^ _4071_/CLK (gf180mcu_fd_sc_mcu7t5v0__dffq_1)
                                  0.000000 4001.252930   clock reconvergence pessimism
                                 -0.636286 4000.616699   library setup time
                                           4000.616699   data required time
---------------------------------------------------------------------------------------------
                                           4000.616699   data required time
                                             -9.415998   data arrival time
---------------------------------------------------------------------------------------------
                                           3991.200684   slack (MET)


Startpoint: _4066_ (rising edge-triggered flip-flop clocked by signal_clock)
Endpoint: _4066_ (rising edge-triggered flip-flop clocked by signal_clock)
Path Group: signal_clock
Path Type: max

Fanout         Cap        Slew       Delay        Time   Description
---------------------------------------------------------------------------------------------
                                  0.000000    0.000000   clock signal_clock (rise edge)
                                  0.000000    0.000000   clock source latency
     2    0.066647    0.000000    0.000000    0.000000 ^ signal_input (in)
                                                         signal_input (net)
                      0.006974    0.002853    0.002853 ^ clkbuf_regs_0_signal_clock/I (gf180mcu_fd_sc_mcu7t5v0__clkbuf_16)
     1    0.023185    0.163039    0.370695    0.373548 ^ clkbuf_regs_0_signal_clock/Z (gf180mcu_fd_sc_mcu7t5v0__clkbuf_16)
                                                         signal_input_regs (net)
                      0.163039    0.000235    0.373783 ^ clkbuf_0_signal_input_regs/I (gf180mcu_fd_sc_mcu7t5v0__clkbuf_16)
     2    0.047688    0.201022    0.433345    0.807128 ^ clkbuf_0_signal_input_regs/Z (gf180mcu_fd_sc_mcu7t5v0__clkbuf_16)
                                                         clknet_0_signal_input_regs (net)
                      0.201022    0.000377    0.807505 ^ clkbuf_1_0__f_signal_input_regs/I (gf180mcu_fd_sc_mcu7t5v0__clkbuf_16)
     8    0.047373    0.200641    0.441176    1.248681 ^ clkbuf_1_0__f_signal_input_regs/Z (gf180mcu_fd_sc_mcu7t5v0__clkbuf_16)
                                                         clknet_1_0__leaf_signal_input_regs (net)
                      0.200641    0.000273    1.248954 ^ _4066_/CLK (gf180mcu_fd_sc_mcu7t5v0__dffq_1)
     4    0.026212    0.806039    1.721168    2.970122 ^ _4066_/Q (gf180mcu_fd_sc_mcu7t5v0__dffq_1)
                                                         tdc_module.measurement_state_machine[2] (net)
                      0.806039    0.000727    2.970849 ^ _1905_/I (gf180mcu_fd_sc_mcu7t5v0__clkinv_1)
     2    0.013779    0.534247    0.458831    3.429680 v _1905_/ZN (gf180mcu_fd_sc_mcu7t5v0__clkinv_1)
                                                         _1725_ (net)
                      0.534247    0.000237    3.429917 v _3381_/C1 (gf180mcu_fd_sc_mcu7t5v0__aoi222_1)
     1    0.008519    1.877540    1.355289    4.785205 ^ _3381_/ZN (gf180mcu_fd_sc_mcu7t5v0__aoi222_1)
                                                         _1412_ (net)
                      1.877540    0.000122    4.785327 ^ _3382_/B (gf180mcu_fd_sc_mcu7t5v0__oai21_1)
     1    0.006745    0.617889    0.407798    5.193126 v _3382_/ZN (gf180mcu_fd_sc_mcu7t5v0__oai21_1)
                                                         _1413_ (net)
                      0.617889    0.000093    5.193219 v _3383_/A4 (gf180mcu_fd_sc_mcu7t5v0__nor4_1)
     1    0.006493    1.319885    1.000031    6.193250 ^ _3383_/ZN (gf180mcu_fd_sc_mcu7t5v0__nor4_1)
                                                         _1414_ (net)
                      1.319885    0.000144    6.193394 ^ _3387_/A3 (gf180mcu_fd_sc_mcu7t5v0__nand4_1)
     2    0.011451    0.909752    0.611293    6.804687 v _3387_/ZN (gf180mcu_fd_sc_mcu7t5v0__nand4_1)
                                                         _1418_ (net)
                      0.909752    0.000202    6.804888 v _3400_/A1 (gf180mcu_fd_sc_mcu7t5v0__oai21_1)
     7    0.046857    2.702125    1.820691    8.625579 ^ _3400_/ZN (gf180mcu_fd_sc_mcu7t5v0__oai21_1)
                                                         _1429_ (net)
                      2.702125    0.000709    8.626287 ^ _3406_/A1 (gf180mcu_fd_sc_mcu7t5v0__nor3_1)
     1    0.003696    0.693641    0.265286    8.891573 v _3406_/ZN (gf180mcu_fd_sc_mcu7t5v0__nor3_1)
                                                         _0312_ (net)
                      0.693641    0.000041    8.891614 v _4066_/D (gf180mcu_fd_sc_mcu7t5v0__dffq_1)
                                              8.891614   data arrival time

                               4000.000000 4000.000000   clock signal_clock (rise edge)
                                  0.000000 4000.000000   clock source latency
     2    0.066647    0.000000    0.000000 4000.000000 ^ signal_input (in)
                                                         signal_input (net)
                      0.006974    0.002728 4000.002930 ^ clkbuf_regs_0_signal_clock/I (gf180mcu_fd_sc_mcu7t5v0__clkbuf_16)
     1    0.023185    0.163039    0.370619 4000.373535 ^ clkbuf_regs_0_signal_clock/Z (gf180mcu_fd_sc_mcu7t5v0__clkbuf_16)
                                                         signal_input_regs (net)
                      0.163039    0.000455 4000.374023 ^ clkbuf_0_signal_input_regs/I (gf180mcu_fd_sc_mcu7t5v0__clkbuf_16)
     2    0.047688    0.201022    0.433374 4000.807373 ^ clkbuf_0_signal_input_regs/Z (gf180mcu_fd_sc_mcu7t5v0__clkbuf_16)
                                                         clknet_0_signal_input_regs (net)
                      0.201022    0.000455 4000.807617 ^ clkbuf_1_0__f_signal_input_regs/I (gf180mcu_fd_sc_mcu7t5v0__clkbuf_16)
     8    0.047373    0.200641    0.441105 4001.248779 ^ clkbuf_1_0__f_signal_input_regs/Z (gf180mcu_fd_sc_mcu7t5v0__clkbuf_16)
                                                         clknet_1_0__leaf_signal_input_regs (net)
                      0.200641    0.000000 4001.248779 ^ _4066_/CLK (gf180mcu_fd_sc_mcu7t5v0__dffq_1)
                                  0.000000 4001.248779   clock reconvergence pessimism
                                 -0.621420 4000.627197   library setup time
                                           4000.627197   data required time
---------------------------------------------------------------------------------------------
                                           4000.627197   data required time
                                             -8.891614   data arrival time
---------------------------------------------------------------------------------------------
                                           3991.735596   slack (MET)


Startpoint: _4066_ (rising edge-triggered flip-flop clocked by signal_clock)
Endpoint: _4068_ (rising edge-triggered flip-flop clocked by signal_clock)
Path Group: signal_clock
Path Type: max

Fanout         Cap        Slew       Delay        Time   Description
---------------------------------------------------------------------------------------------
                                  0.000000    0.000000   clock signal_clock (rise edge)
                                  0.000000    0.000000   clock source latency
     2    0.066647    0.000000    0.000000    0.000000 ^ signal_input (in)
                                                         signal_input (net)
                      0.006974    0.002853    0.002853 ^ clkbuf_regs_0_signal_clock/I (gf180mcu_fd_sc_mcu7t5v0__clkbuf_16)
     1    0.023185    0.163039    0.370695    0.373548 ^ clkbuf_regs_0_signal_clock/Z (gf180mcu_fd_sc_mcu7t5v0__clkbuf_16)
                                                         signal_input_regs (net)
                      0.163039    0.000235    0.373783 ^ clkbuf_0_signal_input_regs/I (gf180mcu_fd_sc_mcu7t5v0__clkbuf_16)
     2    0.047688    0.201022    0.433345    0.807128 ^ clkbuf_0_signal_input_regs/Z (gf180mcu_fd_sc_mcu7t5v0__clkbuf_16)
                                                         clknet_0_signal_input_regs (net)
                      0.201022    0.000377    0.807505 ^ clkbuf_1_0__f_signal_input_regs/I (gf180mcu_fd_sc_mcu7t5v0__clkbuf_16)
     8    0.047373    0.200641    0.441176    1.248681 ^ clkbuf_1_0__f_signal_input_regs/Z (gf180mcu_fd_sc_mcu7t5v0__clkbuf_16)
                                                         clknet_1_0__leaf_signal_input_regs (net)
                      0.200641    0.000273    1.248954 ^ _4066_/CLK (gf180mcu_fd_sc_mcu7t5v0__dffq_1)
     4    0.026212    0.806039    1.721168    2.970122 ^ _4066_/Q (gf180mcu_fd_sc_mcu7t5v0__dffq_1)
                                                         tdc_module.measurement_state_machine[2] (net)
                      0.806039    0.000727    2.970849 ^ _1905_/I (gf180mcu_fd_sc_mcu7t5v0__clkinv_1)
     2    0.013779    0.534247    0.458831    3.429680 v _1905_/ZN (gf180mcu_fd_sc_mcu7t5v0__clkinv_1)
                                                         _1725_ (net)
                      0.534247    0.000237    3.429917 v _3381_/C1 (gf180mcu_fd_sc_mcu7t5v0__aoi222_1)
     1    0.008519    1.877540    1.355289    4.785205 ^ _3381_/ZN (gf180mcu_fd_sc_mcu7t5v0__aoi222_1)
                                                         _1412_ (net)
                      1.877540    0.000122    4.785327 ^ _3382_/B (gf180mcu_fd_sc_mcu7t5v0__oai21_1)
     1    0.006745    0.617889    0.407798    5.193126 v _3382_/ZN (gf180mcu_fd_sc_mcu7t5v0__oai21_1)
                                                         _1413_ (net)
                      0.617889    0.000093    5.193219 v _3383_/A4 (gf180mcu_fd_sc_mcu7t5v0__nor4_1)
     1    0.006493    1.319885    1.000031    6.193250 ^ _3383_/ZN (gf180mcu_fd_sc_mcu7t5v0__nor4_1)
                                                         _1414_ (net)
                      1.319885    0.000144    6.193394 ^ _3387_/A3 (gf180mcu_fd_sc_mcu7t5v0__nand4_1)
     2    0.011451    0.909752    0.611293    6.804687 v _3387_/ZN (gf180mcu_fd_sc_mcu7t5v0__nand4_1)
                                                         _1418_ (net)
                      0.909752    0.000202    6.804888 v _3400_/A1 (gf180mcu_fd_sc_mcu7t5v0__oai21_1)
     7    0.046857    2.702125    1.820691    8.625579 ^ _3400_/ZN (gf180mcu_fd_sc_mcu7t5v0__oai21_1)
                                                         _1429_ (net)
                      2.702125    0.001282    8.626861 ^ _3411_/A1 (gf180mcu_fd_sc_mcu7t5v0__nor3_1)
     1    0.003042    0.665245    0.235776    8.862637 v _3411_/ZN (gf180mcu_fd_sc_mcu7t5v0__nor3_1)
                                                         _0314_ (net)
                      0.665245    0.000030    8.862666 v _4068_/D (gf180mcu_fd_sc_mcu7t5v0__dffq_1)
                                              8.862666   data arrival time

                               4000.000000 4000.000000   clock signal_clock (rise edge)
                                  0.000000 4000.000000   clock source latency
     2    0.066647    0.000000    0.000000 4000.000000 ^ signal_input (in)
                                                         signal_input (net)
                      0.006974    0.002728 4000.002930 ^ clkbuf_regs_0_signal_clock/I (gf180mcu_fd_sc_mcu7t5v0__clkbuf_16)
     1    0.023185    0.163039    0.370619 4000.373535 ^ clkbuf_regs_0_signal_clock/Z (gf180mcu_fd_sc_mcu7t5v0__clkbuf_16)
                                                         signal_input_regs (net)
                      0.163039    0.000455 4000.374023 ^ clkbuf_0_signal_input_regs/I (gf180mcu_fd_sc_mcu7t5v0__clkbuf_16)
     2    0.047688    0.201022    0.433374 4000.807373 ^ clkbuf_0_signal_input_regs/Z (gf180mcu_fd_sc_mcu7t5v0__clkbuf_16)
                                                         clknet_0_signal_input_regs (net)
                      0.201022    0.000455 4000.807617 ^ clkbuf_1_0__f_signal_input_regs/I (gf180mcu_fd_sc_mcu7t5v0__clkbuf_16)
     8    0.047373    0.200641    0.441105 4001.248779 ^ clkbuf_1_0__f_signal_input_regs/Z (gf180mcu_fd_sc_mcu7t5v0__clkbuf_16)
                                                         clknet_1_0__leaf_signal_input_regs (net)
                      0.200641    0.000455 4001.249268 ^ _4068_/CLK (gf180mcu_fd_sc_mcu7t5v0__dffq_1)
                                  0.000000 4001.249268   clock reconvergence pessimism
                                 -0.611149 4000.638184   library setup time
                                           4000.638184   data required time
---------------------------------------------------------------------------------------------
                                           4000.638184   data required time
                                             -8.862666   data arrival time
---------------------------------------------------------------------------------------------
                                           3991.775635   slack (MET)


Startpoint: _4066_ (rising edge-triggered flip-flop clocked by signal_clock)
Endpoint: _4070_ (rising edge-triggered flip-flop clocked by signal_clock)
Path Group: signal_clock
Path Type: max

Fanout         Cap        Slew       Delay        Time   Description
---------------------------------------------------------------------------------------------
                                  0.000000    0.000000   clock signal_clock (rise edge)
                                  0.000000    0.000000   clock source latency
     2    0.066647    0.000000    0.000000    0.000000 ^ signal_input (in)
                                                         signal_input (net)
                      0.006974    0.002853    0.002853 ^ clkbuf_regs_0_signal_clock/I (gf180mcu_fd_sc_mcu7t5v0__clkbuf_16)
     1    0.023185    0.163039    0.370695    0.373548 ^ clkbuf_regs_0_signal_clock/Z (gf180mcu_fd_sc_mcu7t5v0__clkbuf_16)
                                                         signal_input_regs (net)
                      0.163039    0.000235    0.373783 ^ clkbuf_0_signal_input_regs/I (gf180mcu_fd_sc_mcu7t5v0__clkbuf_16)
     2    0.047688    0.201022    0.433345    0.807128 ^ clkbuf_0_signal_input_regs/Z (gf180mcu_fd_sc_mcu7t5v0__clkbuf_16)
                                                         clknet_0_signal_input_regs (net)
                      0.201022    0.000377    0.807505 ^ clkbuf_1_0__f_signal_input_regs/I (gf180mcu_fd_sc_mcu7t5v0__clkbuf_16)
     8    0.047373    0.200641    0.441176    1.248681 ^ clkbuf_1_0__f_signal_input_regs/Z (gf180mcu_fd_sc_mcu7t5v0__clkbuf_16)
                                                         clknet_1_0__leaf_signal_input_regs (net)
                      0.200641    0.000273    1.248954 ^ _4066_/CLK (gf180mcu_fd_sc_mcu7t5v0__dffq_1)
     4    0.026212    0.806039    1.721168    2.970122 ^ _4066_/Q (gf180mcu_fd_sc_mcu7t5v0__dffq_1)
                                                         tdc_module.measurement_state_machine[2] (net)
                      0.806039    0.000727    2.970849 ^ _1905_/I (gf180mcu_fd_sc_mcu7t5v0__clkinv_1)
     2    0.013779    0.534247    0.458831    3.429680 v _1905_/ZN (gf180mcu_fd_sc_mcu7t5v0__clkinv_1)
                                                         _1725_ (net)
                      0.534247    0.000237    3.429917 v _3381_/C1 (gf180mcu_fd_sc_mcu7t5v0__aoi222_1)
     1    0.008519    1.877540    1.355289    4.785205 ^ _3381_/ZN (gf180mcu_fd_sc_mcu7t5v0__aoi222_1)
                                                         _1412_ (net)
                      1.877540    0.000122    4.785327 ^ _3382_/B (gf180mcu_fd_sc_mcu7t5v0__oai21_1)
     1    0.006745    0.617889    0.407798    5.193126 v _3382_/ZN (gf180mcu_fd_sc_mcu7t5v0__oai21_1)
                                                         _1413_ (net)
                      0.617889    0.000093    5.193219 v _3383_/A4 (gf180mcu_fd_sc_mcu7t5v0__nor4_1)
     1    0.006493    1.319885    1.000031    6.193250 ^ _3383_/ZN (gf180mcu_fd_sc_mcu7t5v0__nor4_1)
                                                         _1414_ (net)
                      1.319885    0.000144    6.193394 ^ _3387_/A3 (gf180mcu_fd_sc_mcu7t5v0__nand4_1)
     2    0.011451    0.909752    0.611293    6.804687 v _3387_/ZN (gf180mcu_fd_sc_mcu7t5v0__nand4_1)
                                                         _1418_ (net)
                      0.909752    0.000202    6.804888 v _3400_/A1 (gf180mcu_fd_sc_mcu7t5v0__oai21_1)
     7    0.046857    2.702125    1.820691    8.625579 ^ _3400_/ZN (gf180mcu_fd_sc_mcu7t5v0__oai21_1)
                                                         _1429_ (net)
                      2.702125    0.001703    8.627281 ^ _3416_/A1 (gf180mcu_fd_sc_mcu7t5v0__nor3_1)
     1    0.002909    0.659098    0.229426    8.856708 v _3416_/ZN (gf180mcu_fd_sc_mcu7t5v0__nor3_1)
                                                         _0316_ (net)
                      0.659098    0.000028    8.856736 v _4070_/D (gf180mcu_fd_sc_mcu7t5v0__dffq_1)
                                              8.856736   data arrival time

                               4000.000000 4000.000000   clock signal_clock (rise edge)
                                  0.000000 4000.000000   clock source latency
     2    0.066647    0.000000    0.000000 4000.000000 ^ signal_input (in)
                                                         signal_input (net)
                      0.006974    0.002728 4000.002930 ^ clkbuf_regs_0_signal_clock/I (gf180mcu_fd_sc_mcu7t5v0__clkbuf_16)
     1    0.023185    0.163039    0.370619 4000.373535 ^ clkbuf_regs_0_signal_clock/Z (gf180mcu_fd_sc_mcu7t5v0__clkbuf_16)
                                                         signal_input_regs (net)
                      0.163039    0.000455 4000.374023 ^ clkbuf_0_signal_input_regs/I (gf180mcu_fd_sc_mcu7t5v0__clkbuf_16)
     2    0.047688    0.201022    0.433374 4000.807373 ^ clkbuf_0_signal_input_regs/Z (gf180mcu_fd_sc_mcu7t5v0__clkbuf_16)
                                                         clknet_0_signal_input_regs (net)
                      0.201022    0.000455 4000.807617 ^ clkbuf_1_1__f_signal_input_regs/I (gf180mcu_fd_sc_mcu7t5v0__clkbuf_16)
    10    0.050302    0.205014    0.444288 4001.251953 ^ clkbuf_1_1__f_signal_input_regs/Z (gf180mcu_fd_sc_mcu7t5v0__clkbuf_16)
                                                         clknet_1_1__leaf_signal_input_regs (net)
                      0.205015    0.000909 4001.252930 ^ _4070_/CLK (gf180mcu_fd_sc_mcu7t5v0__dffq_1)
                                  0.000000 4001.252930   clock reconvergence pessimism
                                 -0.608052 4000.645020   library setup time
                                           4000.645020   data required time
---------------------------------------------------------------------------------------------
                                           4000.645020   data required time
                                             -8.856736   data arrival time
---------------------------------------------------------------------------------------------
                                           3991.788330   slack (MET)


Startpoint: _4066_ (rising edge-triggered flip-flop clocked by signal_clock)
Endpoint: _4064_ (rising edge-triggered flip-flop clocked by signal_clock)
Path Group: signal_clock
Path Type: max

Fanout         Cap        Slew       Delay        Time   Description
---------------------------------------------------------------------------------------------
                                  0.000000    0.000000   clock signal_clock (rise edge)
                                  0.000000    0.000000   clock source latency
     2    0.066647    0.000000    0.000000    0.000000 ^ signal_input (in)
                                                         signal_input (net)
                      0.006974    0.002853    0.002853 ^ clkbuf_regs_0_signal_clock/I (gf180mcu_fd_sc_mcu7t5v0__clkbuf_16)
     1    0.023185    0.163039    0.370695    0.373548 ^ clkbuf_regs_0_signal_clock/Z (gf180mcu_fd_sc_mcu7t5v0__clkbuf_16)
                                                         signal_input_regs (net)
                      0.163039    0.000235    0.373783 ^ clkbuf_0_signal_input_regs/I (gf180mcu_fd_sc_mcu7t5v0__clkbuf_16)
     2    0.047688    0.201022    0.433345    0.807128 ^ clkbuf_0_signal_input_regs/Z (gf180mcu_fd_sc_mcu7t5v0__clkbuf_16)
                                                         clknet_0_signal_input_regs (net)
                      0.201022    0.000377    0.807505 ^ clkbuf_1_0__f_signal_input_regs/I (gf180mcu_fd_sc_mcu7t5v0__clkbuf_16)
     8    0.047373    0.200641    0.441176    1.248681 ^ clkbuf_1_0__f_signal_input_regs/Z (gf180mcu_fd_sc_mcu7t5v0__clkbuf_16)
                                                         clknet_1_0__leaf_signal_input_regs (net)
                      0.200641    0.000273    1.248954 ^ _4066_/CLK (gf180mcu_fd_sc_mcu7t5v0__dffq_1)
     4    0.026212    0.806039    1.721168    2.970122 ^ _4066_/Q (gf180mcu_fd_sc_mcu7t5v0__dffq_1)
                                                         tdc_module.measurement_state_machine[2] (net)
                      0.806039    0.000727    2.970849 ^ _1905_/I (gf180mcu_fd_sc_mcu7t5v0__clkinv_1)
     2    0.013779    0.534247    0.458831    3.429680 v _1905_/ZN (gf180mcu_fd_sc_mcu7t5v0__clkinv_1)
                                                         _1725_ (net)
                      0.534247    0.000237    3.429917 v _3381_/C1 (gf180mcu_fd_sc_mcu7t5v0__aoi222_1)
     1    0.008519    1.877540    1.355289    4.785205 ^ _3381_/ZN (gf180mcu_fd_sc_mcu7t5v0__aoi222_1)
                                                         _1412_ (net)
                      1.877540    0.000122    4.785327 ^ _3382_/B (gf180mcu_fd_sc_mcu7t5v0__oai21_1)
     1    0.006745    0.617889    0.407798    5.193126 v _3382_/ZN (gf180mcu_fd_sc_mcu7t5v0__oai21_1)
                                                         _1413_ (net)
                      0.617889    0.000093    5.193219 v _3383_/A4 (gf180mcu_fd_sc_mcu7t5v0__nor4_1)
     1    0.006493    1.319885    1.000031    6.193250 ^ _3383_/ZN (gf180mcu_fd_sc_mcu7t5v0__nor4_1)
                                                         _1414_ (net)
                      1.319885    0.000144    6.193394 ^ _3387_/A3 (gf180mcu_fd_sc_mcu7t5v0__nand4_1)
     2    0.011451    0.909752    0.611293    6.804687 v _3387_/ZN (gf180mcu_fd_sc_mcu7t5v0__nand4_1)
                                                         _1418_ (net)
                      0.909752    0.000161    6.804847 v _3393_/B (gf180mcu_fd_sc_mcu7t5v0__aoi21_1)
     1    0.005300    0.698501    0.627094    7.431941 ^ _3393_/ZN (gf180mcu_fd_sc_mcu7t5v0__aoi21_1)
                                                         _1424_ (net)
                      0.698501    0.000103    7.432045 ^ _3394_/A2 (gf180mcu_fd_sc_mcu7t5v0__nor2_1)
     2    0.011200    0.481975    0.411922    7.843966 v _3394_/ZN (gf180mcu_fd_sc_mcu7t5v0__nor2_1)
                                                         _1425_ (net)
                      0.481975    0.000084    7.844051 v _3396_/A2 (gf180mcu_fd_sc_mcu7t5v0__aoi21_1)
     1    0.006665    0.729944    0.539083    8.383134 ^ _3396_/ZN (gf180mcu_fd_sc_mcu7t5v0__aoi21_1)
                                                         _1426_ (net)
                      0.729944    0.000092    8.383225 ^ _3399_/A2 (gf180mcu_fd_sc_mcu7t5v0__nor3_1)
     1    0.003736    0.885733    0.338270    8.721496 v _3399_/ZN (gf180mcu_fd_sc_mcu7t5v0__nor3_1)
                                                         _0310_ (net)
                      0.885733    0.000043    8.721539 v _4064_/D (gf180mcu_fd_sc_mcu7t5v0__dffq_1)
                                              8.721539   data arrival time

                               4000.000000 4000.000000   clock signal_clock (rise edge)
                                  0.000000 4000.000000   clock source latency
     2    0.066647    0.000000    0.000000 4000.000000 ^ signal_input (in)
                                                         signal_input (net)
                      0.006974    0.002728 4000.002930 ^ clkbuf_regs_0_signal_clock/I (gf180mcu_fd_sc_mcu7t5v0__clkbuf_16)
     1    0.023185    0.163039    0.370619 4000.373535 ^ clkbuf_regs_0_signal_clock/Z (gf180mcu_fd_sc_mcu7t5v0__clkbuf_16)
                                                         signal_input_regs (net)
                      0.163039    0.000455 4000.374023 ^ clkbuf_0_signal_input_regs/I (gf180mcu_fd_sc_mcu7t5v0__clkbuf_16)
     2    0.047688    0.201022    0.433374 4000.807373 ^ clkbuf_0_signal_input_regs/Z (gf180mcu_fd_sc_mcu7t5v0__clkbuf_16)
                                                         clknet_0_signal_input_regs (net)
                      0.201022    0.000455 4000.807617 ^ clkbuf_1_0__f_signal_input_regs/I (gf180mcu_fd_sc_mcu7t5v0__clkbuf_16)
     8    0.047373    0.200641    0.441105 4001.248779 ^ clkbuf_1_0__f_signal_input_regs/Z (gf180mcu_fd_sc_mcu7t5v0__clkbuf_16)
                                                         clknet_1_0__leaf_signal_input_regs (net)
                      0.200641    0.000455 4001.249268 ^ _4064_/CLK (gf180mcu_fd_sc_mcu7t5v0__dffq_1)
                                  0.000000 4001.249268   clock reconvergence pessimism
                                 -0.690901 4000.558594   library setup time
                                           4000.558594   data required time
---------------------------------------------------------------------------------------------
                                           4000.558594   data required time
                                             -8.721539   data arrival time
---------------------------------------------------------------------------------------------
                                           3991.836914   slack (MET)


Startpoint: _4066_ (rising edge-triggered flip-flop clocked by signal_clock)
Endpoint: _4063_ (rising edge-triggered flip-flop clocked by signal_clock)
Path Group: signal_clock
Path Type: max

Fanout         Cap        Slew       Delay        Time   Description
---------------------------------------------------------------------------------------------
                                  0.000000    0.000000   clock signal_clock (rise edge)
                                  0.000000    0.000000   clock source latency
     2    0.066647    0.000000    0.000000    0.000000 ^ signal_input (in)
                                                         signal_input (net)
                      0.006974    0.002853    0.002853 ^ clkbuf_regs_0_signal_clock/I (gf180mcu_fd_sc_mcu7t5v0__clkbuf_16)
     1    0.023185    0.163039    0.370695    0.373548 ^ clkbuf_regs_0_signal_clock/Z (gf180mcu_fd_sc_mcu7t5v0__clkbuf_16)
                                                         signal_input_regs (net)
                      0.163039    0.000235    0.373783 ^ clkbuf_0_signal_input_regs/I (gf180mcu_fd_sc_mcu7t5v0__clkbuf_16)
     2    0.047688    0.201022    0.433345    0.807128 ^ clkbuf_0_signal_input_regs/Z (gf180mcu_fd_sc_mcu7t5v0__clkbuf_16)
                                                         clknet_0_signal_input_regs (net)
                      0.201022    0.000377    0.807505 ^ clkbuf_1_0__f_signal_input_regs/I (gf180mcu_fd_sc_mcu7t5v0__clkbuf_16)
     8    0.047373    0.200641    0.441176    1.248681 ^ clkbuf_1_0__f_signal_input_regs/Z (gf180mcu_fd_sc_mcu7t5v0__clkbuf_16)
                                                         clknet_1_0__leaf_signal_input_regs (net)
                      0.200641    0.000273    1.248954 ^ _4066_/CLK (gf180mcu_fd_sc_mcu7t5v0__dffq_1)
     4    0.026212    0.806039    1.721168    2.970122 ^ _4066_/Q (gf180mcu_fd_sc_mcu7t5v0__dffq_1)
                                                         tdc_module.measurement_state_machine[2] (net)
                      0.806039    0.000727    2.970849 ^ _1905_/I (gf180mcu_fd_sc_mcu7t5v0__clkinv_1)
     2    0.013779    0.534247    0.458831    3.429680 v _1905_/ZN (gf180mcu_fd_sc_mcu7t5v0__clkinv_1)
                                                         _1725_ (net)
                      0.534247    0.000237    3.429917 v _3381_/C1 (gf180mcu_fd_sc_mcu7t5v0__aoi222_1)
     1    0.008519    1.877540    1.355289    4.785205 ^ _3381_/ZN (gf180mcu_fd_sc_mcu7t5v0__aoi222_1)
                                                         _1412_ (net)
                      1.877540    0.000122    4.785327 ^ _3382_/B (gf180mcu_fd_sc_mcu7t5v0__oai21_1)
     1    0.006745    0.617889    0.407798    5.193126 v _3382_/ZN (gf180mcu_fd_sc_mcu7t5v0__oai21_1)
                                                         _1413_ (net)
                      0.617889    0.000093    5.193219 v _3383_/A4 (gf180mcu_fd_sc_mcu7t5v0__nor4_1)
     1    0.006493    1.319885    1.000031    6.193250 ^ _3383_/ZN (gf180mcu_fd_sc_mcu7t5v0__nor4_1)
                                                         _1414_ (net)
                      1.319885    0.000144    6.193394 ^ _3387_/A3 (gf180mcu_fd_sc_mcu7t5v0__nand4_1)
     2    0.011451    0.909752    0.611293    6.804687 v _3387_/ZN (gf180mcu_fd_sc_mcu7t5v0__nand4_1)
                                                         _1418_ (net)
                      0.909752    0.000161    6.804847 v _3393_/B (gf180mcu_fd_sc_mcu7t5v0__aoi21_1)
     1    0.005300    0.698501    0.627094    7.431941 ^ _3393_/ZN (gf180mcu_fd_sc_mcu7t5v0__aoi21_1)
                                                         _1424_ (net)
                      0.698501    0.000103    7.432045 ^ _3394_/A2 (gf180mcu_fd_sc_mcu7t5v0__nor2_1)
     2    0.011200    0.481975    0.411922    7.843966 v _3394_/ZN (gf180mcu_fd_sc_mcu7t5v0__nor2_1)
                                                         _1425_ (net)
                      0.481975    0.000106    7.844072 v _3395_/A2 (gf180mcu_fd_sc_mcu7t5v0__nor2_1)
     1    0.003269    0.697043    0.363118    8.207190 ^ _3395_/ZN (gf180mcu_fd_sc_mcu7t5v0__nor2_1)
                                                         _0309_ (net)
                      0.697043    0.000035    8.207225 ^ _4063_/D (gf180mcu_fd_sc_mcu7t5v0__dffq_1)
                                              8.207225   data arrival time

                               4000.000000 4000.000000   clock signal_clock (rise edge)
                                  0.000000 4000.000000   clock source latency
     2    0.066647    0.000000    0.000000 4000.000000 ^ signal_input (in)
                                                         signal_input (net)
                      0.006974    0.002728 4000.002930 ^ clkbuf_regs_0_signal_clock/I (gf180mcu_fd_sc_mcu7t5v0__clkbuf_16)
     1    0.023185    0.163039    0.370619 4000.373535 ^ clkbuf_regs_0_signal_clock/Z (gf180mcu_fd_sc_mcu7t5v0__clkbuf_16)
                                                         signal_input_regs (net)
                      0.163039    0.000455 4000.374023 ^ clkbuf_0_signal_input_regs/I (gf180mcu_fd_sc_mcu7t5v0__clkbuf_16)
     2    0.047688    0.201022    0.433374 4000.807373 ^ clkbuf_0_signal_input_regs/Z (gf180mcu_fd_sc_mcu7t5v0__clkbuf_16)
                                                         clknet_0_signal_input_regs (net)
                      0.201022    0.000455 4000.807617 ^ clkbuf_1_0__f_signal_input_regs/I (gf180mcu_fd_sc_mcu7t5v0__clkbuf_16)
     8    0.047373    0.200641    0.441105 4001.248779 ^ clkbuf_1_0__f_signal_input_regs/Z (gf180mcu_fd_sc_mcu7t5v0__clkbuf_16)
                                                         clknet_1_0__leaf_signal_input_regs (net)
                      0.200641    0.000455 4001.249268 ^ _4063_/CLK (gf180mcu_fd_sc_mcu7t5v0__dffq_1)
                                  0.000000 4001.249268   clock reconvergence pessimism
                                 -0.514211 4000.734863   library setup time
                                           4000.734863   data required time
---------------------------------------------------------------------------------------------
                                           4000.734863   data required time
                                             -8.207225   data arrival time
---------------------------------------------------------------------------------------------
                                           3992.527588   slack (MET)



