+ define_corners min_ff_n40C_5v50
Reading timing models for corner min_ff_n40C_5v50…
Reading cell library for the 'min_ff_n40C_5v50' corner at '/foss/pdks/gf180mcuD/libs.ref/gf180mcu_fd_sc_mcu7t5v0/lib/gf180mcu_fd_sc_mcu7t5v0__ff_n40C_5v50.lib'…
Reading top-level netlist at '/foss/designs/acoustic-ranger-dvl-processor/layout/digital/i2c_wb_master/runs/RUN_2026-08-31_15-54-07/52-openroad-fillinsertion/i2c_controller.nl.v'…
Linking design 'i2c_controller' from netlist…
Reading design constraints file at '/foss/designs/acoustic-ranger-dvl-processor/layout/digital/i2c_wb_master/constraint.sdc'…
[INFO] No information on clock propagation in input SDC file-- propagating all clocks.
Reading top-level design parasitics for the 'min_ff_n40C_5v50' corner at '/foss/designs/acoustic-ranger-dvl-processor/layout/digital/i2c_wb_master/runs/RUN_2026-08-31_15-54-07/54-openroad-rcx/min/i2c_controller.min.spef'…
%OL_CREATE_REPORT min.rpt

===========================================================================
report_checks -path_delay min (Hold)
============================================================================
======================= min_ff_n40C_5v50 Corner ===================================

Startpoint: _841_ (rising edge-triggered flip-flop clocked by system_clock)
Endpoint: _841_ (rising edge-triggered flip-flop clocked by system_clock)
Path Group: system_clock
Path Type: min

Fanout         Cap        Slew       Delay        Time   Description
---------------------------------------------------------------------------------------------
                                  0.000000    0.000000   clock system_clock (rise edge)
                                  0.000000    0.000000   clock source latency
     1    0.036579    0.000000    0.000000    0.000000 ^ CLK_I (in)
                                                         CLK_I (net)
                      0.003417    0.001398    0.001398 ^ clkbuf_0_CLK_I/I (gf180mcu_fd_sc_mcu7t5v0__clkbuf_16)
     8    0.208985    0.167533    0.209877    0.211275 ^ clkbuf_0_CLK_I/Z (gf180mcu_fd_sc_mcu7t5v0__clkbuf_16)
                                                         clknet_0_CLK_I (net)
                      0.167587    0.003837    0.215112 ^ clkbuf_3_2__f_CLK_I/I (gf180mcu_fd_sc_mcu7t5v0__clkbuf_16)
    14    0.060187    0.080307    0.182842    0.397954 ^ clkbuf_3_2__f_CLK_I/Z (gf180mcu_fd_sc_mcu7t5v0__clkbuf_16)
                                                         clknet_3_2__leaf_CLK_I (net)
                      0.080309    0.000798    0.398752 ^ _841_/CLK (gf180mcu_fd_sc_mcu7t5v0__dffq_1)
     4    0.020293    0.161322    0.478267    0.877019 v _841_/Q (gf180mcu_fd_sc_mcu7t5v0__dffq_1)
                                                         address_data_buffer_internal[5] (net)
                      0.161322    0.000123    0.877142 v _768_/I0 (gf180mcu_fd_sc_mcu7t5v0__mux2_2)
     1    0.003077    0.070368    0.225285    1.102427 v _768_/Z (gf180mcu_fd_sc_mcu7t5v0__mux2_2)
                                                         _054_ (net)
                      0.070368    0.000056    1.102482 v _841_/D (gf180mcu_fd_sc_mcu7t5v0__dffq_1)
                                              1.102482   data arrival time

                                  0.000000    0.000000   clock system_clock (rise edge)
                                  0.000000    0.000000   clock source latency
     1    0.036579    0.000000    0.000000    0.000000 ^ CLK_I (in)
                                                         CLK_I (net)
                      0.003417    0.001398    0.001398 ^ clkbuf_0_CLK_I/I (gf180mcu_fd_sc_mcu7t5v0__clkbuf_16)
     8    0.208985    0.167533    0.209877    0.211275 ^ clkbuf_0_CLK_I/Z (gf180mcu_fd_sc_mcu7t5v0__clkbuf_16)
                                                         clknet_0_CLK_I (net)
                      0.167587    0.003837    0.215112 ^ clkbuf_3_2__f_CLK_I/I (gf180mcu_fd_sc_mcu7t5v0__clkbuf_16)
    14    0.060187    0.080307    0.182842    0.397954 ^ clkbuf_3_2__f_CLK_I/Z (gf180mcu_fd_sc_mcu7t5v0__clkbuf_16)
                                                         clknet_3_2__leaf_CLK_I (net)
                      0.080309    0.000798    0.398752 ^ _841_/CLK (gf180mcu_fd_sc_mcu7t5v0__dffq_1)
                                  0.500000    0.898752   clock uncertainty
                                  0.000000    0.898752   clock reconvergence pessimism
                                  0.065157    0.963909   library hold time
                                              0.963909   data required time
---------------------------------------------------------------------------------------------
                                              0.963909   data required time
                                             -1.102482   data arrival time
---------------------------------------------------------------------------------------------
                                              0.138573   slack (MET)


Startpoint: _841_ (rising edge-triggered flip-flop clocked by system_clock)
Endpoint: _842_ (rising edge-triggered flip-flop clocked by system_clock)
Path Group: system_clock
Path Type: min

Fanout         Cap        Slew       Delay        Time   Description
---------------------------------------------------------------------------------------------
                                  0.000000    0.000000   clock system_clock (rise edge)
                                  0.000000    0.000000   clock source latency
     1    0.036579    0.000000    0.000000    0.000000 ^ CLK_I (in)
                                                         CLK_I (net)
                      0.003417    0.001398    0.001398 ^ clkbuf_0_CLK_I/I (gf180mcu_fd_sc_mcu7t5v0__clkbuf_16)
     8    0.208985    0.167533    0.209877    0.211275 ^ clkbuf_0_CLK_I/Z (gf180mcu_fd_sc_mcu7t5v0__clkbuf_16)
                                                         clknet_0_CLK_I (net)
                      0.167587    0.003837    0.215112 ^ clkbuf_3_2__f_CLK_I/I (gf180mcu_fd_sc_mcu7t5v0__clkbuf_16)
    14    0.060187    0.080307    0.182842    0.397954 ^ clkbuf_3_2__f_CLK_I/Z (gf180mcu_fd_sc_mcu7t5v0__clkbuf_16)
                                                         clknet_3_2__leaf_CLK_I (net)
                      0.080309    0.000798    0.398752 ^ _841_/CLK (gf180mcu_fd_sc_mcu7t5v0__dffq_1)
     4    0.020293    0.161322    0.478267    0.877019 v _841_/Q (gf180mcu_fd_sc_mcu7t5v0__dffq_1)
                                                         address_data_buffer_internal[5] (net)
                      0.161322    0.000148    0.877167 v _769_/I1 (gf180mcu_fd_sc_mcu7t5v0__mux2_2)
     1    0.002761    0.068862    0.226216    1.103384 v _769_/Z (gf180mcu_fd_sc_mcu7t5v0__mux2_2)
                                                         _055_ (net)
                      0.068862    0.000026    1.103410 v _842_/D (gf180mcu_fd_sc_mcu7t5v0__dffq_1)
                                              1.103410   data arrival time

                                  0.000000    0.000000   clock system_clock (rise edge)
                                  0.000000    0.000000   clock source latency
     1    0.036579    0.000000    0.000000    0.000000 ^ CLK_I (in)
                                                         CLK_I (net)
                      0.003417    0.001398    0.001398 ^ clkbuf_0_CLK_I/I (gf180mcu_fd_sc_mcu7t5v0__clkbuf_16)
     8    0.208985    0.167533    0.209877    0.211275 ^ clkbuf_0_CLK_I/Z (gf180mcu_fd_sc_mcu7t5v0__clkbuf_16)
                                                         clknet_0_CLK_I (net)
                      0.167587    0.003837    0.215112 ^ clkbuf_3_2__f_CLK_I/I (gf180mcu_fd_sc_mcu7t5v0__clkbuf_16)
    14    0.060187    0.080307    0.182842    0.397954 ^ clkbuf_3_2__f_CLK_I/Z (gf180mcu_fd_sc_mcu7t5v0__clkbuf_16)
                                                         clknet_3_2__leaf_CLK_I (net)
                      0.080309    0.000732    0.398687 ^ _842_/CLK (gf180mcu_fd_sc_mcu7t5v0__dffq_1)
                                  0.500000    0.898687   clock uncertainty
                                  0.000000    0.898687   clock reconvergence pessimism
                                  0.065517    0.964204   library hold time
                                              0.964204   data required time
---------------------------------------------------------------------------------------------
                                              0.964204   data required time
                                             -1.103410   data arrival time
---------------------------------------------------------------------------------------------
                                              0.139206   slack (MET)


Startpoint: _852_ (rising edge-triggered flip-flop clocked by system_clock)
Endpoint: _852_ (rising edge-triggered flip-flop clocked by system_clock)
Path Group: system_clock
Path Type: min

Fanout         Cap        Slew       Delay        Time   Description
---------------------------------------------------------------------------------------------
                                  0.000000    0.000000   clock system_clock (rise edge)
                                  0.000000    0.000000   clock source latency
     1    0.036579    0.000000    0.000000    0.000000 ^ CLK_I (in)
                                                         CLK_I (net)
                      0.003417    0.001398    0.001398 ^ clkbuf_0_CLK_I/I (gf180mcu_fd_sc_mcu7t5v0__clkbuf_16)
     8    0.208985    0.167533    0.209877    0.211275 ^ clkbuf_0_CLK_I/Z (gf180mcu_fd_sc_mcu7t5v0__clkbuf_16)
                                                         clknet_0_CLK_I (net)
                      0.167554    0.002825    0.214099 ^ clkbuf_3_5__f_CLK_I/I (gf180mcu_fd_sc_mcu7t5v0__clkbuf_16)
    11    0.066350    0.083759    0.185653    0.399752 ^ clkbuf_3_5__f_CLK_I/Z (gf180mcu_fd_sc_mcu7t5v0__clkbuf_16)
                                                         clknet_3_5__leaf_CLK_I (net)
                      0.083760    0.000624    0.400376 ^ _852_/CLK (gf180mcu_fd_sc_mcu7t5v0__dffq_1)
     2    0.011932    0.113584    0.442446    0.842823 v _852_/Q (gf180mcu_fd_sc_mcu7t5v0__dffq_1)
                                                         net17 (net)
                      0.113584    0.000197    0.843020 v _784_/B2 (gf180mcu_fd_sc_mcu7t5v0__aoi22_1)
     1    0.007116    0.184583    0.168307    1.011327 ^ _784_/ZN (gf180mcu_fd_sc_mcu7t5v0__aoi22_1)
                                                         _391_ (net)
                      0.184583    0.000164    1.011491 ^ _785_/A2 (gf180mcu_fd_sc_mcu7t5v0__nor2_1)
     1    0.003265    0.107386    0.086264    1.097755 v _785_/ZN (gf180mcu_fd_sc_mcu7t5v0__nor2_1)
                                                         _065_ (net)
                      0.107386    0.000033    1.097788 v _852_/D (gf180mcu_fd_sc_mcu7t5v0__dffq_1)
                                              1.097788   data arrival time

                                  0.000000    0.000000   clock system_clock (rise edge)
                                  0.000000    0.000000   clock source latency
     1    0.036579    0.000000    0.000000    0.000000 ^ CLK_I (in)
                                                         CLK_I (net)
                      0.003417    0.001398    0.001398 ^ clkbuf_0_CLK_I/I (gf180mcu_fd_sc_mcu7t5v0__clkbuf_16)
     8    0.208985    0.167533    0.209877    0.211275 ^ clkbuf_0_CLK_I/Z (gf180mcu_fd_sc_mcu7t5v0__clkbuf_16)
                                                         clknet_0_CLK_I (net)
                      0.167554    0.002825    0.214099 ^ clkbuf_3_5__f_CLK_I/I (gf180mcu_fd_sc_mcu7t5v0__clkbuf_16)
    11    0.066350    0.083759    0.185653    0.399752 ^ clkbuf_3_5__f_CLK_I/Z (gf180mcu_fd_sc_mcu7t5v0__clkbuf_16)
                                                         clknet_3_5__leaf_CLK_I (net)
                      0.083760    0.000624    0.400376 ^ _852_/CLK (gf180mcu_fd_sc_mcu7t5v0__dffq_1)
                                  0.500000    0.900376   clock uncertainty
                                  0.000000    0.900376   clock reconvergence pessimism
                                  0.056359    0.956735   library hold time
                                              0.956735   data required time
---------------------------------------------------------------------------------------------
                                              0.956735   data required time
                                             -1.097788   data arrival time
---------------------------------------------------------------------------------------------
                                              0.141053   slack (MET)


Startpoint: _842_ (rising edge-triggered flip-flop clocked by system_clock)
Endpoint: _843_ (rising edge-triggered flip-flop clocked by system_clock)
Path Group: system_clock
Path Type: min

Fanout         Cap        Slew       Delay        Time   Description
---------------------------------------------------------------------------------------------
                                  0.000000    0.000000   clock system_clock (rise edge)
                                  0.000000    0.000000   clock source latency
     1    0.036579    0.000000    0.000000    0.000000 ^ CLK_I (in)
                                                         CLK_I (net)
                      0.003417    0.001398    0.001398 ^ clkbuf_0_CLK_I/I (gf180mcu_fd_sc_mcu7t5v0__clkbuf_16)
     8    0.208985    0.167533    0.209877    0.211275 ^ clkbuf_0_CLK_I/Z (gf180mcu_fd_sc_mcu7t5v0__clkbuf_16)
                                                         clknet_0_CLK_I (net)
                      0.167587    0.003837    0.215112 ^ clkbuf_3_2__f_CLK_I/I (gf180mcu_fd_sc_mcu7t5v0__clkbuf_16)
    14    0.060187    0.080307    0.182842    0.397954 ^ clkbuf_3_2__f_CLK_I/Z (gf180mcu_fd_sc_mcu7t5v0__clkbuf_16)
                                                         clknet_3_2__leaf_CLK_I (net)
                      0.080309    0.000732    0.398687 ^ _842_/CLK (gf180mcu_fd_sc_mcu7t5v0__dffq_1)
     4    0.021514    0.168456    0.483131    0.881817 v _842_/Q (gf180mcu_fd_sc_mcu7t5v0__dffq_1)
                                                         address_data_buffer_internal[6] (net)
                      0.168457    0.000307    0.882124 v _770_/I1 (gf180mcu_fd_sc_mcu7t5v0__mux2_2)
     1    0.004364    0.076685    0.234847    1.116971 v _770_/Z (gf180mcu_fd_sc_mcu7t5v0__mux2_2)
                                                         _056_ (net)
                      0.076685    0.000085    1.117056 v _843_/D (gf180mcu_fd_sc_mcu7t5v0__dffq_1)
                                              1.117056   data arrival time

                                  0.000000    0.000000   clock system_clock (rise edge)
                                  0.000000    0.000000   clock source latency
     1    0.036579    0.000000    0.000000    0.000000 ^ CLK_I (in)
                                                         CLK_I (net)
                      0.003417    0.001398    0.001398 ^ clkbuf_0_CLK_I/I (gf180mcu_fd_sc_mcu7t5v0__clkbuf_16)
     8    0.208985    0.167533    0.209877    0.211275 ^ clkbuf_0_CLK_I/Z (gf180mcu_fd_sc_mcu7t5v0__clkbuf_16)
                                                         clknet_0_CLK_I (net)
                      0.167574    0.003551    0.214826 ^ clkbuf_3_3__f_CLK_I/I (gf180mcu_fd_sc_mcu7t5v0__clkbuf_16)
    10    0.068751    0.085081    0.186654    0.401480 ^ clkbuf_3_3__f_CLK_I/Z (gf180mcu_fd_sc_mcu7t5v0__clkbuf_16)
                                                         clknet_3_3__leaf_CLK_I (net)
                      0.085084    0.000806    0.402287 ^ _843_/CLK (gf180mcu_fd_sc_mcu7t5v0__dffq_1)
                                  0.500000    0.902286   clock uncertainty
                                  0.000000    0.902286   clock reconvergence pessimism
                                  0.064491    0.966777   library hold time
                                              0.966777   data required time
---------------------------------------------------------------------------------------------
                                              0.966777   data required time
                                             -1.117056   data arrival time
---------------------------------------------------------------------------------------------
                                              0.150279   slack (MET)


Startpoint: _872_ (rising edge-triggered flip-flop clocked by system_clock)
Endpoint: _872_ (rising edge-triggered flip-flop clocked by system_clock)
Path Group: system_clock
Path Type: min

Fanout         Cap        Slew       Delay        Time   Description
---------------------------------------------------------------------------------------------
                                  0.000000    0.000000   clock system_clock (rise edge)
                                  0.000000    0.000000   clock source latency
     1    0.036579    0.000000    0.000000    0.000000 ^ CLK_I (in)
                                                         CLK_I (net)
                      0.003417    0.001398    0.001398 ^ clkbuf_0_CLK_I/I (gf180mcu_fd_sc_mcu7t5v0__clkbuf_16)
     8    0.208985    0.167533    0.209877    0.211275 ^ clkbuf_0_CLK_I/Z (gf180mcu_fd_sc_mcu7t5v0__clkbuf_16)
                                                         clknet_0_CLK_I (net)
                      0.167622    0.004454    0.215728 ^ clkbuf_3_6__f_CLK_I/I (gf180mcu_fd_sc_mcu7t5v0__clkbuf_16)
    13    0.063776    0.082341    0.184597    0.400325 ^ clkbuf_3_6__f_CLK_I/Z (gf180mcu_fd_sc_mcu7t5v0__clkbuf_16)
                                                         clknet_3_6__leaf_CLK_I (net)
                      0.082342    0.000514    0.400839 ^ _872_/CLK (gf180mcu_fd_sc_mcu7t5v0__dffq_1)
     4    0.024674    0.187124    0.496207    0.897046 v _872_/Q (gf180mcu_fd_sc_mcu7t5v0__dffq_1)
                                                         addr_set_register[6] (net)
                      0.187129    0.000572    0.897618 v _463_/A1 (gf180mcu_fd_sc_mcu7t5v0__oai21_1)
     1    0.004729    0.177524    0.153081    1.050699 ^ _463_/ZN (gf180mcu_fd_sc_mcu7t5v0__oai21_1)
                                                         _129_ (net)
                      0.177524    0.000045    1.050744 ^ _465_/A1 (gf180mcu_fd_sc_mcu7t5v0__nor2_1)
     1    0.002908    0.081745    0.065105    1.115850 v _465_/ZN (gf180mcu_fd_sc_mcu7t5v0__nor2_1)
                                                         _006_ (net)
                      0.081745    0.000029    1.115878 v _872_/D (gf180mcu_fd_sc_mcu7t5v0__dffq_1)
                                              1.115878   data arrival time

                                  0.000000    0.000000   clock system_clock (rise edge)
                                  0.000000    0.000000   clock source latency
     1    0.036579    0.000000    0.000000    0.000000 ^ CLK_I (in)
                                                         CLK_I (net)
                      0.003417    0.001398    0.001398 ^ clkbuf_0_CLK_I/I (gf180mcu_fd_sc_mcu7t5v0__clkbuf_16)
     8    0.208985    0.167533    0.209877    0.211275 ^ clkbuf_0_CLK_I/Z (gf180mcu_fd_sc_mcu7t5v0__clkbuf_16)
                                                         clknet_0_CLK_I (net)
                      0.167622    0.004454    0.215728 ^ clkbuf_3_6__f_CLK_I/I (gf180mcu_fd_sc_mcu7t5v0__clkbuf_16)
    13    0.063776    0.082341    0.184597    0.400325 ^ clkbuf_3_6__f_CLK_I/Z (gf180mcu_fd_sc_mcu7t5v0__clkbuf_16)
                                                         clknet_3_6__leaf_CLK_I (net)
                      0.082342    0.000514    0.400839 ^ _872_/CLK (gf180mcu_fd_sc_mcu7t5v0__dffq_1)
                                  0.500000    0.900839   clock uncertainty
                                  0.000000    0.900839   clock reconvergence pessimism
                                  0.062786    0.963625   library hold time
                                              0.963625   data required time
---------------------------------------------------------------------------------------------
                                              0.963625   data required time
                                             -1.115878   data arrival time
---------------------------------------------------------------------------------------------
                                              0.152253   slack (MET)


Startpoint: _869_ (rising edge-triggered flip-flop clocked by system_clock)
Endpoint: _869_ (rising edge-triggered flip-flop clocked by system_clock)
Path Group: system_clock
Path Type: min

Fanout         Cap        Slew       Delay        Time   Description
---------------------------------------------------------------------------------------------
                                  0.000000    0.000000   clock system_clock (rise edge)
                                  0.000000    0.000000   clock source latency
     1    0.036579    0.000000    0.000000    0.000000 ^ CLK_I (in)
                                                         CLK_I (net)
                      0.003417    0.001398    0.001398 ^ clkbuf_0_CLK_I/I (gf180mcu_fd_sc_mcu7t5v0__clkbuf_16)
     8    0.208985    0.167533    0.209877    0.211275 ^ clkbuf_0_CLK_I/Z (gf180mcu_fd_sc_mcu7t5v0__clkbuf_16)
                                                         clknet_0_CLK_I (net)
                      0.167574    0.003551    0.214826 ^ clkbuf_3_3__f_CLK_I/I (gf180mcu_fd_sc_mcu7t5v0__clkbuf_16)
    10    0.068751    0.085081    0.186654    0.401480 ^ clkbuf_3_3__f_CLK_I/Z (gf180mcu_fd_sc_mcu7t5v0__clkbuf_16)
                                                         clknet_3_3__leaf_CLK_I (net)
                      0.085082    0.000530    0.402010 ^ _869_/CLK (gf180mcu_fd_sc_mcu7t5v0__dffq_1)
     4    0.023774    0.181847    0.493203    0.895213 v _869_/Q (gf180mcu_fd_sc_mcu7t5v0__dffq_1)
                                                         addr_set_register[3] (net)
                      0.181848    0.000352    0.895566 v _455_/A2 (gf180mcu_fd_sc_mcu7t5v0__nand2_1)
     1    0.005502    0.140335    0.130721    1.026287 ^ _455_/ZN (gf180mcu_fd_sc_mcu7t5v0__nand2_1)
                                                         _124_ (net)
                      0.140335    0.000059    1.026346 ^ _457_/A2 (gf180mcu_fd_sc_mcu7t5v0__nand3_1)
     1    0.003110    0.108979    0.086292    1.112638 v _457_/ZN (gf180mcu_fd_sc_mcu7t5v0__nand3_1)
                                                         _003_ (net)
                      0.108979    0.000031    1.112669 v _869_/D (gf180mcu_fd_sc_mcu7t5v0__dffq_1)
                                              1.112669   data arrival time

                                  0.000000    0.000000   clock system_clock (rise edge)
                                  0.000000    0.000000   clock source latency
     1    0.036579    0.000000    0.000000    0.000000 ^ CLK_I (in)
                                                         CLK_I (net)
                      0.003417    0.001398    0.001398 ^ clkbuf_0_CLK_I/I (gf180mcu_fd_sc_mcu7t5v0__clkbuf_16)
     8    0.208985    0.167533    0.209877    0.211275 ^ clkbuf_0_CLK_I/Z (gf180mcu_fd_sc_mcu7t5v0__clkbuf_16)
                                                         clknet_0_CLK_I (net)
                      0.167574    0.003551    0.214826 ^ clkbuf_3_3__f_CLK_I/I (gf180mcu_fd_sc_mcu7t5v0__clkbuf_16)
    10    0.068751    0.085081    0.186654    0.401480 ^ clkbuf_3_3__f_CLK_I/Z (gf180mcu_fd_sc_mcu7t5v0__clkbuf_16)
                                                         clknet_3_3__leaf_CLK_I (net)
                      0.085082    0.000530    0.402010 ^ _869_/CLK (gf180mcu_fd_sc_mcu7t5v0__dffq_1)
                                  0.500000    0.902010   clock uncertainty
                                  0.000000    0.902010   clock reconvergence pessimism
                                  0.056076    0.958086   library hold time
                                              0.958086   data required time
---------------------------------------------------------------------------------------------
                                              0.958086   data required time
                                             -1.112669   data arrival time
---------------------------------------------------------------------------------------------
                                              0.154583   slack (MET)


Startpoint: _889_ (rising edge-triggered flip-flop clocked by system_clock)
Endpoint: _889_ (rising edge-triggered flip-flop clocked by system_clock)
Path Group: system_clock
Path Type: min

Fanout         Cap        Slew       Delay        Time   Description
---------------------------------------------------------------------------------------------
                                  0.000000    0.000000   clock system_clock (rise edge)
                                  0.000000    0.000000   clock source latency
     1    0.036579    0.000000    0.000000    0.000000 ^ CLK_I (in)
                                                         CLK_I (net)
                      0.003417    0.001398    0.001398 ^ clkbuf_0_CLK_I/I (gf180mcu_fd_sc_mcu7t5v0__clkbuf_16)
     8    0.208985    0.167533    0.209877    0.211275 ^ clkbuf_0_CLK_I/Z (gf180mcu_fd_sc_mcu7t5v0__clkbuf_16)
                                                         clknet_0_CLK_I (net)
                      0.167554    0.002825    0.214099 ^ clkbuf_3_5__f_CLK_I/I (gf180mcu_fd_sc_mcu7t5v0__clkbuf_16)
    11    0.066350    0.083759    0.185653    0.399752 ^ clkbuf_3_5__f_CLK_I/Z (gf180mcu_fd_sc_mcu7t5v0__clkbuf_16)
                                                         clknet_3_5__leaf_CLK_I (net)
                      0.083760    0.000578    0.400330 ^ _889_/CLK (gf180mcu_fd_sc_mcu7t5v0__dffq_1)
     4    0.026921    0.200553    0.505741    0.906071 v _889_/Q (gf180mcu_fd_sc_mcu7t5v0__dffq_1)
                                                         addr_pointer_register_internal[7] (net)
                      0.200554    0.000379    0.906450 v _588_/A1 (gf180mcu_fd_sc_mcu7t5v0__nor2_1)
     1    0.004900    0.169067    0.146692    1.053142 ^ _588_/ZN (gf180mcu_fd_sc_mcu7t5v0__nor2_1)
                                                         _237_ (net)
                      0.169067    0.000048    1.053190 ^ _591_/A1 (gf180mcu_fd_sc_mcu7t5v0__nor2_1)
     1    0.002989    0.080359    0.065176    1.118367 v _591_/ZN (gf180mcu_fd_sc_mcu7t5v0__nor2_1)
                                                         _023_ (net)
                      0.080359    0.000029    1.118396 v _889_/D (gf180mcu_fd_sc_mcu7t5v0__dffq_1)
                                              1.118396   data arrival time

                                  0.000000    0.000000   clock system_clock (rise edge)
                                  0.000000    0.000000   clock source latency
     1    0.036579    0.000000    0.000000    0.000000 ^ CLK_I (in)
                                                         CLK_I (net)
                      0.003417    0.001398    0.001398 ^ clkbuf_0_CLK_I/I (gf180mcu_fd_sc_mcu7t5v0__clkbuf_16)
     8    0.208985    0.167533    0.209877    0.211275 ^ clkbuf_0_CLK_I/Z (gf180mcu_fd_sc_mcu7t5v0__clkbuf_16)
                                                         clknet_0_CLK_I (net)
                      0.167554    0.002825    0.214099 ^ clkbuf_3_5__f_CLK_I/I (gf180mcu_fd_sc_mcu7t5v0__clkbuf_16)
    11    0.066350    0.083759    0.185653    0.399752 ^ clkbuf_3_5__f_CLK_I/Z (gf180mcu_fd_sc_mcu7t5v0__clkbuf_16)
                                                         clknet_3_5__leaf_CLK_I (net)
                      0.083760    0.000578    0.400330 ^ _889_/CLK (gf180mcu_fd_sc_mcu7t5v0__dffq_1)
                                  0.500000    0.900330   clock uncertainty
                                  0.000000    0.900330   clock reconvergence pessimism
                                  0.063366    0.963696   library hold time
                                              0.963696   data required time
---------------------------------------------------------------------------------------------
                                              0.963696   data required time
                                             -1.118396   data arrival time
---------------------------------------------------------------------------------------------
                                              0.154700   slack (MET)


Startpoint: _854_ (rising edge-triggered flip-flop clocked by system_clock)
Endpoint: _854_ (rising edge-triggered flip-flop clocked by system_clock)
Path Group: system_clock
Path Type: min

Fanout         Cap        Slew       Delay        Time   Description
---------------------------------------------------------------------------------------------
                                  0.000000    0.000000   clock system_clock (rise edge)
                                  0.000000    0.000000   clock source latency
     1    0.036579    0.000000    0.000000    0.000000 ^ CLK_I (in)
                                                         CLK_I (net)
                      0.003417    0.001398    0.001398 ^ clkbuf_0_CLK_I/I (gf180mcu_fd_sc_mcu7t5v0__clkbuf_16)
     8    0.208985    0.167533    0.209877    0.211275 ^ clkbuf_0_CLK_I/Z (gf180mcu_fd_sc_mcu7t5v0__clkbuf_16)
                                                         clknet_0_CLK_I (net)
                      0.167554    0.002825    0.214099 ^ clkbuf_3_5__f_CLK_I/I (gf180mcu_fd_sc_mcu7t5v0__clkbuf_16)
    11    0.066350    0.083759    0.185653    0.399752 ^ clkbuf_3_5__f_CLK_I/Z (gf180mcu_fd_sc_mcu7t5v0__clkbuf_16)
                                                         clknet_3_5__leaf_CLK_I (net)
                      0.083760    0.000508    0.400260 ^ _854_/CLK (gf180mcu_fd_sc_mcu7t5v0__dffq_1)
     2    0.012187    0.115057    0.443566    0.843827 v _854_/Q (gf180mcu_fd_sc_mcu7t5v0__dffq_1)
                                                         net19 (net)
                      0.115057    0.000216    0.844043 v _788_/B2 (gf180mcu_fd_sc_mcu7t5v0__aoi22_1)
     1    0.006046    0.152891    0.160038    1.004081 ^ _788_/ZN (gf180mcu_fd_sc_mcu7t5v0__aoi22_1)
                                                         _393_ (net)
                      0.152891    0.000173    1.004254 ^ _789_/A2 (gf180mcu_fd_sc_mcu7t5v0__nor2_1)
     1    0.007040    0.126967    0.106044    1.110297 v _789_/ZN (gf180mcu_fd_sc_mcu7t5v0__nor2_1)
                                                         _067_ (net)
                      0.126967    0.000164    1.110461 v _854_/D (gf180mcu_fd_sc_mcu7t5v0__dffq_1)
                                              1.110461   data arrival time

                                  0.000000    0.000000   clock system_clock (rise edge)
                                  0.000000    0.000000   clock source latency
     1    0.036579    0.000000    0.000000    0.000000 ^ CLK_I (in)
                                                         CLK_I (net)
                      0.003417    0.001398    0.001398 ^ clkbuf_0_CLK_I/I (gf180mcu_fd_sc_mcu7t5v0__clkbuf_16)
     8    0.208985    0.167533    0.209877    0.211275 ^ clkbuf_0_CLK_I/Z (gf180mcu_fd_sc_mcu7t5v0__clkbuf_16)
                                                         clknet_0_CLK_I (net)
                      0.167554    0.002825    0.214099 ^ clkbuf_3_5__f_CLK_I/I (gf180mcu_fd_sc_mcu7t5v0__clkbuf_16)
    11    0.066350    0.083759    0.185653    0.399752 ^ clkbuf_3_5__f_CLK_I/Z (gf180mcu_fd_sc_mcu7t5v0__clkbuf_16)
                                                         clknet_3_5__leaf_CLK_I (net)
                      0.083760    0.000508    0.400260 ^ _854_/CLK (gf180mcu_fd_sc_mcu7t5v0__dffq_1)
                                  0.500000    0.900260   clock uncertainty
                                  0.000000    0.900260   clock reconvergence pessimism
                                  0.050354    0.950614   library hold time
                                              0.950614   data required time
---------------------------------------------------------------------------------------------
                                              0.950614   data required time
                                             -1.110461   data arrival time
---------------------------------------------------------------------------------------------
                                              0.159847   slack (MET)


Startpoint: _850_ (rising edge-triggered flip-flop clocked by system_clock)
Endpoint: _850_ (rising edge-triggered flip-flop clocked by system_clock)
Path Group: system_clock
Path Type: min

Fanout         Cap        Slew       Delay        Time   Description
---------------------------------------------------------------------------------------------
                                  0.000000    0.000000   clock system_clock (rise edge)
                                  0.000000    0.000000   clock source latency
     1    0.036579    0.000000    0.000000    0.000000 ^ CLK_I (in)
                                                         CLK_I (net)
                      0.003417    0.001398    0.001398 ^ clkbuf_0_CLK_I/I (gf180mcu_fd_sc_mcu7t5v0__clkbuf_16)
     8    0.208985    0.167533    0.209877    0.211275 ^ clkbuf_0_CLK_I/Z (gf180mcu_fd_sc_mcu7t5v0__clkbuf_16)
                                                         clknet_0_CLK_I (net)
                      0.167559    0.003085    0.214359 ^ clkbuf_3_4__f_CLK_I/I (gf180mcu_fd_sc_mcu7t5v0__clkbuf_16)
    10    0.071140    0.086358    0.187504    0.401863 ^ clkbuf_3_4__f_CLK_I/Z (gf180mcu_fd_sc_mcu7t5v0__clkbuf_16)
                                                         clknet_3_4__leaf_CLK_I (net)
                      0.086362    0.001129    0.402992 ^ _850_/CLK (gf180mcu_fd_sc_mcu7t5v0__dffq_1)
     2    0.015467    0.133448    0.458484    0.861476 v _850_/Q (gf180mcu_fd_sc_mcu7t5v0__dffq_1)
                                                         net15 (net)
                      0.133448    0.000177    0.861653 v _780_/B2 (gf180mcu_fd_sc_mcu7t5v0__aoi22_1)
     1    0.006582    0.182283    0.168479    1.030132 ^ _780_/ZN (gf180mcu_fd_sc_mcu7t5v0__aoi22_1)
                                                         _389_ (net)
                      0.182283    0.000140    1.030272 ^ _781_/A2 (gf180mcu_fd_sc_mcu7t5v0__nor2_1)
     1    0.003841    0.110919    0.090029    1.120301 v _781_/ZN (gf180mcu_fd_sc_mcu7t5v0__nor2_1)
                                                         _063_ (net)
                      0.110919    0.000074    1.120376 v _850_/D (gf180mcu_fd_sc_mcu7t5v0__dffq_1)
                                              1.120376   data arrival time

                                  0.000000    0.000000   clock system_clock (rise edge)
                                  0.000000    0.000000   clock source latency
     1    0.036579    0.000000    0.000000    0.000000 ^ CLK_I (in)
                                                         CLK_I (net)
                      0.003417    0.001398    0.001398 ^ clkbuf_0_CLK_I/I (gf180mcu_fd_sc_mcu7t5v0__clkbuf_16)
     8    0.208985    0.167533    0.209877    0.211275 ^ clkbuf_0_CLK_I/Z (gf180mcu_fd_sc_mcu7t5v0__clkbuf_16)
                                                         clknet_0_CLK_I (net)
                      0.167559    0.003085    0.214359 ^ clkbuf_3_4__f_CLK_I/I (gf180mcu_fd_sc_mcu7t5v0__clkbuf_16)
    10    0.071140    0.086358    0.187504    0.401863 ^ clkbuf_3_4__f_CLK_I/Z (gf180mcu_fd_sc_mcu7t5v0__clkbuf_16)
                                                         clknet_3_4__leaf_CLK_I (net)
                      0.086362    0.001129    0.402992 ^ _850_/CLK (gf180mcu_fd_sc_mcu7t5v0__dffq_1)
                                  0.500000    0.902992   clock uncertainty
                                  0.000000    0.902992   clock reconvergence pessimism
                                  0.055679    0.958671   library hold time
                                              0.958671   data required time
---------------------------------------------------------------------------------------------
                                              0.958671   data required time
                                             -1.120376   data arrival time
---------------------------------------------------------------------------------------------
                                              0.161705   slack (MET)


Startpoint: _838_ (rising edge-triggered flip-flop clocked by system_clock)
Endpoint: _839_ (rising edge-triggered flip-flop clocked by system_clock)
Path Group: system_clock
Path Type: min

Fanout         Cap        Slew       Delay        Time   Description
---------------------------------------------------------------------------------------------
                                  0.000000    0.000000   clock system_clock (rise edge)
                                  0.000000    0.000000   clock source latency
     1    0.036579    0.000000    0.000000    0.000000 ^ CLK_I (in)
                                                         CLK_I (net)
                      0.003417    0.001398    0.001398 ^ clkbuf_0_CLK_I/I (gf180mcu_fd_sc_mcu7t5v0__clkbuf_16)
     8    0.208985    0.167533    0.209877    0.211275 ^ clkbuf_0_CLK_I/Z (gf180mcu_fd_sc_mcu7t5v0__clkbuf_16)
                                                         clknet_0_CLK_I (net)
                      0.167587    0.003837    0.215112 ^ clkbuf_3_2__f_CLK_I/I (gf180mcu_fd_sc_mcu7t5v0__clkbuf_16)
    14    0.060187    0.080307    0.182842    0.397954 ^ clkbuf_3_2__f_CLK_I/Z (gf180mcu_fd_sc_mcu7t5v0__clkbuf_16)
                                                         clknet_3_2__leaf_CLK_I (net)
                      0.080307    0.000035    0.397989 ^ _838_/CLK (gf180mcu_fd_sc_mcu7t5v0__dffq_1)
     4    0.024901    0.188535    0.496996    0.894986 v _838_/Q (gf180mcu_fd_sc_mcu7t5v0__dffq_1)
                                                         address_data_buffer_internal[2] (net)
                      0.188535    0.000183    0.895168 v _766_/I1 (gf180mcu_fd_sc_mcu7t5v0__mux2_2)
     1    0.003873    0.072727    0.236581    1.131749 v _766_/Z (gf180mcu_fd_sc_mcu7t5v0__mux2_2)
                                                         _052_ (net)
                      0.072727    0.000075    1.131824 v _839_/D (gf180mcu_fd_sc_mcu7t5v0__dffq_1)
                                              1.131824   data arrival time

                                  0.000000    0.000000   clock system_clock (rise edge)
                                  0.000000    0.000000   clock source latency
     1    0.036579    0.000000    0.000000    0.000000 ^ CLK_I (in)
                                                         CLK_I (net)
                      0.003417    0.001398    0.001398 ^ clkbuf_0_CLK_I/I (gf180mcu_fd_sc_mcu7t5v0__clkbuf_16)
     8    0.208985    0.167533    0.209877    0.211275 ^ clkbuf_0_CLK_I/Z (gf180mcu_fd_sc_mcu7t5v0__clkbuf_16)
                                                         clknet_0_CLK_I (net)
                      0.167587    0.003837    0.215112 ^ clkbuf_3_2__f_CLK_I/I (gf180mcu_fd_sc_mcu7t5v0__clkbuf_16)
    14    0.060187    0.080307    0.182842    0.397954 ^ clkbuf_3_2__f_CLK_I/Z (gf180mcu_fd_sc_mcu7t5v0__clkbuf_16)
                                                         clknet_3_2__leaf_CLK_I (net)
                      0.080307    0.000346    0.398300 ^ _839_/CLK (gf180mcu_fd_sc_mcu7t5v0__dffq_1)
                                  0.500000    0.898300   clock uncertainty
                                  0.000000    0.898300   clock reconvergence pessimism
                                  0.064592    0.962892   library hold time
                                              0.962892   data required time
---------------------------------------------------------------------------------------------
                                              0.962892   data required time
                                             -1.131824   data arrival time
---------------------------------------------------------------------------------------------
                                              0.168932   slack (MET)


Startpoint: _826_ (rising edge-triggered flip-flop clocked by system_clock)
Endpoint: _826_ (rising edge-triggered flip-flop clocked by system_clock)
Path Group: system_clock
Path Type: min

Fanout         Cap        Slew       Delay        Time   Description
---------------------------------------------------------------------------------------------
                                  0.000000    0.000000   clock system_clock (rise edge)
                                  0.000000    0.000000   clock source latency
     1    0.036579    0.000000    0.000000    0.000000 ^ CLK_I (in)
                                                         CLK_I (net)
                      0.003417    0.001398    0.001398 ^ clkbuf_0_CLK_I/I (gf180mcu_fd_sc_mcu7t5v0__clkbuf_16)
     8    0.208985    0.167533    0.209877    0.211275 ^ clkbuf_0_CLK_I/Z (gf180mcu_fd_sc_mcu7t5v0__clkbuf_16)
                                                         clknet_0_CLK_I (net)
                      0.167557    0.003014    0.214288 ^ clkbuf_3_1__f_CLK_I/I (gf180mcu_fd_sc_mcu7t5v0__clkbuf_16)
    12    0.063682    0.082281    0.184513    0.398801 ^ clkbuf_3_1__f_CLK_I/Z (gf180mcu_fd_sc_mcu7t5v0__clkbuf_16)
                                                         clknet_3_1__leaf_CLK_I (net)
                      0.082282    0.000441    0.399242 ^ _826_/CLK (gf180mcu_fd_sc_mcu7t5v0__dffq_1)
     5    0.025695    0.193253    0.500527    0.899769 v _826_/Q (gf180mcu_fd_sc_mcu7t5v0__dffq_1)
                                                         write_request_internal_flag (net)
                      0.193255    0.000397    0.900166 v _706_/I1 (gf180mcu_fd_sc_mcu7t5v0__mux2_2)
     1    0.003053    0.071214    0.233702    1.133867 v _706_/Z (gf180mcu_fd_sc_mcu7t5v0__mux2_2)
                                                         _039_ (net)
                      0.071214    0.000030    1.133898 v _826_/D (gf180mcu_fd_sc_mcu7t5v0__dffq_1)
                                              1.133898   data arrival time

                                  0.000000    0.000000   clock system_clock (rise edge)
                                  0.000000    0.000000   clock source latency
     1    0.036579    0.000000    0.000000    0.000000 ^ CLK_I (in)
                                                         CLK_I (net)
                      0.003417    0.001398    0.001398 ^ clkbuf_0_CLK_I/I (gf180mcu_fd_sc_mcu7t5v0__clkbuf_16)
     8    0.208985    0.167533    0.209877    0.211275 ^ clkbuf_0_CLK_I/Z (gf180mcu_fd_sc_mcu7t5v0__clkbuf_16)
                                                         clknet_0_CLK_I (net)
                      0.167557    0.003014    0.214288 ^ clkbuf_3_1__f_CLK_I/I (gf180mcu_fd_sc_mcu7t5v0__clkbuf_16)
    12    0.063682    0.082281    0.184513    0.398801 ^ clkbuf_3_1__f_CLK_I/Z (gf180mcu_fd_sc_mcu7t5v0__clkbuf_16)
                                                         clknet_3_1__leaf_CLK_I (net)
                      0.082282    0.000441    0.399242 ^ _826_/CLK (gf180mcu_fd_sc_mcu7t5v0__dffq_1)
                                  0.500000    0.899242   clock uncertainty
                                  0.000000    0.899242   clock reconvergence pessimism
                                  0.065314    0.964556   library hold time
                                              0.964556   data required time
---------------------------------------------------------------------------------------------
                                              0.964556   data required time
                                             -1.133898   data arrival time
---------------------------------------------------------------------------------------------
                                              0.169342   slack (MET)


Startpoint: _837_ (rising edge-triggered flip-flop clocked by system_clock)
Endpoint: _837_ (rising edge-triggered flip-flop clocked by system_clock)
Path Group: system_clock
Path Type: min

Fanout         Cap        Slew       Delay        Time   Description
---------------------------------------------------------------------------------------------
                                  0.000000    0.000000   clock system_clock (rise edge)
                                  0.000000    0.000000   clock source latency
     1    0.036579    0.000000    0.000000    0.000000 ^ CLK_I (in)
                                                         CLK_I (net)
                      0.003417    0.001398    0.001398 ^ clkbuf_0_CLK_I/I (gf180mcu_fd_sc_mcu7t5v0__clkbuf_16)
     8    0.208985    0.167533    0.209877    0.211275 ^ clkbuf_0_CLK_I/Z (gf180mcu_fd_sc_mcu7t5v0__clkbuf_16)
                                                         clknet_0_CLK_I (net)
                      0.167574    0.003551    0.214826 ^ clkbuf_3_3__f_CLK_I/I (gf180mcu_fd_sc_mcu7t5v0__clkbuf_16)
    10    0.068751    0.085081    0.186654    0.401480 ^ clkbuf_3_3__f_CLK_I/Z (gf180mcu_fd_sc_mcu7t5v0__clkbuf_16)
                                                         clknet_3_3__leaf_CLK_I (net)
                      0.085084    0.000764    0.402244 ^ _837_/CLK (gf180mcu_fd_sc_mcu7t5v0__dffq_1)
     3    0.015858    0.135668    0.460063    0.862307 v _837_/Q (gf180mcu_fd_sc_mcu7t5v0__dffq_1)
                                                         address_data_buffer_internal[1] (net)
                      0.135668    0.000096    0.862404 v _424_/I (gf180mcu_fd_sc_mcu7t5v0__clkinv_1)
     3    0.020150    0.243500    0.181047    1.043451 ^ _424_/ZN (gf180mcu_fd_sc_mcu7t5v0__clkinv_1)
                                                         _097_ (net)
                      0.243500    0.000212    1.043663 ^ _763_/A2 (gf180mcu_fd_sc_mcu7t5v0__oai21_1)
     1    0.003064    0.086256    0.092625    1.136288 v _763_/ZN (gf180mcu_fd_sc_mcu7t5v0__oai21_1)
                                                         _050_ (net)
                      0.086256    0.000030    1.136318 v _837_/D (gf180mcu_fd_sc_mcu7t5v0__dffq_1)
                                              1.136318   data arrival time

                                  0.000000    0.000000   clock system_clock (rise edge)
                                  0.000000    0.000000   clock source latency
     1    0.036579    0.000000    0.000000    0.000000 ^ CLK_I (in)
                                                         CLK_I (net)
                      0.003417    0.001398    0.001398 ^ clkbuf_0_CLK_I/I (gf180mcu_fd_sc_mcu7t5v0__clkbuf_16)
     8    0.208985    0.167533    0.209877    0.211275 ^ clkbuf_0_CLK_I/Z (gf180mcu_fd_sc_mcu7t5v0__clkbuf_16)
                                                         clknet_0_CLK_I (net)
                      0.167574    0.003551    0.214826 ^ clkbuf_3_3__f_CLK_I/I (gf180mcu_fd_sc_mcu7t5v0__clkbuf_16)
    10    0.068751    0.085081    0.186654    0.401480 ^ clkbuf_3_3__f_CLK_I/Z (gf180mcu_fd_sc_mcu7t5v0__clkbuf_16)
                                                         clknet_3_3__leaf_CLK_I (net)
                      0.085084    0.000764    0.402244 ^ _837_/CLK (gf180mcu_fd_sc_mcu7t5v0__dffq_1)
                                  0.500000    0.902244   clock uncertainty
                                  0.000000    0.902244   clock reconvergence pessimism
                                  0.062159    0.964404   library hold time
                                              0.964404   data required time
---------------------------------------------------------------------------------------------
                                              0.964404   data required time
                                             -1.136318   data arrival time
---------------------------------------------------------------------------------------------
                                              0.171914   slack (MET)


Startpoint: _855_ (rising edge-triggered flip-flop clocked by system_clock)
Endpoint: _855_ (rising edge-triggered flip-flop clocked by system_clock)
Path Group: system_clock
Path Type: min

Fanout         Cap        Slew       Delay        Time   Description
---------------------------------------------------------------------------------------------
                                  0.000000    0.000000   clock system_clock (rise edge)
                                  0.000000    0.000000   clock source latency
     1    0.036579    0.000000    0.000000    0.000000 ^ CLK_I (in)
                                                         CLK_I (net)
                      0.003417    0.001398    0.001398 ^ clkbuf_0_CLK_I/I (gf180mcu_fd_sc_mcu7t5v0__clkbuf_16)
     8    0.208985    0.167533    0.209877    0.211275 ^ clkbuf_0_CLK_I/Z (gf180mcu_fd_sc_mcu7t5v0__clkbuf_16)
                                                         clknet_0_CLK_I (net)
                      0.167554    0.002825    0.214099 ^ clkbuf_3_5__f_CLK_I/I (gf180mcu_fd_sc_mcu7t5v0__clkbuf_16)
    11    0.066350    0.083759    0.185653    0.399752 ^ clkbuf_3_5__f_CLK_I/Z (gf180mcu_fd_sc_mcu7t5v0__clkbuf_16)
                                                         clknet_3_5__leaf_CLK_I (net)
                      0.083759    0.000476    0.400228 ^ _855_/CLK (gf180mcu_fd_sc_mcu7t5v0__dffq_1)
     2    0.012154    0.114814    0.443407    0.843635 v _855_/Q (gf180mcu_fd_sc_mcu7t5v0__dffq_1)
                                                         net20 (net)
                      0.114814    0.000257    0.843892 v _790_/B2 (gf180mcu_fd_sc_mcu7t5v0__aoi22_1)
     1    0.009353    0.198705    0.186474    1.030366 ^ _790_/ZN (gf180mcu_fd_sc_mcu7t5v0__aoi22_1)
                                                         _394_ (net)
                      0.198705    0.000235    1.030601 ^ _791_/A2 (gf180mcu_fd_sc_mcu7t5v0__nor2_1)
     1    0.004254    0.118433    0.095168    1.125769 v _791_/ZN (gf180mcu_fd_sc_mcu7t5v0__nor2_1)
                                                         _068_ (net)
                      0.118433    0.000085    1.125855 v _855_/D (gf180mcu_fd_sc_mcu7t5v0__dffq_1)
                                              1.125855   data arrival time

                                  0.000000    0.000000   clock system_clock (rise edge)
                                  0.000000    0.000000   clock source latency
     1    0.036579    0.000000    0.000000    0.000000 ^ CLK_I (in)
                                                         CLK_I (net)
                      0.003417    0.001398    0.001398 ^ clkbuf_0_CLK_I/I (gf180mcu_fd_sc_mcu7t5v0__clkbuf_16)
     8    0.208985    0.167533    0.209877    0.211275 ^ clkbuf_0_CLK_I/Z (gf180mcu_fd_sc_mcu7t5v0__clkbuf_16)
                                                         clknet_0_CLK_I (net)
                      0.167554    0.002825    0.214099 ^ clkbuf_3_5__f_CLK_I/I (gf180mcu_fd_sc_mcu7t5v0__clkbuf_16)
    11    0.066350    0.083759    0.185653    0.399752 ^ clkbuf_3_5__f_CLK_I/Z (gf180mcu_fd_sc_mcu7t5v0__clkbuf_16)
                                                         clknet_3_5__leaf_CLK_I (net)
                      0.083759    0.000476    0.400228 ^ _855_/CLK (gf180mcu_fd_sc_mcu7t5v0__dffq_1)
                                  0.500000    0.900228   clock uncertainty
                                  0.000000    0.900228   clock reconvergence pessimism
                                  0.052971    0.953199   library hold time
                                              0.953199   data required time
---------------------------------------------------------------------------------------------
                                              0.953199   data required time
                                             -1.125855   data arrival time
---------------------------------------------------------------------------------------------
                                              0.172655   slack (MET)


Startpoint: _868_ (rising edge-triggered flip-flop clocked by system_clock)
Endpoint: _868_ (rising edge-triggered flip-flop clocked by system_clock)
Path Group: system_clock
Path Type: min

Fanout         Cap        Slew       Delay        Time   Description
---------------------------------------------------------------------------------------------
                                  0.000000    0.000000   clock system_clock (rise edge)
                                  0.000000    0.000000   clock source latency
     1    0.036579    0.000000    0.000000    0.000000 ^ CLK_I (in)
                                                         CLK_I (net)
                      0.003417    0.001398    0.001398 ^ clkbuf_0_CLK_I/I (gf180mcu_fd_sc_mcu7t5v0__clkbuf_16)
     8    0.208985    0.167533    0.209877    0.211275 ^ clkbuf_0_CLK_I/Z (gf180mcu_fd_sc_mcu7t5v0__clkbuf_16)
                                                         clknet_0_CLK_I (net)
                      0.167622    0.004454    0.215728 ^ clkbuf_3_6__f_CLK_I/I (gf180mcu_fd_sc_mcu7t5v0__clkbuf_16)
    13    0.063776    0.082341    0.184597    0.400325 ^ clkbuf_3_6__f_CLK_I/Z (gf180mcu_fd_sc_mcu7t5v0__clkbuf_16)
                                                         clknet_3_6__leaf_CLK_I (net)
                      0.082342    0.000523    0.400848 ^ _868_/CLK (gf180mcu_fd_sc_mcu7t5v0__dffq_1)
     2    0.011302    0.110078    0.439436    0.840283 v _868_/Q (gf180mcu_fd_sc_mcu7t5v0__dffq_1)
                                                         addr_set_register[2] (net)
                      0.110078    0.000077    0.840360 v _420_/I (gf180mcu_fd_sc_mcu7t5v0__clkinv_1)
     4    0.026149    0.305758    0.211508    1.051868 ^ _420_/ZN (gf180mcu_fd_sc_mcu7t5v0__clkinv_1)
                                                         _093_ (net)
                      0.305758    0.000300    1.052168 ^ _454_/A1 (gf180mcu_fd_sc_mcu7t5v0__aoi21_1)
     1    0.003776    0.114536    0.077234    1.129402 v _454_/ZN (gf180mcu_fd_sc_mcu7t5v0__aoi21_1)
                                                         _002_ (net)
                      0.114536    0.000074    1.129476 v _868_/D (gf180mcu_fd_sc_mcu7t5v0__dffq_1)
                                              1.129476   data arrival time

                                  0.000000    0.000000   clock system_clock (rise edge)
                                  0.000000    0.000000   clock source latency
     1    0.036579    0.000000    0.000000    0.000000 ^ CLK_I (in)
                                                         CLK_I (net)
                      0.003417    0.001398    0.001398 ^ clkbuf_0_CLK_I/I (gf180mcu_fd_sc_mcu7t5v0__clkbuf_16)
     8    0.208985    0.167533    0.209877    0.211275 ^ clkbuf_0_CLK_I/Z (gf180mcu_fd_sc_mcu7t5v0__clkbuf_16)
                                                         clknet_0_CLK_I (net)
                      0.167622    0.004454    0.215728 ^ clkbuf_3_6__f_CLK_I/I (gf180mcu_fd_sc_mcu7t5v0__clkbuf_16)
    13    0.063776    0.082341    0.184597    0.400325 ^ clkbuf_3_6__f_CLK_I/Z (gf180mcu_fd_sc_mcu7t5v0__clkbuf_16)
                                                         clknet_3_6__leaf_CLK_I (net)
                      0.082342    0.000523    0.400848 ^ _868_/CLK (gf180mcu_fd_sc_mcu7t5v0__dffq_1)
                                  0.500000    0.900848   clock uncertainty
                                  0.000000    0.900848   clock reconvergence pessimism
                                  0.053947    0.954795   library hold time
                                              0.954795   data required time
---------------------------------------------------------------------------------------------
                                              0.954795   data required time
                                             -1.129476   data arrival time
---------------------------------------------------------------------------------------------
                                              0.174681   slack (MET)


Startpoint: _828_ (rising edge-triggered flip-flop clocked by system_clock)
Endpoint: _829_ (rising edge-triggered flip-flop clocked by system_clock)
Path Group: system_clock
Path Type: min

Fanout         Cap        Slew       Delay        Time   Description
---------------------------------------------------------------------------------------------
                                  0.000000    0.000000   clock system_clock (rise edge)
                                  0.000000    0.000000   clock source latency
     1    0.036579    0.000000    0.000000    0.000000 ^ CLK_I (in)
                                                         CLK_I (net)
                      0.003417    0.001398    0.001398 ^ clkbuf_0_CLK_I/I (gf180mcu_fd_sc_mcu7t5v0__clkbuf_16)
     8    0.208985    0.167533    0.209877    0.211275 ^ clkbuf_0_CLK_I/Z (gf180mcu_fd_sc_mcu7t5v0__clkbuf_16)
                                                         clknet_0_CLK_I (net)
                      0.167557    0.003014    0.214288 ^ clkbuf_3_1__f_CLK_I/I (gf180mcu_fd_sc_mcu7t5v0__clkbuf_16)
    12    0.063682    0.082281    0.184513    0.398801 ^ clkbuf_3_1__f_CLK_I/Z (gf180mcu_fd_sc_mcu7t5v0__clkbuf_16)
                                                         clknet_3_1__leaf_CLK_I (net)
                      0.082282    0.000582    0.399384 ^ _828_/CLK (gf180mcu_fd_sc_mcu7t5v0__dffq_1)
     5    0.026722    0.199367    0.504697    0.904080 v _828_/Q (gf180mcu_fd_sc_mcu7t5v0__dffq_1)
                                                         register_addr_data_flag (net)
                      0.199368    0.000406    0.904486 v _711_/A1 (gf180mcu_fd_sc_mcu7t5v0__nand4_1)
     1    0.005162    0.160691    0.151599    1.056086 ^ _711_/ZN (gf180mcu_fd_sc_mcu7t5v0__nand4_1)
                                                         _341_ (net)
                      0.160691    0.000052    1.056138 ^ _712_/A2 (gf180mcu_fd_sc_mcu7t5v0__aoi211_1)
     1    0.002936    0.094588    0.079308    1.135446 v _712_/ZN (gf180mcu_fd_sc_mcu7t5v0__aoi211_1)
                                                         _042_ (net)
                      0.094588    0.000029    1.135474 v _829_/D (gf180mcu_fd_sc_mcu7t5v0__dffq_1)
                                              1.135474   data arrival time

                                  0.000000    0.000000   clock system_clock (rise edge)
                                  0.000000    0.000000   clock source latency
     1    0.036579    0.000000    0.000000    0.000000 ^ CLK_I (in)
                                                         CLK_I (net)
                      0.003417    0.001398    0.001398 ^ clkbuf_0_CLK_I/I (gf180mcu_fd_sc_mcu7t5v0__clkbuf_16)
     8    0.208985    0.167533    0.209877    0.211275 ^ clkbuf_0_CLK_I/Z (gf180mcu_fd_sc_mcu7t5v0__clkbuf_16)
                                                         clknet_0_CLK_I (net)
                      0.167557    0.003014    0.214288 ^ clkbuf_3_1__f_CLK_I/I (gf180mcu_fd_sc_mcu7t5v0__clkbuf_16)
    12    0.063682    0.082281    0.184513    0.398801 ^ clkbuf_3_1__f_CLK_I/Z (gf180mcu_fd_sc_mcu7t5v0__clkbuf_16)
                                                         clknet_3_1__leaf_CLK_I (net)
                      0.082281    0.000254    0.399056 ^ _829_/CLK (gf180mcu_fd_sc_mcu7t5v0__dffq_1)
                                  0.500000    0.899056   clock uncertainty
                                  0.000000    0.899056   clock reconvergence pessimism
                                  0.059680    0.958736   library hold time
                                              0.958736   data required time
---------------------------------------------------------------------------------------------
                                              0.958736   data required time
                                             -1.135474   data arrival time
---------------------------------------------------------------------------------------------
                                              0.176738   slack (MET)


Startpoint: _887_ (rising edge-triggered flip-flop clocked by system_clock)
Endpoint: _887_ (rising edge-triggered flip-flop clocked by system_clock)
Path Group: system_clock
Path Type: min

Fanout         Cap        Slew       Delay        Time   Description
---------------------------------------------------------------------------------------------
                                  0.000000    0.000000   clock system_clock (rise edge)
                                  0.000000    0.000000   clock source latency
     1    0.036579    0.000000    0.000000    0.000000 ^ CLK_I (in)
                                                         CLK_I (net)
                      0.003417    0.001398    0.001398 ^ clkbuf_0_CLK_I/I (gf180mcu_fd_sc_mcu7t5v0__clkbuf_16)
     8    0.208985    0.167533    0.209877    0.211275 ^ clkbuf_0_CLK_I/Z (gf180mcu_fd_sc_mcu7t5v0__clkbuf_16)
                                                         clknet_0_CLK_I (net)
                      0.167559    0.003085    0.214359 ^ clkbuf_3_4__f_CLK_I/I (gf180mcu_fd_sc_mcu7t5v0__clkbuf_16)
    10    0.071140    0.086358    0.187504    0.401863 ^ clkbuf_3_4__f_CLK_I/Z (gf180mcu_fd_sc_mcu7t5v0__clkbuf_16)
                                                         clknet_3_4__leaf_CLK_I (net)
                      0.086360    0.000842    0.402705 ^ _887_/CLK (gf180mcu_fd_sc_mcu7t5v0__dffq_1)
     5    0.027972    0.206851    0.510526    0.913231 v _887_/Q (gf180mcu_fd_sc_mcu7t5v0__dffq_1)
                                                         addr_pointer_register_internal[5] (net)
                      0.206853    0.000417    0.913648 v _581_/A1 (gf180mcu_fd_sc_mcu7t5v0__nor2_1)
     1    0.006543    0.188547    0.165220    1.078868 ^ _581_/ZN (gf180mcu_fd_sc_mcu7t5v0__nor2_1)
                                                         _232_ (net)
                      0.188547    0.000134    1.079002 ^ _582_/A2 (gf180mcu_fd_sc_mcu7t5v0__aoi22_1)
     1    0.002799    0.085191    0.064948    1.143950 v _582_/ZN (gf180mcu_fd_sc_mcu7t5v0__aoi22_1)
                                                         _021_ (net)
                      0.085191    0.000027    1.143977 v _887_/D (gf180mcu_fd_sc_mcu7t5v0__dffq_1)
                                              1.143977   data arrival time

                                  0.000000    0.000000   clock system_clock (rise edge)
                                  0.000000    0.000000   clock source latency
     1    0.036579    0.000000    0.000000    0.000000 ^ CLK_I (in)
                                                         CLK_I (net)
                      0.003417    0.001398    0.001398 ^ clkbuf_0_CLK_I/I (gf180mcu_fd_sc_mcu7t5v0__clkbuf_16)
     8    0.208985    0.167533    0.209877    0.211275 ^ clkbuf_0_CLK_I/Z (gf180mcu_fd_sc_mcu7t5v0__clkbuf_16)
                                                         clknet_0_CLK_I (net)
                      0.167559    0.003085    0.214359 ^ clkbuf_3_4__f_CLK_I/I (gf180mcu_fd_sc_mcu7t5v0__clkbuf_16)
    10    0.071140    0.086358    0.187504    0.401863 ^ clkbuf_3_4__f_CLK_I/Z (gf180mcu_fd_sc_mcu7t5v0__clkbuf_16)
                                                         clknet_3_4__leaf_CLK_I (net)
                      0.086360    0.000842    0.402705 ^ _887_/CLK (gf180mcu_fd_sc_mcu7t5v0__dffq_1)
                                  0.500000    0.902705   clock uncertainty
                                  0.000000    0.902705   clock reconvergence pessimism
                                  0.062635    0.965339   library hold time
                                              0.965339   data required time
---------------------------------------------------------------------------------------------
                                              0.965339   data required time
                                             -1.143977   data arrival time
---------------------------------------------------------------------------------------------
                                              0.178638   slack (MET)


Startpoint: _888_ (rising edge-triggered flip-flop clocked by system_clock)
Endpoint: _888_ (rising edge-triggered flip-flop clocked by system_clock)
Path Group: system_clock
Path Type: min

Fanout         Cap        Slew       Delay        Time   Description
---------------------------------------------------------------------------------------------
                                  0.000000    0.000000   clock system_clock (rise edge)
                                  0.000000    0.000000   clock source latency
     1    0.036579    0.000000    0.000000    0.000000 ^ CLK_I (in)
                                                         CLK_I (net)
                      0.003417    0.001398    0.001398 ^ clkbuf_0_CLK_I/I (gf180mcu_fd_sc_mcu7t5v0__clkbuf_16)
     8    0.208985    0.167533    0.209877    0.211275 ^ clkbuf_0_CLK_I/Z (gf180mcu_fd_sc_mcu7t5v0__clkbuf_16)
                                                         clknet_0_CLK_I (net)
                      0.167559    0.003085    0.214359 ^ clkbuf_3_4__f_CLK_I/I (gf180mcu_fd_sc_mcu7t5v0__clkbuf_16)
    10    0.071140    0.086358    0.187504    0.401863 ^ clkbuf_3_4__f_CLK_I/Z (gf180mcu_fd_sc_mcu7t5v0__clkbuf_16)
                                                         clknet_3_4__leaf_CLK_I (net)
                      0.086358    0.000314    0.402177 ^ _888_/CLK (gf180mcu_fd_sc_mcu7t5v0__dffq_1)
     4    0.021855    0.170539    0.485702    0.887879 v _888_/Q (gf180mcu_fd_sc_mcu7t5v0__dffq_1)
                                                         addr_pointer_register_internal[6] (net)
                      0.170540    0.000292    0.888171 v _586_/A1 (gf180mcu_fd_sc_mcu7t5v0__nor2_1)
     1    0.005987    0.184153    0.148500    1.036671 ^ _586_/ZN (gf180mcu_fd_sc_mcu7t5v0__nor2_1)
                                                         _236_ (net)
                      0.184153    0.000122    1.036794 ^ _587_/B (gf180mcu_fd_sc_mcu7t5v0__aoi21_1)
     1    0.003447    0.089393    0.105961    1.142755 v _587_/ZN (gf180mcu_fd_sc_mcu7t5v0__aoi21_1)
                                                         _022_ (net)
                      0.089393    0.000037    1.142792 v _888_/D (gf180mcu_fd_sc_mcu7t5v0__dffq_1)
                                              1.142792   data arrival time

                                  0.000000    0.000000   clock system_clock (rise edge)
                                  0.000000    0.000000   clock source latency
     1    0.036579    0.000000    0.000000    0.000000 ^ CLK_I (in)
                                                         CLK_I (net)
                      0.003417    0.001398    0.001398 ^ clkbuf_0_CLK_I/I (gf180mcu_fd_sc_mcu7t5v0__clkbuf_16)
     8    0.208985    0.167533    0.209877    0.211275 ^ clkbuf_0_CLK_I/Z (gf180mcu_fd_sc_mcu7t5v0__clkbuf_16)
                                                         clknet_0_CLK_I (net)
                      0.167559    0.003085    0.214359 ^ clkbuf_3_4__f_CLK_I/I (gf180mcu_fd_sc_mcu7t5v0__clkbuf_16)
    10    0.071140    0.086358    0.187504    0.401863 ^ clkbuf_3_4__f_CLK_I/Z (gf180mcu_fd_sc_mcu7t5v0__clkbuf_16)
                                                         clknet_3_4__leaf_CLK_I (net)
                      0.086358    0.000314    0.402177 ^ _888_/CLK (gf180mcu_fd_sc_mcu7t5v0__dffq_1)
                                  0.500000    0.902177   clock uncertainty
                                  0.000000    0.902177   clock reconvergence pessimism
                                  0.061606    0.963783   library hold time
                                              0.963783   data required time
---------------------------------------------------------------------------------------------
                                              0.963783   data required time
                                             -1.142792   data arrival time
---------------------------------------------------------------------------------------------
                                              0.179009   slack (MET)


Startpoint: _871_ (rising edge-triggered flip-flop clocked by system_clock)
Endpoint: _871_ (rising edge-triggered flip-flop clocked by system_clock)
Path Group: system_clock
Path Type: min

Fanout         Cap        Slew       Delay        Time   Description
---------------------------------------------------------------------------------------------
                                  0.000000    0.000000   clock system_clock (rise edge)
                                  0.000000    0.000000   clock source latency
     1    0.036579    0.000000    0.000000    0.000000 ^ CLK_I (in)
                                                         CLK_I (net)
                      0.003417    0.001398    0.001398 ^ clkbuf_0_CLK_I/I (gf180mcu_fd_sc_mcu7t5v0__clkbuf_16)
     8    0.208985    0.167533    0.209877    0.211275 ^ clkbuf_0_CLK_I/Z (gf180mcu_fd_sc_mcu7t5v0__clkbuf_16)
                                                         clknet_0_CLK_I (net)
                      0.167622    0.004454    0.215728 ^ clkbuf_3_6__f_CLK_I/I (gf180mcu_fd_sc_mcu7t5v0__clkbuf_16)
    13    0.063776    0.082341    0.184597    0.400325 ^ clkbuf_3_6__f_CLK_I/Z (gf180mcu_fd_sc_mcu7t5v0__clkbuf_16)
                                                         clknet_3_6__leaf_CLK_I (net)
                      0.082342    0.000512    0.400837 ^ _871_/CLK (gf180mcu_fd_sc_mcu7t5v0__dffq_1)
     4    0.028793    0.211724    0.513063    0.913900 v _871_/Q (gf180mcu_fd_sc_mcu7t5v0__dffq_1)
                                                         addr_set_register[5] (net)
                      0.211725    0.000362    0.914262 v _460_/A2 (gf180mcu_fd_sc_mcu7t5v0__nand2_1)
     1    0.005305    0.143243    0.138433    1.052695 ^ _460_/ZN (gf180mcu_fd_sc_mcu7t5v0__nand2_1)
                                                         _127_ (net)
                      0.143243    0.000058    1.052753 ^ _462_/A2 (gf180mcu_fd_sc_mcu7t5v0__nand3_1)
     1    0.002810    0.105489    0.084168    1.136921 v _462_/ZN (gf180mcu_fd_sc_mcu7t5v0__nand3_1)
                                                         _005_ (net)
                      0.105489    0.000027    1.136948 v _871_/D (gf180mcu_fd_sc_mcu7t5v0__dffq_1)
                                              1.136948   data arrival time

                                  0.000000    0.000000   clock system_clock (rise edge)
                                  0.000000    0.000000   clock source latency
     1    0.036579    0.000000    0.000000    0.000000 ^ CLK_I (in)
                                                         CLK_I (net)
                      0.003417    0.001398    0.001398 ^ clkbuf_0_CLK_I/I (gf180mcu_fd_sc_mcu7t5v0__clkbuf_16)
     8    0.208985    0.167533    0.209877    0.211275 ^ clkbuf_0_CLK_I/Z (gf180mcu_fd_sc_mcu7t5v0__clkbuf_16)
                                                         clknet_0_CLK_I (net)
                      0.167622    0.004454    0.215728 ^ clkbuf_3_6__f_CLK_I/I (gf180mcu_fd_sc_mcu7t5v0__clkbuf_16)
    13    0.063776    0.082341    0.184597    0.400325 ^ clkbuf_3_6__f_CLK_I/Z (gf180mcu_fd_sc_mcu7t5v0__clkbuf_16)
                                                         clknet_3_6__leaf_CLK_I (net)
                      0.082342    0.000512    0.400837 ^ _871_/CLK (gf180mcu_fd_sc_mcu7t5v0__dffq_1)
                                  0.500000    0.900837   clock uncertainty
                                  0.000000    0.900837   clock reconvergence pessimism
                                  0.056721    0.957558   library hold time
                                              0.957558   data required time
---------------------------------------------------------------------------------------------
                                              0.957558   data required time
                                             -1.136948   data arrival time
---------------------------------------------------------------------------------------------
                                              0.179390   slack (MET)


Startpoint: _840_ (rising edge-triggered flip-flop clocked by system_clock)
Endpoint: _840_ (rising edge-triggered flip-flop clocked by system_clock)
Path Group: system_clock
Path Type: min

Fanout         Cap        Slew       Delay        Time   Description
---------------------------------------------------------------------------------------------
                                  0.000000    0.000000   clock system_clock (rise edge)
                                  0.000000    0.000000   clock source latency
     1    0.036579    0.000000    0.000000    0.000000 ^ CLK_I (in)
                                                         CLK_I (net)
                      0.003417    0.001398    0.001398 ^ clkbuf_0_CLK_I/I (gf180mcu_fd_sc_mcu7t5v0__clkbuf_16)
     8    0.208985    0.167533    0.209877    0.211275 ^ clkbuf_0_CLK_I/Z (gf180mcu_fd_sc_mcu7t5v0__clkbuf_16)
                                                         clknet_0_CLK_I (net)
                      0.167587    0.003837    0.215112 ^ clkbuf_3_2__f_CLK_I/I (gf180mcu_fd_sc_mcu7t5v0__clkbuf_16)
    14    0.060187    0.080307    0.182842    0.397954 ^ clkbuf_3_2__f_CLK_I/Z (gf180mcu_fd_sc_mcu7t5v0__clkbuf_16)
                                                         clknet_3_2__leaf_CLK_I (net)
                      0.080309    0.000803    0.398757 ^ _840_/CLK (gf180mcu_fd_sc_mcu7t5v0__dffq_1)
     4    0.026436    0.197660    0.503203    0.901960 v _840_/Q (gf180mcu_fd_sc_mcu7t5v0__dffq_1)
                                                         address_data_buffer_internal[4] (net)
                      0.197660    0.000185    0.902145 v _767_/I0 (gf180mcu_fd_sc_mcu7t5v0__mux2_2)
     1    0.005139    0.079360    0.241082    1.143228 v _767_/Z (gf180mcu_fd_sc_mcu7t5v0__mux2_2)
                                                         _053_ (net)
                      0.079360    0.000102    1.143329 v _840_/D (gf180mcu_fd_sc_mcu7t5v0__dffq_1)
                                              1.143329   data arrival time

                                  0.000000    0.000000   clock system_clock (rise edge)
                                  0.000000    0.000000   clock source latency
     1    0.036579    0.000000    0.000000    0.000000 ^ CLK_I (in)
                                                         CLK_I (net)
                      0.003417    0.001398    0.001398 ^ clkbuf_0_CLK_I/I (gf180mcu_fd_sc_mcu7t5v0__clkbuf_16)
     8    0.208985    0.167533    0.209877    0.211275 ^ clkbuf_0_CLK_I/Z (gf180mcu_fd_sc_mcu7t5v0__clkbuf_16)
                                                         clknet_0_CLK_I (net)
                      0.167587    0.003837    0.215112 ^ clkbuf_3_2__f_CLK_I/I (gf180mcu_fd_sc_mcu7t5v0__clkbuf_16)
    14    0.060187    0.080307    0.182842    0.397954 ^ clkbuf_3_2__f_CLK_I/Z (gf180mcu_fd_sc_mcu7t5v0__clkbuf_16)
                                                         clknet_3_2__leaf_CLK_I (net)
                      0.080309    0.000803    0.398757 ^ _840_/CLK (gf180mcu_fd_sc_mcu7t5v0__dffq_1)
                                  0.500000    0.898757   clock uncertainty
                                  0.000000    0.898757   clock reconvergence pessimism
                                  0.063006    0.961763   library hold time
                                              0.961763   data required time
---------------------------------------------------------------------------------------------
                                              0.961763   data required time
                                             -1.143329   data arrival time
---------------------------------------------------------------------------------------------
                                              0.181566   slack (MET)


Startpoint: _826_ (rising edge-triggered flip-flop clocked by system_clock)
Endpoint: _890_ (rising edge-triggered flip-flop clocked by system_clock)
Path Group: system_clock
Path Type: min

Fanout         Cap        Slew       Delay        Time   Description
---------------------------------------------------------------------------------------------
                                  0.000000    0.000000   clock system_clock (rise edge)
                                  0.000000    0.000000   clock source latency
     1    0.036579    0.000000    0.000000    0.000000 ^ CLK_I (in)
                                                         CLK_I (net)
                      0.003417    0.001398    0.001398 ^ clkbuf_0_CLK_I/I (gf180mcu_fd_sc_mcu7t5v0__clkbuf_16)
     8    0.208985    0.167533    0.209877    0.211275 ^ clkbuf_0_CLK_I/Z (gf180mcu_fd_sc_mcu7t5v0__clkbuf_16)
                                                         clknet_0_CLK_I (net)
                      0.167557    0.003014    0.214288 ^ clkbuf_3_1__f_CLK_I/I (gf180mcu_fd_sc_mcu7t5v0__clkbuf_16)
    12    0.063682    0.082281    0.184513    0.398801 ^ clkbuf_3_1__f_CLK_I/Z (gf180mcu_fd_sc_mcu7t5v0__clkbuf_16)
                                                         clknet_3_1__leaf_CLK_I (net)
                      0.082282    0.000441    0.399242 ^ _826_/CLK (gf180mcu_fd_sc_mcu7t5v0__dffq_1)
     5    0.025695    0.193253    0.500527    0.899769 v _826_/Q (gf180mcu_fd_sc_mcu7t5v0__dffq_1)
                                                         write_request_internal_flag (net)
                      0.193254    0.000324    0.900093 v _598_/A1 (gf180mcu_fd_sc_mcu7t5v0__nand4_1)
     1    0.005718    0.167062    0.155093    1.055186 ^ _598_/ZN (gf180mcu_fd_sc_mcu7t5v0__nand4_1)
                                                         _245_ (net)
                      0.167062    0.000110    1.055296 ^ _599_/B2 (gf180mcu_fd_sc_mcu7t5v0__oai32_1)
     1    0.005291    0.103653    0.084038    1.139333 v _599_/ZN (gf180mcu_fd_sc_mcu7t5v0__oai32_1)
                                                         _024_ (net)
                      0.103653    0.000111    1.139445 v _890_/D (gf180mcu_fd_sc_mcu7t5v0__dffq_1)
                                              1.139445   data arrival time

                                  0.000000    0.000000   clock system_clock (rise edge)
                                  0.000000    0.000000   clock source latency
     1    0.036579    0.000000    0.000000    0.000000 ^ CLK_I (in)
                                                         CLK_I (net)
                      0.003417    0.001398    0.001398 ^ clkbuf_0_CLK_I/I (gf180mcu_fd_sc_mcu7t5v0__clkbuf_16)
     8    0.208985    0.167533    0.209877    0.211275 ^ clkbuf_0_CLK_I/Z (gf180mcu_fd_sc_mcu7t5v0__clkbuf_16)
                                                         clknet_0_CLK_I (net)
                      0.167557    0.003014    0.214288 ^ clkbuf_3_1__f_CLK_I/I (gf180mcu_fd_sc_mcu7t5v0__clkbuf_16)
    12    0.063682    0.082281    0.184513    0.398801 ^ clkbuf_3_1__f_CLK_I/Z (gf180mcu_fd_sc_mcu7t5v0__clkbuf_16)
                                                         clknet_3_1__leaf_CLK_I (net)
                      0.082282    0.000571    0.399372 ^ _890_/CLK (gf180mcu_fd_sc_mcu7t5v0__dffq_1)
                                  0.500000    0.899372   clock uncertainty
                                  0.000000    0.899372   clock reconvergence pessimism
                                  0.057275    0.956647   library hold time
                                              0.956647   data required time
---------------------------------------------------------------------------------------------
                                              0.956647   data required time
                                             -1.139445   data arrival time
---------------------------------------------------------------------------------------------
                                              0.182798   slack (MET)


Startpoint: _860_ (rising edge-triggered flip-flop clocked by system_clock)
Endpoint: _860_ (rising edge-triggered flip-flop clocked by system_clock)
Path Group: system_clock
Path Type: min

Fanout         Cap        Slew       Delay        Time   Description
---------------------------------------------------------------------------------------------
                                  0.000000    0.000000   clock system_clock (rise edge)
                                  0.000000    0.000000   clock source latency
     1    0.036579    0.000000    0.000000    0.000000 ^ CLK_I (in)
                                                         CLK_I (net)
                      0.003417    0.001398    0.001398 ^ clkbuf_0_CLK_I/I (gf180mcu_fd_sc_mcu7t5v0__clkbuf_16)
     8    0.208985    0.167533    0.209877    0.211275 ^ clkbuf_0_CLK_I/Z (gf180mcu_fd_sc_mcu7t5v0__clkbuf_16)
                                                         clknet_0_CLK_I (net)
                      0.167658    0.004964    0.216238 ^ clkbuf_3_7__f_CLK_I/I (gf180mcu_fd_sc_mcu7t5v0__clkbuf_16)
    13    0.062541    0.081634    0.183976    0.400214 ^ clkbuf_3_7__f_CLK_I/Z (gf180mcu_fd_sc_mcu7t5v0__clkbuf_16)
                                                         clknet_3_7__leaf_CLK_I (net)
                      0.081634    0.000068    0.400282 ^ _860_/CLK (gf180mcu_fd_sc_mcu7t5v0__dffq_1)
     2    0.017306    0.143800    0.465545    0.865827 v _860_/Q (gf180mcu_fd_sc_mcu7t5v0__dffq_1)
                                                         net26 (net)
                      0.143807    0.000611    0.866438 v _801_/A1 (gf180mcu_fd_sc_mcu7t5v0__aoi22_1)
     1    0.006792    0.159263    0.132788    0.999226 ^ _801_/ZN (gf180mcu_fd_sc_mcu7t5v0__aoi22_1)
                                                         _400_ (net)
                      0.159263    0.000089    0.999315 ^ _802_/A2 (gf180mcu_fd_sc_mcu7t5v0__nor2_1)
     1    0.010225    0.152293    0.126160    1.125475 v _802_/ZN (gf180mcu_fd_sc_mcu7t5v0__nor2_1)
                                                         _073_ (net)
                      0.152294    0.000290    1.125766 v _860_/D (gf180mcu_fd_sc_mcu7t5v0__dffq_1)
                                              1.125766   data arrival time

                                  0.000000    0.000000   clock system_clock (rise edge)
                                  0.000000    0.000000   clock source latency
     1    0.036579    0.000000    0.000000    0.000000 ^ CLK_I (in)
                                                         CLK_I (net)
                      0.003417    0.001398    0.001398 ^ clkbuf_0_CLK_I/I (gf180mcu_fd_sc_mcu7t5v0__clkbuf_16)
     8    0.208985    0.167533    0.209877    0.211275 ^ clkbuf_0_CLK_I/Z (gf180mcu_fd_sc_mcu7t5v0__clkbuf_16)
                                                         clknet_0_CLK_I (net)
                      0.167658    0.004964    0.216238 ^ clkbuf_3_7__f_CLK_I/I (gf180mcu_fd_sc_mcu7t5v0__clkbuf_16)
    13    0.062541    0.081634    0.183976    0.400214 ^ clkbuf_3_7__f_CLK_I/Z (gf180mcu_fd_sc_mcu7t5v0__clkbuf_16)
                                                         clknet_3_7__leaf_CLK_I (net)
                      0.081634    0.000068    0.400282 ^ _860_/CLK (gf180mcu_fd_sc_mcu7t5v0__dffq_1)
                                  0.500000    0.900282   clock uncertainty
                                  0.000000    0.900282   clock reconvergence pessimism
                                  0.042260    0.942542   library hold time
                                              0.942542   data required time
---------------------------------------------------------------------------------------------
                                              0.942542   data required time
                                             -1.125766   data arrival time
---------------------------------------------------------------------------------------------
                                              0.183223   slack (MET)


Startpoint: _873_ (rising edge-triggered flip-flop clocked by system_clock)
Endpoint: _873_ (rising edge-triggered flip-flop clocked by system_clock)
Path Group: system_clock
Path Type: min

Fanout         Cap        Slew       Delay        Time   Description
---------------------------------------------------------------------------------------------
                                  0.000000    0.000000   clock system_clock (rise edge)
                                  0.000000    0.000000   clock source latency
     1    0.036579    0.000000    0.000000    0.000000 ^ CLK_I (in)
                                                         CLK_I (net)
                      0.003417    0.001398    0.001398 ^ clkbuf_0_CLK_I/I (gf180mcu_fd_sc_mcu7t5v0__clkbuf_16)
     8    0.208985    0.167533    0.209877    0.211275 ^ clkbuf_0_CLK_I/Z (gf180mcu_fd_sc_mcu7t5v0__clkbuf_16)
                                                         clknet_0_CLK_I (net)
                      0.167622    0.004454    0.215728 ^ clkbuf_3_6__f_CLK_I/I (gf180mcu_fd_sc_mcu7t5v0__clkbuf_16)
    13    0.063776    0.082341    0.184597    0.400325 ^ clkbuf_3_6__f_CLK_I/Z (gf180mcu_fd_sc_mcu7t5v0__clkbuf_16)
                                                         clknet_3_6__leaf_CLK_I (net)
                      0.082342    0.000517    0.400842 ^ _873_/CLK (gf180mcu_fd_sc_mcu7t5v0__dffq_1)
     4    0.026499    0.198028    0.503763    0.904605 v _873_/Q (gf180mcu_fd_sc_mcu7t5v0__dffq_1)
                                                         addr_set_register[7] (net)
                      0.198030    0.000439    0.905044 v _466_/A2 (gf180mcu_fd_sc_mcu7t5v0__nand2_1)
     1    0.007546    0.162187    0.149917    1.054962 ^ _466_/ZN (gf180mcu_fd_sc_mcu7t5v0__nand2_1)
                                                         _131_ (net)
                      0.162187    0.000171    1.055132 ^ _468_/A2 (gf180mcu_fd_sc_mcu7t5v0__nand3_1)
     1    0.003281    0.107390    0.088923    1.144055 v _468_/ZN (gf180mcu_fd_sc_mcu7t5v0__nand3_1)
                                                         _007_ (net)
                      0.107390    0.000033    1.144089 v _873_/D (gf180mcu_fd_sc_mcu7t5v0__dffq_1)
                                              1.144089   data arrival time

                                  0.000000    0.000000   clock system_clock (rise edge)
                                  0.000000    0.000000   clock source latency
     1    0.036579    0.000000    0.000000    0.000000 ^ CLK_I (in)
                                                         CLK_I (net)
                      0.003417    0.001398    0.001398 ^ clkbuf_0_CLK_I/I (gf180mcu_fd_sc_mcu7t5v0__clkbuf_16)
     8    0.208985    0.167533    0.209877    0.211275 ^ clkbuf_0_CLK_I/Z (gf180mcu_fd_sc_mcu7t5v0__clkbuf_16)
                                                         clknet_0_CLK_I (net)
                      0.167622    0.004454    0.215728 ^ clkbuf_3_6__f_CLK_I/I (gf180mcu_fd_sc_mcu7t5v0__clkbuf_16)
    13    0.063776    0.082341    0.184597    0.400325 ^ clkbuf_3_6__f_CLK_I/Z (gf180mcu_fd_sc_mcu7t5v0__clkbuf_16)
                                                         clknet_3_6__leaf_CLK_I (net)
                      0.082342    0.000517    0.400842 ^ _873_/CLK (gf180mcu_fd_sc_mcu7t5v0__dffq_1)
                                  0.500000    0.900842   clock uncertainty
                                  0.000000    0.900842   clock reconvergence pessimism
                                  0.056138    0.956981   library hold time
                                              0.956981   data required time
---------------------------------------------------------------------------------------------
                                              0.956981   data required time
                                             -1.144089   data arrival time
---------------------------------------------------------------------------------------------
                                              0.187108   slack (MET)


Startpoint: _893_ (rising edge-triggered flip-flop clocked by system_clock)
Endpoint: _893_ (rising edge-triggered flip-flop clocked by system_clock)
Path Group: system_clock
Path Type: min

Fanout         Cap        Slew       Delay        Time   Description
---------------------------------------------------------------------------------------------
                                  0.000000    0.000000   clock system_clock (rise edge)
                                  0.000000    0.000000   clock source latency
     1    0.036579    0.000000    0.000000    0.000000 ^ CLK_I (in)
                                                         CLK_I (net)
                      0.003417    0.001398    0.001398 ^ clkbuf_0_CLK_I/I (gf180mcu_fd_sc_mcu7t5v0__clkbuf_16)
     8    0.208985    0.167533    0.209877    0.211275 ^ clkbuf_0_CLK_I/Z (gf180mcu_fd_sc_mcu7t5v0__clkbuf_16)
                                                         clknet_0_CLK_I (net)
                      0.167554    0.002825    0.214099 ^ clkbuf_3_5__f_CLK_I/I (gf180mcu_fd_sc_mcu7t5v0__clkbuf_16)
    11    0.066350    0.083759    0.185653    0.399752 ^ clkbuf_3_5__f_CLK_I/Z (gf180mcu_fd_sc_mcu7t5v0__clkbuf_16)
                                                         clknet_3_5__leaf_CLK_I (net)
                      0.083759    0.000341    0.400093 ^ _893_/CLK (gf180mcu_fd_sc_mcu7t5v0__dffq_1)
     5    0.030401    0.221365    0.519870    0.919963 v _893_/Q (gf180mcu_fd_sc_mcu7t5v0__dffq_1)
                                                         wb_master_subroutine_iteration[1] (net)
                      0.221367    0.000437    0.920401 v _604_/A1 (gf180mcu_fd_sc_mcu7t5v0__nand3_1)
     1    0.006130    0.155121    0.149112    1.069513 ^ _604_/ZN (gf180mcu_fd_sc_mcu7t5v0__nand3_1)
                                                         _247_ (net)
                      0.155121    0.000068    1.069581 ^ _605_/A2 (gf180mcu_fd_sc_mcu7t5v0__aoi21_1)
     1    0.005029    0.095124    0.078501    1.148081 v _605_/ZN (gf180mcu_fd_sc_mcu7t5v0__aoi21_1)
                                                         _027_ (net)
                      0.095124    0.000105    1.148186 v _893_/D (gf180mcu_fd_sc_mcu7t5v0__dffq_1)
                                              1.148186   data arrival time

                                  0.000000    0.000000   clock system_clock (rise edge)
                                  0.000000    0.000000   clock source latency
     1    0.036579    0.000000    0.000000    0.000000 ^ CLK_I (in)
                                                         CLK_I (net)
                      0.003417    0.001398    0.001398 ^ clkbuf_0_CLK_I/I (gf180mcu_fd_sc_mcu7t5v0__clkbuf_16)
     8    0.208985    0.167533    0.209877    0.211275 ^ clkbuf_0_CLK_I/Z (gf180mcu_fd_sc_mcu7t5v0__clkbuf_16)
                                                         clknet_0_CLK_I (net)
                      0.167554    0.002825    0.214099 ^ clkbuf_3_5__f_CLK_I/I (gf180mcu_fd_sc_mcu7t5v0__clkbuf_16)
    11    0.066350    0.083759    0.185653    0.399752 ^ clkbuf_3_5__f_CLK_I/Z (gf180mcu_fd_sc_mcu7t5v0__clkbuf_16)
                                                         clknet_3_5__leaf_CLK_I (net)
                      0.083759    0.000341    0.400093 ^ _893_/CLK (gf180mcu_fd_sc_mcu7t5v0__dffq_1)
                                  0.500000    0.900093   clock uncertainty
                                  0.000000    0.900093   clock reconvergence pessimism
                                  0.059787    0.959880   library hold time
                                              0.959880   data required time
---------------------------------------------------------------------------------------------
                                              0.959880   data required time
                                             -1.148186   data arrival time
---------------------------------------------------------------------------------------------
                                              0.188306   slack (MET)


Startpoint: _851_ (rising edge-triggered flip-flop clocked by system_clock)
Endpoint: _851_ (rising edge-triggered flip-flop clocked by system_clock)
Path Group: system_clock
Path Type: min

Fanout         Cap        Slew       Delay        Time   Description
---------------------------------------------------------------------------------------------
                                  0.000000    0.000000   clock system_clock (rise edge)
                                  0.000000    0.000000   clock source latency
     1    0.036579    0.000000    0.000000    0.000000 ^ CLK_I (in)
                                                         CLK_I (net)
                      0.003417    0.001398    0.001398 ^ clkbuf_0_CLK_I/I (gf180mcu_fd_sc_mcu7t5v0__clkbuf_16)
     8    0.208985    0.167533    0.209877    0.211275 ^ clkbuf_0_CLK_I/Z (gf180mcu_fd_sc_mcu7t5v0__clkbuf_16)
                                                         clknet_0_CLK_I (net)
                      0.167559    0.003085    0.214359 ^ clkbuf_3_4__f_CLK_I/I (gf180mcu_fd_sc_mcu7t5v0__clkbuf_16)
    10    0.071140    0.086358    0.187504    0.401863 ^ clkbuf_3_4__f_CLK_I/Z (gf180mcu_fd_sc_mcu7t5v0__clkbuf_16)
                                                         clknet_3_4__leaf_CLK_I (net)
                      0.086358    0.000073    0.401935 ^ _851_/CLK (gf180mcu_fd_sc_mcu7t5v0__dffq_1)
     2    0.011185    0.109405    0.439640    0.841575 v _851_/Q (gf180mcu_fd_sc_mcu7t5v0__dffq_1)
                                                         net16 (net)
                      0.109405    0.000219    0.841794 v _782_/B2 (gf180mcu_fd_sc_mcu7t5v0__aoi22_1)
     1    0.009978    0.235485    0.190292    1.032086 ^ _782_/ZN (gf180mcu_fd_sc_mcu7t5v0__aoi22_1)
                                                         _390_ (net)
                      0.235485    0.000268    1.032354 ^ _783_/A2 (gf180mcu_fd_sc_mcu7t5v0__nor2_1)
     1    0.005672    0.138455    0.109215    1.141568 v _783_/ZN (gf180mcu_fd_sc_mcu7t5v0__nor2_1)
                                                         _064_ (net)
                      0.138455    0.000123    1.141691 v _851_/D (gf180mcu_fd_sc_mcu7t5v0__dffq_1)
                                              1.141691   data arrival time

                                  0.000000    0.000000   clock system_clock (rise edge)
                                  0.000000    0.000000   clock source latency
     1    0.036579    0.000000    0.000000    0.000000 ^ CLK_I (in)
                                                         CLK_I (net)
                      0.003417    0.001398    0.001398 ^ clkbuf_0_CLK_I/I (gf180mcu_fd_sc_mcu7t5v0__clkbuf_16)
     8    0.208985    0.167533    0.209877    0.211275 ^ clkbuf_0_CLK_I/Z (gf180mcu_fd_sc_mcu7t5v0__clkbuf_16)
                                                         clknet_0_CLK_I (net)
                      0.167559    0.003085    0.214359 ^ clkbuf_3_4__f_CLK_I/I (gf180mcu_fd_sc_mcu7t5v0__clkbuf_16)
    10    0.071140    0.086358    0.187504    0.401863 ^ clkbuf_3_4__f_CLK_I/Z (gf180mcu_fd_sc_mcu7t5v0__clkbuf_16)
                                                         clknet_3_4__leaf_CLK_I (net)
                      0.086358    0.000073    0.401935 ^ _851_/CLK (gf180mcu_fd_sc_mcu7t5v0__dffq_1)
                                  0.500000    0.901935   clock uncertainty
                                  0.000000    0.901935   clock reconvergence pessimism
                                  0.047230    0.949165   library hold time
                                              0.949165   data required time
---------------------------------------------------------------------------------------------
                                              0.949165   data required time
                                             -1.141691   data arrival time
---------------------------------------------------------------------------------------------
                                              0.192526   slack (MET)


Startpoint: _870_ (rising edge-triggered flip-flop clocked by system_clock)
Endpoint: _870_ (rising edge-triggered flip-flop clocked by system_clock)
Path Group: system_clock
Path Type: min

Fanout         Cap        Slew       Delay        Time   Description
---------------------------------------------------------------------------------------------
                                  0.000000    0.000000   clock system_clock (rise edge)
                                  0.000000    0.000000   clock source latency
     1    0.036579    0.000000    0.000000    0.000000 ^ CLK_I (in)
                                                         CLK_I (net)
                      0.003417    0.001398    0.001398 ^ clkbuf_0_CLK_I/I (gf180mcu_fd_sc_mcu7t5v0__clkbuf_16)
     8    0.208985    0.167533    0.209877    0.211275 ^ clkbuf_0_CLK_I/Z (gf180mcu_fd_sc_mcu7t5v0__clkbuf_16)
                                                         clknet_0_CLK_I (net)
                      0.167574    0.003551    0.214826 ^ clkbuf_3_3__f_CLK_I/I (gf180mcu_fd_sc_mcu7t5v0__clkbuf_16)
    10    0.068751    0.085081    0.186654    0.401480 ^ clkbuf_3_3__f_CLK_I/Z (gf180mcu_fd_sc_mcu7t5v0__clkbuf_16)
                                                         clknet_3_3__leaf_CLK_I (net)
                      0.085082    0.000384    0.401864 ^ _870_/CLK (gf180mcu_fd_sc_mcu7t5v0__dffq_1)
     4    0.025757    0.193603    0.501175    0.903039 v _870_/Q (gf180mcu_fd_sc_mcu7t5v0__dffq_1)
                                                         addr_set_register[4] (net)
                      0.193605    0.000430    0.903469 v _458_/A1 (gf180mcu_fd_sc_mcu7t5v0__oai21_1)
     1    0.004378    0.172497    0.151320    1.054789 ^ _458_/ZN (gf180mcu_fd_sc_mcu7t5v0__oai21_1)
                                                         _126_ (net)
                      0.172497    0.000081    1.054870 ^ _459_/B (gf180mcu_fd_sc_mcu7t5v0__aoi21_1)
     1    0.002800    0.118128    0.099408    1.154278 v _459_/ZN (gf180mcu_fd_sc_mcu7t5v0__aoi21_1)
                                                         _004_ (net)
                      0.118128    0.000027    1.154304 v _870_/D (gf180mcu_fd_sc_mcu7t5v0__dffq_1)
                                              1.154304   data arrival time

                                  0.000000    0.000000   clock system_clock (rise edge)
                                  0.000000    0.000000   clock source latency
     1    0.036579    0.000000    0.000000    0.000000 ^ CLK_I (in)
                                                         CLK_I (net)
                      0.003417    0.001398    0.001398 ^ clkbuf_0_CLK_I/I (gf180mcu_fd_sc_mcu7t5v0__clkbuf_16)
     8    0.208985    0.167533    0.209877    0.211275 ^ clkbuf_0_CLK_I/Z (gf180mcu_fd_sc_mcu7t5v0__clkbuf_16)
                                                         clknet_0_CLK_I (net)
                      0.167574    0.003551    0.214826 ^ clkbuf_3_3__f_CLK_I/I (gf180mcu_fd_sc_mcu7t5v0__clkbuf_16)
    10    0.068751    0.085081    0.186654    0.401480 ^ clkbuf_3_3__f_CLK_I/Z (gf180mcu_fd_sc_mcu7t5v0__clkbuf_16)
                                                         clknet_3_3__leaf_CLK_I (net)
                      0.085082    0.000384    0.401864 ^ _870_/CLK (gf180mcu_fd_sc_mcu7t5v0__dffq_1)
                                  0.500000    0.901864   clock uncertainty
                                  0.000000    0.901864   clock reconvergence pessimism
                                  0.053269    0.955133   library hold time
                                              0.955133   data required time
---------------------------------------------------------------------------------------------
                                              0.955133   data required time
                                             -1.154304   data arrival time
---------------------------------------------------------------------------------------------
                                              0.199171   slack (MET)


Startpoint: _838_ (rising edge-triggered flip-flop clocked by system_clock)
Endpoint: _838_ (rising edge-triggered flip-flop clocked by system_clock)
Path Group: system_clock
Path Type: min

Fanout         Cap        Slew       Delay        Time   Description
---------------------------------------------------------------------------------------------
                                  0.000000    0.000000   clock system_clock (rise edge)
                                  0.000000    0.000000   clock source latency
     1    0.036579    0.000000    0.000000    0.000000 ^ CLK_I (in)
                                                         CLK_I (net)
                      0.003417    0.001398    0.001398 ^ clkbuf_0_CLK_I/I (gf180mcu_fd_sc_mcu7t5v0__clkbuf_16)
     8    0.208985    0.167533    0.209877    0.211275 ^ clkbuf_0_CLK_I/Z (gf180mcu_fd_sc_mcu7t5v0__clkbuf_16)
                                                         clknet_0_CLK_I (net)
                      0.167587    0.003837    0.215112 ^ clkbuf_3_2__f_CLK_I/I (gf180mcu_fd_sc_mcu7t5v0__clkbuf_16)
    14    0.060187    0.080307    0.182842    0.397954 ^ clkbuf_3_2__f_CLK_I/Z (gf180mcu_fd_sc_mcu7t5v0__clkbuf_16)
                                                         clknet_3_2__leaf_CLK_I (net)
                      0.080307    0.000035    0.397989 ^ _838_/CLK (gf180mcu_fd_sc_mcu7t5v0__dffq_1)
     4    0.024901    0.188535    0.496996    0.894986 v _838_/Q (gf180mcu_fd_sc_mcu7t5v0__dffq_1)
                                                         address_data_buffer_internal[2] (net)
                      0.188536    0.000271    0.895257 v _425_/I (gf180mcu_fd_sc_mcu7t5v0__clkinv_1)
     2    0.014330    0.190827    0.159020    1.054276 ^ _425_/ZN (gf180mcu_fd_sc_mcu7t5v0__clkinv_1)
                                                         _098_ (net)
                      0.190827    0.000220    1.054496 ^ _765_/A2 (gf180mcu_fd_sc_mcu7t5v0__oai21_1)
     1    0.005180    0.099660    0.102808    1.157304 v _765_/ZN (gf180mcu_fd_sc_mcu7t5v0__oai21_1)
                                                         _051_ (net)
                      0.099660    0.000112    1.157415 v _838_/D (gf180mcu_fd_sc_mcu7t5v0__dffq_1)
                                              1.157415   data arrival time

                                  0.000000    0.000000   clock system_clock (rise edge)
                                  0.000000    0.000000   clock source latency
     1    0.036579    0.000000    0.000000    0.000000 ^ CLK_I (in)
                                                         CLK_I (net)
                      0.003417    0.001398    0.001398 ^ clkbuf_0_CLK_I/I (gf180mcu_fd_sc_mcu7t5v0__clkbuf_16)
     8    0.208985    0.167533    0.209877    0.211275 ^ clkbuf_0_CLK_I/Z (gf180mcu_fd_sc_mcu7t5v0__clkbuf_16)
                                                         clknet_0_CLK_I (net)
                      0.167587    0.003837    0.215112 ^ clkbuf_3_2__f_CLK_I/I (gf180mcu_fd_sc_mcu7t5v0__clkbuf_16)
    14    0.060187    0.080307    0.182842    0.397954 ^ clkbuf_3_2__f_CLK_I/Z (gf180mcu_fd_sc_mcu7t5v0__clkbuf_16)
                                                         clknet_3_2__leaf_CLK_I (net)
                      0.080307    0.000035    0.397989 ^ _838_/CLK (gf180mcu_fd_sc_mcu7t5v0__dffq_1)
                                  0.500000    0.897989   clock uncertainty
                                  0.000000    0.897989   clock reconvergence pessimism
                                  0.058150    0.956139   library hold time
                                              0.956139   data required time
---------------------------------------------------------------------------------------------
                                              0.956139   data required time
                                             -1.157415   data arrival time
---------------------------------------------------------------------------------------------
                                              0.201277   slack (MET)


Startpoint: _864_ (rising edge-triggered flip-flop clocked by system_clock)
Endpoint: _864_ (rising edge-triggered flip-flop clocked by system_clock)
Path Group: system_clock
Path Type: min

Fanout         Cap        Slew       Delay        Time   Description
---------------------------------------------------------------------------------------------
                                  0.000000    0.000000   clock system_clock (rise edge)
                                  0.000000    0.000000   clock source latency
     1    0.036579    0.000000    0.000000    0.000000 ^ CLK_I (in)
                                                         CLK_I (net)
                      0.003417    0.001398    0.001398 ^ clkbuf_0_CLK_I/I (gf180mcu_fd_sc_mcu7t5v0__clkbuf_16)
     8    0.208985    0.167533    0.209877    0.211275 ^ clkbuf_0_CLK_I/Z (gf180mcu_fd_sc_mcu7t5v0__clkbuf_16)
                                                         clknet_0_CLK_I (net)
                      0.167554    0.002825    0.214099 ^ clkbuf_3_5__f_CLK_I/I (gf180mcu_fd_sc_mcu7t5v0__clkbuf_16)
    11    0.066350    0.083759    0.185653    0.399752 ^ clkbuf_3_5__f_CLK_I/Z (gf180mcu_fd_sc_mcu7t5v0__clkbuf_16)
                                                         clknet_3_5__leaf_CLK_I (net)
                      0.083759    0.000370    0.400122 ^ _864_/CLK (gf180mcu_fd_sc_mcu7t5v0__dffq_1)
     3    0.028398    0.209267    0.511312    0.911434 v _864_/Q (gf180mcu_fd_sc_mcu7t5v0__dffq_1)
                                                         net21 (net)
                      0.209271    0.000619    0.912053 v _809_/B (gf180mcu_fd_sc_mcu7t5v0__oai21_1)
     1    0.005712    0.175337    0.162191    1.074244 ^ _809_/ZN (gf180mcu_fd_sc_mcu7t5v0__oai21_1)
                                                         _404_ (net)
                      0.175337    0.000112    1.074356 ^ _810_/A2 (gf180mcu_fd_sc_mcu7t5v0__aoi21_1)
     1    0.005946    0.105908    0.084722    1.159078 v _810_/ZN (gf180mcu_fd_sc_mcu7t5v0__aoi21_1)
                                                         _077_ (net)
                      0.105908    0.000135    1.159212 v _864_/D (gf180mcu_fd_sc_mcu7t5v0__dffq_1)
                                              1.159212   data arrival time

                                  0.000000    0.000000   clock system_clock (rise edge)
                                  0.000000    0.000000   clock source latency
     1    0.036579    0.000000    0.000000    0.000000 ^ CLK_I (in)
                                                         CLK_I (net)
                      0.003417    0.001398    0.001398 ^ clkbuf_0_CLK_I/I (gf180mcu_fd_sc_mcu7t5v0__clkbuf_16)
     8    0.208985    0.167533    0.209877    0.211275 ^ clkbuf_0_CLK_I/Z (gf180mcu_fd_sc_mcu7t5v0__clkbuf_16)
                                                         clknet_0_CLK_I (net)
                      0.167554    0.002825    0.214099 ^ clkbuf_3_5__f_CLK_I/I (gf180mcu_fd_sc_mcu7t5v0__clkbuf_16)
    11    0.066350    0.083759    0.185653    0.399752 ^ clkbuf_3_5__f_CLK_I/Z (gf180mcu_fd_sc_mcu7t5v0__clkbuf_16)
                                                         clknet_3_5__leaf_CLK_I (net)
                      0.083759    0.000370    0.400122 ^ _864_/CLK (gf180mcu_fd_sc_mcu7t5v0__dffq_1)
                                  0.500000    0.900122   clock uncertainty
                                  0.000000    0.900122   clock reconvergence pessimism
                                  0.056812    0.956934   library hold time
                                              0.956934   data required time
---------------------------------------------------------------------------------------------
                                              0.956934   data required time
                                             -1.159212   data arrival time
---------------------------------------------------------------------------------------------
                                              0.202278   slack (MET)


Startpoint: _818_ (rising edge-triggered flip-flop clocked by system_clock)
Endpoint: _819_ (rising edge-triggered flip-flop clocked by system_clock)
Path Group: system_clock
Path Type: min

Fanout         Cap        Slew       Delay        Time   Description
---------------------------------------------------------------------------------------------
                                  0.000000    0.000000   clock system_clock (rise edge)
                                  0.000000    0.000000   clock source latency
     1    0.036579    0.000000    0.000000    0.000000 ^ CLK_I (in)
                                                         CLK_I (net)
                      0.003417    0.001398    0.001398 ^ clkbuf_0_CLK_I/I (gf180mcu_fd_sc_mcu7t5v0__clkbuf_16)
     8    0.208985    0.167533    0.209877    0.211275 ^ clkbuf_0_CLK_I/Z (gf180mcu_fd_sc_mcu7t5v0__clkbuf_16)
                                                         clknet_0_CLK_I (net)
                      0.167557    0.003014    0.214288 ^ clkbuf_3_1__f_CLK_I/I (gf180mcu_fd_sc_mcu7t5v0__clkbuf_16)
    12    0.063682    0.082281    0.184513    0.398801 ^ clkbuf_3_1__f_CLK_I/Z (gf180mcu_fd_sc_mcu7t5v0__clkbuf_16)
                                                         clknet_3_1__leaf_CLK_I (net)
                      0.082283    0.000655    0.399457 ^ _818_/CLK (gf180mcu_fd_sc_mcu7t5v0__dffq_1)
     4    0.031372    0.227182    0.523517    0.922973 v _818_/Q (gf180mcu_fd_sc_mcu7t5v0__dffq_1)
                                                         recv_data_buffer[0] (net)
                      0.227184    0.000409    0.923383 v _684_/A1 (gf180mcu_fd_sc_mcu7t5v0__nand4_1)
     1    0.005939    0.174689    0.166446    1.089829 ^ _684_/ZN (gf180mcu_fd_sc_mcu7t5v0__nand4_1)
                                                         _324_ (net)
                      0.174689    0.000064    1.089893 ^ _685_/B (gf180mcu_fd_sc_mcu7t5v0__oai21_1)
     1    0.003157    0.088749    0.077715    1.167608 v _685_/ZN (gf180mcu_fd_sc_mcu7t5v0__oai21_1)
                                                         _032_ (net)
                      0.088749    0.000032    1.167640 v _819_/D (gf180mcu_fd_sc_mcu7t5v0__dffq_1)
                                              1.167640   data arrival time

                                  0.000000    0.000000   clock system_clock (rise edge)
                                  0.000000    0.000000   clock source latency
     1    0.036579    0.000000    0.000000    0.000000 ^ CLK_I (in)
                                                         CLK_I (net)
                      0.003417    0.001398    0.001398 ^ clkbuf_0_CLK_I/I (gf180mcu_fd_sc_mcu7t5v0__clkbuf_16)
     8    0.208985    0.167533    0.209877    0.211275 ^ clkbuf_0_CLK_I/Z (gf180mcu_fd_sc_mcu7t5v0__clkbuf_16)
                                                         clknet_0_CLK_I (net)
                      0.167574    0.003551    0.214826 ^ clkbuf_3_3__f_CLK_I/I (gf180mcu_fd_sc_mcu7t5v0__clkbuf_16)
    10    0.068751    0.085081    0.186654    0.401480 ^ clkbuf_3_3__f_CLK_I/Z (gf180mcu_fd_sc_mcu7t5v0__clkbuf_16)
                                                         clknet_3_3__leaf_CLK_I (net)
                      0.085081    0.000181    0.401661 ^ _819_/CLK (gf180mcu_fd_sc_mcu7t5v0__dffq_1)
                                  0.500000    0.901662   clock uncertainty
                                  0.000000    0.901662   clock reconvergence pessimism
                                  0.061552    0.963213   library hold time
                                              0.963213   data required time
---------------------------------------------------------------------------------------------
                                              0.963213   data required time
                                             -1.167640   data arrival time
---------------------------------------------------------------------------------------------
                                              0.204427   slack (MET)


Startpoint: _836_ (rising edge-triggered flip-flop clocked by system_clock)
Endpoint: _836_ (rising edge-triggered flip-flop clocked by system_clock)
Path Group: system_clock
Path Type: min

Fanout         Cap        Slew       Delay        Time   Description
---------------------------------------------------------------------------------------------
                                  0.000000    0.000000   clock system_clock (rise edge)
                                  0.000000    0.000000   clock source latency
     1    0.036579    0.000000    0.000000    0.000000 ^ CLK_I (in)
                                                         CLK_I (net)
                      0.003417    0.001398    0.001398 ^ clkbuf_0_CLK_I/I (gf180mcu_fd_sc_mcu7t5v0__clkbuf_16)
     8    0.208985    0.167533    0.209877    0.211275 ^ clkbuf_0_CLK_I/Z (gf180mcu_fd_sc_mcu7t5v0__clkbuf_16)
                                                         clknet_0_CLK_I (net)
                      0.167582    0.003747    0.215022 ^ clkbuf_3_0__f_CLK_I/I (gf180mcu_fd_sc_mcu7t5v0__clkbuf_16)
     9    0.058017    0.079128    0.182017    0.397039 ^ clkbuf_3_0__f_CLK_I/Z (gf180mcu_fd_sc_mcu7t5v0__clkbuf_16)
                                                         clknet_3_0__leaf_CLK_I (net)
                      0.079132    0.001033    0.398072 ^ _836_/CLK (gf180mcu_fd_sc_mcu7t5v0__dffq_1)
     4    0.031196    0.226057    0.521959    0.920030 v _836_/Q (gf180mcu_fd_sc_mcu7t5v0__dffq_1)
                                                         address_data_buffer_internal[0] (net)
                      0.226058    0.000412    0.920442 v _761_/I0 (gf180mcu_fd_sc_mcu7t5v0__mux2_2)
     1    0.005004    0.077041    0.246560    1.167002 v _761_/Z (gf180mcu_fd_sc_mcu7t5v0__mux2_2)
                                                         _049_ (net)
                      0.077041    0.000104    1.167106 v _836_/D (gf180mcu_fd_sc_mcu7t5v0__dffq_1)
                                              1.167106   data arrival time

                                  0.000000    0.000000   clock system_clock (rise edge)
                                  0.000000    0.000000   clock source latency
     1    0.036579    0.000000    0.000000    0.000000 ^ CLK_I (in)
                                                         CLK_I (net)
                      0.003417    0.001398    0.001398 ^ clkbuf_0_CLK_I/I (gf180mcu_fd_sc_mcu7t5v0__clkbuf_16)
     8    0.208985    0.167533    0.209877    0.211275 ^ clkbuf_0_CLK_I/Z (gf180mcu_fd_sc_mcu7t5v0__clkbuf_16)
                                                         clknet_0_CLK_I (net)
                      0.167582    0.003747    0.215022 ^ clkbuf_3_0__f_CLK_I/I (gf180mcu_fd_sc_mcu7t5v0__clkbuf_16)
     9    0.058017    0.079128    0.182017    0.397039 ^ clkbuf_3_0__f_CLK_I/Z (gf180mcu_fd_sc_mcu7t5v0__clkbuf_16)
                                                         clknet_3_0__leaf_CLK_I (net)
                      0.079132    0.001033    0.398072 ^ _836_/CLK (gf180mcu_fd_sc_mcu7t5v0__dffq_1)
                                  0.500000    0.898072   clock uncertainty
                                  0.000000    0.898072   clock reconvergence pessimism
                                  0.063353    0.961424   library hold time
                                              0.961424   data required time
---------------------------------------------------------------------------------------------
                                              0.961424   data required time
                                             -1.167106   data arrival time
---------------------------------------------------------------------------------------------
                                              0.205682   slack (MET)


Startpoint: _853_ (rising edge-triggered flip-flop clocked by system_clock)
Endpoint: _853_ (rising edge-triggered flip-flop clocked by system_clock)
Path Group: system_clock
Path Type: min

Fanout         Cap        Slew       Delay        Time   Description
---------------------------------------------------------------------------------------------
                                  0.000000    0.000000   clock system_clock (rise edge)
                                  0.000000    0.000000   clock source latency
     1    0.036579    0.000000    0.000000    0.000000 ^ CLK_I (in)
                                                         CLK_I (net)
                      0.003417    0.001398    0.001398 ^ clkbuf_0_CLK_I/I (gf180mcu_fd_sc_mcu7t5v0__clkbuf_16)
     8    0.208985    0.167533    0.209877    0.211275 ^ clkbuf_0_CLK_I/Z (gf180mcu_fd_sc_mcu7t5v0__clkbuf_16)
                                                         clknet_0_CLK_I (net)
                      0.167554    0.002825    0.214099 ^ clkbuf_3_5__f_CLK_I/I (gf180mcu_fd_sc_mcu7t5v0__clkbuf_16)
    11    0.066350    0.083759    0.185653    0.399752 ^ clkbuf_3_5__f_CLK_I/Z (gf180mcu_fd_sc_mcu7t5v0__clkbuf_16)
                                                         clknet_3_5__leaf_CLK_I (net)
                      0.083760    0.000520    0.400272 ^ _853_/CLK (gf180mcu_fd_sc_mcu7t5v0__dffq_1)
     2    0.011613    0.111795    0.441033    0.841304 v _853_/Q (gf180mcu_fd_sc_mcu7t5v0__dffq_1)
                                                         net18 (net)
                      0.111795    0.000233    0.841537 v _786_/B2 (gf180mcu_fd_sc_mcu7t5v0__aoi22_1)
     1    0.009145    0.196637    0.184143    1.025680 ^ _786_/ZN (gf180mcu_fd_sc_mcu7t5v0__aoi22_1)
                                                         _392_ (net)
                      0.196637    0.000233    1.025913 ^ _787_/A2 (gf180mcu_fd_sc_mcu7t5v0__nor2_1)
     1    0.009008    0.151080    0.125420    1.151333 v _787_/ZN (gf180mcu_fd_sc_mcu7t5v0__nor2_1)
                                                         _066_ (net)
                      0.151081    0.000301    1.151634 v _853_/D (gf180mcu_fd_sc_mcu7t5v0__dffq_1)
                                              1.151634   data arrival time

                                  0.000000    0.000000   clock system_clock (rise edge)
                                  0.000000    0.000000   clock source latency
     1    0.036579    0.000000    0.000000    0.000000 ^ CLK_I (in)
                                                         CLK_I (net)
                      0.003417    0.001398    0.001398 ^ clkbuf_0_CLK_I/I (gf180mcu_fd_sc_mcu7t5v0__clkbuf_16)
     8    0.208985    0.167533    0.209877    0.211275 ^ clkbuf_0_CLK_I/Z (gf180mcu_fd_sc_mcu7t5v0__clkbuf_16)
                                                         clknet_0_CLK_I (net)
                      0.167554    0.002825    0.214099 ^ clkbuf_3_5__f_CLK_I/I (gf180mcu_fd_sc_mcu7t5v0__clkbuf_16)
    11    0.066350    0.083759    0.185653    0.399752 ^ clkbuf_3_5__f_CLK_I/Z (gf180mcu_fd_sc_mcu7t5v0__clkbuf_16)
                                                         clknet_3_5__leaf_CLK_I (net)
                      0.083760    0.000520    0.400272 ^ _853_/CLK (gf180mcu_fd_sc_mcu7t5v0__dffq_1)
                                  0.500000    0.900272   clock uncertainty
                                  0.000000    0.900272   clock reconvergence pessimism
                                  0.042958    0.943230   library hold time
                                              0.943230   data required time
---------------------------------------------------------------------------------------------
                                              0.943230   data required time
                                             -1.151634   data arrival time
---------------------------------------------------------------------------------------------
                                              0.208405   slack (MET)


Startpoint: _867_ (rising edge-triggered flip-flop clocked by system_clock)
Endpoint: _867_ (rising edge-triggered flip-flop clocked by system_clock)
Path Group: system_clock
Path Type: min

Fanout         Cap        Slew       Delay        Time   Description
---------------------------------------------------------------------------------------------
                                  0.000000    0.000000   clock system_clock (rise edge)
                                  0.000000    0.000000   clock source latency
     1    0.036579    0.000000    0.000000    0.000000 ^ CLK_I (in)
                                                         CLK_I (net)
                      0.003417    0.001398    0.001398 ^ clkbuf_0_CLK_I/I (gf180mcu_fd_sc_mcu7t5v0__clkbuf_16)
     8    0.208985    0.167533    0.209877    0.211275 ^ clkbuf_0_CLK_I/Z (gf180mcu_fd_sc_mcu7t5v0__clkbuf_16)
                                                         clknet_0_CLK_I (net)
                      0.167574    0.003551    0.214826 ^ clkbuf_3_3__f_CLK_I/I (gf180mcu_fd_sc_mcu7t5v0__clkbuf_16)
    10    0.068751    0.085081    0.186654    0.401480 ^ clkbuf_3_3__f_CLK_I/Z (gf180mcu_fd_sc_mcu7t5v0__clkbuf_16)
                                                         clknet_3_3__leaf_CLK_I (net)
                      0.085081    0.000034    0.401515 ^ _867_/CLK (gf180mcu_fd_sc_mcu7t5v0__dffq_1)
     3    0.017040    0.142332    0.465144    0.866658 v _867_/Q (gf180mcu_fd_sc_mcu7t5v0__dffq_1)
                                                         addr_set_register[1] (net)
                      0.142334    0.000362    0.867020 v _408_/I (gf180mcu_fd_sc_mcu7t5v0__clkinv_1)
     3    0.019174    0.233585    0.176798    1.043817 ^ _408_/ZN (gf180mcu_fd_sc_mcu7t5v0__clkinv_1)
                                                         _081_ (net)
                      0.233585    0.000264    1.044081 ^ _816_/A1 (gf180mcu_fd_sc_mcu7t5v0__oai211_1)
     1    0.004434    0.140340    0.112284    1.156365 v _816_/ZN (gf180mcu_fd_sc_mcu7t5v0__oai211_1)
                                                         _080_ (net)
                      0.140340    0.000087    1.156452 v _867_/D (gf180mcu_fd_sc_mcu7t5v0__dffq_1)
                                              1.156452   data arrival time

                                  0.000000    0.000000   clock system_clock (rise edge)
                                  0.000000    0.000000   clock source latency
     1    0.036579    0.000000    0.000000    0.000000 ^ CLK_I (in)
                                                         CLK_I (net)
                      0.003417    0.001398    0.001398 ^ clkbuf_0_CLK_I/I (gf180mcu_fd_sc_mcu7t5v0__clkbuf_16)
     8    0.208985    0.167533    0.209877    0.211275 ^ clkbuf_0_CLK_I/Z (gf180mcu_fd_sc_mcu7t5v0__clkbuf_16)
                                                         clknet_0_CLK_I (net)
                      0.167574    0.003551    0.214826 ^ clkbuf_3_3__f_CLK_I/I (gf180mcu_fd_sc_mcu7t5v0__clkbuf_16)
    10    0.068751    0.085081    0.186654    0.401480 ^ clkbuf_3_3__f_CLK_I/Z (gf180mcu_fd_sc_mcu7t5v0__clkbuf_16)
                                                         clknet_3_3__leaf_CLK_I (net)
                      0.085081    0.000034    0.401515 ^ _867_/CLK (gf180mcu_fd_sc_mcu7t5v0__dffq_1)
                                  0.500000    0.901515   clock uncertainty
                                  0.000000    0.901515   clock reconvergence pessimism
                                  0.046455    0.947970   library hold time
                                              0.947970   data required time
---------------------------------------------------------------------------------------------
                                              0.947970   data required time
                                             -1.156452   data arrival time
---------------------------------------------------------------------------------------------
                                              0.208482   slack (MET)


Startpoint: _849_ (rising edge-triggered flip-flop clocked by system_clock)
Endpoint: _849_ (rising edge-triggered flip-flop clocked by system_clock)
Path Group: system_clock
Path Type: min

Fanout         Cap        Slew       Delay        Time   Description
---------------------------------------------------------------------------------------------
                                  0.000000    0.000000   clock system_clock (rise edge)
                                  0.000000    0.000000   clock source latency
     1    0.036579    0.000000    0.000000    0.000000 ^ CLK_I (in)
                                                         CLK_I (net)
                      0.003417    0.001398    0.001398 ^ clkbuf_0_CLK_I/I (gf180mcu_fd_sc_mcu7t5v0__clkbuf_16)
     8    0.208985    0.167533    0.209877    0.211275 ^ clkbuf_0_CLK_I/Z (gf180mcu_fd_sc_mcu7t5v0__clkbuf_16)
                                                         clknet_0_CLK_I (net)
                      0.167559    0.003085    0.214359 ^ clkbuf_3_4__f_CLK_I/I (gf180mcu_fd_sc_mcu7t5v0__clkbuf_16)
    10    0.071140    0.086358    0.187504    0.401863 ^ clkbuf_3_4__f_CLK_I/Z (gf180mcu_fd_sc_mcu7t5v0__clkbuf_16)
                                                         clknet_3_4__leaf_CLK_I (net)
                      0.086361    0.000966    0.402829 ^ _849_/CLK (gf180mcu_fd_sc_mcu7t5v0__dffq_1)
     2    0.010599    0.106136    0.437078    0.839906 v _849_/Q (gf180mcu_fd_sc_mcu7t5v0__dffq_1)
                                                         net14 (net)
                      0.106136    0.000180    0.840086 v _778_/B2 (gf180mcu_fd_sc_mcu7t5v0__aoi22_1)
     1    0.009584    0.227203    0.186422    1.026508 ^ _778_/ZN (gf180mcu_fd_sc_mcu7t5v0__aoi22_1)
                                                         _388_ (net)
                      0.227203    0.000242    1.026750 ^ _779_/A2 (gf180mcu_fd_sc_mcu7t5v0__nor2_1)
     1    0.008650    0.155709    0.127933    1.154683 v _779_/ZN (gf180mcu_fd_sc_mcu7t5v0__nor2_1)
                                                         _062_ (net)
                      0.155709    0.000222    1.154905 v _849_/D (gf180mcu_fd_sc_mcu7t5v0__dffq_1)
                                              1.154905   data arrival time

                                  0.000000    0.000000   clock system_clock (rise edge)
                                  0.000000    0.000000   clock source latency
     1    0.036579    0.000000    0.000000    0.000000 ^ CLK_I (in)
                                                         CLK_I (net)
                      0.003417    0.001398    0.001398 ^ clkbuf_0_CLK_I/I (gf180mcu_fd_sc_mcu7t5v0__clkbuf_16)
     8    0.208985    0.167533    0.209877    0.211275 ^ clkbuf_0_CLK_I/Z (gf180mcu_fd_sc_mcu7t5v0__clkbuf_16)
                                                         clknet_0_CLK_I (net)
                      0.167559    0.003085    0.214359 ^ clkbuf_3_4__f_CLK_I/I (gf180mcu_fd_sc_mcu7t5v0__clkbuf_16)
    10    0.071140    0.086358    0.187504    0.401863 ^ clkbuf_3_4__f_CLK_I/Z (gf180mcu_fd_sc_mcu7t5v0__clkbuf_16)
                                                         clknet_3_4__leaf_CLK_I (net)
                      0.086361    0.000966    0.402829 ^ _849_/CLK (gf180mcu_fd_sc_mcu7t5v0__dffq_1)
                                  0.500000    0.902829   clock uncertainty
                                  0.000000    0.902829   clock reconvergence pessimism
                                  0.041936    0.944765   library hold time
                                              0.944765   data required time
---------------------------------------------------------------------------------------------
                                              0.944765   data required time
                                             -1.154905   data arrival time
---------------------------------------------------------------------------------------------
                                              0.210140   slack (MET)


Startpoint: _817_ (rising edge-triggered flip-flop clocked by system_clock)
Endpoint: _817_ (rising edge-triggered flip-flop clocked by system_clock)
Path Group: system_clock
Path Type: min

Fanout         Cap        Slew       Delay        Time   Description
---------------------------------------------------------------------------------------------
                                  0.000000    0.000000   clock system_clock (rise edge)
                                  0.000000    0.000000   clock source latency
     1    0.036579    0.000000    0.000000    0.000000 ^ CLK_I (in)
                                                         CLK_I (net)
                      0.003417    0.001398    0.001398 ^ clkbuf_0_CLK_I/I (gf180mcu_fd_sc_mcu7t5v0__clkbuf_16)
     8    0.208985    0.167533    0.209877    0.211275 ^ clkbuf_0_CLK_I/Z (gf180mcu_fd_sc_mcu7t5v0__clkbuf_16)
                                                         clknet_0_CLK_I (net)
                      0.167587    0.003837    0.215112 ^ clkbuf_3_2__f_CLK_I/I (gf180mcu_fd_sc_mcu7t5v0__clkbuf_16)
    14    0.060187    0.080307    0.182842    0.397954 ^ clkbuf_3_2__f_CLK_I/Z (gf180mcu_fd_sc_mcu7t5v0__clkbuf_16)
                                                         clknet_3_2__leaf_CLK_I (net)
                      0.080313    0.001226    0.399181 ^ _817_/CLK (gf180mcu_fd_sc_mcu7t5v0__dffq_1)
     2    0.014772    0.129506    0.454214    0.853395 v _817_/Q (gf180mcu_fd_sc_mcu7t5v0__dffq_1)
                                                         net32 (net)
                      0.129506    0.000250    0.853644 v _437_/I (gf180mcu_fd_sc_mcu7t5v0__clkinv_1)
     2    0.007134    0.113526    0.097612    0.951257 ^ _437_/ZN (gf180mcu_fd_sc_mcu7t5v0__clkinv_1)
                                                         net33 (net)
                      0.113526    0.000100    0.951356 ^ _674_/A2 (gf180mcu_fd_sc_mcu7t5v0__or2_1)
     1    0.006410    0.105685    0.170547    1.121903 ^ _674_/Z (gf180mcu_fd_sc_mcu7t5v0__or2_1)
                                                         _316_ (net)
                      0.105685    0.000078    1.121982 ^ _675_/A2 (gf180mcu_fd_sc_mcu7t5v0__nand2_1)
     1    0.003070    0.069663    0.061114    1.183096 v _675_/ZN (gf180mcu_fd_sc_mcu7t5v0__nand2_1)
                                                         _030_ (net)
                      0.069663    0.000031    1.183127 v _817_/D (gf180mcu_fd_sc_mcu7t5v0__dffq_1)
                                              1.183127   data arrival time

                                  0.000000    0.000000   clock system_clock (rise edge)
                                  0.000000    0.000000   clock source latency
     1    0.036579    0.000000    0.000000    0.000000 ^ CLK_I (in)
                                                         CLK_I (net)
                      0.003417    0.001398    0.001398 ^ clkbuf_0_CLK_I/I (gf180mcu_fd_sc_mcu7t5v0__clkbuf_16)
     8    0.208985    0.167533    0.209877    0.211275 ^ clkbuf_0_CLK_I/Z (gf180mcu_fd_sc_mcu7t5v0__clkbuf_16)
                                                         clknet_0_CLK_I (net)
                      0.167587    0.003837    0.215112 ^ clkbuf_3_2__f_CLK_I/I (gf180mcu_fd_sc_mcu7t5v0__clkbuf_16)
    14    0.060187    0.080307    0.182842    0.397954 ^ clkbuf_3_2__f_CLK_I/Z (gf180mcu_fd_sc_mcu7t5v0__clkbuf_16)
                                                         clknet_3_2__leaf_CLK_I (net)
                      0.080313    0.001226    0.399181 ^ _817_/CLK (gf180mcu_fd_sc_mcu7t5v0__dffq_1)
                                  0.500000    0.899181   clock uncertainty
                                  0.000000    0.899181   clock reconvergence pessimism
                                  0.065326    0.964507   library hold time
                                              0.964507   data required time
---------------------------------------------------------------------------------------------
                                              0.964507   data required time
                                             -1.183127   data arrival time
---------------------------------------------------------------------------------------------
                                              0.218620   slack (MET)


Startpoint: _899_ (rising edge-triggered flip-flop clocked by system_clock)
Endpoint: _846_ (rising edge-triggered flip-flop clocked by system_clock)
Path Group: system_clock
Path Type: min

Fanout         Cap        Slew       Delay        Time   Description
---------------------------------------------------------------------------------------------
                                  0.000000    0.000000   clock system_clock (rise edge)
                                  0.000000    0.000000   clock source latency
     1    0.036579    0.000000    0.000000    0.000000 ^ CLK_I (in)
                                                         CLK_I (net)
                      0.003417    0.001398    0.001398 ^ clkbuf_0_CLK_I/I (gf180mcu_fd_sc_mcu7t5v0__clkbuf_16)
     8    0.208985    0.167533    0.209877    0.211275 ^ clkbuf_0_CLK_I/Z (gf180mcu_fd_sc_mcu7t5v0__clkbuf_16)
                                                         clknet_0_CLK_I (net)
                      0.167587    0.003837    0.215112 ^ clkbuf_3_2__f_CLK_I/I (gf180mcu_fd_sc_mcu7t5v0__clkbuf_16)
    14    0.060187    0.080307    0.182842    0.397954 ^ clkbuf_3_2__f_CLK_I/Z (gf180mcu_fd_sc_mcu7t5v0__clkbuf_16)
                                                         clknet_3_2__leaf_CLK_I (net)
                      0.080311    0.001071    0.399025 ^ _899_/CLK (gf180mcu_fd_sc_mcu7t5v0__dffq_1)
     3    0.034889    0.248131    0.536672    0.935697 v _899_/Q (gf180mcu_fd_sc_mcu7t5v0__dffq_1)
                                                         i2c_scl_in_synchronised_internal (net)
                      0.248189    0.000654    0.936351 v _421_/I (gf180mcu_fd_sc_mcu7t5v0__clkinv_1)
     3    0.016174    0.215990    0.186563    1.122914 ^ _421_/ZN (gf180mcu_fd_sc_mcu7t5v0__clkinv_1)
                                                         _094_ (net)
                      0.215990    0.000249    1.123164 ^ _773_/A1 (gf180mcu_fd_sc_mcu7t5v0__nor2_1)
     1    0.002765    0.089633    0.066363    1.189527 v _773_/ZN (gf180mcu_fd_sc_mcu7t5v0__nor2_1)
                                                         _059_ (net)
                      0.089633    0.000026    1.189553 v _846_/D (gf180mcu_fd_sc_mcu7t5v0__dffq_1)
                                              1.189553   data arrival time

                                  0.000000    0.000000   clock system_clock (rise edge)
                                  0.000000    0.000000   clock source latency
     1    0.036579    0.000000    0.000000    0.000000 ^ CLK_I (in)
                                                         CLK_I (net)
                      0.003417    0.001398    0.001398 ^ clkbuf_0_CLK_I/I (gf180mcu_fd_sc_mcu7t5v0__clkbuf_16)
     8    0.208985    0.167533    0.209877    0.211275 ^ clkbuf_0_CLK_I/Z (gf180mcu_fd_sc_mcu7t5v0__clkbuf_16)
                                                         clknet_0_CLK_I (net)
                      0.167587    0.003837    0.215112 ^ clkbuf_3_2__f_CLK_I/I (gf180mcu_fd_sc_mcu7t5v0__clkbuf_16)
    14    0.060187    0.080307    0.182842    0.397954 ^ clkbuf_3_2__f_CLK_I/Z (gf180mcu_fd_sc_mcu7t5v0__clkbuf_16)
                                                         clknet_3_2__leaf_CLK_I (net)
                      0.080312    0.001090    0.399044 ^ _846_/CLK (gf180mcu_fd_sc_mcu7t5v0__dffq_1)
                                  0.500000    0.899044   clock uncertainty
                                  0.000000    0.899044   clock reconvergence pessimism
                                  0.060549    0.959593   library hold time
                                              0.959593   data required time
---------------------------------------------------------------------------------------------
                                              0.959593   data required time
                                             -1.189553   data arrival time
---------------------------------------------------------------------------------------------
                                              0.229960   slack (MET)


Startpoint: _892_ (rising edge-triggered flip-flop clocked by system_clock)
Endpoint: _892_ (rising edge-triggered flip-flop clocked by system_clock)
Path Group: system_clock
Path Type: min

Fanout         Cap        Slew       Delay        Time   Description
---------------------------------------------------------------------------------------------
                                  0.000000    0.000000   clock system_clock (rise edge)
                                  0.000000    0.000000   clock source latency
     1    0.036579    0.000000    0.000000    0.000000 ^ CLK_I (in)
                                                         CLK_I (net)
                      0.003417    0.001398    0.001398 ^ clkbuf_0_CLK_I/I (gf180mcu_fd_sc_mcu7t5v0__clkbuf_16)
     8    0.208985    0.167533    0.209877    0.211275 ^ clkbuf_0_CLK_I/Z (gf180mcu_fd_sc_mcu7t5v0__clkbuf_16)
                                                         clknet_0_CLK_I (net)
                      0.167554    0.002825    0.214099 ^ clkbuf_3_5__f_CLK_I/I (gf180mcu_fd_sc_mcu7t5v0__clkbuf_16)
    11    0.066350    0.083759    0.185653    0.399752 ^ clkbuf_3_5__f_CLK_I/Z (gf180mcu_fd_sc_mcu7t5v0__clkbuf_16)
                                                         clknet_3_5__leaf_CLK_I (net)
                      0.083759    0.000145    0.399897 ^ _892_/CLK (gf180mcu_fd_sc_mcu7t5v0__dffq_1)
     7    0.041941    0.476099    0.678592    1.078489 ^ _892_/Q (gf180mcu_fd_sc_mcu7t5v0__dffq_1)
                                                         wb_master_subroutine_iteration[0] (net)
                      0.476100    0.000533    1.079022 ^ _603_/A1 (gf180mcu_fd_sc_mcu7t5v0__aoi211_1)
     1    0.003987    0.150469    0.097850    1.176872 v _603_/ZN (gf180mcu_fd_sc_mcu7t5v0__aoi211_1)
                                                         _026_ (net)
                      0.150469    0.000079    1.176951 v _892_/D (gf180mcu_fd_sc_mcu7t5v0__dffq_1)
                                              1.176951   data arrival time

                                  0.000000    0.000000   clock system_clock (rise edge)
                                  0.000000    0.000000   clock source latency
     1    0.036579    0.000000    0.000000    0.000000 ^ CLK_I (in)
                                                         CLK_I (net)
                      0.003417    0.001398    0.001398 ^ clkbuf_0_CLK_I/I (gf180mcu_fd_sc_mcu7t5v0__clkbuf_16)
     8    0.208985    0.167533    0.209877    0.211275 ^ clkbuf_0_CLK_I/Z (gf180mcu_fd_sc_mcu7t5v0__clkbuf_16)
                                                         clknet_0_CLK_I (net)
                      0.167554    0.002825    0.214099 ^ clkbuf_3_5__f_CLK_I/I (gf180mcu_fd_sc_mcu7t5v0__clkbuf_16)
    11    0.066350    0.083759    0.185653    0.399752 ^ clkbuf_3_5__f_CLK_I/Z (gf180mcu_fd_sc_mcu7t5v0__clkbuf_16)
                                                         clknet_3_5__leaf_CLK_I (net)
                      0.083759    0.000145    0.399897 ^ _892_/CLK (gf180mcu_fd_sc_mcu7t5v0__dffq_1)
                                  0.500000    0.899897   clock uncertainty
                                  0.000000    0.899897   clock reconvergence pessimism
                                  0.043145    0.943043   library hold time
                                              0.943043   data required time
---------------------------------------------------------------------------------------------
                                              0.943043   data required time
                                             -1.176951   data arrival time
---------------------------------------------------------------------------------------------
                                              0.233908   slack (MET)


Startpoint: _899_ (rising edge-triggered flip-flop clocked by system_clock)
Endpoint: _896_ (rising edge-triggered flip-flop clocked by system_clock)
Path Group: system_clock
Path Type: min

Fanout         Cap        Slew       Delay        Time   Description
---------------------------------------------------------------------------------------------
                                  0.000000    0.000000   clock system_clock (rise edge)
                                  0.000000    0.000000   clock source latency
     1    0.036579    0.000000    0.000000    0.000000 ^ CLK_I (in)
                                                         CLK_I (net)
                      0.003417    0.001398    0.001398 ^ clkbuf_0_CLK_I/I (gf180mcu_fd_sc_mcu7t5v0__clkbuf_16)
     8    0.208985    0.167533    0.209877    0.211275 ^ clkbuf_0_CLK_I/Z (gf180mcu_fd_sc_mcu7t5v0__clkbuf_16)
                                                         clknet_0_CLK_I (net)
                      0.167587    0.003837    0.215112 ^ clkbuf_3_2__f_CLK_I/I (gf180mcu_fd_sc_mcu7t5v0__clkbuf_16)
    14    0.060187    0.080307    0.182842    0.397954 ^ clkbuf_3_2__f_CLK_I/Z (gf180mcu_fd_sc_mcu7t5v0__clkbuf_16)
                                                         clknet_3_2__leaf_CLK_I (net)
                      0.080311    0.001071    0.399025 ^ _899_/CLK (gf180mcu_fd_sc_mcu7t5v0__dffq_1)
     3    0.034889    0.248131    0.536672    0.935697 v _899_/Q (gf180mcu_fd_sc_mcu7t5v0__dffq_1)
                                                         i2c_scl_in_synchronised_internal (net)
                      0.248189    0.000654    0.936351 v _421_/I (gf180mcu_fd_sc_mcu7t5v0__clkinv_1)
     3    0.016174    0.215990    0.186563    1.122914 ^ _421_/ZN (gf180mcu_fd_sc_mcu7t5v0__clkinv_1)
                                                         _094_ (net)
                      0.215990    0.000240    1.123155 ^ _438_/A1 (gf180mcu_fd_sc_mcu7t5v0__nor2_1)
     1    0.003612    0.096206    0.073432    1.196587 v _438_/ZN (gf180mcu_fd_sc_mcu7t5v0__nor2_1)
                                                         _001_ (net)
                      0.096206    0.000040    1.196627 v _896_/D (gf180mcu_fd_sc_mcu7t5v0__dffq_1)
                                              1.196627   data arrival time

                                  0.000000    0.000000   clock system_clock (rise edge)
                                  0.000000    0.000000   clock source latency
     1    0.036579    0.000000    0.000000    0.000000 ^ CLK_I (in)
                                                         CLK_I (net)
                      0.003417    0.001398    0.001398 ^ clkbuf_0_CLK_I/I (gf180mcu_fd_sc_mcu7t5v0__clkbuf_16)
     8    0.208985    0.167533    0.209877    0.211275 ^ clkbuf_0_CLK_I/Z (gf180mcu_fd_sc_mcu7t5v0__clkbuf_16)
                                                         clknet_0_CLK_I (net)
                      0.167587    0.003837    0.215112 ^ clkbuf_3_2__f_CLK_I/I (gf180mcu_fd_sc_mcu7t5v0__clkbuf_16)
    14    0.060187    0.080307    0.182842    0.397954 ^ clkbuf_3_2__f_CLK_I/Z (gf180mcu_fd_sc_mcu7t5v0__clkbuf_16)
                                                         clknet_3_2__leaf_CLK_I (net)
                      0.080312    0.001150    0.399104 ^ _896_/CLK (gf180mcu_fd_sc_mcu7t5v0__dffq_1)
                                  0.500000    0.899104   clock uncertainty
                                  0.000000    0.899104   clock reconvergence pessimism
                                  0.058977    0.958081   library hold time
                                              0.958081   data required time
---------------------------------------------------------------------------------------------
                                              0.958081   data required time
                                             -1.196627   data arrival time
---------------------------------------------------------------------------------------------
                                              0.238546   slack (MET)


Startpoint: _886_ (rising edge-triggered flip-flop clocked by system_clock)
Endpoint: _886_ (rising edge-triggered flip-flop clocked by system_clock)
Path Group: system_clock
Path Type: min

Fanout         Cap        Slew       Delay        Time   Description
---------------------------------------------------------------------------------------------
                                  0.000000    0.000000   clock system_clock (rise edge)
                                  0.000000    0.000000   clock source latency
     1    0.036579    0.000000    0.000000    0.000000 ^ CLK_I (in)
                                                         CLK_I (net)
                      0.003417    0.001398    0.001398 ^ clkbuf_0_CLK_I/I (gf180mcu_fd_sc_mcu7t5v0__clkbuf_16)
     8    0.208985    0.167533    0.209877    0.211275 ^ clkbuf_0_CLK_I/Z (gf180mcu_fd_sc_mcu7t5v0__clkbuf_16)
                                                         clknet_0_CLK_I (net)
                      0.167559    0.003085    0.214359 ^ clkbuf_3_4__f_CLK_I/I (gf180mcu_fd_sc_mcu7t5v0__clkbuf_16)
    10    0.071140    0.086358    0.187504    0.401863 ^ clkbuf_3_4__f_CLK_I/Z (gf180mcu_fd_sc_mcu7t5v0__clkbuf_16)
                                                         clknet_3_4__leaf_CLK_I (net)
                      0.086363    0.001213    0.403075 ^ _886_/CLK (gf180mcu_fd_sc_mcu7t5v0__dffq_1)
     7    0.040218    0.281266    0.559142    0.962217 v _886_/Q (gf180mcu_fd_sc_mcu7t5v0__dffq_1)
                                                         addr_pointer_register_internal[4] (net)
                      0.281290    0.001469    0.963686 v _573_/B (gf180mcu_fd_sc_mcu7t5v0__aoi21_1)
     1    0.006611    0.206540    0.173720    1.137406 ^ _573_/ZN (gf180mcu_fd_sc_mcu7t5v0__aoi21_1)
                                                         _225_ (net)
                      0.206540    0.000133    1.137538 ^ _577_/B1 (gf180mcu_fd_sc_mcu7t5v0__oai32_1)
     1    0.004097    0.093917    0.066560    1.204098 v _577_/ZN (gf180mcu_fd_sc_mcu7t5v0__oai32_1)
                                                         _020_ (net)
                      0.093917    0.000048    1.204146 v _886_/D (gf180mcu_fd_sc_mcu7t5v0__dffq_1)
                                              1.204146   data arrival time

                                  0.000000    0.000000   clock system_clock (rise edge)
                                  0.000000    0.000000   clock source latency
     1    0.036579    0.000000    0.000000    0.000000 ^ CLK_I (in)
                                                         CLK_I (net)
                      0.003417    0.001398    0.001398 ^ clkbuf_0_CLK_I/I (gf180mcu_fd_sc_mcu7t5v0__clkbuf_16)
     8    0.208985    0.167533    0.209877    0.211275 ^ clkbuf_0_CLK_I/Z (gf180mcu_fd_sc_mcu7t5v0__clkbuf_16)
                                                         clknet_0_CLK_I (net)
                      0.167559    0.003085    0.214359 ^ clkbuf_3_4__f_CLK_I/I (gf180mcu_fd_sc_mcu7t5v0__clkbuf_16)
    10    0.071140    0.086358    0.187504    0.401863 ^ clkbuf_3_4__f_CLK_I/Z (gf180mcu_fd_sc_mcu7t5v0__clkbuf_16)
                                                         clknet_3_4__leaf_CLK_I (net)
                      0.086363    0.001213    0.403075 ^ _886_/CLK (gf180mcu_fd_sc_mcu7t5v0__dffq_1)
                                  0.500000    0.903075   clock uncertainty
                                  0.000000    0.903075   clock reconvergence pessimism
                                  0.060499    0.963575   library hold time
                                              0.963575   data required time
---------------------------------------------------------------------------------------------
                                              0.963575   data required time
                                             -1.204146   data arrival time
---------------------------------------------------------------------------------------------
                                              0.240571   slack (MET)


Startpoint: _819_ (rising edge-triggered flip-flop clocked by system_clock)
Endpoint: _820_ (rising edge-triggered flip-flop clocked by system_clock)
Path Group: system_clock
Path Type: min

Fanout         Cap        Slew       Delay        Time   Description
---------------------------------------------------------------------------------------------
                                  0.000000    0.000000   clock system_clock (rise edge)
                                  0.000000    0.000000   clock source latency
     1    0.036579    0.000000    0.000000    0.000000 ^ CLK_I (in)
                                                         CLK_I (net)
                      0.003417    0.001398    0.001398 ^ clkbuf_0_CLK_I/I (gf180mcu_fd_sc_mcu7t5v0__clkbuf_16)
     8    0.208985    0.167533    0.209877    0.211275 ^ clkbuf_0_CLK_I/Z (gf180mcu_fd_sc_mcu7t5v0__clkbuf_16)
                                                         clknet_0_CLK_I (net)
                      0.167574    0.003551    0.214826 ^ clkbuf_3_3__f_CLK_I/I (gf180mcu_fd_sc_mcu7t5v0__clkbuf_16)
    10    0.068751    0.085081    0.186654    0.401480 ^ clkbuf_3_3__f_CLK_I/Z (gf180mcu_fd_sc_mcu7t5v0__clkbuf_16)
                                                         clknet_3_3__leaf_CLK_I (net)
                      0.085081    0.000181    0.401661 ^ _819_/CLK (gf180mcu_fd_sc_mcu7t5v0__dffq_1)
     5    0.038718    0.271995    0.553641    0.955303 v _819_/Q (gf180mcu_fd_sc_mcu7t5v0__dffq_1)
                                                         recv_data_buffer[1] (net)
                      0.272003    0.000808    0.956111 v _686_/I1 (gf180mcu_fd_sc_mcu7t5v0__mux2_2)
     1    0.003324    0.070172    0.252477    1.208589 v _686_/Z (gf180mcu_fd_sc_mcu7t5v0__mux2_2)
                                                         _033_ (net)
                      0.070172    0.000034    1.208622 v _820_/D (gf180mcu_fd_sc_mcu7t5v0__dffq_1)
                                              1.208622   data arrival time

                                  0.000000    0.000000   clock system_clock (rise edge)
                                  0.000000    0.000000   clock source latency
     1    0.036579    0.000000    0.000000    0.000000 ^ CLK_I (in)
                                                         CLK_I (net)
                      0.003417    0.001398    0.001398 ^ clkbuf_0_CLK_I/I (gf180mcu_fd_sc_mcu7t5v0__clkbuf_16)
     8    0.208985    0.167533    0.209877    0.211275 ^ clkbuf_0_CLK_I/Z (gf180mcu_fd_sc_mcu7t5v0__clkbuf_16)
                                                         clknet_0_CLK_I (net)
                      0.167658    0.004964    0.216238 ^ clkbuf_3_7__f_CLK_I/I (gf180mcu_fd_sc_mcu7t5v0__clkbuf_16)
    13    0.062541    0.081634    0.183976    0.400214 ^ clkbuf_3_7__f_CLK_I/Z (gf180mcu_fd_sc_mcu7t5v0__clkbuf_16)
                                                         clknet_3_7__leaf_CLK_I (net)
                      0.081637    0.000824    0.401038 ^ _820_/CLK (gf180mcu_fd_sc_mcu7t5v0__dffq_1)
                                  0.500000    0.901038   clock uncertainty
                                  0.000000    0.901038   clock reconvergence pessimism
                                  0.065447    0.966485   library hold time
                                              0.966485   data required time
---------------------------------------------------------------------------------------------
                                              0.966485   data required time
                                             -1.208622   data arrival time
---------------------------------------------------------------------------------------------
                                              0.242138   slack (MET)


Startpoint: _822_ (rising edge-triggered flip-flop clocked by system_clock)
Endpoint: _823_ (rising edge-triggered flip-flop clocked by system_clock)
Path Group: system_clock
Path Type: min

Fanout         Cap        Slew       Delay        Time   Description
---------------------------------------------------------------------------------------------
                                  0.000000    0.000000   clock system_clock (rise edge)
                                  0.000000    0.000000   clock source latency
     1    0.036579    0.000000    0.000000    0.000000 ^ CLK_I (in)
                                                         CLK_I (net)
                      0.003417    0.001398    0.001398 ^ clkbuf_0_CLK_I/I (gf180mcu_fd_sc_mcu7t5v0__clkbuf_16)
     8    0.208985    0.167533    0.209877    0.211275 ^ clkbuf_0_CLK_I/Z (gf180mcu_fd_sc_mcu7t5v0__clkbuf_16)
                                                         clknet_0_CLK_I (net)
                      0.167574    0.003551    0.214826 ^ clkbuf_3_3__f_CLK_I/I (gf180mcu_fd_sc_mcu7t5v0__clkbuf_16)
    10    0.068751    0.085081    0.186654    0.401480 ^ clkbuf_3_3__f_CLK_I/Z (gf180mcu_fd_sc_mcu7t5v0__clkbuf_16)
                                                         clknet_3_3__leaf_CLK_I (net)
                      0.085081    0.000084    0.401565 ^ _822_/CLK (gf180mcu_fd_sc_mcu7t5v0__dffq_1)
     4    0.038247    0.268905    0.551329    0.952894 v _822_/Q (gf180mcu_fd_sc_mcu7t5v0__dffq_1)
                                                         recv_data_buffer[4] (net)
                      0.268919    0.001106    0.954000 v _690_/I1 (gf180mcu_fd_sc_mcu7t5v0__mux2_2)
     1    0.004604    0.077518    0.257237    1.211237 v _690_/Z (gf180mcu_fd_sc_mcu7t5v0__mux2_2)
                                                         _036_ (net)
                      0.077518    0.000093    1.211330 v _823_/D (gf180mcu_fd_sc_mcu7t5v0__dffq_1)
                                              1.211330   data arrival time

                                  0.000000    0.000000   clock system_clock (rise edge)
                                  0.000000    0.000000   clock source latency
     1    0.036579    0.000000    0.000000    0.000000 ^ CLK_I (in)
                                                         CLK_I (net)
                      0.003417    0.001398    0.001398 ^ clkbuf_0_CLK_I/I (gf180mcu_fd_sc_mcu7t5v0__clkbuf_16)
     8    0.208985    0.167533    0.209877    0.211275 ^ clkbuf_0_CLK_I/Z (gf180mcu_fd_sc_mcu7t5v0__clkbuf_16)
                                                         clknet_0_CLK_I (net)
                      0.167622    0.004454    0.215728 ^ clkbuf_3_6__f_CLK_I/I (gf180mcu_fd_sc_mcu7t5v0__clkbuf_16)
    13    0.063776    0.082341    0.184597    0.400325 ^ clkbuf_3_6__f_CLK_I/Z (gf180mcu_fd_sc_mcu7t5v0__clkbuf_16)
                                                         clknet_3_6__leaf_CLK_I (net)
                      0.082341    0.000132    0.400457 ^ _823_/CLK (gf180mcu_fd_sc_mcu7t5v0__dffq_1)
                                  0.500000    0.900457   clock uncertainty
                                  0.000000    0.900457   clock reconvergence pessimism
                                  0.063805    0.964262   library hold time
                                              0.964262   data required time
---------------------------------------------------------------------------------------------
                                              0.964262   data required time
                                             -1.211330   data arrival time
---------------------------------------------------------------------------------------------
                                              0.247067   slack (MET)


Startpoint: _828_ (rising edge-triggered flip-flop clocked by system_clock)
Endpoint: _828_ (rising edge-triggered flip-flop clocked by system_clock)
Path Group: system_clock
Path Type: min

Fanout         Cap        Slew       Delay        Time   Description
---------------------------------------------------------------------------------------------
                                  0.000000    0.000000   clock system_clock (rise edge)
                                  0.000000    0.000000   clock source latency
     1    0.036579    0.000000    0.000000    0.000000 ^ CLK_I (in)
                                                         CLK_I (net)
                      0.003417    0.001398    0.001398 ^ clkbuf_0_CLK_I/I (gf180mcu_fd_sc_mcu7t5v0__clkbuf_16)
     8    0.208985    0.167533    0.209877    0.211275 ^ clkbuf_0_CLK_I/Z (gf180mcu_fd_sc_mcu7t5v0__clkbuf_16)
                                                         clknet_0_CLK_I (net)
                      0.167557    0.003014    0.214288 ^ clkbuf_3_1__f_CLK_I/I (gf180mcu_fd_sc_mcu7t5v0__clkbuf_16)
    12    0.063682    0.082281    0.184513    0.398801 ^ clkbuf_3_1__f_CLK_I/Z (gf180mcu_fd_sc_mcu7t5v0__clkbuf_16)
                                                         clknet_3_1__leaf_CLK_I (net)
                      0.082282    0.000582    0.399384 ^ _828_/CLK (gf180mcu_fd_sc_mcu7t5v0__dffq_1)
     5    0.026722    0.199367    0.504697    0.904080 v _828_/Q (gf180mcu_fd_sc_mcu7t5v0__dffq_1)
                                                         register_addr_data_flag (net)
                      0.199367    0.000218    0.904299 v _709_/B (gf180mcu_fd_sc_mcu7t5v0__aoi21_1)
     1    0.005237    0.173933    0.145902    1.050200 ^ _709_/ZN (gf180mcu_fd_sc_mcu7t5v0__aoi21_1)
                                                         _340_ (net)
                      0.173933    0.000103    1.050303 ^ _710_/A4 (gf180mcu_fd_sc_mcu7t5v0__nor4_1)
     1    0.002908    0.172877    0.135617    1.185920 v _710_/ZN (gf180mcu_fd_sc_mcu7t5v0__nor4_1)
                                                         _041_ (net)
                      0.172877    0.000028    1.185948 v _828_/D (gf180mcu_fd_sc_mcu7t5v0__dffq_1)
                                              1.185948   data arrival time

                                  0.000000    0.000000   clock system_clock (rise edge)
                                  0.000000    0.000000   clock source latency
     1    0.036579    0.000000    0.000000    0.000000 ^ CLK_I (in)
                                                         CLK_I (net)
                      0.003417    0.001398    0.001398 ^ clkbuf_0_CLK_I/I (gf180mcu_fd_sc_mcu7t5v0__clkbuf_16)
     8    0.208985    0.167533    0.209877    0.211275 ^ clkbuf_0_CLK_I/Z (gf180mcu_fd_sc_mcu7t5v0__clkbuf_16)
                                                         clknet_0_CLK_I (net)
                      0.167557    0.003014    0.214288 ^ clkbuf_3_1__f_CLK_I/I (gf180mcu_fd_sc_mcu7t5v0__clkbuf_16)
    12    0.063682    0.082281    0.184513    0.398801 ^ clkbuf_3_1__f_CLK_I/Z (gf180mcu_fd_sc_mcu7t5v0__clkbuf_16)
                                                         clknet_3_1__leaf_CLK_I (net)
                      0.082282    0.000582    0.399384 ^ _828_/CLK (gf180mcu_fd_sc_mcu7t5v0__dffq_1)
                                  0.500000    0.899384   clock uncertainty
                                  0.000000    0.899384   clock reconvergence pessimism
                                  0.036048    0.935432   library hold time
                                              0.935432   data required time
---------------------------------------------------------------------------------------------
                                              0.935432   data required time
                                             -1.185948   data arrival time
---------------------------------------------------------------------------------------------
                                              0.250516   slack (MET)


Startpoint: _825_ (rising edge-triggered flip-flop clocked by system_clock)
Endpoint: _825_ (rising edge-triggered flip-flop clocked by system_clock)
Path Group: system_clock
Path Type: min

Fanout         Cap        Slew       Delay        Time   Description
---------------------------------------------------------------------------------------------
                                  0.000000    0.000000   clock system_clock (rise edge)
                                  0.000000    0.000000   clock source latency
     1    0.036579    0.000000    0.000000    0.000000 ^ CLK_I (in)
                                                         CLK_I (net)
                      0.003417    0.001398    0.001398 ^ clkbuf_0_CLK_I/I (gf180mcu_fd_sc_mcu7t5v0__clkbuf_16)
     8    0.208985    0.167533    0.209877    0.211275 ^ clkbuf_0_CLK_I/Z (gf180mcu_fd_sc_mcu7t5v0__clkbuf_16)
                                                         clknet_0_CLK_I (net)
                      0.167622    0.004454    0.215728 ^ clkbuf_3_6__f_CLK_I/I (gf180mcu_fd_sc_mcu7t5v0__clkbuf_16)
    13    0.063776    0.082341    0.184597    0.400325 ^ clkbuf_3_6__f_CLK_I/Z (gf180mcu_fd_sc_mcu7t5v0__clkbuf_16)
                                                         clknet_3_6__leaf_CLK_I (net)
                      0.082341    0.000138    0.400463 ^ _825_/CLK (gf180mcu_fd_sc_mcu7t5v0__dffq_1)
     5    0.042130    0.293537    0.566781    0.967244 v _825_/Q (gf180mcu_fd_sc_mcu7t5v0__dffq_1)
                                                         recv_data_buffer[7] (net)
                      0.293539    0.000458    0.967701 v _692_/I0 (gf180mcu_fd_sc_mcu7t5v0__mux2_2)
     1    0.003612    0.073034    0.257379    1.225080 v _692_/Z (gf180mcu_fd_sc_mcu7t5v0__mux2_2)
                                                         _038_ (net)
                      0.073034    0.000071    1.225152 v _825_/D (gf180mcu_fd_sc_mcu7t5v0__dffq_1)
                                              1.225152   data arrival time

                                  0.000000    0.000000   clock system_clock (rise edge)
                                  0.000000    0.000000   clock source latency
     1    0.036579    0.000000    0.000000    0.000000 ^ CLK_I (in)
                                                         CLK_I (net)
                      0.003417    0.001398    0.001398 ^ clkbuf_0_CLK_I/I (gf180mcu_fd_sc_mcu7t5v0__clkbuf_16)
     8    0.208985    0.167533    0.209877    0.211275 ^ clkbuf_0_CLK_I/Z (gf180mcu_fd_sc_mcu7t5v0__clkbuf_16)
                                                         clknet_0_CLK_I (net)
                      0.167622    0.004454    0.215728 ^ clkbuf_3_6__f_CLK_I/I (gf180mcu_fd_sc_mcu7t5v0__clkbuf_16)
    13    0.063776    0.082341    0.184597    0.400325 ^ clkbuf_3_6__f_CLK_I/Z (gf180mcu_fd_sc_mcu7t5v0__clkbuf_16)
                                                         clknet_3_6__leaf_CLK_I (net)
                      0.082341    0.000138    0.400463 ^ _825_/CLK (gf180mcu_fd_sc_mcu7t5v0__dffq_1)
                                  0.500000    0.900463   clock uncertainty
                                  0.000000    0.900463   clock reconvergence pessimism
                                  0.064886    0.965348   library hold time
                                              0.965348   data required time
---------------------------------------------------------------------------------------------
                                              0.965348   data required time
                                             -1.225152   data arrival time
---------------------------------------------------------------------------------------------
                                              0.259803   slack (MET)


Startpoint: _847_ (rising edge-triggered flip-flop clocked by system_clock)
Endpoint: _831_ (rising edge-triggered flip-flop clocked by system_clock)
Path Group: system_clock
Path Type: min

Fanout         Cap        Slew       Delay        Time   Description
---------------------------------------------------------------------------------------------
                                  0.000000    0.000000   clock system_clock (rise edge)
                                  0.000000    0.000000   clock source latency
     1    0.036579    0.000000    0.000000    0.000000 ^ CLK_I (in)
                                                         CLK_I (net)
                      0.003417    0.001398    0.001398 ^ clkbuf_0_CLK_I/I (gf180mcu_fd_sc_mcu7t5v0__clkbuf_16)
     8    0.208985    0.167533    0.209877    0.211275 ^ clkbuf_0_CLK_I/Z (gf180mcu_fd_sc_mcu7t5v0__clkbuf_16)
                                                         clknet_0_CLK_I (net)
                      0.167557    0.003014    0.214288 ^ clkbuf_3_1__f_CLK_I/I (gf180mcu_fd_sc_mcu7t5v0__clkbuf_16)
    12    0.063682    0.082281    0.184513    0.398801 ^ clkbuf_3_1__f_CLK_I/Z (gf180mcu_fd_sc_mcu7t5v0__clkbuf_16)
                                                         clknet_3_1__leaf_CLK_I (net)
                      0.082282    0.000562    0.399363 ^ _847_/CLK (gf180mcu_fd_sc_mcu7t5v0__dffq_1)
     4    0.020871    0.164722    0.480961    0.880324 v _847_/Q (gf180mcu_fd_sc_mcu7t5v0__dffq_1)
                                                         sda_previous_state (net)
                      0.164722    0.000134    0.880458 v _678_/A2 (gf180mcu_fd_sc_mcu7t5v0__oai21_1)
     2    0.011864    0.299968    0.220711    1.101169 ^ _678_/ZN (gf180mcu_fd_sc_mcu7t5v0__oai21_1)
                                                         _319_ (net)
                      0.299968    0.000186    1.101355 ^ _735_/B (gf180mcu_fd_sc_mcu7t5v0__aoi21_1)
     1    0.004075    0.096213    0.124269    1.225624 v _735_/ZN (gf180mcu_fd_sc_mcu7t5v0__aoi21_1)
                                                         _044_ (net)
                      0.096213    0.000080    1.225704 v _831_/D (gf180mcu_fd_sc_mcu7t5v0__dffq_1)
                                              1.225704   data arrival time

                                  0.000000    0.000000   clock system_clock (rise edge)
                                  0.000000    0.000000   clock source latency
     1    0.036579    0.000000    0.000000    0.000000 ^ CLK_I (in)
                                                         CLK_I (net)
                      0.003417    0.001398    0.001398 ^ clkbuf_0_CLK_I/I (gf180mcu_fd_sc_mcu7t5v0__clkbuf_16)
     8    0.208985    0.167533    0.209877    0.211275 ^ clkbuf_0_CLK_I/Z (gf180mcu_fd_sc_mcu7t5v0__clkbuf_16)
                                                         clknet_0_CLK_I (net)
                      0.167582    0.003747    0.215022 ^ clkbuf_3_0__f_CLK_I/I (gf180mcu_fd_sc_mcu7t5v0__clkbuf_16)
     9    0.058017    0.079128    0.182017    0.397039 ^ clkbuf_3_0__f_CLK_I/Z (gf180mcu_fd_sc_mcu7t5v0__clkbuf_16)
                                                         clknet_3_0__leaf_CLK_I (net)
                      0.079130    0.000748    0.397787 ^ _831_/CLK (gf180mcu_fd_sc_mcu7t5v0__dffq_1)
                                  0.500000    0.897787   clock uncertainty
                                  0.000000    0.897787   clock reconvergence pessimism
                                  0.058787    0.956574   library hold time
                                              0.956574   data required time
---------------------------------------------------------------------------------------------
                                              0.956574   data required time
                                             -1.225704   data arrival time
---------------------------------------------------------------------------------------------
                                              0.269131   slack (MET)


Startpoint: _818_ (rising edge-triggered flip-flop clocked by system_clock)
Endpoint: _818_ (rising edge-triggered flip-flop clocked by system_clock)
Path Group: system_clock
Path Type: min

Fanout         Cap        Slew       Delay        Time   Description
---------------------------------------------------------------------------------------------
                                  0.000000    0.000000   clock system_clock (rise edge)
                                  0.000000    0.000000   clock source latency
     1    0.036579    0.000000    0.000000    0.000000 ^ CLK_I (in)
                                                         CLK_I (net)
                      0.003417    0.001398    0.001398 ^ clkbuf_0_CLK_I/I (gf180mcu_fd_sc_mcu7t5v0__clkbuf_16)
     8    0.208985    0.167533    0.209877    0.211275 ^ clkbuf_0_CLK_I/Z (gf180mcu_fd_sc_mcu7t5v0__clkbuf_16)
                                                         clknet_0_CLK_I (net)
                      0.167557    0.003014    0.214288 ^ clkbuf_3_1__f_CLK_I/I (gf180mcu_fd_sc_mcu7t5v0__clkbuf_16)
    12    0.063682    0.082281    0.184513    0.398801 ^ clkbuf_3_1__f_CLK_I/Z (gf180mcu_fd_sc_mcu7t5v0__clkbuf_16)
                                                         clknet_3_1__leaf_CLK_I (net)
                      0.082283    0.000655    0.399457 ^ _818_/CLK (gf180mcu_fd_sc_mcu7t5v0__dffq_1)
     4    0.031372    0.227182    0.523517    0.922973 v _818_/Q (gf180mcu_fd_sc_mcu7t5v0__dffq_1)
                                                         recv_data_buffer[0] (net)
                      0.227183    0.000395    0.923369 v _410_/I (gf180mcu_fd_sc_mcu7t5v0__clkinv_1)
     3    0.025386    0.302052    0.238145    1.161514 ^ _410_/ZN (gf180mcu_fd_sc_mcu7t5v0__clkinv_1)
                                                         _083_ (net)
                      0.302052    0.000264    1.161778 ^ _683_/A1 (gf180mcu_fd_sc_mcu7t5v0__oai21_1)
     1    0.002866    0.091342    0.071263    1.233040 v _683_/ZN (gf180mcu_fd_sc_mcu7t5v0__oai21_1)
                                                         _031_ (net)
                      0.091342    0.000028    1.233068 v _818_/D (gf180mcu_fd_sc_mcu7t5v0__dffq_1)
                                              1.233068   data arrival time

                                  0.000000    0.000000   clock system_clock (rise edge)
                                  0.000000    0.000000   clock source latency
     1    0.036579    0.000000    0.000000    0.000000 ^ CLK_I (in)
                                                         CLK_I (net)
                      0.003417    0.001398    0.001398 ^ clkbuf_0_CLK_I/I (gf180mcu_fd_sc_mcu7t5v0__clkbuf_16)
     8    0.208985    0.167533    0.209877    0.211275 ^ clkbuf_0_CLK_I/Z (gf180mcu_fd_sc_mcu7t5v0__clkbuf_16)
                                                         clknet_0_CLK_I (net)
                      0.167557    0.003014    0.214288 ^ clkbuf_3_1__f_CLK_I/I (gf180mcu_fd_sc_mcu7t5v0__clkbuf_16)
    12    0.063682    0.082281    0.184513    0.398801 ^ clkbuf_3_1__f_CLK_I/Z (gf180mcu_fd_sc_mcu7t5v0__clkbuf_16)
                                                         clknet_3_1__leaf_CLK_I (net)
                      0.082283    0.000655    0.399457 ^ _818_/CLK (gf180mcu_fd_sc_mcu7t5v0__dffq_1)
                                  0.500000    0.899457   clock uncertainty
                                  0.000000    0.899457   clock reconvergence pessimism
                                  0.060462    0.959919   library hold time
                                              0.959919   data required time
---------------------------------------------------------------------------------------------
                                              0.959919   data required time
                                             -1.233068   data arrival time
---------------------------------------------------------------------------------------------
                                              0.273149   slack (MET)


Startpoint: _818_ (rising edge-triggered flip-flop clocked by system_clock)
Endpoint: _866_ (rising edge-triggered flip-flop clocked by system_clock)
Path Group: system_clock
Path Type: min

Fanout         Cap        Slew       Delay        Time   Description
---------------------------------------------------------------------------------------------
                                  0.000000    0.000000   clock system_clock (rise edge)
                                  0.000000    0.000000   clock source latency
     1    0.036579    0.000000    0.000000    0.000000 ^ CLK_I (in)
                                                         CLK_I (net)
                      0.003417    0.001398    0.001398 ^ clkbuf_0_CLK_I/I (gf180mcu_fd_sc_mcu7t5v0__clkbuf_16)
     8    0.208985    0.167533    0.209877    0.211275 ^ clkbuf_0_CLK_I/Z (gf180mcu_fd_sc_mcu7t5v0__clkbuf_16)
                                                         clknet_0_CLK_I (net)
                      0.167557    0.003014    0.214288 ^ clkbuf_3_1__f_CLK_I/I (gf180mcu_fd_sc_mcu7t5v0__clkbuf_16)
    12    0.063682    0.082281    0.184513    0.398801 ^ clkbuf_3_1__f_CLK_I/Z (gf180mcu_fd_sc_mcu7t5v0__clkbuf_16)
                                                         clknet_3_1__leaf_CLK_I (net)
                      0.082283    0.000655    0.399457 ^ _818_/CLK (gf180mcu_fd_sc_mcu7t5v0__dffq_1)
     4    0.031372    0.227182    0.523517    0.922973 v _818_/Q (gf180mcu_fd_sc_mcu7t5v0__dffq_1)
                                                         recv_data_buffer[0] (net)
                      0.227183    0.000395    0.923369 v _410_/I (gf180mcu_fd_sc_mcu7t5v0__clkinv_1)
     3    0.025386    0.302052    0.238145    1.161514 ^ _410_/ZN (gf180mcu_fd_sc_mcu7t5v0__clkinv_1)
                                                         _083_ (net)
                      0.302052    0.000143    1.161657 ^ _814_/A1 (gf180mcu_fd_sc_mcu7t5v0__aoi21_1)
     1    0.002790    0.112970    0.068272    1.229928 v _814_/ZN (gf180mcu_fd_sc_mcu7t5v0__aoi21_1)
                                                         _079_ (net)
                      0.112970    0.000026    1.229955 v _866_/D (gf180mcu_fd_sc_mcu7t5v0__dffq_1)
                                              1.229955   data arrival time

                                  0.000000    0.000000   clock system_clock (rise edge)
                                  0.000000    0.000000   clock source latency
     1    0.036579    0.000000    0.000000    0.000000 ^ CLK_I (in)
                                                         CLK_I (net)
                      0.003417    0.001398    0.001398 ^ clkbuf_0_CLK_I/I (gf180mcu_fd_sc_mcu7t5v0__clkbuf_16)
     8    0.208985    0.167533    0.209877    0.211275 ^ clkbuf_0_CLK_I/Z (gf180mcu_fd_sc_mcu7t5v0__clkbuf_16)
                                                         clknet_0_CLK_I (net)
                      0.167574    0.003551    0.214826 ^ clkbuf_3_3__f_CLK_I/I (gf180mcu_fd_sc_mcu7t5v0__clkbuf_16)
    10    0.068751    0.085081    0.186654    0.401480 ^ clkbuf_3_3__f_CLK_I/Z (gf180mcu_fd_sc_mcu7t5v0__clkbuf_16)
                                                         clknet_3_3__leaf_CLK_I (net)
                      0.085081    0.000180    0.401660 ^ _866_/CLK (gf180mcu_fd_sc_mcu7t5v0__dffq_1)
                                  0.500000    0.901660   clock uncertainty
                                  0.000000    0.901660   clock reconvergence pessimism
                                  0.054851    0.956512   library hold time
                                              0.956512   data required time
---------------------------------------------------------------------------------------------
                                              0.956512   data required time
                                             -1.229955   data arrival time
---------------------------------------------------------------------------------------------
                                              0.273443   slack (MET)


Startpoint: _901_ (rising edge-triggered flip-flop clocked by system_clock)
Endpoint: _847_ (rising edge-triggered flip-flop clocked by system_clock)
Path Group: system_clock
Path Type: min

Fanout         Cap        Slew       Delay        Time   Description
---------------------------------------------------------------------------------------------
                                  0.000000    0.000000   clock system_clock (rise edge)
                                  0.000000    0.000000   clock source latency
     1    0.036579    0.000000    0.000000    0.000000 ^ CLK_I (in)
                                                         CLK_I (net)
                      0.003417    0.001398    0.001398 ^ clkbuf_0_CLK_I/I (gf180mcu_fd_sc_mcu7t5v0__clkbuf_16)
     8    0.208985    0.167533    0.209877    0.211275 ^ clkbuf_0_CLK_I/Z (gf180mcu_fd_sc_mcu7t5v0__clkbuf_16)
                                                         clknet_0_CLK_I (net)
                      0.167582    0.003747    0.215022 ^ clkbuf_3_0__f_CLK_I/I (gf180mcu_fd_sc_mcu7t5v0__clkbuf_16)
     9    0.058017    0.079128    0.182017    0.397039 ^ clkbuf_3_0__f_CLK_I/Z (gf180mcu_fd_sc_mcu7t5v0__clkbuf_16)
                                                         clknet_3_0__leaf_CLK_I (net)
                      0.079131    0.000964    0.398002 ^ _901_/CLK (gf180mcu_fd_sc_mcu7t5v0__dffq_1)
     8    0.051920    0.355338    0.604709    1.002712 v _901_/Q (gf180mcu_fd_sc_mcu7t5v0__dffq_1)
                                                         i2c_sda_in_synchronised_internal (net)
                      0.355353    0.001329    1.004041 v _774_/A2 (gf180mcu_fd_sc_mcu7t5v0__and2_1)
     1    0.003225    0.076530    0.242770    1.246811 v _774_/Z (gf180mcu_fd_sc_mcu7t5v0__and2_1)
                                                         _060_ (net)
                      0.076530    0.000059    1.246870 v _847_/D (gf180mcu_fd_sc_mcu7t5v0__dffq_1)
                                              1.246870   data arrival time

                                  0.000000    0.000000   clock system_clock (rise edge)
                                  0.000000    0.000000   clock source latency
     1    0.036579    0.000000    0.000000    0.000000 ^ CLK_I (in)
                                                         CLK_I (net)
                      0.003417    0.001398    0.001398 ^ clkbuf_0_CLK_I/I (gf180mcu_fd_sc_mcu7t5v0__clkbuf_16)
     8    0.208985    0.167533    0.209877    0.211275 ^ clkbuf_0_CLK_I/Z (gf180mcu_fd_sc_mcu7t5v0__clkbuf_16)
                                                         clknet_0_CLK_I (net)
                      0.167557    0.003014    0.214288 ^ clkbuf_3_1__f_CLK_I/I (gf180mcu_fd_sc_mcu7t5v0__clkbuf_16)
    12    0.063682    0.082281    0.184513    0.398801 ^ clkbuf_3_1__f_CLK_I/Z (gf180mcu_fd_sc_mcu7t5v0__clkbuf_16)
                                                         clknet_3_1__leaf_CLK_I (net)
                      0.082282    0.000562    0.399363 ^ _847_/CLK (gf180mcu_fd_sc_mcu7t5v0__dffq_1)
                                  0.500000    0.899363   clock uncertainty
                                  0.000000    0.899363   clock reconvergence pessimism
                                  0.064033    0.963396   library hold time
                                              0.963396   data required time
---------------------------------------------------------------------------------------------
                                              0.963396   data required time
                                             -1.246870   data arrival time
---------------------------------------------------------------------------------------------
                                              0.283474   slack (MET)


Startpoint: _818_ (rising edge-triggered flip-flop clocked by system_clock)
Endpoint: _874_ (rising edge-triggered flip-flop clocked by system_clock)
Path Group: system_clock
Path Type: min

Fanout         Cap        Slew       Delay        Time   Description
---------------------------------------------------------------------------------------------
                                  0.000000    0.000000   clock system_clock (rise edge)
                                  0.000000    0.000000   clock source latency
     1    0.036579    0.000000    0.000000    0.000000 ^ CLK_I (in)
                                                         CLK_I (net)
                      0.003417    0.001398    0.001398 ^ clkbuf_0_CLK_I/I (gf180mcu_fd_sc_mcu7t5v0__clkbuf_16)
     8    0.208985    0.167533    0.209877    0.211275 ^ clkbuf_0_CLK_I/Z (gf180mcu_fd_sc_mcu7t5v0__clkbuf_16)
                                                         clknet_0_CLK_I (net)
                      0.167557    0.003014    0.214288 ^ clkbuf_3_1__f_CLK_I/I (gf180mcu_fd_sc_mcu7t5v0__clkbuf_16)
    12    0.063682    0.082281    0.184513    0.398801 ^ clkbuf_3_1__f_CLK_I/Z (gf180mcu_fd_sc_mcu7t5v0__clkbuf_16)
                                                         clknet_3_1__leaf_CLK_I (net)
                      0.082283    0.000655    0.399457 ^ _818_/CLK (gf180mcu_fd_sc_mcu7t5v0__dffq_1)
     4    0.031372    0.227182    0.523517    0.922973 v _818_/Q (gf180mcu_fd_sc_mcu7t5v0__dffq_1)
                                                         recv_data_buffer[0] (net)
                      0.227184    0.000485    0.923458 v _480_/B2 (gf180mcu_fd_sc_mcu7t5v0__oai221_1)
     1    0.005539    0.223149    0.264539    1.187998 ^ _480_/ZN (gf180mcu_fd_sc_mcu7t5v0__oai221_1)
                                                         _144_ (net)
                      0.223149    0.000058    1.188055 ^ _508_/A2 (gf180mcu_fd_sc_mcu7t5v0__aoi22_1)
     1    0.002947    0.092808    0.066297    1.254353 v _508_/ZN (gf180mcu_fd_sc_mcu7t5v0__aoi22_1)
                                                         _008_ (net)
                      0.092808    0.000029    1.254381 v _874_/D (gf180mcu_fd_sc_mcu7t5v0__dffq_1)
                                              1.254381   data arrival time

                                  0.000000    0.000000   clock system_clock (rise edge)
                                  0.000000    0.000000   clock source latency
     1    0.036579    0.000000    0.000000    0.000000 ^ CLK_I (in)
                                                         CLK_I (net)
                      0.003417    0.001398    0.001398 ^ clkbuf_0_CLK_I/I (gf180mcu_fd_sc_mcu7t5v0__clkbuf_16)
     8    0.208985    0.167533    0.209877    0.211275 ^ clkbuf_0_CLK_I/Z (gf180mcu_fd_sc_mcu7t5v0__clkbuf_16)
                                                         clknet_0_CLK_I (net)
                      0.167622    0.004454    0.215728 ^ clkbuf_3_6__f_CLK_I/I (gf180mcu_fd_sc_mcu7t5v0__clkbuf_16)
    13    0.063776    0.082341    0.184597    0.400325 ^ clkbuf_3_6__f_CLK_I/Z (gf180mcu_fd_sc_mcu7t5v0__clkbuf_16)
                                                         clknet_3_6__leaf_CLK_I (net)
                      0.082342    0.000533    0.400858 ^ _874_/CLK (gf180mcu_fd_sc_mcu7t5v0__dffq_1)
                                  0.500000    0.900858   clock uncertainty
                                  0.000000    0.900858   clock reconvergence pessimism
                                  0.060119    0.960976   library hold time
                                              0.960976   data required time
---------------------------------------------------------------------------------------------
                                              0.960976   data required time
                                             -1.254381   data arrival time
---------------------------------------------------------------------------------------------
                                              0.293405   slack (MET)


Startpoint: _883_ (rising edge-triggered flip-flop clocked by system_clock)
Endpoint: _883_ (rising edge-triggered flip-flop clocked by system_clock)
Path Group: system_clock
Path Type: min

Fanout         Cap        Slew       Delay        Time   Description
---------------------------------------------------------------------------------------------
                                  0.000000    0.000000   clock system_clock (rise edge)
                                  0.000000    0.000000   clock source latency
     1    0.036579    0.000000    0.000000    0.000000 ^ CLK_I (in)
                                                         CLK_I (net)
                      0.003417    0.001398    0.001398 ^ clkbuf_0_CLK_I/I (gf180mcu_fd_sc_mcu7t5v0__clkbuf_16)
     8    0.208985    0.167533    0.209877    0.211275 ^ clkbuf_0_CLK_I/Z (gf180mcu_fd_sc_mcu7t5v0__clkbuf_16)
                                                         clknet_0_CLK_I (net)
                      0.167557    0.003014    0.214288 ^ clkbuf_3_1__f_CLK_I/I (gf180mcu_fd_sc_mcu7t5v0__clkbuf_16)
    12    0.063682    0.082281    0.184513    0.398801 ^ clkbuf_3_1__f_CLK_I/Z (gf180mcu_fd_sc_mcu7t5v0__clkbuf_16)
                                                         clknet_3_1__leaf_CLK_I (net)
                      0.082282    0.000546    0.399348 ^ _883_/CLK (gf180mcu_fd_sc_mcu7t5v0__dffq_1)
     9    0.051907    0.355317    0.605682    1.005030 v _883_/Q (gf180mcu_fd_sc_mcu7t5v0__dffq_1)
                                                         addr_pointer_register_internal[1] (net)
                      0.355326    0.000998    1.006028 v _562_/A1 (gf180mcu_fd_sc_mcu7t5v0__nand2_1)
     1    0.004996    0.140820    0.151911    1.157939 ^ _562_/ZN (gf180mcu_fd_sc_mcu7t5v0__nand2_1)
                                                         _217_ (net)
                      0.140820    0.000050    1.157989 ^ _563_/C (gf180mcu_fd_sc_mcu7t5v0__oai221_1)
     1    0.003781    0.114516    0.099055    1.257044 v _563_/ZN (gf180mcu_fd_sc_mcu7t5v0__oai221_1)
                                                         _017_ (net)
                      0.114516    0.000042    1.257086 v _883_/D (gf180mcu_fd_sc_mcu7t5v0__dffq_1)
                                              1.257086   data arrival time

                                  0.000000    0.000000   clock system_clock (rise edge)
                                  0.000000    0.000000   clock source latency
     1    0.036579    0.000000    0.000000    0.000000 ^ CLK_I (in)
                                                         CLK_I (net)
                      0.003417    0.001398    0.001398 ^ clkbuf_0_CLK_I/I (gf180mcu_fd_sc_mcu7t5v0__clkbuf_16)
     8    0.208985    0.167533    0.209877    0.211275 ^ clkbuf_0_CLK_I/Z (gf180mcu_fd_sc_mcu7t5v0__clkbuf_16)
                                                         clknet_0_CLK_I (net)
                      0.167557    0.003014    0.214288 ^ clkbuf_3_1__f_CLK_I/I (gf180mcu_fd_sc_mcu7t5v0__clkbuf_16)
    12    0.063682    0.082281    0.184513    0.398801 ^ clkbuf_3_1__f_CLK_I/Z (gf180mcu_fd_sc_mcu7t5v0__clkbuf_16)
                                                         clknet_3_1__leaf_CLK_I (net)
                      0.082282    0.000546    0.399348 ^ _883_/CLK (gf180mcu_fd_sc_mcu7t5v0__dffq_1)
                                  0.500000    0.899348   clock uncertainty
                                  0.000000    0.899348   clock reconvergence pessimism
                                  0.053944    0.953292   library hold time
                                              0.953292   data required time
---------------------------------------------------------------------------------------------
                                              0.953292   data required time
                                             -1.257086   data arrival time
---------------------------------------------------------------------------------------------
                                              0.303794   slack (MET)


Startpoint: _827_ (rising edge-triggered flip-flop clocked by system_clock)
Endpoint: _827_ (rising edge-triggered flip-flop clocked by system_clock)
Path Group: system_clock
Path Type: min

Fanout         Cap        Slew       Delay        Time   Description
---------------------------------------------------------------------------------------------
                                  0.000000    0.000000   clock system_clock (rise edge)
                                  0.000000    0.000000   clock source latency
     1    0.036579    0.000000    0.000000    0.000000 ^ CLK_I (in)
                                                         CLK_I (net)
                      0.003417    0.001398    0.001398 ^ clkbuf_0_CLK_I/I (gf180mcu_fd_sc_mcu7t5v0__clkbuf_16)
     8    0.208985    0.167533    0.209877    0.211275 ^ clkbuf_0_CLK_I/Z (gf180mcu_fd_sc_mcu7t5v0__clkbuf_16)
                                                         clknet_0_CLK_I (net)
                      0.167582    0.003747    0.215022 ^ clkbuf_3_0__f_CLK_I/I (gf180mcu_fd_sc_mcu7t5v0__clkbuf_16)
     9    0.058017    0.079128    0.182017    0.397039 ^ clkbuf_3_0__f_CLK_I/Z (gf180mcu_fd_sc_mcu7t5v0__clkbuf_16)
                                                         clknet_3_0__leaf_CLK_I (net)
                      0.079128    0.000048    0.397087 ^ _827_/CLK (gf180mcu_fd_sc_mcu7t5v0__dffq_1)
     9    0.050874    0.348794    0.600933    0.998019 v _827_/Q (gf180mcu_fd_sc_mcu7t5v0__dffq_1)
                                                         received_data_internal_flag (net)
                      0.348794    0.000323    0.998342 v _708_/I1 (gf180mcu_fd_sc_mcu7t5v0__mux2_2)
     1    0.003506    0.073052    0.271584    1.269926 v _708_/Z (gf180mcu_fd_sc_mcu7t5v0__mux2_2)
                                                         _040_ (net)
                      0.073052    0.000066    1.269992 v _827_/D (gf180mcu_fd_sc_mcu7t5v0__dffq_1)
                                              1.269992   data arrival time

                                  0.000000    0.000000   clock system_clock (rise edge)
                                  0.000000    0.000000   clock source latency
     1    0.036579    0.000000    0.000000    0.000000 ^ CLK_I (in)
                                                         CLK_I (net)
                      0.003417    0.001398    0.001398 ^ clkbuf_0_CLK_I/I (gf180mcu_fd_sc_mcu7t5v0__clkbuf_16)
     8    0.208985    0.167533    0.209877    0.211275 ^ clkbuf_0_CLK_I/Z (gf180mcu_fd_sc_mcu7t5v0__clkbuf_16)
                                                         clknet_0_CLK_I (net)
                      0.167582    0.003747    0.215022 ^ clkbuf_3_0__f_CLK_I/I (gf180mcu_fd_sc_mcu7t5v0__clkbuf_16)
     9    0.058017    0.079128    0.182017    0.397039 ^ clkbuf_3_0__f_CLK_I/Z (gf180mcu_fd_sc_mcu7t5v0__clkbuf_16)
                                                         clknet_3_0__leaf_CLK_I (net)
                      0.079128    0.000048    0.397087 ^ _827_/CLK (gf180mcu_fd_sc_mcu7t5v0__dffq_1)
                                  0.500000    0.897087   clock uncertainty
                                  0.000000    0.897087   clock reconvergence pessimism
                                  0.064302    0.961389   library hold time
                                              0.961389   data required time
---------------------------------------------------------------------------------------------
                                              0.961389   data required time
                                             -1.269992   data arrival time
---------------------------------------------------------------------------------------------
                                              0.308604   slack (MET)


Startpoint: _824_ (rising edge-triggered flip-flop clocked by system_clock)
Endpoint: _824_ (rising edge-triggered flip-flop clocked by system_clock)
Path Group: system_clock
Path Type: min

Fanout         Cap        Slew       Delay        Time   Description
---------------------------------------------------------------------------------------------
                                  0.000000    0.000000   clock system_clock (rise edge)
                                  0.000000    0.000000   clock source latency
     1    0.036579    0.000000    0.000000    0.000000 ^ CLK_I (in)
                                                         CLK_I (net)
                      0.003417    0.001398    0.001398 ^ clkbuf_0_CLK_I/I (gf180mcu_fd_sc_mcu7t5v0__clkbuf_16)
     8    0.208985    0.167533    0.209877    0.211275 ^ clkbuf_0_CLK_I/Z (gf180mcu_fd_sc_mcu7t5v0__clkbuf_16)
                                                         clknet_0_CLK_I (net)
                      0.167658    0.004964    0.216238 ^ clkbuf_3_7__f_CLK_I/I (gf180mcu_fd_sc_mcu7t5v0__clkbuf_16)
    13    0.062541    0.081634    0.183976    0.400214 ^ clkbuf_3_7__f_CLK_I/Z (gf180mcu_fd_sc_mcu7t5v0__clkbuf_16)
                                                         clknet_3_7__leaf_CLK_I (net)
                      0.081638    0.000964    0.401178 ^ _824_/CLK (gf180mcu_fd_sc_mcu7t5v0__dffq_1)
     6    0.052739    0.360400    0.607995    1.009172 v _824_/Q (gf180mcu_fd_sc_mcu7t5v0__dffq_1)
                                                         recv_data_buffer[6] (net)
                      0.360421    0.001550    1.010723 v _691_/I0 (gf180mcu_fd_sc_mcu7t5v0__mux2_2)
     1    0.006866    0.085300    0.285810    1.296532 v _691_/Z (gf180mcu_fd_sc_mcu7t5v0__mux2_2)
                                                         _037_ (net)
                      0.085300    0.000167    1.296699 v _824_/D (gf180mcu_fd_sc_mcu7t5v0__dffq_1)
                                              1.296699   data arrival time

                                  0.000000    0.000000   clock system_clock (rise edge)
                                  0.000000    0.000000   clock source latency
     1    0.036579    0.000000    0.000000    0.000000 ^ CLK_I (in)
                                                         CLK_I (net)
                      0.003417    0.001398    0.001398 ^ clkbuf_0_CLK_I/I (gf180mcu_fd_sc_mcu7t5v0__clkbuf_16)
     8    0.208985    0.167533    0.209877    0.211275 ^ clkbuf_0_CLK_I/Z (gf180mcu_fd_sc_mcu7t5v0__clkbuf_16)
                                                         clknet_0_CLK_I (net)
                      0.167658    0.004964    0.216238 ^ clkbuf_3_7__f_CLK_I/I (gf180mcu_fd_sc_mcu7t5v0__clkbuf_16)
    13    0.062541    0.081634    0.183976    0.400214 ^ clkbuf_3_7__f_CLK_I/Z (gf180mcu_fd_sc_mcu7t5v0__clkbuf_16)
                                                         clknet_3_7__leaf_CLK_I (net)
                      0.081638    0.000964    0.401178 ^ _824_/CLK (gf180mcu_fd_sc_mcu7t5v0__dffq_1)
                                  0.500000    0.901178   clock uncertainty
                                  0.000000    0.901178   clock reconvergence pessimism
                                  0.061810    0.962987   library hold time
                                              0.962987   data required time
---------------------------------------------------------------------------------------------
                                              0.962987   data required time
                                             -1.296699   data arrival time
---------------------------------------------------------------------------------------------
                                              0.333711   slack (MET)


Startpoint: _818_ (rising edge-triggered flip-flop clocked by system_clock)
Endpoint: _856_ (rising edge-triggered flip-flop clocked by system_clock)
Path Group: system_clock
Path Type: min

Fanout         Cap        Slew       Delay        Time   Description
---------------------------------------------------------------------------------------------
                                  0.000000    0.000000   clock system_clock (rise edge)
                                  0.000000    0.000000   clock source latency
     1    0.036579    0.000000    0.000000    0.000000 ^ CLK_I (in)
                                                         CLK_I (net)
                      0.003417    0.001398    0.001398 ^ clkbuf_0_CLK_I/I (gf180mcu_fd_sc_mcu7t5v0__clkbuf_16)
     8    0.208985    0.167533    0.209877    0.211275 ^ clkbuf_0_CLK_I/Z (gf180mcu_fd_sc_mcu7t5v0__clkbuf_16)
                                                         clknet_0_CLK_I (net)
                      0.167557    0.003014    0.214288 ^ clkbuf_3_1__f_CLK_I/I (gf180mcu_fd_sc_mcu7t5v0__clkbuf_16)
    12    0.063682    0.082281    0.184513    0.398801 ^ clkbuf_3_1__f_CLK_I/Z (gf180mcu_fd_sc_mcu7t5v0__clkbuf_16)
                                                         clknet_3_1__leaf_CLK_I (net)
                      0.082283    0.000655    0.399457 ^ _818_/CLK (gf180mcu_fd_sc_mcu7t5v0__dffq_1)
     4    0.031372    0.227182    0.523517    0.922973 v _818_/Q (gf180mcu_fd_sc_mcu7t5v0__dffq_1)
                                                         recv_data_buffer[0] (net)
                      0.227187    0.000662    0.923636 v _793_/B2 (gf180mcu_fd_sc_mcu7t5v0__aoi22_1)
     1    0.011512    0.222531    0.228168    1.151804 ^ _793_/ZN (gf180mcu_fd_sc_mcu7t5v0__aoi22_1)
                                                         _396_ (net)
                      0.222531    0.000317    1.152121 ^ _794_/A2 (gf180mcu_fd_sc_mcu7t5v0__nor2_1)
     1    0.009518    0.160084    0.133057    1.285178 v _794_/ZN (gf180mcu_fd_sc_mcu7t5v0__nor2_1)
                                                         _069_ (net)
                      0.160084    0.000257    1.285435 v _856_/D (gf180mcu_fd_sc_mcu7t5v0__dffq_1)
                                              1.285435   data arrival time

                                  0.000000    0.000000   clock system_clock (rise edge)
                                  0.000000    0.000000   clock source latency
     1    0.036579    0.000000    0.000000    0.000000 ^ CLK_I (in)
                                                         CLK_I (net)
                      0.003417    0.001398    0.001398 ^ clkbuf_0_CLK_I/I (gf180mcu_fd_sc_mcu7t5v0__clkbuf_16)
     8    0.208985    0.167533    0.209877    0.211275 ^ clkbuf_0_CLK_I/Z (gf180mcu_fd_sc_mcu7t5v0__clkbuf_16)
                                                         clknet_0_CLK_I (net)
                      0.167554    0.002825    0.214099 ^ clkbuf_3_5__f_CLK_I/I (gf180mcu_fd_sc_mcu7t5v0__clkbuf_16)
    11    0.066350    0.083759    0.185653    0.399752 ^ clkbuf_3_5__f_CLK_I/Z (gf180mcu_fd_sc_mcu7t5v0__clkbuf_16)
                                                         clknet_3_5__leaf_CLK_I (net)
                      0.083759    0.000467    0.400219 ^ _856_/CLK (gf180mcu_fd_sc_mcu7t5v0__dffq_1)
                                  0.500000    0.900220   clock uncertainty
                                  0.000000    0.900220   clock reconvergence pessimism
                                  0.040196    0.940416   library hold time
                                              0.940416   data required time
---------------------------------------------------------------------------------------------
                                              0.940416   data required time
                                             -1.285435   data arrival time
---------------------------------------------------------------------------------------------
                                              0.345019   slack (MET)


Startpoint: _818_ (rising edge-triggered flip-flop clocked by system_clock)
Endpoint: _882_ (rising edge-triggered flip-flop clocked by system_clock)
Path Group: system_clock
Path Type: min

Fanout         Cap        Slew       Delay        Time   Description
---------------------------------------------------------------------------------------------
                                  0.000000    0.000000   clock system_clock (rise edge)
                                  0.000000    0.000000   clock source latency
     1    0.036579    0.000000    0.000000    0.000000 ^ CLK_I (in)
                                                         CLK_I (net)
                      0.003417    0.001398    0.001398 ^ clkbuf_0_CLK_I/I (gf180mcu_fd_sc_mcu7t5v0__clkbuf_16)
     8    0.208985    0.167533    0.209877    0.211275 ^ clkbuf_0_CLK_I/Z (gf180mcu_fd_sc_mcu7t5v0__clkbuf_16)
                                                         clknet_0_CLK_I (net)
                      0.167557    0.003014    0.214288 ^ clkbuf_3_1__f_CLK_I/I (gf180mcu_fd_sc_mcu7t5v0__clkbuf_16)
    12    0.063682    0.082281    0.184513    0.398801 ^ clkbuf_3_1__f_CLK_I/Z (gf180mcu_fd_sc_mcu7t5v0__clkbuf_16)
                                                         clknet_3_1__leaf_CLK_I (net)
                      0.082283    0.000655    0.399457 ^ _818_/CLK (gf180mcu_fd_sc_mcu7t5v0__dffq_1)
     4    0.031372    0.227182    0.523517    0.922973 v _818_/Q (gf180mcu_fd_sc_mcu7t5v0__dffq_1)
                                                         recv_data_buffer[0] (net)
                      0.227183    0.000395    0.923369 v _410_/I (gf180mcu_fd_sc_mcu7t5v0__clkinv_1)
     3    0.025386    0.302052    0.238145    1.161514 ^ _410_/ZN (gf180mcu_fd_sc_mcu7t5v0__clkinv_1)
                                                         _083_ (net)
                      0.302054    0.000544    1.162057 ^ _560_/B2 (gf180mcu_fd_sc_mcu7t5v0__oai221_1)
     1    0.003975    0.116492    0.142293    1.304350 v _560_/ZN (gf180mcu_fd_sc_mcu7t5v0__oai221_1)
                                                         _016_ (net)
                      0.116492    0.000044    1.304394 v _882_/D (gf180mcu_fd_sc_mcu7t5v0__dffq_1)
                                              1.304394   data arrival time

                                  0.000000    0.000000   clock system_clock (rise edge)
                                  0.000000    0.000000   clock source latency
     1    0.036579    0.000000    0.000000    0.000000 ^ CLK_I (in)
                                                         CLK_I (net)
                      0.003417    0.001398    0.001398 ^ clkbuf_0_CLK_I/I (gf180mcu_fd_sc_mcu7t5v0__clkbuf_16)
     8    0.208985    0.167533    0.209877    0.211275 ^ clkbuf_0_CLK_I/Z (gf180mcu_fd_sc_mcu7t5v0__clkbuf_16)
                                                         clknet_0_CLK_I (net)
                      0.167557    0.003014    0.214288 ^ clkbuf_3_1__f_CLK_I/I (gf180mcu_fd_sc_mcu7t5v0__clkbuf_16)
    12    0.063682    0.082281    0.184513    0.398801 ^ clkbuf_3_1__f_CLK_I/Z (gf180mcu_fd_sc_mcu7t5v0__clkbuf_16)
                                                         clknet_3_1__leaf_CLK_I (net)
                      0.082282    0.000553    0.399355 ^ _882_/CLK (gf180mcu_fd_sc_mcu7t5v0__dffq_1)
                                  0.500000    0.899355   clock uncertainty
                                  0.000000    0.899355   clock reconvergence pessimism
                                  0.053338    0.952693   library hold time
                                              0.952693   data required time
---------------------------------------------------------------------------------------------
                                              0.952693   data required time
                                             -1.304394   data arrival time
---------------------------------------------------------------------------------------------
                                              0.351701   slack (MET)


Startpoint: _819_ (rising edge-triggered flip-flop clocked by system_clock)
Endpoint: _857_ (rising edge-triggered flip-flop clocked by system_clock)
Path Group: system_clock
Path Type: min

Fanout         Cap        Slew       Delay        Time   Description
---------------------------------------------------------------------------------------------
                                  0.000000    0.000000   clock system_clock (rise edge)
                                  0.000000    0.000000   clock source latency
     1    0.036579    0.000000    0.000000    0.000000 ^ CLK_I (in)
                                                         CLK_I (net)
                      0.003417    0.001398    0.001398 ^ clkbuf_0_CLK_I/I (gf180mcu_fd_sc_mcu7t5v0__clkbuf_16)
     8    0.208985    0.167533    0.209877    0.211275 ^ clkbuf_0_CLK_I/Z (gf180mcu_fd_sc_mcu7t5v0__clkbuf_16)
                                                         clknet_0_CLK_I (net)
                      0.167574    0.003551    0.214826 ^ clkbuf_3_3__f_CLK_I/I (gf180mcu_fd_sc_mcu7t5v0__clkbuf_16)
    10    0.068751    0.085081    0.186654    0.401480 ^ clkbuf_3_3__f_CLK_I/Z (gf180mcu_fd_sc_mcu7t5v0__clkbuf_16)
                                                         clknet_3_3__leaf_CLK_I (net)
                      0.085081    0.000181    0.401661 ^ _819_/CLK (gf180mcu_fd_sc_mcu7t5v0__dffq_1)
     5    0.038718    0.271995    0.553641    0.955303 v _819_/Q (gf180mcu_fd_sc_mcu7t5v0__dffq_1)
                                                         recv_data_buffer[1] (net)
                      0.272007    0.001019    0.956322 v _795_/B2 (gf180mcu_fd_sc_mcu7t5v0__aoi22_1)
     1    0.009060    0.190026    0.220040    1.176362 ^ _795_/ZN (gf180mcu_fd_sc_mcu7t5v0__aoi22_1)
                                                         _397_ (net)
                      0.190026    0.000219    1.176581 ^ _796_/A2 (gf180mcu_fd_sc_mcu7t5v0__nor2_1)
     1    0.008996    0.149591    0.124190    1.300771 v _796_/ZN (gf180mcu_fd_sc_mcu7t5v0__nor2_1)
                                                         _070_ (net)
                      0.149591    0.000237    1.301008 v _857_/D (gf180mcu_fd_sc_mcu7t5v0__dffq_1)
                                              1.301008   data arrival time

                                  0.000000    0.000000   clock system_clock (rise edge)
                                  0.000000    0.000000   clock source latency
     1    0.036579    0.000000    0.000000    0.000000 ^ CLK_I (in)
                                                         CLK_I (net)
                      0.003417    0.001398    0.001398 ^ clkbuf_0_CLK_I/I (gf180mcu_fd_sc_mcu7t5v0__clkbuf_16)
     8    0.208985    0.167533    0.209877    0.211275 ^ clkbuf_0_CLK_I/Z (gf180mcu_fd_sc_mcu7t5v0__clkbuf_16)
                                                         clknet_0_CLK_I (net)
                      0.167658    0.004964    0.216238 ^ clkbuf_3_7__f_CLK_I/I (gf180mcu_fd_sc_mcu7t5v0__clkbuf_16)
    13    0.062541    0.081634    0.183976    0.400214 ^ clkbuf_3_7__f_CLK_I/Z (gf180mcu_fd_sc_mcu7t5v0__clkbuf_16)
                                                         clknet_3_7__leaf_CLK_I (net)
                      0.081635    0.000404    0.400618 ^ _857_/CLK (gf180mcu_fd_sc_mcu7t5v0__dffq_1)
                                  0.500000    0.900618   clock uncertainty
                                  0.000000    0.900618   clock reconvergence pessimism
                                  0.043089    0.943707   library hold time
                                              0.943707   data required time
---------------------------------------------------------------------------------------------
                                              0.943707   data required time
                                             -1.301008   data arrival time
---------------------------------------------------------------------------------------------
                                              0.357302   slack (MET)


Startpoint: _822_ (rising edge-triggered flip-flop clocked by system_clock)
Endpoint: _822_ (rising edge-triggered flip-flop clocked by system_clock)
Path Group: system_clock
Path Type: min

Fanout         Cap        Slew       Delay        Time   Description
---------------------------------------------------------------------------------------------
                                  0.000000    0.000000   clock system_clock (rise edge)
                                  0.000000    0.000000   clock source latency
     1    0.036579    0.000000    0.000000    0.000000 ^ CLK_I (in)
                                                         CLK_I (net)
                      0.003417    0.001398    0.001398 ^ clkbuf_0_CLK_I/I (gf180mcu_fd_sc_mcu7t5v0__clkbuf_16)
     8    0.208985    0.167533    0.209877    0.211275 ^ clkbuf_0_CLK_I/Z (gf180mcu_fd_sc_mcu7t5v0__clkbuf_16)
                                                         clknet_0_CLK_I (net)
                      0.167574    0.003551    0.214826 ^ clkbuf_3_3__f_CLK_I/I (gf180mcu_fd_sc_mcu7t5v0__clkbuf_16)
    10    0.068751    0.085081    0.186654    0.401480 ^ clkbuf_3_3__f_CLK_I/Z (gf180mcu_fd_sc_mcu7t5v0__clkbuf_16)
                                                         clknet_3_3__leaf_CLK_I (net)
                      0.085081    0.000084    0.401565 ^ _822_/CLK (gf180mcu_fd_sc_mcu7t5v0__dffq_1)
     4    0.038247    0.268905    0.551329    0.952894 v _822_/Q (gf180mcu_fd_sc_mcu7t5v0__dffq_1)
                                                         recv_data_buffer[4] (net)
                      0.268910    0.000646    0.953540 v _419_/I (gf180mcu_fd_sc_mcu7t5v0__clkinv_1)
     3    0.031264    0.365853    0.285720    1.239260 ^ _419_/ZN (gf180mcu_fd_sc_mcu7t5v0__clkinv_1)
                                                         _092_ (net)
                      0.365854    0.000434    1.239693 ^ _689_/A1 (gf180mcu_fd_sc_mcu7t5v0__oai21_1)
     1    0.003820    0.100488    0.080209    1.319902 v _689_/ZN (gf180mcu_fd_sc_mcu7t5v0__oai21_1)
                                                         _035_ (net)
                      0.100488    0.000041    1.319944 v _822_/D (gf180mcu_fd_sc_mcu7t5v0__dffq_1)
                                              1.319944   data arrival time

                                  0.000000    0.000000   clock system_clock (rise edge)
                                  0.000000    0.000000   clock source latency
     1    0.036579    0.000000    0.000000    0.000000 ^ CLK_I (in)
                                                         CLK_I (net)
                      0.003417    0.001398    0.001398 ^ clkbuf_0_CLK_I/I (gf180mcu_fd_sc_mcu7t5v0__clkbuf_16)
     8    0.208985    0.167533    0.209877    0.211275 ^ clkbuf_0_CLK_I/Z (gf180mcu_fd_sc_mcu7t5v0__clkbuf_16)
                                                         clknet_0_CLK_I (net)
                      0.167574    0.003551    0.214826 ^ clkbuf_3_3__f_CLK_I/I (gf180mcu_fd_sc_mcu7t5v0__clkbuf_16)
    10    0.068751    0.085081    0.186654    0.401480 ^ clkbuf_3_3__f_CLK_I/Z (gf180mcu_fd_sc_mcu7t5v0__clkbuf_16)
                                                         clknet_3_3__leaf_CLK_I (net)
                      0.085081    0.000084    0.401565 ^ _822_/CLK (gf180mcu_fd_sc_mcu7t5v0__dffq_1)
                                  0.500000    0.901565   clock uncertainty
                                  0.000000    0.901565   clock reconvergence pessimism
                                  0.058680    0.960245   library hold time
                                              0.960245   data required time
---------------------------------------------------------------------------------------------
                                              0.960245   data required time
                                             -1.319944   data arrival time
---------------------------------------------------------------------------------------------
                                              0.359699   slack (MET)


Startpoint: _820_ (rising edge-triggered flip-flop clocked by system_clock)
Endpoint: _821_ (rising edge-triggered flip-flop clocked by system_clock)
Path Group: system_clock
Path Type: min

Fanout         Cap        Slew       Delay        Time   Description
---------------------------------------------------------------------------------------------
                                  0.000000    0.000000   clock system_clock (rise edge)
                                  0.000000    0.000000   clock source latency
     1    0.036579    0.000000    0.000000    0.000000 ^ CLK_I (in)
                                                         CLK_I (net)
                      0.003417    0.001398    0.001398 ^ clkbuf_0_CLK_I/I (gf180mcu_fd_sc_mcu7t5v0__clkbuf_16)
     8    0.208985    0.167533    0.209877    0.211275 ^ clkbuf_0_CLK_I/Z (gf180mcu_fd_sc_mcu7t5v0__clkbuf_16)
                                                         clknet_0_CLK_I (net)
                      0.167658    0.004964    0.216238 ^ clkbuf_3_7__f_CLK_I/I (gf180mcu_fd_sc_mcu7t5v0__clkbuf_16)
    13    0.062541    0.081634    0.183976    0.400214 ^ clkbuf_3_7__f_CLK_I/Z (gf180mcu_fd_sc_mcu7t5v0__clkbuf_16)
                                                         clknet_3_7__leaf_CLK_I (net)
                      0.081637    0.000824    0.401038 ^ _820_/CLK (gf180mcu_fd_sc_mcu7t5v0__dffq_1)
     6    0.058480    0.396769    0.631141    1.032179 v _820_/Q (gf180mcu_fd_sc_mcu7t5v0__dffq_1)
                                                         recv_data_buffer[2] (net)
                      0.396779    0.001190    1.033368 v _687_/I1 (gf180mcu_fd_sc_mcu7t5v0__mux2_2)
     1    0.005837    0.081769    0.292055    1.325424 v _687_/Z (gf180mcu_fd_sc_mcu7t5v0__mux2_2)
                                                         _034_ (net)
                      0.081769    0.000085    1.325509 v _821_/D (gf180mcu_fd_sc_mcu7t5v0__dffq_1)
                                              1.325509   data arrival time

                                  0.000000    0.000000   clock system_clock (rise edge)
                                  0.000000    0.000000   clock source latency
     1    0.036579    0.000000    0.000000    0.000000 ^ CLK_I (in)
                                                         CLK_I (net)
                      0.003417    0.001398    0.001398 ^ clkbuf_0_CLK_I/I (gf180mcu_fd_sc_mcu7t5v0__clkbuf_16)
     8    0.208985    0.167533    0.209877    0.211275 ^ clkbuf_0_CLK_I/Z (gf180mcu_fd_sc_mcu7t5v0__clkbuf_16)
                                                         clknet_0_CLK_I (net)
                      0.167658    0.004964    0.216238 ^ clkbuf_3_7__f_CLK_I/I (gf180mcu_fd_sc_mcu7t5v0__clkbuf_16)
    13    0.062541    0.081634    0.183976    0.400214 ^ clkbuf_3_7__f_CLK_I/Z (gf180mcu_fd_sc_mcu7t5v0__clkbuf_16)
                                                         clknet_3_7__leaf_CLK_I (net)
                      0.081637    0.000846    0.401060 ^ _821_/CLK (gf180mcu_fd_sc_mcu7t5v0__dffq_1)
                                  0.500000    0.901060   clock uncertainty
                                  0.000000    0.901060   clock reconvergence pessimism
                                  0.062658    0.963719   library hold time
                                              0.963719   data required time
---------------------------------------------------------------------------------------------
                                              0.963719   data required time
                                             -1.325509   data arrival time
---------------------------------------------------------------------------------------------
                                              0.361791   slack (MET)


Startpoint: _825_ (rising edge-triggered flip-flop clocked by system_clock)
Endpoint: _863_ (rising edge-triggered flip-flop clocked by system_clock)
Path Group: system_clock
Path Type: min

Fanout         Cap        Slew       Delay        Time   Description
---------------------------------------------------------------------------------------------
                                  0.000000    0.000000   clock system_clock (rise edge)
                                  0.000000    0.000000   clock source latency
     1    0.036579    0.000000    0.000000    0.000000 ^ CLK_I (in)
                                                         CLK_I (net)
                      0.003417    0.001398    0.001398 ^ clkbuf_0_CLK_I/I (gf180mcu_fd_sc_mcu7t5v0__clkbuf_16)
     8    0.208985    0.167533    0.209877    0.211275 ^ clkbuf_0_CLK_I/Z (gf180mcu_fd_sc_mcu7t5v0__clkbuf_16)
                                                         clknet_0_CLK_I (net)
                      0.167622    0.004454    0.215728 ^ clkbuf_3_6__f_CLK_I/I (gf180mcu_fd_sc_mcu7t5v0__clkbuf_16)
    13    0.063776    0.082341    0.184597    0.400325 ^ clkbuf_3_6__f_CLK_I/Z (gf180mcu_fd_sc_mcu7t5v0__clkbuf_16)
                                                         clknet_3_6__leaf_CLK_I (net)
                      0.082341    0.000138    0.400463 ^ _825_/CLK (gf180mcu_fd_sc_mcu7t5v0__dffq_1)
     5    0.042130    0.293537    0.566781    0.967244 v _825_/Q (gf180mcu_fd_sc_mcu7t5v0__dffq_1)
                                                         recv_data_buffer[7] (net)
                      0.293540    0.000529    0.967772 v _807_/B2 (gf180mcu_fd_sc_mcu7t5v0__aoi22_1)
     1    0.007434    0.172693    0.212492    1.180265 ^ _807_/ZN (gf180mcu_fd_sc_mcu7t5v0__aoi22_1)
                                                         _403_ (net)
                      0.172693    0.000165    1.180430 ^ _808_/A2 (gf180mcu_fd_sc_mcu7t5v0__nor2_1)
     1    0.011565    0.165287    0.136497    1.316927 v _808_/ZN (gf180mcu_fd_sc_mcu7t5v0__nor2_1)
                                                         _076_ (net)
                      0.165287    0.000372    1.317298 v _863_/D (gf180mcu_fd_sc_mcu7t5v0__dffq_1)
                                              1.317298   data arrival time

                                  0.000000    0.000000   clock system_clock (rise edge)
                                  0.000000    0.000000   clock source latency
     1    0.036579    0.000000    0.000000    0.000000 ^ CLK_I (in)
                                                         CLK_I (net)
                      0.003417    0.001398    0.001398 ^ clkbuf_0_CLK_I/I (gf180mcu_fd_sc_mcu7t5v0__clkbuf_16)
     8    0.208985    0.167533    0.209877    0.211275 ^ clkbuf_0_CLK_I/Z (gf180mcu_fd_sc_mcu7t5v0__clkbuf_16)
                                                         clknet_0_CLK_I (net)
                      0.167658    0.004964    0.216238 ^ clkbuf_3_7__f_CLK_I/I (gf180mcu_fd_sc_mcu7t5v0__clkbuf_16)
    13    0.062541    0.081634    0.183976    0.400214 ^ clkbuf_3_7__f_CLK_I/Z (gf180mcu_fd_sc_mcu7t5v0__clkbuf_16)
                                                         clknet_3_7__leaf_CLK_I (net)
                      0.081637    0.000873    0.401087 ^ _863_/CLK (gf180mcu_fd_sc_mcu7t5v0__dffq_1)
                                  0.500000    0.901087   clock uncertainty
                                  0.000000    0.901087   clock reconvergence pessimism
                                  0.038277    0.939363   library hold time
                                              0.939363   data required time
---------------------------------------------------------------------------------------------
                                              0.939363   data required time
                                             -1.317298   data arrival time
---------------------------------------------------------------------------------------------
                                              0.377935   slack (MET)


Startpoint: _884_ (rising edge-triggered flip-flop clocked by system_clock)
Endpoint: _884_ (rising edge-triggered flip-flop clocked by system_clock)
Path Group: system_clock
Path Type: min

Fanout         Cap        Slew       Delay        Time   Description
---------------------------------------------------------------------------------------------
                                  0.000000    0.000000   clock system_clock (rise edge)
                                  0.000000    0.000000   clock source latency
     1    0.036579    0.000000    0.000000    0.000000 ^ CLK_I (in)
                                                         CLK_I (net)
                      0.003417    0.001398    0.001398 ^ clkbuf_0_CLK_I/I (gf180mcu_fd_sc_mcu7t5v0__clkbuf_16)
     8    0.208985    0.167533    0.209877    0.211275 ^ clkbuf_0_CLK_I/Z (gf180mcu_fd_sc_mcu7t5v0__clkbuf_16)
                                                         clknet_0_CLK_I (net)
                      0.167557    0.003014    0.214288 ^ clkbuf_3_1__f_CLK_I/I (gf180mcu_fd_sc_mcu7t5v0__clkbuf_16)
    12    0.063682    0.082281    0.184513    0.398801 ^ clkbuf_3_1__f_CLK_I/Z (gf180mcu_fd_sc_mcu7t5v0__clkbuf_16)
                                                         clknet_3_1__leaf_CLK_I (net)
                      0.082282    0.000348    0.399150 ^ _884_/CLK (gf180mcu_fd_sc_mcu7t5v0__dffq_1)
     7    0.043489    0.302123    0.572206    0.971355 v _884_/Q (gf180mcu_fd_sc_mcu7t5v0__dffq_1)
                                                         addr_pointer_register_internal[2] (net)
                      0.302129    0.000756    0.972111 v _434_/I (gf180mcu_fd_sc_mcu7t5v0__clkinv_1)
     5    0.026393    0.322845    0.265144    1.237255 ^ _434_/ZN (gf180mcu_fd_sc_mcu7t5v0__clkinv_1)
                                                         _107_ (net)
                      0.322845    0.000302    1.237558 ^ _568_/A1 (gf180mcu_fd_sc_mcu7t5v0__aoi211_1)
     1    0.003516    0.116426    0.094430    1.331987 v _568_/ZN (gf180mcu_fd_sc_mcu7t5v0__aoi211_1)
                                                         _018_ (net)
                      0.116426    0.000037    1.332024 v _884_/D (gf180mcu_fd_sc_mcu7t5v0__dffq_1)
                                              1.332024   data arrival time

                                  0.000000    0.000000   clock system_clock (rise edge)
                                  0.000000    0.000000   clock source latency
     1    0.036579    0.000000    0.000000    0.000000 ^ CLK_I (in)
                                                         CLK_I (net)
                      0.003417    0.001398    0.001398 ^ clkbuf_0_CLK_I/I (gf180mcu_fd_sc_mcu7t5v0__clkbuf_16)
     8    0.208985    0.167533    0.209877    0.211275 ^ clkbuf_0_CLK_I/Z (gf180mcu_fd_sc_mcu7t5v0__clkbuf_16)
                                                         clknet_0_CLK_I (net)
                      0.167557    0.003014    0.214288 ^ clkbuf_3_1__f_CLK_I/I (gf180mcu_fd_sc_mcu7t5v0__clkbuf_16)
    12    0.063682    0.082281    0.184513    0.398801 ^ clkbuf_3_1__f_CLK_I/Z (gf180mcu_fd_sc_mcu7t5v0__clkbuf_16)
                                                         clknet_3_1__leaf_CLK_I (net)
                      0.082282    0.000348    0.399150 ^ _884_/CLK (gf180mcu_fd_sc_mcu7t5v0__dffq_1)
                                  0.500000    0.899150   clock uncertainty
                                  0.000000    0.899150   clock reconvergence pessimism
                                  0.053358    0.952508   library hold time
                                              0.952508   data required time
---------------------------------------------------------------------------------------------
                                              0.952508   data required time
                                             -1.332024   data arrival time
---------------------------------------------------------------------------------------------
                                              0.379516   slack (MET)


Startpoint: _899_ (rising edge-triggered flip-flop clocked by system_clock)
Endpoint: _897_ (rising edge-triggered flip-flop clocked by system_clock)
Path Group: system_clock
Path Type: min

Fanout         Cap        Slew       Delay        Time   Description
---------------------------------------------------------------------------------------------
                                  0.000000    0.000000   clock system_clock (rise edge)
                                  0.000000    0.000000   clock source latency
     1    0.036579    0.000000    0.000000    0.000000 ^ CLK_I (in)
                                                         CLK_I (net)
                      0.003417    0.001398    0.001398 ^ clkbuf_0_CLK_I/I (gf180mcu_fd_sc_mcu7t5v0__clkbuf_16)
     8    0.208985    0.167533    0.209877    0.211275 ^ clkbuf_0_CLK_I/Z (gf180mcu_fd_sc_mcu7t5v0__clkbuf_16)
                                                         clknet_0_CLK_I (net)
                      0.167587    0.003837    0.215112 ^ clkbuf_3_2__f_CLK_I/I (gf180mcu_fd_sc_mcu7t5v0__clkbuf_16)
    14    0.060187    0.080307    0.182842    0.397954 ^ clkbuf_3_2__f_CLK_I/Z (gf180mcu_fd_sc_mcu7t5v0__clkbuf_16)
                                                         clknet_3_2__leaf_CLK_I (net)
                      0.080311    0.001071    0.399025 ^ _899_/CLK (gf180mcu_fd_sc_mcu7t5v0__dffq_1)
     3    0.034889    0.248131    0.536672    0.935697 v _899_/Q (gf180mcu_fd_sc_mcu7t5v0__dffq_1)
                                                         i2c_scl_in_synchronised_internal (net)
                      0.248189    0.000654    0.936351 v _421_/I (gf180mcu_fd_sc_mcu7t5v0__clkinv_1)
     3    0.016174    0.215990    0.186563    1.122914 ^ _421_/ZN (gf180mcu_fd_sc_mcu7t5v0__clkinv_1)
                                                         _094_ (net)
                      0.215990    0.000251    1.123165 ^ _439_/A1 (gf180mcu_fd_sc_mcu7t5v0__and2_1)
     1    0.003527    0.084859    0.189654    1.312820 ^ _439_/Z (gf180mcu_fd_sc_mcu7t5v0__and2_1)
                                                         _000_ (net)
                      0.084859    0.000037    1.312857 ^ _897_/D (gf180mcu_fd_sc_mcu7t5v0__dffq_1)
                                              1.312857   data arrival time

                                  0.000000    0.000000   clock system_clock (rise edge)
                                  0.000000    0.000000   clock source latency
     1    0.036579    0.000000    0.000000    0.000000 ^ CLK_I (in)
                                                         CLK_I (net)
                      0.003417    0.001398    0.001398 ^ clkbuf_0_CLK_I/I (gf180mcu_fd_sc_mcu7t5v0__clkbuf_16)
     8    0.208985    0.167533    0.209877    0.211275 ^ clkbuf_0_CLK_I/Z (gf180mcu_fd_sc_mcu7t5v0__clkbuf_16)
                                                         clknet_0_CLK_I (net)
                      0.167587    0.003837    0.215112 ^ clkbuf_3_2__f_CLK_I/I (gf180mcu_fd_sc_mcu7t5v0__clkbuf_16)
    14    0.060187    0.080307    0.182842    0.397954 ^ clkbuf_3_2__f_CLK_I/Z (gf180mcu_fd_sc_mcu7t5v0__clkbuf_16)
                                                         clknet_3_2__leaf_CLK_I (net)
                      0.080312    0.001157    0.399111 ^ _897_/CLK (gf180mcu_fd_sc_mcu7t5v0__dffq_1)
                                  0.500000    0.899111   clock uncertainty
                                  0.000000    0.899111   clock reconvergence pessimism
                                  0.033926    0.933037   library hold time
                                              0.933037   data required time
---------------------------------------------------------------------------------------------
                                              0.933037   data required time
                                             -1.312857   data arrival time
---------------------------------------------------------------------------------------------
                                              0.379820   slack (MET)


Startpoint: _826_ (rising edge-triggered flip-flop clocked by system_clock)
Endpoint: _891_ (rising edge-triggered flip-flop clocked by system_clock)
Path Group: system_clock
Path Type: min

Fanout         Cap        Slew       Delay        Time   Description
---------------------------------------------------------------------------------------------
                                  0.000000    0.000000   clock system_clock (rise edge)
                                  0.000000    0.000000   clock source latency
     1    0.036579    0.000000    0.000000    0.000000 ^ CLK_I (in)
                                                         CLK_I (net)
                      0.003417    0.001398    0.001398 ^ clkbuf_0_CLK_I/I (gf180mcu_fd_sc_mcu7t5v0__clkbuf_16)
     8    0.208985    0.167533    0.209877    0.211275 ^ clkbuf_0_CLK_I/Z (gf180mcu_fd_sc_mcu7t5v0__clkbuf_16)
                                                         clknet_0_CLK_I (net)
                      0.167557    0.003014    0.214288 ^ clkbuf_3_1__f_CLK_I/I (gf180mcu_fd_sc_mcu7t5v0__clkbuf_16)
    12    0.063682    0.082281    0.184513    0.398801 ^ clkbuf_3_1__f_CLK_I/Z (gf180mcu_fd_sc_mcu7t5v0__clkbuf_16)
                                                         clknet_3_1__leaf_CLK_I (net)
                      0.082282    0.000441    0.399242 ^ _826_/CLK (gf180mcu_fd_sc_mcu7t5v0__dffq_1)
     5    0.025695    0.193253    0.500527    0.899769 v _826_/Q (gf180mcu_fd_sc_mcu7t5v0__dffq_1)
                                                         write_request_internal_flag (net)
                      0.193254    0.000295    0.900064 v _495_/A2 (gf180mcu_fd_sc_mcu7t5v0__nand2_1)
     1    0.006108    0.146918    0.138417    1.038482 ^ _495_/ZN (gf180mcu_fd_sc_mcu7t5v0__nand2_1)
                                                         _159_ (net)
                      0.146918    0.000124    1.038605 ^ _496_/A2 (gf180mcu_fd_sc_mcu7t5v0__aoi21_1)
     2    0.013773    0.166687    0.129387    1.167992 v _496_/ZN (gf180mcu_fd_sc_mcu7t5v0__aoi21_1)
                                                         _160_ (net)
                      0.166687    0.000203    1.168195 v _597_/A1 (gf180mcu_fd_sc_mcu7t5v0__nand2_1)
     1    0.006716    0.129298    0.120512    1.288707 ^ _597_/ZN (gf180mcu_fd_sc_mcu7t5v0__nand2_1)
                                                         _244_ (net)
                      0.129298    0.000137    1.288844 ^ _601_/A3 (gf180mcu_fd_sc_mcu7t5v0__oai33_1)
     1    0.003425    0.108653    0.081969    1.370813 v _601_/ZN (gf180mcu_fd_sc_mcu7t5v0__oai33_1)
                                                         _025_ (net)
                      0.108653    0.000064    1.370876 v _891_/D (gf180mcu_fd_sc_mcu7t5v0__dffq_1)
                                              1.370876   data arrival time

                                  0.000000    0.000000   clock system_clock (rise edge)
                                  0.000000    0.000000   clock source latency
     1    0.036579    0.000000    0.000000    0.000000 ^ CLK_I (in)
                                                         CLK_I (net)
                      0.003417    0.001398    0.001398 ^ clkbuf_0_CLK_I/I (gf180mcu_fd_sc_mcu7t5v0__clkbuf_16)
     8    0.208985    0.167533    0.209877    0.211275 ^ clkbuf_0_CLK_I/Z (gf180mcu_fd_sc_mcu7t5v0__clkbuf_16)
                                                         clknet_0_CLK_I (net)
                      0.167557    0.003014    0.214288 ^ clkbuf_3_1__f_CLK_I/I (gf180mcu_fd_sc_mcu7t5v0__clkbuf_16)
    12    0.063682    0.082281    0.184513    0.398801 ^ clkbuf_3_1__f_CLK_I/Z (gf180mcu_fd_sc_mcu7t5v0__clkbuf_16)
                                                         clknet_3_1__leaf_CLK_I (net)
                      0.082282    0.000540    0.399341 ^ _891_/CLK (gf180mcu_fd_sc_mcu7t5v0__dffq_1)
                                  0.500000    0.899341   clock uncertainty
                                  0.000000    0.899341   clock reconvergence pessimism
                                  0.055742    0.955083   library hold time
                                              0.955083   data required time
---------------------------------------------------------------------------------------------
                                              0.955083   data required time
                                             -1.370876   data arrival time
---------------------------------------------------------------------------------------------
                                              0.415793   slack (MET)


Startpoint: _885_ (rising edge-triggered flip-flop clocked by system_clock)
Endpoint: _885_ (rising edge-triggered flip-flop clocked by system_clock)
Path Group: system_clock
Path Type: min

Fanout         Cap        Slew       Delay        Time   Description
---------------------------------------------------------------------------------------------
                                  0.000000    0.000000   clock system_clock (rise edge)
                                  0.000000    0.000000   clock source latency
     1    0.036579    0.000000    0.000000    0.000000 ^ CLK_I (in)
                                                         CLK_I (net)
                      0.003417    0.001398    0.001398 ^ clkbuf_0_CLK_I/I (gf180mcu_fd_sc_mcu7t5v0__clkbuf_16)
     8    0.208985    0.167533    0.209877    0.211275 ^ clkbuf_0_CLK_I/Z (gf180mcu_fd_sc_mcu7t5v0__clkbuf_16)
                                                         clknet_0_CLK_I (net)
                      0.167559    0.003085    0.214359 ^ clkbuf_3_4__f_CLK_I/I (gf180mcu_fd_sc_mcu7t5v0__clkbuf_16)
    10    0.071140    0.086358    0.187504    0.401863 ^ clkbuf_3_4__f_CLK_I/Z (gf180mcu_fd_sc_mcu7t5v0__clkbuf_16)
                                                         clknet_3_4__leaf_CLK_I (net)
                      0.086363    0.001171    0.403034 ^ _885_/CLK (gf180mcu_fd_sc_mcu7t5v0__dffq_1)
    11    0.057632    0.391499    0.629211    1.032245 v _885_/Q (gf180mcu_fd_sc_mcu7t5v0__dffq_1)
                                                         addr_pointer_register_internal[3] (net)
                      0.391503    0.000771    1.033016 v _569_/C (gf180mcu_fd_sc_mcu7t5v0__aoi221_1)
     1    0.005161    0.269738    0.222856    1.255872 ^ _569_/ZN (gf180mcu_fd_sc_mcu7t5v0__aoi221_1)
                                                         _222_ (net)
                      0.269738    0.000100    1.255972 ^ _572_/C (gf180mcu_fd_sc_mcu7t5v0__aoi211_1)
     1    0.003215    0.114316    0.137478    1.393450 v _572_/ZN (gf180mcu_fd_sc_mcu7t5v0__aoi211_1)
                                                         _019_ (net)
                      0.114316    0.000032    1.393481 v _885_/D (gf180mcu_fd_sc_mcu7t5v0__dffq_1)
                                              1.393481   data arrival time

                                  0.000000    0.000000   clock system_clock (rise edge)
                                  0.000000    0.000000   clock source latency
     1    0.036579    0.000000    0.000000    0.000000 ^ CLK_I (in)
                                                         CLK_I (net)
                      0.003417    0.001398    0.001398 ^ clkbuf_0_CLK_I/I (gf180mcu_fd_sc_mcu7t5v0__clkbuf_16)
     8    0.208985    0.167533    0.209877    0.211275 ^ clkbuf_0_CLK_I/Z (gf180mcu_fd_sc_mcu7t5v0__clkbuf_16)
                                                         clknet_0_CLK_I (net)
                      0.167559    0.003085    0.214359 ^ clkbuf_3_4__f_CLK_I/I (gf180mcu_fd_sc_mcu7t5v0__clkbuf_16)
    10    0.071140    0.086358    0.187504    0.401863 ^ clkbuf_3_4__f_CLK_I/Z (gf180mcu_fd_sc_mcu7t5v0__clkbuf_16)
                                                         clknet_3_4__leaf_CLK_I (net)
                      0.086363    0.001171    0.403034 ^ _885_/CLK (gf180mcu_fd_sc_mcu7t5v0__dffq_1)
                                  0.500000    0.903034   clock uncertainty
                                  0.000000    0.903034   clock reconvergence pessimism
                                  0.054636    0.957670   library hold time
                                              0.957670   data required time
---------------------------------------------------------------------------------------------
                                              0.957670   data required time
                                             -1.393481   data arrival time
---------------------------------------------------------------------------------------------
                                              0.435811   slack (MET)


Startpoint: _824_ (rising edge-triggered flip-flop clocked by system_clock)
Endpoint: _862_ (rising edge-triggered flip-flop clocked by system_clock)
Path Group: system_clock
Path Type: min

Fanout         Cap        Slew       Delay        Time   Description
---------------------------------------------------------------------------------------------
                                  0.000000    0.000000   clock system_clock (rise edge)
                                  0.000000    0.000000   clock source latency
     1    0.036579    0.000000    0.000000    0.000000 ^ CLK_I (in)
                                                         CLK_I (net)
                      0.003417    0.001398    0.001398 ^ clkbuf_0_CLK_I/I (gf180mcu_fd_sc_mcu7t5v0__clkbuf_16)
     8    0.208985    0.167533    0.209877    0.211275 ^ clkbuf_0_CLK_I/Z (gf180mcu_fd_sc_mcu7t5v0__clkbuf_16)
                                                         clknet_0_CLK_I (net)
                      0.167658    0.004964    0.216238 ^ clkbuf_3_7__f_CLK_I/I (gf180mcu_fd_sc_mcu7t5v0__clkbuf_16)
    13    0.062541    0.081634    0.183976    0.400214 ^ clkbuf_3_7__f_CLK_I/Z (gf180mcu_fd_sc_mcu7t5v0__clkbuf_16)
                                                         clknet_3_7__leaf_CLK_I (net)
                      0.081638    0.000964    0.401178 ^ _824_/CLK (gf180mcu_fd_sc_mcu7t5v0__dffq_1)
     6    0.052739    0.360400    0.607995    1.009172 v _824_/Q (gf180mcu_fd_sc_mcu7t5v0__dffq_1)
                                                         recv_data_buffer[6] (net)
                      0.360430    0.001872    1.011045 v _805_/B2 (gf180mcu_fd_sc_mcu7t5v0__aoi22_1)
     1    0.008670    0.183549    0.238704    1.249749 ^ _805_/ZN (gf180mcu_fd_sc_mcu7t5v0__aoi22_1)
                                                         _402_ (net)
                      0.183549    0.000277    1.250026 ^ _806_/A2 (gf180mcu_fd_sc_mcu7t5v0__nor2_1)
     1    0.010210    0.156909    0.130538    1.380563 v _806_/ZN (gf180mcu_fd_sc_mcu7t5v0__nor2_1)
                                                         _075_ (net)
                      0.156909    0.000286    1.380850 v _862_/D (gf180mcu_fd_sc_mcu7t5v0__dffq_1)
                                              1.380850   data arrival time

                                  0.000000    0.000000   clock system_clock (rise edge)
                                  0.000000    0.000000   clock source latency
     1    0.036579    0.000000    0.000000    0.000000 ^ CLK_I (in)
                                                         CLK_I (net)
                      0.003417    0.001398    0.001398 ^ clkbuf_0_CLK_I/I (gf180mcu_fd_sc_mcu7t5v0__clkbuf_16)
     8    0.208985    0.167533    0.209877    0.211275 ^ clkbuf_0_CLK_I/Z (gf180mcu_fd_sc_mcu7t5v0__clkbuf_16)
                                                         clknet_0_CLK_I (net)
                      0.167658    0.004964    0.216238 ^ clkbuf_3_7__f_CLK_I/I (gf180mcu_fd_sc_mcu7t5v0__clkbuf_16)
    13    0.062541    0.081634    0.183976    0.400214 ^ clkbuf_3_7__f_CLK_I/Z (gf180mcu_fd_sc_mcu7t5v0__clkbuf_16)
                                                         clknet_3_7__leaf_CLK_I (net)
                      0.081637    0.000842    0.401056 ^ _862_/CLK (gf180mcu_fd_sc_mcu7t5v0__dffq_1)
                                  0.500000    0.901056   clock uncertainty
                                  0.000000    0.901056   clock reconvergence pessimism
                                  0.040846    0.941902   library hold time
                                              0.941902   data required time
---------------------------------------------------------------------------------------------
                                              0.941902   data required time
                                             -1.380850   data arrival time
---------------------------------------------------------------------------------------------
                                              0.438948   slack (MET)


Startpoint: _871_ (rising edge-triggered flip-flop clocked by system_clock)
Endpoint: _879_ (rising edge-triggered flip-flop clocked by system_clock)
Path Group: system_clock
Path Type: min

Fanout         Cap        Slew       Delay        Time   Description
---------------------------------------------------------------------------------------------
                                  0.000000    0.000000   clock system_clock (rise edge)
                                  0.000000    0.000000   clock source latency
     1    0.036579    0.000000    0.000000    0.000000 ^ CLK_I (in)
                                                         CLK_I (net)
                      0.003417    0.001398    0.001398 ^ clkbuf_0_CLK_I/I (gf180mcu_fd_sc_mcu7t5v0__clkbuf_16)
     8    0.208985    0.167533    0.209877    0.211275 ^ clkbuf_0_CLK_I/Z (gf180mcu_fd_sc_mcu7t5v0__clkbuf_16)
                                                         clknet_0_CLK_I (net)
                      0.167622    0.004454    0.215728 ^ clkbuf_3_6__f_CLK_I/I (gf180mcu_fd_sc_mcu7t5v0__clkbuf_16)
    13    0.063776    0.082341    0.184597    0.400325 ^ clkbuf_3_6__f_CLK_I/Z (gf180mcu_fd_sc_mcu7t5v0__clkbuf_16)
                                                         clknet_3_6__leaf_CLK_I (net)
                      0.082342    0.000512    0.400837 ^ _871_/CLK (gf180mcu_fd_sc_mcu7t5v0__dffq_1)
     4    0.028793    0.211724    0.513063    0.913900 v _871_/Q (gf180mcu_fd_sc_mcu7t5v0__dffq_1)
                                                         addr_set_register[5] (net)
                      0.211726    0.000467    0.914367 v _529_/A2 (gf180mcu_fd_sc_mcu7t5v0__nand2_1)
     1    0.004489    0.135878    0.132659    1.047026 ^ _529_/ZN (gf180mcu_fd_sc_mcu7t5v0__nand2_1)
                                                         _188_ (net)
                      0.135878    0.000042    1.047068 ^ _530_/A3 (gf180mcu_fd_sc_mcu7t5v0__nand3_1)
     1    0.005811    0.134454    0.107274    1.154342 v _530_/ZN (gf180mcu_fd_sc_mcu7t5v0__nand3_1)
                                                         _189_ (net)
                      0.134454    0.000115    1.154457 v _531_/C (gf180mcu_fd_sc_mcu7t5v0__oai221_1)
     1    0.005886    0.228128    0.176437    1.330895 ^ _531_/ZN (gf180mcu_fd_sc_mcu7t5v0__oai221_1)
                                                         _190_ (net)
                      0.228128    0.000062    1.330957 ^ _534_/A2 (gf180mcu_fd_sc_mcu7t5v0__aoi22_1)
     1    0.004934    0.107851    0.080198    1.411155 v _534_/ZN (gf180mcu_fd_sc_mcu7t5v0__aoi22_1)
                                                         _013_ (net)
                      0.107851    0.000102    1.411257 v _879_/D (gf180mcu_fd_sc_mcu7t5v0__dffq_1)
                                              1.411257   data arrival time

                                  0.000000    0.000000   clock system_clock (rise edge)
                                  0.000000    0.000000   clock source latency
     1    0.036579    0.000000    0.000000    0.000000 ^ CLK_I (in)
                                                         CLK_I (net)
                      0.003417    0.001398    0.001398 ^ clkbuf_0_CLK_I/I (gf180mcu_fd_sc_mcu7t5v0__clkbuf_16)
     8    0.208985    0.167533    0.209877    0.211275 ^ clkbuf_0_CLK_I/Z (gf180mcu_fd_sc_mcu7t5v0__clkbuf_16)
                                                         clknet_0_CLK_I (net)
                      0.167622    0.004454    0.215728 ^ clkbuf_3_6__f_CLK_I/I (gf180mcu_fd_sc_mcu7t5v0__clkbuf_16)
    13    0.063776    0.082341    0.184597    0.400325 ^ clkbuf_3_6__f_CLK_I/Z (gf180mcu_fd_sc_mcu7t5v0__clkbuf_16)
                                                         clknet_3_6__leaf_CLK_I (net)
                      0.082342    0.000468    0.400793 ^ _879_/CLK (gf180mcu_fd_sc_mcu7t5v0__dffq_1)
                                  0.500000    0.900793   clock uncertainty
                                  0.000000    0.900793   clock reconvergence pessimism
                                  0.055997    0.956790   library hold time
                                              0.956790   data required time
---------------------------------------------------------------------------------------------
                                              0.956790   data required time
                                             -1.411257   data arrival time
---------------------------------------------------------------------------------------------
                                              0.454467   slack (MET)


Startpoint: _870_ (rising edge-triggered flip-flop clocked by system_clock)
Endpoint: _878_ (rising edge-triggered flip-flop clocked by system_clock)
Path Group: system_clock
Path Type: min

Fanout         Cap        Slew       Delay        Time   Description
---------------------------------------------------------------------------------------------
                                  0.000000    0.000000   clock system_clock (rise edge)
                                  0.000000    0.000000   clock source latency
     1    0.036579    0.000000    0.000000    0.000000 ^ CLK_I (in)
                                                         CLK_I (net)
                      0.003417    0.001398    0.001398 ^ clkbuf_0_CLK_I/I (gf180mcu_fd_sc_mcu7t5v0__clkbuf_16)
     8    0.208985    0.167533    0.209877    0.211275 ^ clkbuf_0_CLK_I/Z (gf180mcu_fd_sc_mcu7t5v0__clkbuf_16)
                                                         clknet_0_CLK_I (net)
                      0.167574    0.003551    0.214826 ^ clkbuf_3_3__f_CLK_I/I (gf180mcu_fd_sc_mcu7t5v0__clkbuf_16)
    10    0.068751    0.085081    0.186654    0.401480 ^ clkbuf_3_3__f_CLK_I/Z (gf180mcu_fd_sc_mcu7t5v0__clkbuf_16)
                                                         clknet_3_3__leaf_CLK_I (net)
                      0.085082    0.000384    0.401864 ^ _870_/CLK (gf180mcu_fd_sc_mcu7t5v0__dffq_1)
     4    0.025757    0.193603    0.501175    0.903039 v _870_/Q (gf180mcu_fd_sc_mcu7t5v0__dffq_1)
                                                         addr_set_register[4] (net)
                      0.193604    0.000330    0.903370 v _524_/A2 (gf180mcu_fd_sc_mcu7t5v0__nor2_1)
     1    0.009413    0.245961    0.188535    1.091905 ^ _524_/ZN (gf180mcu_fd_sc_mcu7t5v0__nor2_1)
                                                         _184_ (net)
                      0.245961    0.000234    1.092139 ^ _527_/A1 (gf180mcu_fd_sc_mcu7t5v0__oai21_1)
     1    0.006970    0.138815    0.103025    1.195164 v _527_/ZN (gf180mcu_fd_sc_mcu7t5v0__oai21_1)
                                                         _187_ (net)
                      0.138815    0.000090    1.195254 v _528_/I0 (gf180mcu_fd_sc_mcu7t5v0__mux2_2)
     1    0.003936    0.072845    0.224756    1.420010 v _528_/Z (gf180mcu_fd_sc_mcu7t5v0__mux2_2)
                                                         _012_ (net)
                      0.072845    0.000077    1.420086 v _878_/D (gf180mcu_fd_sc_mcu7t5v0__dffq_1)
                                              1.420086   data arrival time

                                  0.000000    0.000000   clock system_clock (rise edge)
                                  0.000000    0.000000   clock source latency
     1    0.036579    0.000000    0.000000    0.000000 ^ CLK_I (in)
                                                         CLK_I (net)
                      0.003417    0.001398    0.001398 ^ clkbuf_0_CLK_I/I (gf180mcu_fd_sc_mcu7t5v0__clkbuf_16)
     8    0.208985    0.167533    0.209877    0.211275 ^ clkbuf_0_CLK_I/Z (gf180mcu_fd_sc_mcu7t5v0__clkbuf_16)
                                                         clknet_0_CLK_I (net)
                      0.167622    0.004454    0.215728 ^ clkbuf_3_6__f_CLK_I/I (gf180mcu_fd_sc_mcu7t5v0__clkbuf_16)
    13    0.063776    0.082341    0.184597    0.400325 ^ clkbuf_3_6__f_CLK_I/Z (gf180mcu_fd_sc_mcu7t5v0__clkbuf_16)
                                                         clknet_3_6__leaf_CLK_I (net)
                      0.082342    0.000318    0.400643 ^ _878_/CLK (gf180mcu_fd_sc_mcu7t5v0__dffq_1)
                                  0.500000    0.900643   clock uncertainty
                                  0.000000    0.900643   clock reconvergence pessimism
                                  0.064931    0.965574   library hold time
                                              0.965574   data required time
---------------------------------------------------------------------------------------------
                                              0.965574   data required time
                                             -1.420086   data arrival time
---------------------------------------------------------------------------------------------
                                              0.454512   slack (MET)


Startpoint: _834_ (rising edge-triggered flip-flop clocked by system_clock)
Endpoint: _834_ (rising edge-triggered flip-flop clocked by system_clock)
Path Group: system_clock
Path Type: min

Fanout         Cap        Slew       Delay        Time   Description
---------------------------------------------------------------------------------------------
                                  0.000000    0.000000   clock system_clock (rise edge)
                                  0.000000    0.000000   clock source latency
     1    0.036579    0.000000    0.000000    0.000000 ^ CLK_I (in)
                                                         CLK_I (net)
                      0.003417    0.001398    0.001398 ^ clkbuf_0_CLK_I/I (gf180mcu_fd_sc_mcu7t5v0__clkbuf_16)
     8    0.208985    0.167533    0.209877    0.211275 ^ clkbuf_0_CLK_I/Z (gf180mcu_fd_sc_mcu7t5v0__clkbuf_16)
                                                         clknet_0_CLK_I (net)
                      0.167574    0.003551    0.214826 ^ clkbuf_3_3__f_CLK_I/I (gf180mcu_fd_sc_mcu7t5v0__clkbuf_16)
    10    0.068751    0.085081    0.186654    0.401480 ^ clkbuf_3_3__f_CLK_I/Z (gf180mcu_fd_sc_mcu7t5v0__clkbuf_16)
                                                         clknet_3_3__leaf_CLK_I (net)
                      0.085084    0.000811    0.402292 ^ _834_/CLK (gf180mcu_fd_sc_mcu7t5v0__dffq_1)
     8    0.043493    0.302118    0.572636    0.974928 v _834_/Q (gf180mcu_fd_sc_mcu7t5v0__dffq_1)
                                                         iteration[2] (net)
                      0.302122    0.000638    0.975566 v _412_/I (gf180mcu_fd_sc_mcu7t5v0__clkinv_1)
     7    0.045145    0.510416    0.381006    1.356572 ^ _412_/ZN (gf180mcu_fd_sc_mcu7t5v0__clkinv_1)
                                                         _085_ (net)
                      0.510416    0.000374    1.356946 ^ _754_/A1 (gf180mcu_fd_sc_mcu7t5v0__aoi21_1)
     1    0.004595    0.090788    0.082477    1.439423 v _754_/ZN (gf180mcu_fd_sc_mcu7t5v0__aoi21_1)
                                                         _047_ (net)
                      0.090788    0.000095    1.439518 v _834_/D (gf180mcu_fd_sc_mcu7t5v0__dffq_1)
                                              1.439518   data arrival time

                                  0.000000    0.000000   clock system_clock (rise edge)
                                  0.000000    0.000000   clock source latency
     1    0.036579    0.000000    0.000000    0.000000 ^ CLK_I (in)
                                                         CLK_I (net)
                      0.003417    0.001398    0.001398 ^ clkbuf_0_CLK_I/I (gf180mcu_fd_sc_mcu7t5v0__clkbuf_16)
     8    0.208985    0.167533    0.209877    0.211275 ^ clkbuf_0_CLK_I/Z (gf180mcu_fd_sc_mcu7t5v0__clkbuf_16)
                                                         clknet_0_CLK_I (net)
                      0.167574    0.003551    0.214826 ^ clkbuf_3_3__f_CLK_I/I (gf180mcu_fd_sc_mcu7t5v0__clkbuf_16)
    10    0.068751    0.085081    0.186654    0.401480 ^ clkbuf_3_3__f_CLK_I/Z (gf180mcu_fd_sc_mcu7t5v0__clkbuf_16)
                                                         clknet_3_3__leaf_CLK_I (net)
                      0.085084    0.000811    0.402292 ^ _834_/CLK (gf180mcu_fd_sc_mcu7t5v0__dffq_1)
                                  0.500000    0.902292   clock uncertainty
                                  0.000000    0.902292   clock reconvergence pessimism
                                  0.061055    0.963347   library hold time
                                              0.963347   data required time
---------------------------------------------------------------------------------------------
                                              0.963347   data required time
                                             -1.439518   data arrival time
---------------------------------------------------------------------------------------------
                                              0.476171   slack (MET)


Startpoint: _821_ (rising edge-triggered flip-flop clocked by system_clock)
Endpoint: _859_ (rising edge-triggered flip-flop clocked by system_clock)
Path Group: system_clock
Path Type: min

Fanout         Cap        Slew       Delay        Time   Description
---------------------------------------------------------------------------------------------
                                  0.000000    0.000000   clock system_clock (rise edge)
                                  0.000000    0.000000   clock source latency
     1    0.036579    0.000000    0.000000    0.000000 ^ CLK_I (in)
                                                         CLK_I (net)
                      0.003417    0.001398    0.001398 ^ clkbuf_0_CLK_I/I (gf180mcu_fd_sc_mcu7t5v0__clkbuf_16)
     8    0.208985    0.167533    0.209877    0.211275 ^ clkbuf_0_CLK_I/Z (gf180mcu_fd_sc_mcu7t5v0__clkbuf_16)
                                                         clknet_0_CLK_I (net)
                      0.167658    0.004964    0.216238 ^ clkbuf_3_7__f_CLK_I/I (gf180mcu_fd_sc_mcu7t5v0__clkbuf_16)
    13    0.062541    0.081634    0.183976    0.400214 ^ clkbuf_3_7__f_CLK_I/Z (gf180mcu_fd_sc_mcu7t5v0__clkbuf_16)
                                                         clknet_3_7__leaf_CLK_I (net)
                      0.081637    0.000846    0.401060 ^ _821_/CLK (gf180mcu_fd_sc_mcu7t5v0__dffq_1)
     6    0.062620    0.423268    0.647576    1.048636 v _821_/Q (gf180mcu_fd_sc_mcu7t5v0__dffq_1)
                                                         recv_data_buffer[3] (net)
                      0.423309    0.002379    1.051016 v _799_/B2 (gf180mcu_fd_sc_mcu7t5v0__aoi22_1)
     1    0.010300    0.207576    0.267256    1.318272 ^ _799_/ZN (gf180mcu_fd_sc_mcu7t5v0__aoi22_1)
                                                         _399_ (net)
                      0.207577    0.000346    1.318618 ^ _800_/A2 (gf180mcu_fd_sc_mcu7t5v0__nor2_1)
     1    0.006680    0.137826    0.112584    1.431202 v _800_/ZN (gf180mcu_fd_sc_mcu7t5v0__nor2_1)
                                                         _072_ (net)
                      0.137826    0.000158    1.431360 v _859_/D (gf180mcu_fd_sc_mcu7t5v0__dffq_1)
                                              1.431360   data arrival time

                                  0.000000    0.000000   clock system_clock (rise edge)
                                  0.000000    0.000000   clock source latency
     1    0.036579    0.000000    0.000000    0.000000 ^ CLK_I (in)
                                                         CLK_I (net)
                      0.003417    0.001398    0.001398 ^ clkbuf_0_CLK_I/I (gf180mcu_fd_sc_mcu7t5v0__clkbuf_16)
     8    0.208985    0.167533    0.209877    0.211275 ^ clkbuf_0_CLK_I/Z (gf180mcu_fd_sc_mcu7t5v0__clkbuf_16)
                                                         clknet_0_CLK_I (net)
                      0.167658    0.004964    0.216238 ^ clkbuf_3_7__f_CLK_I/I (gf180mcu_fd_sc_mcu7t5v0__clkbuf_16)
    13    0.062541    0.081634    0.183976    0.400214 ^ clkbuf_3_7__f_CLK_I/Z (gf180mcu_fd_sc_mcu7t5v0__clkbuf_16)
                                                         clknet_3_7__leaf_CLK_I (net)
                      0.081635    0.000344    0.400558 ^ _859_/CLK (gf180mcu_fd_sc_mcu7t5v0__dffq_1)
                                  0.500000    0.900558   clock uncertainty
                                  0.000000    0.900558   clock reconvergence pessimism
                                  0.046697    0.947255   library hold time
                                              0.947255   data required time
---------------------------------------------------------------------------------------------
                                              0.947255   data required time
                                             -1.431360   data arrival time
---------------------------------------------------------------------------------------------
                                              0.484105   slack (MET)


Startpoint: _872_ (rising edge-triggered flip-flop clocked by system_clock)
Endpoint: _880_ (rising edge-triggered flip-flop clocked by system_clock)
Path Group: system_clock
Path Type: min

Fanout         Cap        Slew       Delay        Time   Description
---------------------------------------------------------------------------------------------
                                  0.000000    0.000000   clock system_clock (rise edge)
                                  0.000000    0.000000   clock source latency
     1    0.036579    0.000000    0.000000    0.000000 ^ CLK_I (in)
                                                         CLK_I (net)
                      0.003417    0.001398    0.001398 ^ clkbuf_0_CLK_I/I (gf180mcu_fd_sc_mcu7t5v0__clkbuf_16)
     8    0.208985    0.167533    0.209877    0.211275 ^ clkbuf_0_CLK_I/Z (gf180mcu_fd_sc_mcu7t5v0__clkbuf_16)
                                                         clknet_0_CLK_I (net)
                      0.167622    0.004454    0.215728 ^ clkbuf_3_6__f_CLK_I/I (gf180mcu_fd_sc_mcu7t5v0__clkbuf_16)
    13    0.063776    0.082341    0.184597    0.400325 ^ clkbuf_3_6__f_CLK_I/Z (gf180mcu_fd_sc_mcu7t5v0__clkbuf_16)
                                                         clknet_3_6__leaf_CLK_I (net)
                      0.082342    0.000514    0.400839 ^ _872_/CLK (gf180mcu_fd_sc_mcu7t5v0__dffq_1)
     4    0.024674    0.187124    0.496207    0.897046 v _872_/Q (gf180mcu_fd_sc_mcu7t5v0__dffq_1)
                                                         addr_set_register[6] (net)
                      0.187126    0.000395    0.897441 v _535_/A2 (gf180mcu_fd_sc_mcu7t5v0__nor2_1)
     1    0.011394    0.279389    0.207737    1.105178 ^ _535_/ZN (gf180mcu_fd_sc_mcu7t5v0__nor2_1)
                                                         _193_ (net)
                      0.279389    0.000313    1.105491 ^ _538_/A1 (gf180mcu_fd_sc_mcu7t5v0__oai21_1)
     1    0.007687    0.152025    0.109512    1.215003 v _538_/ZN (gf180mcu_fd_sc_mcu7t5v0__oai21_1)
                                                         _196_ (net)
                      0.152025    0.000168    1.215170 v _539_/I0 (gf180mcu_fd_sc_mcu7t5v0__mux2_2)
     1    0.006507    0.081841    0.236734    1.451904 v _539_/Z (gf180mcu_fd_sc_mcu7t5v0__mux2_2)
                                                         _014_ (net)
                      0.081841    0.000203    1.452107 v _880_/D (gf180mcu_fd_sc_mcu7t5v0__dffq_1)
                                              1.452107   data arrival time

                                  0.000000    0.000000   clock system_clock (rise edge)
                                  0.000000    0.000000   clock source latency
     1    0.036579    0.000000    0.000000    0.000000 ^ CLK_I (in)
                                                         CLK_I (net)
                      0.003417    0.001398    0.001398 ^ clkbuf_0_CLK_I/I (gf180mcu_fd_sc_mcu7t5v0__clkbuf_16)
     8    0.208985    0.167533    0.209877    0.211275 ^ clkbuf_0_CLK_I/Z (gf180mcu_fd_sc_mcu7t5v0__clkbuf_16)
                                                         clknet_0_CLK_I (net)
                      0.167622    0.004454    0.215728 ^ clkbuf_3_6__f_CLK_I/I (gf180mcu_fd_sc_mcu7t5v0__clkbuf_16)
    13    0.063776    0.082341    0.184597    0.400325 ^ clkbuf_3_6__f_CLK_I/Z (gf180mcu_fd_sc_mcu7t5v0__clkbuf_16)
                                                         clknet_3_6__leaf_CLK_I (net)
                      0.082341    0.000113    0.400438 ^ _880_/CLK (gf180mcu_fd_sc_mcu7t5v0__dffq_1)
                                  0.500000    0.900438   clock uncertainty
                                  0.000000    0.900438   clock reconvergence pessimism
                                  0.062763    0.963200   library hold time
                                              0.963200   data required time
---------------------------------------------------------------------------------------------
                                              0.963200   data required time
                                             -1.452107   data arrival time
---------------------------------------------------------------------------------------------
                                              0.488907   slack (MET)


Startpoint: _819_ (rising edge-triggered flip-flop clocked by system_clock)
Endpoint: _875_ (rising edge-triggered flip-flop clocked by system_clock)
Path Group: system_clock
Path Type: min

Fanout         Cap        Slew       Delay        Time   Description
---------------------------------------------------------------------------------------------
                                  0.000000    0.000000   clock system_clock (rise edge)
                                  0.000000    0.000000   clock source latency
     1    0.036579    0.000000    0.000000    0.000000 ^ CLK_I (in)
                                                         CLK_I (net)
                      0.003417    0.001398    0.001398 ^ clkbuf_0_CLK_I/I (gf180mcu_fd_sc_mcu7t5v0__clkbuf_16)
     8    0.208985    0.167533    0.209877    0.211275 ^ clkbuf_0_CLK_I/Z (gf180mcu_fd_sc_mcu7t5v0__clkbuf_16)
                                                         clknet_0_CLK_I (net)
                      0.167574    0.003551    0.214826 ^ clkbuf_3_3__f_CLK_I/I (gf180mcu_fd_sc_mcu7t5v0__clkbuf_16)
    10    0.068751    0.085081    0.186654    0.401480 ^ clkbuf_3_3__f_CLK_I/Z (gf180mcu_fd_sc_mcu7t5v0__clkbuf_16)
                                                         clknet_3_3__leaf_CLK_I (net)
                      0.085081    0.000181    0.401661 ^ _819_/CLK (gf180mcu_fd_sc_mcu7t5v0__dffq_1)
     5    0.038718    0.271995    0.553641    0.955303 v _819_/Q (gf180mcu_fd_sc_mcu7t5v0__dffq_1)
                                                         recv_data_buffer[1] (net)
                      0.272000    0.000628    0.955931 v _510_/A1 (gf180mcu_fd_sc_mcu7t5v0__oai22_1)
     1    0.005916    0.204340    0.189195    1.145126 ^ _510_/ZN (gf180mcu_fd_sc_mcu7t5v0__oai22_1)
                                                         _173_ (net)
                      0.204340    0.000115    1.145241 ^ _512_/A1 (gf180mcu_fd_sc_mcu7t5v0__oai21_1)
     1    0.005496    0.118237    0.090528    1.235769 v _512_/ZN (gf180mcu_fd_sc_mcu7t5v0__oai21_1)
                                                         _175_ (net)
                      0.118237    0.000055    1.235824 v _513_/I0 (gf180mcu_fd_sc_mcu7t5v0__mux2_2)
     1    0.005465    0.078384    0.226333    1.462157 v _513_/Z (gf180mcu_fd_sc_mcu7t5v0__mux2_2)
                                                         _009_ (net)
                      0.078384    0.000117    1.462274 v _875_/D (gf180mcu_fd_sc_mcu7t5v0__dffq_1)
                                              1.462274   data arrival time

                                  0.000000    0.000000   clock system_clock (rise edge)
                                  0.000000    0.000000   clock source latency
     1    0.036579    0.000000    0.000000    0.000000 ^ CLK_I (in)
                                                         CLK_I (net)
                      0.003417    0.001398    0.001398 ^ clkbuf_0_CLK_I/I (gf180mcu_fd_sc_mcu7t5v0__clkbuf_16)
     8    0.208985    0.167533    0.209877    0.211275 ^ clkbuf_0_CLK_I/Z (gf180mcu_fd_sc_mcu7t5v0__clkbuf_16)
                                                         clknet_0_CLK_I (net)
                      0.167622    0.004454    0.215728 ^ clkbuf_3_6__f_CLK_I/I (gf180mcu_fd_sc_mcu7t5v0__clkbuf_16)
    13    0.063776    0.082341    0.184597    0.400325 ^ clkbuf_3_6__f_CLK_I/Z (gf180mcu_fd_sc_mcu7t5v0__clkbuf_16)
                                                         clknet_3_6__leaf_CLK_I (net)
                      0.082342    0.000511    0.400836 ^ _875_/CLK (gf180mcu_fd_sc_mcu7t5v0__dffq_1)
                                  0.500000    0.900836   clock uncertainty
                                  0.000000    0.900836   clock reconvergence pessimism
                                  0.063596    0.964432   library hold time
                                              0.964432   data required time
---------------------------------------------------------------------------------------------
                                              0.964432   data required time
                                             -1.462274   data arrival time
---------------------------------------------------------------------------------------------
                                              0.497842   slack (MET)


Startpoint: _833_ (rising edge-triggered flip-flop clocked by system_clock)
Endpoint: _833_ (rising edge-triggered flip-flop clocked by system_clock)
Path Group: system_clock
Path Type: min

Fanout         Cap        Slew       Delay        Time   Description
---------------------------------------------------------------------------------------------
                                  0.000000    0.000000   clock system_clock (rise edge)
                                  0.000000    0.000000   clock source latency
     1    0.036579    0.000000    0.000000    0.000000 ^ CLK_I (in)
                                                         CLK_I (net)
                      0.003417    0.001398    0.001398 ^ clkbuf_0_CLK_I/I (gf180mcu_fd_sc_mcu7t5v0__clkbuf_16)
     8    0.208985    0.167533    0.209877    0.211275 ^ clkbuf_0_CLK_I/Z (gf180mcu_fd_sc_mcu7t5v0__clkbuf_16)
                                                         clknet_0_CLK_I (net)
                      0.167587    0.003837    0.215112 ^ clkbuf_3_2__f_CLK_I/I (gf180mcu_fd_sc_mcu7t5v0__clkbuf_16)
    14    0.060187    0.080307    0.182842    0.397954 ^ clkbuf_3_2__f_CLK_I/Z (gf180mcu_fd_sc_mcu7t5v0__clkbuf_16)
                                                         clknet_3_2__leaf_CLK_I (net)
                      0.080313    0.001191    0.399145 ^ _833_/CLK (gf180mcu_fd_sc_mcu7t5v0__dffq_1)
     9    0.079887    0.534692    0.716085    1.115230 v _833_/Q (gf180mcu_fd_sc_mcu7t5v0__dffq_1)
                                                         iteration[1] (net)
                      0.534706    0.001572    1.116802 v _749_/A1 (gf180mcu_fd_sc_mcu7t5v0__nor2_1)
     1    0.004818    0.192429    0.236088    1.352890 ^ _749_/ZN (gf180mcu_fd_sc_mcu7t5v0__nor2_1)
                                                         _375_ (net)
                      0.192429    0.000048    1.352938 ^ _750_/A1 (gf180mcu_fd_sc_mcu7t5v0__nor3_1)
     1    0.005019    0.114966    0.098711    1.451648 v _750_/ZN (gf180mcu_fd_sc_mcu7t5v0__nor3_1)
                                                         _046_ (net)
                      0.114966    0.000097    1.451745 v _833_/D (gf180mcu_fd_sc_mcu7t5v0__dffq_1)
                                              1.451745   data arrival time

                                  0.000000    0.000000   clock system_clock (rise edge)
                                  0.000000    0.000000   clock source latency
     1    0.036579    0.000000    0.000000    0.000000 ^ CLK_I (in)
                                                         CLK_I (net)
                      0.003417    0.001398    0.001398 ^ clkbuf_0_CLK_I/I (gf180mcu_fd_sc_mcu7t5v0__clkbuf_16)
     8    0.208985    0.167533    0.209877    0.211275 ^ clkbuf_0_CLK_I/Z (gf180mcu_fd_sc_mcu7t5v0__clkbuf_16)
                                                         clknet_0_CLK_I (net)
                      0.167587    0.003837    0.215112 ^ clkbuf_3_2__f_CLK_I/I (gf180mcu_fd_sc_mcu7t5v0__clkbuf_16)
    14    0.060187    0.080307    0.182842    0.397954 ^ clkbuf_3_2__f_CLK_I/Z (gf180mcu_fd_sc_mcu7t5v0__clkbuf_16)
                                                         clknet_3_2__leaf_CLK_I (net)
                      0.080313    0.001191    0.399145 ^ _833_/CLK (gf180mcu_fd_sc_mcu7t5v0__dffq_1)
                                  0.500000    0.899145   clock uncertainty
                                  0.000000    0.899145   clock reconvergence pessimism
                                  0.053501    0.952647   library hold time
                                              0.952647   data required time
---------------------------------------------------------------------------------------------
                                              0.952647   data required time
                                             -1.451745   data arrival time
---------------------------------------------------------------------------------------------
                                              0.499099   slack (MET)


Startpoint: _823_ (rising edge-triggered flip-flop clocked by system_clock)
Endpoint: _861_ (rising edge-triggered flip-flop clocked by system_clock)
Path Group: system_clock
Path Type: min

Fanout         Cap        Slew       Delay        Time   Description
---------------------------------------------------------------------------------------------
                                  0.000000    0.000000   clock system_clock (rise edge)
                                  0.000000    0.000000   clock source latency
     1    0.036579    0.000000    0.000000    0.000000 ^ CLK_I (in)
                                                         CLK_I (net)
                      0.003417    0.001398    0.001398 ^ clkbuf_0_CLK_I/I (gf180mcu_fd_sc_mcu7t5v0__clkbuf_16)
     8    0.208985    0.167533    0.209877    0.211275 ^ clkbuf_0_CLK_I/Z (gf180mcu_fd_sc_mcu7t5v0__clkbuf_16)
                                                         clknet_0_CLK_I (net)
                      0.167622    0.004454    0.215728 ^ clkbuf_3_6__f_CLK_I/I (gf180mcu_fd_sc_mcu7t5v0__clkbuf_16)
    13    0.063776    0.082341    0.184597    0.400325 ^ clkbuf_3_6__f_CLK_I/Z (gf180mcu_fd_sc_mcu7t5v0__clkbuf_16)
                                                         clknet_3_6__leaf_CLK_I (net)
                      0.082341    0.000132    0.400457 ^ _823_/CLK (gf180mcu_fd_sc_mcu7t5v0__dffq_1)
     6    0.057746    0.392269    0.628954    1.029411 v _823_/Q (gf180mcu_fd_sc_mcu7t5v0__dffq_1)
                                                         recv_data_buffer[5] (net)
                      0.392285    0.001445    1.030856 v _803_/B2 (gf180mcu_fd_sc_mcu7t5v0__aoi22_1)
     1    0.010061    0.206774    0.257715    1.288571 ^ _803_/ZN (gf180mcu_fd_sc_mcu7t5v0__aoi22_1)
                                                         _401_ (net)
                      0.206774    0.000264    1.288835 ^ _804_/A2 (gf180mcu_fd_sc_mcu7t5v0__nor2_1)
     1    0.014928    0.195954    0.161781    1.450616 v _804_/ZN (gf180mcu_fd_sc_mcu7t5v0__nor2_1)
                                                         _074_ (net)
                      0.195955    0.000554    1.451170 v _861_/D (gf180mcu_fd_sc_mcu7t5v0__dffq_1)
                                              1.451170   data arrival time

                                  0.000000    0.000000   clock system_clock (rise edge)
                                  0.000000    0.000000   clock source latency
     1    0.036579    0.000000    0.000000    0.000000 ^ CLK_I (in)
                                                         CLK_I (net)
                      0.003417    0.001398    0.001398 ^ clkbuf_0_CLK_I/I (gf180mcu_fd_sc_mcu7t5v0__clkbuf_16)
     8    0.208985    0.167533    0.209877    0.211275 ^ clkbuf_0_CLK_I/Z (gf180mcu_fd_sc_mcu7t5v0__clkbuf_16)
                                                         clknet_0_CLK_I (net)
                      0.167658    0.004964    0.216238 ^ clkbuf_3_7__f_CLK_I/I (gf180mcu_fd_sc_mcu7t5v0__clkbuf_16)
    13    0.062541    0.081634    0.183976    0.400214 ^ clkbuf_3_7__f_CLK_I/Z (gf180mcu_fd_sc_mcu7t5v0__clkbuf_16)
                                                         clknet_3_7__leaf_CLK_I (net)
                      0.081637    0.000803    0.401017 ^ _861_/CLK (gf180mcu_fd_sc_mcu7t5v0__dffq_1)
                                  0.500000    0.901017   clock uncertainty
                                  0.000000    0.901017   clock reconvergence pessimism
                                  0.028873    0.929890   library hold time
                                              0.929890   data required time
---------------------------------------------------------------------------------------------
                                              0.929890   data required time
                                             -1.451170   data arrival time
---------------------------------------------------------------------------------------------
                                              0.521279   slack (MET)


Startpoint: _844_ (rising edge-triggered flip-flop clocked by system_clock)
Endpoint: _832_ (rising edge-triggered flip-flop clocked by system_clock)
Path Group: system_clock
Path Type: min

Fanout         Cap        Slew       Delay        Time   Description
---------------------------------------------------------------------------------------------
                                  0.000000    0.000000   clock system_clock (rise edge)
                                  0.000000    0.000000   clock source latency
     1    0.036579    0.000000    0.000000    0.000000 ^ CLK_I (in)
                                                         CLK_I (net)
                      0.003417    0.001398    0.001398 ^ clkbuf_0_CLK_I/I (gf180mcu_fd_sc_mcu7t5v0__clkbuf_16)
     8    0.208985    0.167533    0.209877    0.211275 ^ clkbuf_0_CLK_I/Z (gf180mcu_fd_sc_mcu7t5v0__clkbuf_16)
                                                         clknet_0_CLK_I (net)
                      0.167582    0.003747    0.215022 ^ clkbuf_3_0__f_CLK_I/I (gf180mcu_fd_sc_mcu7t5v0__clkbuf_16)
     9    0.058017    0.079128    0.182017    0.397039 ^ clkbuf_3_0__f_CLK_I/Z (gf180mcu_fd_sc_mcu7t5v0__clkbuf_16)
                                                         clknet_3_0__leaf_CLK_I (net)
                      0.079130    0.000762    0.397801 ^ _844_/CLK (gf180mcu_fd_sc_mcu7t5v0__dffq_1)
     7    0.052959    0.592652    0.745675    1.143476 ^ _844_/Q (gf180mcu_fd_sc_mcu7t5v0__dffq_1)
                                                         i2c_state[0] (net)
                      0.592687    0.002564    1.146040 ^ _739_/A1 (gf180mcu_fd_sc_mcu7t5v0__aoi211_1)
     1    0.008061    0.222569    0.139130    1.285170 v _739_/ZN (gf180mcu_fd_sc_mcu7t5v0__aoi211_1)
                                                         _366_ (net)
                      0.222569    0.000113    1.285283 v _742_/A1 (gf180mcu_fd_sc_mcu7t5v0__aoi22_1)
     1    0.005662    0.155479    0.146637    1.431920 ^ _742_/ZN (gf180mcu_fd_sc_mcu7t5v0__aoi22_1)
                                                         _369_ (net)
                      0.155479    0.000061    1.431980 ^ _745_/A2 (gf180mcu_fd_sc_mcu7t5v0__aoi21_1)
     1    0.003120    0.080658    0.065936    1.497916 v _745_/ZN (gf180mcu_fd_sc_mcu7t5v0__aoi21_1)
                                                         _045_ (net)
                      0.080658    0.000031    1.497948 v _832_/D (gf180mcu_fd_sc_mcu7t5v0__dffq_1)
                                              1.497948   data arrival time

                                  0.000000    0.000000   clock system_clock (rise edge)
                                  0.000000    0.000000   clock source latency
     1    0.036579    0.000000    0.000000    0.000000 ^ CLK_I (in)
                                                         CLK_I (net)
                      0.003417    0.001398    0.001398 ^ clkbuf_0_CLK_I/I (gf180mcu_fd_sc_mcu7t5v0__clkbuf_16)
     8    0.208985    0.167533    0.209877    0.211275 ^ clkbuf_0_CLK_I/Z (gf180mcu_fd_sc_mcu7t5v0__clkbuf_16)
                                                         clknet_0_CLK_I (net)
                      0.167587    0.003837    0.215112 ^ clkbuf_3_2__f_CLK_I/I (gf180mcu_fd_sc_mcu7t5v0__clkbuf_16)
    14    0.060187    0.080307    0.182842    0.397954 ^ clkbuf_3_2__f_CLK_I/Z (gf180mcu_fd_sc_mcu7t5v0__clkbuf_16)
                                                         clknet_3_2__leaf_CLK_I (net)
                      0.080313    0.001214    0.399168 ^ _832_/CLK (gf180mcu_fd_sc_mcu7t5v0__dffq_1)
                                  0.500000    0.899168   clock uncertainty
                                  0.000000    0.899168   clock reconvergence pessimism
                                  0.062696    0.961864   library hold time
                                              0.961864   data required time
---------------------------------------------------------------------------------------------
                                              0.961864   data required time
                                             -1.497948   data arrival time
---------------------------------------------------------------------------------------------
                                              0.536084   slack (MET)


Startpoint: _882_ (rising edge-triggered flip-flop clocked by system_clock)
Endpoint: _848_ (rising edge-triggered flip-flop clocked by system_clock)
Path Group: system_clock
Path Type: min

Fanout         Cap        Slew       Delay        Time   Description
---------------------------------------------------------------------------------------------
                                  0.000000    0.000000   clock system_clock (rise edge)
                                  0.000000    0.000000   clock source latency
     1    0.036579    0.000000    0.000000    0.000000 ^ CLK_I (in)
                                                         CLK_I (net)
                      0.003417    0.001398    0.001398 ^ clkbuf_0_CLK_I/I (gf180mcu_fd_sc_mcu7t5v0__clkbuf_16)
     8    0.208985    0.167533    0.209877    0.211275 ^ clkbuf_0_CLK_I/Z (gf180mcu_fd_sc_mcu7t5v0__clkbuf_16)
                                                         clknet_0_CLK_I (net)
                      0.167557    0.003014    0.214288 ^ clkbuf_3_1__f_CLK_I/I (gf180mcu_fd_sc_mcu7t5v0__clkbuf_16)
    12    0.063682    0.082281    0.184513    0.398801 ^ clkbuf_3_1__f_CLK_I/Z (gf180mcu_fd_sc_mcu7t5v0__clkbuf_16)
                                                         clknet_3_1__leaf_CLK_I (net)
                      0.082282    0.000553    0.399355 ^ _882_/CLK (gf180mcu_fd_sc_mcu7t5v0__dffq_1)
    13    0.081509    0.545034    0.722243    1.121597 v _882_/Q (gf180mcu_fd_sc_mcu7t5v0__dffq_1)
                                                         addr_pointer_register_internal[0] (net)
                      0.545109    0.003668    1.125266 v _776_/A1 (gf180mcu_fd_sc_mcu7t5v0__aoi22_1)
     1    0.007820    0.209314    0.248256    1.373522 ^ _776_/ZN (gf180mcu_fd_sc_mcu7t5v0__aoi22_1)
                                                         _387_ (net)
                      0.209314    0.000183    1.373705 ^ _777_/A2 (gf180mcu_fd_sc_mcu7t5v0__nor2_1)
     1    0.007280    0.142255    0.116676    1.490381 v _777_/ZN (gf180mcu_fd_sc_mcu7t5v0__nor2_1)
                                                         _061_ (net)
                      0.142255    0.000174    1.490555 v _848_/D (gf180mcu_fd_sc_mcu7t5v0__dffq_1)
                                              1.490555   data arrival time

                                  0.000000    0.000000   clock system_clock (rise edge)
                                  0.000000    0.000000   clock source latency
     1    0.036579    0.000000    0.000000    0.000000 ^ CLK_I (in)
                                                         CLK_I (net)
                      0.003417    0.001398    0.001398 ^ clkbuf_0_CLK_I/I (gf180mcu_fd_sc_mcu7t5v0__clkbuf_16)
     8    0.208985    0.167533    0.209877    0.211275 ^ clkbuf_0_CLK_I/Z (gf180mcu_fd_sc_mcu7t5v0__clkbuf_16)
                                                         clknet_0_CLK_I (net)
                      0.167559    0.003085    0.214359 ^ clkbuf_3_4__f_CLK_I/I (gf180mcu_fd_sc_mcu7t5v0__clkbuf_16)
    10    0.071140    0.086358    0.187504    0.401863 ^ clkbuf_3_4__f_CLK_I/Z (gf180mcu_fd_sc_mcu7t5v0__clkbuf_16)
                                                         clknet_3_4__leaf_CLK_I (net)
                      0.086362    0.001080    0.402943 ^ _848_/CLK (gf180mcu_fd_sc_mcu7t5v0__dffq_1)
                                  0.500000    0.902943   clock uncertainty
                                  0.000000    0.902943   clock reconvergence pessimism
                                  0.046064    0.949007   library hold time
                                              0.949007   data required time
---------------------------------------------------------------------------------------------
                                              0.949007   data required time
                                             -1.490555   data arrival time
---------------------------------------------------------------------------------------------
                                              0.541548   slack (MET)


Startpoint: _869_ (rising edge-triggered flip-flop clocked by system_clock)
Endpoint: _877_ (rising edge-triggered flip-flop clocked by system_clock)
Path Group: system_clock
Path Type: min

Fanout         Cap        Slew       Delay        Time   Description
---------------------------------------------------------------------------------------------
                                  0.000000    0.000000   clock system_clock (rise edge)
                                  0.000000    0.000000   clock source latency
     1    0.036579    0.000000    0.000000    0.000000 ^ CLK_I (in)
                                                         CLK_I (net)
                      0.003417    0.001398    0.001398 ^ clkbuf_0_CLK_I/I (gf180mcu_fd_sc_mcu7t5v0__clkbuf_16)
     8    0.208985    0.167533    0.209877    0.211275 ^ clkbuf_0_CLK_I/Z (gf180mcu_fd_sc_mcu7t5v0__clkbuf_16)
                                                         clknet_0_CLK_I (net)
                      0.167574    0.003551    0.214826 ^ clkbuf_3_3__f_CLK_I/I (gf180mcu_fd_sc_mcu7t5v0__clkbuf_16)
    10    0.068751    0.085081    0.186654    0.401480 ^ clkbuf_3_3__f_CLK_I/Z (gf180mcu_fd_sc_mcu7t5v0__clkbuf_16)
                                                         clknet_3_3__leaf_CLK_I (net)
                      0.085082    0.000530    0.402010 ^ _869_/CLK (gf180mcu_fd_sc_mcu7t5v0__dffq_1)
     4    0.023774    0.181847    0.493203    0.895213 v _869_/Q (gf180mcu_fd_sc_mcu7t5v0__dffq_1)
                                                         addr_set_register[3] (net)
                      0.181847    0.000215    0.895428 v _519_/A2 (gf180mcu_fd_sc_mcu7t5v0__nor2_1)
     1    0.018311    0.401675    0.277839    1.173268 ^ _519_/ZN (gf180mcu_fd_sc_mcu7t5v0__nor2_1)
                                                         _180_ (net)
                      0.401676    0.000681    1.173949 ^ _522_/A1 (gf180mcu_fd_sc_mcu7t5v0__oai21_1)
     1    0.007916    0.148041    0.116921    1.290870 v _522_/ZN (gf180mcu_fd_sc_mcu7t5v0__oai21_1)
                                                         _183_ (net)
                      0.148041    0.000174    1.291044 v _523_/I0 (gf180mcu_fd_sc_mcu7t5v0__mux2_2)
     1    0.003431    0.070432    0.224262    1.515306 v _523_/Z (gf180mcu_fd_sc_mcu7t5v0__mux2_2)
                                                         _011_ (net)
                      0.070432    0.000066    1.515372 v _877_/D (gf180mcu_fd_sc_mcu7t5v0__dffq_1)
                                              1.515372   data arrival time

                                  0.000000    0.000000   clock system_clock (rise edge)
                                  0.000000    0.000000   clock source latency
     1    0.036579    0.000000    0.000000    0.000000 ^ CLK_I (in)
                                                         CLK_I (net)
                      0.003417    0.001398    0.001398 ^ clkbuf_0_CLK_I/I (gf180mcu_fd_sc_mcu7t5v0__clkbuf_16)
     8    0.208985    0.167533    0.209877    0.211275 ^ clkbuf_0_CLK_I/Z (gf180mcu_fd_sc_mcu7t5v0__clkbuf_16)
                                                         clknet_0_CLK_I (net)
                      0.167554    0.002825    0.214099 ^ clkbuf_3_5__f_CLK_I/I (gf180mcu_fd_sc_mcu7t5v0__clkbuf_16)
    11    0.066350    0.083759    0.185653    0.399752 ^ clkbuf_3_5__f_CLK_I/Z (gf180mcu_fd_sc_mcu7t5v0__clkbuf_16)
                                                         clknet_3_5__leaf_CLK_I (net)
                      0.083759    0.000467    0.400219 ^ _877_/CLK (gf180mcu_fd_sc_mcu7t5v0__dffq_1)
                                  0.500000    0.900219   clock uncertainty
                                  0.000000    0.900219   clock reconvergence pessimism
                                  0.065772    0.965991   library hold time
                                              0.965991   data required time
---------------------------------------------------------------------------------------------
                                              0.965991   data required time
                                             -1.515372   data arrival time
---------------------------------------------------------------------------------------------
                                              0.549381   slack (MET)


Startpoint: _820_ (rising edge-triggered flip-flop clocked by system_clock)
Endpoint: _858_ (rising edge-triggered flip-flop clocked by system_clock)
Path Group: system_clock
Path Type: min

Fanout         Cap        Slew       Delay        Time   Description
---------------------------------------------------------------------------------------------
                                  0.000000    0.000000   clock system_clock (rise edge)
                                  0.000000    0.000000   clock source latency
     1    0.036579    0.000000    0.000000    0.000000 ^ CLK_I (in)
                                                         CLK_I (net)
                      0.003417    0.001398    0.001398 ^ clkbuf_0_CLK_I/I (gf180mcu_fd_sc_mcu7t5v0__clkbuf_16)
     8    0.208985    0.167533    0.209877    0.211275 ^ clkbuf_0_CLK_I/Z (gf180mcu_fd_sc_mcu7t5v0__clkbuf_16)
                                                         clknet_0_CLK_I (net)
                      0.167658    0.004964    0.216238 ^ clkbuf_3_7__f_CLK_I/I (gf180mcu_fd_sc_mcu7t5v0__clkbuf_16)
    13    0.062541    0.081634    0.183976    0.400214 ^ clkbuf_3_7__f_CLK_I/Z (gf180mcu_fd_sc_mcu7t5v0__clkbuf_16)
                                                         clknet_3_7__leaf_CLK_I (net)
                      0.081637    0.000824    0.401038 ^ _820_/CLK (gf180mcu_fd_sc_mcu7t5v0__dffq_1)
     6    0.058480    0.396769    0.631141    1.032179 v _820_/Q (gf180mcu_fd_sc_mcu7t5v0__dffq_1)
                                                         recv_data_buffer[2] (net)
                      0.396792    0.001746    1.033924 v _797_/B2 (gf180mcu_fd_sc_mcu7t5v0__aoi22_1)
     1    0.016362    0.289737    0.308461    1.342386 ^ _797_/ZN (gf180mcu_fd_sc_mcu7t5v0__aoi22_1)
                                                         _398_ (net)
                      0.289738    0.000555    1.342941 ^ _798_/A2 (gf180mcu_fd_sc_mcu7t5v0__nor2_1)
     1    0.010201    0.183559    0.145021    1.487962 v _798_/ZN (gf180mcu_fd_sc_mcu7t5v0__nor2_1)
                                                         _071_ (net)
                      0.183559    0.000292    1.488254 v _858_/D (gf180mcu_fd_sc_mcu7t5v0__dffq_1)
                                              1.488254   data arrival time

                                  0.000000    0.000000   clock system_clock (rise edge)
                                  0.000000    0.000000   clock source latency
     1    0.036579    0.000000    0.000000    0.000000 ^ CLK_I (in)
                                                         CLK_I (net)
                      0.003417    0.001398    0.001398 ^ clkbuf_0_CLK_I/I (gf180mcu_fd_sc_mcu7t5v0__clkbuf_16)
     8    0.208985    0.167533    0.209877    0.211275 ^ clkbuf_0_CLK_I/Z (gf180mcu_fd_sc_mcu7t5v0__clkbuf_16)
                                                         clknet_0_CLK_I (net)
                      0.167658    0.004964    0.216238 ^ clkbuf_3_7__f_CLK_I/I (gf180mcu_fd_sc_mcu7t5v0__clkbuf_16)
    13    0.062541    0.081634    0.183976    0.400214 ^ clkbuf_3_7__f_CLK_I/Z (gf180mcu_fd_sc_mcu7t5v0__clkbuf_16)
                                                         clknet_3_7__leaf_CLK_I (net)
                      0.081635    0.000367    0.400581 ^ _858_/CLK (gf180mcu_fd_sc_mcu7t5v0__dffq_1)
                                  0.500000    0.900581   clock uncertainty
                                  0.000000    0.900581   clock reconvergence pessimism
                                  0.032674    0.933255   library hold time
                                              0.933255   data required time
---------------------------------------------------------------------------------------------
                                              0.933255   data required time
                                             -1.488254   data arrival time
---------------------------------------------------------------------------------------------
                                              0.554999   slack (MET)


Startpoint: _834_ (rising edge-triggered flip-flop clocked by system_clock)
Endpoint: _835_ (rising edge-triggered flip-flop clocked by system_clock)
Path Group: system_clock
Path Type: min

Fanout         Cap        Slew       Delay        Time   Description
---------------------------------------------------------------------------------------------
                                  0.000000    0.000000   clock system_clock (rise edge)
                                  0.000000    0.000000   clock source latency
     1    0.036579    0.000000    0.000000    0.000000 ^ CLK_I (in)
                                                         CLK_I (net)
                      0.003417    0.001398    0.001398 ^ clkbuf_0_CLK_I/I (gf180mcu_fd_sc_mcu7t5v0__clkbuf_16)
     8    0.208985    0.167533    0.209877    0.211275 ^ clkbuf_0_CLK_I/Z (gf180mcu_fd_sc_mcu7t5v0__clkbuf_16)
                                                         clknet_0_CLK_I (net)
                      0.167574    0.003551    0.214826 ^ clkbuf_3_3__f_CLK_I/I (gf180mcu_fd_sc_mcu7t5v0__clkbuf_16)
    10    0.068751    0.085081    0.186654    0.401480 ^ clkbuf_3_3__f_CLK_I/Z (gf180mcu_fd_sc_mcu7t5v0__clkbuf_16)
                                                         clknet_3_3__leaf_CLK_I (net)
                      0.085084    0.000811    0.402292 ^ _834_/CLK (gf180mcu_fd_sc_mcu7t5v0__dffq_1)
     8    0.043493    0.302118    0.572636    0.974928 v _834_/Q (gf180mcu_fd_sc_mcu7t5v0__dffq_1)
                                                         iteration[2] (net)
                      0.302121    0.000532    0.975461 v _752_/A1 (gf180mcu_fd_sc_mcu7t5v0__nand3_1)
     2    0.011191    0.227793    0.209937    1.185398 ^ _752_/ZN (gf180mcu_fd_sc_mcu7t5v0__nand3_1)
                                                         _377_ (net)
                      0.227793    0.000059    1.185456 ^ _755_/C (gf180mcu_fd_sc_mcu7t5v0__oai221_1)
     1    0.005616    0.144696    0.118817    1.304273 v _755_/ZN (gf180mcu_fd_sc_mcu7t5v0__oai221_1)
                                                         _379_ (net)
                      0.144696    0.000107    1.304381 v _756_/B (gf180mcu_fd_sc_mcu7t5v0__oai21_1)
     1    0.007877    0.192707    0.156553    1.460933 ^ _756_/ZN (gf180mcu_fd_sc_mcu7t5v0__oai21_1)
                                                         _380_ (net)
                      0.192707    0.000171    1.461104 ^ _759_/A1 (gf180mcu_fd_sc_mcu7t5v0__aoi21_1)
     1    0.005086    0.109278    0.085249    1.546352 v _759_/ZN (gf180mcu_fd_sc_mcu7t5v0__aoi21_1)
                                                         _048_ (net)
                      0.109278    0.000101    1.546453 v _835_/D (gf180mcu_fd_sc_mcu7t5v0__dffq_1)
                                              1.546453   data arrival time

                                  0.000000    0.000000   clock system_clock (rise edge)
                                  0.000000    0.000000   clock source latency
     1    0.036579    0.000000    0.000000    0.000000 ^ CLK_I (in)
                                                         CLK_I (net)
                      0.003417    0.001398    0.001398 ^ clkbuf_0_CLK_I/I (gf180mcu_fd_sc_mcu7t5v0__clkbuf_16)
     8    0.208985    0.167533    0.209877    0.211275 ^ clkbuf_0_CLK_I/Z (gf180mcu_fd_sc_mcu7t5v0__clkbuf_16)
                                                         clknet_0_CLK_I (net)
                      0.167587    0.003837    0.215112 ^ clkbuf_3_2__f_CLK_I/I (gf180mcu_fd_sc_mcu7t5v0__clkbuf_16)
    14    0.060187    0.080307    0.182842    0.397954 ^ clkbuf_3_2__f_CLK_I/Z (gf180mcu_fd_sc_mcu7t5v0__clkbuf_16)
                                                         clknet_3_2__leaf_CLK_I (net)
                      0.080313    0.001254    0.399208 ^ _835_/CLK (gf180mcu_fd_sc_mcu7t5v0__dffq_1)
                                  0.500000    0.899208   clock uncertainty
                                  0.000000    0.899208   clock reconvergence pessimism
                                  0.055245    0.954453   library hold time
                                              0.954453   data required time
---------------------------------------------------------------------------------------------
                                              0.954453   data required time
                                             -1.546453   data arrival time
---------------------------------------------------------------------------------------------
                                              0.592000   slack (MET)


Startpoint: _873_ (rising edge-triggered flip-flop clocked by system_clock)
Endpoint: _881_ (rising edge-triggered flip-flop clocked by system_clock)
Path Group: system_clock
Path Type: min

Fanout         Cap        Slew       Delay        Time   Description
---------------------------------------------------------------------------------------------
                                  0.000000    0.000000   clock system_clock (rise edge)
                                  0.000000    0.000000   clock source latency
     1    0.036579    0.000000    0.000000    0.000000 ^ CLK_I (in)
                                                         CLK_I (net)
                      0.003417    0.001398    0.001398 ^ clkbuf_0_CLK_I/I (gf180mcu_fd_sc_mcu7t5v0__clkbuf_16)
     8    0.208985    0.167533    0.209877    0.211275 ^ clkbuf_0_CLK_I/Z (gf180mcu_fd_sc_mcu7t5v0__clkbuf_16)
                                                         clknet_0_CLK_I (net)
                      0.167622    0.004454    0.215728 ^ clkbuf_3_6__f_CLK_I/I (gf180mcu_fd_sc_mcu7t5v0__clkbuf_16)
    13    0.063776    0.082341    0.184597    0.400325 ^ clkbuf_3_6__f_CLK_I/Z (gf180mcu_fd_sc_mcu7t5v0__clkbuf_16)
                                                         clknet_3_6__leaf_CLK_I (net)
                      0.082342    0.000517    0.400842 ^ _873_/CLK (gf180mcu_fd_sc_mcu7t5v0__dffq_1)
     4    0.026499    0.198028    0.503763    0.904605 v _873_/Q (gf180mcu_fd_sc_mcu7t5v0__dffq_1)
                                                         addr_set_register[7] (net)
                      0.198028    0.000168    0.904774 v _540_/A2 (gf180mcu_fd_sc_mcu7t5v0__nor2_1)
     1    0.017614    0.389727    0.273189    1.177963 ^ _540_/ZN (gf180mcu_fd_sc_mcu7t5v0__nor2_1)
                                                         _197_ (net)
                      0.389728    0.000627    1.178590 ^ _543_/A1 (gf180mcu_fd_sc_mcu7t5v0__oai21_1)
     1    0.014229    0.186640    0.164171    1.342761 v _543_/ZN (gf180mcu_fd_sc_mcu7t5v0__oai21_1)
                                                         _200_ (net)
                      0.186641    0.000581    1.343342 v _544_/I0 (gf180mcu_fd_sc_mcu7t5v0__mux2_2)
     1    0.007110    0.083829    0.245769    1.589110 v _544_/Z (gf180mcu_fd_sc_mcu7t5v0__mux2_2)
                                                         _015_ (net)
                      0.083829    0.000172    1.589283 v _881_/D (gf180mcu_fd_sc_mcu7t5v0__dffq_1)
                                              1.589283   data arrival time

                                  0.000000    0.000000   clock system_clock (rise edge)
                                  0.000000    0.000000   clock source latency
     1    0.036579    0.000000    0.000000    0.000000 ^ CLK_I (in)
                                                         CLK_I (net)
                      0.003417    0.001398    0.001398 ^ clkbuf_0_CLK_I/I (gf180mcu_fd_sc_mcu7t5v0__clkbuf_16)
     8    0.208985    0.167533    0.209877    0.211275 ^ clkbuf_0_CLK_I/Z (gf180mcu_fd_sc_mcu7t5v0__clkbuf_16)
                                                         clknet_0_CLK_I (net)
                      0.167658    0.004964    0.216238 ^ clkbuf_3_7__f_CLK_I/I (gf180mcu_fd_sc_mcu7t5v0__clkbuf_16)
    13    0.062541    0.081634    0.183976    0.400214 ^ clkbuf_3_7__f_CLK_I/Z (gf180mcu_fd_sc_mcu7t5v0__clkbuf_16)
                                                         clknet_3_7__leaf_CLK_I (net)
                      0.081636    0.000670    0.400883 ^ _881_/CLK (gf180mcu_fd_sc_mcu7t5v0__dffq_1)
                                  0.500000    0.900883   clock uncertainty
                                  0.000000    0.900883   clock reconvergence pessimism
                                  0.062163    0.963047   library hold time
                                              0.963047   data required time
---------------------------------------------------------------------------------------------
                                              0.963047   data required time
                                             -1.589283   data arrival time
---------------------------------------------------------------------------------------------
                                              0.626236   slack (MET)


Startpoint: _820_ (rising edge-triggered flip-flop clocked by system_clock)
Endpoint: _876_ (rising edge-triggered flip-flop clocked by system_clock)
Path Group: system_clock
Path Type: min

Fanout         Cap        Slew       Delay        Time   Description
---------------------------------------------------------------------------------------------
                                  0.000000    0.000000   clock system_clock (rise edge)
                                  0.000000    0.000000   clock source latency
     1    0.036579    0.000000    0.000000    0.000000 ^ CLK_I (in)
                                                         CLK_I (net)
                      0.003417    0.001398    0.001398 ^ clkbuf_0_CLK_I/I (gf180mcu_fd_sc_mcu7t5v0__clkbuf_16)
     8    0.208985    0.167533    0.209877    0.211275 ^ clkbuf_0_CLK_I/Z (gf180mcu_fd_sc_mcu7t5v0__clkbuf_16)
                                                         clknet_0_CLK_I (net)
                      0.167658    0.004964    0.216238 ^ clkbuf_3_7__f_CLK_I/I (gf180mcu_fd_sc_mcu7t5v0__clkbuf_16)
    13    0.062541    0.081634    0.183976    0.400214 ^ clkbuf_3_7__f_CLK_I/Z (gf180mcu_fd_sc_mcu7t5v0__clkbuf_16)
                                                         clknet_3_7__leaf_CLK_I (net)
                      0.081637    0.000824    0.401038 ^ _820_/CLK (gf180mcu_fd_sc_mcu7t5v0__dffq_1)
     6    0.058480    0.396769    0.631141    1.032179 v _820_/Q (gf180mcu_fd_sc_mcu7t5v0__dffq_1)
                                                         recv_data_buffer[2] (net)
                      0.396794    0.001834    1.034013 v _515_/A1 (gf180mcu_fd_sc_mcu7t5v0__oai22_1)
     1    0.012433    0.324729    0.294534    1.328547 ^ _515_/ZN (gf180mcu_fd_sc_mcu7t5v0__oai22_1)
                                                         _177_ (net)
                      0.324730    0.000342    1.328889 ^ _517_/A1 (gf180mcu_fd_sc_mcu7t5v0__oai21_1)
     1    0.008395    0.147740    0.117002    1.445891 v _517_/ZN (gf180mcu_fd_sc_mcu7t5v0__oai21_1)
                                                         _179_ (net)
                      0.147740    0.000199    1.446089 v _518_/I0 (gf180mcu_fd_sc_mcu7t5v0__mux2_2)
     1    0.004091    0.073594    0.227262    1.673351 v _518_/Z (gf180mcu_fd_sc_mcu7t5v0__mux2_2)
                                                         _010_ (net)
                      0.073594    0.000080    1.673431 v _876_/D (gf180mcu_fd_sc_mcu7t5v0__dffq_1)
                                              1.673431   data arrival time

                                  0.000000    0.000000   clock system_clock (rise edge)
                                  0.000000    0.000000   clock source latency
     1    0.036579    0.000000    0.000000    0.000000 ^ CLK_I (in)
                                                         CLK_I (net)
                      0.003417    0.001398    0.001398 ^ clkbuf_0_CLK_I/I (gf180mcu_fd_sc_mcu7t5v0__clkbuf_16)
     8    0.208985    0.167533    0.209877    0.211275 ^ clkbuf_0_CLK_I/Z (gf180mcu_fd_sc_mcu7t5v0__clkbuf_16)
                                                         clknet_0_CLK_I (net)
                      0.167622    0.004454    0.215728 ^ clkbuf_3_6__f_CLK_I/I (gf180mcu_fd_sc_mcu7t5v0__clkbuf_16)
    13    0.063776    0.082341    0.184597    0.400325 ^ clkbuf_3_6__f_CLK_I/Z (gf180mcu_fd_sc_mcu7t5v0__clkbuf_16)
                                                         clknet_3_6__leaf_CLK_I (net)
                      0.082342    0.000467    0.400792 ^ _876_/CLK (gf180mcu_fd_sc_mcu7t5v0__dffq_1)
                                  0.500000    0.900792   clock uncertainty
                                  0.000000    0.900792   clock reconvergence pessimism
                                  0.064751    0.965543   library hold time
                                              0.965543   data required time
---------------------------------------------------------------------------------------------
                                              0.965543   data required time
                                             -1.673431   data arrival time
---------------------------------------------------------------------------------------------
                                              0.707889   slack (MET)


Startpoint: _901_ (rising edge-triggered flip-flop clocked by system_clock)
Endpoint: _830_ (rising edge-triggered flip-flop clocked by system_clock)
Path Group: system_clock
Path Type: min

Fanout         Cap        Slew       Delay        Time   Description
---------------------------------------------------------------------------------------------
                                  0.000000    0.000000   clock system_clock (rise edge)
                                  0.000000    0.000000   clock source latency
     1    0.036579    0.000000    0.000000    0.000000 ^ CLK_I (in)
                                                         CLK_I (net)
                      0.003417    0.001398    0.001398 ^ clkbuf_0_CLK_I/I (gf180mcu_fd_sc_mcu7t5v0__clkbuf_16)
     8    0.208985    0.167533    0.209877    0.211275 ^ clkbuf_0_CLK_I/Z (gf180mcu_fd_sc_mcu7t5v0__clkbuf_16)
                                                         clknet_0_CLK_I (net)
                      0.167582    0.003747    0.215022 ^ clkbuf_3_0__f_CLK_I/I (gf180mcu_fd_sc_mcu7t5v0__clkbuf_16)
     9    0.058017    0.079128    0.182017    0.397039 ^ clkbuf_3_0__f_CLK_I/Z (gf180mcu_fd_sc_mcu7t5v0__clkbuf_16)
                                                         clknet_3_0__leaf_CLK_I (net)
                      0.079131    0.000964    0.398002 ^ _901_/CLK (gf180mcu_fd_sc_mcu7t5v0__dffq_1)
     8    0.051920    0.581829    0.739660    1.137662 ^ _901_/Q (gf180mcu_fd_sc_mcu7t5v0__dffq_1)
                                                         i2c_sda_in_synchronised_internal (net)
                      0.581834    0.000967    1.138629 ^ _728_/A2 (gf180mcu_fd_sc_mcu7t5v0__aoi211_1)
     2    0.010676    0.236350    0.136415    1.275045 v _728_/ZN (gf180mcu_fd_sc_mcu7t5v0__aoi211_1)
                                                         _357_ (net)
                      0.236350    0.000163    1.275208 v _729_/C (gf180mcu_fd_sc_mcu7t5v0__aoi211_1)
     1    0.008920    0.375170    0.260806    1.536013 ^ _729_/ZN (gf180mcu_fd_sc_mcu7t5v0__aoi211_1)
                                                         _358_ (net)
                      0.375170    0.000209    1.536223 ^ _730_/A2 (gf180mcu_fd_sc_mcu7t5v0__aoi21_1)
     1    0.004323    0.128259    0.071319    1.607542 v _730_/ZN (gf180mcu_fd_sc_mcu7t5v0__aoi21_1)
                                                         _359_ (net)
                      0.128259    0.000083    1.607625 v _731_/A1 (gf180mcu_fd_sc_mcu7t5v0__and2_1)
     1    0.003260    0.065227    0.163542    1.771167 v _731_/Z (gf180mcu_fd_sc_mcu7t5v0__and2_1)
                                                         _043_ (net)
                      0.065227    0.000061    1.771228 v _830_/D (gf180mcu_fd_sc_mcu7t5v0__dffq_1)
                                              1.771228   data arrival time

                                  0.000000    0.000000   clock system_clock (rise edge)
                                  0.000000    0.000000   clock source latency
     1    0.036579    0.000000    0.000000    0.000000 ^ CLK_I (in)
                                                         CLK_I (net)
                      0.003417    0.001398    0.001398 ^ clkbuf_0_CLK_I/I (gf180mcu_fd_sc_mcu7t5v0__clkbuf_16)
     8    0.208985    0.167533    0.209877    0.211275 ^ clkbuf_0_CLK_I/Z (gf180mcu_fd_sc_mcu7t5v0__clkbuf_16)
                                                         clknet_0_CLK_I (net)
                      0.167582    0.003747    0.215022 ^ clkbuf_3_0__f_CLK_I/I (gf180mcu_fd_sc_mcu7t5v0__clkbuf_16)
     9    0.058017    0.079128    0.182017    0.397039 ^ clkbuf_3_0__f_CLK_I/Z (gf180mcu_fd_sc_mcu7t5v0__clkbuf_16)
                                                         clknet_3_0__leaf_CLK_I (net)
                      0.079132    0.001026    0.398065 ^ _830_/CLK (gf180mcu_fd_sc_mcu7t5v0__dffq_1)
                                  0.500000    0.898065   clock uncertainty
                                  0.000000    0.898065   clock reconvergence pessimism
                                  0.066166    0.964231   library hold time
                                              0.964231   data required time
---------------------------------------------------------------------------------------------
                                              0.964231   data required time
                                             -1.771228   data arrival time
---------------------------------------------------------------------------------------------
                                              0.806997   slack (MET)


Startpoint: _898_ (rising edge-triggered flip-flop clocked by system_clock)
Endpoint: _899_ (rising edge-triggered flip-flop clocked by system_clock)
Path Group: system_clock
Path Type: min

Fanout         Cap        Slew       Delay        Time   Description
---------------------------------------------------------------------------------------------
                                  0.000000    0.000000   clock system_clock (rise edge)
                                  0.000000    0.000000   clock source latency
     1    0.036579    0.000000    0.000000    0.000000 ^ CLK_I (in)
                                                         CLK_I (net)
                      0.003417    0.001398    0.001398 ^ clkbuf_0_CLK_I/I (gf180mcu_fd_sc_mcu7t5v0__clkbuf_16)
     8    0.208985    0.167533    0.209877    0.211275 ^ clkbuf_0_CLK_I/Z (gf180mcu_fd_sc_mcu7t5v0__clkbuf_16)
                                                         clknet_0_CLK_I (net)
                      0.167587    0.003837    0.215112 ^ clkbuf_3_2__f_CLK_I/I (gf180mcu_fd_sc_mcu7t5v0__clkbuf_16)
    14    0.060187    0.080307    0.182842    0.397954 ^ clkbuf_3_2__f_CLK_I/Z (gf180mcu_fd_sc_mcu7t5v0__clkbuf_16)
                                                         clknet_3_2__leaf_CLK_I (net)
                      0.080309    0.000806    0.398760 ^ _898_/CLK (gf180mcu_fd_sc_mcu7t5v0__dffq_1)
     1    0.004153    0.086827    0.444758    0.843517 ^ _898_/Q (gf180mcu_fd_sc_mcu7t5v0__dffq_1)
                                                         scl_synchroniser_internal[0] (net)
                      0.086827    0.000078    0.843596 ^ hold37/I (gf180mcu_fd_sc_mcu7t5v0__dlyc_1)
     1    0.003099    0.088255    0.903993    1.747589 ^ hold37/Z (gf180mcu_fd_sc_mcu7t5v0__dlyc_1)
                                                         net37 (net)
                      0.088255    0.000030    1.747620 ^ _899_/D (gf180mcu_fd_sc_mcu7t5v0__dffq_1)
                                              1.747620   data arrival time

                                  0.000000    0.000000   clock system_clock (rise edge)
                                  0.000000    0.000000   clock source latency
     1    0.036579    0.000000    0.000000    0.000000 ^ CLK_I (in)
                                                         CLK_I (net)
                      0.003417    0.001398    0.001398 ^ clkbuf_0_CLK_I/I (gf180mcu_fd_sc_mcu7t5v0__clkbuf_16)
     8    0.208985    0.167533    0.209877    0.211275 ^ clkbuf_0_CLK_I/Z (gf180mcu_fd_sc_mcu7t5v0__clkbuf_16)
                                                         clknet_0_CLK_I (net)
                      0.167587    0.003837    0.215112 ^ clkbuf_3_2__f_CLK_I/I (gf180mcu_fd_sc_mcu7t5v0__clkbuf_16)
    14    0.060187    0.080307    0.182842    0.397954 ^ clkbuf_3_2__f_CLK_I/Z (gf180mcu_fd_sc_mcu7t5v0__clkbuf_16)
                                                         clknet_3_2__leaf_CLK_I (net)
                      0.080311    0.001071    0.399025 ^ _899_/CLK (gf180mcu_fd_sc_mcu7t5v0__dffq_1)
                                  0.500000    0.899025   clock uncertainty
                                  0.000000    0.899025   clock reconvergence pessimism
                                  0.033704    0.932729   library hold time
                                              0.932729   data required time
---------------------------------------------------------------------------------------------
                                              0.932729   data required time
                                             -1.747620   data arrival time
---------------------------------------------------------------------------------------------
                                              0.814891   slack (MET)


Startpoint: _900_ (rising edge-triggered flip-flop clocked by system_clock)
Endpoint: _901_ (rising edge-triggered flip-flop clocked by system_clock)
Path Group: system_clock
Path Type: min

Fanout         Cap        Slew       Delay        Time   Description
---------------------------------------------------------------------------------------------
                                  0.000000    0.000000   clock system_clock (rise edge)
                                  0.000000    0.000000   clock source latency
     1    0.036579    0.000000    0.000000    0.000000 ^ CLK_I (in)
                                                         CLK_I (net)
                      0.003417    0.001398    0.001398 ^ clkbuf_0_CLK_I/I (gf180mcu_fd_sc_mcu7t5v0__clkbuf_16)
     8    0.208985    0.167533    0.209877    0.211275 ^ clkbuf_0_CLK_I/Z (gf180mcu_fd_sc_mcu7t5v0__clkbuf_16)
                                                         clknet_0_CLK_I (net)
                      0.167582    0.003747    0.215022 ^ clkbuf_3_0__f_CLK_I/I (gf180mcu_fd_sc_mcu7t5v0__clkbuf_16)
     9    0.058017    0.079128    0.182017    0.397039 ^ clkbuf_3_0__f_CLK_I/Z (gf180mcu_fd_sc_mcu7t5v0__clkbuf_16)
                                                         clknet_3_0__leaf_CLK_I (net)
                      0.079132    0.001043    0.398082 ^ _900_/CLK (gf180mcu_fd_sc_mcu7t5v0__dffq_1)
     1    0.004379    0.088933    0.445958    0.844039 ^ _900_/Q (gf180mcu_fd_sc_mcu7t5v0__dffq_1)
                                                         sda_synchroniser_internal[0] (net)
                      0.088933    0.000085    0.844124 ^ hold38/I (gf180mcu_fd_sc_mcu7t5v0__dlyc_1)
     1    0.003839    0.095089    0.909257    1.753381 ^ hold38/Z (gf180mcu_fd_sc_mcu7t5v0__dlyc_1)
                                                         net38 (net)
                      0.095089    0.000072    1.753453 ^ _901_/D (gf180mcu_fd_sc_mcu7t5v0__dffq_1)
                                              1.753453   data arrival time

                                  0.000000    0.000000   clock system_clock (rise edge)
                                  0.000000    0.000000   clock source latency
     1    0.036579    0.000000    0.000000    0.000000 ^ CLK_I (in)
                                                         CLK_I (net)
                      0.003417    0.001398    0.001398 ^ clkbuf_0_CLK_I/I (gf180mcu_fd_sc_mcu7t5v0__clkbuf_16)
     8    0.208985    0.167533    0.209877    0.211275 ^ clkbuf_0_CLK_I/Z (gf180mcu_fd_sc_mcu7t5v0__clkbuf_16)
                                                         clknet_0_CLK_I (net)
                      0.167582    0.003747    0.215022 ^ clkbuf_3_0__f_CLK_I/I (gf180mcu_fd_sc_mcu7t5v0__clkbuf_16)
     9    0.058017    0.079128    0.182017    0.397039 ^ clkbuf_3_0__f_CLK_I/Z (gf180mcu_fd_sc_mcu7t5v0__clkbuf_16)
                                                         clknet_3_0__leaf_CLK_I (net)
                      0.079131    0.000964    0.398002 ^ _901_/CLK (gf180mcu_fd_sc_mcu7t5v0__dffq_1)
                                  0.500000    0.898003   clock uncertainty
                                  0.000000    0.898003   clock reconvergence pessimism
                                  0.033138    0.931141   library hold time
                                              0.931141   data required time
---------------------------------------------------------------------------------------------
                                              0.931141   data required time
                                             -1.753453   data arrival time
---------------------------------------------------------------------------------------------
                                              0.822312   slack (MET)


Startpoint: _891_ (rising edge-triggered flip-flop clocked by system_clock)
Endpoint: _895_ (rising edge-triggered flip-flop clocked by system_clock)
Path Group: system_clock
Path Type: min

Fanout         Cap        Slew       Delay        Time   Description
---------------------------------------------------------------------------------------------
                                  0.000000    0.000000   clock system_clock (rise edge)
                                  0.000000    0.000000   clock source latency
     1    0.036579    0.000000    0.000000    0.000000 ^ CLK_I (in)
                                                         CLK_I (net)
                      0.003417    0.001398    0.001398 ^ clkbuf_0_CLK_I/I (gf180mcu_fd_sc_mcu7t5v0__clkbuf_16)
     8    0.208985    0.167533    0.209877    0.211275 ^ clkbuf_0_CLK_I/Z (gf180mcu_fd_sc_mcu7t5v0__clkbuf_16)
                                                         clknet_0_CLK_I (net)
                      0.167557    0.003014    0.214288 ^ clkbuf_3_1__f_CLK_I/I (gf180mcu_fd_sc_mcu7t5v0__clkbuf_16)
    12    0.063682    0.082281    0.184513    0.398801 ^ clkbuf_3_1__f_CLK_I/Z (gf180mcu_fd_sc_mcu7t5v0__clkbuf_16)
                                                         clknet_3_1__leaf_CLK_I (net)
                      0.082282    0.000540    0.399341 ^ _891_/CLK (gf180mcu_fd_sc_mcu7t5v0__dffq_1)
     1    0.004050    0.069066    0.404044    0.803386 v _891_/Q (gf180mcu_fd_sc_mcu7t5v0__dffq_1)
                                                         wb_master_next_state[1] (net)
                      0.069066    0.000078    0.803464 v hold40/I (gf180mcu_fd_sc_mcu7t5v0__dlyc_1)
     1    0.004752    0.127505    0.976344    1.779807 v hold40/Z (gf180mcu_fd_sc_mcu7t5v0__dlyc_1)
                                                         net40 (net)
                      0.127505    0.000048    1.779856 v _417_/I (gf180mcu_fd_sc_mcu7t5v0__clkinv_1)
     2    0.012574    0.166494    0.131435    1.911291 ^ _417_/ZN (gf180mcu_fd_sc_mcu7t5v0__clkinv_1)
                                                         _090_ (net)
                      0.166494    0.000252    1.911543 ^ _600_/A1 (gf180mcu_fd_sc_mcu7t5v0__nor2_1)
     1    0.003314    0.082130    0.067436    1.978979 v _600_/ZN (gf180mcu_fd_sc_mcu7t5v0__nor2_1)
                                                         _029_ (net)
                      0.082130    0.000061    1.979040 v _895_/D (gf180mcu_fd_sc_mcu7t5v0__dffq_1)
                                              1.979040   data arrival time

                                  0.000000    0.000000   clock system_clock (rise edge)
                                  0.000000    0.000000   clock source latency
     1    0.036579    0.000000    0.000000    0.000000 ^ CLK_I (in)
                                                         CLK_I (net)
                      0.003417    0.001398    0.001398 ^ clkbuf_0_CLK_I/I (gf180mcu_fd_sc_mcu7t5v0__clkbuf_16)
     8    0.208985    0.167533    0.209877    0.211275 ^ clkbuf_0_CLK_I/Z (gf180mcu_fd_sc_mcu7t5v0__clkbuf_16)
                                                         clknet_0_CLK_I (net)
                      0.167557    0.003014    0.214288 ^ clkbuf_3_1__f_CLK_I/I (gf180mcu_fd_sc_mcu7t5v0__clkbuf_16)
    12    0.063682    0.082281    0.184513    0.398801 ^ clkbuf_3_1__f_CLK_I/Z (gf180mcu_fd_sc_mcu7t5v0__clkbuf_16)
                                                         clknet_3_1__leaf_CLK_I (net)
                      0.082283    0.000675    0.399476 ^ _895_/CLK (gf180mcu_fd_sc_mcu7t5v0__dffq_1)
                                  0.500000    0.899476   clock uncertainty
                                  0.000000    0.899476   clock reconvergence pessimism
                                  0.062683    0.962159   library hold time
                                              0.962159   data required time
---------------------------------------------------------------------------------------------
                                              0.962159   data required time
                                             -1.979040   data arrival time
---------------------------------------------------------------------------------------------
                                              1.016881   slack (MET)


Startpoint: _890_ (rising edge-triggered flip-flop clocked by system_clock)
Endpoint: _894_ (rising edge-triggered flip-flop clocked by system_clock)
Path Group: system_clock
Path Type: min

Fanout         Cap        Slew       Delay        Time   Description
---------------------------------------------------------------------------------------------
                                  0.000000    0.000000   clock system_clock (rise edge)
                                  0.000000    0.000000   clock source latency
     1    0.036579    0.000000    0.000000    0.000000 ^ CLK_I (in)
                                                         CLK_I (net)
                      0.003417    0.001398    0.001398 ^ clkbuf_0_CLK_I/I (gf180mcu_fd_sc_mcu7t5v0__clkbuf_16)
     8    0.208985    0.167533    0.209877    0.211275 ^ clkbuf_0_CLK_I/Z (gf180mcu_fd_sc_mcu7t5v0__clkbuf_16)
                                                         clknet_0_CLK_I (net)
                      0.167557    0.003014    0.214288 ^ clkbuf_3_1__f_CLK_I/I (gf180mcu_fd_sc_mcu7t5v0__clkbuf_16)
    12    0.063682    0.082281    0.184513    0.398801 ^ clkbuf_3_1__f_CLK_I/Z (gf180mcu_fd_sc_mcu7t5v0__clkbuf_16)
                                                         clknet_3_1__leaf_CLK_I (net)
                      0.082282    0.000571    0.399372 ^ _890_/CLK (gf180mcu_fd_sc_mcu7t5v0__dffq_1)
     1    0.004368    0.070834    0.405709    0.805081 v _890_/Q (gf180mcu_fd_sc_mcu7t5v0__dffq_1)
                                                         wb_master_next_state[0] (net)
                      0.070834    0.000082    0.805163 v hold42/I (gf180mcu_fd_sc_mcu7t5v0__dlyc_1)
     1    0.004659    0.126851    0.976191    1.781354 v hold42/Z (gf180mcu_fd_sc_mcu7t5v0__dlyc_1)
                                                         net42 (net)
                      0.126851    0.000045    1.781399 v _418_/I (gf180mcu_fd_sc_mcu7t5v0__clkinv_1)
     2    0.013876    0.179444    0.139448    1.920847 ^ _418_/ZN (gf180mcu_fd_sc_mcu7t5v0__clkinv_1)
                                                         _091_ (net)
                      0.179444    0.000105    1.920951 ^ _596_/A1 (gf180mcu_fd_sc_mcu7t5v0__nor2_1)
     1    0.003335    0.085361    0.068521    1.989472 v _596_/ZN (gf180mcu_fd_sc_mcu7t5v0__nor2_1)
                                                         _028_ (net)
                      0.085361    0.000034    1.989507 v _894_/D (gf180mcu_fd_sc_mcu7t5v0__dffq_1)
                                              1.989507   data arrival time

                                  0.000000    0.000000   clock system_clock (rise edge)
                                  0.000000    0.000000   clock source latency
     1    0.036579    0.000000    0.000000    0.000000 ^ CLK_I (in)
                                                         CLK_I (net)
                      0.003417    0.001398    0.001398 ^ clkbuf_0_CLK_I/I (gf180mcu_fd_sc_mcu7t5v0__clkbuf_16)
     8    0.208985    0.167533    0.209877    0.211275 ^ clkbuf_0_CLK_I/Z (gf180mcu_fd_sc_mcu7t5v0__clkbuf_16)
                                                         clknet_0_CLK_I (net)
                      0.167559    0.003085    0.214359 ^ clkbuf_3_4__f_CLK_I/I (gf180mcu_fd_sc_mcu7t5v0__clkbuf_16)
    10    0.071140    0.086358    0.187504    0.401863 ^ clkbuf_3_4__f_CLK_I/Z (gf180mcu_fd_sc_mcu7t5v0__clkbuf_16)
                                                         clknet_3_4__leaf_CLK_I (net)
                      0.086364    0.001278    0.403141 ^ _894_/CLK (gf180mcu_fd_sc_mcu7t5v0__dffq_1)
                                  0.500000    0.903141   clock uncertainty
                                  0.000000    0.903141   clock reconvergence pessimism
                                  0.062594    0.965735   library hold time
                                              0.965735   data required time
---------------------------------------------------------------------------------------------
                                              0.965735   data required time
                                             -1.989507   data arrival time
---------------------------------------------------------------------------------------------
                                              1.023772   slack (MET)


Startpoint: _831_ (rising edge-triggered flip-flop clocked by system_clock)
Endpoint: _844_ (rising edge-triggered flip-flop clocked by system_clock)
Path Group: system_clock
Path Type: min

Fanout         Cap        Slew       Delay        Time   Description
---------------------------------------------------------------------------------------------
                                  0.000000    0.000000   clock system_clock (rise edge)
                                  0.000000    0.000000   clock source latency
     1    0.036579    0.000000    0.000000    0.000000 ^ CLK_I (in)
                                                         CLK_I (net)
                      0.003417    0.001398    0.001398 ^ clkbuf_0_CLK_I/I (gf180mcu_fd_sc_mcu7t5v0__clkbuf_16)
     8    0.208985    0.167533    0.209877    0.211275 ^ clkbuf_0_CLK_I/Z (gf180mcu_fd_sc_mcu7t5v0__clkbuf_16)
                                                         clknet_0_CLK_I (net)
                      0.167582    0.003747    0.215022 ^ clkbuf_3_0__f_CLK_I/I (gf180mcu_fd_sc_mcu7t5v0__clkbuf_16)
     9    0.058017    0.079128    0.182017    0.397039 ^ clkbuf_3_0__f_CLK_I/Z (gf180mcu_fd_sc_mcu7t5v0__clkbuf_16)
                                                         clknet_3_0__leaf_CLK_I (net)
                      0.079130    0.000748    0.397787 ^ _831_/CLK (gf180mcu_fd_sc_mcu7t5v0__dffq_1)
     1    0.003191    0.077849    0.438499    0.836286 ^ _831_/Q (gf180mcu_fd_sc_mcu7t5v0__dffq_1)
                                                         i2c_next_state[0] (net)
                      0.077849    0.000031    0.836317 ^ hold45/I (gf180mcu_fd_sc_mcu7t5v0__dlyc_1)
     2    0.010885    0.162176    0.953616    1.789932 ^ hold45/Z (gf180mcu_fd_sc_mcu7t5v0__dlyc_1)
                                                         net45 (net)
                      0.162176    0.000143    1.790076 ^ _771_/A2 (gf180mcu_fd_sc_mcu7t5v0__and2_1)
     1    0.004205    0.091402    0.178888    1.968964 ^ _771_/Z (gf180mcu_fd_sc_mcu7t5v0__and2_1)
                                                         _057_ (net)
                      0.091402    0.000080    1.969044 ^ _844_/D (gf180mcu_fd_sc_mcu7t5v0__dffq_1)
                                              1.969044   data arrival time

                                  0.000000    0.000000   clock system_clock (rise edge)
                                  0.000000    0.000000   clock source latency
     1    0.036579    0.000000    0.000000    0.000000 ^ CLK_I (in)
                                                         CLK_I (net)
                      0.003417    0.001398    0.001398 ^ clkbuf_0_CLK_I/I (gf180mcu_fd_sc_mcu7t5v0__clkbuf_16)
     8    0.208985    0.167533    0.209877    0.211275 ^ clkbuf_0_CLK_I/Z (gf180mcu_fd_sc_mcu7t5v0__clkbuf_16)
                                                         clknet_0_CLK_I (net)
                      0.167582    0.003747    0.215022 ^ clkbuf_3_0__f_CLK_I/I (gf180mcu_fd_sc_mcu7t5v0__clkbuf_16)
     9    0.058017    0.079128    0.182017    0.397039 ^ clkbuf_3_0__f_CLK_I/Z (gf180mcu_fd_sc_mcu7t5v0__clkbuf_16)
                                                         clknet_3_0__leaf_CLK_I (net)
                      0.079130    0.000762    0.397801 ^ _844_/CLK (gf180mcu_fd_sc_mcu7t5v0__dffq_1)
                                  0.500000    0.897801   clock uncertainty
                                  0.000000    0.897801   clock reconvergence pessimism
                                  0.033378    0.931178   library hold time
                                              0.931178   data required time
---------------------------------------------------------------------------------------------
                                              0.931178   data required time
                                             -1.969044   data arrival time
---------------------------------------------------------------------------------------------
                                              1.037866   slack (MET)


Startpoint: _830_ (rising edge-triggered flip-flop clocked by system_clock)
Endpoint: _845_ (rising edge-triggered flip-flop clocked by system_clock)
Path Group: system_clock
Path Type: min

Fanout         Cap        Slew       Delay        Time   Description
---------------------------------------------------------------------------------------------
                                  0.000000    0.000000   clock system_clock (rise edge)
                                  0.000000    0.000000   clock source latency
     1    0.036579    0.000000    0.000000    0.000000 ^ CLK_I (in)
                                                         CLK_I (net)
                      0.003417    0.001398    0.001398 ^ clkbuf_0_CLK_I/I (gf180mcu_fd_sc_mcu7t5v0__clkbuf_16)
     8    0.208985    0.167533    0.209877    0.211275 ^ clkbuf_0_CLK_I/Z (gf180mcu_fd_sc_mcu7t5v0__clkbuf_16)
                                                         clknet_0_CLK_I (net)
                      0.167582    0.003747    0.215022 ^ clkbuf_3_0__f_CLK_I/I (gf180mcu_fd_sc_mcu7t5v0__clkbuf_16)
     9    0.058017    0.079128    0.182017    0.397039 ^ clkbuf_3_0__f_CLK_I/Z (gf180mcu_fd_sc_mcu7t5v0__clkbuf_16)
                                                         clknet_3_0__leaf_CLK_I (net)
                      0.079132    0.001026    0.398065 ^ _830_/CLK (gf180mcu_fd_sc_mcu7t5v0__dffq_1)
     1    0.005619    0.077791    0.411628    0.809693 v _830_/Q (gf180mcu_fd_sc_mcu7t5v0__dffq_1)
                                                         i2c_next_state[1] (net)
                      0.077791    0.000121    0.809814 v hold41/I (gf180mcu_fd_sc_mcu7t5v0__dlyc_1)
     1    0.006837    0.142153    0.994249    1.804063 v hold41/Z (gf180mcu_fd_sc_mcu7t5v0__dlyc_1)
                                                         net41 (net)
                      0.142154    0.000145    1.804208 v _415_/I (gf180mcu_fd_sc_mcu7t5v0__clkinv_1)
     2    0.011887    0.161859    0.131060    1.935268 ^ _415_/ZN (gf180mcu_fd_sc_mcu7t5v0__clkinv_1)
                                                         _088_ (net)
                      0.161859    0.000215    1.935483 ^ _772_/A1 (gf180mcu_fd_sc_mcu7t5v0__nor2_1)
     1    0.003004    0.078778    0.064821    2.000304 v _772_/ZN (gf180mcu_fd_sc_mcu7t5v0__nor2_1)
                                                         _058_ (net)
                      0.078778    0.000029    2.000333 v _845_/D (gf180mcu_fd_sc_mcu7t5v0__dffq_1)
                                              2.000333   data arrival time

                                  0.000000    0.000000   clock system_clock (rise edge)
                                  0.000000    0.000000   clock source latency
     1    0.036579    0.000000    0.000000    0.000000 ^ CLK_I (in)
                                                         CLK_I (net)
                      0.003417    0.001398    0.001398 ^ clkbuf_0_CLK_I/I (gf180mcu_fd_sc_mcu7t5v0__clkbuf_16)
     8    0.208985    0.167533    0.209877    0.211275 ^ clkbuf_0_CLK_I/Z (gf180mcu_fd_sc_mcu7t5v0__clkbuf_16)
                                                         clknet_0_CLK_I (net)
                      0.167582    0.003747    0.215022 ^ clkbuf_3_0__f_CLK_I/I (gf180mcu_fd_sc_mcu7t5v0__clkbuf_16)
     9    0.058017    0.079128    0.182017    0.397039 ^ clkbuf_3_0__f_CLK_I/Z (gf180mcu_fd_sc_mcu7t5v0__clkbuf_16)
                                                         clknet_3_0__leaf_CLK_I (net)
                      0.079132    0.001023    0.398062 ^ _845_/CLK (gf180mcu_fd_sc_mcu7t5v0__dffq_1)
                                  0.500000    0.898062   clock uncertainty
                                  0.000000    0.898062   clock reconvergence pessimism
                                  0.062939    0.961001   library hold time
                                              0.961001   data required time
---------------------------------------------------------------------------------------------
                                              0.961001   data required time
                                             -2.000333   data arrival time
---------------------------------------------------------------------------------------------
                                              1.039332   slack (MET)


Startpoint: _893_ (rising edge-triggered flip-flop clocked by system_clock)
Endpoint: _865_ (rising edge-triggered flip-flop clocked by system_clock)
Path Group: system_clock
Path Type: min

Fanout         Cap        Slew       Delay        Time   Description
---------------------------------------------------------------------------------------------
                                  0.000000    0.000000   clock system_clock (rise edge)
                                  0.000000    0.000000   clock source latency
     1    0.036579    0.000000    0.000000    0.000000 ^ CLK_I (in)
                                                         CLK_I (net)
                      0.003417    0.001398    0.001398 ^ clkbuf_0_CLK_I/I (gf180mcu_fd_sc_mcu7t5v0__clkbuf_16)
     8    0.208985    0.167533    0.209877    0.211275 ^ clkbuf_0_CLK_I/Z (gf180mcu_fd_sc_mcu7t5v0__clkbuf_16)
                                                         clknet_0_CLK_I (net)
                      0.167554    0.002825    0.214099 ^ clkbuf_3_5__f_CLK_I/I (gf180mcu_fd_sc_mcu7t5v0__clkbuf_16)
    11    0.066350    0.083759    0.185653    0.399752 ^ clkbuf_3_5__f_CLK_I/Z (gf180mcu_fd_sc_mcu7t5v0__clkbuf_16)
                                                         clknet_3_5__leaf_CLK_I (net)
                      0.083759    0.000341    0.400093 ^ _893_/CLK (gf180mcu_fd_sc_mcu7t5v0__dffq_1)
     5    0.030401    0.354249    0.606923    1.007016 ^ _893_/Q (gf180mcu_fd_sc_mcu7t5v0__dffq_1)
                                                         wb_master_subroutine_iteration[1] (net)
                      0.354249    0.000192    1.007207 ^ _792_/A3 (gf180mcu_fd_sc_mcu7t5v0__nor3_1)
     9    0.068650    0.796993    0.573059    1.580267 v _792_/ZN (gf180mcu_fd_sc_mcu7t5v0__nor3_1)
                                                         _395_ (net)
                      0.797034    0.003211    1.583477 v _811_/B (gf180mcu_fd_sc_mcu7t5v0__aoi21_1)
     1    0.006374    0.198541    0.261845    1.845322 ^ _811_/ZN (gf180mcu_fd_sc_mcu7t5v0__aoi21_1)
                                                         _405_ (net)
                      0.198541    0.000131    1.845453 ^ _812_/A2 (gf180mcu_fd_sc_mcu7t5v0__nor2_1)
     1    0.011378    0.168574    0.140392    1.985845 v _812_/ZN (gf180mcu_fd_sc_mcu7t5v0__nor2_1)
                                                         _078_ (net)
                      0.168574    0.000345    1.986189 v _865_/D (gf180mcu_fd_sc_mcu7t5v0__dffq_1)
                                              1.986189   data arrival time

                                  0.000000    0.000000   clock system_clock (rise edge)
                                  0.000000    0.000000   clock source latency
     1    0.036579    0.000000    0.000000    0.000000 ^ CLK_I (in)
                                                         CLK_I (net)
                      0.003417    0.001398    0.001398 ^ clkbuf_0_CLK_I/I (gf180mcu_fd_sc_mcu7t5v0__clkbuf_16)
     8    0.208985    0.167533    0.209877    0.211275 ^ clkbuf_0_CLK_I/Z (gf180mcu_fd_sc_mcu7t5v0__clkbuf_16)
                                                         clknet_0_CLK_I (net)
                      0.167658    0.004964    0.216238 ^ clkbuf_3_7__f_CLK_I/I (gf180mcu_fd_sc_mcu7t5v0__clkbuf_16)
    13    0.062541    0.081634    0.183976    0.400214 ^ clkbuf_3_7__f_CLK_I/Z (gf180mcu_fd_sc_mcu7t5v0__clkbuf_16)
                                                         clknet_3_7__leaf_CLK_I (net)
                      0.081638    0.000966    0.401180 ^ _865_/CLK (gf180mcu_fd_sc_mcu7t5v0__dffq_1)
                                  0.500000    0.901180   clock uncertainty
                                  0.000000    0.901180   clock reconvergence pessimism
                                  0.037269    0.938449   library hold time
                                              0.938449   data required time
---------------------------------------------------------------------------------------------
                                              0.938449   data required time
                                             -1.986189   data arrival time
---------------------------------------------------------------------------------------------
                                              1.047741   slack (MET)


Startpoint: i2c_scl_in (input port clocked by system_clock)
Endpoint: _898_ (rising edge-triggered flip-flop clocked by system_clock)
Path Group: system_clock
Path Type: min

Fanout         Cap        Slew       Delay        Time   Description
---------------------------------------------------------------------------------------------
                                  0.000000    0.000000   clock system_clock (rise edge)
                                  0.000000    0.000000   clock network delay (propagated)
                                 20.000000   20.000000 ^ input external delay
     1    0.004503    0.000000    0.000000   20.000000 ^ i2c_scl_in (in)
                                                         i2c_scl_in (net)
                      0.000090    0.000037   20.000038 ^ input11/I (gf180mcu_fd_sc_mcu7t5v0__dlyb_1)
     1    0.003387    0.089847    0.501579   20.501617 ^ input11/Z (gf180mcu_fd_sc_mcu7t5v0__dlyb_1)
                                                         net11 (net)
                      0.089847    0.000060   20.501677 ^ _898_/D (gf180mcu_fd_sc_mcu7t5v0__dffq_1)
                                             20.501677   data arrival time

                                  0.000000    0.000000   clock system_clock (rise edge)
                                  0.000000    0.000000   clock source latency
     1    0.036579    0.000000    0.000000    0.000000 ^ CLK_I (in)
                                                         CLK_I (net)
                      0.003417    0.001398    0.001398 ^ clkbuf_0_CLK_I/I (gf180mcu_fd_sc_mcu7t5v0__clkbuf_16)
     8    0.208985    0.167533    0.209877    0.211275 ^ clkbuf_0_CLK_I/Z (gf180mcu_fd_sc_mcu7t5v0__clkbuf_16)
                                                         clknet_0_CLK_I (net)
                      0.167587    0.003837    0.215112 ^ clkbuf_3_2__f_CLK_I/I (gf180mcu_fd_sc_mcu7t5v0__clkbuf_16)
    14    0.060187    0.080307    0.182842    0.397954 ^ clkbuf_3_2__f_CLK_I/Z (gf180mcu_fd_sc_mcu7t5v0__clkbuf_16)
                                                         clknet_3_2__leaf_CLK_I (net)
                      0.080309    0.000806    0.398760 ^ _898_/CLK (gf180mcu_fd_sc_mcu7t5v0__dffq_1)
                                  0.500000    0.898760   clock uncertainty
                                  0.000000    0.898760   clock reconvergence pessimism
                                  0.033600    0.932360   library hold time
                                              0.932360   data required time
---------------------------------------------------------------------------------------------
                                              0.932360   data required time
                                            -20.501677   data arrival time
---------------------------------------------------------------------------------------------
                                             19.569317   slack (MET)


Startpoint: i2c_sda_in (input port clocked by system_clock)
Endpoint: _900_ (rising edge-triggered flip-flop clocked by system_clock)
Path Group: system_clock
Path Type: min

Fanout         Cap        Slew       Delay        Time   Description
---------------------------------------------------------------------------------------------
                                  0.000000    0.000000   clock system_clock (rise edge)
                                  0.000000    0.000000   clock network delay (propagated)
                                 20.000000   20.000000 ^ input external delay
     1    0.003724    0.000000    0.000000   20.000000 ^ i2c_sda_in (in)
                                                         i2c_sda_in (net)
                      0.000067    0.000027   20.000027 ^ input12/I (gf180mcu_fd_sc_mcu7t5v0__dlyb_1)
     1    0.003791    0.093583    0.504276   20.504303 ^ input12/Z (gf180mcu_fd_sc_mcu7t5v0__dlyb_1)
                                                         net12 (net)
                      0.093583    0.000041   20.504343 ^ _900_/D (gf180mcu_fd_sc_mcu7t5v0__dffq_1)
                                             20.504343   data arrival time

                                  0.000000    0.000000   clock system_clock (rise edge)
                                  0.000000    0.000000   clock source latency
     1    0.036579    0.000000    0.000000    0.000000 ^ CLK_I (in)
                                                         CLK_I (net)
                      0.003417    0.001398    0.001398 ^ clkbuf_0_CLK_I/I (gf180mcu_fd_sc_mcu7t5v0__clkbuf_16)
     8    0.208985    0.167533    0.209877    0.211275 ^ clkbuf_0_CLK_I/Z (gf180mcu_fd_sc_mcu7t5v0__clkbuf_16)
                                                         clknet_0_CLK_I (net)
                      0.167582    0.003747    0.215022 ^ clkbuf_3_0__f_CLK_I/I (gf180mcu_fd_sc_mcu7t5v0__clkbuf_16)
     9    0.058017    0.079128    0.182017    0.397039 ^ clkbuf_3_0__f_CLK_I/Z (gf180mcu_fd_sc_mcu7t5v0__clkbuf_16)
                                                         clknet_3_0__leaf_CLK_I (net)
                      0.079132    0.001043    0.398082 ^ _900_/CLK (gf180mcu_fd_sc_mcu7t5v0__dffq_1)
                                  0.500000    0.898082   clock uncertainty
                                  0.000000    0.898082   clock reconvergence pessimism
                                  0.033236    0.931318   library hold time
                                              0.931318   data required time
---------------------------------------------------------------------------------------------
                                              0.931318   data required time
                                            -20.504343   data arrival time
---------------------------------------------------------------------------------------------
                                             19.573027   slack (MET)


Startpoint: _856_ (rising edge-triggered flip-flop clocked by system_clock)
Endpoint: DAT_O[0] (output port clocked by system_clock)
Path Group: system_clock
Path Type: min

Fanout         Cap        Slew       Delay        Time   Description
---------------------------------------------------------------------------------------------
                                  0.000000    0.000000   clock system_clock (rise edge)
                                  0.000000    0.000000   clock source latency
     1    0.036579    0.000000    0.000000    0.000000 ^ CLK_I (in)
                                                         CLK_I (net)
                      0.003417    0.001398    0.001398 ^ clkbuf_0_CLK_I/I (gf180mcu_fd_sc_mcu7t5v0__clkbuf_16)
     8    0.208985    0.167533    0.209877    0.211275 ^ clkbuf_0_CLK_I/Z (gf180mcu_fd_sc_mcu7t5v0__clkbuf_16)
                                                         clknet_0_CLK_I (net)
                      0.167554    0.002825    0.214099 ^ clkbuf_3_5__f_CLK_I/I (gf180mcu_fd_sc_mcu7t5v0__clkbuf_16)
    11    0.066350    0.083759    0.185653    0.399752 ^ clkbuf_3_5__f_CLK_I/Z (gf180mcu_fd_sc_mcu7t5v0__clkbuf_16)
                                                         clknet_3_5__leaf_CLK_I (net)
                      0.083759    0.000467    0.400219 ^ _856_/CLK (gf180mcu_fd_sc_mcu7t5v0__dffq_1)
     2    0.007044    0.113809    0.463571    0.863791 ^ _856_/Q (gf180mcu_fd_sc_mcu7t5v0__dffq_1)
                                                         net22 (net)
                      0.113809    0.000049    0.863840 ^ output22/I (gf180mcu_fd_sc_mcu7t5v0__dlyb_1)
     1    0.000671    0.064752    0.497354    1.361194 ^ output22/Z (gf180mcu_fd_sc_mcu7t5v0__dlyb_1)
                                                         DAT_O[0] (net)
                      0.064752    0.000004    1.361198 ^ DAT_O[0] (out)
                                              1.361198   data arrival time

                                  0.000000    0.000000   clock system_clock (rise edge)
                                  0.000000    0.000000   clock network delay (propagated)
                                  0.500000    0.500000   clock uncertainty
                                  0.000000    0.500000   clock reconvergence pessimism
                                -20.000000  -19.500000   output external delay
                                            -19.500000   data required time
---------------------------------------------------------------------------------------------
                                            -19.500000   data required time
                                             -1.361198   data arrival time
---------------------------------------------------------------------------------------------
                                             20.861198   slack (MET)


Startpoint: _857_ (rising edge-triggered flip-flop clocked by system_clock)
Endpoint: DAT_O[1] (output port clocked by system_clock)
Path Group: system_clock
Path Type: min

Fanout         Cap        Slew       Delay        Time   Description
---------------------------------------------------------------------------------------------
                                  0.000000    0.000000   clock system_clock (rise edge)
                                  0.000000    0.000000   clock source latency
     1    0.036579    0.000000    0.000000    0.000000 ^ CLK_I (in)
                                                         CLK_I (net)
                      0.003417    0.001398    0.001398 ^ clkbuf_0_CLK_I/I (gf180mcu_fd_sc_mcu7t5v0__clkbuf_16)
     8    0.208985    0.167533    0.209877    0.211275 ^ clkbuf_0_CLK_I/Z (gf180mcu_fd_sc_mcu7t5v0__clkbuf_16)
                                                         clknet_0_CLK_I (net)
                      0.167658    0.004964    0.216238 ^ clkbuf_3_7__f_CLK_I/I (gf180mcu_fd_sc_mcu7t5v0__clkbuf_16)
    13    0.062541    0.081634    0.183976    0.400214 ^ clkbuf_3_7__f_CLK_I/Z (gf180mcu_fd_sc_mcu7t5v0__clkbuf_16)
                                                         clknet_3_7__leaf_CLK_I (net)
                      0.081635    0.000404    0.400618 ^ _857_/CLK (gf180mcu_fd_sc_mcu7t5v0__dffq_1)
     2    0.007156    0.114857    0.463884    0.864502 ^ _857_/Q (gf180mcu_fd_sc_mcu7t5v0__dffq_1)
                                                         net23 (net)
                      0.114857    0.000086    0.864589 ^ output23/I (gf180mcu_fd_sc_mcu7t5v0__dlyb_1)
     1    0.001117    0.068969    0.500881    1.365469 ^ output23/Z (gf180mcu_fd_sc_mcu7t5v0__dlyb_1)
                                                         DAT_O[1] (net)
                      0.068969    0.000009    1.365478 ^ DAT_O[1] (out)
                                              1.365478   data arrival time

                                  0.000000    0.000000   clock system_clock (rise edge)
                                  0.000000    0.000000   clock network delay (propagated)
                                  0.500000    0.500000   clock uncertainty
                                  0.000000    0.500000   clock reconvergence pessimism
                                -20.000000  -19.500000   output external delay
                                            -19.500000   data required time
---------------------------------------------------------------------------------------------
                                            -19.500000   data required time
                                             -1.365478   data arrival time
---------------------------------------------------------------------------------------------
                                             20.865479   slack (MET)


Startpoint: _858_ (rising edge-triggered flip-flop clocked by system_clock)
Endpoint: DAT_O[2] (output port clocked by system_clock)
Path Group: system_clock
Path Type: min

Fanout         Cap        Slew       Delay        Time   Description
---------------------------------------------------------------------------------------------
                                  0.000000    0.000000   clock system_clock (rise edge)
                                  0.000000    0.000000   clock source latency
     1    0.036579    0.000000    0.000000    0.000000 ^ CLK_I (in)
                                                         CLK_I (net)
                      0.003417    0.001398    0.001398 ^ clkbuf_0_CLK_I/I (gf180mcu_fd_sc_mcu7t5v0__clkbuf_16)
     8    0.208985    0.167533    0.209877    0.211275 ^ clkbuf_0_CLK_I/Z (gf180mcu_fd_sc_mcu7t5v0__clkbuf_16)
                                                         clknet_0_CLK_I (net)
                      0.167658    0.004964    0.216238 ^ clkbuf_3_7__f_CLK_I/I (gf180mcu_fd_sc_mcu7t5v0__clkbuf_16)
    13    0.062541    0.081634    0.183976    0.400214 ^ clkbuf_3_7__f_CLK_I/Z (gf180mcu_fd_sc_mcu7t5v0__clkbuf_16)
                                                         clknet_3_7__leaf_CLK_I (net)
                      0.081635    0.000367    0.400581 ^ _858_/CLK (gf180mcu_fd_sc_mcu7t5v0__dffq_1)
     2    0.008421    0.126952    0.471755    0.872335 ^ _858_/Q (gf180mcu_fd_sc_mcu7t5v0__dffq_1)
                                                         net24 (net)
                      0.126952    0.000145    0.872481 ^ output24/I (gf180mcu_fd_sc_mcu7t5v0__dlyb_1)
     1    0.001203    0.069788    0.502602    1.375082 ^ output24/Z (gf180mcu_fd_sc_mcu7t5v0__dlyb_1)
                                                         DAT_O[2] (net)
                      0.069788    0.000008    1.375091 ^ DAT_O[2] (out)
                                              1.375091   data arrival time

                                  0.000000    0.000000   clock system_clock (rise edge)
                                  0.000000    0.000000   clock network delay (propagated)
                                  0.500000    0.500000   clock uncertainty
                                  0.000000    0.500000   clock reconvergence pessimism
                                -20.000000  -19.500000   output external delay
                                            -19.500000   data required time
---------------------------------------------------------------------------------------------
                                            -19.500000   data required time
                                             -1.375091   data arrival time
---------------------------------------------------------------------------------------------
                                             20.875092   slack (MET)


Startpoint: _848_ (rising edge-triggered flip-flop clocked by system_clock)
Endpoint: ADDR_O[0] (output port clocked by system_clock)
Path Group: system_clock
Path Type: min

Fanout         Cap        Slew       Delay        Time   Description
---------------------------------------------------------------------------------------------
                                  0.000000    0.000000   clock system_clock (rise edge)
                                  0.000000    0.000000   clock source latency
     1    0.036579    0.000000    0.000000    0.000000 ^ CLK_I (in)
                                                         CLK_I (net)
                      0.003417    0.001398    0.001398 ^ clkbuf_0_CLK_I/I (gf180mcu_fd_sc_mcu7t5v0__clkbuf_16)
     8    0.208985    0.167533    0.209877    0.211275 ^ clkbuf_0_CLK_I/Z (gf180mcu_fd_sc_mcu7t5v0__clkbuf_16)
                                                         clknet_0_CLK_I (net)
                      0.167559    0.003085    0.214359 ^ clkbuf_3_4__f_CLK_I/I (gf180mcu_fd_sc_mcu7t5v0__clkbuf_16)
    10    0.071140    0.086358    0.187504    0.401863 ^ clkbuf_3_4__f_CLK_I/Z (gf180mcu_fd_sc_mcu7t5v0__clkbuf_16)
                                                         clknet_3_4__leaf_CLK_I (net)
                      0.086362    0.001080    0.402943 ^ _848_/CLK (gf180mcu_fd_sc_mcu7t5v0__dffq_1)
     2    0.006250    0.106384    0.459043    0.861985 ^ _848_/Q (gf180mcu_fd_sc_mcu7t5v0__dffq_1)
                                                         net13 (net)
                      0.106384    0.000103    0.862088 ^ output13/I (gf180mcu_fd_sc_mcu7t5v0__dlyb_1)
     1    0.002946    0.085858    0.513874    1.375962 ^ output13/Z (gf180mcu_fd_sc_mcu7t5v0__dlyb_1)
                                                         ADDR_O[0] (net)
                      0.085858    0.000032    1.375994 ^ ADDR_O[0] (out)
                                              1.375994   data arrival time

                                  0.000000    0.000000   clock system_clock (rise edge)
                                  0.000000    0.000000   clock network delay (propagated)
                                  0.500000    0.500000   clock uncertainty
                                  0.000000    0.500000   clock reconvergence pessimism
                                -20.000000  -19.500000   output external delay
                                            -19.500000   data required time
---------------------------------------------------------------------------------------------
                                            -19.500000   data required time
                                             -1.375994   data arrival time
---------------------------------------------------------------------------------------------
                                             20.875996   slack (MET)


Startpoint: _865_ (rising edge-triggered flip-flop clocked by system_clock)
Endpoint: WE_O (output port clocked by system_clock)
Path Group: system_clock
Path Type: min

Fanout         Cap        Slew       Delay        Time   Description
---------------------------------------------------------------------------------------------
                                  0.000000    0.000000   clock system_clock (rise edge)
                                  0.000000    0.000000   clock source latency
     1    0.036579    0.000000    0.000000    0.000000 ^ CLK_I (in)
                                                         CLK_I (net)
                      0.003417    0.001398    0.001398 ^ clkbuf_0_CLK_I/I (gf180mcu_fd_sc_mcu7t5v0__clkbuf_16)
     8    0.208985    0.167533    0.209877    0.211275 ^ clkbuf_0_CLK_I/Z (gf180mcu_fd_sc_mcu7t5v0__clkbuf_16)
                                                         clknet_0_CLK_I (net)
                      0.167658    0.004964    0.216238 ^ clkbuf_3_7__f_CLK_I/I (gf180mcu_fd_sc_mcu7t5v0__clkbuf_16)
    13    0.062541    0.081634    0.183976    0.400214 ^ clkbuf_3_7__f_CLK_I/Z (gf180mcu_fd_sc_mcu7t5v0__clkbuf_16)
                                                         clknet_3_7__leaf_CLK_I (net)
                      0.081638    0.000966    0.401180 ^ _865_/CLK (gf180mcu_fd_sc_mcu7t5v0__dffq_1)
     2    0.008845    0.131290    0.474353    0.875533 ^ _865_/Q (gf180mcu_fd_sc_mcu7t5v0__dffq_1)
                                                         net31 (net)
                      0.131290    0.000128    0.875661 ^ output31/I (gf180mcu_fd_sc_mcu7t5v0__dlyb_1)
     1    0.001110    0.068929    0.502273    1.377934 ^ output31/Z (gf180mcu_fd_sc_mcu7t5v0__dlyb_1)
                                                         WE_O (net)
                      0.068929    0.000008    1.377942 ^ WE_O (out)
                                              1.377942   data arrival time

                                  0.000000    0.000000   clock system_clock (rise edge)
                                  0.000000    0.000000   clock network delay (propagated)
                                  0.500000    0.500000   clock uncertainty
                                  0.000000    0.500000   clock reconvergence pessimism
                                -20.000000  -19.500000   output external delay
                                            -19.500000   data required time
---------------------------------------------------------------------------------------------
                                            -19.500000   data required time
                                             -1.377942   data arrival time
---------------------------------------------------------------------------------------------
                                             20.877941   slack (MET)


Startpoint: _859_ (rising edge-triggered flip-flop clocked by system_clock)
Endpoint: DAT_O[3] (output port clocked by system_clock)
Path Group: system_clock
Path Type: min

Fanout         Cap        Slew       Delay        Time   Description
---------------------------------------------------------------------------------------------
                                  0.000000    0.000000   clock system_clock (rise edge)
                                  0.000000    0.000000   clock source latency
     1    0.036579    0.000000    0.000000    0.000000 ^ CLK_I (in)
                                                         CLK_I (net)
                      0.003417    0.001398    0.001398 ^ clkbuf_0_CLK_I/I (gf180mcu_fd_sc_mcu7t5v0__clkbuf_16)
     8    0.208985    0.167533    0.209877    0.211275 ^ clkbuf_0_CLK_I/Z (gf180mcu_fd_sc_mcu7t5v0__clkbuf_16)
                                                         clknet_0_CLK_I (net)
                      0.167658    0.004964    0.216238 ^ clkbuf_3_7__f_CLK_I/I (gf180mcu_fd_sc_mcu7t5v0__clkbuf_16)
    13    0.062541    0.081634    0.183976    0.400214 ^ clkbuf_3_7__f_CLK_I/Z (gf180mcu_fd_sc_mcu7t5v0__clkbuf_16)
                                                         clknet_3_7__leaf_CLK_I (net)
                      0.081635    0.000344    0.400558 ^ _859_/CLK (gf180mcu_fd_sc_mcu7t5v0__dffq_1)
     2    0.010132    0.144412    0.482172    0.882730 ^ _859_/Q (gf180mcu_fd_sc_mcu7t5v0__dffq_1)
                                                         net25 (net)
                      0.144412    0.000142    0.882873 ^ output25/I (gf180mcu_fd_sc_mcu7t5v0__dlyb_1)
     1    0.001615    0.073644    0.507297    1.390170 ^ output25/Z (gf180mcu_fd_sc_mcu7t5v0__dlyb_1)
                                                         DAT_O[3] (net)
                      0.073644    0.000013    1.390183 ^ DAT_O[3] (out)
                                              1.390183   data arrival time

                                  0.000000    0.000000   clock system_clock (rise edge)
                                  0.000000    0.000000   clock network delay (propagated)
                                  0.500000    0.500000   clock uncertainty
                                  0.000000    0.500000   clock reconvergence pessimism
                                -20.000000  -19.500000   output external delay
                                            -19.500000   data required time
---------------------------------------------------------------------------------------------
                                            -19.500000   data required time
                                             -1.390183   data arrival time
---------------------------------------------------------------------------------------------
                                             20.890182   slack (MET)


Startpoint: _861_ (rising edge-triggered flip-flop clocked by system_clock)
Endpoint: DAT_O[5] (output port clocked by system_clock)
Path Group: system_clock
Path Type: min

Fanout         Cap        Slew       Delay        Time   Description
---------------------------------------------------------------------------------------------
                                  0.000000    0.000000   clock system_clock (rise edge)
                                  0.000000    0.000000   clock source latency
     1    0.036579    0.000000    0.000000    0.000000 ^ CLK_I (in)
                                                         CLK_I (net)
                      0.003417    0.001398    0.001398 ^ clkbuf_0_CLK_I/I (gf180mcu_fd_sc_mcu7t5v0__clkbuf_16)
     8    0.208985    0.167533    0.209877    0.211275 ^ clkbuf_0_CLK_I/Z (gf180mcu_fd_sc_mcu7t5v0__clkbuf_16)
                                                         clknet_0_CLK_I (net)
                      0.167658    0.004964    0.216238 ^ clkbuf_3_7__f_CLK_I/I (gf180mcu_fd_sc_mcu7t5v0__clkbuf_16)
    13    0.062541    0.081634    0.183976    0.400214 ^ clkbuf_3_7__f_CLK_I/Z (gf180mcu_fd_sc_mcu7t5v0__clkbuf_16)
                                                         clknet_3_7__leaf_CLK_I (net)
                      0.081637    0.000803    0.401017 ^ _861_/CLK (gf180mcu_fd_sc_mcu7t5v0__dffq_1)
     2    0.008914    0.131990    0.474767    0.875784 ^ _861_/Q (gf180mcu_fd_sc_mcu7t5v0__dffq_1)
                                                         net27 (net)
                      0.131990    0.000150    0.875934 ^ output27/I (gf180mcu_fd_sc_mcu7t5v0__dlyb_1)
     1    0.002795    0.084552    0.515089    1.391023 ^ output27/Z (gf180mcu_fd_sc_mcu7t5v0__dlyb_1)
                                                         DAT_O[5] (net)
                      0.084552    0.000033    1.391057 ^ DAT_O[5] (out)
                                              1.391057   data arrival time

                                  0.000000    0.000000   clock system_clock (rise edge)
                                  0.000000    0.000000   clock network delay (propagated)
                                  0.500000    0.500000   clock uncertainty
                                  0.000000    0.500000   clock reconvergence pessimism
                                -20.000000  -19.500000   output external delay
                                            -19.500000   data required time
---------------------------------------------------------------------------------------------
                                            -19.500000   data required time
                                             -1.391057   data arrival time
---------------------------------------------------------------------------------------------
                                             20.891056   slack (MET)


Startpoint: _853_ (rising edge-triggered flip-flop clocked by system_clock)
Endpoint: ADDR_O[5] (output port clocked by system_clock)
Path Group: system_clock
Path Type: min

Fanout         Cap        Slew       Delay        Time   Description
---------------------------------------------------------------------------------------------
                                  0.000000    0.000000   clock system_clock (rise edge)
                                  0.000000    0.000000   clock source latency
     1    0.036579    0.000000    0.000000    0.000000 ^ CLK_I (in)
                                                         CLK_I (net)
                      0.003417    0.001398    0.001398 ^ clkbuf_0_CLK_I/I (gf180mcu_fd_sc_mcu7t5v0__clkbuf_16)
     8    0.208985    0.167533    0.209877    0.211275 ^ clkbuf_0_CLK_I/Z (gf180mcu_fd_sc_mcu7t5v0__clkbuf_16)
                                                         clknet_0_CLK_I (net)
                      0.167554    0.002825    0.214099 ^ clkbuf_3_5__f_CLK_I/I (gf180mcu_fd_sc_mcu7t5v0__clkbuf_16)
    11    0.066350    0.083759    0.185653    0.399752 ^ clkbuf_3_5__f_CLK_I/Z (gf180mcu_fd_sc_mcu7t5v0__clkbuf_16)
                                                         clknet_3_5__leaf_CLK_I (net)
                      0.083760    0.000520    0.400272 ^ _853_/CLK (gf180mcu_fd_sc_mcu7t5v0__dffq_1)
     2    0.011613    0.159518    0.491571    0.891843 ^ _853_/Q (gf180mcu_fd_sc_mcu7t5v0__dffq_1)
                                                         net18 (net)
                      0.159518    0.000197    0.892041 ^ output18/I (gf180mcu_fd_sc_mcu7t5v0__dlyb_1)
     1    0.000946    0.067412    0.503495    1.395535 ^ output18/Z (gf180mcu_fd_sc_mcu7t5v0__dlyb_1)
                                                         ADDR_O[5] (net)
                      0.067412    0.000007    1.395542 ^ ADDR_O[5] (out)
                                              1.395542   data arrival time

                                  0.000000    0.000000   clock system_clock (rise edge)
                                  0.000000    0.000000   clock network delay (propagated)
                                  0.500000    0.500000   clock uncertainty
                                  0.000000    0.500000   clock reconvergence pessimism
                                -20.000000  -19.500000   output external delay
                                            -19.500000   data required time
---------------------------------------------------------------------------------------------
                                            -19.500000   data required time
                                             -1.395542   data arrival time
---------------------------------------------------------------------------------------------
                                             20.895542   slack (MET)


Startpoint: _849_ (rising edge-triggered flip-flop clocked by system_clock)
Endpoint: ADDR_O[1] (output port clocked by system_clock)
Path Group: system_clock
Path Type: min

Fanout         Cap        Slew       Delay        Time   Description
---------------------------------------------------------------------------------------------
                                  0.000000    0.000000   clock system_clock (rise edge)
                                  0.000000    0.000000   clock source latency
     1    0.036579    0.000000    0.000000    0.000000 ^ CLK_I (in)
                                                         CLK_I (net)
                      0.003417    0.001398    0.001398 ^ clkbuf_0_CLK_I/I (gf180mcu_fd_sc_mcu7t5v0__clkbuf_16)
     8    0.208985    0.167533    0.209877    0.211275 ^ clkbuf_0_CLK_I/Z (gf180mcu_fd_sc_mcu7t5v0__clkbuf_16)
                                                         clknet_0_CLK_I (net)
                      0.167559    0.003085    0.214359 ^ clkbuf_3_4__f_CLK_I/I (gf180mcu_fd_sc_mcu7t5v0__clkbuf_16)
    10    0.071140    0.086358    0.187504    0.401863 ^ clkbuf_3_4__f_CLK_I/Z (gf180mcu_fd_sc_mcu7t5v0__clkbuf_16)
                                                         clknet_3_4__leaf_CLK_I (net)
                      0.086361    0.000966    0.402829 ^ _849_/CLK (gf180mcu_fd_sc_mcu7t5v0__dffq_1)
     2    0.010599    0.149193    0.485905    0.888734 ^ _849_/Q (gf180mcu_fd_sc_mcu7t5v0__dffq_1)
                                                         net14 (net)
                      0.149193    0.000066    0.888799 ^ output14/I (gf180mcu_fd_sc_mcu7t5v0__dlyb_1)
     1    0.001489    0.072492    0.506752    1.395551 ^ output14/Z (gf180mcu_fd_sc_mcu7t5v0__dlyb_1)
                                                         ADDR_O[1] (net)
                      0.072492    0.000011    1.395563 ^ ADDR_O[1] (out)
                                              1.395563   data arrival time

                                  0.000000    0.000000   clock system_clock (rise edge)
                                  0.000000    0.000000   clock network delay (propagated)
                                  0.500000    0.500000   clock uncertainty
                                  0.000000    0.500000   clock reconvergence pessimism
                                -20.000000  -19.500000   output external delay
                                            -19.500000   data required time
---------------------------------------------------------------------------------------------
                                            -19.500000   data required time
                                             -1.395563   data arrival time
---------------------------------------------------------------------------------------------
                                             20.895563   slack (MET)


Startpoint: _854_ (rising edge-triggered flip-flop clocked by system_clock)
Endpoint: ADDR_O[6] (output port clocked by system_clock)
Path Group: system_clock
Path Type: min

Fanout         Cap        Slew       Delay        Time   Description
---------------------------------------------------------------------------------------------
                                  0.000000    0.000000   clock system_clock (rise edge)
                                  0.000000    0.000000   clock source latency
     1    0.036579    0.000000    0.000000    0.000000 ^ CLK_I (in)
                                                         CLK_I (net)
                      0.003417    0.001398    0.001398 ^ clkbuf_0_CLK_I/I (gf180mcu_fd_sc_mcu7t5v0__clkbuf_16)
     8    0.208985    0.167533    0.209877    0.211275 ^ clkbuf_0_CLK_I/Z (gf180mcu_fd_sc_mcu7t5v0__clkbuf_16)
                                                         clknet_0_CLK_I (net)
                      0.167554    0.002825    0.214099 ^ clkbuf_3_5__f_CLK_I/I (gf180mcu_fd_sc_mcu7t5v0__clkbuf_16)
    11    0.066350    0.083759    0.185653    0.399752 ^ clkbuf_3_5__f_CLK_I/Z (gf180mcu_fd_sc_mcu7t5v0__clkbuf_16)
                                                         clknet_3_5__leaf_CLK_I (net)
                      0.083760    0.000508    0.400260 ^ _854_/CLK (gf180mcu_fd_sc_mcu7t5v0__dffq_1)
     2    0.012187    0.165389    0.495074    0.895334 ^ _854_/Q (gf180mcu_fd_sc_mcu7t5v0__dffq_1)
                                                         net19 (net)
                      0.165389    0.000196    0.895530 ^ output19/I (gf180mcu_fd_sc_mcu7t5v0__dlyb_1)
     1    0.000930    0.067260    0.503883    1.399413 ^ output19/Z (gf180mcu_fd_sc_mcu7t5v0__dlyb_1)
                                                         ADDR_O[6] (net)
                      0.067260    0.000006    1.399420 ^ ADDR_O[6] (out)
                                              1.399420   data arrival time

                                  0.000000    0.000000   clock system_clock (rise edge)
                                  0.000000    0.000000   clock network delay (propagated)
                                  0.500000    0.500000   clock uncertainty
                                  0.000000    0.500000   clock reconvergence pessimism
                                -20.000000  -19.500000   output external delay
                                            -19.500000   data required time
---------------------------------------------------------------------------------------------
                                            -19.500000   data required time
                                             -1.399420   data arrival time
---------------------------------------------------------------------------------------------
                                             20.899420   slack (MET)


Startpoint: _851_ (rising edge-triggered flip-flop clocked by system_clock)
Endpoint: ADDR_O[3] (output port clocked by system_clock)
Path Group: system_clock
Path Type: min

Fanout         Cap        Slew       Delay        Time   Description
---------------------------------------------------------------------------------------------
                                  0.000000    0.000000   clock system_clock (rise edge)
                                  0.000000    0.000000   clock source latency
     1    0.036579    0.000000    0.000000    0.000000 ^ CLK_I (in)
                                                         CLK_I (net)
                      0.003417    0.001398    0.001398 ^ clkbuf_0_CLK_I/I (gf180mcu_fd_sc_mcu7t5v0__clkbuf_16)
     8    0.208985    0.167533    0.209877    0.211275 ^ clkbuf_0_CLK_I/Z (gf180mcu_fd_sc_mcu7t5v0__clkbuf_16)
                                                         clknet_0_CLK_I (net)
                      0.167559    0.003085    0.214359 ^ clkbuf_3_4__f_CLK_I/I (gf180mcu_fd_sc_mcu7t5v0__clkbuf_16)
    10    0.071140    0.086358    0.187504    0.401863 ^ clkbuf_3_4__f_CLK_I/Z (gf180mcu_fd_sc_mcu7t5v0__clkbuf_16)
                                                         clknet_3_4__leaf_CLK_I (net)
                      0.086358    0.000073    0.401935 ^ _851_/CLK (gf180mcu_fd_sc_mcu7t5v0__dffq_1)
     2    0.011185    0.155159    0.489452    0.891388 ^ _851_/Q (gf180mcu_fd_sc_mcu7t5v0__dffq_1)
                                                         net16 (net)
                      0.155159    0.000166    0.891554 ^ output16/I (gf180mcu_fd_sc_mcu7t5v0__dlyb_1)
     1    0.001951    0.076806    0.510817    1.402372 ^ output16/Z (gf180mcu_fd_sc_mcu7t5v0__dlyb_1)
                                                         ADDR_O[3] (net)
                      0.076806    0.000020    1.402392 ^ ADDR_O[3] (out)
                                              1.402392   data arrival time

                                  0.000000    0.000000   clock system_clock (rise edge)
                                  0.000000    0.000000   clock network delay (propagated)
                                  0.500000    0.500000   clock uncertainty
                                  0.000000    0.500000   clock reconvergence pessimism
                                -20.000000  -19.500000   output external delay
                                            -19.500000   data required time
---------------------------------------------------------------------------------------------
                                            -19.500000   data required time
                                             -1.402392   data arrival time
---------------------------------------------------------------------------------------------
                                             20.902391   slack (MET)


Startpoint: _852_ (rising edge-triggered flip-flop clocked by system_clock)
Endpoint: ADDR_O[4] (output port clocked by system_clock)
Path Group: system_clock
Path Type: min

Fanout         Cap        Slew       Delay        Time   Description
---------------------------------------------------------------------------------------------
                                  0.000000    0.000000   clock system_clock (rise edge)
                                  0.000000    0.000000   clock source latency
     1    0.036579    0.000000    0.000000    0.000000 ^ CLK_I (in)
                                                         CLK_I (net)
                      0.003417    0.001398    0.001398 ^ clkbuf_0_CLK_I/I (gf180mcu_fd_sc_mcu7t5v0__clkbuf_16)
     8    0.208985    0.167533    0.209877    0.211275 ^ clkbuf_0_CLK_I/Z (gf180mcu_fd_sc_mcu7t5v0__clkbuf_16)
                                                         clknet_0_CLK_I (net)
                      0.167554    0.002825    0.214099 ^ clkbuf_3_5__f_CLK_I/I (gf180mcu_fd_sc_mcu7t5v0__clkbuf_16)
    11    0.066350    0.083759    0.185653    0.399752 ^ clkbuf_3_5__f_CLK_I/Z (gf180mcu_fd_sc_mcu7t5v0__clkbuf_16)
                                                         clknet_3_5__leaf_CLK_I (net)
                      0.083760    0.000624    0.400376 ^ _852_/CLK (gf180mcu_fd_sc_mcu7t5v0__dffq_1)
     2    0.011932    0.162786    0.493522    0.893898 ^ _852_/Q (gf180mcu_fd_sc_mcu7t5v0__dffq_1)
                                                         net17 (net)
                      0.162786    0.000211    0.894109 ^ output17/I (gf180mcu_fd_sc_mcu7t5v0__dlyb_1)
     1    0.001556    0.073144    0.508458    1.402567 ^ output17/Z (gf180mcu_fd_sc_mcu7t5v0__dlyb_1)
                                                         ADDR_O[4] (net)
                      0.073144    0.000014    1.402581 ^ ADDR_O[4] (out)
                                              1.402581   data arrival time

                                  0.000000    0.000000   clock system_clock (rise edge)
                                  0.000000    0.000000   clock network delay (propagated)
                                  0.500000    0.500000   clock uncertainty
                                  0.000000    0.500000   clock reconvergence pessimism
                                -20.000000  -19.500000   output external delay
                                            -19.500000   data required time
---------------------------------------------------------------------------------------------
                                            -19.500000   data required time
                                             -1.402581   data arrival time
---------------------------------------------------------------------------------------------
                                             20.902582   slack (MET)


Startpoint: _855_ (rising edge-triggered flip-flop clocked by system_clock)
Endpoint: ADDR_O[7] (output port clocked by system_clock)
Path Group: system_clock
Path Type: min

Fanout         Cap        Slew       Delay        Time   Description
---------------------------------------------------------------------------------------------
                                  0.000000    0.000000   clock system_clock (rise edge)
                                  0.000000    0.000000   clock source latency
     1    0.036579    0.000000    0.000000    0.000000 ^ CLK_I (in)
                                                         CLK_I (net)
                      0.003417    0.001398    0.001398 ^ clkbuf_0_CLK_I/I (gf180mcu_fd_sc_mcu7t5v0__clkbuf_16)
     8    0.208985    0.167533    0.209877    0.211275 ^ clkbuf_0_CLK_I/Z (gf180mcu_fd_sc_mcu7t5v0__clkbuf_16)
                                                         clknet_0_CLK_I (net)
                      0.167554    0.002825    0.214099 ^ clkbuf_3_5__f_CLK_I/I (gf180mcu_fd_sc_mcu7t5v0__clkbuf_16)
    11    0.066350    0.083759    0.185653    0.399752 ^ clkbuf_3_5__f_CLK_I/Z (gf180mcu_fd_sc_mcu7t5v0__clkbuf_16)
                                                         clknet_3_5__leaf_CLK_I (net)
                      0.083759    0.000476    0.400228 ^ _855_/CLK (gf180mcu_fd_sc_mcu7t5v0__dffq_1)
     2    0.012154    0.165031    0.494854    0.895083 ^ _855_/Q (gf180mcu_fd_sc_mcu7t5v0__dffq_1)
                                                         net20 (net)
                      0.165031    0.000207    0.895290 ^ output20/I (gf180mcu_fd_sc_mcu7t5v0__dlyb_1)
     1    0.001417    0.071856    0.507589    1.402879 ^ output20/Z (gf180mcu_fd_sc_mcu7t5v0__dlyb_1)
                                                         ADDR_O[7] (net)
                      0.071856    0.000013    1.402891 ^ ADDR_O[7] (out)
                                              1.402891   data arrival time

                                  0.000000    0.000000   clock system_clock (rise edge)
                                  0.000000    0.000000   clock network delay (propagated)
                                  0.500000    0.500000   clock uncertainty
                                  0.000000    0.500000   clock reconvergence pessimism
                                -20.000000  -19.500000   output external delay
                                            -19.500000   data required time
---------------------------------------------------------------------------------------------
                                            -19.500000   data required time
                                             -1.402891   data arrival time
---------------------------------------------------------------------------------------------
                                             20.902893   slack (MET)


Startpoint: _817_ (rising edge-triggered flip-flop clocked by system_clock)
Endpoint: i2c_sda_out_pin_ctrl (output port clocked by system_clock)
Path Group: system_clock
Path Type: min

Fanout         Cap        Slew       Delay        Time   Description
---------------------------------------------------------------------------------------------
                                  0.000000    0.000000   clock system_clock (rise edge)
                                  0.000000    0.000000   clock source latency
     1    0.036579    0.000000    0.000000    0.000000 ^ CLK_I (in)
                                                         CLK_I (net)
                      0.003417    0.001398    0.001398 ^ clkbuf_0_CLK_I/I (gf180mcu_fd_sc_mcu7t5v0__clkbuf_16)
     8    0.208985    0.167533    0.209877    0.211275 ^ clkbuf_0_CLK_I/Z (gf180mcu_fd_sc_mcu7t5v0__clkbuf_16)
                                                         clknet_0_CLK_I (net)
                      0.167587    0.003837    0.215112 ^ clkbuf_3_2__f_CLK_I/I (gf180mcu_fd_sc_mcu7t5v0__clkbuf_16)
    14    0.060187    0.080307    0.182842    0.397954 ^ clkbuf_3_2__f_CLK_I/Z (gf180mcu_fd_sc_mcu7t5v0__clkbuf_16)
                                                         clknet_3_2__leaf_CLK_I (net)
                      0.080313    0.001226    0.399181 ^ _817_/CLK (gf180mcu_fd_sc_mcu7t5v0__dffq_1)
     2    0.014772    0.191697    0.510087    0.909267 ^ _817_/Q (gf180mcu_fd_sc_mcu7t5v0__dffq_1)
                                                         net32 (net)
                      0.191697    0.000449    0.909717 ^ output32/I (gf180mcu_fd_sc_mcu7t5v0__dlyb_1)
     1    0.001146    0.069348    0.507852    1.417569 ^ output32/Z (gf180mcu_fd_sc_mcu7t5v0__dlyb_1)
                                                         i2c_sda_out_pin_ctrl (net)
                      0.069348    0.000008    1.417577 ^ i2c_sda_out_pin_ctrl (out)
                                              1.417577   data arrival time

                                  0.000000    0.000000   clock system_clock (rise edge)
                                  0.000000    0.000000   clock network delay (propagated)
                                  0.500000    0.500000   clock uncertainty
                                  0.000000    0.500000   clock reconvergence pessimism
                                -20.000000  -19.500000   output external delay
                                            -19.500000   data required time
---------------------------------------------------------------------------------------------
                                            -19.500000   data required time
                                             -1.417577   data arrival time
---------------------------------------------------------------------------------------------
                                             20.917578   slack (MET)


Startpoint: _862_ (rising edge-triggered flip-flop clocked by system_clock)
Endpoint: DAT_O[6] (output port clocked by system_clock)
Path Group: system_clock
Path Type: min

Fanout         Cap        Slew       Delay        Time   Description
---------------------------------------------------------------------------------------------
                                  0.000000    0.000000   clock system_clock (rise edge)
                                  0.000000    0.000000   clock source latency
     1    0.036579    0.000000    0.000000    0.000000 ^ CLK_I (in)
                                                         CLK_I (net)
                      0.003417    0.001398    0.001398 ^ clkbuf_0_CLK_I/I (gf180mcu_fd_sc_mcu7t5v0__clkbuf_16)
     8    0.208985    0.167533    0.209877    0.211275 ^ clkbuf_0_CLK_I/Z (gf180mcu_fd_sc_mcu7t5v0__clkbuf_16)
                                                         clknet_0_CLK_I (net)
                      0.167658    0.004964    0.216238 ^ clkbuf_3_7__f_CLK_I/I (gf180mcu_fd_sc_mcu7t5v0__clkbuf_16)
    13    0.062541    0.081634    0.183976    0.400214 ^ clkbuf_3_7__f_CLK_I/Z (gf180mcu_fd_sc_mcu7t5v0__clkbuf_16)
                                                         clknet_3_7__leaf_CLK_I (net)
                      0.081637    0.000842    0.401056 ^ _862_/CLK (gf180mcu_fd_sc_mcu7t5v0__dffq_1)
     2    0.013129    0.174979    0.500388    0.901444 ^ _862_/Q (gf180mcu_fd_sc_mcu7t5v0__dffq_1)
                                                         net28 (net)
                      0.174979    0.000169    0.901613 ^ output28/I (gf180mcu_fd_sc_mcu7t5v0__dlyb_1)
     1    0.002575    0.082690    0.517335    1.418947 ^ output28/Z (gf180mcu_fd_sc_mcu7t5v0__dlyb_1)
                                                         DAT_O[6] (net)
                      0.082690    0.000029    1.418976 ^ DAT_O[6] (out)
                                              1.418976   data arrival time

                                  0.000000    0.000000   clock system_clock (rise edge)
                                  0.000000    0.000000   clock network delay (propagated)
                                  0.500000    0.500000   clock uncertainty
                                  0.000000    0.500000   clock reconvergence pessimism
                                -20.000000  -19.500000   output external delay
                                            -19.500000   data required time
---------------------------------------------------------------------------------------------
                                            -19.500000   data required time
                                             -1.418976   data arrival time
---------------------------------------------------------------------------------------------
                                             20.918976   slack (MET)


Startpoint: _863_ (rising edge-triggered flip-flop clocked by system_clock)
Endpoint: DAT_O[7] (output port clocked by system_clock)
Path Group: system_clock
Path Type: min

Fanout         Cap        Slew       Delay        Time   Description
---------------------------------------------------------------------------------------------
                                  0.000000    0.000000   clock system_clock (rise edge)
                                  0.000000    0.000000   clock source latency
     1    0.036579    0.000000    0.000000    0.000000 ^ CLK_I (in)
                                                         CLK_I (net)
                      0.003417    0.001398    0.001398 ^ clkbuf_0_CLK_I/I (gf180mcu_fd_sc_mcu7t5v0__clkbuf_16)
     8    0.208985    0.167533    0.209877    0.211275 ^ clkbuf_0_CLK_I/Z (gf180mcu_fd_sc_mcu7t5v0__clkbuf_16)
                                                         clknet_0_CLK_I (net)
                      0.167658    0.004964    0.216238 ^ clkbuf_3_7__f_CLK_I/I (gf180mcu_fd_sc_mcu7t5v0__clkbuf_16)
    13    0.062541    0.081634    0.183976    0.400214 ^ clkbuf_3_7__f_CLK_I/Z (gf180mcu_fd_sc_mcu7t5v0__clkbuf_16)
                                                         clknet_3_7__leaf_CLK_I (net)
                      0.081637    0.000873    0.401087 ^ _863_/CLK (gf180mcu_fd_sc_mcu7t5v0__dffq_1)
     2    0.013287    0.176621    0.501383    0.902469 ^ _863_/Q (gf180mcu_fd_sc_mcu7t5v0__dffq_1)
                                                         net29 (net)
                      0.176621    0.000229    0.902698 ^ output29/I (gf180mcu_fd_sc_mcu7t5v0__dlyb_1)
     1    0.004996    0.104942    0.533687    1.436385 ^ output29/Z (gf180mcu_fd_sc_mcu7t5v0__dlyb_1)
                                                         DAT_O[7] (net)
                      0.104942    0.000082    1.436467 ^ DAT_O[7] (out)
                                              1.436467   data arrival time

                                  0.000000    0.000000   clock system_clock (rise edge)
                                  0.000000    0.000000   clock network delay (propagated)
                                  0.500000    0.500000   clock uncertainty
                                  0.000000    0.500000   clock reconvergence pessimism
                                -20.000000  -19.500000   output external delay
                                            -19.500000   data required time
---------------------------------------------------------------------------------------------
                                            -19.500000   data required time
                                             -1.436467   data arrival time
---------------------------------------------------------------------------------------------
                                             20.936468   slack (MET)


Startpoint: _860_ (rising edge-triggered flip-flop clocked by system_clock)
Endpoint: DAT_O[4] (output port clocked by system_clock)
Path Group: system_clock
Path Type: min

Fanout         Cap        Slew       Delay        Time   Description
---------------------------------------------------------------------------------------------
                                  0.000000    0.000000   clock system_clock (rise edge)
                                  0.000000    0.000000   clock source latency
     1    0.036579    0.000000    0.000000    0.000000 ^ CLK_I (in)
                                                         CLK_I (net)
                      0.003417    0.001398    0.001398 ^ clkbuf_0_CLK_I/I (gf180mcu_fd_sc_mcu7t5v0__clkbuf_16)
     8    0.208985    0.167533    0.209877    0.211275 ^ clkbuf_0_CLK_I/Z (gf180mcu_fd_sc_mcu7t5v0__clkbuf_16)
                                                         clknet_0_CLK_I (net)
                      0.167658    0.004964    0.216238 ^ clkbuf_3_7__f_CLK_I/I (gf180mcu_fd_sc_mcu7t5v0__clkbuf_16)
    13    0.062541    0.081634    0.183976    0.400214 ^ clkbuf_3_7__f_CLK_I/Z (gf180mcu_fd_sc_mcu7t5v0__clkbuf_16)
                                                         clknet_3_7__leaf_CLK_I (net)
                      0.081634    0.000068    0.400282 ^ _860_/CLK (gf180mcu_fd_sc_mcu7t5v0__dffq_1)
     2    0.017306    0.217647    0.525673    0.925955 ^ _860_/Q (gf180mcu_fd_sc_mcu7t5v0__dffq_1)
                                                         net26 (net)
                      0.217647    0.000357    0.926312 ^ output26/I (gf180mcu_fd_sc_mcu7t5v0__dlyb_1)
     1    0.001931    0.076804    0.516133    1.442445 ^ output26/Z (gf180mcu_fd_sc_mcu7t5v0__dlyb_1)
                                                         DAT_O[4] (net)
                      0.076804    0.000018    1.442463 ^ DAT_O[4] (out)
                                              1.442463   data arrival time

                                  0.000000    0.000000   clock system_clock (rise edge)
                                  0.000000    0.000000   clock network delay (propagated)
                                  0.500000    0.500000   clock uncertainty
                                  0.000000    0.500000   clock reconvergence pessimism
                                -20.000000  -19.500000   output external delay
                                            -19.500000   data required time
---------------------------------------------------------------------------------------------
                                            -19.500000   data required time
                                             -1.442463   data arrival time
---------------------------------------------------------------------------------------------
                                             20.942465   slack (MET)


Startpoint: _850_ (rising edge-triggered flip-flop clocked by system_clock)
Endpoint: ADDR_O[2] (output port clocked by system_clock)
Path Group: system_clock
Path Type: min

Fanout         Cap        Slew       Delay        Time   Description
---------------------------------------------------------------------------------------------
                                  0.000000    0.000000   clock system_clock (rise edge)
                                  0.000000    0.000000   clock source latency
     1    0.036579    0.000000    0.000000    0.000000 ^ CLK_I (in)
                                                         CLK_I (net)
                      0.003417    0.001398    0.001398 ^ clkbuf_0_CLK_I/I (gf180mcu_fd_sc_mcu7t5v0__clkbuf_16)
     8    0.208985    0.167533    0.209877    0.211275 ^ clkbuf_0_CLK_I/Z (gf180mcu_fd_sc_mcu7t5v0__clkbuf_16)
                                                         clknet_0_CLK_I (net)
                      0.167559    0.003085    0.214359 ^ clkbuf_3_4__f_CLK_I/I (gf180mcu_fd_sc_mcu7t5v0__clkbuf_16)
    10    0.071140    0.086358    0.187504    0.401863 ^ clkbuf_3_4__f_CLK_I/Z (gf180mcu_fd_sc_mcu7t5v0__clkbuf_16)
                                                         clknet_3_4__leaf_CLK_I (net)
                      0.086362    0.001129    0.402992 ^ _850_/CLK (gf180mcu_fd_sc_mcu7t5v0__dffq_1)
     2    0.015467    0.198935    0.515490    0.918482 ^ _850_/Q (gf180mcu_fd_sc_mcu7t5v0__dffq_1)
                                                         net15 (net)
                      0.198935    0.000335    0.918817 ^ output15/I (gf180mcu_fd_sc_mcu7t5v0__dlyb_1)
     1    0.003511    0.091387    0.525706    1.444523 ^ output15/Z (gf180mcu_fd_sc_mcu7t5v0__dlyb_1)
                                                         ADDR_O[2] (net)
                      0.091387    0.000046    1.444569 ^ ADDR_O[2] (out)
                                              1.444569   data arrival time

                                  0.000000    0.000000   clock system_clock (rise edge)
                                  0.000000    0.000000   clock network delay (propagated)
                                  0.500000    0.500000   clock uncertainty
                                  0.000000    0.500000   clock reconvergence pessimism
                                -20.000000  -19.500000   output external delay
                                            -19.500000   data required time
---------------------------------------------------------------------------------------------
                                            -19.500000   data required time
                                             -1.444569   data arrival time
---------------------------------------------------------------------------------------------
                                             20.944569   slack (MET)


Startpoint: _817_ (rising edge-triggered flip-flop clocked by system_clock)
Endpoint: i2c_sda_out_pin_ctrl_n (output port clocked by system_clock)
Path Group: system_clock
Path Type: min

Fanout         Cap        Slew       Delay        Time   Description
---------------------------------------------------------------------------------------------
                                  0.000000    0.000000   clock system_clock (rise edge)
                                  0.000000    0.000000   clock source latency
     1    0.036579    0.000000    0.000000    0.000000 ^ CLK_I (in)
                                                         CLK_I (net)
                      0.003417    0.001398    0.001398 ^ clkbuf_0_CLK_I/I (gf180mcu_fd_sc_mcu7t5v0__clkbuf_16)
     8    0.208985    0.167533    0.209877    0.211275 ^ clkbuf_0_CLK_I/Z (gf180mcu_fd_sc_mcu7t5v0__clkbuf_16)
                                                         clknet_0_CLK_I (net)
                      0.167587    0.003837    0.215112 ^ clkbuf_3_2__f_CLK_I/I (gf180mcu_fd_sc_mcu7t5v0__clkbuf_16)
    14    0.060187    0.080307    0.182842    0.397954 ^ clkbuf_3_2__f_CLK_I/Z (gf180mcu_fd_sc_mcu7t5v0__clkbuf_16)
                                                         clknet_3_2__leaf_CLK_I (net)
                      0.080313    0.001226    0.399181 ^ _817_/CLK (gf180mcu_fd_sc_mcu7t5v0__dffq_1)
     2    0.014772    0.129506    0.454214    0.853395 v _817_/Q (gf180mcu_fd_sc_mcu7t5v0__dffq_1)
                                                         net32 (net)
                      0.129506    0.000250    0.853644 v _437_/I (gf180mcu_fd_sc_mcu7t5v0__clkinv_1)
     2    0.007134    0.113526    0.097612    0.951257 ^ _437_/ZN (gf180mcu_fd_sc_mcu7t5v0__clkinv_1)
                                                         net33 (net)
                      0.113526    0.000049    0.951306 ^ output33/I (gf180mcu_fd_sc_mcu7t5v0__dlyb_1)
     1    0.000870    0.066642    0.498862    1.450168 ^ output33/Z (gf180mcu_fd_sc_mcu7t5v0__dlyb_1)
                                                         i2c_sda_out_pin_ctrl_n (net)
                      0.066642    0.000006    1.450173 ^ i2c_sda_out_pin_ctrl_n (out)
                                              1.450173   data arrival time

                                  0.000000    0.000000   clock system_clock (rise edge)
                                  0.000000    0.000000   clock network delay (propagated)
                                  0.500000    0.500000   clock uncertainty
                                  0.000000    0.500000   clock reconvergence pessimism
                                -20.000000  -19.500000   output external delay
                                            -19.500000   data required time
---------------------------------------------------------------------------------------------
                                            -19.500000   data required time
                                             -1.450173   data arrival time
---------------------------------------------------------------------------------------------
                                             20.950174   slack (MET)


Startpoint: _864_ (rising edge-triggered flip-flop clocked by system_clock)
Endpoint: CYC_O (output port clocked by system_clock)
Path Group: system_clock
Path Type: min

Fanout         Cap        Slew       Delay        Time   Description
---------------------------------------------------------------------------------------------
                                  0.000000    0.000000   clock system_clock (rise edge)
                                  0.000000    0.000000   clock source latency
     1    0.036579    0.000000    0.000000    0.000000 ^ CLK_I (in)
                                                         CLK_I (net)
                      0.003417    0.001398    0.001398 ^ clkbuf_0_CLK_I/I (gf180mcu_fd_sc_mcu7t5v0__clkbuf_16)
     8    0.208985    0.167533    0.209877    0.211275 ^ clkbuf_0_CLK_I/Z (gf180mcu_fd_sc_mcu7t5v0__clkbuf_16)
                                                         clknet_0_CLK_I (net)
                      0.167554    0.002825    0.214099 ^ clkbuf_3_5__f_CLK_I/I (gf180mcu_fd_sc_mcu7t5v0__clkbuf_16)
    11    0.066350    0.083759    0.185653    0.399752 ^ clkbuf_3_5__f_CLK_I/Z (gf180mcu_fd_sc_mcu7t5v0__clkbuf_16)
                                                         clknet_3_5__leaf_CLK_I (net)
                      0.083759    0.000370    0.400122 ^ _864_/CLK (gf180mcu_fd_sc_mcu7t5v0__dffq_1)
     3    0.028398    0.333007    0.594156    0.994277 ^ _864_/Q (gf180mcu_fd_sc_mcu7t5v0__dffq_1)
                                                         net21 (net)
                      0.333025    0.001336    0.995614 ^ output21/I (gf180mcu_fd_sc_mcu7t5v0__dlyb_1)
     1    0.006526    0.119075    0.549889    1.545503 ^ output21/Z (gf180mcu_fd_sc_mcu7t5v0__dlyb_1)
                                                         CYC_O (net)
                      0.119075    0.000164    1.545667 ^ CYC_O (out)
                                              1.545667   data arrival time

                                  0.000000    0.000000   clock system_clock (rise edge)
                                  0.000000    0.000000   clock network delay (propagated)
                                  0.500000    0.500000   clock uncertainty
                                  0.000000    0.500000   clock reconvergence pessimism
                                -20.000000  -19.500000   output external delay
                                            -19.500000   data required time
---------------------------------------------------------------------------------------------
                                            -19.500000   data required time
                                             -1.545667   data arrival time
---------------------------------------------------------------------------------------------
                                             21.045668   slack (MET)


Startpoint: _864_ (rising edge-triggered flip-flop clocked by system_clock)
Endpoint: STB_O (output port clocked by system_clock)
Path Group: system_clock
Path Type: min

Fanout         Cap        Slew       Delay        Time   Description
---------------------------------------------------------------------------------------------
                                  0.000000    0.000000   clock system_clock (rise edge)
                                  0.000000    0.000000   clock source latency
     1    0.036579    0.000000    0.000000    0.000000 ^ CLK_I (in)
                                                         CLK_I (net)
                      0.003417    0.001398    0.001398 ^ clkbuf_0_CLK_I/I (gf180mcu_fd_sc_mcu7t5v0__clkbuf_16)
     8    0.208985    0.167533    0.209877    0.211275 ^ clkbuf_0_CLK_I/Z (gf180mcu_fd_sc_mcu7t5v0__clkbuf_16)
                                                         clknet_0_CLK_I (net)
                      0.167554    0.002825    0.214099 ^ clkbuf_3_5__f_CLK_I/I (gf180mcu_fd_sc_mcu7t5v0__clkbuf_16)
    11    0.066350    0.083759    0.185653    0.399752 ^ clkbuf_3_5__f_CLK_I/Z (gf180mcu_fd_sc_mcu7t5v0__clkbuf_16)
                                                         clknet_3_5__leaf_CLK_I (net)
                      0.083759    0.000370    0.400122 ^ _864_/CLK (gf180mcu_fd_sc_mcu7t5v0__dffq_1)
     3    0.028398    0.333007    0.594156    0.994277 ^ _864_/Q (gf180mcu_fd_sc_mcu7t5v0__dffq_1)
                                                         net21 (net)
                      0.333025    0.001345    0.995623 ^ _902_/I (gf180mcu_fd_sc_mcu7t5v0__buf_1)
     1    0.005056    0.094676    0.166195    1.161818 ^ _902_/Z (gf180mcu_fd_sc_mcu7t5v0__buf_1)
                                                         net30 (net)
                      0.094676    0.000103    1.161921 ^ output30/I (gf180mcu_fd_sc_mcu7t5v0__dlyb_1)
     1    0.009322    0.145744    0.554561    1.716482 ^ output30/Z (gf180mcu_fd_sc_mcu7t5v0__dlyb_1)
                                                         STB_O (net)
                      0.145744    0.000297    1.716778 ^ STB_O (out)
                                              1.716778   data arrival time

                                  0.000000    0.000000   clock system_clock (rise edge)
                                  0.000000    0.000000   clock network delay (propagated)
                                  0.500000    0.500000   clock uncertainty
                                  0.000000    0.500000   clock reconvergence pessimism
                                -20.000000  -19.500000   output external delay
                                            -19.500000   data required time
---------------------------------------------------------------------------------------------
                                            -19.500000   data required time
                                             -1.716778   data arrival time
---------------------------------------------------------------------------------------------
                                             21.216778   slack (MET)



%OL_END_REPORT
%OL_CREATE_REPORT max.rpt

===========================================================================
report_checks -path_delay max (Setup)
============================================================================
======================= min_ff_n40C_5v50 Corner ===================================

Startpoint: RST_I (input port clocked by system_clock)
Endpoint: _879_ (rising edge-triggered flip-flop clocked by system_clock)
Path Group: system_clock
Path Type: max

Fanout         Cap        Slew       Delay        Time   Description
---------------------------------------------------------------------------------------------
                                  0.000000    0.000000   clock system_clock (rise edge)
                                  0.000000    0.000000   clock network delay (propagated)
                                 20.000000   20.000000 ^ input external delay
     1    0.007691    0.000000    0.000000   20.000000 ^ RST_I (in)
                                                         RST_I (net)
                      0.000227    0.000092   20.000093 ^ input10/I (gf180mcu_fd_sc_mcu7t5v0__dlyb_1)
    31    0.226578    2.444017    1.899592   21.899685 ^ input10/Z (gf180mcu_fd_sc_mcu7t5v0__dlyb_1)
                                                         net10 (net)
                      2.444253    0.013696   21.913380 ^ _430_/I (gf180mcu_fd_sc_mcu7t5v0__clkinv_1)
    16    0.123768    1.591476    1.291301   23.204681 v _430_/ZN (gf180mcu_fd_sc_mcu7t5v0__clkinv_1)
                                                         _103_ (net)
                      1.591513    0.004304   23.208986 v _491_/A1 (gf180mcu_fd_sc_mcu7t5v0__nand2_1)
     2    0.009473    0.414595    0.413907   23.622892 ^ _491_/ZN (gf180mcu_fd_sc_mcu7t5v0__nand2_1)
                                                         _155_ (net)
                      0.414595    0.000124   23.623016 ^ _502_/C (gf180mcu_fd_sc_mcu7t5v0__aoi211_1)
     5    0.035603    0.544508    0.403412   24.026430 v _502_/ZN (gf180mcu_fd_sc_mcu7t5v0__aoi211_1)
                                                         _166_ (net)
                      0.544508    0.000279   24.026709 v _505_/B (gf180mcu_fd_sc_mcu7t5v0__oai211_1)
     8    0.091144    1.758491    0.951024   24.977732 ^ _505_/ZN (gf180mcu_fd_sc_mcu7t5v0__oai211_1)
                                                         _169_ (net)
                      1.758516    0.003720   24.981453 ^ _534_/B1 (gf180mcu_fd_sc_mcu7t5v0__aoi22_1)
     1    0.004934    0.541258    0.175667   25.157120 v _534_/ZN (gf180mcu_fd_sc_mcu7t5v0__aoi22_1)
                                                         _013_ (net)
                      0.541258    0.000103   25.157223 v _879_/D (gf180mcu_fd_sc_mcu7t5v0__dffq_1)
                                             25.157223   data arrival time

                                100.000000  100.000000   clock system_clock (rise edge)
                                  0.000000  100.000000   clock source latency
     1    0.036579    0.000000    0.000000  100.000000 ^ CLK_I (in)
                                                         CLK_I (net)
                      0.003417    0.001400  100.001396 ^ clkbuf_0_CLK_I/I (gf180mcu_fd_sc_mcu7t5v0__clkbuf_16)
     8    0.208985    0.167533    0.209873  100.211273 ^ clkbuf_0_CLK_I/Z (gf180mcu_fd_sc_mcu7t5v0__clkbuf_16)
                                                         clknet_0_CLK_I (net)
                      0.167622    0.004455  100.215721 ^ clkbuf_3_6__f_CLK_I/I (gf180mcu_fd_sc_mcu7t5v0__clkbuf_16)
    13    0.063776    0.082341    0.184599  100.400322 ^ clkbuf_3_6__f_CLK_I/Z (gf180mcu_fd_sc_mcu7t5v0__clkbuf_16)
                                                         clknet_3_6__leaf_CLK_I (net)
                      0.082342    0.000469  100.400795 ^ _879_/CLK (gf180mcu_fd_sc_mcu7t5v0__dffq_1)
                                 -0.500000   99.900787   clock uncertainty
                                  0.000000   99.900787   clock reconvergence pessimism
                                 -0.292227   99.608566   library setup time
                                             99.608566   data required time
---------------------------------------------------------------------------------------------
                                             99.608566   data required time
                                            -25.157223   data arrival time
---------------------------------------------------------------------------------------------
                                             74.451347   slack (MET)


Startpoint: RST_I (input port clocked by system_clock)
Endpoint: _881_ (rising edge-triggered flip-flop clocked by system_clock)
Path Group: system_clock
Path Type: max

Fanout         Cap        Slew       Delay        Time   Description
---------------------------------------------------------------------------------------------
                                  0.000000    0.000000   clock system_clock (rise edge)
                                  0.000000    0.000000   clock network delay (propagated)
                                 20.000000   20.000000 ^ input external delay
     1    0.007691    0.000000    0.000000   20.000000 ^ RST_I (in)
                                                         RST_I (net)
                      0.000227    0.000092   20.000093 ^ input10/I (gf180mcu_fd_sc_mcu7t5v0__dlyb_1)
    31    0.226578    2.444017    1.899592   21.899685 ^ input10/Z (gf180mcu_fd_sc_mcu7t5v0__dlyb_1)
                                                         net10 (net)
                      2.444253    0.013696   21.913380 ^ _430_/I (gf180mcu_fd_sc_mcu7t5v0__clkinv_1)
    16    0.123768    1.591476    1.291301   23.204681 v _430_/ZN (gf180mcu_fd_sc_mcu7t5v0__clkinv_1)
                                                         _103_ (net)
                      1.591513    0.004304   23.208986 v _491_/A1 (gf180mcu_fd_sc_mcu7t5v0__nand2_1)
     2    0.009473    0.414595    0.413907   23.622892 ^ _491_/ZN (gf180mcu_fd_sc_mcu7t5v0__nand2_1)
                                                         _155_ (net)
                      0.414595    0.000124   23.623016 ^ _502_/C (gf180mcu_fd_sc_mcu7t5v0__aoi211_1)
     5    0.035603    0.544508    0.403412   24.026430 v _502_/ZN (gf180mcu_fd_sc_mcu7t5v0__aoi211_1)
                                                         _166_ (net)
                      0.544508    0.000279   24.026709 v _505_/B (gf180mcu_fd_sc_mcu7t5v0__oai211_1)
     8    0.091144    1.758491    0.951024   24.977732 ^ _505_/ZN (gf180mcu_fd_sc_mcu7t5v0__oai211_1)
                                                         _169_ (net)
                      1.758514    0.003590   24.981323 ^ _544_/S (gf180mcu_fd_sc_mcu7t5v0__mux2_2)
     1    0.007110    0.123540    0.230667   25.211990 v _544_/Z (gf180mcu_fd_sc_mcu7t5v0__mux2_2)
                                                         _015_ (net)
                      0.123540    0.000172   25.212162 v _881_/D (gf180mcu_fd_sc_mcu7t5v0__dffq_1)
                                             25.212162   data arrival time

                                100.000000  100.000000   clock system_clock (rise edge)
                                  0.000000  100.000000   clock source latency
     1    0.036579    0.000000    0.000000  100.000000 ^ CLK_I (in)
                                                         CLK_I (net)
                      0.003417    0.001400  100.001396 ^ clkbuf_0_CLK_I/I (gf180mcu_fd_sc_mcu7t5v0__clkbuf_16)
     8    0.208985    0.167533    0.209873  100.211273 ^ clkbuf_0_CLK_I/Z (gf180mcu_fd_sc_mcu7t5v0__clkbuf_16)
                                                         clknet_0_CLK_I (net)
                      0.167658    0.004967  100.216240 ^ clkbuf_3_7__f_CLK_I/I (gf180mcu_fd_sc_mcu7t5v0__clkbuf_16)
    13    0.062541    0.081634    0.183974  100.400208 ^ clkbuf_3_7__f_CLK_I/Z (gf180mcu_fd_sc_mcu7t5v0__clkbuf_16)
                                                         clknet_3_7__leaf_CLK_I (net)
                      0.081636    0.000668  100.400879 ^ _881_/CLK (gf180mcu_fd_sc_mcu7t5v0__dffq_1)
                                 -0.500000   99.900879   clock uncertainty
                                  0.000000   99.900879   clock reconvergence pessimism
                                 -0.142343   99.758530   library setup time
                                             99.758530   data required time
---------------------------------------------------------------------------------------------
                                             99.758530   data required time
                                            -25.212162   data arrival time
---------------------------------------------------------------------------------------------
                                             74.546371   slack (MET)


Startpoint: RST_I (input port clocked by system_clock)
Endpoint: _880_ (rising edge-triggered flip-flop clocked by system_clock)
Path Group: system_clock
Path Type: max

Fanout         Cap        Slew       Delay        Time   Description
---------------------------------------------------------------------------------------------
                                  0.000000    0.000000   clock system_clock (rise edge)
                                  0.000000    0.000000   clock network delay (propagated)
                                 20.000000   20.000000 ^ input external delay
     1    0.007691    0.000000    0.000000   20.000000 ^ RST_I (in)
                                                         RST_I (net)
                      0.000227    0.000092   20.000093 ^ input10/I (gf180mcu_fd_sc_mcu7t5v0__dlyb_1)
    31    0.226578    2.444017    1.899592   21.899685 ^ input10/Z (gf180mcu_fd_sc_mcu7t5v0__dlyb_1)
                                                         net10 (net)
                      2.444253    0.013696   21.913380 ^ _430_/I (gf180mcu_fd_sc_mcu7t5v0__clkinv_1)
    16    0.123768    1.591476    1.291301   23.204681 v _430_/ZN (gf180mcu_fd_sc_mcu7t5v0__clkinv_1)
                                                         _103_ (net)
                      1.591513    0.004304   23.208986 v _491_/A1 (gf180mcu_fd_sc_mcu7t5v0__nand2_1)
     2    0.009473    0.414595    0.413907   23.622892 ^ _491_/ZN (gf180mcu_fd_sc_mcu7t5v0__nand2_1)
                                                         _155_ (net)
                      0.414595    0.000124   23.623016 ^ _502_/C (gf180mcu_fd_sc_mcu7t5v0__aoi211_1)
     5    0.035603    0.544508    0.403412   24.026430 v _502_/ZN (gf180mcu_fd_sc_mcu7t5v0__aoi211_1)
                                                         _166_ (net)
                      0.544508    0.000279   24.026709 v _505_/B (gf180mcu_fd_sc_mcu7t5v0__oai211_1)
     8    0.091144    1.758491    0.951024   24.977732 ^ _505_/ZN (gf180mcu_fd_sc_mcu7t5v0__oai211_1)
                                                         _169_ (net)
                      1.758513    0.003491   24.981224 ^ _539_/S (gf180mcu_fd_sc_mcu7t5v0__mux2_2)
     1    0.006507    0.121389    0.228640   25.209864 v _539_/Z (gf180mcu_fd_sc_mcu7t5v0__mux2_2)
                                                         _014_ (net)
                      0.121389    0.000203   25.210066 v _880_/D (gf180mcu_fd_sc_mcu7t5v0__dffq_1)
                                             25.210066   data arrival time

                                100.000000  100.000000   clock system_clock (rise edge)
                                  0.000000  100.000000   clock source latency
     1    0.036579    0.000000    0.000000  100.000000 ^ CLK_I (in)
                                                         CLK_I (net)
                      0.003417    0.001400  100.001396 ^ clkbuf_0_CLK_I/I (gf180mcu_fd_sc_mcu7t5v0__clkbuf_16)
     8    0.208985    0.167533    0.209873  100.211273 ^ clkbuf_0_CLK_I/Z (gf180mcu_fd_sc_mcu7t5v0__clkbuf_16)
                                                         clknet_0_CLK_I (net)
                      0.167622    0.004455  100.215721 ^ clkbuf_3_6__f_CLK_I/I (gf180mcu_fd_sc_mcu7t5v0__clkbuf_16)
    13    0.063776    0.082341    0.184599  100.400322 ^ clkbuf_3_6__f_CLK_I/Z (gf180mcu_fd_sc_mcu7t5v0__clkbuf_16)
                                                         clknet_3_6__leaf_CLK_I (net)
                      0.082341    0.000114  100.400436 ^ _880_/CLK (gf180mcu_fd_sc_mcu7t5v0__dffq_1)
                                 -0.500000   99.900436   clock uncertainty
                                  0.000000   99.900436   clock reconvergence pessimism
                                 -0.141528   99.758911   library setup time
                                             99.758911   data required time
---------------------------------------------------------------------------------------------
                                             99.758911   data required time
                                            -25.210066   data arrival time
---------------------------------------------------------------------------------------------
                                             74.548843   slack (MET)


Startpoint: RST_I (input port clocked by system_clock)
Endpoint: _875_ (rising edge-triggered flip-flop clocked by system_clock)
Path Group: system_clock
Path Type: max

Fanout         Cap        Slew       Delay        Time   Description
---------------------------------------------------------------------------------------------
                                  0.000000    0.000000   clock system_clock (rise edge)
                                  0.000000    0.000000   clock network delay (propagated)
                                 20.000000   20.000000 ^ input external delay
     1    0.007691    0.000000    0.000000   20.000000 ^ RST_I (in)
                                                         RST_I (net)
                      0.000227    0.000092   20.000093 ^ input10/I (gf180mcu_fd_sc_mcu7t5v0__dlyb_1)
    31    0.226578    2.444017    1.899592   21.899685 ^ input10/Z (gf180mcu_fd_sc_mcu7t5v0__dlyb_1)
                                                         net10 (net)
                      2.444253    0.013696   21.913380 ^ _430_/I (gf180mcu_fd_sc_mcu7t5v0__clkinv_1)
    16    0.123768    1.591476    1.291301   23.204681 v _430_/ZN (gf180mcu_fd_sc_mcu7t5v0__clkinv_1)
                                                         _103_ (net)
                      1.591513    0.004304   23.208986 v _491_/A1 (gf180mcu_fd_sc_mcu7t5v0__nand2_1)
     2    0.009473    0.414595    0.413907   23.622892 ^ _491_/ZN (gf180mcu_fd_sc_mcu7t5v0__nand2_1)
                                                         _155_ (net)
                      0.414595    0.000124   23.623016 ^ _502_/C (gf180mcu_fd_sc_mcu7t5v0__aoi211_1)
     5    0.035603    0.544508    0.403412   24.026430 v _502_/ZN (gf180mcu_fd_sc_mcu7t5v0__aoi211_1)
                                                         _166_ (net)
                      0.544508    0.000279   24.026709 v _505_/B (gf180mcu_fd_sc_mcu7t5v0__oai211_1)
     8    0.091144    1.758491    0.951024   24.977732 ^ _505_/ZN (gf180mcu_fd_sc_mcu7t5v0__oai211_1)
                                                         _169_ (net)
                      1.758510    0.003279   24.981012 ^ _513_/S (gf180mcu_fd_sc_mcu7t5v0__mux2_2)
     1    0.005465    0.117690    0.225160   25.206173 v _513_/Z (gf180mcu_fd_sc_mcu7t5v0__mux2_2)
                                                         _009_ (net)
                      0.117690    0.000117   25.206289 v _875_/D (gf180mcu_fd_sc_mcu7t5v0__dffq_1)
                                             25.206289   data arrival time

                                100.000000  100.000000   clock system_clock (rise edge)
                                  0.000000  100.000000   clock source latency
     1    0.036579    0.000000    0.000000  100.000000 ^ CLK_I (in)
                                                         CLK_I (net)
                      0.003417    0.001400  100.001396 ^ clkbuf_0_CLK_I/I (gf180mcu_fd_sc_mcu7t5v0__clkbuf_16)
     8    0.208985    0.167533    0.209873  100.211273 ^ clkbuf_0_CLK_I/Z (gf180mcu_fd_sc_mcu7t5v0__clkbuf_16)
                                                         clknet_0_CLK_I (net)
                      0.167622    0.004455  100.215721 ^ clkbuf_3_6__f_CLK_I/I (gf180mcu_fd_sc_mcu7t5v0__clkbuf_16)
    13    0.063776    0.082341    0.184599  100.400322 ^ clkbuf_3_6__f_CLK_I/Z (gf180mcu_fd_sc_mcu7t5v0__clkbuf_16)
                                                         clknet_3_6__leaf_CLK_I (net)
                      0.082342    0.000512  100.400833 ^ _875_/CLK (gf180mcu_fd_sc_mcu7t5v0__dffq_1)
                                 -0.500000   99.900833   clock uncertainty
                                  0.000000   99.900833   clock reconvergence pessimism
                                 -0.140402   99.760429   library setup time
                                             99.760429   data required time
---------------------------------------------------------------------------------------------
                                             99.760429   data required time
                                            -25.206289   data arrival time
---------------------------------------------------------------------------------------------
                                             74.554138   slack (MET)


Startpoint: RST_I (input port clocked by system_clock)
Endpoint: _876_ (rising edge-triggered flip-flop clocked by system_clock)
Path Group: system_clock
Path Type: max

Fanout         Cap        Slew       Delay        Time   Description
---------------------------------------------------------------------------------------------
                                  0.000000    0.000000   clock system_clock (rise edge)
                                  0.000000    0.000000   clock network delay (propagated)
                                 20.000000   20.000000 ^ input external delay
     1    0.007691    0.000000    0.000000   20.000000 ^ RST_I (in)
                                                         RST_I (net)
                      0.000227    0.000092   20.000093 ^ input10/I (gf180mcu_fd_sc_mcu7t5v0__dlyb_1)
    31    0.226578    2.444017    1.899592   21.899685 ^ input10/Z (gf180mcu_fd_sc_mcu7t5v0__dlyb_1)
                                                         net10 (net)
                      2.444253    0.013696   21.913380 ^ _430_/I (gf180mcu_fd_sc_mcu7t5v0__clkinv_1)
    16    0.123768    1.591476    1.291301   23.204681 v _430_/ZN (gf180mcu_fd_sc_mcu7t5v0__clkinv_1)
                                                         _103_ (net)
                      1.591513    0.004304   23.208986 v _491_/A1 (gf180mcu_fd_sc_mcu7t5v0__nand2_1)
     2    0.009473    0.414595    0.413907   23.622892 ^ _491_/ZN (gf180mcu_fd_sc_mcu7t5v0__nand2_1)
                                                         _155_ (net)
                      0.414595    0.000124   23.623016 ^ _502_/C (gf180mcu_fd_sc_mcu7t5v0__aoi211_1)
     5    0.035603    0.544508    0.403412   24.026430 v _502_/ZN (gf180mcu_fd_sc_mcu7t5v0__aoi211_1)
                                                         _166_ (net)
                      0.544508    0.000279   24.026709 v _505_/B (gf180mcu_fd_sc_mcu7t5v0__oai211_1)
     8    0.091144    1.758491    0.951024   24.977732 ^ _505_/ZN (gf180mcu_fd_sc_mcu7t5v0__oai211_1)
                                                         _169_ (net)
                      1.758512    0.003412   24.981146 ^ _518_/S (gf180mcu_fd_sc_mcu7t5v0__mux2_2)
     1    0.004091    0.112352    0.220409   25.201553 v _518_/Z (gf180mcu_fd_sc_mcu7t5v0__mux2_2)
                                                         _010_ (net)
                      0.112352    0.000080   25.201633 v _876_/D (gf180mcu_fd_sc_mcu7t5v0__dffq_1)
                                             25.201633   data arrival time

                                100.000000  100.000000   clock system_clock (rise edge)
                                  0.000000  100.000000   clock source latency
     1    0.036579    0.000000    0.000000  100.000000 ^ CLK_I (in)
                                                         CLK_I (net)
                      0.003417    0.001400  100.001396 ^ clkbuf_0_CLK_I/I (gf180mcu_fd_sc_mcu7t5v0__clkbuf_16)
     8    0.208985    0.167533    0.209873  100.211273 ^ clkbuf_0_CLK_I/Z (gf180mcu_fd_sc_mcu7t5v0__clkbuf_16)
                                                         clknet_0_CLK_I (net)
                      0.167622    0.004455  100.215721 ^ clkbuf_3_6__f_CLK_I/I (gf180mcu_fd_sc_mcu7t5v0__clkbuf_16)
    13    0.063776    0.082341    0.184599  100.400322 ^ clkbuf_3_6__f_CLK_I/Z (gf180mcu_fd_sc_mcu7t5v0__clkbuf_16)
                                                         clknet_3_6__leaf_CLK_I (net)
                      0.082342    0.000462  100.400787 ^ _876_/CLK (gf180mcu_fd_sc_mcu7t5v0__dffq_1)
                                 -0.500000   99.900787   clock uncertainty
                                  0.000000   99.900787   clock reconvergence pessimism
                                 -0.138778   99.762009   library setup time
                                             99.762009   data required time
---------------------------------------------------------------------------------------------
                                             99.762009   data required time
                                            -25.201633   data arrival time
---------------------------------------------------------------------------------------------
                                             74.560379   slack (MET)


Startpoint: RST_I (input port clocked by system_clock)
Endpoint: _878_ (rising edge-triggered flip-flop clocked by system_clock)
Path Group: system_clock
Path Type: max

Fanout         Cap        Slew       Delay        Time   Description
---------------------------------------------------------------------------------------------
                                  0.000000    0.000000   clock system_clock (rise edge)
                                  0.000000    0.000000   clock network delay (propagated)
                                 20.000000   20.000000 ^ input external delay
     1    0.007691    0.000000    0.000000   20.000000 ^ RST_I (in)
                                                         RST_I (net)
                      0.000227    0.000092   20.000093 ^ input10/I (gf180mcu_fd_sc_mcu7t5v0__dlyb_1)
    31    0.226578    2.444017    1.899592   21.899685 ^ input10/Z (gf180mcu_fd_sc_mcu7t5v0__dlyb_1)
                                                         net10 (net)
                      2.444253    0.013696   21.913380 ^ _430_/I (gf180mcu_fd_sc_mcu7t5v0__clkinv_1)
    16    0.123768    1.591476    1.291301   23.204681 v _430_/ZN (gf180mcu_fd_sc_mcu7t5v0__clkinv_1)
                                                         _103_ (net)
                      1.591513    0.004304   23.208986 v _491_/A1 (gf180mcu_fd_sc_mcu7t5v0__nand2_1)
     2    0.009473    0.414595    0.413907   23.622892 ^ _491_/ZN (gf180mcu_fd_sc_mcu7t5v0__nand2_1)
                                                         _155_ (net)
                      0.414595    0.000124   23.623016 ^ _502_/C (gf180mcu_fd_sc_mcu7t5v0__aoi211_1)
     5    0.035603    0.544508    0.403412   24.026430 v _502_/ZN (gf180mcu_fd_sc_mcu7t5v0__aoi211_1)
                                                         _166_ (net)
                      0.544508    0.000279   24.026709 v _505_/B (gf180mcu_fd_sc_mcu7t5v0__oai211_1)
     8    0.091144    1.758491    0.951024   24.977732 ^ _505_/ZN (gf180mcu_fd_sc_mcu7t5v0__oai211_1)
                                                         _169_ (net)
                      1.758517    0.003805   24.981537 ^ _528_/S (gf180mcu_fd_sc_mcu7t5v0__mux2_2)
     1    0.003936    0.111448    0.219719   25.201258 v _528_/Z (gf180mcu_fd_sc_mcu7t5v0__mux2_2)
                                                         _012_ (net)
                      0.111448    0.000076   25.201334 v _878_/D (gf180mcu_fd_sc_mcu7t5v0__dffq_1)
                                             25.201334   data arrival time

                                100.000000  100.000000   clock system_clock (rise edge)
                                  0.000000  100.000000   clock source latency
     1    0.036579    0.000000    0.000000  100.000000 ^ CLK_I (in)
                                                         CLK_I (net)
                      0.003417    0.001400  100.001396 ^ clkbuf_0_CLK_I/I (gf180mcu_fd_sc_mcu7t5v0__clkbuf_16)
     8    0.208985    0.167533    0.209873  100.211273 ^ clkbuf_0_CLK_I/Z (gf180mcu_fd_sc_mcu7t5v0__clkbuf_16)
                                                         clknet_0_CLK_I (net)
                      0.167622    0.004455  100.215721 ^ clkbuf_3_6__f_CLK_I/I (gf180mcu_fd_sc_mcu7t5v0__clkbuf_16)
    13    0.063776    0.082341    0.184599  100.400322 ^ clkbuf_3_6__f_CLK_I/Z (gf180mcu_fd_sc_mcu7t5v0__clkbuf_16)
                                                         clknet_3_6__leaf_CLK_I (net)
                      0.082342    0.000313  100.400635 ^ _878_/CLK (gf180mcu_fd_sc_mcu7t5v0__dffq_1)
                                 -0.500000   99.900635   clock uncertainty
                                  0.000000   99.900635   clock reconvergence pessimism
                                 -0.138503   99.762131   library setup time
                                             99.762131   data required time
---------------------------------------------------------------------------------------------
                                             99.762131   data required time
                                            -25.201334   data arrival time
---------------------------------------------------------------------------------------------
                                             74.560799   slack (MET)


Startpoint: RST_I (input port clocked by system_clock)
Endpoint: _877_ (rising edge-triggered flip-flop clocked by system_clock)
Path Group: system_clock
Path Type: max

Fanout         Cap        Slew       Delay        Time   Description
---------------------------------------------------------------------------------------------
                                  0.000000    0.000000   clock system_clock (rise edge)
                                  0.000000    0.000000   clock network delay (propagated)
                                 20.000000   20.000000 ^ input external delay
     1    0.007691    0.000000    0.000000   20.000000 ^ RST_I (in)
                                                         RST_I (net)
                      0.000227    0.000092   20.000093 ^ input10/I (gf180mcu_fd_sc_mcu7t5v0__dlyb_1)
    31    0.226578    2.444017    1.899592   21.899685 ^ input10/Z (gf180mcu_fd_sc_mcu7t5v0__dlyb_1)
                                                         net10 (net)
                      2.444253    0.013696   21.913380 ^ _430_/I (gf180mcu_fd_sc_mcu7t5v0__clkinv_1)
    16    0.123768    1.591476    1.291301   23.204681 v _430_/ZN (gf180mcu_fd_sc_mcu7t5v0__clkinv_1)
                                                         _103_ (net)
                      1.591513    0.004304   23.208986 v _491_/A1 (gf180mcu_fd_sc_mcu7t5v0__nand2_1)
     2    0.009473    0.414595    0.413907   23.622892 ^ _491_/ZN (gf180mcu_fd_sc_mcu7t5v0__nand2_1)
                                                         _155_ (net)
                      0.414595    0.000124   23.623016 ^ _502_/C (gf180mcu_fd_sc_mcu7t5v0__aoi211_1)
     5    0.035603    0.544508    0.403412   24.026430 v _502_/ZN (gf180mcu_fd_sc_mcu7t5v0__aoi211_1)
                                                         _166_ (net)
                      0.544508    0.000279   24.026709 v _505_/B (gf180mcu_fd_sc_mcu7t5v0__oai211_1)
     8    0.091144    1.758491    0.951024   24.977732 ^ _505_/ZN (gf180mcu_fd_sc_mcu7t5v0__oai211_1)
                                                         _169_ (net)
                      1.758511    0.003336   24.981068 ^ _523_/S (gf180mcu_fd_sc_mcu7t5v0__mux2_2)
     1    0.003431    0.108533    0.217472   25.198542 v _523_/Z (gf180mcu_fd_sc_mcu7t5v0__mux2_2)
                                                         _011_ (net)
                      0.108533    0.000066   25.198606 v _877_/D (gf180mcu_fd_sc_mcu7t5v0__dffq_1)
                                             25.198606   data arrival time

                                100.000000  100.000000   clock system_clock (rise edge)
                                  0.000000  100.000000   clock source latency
     1    0.036579    0.000000    0.000000  100.000000 ^ CLK_I (in)
                                                         CLK_I (net)
                      0.003417    0.001400  100.001396 ^ clkbuf_0_CLK_I/I (gf180mcu_fd_sc_mcu7t5v0__clkbuf_16)
     8    0.208985    0.167533    0.209873  100.211273 ^ clkbuf_0_CLK_I/Z (gf180mcu_fd_sc_mcu7t5v0__clkbuf_16)
                                                         clknet_0_CLK_I (net)
                      0.167554    0.002828  100.214096 ^ clkbuf_3_5__f_CLK_I/I (gf180mcu_fd_sc_mcu7t5v0__clkbuf_16)
    11    0.066350    0.083759    0.185651  100.399750 ^ clkbuf_3_5__f_CLK_I/Z (gf180mcu_fd_sc_mcu7t5v0__clkbuf_16)
                                                         clknet_3_5__leaf_CLK_I (net)
                      0.083759    0.000469  100.400215 ^ _877_/CLK (gf180mcu_fd_sc_mcu7t5v0__dffq_1)
                                 -0.500000   99.900215   clock uncertainty
                                  0.000000   99.900215   clock reconvergence pessimism
                                 -0.137292   99.762924   library setup time
                                             99.762924   data required time
---------------------------------------------------------------------------------------------
                                             99.762924   data required time
                                            -25.198606   data arrival time
---------------------------------------------------------------------------------------------
                                             74.564316   slack (MET)


Startpoint: RST_I (input port clocked by system_clock)
Endpoint: _874_ (rising edge-triggered flip-flop clocked by system_clock)
Path Group: system_clock
Path Type: max

Fanout         Cap        Slew       Delay        Time   Description
---------------------------------------------------------------------------------------------
                                  0.000000    0.000000   clock system_clock (rise edge)
                                  0.000000    0.000000   clock network delay (propagated)
                                 20.000000   20.000000 ^ input external delay
     1    0.007691    0.000000    0.000000   20.000000 ^ RST_I (in)
                                                         RST_I (net)
                      0.000227    0.000092   20.000093 ^ input10/I (gf180mcu_fd_sc_mcu7t5v0__dlyb_1)
    31    0.226578    2.444017    1.899592   21.899685 ^ input10/Z (gf180mcu_fd_sc_mcu7t5v0__dlyb_1)
                                                         net10 (net)
                      2.444253    0.013696   21.913380 ^ _430_/I (gf180mcu_fd_sc_mcu7t5v0__clkinv_1)
    16    0.123768    1.591476    1.291301   23.204681 v _430_/ZN (gf180mcu_fd_sc_mcu7t5v0__clkinv_1)
                                                         _103_ (net)
                      1.591513    0.004304   23.208986 v _491_/A1 (gf180mcu_fd_sc_mcu7t5v0__nand2_1)
     2    0.009473    0.414595    0.413907   23.622892 ^ _491_/ZN (gf180mcu_fd_sc_mcu7t5v0__nand2_1)
                                                         _155_ (net)
                      0.414595    0.000124   23.623016 ^ _502_/C (gf180mcu_fd_sc_mcu7t5v0__aoi211_1)
     5    0.035603    0.544508    0.403412   24.026430 v _502_/ZN (gf180mcu_fd_sc_mcu7t5v0__aoi211_1)
                                                         _166_ (net)
                      0.544508    0.000279   24.026709 v _505_/B (gf180mcu_fd_sc_mcu7t5v0__oai211_1)
     8    0.091144    1.758491    0.951024   24.977732 ^ _505_/ZN (gf180mcu_fd_sc_mcu7t5v0__oai211_1)
                                                         _169_ (net)
                      1.758505    0.002776   24.980509 ^ _508_/B2 (gf180mcu_fd_sc_mcu7t5v0__aoi22_1)
     1    0.002947    0.486861    0.071511   25.052019 v _508_/ZN (gf180mcu_fd_sc_mcu7t5v0__aoi22_1)
                                                         _008_ (net)
                      0.486861    0.000028   25.052048 v _874_/D (gf180mcu_fd_sc_mcu7t5v0__dffq_1)
                                             25.052048   data arrival time

                                100.000000  100.000000   clock system_clock (rise edge)
                                  0.000000  100.000000   clock source latency
     1    0.036579    0.000000    0.000000  100.000000 ^ CLK_I (in)
                                                         CLK_I (net)
                      0.003417    0.001400  100.001396 ^ clkbuf_0_CLK_I/I (gf180mcu_fd_sc_mcu7t5v0__clkbuf_16)
     8    0.208985    0.167533    0.209873  100.211273 ^ clkbuf_0_CLK_I/Z (gf180mcu_fd_sc_mcu7t5v0__clkbuf_16)
                                                         clknet_0_CLK_I (net)
                      0.167622    0.004455  100.215721 ^ clkbuf_3_6__f_CLK_I/I (gf180mcu_fd_sc_mcu7t5v0__clkbuf_16)
    13    0.063776    0.082341    0.184599  100.400322 ^ clkbuf_3_6__f_CLK_I/Z (gf180mcu_fd_sc_mcu7t5v0__clkbuf_16)
                                                         clknet_3_6__leaf_CLK_I (net)
                      0.082342    0.000533  100.400856 ^ _874_/CLK (gf180mcu_fd_sc_mcu7t5v0__dffq_1)
                                 -0.500000   99.900856   clock uncertainty
                                  0.000000   99.900856   clock reconvergence pessimism
                                 -0.271952   99.628899   library setup time
                                             99.628899   data required time
---------------------------------------------------------------------------------------------
                                             99.628899   data required time
                                            -25.052048   data arrival time
---------------------------------------------------------------------------------------------
                                             74.576859   slack (MET)


Startpoint: RST_I (input port clocked by system_clock)
Endpoint: _840_ (rising edge-triggered flip-flop clocked by system_clock)
Path Group: system_clock
Path Type: max

Fanout         Cap        Slew       Delay        Time   Description
---------------------------------------------------------------------------------------------
                                  0.000000    0.000000   clock system_clock (rise edge)
                                  0.000000    0.000000   clock network delay (propagated)
                                 20.000000   20.000000 ^ input external delay
     1    0.007691    0.000000    0.000000   20.000000 ^ RST_I (in)
                                                         RST_I (net)
                      0.000227    0.000092   20.000093 ^ input10/I (gf180mcu_fd_sc_mcu7t5v0__dlyb_1)
    31    0.226578    2.444017    1.899592   21.899685 ^ input10/Z (gf180mcu_fd_sc_mcu7t5v0__dlyb_1)
                                                         net10 (net)
                      2.444253    0.013696   21.913380 ^ _430_/I (gf180mcu_fd_sc_mcu7t5v0__clkinv_1)
    16    0.123768    1.591476    1.291301   23.204681 v _430_/ZN (gf180mcu_fd_sc_mcu7t5v0__clkinv_1)
                                                         _103_ (net)
                      1.591488    0.002487   23.207169 v _680_/A2 (gf180mcu_fd_sc_mcu7t5v0__nand2_1)
     3    0.028520    0.643015    0.673436   23.880606 ^ _680_/ZN (gf180mcu_fd_sc_mcu7t5v0__nand2_1)
                                                         _321_ (net)
                      0.643015    0.000158   23.880762 ^ _760_/A2 (gf180mcu_fd_sc_mcu7t5v0__nor4_1)
     5    0.049191    0.772142    0.570257   24.451019 v _760_/ZN (gf180mcu_fd_sc_mcu7t5v0__nor4_1)
                                                         _383_ (net)
                      0.772144    0.001823   24.452843 v max_cap35/I (gf180mcu_fd_sc_mcu7t5v0__buf_2)
     4    0.046020    0.185487    0.405207   24.858049 v max_cap35/Z (gf180mcu_fd_sc_mcu7t5v0__buf_2)
                                                         net35 (net)
                      0.185490    0.001283   24.859331 v _767_/S (gf180mcu_fd_sc_mcu7t5v0__mux2_2)
     1    0.005139    0.071521    0.264953   25.124285 ^ _767_/Z (gf180mcu_fd_sc_mcu7t5v0__mux2_2)
                                                         _053_ (net)
                      0.071521    0.000101   25.124386 ^ _840_/D (gf180mcu_fd_sc_mcu7t5v0__dffq_1)
                                             25.124386   data arrival time

                                100.000000  100.000000   clock system_clock (rise edge)
                                  0.000000  100.000000   clock source latency
     1    0.036579    0.000000    0.000000  100.000000 ^ CLK_I (in)
                                                         CLK_I (net)
                      0.003417    0.001400  100.001396 ^ clkbuf_0_CLK_I/I (gf180mcu_fd_sc_mcu7t5v0__clkbuf_16)
     8    0.208985    0.167533    0.209873  100.211273 ^ clkbuf_0_CLK_I/Z (gf180mcu_fd_sc_mcu7t5v0__clkbuf_16)
                                                         clknet_0_CLK_I (net)
                      0.167587    0.003837  100.215103 ^ clkbuf_3_2__f_CLK_I/I (gf180mcu_fd_sc_mcu7t5v0__clkbuf_16)
    14    0.060187    0.080307    0.182844  100.397949 ^ clkbuf_3_2__f_CLK_I/Z (gf180mcu_fd_sc_mcu7t5v0__clkbuf_16)
                                                         clknet_3_2__leaf_CLK_I (net)
                      0.080309    0.000803  100.398750 ^ _840_/CLK (gf180mcu_fd_sc_mcu7t5v0__dffq_1)
                                 -0.500000   99.898750   clock uncertainty
                                  0.000000   99.898750   clock reconvergence pessimism
                                 -0.122511   99.776237   library setup time
                                             99.776237   data required time
---------------------------------------------------------------------------------------------
                                             99.776237   data required time
                                            -25.124386   data arrival time
---------------------------------------------------------------------------------------------
                                             74.651855   slack (MET)


Startpoint: RST_I (input port clocked by system_clock)
Endpoint: _843_ (rising edge-triggered flip-flop clocked by system_clock)
Path Group: system_clock
Path Type: max

Fanout         Cap        Slew       Delay        Time   Description
---------------------------------------------------------------------------------------------
                                  0.000000    0.000000   clock system_clock (rise edge)
                                  0.000000    0.000000   clock network delay (propagated)
                                 20.000000   20.000000 ^ input external delay
     1    0.007691    0.000000    0.000000   20.000000 ^ RST_I (in)
                                                         RST_I (net)
                      0.000227    0.000092   20.000093 ^ input10/I (gf180mcu_fd_sc_mcu7t5v0__dlyb_1)
    31    0.226578    2.444017    1.899592   21.899685 ^ input10/Z (gf180mcu_fd_sc_mcu7t5v0__dlyb_1)
                                                         net10 (net)
                      2.444253    0.013696   21.913380 ^ _430_/I (gf180mcu_fd_sc_mcu7t5v0__clkinv_1)
    16    0.123768    1.591476    1.291301   23.204681 v _430_/ZN (gf180mcu_fd_sc_mcu7t5v0__clkinv_1)
                                                         _103_ (net)
                      1.591488    0.002487   23.207169 v _680_/A2 (gf180mcu_fd_sc_mcu7t5v0__nand2_1)
     3    0.028520    0.643015    0.673436   23.880606 ^ _680_/ZN (gf180mcu_fd_sc_mcu7t5v0__nand2_1)
                                                         _321_ (net)
                      0.643015    0.000158   23.880762 ^ _760_/A2 (gf180mcu_fd_sc_mcu7t5v0__nor4_1)
     5    0.049191    0.772142    0.570257   24.451019 v _760_/ZN (gf180mcu_fd_sc_mcu7t5v0__nor4_1)
                                                         _383_ (net)
                      0.772144    0.001823   24.452843 v max_cap35/I (gf180mcu_fd_sc_mcu7t5v0__buf_2)
     4    0.046020    0.185487    0.405207   24.858049 v max_cap35/Z (gf180mcu_fd_sc_mcu7t5v0__buf_2)
                                                         net35 (net)
                      0.185487    0.000693   24.858742 v _770_/S (gf180mcu_fd_sc_mcu7t5v0__mux2_2)
     1    0.004364    0.067593    0.262340   25.121080 ^ _770_/Z (gf180mcu_fd_sc_mcu7t5v0__mux2_2)
                                                         _056_ (net)
                      0.067593    0.000085   25.121166 ^ _843_/D (gf180mcu_fd_sc_mcu7t5v0__dffq_1)
                                             25.121166   data arrival time

                                100.000000  100.000000   clock system_clock (rise edge)
                                  0.000000  100.000000   clock source latency
     1    0.036579    0.000000    0.000000  100.000000 ^ CLK_I (in)
                                                         CLK_I (net)
                      0.003417    0.001400  100.001396 ^ clkbuf_0_CLK_I/I (gf180mcu_fd_sc_mcu7t5v0__clkbuf_16)
     8    0.208985    0.167533    0.209873  100.211273 ^ clkbuf_0_CLK_I/Z (gf180mcu_fd_sc_mcu7t5v0__clkbuf_16)
                                                         clknet_0_CLK_I (net)
                      0.167574    0.003553  100.214821 ^ clkbuf_3_3__f_CLK_I/I (gf180mcu_fd_sc_mcu7t5v0__clkbuf_16)
    10    0.068751    0.085081    0.186652  100.401474 ^ clkbuf_3_3__f_CLK_I/Z (gf180mcu_fd_sc_mcu7t5v0__clkbuf_16)
                                                         clknet_3_3__leaf_CLK_I (net)
                      0.085084    0.000810  100.402283 ^ _843_/CLK (gf180mcu_fd_sc_mcu7t5v0__dffq_1)
                                 -0.500000   99.902283   clock uncertainty
                                  0.000000   99.902283   clock reconvergence pessimism
                                 -0.120670   99.781609   library setup time
                                             99.781609   data required time
---------------------------------------------------------------------------------------------
                                             99.781609   data required time
                                            -25.121166   data arrival time
---------------------------------------------------------------------------------------------
                                             74.660446   slack (MET)


Startpoint: RST_I (input port clocked by system_clock)
Endpoint: _841_ (rising edge-triggered flip-flop clocked by system_clock)
Path Group: system_clock
Path Type: max

Fanout         Cap        Slew       Delay        Time   Description
---------------------------------------------------------------------------------------------
                                  0.000000    0.000000   clock system_clock (rise edge)
                                  0.000000    0.000000   clock network delay (propagated)
                                 20.000000   20.000000 ^ input external delay
     1    0.007691    0.000000    0.000000   20.000000 ^ RST_I (in)
                                                         RST_I (net)
                      0.000227    0.000092   20.000093 ^ input10/I (gf180mcu_fd_sc_mcu7t5v0__dlyb_1)
    31    0.226578    2.444017    1.899592   21.899685 ^ input10/Z (gf180mcu_fd_sc_mcu7t5v0__dlyb_1)
                                                         net10 (net)
                      2.444253    0.013696   21.913380 ^ _430_/I (gf180mcu_fd_sc_mcu7t5v0__clkinv_1)
    16    0.123768    1.591476    1.291301   23.204681 v _430_/ZN (gf180mcu_fd_sc_mcu7t5v0__clkinv_1)
                                                         _103_ (net)
                      1.591488    0.002487   23.207169 v _680_/A2 (gf180mcu_fd_sc_mcu7t5v0__nand2_1)
     3    0.028520    0.643015    0.673436   23.880606 ^ _680_/ZN (gf180mcu_fd_sc_mcu7t5v0__nand2_1)
                                                         _321_ (net)
                      0.643015    0.000158   23.880762 ^ _760_/A2 (gf180mcu_fd_sc_mcu7t5v0__nor4_1)
     5    0.049191    0.772142    0.570257   24.451019 v _760_/ZN (gf180mcu_fd_sc_mcu7t5v0__nor4_1)
                                                         _383_ (net)
                      0.772144    0.001823   24.452843 v max_cap35/I (gf180mcu_fd_sc_mcu7t5v0__buf_2)
     4    0.046020    0.185487    0.405207   24.858049 v max_cap35/Z (gf180mcu_fd_sc_mcu7t5v0__buf_2)
                                                         net35 (net)
                      0.185489    0.001178   24.859226 v _768_/S (gf180mcu_fd_sc_mcu7t5v0__mux2_2)
     1    0.003077    0.061618    0.257172   25.116398 ^ _768_/Z (gf180mcu_fd_sc_mcu7t5v0__mux2_2)
                                                         _054_ (net)
                      0.061618    0.000055   25.116453 ^ _841_/D (gf180mcu_fd_sc_mcu7t5v0__dffq_1)
                                             25.116453   data arrival time

                                100.000000  100.000000   clock system_clock (rise edge)
                                  0.000000  100.000000   clock source latency
     1    0.036579    0.000000    0.000000  100.000000 ^ CLK_I (in)
                                                         CLK_I (net)
                      0.003417    0.001400  100.001396 ^ clkbuf_0_CLK_I/I (gf180mcu_fd_sc_mcu7t5v0__clkbuf_16)
     8    0.208985    0.167533    0.209873  100.211273 ^ clkbuf_0_CLK_I/Z (gf180mcu_fd_sc_mcu7t5v0__clkbuf_16)
                                                         clknet_0_CLK_I (net)
                      0.167587    0.003837  100.215103 ^ clkbuf_3_2__f_CLK_I/I (gf180mcu_fd_sc_mcu7t5v0__clkbuf_16)
    14    0.060187    0.080307    0.182844  100.397949 ^ clkbuf_3_2__f_CLK_I/Z (gf180mcu_fd_sc_mcu7t5v0__clkbuf_16)
                                                         clknet_3_2__leaf_CLK_I (net)
                      0.080309    0.000796  100.398743 ^ _841_/CLK (gf180mcu_fd_sc_mcu7t5v0__dffq_1)
                                 -0.500000   99.898743   clock uncertainty
                                  0.000000   99.898743   clock reconvergence pessimism
                                 -0.120888   99.777863   library setup time
                                             99.777863   data required time
---------------------------------------------------------------------------------------------
                                             99.777863   data required time
                                            -25.116453   data arrival time
---------------------------------------------------------------------------------------------
                                             74.661400   slack (MET)


Startpoint: RST_I (input port clocked by system_clock)
Endpoint: _842_ (rising edge-triggered flip-flop clocked by system_clock)
Path Group: system_clock
Path Type: max

Fanout         Cap        Slew       Delay        Time   Description
---------------------------------------------------------------------------------------------
                                  0.000000    0.000000   clock system_clock (rise edge)
                                  0.000000    0.000000   clock network delay (propagated)
                                 20.000000   20.000000 ^ input external delay
     1    0.007691    0.000000    0.000000   20.000000 ^ RST_I (in)
                                                         RST_I (net)
                      0.000227    0.000092   20.000093 ^ input10/I (gf180mcu_fd_sc_mcu7t5v0__dlyb_1)
    31    0.226578    2.444017    1.899592   21.899685 ^ input10/Z (gf180mcu_fd_sc_mcu7t5v0__dlyb_1)
                                                         net10 (net)
                      2.444253    0.013696   21.913380 ^ _430_/I (gf180mcu_fd_sc_mcu7t5v0__clkinv_1)
    16    0.123768    1.591476    1.291301   23.204681 v _430_/ZN (gf180mcu_fd_sc_mcu7t5v0__clkinv_1)
                                                         _103_ (net)
                      1.591488    0.002487   23.207169 v _680_/A2 (gf180mcu_fd_sc_mcu7t5v0__nand2_1)
     3    0.028520    0.643015    0.673436   23.880606 ^ _680_/ZN (gf180mcu_fd_sc_mcu7t5v0__nand2_1)
                                                         _321_ (net)
                      0.643015    0.000158   23.880762 ^ _760_/A2 (gf180mcu_fd_sc_mcu7t5v0__nor4_1)
     5    0.049191    0.772142    0.570257   24.451019 v _760_/ZN (gf180mcu_fd_sc_mcu7t5v0__nor4_1)
                                                         _383_ (net)
                      0.772144    0.001823   24.452843 v max_cap35/I (gf180mcu_fd_sc_mcu7t5v0__buf_2)
     4    0.046020    0.185487    0.405207   24.858049 v max_cap35/Z (gf180mcu_fd_sc_mcu7t5v0__buf_2)
                                                         net35 (net)
                      0.185487    0.000876   24.858925 v _769_/S (gf180mcu_fd_sc_mcu7t5v0__mux2_2)
     1    0.002761    0.059766    0.255884   25.114809 ^ _769_/Z (gf180mcu_fd_sc_mcu7t5v0__mux2_2)
                                                         _055_ (net)
                      0.059766    0.000027   25.114836 ^ _842_/D (gf180mcu_fd_sc_mcu7t5v0__dffq_1)
                                             25.114836   data arrival time

                                100.000000  100.000000   clock system_clock (rise edge)
                                  0.000000  100.000000   clock source latency
     1    0.036579    0.000000    0.000000  100.000000 ^ CLK_I (in)
                                                         CLK_I (net)
                      0.003417    0.001400  100.001396 ^ clkbuf_0_CLK_I/I (gf180mcu_fd_sc_mcu7t5v0__clkbuf_16)
     8    0.208985    0.167533    0.209873  100.211273 ^ clkbuf_0_CLK_I/Z (gf180mcu_fd_sc_mcu7t5v0__clkbuf_16)
                                                         clknet_0_CLK_I (net)
                      0.167587    0.003837  100.215103 ^ clkbuf_3_2__f_CLK_I/I (gf180mcu_fd_sc_mcu7t5v0__clkbuf_16)
    14    0.060187    0.080307    0.182844  100.397949 ^ clkbuf_3_2__f_CLK_I/Z (gf180mcu_fd_sc_mcu7t5v0__clkbuf_16)
                                                         clknet_3_2__leaf_CLK_I (net)
                      0.080309    0.000732  100.398682 ^ _842_/CLK (gf180mcu_fd_sc_mcu7t5v0__dffq_1)
                                 -0.500000   99.898682   clock uncertainty
                                  0.000000   99.898682   clock reconvergence pessimism
                                 -0.120585   99.778091   library setup time
                                             99.778091   data required time
---------------------------------------------------------------------------------------------
                                             99.778091   data required time
                                            -25.114836   data arrival time
---------------------------------------------------------------------------------------------
                                             74.663254   slack (MET)


Startpoint: RST_I (input port clocked by system_clock)
Endpoint: _824_ (rising edge-triggered flip-flop clocked by system_clock)
Path Group: system_clock
Path Type: max

Fanout         Cap        Slew       Delay        Time   Description
---------------------------------------------------------------------------------------------
                                  0.000000    0.000000   clock system_clock (rise edge)
                                  0.000000    0.000000   clock network delay (propagated)
                                 20.000000   20.000000 ^ input external delay
     1    0.007691    0.000000    0.000000   20.000000 ^ RST_I (in)
                                                         RST_I (net)
                      0.000227    0.000092   20.000093 ^ input10/I (gf180mcu_fd_sc_mcu7t5v0__dlyb_1)
    31    0.226578    2.444017    1.899592   21.899685 ^ input10/Z (gf180mcu_fd_sc_mcu7t5v0__dlyb_1)
                                                         net10 (net)
                      2.444253    0.013696   21.913380 ^ _430_/I (gf180mcu_fd_sc_mcu7t5v0__clkinv_1)
    16    0.123768    1.591476    1.291301   23.204681 v _430_/ZN (gf180mcu_fd_sc_mcu7t5v0__clkinv_1)
                                                         _103_ (net)
                      1.591490    0.002693   23.207375 v _678_/B (gf180mcu_fd_sc_mcu7t5v0__oai21_1)
     2    0.011864    0.562663    0.572362   23.779736 ^ _678_/ZN (gf180mcu_fd_sc_mcu7t5v0__oai21_1)
                                                         _319_ (net)
                      0.562663    0.000083   23.779819 ^ _681_/A3 (gf180mcu_fd_sc_mcu7t5v0__nor4_1)
     5    0.053561    0.813715    0.606388   24.386208 v _681_/ZN (gf180mcu_fd_sc_mcu7t5v0__nor4_1)
                                                         _322_ (net)
                      0.813745    0.002764   24.388971 v max_cap36/I (gf180mcu_fd_sc_mcu7t5v0__buf_2)
     4    0.053496    0.207442    0.429392   24.818363 v max_cap36/Z (gf180mcu_fd_sc_mcu7t5v0__buf_2)
                                                         net36 (net)
                      0.207473    0.001485   24.819849 v _691_/S (gf180mcu_fd_sc_mcu7t5v0__mux2_2)
     1    0.006866    0.087362    0.277238   25.097086 ^ _691_/Z (gf180mcu_fd_sc_mcu7t5v0__mux2_2)
                                                         _037_ (net)
                      0.087362    0.000167   25.097254 ^ _824_/D (gf180mcu_fd_sc_mcu7t5v0__dffq_1)
                                             25.097254   data arrival time

                                100.000000  100.000000   clock system_clock (rise edge)
                                  0.000000  100.000000   clock source latency
     1    0.036579    0.000000    0.000000  100.000000 ^ CLK_I (in)
                                                         CLK_I (net)
                      0.003417    0.001400  100.001396 ^ clkbuf_0_CLK_I/I (gf180mcu_fd_sc_mcu7t5v0__clkbuf_16)
     8    0.208985    0.167533    0.209873  100.211273 ^ clkbuf_0_CLK_I/Z (gf180mcu_fd_sc_mcu7t5v0__clkbuf_16)
                                                         clknet_0_CLK_I (net)
                      0.167658    0.004967  100.216240 ^ clkbuf_3_7__f_CLK_I/I (gf180mcu_fd_sc_mcu7t5v0__clkbuf_16)
    13    0.062541    0.081634    0.183974  100.400208 ^ clkbuf_3_7__f_CLK_I/Z (gf180mcu_fd_sc_mcu7t5v0__clkbuf_16)
                                                         clknet_3_7__leaf_CLK_I (net)
                      0.081638    0.000966  100.401176 ^ _824_/CLK (gf180mcu_fd_sc_mcu7t5v0__dffq_1)
                                 -0.500000   99.901176   clock uncertainty
                                  0.000000   99.901176   clock reconvergence pessimism
                                 -0.124777   99.776398   library setup time
                                             99.776398   data required time
---------------------------------------------------------------------------------------------
                                             99.776398   data required time
                                            -25.097254   data arrival time
---------------------------------------------------------------------------------------------
                                             74.679146   slack (MET)


Startpoint: RST_I (input port clocked by system_clock)
Endpoint: _821_ (rising edge-triggered flip-flop clocked by system_clock)
Path Group: system_clock
Path Type: max

Fanout         Cap        Slew       Delay        Time   Description
---------------------------------------------------------------------------------------------
                                  0.000000    0.000000   clock system_clock (rise edge)
                                  0.000000    0.000000   clock network delay (propagated)
                                 20.000000   20.000000 ^ input external delay
     1    0.007691    0.000000    0.000000   20.000000 ^ RST_I (in)
                                                         RST_I (net)
                      0.000227    0.000092   20.000093 ^ input10/I (gf180mcu_fd_sc_mcu7t5v0__dlyb_1)
    31    0.226578    2.444017    1.899592   21.899685 ^ input10/Z (gf180mcu_fd_sc_mcu7t5v0__dlyb_1)
                                                         net10 (net)
                      2.444253    0.013696   21.913380 ^ _430_/I (gf180mcu_fd_sc_mcu7t5v0__clkinv_1)
    16    0.123768    1.591476    1.291301   23.204681 v _430_/ZN (gf180mcu_fd_sc_mcu7t5v0__clkinv_1)
                                                         _103_ (net)
                      1.591490    0.002693   23.207375 v _678_/B (gf180mcu_fd_sc_mcu7t5v0__oai21_1)
     2    0.011864    0.562663    0.572362   23.779736 ^ _678_/ZN (gf180mcu_fd_sc_mcu7t5v0__oai21_1)
                                                         _319_ (net)
                      0.562663    0.000083   23.779819 ^ _681_/A3 (gf180mcu_fd_sc_mcu7t5v0__nor4_1)
     5    0.053561    0.813715    0.606388   24.386208 v _681_/ZN (gf180mcu_fd_sc_mcu7t5v0__nor4_1)
                                                         _322_ (net)
                      0.813745    0.002764   24.388971 v max_cap36/I (gf180mcu_fd_sc_mcu7t5v0__buf_2)
     4    0.053496    0.207442    0.429392   24.818363 v max_cap36/Z (gf180mcu_fd_sc_mcu7t5v0__buf_2)
                                                         net36 (net)
                      0.207457    0.001023   24.819386 v _687_/S (gf180mcu_fd_sc_mcu7t5v0__mux2_2)
     1    0.005837    0.083899    0.273793   25.093180 ^ _687_/Z (gf180mcu_fd_sc_mcu7t5v0__mux2_2)
                                                         _034_ (net)
                      0.083899    0.000085   25.093266 ^ _821_/D (gf180mcu_fd_sc_mcu7t5v0__dffq_1)
                                             25.093266   data arrival time

                                100.000000  100.000000   clock system_clock (rise edge)
                                  0.000000  100.000000   clock source latency
     1    0.036579    0.000000    0.000000  100.000000 ^ CLK_I (in)
                                                         CLK_I (net)
                      0.003417    0.001400  100.001396 ^ clkbuf_0_CLK_I/I (gf180mcu_fd_sc_mcu7t5v0__clkbuf_16)
     8    0.208985    0.167533    0.209873  100.211273 ^ clkbuf_0_CLK_I/Z (gf180mcu_fd_sc_mcu7t5v0__clkbuf_16)
                                                         clknet_0_CLK_I (net)
                      0.167658    0.004967  100.216240 ^ clkbuf_3_7__f_CLK_I/I (gf180mcu_fd_sc_mcu7t5v0__clkbuf_16)
    13    0.062541    0.081634    0.183974  100.400208 ^ clkbuf_3_7__f_CLK_I/Z (gf180mcu_fd_sc_mcu7t5v0__clkbuf_16)
                                                         clknet_3_7__leaf_CLK_I (net)
                      0.081637    0.000846  100.401054 ^ _821_/CLK (gf180mcu_fd_sc_mcu7t5v0__dffq_1)
                                 -0.500000   99.901054   clock uncertainty
                                  0.000000   99.901054   clock reconvergence pessimism
                                 -0.124209   99.776840   library setup time
                                             99.776840   data required time
---------------------------------------------------------------------------------------------
                                             99.776840   data required time
                                            -25.093266   data arrival time
---------------------------------------------------------------------------------------------
                                             74.683578   slack (MET)


Startpoint: RST_I (input port clocked by system_clock)
Endpoint: _823_ (rising edge-triggered flip-flop clocked by system_clock)
Path Group: system_clock
Path Type: max

Fanout         Cap        Slew       Delay        Time   Description
---------------------------------------------------------------------------------------------
                                  0.000000    0.000000   clock system_clock (rise edge)
                                  0.000000    0.000000   clock network delay (propagated)
                                 20.000000   20.000000 ^ input external delay
     1    0.007691    0.000000    0.000000   20.000000 ^ RST_I (in)
                                                         RST_I (net)
                      0.000227    0.000092   20.000093 ^ input10/I (gf180mcu_fd_sc_mcu7t5v0__dlyb_1)
    31    0.226578    2.444017    1.899592   21.899685 ^ input10/Z (gf180mcu_fd_sc_mcu7t5v0__dlyb_1)
                                                         net10 (net)
                      2.444253    0.013696   21.913380 ^ _430_/I (gf180mcu_fd_sc_mcu7t5v0__clkinv_1)
    16    0.123768    1.591476    1.291301   23.204681 v _430_/ZN (gf180mcu_fd_sc_mcu7t5v0__clkinv_1)
                                                         _103_ (net)
                      1.591490    0.002693   23.207375 v _678_/B (gf180mcu_fd_sc_mcu7t5v0__oai21_1)
     2    0.011864    0.562663    0.572362   23.779736 ^ _678_/ZN (gf180mcu_fd_sc_mcu7t5v0__oai21_1)
                                                         _319_ (net)
                      0.562663    0.000083   23.779819 ^ _681_/A3 (gf180mcu_fd_sc_mcu7t5v0__nor4_1)
     5    0.053561    0.813715    0.606388   24.386208 v _681_/ZN (gf180mcu_fd_sc_mcu7t5v0__nor4_1)
                                                         _322_ (net)
                      0.813745    0.002764   24.388971 v max_cap36/I (gf180mcu_fd_sc_mcu7t5v0__buf_2)
     4    0.053496    0.207442    0.429392   24.818363 v max_cap36/Z (gf180mcu_fd_sc_mcu7t5v0__buf_2)
                                                         net36 (net)
                      0.207471    0.001437   24.819799 v _690_/S (gf180mcu_fd_sc_mcu7t5v0__mux2_2)
     1    0.004604    0.077125    0.269642   25.089443 ^ _690_/Z (gf180mcu_fd_sc_mcu7t5v0__mux2_2)
                                                         _036_ (net)
                      0.077125    0.000092   25.089535 ^ _823_/D (gf180mcu_fd_sc_mcu7t5v0__dffq_1)
                                             25.089535   data arrival time

                                100.000000  100.000000   clock system_clock (rise edge)
                                  0.000000  100.000000   clock source latency
     1    0.036579    0.000000    0.000000  100.000000 ^ CLK_I (in)
                                                         CLK_I (net)
                      0.003417    0.001400  100.001396 ^ clkbuf_0_CLK_I/I (gf180mcu_fd_sc_mcu7t5v0__clkbuf_16)
     8    0.208985    0.167533    0.209873  100.211273 ^ clkbuf_0_CLK_I/Z (gf180mcu_fd_sc_mcu7t5v0__clkbuf_16)
                                                         clknet_0_CLK_I (net)
                      0.167622    0.004455  100.215721 ^ clkbuf_3_6__f_CLK_I/I (gf180mcu_fd_sc_mcu7t5v0__clkbuf_16)
    13    0.063776    0.082341    0.184599  100.400322 ^ clkbuf_3_6__f_CLK_I/Z (gf180mcu_fd_sc_mcu7t5v0__clkbuf_16)
                                                         clknet_3_6__leaf_CLK_I (net)
                      0.082341    0.000128  100.400452 ^ _823_/CLK (gf180mcu_fd_sc_mcu7t5v0__dffq_1)
                                 -0.500000   99.900452   clock uncertainty
                                  0.000000   99.900452   clock reconvergence pessimism
                                 -0.122922   99.777527   library setup time
                                             99.777527   data required time
---------------------------------------------------------------------------------------------
                                             99.777527   data required time
                                            -25.089535   data arrival time
---------------------------------------------------------------------------------------------
                                             74.687988   slack (MET)


Startpoint: RST_I (input port clocked by system_clock)
Endpoint: _825_ (rising edge-triggered flip-flop clocked by system_clock)
Path Group: system_clock
Path Type: max

Fanout         Cap        Slew       Delay        Time   Description
---------------------------------------------------------------------------------------------
                                  0.000000    0.000000   clock system_clock (rise edge)
                                  0.000000    0.000000   clock network delay (propagated)
                                 20.000000   20.000000 ^ input external delay
     1    0.007691    0.000000    0.000000   20.000000 ^ RST_I (in)
                                                         RST_I (net)
                      0.000227    0.000092   20.000093 ^ input10/I (gf180mcu_fd_sc_mcu7t5v0__dlyb_1)
    31    0.226578    2.444017    1.899592   21.899685 ^ input10/Z (gf180mcu_fd_sc_mcu7t5v0__dlyb_1)
                                                         net10 (net)
                      2.444253    0.013696   21.913380 ^ _430_/I (gf180mcu_fd_sc_mcu7t5v0__clkinv_1)
    16    0.123768    1.591476    1.291301   23.204681 v _430_/ZN (gf180mcu_fd_sc_mcu7t5v0__clkinv_1)
                                                         _103_ (net)
                      1.591490    0.002693   23.207375 v _678_/B (gf180mcu_fd_sc_mcu7t5v0__oai21_1)
     2    0.011864    0.562663    0.572362   23.779736 ^ _678_/ZN (gf180mcu_fd_sc_mcu7t5v0__oai21_1)
                                                         _319_ (net)
                      0.562663    0.000083   23.779819 ^ _681_/A3 (gf180mcu_fd_sc_mcu7t5v0__nor4_1)
     5    0.053561    0.813715    0.606388   24.386208 v _681_/ZN (gf180mcu_fd_sc_mcu7t5v0__nor4_1)
                                                         _322_ (net)
                      0.813745    0.002764   24.388971 v max_cap36/I (gf180mcu_fd_sc_mcu7t5v0__buf_2)
     4    0.053496    0.207442    0.429392   24.818363 v max_cap36/Z (gf180mcu_fd_sc_mcu7t5v0__buf_2)
                                                         net36 (net)
                      0.207474    0.001515   24.819878 v _692_/S (gf180mcu_fd_sc_mcu7t5v0__mux2_2)
     1    0.003612    0.071110    0.265850   25.085728 ^ _692_/Z (gf180mcu_fd_sc_mcu7t5v0__mux2_2)
                                                         _038_ (net)
                      0.071110    0.000071   25.085798 ^ _825_/D (gf180mcu_fd_sc_mcu7t5v0__dffq_1)
                                             25.085798   data arrival time

                                100.000000  100.000000   clock system_clock (rise edge)
                                  0.000000  100.000000   clock source latency
     1    0.036579    0.000000    0.000000  100.000000 ^ CLK_I (in)
                                                         CLK_I (net)
                      0.003417    0.001400  100.001396 ^ clkbuf_0_CLK_I/I (gf180mcu_fd_sc_mcu7t5v0__clkbuf_16)
     8    0.208985    0.167533    0.209873  100.211273 ^ clkbuf_0_CLK_I/Z (gf180mcu_fd_sc_mcu7t5v0__clkbuf_16)
                                                         clknet_0_CLK_I (net)
                      0.167622    0.004455  100.215721 ^ clkbuf_3_6__f_CLK_I/I (gf180mcu_fd_sc_mcu7t5v0__clkbuf_16)
    13    0.063776    0.082341    0.184599  100.400322 ^ clkbuf_3_6__f_CLK_I/Z (gf180mcu_fd_sc_mcu7t5v0__clkbuf_16)
                                                         clknet_3_6__leaf_CLK_I (net)
                      0.082341    0.000135  100.400459 ^ _825_/CLK (gf180mcu_fd_sc_mcu7t5v0__dffq_1)
                                 -0.500000   99.900459   clock uncertainty
                                  0.000000   99.900459   clock reconvergence pessimism
                                 -0.121935   99.778519   library setup time
                                             99.778519   data required time
---------------------------------------------------------------------------------------------
                                             99.778519   data required time
                                            -25.085798   data arrival time
---------------------------------------------------------------------------------------------
                                             74.692726   slack (MET)


Startpoint: RST_I (input port clocked by system_clock)
Endpoint: _836_ (rising edge-triggered flip-flop clocked by system_clock)
Path Group: system_clock
Path Type: max

Fanout         Cap        Slew       Delay        Time   Description
---------------------------------------------------------------------------------------------
                                  0.000000    0.000000   clock system_clock (rise edge)
                                  0.000000    0.000000   clock network delay (propagated)
                                 20.000000   20.000000 ^ input external delay
     1    0.007691    0.000000    0.000000   20.000000 ^ RST_I (in)
                                                         RST_I (net)
                      0.000227    0.000092   20.000093 ^ input10/I (gf180mcu_fd_sc_mcu7t5v0__dlyb_1)
    31    0.226578    2.444017    1.899592   21.899685 ^ input10/Z (gf180mcu_fd_sc_mcu7t5v0__dlyb_1)
                                                         net10 (net)
                      2.444253    0.013696   21.913380 ^ _430_/I (gf180mcu_fd_sc_mcu7t5v0__clkinv_1)
    16    0.123768    1.591476    1.291301   23.204681 v _430_/ZN (gf180mcu_fd_sc_mcu7t5v0__clkinv_1)
                                                         _103_ (net)
                      1.591488    0.002487   23.207169 v _680_/A2 (gf180mcu_fd_sc_mcu7t5v0__nand2_1)
     3    0.028520    0.643015    0.673436   23.880606 ^ _680_/ZN (gf180mcu_fd_sc_mcu7t5v0__nand2_1)
                                                         _321_ (net)
                      0.643015    0.000158   23.880762 ^ _760_/A2 (gf180mcu_fd_sc_mcu7t5v0__nor4_1)
     5    0.049191    0.772142    0.570257   24.451019 v _760_/ZN (gf180mcu_fd_sc_mcu7t5v0__nor4_1)
                                                         _383_ (net)
                      0.772142    0.000103   24.451122 v _761_/S (gf180mcu_fd_sc_mcu7t5v0__mux2_2)
     1    0.005004    0.105053    0.401117   24.852240 ^ _761_/Z (gf180mcu_fd_sc_mcu7t5v0__mux2_2)
                                                         _049_ (net)
                      0.105053    0.000105   24.852345 ^ _836_/D (gf180mcu_fd_sc_mcu7t5v0__dffq_1)
                                             24.852345   data arrival time

                                100.000000  100.000000   clock system_clock (rise edge)
                                  0.000000  100.000000   clock source latency
     1    0.036579    0.000000    0.000000  100.000000 ^ CLK_I (in)
                                                         CLK_I (net)
                      0.003417    0.001400  100.001396 ^ clkbuf_0_CLK_I/I (gf180mcu_fd_sc_mcu7t5v0__clkbuf_16)
     8    0.208985    0.167533    0.209873  100.211273 ^ clkbuf_0_CLK_I/Z (gf180mcu_fd_sc_mcu7t5v0__clkbuf_16)
                                                         clknet_0_CLK_I (net)
                      0.167582    0.003752  100.215019 ^ clkbuf_3_0__f_CLK_I/I (gf180mcu_fd_sc_mcu7t5v0__clkbuf_16)
     9    0.058017    0.079128    0.182013  100.397034 ^ clkbuf_3_0__f_CLK_I/Z (gf180mcu_fd_sc_mcu7t5v0__clkbuf_16)
                                                         clknet_3_0__leaf_CLK_I (net)
                      0.079132    0.001037  100.398071 ^ _836_/CLK (gf180mcu_fd_sc_mcu7t5v0__dffq_1)
                                 -0.500000   99.898071   clock uncertainty
                                  0.000000   99.898071   clock reconvergence pessimism
                                 -0.128030   99.770035   library setup time
                                             99.770035   data required time
---------------------------------------------------------------------------------------------
                                             99.770035   data required time
                                            -24.852345   data arrival time
---------------------------------------------------------------------------------------------
                                             74.917694   slack (MET)


Startpoint: RST_I (input port clocked by system_clock)
Endpoint: _888_ (rising edge-triggered flip-flop clocked by system_clock)
Path Group: system_clock
Path Type: max

Fanout         Cap        Slew       Delay        Time   Description
---------------------------------------------------------------------------------------------
                                  0.000000    0.000000   clock system_clock (rise edge)
                                  0.000000    0.000000   clock network delay (propagated)
                                 20.000000   20.000000 ^ input external delay
     1    0.007691    0.000000    0.000000   20.000000 ^ RST_I (in)
                                                         RST_I (net)
                      0.000227    0.000092   20.000093 ^ input10/I (gf180mcu_fd_sc_mcu7t5v0__dlyb_1)
    31    0.226578    2.444017    1.899592   21.899685 ^ input10/Z (gf180mcu_fd_sc_mcu7t5v0__dlyb_1)
                                                         net10 (net)
                      2.444253    0.013696   21.913380 ^ _430_/I (gf180mcu_fd_sc_mcu7t5v0__clkinv_1)
    16    0.123768    1.591476    1.291301   23.204681 v _430_/ZN (gf180mcu_fd_sc_mcu7t5v0__clkinv_1)
                                                         _103_ (net)
                      1.591513    0.004304   23.208986 v _491_/A1 (gf180mcu_fd_sc_mcu7t5v0__nand2_1)
     2    0.009473    0.414595    0.413907   23.622892 ^ _491_/ZN (gf180mcu_fd_sc_mcu7t5v0__nand2_1)
                                                         _155_ (net)
                      0.414595    0.000144   23.623037 ^ _492_/A2 (gf180mcu_fd_sc_mcu7t5v0__nor2_1)
     3    0.017926    0.312134    0.211649   23.834686 v _492_/ZN (gf180mcu_fd_sc_mcu7t5v0__nor2_1)
                                                         _156_ (net)
                      0.312134    0.000288   23.834974 v _503_/B (gf180mcu_fd_sc_mcu7t5v0__oai21_1)
     6    0.036313    0.741085    0.406523   24.241497 ^ _503_/ZN (gf180mcu_fd_sc_mcu7t5v0__oai21_1)
                                                         _167_ (net)
                      0.741085    0.000627   24.242125 ^ _579_/B (gf180mcu_fd_sc_mcu7t5v0__aoi211_1)
     2    0.012479    0.392571    0.265127   24.507250 v _579_/ZN (gf180mcu_fd_sc_mcu7t5v0__aoi211_1)
                                                         _230_ (net)
                      0.392571    0.000169   24.507420 v _586_/A2 (gf180mcu_fd_sc_mcu7t5v0__nor2_1)
     1    0.005987    0.223154    0.192818   24.700237 ^ _586_/ZN (gf180mcu_fd_sc_mcu7t5v0__nor2_1)
                                                         _236_ (net)
                      0.223154    0.000123   24.700359 ^ _587_/B (gf180mcu_fd_sc_mcu7t5v0__aoi21_1)
     1    0.003447    0.162829    0.128642   24.829002 v _587_/ZN (gf180mcu_fd_sc_mcu7t5v0__aoi21_1)
                                                         _022_ (net)
                      0.162829    0.000037   24.829039 v _888_/D (gf180mcu_fd_sc_mcu7t5v0__dffq_1)
                                             24.829039   data arrival time

                                100.000000  100.000000   clock system_clock (rise edge)
                                  0.000000  100.000000   clock source latency
     1    0.036579    0.000000    0.000000  100.000000 ^ CLK_I (in)
                                                         CLK_I (net)
                      0.003417    0.001400  100.001396 ^ clkbuf_0_CLK_I/I (gf180mcu_fd_sc_mcu7t5v0__clkbuf_16)
     8    0.208985    0.167533    0.209873  100.211273 ^ clkbuf_0_CLK_I/Z (gf180mcu_fd_sc_mcu7t5v0__clkbuf_16)
                                                         clknet_0_CLK_I (net)
                      0.167559    0.003084  100.214355 ^ clkbuf_3_4__f_CLK_I/I (gf180mcu_fd_sc_mcu7t5v0__clkbuf_16)
    10    0.071140    0.086358    0.187505  100.401855 ^ clkbuf_3_4__f_CLK_I/Z (gf180mcu_fd_sc_mcu7t5v0__clkbuf_16)
                                                         clknet_3_4__leaf_CLK_I (net)
                      0.086358    0.000313  100.402168 ^ _888_/CLK (gf180mcu_fd_sc_mcu7t5v0__dffq_1)
                                 -0.500000   99.902168   clock uncertainty
                                  0.000000   99.902168   clock reconvergence pessimism
                                 -0.153252   99.748917   library setup time
                                             99.748917   data required time
---------------------------------------------------------------------------------------------
                                             99.748917   data required time
                                            -24.829039   data arrival time
---------------------------------------------------------------------------------------------
                                             74.919884   slack (MET)


Startpoint: RST_I (input port clocked by system_clock)
Endpoint: _839_ (rising edge-triggered flip-flop clocked by system_clock)
Path Group: system_clock
Path Type: max

Fanout         Cap        Slew       Delay        Time   Description
---------------------------------------------------------------------------------------------
                                  0.000000    0.000000   clock system_clock (rise edge)
                                  0.000000    0.000000   clock network delay (propagated)
                                 20.000000   20.000000 ^ input external delay
     1    0.007691    0.000000    0.000000   20.000000 ^ RST_I (in)
                                                         RST_I (net)
                      0.000227    0.000092   20.000093 ^ input10/I (gf180mcu_fd_sc_mcu7t5v0__dlyb_1)
    31    0.226578    2.444017    1.899592   21.899685 ^ input10/Z (gf180mcu_fd_sc_mcu7t5v0__dlyb_1)
                                                         net10 (net)
                      2.444253    0.013696   21.913380 ^ _430_/I (gf180mcu_fd_sc_mcu7t5v0__clkinv_1)
    16    0.123768    1.591476    1.291301   23.204681 v _430_/ZN (gf180mcu_fd_sc_mcu7t5v0__clkinv_1)
                                                         _103_ (net)
                      1.591488    0.002487   23.207169 v _680_/A2 (gf180mcu_fd_sc_mcu7t5v0__nand2_1)
     3    0.028520    0.643015    0.673436   23.880606 ^ _680_/ZN (gf180mcu_fd_sc_mcu7t5v0__nand2_1)
                                                         _321_ (net)
                      0.643015    0.000158   23.880762 ^ _760_/A2 (gf180mcu_fd_sc_mcu7t5v0__nor4_1)
     5    0.049191    0.772142    0.570257   24.451019 v _760_/ZN (gf180mcu_fd_sc_mcu7t5v0__nor4_1)
                                                         _383_ (net)
                      0.772144    0.001858   24.452877 v _766_/S (gf180mcu_fd_sc_mcu7t5v0__mux2_2)
     1    0.003873    0.099826    0.397067   24.849945 ^ _766_/Z (gf180mcu_fd_sc_mcu7t5v0__mux2_2)
                                                         _052_ (net)
                      0.099826    0.000075   24.850019 ^ _839_/D (gf180mcu_fd_sc_mcu7t5v0__dffq_1)
                                             24.850019   data arrival time

                                100.000000  100.000000   clock system_clock (rise edge)
                                  0.000000  100.000000   clock source latency
     1    0.036579    0.000000    0.000000  100.000000 ^ CLK_I (in)
                                                         CLK_I (net)
                      0.003417    0.001400  100.001396 ^ clkbuf_0_CLK_I/I (gf180mcu_fd_sc_mcu7t5v0__clkbuf_16)
     8    0.208985    0.167533    0.209873  100.211273 ^ clkbuf_0_CLK_I/Z (gf180mcu_fd_sc_mcu7t5v0__clkbuf_16)
                                                         clknet_0_CLK_I (net)
                      0.167587    0.003837  100.215103 ^ clkbuf_3_2__f_CLK_I/I (gf180mcu_fd_sc_mcu7t5v0__clkbuf_16)
    14    0.060187    0.080307    0.182844  100.397949 ^ clkbuf_3_2__f_CLK_I/Z (gf180mcu_fd_sc_mcu7t5v0__clkbuf_16)
                                                         clknet_3_2__leaf_CLK_I (net)
                      0.080307    0.000348  100.398300 ^ _839_/CLK (gf180mcu_fd_sc_mcu7t5v0__dffq_1)
                                 -0.500000   99.898300   clock uncertainty
                                  0.000000   99.898300   clock reconvergence pessimism
                                 -0.127149   99.771149   library setup time
                                             99.771149   data required time
---------------------------------------------------------------------------------------------
                                             99.771149   data required time
                                            -24.850019   data arrival time
---------------------------------------------------------------------------------------------
                                             74.921127   slack (MET)


Startpoint: RST_I (input port clocked by system_clock)
Endpoint: _820_ (rising edge-triggered flip-flop clocked by system_clock)
Path Group: system_clock
Path Type: max

Fanout         Cap        Slew       Delay        Time   Description
---------------------------------------------------------------------------------------------
                                  0.000000    0.000000   clock system_clock (rise edge)
                                  0.000000    0.000000   clock network delay (propagated)
                                 20.000000   20.000000 ^ input external delay
     1    0.007691    0.000000    0.000000   20.000000 ^ RST_I (in)
                                                         RST_I (net)
                      0.000227    0.000092   20.000093 ^ input10/I (gf180mcu_fd_sc_mcu7t5v0__dlyb_1)
    31    0.226578    2.444017    1.899592   21.899685 ^ input10/Z (gf180mcu_fd_sc_mcu7t5v0__dlyb_1)
                                                         net10 (net)
                      2.444253    0.013696   21.913380 ^ _430_/I (gf180mcu_fd_sc_mcu7t5v0__clkinv_1)
    16    0.123768    1.591476    1.291301   23.204681 v _430_/ZN (gf180mcu_fd_sc_mcu7t5v0__clkinv_1)
                                                         _103_ (net)
                      1.591490    0.002693   23.207375 v _678_/B (gf180mcu_fd_sc_mcu7t5v0__oai21_1)
     2    0.011864    0.562663    0.572362   23.779736 ^ _678_/ZN (gf180mcu_fd_sc_mcu7t5v0__oai21_1)
                                                         _319_ (net)
                      0.562663    0.000083   23.779819 ^ _681_/A3 (gf180mcu_fd_sc_mcu7t5v0__nor4_1)
     5    0.053561    0.813715    0.606388   24.386208 v _681_/ZN (gf180mcu_fd_sc_mcu7t5v0__nor4_1)
                                                         _322_ (net)
                      0.813749    0.002979   24.389187 v _686_/S (gf180mcu_fd_sc_mcu7t5v0__mux2_2)
     1    0.003324    0.099442    0.402963   24.792149 ^ _686_/Z (gf180mcu_fd_sc_mcu7t5v0__mux2_2)
                                                         _033_ (net)
                      0.099442    0.000034   24.792183 ^ _820_/D (gf180mcu_fd_sc_mcu7t5v0__dffq_1)
                                             24.792183   data arrival time

                                100.000000  100.000000   clock system_clock (rise edge)
                                  0.000000  100.000000   clock source latency
     1    0.036579    0.000000    0.000000  100.000000 ^ CLK_I (in)
                                                         CLK_I (net)
                      0.003417    0.001400  100.001396 ^ clkbuf_0_CLK_I/I (gf180mcu_fd_sc_mcu7t5v0__clkbuf_16)
     8    0.208985    0.167533    0.209873  100.211273 ^ clkbuf_0_CLK_I/Z (gf180mcu_fd_sc_mcu7t5v0__clkbuf_16)
                                                         clknet_0_CLK_I (net)
                      0.167658    0.004967  100.216240 ^ clkbuf_3_7__f_CLK_I/I (gf180mcu_fd_sc_mcu7t5v0__clkbuf_16)
    13    0.062541    0.081634    0.183974  100.400208 ^ clkbuf_3_7__f_CLK_I/Z (gf180mcu_fd_sc_mcu7t5v0__clkbuf_16)
                                                         clknet_3_7__leaf_CLK_I (net)
                      0.081637    0.000824  100.401031 ^ _820_/CLK (gf180mcu_fd_sc_mcu7t5v0__dffq_1)
                                 -0.500000   99.901031   clock uncertainty
                                  0.000000   99.901031   clock reconvergence pessimism
                                 -0.126759   99.774269   library setup time
                                             99.774269   data required time
---------------------------------------------------------------------------------------------
                                             99.774269   data required time
                                            -24.792183   data arrival time
---------------------------------------------------------------------------------------------
                                             74.982086   slack (MET)


Startpoint: RST_I (input port clocked by system_clock)
Endpoint: _838_ (rising edge-triggered flip-flop clocked by system_clock)
Path Group: system_clock
Path Type: max

Fanout         Cap        Slew       Delay        Time   Description
---------------------------------------------------------------------------------------------
                                  0.000000    0.000000   clock system_clock (rise edge)
                                  0.000000    0.000000   clock network delay (propagated)
                                 20.000000   20.000000 ^ input external delay
     1    0.007691    0.000000    0.000000   20.000000 ^ RST_I (in)
                                                         RST_I (net)
                      0.000227    0.000092   20.000093 ^ input10/I (gf180mcu_fd_sc_mcu7t5v0__dlyb_1)
    31    0.226578    2.444017    1.899592   21.899685 ^ input10/Z (gf180mcu_fd_sc_mcu7t5v0__dlyb_1)
                                                         net10 (net)
                      2.444253    0.013696   21.913380 ^ _430_/I (gf180mcu_fd_sc_mcu7t5v0__clkinv_1)
    16    0.123768    1.591476    1.291301   23.204681 v _430_/ZN (gf180mcu_fd_sc_mcu7t5v0__clkinv_1)
                                                         _103_ (net)
                      1.591488    0.002487   23.207169 v _680_/A2 (gf180mcu_fd_sc_mcu7t5v0__nand2_1)
     3    0.028520    0.643015    0.673436   23.880606 ^ _680_/ZN (gf180mcu_fd_sc_mcu7t5v0__nand2_1)
                                                         _321_ (net)
                      0.643015    0.000158   23.880762 ^ _760_/A2 (gf180mcu_fd_sc_mcu7t5v0__nor4_1)
     5    0.049191    0.772142    0.570257   24.451019 v _760_/ZN (gf180mcu_fd_sc_mcu7t5v0__nor4_1)
                                                         _383_ (net)
                      0.772143    0.001569   24.452589 v _765_/A1 (gf180mcu_fd_sc_mcu7t5v0__oai21_1)
     1    0.005180    0.284231    0.318362   24.770950 ^ _765_/ZN (gf180mcu_fd_sc_mcu7t5v0__oai21_1)
                                                         _051_ (net)
                      0.284231    0.000112   24.771063 ^ _838_/D (gf180mcu_fd_sc_mcu7t5v0__dffq_1)
                                             24.771063   data arrival time

                                100.000000  100.000000   clock system_clock (rise edge)
                                  0.000000  100.000000   clock source latency
     1    0.036579    0.000000    0.000000  100.000000 ^ CLK_I (in)
                                                         CLK_I (net)
                      0.003417    0.001400  100.001396 ^ clkbuf_0_CLK_I/I (gf180mcu_fd_sc_mcu7t5v0__clkbuf_16)
     8    0.208985    0.167533    0.209873  100.211273 ^ clkbuf_0_CLK_I/Z (gf180mcu_fd_sc_mcu7t5v0__clkbuf_16)
                                                         clknet_0_CLK_I (net)
                      0.167587    0.003837  100.215103 ^ clkbuf_3_2__f_CLK_I/I (gf180mcu_fd_sc_mcu7t5v0__clkbuf_16)
    14    0.060187    0.080307    0.182844  100.397949 ^ clkbuf_3_2__f_CLK_I/Z (gf180mcu_fd_sc_mcu7t5v0__clkbuf_16)
                                                         clknet_3_2__leaf_CLK_I (net)
                      0.080307    0.000036  100.397987 ^ _838_/CLK (gf180mcu_fd_sc_mcu7t5v0__dffq_1)
                                 -0.500000   99.897987   clock uncertainty
                                  0.000000   99.897987   clock reconvergence pessimism
                                 -0.141260   99.756721   library setup time
                                             99.756721   data required time
---------------------------------------------------------------------------------------------
                                             99.756721   data required time
                                            -24.771063   data arrival time
---------------------------------------------------------------------------------------------
                                             74.985657   slack (MET)


Startpoint: RST_I (input port clocked by system_clock)
Endpoint: _889_ (rising edge-triggered flip-flop clocked by system_clock)
Path Group: system_clock
Path Type: max

Fanout         Cap        Slew       Delay        Time   Description
---------------------------------------------------------------------------------------------
                                  0.000000    0.000000   clock system_clock (rise edge)
                                  0.000000    0.000000   clock network delay (propagated)
                                 20.000000   20.000000 ^ input external delay
     1    0.007691    0.000000    0.000000   20.000000 ^ RST_I (in)
                                                         RST_I (net)
                      0.000227    0.000092   20.000093 ^ input10/I (gf180mcu_fd_sc_mcu7t5v0__dlyb_1)
    31    0.226578    2.444017    1.899592   21.899685 ^ input10/Z (gf180mcu_fd_sc_mcu7t5v0__dlyb_1)
                                                         net10 (net)
                      2.444253    0.013696   21.913380 ^ _430_/I (gf180mcu_fd_sc_mcu7t5v0__clkinv_1)
    16    0.123768    1.591476    1.291301   23.204681 v _430_/ZN (gf180mcu_fd_sc_mcu7t5v0__clkinv_1)
                                                         _103_ (net)
                      1.591513    0.004304   23.208986 v _491_/A1 (gf180mcu_fd_sc_mcu7t5v0__nand2_1)
     2    0.009473    0.414595    0.413907   23.622892 ^ _491_/ZN (gf180mcu_fd_sc_mcu7t5v0__nand2_1)
                                                         _155_ (net)
                      0.414595    0.000144   23.623037 ^ _492_/A2 (gf180mcu_fd_sc_mcu7t5v0__nor2_1)
     3    0.017926    0.312134    0.211649   23.834686 v _492_/ZN (gf180mcu_fd_sc_mcu7t5v0__nor2_1)
                                                         _156_ (net)
                      0.312134    0.000288   23.834974 v _503_/B (gf180mcu_fd_sc_mcu7t5v0__oai21_1)
     6    0.036313    0.741085    0.406523   24.241497 ^ _503_/ZN (gf180mcu_fd_sc_mcu7t5v0__oai21_1)
                                                         _167_ (net)
                      0.741085    0.000600   24.242098 ^ _584_/B (gf180mcu_fd_sc_mcu7t5v0__aoi211_1)
     2    0.010839    0.379616    0.249861   24.491957 v _584_/ZN (gf180mcu_fd_sc_mcu7t5v0__aoi211_1)
                                                         _234_ (net)
                      0.379616    0.000163   24.492121 v _588_/A2 (gf180mcu_fd_sc_mcu7t5v0__nor2_1)
     1    0.004900    0.205018    0.178590   24.670712 ^ _588_/ZN (gf180mcu_fd_sc_mcu7t5v0__nor2_1)
                                                         _237_ (net)
                      0.205018    0.000048   24.670759 ^ _591_/A1 (gf180mcu_fd_sc_mcu7t5v0__nor2_1)
     1    0.002989    0.186535    0.067518   24.738276 v _591_/ZN (gf180mcu_fd_sc_mcu7t5v0__nor2_1)
                                                         _023_ (net)
                      0.186535    0.000030   24.738306 v _889_/D (gf180mcu_fd_sc_mcu7t5v0__dffq_1)
                                             24.738306   data arrival time

                                100.000000  100.000000   clock system_clock (rise edge)
                                  0.000000  100.000000   clock source latency
     1    0.036579    0.000000    0.000000  100.000000 ^ CLK_I (in)
                                                         CLK_I (net)
                      0.003417    0.001400  100.001396 ^ clkbuf_0_CLK_I/I (gf180mcu_fd_sc_mcu7t5v0__clkbuf_16)
     8    0.208985    0.167533    0.209873  100.211273 ^ clkbuf_0_CLK_I/Z (gf180mcu_fd_sc_mcu7t5v0__clkbuf_16)
                                                         clknet_0_CLK_I (net)
                      0.167554    0.002828  100.214096 ^ clkbuf_3_5__f_CLK_I/I (gf180mcu_fd_sc_mcu7t5v0__clkbuf_16)
    11    0.066350    0.083759    0.185651  100.399750 ^ clkbuf_3_5__f_CLK_I/Z (gf180mcu_fd_sc_mcu7t5v0__clkbuf_16)
                                                         clknet_3_5__leaf_CLK_I (net)
                      0.083760    0.000576  100.400322 ^ _889_/CLK (gf180mcu_fd_sc_mcu7t5v0__dffq_1)
                                 -0.500000   99.900322   clock uncertainty
                                  0.000000   99.900322   clock reconvergence pessimism
                                 -0.161047   99.739281   library setup time
                                             99.739281   data required time
---------------------------------------------------------------------------------------------
                                             99.739281   data required time
                                            -24.738306   data arrival time
---------------------------------------------------------------------------------------------
                                             75.000969   slack (MET)


Startpoint: RST_I (input port clocked by system_clock)
Endpoint: _887_ (rising edge-triggered flip-flop clocked by system_clock)
Path Group: system_clock
Path Type: max

Fanout         Cap        Slew       Delay        Time   Description
---------------------------------------------------------------------------------------------
                                  0.000000    0.000000   clock system_clock (rise edge)
                                  0.000000    0.000000   clock network delay (propagated)
                                 20.000000   20.000000 ^ input external delay
     1    0.007691    0.000000    0.000000   20.000000 ^ RST_I (in)
                                                         RST_I (net)
                      0.000227    0.000092   20.000093 ^ input10/I (gf180mcu_fd_sc_mcu7t5v0__dlyb_1)
    31    0.226578    2.444017    1.899592   21.899685 ^ input10/Z (gf180mcu_fd_sc_mcu7t5v0__dlyb_1)
                                                         net10 (net)
                      2.444253    0.013696   21.913380 ^ _430_/I (gf180mcu_fd_sc_mcu7t5v0__clkinv_1)
    16    0.123768    1.591476    1.291301   23.204681 v _430_/ZN (gf180mcu_fd_sc_mcu7t5v0__clkinv_1)
                                                         _103_ (net)
                      1.591513    0.004304   23.208986 v _491_/A1 (gf180mcu_fd_sc_mcu7t5v0__nand2_1)
     2    0.009473    0.414595    0.413907   23.622892 ^ _491_/ZN (gf180mcu_fd_sc_mcu7t5v0__nand2_1)
                                                         _155_ (net)
                      0.414595    0.000144   23.623037 ^ _492_/A2 (gf180mcu_fd_sc_mcu7t5v0__nor2_1)
     3    0.017926    0.312134    0.211649   23.834686 v _492_/ZN (gf180mcu_fd_sc_mcu7t5v0__nor2_1)
                                                         _156_ (net)
                      0.312134    0.000288   23.834974 v _503_/B (gf180mcu_fd_sc_mcu7t5v0__oai21_1)
     6    0.036313    0.741085    0.406523   24.241497 ^ _503_/ZN (gf180mcu_fd_sc_mcu7t5v0__oai21_1)
                                                         _167_ (net)
                      0.741085    0.000627   24.242125 ^ _579_/B (gf180mcu_fd_sc_mcu7t5v0__aoi211_1)
     2    0.012479    0.392571    0.265127   24.507250 v _579_/ZN (gf180mcu_fd_sc_mcu7t5v0__aoi211_1)
                                                         _230_ (net)
                      0.392571    0.000222   24.507473 v _582_/B2 (gf180mcu_fd_sc_mcu7t5v0__aoi22_1)
     1    0.002799    0.264675    0.235016   24.742487 ^ _582_/ZN (gf180mcu_fd_sc_mcu7t5v0__aoi22_1)
                                                         _021_ (net)
                      0.264675    0.000027   24.742514 ^ _887_/D (gf180mcu_fd_sc_mcu7t5v0__dffq_1)
                                             24.742514   data arrival time

                                100.000000  100.000000   clock system_clock (rise edge)
                                  0.000000  100.000000   clock source latency
     1    0.036579    0.000000    0.000000  100.000000 ^ CLK_I (in)
                                                         CLK_I (net)
                      0.003417    0.001400  100.001396 ^ clkbuf_0_CLK_I/I (gf180mcu_fd_sc_mcu7t5v0__clkbuf_16)
     8    0.208985    0.167533    0.209873  100.211273 ^ clkbuf_0_CLK_I/Z (gf180mcu_fd_sc_mcu7t5v0__clkbuf_16)
                                                         clknet_0_CLK_I (net)
                      0.167559    0.003084  100.214355 ^ clkbuf_3_4__f_CLK_I/I (gf180mcu_fd_sc_mcu7t5v0__clkbuf_16)
    10    0.071140    0.086358    0.187505  100.401855 ^ clkbuf_3_4__f_CLK_I/Z (gf180mcu_fd_sc_mcu7t5v0__clkbuf_16)
                                                         clknet_3_4__leaf_CLK_I (net)
                      0.086360    0.000846  100.402702 ^ _887_/CLK (gf180mcu_fd_sc_mcu7t5v0__dffq_1)
                                 -0.500000   99.902702   clock uncertainty
                                  0.000000   99.902702   clock reconvergence pessimism
                                 -0.139257   99.763443   library setup time
                                             99.763443   data required time
---------------------------------------------------------------------------------------------
                                             99.763443   data required time
                                            -24.742514   data arrival time
---------------------------------------------------------------------------------------------
                                             75.020927   slack (MET)


Startpoint: RST_I (input port clocked by system_clock)
Endpoint: _837_ (rising edge-triggered flip-flop clocked by system_clock)
Path Group: system_clock
Path Type: max

Fanout         Cap        Slew       Delay        Time   Description
---------------------------------------------------------------------------------------------
                                  0.000000    0.000000   clock system_clock (rise edge)
                                  0.000000    0.000000   clock network delay (propagated)
                                 20.000000   20.000000 ^ input external delay
     1    0.007691    0.000000    0.000000   20.000000 ^ RST_I (in)
                                                         RST_I (net)
                      0.000227    0.000092   20.000093 ^ input10/I (gf180mcu_fd_sc_mcu7t5v0__dlyb_1)
    31    0.226578    2.444017    1.899592   21.899685 ^ input10/Z (gf180mcu_fd_sc_mcu7t5v0__dlyb_1)
                                                         net10 (net)
                      2.444253    0.013696   21.913380 ^ _430_/I (gf180mcu_fd_sc_mcu7t5v0__clkinv_1)
    16    0.123768    1.591476    1.291301   23.204681 v _430_/ZN (gf180mcu_fd_sc_mcu7t5v0__clkinv_1)
                                                         _103_ (net)
                      1.591488    0.002487   23.207169 v _680_/A2 (gf180mcu_fd_sc_mcu7t5v0__nand2_1)
     3    0.028520    0.643015    0.673436   23.880606 ^ _680_/ZN (gf180mcu_fd_sc_mcu7t5v0__nand2_1)
                                                         _321_ (net)
                      0.643015    0.000158   23.880762 ^ _760_/A2 (gf180mcu_fd_sc_mcu7t5v0__nor4_1)
     5    0.049191    0.772142    0.570257   24.451019 v _760_/ZN (gf180mcu_fd_sc_mcu7t5v0__nor4_1)
                                                         _383_ (net)
                      0.772143    0.001458   24.452478 v _763_/A1 (gf180mcu_fd_sc_mcu7t5v0__oai21_1)
     1    0.003064    0.249746    0.286882   24.739359 ^ _763_/ZN (gf180mcu_fd_sc_mcu7t5v0__oai21_1)
                                                         _050_ (net)
                      0.249746    0.000030   24.739389 ^ _837_/D (gf180mcu_fd_sc_mcu7t5v0__dffq_1)
                                             24.739389   data arrival time

                                100.000000  100.000000   clock system_clock (rise edge)
                                  0.000000  100.000000   clock source latency
     1    0.036579    0.000000    0.000000  100.000000 ^ CLK_I (in)
                                                         CLK_I (net)
                      0.003417    0.001400  100.001396 ^ clkbuf_0_CLK_I/I (gf180mcu_fd_sc_mcu7t5v0__clkbuf_16)
     8    0.208985    0.167533    0.209873  100.211273 ^ clkbuf_0_CLK_I/Z (gf180mcu_fd_sc_mcu7t5v0__clkbuf_16)
                                                         clknet_0_CLK_I (net)
                      0.167574    0.003553  100.214821 ^ clkbuf_3_3__f_CLK_I/I (gf180mcu_fd_sc_mcu7t5v0__clkbuf_16)
    10    0.068751    0.085081    0.186652  100.401474 ^ clkbuf_3_3__f_CLK_I/Z (gf180mcu_fd_sc_mcu7t5v0__clkbuf_16)
                                                         clknet_3_3__leaf_CLK_I (net)
                      0.085084    0.000767  100.402245 ^ _837_/CLK (gf180mcu_fd_sc_mcu7t5v0__dffq_1)
                                 -0.500000   99.902237   clock uncertainty
                                  0.000000   99.902237   clock reconvergence pessimism
                                 -0.139344   99.762894   library setup time
                                             99.762894   data required time
---------------------------------------------------------------------------------------------
                                             99.762894   data required time
                                            -24.739389   data arrival time
---------------------------------------------------------------------------------------------
                                             75.023506   slack (MET)


Startpoint: RST_I (input port clocked by system_clock)
Endpoint: _885_ (rising edge-triggered flip-flop clocked by system_clock)
Path Group: system_clock
Path Type: max

Fanout         Cap        Slew       Delay        Time   Description
---------------------------------------------------------------------------------------------
                                  0.000000    0.000000   clock system_clock (rise edge)
                                  0.000000    0.000000   clock network delay (propagated)
                                 20.000000   20.000000 ^ input external delay
     1    0.007691    0.000000    0.000000   20.000000 ^ RST_I (in)
                                                         RST_I (net)
                      0.000227    0.000092   20.000093 ^ input10/I (gf180mcu_fd_sc_mcu7t5v0__dlyb_1)
    31    0.226578    2.444017    1.899592   21.899685 ^ input10/Z (gf180mcu_fd_sc_mcu7t5v0__dlyb_1)
                                                         net10 (net)
                      2.444253    0.013696   21.913380 ^ _430_/I (gf180mcu_fd_sc_mcu7t5v0__clkinv_1)
    16    0.123768    1.591476    1.291301   23.204681 v _430_/ZN (gf180mcu_fd_sc_mcu7t5v0__clkinv_1)
                                                         _103_ (net)
                      1.591513    0.004304   23.208986 v _491_/A1 (gf180mcu_fd_sc_mcu7t5v0__nand2_1)
     2    0.009473    0.414595    0.413907   23.622892 ^ _491_/ZN (gf180mcu_fd_sc_mcu7t5v0__nand2_1)
                                                         _155_ (net)
                      0.414595    0.000144   23.623037 ^ _492_/A2 (gf180mcu_fd_sc_mcu7t5v0__nor2_1)
     3    0.017926    0.312134    0.211649   23.834686 v _492_/ZN (gf180mcu_fd_sc_mcu7t5v0__nor2_1)
                                                         _156_ (net)
                      0.312134    0.000288   23.834974 v _503_/B (gf180mcu_fd_sc_mcu7t5v0__oai21_1)
     6    0.036313    0.741085    0.406523   24.241497 ^ _503_/ZN (gf180mcu_fd_sc_mcu7t5v0__oai21_1)
                                                         _167_ (net)
                      0.741085    0.000508   24.242004 ^ _571_/A1 (gf180mcu_fd_sc_mcu7t5v0__nor4_1)
     1    0.008387    0.399741    0.177504   24.419508 v _571_/ZN (gf180mcu_fd_sc_mcu7t5v0__nor4_1)
                                                         _224_ (net)
                      0.399741    0.000128   24.419638 v _572_/B (gf180mcu_fd_sc_mcu7t5v0__aoi211_1)
     1    0.003215    0.316927    0.267596   24.687233 ^ _572_/ZN (gf180mcu_fd_sc_mcu7t5v0__aoi211_1)
                                                         _019_ (net)
                      0.316927    0.000032   24.687265 ^ _885_/D (gf180mcu_fd_sc_mcu7t5v0__dffq_1)
                                             24.687265   data arrival time

                                100.000000  100.000000   clock system_clock (rise edge)
                                  0.000000  100.000000   clock source latency
     1    0.036579    0.000000    0.000000  100.000000 ^ CLK_I (in)
                                                         CLK_I (net)
                      0.003417    0.001400  100.001396 ^ clkbuf_0_CLK_I/I (gf180mcu_fd_sc_mcu7t5v0__clkbuf_16)
     8    0.208985    0.167533    0.209873  100.211273 ^ clkbuf_0_CLK_I/Z (gf180mcu_fd_sc_mcu7t5v0__clkbuf_16)
                                                         clknet_0_CLK_I (net)
                      0.167559    0.003084  100.214355 ^ clkbuf_3_4__f_CLK_I/I (gf180mcu_fd_sc_mcu7t5v0__clkbuf_16)
    10    0.071140    0.086358    0.187505  100.401855 ^ clkbuf_3_4__f_CLK_I/Z (gf180mcu_fd_sc_mcu7t5v0__clkbuf_16)
                                                         clknet_3_4__leaf_CLK_I (net)
                      0.086363    0.001172  100.403030 ^ _885_/CLK (gf180mcu_fd_sc_mcu7t5v0__dffq_1)
                                 -0.500000   99.903030   clock uncertainty
                                  0.000000   99.903030   clock reconvergence pessimism
                                 -0.140171   99.762863   library setup time
                                             99.762863   data required time
---------------------------------------------------------------------------------------------
                                             99.762863   data required time
                                            -24.687265   data arrival time
---------------------------------------------------------------------------------------------
                                             75.075592   slack (MET)


Startpoint: RST_I (input port clocked by system_clock)
Endpoint: _884_ (rising edge-triggered flip-flop clocked by system_clock)
Path Group: system_clock
Path Type: max

Fanout         Cap        Slew       Delay        Time   Description
---------------------------------------------------------------------------------------------
                                  0.000000    0.000000   clock system_clock (rise edge)
                                  0.000000    0.000000   clock network delay (propagated)
                                 20.000000   20.000000 ^ input external delay
     1    0.007691    0.000000    0.000000   20.000000 ^ RST_I (in)
                                                         RST_I (net)
                      0.000227    0.000092   20.000093 ^ input10/I (gf180mcu_fd_sc_mcu7t5v0__dlyb_1)
    31    0.226578    2.444017    1.899592   21.899685 ^ input10/Z (gf180mcu_fd_sc_mcu7t5v0__dlyb_1)
                                                         net10 (net)
                      2.444253    0.013696   21.913380 ^ _430_/I (gf180mcu_fd_sc_mcu7t5v0__clkinv_1)
    16    0.123768    1.591476    1.291301   23.204681 v _430_/ZN (gf180mcu_fd_sc_mcu7t5v0__clkinv_1)
                                                         _103_ (net)
                      1.591513    0.004304   23.208986 v _491_/A1 (gf180mcu_fd_sc_mcu7t5v0__nand2_1)
     2    0.009473    0.414595    0.413907   23.622892 ^ _491_/ZN (gf180mcu_fd_sc_mcu7t5v0__nand2_1)
                                                         _155_ (net)
                      0.414595    0.000144   23.623037 ^ _492_/A2 (gf180mcu_fd_sc_mcu7t5v0__nor2_1)
     3    0.017926    0.312134    0.211649   23.834686 v _492_/ZN (gf180mcu_fd_sc_mcu7t5v0__nor2_1)
                                                         _156_ (net)
                      0.312134    0.000288   23.834974 v _503_/B (gf180mcu_fd_sc_mcu7t5v0__oai21_1)
     6    0.036313    0.741085    0.406523   24.241497 ^ _503_/ZN (gf180mcu_fd_sc_mcu7t5v0__oai21_1)
                                                         _167_ (net)
                      0.741085    0.000522   24.242020 ^ _567_/A1 (gf180mcu_fd_sc_mcu7t5v0__nor4_1)
     1    0.007607    0.377944    0.167327   24.409346 v _567_/ZN (gf180mcu_fd_sc_mcu7t5v0__nor4_1)
                                                         _221_ (net)
                      0.377944    0.000176   24.409523 v _568_/C (gf180mcu_fd_sc_mcu7t5v0__aoi211_1)
     1    0.003516    0.315912    0.260949   24.670471 ^ _568_/ZN (gf180mcu_fd_sc_mcu7t5v0__aoi211_1)
                                                         _018_ (net)
                      0.315912    0.000037   24.670507 ^ _884_/D (gf180mcu_fd_sc_mcu7t5v0__dffq_1)
                                             24.670507   data arrival time

                                100.000000  100.000000   clock system_clock (rise edge)
                                  0.000000  100.000000   clock source latency
     1    0.036579    0.000000    0.000000  100.000000 ^ CLK_I (in)
                                                         CLK_I (net)
                      0.003417    0.001400  100.001396 ^ clkbuf_0_CLK_I/I (gf180mcu_fd_sc_mcu7t5v0__clkbuf_16)
     8    0.208985    0.167533    0.209873  100.211273 ^ clkbuf_0_CLK_I/Z (gf180mcu_fd_sc_mcu7t5v0__clkbuf_16)
                                                         clknet_0_CLK_I (net)
                      0.167557    0.003013  100.214279 ^ clkbuf_3_1__f_CLK_I/I (gf180mcu_fd_sc_mcu7t5v0__clkbuf_16)
    12    0.063682    0.082281    0.184514  100.398796 ^ clkbuf_3_1__f_CLK_I/Z (gf180mcu_fd_sc_mcu7t5v0__clkbuf_16)
                                                         clknet_3_1__leaf_CLK_I (net)
                      0.082282    0.000348  100.399147 ^ _884_/CLK (gf180mcu_fd_sc_mcu7t5v0__dffq_1)
                                 -0.500000   99.899139   clock uncertainty
                                  0.000000   99.899139   clock reconvergence pessimism
                                 -0.141281   99.757858   library setup time
                                             99.757858   data required time
---------------------------------------------------------------------------------------------
                                             99.757858   data required time
                                            -24.670507   data arrival time
---------------------------------------------------------------------------------------------
                                             75.087349   slack (MET)


Startpoint: RST_I (input port clocked by system_clock)
Endpoint: _883_ (rising edge-triggered flip-flop clocked by system_clock)
Path Group: system_clock
Path Type: max

Fanout         Cap        Slew       Delay        Time   Description
---------------------------------------------------------------------------------------------
                                  0.000000    0.000000   clock system_clock (rise edge)
                                  0.000000    0.000000   clock network delay (propagated)
                                 20.000000   20.000000 ^ input external delay
     1    0.007691    0.000000    0.000000   20.000000 ^ RST_I (in)
                                                         RST_I (net)
                      0.000227    0.000092   20.000093 ^ input10/I (gf180mcu_fd_sc_mcu7t5v0__dlyb_1)
    31    0.226578    2.444017    1.899592   21.899685 ^ input10/Z (gf180mcu_fd_sc_mcu7t5v0__dlyb_1)
                                                         net10 (net)
                      2.444253    0.013696   21.913380 ^ _430_/I (gf180mcu_fd_sc_mcu7t5v0__clkinv_1)
    16    0.123768    1.591476    1.291301   23.204681 v _430_/ZN (gf180mcu_fd_sc_mcu7t5v0__clkinv_1)
                                                         _103_ (net)
                      1.591513    0.004304   23.208986 v _491_/A1 (gf180mcu_fd_sc_mcu7t5v0__nand2_1)
     2    0.009473    0.414595    0.413907   23.622892 ^ _491_/ZN (gf180mcu_fd_sc_mcu7t5v0__nand2_1)
                                                         _155_ (net)
                      0.414595    0.000144   23.623037 ^ _492_/A2 (gf180mcu_fd_sc_mcu7t5v0__nor2_1)
     3    0.017926    0.312134    0.211649   23.834686 v _492_/ZN (gf180mcu_fd_sc_mcu7t5v0__nor2_1)
                                                         _156_ (net)
                      0.312134    0.000293   23.834980 v _555_/A4 (gf180mcu_fd_sc_mcu7t5v0__nand4_1)
     5    0.040876    0.779921    0.549404   24.384384 ^ _555_/ZN (gf180mcu_fd_sc_mcu7t5v0__nand4_1)
                                                         _211_ (net)
                      0.779921    0.001172   24.385555 ^ _563_/A2 (gf180mcu_fd_sc_mcu7t5v0__oai221_1)
     1    0.003781    0.326834    0.201220   24.586777 v _563_/ZN (gf180mcu_fd_sc_mcu7t5v0__oai221_1)
                                                         _017_ (net)
                      0.326834    0.000043   24.586819 v _883_/D (gf180mcu_fd_sc_mcu7t5v0__dffq_1)
                                             24.586819   data arrival time

                                100.000000  100.000000   clock system_clock (rise edge)
                                  0.000000  100.000000   clock source latency
     1    0.036579    0.000000    0.000000  100.000000 ^ CLK_I (in)
                                                         CLK_I (net)
                      0.003417    0.001400  100.001396 ^ clkbuf_0_CLK_I/I (gf180mcu_fd_sc_mcu7t5v0__clkbuf_16)
     8    0.208985    0.167533    0.209873  100.211273 ^ clkbuf_0_CLK_I/Z (gf180mcu_fd_sc_mcu7t5v0__clkbuf_16)
                                                         clknet_0_CLK_I (net)
                      0.167557    0.003013  100.214279 ^ clkbuf_3_1__f_CLK_I/I (gf180mcu_fd_sc_mcu7t5v0__clkbuf_16)
    12    0.063682    0.082281    0.184514  100.398796 ^ clkbuf_3_1__f_CLK_I/Z (gf180mcu_fd_sc_mcu7t5v0__clkbuf_16)
                                                         clknet_3_1__leaf_CLK_I (net)
                      0.082282    0.000547  100.399345 ^ _883_/CLK (gf180mcu_fd_sc_mcu7t5v0__dffq_1)
                                 -0.500000   99.899338   clock uncertainty
                                  0.000000   99.899338   clock reconvergence pessimism
                                 -0.211925   99.687416   library setup time
                                             99.687416   data required time
---------------------------------------------------------------------------------------------
                                             99.687416   data required time
                                            -24.586819   data arrival time
---------------------------------------------------------------------------------------------
                                             75.100594   slack (MET)


Startpoint: RST_I (input port clocked by system_clock)
Endpoint: _882_ (rising edge-triggered flip-flop clocked by system_clock)
Path Group: system_clock
Path Type: max

Fanout         Cap        Slew       Delay        Time   Description
---------------------------------------------------------------------------------------------
                                  0.000000    0.000000   clock system_clock (rise edge)
                                  0.000000    0.000000   clock network delay (propagated)
                                 20.000000   20.000000 ^ input external delay
     1    0.007691    0.000000    0.000000   20.000000 ^ RST_I (in)
                                                         RST_I (net)
                      0.000227    0.000092   20.000093 ^ input10/I (gf180mcu_fd_sc_mcu7t5v0__dlyb_1)
    31    0.226578    2.444017    1.899592   21.899685 ^ input10/Z (gf180mcu_fd_sc_mcu7t5v0__dlyb_1)
                                                         net10 (net)
                      2.444253    0.013696   21.913380 ^ _430_/I (gf180mcu_fd_sc_mcu7t5v0__clkinv_1)
    16    0.123768    1.591476    1.291301   23.204681 v _430_/ZN (gf180mcu_fd_sc_mcu7t5v0__clkinv_1)
                                                         _103_ (net)
                      1.591513    0.004304   23.208986 v _491_/A1 (gf180mcu_fd_sc_mcu7t5v0__nand2_1)
     2    0.009473    0.414595    0.413907   23.622892 ^ _491_/ZN (gf180mcu_fd_sc_mcu7t5v0__nand2_1)
                                                         _155_ (net)
                      0.414595    0.000124   23.623016 ^ _502_/C (gf180mcu_fd_sc_mcu7t5v0__aoi211_1)
     5    0.035603    0.544508    0.403412   24.026430 v _502_/ZN (gf180mcu_fd_sc_mcu7t5v0__aoi211_1)
                                                         _166_ (net)
                      0.544508    0.000847   24.027277 v _558_/A2 (gf180mcu_fd_sc_mcu7t5v0__nand2_1)
     3    0.018637    0.335064    0.327530   24.354807 ^ _558_/ZN (gf180mcu_fd_sc_mcu7t5v0__nand2_1)
                                                         _214_ (net)
                      0.335064    0.000288   24.355095 ^ _559_/A2 (gf180mcu_fd_sc_mcu7t5v0__nand2_1)
     1    0.005124    0.237980    0.079282   24.434378 v _559_/ZN (gf180mcu_fd_sc_mcu7t5v0__nand2_1)
                                                         _215_ (net)
                      0.237980    0.000052   24.434429 v _560_/C (gf180mcu_fd_sc_mcu7t5v0__oai221_1)
     1    0.003975    0.472463    0.212070   24.646500 ^ _560_/ZN (gf180mcu_fd_sc_mcu7t5v0__oai221_1)
                                                         _016_ (net)
                      0.472463    0.000044   24.646544 ^ _882_/D (gf180mcu_fd_sc_mcu7t5v0__dffq_1)
                                             24.646544   data arrival time

                                100.000000  100.000000   clock system_clock (rise edge)
                                  0.000000  100.000000   clock source latency
     1    0.036579    0.000000    0.000000  100.000000 ^ CLK_I (in)
                                                         CLK_I (net)
                      0.003417    0.001400  100.001396 ^ clkbuf_0_CLK_I/I (gf180mcu_fd_sc_mcu7t5v0__clkbuf_16)
     8    0.208985    0.167533    0.209873  100.211273 ^ clkbuf_0_CLK_I/Z (gf180mcu_fd_sc_mcu7t5v0__clkbuf_16)
                                                         clknet_0_CLK_I (net)
                      0.167557    0.003013  100.214279 ^ clkbuf_3_1__f_CLK_I/I (gf180mcu_fd_sc_mcu7t5v0__clkbuf_16)
    12    0.063682    0.082281    0.184514  100.398796 ^ clkbuf_3_1__f_CLK_I/Z (gf180mcu_fd_sc_mcu7t5v0__clkbuf_16)
                                                         clknet_3_1__leaf_CLK_I (net)
                      0.082282    0.000554  100.399353 ^ _882_/CLK (gf180mcu_fd_sc_mcu7t5v0__dffq_1)
                                 -0.500000   99.899345   clock uncertainty
                                  0.000000   99.899345   clock reconvergence pessimism
                                 -0.143032   99.756317   library setup time
                                             99.756317   data required time
---------------------------------------------------------------------------------------------
                                             99.756317   data required time
                                            -24.646544   data arrival time
---------------------------------------------------------------------------------------------
                                             75.109772   slack (MET)


Startpoint: RST_I (input port clocked by system_clock)
Endpoint: _886_ (rising edge-triggered flip-flop clocked by system_clock)
Path Group: system_clock
Path Type: max

Fanout         Cap        Slew       Delay        Time   Description
---------------------------------------------------------------------------------------------
                                  0.000000    0.000000   clock system_clock (rise edge)
                                  0.000000    0.000000   clock network delay (propagated)
                                 20.000000   20.000000 ^ input external delay
     1    0.007691    0.000000    0.000000   20.000000 ^ RST_I (in)
                                                         RST_I (net)
                      0.000227    0.000092   20.000093 ^ input10/I (gf180mcu_fd_sc_mcu7t5v0__dlyb_1)
    31    0.226578    2.444017    1.899592   21.899685 ^ input10/Z (gf180mcu_fd_sc_mcu7t5v0__dlyb_1)
                                                         net10 (net)
                      2.444253    0.013696   21.913380 ^ _430_/I (gf180mcu_fd_sc_mcu7t5v0__clkinv_1)
    16    0.123768    1.591476    1.291301   23.204681 v _430_/ZN (gf180mcu_fd_sc_mcu7t5v0__clkinv_1)
                                                         _103_ (net)
                      1.591513    0.004304   23.208986 v _491_/A1 (gf180mcu_fd_sc_mcu7t5v0__nand2_1)
     2    0.009473    0.414595    0.413907   23.622892 ^ _491_/ZN (gf180mcu_fd_sc_mcu7t5v0__nand2_1)
                                                         _155_ (net)
                      0.414595    0.000144   23.623037 ^ _492_/A2 (gf180mcu_fd_sc_mcu7t5v0__nor2_1)
     3    0.017926    0.312134    0.211649   23.834686 v _492_/ZN (gf180mcu_fd_sc_mcu7t5v0__nor2_1)
                                                         _156_ (net)
                      0.312134    0.000293   23.834980 v _555_/A4 (gf180mcu_fd_sc_mcu7t5v0__nand4_1)
     5    0.040876    0.779921    0.549404   24.384384 ^ _555_/ZN (gf180mcu_fd_sc_mcu7t5v0__nand4_1)
                                                         _211_ (net)
                      0.779921    0.000847   24.385231 ^ _576_/A1 (gf180mcu_fd_sc_mcu7t5v0__nand2_1)
     1    0.005185    0.219797    0.098797   24.484028 v _576_/ZN (gf180mcu_fd_sc_mcu7t5v0__nand2_1)
                                                         _228_ (net)
                      0.219797    0.000052   24.484079 v _577_/B2 (gf180mcu_fd_sc_mcu7t5v0__oai32_1)
     1    0.004097    0.488420    0.159526   24.643604 ^ _577_/ZN (gf180mcu_fd_sc_mcu7t5v0__oai32_1)
                                                         _020_ (net)
                      0.488420    0.000048   24.643654 ^ _886_/D (gf180mcu_fd_sc_mcu7t5v0__dffq_1)
                                             24.643654   data arrival time

                                100.000000  100.000000   clock system_clock (rise edge)
                                  0.000000  100.000000   clock source latency
     1    0.036579    0.000000    0.000000  100.000000 ^ CLK_I (in)
                                                         CLK_I (net)
                      0.003417    0.001400  100.001396 ^ clkbuf_0_CLK_I/I (gf180mcu_fd_sc_mcu7t5v0__clkbuf_16)
     8    0.208985    0.167533    0.209873  100.211273 ^ clkbuf_0_CLK_I/Z (gf180mcu_fd_sc_mcu7t5v0__clkbuf_16)
                                                         clknet_0_CLK_I (net)
                      0.167559    0.003084  100.214355 ^ clkbuf_3_4__f_CLK_I/I (gf180mcu_fd_sc_mcu7t5v0__clkbuf_16)
    10    0.071140    0.086358    0.187505  100.401855 ^ clkbuf_3_4__f_CLK_I/Z (gf180mcu_fd_sc_mcu7t5v0__clkbuf_16)
                                                         clknet_3_4__leaf_CLK_I (net)
                      0.086363    0.001215  100.403076 ^ _886_/CLK (gf180mcu_fd_sc_mcu7t5v0__dffq_1)
                                 -0.500000   99.903069   clock uncertainty
                                  0.000000   99.903069   clock reconvergence pessimism
                                 -0.142034   99.761040   library setup time
                                             99.761040   data required time
---------------------------------------------------------------------------------------------
                                             99.761040   data required time
                                            -24.643654   data arrival time
---------------------------------------------------------------------------------------------
                                             75.117386   slack (MET)


Startpoint: RST_I (input port clocked by system_clock)
Endpoint: _822_ (rising edge-triggered flip-flop clocked by system_clock)
Path Group: system_clock
Path Type: max

Fanout         Cap        Slew       Delay        Time   Description
---------------------------------------------------------------------------------------------
                                  0.000000    0.000000   clock system_clock (rise edge)
                                  0.000000    0.000000   clock network delay (propagated)
                                 20.000000   20.000000 ^ input external delay
     1    0.007691    0.000000    0.000000   20.000000 ^ RST_I (in)
                                                         RST_I (net)
                      0.000227    0.000092   20.000093 ^ input10/I (gf180mcu_fd_sc_mcu7t5v0__dlyb_1)
    31    0.226578    2.444017    1.899592   21.899685 ^ input10/Z (gf180mcu_fd_sc_mcu7t5v0__dlyb_1)
                                                         net10 (net)
                      2.444253    0.013696   21.913380 ^ _430_/I (gf180mcu_fd_sc_mcu7t5v0__clkinv_1)
    16    0.123768    1.591476    1.291301   23.204681 v _430_/ZN (gf180mcu_fd_sc_mcu7t5v0__clkinv_1)
                                                         _103_ (net)
                      1.591490    0.002693   23.207375 v _678_/B (gf180mcu_fd_sc_mcu7t5v0__oai21_1)
     2    0.011864    0.562663    0.572362   23.779736 ^ _678_/ZN (gf180mcu_fd_sc_mcu7t5v0__oai21_1)
                                                         _319_ (net)
                      0.562663    0.000083   23.779819 ^ _681_/A3 (gf180mcu_fd_sc_mcu7t5v0__nor4_1)
     5    0.053561    0.813715    0.606388   24.386208 v _681_/ZN (gf180mcu_fd_sc_mcu7t5v0__nor4_1)
                                                         _322_ (net)
                      0.813739    0.002409   24.388617 v _689_/A2 (gf180mcu_fd_sc_mcu7t5v0__oai21_1)
     1    0.003820    0.288315    0.255085   24.643702 ^ _689_/ZN (gf180mcu_fd_sc_mcu7t5v0__oai21_1)
                                                         _035_ (net)
                      0.288315    0.000041   24.643742 ^ _822_/D (gf180mcu_fd_sc_mcu7t5v0__dffq_1)
                                             24.643742   data arrival time

                                100.000000  100.000000   clock system_clock (rise edge)
                                  0.000000  100.000000   clock source latency
     1    0.036579    0.000000    0.000000  100.000000 ^ CLK_I (in)
                                                         CLK_I (net)
                      0.003417    0.001400  100.001396 ^ clkbuf_0_CLK_I/I (gf180mcu_fd_sc_mcu7t5v0__clkbuf_16)
     8    0.208985    0.167533    0.209873  100.211273 ^ clkbuf_0_CLK_I/Z (gf180mcu_fd_sc_mcu7t5v0__clkbuf_16)
                                                         clknet_0_CLK_I (net)
                      0.167574    0.003553  100.214821 ^ clkbuf_3_3__f_CLK_I/I (gf180mcu_fd_sc_mcu7t5v0__clkbuf_16)
    10    0.068751    0.085081    0.186652  100.401474 ^ clkbuf_3_3__f_CLK_I/Z (gf180mcu_fd_sc_mcu7t5v0__clkbuf_16)
                                                         clknet_3_3__leaf_CLK_I (net)
                      0.085081    0.000085  100.401558 ^ _822_/CLK (gf180mcu_fd_sc_mcu7t5v0__dffq_1)
                                 -0.500000   99.901558   clock uncertainty
                                  0.000000   99.901558   clock reconvergence pessimism
                                 -0.140022   99.761536   library setup time
                                             99.761536   data required time
---------------------------------------------------------------------------------------------
                                             99.761536   data required time
                                            -24.643742   data arrival time
---------------------------------------------------------------------------------------------
                                             75.117798   slack (MET)


Startpoint: RST_I (input port clocked by system_clock)
Endpoint: _819_ (rising edge-triggered flip-flop clocked by system_clock)
Path Group: system_clock
Path Type: max

Fanout         Cap        Slew       Delay        Time   Description
---------------------------------------------------------------------------------------------
                                  0.000000    0.000000   clock system_clock (rise edge)
                                  0.000000    0.000000   clock network delay (propagated)
                                 20.000000   20.000000 ^ input external delay
     1    0.007691    0.000000    0.000000   20.000000 ^ RST_I (in)
                                                         RST_I (net)
                      0.000227    0.000092   20.000093 ^ input10/I (gf180mcu_fd_sc_mcu7t5v0__dlyb_1)
    31    0.226578    2.444017    1.899592   21.899685 ^ input10/Z (gf180mcu_fd_sc_mcu7t5v0__dlyb_1)
                                                         net10 (net)
                      2.444253    0.013696   21.913380 ^ _430_/I (gf180mcu_fd_sc_mcu7t5v0__clkinv_1)
    16    0.123768    1.591476    1.291301   23.204681 v _430_/ZN (gf180mcu_fd_sc_mcu7t5v0__clkinv_1)
                                                         _103_ (net)
                      1.591490    0.002693   23.207375 v _678_/B (gf180mcu_fd_sc_mcu7t5v0__oai21_1)
     2    0.011864    0.562663    0.572362   23.779736 ^ _678_/ZN (gf180mcu_fd_sc_mcu7t5v0__oai21_1)
                                                         _319_ (net)
                      0.562663    0.000083   23.779819 ^ _681_/A3 (gf180mcu_fd_sc_mcu7t5v0__nor4_1)
     5    0.053561    0.813715    0.606388   24.386208 v _681_/ZN (gf180mcu_fd_sc_mcu7t5v0__nor4_1)
                                                         _322_ (net)
                      0.813738    0.002350   24.388557 v _685_/A2 (gf180mcu_fd_sc_mcu7t5v0__oai21_1)
     1    0.003157    0.278149    0.245528   24.634087 ^ _685_/ZN (gf180mcu_fd_sc_mcu7t5v0__oai21_1)
                                                         _032_ (net)
                      0.278149    0.000032   24.634117 ^ _819_/D (gf180mcu_fd_sc_mcu7t5v0__dffq_1)
                                             24.634117   data arrival time

                                100.000000  100.000000   clock system_clock (rise edge)
                                  0.000000  100.000000   clock source latency
     1    0.036579    0.000000    0.000000  100.000000 ^ CLK_I (in)
                                                         CLK_I (net)
                      0.003417    0.001400  100.001396 ^ clkbuf_0_CLK_I/I (gf180mcu_fd_sc_mcu7t5v0__clkbuf_16)
     8    0.208985    0.167533    0.209873  100.211273 ^ clkbuf_0_CLK_I/Z (gf180mcu_fd_sc_mcu7t5v0__clkbuf_16)
                                                         clknet_0_CLK_I (net)
                      0.167574    0.003553  100.214821 ^ clkbuf_3_3__f_CLK_I/I (gf180mcu_fd_sc_mcu7t5v0__clkbuf_16)
    10    0.068751    0.085081    0.186652  100.401474 ^ clkbuf_3_3__f_CLK_I/Z (gf180mcu_fd_sc_mcu7t5v0__clkbuf_16)
                                                         clknet_3_3__leaf_CLK_I (net)
                      0.085081    0.000185  100.401657 ^ _819_/CLK (gf180mcu_fd_sc_mcu7t5v0__dffq_1)
                                 -0.500000   99.901657   clock uncertainty
                                  0.000000   99.901657   clock reconvergence pessimism
                                 -0.139843   99.761818   library setup time
                                             99.761818   data required time
---------------------------------------------------------------------------------------------
                                             99.761818   data required time
                                            -24.634117   data arrival time
---------------------------------------------------------------------------------------------
                                             75.127693   slack (MET)


Startpoint: RST_I (input port clocked by system_clock)
Endpoint: _818_ (rising edge-triggered flip-flop clocked by system_clock)
Path Group: system_clock
Path Type: max

Fanout         Cap        Slew       Delay        Time   Description
---------------------------------------------------------------------------------------------
                                  0.000000    0.000000   clock system_clock (rise edge)
                                  0.000000    0.000000   clock network delay (propagated)
                                 20.000000   20.000000 ^ input external delay
     1    0.007691    0.000000    0.000000   20.000000 ^ RST_I (in)
                                                         RST_I (net)
                      0.000227    0.000092   20.000093 ^ input10/I (gf180mcu_fd_sc_mcu7t5v0__dlyb_1)
    31    0.226578    2.444017    1.899592   21.899685 ^ input10/Z (gf180mcu_fd_sc_mcu7t5v0__dlyb_1)
                                                         net10 (net)
                      2.444253    0.013696   21.913380 ^ _430_/I (gf180mcu_fd_sc_mcu7t5v0__clkinv_1)
    16    0.123768    1.591476    1.291301   23.204681 v _430_/ZN (gf180mcu_fd_sc_mcu7t5v0__clkinv_1)
                                                         _103_ (net)
                      1.591490    0.002693   23.207375 v _678_/B (gf180mcu_fd_sc_mcu7t5v0__oai21_1)
     2    0.011864    0.562663    0.572362   23.779736 ^ _678_/ZN (gf180mcu_fd_sc_mcu7t5v0__oai21_1)
                                                         _319_ (net)
                      0.562663    0.000083   23.779819 ^ _681_/A3 (gf180mcu_fd_sc_mcu7t5v0__nor4_1)
     5    0.053561    0.813715    0.606388   24.386208 v _681_/ZN (gf180mcu_fd_sc_mcu7t5v0__nor4_1)
                                                         _322_ (net)
                      0.813735    0.002197   24.388405 v _683_/A2 (gf180mcu_fd_sc_mcu7t5v0__oai21_1)
     1    0.002866    0.273640    0.241332   24.629738 ^ _683_/ZN (gf180mcu_fd_sc_mcu7t5v0__oai21_1)
                                                         _031_ (net)
                      0.273640    0.000028   24.629766 ^ _818_/D (gf180mcu_fd_sc_mcu7t5v0__dffq_1)
                                             24.629766   data arrival time

                                100.000000  100.000000   clock system_clock (rise edge)
                                  0.000000  100.000000   clock source latency
     1    0.036579    0.000000    0.000000  100.000000 ^ CLK_I (in)
                                                         CLK_I (net)
                      0.003417    0.001400  100.001396 ^ clkbuf_0_CLK_I/I (gf180mcu_fd_sc_mcu7t5v0__clkbuf_16)
     8    0.208985    0.167533    0.209873  100.211273 ^ clkbuf_0_CLK_I/Z (gf180mcu_fd_sc_mcu7t5v0__clkbuf_16)
                                                         clknet_0_CLK_I (net)
                      0.167557    0.003013  100.214279 ^ clkbuf_3_1__f_CLK_I/I (gf180mcu_fd_sc_mcu7t5v0__clkbuf_16)
    12    0.063682    0.082281    0.184514  100.398796 ^ clkbuf_3_1__f_CLK_I/Z (gf180mcu_fd_sc_mcu7t5v0__clkbuf_16)
                                                         clknet_3_1__leaf_CLK_I (net)
                      0.082283    0.000661  100.399460 ^ _818_/CLK (gf180mcu_fd_sc_mcu7t5v0__dffq_1)
                                 -0.500000   99.899452   clock uncertainty
                                  0.000000   99.899452   clock reconvergence pessimism
                                 -0.140530   99.758926   library setup time
                                             99.758926   data required time
---------------------------------------------------------------------------------------------
                                             99.758926   data required time
                                            -24.629766   data arrival time
---------------------------------------------------------------------------------------------
                                             75.129158   slack (MET)


Startpoint: RST_I (input port clocked by system_clock)
Endpoint: _830_ (rising edge-triggered flip-flop clocked by system_clock)
Path Group: system_clock
Path Type: max

Fanout         Cap        Slew       Delay        Time   Description
---------------------------------------------------------------------------------------------
                                  0.000000    0.000000   clock system_clock (rise edge)
                                  0.000000    0.000000   clock network delay (propagated)
                                 20.000000   20.000000 ^ input external delay
     1    0.007691    0.000000    0.000000   20.000000 ^ RST_I (in)
                                                         RST_I (net)
                      0.000227    0.000092   20.000093 ^ input10/I (gf180mcu_fd_sc_mcu7t5v0__dlyb_1)
    31    0.226578    2.444017    1.899592   21.899685 ^ input10/Z (gf180mcu_fd_sc_mcu7t5v0__dlyb_1)
                                                         net10 (net)
                      2.444253    0.013696   21.913380 ^ _430_/I (gf180mcu_fd_sc_mcu7t5v0__clkinv_1)
    16    0.123768    1.591476    1.291301   23.204681 v _430_/ZN (gf180mcu_fd_sc_mcu7t5v0__clkinv_1)
                                                         _103_ (net)
                      1.591488    0.002487   23.207169 v _680_/A2 (gf180mcu_fd_sc_mcu7t5v0__nand2_1)
     3    0.028520    0.643015    0.673436   23.880606 ^ _680_/ZN (gf180mcu_fd_sc_mcu7t5v0__nand2_1)
                                                         _321_ (net)
                      0.643015    0.000274   23.880878 ^ _730_/B (gf180mcu_fd_sc_mcu7t5v0__aoi21_1)
     1    0.004323    0.286850    0.176867   24.057745 v _730_/ZN (gf180mcu_fd_sc_mcu7t5v0__aoi21_1)
                                                         _359_ (net)
                      0.286850    0.000083   24.057829 v _731_/A1 (gf180mcu_fd_sc_mcu7t5v0__and2_1)
     1    0.003260    0.070476    0.207203   24.265032 v _731_/Z (gf180mcu_fd_sc_mcu7t5v0__and2_1)
                                                         _043_ (net)
                      0.070476    0.000060   24.265093 v _830_/D (gf180mcu_fd_sc_mcu7t5v0__dffq_1)
                                             24.265093   data arrival time

                                100.000000  100.000000   clock system_clock (rise edge)
                                  0.000000  100.000000   clock source latency
     1    0.036579    0.000000    0.000000  100.000000 ^ CLK_I (in)
                                                         CLK_I (net)
                      0.003417    0.001400  100.001396 ^ clkbuf_0_CLK_I/I (gf180mcu_fd_sc_mcu7t5v0__clkbuf_16)
     8    0.208985    0.167533    0.209873  100.211273 ^ clkbuf_0_CLK_I/Z (gf180mcu_fd_sc_mcu7t5v0__clkbuf_16)
                                                         clknet_0_CLK_I (net)
                      0.167582    0.003752  100.215019 ^ clkbuf_3_0__f_CLK_I/I (gf180mcu_fd_sc_mcu7t5v0__clkbuf_16)
     9    0.058017    0.079128    0.182013  100.397034 ^ clkbuf_3_0__f_CLK_I/Z (gf180mcu_fd_sc_mcu7t5v0__clkbuf_16)
                                                         clknet_3_0__leaf_CLK_I (net)
                      0.079132    0.001030  100.398064 ^ _830_/CLK (gf180mcu_fd_sc_mcu7t5v0__dffq_1)
                                 -0.500000   99.898064   clock uncertainty
                                  0.000000   99.898064   clock reconvergence pessimism
                                 -0.126987   99.771072   library setup time
                                             99.771072   data required time
---------------------------------------------------------------------------------------------
                                             99.771072   data required time
                                            -24.265093   data arrival time
---------------------------------------------------------------------------------------------
                                             75.505981   slack (MET)


Startpoint: RST_I (input port clocked by system_clock)
Endpoint: _890_ (rising edge-triggered flip-flop clocked by system_clock)
Path Group: system_clock
Path Type: max

Fanout         Cap        Slew       Delay        Time   Description
---------------------------------------------------------------------------------------------
                                  0.000000    0.000000   clock system_clock (rise edge)
                                  0.000000    0.000000   clock network delay (propagated)
                                 20.000000   20.000000 ^ input external delay
     1    0.007691    0.000000    0.000000   20.000000 ^ RST_I (in)
                                                         RST_I (net)
                      0.000227    0.000092   20.000093 ^ input10/I (gf180mcu_fd_sc_mcu7t5v0__dlyb_1)
    31    0.226578    2.444017    1.899592   21.899685 ^ input10/Z (gf180mcu_fd_sc_mcu7t5v0__dlyb_1)
                                                         net10 (net)
                      2.444253    0.013696   21.913380 ^ _430_/I (gf180mcu_fd_sc_mcu7t5v0__clkinv_1)
    16    0.123768    1.591476    1.291301   23.204681 v _430_/ZN (gf180mcu_fd_sc_mcu7t5v0__clkinv_1)
                                                         _103_ (net)
                      1.591510    0.004123   23.208805 v _598_/A4 (gf180mcu_fd_sc_mcu7t5v0__nand4_1)
     1    0.005718    0.544616    0.585818   23.794622 ^ _598_/ZN (gf180mcu_fd_sc_mcu7t5v0__nand4_1)
                                                         _245_ (net)
                      0.544616    0.000110   23.794733 ^ _599_/B2 (gf180mcu_fd_sc_mcu7t5v0__oai32_1)
     1    0.005291    0.751058    0.167802   23.962534 v _599_/ZN (gf180mcu_fd_sc_mcu7t5v0__oai32_1)
                                                         _024_ (net)
                      0.751058    0.000112   23.962646 v _890_/D (gf180mcu_fd_sc_mcu7t5v0__dffq_1)
                                             23.962646   data arrival time

                                100.000000  100.000000   clock system_clock (rise edge)
                                  0.000000  100.000000   clock source latency
     1    0.036579    0.000000    0.000000  100.000000 ^ CLK_I (in)
                                                         CLK_I (net)
                      0.003417    0.001400  100.001396 ^ clkbuf_0_CLK_I/I (gf180mcu_fd_sc_mcu7t5v0__clkbuf_16)
     8    0.208985    0.167533    0.209873  100.211273 ^ clkbuf_0_CLK_I/Z (gf180mcu_fd_sc_mcu7t5v0__clkbuf_16)
                                                         clknet_0_CLK_I (net)
                      0.167557    0.003013  100.214279 ^ clkbuf_3_1__f_CLK_I/I (gf180mcu_fd_sc_mcu7t5v0__clkbuf_16)
    12    0.063682    0.082281    0.184514  100.398796 ^ clkbuf_3_1__f_CLK_I/Z (gf180mcu_fd_sc_mcu7t5v0__clkbuf_16)
                                                         clknet_3_1__leaf_CLK_I (net)
                      0.082282    0.000576  100.399368 ^ _890_/CLK (gf180mcu_fd_sc_mcu7t5v0__dffq_1)
                                 -0.500000   99.899368   clock uncertainty
                                  0.000000   99.899368   clock reconvergence pessimism
                                 -0.369931   99.529442   library setup time
                                             99.529442   data required time
---------------------------------------------------------------------------------------------
                                             99.529442   data required time
                                            -23.962646   data arrival time
---------------------------------------------------------------------------------------------
                                             75.566788   slack (MET)


Startpoint: RST_I (input port clocked by system_clock)
Endpoint: _833_ (rising edge-triggered flip-flop clocked by system_clock)
Path Group: system_clock
Path Type: max

Fanout         Cap        Slew       Delay        Time   Description
---------------------------------------------------------------------------------------------
                                  0.000000    0.000000   clock system_clock (rise edge)
                                  0.000000    0.000000   clock network delay (propagated)
                                 20.000000   20.000000 ^ input external delay
     1    0.007691    0.000000    0.000000   20.000000 ^ RST_I (in)
                                                         RST_I (net)
                      0.000227    0.000092   20.000093 ^ input10/I (gf180mcu_fd_sc_mcu7t5v0__dlyb_1)
    31    0.226578    2.444017    1.899592   21.899685 ^ input10/Z (gf180mcu_fd_sc_mcu7t5v0__dlyb_1)
                                                         net10 (net)
                      2.444253    0.013696   21.913380 ^ _430_/I (gf180mcu_fd_sc_mcu7t5v0__clkinv_1)
    16    0.123768    1.591476    1.291301   23.204681 v _430_/ZN (gf180mcu_fd_sc_mcu7t5v0__clkinv_1)
                                                         _103_ (net)
                      1.591488    0.002487   23.207169 v _680_/A2 (gf180mcu_fd_sc_mcu7t5v0__nand2_1)
     3    0.028520    0.643015    0.673436   23.880606 ^ _680_/ZN (gf180mcu_fd_sc_mcu7t5v0__nand2_1)
                                                         _321_ (net)
                      0.643016    0.000794   23.881399 ^ _750_/A2 (gf180mcu_fd_sc_mcu7t5v0__nor3_1)
     1    0.005019    0.253598    0.140790   24.022190 v _750_/ZN (gf180mcu_fd_sc_mcu7t5v0__nor3_1)
                                                         _046_ (net)
                      0.253598    0.000098   24.022287 v _833_/D (gf180mcu_fd_sc_mcu7t5v0__dffq_1)
                                             24.022287   data arrival time

                                100.000000  100.000000   clock system_clock (rise edge)
                                  0.000000  100.000000   clock source latency
     1    0.036579    0.000000    0.000000  100.000000 ^ CLK_I (in)
                                                         CLK_I (net)
                      0.003417    0.001400  100.001396 ^ clkbuf_0_CLK_I/I (gf180mcu_fd_sc_mcu7t5v0__clkbuf_16)
     8    0.208985    0.167533    0.209873  100.211273 ^ clkbuf_0_CLK_I/Z (gf180mcu_fd_sc_mcu7t5v0__clkbuf_16)
                                                         clknet_0_CLK_I (net)
                      0.167587    0.003837  100.215103 ^ clkbuf_3_2__f_CLK_I/I (gf180mcu_fd_sc_mcu7t5v0__clkbuf_16)
    14    0.060187    0.080307    0.182844  100.397949 ^ clkbuf_3_2__f_CLK_I/Z (gf180mcu_fd_sc_mcu7t5v0__clkbuf_16)
                                                         clknet_3_2__leaf_CLK_I (net)
                      0.080313    0.001194  100.399147 ^ _833_/CLK (gf180mcu_fd_sc_mcu7t5v0__dffq_1)
                                 -0.500000   99.899139   clock uncertainty
                                  0.000000   99.899139   clock reconvergence pessimism
                                 -0.184665   99.714478   library setup time
                                             99.714478   data required time
---------------------------------------------------------------------------------------------
                                             99.714478   data required time
                                            -24.022287   data arrival time
---------------------------------------------------------------------------------------------
                                             75.692192   slack (MET)


Startpoint: RST_I (input port clocked by system_clock)
Endpoint: _891_ (rising edge-triggered flip-flop clocked by system_clock)
Path Group: system_clock
Path Type: max

Fanout         Cap        Slew       Delay        Time   Description
---------------------------------------------------------------------------------------------
                                  0.000000    0.000000   clock system_clock (rise edge)
                                  0.000000    0.000000   clock network delay (propagated)
                                 20.000000   20.000000 ^ input external delay
     1    0.007691    0.000000    0.000000   20.000000 ^ RST_I (in)
                                                         RST_I (net)
                      0.000227    0.000092   20.000093 ^ input10/I (gf180mcu_fd_sc_mcu7t5v0__dlyb_1)
    31    0.226578    2.444017    1.899592   21.899685 ^ input10/Z (gf180mcu_fd_sc_mcu7t5v0__dlyb_1)
                                                         net10 (net)
                      2.444253    0.013696   21.913380 ^ _430_/I (gf180mcu_fd_sc_mcu7t5v0__clkinv_1)
    16    0.123768    1.591476    1.291301   23.204681 v _430_/ZN (gf180mcu_fd_sc_mcu7t5v0__clkinv_1)
                                                         _103_ (net)
                      1.591508    0.004023   23.208704 v _597_/A2 (gf180mcu_fd_sc_mcu7t5v0__nand2_1)
     1    0.006716    0.397482    0.448976   23.657681 ^ _597_/ZN (gf180mcu_fd_sc_mcu7t5v0__nand2_1)
                                                         _244_ (net)
                      0.397482    0.000137   23.657818 ^ _601_/A3 (gf180mcu_fd_sc_mcu7t5v0__oai33_1)
     1    0.003425    0.678762    0.157298   23.815115 v _601_/ZN (gf180mcu_fd_sc_mcu7t5v0__oai33_1)
                                                         _025_ (net)
                      0.678762    0.000064   23.815180 v _891_/D (gf180mcu_fd_sc_mcu7t5v0__dffq_1)
                                             23.815180   data arrival time

                                100.000000  100.000000   clock system_clock (rise edge)
                                  0.000000  100.000000   clock source latency
     1    0.036579    0.000000    0.000000  100.000000 ^ CLK_I (in)
                                                         CLK_I (net)
                      0.003417    0.001400  100.001396 ^ clkbuf_0_CLK_I/I (gf180mcu_fd_sc_mcu7t5v0__clkbuf_16)
     8    0.208985    0.167533    0.209873  100.211273 ^ clkbuf_0_CLK_I/Z (gf180mcu_fd_sc_mcu7t5v0__clkbuf_16)
                                                         clknet_0_CLK_I (net)
                      0.167557    0.003013  100.214279 ^ clkbuf_3_1__f_CLK_I/I (gf180mcu_fd_sc_mcu7t5v0__clkbuf_16)
    12    0.063682    0.082281    0.184514  100.398796 ^ clkbuf_3_1__f_CLK_I/Z (gf180mcu_fd_sc_mcu7t5v0__clkbuf_16)
                                                         clknet_3_1__leaf_CLK_I (net)
                      0.082282    0.000540  100.399338 ^ _891_/CLK (gf180mcu_fd_sc_mcu7t5v0__dffq_1)
                                 -0.500000   99.899338   clock uncertainty
                                  0.000000   99.899338   clock reconvergence pessimism
                                 -0.343422   99.555916   library setup time
                                             99.555916   data required time
---------------------------------------------------------------------------------------------
                                             99.555916   data required time
                                            -23.815180   data arrival time
---------------------------------------------------------------------------------------------
                                             75.740730   slack (MET)


Startpoint: RST_I (input port clocked by system_clock)
Endpoint: _831_ (rising edge-triggered flip-flop clocked by system_clock)
Path Group: system_clock
Path Type: max

Fanout         Cap        Slew       Delay        Time   Description
---------------------------------------------------------------------------------------------
                                  0.000000    0.000000   clock system_clock (rise edge)
                                  0.000000    0.000000   clock network delay (propagated)
                                 20.000000   20.000000 ^ input external delay
     1    0.007691    0.000000    0.000000   20.000000 ^ RST_I (in)
                                                         RST_I (net)
                      0.000227    0.000092   20.000093 ^ input10/I (gf180mcu_fd_sc_mcu7t5v0__dlyb_1)
    31    0.226578    2.444017    1.899592   21.899685 ^ input10/Z (gf180mcu_fd_sc_mcu7t5v0__dlyb_1)
                                                         net10 (net)
                      2.444253    0.013696   21.913380 ^ _430_/I (gf180mcu_fd_sc_mcu7t5v0__clkinv_1)
    16    0.123768    1.591476    1.291301   23.204681 v _430_/ZN (gf180mcu_fd_sc_mcu7t5v0__clkinv_1)
                                                         _103_ (net)
                      1.591490    0.002693   23.207375 v _678_/B (gf180mcu_fd_sc_mcu7t5v0__oai21_1)
     2    0.011864    0.562663    0.572362   23.779736 ^ _678_/ZN (gf180mcu_fd_sc_mcu7t5v0__oai21_1)
                                                         _319_ (net)
                      0.562663    0.000187   23.779922 ^ _735_/B (gf180mcu_fd_sc_mcu7t5v0__aoi21_1)
     1    0.004075    0.263377    0.168191   23.948114 v _735_/ZN (gf180mcu_fd_sc_mcu7t5v0__aoi21_1)
                                                         _044_ (net)
                      0.263377    0.000080   23.948193 v _831_/D (gf180mcu_fd_sc_mcu7t5v0__dffq_1)
                                             23.948193   data arrival time

                                100.000000  100.000000   clock system_clock (rise edge)
                                  0.000000  100.000000   clock source latency
     1    0.036579    0.000000    0.000000  100.000000 ^ CLK_I (in)
                                                         CLK_I (net)
                      0.003417    0.001400  100.001396 ^ clkbuf_0_CLK_I/I (gf180mcu_fd_sc_mcu7t5v0__clkbuf_16)
     8    0.208985    0.167533    0.209873  100.211273 ^ clkbuf_0_CLK_I/Z (gf180mcu_fd_sc_mcu7t5v0__clkbuf_16)
                                                         clknet_0_CLK_I (net)
                      0.167582    0.003752  100.215019 ^ clkbuf_3_0__f_CLK_I/I (gf180mcu_fd_sc_mcu7t5v0__clkbuf_16)
     9    0.058017    0.079128    0.182013  100.397034 ^ clkbuf_3_0__f_CLK_I/Z (gf180mcu_fd_sc_mcu7t5v0__clkbuf_16)
                                                         clknet_3_0__leaf_CLK_I (net)
                      0.079130    0.000753  100.397789 ^ _831_/CLK (gf180mcu_fd_sc_mcu7t5v0__dffq_1)
                                 -0.500000   99.897789   clock uncertainty
                                  0.000000   99.897789   clock reconvergence pessimism
                                 -0.188588   99.709198   library setup time
                                             99.709198   data required time
---------------------------------------------------------------------------------------------
                                             99.709198   data required time
                                            -23.948193   data arrival time
---------------------------------------------------------------------------------------------
                                             75.761009   slack (MET)


Startpoint: RST_I (input port clocked by system_clock)
Endpoint: _866_ (rising edge-triggered flip-flop clocked by system_clock)
Path Group: system_clock
Path Type: max

Fanout         Cap        Slew       Delay        Time   Description
---------------------------------------------------------------------------------------------
                                  0.000000    0.000000   clock system_clock (rise edge)
                                  0.000000    0.000000   clock network delay (propagated)
                                 20.000000   20.000000 ^ input external delay
     1    0.007691    0.000000    0.000000   20.000000 ^ RST_I (in)
                                                         RST_I (net)
                      0.000227    0.000092   20.000093 ^ input10/I (gf180mcu_fd_sc_mcu7t5v0__dlyb_1)
    31    0.226578    2.444017    1.899592   21.899685 ^ input10/Z (gf180mcu_fd_sc_mcu7t5v0__dlyb_1)
                                                         net10 (net)
                      2.444253    0.013696   21.913380 ^ _430_/I (gf180mcu_fd_sc_mcu7t5v0__clkinv_1)
    16    0.123768    1.591476    1.291301   23.204681 v _430_/ZN (gf180mcu_fd_sc_mcu7t5v0__clkinv_1)
                                                         _103_ (net)
                      1.591503    0.003730   23.208412 v _813_/B (gf180mcu_fd_sc_mcu7t5v0__oai21_1)
     1    0.004436    0.475208    0.488244   23.696655 ^ _813_/ZN (gf180mcu_fd_sc_mcu7t5v0__oai21_1)
                                                         _406_ (net)
                      0.475208    0.000083   23.696739 ^ _814_/B (gf180mcu_fd_sc_mcu7t5v0__aoi21_1)
     1    0.002790    0.291918    0.150058   23.846798 v _814_/ZN (gf180mcu_fd_sc_mcu7t5v0__aoi21_1)
                                                         _079_ (net)
                      0.291918    0.000027   23.846825 v _866_/D (gf180mcu_fd_sc_mcu7t5v0__dffq_1)
                                             23.846825   data arrival time

                                100.000000  100.000000   clock system_clock (rise edge)
                                  0.000000  100.000000   clock source latency
     1    0.036579    0.000000    0.000000  100.000000 ^ CLK_I (in)
                                                         CLK_I (net)
                      0.003417    0.001400  100.001396 ^ clkbuf_0_CLK_I/I (gf180mcu_fd_sc_mcu7t5v0__clkbuf_16)
     8    0.208985    0.167533    0.209873  100.211273 ^ clkbuf_0_CLK_I/Z (gf180mcu_fd_sc_mcu7t5v0__clkbuf_16)
                                                         clknet_0_CLK_I (net)
                      0.167574    0.003553  100.214821 ^ clkbuf_3_3__f_CLK_I/I (gf180mcu_fd_sc_mcu7t5v0__clkbuf_16)
    10    0.068751    0.085081    0.186652  100.401474 ^ clkbuf_3_3__f_CLK_I/Z (gf180mcu_fd_sc_mcu7t5v0__clkbuf_16)
                                                         clknet_3_3__leaf_CLK_I (net)
                      0.085081    0.000185  100.401657 ^ _866_/CLK (gf180mcu_fd_sc_mcu7t5v0__dffq_1)
                                 -0.500000   99.901657   clock uncertainty
                                  0.000000   99.901657   clock reconvergence pessimism
                                 -0.198208   99.703453   library setup time
                                             99.703453   data required time
---------------------------------------------------------------------------------------------
                                             99.703453   data required time
                                            -23.846825   data arrival time
---------------------------------------------------------------------------------------------
                                             75.856628   slack (MET)


Startpoint: RST_I (input port clocked by system_clock)
Endpoint: _870_ (rising edge-triggered flip-flop clocked by system_clock)
Path Group: system_clock
Path Type: max

Fanout         Cap        Slew       Delay        Time   Description
---------------------------------------------------------------------------------------------
                                  0.000000    0.000000   clock system_clock (rise edge)
                                  0.000000    0.000000   clock network delay (propagated)
                                 20.000000   20.000000 ^ input external delay
     1    0.007691    0.000000    0.000000   20.000000 ^ RST_I (in)
                                                         RST_I (net)
                      0.000227    0.000092   20.000093 ^ input10/I (gf180mcu_fd_sc_mcu7t5v0__dlyb_1)
    31    0.226578    2.444017    1.899592   21.899685 ^ input10/Z (gf180mcu_fd_sc_mcu7t5v0__dlyb_1)
                                                         net10 (net)
                      2.444253    0.013696   21.913380 ^ _430_/I (gf180mcu_fd_sc_mcu7t5v0__clkinv_1)
    16    0.123768    1.591476    1.291301   23.204681 v _430_/ZN (gf180mcu_fd_sc_mcu7t5v0__clkinv_1)
                                                         _103_ (net)
                      1.591492    0.002863   23.207544 v _458_/B (gf180mcu_fd_sc_mcu7t5v0__oai21_1)
     1    0.004378    0.474421    0.487503   23.695049 ^ _458_/ZN (gf180mcu_fd_sc_mcu7t5v0__oai21_1)
                                                         _126_ (net)
                      0.474421    0.000080   23.695127 ^ _459_/B (gf180mcu_fd_sc_mcu7t5v0__aoi21_1)
     1    0.002800    0.292058    0.150091   23.845221 v _459_/ZN (gf180mcu_fd_sc_mcu7t5v0__aoi21_1)
                                                         _004_ (net)
                      0.292058    0.000027   23.845247 v _870_/D (gf180mcu_fd_sc_mcu7t5v0__dffq_1)
                                             23.845247   data arrival time

                                100.000000  100.000000   clock system_clock (rise edge)
                                  0.000000  100.000000   clock source latency
     1    0.036579    0.000000    0.000000  100.000000 ^ CLK_I (in)
                                                         CLK_I (net)
                      0.003417    0.001400  100.001396 ^ clkbuf_0_CLK_I/I (gf180mcu_fd_sc_mcu7t5v0__clkbuf_16)
     8    0.208985    0.167533    0.209873  100.211273 ^ clkbuf_0_CLK_I/Z (gf180mcu_fd_sc_mcu7t5v0__clkbuf_16)
                                                         clknet_0_CLK_I (net)
                      0.167574    0.003553  100.214821 ^ clkbuf_3_3__f_CLK_I/I (gf180mcu_fd_sc_mcu7t5v0__clkbuf_16)
    10    0.068751    0.085081    0.186652  100.401474 ^ clkbuf_3_3__f_CLK_I/Z (gf180mcu_fd_sc_mcu7t5v0__clkbuf_16)
                                                         clknet_3_3__leaf_CLK_I (net)
                      0.085082    0.000384  100.401855 ^ _870_/CLK (gf180mcu_fd_sc_mcu7t5v0__dffq_1)
                                 -0.500000   99.901855   clock uncertainty
                                  0.000000   99.901855   clock reconvergence pessimism
                                 -0.198261   99.703590   library setup time
                                             99.703590   data required time
---------------------------------------------------------------------------------------------
                                             99.703590   data required time
                                            -23.845247   data arrival time
---------------------------------------------------------------------------------------------
                                             75.858345   slack (MET)


Startpoint: RST_I (input port clocked by system_clock)
Endpoint: _868_ (rising edge-triggered flip-flop clocked by system_clock)
Path Group: system_clock
Path Type: max

Fanout         Cap        Slew       Delay        Time   Description
---------------------------------------------------------------------------------------------
                                  0.000000    0.000000   clock system_clock (rise edge)
                                  0.000000    0.000000   clock network delay (propagated)
                                 20.000000   20.000000 ^ input external delay
     1    0.007691    0.000000    0.000000   20.000000 ^ RST_I (in)
                                                         RST_I (net)
                      0.000227    0.000092   20.000093 ^ input10/I (gf180mcu_fd_sc_mcu7t5v0__dlyb_1)
    31    0.226578    2.444017    1.899592   21.899685 ^ input10/Z (gf180mcu_fd_sc_mcu7t5v0__dlyb_1)
                                                         net10 (net)
                      2.444253    0.013696   21.913380 ^ _430_/I (gf180mcu_fd_sc_mcu7t5v0__clkinv_1)
    16    0.123768    1.591476    1.291301   23.204681 v _430_/ZN (gf180mcu_fd_sc_mcu7t5v0__clkinv_1)
                                                         _103_ (net)
                      1.591497    0.003297   23.207979 v _453_/B (gf180mcu_fd_sc_mcu7t5v0__oai21_1)
     1    0.004866    0.481082    0.493767   23.701746 ^ _453_/ZN (gf180mcu_fd_sc_mcu7t5v0__oai21_1)
                                                         _123_ (net)
                      0.481082    0.000094   23.701839 ^ _454_/B (gf180mcu_fd_sc_mcu7t5v0__aoi21_1)
     1    0.003776    0.239418    0.159211   23.861052 v _454_/ZN (gf180mcu_fd_sc_mcu7t5v0__aoi21_1)
                                                         _002_ (net)
                      0.239418    0.000073   23.861124 v _868_/D (gf180mcu_fd_sc_mcu7t5v0__dffq_1)
                                             23.861124   data arrival time

                                100.000000  100.000000   clock system_clock (rise edge)
                                  0.000000  100.000000   clock source latency
     1    0.036579    0.000000    0.000000  100.000000 ^ CLK_I (in)
                                                         CLK_I (net)
                      0.003417    0.001400  100.001396 ^ clkbuf_0_CLK_I/I (gf180mcu_fd_sc_mcu7t5v0__clkbuf_16)
     8    0.208985    0.167533    0.209873  100.211273 ^ clkbuf_0_CLK_I/Z (gf180mcu_fd_sc_mcu7t5v0__clkbuf_16)
                                                         clknet_0_CLK_I (net)
                      0.167622    0.004455  100.215721 ^ clkbuf_3_6__f_CLK_I/I (gf180mcu_fd_sc_mcu7t5v0__clkbuf_16)
    13    0.063776    0.082341    0.184599  100.400322 ^ clkbuf_3_6__f_CLK_I/Z (gf180mcu_fd_sc_mcu7t5v0__clkbuf_16)
                                                         clknet_3_6__leaf_CLK_I (net)
                      0.082342    0.000519  100.400841 ^ _868_/CLK (gf180mcu_fd_sc_mcu7t5v0__dffq_1)
                                 -0.500000   99.900841   clock uncertainty
                                  0.000000   99.900841   clock reconvergence pessimism
                                 -0.178898   99.721939   library setup time
                                             99.721939   data required time
---------------------------------------------------------------------------------------------
                                             99.721939   data required time
                                            -23.861124   data arrival time
---------------------------------------------------------------------------------------------
                                             75.860809   slack (MET)


Startpoint: RST_I (input port clocked by system_clock)
Endpoint: _867_ (rising edge-triggered flip-flop clocked by system_clock)
Path Group: system_clock
Path Type: max

Fanout         Cap        Slew       Delay        Time   Description
---------------------------------------------------------------------------------------------
                                  0.000000    0.000000   clock system_clock (rise edge)
                                  0.000000    0.000000   clock network delay (propagated)
                                 20.000000   20.000000 ^ input external delay
     1    0.007691    0.000000    0.000000   20.000000 ^ RST_I (in)
                                                         RST_I (net)
                      0.000227    0.000092   20.000093 ^ input10/I (gf180mcu_fd_sc_mcu7t5v0__dlyb_1)
    31    0.226578    2.444017    1.899592   21.899685 ^ input10/Z (gf180mcu_fd_sc_mcu7t5v0__dlyb_1)
                                                         net10 (net)
                      2.444253    0.013696   21.913380 ^ _430_/I (gf180mcu_fd_sc_mcu7t5v0__clkinv_1)
    16    0.123768    1.591476    1.291301   23.204681 v _430_/ZN (gf180mcu_fd_sc_mcu7t5v0__clkinv_1)
                                                         _103_ (net)
                      1.591501    0.003602   23.208284 v _816_/C (gf180mcu_fd_sc_mcu7t5v0__oai211_1)
     1    0.004434    0.575301    0.578373   23.786657 ^ _816_/ZN (gf180mcu_fd_sc_mcu7t5v0__oai211_1)
                                                         _080_ (net)
                      0.575301    0.000087   23.786743 ^ _867_/D (gf180mcu_fd_sc_mcu7t5v0__dffq_1)
                                             23.786743   data arrival time

                                100.000000  100.000000   clock system_clock (rise edge)
                                  0.000000  100.000000   clock source latency
     1    0.036579    0.000000    0.000000  100.000000 ^ CLK_I (in)
                                                         CLK_I (net)
                      0.003417    0.001400  100.001396 ^ clkbuf_0_CLK_I/I (gf180mcu_fd_sc_mcu7t5v0__clkbuf_16)
     8    0.208985    0.167533    0.209873  100.211273 ^ clkbuf_0_CLK_I/Z (gf180mcu_fd_sc_mcu7t5v0__clkbuf_16)
                                                         clknet_0_CLK_I (net)
                      0.167574    0.003553  100.214821 ^ clkbuf_3_3__f_CLK_I/I (gf180mcu_fd_sc_mcu7t5v0__clkbuf_16)
    10    0.068751    0.085081    0.186652  100.401474 ^ clkbuf_3_3__f_CLK_I/Z (gf180mcu_fd_sc_mcu7t5v0__clkbuf_16)
                                                         clknet_3_3__leaf_CLK_I (net)
                      0.085081    0.000036  100.401512 ^ _867_/CLK (gf180mcu_fd_sc_mcu7t5v0__dffq_1)
                                 -0.500000   99.901512   clock uncertainty
                                  0.000000   99.901512   clock reconvergence pessimism
                                 -0.142646   99.758858   library setup time
                                             99.758858   data required time
---------------------------------------------------------------------------------------------
                                             99.758858   data required time
                                            -23.786743   data arrival time
---------------------------------------------------------------------------------------------
                                             75.972115   slack (MET)


Startpoint: RST_I (input port clocked by system_clock)
Endpoint: _872_ (rising edge-triggered flip-flop clocked by system_clock)
Path Group: system_clock
Path Type: max

Fanout         Cap        Slew       Delay        Time   Description
---------------------------------------------------------------------------------------------
                                  0.000000    0.000000   clock system_clock (rise edge)
                                  0.000000    0.000000   clock network delay (propagated)
                                 20.000000   20.000000 ^ input external delay
     1    0.007691    0.000000    0.000000   20.000000 ^ RST_I (in)
                                                         RST_I (net)
                      0.000227    0.000092   20.000093 ^ input10/I (gf180mcu_fd_sc_mcu7t5v0__dlyb_1)
    31    0.226578    2.444017    1.899592   21.899685 ^ input10/Z (gf180mcu_fd_sc_mcu7t5v0__dlyb_1)
                                                         net10 (net)
                      2.444253    0.013696   21.913380 ^ _430_/I (gf180mcu_fd_sc_mcu7t5v0__clkinv_1)
    16    0.123768    1.591476    1.291301   23.204681 v _430_/ZN (gf180mcu_fd_sc_mcu7t5v0__clkinv_1)
                                                         _103_ (net)
                      1.591498    0.003327   23.208008 v _463_/B (gf180mcu_fd_sc_mcu7t5v0__oai21_1)
     1    0.004729    0.479217    0.492015   23.700024 ^ _463_/ZN (gf180mcu_fd_sc_mcu7t5v0__oai21_1)
                                                         _129_ (net)
                      0.479217    0.000044   23.700068 ^ _465_/A1 (gf180mcu_fd_sc_mcu7t5v0__nor2_1)
     1    0.002908    0.142993    0.065018   23.765087 v _465_/ZN (gf180mcu_fd_sc_mcu7t5v0__nor2_1)
                                                         _006_ (net)
                      0.142993    0.000028   23.765116 v _872_/D (gf180mcu_fd_sc_mcu7t5v0__dffq_1)
                                             23.765116   data arrival time

                                100.000000  100.000000   clock system_clock (rise edge)
                                  0.000000  100.000000   clock source latency
     1    0.036579    0.000000    0.000000  100.000000 ^ CLK_I (in)
                                                         CLK_I (net)
                      0.003417    0.001400  100.001396 ^ clkbuf_0_CLK_I/I (gf180mcu_fd_sc_mcu7t5v0__clkbuf_16)
     8    0.208985    0.167533    0.209873  100.211273 ^ clkbuf_0_CLK_I/Z (gf180mcu_fd_sc_mcu7t5v0__clkbuf_16)
                                                         clknet_0_CLK_I (net)
                      0.167622    0.004455  100.215721 ^ clkbuf_3_6__f_CLK_I/I (gf180mcu_fd_sc_mcu7t5v0__clkbuf_16)
    13    0.063776    0.082341    0.184599  100.400322 ^ clkbuf_3_6__f_CLK_I/Z (gf180mcu_fd_sc_mcu7t5v0__clkbuf_16)
                                                         clknet_3_6__leaf_CLK_I (net)
                      0.082342    0.000512  100.400833 ^ _872_/CLK (gf180mcu_fd_sc_mcu7t5v0__dffq_1)
                                 -0.500000   99.900833   clock uncertainty
                                  0.000000   99.900833   clock reconvergence pessimism
                                 -0.148104   99.752731   library setup time
                                             99.752731   data required time
---------------------------------------------------------------------------------------------
                                             99.752731   data required time
                                            -23.765116   data arrival time
---------------------------------------------------------------------------------------------
                                             75.987617   slack (MET)


Startpoint: RST_I (input port clocked by system_clock)
Endpoint: _844_ (rising edge-triggered flip-flop clocked by system_clock)
Path Group: system_clock
Path Type: max

Fanout         Cap        Slew       Delay        Time   Description
---------------------------------------------------------------------------------------------
                                  0.000000    0.000000   clock system_clock (rise edge)
                                  0.000000    0.000000   clock network delay (propagated)
                                 20.000000   20.000000 ^ input external delay
     1    0.007691    0.000000    0.000000   20.000000 ^ RST_I (in)
                                                         RST_I (net)
                      0.000227    0.000092   20.000093 ^ input10/I (gf180mcu_fd_sc_mcu7t5v0__dlyb_1)
    31    0.226578    2.444017    1.899592   21.899685 ^ input10/Z (gf180mcu_fd_sc_mcu7t5v0__dlyb_1)
                                                         net10 (net)
                      2.444253    0.013696   21.913380 ^ _430_/I (gf180mcu_fd_sc_mcu7t5v0__clkinv_1)
    16    0.123768    1.591476    1.291301   23.204681 v _430_/ZN (gf180mcu_fd_sc_mcu7t5v0__clkinv_1)
                                                         _103_ (net)
                      1.591490    0.002689   23.207371 v _771_/A1 (gf180mcu_fd_sc_mcu7t5v0__and2_1)
     1    0.004205    0.126315    0.446001   23.653372 v _771_/Z (gf180mcu_fd_sc_mcu7t5v0__and2_1)
                                                         _057_ (net)
                      0.126315    0.000080   23.653452 v _844_/D (gf180mcu_fd_sc_mcu7t5v0__dffq_1)
                                             23.653452   data arrival time

                                100.000000  100.000000   clock system_clock (rise edge)
                                  0.000000  100.000000   clock source latency
     1    0.036579    0.000000    0.000000  100.000000 ^ CLK_I (in)
                                                         CLK_I (net)
                      0.003417    0.001400  100.001396 ^ clkbuf_0_CLK_I/I (gf180mcu_fd_sc_mcu7t5v0__clkbuf_16)
     8    0.208985    0.167533    0.209873  100.211273 ^ clkbuf_0_CLK_I/Z (gf180mcu_fd_sc_mcu7t5v0__clkbuf_16)
                                                         clknet_0_CLK_I (net)
                      0.167582    0.003752  100.215019 ^ clkbuf_3_0__f_CLK_I/I (gf180mcu_fd_sc_mcu7t5v0__clkbuf_16)
     9    0.058017    0.079128    0.182013  100.397034 ^ clkbuf_3_0__f_CLK_I/Z (gf180mcu_fd_sc_mcu7t5v0__clkbuf_16)
                                                         clknet_3_0__leaf_CLK_I (net)
                      0.079130    0.000760  100.397797 ^ _844_/CLK (gf180mcu_fd_sc_mcu7t5v0__dffq_1)
                                 -0.500000   99.897789   clock uncertainty
                                  0.000000   99.897789   clock reconvergence pessimism
                                 -0.143753   99.754044   library setup time
                                             99.754044   data required time
---------------------------------------------------------------------------------------------
                                             99.754044   data required time
                                            -23.653452   data arrival time
---------------------------------------------------------------------------------------------
                                             76.100594   slack (MET)


Startpoint: RST_I (input port clocked by system_clock)
Endpoint: _847_ (rising edge-triggered flip-flop clocked by system_clock)
Path Group: system_clock
Path Type: max

Fanout         Cap        Slew       Delay        Time   Description
---------------------------------------------------------------------------------------------
                                  0.000000    0.000000   clock system_clock (rise edge)
                                  0.000000    0.000000   clock network delay (propagated)
                                 20.000000   20.000000 ^ input external delay
     1    0.007691    0.000000    0.000000   20.000000 ^ RST_I (in)
                                                         RST_I (net)
                      0.000227    0.000092   20.000093 ^ input10/I (gf180mcu_fd_sc_mcu7t5v0__dlyb_1)
    31    0.226578    2.444017    1.899592   21.899685 ^ input10/Z (gf180mcu_fd_sc_mcu7t5v0__dlyb_1)
                                                         net10 (net)
                      2.444253    0.013696   21.913380 ^ _430_/I (gf180mcu_fd_sc_mcu7t5v0__clkinv_1)
    16    0.123768    1.591476    1.291301   23.204681 v _430_/ZN (gf180mcu_fd_sc_mcu7t5v0__clkinv_1)
                                                         _103_ (net)
                      1.591490    0.002712   23.207394 v _774_/A1 (gf180mcu_fd_sc_mcu7t5v0__and2_1)
     1    0.003225    0.120533    0.439190   23.646584 v _774_/Z (gf180mcu_fd_sc_mcu7t5v0__and2_1)
                                                         _060_ (net)
                      0.120533    0.000059   23.646643 v _847_/D (gf180mcu_fd_sc_mcu7t5v0__dffq_1)
                                             23.646643   data arrival time

                                100.000000  100.000000   clock system_clock (rise edge)
                                  0.000000  100.000000   clock source latency
     1    0.036579    0.000000    0.000000  100.000000 ^ CLK_I (in)
                                                         CLK_I (net)
                      0.003417    0.001400  100.001396 ^ clkbuf_0_CLK_I/I (gf180mcu_fd_sc_mcu7t5v0__clkbuf_16)
     8    0.208985    0.167533    0.209873  100.211273 ^ clkbuf_0_CLK_I/Z (gf180mcu_fd_sc_mcu7t5v0__clkbuf_16)
                                                         clknet_0_CLK_I (net)
                      0.167557    0.003013  100.214279 ^ clkbuf_3_1__f_CLK_I/I (gf180mcu_fd_sc_mcu7t5v0__clkbuf_16)
    12    0.063682    0.082281    0.184514  100.398796 ^ clkbuf_3_1__f_CLK_I/Z (gf180mcu_fd_sc_mcu7t5v0__clkbuf_16)
                                                         clknet_3_1__leaf_CLK_I (net)
                      0.082282    0.000561  100.399361 ^ _847_/CLK (gf180mcu_fd_sc_mcu7t5v0__dffq_1)
                                 -0.500000   99.899353   clock uncertainty
                                  0.000000   99.899353   clock reconvergence pessimism
                                 -0.141281   99.758072   library setup time
                                             99.758072   data required time
---------------------------------------------------------------------------------------------
                                             99.758072   data required time
                                            -23.646643   data arrival time
---------------------------------------------------------------------------------------------
                                             76.111427   slack (MET)


Startpoint: RST_I (input port clocked by system_clock)
Endpoint: _827_ (rising edge-triggered flip-flop clocked by system_clock)
Path Group: system_clock
Path Type: max

Fanout         Cap        Slew       Delay        Time   Description
---------------------------------------------------------------------------------------------
                                  0.000000    0.000000   clock system_clock (rise edge)
                                  0.000000    0.000000   clock network delay (propagated)
                                 20.000000   20.000000 v input external delay
     1    0.007691    0.000000    0.000000   20.000000 v RST_I (in)
                                                         RST_I (net)
                      0.000227    0.000092   20.000093 v input10/I (gf180mcu_fd_sc_mcu7t5v0__dlyb_1)
    31    0.226578    1.491367    1.495385   21.495478 v input10/Z (gf180mcu_fd_sc_mcu7t5v0__dlyb_1)
                                                         net10 (net)
                      1.491458    0.006745   21.502222 v _679_/A1 (gf180mcu_fd_sc_mcu7t5v0__nor3_1)
    10    0.067292    1.870454    1.455426   22.957649 ^ _679_/ZN (gf180mcu_fd_sc_mcu7t5v0__nor3_1)
                                                         _320_ (net)
                      1.870454    0.000629   22.958279 ^ _707_/A1 (gf180mcu_fd_sc_mcu7t5v0__nand4_1)
     1    0.010902    0.576845    0.273671   23.231949 v _707_/ZN (gf180mcu_fd_sc_mcu7t5v0__nand4_1)
                                                         _339_ (net)
                      0.576845    0.000217   23.232164 v _708_/S (gf180mcu_fd_sc_mcu7t5v0__mux2_2)
     1    0.003506    0.078522    0.354921   23.587088 ^ _708_/Z (gf180mcu_fd_sc_mcu7t5v0__mux2_2)
                                                         _040_ (net)
                      0.078522    0.000066   23.587152 ^ _827_/D (gf180mcu_fd_sc_mcu7t5v0__dffq_1)
                                             23.587152   data arrival time

                                100.000000  100.000000   clock system_clock (rise edge)
                                  0.000000  100.000000   clock source latency
     1    0.036579    0.000000    0.000000  100.000000 ^ CLK_I (in)
                                                         CLK_I (net)
                      0.003417    0.001400  100.001396 ^ clkbuf_0_CLK_I/I (gf180mcu_fd_sc_mcu7t5v0__clkbuf_16)
     8    0.208985    0.167533    0.209873  100.211273 ^ clkbuf_0_CLK_I/Z (gf180mcu_fd_sc_mcu7t5v0__clkbuf_16)
                                                         clknet_0_CLK_I (net)
                      0.167582    0.003752  100.215019 ^ clkbuf_3_0__f_CLK_I/I (gf180mcu_fd_sc_mcu7t5v0__clkbuf_16)
     9    0.058017    0.079128    0.182013  100.397034 ^ clkbuf_3_0__f_CLK_I/Z (gf180mcu_fd_sc_mcu7t5v0__clkbuf_16)
                                                         clknet_3_0__leaf_CLK_I (net)
                      0.079128    0.000050  100.397087 ^ _827_/CLK (gf180mcu_fd_sc_mcu7t5v0__dffq_1)
                                 -0.500000   99.897079   clock uncertainty
                                  0.000000   99.897079   clock reconvergence pessimism
                                 -0.123952   99.773125   library setup time
                                             99.773125   data required time
---------------------------------------------------------------------------------------------
                                             99.773125   data required time
                                            -23.587152   data arrival time
---------------------------------------------------------------------------------------------
                                             76.185974   slack (MET)


Startpoint: RST_I (input port clocked by system_clock)
Endpoint: _873_ (rising edge-triggered flip-flop clocked by system_clock)
Path Group: system_clock
Path Type: max

Fanout         Cap        Slew       Delay        Time   Description
---------------------------------------------------------------------------------------------
                                  0.000000    0.000000   clock system_clock (rise edge)
                                  0.000000    0.000000   clock network delay (propagated)
                                 20.000000   20.000000 ^ input external delay
     1    0.007691    0.000000    0.000000   20.000000 ^ RST_I (in)
                                                         RST_I (net)
                      0.000227    0.000092   20.000093 ^ input10/I (gf180mcu_fd_sc_mcu7t5v0__dlyb_1)
    31    0.226578    2.444017    1.899592   21.899685 ^ input10/Z (gf180mcu_fd_sc_mcu7t5v0__dlyb_1)
                                                         net10 (net)
                      2.444253    0.013696   21.913380 ^ _430_/I (gf180mcu_fd_sc_mcu7t5v0__clkinv_1)
    16    0.123768    1.591476    1.291301   23.204681 v _430_/ZN (gf180mcu_fd_sc_mcu7t5v0__clkinv_1)
                                                         _103_ (net)
                      1.591490    0.002691   23.207373 v _468_/A1 (gf180mcu_fd_sc_mcu7t5v0__nand3_1)
     1    0.003281    0.361871    0.335717   23.543091 ^ _468_/ZN (gf180mcu_fd_sc_mcu7t5v0__nand3_1)
                                                         _007_ (net)
                      0.361871    0.000034   23.543123 ^ _873_/D (gf180mcu_fd_sc_mcu7t5v0__dffq_1)
                                             23.543123   data arrival time

                                100.000000  100.000000   clock system_clock (rise edge)
                                  0.000000  100.000000   clock source latency
     1    0.036579    0.000000    0.000000  100.000000 ^ CLK_I (in)
                                                         CLK_I (net)
                      0.003417    0.001400  100.001396 ^ clkbuf_0_CLK_I/I (gf180mcu_fd_sc_mcu7t5v0__clkbuf_16)
     8    0.208985    0.167533    0.209873  100.211273 ^ clkbuf_0_CLK_I/Z (gf180mcu_fd_sc_mcu7t5v0__clkbuf_16)
                                                         clknet_0_CLK_I (net)
                      0.167622    0.004455  100.215721 ^ clkbuf_3_6__f_CLK_I/I (gf180mcu_fd_sc_mcu7t5v0__clkbuf_16)
    13    0.063776    0.082341    0.184599  100.400322 ^ clkbuf_3_6__f_CLK_I/Z (gf180mcu_fd_sc_mcu7t5v0__clkbuf_16)
                                                         clknet_3_6__leaf_CLK_I (net)
                      0.082342    0.000519  100.400841 ^ _873_/CLK (gf180mcu_fd_sc_mcu7t5v0__dffq_1)
                                 -0.500000   99.900841   clock uncertainty
                                  0.000000   99.900841   clock reconvergence pessimism
                                 -0.142080   99.758759   library setup time
                                             99.758759   data required time
---------------------------------------------------------------------------------------------
                                             99.758759   data required time
                                            -23.543123   data arrival time
---------------------------------------------------------------------------------------------
                                             76.215637   slack (MET)


Startpoint: RST_I (input port clocked by system_clock)
Endpoint: _869_ (rising edge-triggered flip-flop clocked by system_clock)
Path Group: system_clock
Path Type: max

Fanout         Cap        Slew       Delay        Time   Description
---------------------------------------------------------------------------------------------
                                  0.000000    0.000000   clock system_clock (rise edge)
                                  0.000000    0.000000   clock network delay (propagated)
                                 20.000000   20.000000 ^ input external delay
     1    0.007691    0.000000    0.000000   20.000000 ^ RST_I (in)
                                                         RST_I (net)
                      0.000227    0.000092   20.000093 ^ input10/I (gf180mcu_fd_sc_mcu7t5v0__dlyb_1)
    31    0.226578    2.444017    1.899592   21.899685 ^ input10/Z (gf180mcu_fd_sc_mcu7t5v0__dlyb_1)
                                                         net10 (net)
                      2.444253    0.013696   21.913380 ^ _430_/I (gf180mcu_fd_sc_mcu7t5v0__clkinv_1)
    16    0.123768    1.591476    1.291301   23.204681 v _430_/ZN (gf180mcu_fd_sc_mcu7t5v0__clkinv_1)
                                                         _103_ (net)
                      1.591489    0.002574   23.207256 v _457_/A1 (gf180mcu_fd_sc_mcu7t5v0__nand3_1)
     1    0.003110    0.358438    0.332657   23.539911 ^ _457_/ZN (gf180mcu_fd_sc_mcu7t5v0__nand3_1)
                                                         _003_ (net)
                      0.358438    0.000030   23.539942 ^ _869_/D (gf180mcu_fd_sc_mcu7t5v0__dffq_1)
                                             23.539942   data arrival time

                                100.000000  100.000000   clock system_clock (rise edge)
                                  0.000000  100.000000   clock source latency
     1    0.036579    0.000000    0.000000  100.000000 ^ CLK_I (in)
                                                         CLK_I (net)
                      0.003417    0.001400  100.001396 ^ clkbuf_0_CLK_I/I (gf180mcu_fd_sc_mcu7t5v0__clkbuf_16)
     8    0.208985    0.167533    0.209873  100.211273 ^ clkbuf_0_CLK_I/Z (gf180mcu_fd_sc_mcu7t5v0__clkbuf_16)
                                                         clknet_0_CLK_I (net)
                      0.167574    0.003553  100.214821 ^ clkbuf_3_3__f_CLK_I/I (gf180mcu_fd_sc_mcu7t5v0__clkbuf_16)
    10    0.068751    0.085081    0.186652  100.401474 ^ clkbuf_3_3__f_CLK_I/Z (gf180mcu_fd_sc_mcu7t5v0__clkbuf_16)
                                                         clknet_3_3__leaf_CLK_I (net)
                      0.085082    0.000533  100.402008 ^ _869_/CLK (gf180mcu_fd_sc_mcu7t5v0__dffq_1)
                                 -0.500000   99.902008   clock uncertainty
                                  0.000000   99.902008   clock reconvergence pessimism
                                 -0.141255   99.760750   library setup time
                                             99.760750   data required time
---------------------------------------------------------------------------------------------
                                             99.760750   data required time
                                            -23.539942   data arrival time
---------------------------------------------------------------------------------------------
                                             76.220810   slack (MET)


Startpoint: RST_I (input port clocked by system_clock)
Endpoint: _871_ (rising edge-triggered flip-flop clocked by system_clock)
Path Group: system_clock
Path Type: max

Fanout         Cap        Slew       Delay        Time   Description
---------------------------------------------------------------------------------------------
                                  0.000000    0.000000   clock system_clock (rise edge)
                                  0.000000    0.000000   clock network delay (propagated)
                                 20.000000   20.000000 ^ input external delay
     1    0.007691    0.000000    0.000000   20.000000 ^ RST_I (in)
                                                         RST_I (net)
                      0.000227    0.000092   20.000093 ^ input10/I (gf180mcu_fd_sc_mcu7t5v0__dlyb_1)
    31    0.226578    2.444017    1.899592   21.899685 ^ input10/Z (gf180mcu_fd_sc_mcu7t5v0__dlyb_1)
                                                         net10 (net)
                      2.444253    0.013696   21.913380 ^ _430_/I (gf180mcu_fd_sc_mcu7t5v0__clkinv_1)
    16    0.123768    1.591476    1.291301   23.204681 v _430_/ZN (gf180mcu_fd_sc_mcu7t5v0__clkinv_1)
                                                         _103_ (net)
                      1.591490    0.002673   23.207355 v _462_/A1 (gf180mcu_fd_sc_mcu7t5v0__nand3_1)
     1    0.002810    0.352441    0.327312   23.534666 ^ _462_/ZN (gf180mcu_fd_sc_mcu7t5v0__nand3_1)
                                                         _005_ (net)
                      0.352441    0.000027   23.534693 ^ _871_/D (gf180mcu_fd_sc_mcu7t5v0__dffq_1)
                                             23.534693   data arrival time

                                100.000000  100.000000   clock system_clock (rise edge)
                                  0.000000  100.000000   clock source latency
     1    0.036579    0.000000    0.000000  100.000000 ^ CLK_I (in)
                                                         CLK_I (net)
                      0.003417    0.001400  100.001396 ^ clkbuf_0_CLK_I/I (gf180mcu_fd_sc_mcu7t5v0__clkbuf_16)
     8    0.208985    0.167533    0.209873  100.211273 ^ clkbuf_0_CLK_I/Z (gf180mcu_fd_sc_mcu7t5v0__clkbuf_16)
                                                         clknet_0_CLK_I (net)
                      0.167622    0.004455  100.215721 ^ clkbuf_3_6__f_CLK_I/I (gf180mcu_fd_sc_mcu7t5v0__clkbuf_16)
    13    0.063776    0.082341    0.184599  100.400322 ^ clkbuf_3_6__f_CLK_I/Z (gf180mcu_fd_sc_mcu7t5v0__clkbuf_16)
                                                         clknet_3_6__leaf_CLK_I (net)
                      0.082342    0.000512  100.400833 ^ _871_/CLK (gf180mcu_fd_sc_mcu7t5v0__dffq_1)
                                 -0.500000   99.900833   clock uncertainty
                                  0.000000   99.900833   clock reconvergence pessimism
                                 -0.141912   99.758926   library setup time
                                             99.758926   data required time
---------------------------------------------------------------------------------------------
                                             99.758926   data required time
                                            -23.534693   data arrival time
---------------------------------------------------------------------------------------------
                                             76.224228   slack (MET)


Startpoint: RST_I (input port clocked by system_clock)
Endpoint: _826_ (rising edge-triggered flip-flop clocked by system_clock)
Path Group: system_clock
Path Type: max

Fanout         Cap        Slew       Delay        Time   Description
---------------------------------------------------------------------------------------------
                                  0.000000    0.000000   clock system_clock (rise edge)
                                  0.000000    0.000000   clock network delay (propagated)
                                 20.000000   20.000000 ^ input external delay
     1    0.007691    0.000000    0.000000   20.000000 ^ RST_I (in)
                                                         RST_I (net)
                      0.000227    0.000092   20.000093 ^ input10/I (gf180mcu_fd_sc_mcu7t5v0__dlyb_1)
    31    0.226578    2.444017    1.899592   21.899685 ^ input10/Z (gf180mcu_fd_sc_mcu7t5v0__dlyb_1)
                                                         net10 (net)
                      2.444073    0.006747   21.906431 ^ _679_/A1 (gf180mcu_fd_sc_mcu7t5v0__nor3_1)
    10    0.067292    1.227162    0.771367   22.677797 v _679_/ZN (gf180mcu_fd_sc_mcu7t5v0__nor3_1)
                                                         _320_ (net)
                      1.227168    0.001542   22.679340 v _702_/A4 (gf180mcu_fd_sc_mcu7t5v0__nand4_1)
     1    0.011189    0.539447    0.558476   23.237816 ^ _702_/ZN (gf180mcu_fd_sc_mcu7t5v0__nand4_1)
                                                         _335_ (net)
                      0.539447    0.000222   23.238037 ^ _706_/S (gf180mcu_fd_sc_mcu7t5v0__mux2_2)
     1    0.003053    0.080339    0.251593   23.489630 v _706_/Z (gf180mcu_fd_sc_mcu7t5v0__mux2_2)
                                                         _039_ (net)
                      0.080339    0.000030   23.489660 v _826_/D (gf180mcu_fd_sc_mcu7t5v0__dffq_1)
                                             23.489660   data arrival time

                                100.000000  100.000000   clock system_clock (rise edge)
                                  0.000000  100.000000   clock source latency
     1    0.036579    0.000000    0.000000  100.000000 ^ CLK_I (in)
                                                         CLK_I (net)
                      0.003417    0.001400  100.001396 ^ clkbuf_0_CLK_I/I (gf180mcu_fd_sc_mcu7t5v0__clkbuf_16)
     8    0.208985    0.167533    0.209873  100.211273 ^ clkbuf_0_CLK_I/Z (gf180mcu_fd_sc_mcu7t5v0__clkbuf_16)
                                                         clknet_0_CLK_I (net)
                      0.167557    0.003013  100.214279 ^ clkbuf_3_1__f_CLK_I/I (gf180mcu_fd_sc_mcu7t5v0__clkbuf_16)
    12    0.063682    0.082281    0.184514  100.398796 ^ clkbuf_3_1__f_CLK_I/Z (gf180mcu_fd_sc_mcu7t5v0__clkbuf_16)
                                                         clknet_3_1__leaf_CLK_I (net)
                      0.082282    0.000441  100.399239 ^ _826_/CLK (gf180mcu_fd_sc_mcu7t5v0__dffq_1)
                                 -0.500000   99.899239   clock uncertainty
                                  0.000000   99.899239   clock reconvergence pessimism
                                 -0.129170   99.770065   library setup time
                                             99.770065   data required time
---------------------------------------------------------------------------------------------
                                             99.770065   data required time
                                            -23.489660   data arrival time
---------------------------------------------------------------------------------------------
                                             76.280403   slack (MET)


Startpoint: RST_I (input port clocked by system_clock)
Endpoint: _834_ (rising edge-triggered flip-flop clocked by system_clock)
Path Group: system_clock
Path Type: max

Fanout         Cap        Slew       Delay        Time   Description
---------------------------------------------------------------------------------------------
                                  0.000000    0.000000   clock system_clock (rise edge)
                                  0.000000    0.000000   clock network delay (propagated)
                                 20.000000   20.000000 ^ input external delay
     1    0.007691    0.000000    0.000000   20.000000 ^ RST_I (in)
                                                         RST_I (net)
                      0.000227    0.000092   20.000093 ^ input10/I (gf180mcu_fd_sc_mcu7t5v0__dlyb_1)
    31    0.226578    2.444017    1.899592   21.899685 ^ input10/Z (gf180mcu_fd_sc_mcu7t5v0__dlyb_1)
                                                         net10 (net)
                      2.444073    0.006747   21.906431 ^ _679_/A1 (gf180mcu_fd_sc_mcu7t5v0__nor3_1)
    10    0.067292    1.227162    0.771367   22.677797 v _679_/ZN (gf180mcu_fd_sc_mcu7t5v0__nor3_1)
                                                         _320_ (net)
                      1.227188    0.003197   22.680996 v _753_/B (gf180mcu_fd_sc_mcu7t5v0__oai31_1)
     1    0.004450    0.462229    0.439236   23.120232 ^ _753_/ZN (gf180mcu_fd_sc_mcu7t5v0__oai31_1)
                                                         _378_ (net)
                      0.462229    0.000043   23.120274 ^ _754_/B (gf180mcu_fd_sc_mcu7t5v0__aoi21_1)
     1    0.004595    0.240997    0.164949   23.285223 v _754_/ZN (gf180mcu_fd_sc_mcu7t5v0__aoi21_1)
                                                         _047_ (net)
                      0.240997    0.000094   23.285318 v _834_/D (gf180mcu_fd_sc_mcu7t5v0__dffq_1)
                                             23.285318   data arrival time

                                100.000000  100.000000   clock system_clock (rise edge)
                                  0.000000  100.000000   clock source latency
     1    0.036579    0.000000    0.000000  100.000000 ^ CLK_I (in)
                                                         CLK_I (net)
                      0.003417    0.001400  100.001396 ^ clkbuf_0_CLK_I/I (gf180mcu_fd_sc_mcu7t5v0__clkbuf_16)
     8    0.208985    0.167533    0.209873  100.211273 ^ clkbuf_0_CLK_I/Z (gf180mcu_fd_sc_mcu7t5v0__clkbuf_16)
                                                         clknet_0_CLK_I (net)
                      0.167574    0.003553  100.214821 ^ clkbuf_3_3__f_CLK_I/I (gf180mcu_fd_sc_mcu7t5v0__clkbuf_16)
    10    0.068751    0.085081    0.186652  100.401474 ^ clkbuf_3_3__f_CLK_I/Z (gf180mcu_fd_sc_mcu7t5v0__clkbuf_16)
                                                         clknet_3_3__leaf_CLK_I (net)
                      0.085084    0.000817  100.402290 ^ _834_/CLK (gf180mcu_fd_sc_mcu7t5v0__dffq_1)
                                 -0.500000   99.902290   clock uncertainty
                                  0.000000   99.902290   clock reconvergence pessimism
                                 -0.178927   99.723358   library setup time
                                             99.723358   data required time
---------------------------------------------------------------------------------------------
                                             99.723358   data required time
                                            -23.285318   data arrival time
---------------------------------------------------------------------------------------------
                                             76.438042   slack (MET)


Startpoint: RST_I (input port clocked by system_clock)
Endpoint: _835_ (rising edge-triggered flip-flop clocked by system_clock)
Path Group: system_clock
Path Type: max

Fanout         Cap        Slew       Delay        Time   Description
---------------------------------------------------------------------------------------------
                                  0.000000    0.000000   clock system_clock (rise edge)
                                  0.000000    0.000000   clock network delay (propagated)
                                 20.000000   20.000000 ^ input external delay
     1    0.007691    0.000000    0.000000   20.000000 ^ RST_I (in)
                                                         RST_I (net)
                      0.000227    0.000092   20.000093 ^ input10/I (gf180mcu_fd_sc_mcu7t5v0__dlyb_1)
    31    0.226578    2.444017    1.899592   21.899685 ^ input10/Z (gf180mcu_fd_sc_mcu7t5v0__dlyb_1)
                                                         net10 (net)
                      2.444073    0.006747   21.906431 ^ _679_/A1 (gf180mcu_fd_sc_mcu7t5v0__nor3_1)
    10    0.067292    1.227162    0.771367   22.677797 v _679_/ZN (gf180mcu_fd_sc_mcu7t5v0__nor3_1)
                                                         _320_ (net)
                      1.227186    0.003068   22.680866 v _758_/A2 (gf180mcu_fd_sc_mcu7t5v0__nand2_1)
     1    0.004923    0.317689    0.357396   23.038261 ^ _758_/ZN (gf180mcu_fd_sc_mcu7t5v0__nand2_1)
                                                         _382_ (net)
                      0.317689    0.000052   23.038313 ^ _759_/B (gf180mcu_fd_sc_mcu7t5v0__aoi21_1)
     1    0.005086    0.202921    0.152703   23.191015 v _759_/ZN (gf180mcu_fd_sc_mcu7t5v0__aoi21_1)
                                                         _048_ (net)
                      0.202921    0.000101   23.191116 v _835_/D (gf180mcu_fd_sc_mcu7t5v0__dffq_1)
                                             23.191116   data arrival time

                                100.000000  100.000000   clock system_clock (rise edge)
                                  0.000000  100.000000   clock source latency
     1    0.036579    0.000000    0.000000  100.000000 ^ CLK_I (in)
                                                         CLK_I (net)
                      0.003417    0.001400  100.001396 ^ clkbuf_0_CLK_I/I (gf180mcu_fd_sc_mcu7t5v0__clkbuf_16)
     8    0.208985    0.167533    0.209873  100.211273 ^ clkbuf_0_CLK_I/Z (gf180mcu_fd_sc_mcu7t5v0__clkbuf_16)
                                                         clknet_0_CLK_I (net)
                      0.167587    0.003837  100.215103 ^ clkbuf_3_2__f_CLK_I/I (gf180mcu_fd_sc_mcu7t5v0__clkbuf_16)
    14    0.060187    0.080307    0.182844  100.397949 ^ clkbuf_3_2__f_CLK_I/Z (gf180mcu_fd_sc_mcu7t5v0__clkbuf_16)
                                                         clknet_3_2__leaf_CLK_I (net)
                      0.080313    0.001258  100.399208 ^ _835_/CLK (gf180mcu_fd_sc_mcu7t5v0__dffq_1)
                                 -0.500000   99.899208   clock uncertainty
                                  0.000000   99.899208   clock reconvergence pessimism
                                 -0.166783   99.732422   library setup time
                                             99.732422   data required time
---------------------------------------------------------------------------------------------
                                             99.732422   data required time
                                            -23.191116   data arrival time
---------------------------------------------------------------------------------------------
                                             76.541298   slack (MET)


Startpoint: RST_I (input port clocked by system_clock)
Endpoint: _832_ (rising edge-triggered flip-flop clocked by system_clock)
Path Group: system_clock
Path Type: max

Fanout         Cap        Slew       Delay        Time   Description
---------------------------------------------------------------------------------------------
                                  0.000000    0.000000   clock system_clock (rise edge)
                                  0.000000    0.000000   clock network delay (propagated)
                                 20.000000   20.000000 ^ input external delay
     1    0.007691    0.000000    0.000000   20.000000 ^ RST_I (in)
                                                         RST_I (net)
                      0.000227    0.000092   20.000093 ^ input10/I (gf180mcu_fd_sc_mcu7t5v0__dlyb_1)
    31    0.226578    2.444017    1.899592   21.899685 ^ input10/Z (gf180mcu_fd_sc_mcu7t5v0__dlyb_1)
                                                         net10 (net)
                      2.444073    0.006747   21.906431 ^ _679_/A1 (gf180mcu_fd_sc_mcu7t5v0__nor3_1)
    10    0.067292    1.227162    0.771367   22.677797 v _679_/ZN (gf180mcu_fd_sc_mcu7t5v0__nor3_1)
                                                         _320_ (net)
                      1.227191    0.003329   22.681128 v _744_/A2 (gf180mcu_fd_sc_mcu7t5v0__nand2_1)
     1    0.005665    0.328378    0.366791   23.047918 ^ _744_/ZN (gf180mcu_fd_sc_mcu7t5v0__nand2_1)
                                                         _371_ (net)
                      0.328378    0.000115   23.048033 ^ _745_/B (gf180mcu_fd_sc_mcu7t5v0__aoi21_1)
     1    0.003120    0.191717    0.138813   23.186848 v _745_/ZN (gf180mcu_fd_sc_mcu7t5v0__aoi21_1)
                                                         _045_ (net)
                      0.191717    0.000032   23.186878 v _832_/D (gf180mcu_fd_sc_mcu7t5v0__dffq_1)
                                             23.186878   data arrival time

                                100.000000  100.000000   clock system_clock (rise edge)
                                  0.000000  100.000000   clock source latency
     1    0.036579    0.000000    0.000000  100.000000 ^ CLK_I (in)
                                                         CLK_I (net)
                      0.003417    0.001400  100.001396 ^ clkbuf_0_CLK_I/I (gf180mcu_fd_sc_mcu7t5v0__clkbuf_16)
     8    0.208985    0.167533    0.209873  100.211273 ^ clkbuf_0_CLK_I/Z (gf180mcu_fd_sc_mcu7t5v0__clkbuf_16)
                                                         clknet_0_CLK_I (net)
                      0.167587    0.003837  100.215103 ^ clkbuf_3_2__f_CLK_I/I (gf180mcu_fd_sc_mcu7t5v0__clkbuf_16)
    14    0.060187    0.080307    0.182844  100.397949 ^ clkbuf_3_2__f_CLK_I/Z (gf180mcu_fd_sc_mcu7t5v0__clkbuf_16)
                                                         clknet_3_2__leaf_CLK_I (net)
                      0.080313    0.001215  100.399162 ^ _832_/CLK (gf180mcu_fd_sc_mcu7t5v0__dffq_1)
                                 -0.500000   99.899162   clock uncertainty
                                  0.000000   99.899162   clock reconvergence pessimism
                                 -0.163376   99.735786   library setup time
                                             99.735786   data required time
---------------------------------------------------------------------------------------------
                                             99.735786   data required time
                                            -23.186878   data arrival time
---------------------------------------------------------------------------------------------
                                             76.548912   slack (MET)


Startpoint: RST_I (input port clocked by system_clock)
Endpoint: _817_ (rising edge-triggered flip-flop clocked by system_clock)
Path Group: system_clock
Path Type: max

Fanout         Cap        Slew       Delay        Time   Description
---------------------------------------------------------------------------------------------
                                  0.000000    0.000000   clock system_clock (rise edge)
                                  0.000000    0.000000   clock network delay (propagated)
                                 20.000000   20.000000 ^ input external delay
     1    0.007691    0.000000    0.000000   20.000000 ^ RST_I (in)
                                                         RST_I (net)
                      0.000227    0.000092   20.000093 ^ input10/I (gf180mcu_fd_sc_mcu7t5v0__dlyb_1)
    31    0.226578    2.444017    1.899592   21.899685 ^ input10/Z (gf180mcu_fd_sc_mcu7t5v0__dlyb_1)
                                                         net10 (net)
                      2.444259    0.013882   21.913567 ^ _641_/B (gf180mcu_fd_sc_mcu7t5v0__aoi21_1)
     2    0.009219    0.721838    0.286754   22.200321 v _641_/ZN (gf180mcu_fd_sc_mcu7t5v0__aoi21_1)
                                                         _283_ (net)
                      0.721838    0.000146   22.200466 v _674_/A1 (gf180mcu_fd_sc_mcu7t5v0__or2_1)
     1    0.006410    0.123779    0.459885   22.660351 v _674_/Z (gf180mcu_fd_sc_mcu7t5v0__or2_1)
                                                         _316_ (net)
                      0.123779    0.000078   22.660429 v _675_/A2 (gf180mcu_fd_sc_mcu7t5v0__nand2_1)
     1    0.003070    0.105714    0.096771   22.757200 ^ _675_/ZN (gf180mcu_fd_sc_mcu7t5v0__nand2_1)
                                                         _030_ (net)
                      0.105714    0.000030   22.757229 ^ _817_/D (gf180mcu_fd_sc_mcu7t5v0__dffq_1)
                                             22.757229   data arrival time

                                100.000000  100.000000   clock system_clock (rise edge)
                                  0.000000  100.000000   clock source latency
     1    0.036579    0.000000    0.000000  100.000000 ^ CLK_I (in)
                                                         CLK_I (net)
                      0.003417    0.001400  100.001396 ^ clkbuf_0_CLK_I/I (gf180mcu_fd_sc_mcu7t5v0__clkbuf_16)
     8    0.208985    0.167533    0.209873  100.211273 ^ clkbuf_0_CLK_I/Z (gf180mcu_fd_sc_mcu7t5v0__clkbuf_16)
                                                         clknet_0_CLK_I (net)
                      0.167587    0.003837  100.215103 ^ clkbuf_3_2__f_CLK_I/I (gf180mcu_fd_sc_mcu7t5v0__clkbuf_16)
    14    0.060187    0.080307    0.182844  100.397949 ^ clkbuf_3_2__f_CLK_I/Z (gf180mcu_fd_sc_mcu7t5v0__clkbuf_16)
                                                         clknet_3_2__leaf_CLK_I (net)
                      0.080313    0.001229  100.399178 ^ _817_/CLK (gf180mcu_fd_sc_mcu7t5v0__dffq_1)
                                 -0.500000   99.899178   clock uncertainty
                                  0.000000   99.899178   clock reconvergence pessimism
                                 -0.127810   99.771362   library setup time
                                             99.771362   data required time
---------------------------------------------------------------------------------------------
                                             99.771362   data required time
                                            -22.757229   data arrival time
---------------------------------------------------------------------------------------------
                                             77.014137   slack (MET)


Startpoint: RST_I (input port clocked by system_clock)
Endpoint: _892_ (rising edge-triggered flip-flop clocked by system_clock)
Path Group: system_clock
Path Type: max

Fanout         Cap        Slew       Delay        Time   Description
---------------------------------------------------------------------------------------------
                                  0.000000    0.000000   clock system_clock (rise edge)
                                  0.000000    0.000000   clock network delay (propagated)
                                 20.000000   20.000000 ^ input external delay
     1    0.007691    0.000000    0.000000   20.000000 ^ RST_I (in)
                                                         RST_I (net)
                      0.000227    0.000092   20.000093 ^ input10/I (gf180mcu_fd_sc_mcu7t5v0__dlyb_1)
    31    0.226578    2.444017    1.899592   21.899685 ^ input10/Z (gf180mcu_fd_sc_mcu7t5v0__dlyb_1)
                                                         net10 (net)
                      2.444045    0.004771   21.904455 ^ _603_/C (gf180mcu_fd_sc_mcu7t5v0__aoi211_1)
     1    0.003987    0.801250    0.233019   22.137474 v _603_/ZN (gf180mcu_fd_sc_mcu7t5v0__aoi211_1)
                                                         _026_ (net)
                      0.801250    0.000080   22.137554 v _892_/D (gf180mcu_fd_sc_mcu7t5v0__dffq_1)
                                             22.137554   data arrival time

                                100.000000  100.000000   clock system_clock (rise edge)
                                  0.000000  100.000000   clock source latency
     1    0.036579    0.000000    0.000000  100.000000 ^ CLK_I (in)
                                                         CLK_I (net)
                      0.003417    0.001400  100.001396 ^ clkbuf_0_CLK_I/I (gf180mcu_fd_sc_mcu7t5v0__clkbuf_16)
     8    0.208985    0.167533    0.209873  100.211273 ^ clkbuf_0_CLK_I/Z (gf180mcu_fd_sc_mcu7t5v0__clkbuf_16)
                                                         clknet_0_CLK_I (net)
                      0.167554    0.002828  100.214096 ^ clkbuf_3_5__f_CLK_I/I (gf180mcu_fd_sc_mcu7t5v0__clkbuf_16)
    11    0.066350    0.083759    0.185651  100.399750 ^ clkbuf_3_5__f_CLK_I/Z (gf180mcu_fd_sc_mcu7t5v0__clkbuf_16)
                                                         clknet_3_5__leaf_CLK_I (net)
                      0.083759    0.000149  100.399895 ^ _892_/CLK (gf180mcu_fd_sc_mcu7t5v0__dffq_1)
                                 -0.500000   99.899895   clock uncertainty
                                  0.000000   99.899895   clock reconvergence pessimism
                                 -0.387952   99.511948   library setup time
                                             99.511948   data required time
---------------------------------------------------------------------------------------------
                                             99.511948   data required time
                                            -22.137554   data arrival time
---------------------------------------------------------------------------------------------
                                             77.374390   slack (MET)


Startpoint: RST_I (input port clocked by system_clock)
Endpoint: _829_ (rising edge-triggered flip-flop clocked by system_clock)
Path Group: system_clock
Path Type: max

Fanout         Cap        Slew       Delay        Time   Description
---------------------------------------------------------------------------------------------
                                  0.000000    0.000000   clock system_clock (rise edge)
                                  0.000000    0.000000   clock network delay (propagated)
                                 20.000000   20.000000 ^ input external delay
     1    0.007691    0.000000    0.000000   20.000000 ^ RST_I (in)
                                                         RST_I (net)
                      0.000227    0.000092   20.000093 ^ input10/I (gf180mcu_fd_sc_mcu7t5v0__dlyb_1)
    31    0.226578    2.444017    1.899592   21.899685 ^ input10/Z (gf180mcu_fd_sc_mcu7t5v0__dlyb_1)
                                                         net10 (net)
                      2.444077    0.006954   21.906639 ^ _712_/C (gf180mcu_fd_sc_mcu7t5v0__aoi211_1)
     1    0.002936    0.783609    0.216270   22.122908 v _712_/ZN (gf180mcu_fd_sc_mcu7t5v0__aoi211_1)
                                                         _042_ (net)
                      0.783609    0.000028   22.122936 v _829_/D (gf180mcu_fd_sc_mcu7t5v0__dffq_1)
                                             22.122936   data arrival time

                                100.000000  100.000000   clock system_clock (rise edge)
                                  0.000000  100.000000   clock source latency
     1    0.036579    0.000000    0.000000  100.000000 ^ CLK_I (in)
                                                         CLK_I (net)
                      0.003417    0.001400  100.001396 ^ clkbuf_0_CLK_I/I (gf180mcu_fd_sc_mcu7t5v0__clkbuf_16)
     8    0.208985    0.167533    0.209873  100.211273 ^ clkbuf_0_CLK_I/Z (gf180mcu_fd_sc_mcu7t5v0__clkbuf_16)
                                                         clknet_0_CLK_I (net)
                      0.167557    0.003013  100.214279 ^ clkbuf_3_1__f_CLK_I/I (gf180mcu_fd_sc_mcu7t5v0__clkbuf_16)
    12    0.063682    0.082281    0.184514  100.398796 ^ clkbuf_3_1__f_CLK_I/Z (gf180mcu_fd_sc_mcu7t5v0__clkbuf_16)
                                                         clknet_3_1__leaf_CLK_I (net)
                      0.082281    0.000256  100.399055 ^ _829_/CLK (gf180mcu_fd_sc_mcu7t5v0__dffq_1)
                                 -0.500000   99.899048   clock uncertainty
                                  0.000000   99.899048   clock reconvergence pessimism
                                 -0.381866   99.517181   library setup time
                                             99.517181   data required time
---------------------------------------------------------------------------------------------
                                             99.517181   data required time
                                            -22.122936   data arrival time
---------------------------------------------------------------------------------------------
                                             77.394249   slack (MET)


Startpoint: RST_I (input port clocked by system_clock)
Endpoint: _864_ (rising edge-triggered flip-flop clocked by system_clock)
Path Group: system_clock
Path Type: max

Fanout         Cap        Slew       Delay        Time   Description
---------------------------------------------------------------------------------------------
                                  0.000000    0.000000   clock system_clock (rise edge)
                                  0.000000    0.000000   clock network delay (propagated)
                                 20.000000   20.000000 ^ input external delay
     1    0.007691    0.000000    0.000000   20.000000 ^ RST_I (in)
                                                         RST_I (net)
                      0.000227    0.000092   20.000093 ^ input10/I (gf180mcu_fd_sc_mcu7t5v0__dlyb_1)
    31    0.226578    2.444017    1.899592   21.899685 ^ input10/Z (gf180mcu_fd_sc_mcu7t5v0__dlyb_1)
                                                         net10 (net)
                      2.444046    0.004860   21.904545 ^ _810_/B (gf180mcu_fd_sc_mcu7t5v0__aoi21_1)
     1    0.005946    0.674704    0.240700   22.145245 v _810_/ZN (gf180mcu_fd_sc_mcu7t5v0__aoi21_1)
                                                         _077_ (net)
                      0.674704    0.000135   22.145380 v _864_/D (gf180mcu_fd_sc_mcu7t5v0__dffq_1)
                                             22.145380   data arrival time

                                100.000000  100.000000   clock system_clock (rise edge)
                                  0.000000  100.000000   clock source latency
     1    0.036579    0.000000    0.000000  100.000000 ^ CLK_I (in)
                                                         CLK_I (net)
                      0.003417    0.001400  100.001396 ^ clkbuf_0_CLK_I/I (gf180mcu_fd_sc_mcu7t5v0__clkbuf_16)
     8    0.208985    0.167533    0.209873  100.211273 ^ clkbuf_0_CLK_I/Z (gf180mcu_fd_sc_mcu7t5v0__clkbuf_16)
                                                         clknet_0_CLK_I (net)
                      0.167554    0.002828  100.214096 ^ clkbuf_3_5__f_CLK_I/I (gf180mcu_fd_sc_mcu7t5v0__clkbuf_16)
    11    0.066350    0.083759    0.185651  100.399750 ^ clkbuf_3_5__f_CLK_I/Z (gf180mcu_fd_sc_mcu7t5v0__clkbuf_16)
                                                         clknet_3_5__leaf_CLK_I (net)
                      0.083759    0.000369  100.400116 ^ _864_/CLK (gf180mcu_fd_sc_mcu7t5v0__dffq_1)
                                 -0.500000   99.900116   clock uncertainty
                                  0.000000   99.900116   clock reconvergence pessimism
                                 -0.341498   99.558617   library setup time
                                             99.558617   data required time
---------------------------------------------------------------------------------------------
                                             99.558617   data required time
                                            -22.145380   data arrival time
---------------------------------------------------------------------------------------------
                                             77.413239   slack (MET)


Startpoint: RST_I (input port clocked by system_clock)
Endpoint: _893_ (rising edge-triggered flip-flop clocked by system_clock)
Path Group: system_clock
Path Type: max

Fanout         Cap        Slew       Delay        Time   Description
---------------------------------------------------------------------------------------------
                                  0.000000    0.000000   clock system_clock (rise edge)
                                  0.000000    0.000000   clock network delay (propagated)
                                 20.000000   20.000000 ^ input external delay
     1    0.007691    0.000000    0.000000   20.000000 ^ RST_I (in)
                                                         RST_I (net)
                      0.000227    0.000092   20.000093 ^ input10/I (gf180mcu_fd_sc_mcu7t5v0__dlyb_1)
    31    0.226578    2.444017    1.899592   21.899685 ^ input10/Z (gf180mcu_fd_sc_mcu7t5v0__dlyb_1)
                                                         net10 (net)
                      2.444069    0.006503   21.906187 ^ _605_/B (gf180mcu_fd_sc_mcu7t5v0__aoi21_1)
     1    0.005029    0.661210    0.227789   22.133978 v _605_/ZN (gf180mcu_fd_sc_mcu7t5v0__aoi21_1)
                                                         _027_ (net)
                      0.661210    0.000105   22.134083 v _893_/D (gf180mcu_fd_sc_mcu7t5v0__dffq_1)
                                             22.134083   data arrival time

                                100.000000  100.000000   clock system_clock (rise edge)
                                  0.000000  100.000000   clock source latency
     1    0.036579    0.000000    0.000000  100.000000 ^ CLK_I (in)
                                                         CLK_I (net)
                      0.003417    0.001400  100.001396 ^ clkbuf_0_CLK_I/I (gf180mcu_fd_sc_mcu7t5v0__clkbuf_16)
     8    0.208985    0.167533    0.209873  100.211273 ^ clkbuf_0_CLK_I/Z (gf180mcu_fd_sc_mcu7t5v0__clkbuf_16)
                                                         clknet_0_CLK_I (net)
                      0.167554    0.002828  100.214096 ^ clkbuf_3_5__f_CLK_I/I (gf180mcu_fd_sc_mcu7t5v0__clkbuf_16)
    11    0.066350    0.083759    0.185651  100.399750 ^ clkbuf_3_5__f_CLK_I/Z (gf180mcu_fd_sc_mcu7t5v0__clkbuf_16)
                                                         clknet_3_5__leaf_CLK_I (net)
                      0.083759    0.000341  100.400093 ^ _893_/CLK (gf180mcu_fd_sc_mcu7t5v0__dffq_1)
                                 -0.500000   99.900085   clock uncertainty
                                  0.000000   99.900085   clock reconvergence pessimism
                                 -0.336519   99.563568   library setup time
                                             99.563568   data required time
---------------------------------------------------------------------------------------------
                                             99.563568   data required time
                                            -22.134083   data arrival time
---------------------------------------------------------------------------------------------
                                             77.429489   slack (MET)


Startpoint: RST_I (input port clocked by system_clock)
Endpoint: _861_ (rising edge-triggered flip-flop clocked by system_clock)
Path Group: system_clock
Path Type: max

Fanout         Cap        Slew       Delay        Time   Description
---------------------------------------------------------------------------------------------
                                  0.000000    0.000000   clock system_clock (rise edge)
                                  0.000000    0.000000   clock network delay (propagated)
                                 20.000000   20.000000 ^ input external delay
     1    0.007691    0.000000    0.000000   20.000000 ^ RST_I (in)
                                                         RST_I (net)
                      0.000227    0.000092   20.000093 ^ input10/I (gf180mcu_fd_sc_mcu7t5v0__dlyb_1)
    31    0.226578    2.444017    1.899592   21.899685 ^ input10/Z (gf180mcu_fd_sc_mcu7t5v0__dlyb_1)
                                                         net10 (net)
                      2.444232    0.013094   21.912779 ^ _804_/A1 (gf180mcu_fd_sc_mcu7t5v0__nor2_1)
     1    0.014928    0.628988    0.131211   22.043989 v _804_/ZN (gf180mcu_fd_sc_mcu7t5v0__nor2_1)
                                                         _074_ (net)
                      0.628988    0.000554   22.044542 v _861_/D (gf180mcu_fd_sc_mcu7t5v0__dffq_1)
                                             22.044542   data arrival time

                                100.000000  100.000000   clock system_clock (rise edge)
                                  0.000000  100.000000   clock source latency
     1    0.036579    0.000000    0.000000  100.000000 ^ CLK_I (in)
                                                         CLK_I (net)
                      0.003417    0.001400  100.001396 ^ clkbuf_0_CLK_I/I (gf180mcu_fd_sc_mcu7t5v0__clkbuf_16)
     8    0.208985    0.167533    0.209873  100.211273 ^ clkbuf_0_CLK_I/Z (gf180mcu_fd_sc_mcu7t5v0__clkbuf_16)
                                                         clknet_0_CLK_I (net)
                      0.167658    0.004967  100.216240 ^ clkbuf_3_7__f_CLK_I/I (gf180mcu_fd_sc_mcu7t5v0__clkbuf_16)
    13    0.062541    0.081634    0.183974  100.400208 ^ clkbuf_3_7__f_CLK_I/Z (gf180mcu_fd_sc_mcu7t5v0__clkbuf_16)
                                                         clknet_3_7__leaf_CLK_I (net)
                      0.081637    0.000803  100.401016 ^ _861_/CLK (gf180mcu_fd_sc_mcu7t5v0__dffq_1)
                                 -0.500000   99.901009   clock uncertainty
                                  0.000000   99.901009   clock reconvergence pessimism
                                 -0.325121   99.575890   library setup time
                                             99.575890   data required time
---------------------------------------------------------------------------------------------
                                             99.575890   data required time
                                            -22.044542   data arrival time
---------------------------------------------------------------------------------------------
                                             77.531342   slack (MET)


Startpoint: RST_I (input port clocked by system_clock)
Endpoint: _863_ (rising edge-triggered flip-flop clocked by system_clock)
Path Group: system_clock
Path Type: max

Fanout         Cap        Slew       Delay        Time   Description
---------------------------------------------------------------------------------------------
                                  0.000000    0.000000   clock system_clock (rise edge)
                                  0.000000    0.000000   clock network delay (propagated)
                                 20.000000   20.000000 ^ input external delay
     1    0.007691    0.000000    0.000000   20.000000 ^ RST_I (in)
                                                         RST_I (net)
                      0.000227    0.000092   20.000093 ^ input10/I (gf180mcu_fd_sc_mcu7t5v0__dlyb_1)
    31    0.226578    2.444017    1.899592   21.899685 ^ input10/Z (gf180mcu_fd_sc_mcu7t5v0__dlyb_1)
                                                         net10 (net)
                      2.444216    0.012582   21.912266 ^ _808_/A1 (gf180mcu_fd_sc_mcu7t5v0__nor2_1)
     1    0.011565    0.585181    0.083748   21.996014 v _808_/ZN (gf180mcu_fd_sc_mcu7t5v0__nor2_1)
                                                         _076_ (net)
                      0.585181    0.000371   21.996386 v _863_/D (gf180mcu_fd_sc_mcu7t5v0__dffq_1)
                                             21.996386   data arrival time

                                100.000000  100.000000   clock system_clock (rise edge)
                                  0.000000  100.000000   clock source latency
     1    0.036579    0.000000    0.000000  100.000000 ^ CLK_I (in)
                                                         CLK_I (net)
                      0.003417    0.001400  100.001396 ^ clkbuf_0_CLK_I/I (gf180mcu_fd_sc_mcu7t5v0__clkbuf_16)
     8    0.208985    0.167533    0.209873  100.211273 ^ clkbuf_0_CLK_I/Z (gf180mcu_fd_sc_mcu7t5v0__clkbuf_16)
                                                         clknet_0_CLK_I (net)
                      0.167658    0.004967  100.216240 ^ clkbuf_3_7__f_CLK_I/I (gf180mcu_fd_sc_mcu7t5v0__clkbuf_16)
    13    0.062541    0.081634    0.183974  100.400208 ^ clkbuf_3_7__f_CLK_I/Z (gf180mcu_fd_sc_mcu7t5v0__clkbuf_16)
                                                         clknet_3_7__leaf_CLK_I (net)
                      0.081637    0.000874  100.401085 ^ _863_/CLK (gf180mcu_fd_sc_mcu7t5v0__dffq_1)
                                 -0.500000   99.901085   clock uncertainty
                                  0.000000   99.901085   clock reconvergence pessimism
                                 -0.308776   99.592308   library setup time
                                             99.592308   data required time
---------------------------------------------------------------------------------------------
                                             99.592308   data required time
                                            -21.996386   data arrival time
---------------------------------------------------------------------------------------------
                                             77.595924   slack (MET)


Startpoint: RST_I (input port clocked by system_clock)
Endpoint: _865_ (rising edge-triggered flip-flop clocked by system_clock)
Path Group: system_clock
Path Type: max

Fanout         Cap        Slew       Delay        Time   Description
---------------------------------------------------------------------------------------------
                                  0.000000    0.000000   clock system_clock (rise edge)
                                  0.000000    0.000000   clock network delay (propagated)
                                 20.000000   20.000000 ^ input external delay
     1    0.007691    0.000000    0.000000   20.000000 ^ RST_I (in)
                                                         RST_I (net)
                      0.000227    0.000092   20.000093 ^ input10/I (gf180mcu_fd_sc_mcu7t5v0__dlyb_1)
    31    0.226578    2.444017    1.899592   21.899685 ^ input10/Z (gf180mcu_fd_sc_mcu7t5v0__dlyb_1)
                                                         net10 (net)
                      2.444225    0.012866   21.912550 ^ _812_/A1 (gf180mcu_fd_sc_mcu7t5v0__nor2_1)
     1    0.011378    0.582747    0.081116   21.993666 v _812_/ZN (gf180mcu_fd_sc_mcu7t5v0__nor2_1)
                                                         _078_ (net)
                      0.582747    0.000345   21.994011 v _865_/D (gf180mcu_fd_sc_mcu7t5v0__dffq_1)
                                             21.994011   data arrival time

                                100.000000  100.000000   clock system_clock (rise edge)
                                  0.000000  100.000000   clock source latency
     1    0.036579    0.000000    0.000000  100.000000 ^ CLK_I (in)
                                                         CLK_I (net)
                      0.003417    0.001400  100.001396 ^ clkbuf_0_CLK_I/I (gf180mcu_fd_sc_mcu7t5v0__clkbuf_16)
     8    0.208985    0.167533    0.209873  100.211273 ^ clkbuf_0_CLK_I/Z (gf180mcu_fd_sc_mcu7t5v0__clkbuf_16)
                                                         clknet_0_CLK_I (net)
                      0.167658    0.004967  100.216240 ^ clkbuf_3_7__f_CLK_I/I (gf180mcu_fd_sc_mcu7t5v0__clkbuf_16)
    13    0.062541    0.081634    0.183974  100.400208 ^ clkbuf_3_7__f_CLK_I/Z (gf180mcu_fd_sc_mcu7t5v0__clkbuf_16)
                                                         clknet_3_7__leaf_CLK_I (net)
                      0.081638    0.000966  100.401176 ^ _865_/CLK (gf180mcu_fd_sc_mcu7t5v0__dffq_1)
                                 -0.500000   99.901176   clock uncertainty
                                  0.000000   99.901176   clock reconvergence pessimism
                                 -0.307867   99.593307   library setup time
                                             99.593307   data required time
---------------------------------------------------------------------------------------------
                                             99.593307   data required time
                                            -21.994011   data arrival time
---------------------------------------------------------------------------------------------
                                             77.599297   slack (MET)


Startpoint: RST_I (input port clocked by system_clock)
Endpoint: _862_ (rising edge-triggered flip-flop clocked by system_clock)
Path Group: system_clock
Path Type: max

Fanout         Cap        Slew       Delay        Time   Description
---------------------------------------------------------------------------------------------
                                  0.000000    0.000000   clock system_clock (rise edge)
                                  0.000000    0.000000   clock network delay (propagated)
                                 20.000000   20.000000 ^ input external delay
     1    0.007691    0.000000    0.000000   20.000000 ^ RST_I (in)
                                                         RST_I (net)
                      0.000227    0.000092   20.000093 ^ input10/I (gf180mcu_fd_sc_mcu7t5v0__dlyb_1)
    31    0.226578    2.444017    1.899592   21.899685 ^ input10/Z (gf180mcu_fd_sc_mcu7t5v0__dlyb_1)
                                                         net10 (net)
                      2.444201    0.012127   21.911812 ^ _806_/A1 (gf180mcu_fd_sc_mcu7t5v0__nor2_1)
     1    0.010210    0.561009    0.061963   21.973774 v _806_/ZN (gf180mcu_fd_sc_mcu7t5v0__nor2_1)
                                                         _075_ (net)
                      0.561009    0.000286   21.974060 v _862_/D (gf180mcu_fd_sc_mcu7t5v0__dffq_1)
                                             21.974060   data arrival time

                                100.000000  100.000000   clock system_clock (rise edge)
                                  0.000000  100.000000   clock source latency
     1    0.036579    0.000000    0.000000  100.000000 ^ CLK_I (in)
                                                         CLK_I (net)
                      0.003417    0.001400  100.001396 ^ clkbuf_0_CLK_I/I (gf180mcu_fd_sc_mcu7t5v0__clkbuf_16)
     8    0.208985    0.167533    0.209873  100.211273 ^ clkbuf_0_CLK_I/Z (gf180mcu_fd_sc_mcu7t5v0__clkbuf_16)
                                                         clknet_0_CLK_I (net)
                      0.167658    0.004967  100.216240 ^ clkbuf_3_7__f_CLK_I/I (gf180mcu_fd_sc_mcu7t5v0__clkbuf_16)
    13    0.062541    0.081634    0.183974  100.400208 ^ clkbuf_3_7__f_CLK_I/Z (gf180mcu_fd_sc_mcu7t5v0__clkbuf_16)
                                                         clknet_3_7__leaf_CLK_I (net)
                      0.081637    0.000846  100.401054 ^ _862_/CLK (gf180mcu_fd_sc_mcu7t5v0__dffq_1)
                                 -0.500000   99.901054   clock uncertainty
                                  0.000000   99.901054   clock reconvergence pessimism
                                 -0.299757   99.601295   library setup time
                                             99.601295   data required time
---------------------------------------------------------------------------------------------
                                             99.601295   data required time
                                            -21.974060   data arrival time
---------------------------------------------------------------------------------------------
                                             77.627235   slack (MET)


Startpoint: RST_I (input port clocked by system_clock)
Endpoint: _858_ (rising edge-triggered flip-flop clocked by system_clock)
Path Group: system_clock
Path Type: max

Fanout         Cap        Slew       Delay        Time   Description
---------------------------------------------------------------------------------------------
                                  0.000000    0.000000   clock system_clock (rise edge)
                                  0.000000    0.000000   clock network delay (propagated)
                                 20.000000   20.000000 ^ input external delay
     1    0.007691    0.000000    0.000000   20.000000 ^ RST_I (in)
                                                         RST_I (net)
                      0.000227    0.000092   20.000093 ^ input10/I (gf180mcu_fd_sc_mcu7t5v0__dlyb_1)
    31    0.226578    2.444017    1.899592   21.899685 ^ input10/Z (gf180mcu_fd_sc_mcu7t5v0__dlyb_1)
                                                         net10 (net)
                      2.444142    0.010003   21.909687 ^ _798_/A1 (gf180mcu_fd_sc_mcu7t5v0__nor2_1)
     1    0.010201    0.560816    0.061819   21.971506 v _798_/ZN (gf180mcu_fd_sc_mcu7t5v0__nor2_1)
                                                         _071_ (net)
                      0.560816    0.000293   21.971800 v _858_/D (gf180mcu_fd_sc_mcu7t5v0__dffq_1)
                                             21.971800   data arrival time

                                100.000000  100.000000   clock system_clock (rise edge)
                                  0.000000  100.000000   clock source latency
     1    0.036579    0.000000    0.000000  100.000000 ^ CLK_I (in)
                                                         CLK_I (net)
                      0.003417    0.001400  100.001396 ^ clkbuf_0_CLK_I/I (gf180mcu_fd_sc_mcu7t5v0__clkbuf_16)
     8    0.208985    0.167533    0.209873  100.211273 ^ clkbuf_0_CLK_I/Z (gf180mcu_fd_sc_mcu7t5v0__clkbuf_16)
                                                         clknet_0_CLK_I (net)
                      0.167658    0.004967  100.216240 ^ clkbuf_3_7__f_CLK_I/I (gf180mcu_fd_sc_mcu7t5v0__clkbuf_16)
    13    0.062541    0.081634    0.183974  100.400208 ^ clkbuf_3_7__f_CLK_I/Z (gf180mcu_fd_sc_mcu7t5v0__clkbuf_16)
                                                         clknet_3_7__leaf_CLK_I (net)
                      0.081635    0.000369  100.400581 ^ _858_/CLK (gf180mcu_fd_sc_mcu7t5v0__dffq_1)
                                 -0.500000   99.900581   clock uncertainty
                                  0.000000   99.900581   clock reconvergence pessimism
                                 -0.299685   99.600891   library setup time
                                             99.600891   data required time
---------------------------------------------------------------------------------------------
                                             99.600891   data required time
                                            -21.971800   data arrival time
---------------------------------------------------------------------------------------------
                                             77.629089   slack (MET)


Startpoint: RST_I (input port clocked by system_clock)
Endpoint: _860_ (rising edge-triggered flip-flop clocked by system_clock)
Path Group: system_clock
Path Type: max

Fanout         Cap        Slew       Delay        Time   Description
---------------------------------------------------------------------------------------------
                                  0.000000    0.000000   clock system_clock (rise edge)
                                  0.000000    0.000000   clock network delay (propagated)
                                 20.000000   20.000000 ^ input external delay
     1    0.007691    0.000000    0.000000   20.000000 ^ RST_I (in)
                                                         RST_I (net)
                      0.000227    0.000092   20.000093 ^ input10/I (gf180mcu_fd_sc_mcu7t5v0__dlyb_1)
    31    0.226578    2.444017    1.899592   21.899685 ^ input10/Z (gf180mcu_fd_sc_mcu7t5v0__dlyb_1)
                                                         net10 (net)
                      2.444107    0.008498   21.908182 ^ _802_/A1 (gf180mcu_fd_sc_mcu7t5v0__nor2_1)
     1    0.010225    0.561319    0.062244   21.970427 v _802_/ZN (gf180mcu_fd_sc_mcu7t5v0__nor2_1)
                                                         _073_ (net)
                      0.561319    0.000290   21.970716 v _860_/D (gf180mcu_fd_sc_mcu7t5v0__dffq_1)
                                             21.970716   data arrival time

                                100.000000  100.000000   clock system_clock (rise edge)
                                  0.000000  100.000000   clock source latency
     1    0.036579    0.000000    0.000000  100.000000 ^ CLK_I (in)
                                                         CLK_I (net)
                      0.003417    0.001400  100.001396 ^ clkbuf_0_CLK_I/I (gf180mcu_fd_sc_mcu7t5v0__clkbuf_16)
     8    0.208985    0.167533    0.209873  100.211273 ^ clkbuf_0_CLK_I/Z (gf180mcu_fd_sc_mcu7t5v0__clkbuf_16)
                                                         clknet_0_CLK_I (net)
                      0.167658    0.004967  100.216240 ^ clkbuf_3_7__f_CLK_I/I (gf180mcu_fd_sc_mcu7t5v0__clkbuf_16)
    13    0.062541    0.081634    0.183974  100.400208 ^ clkbuf_3_7__f_CLK_I/Z (gf180mcu_fd_sc_mcu7t5v0__clkbuf_16)
                                                         clknet_3_7__leaf_CLK_I (net)
                      0.081634    0.000071  100.400284 ^ _860_/CLK (gf180mcu_fd_sc_mcu7t5v0__dffq_1)
                                 -0.500000   99.900276   clock uncertainty
                                  0.000000   99.900276   clock reconvergence pessimism
                                 -0.299873   99.600410   library setup time
                                             99.600410   data required time
---------------------------------------------------------------------------------------------
                                             99.600410   data required time
                                            -21.970716   data arrival time
---------------------------------------------------------------------------------------------
                                             77.629692   slack (MET)


Startpoint: RST_I (input port clocked by system_clock)
Endpoint: _895_ (rising edge-triggered flip-flop clocked by system_clock)
Path Group: system_clock
Path Type: max

Fanout         Cap        Slew       Delay        Time   Description
---------------------------------------------------------------------------------------------
                                  0.000000    0.000000   clock system_clock (rise edge)
                                  0.000000    0.000000   clock network delay (propagated)
                                 20.000000   20.000000 ^ input external delay
     1    0.007691    0.000000    0.000000   20.000000 ^ RST_I (in)
                                                         RST_I (net)
                      0.000227    0.000092   20.000093 ^ input10/I (gf180mcu_fd_sc_mcu7t5v0__dlyb_1)
    31    0.226578    2.444017    1.899592   21.899685 ^ input10/Z (gf180mcu_fd_sc_mcu7t5v0__dlyb_1)
                                                         net10 (net)
                      2.444085    0.007368   21.907053 ^ _600_/A2 (gf180mcu_fd_sc_mcu7t5v0__nor2_1)
     1    0.003314    0.541963    0.060250   21.967302 v _600_/ZN (gf180mcu_fd_sc_mcu7t5v0__nor2_1)
                                                         _029_ (net)
                      0.541963    0.000062   21.967365 v _895_/D (gf180mcu_fd_sc_mcu7t5v0__dffq_1)
                                             21.967365   data arrival time

                                100.000000  100.000000   clock system_clock (rise edge)
                                  0.000000  100.000000   clock source latency
     1    0.036579    0.000000    0.000000  100.000000 ^ CLK_I (in)
                                                         CLK_I (net)
                      0.003417    0.001400  100.001396 ^ clkbuf_0_CLK_I/I (gf180mcu_fd_sc_mcu7t5v0__clkbuf_16)
     8    0.208985    0.167533    0.209873  100.211273 ^ clkbuf_0_CLK_I/Z (gf180mcu_fd_sc_mcu7t5v0__clkbuf_16)
                                                         clknet_0_CLK_I (net)
                      0.167557    0.003013  100.214279 ^ clkbuf_3_1__f_CLK_I/I (gf180mcu_fd_sc_mcu7t5v0__clkbuf_16)
    12    0.063682    0.082281    0.184514  100.398796 ^ clkbuf_3_1__f_CLK_I/Z (gf180mcu_fd_sc_mcu7t5v0__clkbuf_16)
                                                         clknet_3_1__leaf_CLK_I (net)
                      0.082283    0.000675  100.399467 ^ _895_/CLK (gf180mcu_fd_sc_mcu7t5v0__dffq_1)
                                 -0.500000   99.899467   clock uncertainty
                                  0.000000   99.899467   clock reconvergence pessimism
                                 -0.292503   99.606964   library setup time
                                             99.606964   data required time
---------------------------------------------------------------------------------------------
                                             99.606964   data required time
                                            -21.967365   data arrival time
---------------------------------------------------------------------------------------------
                                             77.639603   slack (MET)


Startpoint: RST_I (input port clocked by system_clock)
Endpoint: _894_ (rising edge-triggered flip-flop clocked by system_clock)
Path Group: system_clock
Path Type: max

Fanout         Cap        Slew       Delay        Time   Description
---------------------------------------------------------------------------------------------
                                  0.000000    0.000000   clock system_clock (rise edge)
                                  0.000000    0.000000   clock network delay (propagated)
                                 20.000000   20.000000 ^ input external delay
     1    0.007691    0.000000    0.000000   20.000000 ^ RST_I (in)
                                                         RST_I (net)
                      0.000227    0.000092   20.000093 ^ input10/I (gf180mcu_fd_sc_mcu7t5v0__dlyb_1)
    31    0.226578    2.444017    1.899592   21.899685 ^ input10/Z (gf180mcu_fd_sc_mcu7t5v0__dlyb_1)
                                                         net10 (net)
                      2.444085    0.007379   21.907063 ^ _596_/A2 (gf180mcu_fd_sc_mcu7t5v0__nor2_1)
     1    0.003335    0.542570    0.060613   21.967676 v _596_/ZN (gf180mcu_fd_sc_mcu7t5v0__nor2_1)
                                                         _028_ (net)
                      0.542570    0.000034   21.967710 v _894_/D (gf180mcu_fd_sc_mcu7t5v0__dffq_1)
                                             21.967710   data arrival time

                                100.000000  100.000000   clock system_clock (rise edge)
                                  0.000000  100.000000   clock source latency
     1    0.036579    0.000000    0.000000  100.000000 ^ CLK_I (in)
                                                         CLK_I (net)
                      0.003417    0.001400  100.001396 ^ clkbuf_0_CLK_I/I (gf180mcu_fd_sc_mcu7t5v0__clkbuf_16)
     8    0.208985    0.167533    0.209873  100.211273 ^ clkbuf_0_CLK_I/Z (gf180mcu_fd_sc_mcu7t5v0__clkbuf_16)
                                                         clknet_0_CLK_I (net)
                      0.167559    0.003084  100.214355 ^ clkbuf_3_4__f_CLK_I/I (gf180mcu_fd_sc_mcu7t5v0__clkbuf_16)
    10    0.071140    0.086358    0.187505  100.401855 ^ clkbuf_3_4__f_CLK_I/Z (gf180mcu_fd_sc_mcu7t5v0__clkbuf_16)
                                                         clknet_3_4__leaf_CLK_I (net)
                      0.086364    0.001279  100.403137 ^ _894_/CLK (gf180mcu_fd_sc_mcu7t5v0__dffq_1)
                                 -0.500000   99.903137   clock uncertainty
                                  0.000000   99.903137   clock reconvergence pessimism
                                 -0.291800   99.611336   library setup time
                                             99.611336   data required time
---------------------------------------------------------------------------------------------
                                             99.611336   data required time
                                            -21.967710   data arrival time
---------------------------------------------------------------------------------------------
                                             77.643631   slack (MET)


Startpoint: RST_I (input port clocked by system_clock)
Endpoint: _845_ (rising edge-triggered flip-flop clocked by system_clock)
Path Group: system_clock
Path Type: max

Fanout         Cap        Slew       Delay        Time   Description
---------------------------------------------------------------------------------------------
                                  0.000000    0.000000   clock system_clock (rise edge)
                                  0.000000    0.000000   clock network delay (propagated)
                                 20.000000   20.000000 ^ input external delay
     1    0.007691    0.000000    0.000000   20.000000 ^ RST_I (in)
                                                         RST_I (net)
                      0.000227    0.000092   20.000093 ^ input10/I (gf180mcu_fd_sc_mcu7t5v0__dlyb_1)
    31    0.226578    2.444017    1.899592   21.899685 ^ input10/Z (gf180mcu_fd_sc_mcu7t5v0__dlyb_1)
                                                         net10 (net)
                      2.444078    0.007011   21.906696 ^ _772_/A2 (gf180mcu_fd_sc_mcu7t5v0__nor2_1)
     1    0.003004    0.535470    0.054952   21.961647 v _772_/ZN (gf180mcu_fd_sc_mcu7t5v0__nor2_1)
                                                         _058_ (net)
                      0.535470    0.000028   21.961676 v _845_/D (gf180mcu_fd_sc_mcu7t5v0__dffq_1)
                                             21.961676   data arrival time

                                100.000000  100.000000   clock system_clock (rise edge)
                                  0.000000  100.000000   clock source latency
     1    0.036579    0.000000    0.000000  100.000000 ^ CLK_I (in)
                                                         CLK_I (net)
                      0.003417    0.001400  100.001396 ^ clkbuf_0_CLK_I/I (gf180mcu_fd_sc_mcu7t5v0__clkbuf_16)
     8    0.208985    0.167533    0.209873  100.211273 ^ clkbuf_0_CLK_I/Z (gf180mcu_fd_sc_mcu7t5v0__clkbuf_16)
                                                         clknet_0_CLK_I (net)
                      0.167582    0.003752  100.215019 ^ clkbuf_3_0__f_CLK_I/I (gf180mcu_fd_sc_mcu7t5v0__clkbuf_16)
     9    0.058017    0.079128    0.182013  100.397034 ^ clkbuf_3_0__f_CLK_I/Z (gf180mcu_fd_sc_mcu7t5v0__clkbuf_16)
                                                         clknet_3_0__leaf_CLK_I (net)
                      0.079132    0.001023  100.398056 ^ _845_/CLK (gf180mcu_fd_sc_mcu7t5v0__dffq_1)
                                 -0.500000   99.898056   clock uncertainty
                                  0.000000   99.898056   clock reconvergence pessimism
                                 -0.290788   99.607269   library setup time
                                             99.607269   data required time
---------------------------------------------------------------------------------------------
                                             99.607269   data required time
                                            -21.961676   data arrival time
---------------------------------------------------------------------------------------------
                                             77.645592   slack (MET)


Startpoint: RST_I (input port clocked by system_clock)
Endpoint: _846_ (rising edge-triggered flip-flop clocked by system_clock)
Path Group: system_clock
Path Type: max

Fanout         Cap        Slew       Delay        Time   Description
---------------------------------------------------------------------------------------------
                                  0.000000    0.000000   clock system_clock (rise edge)
                                  0.000000    0.000000   clock network delay (propagated)
                                 20.000000   20.000000 ^ input external delay
     1    0.007691    0.000000    0.000000   20.000000 ^ RST_I (in)
                                                         RST_I (net)
                      0.000227    0.000092   20.000093 ^ input10/I (gf180mcu_fd_sc_mcu7t5v0__dlyb_1)
    31    0.226578    2.444017    1.899592   21.899685 ^ input10/Z (gf180mcu_fd_sc_mcu7t5v0__dlyb_1)
                                                         net10 (net)
                      2.444255    0.013760   21.913445 ^ _773_/A2 (gf180mcu_fd_sc_mcu7t5v0__nor2_1)
     1    0.002765    0.530361    0.050848   21.964293 v _773_/ZN (gf180mcu_fd_sc_mcu7t5v0__nor2_1)
                                                         _059_ (net)
                      0.530361    0.000027   21.964319 v _846_/D (gf180mcu_fd_sc_mcu7t5v0__dffq_1)
                                             21.964319   data arrival time

                                100.000000  100.000000   clock system_clock (rise edge)
                                  0.000000  100.000000   clock source latency
     1    0.036579    0.000000    0.000000  100.000000 ^ CLK_I (in)
                                                         CLK_I (net)
                      0.003417    0.001400  100.001396 ^ clkbuf_0_CLK_I/I (gf180mcu_fd_sc_mcu7t5v0__clkbuf_16)
     8    0.208985    0.167533    0.209873  100.211273 ^ clkbuf_0_CLK_I/Z (gf180mcu_fd_sc_mcu7t5v0__clkbuf_16)
                                                         clknet_0_CLK_I (net)
                      0.167587    0.003837  100.215103 ^ clkbuf_3_2__f_CLK_I/I (gf180mcu_fd_sc_mcu7t5v0__clkbuf_16)
    14    0.060187    0.080307    0.182844  100.397949 ^ clkbuf_3_2__f_CLK_I/Z (gf180mcu_fd_sc_mcu7t5v0__clkbuf_16)
                                                         clknet_3_2__leaf_CLK_I (net)
                      0.080312    0.001087  100.399040 ^ _846_/CLK (gf180mcu_fd_sc_mcu7t5v0__dffq_1)
                                 -0.500000   99.899033   clock uncertainty
                                  0.000000   99.899033   clock reconvergence pessimism
                                 -0.288614   99.610420   library setup time
                                             99.610420   data required time
---------------------------------------------------------------------------------------------
                                             99.610420   data required time
                                            -21.964319   data arrival time
---------------------------------------------------------------------------------------------
                                             77.646103   slack (MET)


Startpoint: RST_I (input port clocked by system_clock)
Endpoint: _856_ (rising edge-triggered flip-flop clocked by system_clock)
Path Group: system_clock
Path Type: max

Fanout         Cap        Slew       Delay        Time   Description
---------------------------------------------------------------------------------------------
                                  0.000000    0.000000   clock system_clock (rise edge)
                                  0.000000    0.000000   clock network delay (propagated)
                                 20.000000   20.000000 ^ input external delay
     1    0.007691    0.000000    0.000000   20.000000 ^ RST_I (in)
                                                         RST_I (net)
                      0.000227    0.000092   20.000093 ^ input10/I (gf180mcu_fd_sc_mcu7t5v0__dlyb_1)
    31    0.226578    2.444017    1.899592   21.899685 ^ input10/Z (gf180mcu_fd_sc_mcu7t5v0__dlyb_1)
                                                         net10 (net)
                      2.444120    0.009100   21.908785 ^ _794_/A1 (gf180mcu_fd_sc_mcu7t5v0__nor2_1)
     1    0.009518    0.548211    0.049916   21.958700 v _794_/ZN (gf180mcu_fd_sc_mcu7t5v0__nor2_1)
                                                         _069_ (net)
                      0.548211    0.000258   21.958958 v _856_/D (gf180mcu_fd_sc_mcu7t5v0__dffq_1)
                                             21.958958   data arrival time

                                100.000000  100.000000   clock system_clock (rise edge)
                                  0.000000  100.000000   clock source latency
     1    0.036579    0.000000    0.000000  100.000000 ^ CLK_I (in)
                                                         CLK_I (net)
                      0.003417    0.001400  100.001396 ^ clkbuf_0_CLK_I/I (gf180mcu_fd_sc_mcu7t5v0__clkbuf_16)
     8    0.208985    0.167533    0.209873  100.211273 ^ clkbuf_0_CLK_I/Z (gf180mcu_fd_sc_mcu7t5v0__clkbuf_16)
                                                         clknet_0_CLK_I (net)
                      0.167554    0.002828  100.214096 ^ clkbuf_3_5__f_CLK_I/I (gf180mcu_fd_sc_mcu7t5v0__clkbuf_16)
    11    0.066350    0.083759    0.185651  100.399750 ^ clkbuf_3_5__f_CLK_I/Z (gf180mcu_fd_sc_mcu7t5v0__clkbuf_16)
                                                         clknet_3_5__leaf_CLK_I (net)
                      0.083759    0.000469  100.400215 ^ _856_/CLK (gf180mcu_fd_sc_mcu7t5v0__dffq_1)
                                 -0.500000   99.900215   clock uncertainty
                                  0.000000   99.900215   clock reconvergence pessimism
                                 -0.294491   99.605721   library setup time
                                             99.605721   data required time
---------------------------------------------------------------------------------------------
                                             99.605721   data required time
                                            -21.958958   data arrival time
---------------------------------------------------------------------------------------------
                                             77.646759   slack (MET)


Startpoint: RST_I (input port clocked by system_clock)
Endpoint: _857_ (rising edge-triggered flip-flop clocked by system_clock)
Path Group: system_clock
Path Type: max

Fanout         Cap        Slew       Delay        Time   Description
---------------------------------------------------------------------------------------------
                                  0.000000    0.000000   clock system_clock (rise edge)
                                  0.000000    0.000000   clock network delay (propagated)
                                 20.000000   20.000000 ^ input external delay
     1    0.007691    0.000000    0.000000   20.000000 ^ RST_I (in)
                                                         RST_I (net)
                      0.000227    0.000092   20.000093 ^ input10/I (gf180mcu_fd_sc_mcu7t5v0__dlyb_1)
    31    0.226578    2.444017    1.899592   21.899685 ^ input10/Z (gf180mcu_fd_sc_mcu7t5v0__dlyb_1)
                                                         net10 (net)
                      2.444095    0.007898   21.907581 ^ _796_/A1 (gf180mcu_fd_sc_mcu7t5v0__nor2_1)
     1    0.008996    0.539054    0.040824   21.948406 v _796_/ZN (gf180mcu_fd_sc_mcu7t5v0__nor2_1)
                                                         _070_ (net)
                      0.539054    0.000236   21.948643 v _857_/D (gf180mcu_fd_sc_mcu7t5v0__dffq_1)
                                             21.948643   data arrival time

                                100.000000  100.000000   clock system_clock (rise edge)
                                  0.000000  100.000000   clock source latency
     1    0.036579    0.000000    0.000000  100.000000 ^ CLK_I (in)
                                                         CLK_I (net)
                      0.003417    0.001400  100.001396 ^ clkbuf_0_CLK_I/I (gf180mcu_fd_sc_mcu7t5v0__clkbuf_16)
     8    0.208985    0.167533    0.209873  100.211273 ^ clkbuf_0_CLK_I/Z (gf180mcu_fd_sc_mcu7t5v0__clkbuf_16)
                                                         clknet_0_CLK_I (net)
                      0.167658    0.004967  100.216240 ^ clkbuf_3_7__f_CLK_I/I (gf180mcu_fd_sc_mcu7t5v0__clkbuf_16)
    13    0.062541    0.081634    0.183974  100.400208 ^ clkbuf_3_7__f_CLK_I/Z (gf180mcu_fd_sc_mcu7t5v0__clkbuf_16)
                                                         clknet_3_7__leaf_CLK_I (net)
                      0.081635    0.000405  100.400612 ^ _857_/CLK (gf180mcu_fd_sc_mcu7t5v0__dffq_1)
                                 -0.500000   99.900612   clock uncertainty
                                  0.000000   99.900612   clock reconvergence pessimism
                                 -0.291565   99.609047   library setup time
                                             99.609047   data required time
---------------------------------------------------------------------------------------------
                                             99.609047   data required time
                                            -21.948643   data arrival time
---------------------------------------------------------------------------------------------
                                             77.660408   slack (MET)


Startpoint: RST_I (input port clocked by system_clock)
Endpoint: _853_ (rising edge-triggered flip-flop clocked by system_clock)
Path Group: system_clock
Path Type: max

Fanout         Cap        Slew       Delay        Time   Description
---------------------------------------------------------------------------------------------
                                  0.000000    0.000000   clock system_clock (rise edge)
                                  0.000000    0.000000   clock network delay (propagated)
                                 20.000000   20.000000 ^ input external delay
     1    0.007691    0.000000    0.000000   20.000000 ^ RST_I (in)
                                                         RST_I (net)
                      0.000227    0.000092   20.000093 ^ input10/I (gf180mcu_fd_sc_mcu7t5v0__dlyb_1)
    31    0.226578    2.444017    1.899592   21.899685 ^ input10/Z (gf180mcu_fd_sc_mcu7t5v0__dlyb_1)
                                                         net10 (net)
                      2.444044    0.004730   21.904415 ^ _787_/A1 (gf180mcu_fd_sc_mcu7t5v0__nor2_1)
     1    0.009008    0.539263    0.041036   21.945450 v _787_/ZN (gf180mcu_fd_sc_mcu7t5v0__nor2_1)
                                                         _066_ (net)
                      0.539263    0.000302   21.945753 v _853_/D (gf180mcu_fd_sc_mcu7t5v0__dffq_1)
                                             21.945753   data arrival time

                                100.000000  100.000000   clock system_clock (rise edge)
                                  0.000000  100.000000   clock source latency
     1    0.036579    0.000000    0.000000  100.000000 ^ CLK_I (in)
                                                         CLK_I (net)
                      0.003417    0.001400  100.001396 ^ clkbuf_0_CLK_I/I (gf180mcu_fd_sc_mcu7t5v0__clkbuf_16)
     8    0.208985    0.167533    0.209873  100.211273 ^ clkbuf_0_CLK_I/Z (gf180mcu_fd_sc_mcu7t5v0__clkbuf_16)
                                                         clknet_0_CLK_I (net)
                      0.167554    0.002828  100.214096 ^ clkbuf_3_5__f_CLK_I/I (gf180mcu_fd_sc_mcu7t5v0__clkbuf_16)
    11    0.066350    0.083759    0.185651  100.399750 ^ clkbuf_3_5__f_CLK_I/Z (gf180mcu_fd_sc_mcu7t5v0__clkbuf_16)
                                                         clknet_3_5__leaf_CLK_I (net)
                      0.083760    0.000519  100.400269 ^ _853_/CLK (gf180mcu_fd_sc_mcu7t5v0__dffq_1)
                                 -0.500000   99.900269   clock uncertainty
                                  0.000000   99.900269   clock reconvergence pessimism
                                 -0.291164   99.609100   library setup time
                                             99.609100   data required time
---------------------------------------------------------------------------------------------
                                             99.609100   data required time
                                            -21.945753   data arrival time
---------------------------------------------------------------------------------------------
                                             77.663345   slack (MET)


Startpoint: RST_I (input port clocked by system_clock)
Endpoint: _849_ (rising edge-triggered flip-flop clocked by system_clock)
Path Group: system_clock
Path Type: max

Fanout         Cap        Slew       Delay        Time   Description
---------------------------------------------------------------------------------------------
                                  0.000000    0.000000   clock system_clock (rise edge)
                                  0.000000    0.000000   clock network delay (propagated)
                                 20.000000   20.000000 ^ input external delay
     1    0.007691    0.000000    0.000000   20.000000 ^ RST_I (in)
                                                         RST_I (net)
                      0.000227    0.000092   20.000093 ^ input10/I (gf180mcu_fd_sc_mcu7t5v0__dlyb_1)
    31    0.226578    2.444017    1.899592   21.899685 ^ input10/Z (gf180mcu_fd_sc_mcu7t5v0__dlyb_1)
                                                         net10 (net)
                      2.444065    0.006215   21.905899 ^ _779_/A1 (gf180mcu_fd_sc_mcu7t5v0__nor2_1)
     1    0.008650    0.532996    0.034815   21.940714 v _779_/ZN (gf180mcu_fd_sc_mcu7t5v0__nor2_1)
                                                         _062_ (net)
                      0.532996    0.000222   21.940937 v _849_/D (gf180mcu_fd_sc_mcu7t5v0__dffq_1)
                                             21.940937   data arrival time

                                100.000000  100.000000   clock system_clock (rise edge)
                                  0.000000  100.000000   clock source latency
     1    0.036579    0.000000    0.000000  100.000000 ^ CLK_I (in)
                                                         CLK_I (net)
                      0.003417    0.001400  100.001396 ^ clkbuf_0_CLK_I/I (gf180mcu_fd_sc_mcu7t5v0__clkbuf_16)
     8    0.208985    0.167533    0.209873  100.211273 ^ clkbuf_0_CLK_I/Z (gf180mcu_fd_sc_mcu7t5v0__clkbuf_16)
                                                         clknet_0_CLK_I (net)
                      0.167559    0.003084  100.214355 ^ clkbuf_3_4__f_CLK_I/I (gf180mcu_fd_sc_mcu7t5v0__clkbuf_16)
    10    0.071140    0.086358    0.187505  100.401855 ^ clkbuf_3_4__f_CLK_I/Z (gf180mcu_fd_sc_mcu7t5v0__clkbuf_16)
                                                         clknet_3_4__leaf_CLK_I (net)
                      0.086361    0.000966  100.402824 ^ _849_/CLK (gf180mcu_fd_sc_mcu7t5v0__dffq_1)
                                 -0.500000   99.902824   clock uncertainty
                                  0.000000   99.902824   clock reconvergence pessimism
                                 -0.288255   99.614571   library setup time
                                             99.614571   data required time
---------------------------------------------------------------------------------------------
                                             99.614571   data required time
                                            -21.940937   data arrival time
---------------------------------------------------------------------------------------------
                                             77.673637   slack (MET)


Startpoint: RST_I (input port clocked by system_clock)
Endpoint: _848_ (rising edge-triggered flip-flop clocked by system_clock)
Path Group: system_clock
Path Type: max

Fanout         Cap        Slew       Delay        Time   Description
---------------------------------------------------------------------------------------------
                                  0.000000    0.000000   clock system_clock (rise edge)
                                  0.000000    0.000000   clock network delay (propagated)
                                 20.000000   20.000000 ^ input external delay
     1    0.007691    0.000000    0.000000   20.000000 ^ RST_I (in)
                                                         RST_I (net)
                      0.000227    0.000092   20.000093 ^ input10/I (gf180mcu_fd_sc_mcu7t5v0__dlyb_1)
    31    0.226578    2.444017    1.899592   21.899685 ^ input10/Z (gf180mcu_fd_sc_mcu7t5v0__dlyb_1)
                                                         net10 (net)
                      2.444065    0.006231   21.905916 ^ _777_/A1 (gf180mcu_fd_sc_mcu7t5v0__nor2_1)
     1    0.007280    0.508944    0.010944   21.916861 v _777_/ZN (gf180mcu_fd_sc_mcu7t5v0__nor2_1)
                                                         _061_ (net)
                      0.508944    0.000174   21.917034 v _848_/D (gf180mcu_fd_sc_mcu7t5v0__dffq_1)
                                             21.917034   data arrival time

                                100.000000  100.000000   clock system_clock (rise edge)
                                  0.000000  100.000000   clock source latency
     1    0.036579    0.000000    0.000000  100.000000 ^ CLK_I (in)
                                                         CLK_I (net)
                      0.003417    0.001400  100.001396 ^ clkbuf_0_CLK_I/I (gf180mcu_fd_sc_mcu7t5v0__clkbuf_16)
     8    0.208985    0.167533    0.209873  100.211273 ^ clkbuf_0_CLK_I/Z (gf180mcu_fd_sc_mcu7t5v0__clkbuf_16)
                                                         clknet_0_CLK_I (net)
                      0.167559    0.003084  100.214355 ^ clkbuf_3_4__f_CLK_I/I (gf180mcu_fd_sc_mcu7t5v0__clkbuf_16)
    10    0.071140    0.086358    0.187505  100.401855 ^ clkbuf_3_4__f_CLK_I/Z (gf180mcu_fd_sc_mcu7t5v0__clkbuf_16)
                                                         clknet_3_4__leaf_CLK_I (net)
                      0.086362    0.001080  100.402939 ^ _848_/CLK (gf180mcu_fd_sc_mcu7t5v0__dffq_1)
                                 -0.500000   99.902939   clock uncertainty
                                  0.000000   99.902939   clock reconvergence pessimism
                                 -0.279344   99.623596   library setup time
                                             99.623596   data required time
---------------------------------------------------------------------------------------------
                                             99.623596   data required time
                                            -21.917034   data arrival time
---------------------------------------------------------------------------------------------
                                             77.706558   slack (MET)


Startpoint: RST_I (input port clocked by system_clock)
Endpoint: _854_ (rising edge-triggered flip-flop clocked by system_clock)
Path Group: system_clock
Path Type: max

Fanout         Cap        Slew       Delay        Time   Description
---------------------------------------------------------------------------------------------
                                  0.000000    0.000000   clock system_clock (rise edge)
                                  0.000000    0.000000   clock network delay (propagated)
                                 20.000000   20.000000 ^ input external delay
     1    0.007691    0.000000    0.000000   20.000000 ^ RST_I (in)
                                                         RST_I (net)
                      0.000227    0.000092   20.000093 ^ input10/I (gf180mcu_fd_sc_mcu7t5v0__dlyb_1)
    31    0.226578    2.444017    1.899592   21.899685 ^ input10/Z (gf180mcu_fd_sc_mcu7t5v0__dlyb_1)
                                                         net10 (net)
                      2.444033    0.003592   21.903276 ^ _789_/A1 (gf180mcu_fd_sc_mcu7t5v0__nor2_1)
     1    0.007040    0.504718    0.006766   21.910042 v _789_/ZN (gf180mcu_fd_sc_mcu7t5v0__nor2_1)
                                                         _067_ (net)
                      0.504718    0.000163   21.910206 v _854_/D (gf180mcu_fd_sc_mcu7t5v0__dffq_1)
                                             21.910206   data arrival time

                                100.000000  100.000000   clock system_clock (rise edge)
                                  0.000000  100.000000   clock source latency
     1    0.036579    0.000000    0.000000  100.000000 ^ CLK_I (in)
                                                         CLK_I (net)
                      0.003417    0.001400  100.001396 ^ clkbuf_0_CLK_I/I (gf180mcu_fd_sc_mcu7t5v0__clkbuf_16)
     8    0.208985    0.167533    0.209873  100.211273 ^ clkbuf_0_CLK_I/Z (gf180mcu_fd_sc_mcu7t5v0__clkbuf_16)
                                                         clknet_0_CLK_I (net)
                      0.167554    0.002828  100.214096 ^ clkbuf_3_5__f_CLK_I/I (gf180mcu_fd_sc_mcu7t5v0__clkbuf_16)
    11    0.066350    0.083759    0.185651  100.399750 ^ clkbuf_3_5__f_CLK_I/Z (gf180mcu_fd_sc_mcu7t5v0__clkbuf_16)
                                                         clknet_3_5__leaf_CLK_I (net)
                      0.083760    0.000512  100.400261 ^ _854_/CLK (gf180mcu_fd_sc_mcu7t5v0__dffq_1)
                                 -0.500000   99.900261   clock uncertainty
                                  0.000000   99.900261   clock reconvergence pessimism
                                 -0.278315   99.621948   library setup time
                                             99.621948   data required time
---------------------------------------------------------------------------------------------
                                             99.621948   data required time
                                            -21.910206   data arrival time
---------------------------------------------------------------------------------------------
                                             77.711739   slack (MET)


Startpoint: RST_I (input port clocked by system_clock)
Endpoint: _859_ (rising edge-triggered flip-flop clocked by system_clock)
Path Group: system_clock
Path Type: max

Fanout         Cap        Slew       Delay        Time   Description
---------------------------------------------------------------------------------------------
                                  0.000000    0.000000   clock system_clock (rise edge)
                                  0.000000    0.000000   clock network delay (propagated)
                                 20.000000   20.000000 ^ input external delay
     1    0.007691    0.000000    0.000000   20.000000 ^ RST_I (in)
                                                         RST_I (net)
                      0.000227    0.000092   20.000093 ^ input10/I (gf180mcu_fd_sc_mcu7t5v0__dlyb_1)
    31    0.226578    2.444017    1.899592   21.899685 ^ input10/Z (gf180mcu_fd_sc_mcu7t5v0__dlyb_1)
                                                         net10 (net)
                      2.444174    0.011184   21.910868 ^ _800_/A1 (gf180mcu_fd_sc_mcu7t5v0__nor2_1)
     1    0.006680    0.498389    0.000476   21.911345 v _800_/ZN (gf180mcu_fd_sc_mcu7t5v0__nor2_1)
                                                         _072_ (net)
                      0.498389    0.000158   21.911503 v _859_/D (gf180mcu_fd_sc_mcu7t5v0__dffq_1)
                                             21.911503   data arrival time

                                100.000000  100.000000   clock system_clock (rise edge)
                                  0.000000  100.000000   clock source latency
     1    0.036579    0.000000    0.000000  100.000000 ^ CLK_I (in)
                                                         CLK_I (net)
                      0.003417    0.001400  100.001396 ^ clkbuf_0_CLK_I/I (gf180mcu_fd_sc_mcu7t5v0__clkbuf_16)
     8    0.208985    0.167533    0.209873  100.211273 ^ clkbuf_0_CLK_I/Z (gf180mcu_fd_sc_mcu7t5v0__clkbuf_16)
                                                         clknet_0_CLK_I (net)
                      0.167658    0.004967  100.216240 ^ clkbuf_3_7__f_CLK_I/I (gf180mcu_fd_sc_mcu7t5v0__clkbuf_16)
    13    0.062541    0.081634    0.183974  100.400208 ^ clkbuf_3_7__f_CLK_I/Z (gf180mcu_fd_sc_mcu7t5v0__clkbuf_16)
                                                         clknet_3_7__leaf_CLK_I (net)
                      0.081635    0.000348  100.400558 ^ _859_/CLK (gf180mcu_fd_sc_mcu7t5v0__dffq_1)
                                 -0.500000   99.900558   clock uncertainty
                                  0.000000   99.900558   clock reconvergence pessimism
                                 -0.276392   99.624161   library setup time
                                             99.624161   data required time
---------------------------------------------------------------------------------------------
                                             99.624161   data required time
                                            -21.911503   data arrival time
---------------------------------------------------------------------------------------------
                                             77.712662   slack (MET)


Startpoint: RST_I (input port clocked by system_clock)
Endpoint: _828_ (rising edge-triggered flip-flop clocked by system_clock)
Path Group: system_clock
Path Type: max

Fanout         Cap        Slew       Delay        Time   Description
---------------------------------------------------------------------------------------------
                                  0.000000    0.000000   clock system_clock (rise edge)
                                  0.000000    0.000000   clock network delay (propagated)
                                 20.000000   20.000000 v input external delay
     1    0.007691    0.000000    0.000000   20.000000 v RST_I (in)
                                                         RST_I (net)
                      0.000227    0.000092   20.000093 v input10/I (gf180mcu_fd_sc_mcu7t5v0__dlyb_1)
    31    0.226578    1.491367    1.495385   21.495478 v input10/Z (gf180mcu_fd_sc_mcu7t5v0__dlyb_1)
                                                         net10 (net)
                      1.491457    0.006706   21.502184 v _710_/A1 (gf180mcu_fd_sc_mcu7t5v0__nor4_1)
     1    0.002908    0.473362    0.537465   22.039648 ^ _710_/ZN (gf180mcu_fd_sc_mcu7t5v0__nor4_1)
                                                         _041_ (net)
                      0.473362    0.000028   22.039677 ^ _828_/D (gf180mcu_fd_sc_mcu7t5v0__dffq_1)
                                             22.039677   data arrival time

                                100.000000  100.000000   clock system_clock (rise edge)
                                  0.000000  100.000000   clock source latency
     1    0.036579    0.000000    0.000000  100.000000 ^ CLK_I (in)
                                                         CLK_I (net)
                      0.003417    0.001400  100.001396 ^ clkbuf_0_CLK_I/I (gf180mcu_fd_sc_mcu7t5v0__clkbuf_16)
     8    0.208985    0.167533    0.209873  100.211273 ^ clkbuf_0_CLK_I/Z (gf180mcu_fd_sc_mcu7t5v0__clkbuf_16)
                                                         clknet_0_CLK_I (net)
                      0.167557    0.003013  100.214279 ^ clkbuf_3_1__f_CLK_I/I (gf180mcu_fd_sc_mcu7t5v0__clkbuf_16)
    12    0.063682    0.082281    0.184514  100.398796 ^ clkbuf_3_1__f_CLK_I/Z (gf180mcu_fd_sc_mcu7t5v0__clkbuf_16)
                                                         clknet_3_1__leaf_CLK_I (net)
                      0.082282    0.000583  100.399376 ^ _828_/CLK (gf180mcu_fd_sc_mcu7t5v0__dffq_1)
                                 -0.500000   99.899376   clock uncertainty
                                  0.000000   99.899376   clock reconvergence pessimism
                                 -0.143034   99.756348   library setup time
                                             99.756348   data required time
---------------------------------------------------------------------------------------------
                                             99.756348   data required time
                                            -22.039677   data arrival time
---------------------------------------------------------------------------------------------
                                             77.716667   slack (MET)


Startpoint: RST_I (input port clocked by system_clock)
Endpoint: _851_ (rising edge-triggered flip-flop clocked by system_clock)
Path Group: system_clock
Path Type: max

Fanout         Cap        Slew       Delay        Time   Description
---------------------------------------------------------------------------------------------
                                  0.000000    0.000000   clock system_clock (rise edge)
                                  0.000000    0.000000   clock network delay (propagated)
                                 20.000000   20.000000 ^ input external delay
     1    0.007691    0.000000    0.000000   20.000000 ^ RST_I (in)
                                                         RST_I (net)
                      0.000227    0.000092   20.000093 ^ input10/I (gf180mcu_fd_sc_mcu7t5v0__dlyb_1)
    31    0.226578    2.444017    1.899592   21.899685 ^ input10/Z (gf180mcu_fd_sc_mcu7t5v0__dlyb_1)
                                                         net10 (net)
                      2.444038    0.004114   21.903799 ^ _783_/A1 (gf180mcu_fd_sc_mcu7t5v0__nor2_1)
     1    0.005672    0.480553   -0.017076   21.886723 v _783_/ZN (gf180mcu_fd_sc_mcu7t5v0__nor2_1)
                                                         _064_ (net)
                      0.480553    0.000123   21.886845 v _851_/D (gf180mcu_fd_sc_mcu7t5v0__dffq_1)
                                             21.886845   data arrival time

                                100.000000  100.000000   clock system_clock (rise edge)
                                  0.000000  100.000000   clock source latency
     1    0.036579    0.000000    0.000000  100.000000 ^ CLK_I (in)
                                                         CLK_I (net)
                      0.003417    0.001400  100.001396 ^ clkbuf_0_CLK_I/I (gf180mcu_fd_sc_mcu7t5v0__clkbuf_16)
     8    0.208985    0.167533    0.209873  100.211273 ^ clkbuf_0_CLK_I/Z (gf180mcu_fd_sc_mcu7t5v0__clkbuf_16)
                                                         clknet_0_CLK_I (net)
                      0.167559    0.003084  100.214355 ^ clkbuf_3_4__f_CLK_I/I (gf180mcu_fd_sc_mcu7t5v0__clkbuf_16)
    10    0.071140    0.086358    0.187505  100.401855 ^ clkbuf_3_4__f_CLK_I/Z (gf180mcu_fd_sc_mcu7t5v0__clkbuf_16)
                                                         clknet_3_4__leaf_CLK_I (net)
                      0.086358    0.000071  100.401932 ^ _851_/CLK (gf180mcu_fd_sc_mcu7t5v0__dffq_1)
                                 -0.500000   99.901924   clock uncertainty
                                  0.000000   99.901924   clock reconvergence pessimism
                                 -0.268827   99.633102   library setup time
                                             99.633102   data required time
---------------------------------------------------------------------------------------------
                                             99.633102   data required time
                                            -21.886845   data arrival time
---------------------------------------------------------------------------------------------
                                             77.746254   slack (MET)


Startpoint: _864_ (rising edge-triggered flip-flop clocked by system_clock)
Endpoint: STB_O (output port clocked by system_clock)
Path Group: system_clock
Path Type: max

Fanout         Cap        Slew       Delay        Time   Description
---------------------------------------------------------------------------------------------
                                  0.000000    0.000000   clock system_clock (rise edge)
                                  0.000000    0.000000   clock source latency
     1    0.036579    0.000000    0.000000    0.000000 ^ CLK_I (in)
                                                         CLK_I (net)
                      0.003417    0.001398    0.001398 ^ clkbuf_0_CLK_I/I (gf180mcu_fd_sc_mcu7t5v0__clkbuf_16)
     8    0.208985    0.167533    0.209877    0.211275 ^ clkbuf_0_CLK_I/Z (gf180mcu_fd_sc_mcu7t5v0__clkbuf_16)
                                                         clknet_0_CLK_I (net)
                      0.167554    0.002825    0.214099 ^ clkbuf_3_5__f_CLK_I/I (gf180mcu_fd_sc_mcu7t5v0__clkbuf_16)
    11    0.066350    0.083759    0.185653    0.399752 ^ clkbuf_3_5__f_CLK_I/Z (gf180mcu_fd_sc_mcu7t5v0__clkbuf_16)
                                                         clknet_3_5__leaf_CLK_I (net)
                      0.083759    0.000370    0.400122 ^ _864_/CLK (gf180mcu_fd_sc_mcu7t5v0__dffq_1)
     3    0.028398    0.209267    0.511312    0.911434 v _864_/Q (gf180mcu_fd_sc_mcu7t5v0__dffq_1)
                                                         net21 (net)
                      0.209291    0.001345    0.912779 v _902_/I (gf180mcu_fd_sc_mcu7t5v0__buf_1)
     1    0.005056    0.076804    0.200387    1.113166 v _902_/Z (gf180mcu_fd_sc_mcu7t5v0__buf_1)
                                                         net30 (net)
                      0.076804    0.000103    1.113269 v output30/I (gf180mcu_fd_sc_mcu7t5v0__dlyb_1)
     1    0.009322    0.156548    0.611540    1.724809 v output30/Z (gf180mcu_fd_sc_mcu7t5v0__dlyb_1)
                                                         STB_O (net)
                      0.156549    0.000297    1.725106 v STB_O (out)
                                              1.725106   data arrival time

                                100.000000  100.000000   clock system_clock (rise edge)
                                  0.000000  100.000000   clock network delay (propagated)
                                 -0.500000   99.499992   clock uncertainty
                                  0.000000   99.499992   clock reconvergence pessimism
                                -20.000000   79.499992   output external delay
                                             79.499992   data required time
---------------------------------------------------------------------------------------------
                                             79.499992   data required time
                                             -1.725106   data arrival time
---------------------------------------------------------------------------------------------
                                             77.774887   slack (MET)


Startpoint: RST_I (input port clocked by system_clock)
Endpoint: _855_ (rising edge-triggered flip-flop clocked by system_clock)
Path Group: system_clock
Path Type: max

Fanout         Cap        Slew       Delay        Time   Description
---------------------------------------------------------------------------------------------
                                  0.000000    0.000000   clock system_clock (rise edge)
                                  0.000000    0.000000   clock network delay (propagated)
                                 20.000000   20.000000 ^ input external delay
     1    0.007691    0.000000    0.000000   20.000000 ^ RST_I (in)
                                                         RST_I (net)
                      0.000227    0.000092   20.000093 ^ input10/I (gf180mcu_fd_sc_mcu7t5v0__dlyb_1)
    31    0.226578    2.444017    1.899592   21.899685 ^ input10/Z (gf180mcu_fd_sc_mcu7t5v0__dlyb_1)
                                                         net10 (net)
                      2.444017    0.001640   21.901323 ^ _791_/A1 (gf180mcu_fd_sc_mcu7t5v0__nor2_1)
     1    0.004254    0.449088   -0.044963   21.856361 v _791_/ZN (gf180mcu_fd_sc_mcu7t5v0__nor2_1)
                                                         _068_ (net)
                      0.449088    0.000085   21.856445 v _855_/D (gf180mcu_fd_sc_mcu7t5v0__dffq_1)
                                             21.856445   data arrival time

                                100.000000  100.000000   clock system_clock (rise edge)
                                  0.000000  100.000000   clock source latency
     1    0.036579    0.000000    0.000000  100.000000 ^ CLK_I (in)
                                                         CLK_I (net)
                      0.003417    0.001400  100.001396 ^ clkbuf_0_CLK_I/I (gf180mcu_fd_sc_mcu7t5v0__clkbuf_16)
     8    0.208985    0.167533    0.209873  100.211273 ^ clkbuf_0_CLK_I/Z (gf180mcu_fd_sc_mcu7t5v0__clkbuf_16)
                                                         clknet_0_CLK_I (net)
                      0.167554    0.002828  100.214096 ^ clkbuf_3_5__f_CLK_I/I (gf180mcu_fd_sc_mcu7t5v0__clkbuf_16)
    11    0.066350    0.083759    0.185651  100.399750 ^ clkbuf_3_5__f_CLK_I/Z (gf180mcu_fd_sc_mcu7t5v0__clkbuf_16)
                                                         clknet_3_5__leaf_CLK_I (net)
                      0.083759    0.000476  100.400223 ^ _855_/CLK (gf180mcu_fd_sc_mcu7t5v0__dffq_1)
                                 -0.500000   99.900223   clock uncertainty
                                  0.000000   99.900223   clock reconvergence pessimism
                                 -0.257625   99.642593   library setup time
                                             99.642593   data required time
---------------------------------------------------------------------------------------------
                                             99.642593   data required time
                                            -21.856445   data arrival time
---------------------------------------------------------------------------------------------
                                             77.786148   slack (MET)


Startpoint: RST_I (input port clocked by system_clock)
Endpoint: _850_ (rising edge-triggered flip-flop clocked by system_clock)
Path Group: system_clock
Path Type: max

Fanout         Cap        Slew       Delay        Time   Description
---------------------------------------------------------------------------------------------
                                  0.000000    0.000000   clock system_clock (rise edge)
                                  0.000000    0.000000   clock network delay (propagated)
                                 20.000000   20.000000 ^ input external delay
     1    0.007691    0.000000    0.000000   20.000000 ^ RST_I (in)
                                                         RST_I (net)
                      0.000227    0.000092   20.000093 ^ input10/I (gf180mcu_fd_sc_mcu7t5v0__dlyb_1)
    31    0.226578    2.444017    1.899592   21.899685 ^ input10/Z (gf180mcu_fd_sc_mcu7t5v0__dlyb_1)
                                                         net10 (net)
                      2.444059    0.005814   21.905499 ^ _781_/A1 (gf180mcu_fd_sc_mcu7t5v0__nor2_1)
     1    0.003841    0.438788   -0.053868   21.851631 v _781_/ZN (gf180mcu_fd_sc_mcu7t5v0__nor2_1)
                                                         _063_ (net)
                      0.438788    0.000075   21.851706 v _850_/D (gf180mcu_fd_sc_mcu7t5v0__dffq_1)
                                             21.851706   data arrival time

                                100.000000  100.000000   clock system_clock (rise edge)
                                  0.000000  100.000000   clock source latency
     1    0.036579    0.000000    0.000000  100.000000 ^ CLK_I (in)
                                                         CLK_I (net)
                      0.003417    0.001400  100.001396 ^ clkbuf_0_CLK_I/I (gf180mcu_fd_sc_mcu7t5v0__clkbuf_16)
     8    0.208985    0.167533    0.209873  100.211273 ^ clkbuf_0_CLK_I/Z (gf180mcu_fd_sc_mcu7t5v0__clkbuf_16)
                                                         clknet_0_CLK_I (net)
                      0.167559    0.003084  100.214355 ^ clkbuf_3_4__f_CLK_I/I (gf180mcu_fd_sc_mcu7t5v0__clkbuf_16)
    10    0.071140    0.086358    0.187505  100.401855 ^ clkbuf_3_4__f_CLK_I/Z (gf180mcu_fd_sc_mcu7t5v0__clkbuf_16)
                                                         clknet_3_4__leaf_CLK_I (net)
                      0.086362    0.001130  100.402985 ^ _850_/CLK (gf180mcu_fd_sc_mcu7t5v0__dffq_1)
                                 -0.500000   99.902985   clock uncertainty
                                  0.000000   99.902985   clock reconvergence pessimism
                                 -0.253354   99.649635   library setup time
                                             99.649635   data required time
---------------------------------------------------------------------------------------------
                                             99.649635   data required time
                                            -21.851706   data arrival time
---------------------------------------------------------------------------------------------
                                             77.797928   slack (MET)


Startpoint: RST_I (input port clocked by system_clock)
Endpoint: _852_ (rising edge-triggered flip-flop clocked by system_clock)
Path Group: system_clock
Path Type: max

Fanout         Cap        Slew       Delay        Time   Description
---------------------------------------------------------------------------------------------
                                  0.000000    0.000000   clock system_clock (rise edge)
                                  0.000000    0.000000   clock network delay (propagated)
                                 20.000000   20.000000 ^ input external delay
     1    0.007691    0.000000    0.000000   20.000000 ^ RST_I (in)
                                                         RST_I (net)
                      0.000227    0.000092   20.000093 ^ input10/I (gf180mcu_fd_sc_mcu7t5v0__dlyb_1)
    31    0.226578    2.444017    1.899592   21.899685 ^ input10/Z (gf180mcu_fd_sc_mcu7t5v0__dlyb_1)
                                                         net10 (net)
                      2.444049    0.005123   21.904808 ^ _785_/A1 (gf180mcu_fd_sc_mcu7t5v0__nor2_1)
     1    0.003265    0.425860   -0.066269   21.838539 v _785_/ZN (gf180mcu_fd_sc_mcu7t5v0__nor2_1)
                                                         _065_ (net)
                      0.425860    0.000032   21.838572 v _852_/D (gf180mcu_fd_sc_mcu7t5v0__dffq_1)
                                             21.838572   data arrival time

                                100.000000  100.000000   clock system_clock (rise edge)
                                  0.000000  100.000000   clock source latency
     1    0.036579    0.000000    0.000000  100.000000 ^ CLK_I (in)
                                                         CLK_I (net)
                      0.003417    0.001400  100.001396 ^ clkbuf_0_CLK_I/I (gf180mcu_fd_sc_mcu7t5v0__clkbuf_16)
     8    0.208985    0.167533    0.209873  100.211273 ^ clkbuf_0_CLK_I/Z (gf180mcu_fd_sc_mcu7t5v0__clkbuf_16)
                                                         clknet_0_CLK_I (net)
                      0.167554    0.002828  100.214096 ^ clkbuf_3_5__f_CLK_I/I (gf180mcu_fd_sc_mcu7t5v0__clkbuf_16)
    11    0.066350    0.083759    0.185651  100.399750 ^ clkbuf_3_5__f_CLK_I/Z (gf180mcu_fd_sc_mcu7t5v0__clkbuf_16)
                                                         clknet_3_5__leaf_CLK_I (net)
                      0.083760    0.000625  100.400375 ^ _852_/CLK (gf180mcu_fd_sc_mcu7t5v0__dffq_1)
                                 -0.500000   99.900375   clock uncertainty
                                  0.000000   99.900375   clock reconvergence pessimism
                                 -0.248986   99.651382   library setup time
                                             99.651382   data required time
---------------------------------------------------------------------------------------------
                                             99.651382   data required time
                                            -21.838572   data arrival time
---------------------------------------------------------------------------------------------
                                             77.812813   slack (MET)


Startpoint: _817_ (rising edge-triggered flip-flop clocked by system_clock)
Endpoint: i2c_sda_out_pin_ctrl_n (output port clocked by system_clock)
Path Group: system_clock
Path Type: max

Fanout         Cap        Slew       Delay        Time   Description
---------------------------------------------------------------------------------------------
                                  0.000000    0.000000   clock system_clock (rise edge)
                                  0.000000    0.000000   clock source latency
     1    0.036579    0.000000    0.000000    0.000000 ^ CLK_I (in)
                                                         CLK_I (net)
                      0.003417    0.001398    0.001398 ^ clkbuf_0_CLK_I/I (gf180mcu_fd_sc_mcu7t5v0__clkbuf_16)
     8    0.208985    0.167533    0.209877    0.211275 ^ clkbuf_0_CLK_I/Z (gf180mcu_fd_sc_mcu7t5v0__clkbuf_16)
                                                         clknet_0_CLK_I (net)
                      0.167587    0.003837    0.215112 ^ clkbuf_3_2__f_CLK_I/I (gf180mcu_fd_sc_mcu7t5v0__clkbuf_16)
    14    0.060187    0.080307    0.182842    0.397954 ^ clkbuf_3_2__f_CLK_I/Z (gf180mcu_fd_sc_mcu7t5v0__clkbuf_16)
                                                         clknet_3_2__leaf_CLK_I (net)
                      0.080313    0.001226    0.399181 ^ _817_/CLK (gf180mcu_fd_sc_mcu7t5v0__dffq_1)
     2    0.014772    0.191697    0.510087    0.909267 ^ _817_/Q (gf180mcu_fd_sc_mcu7t5v0__dffq_1)
                                                         net32 (net)
                      0.191697    0.000250    0.909517 ^ _437_/I (gf180mcu_fd_sc_mcu7t5v0__clkinv_1)
     2    0.007134    0.119796    0.104556    1.014073 v _437_/ZN (gf180mcu_fd_sc_mcu7t5v0__clkinv_1)
                                                         net33 (net)
                      0.119796    0.000049    1.014122 v output33/I (gf180mcu_fd_sc_mcu7t5v0__dlyb_1)
     1    0.000870    0.094080    0.562960    1.577083 v output33/Z (gf180mcu_fd_sc_mcu7t5v0__dlyb_1)
                                                         i2c_sda_out_pin_ctrl_n (net)
                      0.094080    0.000006    1.577088 v i2c_sda_out_pin_ctrl_n (out)
                                              1.577088   data arrival time

                                100.000000  100.000000   clock system_clock (rise edge)
                                  0.000000  100.000000   clock network delay (propagated)
                                 -0.500000   99.499992   clock uncertainty
                                  0.000000   99.499992   clock reconvergence pessimism
                                -20.000000   79.499992   output external delay
                                             79.499992   data required time
---------------------------------------------------------------------------------------------
                                             79.499992   data required time
                                             -1.577088   data arrival time
---------------------------------------------------------------------------------------------
                                             77.922905   slack (MET)


Startpoint: _864_ (rising edge-triggered flip-flop clocked by system_clock)
Endpoint: CYC_O (output port clocked by system_clock)
Path Group: system_clock
Path Type: max

Fanout         Cap        Slew       Delay        Time   Description
---------------------------------------------------------------------------------------------
                                  0.000000    0.000000   clock system_clock (rise edge)
                                  0.000000    0.000000   clock source latency
     1    0.036579    0.000000    0.000000    0.000000 ^ CLK_I (in)
                                                         CLK_I (net)
                      0.003417    0.001398    0.001398 ^ clkbuf_0_CLK_I/I (gf180mcu_fd_sc_mcu7t5v0__clkbuf_16)
     8    0.208985    0.167533    0.209877    0.211275 ^ clkbuf_0_CLK_I/Z (gf180mcu_fd_sc_mcu7t5v0__clkbuf_16)
                                                         clknet_0_CLK_I (net)
                      0.167554    0.002825    0.214099 ^ clkbuf_3_5__f_CLK_I/I (gf180mcu_fd_sc_mcu7t5v0__clkbuf_16)
    11    0.066350    0.083759    0.185653    0.399752 ^ clkbuf_3_5__f_CLK_I/Z (gf180mcu_fd_sc_mcu7t5v0__clkbuf_16)
                                                         clknet_3_5__leaf_CLK_I (net)
                      0.083759    0.000370    0.400122 ^ _864_/CLK (gf180mcu_fd_sc_mcu7t5v0__dffq_1)
     3    0.028398    0.209267    0.511312    0.911434 v _864_/Q (gf180mcu_fd_sc_mcu7t5v0__dffq_1)
                                                         net21 (net)
                      0.209291    0.001336    0.912770 v output21/I (gf180mcu_fd_sc_mcu7t5v0__dlyb_1)
     1    0.006526    0.137042    0.639221    1.551991 v output21/Z (gf180mcu_fd_sc_mcu7t5v0__dlyb_1)
                                                         CYC_O (net)
                      0.137042    0.000164    1.552155 v CYC_O (out)
                                              1.552155   data arrival time

                                100.000000  100.000000   clock system_clock (rise edge)
                                  0.000000  100.000000   clock network delay (propagated)
                                 -0.500000   99.499992   clock uncertainty
                                  0.000000   99.499992   clock reconvergence pessimism
                                -20.000000   79.499992   output external delay
                                             79.499992   data required time
---------------------------------------------------------------------------------------------
                                             79.499992   data required time
                                             -1.552155   data arrival time
---------------------------------------------------------------------------------------------
                                             77.947838   slack (MET)


Startpoint: _850_ (rising edge-triggered flip-flop clocked by system_clock)
Endpoint: ADDR_O[2] (output port clocked by system_clock)
Path Group: system_clock
Path Type: max

Fanout         Cap        Slew       Delay        Time   Description
---------------------------------------------------------------------------------------------
                                  0.000000    0.000000   clock system_clock (rise edge)
                                  0.000000    0.000000   clock source latency
     1    0.036579    0.000000    0.000000    0.000000 ^ CLK_I (in)
                                                         CLK_I (net)
                      0.003417    0.001398    0.001398 ^ clkbuf_0_CLK_I/I (gf180mcu_fd_sc_mcu7t5v0__clkbuf_16)
     8    0.208985    0.167533    0.209877    0.211275 ^ clkbuf_0_CLK_I/Z (gf180mcu_fd_sc_mcu7t5v0__clkbuf_16)
                                                         clknet_0_CLK_I (net)
                      0.167559    0.003085    0.214359 ^ clkbuf_3_4__f_CLK_I/I (gf180mcu_fd_sc_mcu7t5v0__clkbuf_16)
    10    0.071140    0.086358    0.187504    0.401863 ^ clkbuf_3_4__f_CLK_I/Z (gf180mcu_fd_sc_mcu7t5v0__clkbuf_16)
                                                         clknet_3_4__leaf_CLK_I (net)
                      0.086362    0.001129    0.402992 ^ _850_/CLK (gf180mcu_fd_sc_mcu7t5v0__dffq_1)
     2    0.015467    0.133448    0.458484    0.861476 v _850_/Q (gf180mcu_fd_sc_mcu7t5v0__dffq_1)
                                                         net15 (net)
                      0.133448    0.000335    0.861812 v output15/I (gf180mcu_fd_sc_mcu7t5v0__dlyb_1)
     1    0.003511    0.116249    0.590137    1.451949 v output15/Z (gf180mcu_fd_sc_mcu7t5v0__dlyb_1)
                                                         ADDR_O[2] (net)
                      0.116249    0.000046    1.451995 v ADDR_O[2] (out)
                                              1.451995   data arrival time

                                100.000000  100.000000   clock system_clock (rise edge)
                                  0.000000  100.000000   clock network delay (propagated)
                                 -0.500000   99.499992   clock uncertainty
                                  0.000000   99.499992   clock reconvergence pessimism
                                -20.000000   79.499992   output external delay
                                             79.499992   data required time
---------------------------------------------------------------------------------------------
                                             79.499992   data required time
                                             -1.451995   data arrival time
---------------------------------------------------------------------------------------------
                                             78.047997   slack (MET)


Startpoint: _860_ (rising edge-triggered flip-flop clocked by system_clock)
Endpoint: DAT_O[4] (output port clocked by system_clock)
Path Group: system_clock
Path Type: max

Fanout         Cap        Slew       Delay        Time   Description
---------------------------------------------------------------------------------------------
                                  0.000000    0.000000   clock system_clock (rise edge)
                                  0.000000    0.000000   clock source latency
     1    0.036579    0.000000    0.000000    0.000000 ^ CLK_I (in)
                                                         CLK_I (net)
                      0.003417    0.001398    0.001398 ^ clkbuf_0_CLK_I/I (gf180mcu_fd_sc_mcu7t5v0__clkbuf_16)
     8    0.208985    0.167533    0.209877    0.211275 ^ clkbuf_0_CLK_I/Z (gf180mcu_fd_sc_mcu7t5v0__clkbuf_16)
                                                         clknet_0_CLK_I (net)
                      0.167658    0.004964    0.216238 ^ clkbuf_3_7__f_CLK_I/I (gf180mcu_fd_sc_mcu7t5v0__clkbuf_16)
    13    0.062541    0.081634    0.183976    0.400214 ^ clkbuf_3_7__f_CLK_I/Z (gf180mcu_fd_sc_mcu7t5v0__clkbuf_16)
                                                         clknet_3_7__leaf_CLK_I (net)
                      0.081634    0.000068    0.400282 ^ _860_/CLK (gf180mcu_fd_sc_mcu7t5v0__dffq_1)
     2    0.017306    0.143800    0.465545    0.865827 v _860_/Q (gf180mcu_fd_sc_mcu7t5v0__dffq_1)
                                                         net26 (net)
                      0.143802    0.000357    0.866183 v output26/I (gf180mcu_fd_sc_mcu7t5v0__dlyb_1)
     1    0.001931    0.103723    0.581205    1.447388 v output26/Z (gf180mcu_fd_sc_mcu7t5v0__dlyb_1)
                                                         DAT_O[4] (net)
                      0.103723    0.000018    1.447406 v DAT_O[4] (out)
                                              1.447406   data arrival time

                                100.000000  100.000000   clock system_clock (rise edge)
                                  0.000000  100.000000   clock network delay (propagated)
                                 -0.500000   99.499992   clock uncertainty
                                  0.000000   99.499992   clock reconvergence pessimism
                                -20.000000   79.499992   output external delay
                                             79.499992   data required time
---------------------------------------------------------------------------------------------
                                             79.499992   data required time
                                             -1.447406   data arrival time
---------------------------------------------------------------------------------------------
                                             78.052589   slack (MET)


Startpoint: _863_ (rising edge-triggered flip-flop clocked by system_clock)
Endpoint: DAT_O[7] (output port clocked by system_clock)
Path Group: system_clock
Path Type: max

Fanout         Cap        Slew       Delay        Time   Description
---------------------------------------------------------------------------------------------
                                  0.000000    0.000000   clock system_clock (rise edge)
                                  0.000000    0.000000   clock source latency
     1    0.036579    0.000000    0.000000    0.000000 ^ CLK_I (in)
                                                         CLK_I (net)
                      0.003417    0.001398    0.001398 ^ clkbuf_0_CLK_I/I (gf180mcu_fd_sc_mcu7t5v0__clkbuf_16)
     8    0.208985    0.167533    0.209877    0.211275 ^ clkbuf_0_CLK_I/Z (gf180mcu_fd_sc_mcu7t5v0__clkbuf_16)
                                                         clknet_0_CLK_I (net)
                      0.167658    0.004964    0.216238 ^ clkbuf_3_7__f_CLK_I/I (gf180mcu_fd_sc_mcu7t5v0__clkbuf_16)
    13    0.062541    0.081634    0.183976    0.400214 ^ clkbuf_3_7__f_CLK_I/Z (gf180mcu_fd_sc_mcu7t5v0__clkbuf_16)
                                                         clknet_3_7__leaf_CLK_I (net)
                      0.081637    0.000873    0.401087 ^ _863_/CLK (gf180mcu_fd_sc_mcu7t5v0__dffq_1)
     2    0.013287    0.121214    0.448023    0.849109 v _863_/Q (gf180mcu_fd_sc_mcu7t5v0__dffq_1)
                                                         net29 (net)
                      0.121214    0.000229    0.849338 v output29/I (gf180mcu_fd_sc_mcu7t5v0__dlyb_1)
     1    0.004996    0.126595    0.596508    1.445846 v output29/Z (gf180mcu_fd_sc_mcu7t5v0__dlyb_1)
                                                         DAT_O[7] (net)
                      0.126595    0.000082    1.445929 v DAT_O[7] (out)
                                              1.445929   data arrival time

                                100.000000  100.000000   clock system_clock (rise edge)
                                  0.000000  100.000000   clock network delay (propagated)
                                 -0.500000   99.499992   clock uncertainty
                                  0.000000   99.499992   clock reconvergence pessimism
                                -20.000000   79.499992   output external delay
                                             79.499992   data required time
---------------------------------------------------------------------------------------------
                                             79.499992   data required time
                                             -1.445929   data arrival time
---------------------------------------------------------------------------------------------
                                             78.054070   slack (MET)


Startpoint: _862_ (rising edge-triggered flip-flop clocked by system_clock)
Endpoint: DAT_O[6] (output port clocked by system_clock)
Path Group: system_clock
Path Type: max

Fanout         Cap        Slew       Delay        Time   Description
---------------------------------------------------------------------------------------------
                                  0.000000    0.000000   clock system_clock (rise edge)
                                  0.000000    0.000000   clock source latency
     1    0.036579    0.000000    0.000000    0.000000 ^ CLK_I (in)
                                                         CLK_I (net)
                      0.003417    0.001398    0.001398 ^ clkbuf_0_CLK_I/I (gf180mcu_fd_sc_mcu7t5v0__clkbuf_16)
     8    0.208985    0.167533    0.209877    0.211275 ^ clkbuf_0_CLK_I/Z (gf180mcu_fd_sc_mcu7t5v0__clkbuf_16)
                                                         clknet_0_CLK_I (net)
                      0.167658    0.004964    0.216238 ^ clkbuf_3_7__f_CLK_I/I (gf180mcu_fd_sc_mcu7t5v0__clkbuf_16)
    13    0.062541    0.081634    0.183976    0.400214 ^ clkbuf_3_7__f_CLK_I/Z (gf180mcu_fd_sc_mcu7t5v0__clkbuf_16)
                                                         clknet_3_7__leaf_CLK_I (net)
                      0.081637    0.000842    0.401056 ^ _862_/CLK (gf180mcu_fd_sc_mcu7t5v0__dffq_1)
     2    0.013129    0.120324    0.447288    0.848344 v _862_/Q (gf180mcu_fd_sc_mcu7t5v0__dffq_1)
                                                         net28 (net)
                      0.120324    0.000169    0.848513 v output28/I (gf180mcu_fd_sc_mcu7t5v0__dlyb_1)
     1    0.002575    0.109601    0.578577    1.427090 v output28/Z (gf180mcu_fd_sc_mcu7t5v0__dlyb_1)
                                                         DAT_O[6] (net)
                      0.109601    0.000029    1.427119 v DAT_O[6] (out)
                                              1.427119   data arrival time

                                100.000000  100.000000   clock system_clock (rise edge)
                                  0.000000  100.000000   clock network delay (propagated)
                                 -0.500000   99.499992   clock uncertainty
                                  0.000000   99.499992   clock reconvergence pessimism
                                -20.000000   79.499992   output external delay
                                             79.499992   data required time
---------------------------------------------------------------------------------------------
                                             79.499992   data required time
                                             -1.427119   data arrival time
---------------------------------------------------------------------------------------------
                                             78.072876   slack (MET)


Startpoint: _817_ (rising edge-triggered flip-flop clocked by system_clock)
Endpoint: i2c_sda_out_pin_ctrl (output port clocked by system_clock)
Path Group: system_clock
Path Type: max

Fanout         Cap        Slew       Delay        Time   Description
---------------------------------------------------------------------------------------------
                                  0.000000    0.000000   clock system_clock (rise edge)
                                  0.000000    0.000000   clock source latency
     1    0.036579    0.000000    0.000000    0.000000 ^ CLK_I (in)
                                                         CLK_I (net)
                      0.003417    0.001398    0.001398 ^ clkbuf_0_CLK_I/I (gf180mcu_fd_sc_mcu7t5v0__clkbuf_16)
     8    0.208985    0.167533    0.209877    0.211275 ^ clkbuf_0_CLK_I/Z (gf180mcu_fd_sc_mcu7t5v0__clkbuf_16)
                                                         clknet_0_CLK_I (net)
                      0.167587    0.003837    0.215112 ^ clkbuf_3_2__f_CLK_I/I (gf180mcu_fd_sc_mcu7t5v0__clkbuf_16)
    14    0.060187    0.080307    0.182842    0.397954 ^ clkbuf_3_2__f_CLK_I/Z (gf180mcu_fd_sc_mcu7t5v0__clkbuf_16)
                                                         clknet_3_2__leaf_CLK_I (net)
                      0.080313    0.001226    0.399181 ^ _817_/CLK (gf180mcu_fd_sc_mcu7t5v0__dffq_1)
     2    0.014772    0.129506    0.454214    0.853395 v _817_/Q (gf180mcu_fd_sc_mcu7t5v0__dffq_1)
                                                         net32 (net)
                      0.129506    0.000449    0.853844 v output32/I (gf180mcu_fd_sc_mcu7t5v0__dlyb_1)
     1    0.001146    0.096601    0.568959    1.422802 v output32/Z (gf180mcu_fd_sc_mcu7t5v0__dlyb_1)
                                                         i2c_sda_out_pin_ctrl (net)
                      0.096601    0.000008    1.422811 v i2c_sda_out_pin_ctrl (out)
                                              1.422811   data arrival time

                                100.000000  100.000000   clock system_clock (rise edge)
                                  0.000000  100.000000   clock network delay (propagated)
                                 -0.500000   99.499992   clock uncertainty
                                  0.000000   99.499992   clock reconvergence pessimism
                                -20.000000   79.499992   output external delay
                                             79.499992   data required time
---------------------------------------------------------------------------------------------
                                             79.499992   data required time
                                             -1.422811   data arrival time
---------------------------------------------------------------------------------------------
                                             78.077179   slack (MET)


Startpoint: _851_ (rising edge-triggered flip-flop clocked by system_clock)
Endpoint: ADDR_O[3] (output port clocked by system_clock)
Path Group: system_clock
Path Type: max

Fanout         Cap        Slew       Delay        Time   Description
---------------------------------------------------------------------------------------------
                                  0.000000    0.000000   clock system_clock (rise edge)
                                  0.000000    0.000000   clock source latency
     1    0.036579    0.000000    0.000000    0.000000 ^ CLK_I (in)
                                                         CLK_I (net)
                      0.003417    0.001398    0.001398 ^ clkbuf_0_CLK_I/I (gf180mcu_fd_sc_mcu7t5v0__clkbuf_16)
     8    0.208985    0.167533    0.209877    0.211275 ^ clkbuf_0_CLK_I/Z (gf180mcu_fd_sc_mcu7t5v0__clkbuf_16)
                                                         clknet_0_CLK_I (net)
                      0.167559    0.003085    0.214359 ^ clkbuf_3_4__f_CLK_I/I (gf180mcu_fd_sc_mcu7t5v0__clkbuf_16)
    10    0.071140    0.086358    0.187504    0.401863 ^ clkbuf_3_4__f_CLK_I/Z (gf180mcu_fd_sc_mcu7t5v0__clkbuf_16)
                                                         clknet_3_4__leaf_CLK_I (net)
                      0.086358    0.000073    0.401935 ^ _851_/CLK (gf180mcu_fd_sc_mcu7t5v0__dffq_1)
     2    0.011185    0.109405    0.439640    0.841575 v _851_/Q (gf180mcu_fd_sc_mcu7t5v0__dffq_1)
                                                         net16 (net)
                      0.109405    0.000166    0.841741 v output16/I (gf180mcu_fd_sc_mcu7t5v0__dlyb_1)
     1    0.001951    0.103903    0.568998    1.410739 v output16/Z (gf180mcu_fd_sc_mcu7t5v0__dlyb_1)
                                                         ADDR_O[3] (net)
                      0.103903    0.000020    1.410759 v ADDR_O[3] (out)
                                              1.410759   data arrival time

                                100.000000  100.000000   clock system_clock (rise edge)
                                  0.000000  100.000000   clock network delay (propagated)
                                 -0.500000   99.499992   clock uncertainty
                                  0.000000   99.499992   clock reconvergence pessimism
                                -20.000000   79.499992   output external delay
                                             79.499992   data required time
---------------------------------------------------------------------------------------------
                                             79.499992   data required time
                                             -1.410759   data arrival time
---------------------------------------------------------------------------------------------
                                             78.089233   slack (MET)


Startpoint: _852_ (rising edge-triggered flip-flop clocked by system_clock)
Endpoint: ADDR_O[4] (output port clocked by system_clock)
Path Group: system_clock
Path Type: max

Fanout         Cap        Slew       Delay        Time   Description
---------------------------------------------------------------------------------------------
                                  0.000000    0.000000   clock system_clock (rise edge)
                                  0.000000    0.000000   clock source latency
     1    0.036579    0.000000    0.000000    0.000000 ^ CLK_I (in)
                                                         CLK_I (net)
                      0.003417    0.001398    0.001398 ^ clkbuf_0_CLK_I/I (gf180mcu_fd_sc_mcu7t5v0__clkbuf_16)
     8    0.208985    0.167533    0.209877    0.211275 ^ clkbuf_0_CLK_I/Z (gf180mcu_fd_sc_mcu7t5v0__clkbuf_16)
                                                         clknet_0_CLK_I (net)
                      0.167554    0.002825    0.214099 ^ clkbuf_3_5__f_CLK_I/I (gf180mcu_fd_sc_mcu7t5v0__clkbuf_16)
    11    0.066350    0.083759    0.185653    0.399752 ^ clkbuf_3_5__f_CLK_I/Z (gf180mcu_fd_sc_mcu7t5v0__clkbuf_16)
                                                         clknet_3_5__leaf_CLK_I (net)
                      0.083760    0.000624    0.400376 ^ _852_/CLK (gf180mcu_fd_sc_mcu7t5v0__dffq_1)
     2    0.011932    0.113584    0.442446    0.842823 v _852_/Q (gf180mcu_fd_sc_mcu7t5v0__dffq_1)
                                                         net17 (net)
                      0.113584    0.000211    0.843033 v output17/I (gf180mcu_fd_sc_mcu7t5v0__dlyb_1)
     1    0.001556    0.100333    0.566928    1.409962 v output17/Z (gf180mcu_fd_sc_mcu7t5v0__dlyb_1)
                                                         ADDR_O[4] (net)
                      0.100333    0.000014    1.409976 v ADDR_O[4] (out)
                                              1.409976   data arrival time

                                100.000000  100.000000   clock system_clock (rise edge)
                                  0.000000  100.000000   clock network delay (propagated)
                                 -0.500000   99.499992   clock uncertainty
                                  0.000000   99.499992   clock reconvergence pessimism
                                -20.000000   79.499992   output external delay
                                             79.499992   data required time
---------------------------------------------------------------------------------------------
                                             79.499992   data required time
                                             -1.409976   data arrival time
---------------------------------------------------------------------------------------------
                                             78.090012   slack (MET)


Startpoint: _855_ (rising edge-triggered flip-flop clocked by system_clock)
Endpoint: ADDR_O[7] (output port clocked by system_clock)
Path Group: system_clock
Path Type: max

Fanout         Cap        Slew       Delay        Time   Description
---------------------------------------------------------------------------------------------
                                  0.000000    0.000000   clock system_clock (rise edge)
                                  0.000000    0.000000   clock source latency
     1    0.036579    0.000000    0.000000    0.000000 ^ CLK_I (in)
                                                         CLK_I (net)
                      0.003417    0.001398    0.001398 ^ clkbuf_0_CLK_I/I (gf180mcu_fd_sc_mcu7t5v0__clkbuf_16)
     8    0.208985    0.167533    0.209877    0.211275 ^ clkbuf_0_CLK_I/Z (gf180mcu_fd_sc_mcu7t5v0__clkbuf_16)
                                                         clknet_0_CLK_I (net)
                      0.167554    0.002825    0.214099 ^ clkbuf_3_5__f_CLK_I/I (gf180mcu_fd_sc_mcu7t5v0__clkbuf_16)
    11    0.066350    0.083759    0.185653    0.399752 ^ clkbuf_3_5__f_CLK_I/Z (gf180mcu_fd_sc_mcu7t5v0__clkbuf_16)
                                                         clknet_3_5__leaf_CLK_I (net)
                      0.083759    0.000476    0.400228 ^ _855_/CLK (gf180mcu_fd_sc_mcu7t5v0__dffq_1)
     2    0.012154    0.114814    0.443407    0.843635 v _855_/Q (gf180mcu_fd_sc_mcu7t5v0__dffq_1)
                                                         net20 (net)
                      0.114814    0.000207    0.843843 v output20/I (gf180mcu_fd_sc_mcu7t5v0__dlyb_1)
     1    0.001417    0.099082    0.566113    1.409956 v output20/Z (gf180mcu_fd_sc_mcu7t5v0__dlyb_1)
                                                         ADDR_O[7] (net)
                      0.099082    0.000013    1.409968 v ADDR_O[7] (out)
                                              1.409968   data arrival time

                                100.000000  100.000000   clock system_clock (rise edge)
                                  0.000000  100.000000   clock network delay (propagated)
                                 -0.500000   99.499992   clock uncertainty
                                  0.000000   99.499992   clock reconvergence pessimism
                                -20.000000   79.499992   output external delay
                                             79.499992   data required time
---------------------------------------------------------------------------------------------
                                             79.499992   data required time
                                             -1.409968   data arrival time
---------------------------------------------------------------------------------------------
                                             78.090027   slack (MET)


Startpoint: _854_ (rising edge-triggered flip-flop clocked by system_clock)
Endpoint: ADDR_O[6] (output port clocked by system_clock)
Path Group: system_clock
Path Type: max

Fanout         Cap        Slew       Delay        Time   Description
---------------------------------------------------------------------------------------------
                                  0.000000    0.000000   clock system_clock (rise edge)
                                  0.000000    0.000000   clock source latency
     1    0.036579    0.000000    0.000000    0.000000 ^ CLK_I (in)
                                                         CLK_I (net)
                      0.003417    0.001398    0.001398 ^ clkbuf_0_CLK_I/I (gf180mcu_fd_sc_mcu7t5v0__clkbuf_16)
     8    0.208985    0.167533    0.209877    0.211275 ^ clkbuf_0_CLK_I/Z (gf180mcu_fd_sc_mcu7t5v0__clkbuf_16)
                                                         clknet_0_CLK_I (net)
                      0.167554    0.002825    0.214099 ^ clkbuf_3_5__f_CLK_I/I (gf180mcu_fd_sc_mcu7t5v0__clkbuf_16)
    11    0.066350    0.083759    0.185653    0.399752 ^ clkbuf_3_5__f_CLK_I/Z (gf180mcu_fd_sc_mcu7t5v0__clkbuf_16)
                                                         clknet_3_5__leaf_CLK_I (net)
                      0.083760    0.000508    0.400260 ^ _854_/CLK (gf180mcu_fd_sc_mcu7t5v0__dffq_1)
     2    0.012187    0.115057    0.443566    0.843827 v _854_/Q (gf180mcu_fd_sc_mcu7t5v0__dffq_1)
                                                         net19 (net)
                      0.115057    0.000196    0.844023 v output19/I (gf180mcu_fd_sc_mcu7t5v0__dlyb_1)
     1    0.000930    0.094637    0.561789    1.405811 v output19/Z (gf180mcu_fd_sc_mcu7t5v0__dlyb_1)
                                                         ADDR_O[6] (net)
                      0.094637    0.000006    1.405818 v ADDR_O[6] (out)
                                              1.405818   data arrival time

                                100.000000  100.000000   clock system_clock (rise edge)
                                  0.000000  100.000000   clock network delay (propagated)
                                 -0.500000   99.499992   clock uncertainty
                                  0.000000   99.499992   clock reconvergence pessimism
                                -20.000000   79.499992   output external delay
                                             79.499992   data required time
---------------------------------------------------------------------------------------------
                                             79.499992   data required time
                                             -1.405818   data arrival time
---------------------------------------------------------------------------------------------
                                             78.094177   slack (MET)


Startpoint: _849_ (rising edge-triggered flip-flop clocked by system_clock)
Endpoint: ADDR_O[1] (output port clocked by system_clock)
Path Group: system_clock
Path Type: max

Fanout         Cap        Slew       Delay        Time   Description
---------------------------------------------------------------------------------------------
                                  0.000000    0.000000   clock system_clock (rise edge)
                                  0.000000    0.000000   clock source latency
     1    0.036579    0.000000    0.000000    0.000000 ^ CLK_I (in)
                                                         CLK_I (net)
                      0.003417    0.001398    0.001398 ^ clkbuf_0_CLK_I/I (gf180mcu_fd_sc_mcu7t5v0__clkbuf_16)
     8    0.208985    0.167533    0.209877    0.211275 ^ clkbuf_0_CLK_I/Z (gf180mcu_fd_sc_mcu7t5v0__clkbuf_16)
                                                         clknet_0_CLK_I (net)
                      0.167559    0.003085    0.214359 ^ clkbuf_3_4__f_CLK_I/I (gf180mcu_fd_sc_mcu7t5v0__clkbuf_16)
    10    0.071140    0.086358    0.187504    0.401863 ^ clkbuf_3_4__f_CLK_I/Z (gf180mcu_fd_sc_mcu7t5v0__clkbuf_16)
                                                         clknet_3_4__leaf_CLK_I (net)
                      0.086361    0.000966    0.402829 ^ _849_/CLK (gf180mcu_fd_sc_mcu7t5v0__dffq_1)
     2    0.010599    0.106136    0.437078    0.839906 v _849_/Q (gf180mcu_fd_sc_mcu7t5v0__dffq_1)
                                                         net14 (net)
                      0.106136    0.000066    0.839972 v output14/I (gf180mcu_fd_sc_mcu7t5v0__dlyb_1)
     1    0.001489    0.099736    0.563636    1.403608 v output14/Z (gf180mcu_fd_sc_mcu7t5v0__dlyb_1)
                                                         ADDR_O[1] (net)
                      0.099736    0.000011    1.403620 v ADDR_O[1] (out)
                                              1.403620   data arrival time

                                100.000000  100.000000   clock system_clock (rise edge)
                                  0.000000  100.000000   clock network delay (propagated)
                                 -0.500000   99.499992   clock uncertainty
                                  0.000000   99.499992   clock reconvergence pessimism
                                -20.000000   79.499992   output external delay
                                             79.499992   data required time
---------------------------------------------------------------------------------------------
                                             79.499992   data required time
                                             -1.403620   data arrival time
---------------------------------------------------------------------------------------------
                                             78.096375   slack (MET)


Startpoint: _853_ (rising edge-triggered flip-flop clocked by system_clock)
Endpoint: ADDR_O[5] (output port clocked by system_clock)
Path Group: system_clock
Path Type: max

Fanout         Cap        Slew       Delay        Time   Description
---------------------------------------------------------------------------------------------
                                  0.000000    0.000000   clock system_clock (rise edge)
                                  0.000000    0.000000   clock source latency
     1    0.036579    0.000000    0.000000    0.000000 ^ CLK_I (in)
                                                         CLK_I (net)
                      0.003417    0.001398    0.001398 ^ clkbuf_0_CLK_I/I (gf180mcu_fd_sc_mcu7t5v0__clkbuf_16)
     8    0.208985    0.167533    0.209877    0.211275 ^ clkbuf_0_CLK_I/Z (gf180mcu_fd_sc_mcu7t5v0__clkbuf_16)
                                                         clknet_0_CLK_I (net)
                      0.167554    0.002825    0.214099 ^ clkbuf_3_5__f_CLK_I/I (gf180mcu_fd_sc_mcu7t5v0__clkbuf_16)
    11    0.066350    0.083759    0.185653    0.399752 ^ clkbuf_3_5__f_CLK_I/Z (gf180mcu_fd_sc_mcu7t5v0__clkbuf_16)
                                                         clknet_3_5__leaf_CLK_I (net)
                      0.083760    0.000520    0.400272 ^ _853_/CLK (gf180mcu_fd_sc_mcu7t5v0__dffq_1)
     2    0.011613    0.111795    0.441033    0.841304 v _853_/Q (gf180mcu_fd_sc_mcu7t5v0__dffq_1)
                                                         net18 (net)
                      0.111795    0.000197    0.841502 v output18/I (gf180mcu_fd_sc_mcu7t5v0__dlyb_1)
     1    0.000946    0.094796    0.560762    1.402264 v output18/Z (gf180mcu_fd_sc_mcu7t5v0__dlyb_1)
                                                         ADDR_O[5] (net)
                      0.094796    0.000007    1.402271 v ADDR_O[5] (out)
                                              1.402271   data arrival time

                                100.000000  100.000000   clock system_clock (rise edge)
                                  0.000000  100.000000   clock network delay (propagated)
                                 -0.500000   99.499992   clock uncertainty
                                  0.000000   99.499992   clock reconvergence pessimism
                                -20.000000   79.499992   output external delay
                                             79.499992   data required time
---------------------------------------------------------------------------------------------
                                             79.499992   data required time
                                             -1.402271   data arrival time
---------------------------------------------------------------------------------------------
                                             78.097725   slack (MET)


Startpoint: _861_ (rising edge-triggered flip-flop clocked by system_clock)
Endpoint: DAT_O[5] (output port clocked by system_clock)
Path Group: system_clock
Path Type: max

Fanout         Cap        Slew       Delay        Time   Description
---------------------------------------------------------------------------------------------
                                  0.000000    0.000000   clock system_clock (rise edge)
                                  0.000000    0.000000   clock source latency
     1    0.036579    0.000000    0.000000    0.000000 ^ CLK_I (in)
                                                         CLK_I (net)
                      0.003417    0.001398    0.001398 ^ clkbuf_0_CLK_I/I (gf180mcu_fd_sc_mcu7t5v0__clkbuf_16)
     8    0.208985    0.167533    0.209877    0.211275 ^ clkbuf_0_CLK_I/Z (gf180mcu_fd_sc_mcu7t5v0__clkbuf_16)
                                                         clknet_0_CLK_I (net)
                      0.167658    0.004964    0.216238 ^ clkbuf_3_7__f_CLK_I/I (gf180mcu_fd_sc_mcu7t5v0__clkbuf_16)
    13    0.062541    0.081634    0.183976    0.400214 ^ clkbuf_3_7__f_CLK_I/Z (gf180mcu_fd_sc_mcu7t5v0__clkbuf_16)
                                                         clknet_3_7__leaf_CLK_I (net)
                      0.081637    0.000803    0.401017 ^ _861_/CLK (gf180mcu_fd_sc_mcu7t5v0__dffq_1)
     2    0.008914    0.096737    0.428751    0.829768 v _861_/Q (gf180mcu_fd_sc_mcu7t5v0__dffq_1)
                                                         net27 (net)
                      0.096737    0.000150    0.829918 v output27/I (gf180mcu_fd_sc_mcu7t5v0__dlyb_1)
     1    0.002795    0.111218    0.571946    1.401864 v output27/Z (gf180mcu_fd_sc_mcu7t5v0__dlyb_1)
                                                         DAT_O[5] (net)
                      0.111218    0.000033    1.401898 v DAT_O[5] (out)
                                              1.401898   data arrival time

                                100.000000  100.000000   clock system_clock (rise edge)
                                  0.000000  100.000000   clock network delay (propagated)
                                 -0.500000   99.499992   clock uncertainty
                                  0.000000   99.499992   clock reconvergence pessimism
                                -20.000000   79.499992   output external delay
                                             79.499992   data required time
---------------------------------------------------------------------------------------------
                                             79.499992   data required time
                                             -1.401898   data arrival time
---------------------------------------------------------------------------------------------
                                             78.098091   slack (MET)


Startpoint: _859_ (rising edge-triggered flip-flop clocked by system_clock)
Endpoint: DAT_O[3] (output port clocked by system_clock)
Path Group: system_clock
Path Type: max

Fanout         Cap        Slew       Delay        Time   Description
---------------------------------------------------------------------------------------------
                                  0.000000    0.000000   clock system_clock (rise edge)
                                  0.000000    0.000000   clock source latency
     1    0.036579    0.000000    0.000000    0.000000 ^ CLK_I (in)
                                                         CLK_I (net)
                      0.003417    0.001398    0.001398 ^ clkbuf_0_CLK_I/I (gf180mcu_fd_sc_mcu7t5v0__clkbuf_16)
     8    0.208985    0.167533    0.209877    0.211275 ^ clkbuf_0_CLK_I/Z (gf180mcu_fd_sc_mcu7t5v0__clkbuf_16)
                                                         clknet_0_CLK_I (net)
                      0.167658    0.004964    0.216238 ^ clkbuf_3_7__f_CLK_I/I (gf180mcu_fd_sc_mcu7t5v0__clkbuf_16)
    13    0.062541    0.081634    0.183976    0.400214 ^ clkbuf_3_7__f_CLK_I/Z (gf180mcu_fd_sc_mcu7t5v0__clkbuf_16)
                                                         clknet_3_7__leaf_CLK_I (net)
                      0.081635    0.000344    0.400558 ^ _859_/CLK (gf180mcu_fd_sc_mcu7t5v0__dffq_1)
     2    0.010132    0.103530    0.434112    0.834670 v _859_/Q (gf180mcu_fd_sc_mcu7t5v0__dffq_1)
                                                         net25 (net)
                      0.103530    0.000142    0.834813 v output25/I (gf180mcu_fd_sc_mcu7t5v0__dlyb_1)
     1    0.001615    0.100862    0.563836    1.398649 v output25/Z (gf180mcu_fd_sc_mcu7t5v0__dlyb_1)
                                                         DAT_O[3] (net)
                      0.100862    0.000013    1.398662 v DAT_O[3] (out)
                                              1.398662   data arrival time

                                100.000000  100.000000   clock system_clock (rise edge)
                                  0.000000  100.000000   clock network delay (propagated)
                                 -0.500000   99.499992   clock uncertainty
                                  0.000000   99.499992   clock reconvergence pessimism
                                -20.000000   79.499992   output external delay
                                             79.499992   data required time
---------------------------------------------------------------------------------------------
                                             79.499992   data required time
                                             -1.398662   data arrival time
---------------------------------------------------------------------------------------------
                                             78.101334   slack (MET)


Startpoint: _848_ (rising edge-triggered flip-flop clocked by system_clock)
Endpoint: ADDR_O[0] (output port clocked by system_clock)
Path Group: system_clock
Path Type: max

Fanout         Cap        Slew       Delay        Time   Description
---------------------------------------------------------------------------------------------
                                  0.000000    0.000000   clock system_clock (rise edge)
                                  0.000000    0.000000   clock source latency
     1    0.036579    0.000000    0.000000    0.000000 ^ CLK_I (in)
                                                         CLK_I (net)
                      0.003417    0.001398    0.001398 ^ clkbuf_0_CLK_I/I (gf180mcu_fd_sc_mcu7t5v0__clkbuf_16)
     8    0.208985    0.167533    0.209877    0.211275 ^ clkbuf_0_CLK_I/Z (gf180mcu_fd_sc_mcu7t5v0__clkbuf_16)
                                                         clknet_0_CLK_I (net)
                      0.167559    0.003085    0.214359 ^ clkbuf_3_4__f_CLK_I/I (gf180mcu_fd_sc_mcu7t5v0__clkbuf_16)
    10    0.071140    0.086358    0.187504    0.401863 ^ clkbuf_3_4__f_CLK_I/Z (gf180mcu_fd_sc_mcu7t5v0__clkbuf_16)
                                                         clknet_3_4__leaf_CLK_I (net)
                      0.086362    0.001080    0.402943 ^ _848_/CLK (gf180mcu_fd_sc_mcu7t5v0__dffq_1)
     2    0.006250    0.081270    0.416292    0.819235 v _848_/Q (gf180mcu_fd_sc_mcu7t5v0__dffq_1)
                                                         net13 (net)
                      0.081270    0.000103    0.819337 v output13/I (gf180mcu_fd_sc_mcu7t5v0__dlyb_1)
     1    0.002946    0.112269    0.568323    1.387661 v output13/Z (gf180mcu_fd_sc_mcu7t5v0__dlyb_1)
                                                         ADDR_O[0] (net)
                      0.112269    0.000032    1.387692 v ADDR_O[0] (out)
                                              1.387692   data arrival time

                                100.000000  100.000000   clock system_clock (rise edge)
                                  0.000000  100.000000   clock network delay (propagated)
                                 -0.500000   99.499992   clock uncertainty
                                  0.000000   99.499992   clock reconvergence pessimism
                                -20.000000   79.499992   output external delay
                                             79.499992   data required time
---------------------------------------------------------------------------------------------
                                             79.499992   data required time
                                             -1.387692   data arrival time
---------------------------------------------------------------------------------------------
                                             78.112305   slack (MET)


Startpoint: _865_ (rising edge-triggered flip-flop clocked by system_clock)
Endpoint: WE_O (output port clocked by system_clock)
Path Group: system_clock
Path Type: max

Fanout         Cap        Slew       Delay        Time   Description
---------------------------------------------------------------------------------------------
                                  0.000000    0.000000   clock system_clock (rise edge)
                                  0.000000    0.000000   clock source latency
     1    0.036579    0.000000    0.000000    0.000000 ^ CLK_I (in)
                                                         CLK_I (net)
                      0.003417    0.001398    0.001398 ^ clkbuf_0_CLK_I/I (gf180mcu_fd_sc_mcu7t5v0__clkbuf_16)
     8    0.208985    0.167533    0.209877    0.211275 ^ clkbuf_0_CLK_I/Z (gf180mcu_fd_sc_mcu7t5v0__clkbuf_16)
                                                         clknet_0_CLK_I (net)
                      0.167658    0.004964    0.216238 ^ clkbuf_3_7__f_CLK_I/I (gf180mcu_fd_sc_mcu7t5v0__clkbuf_16)
    13    0.062541    0.081634    0.183976    0.400214 ^ clkbuf_3_7__f_CLK_I/Z (gf180mcu_fd_sc_mcu7t5v0__clkbuf_16)
                                                         clknet_3_7__leaf_CLK_I (net)
                      0.081638    0.000966    0.401180 ^ _865_/CLK (gf180mcu_fd_sc_mcu7t5v0__dffq_1)
     2    0.008845    0.096354    0.428453    0.829633 v _865_/Q (gf180mcu_fd_sc_mcu7t5v0__dffq_1)
                                                         net31 (net)
                      0.096354    0.000128    0.829761 v output31/I (gf180mcu_fd_sc_mcu7t5v0__dlyb_1)
     1    0.001110    0.096317    0.556906    1.386667 v output31/Z (gf180mcu_fd_sc_mcu7t5v0__dlyb_1)
                                                         WE_O (net)
                      0.096317    0.000008    1.386675 v WE_O (out)
                                              1.386675   data arrival time

                                100.000000  100.000000   clock system_clock (rise edge)
                                  0.000000  100.000000   clock network delay (propagated)
                                 -0.500000   99.499992   clock uncertainty
                                  0.000000   99.499992   clock reconvergence pessimism
                                -20.000000   79.499992   output external delay
                                             79.499992   data required time
---------------------------------------------------------------------------------------------
                                             79.499992   data required time
                                             -1.386675   data arrival time
---------------------------------------------------------------------------------------------
                                             78.113319   slack (MET)


Startpoint: _858_ (rising edge-triggered flip-flop clocked by system_clock)
Endpoint: DAT_O[2] (output port clocked by system_clock)
Path Group: system_clock
Path Type: max

Fanout         Cap        Slew       Delay        Time   Description
---------------------------------------------------------------------------------------------
                                  0.000000    0.000000   clock system_clock (rise edge)
                                  0.000000    0.000000   clock source latency
     1    0.036579    0.000000    0.000000    0.000000 ^ CLK_I (in)
                                                         CLK_I (net)
                      0.003417    0.001398    0.001398 ^ clkbuf_0_CLK_I/I (gf180mcu_fd_sc_mcu7t5v0__clkbuf_16)
     8    0.208985    0.167533    0.209877    0.211275 ^ clkbuf_0_CLK_I/Z (gf180mcu_fd_sc_mcu7t5v0__clkbuf_16)
                                                         clknet_0_CLK_I (net)
                      0.167658    0.004964    0.216238 ^ clkbuf_3_7__f_CLK_I/I (gf180mcu_fd_sc_mcu7t5v0__clkbuf_16)
    13    0.062541    0.081634    0.183976    0.400214 ^ clkbuf_3_7__f_CLK_I/Z (gf180mcu_fd_sc_mcu7t5v0__clkbuf_16)
                                                         clknet_3_7__leaf_CLK_I (net)
                      0.081635    0.000367    0.400581 ^ _858_/CLK (gf180mcu_fd_sc_mcu7t5v0__dffq_1)
     2    0.008421    0.093984    0.426566    0.827147 v _858_/Q (gf180mcu_fd_sc_mcu7t5v0__dffq_1)
                                                         net24 (net)
                      0.093984    0.000145    0.827293 v output24/I (gf180mcu_fd_sc_mcu7t5v0__dlyb_1)
     1    0.001203    0.097158    0.557025    1.384318 v output24/Z (gf180mcu_fd_sc_mcu7t5v0__dlyb_1)
                                                         DAT_O[2] (net)
                      0.097158    0.000008    1.384326 v DAT_O[2] (out)
                                              1.384326   data arrival time

                                100.000000  100.000000   clock system_clock (rise edge)
                                  0.000000  100.000000   clock network delay (propagated)
                                 -0.500000   99.499992   clock uncertainty
                                  0.000000   99.499992   clock reconvergence pessimism
                                -20.000000   79.499992   output external delay
                                             79.499992   data required time
---------------------------------------------------------------------------------------------
                                             79.499992   data required time
                                             -1.384326   data arrival time
---------------------------------------------------------------------------------------------
                                             78.115662   slack (MET)


Startpoint: _857_ (rising edge-triggered flip-flop clocked by system_clock)
Endpoint: DAT_O[1] (output port clocked by system_clock)
Path Group: system_clock
Path Type: max

Fanout         Cap        Slew       Delay        Time   Description
---------------------------------------------------------------------------------------------
                                  0.000000    0.000000   clock system_clock (rise edge)
                                  0.000000    0.000000   clock source latency
     1    0.036579    0.000000    0.000000    0.000000 ^ CLK_I (in)
                                                         CLK_I (net)
                      0.003417    0.001398    0.001398 ^ clkbuf_0_CLK_I/I (gf180mcu_fd_sc_mcu7t5v0__clkbuf_16)
     8    0.208985    0.167533    0.209877    0.211275 ^ clkbuf_0_CLK_I/Z (gf180mcu_fd_sc_mcu7t5v0__clkbuf_16)
                                                         clknet_0_CLK_I (net)
                      0.167658    0.004964    0.216238 ^ clkbuf_3_7__f_CLK_I/I (gf180mcu_fd_sc_mcu7t5v0__clkbuf_16)
    13    0.062541    0.081634    0.183976    0.400214 ^ clkbuf_3_7__f_CLK_I/Z (gf180mcu_fd_sc_mcu7t5v0__clkbuf_16)
                                                         clknet_3_7__leaf_CLK_I (net)
                      0.081635    0.000404    0.400618 ^ _857_/CLK (gf180mcu_fd_sc_mcu7t5v0__dffq_1)
     2    0.007156    0.086345    0.420154    0.820772 v _857_/Q (gf180mcu_fd_sc_mcu7t5v0__dffq_1)
                                                         net23 (net)
                      0.086345    0.000086    0.820858 v output23/I (gf180mcu_fd_sc_mcu7t5v0__dlyb_1)
     1    0.001117    0.096381    0.553938    1.374796 v output23/Z (gf180mcu_fd_sc_mcu7t5v0__dlyb_1)
                                                         DAT_O[1] (net)
                      0.096381    0.000009    1.374804 v DAT_O[1] (out)
                                              1.374804   data arrival time

                                100.000000  100.000000   clock system_clock (rise edge)
                                  0.000000  100.000000   clock network delay (propagated)
                                 -0.500000   99.499992   clock uncertainty
                                  0.000000   99.499992   clock reconvergence pessimism
                                -20.000000   79.499992   output external delay
                                             79.499992   data required time
---------------------------------------------------------------------------------------------
                                             79.499992   data required time
                                             -1.374804   data arrival time
---------------------------------------------------------------------------------------------
                                             78.125183   slack (MET)


Startpoint: _856_ (rising edge-triggered flip-flop clocked by system_clock)
Endpoint: DAT_O[0] (output port clocked by system_clock)
Path Group: system_clock
Path Type: max

Fanout         Cap        Slew       Delay        Time   Description
---------------------------------------------------------------------------------------------
                                  0.000000    0.000000   clock system_clock (rise edge)
                                  0.000000    0.000000   clock source latency
     1    0.036579    0.000000    0.000000    0.000000 ^ CLK_I (in)
                                                         CLK_I (net)
                      0.003417    0.001398    0.001398 ^ clkbuf_0_CLK_I/I (gf180mcu_fd_sc_mcu7t5v0__clkbuf_16)
     8    0.208985    0.167533    0.209877    0.211275 ^ clkbuf_0_CLK_I/Z (gf180mcu_fd_sc_mcu7t5v0__clkbuf_16)
                                                         clknet_0_CLK_I (net)
                      0.167554    0.002825    0.214099 ^ clkbuf_3_5__f_CLK_I/I (gf180mcu_fd_sc_mcu7t5v0__clkbuf_16)
    11    0.066350    0.083759    0.185653    0.399752 ^ clkbuf_3_5__f_CLK_I/Z (gf180mcu_fd_sc_mcu7t5v0__clkbuf_16)
                                                         clknet_3_5__leaf_CLK_I (net)
                      0.083759    0.000467    0.400219 ^ _856_/CLK (gf180mcu_fd_sc_mcu7t5v0__dffq_1)
     2    0.007044    0.085709    0.419968    0.820187 v _856_/Q (gf180mcu_fd_sc_mcu7t5v0__dffq_1)
                                                         net22 (net)
                      0.085709    0.000049    0.820237 v output22/I (gf180mcu_fd_sc_mcu7t5v0__dlyb_1)
     1    0.000671    0.092286    0.549710    1.369947 v output22/Z (gf180mcu_fd_sc_mcu7t5v0__dlyb_1)
                                                         DAT_O[0] (net)
                      0.092286    0.000004    1.369951 v DAT_O[0] (out)
                                              1.369951   data arrival time

                                100.000000  100.000000   clock system_clock (rise edge)
                                  0.000000  100.000000   clock network delay (propagated)
                                 -0.500000   99.499992   clock uncertainty
                                  0.000000   99.499992   clock reconvergence pessimism
                                -20.000000   79.499992   output external delay
                                             79.499992   data required time
---------------------------------------------------------------------------------------------
                                             79.499992   data required time
                                             -1.369951   data arrival time
---------------------------------------------------------------------------------------------
                                             78.130043   slack (MET)


Startpoint: i2c_sda_in (input port clocked by system_clock)
Endpoint: _900_ (rising edge-triggered flip-flop clocked by system_clock)
Path Group: system_clock
Path Type: max

Fanout         Cap        Slew       Delay        Time   Description
---------------------------------------------------------------------------------------------
                                  0.000000    0.000000   clock system_clock (rise edge)
                                  0.000000    0.000000   clock network delay (propagated)
                                 20.000000   20.000000 v input external delay
     1    0.003724    0.000000    0.000000   20.000000 v i2c_sda_in (in)
                                                         i2c_sda_in (net)
                      0.000067    0.000027   20.000027 v input12/I (gf180mcu_fd_sc_mcu7t5v0__dlyb_1)
     1    0.003791    0.118784    0.553525   20.553553 v input12/Z (gf180mcu_fd_sc_mcu7t5v0__dlyb_1)
                                                         net12 (net)
                      0.118784    0.000041   20.553593 v _900_/D (gf180mcu_fd_sc_mcu7t5v0__dffq_1)
                                             20.553593   data arrival time

                                100.000000  100.000000   clock system_clock (rise edge)
                                  0.000000  100.000000   clock source latency
     1    0.036579    0.000000    0.000000  100.000000 ^ CLK_I (in)
                                                         CLK_I (net)
                      0.003417    0.001400  100.001396 ^ clkbuf_0_CLK_I/I (gf180mcu_fd_sc_mcu7t5v0__clkbuf_16)
     8    0.208985    0.167533    0.209873  100.211273 ^ clkbuf_0_CLK_I/Z (gf180mcu_fd_sc_mcu7t5v0__clkbuf_16)
                                                         clknet_0_CLK_I (net)
                      0.167582    0.003752  100.215019 ^ clkbuf_3_0__f_CLK_I/I (gf180mcu_fd_sc_mcu7t5v0__clkbuf_16)
     9    0.058017    0.079128    0.182013  100.397034 ^ clkbuf_3_0__f_CLK_I/Z (gf180mcu_fd_sc_mcu7t5v0__clkbuf_16)
                                                         clknet_3_0__leaf_CLK_I (net)
                      0.079132    0.001044  100.398079 ^ _900_/CLK (gf180mcu_fd_sc_mcu7t5v0__dffq_1)
                                 -0.500000   99.898079   clock uncertainty
                                  0.000000   99.898079   clock reconvergence pessimism
                                 -0.141463   99.756615   library setup time
                                             99.756615   data required time
---------------------------------------------------------------------------------------------
                                             99.756615   data required time
                                            -20.553593   data arrival time
---------------------------------------------------------------------------------------------
                                             79.203018   slack (MET)


Startpoint: i2c_scl_in (input port clocked by system_clock)
Endpoint: _898_ (rising edge-triggered flip-flop clocked by system_clock)
Path Group: system_clock
Path Type: max

Fanout         Cap        Slew       Delay        Time   Description
---------------------------------------------------------------------------------------------
                                  0.000000    0.000000   clock system_clock (rise edge)
                                  0.000000    0.000000   clock network delay (propagated)
                                 20.000000   20.000000 v input external delay
     1    0.004503    0.000000    0.000000   20.000000 v i2c_scl_in (in)
                                                         i2c_scl_in (net)
                      0.000090    0.000037   20.000038 v input11/I (gf180mcu_fd_sc_mcu7t5v0__dlyb_1)
     1    0.003387    0.116016    0.550601   20.550638 v input11/Z (gf180mcu_fd_sc_mcu7t5v0__dlyb_1)
                                                         net11 (net)
                      0.116016    0.000060   20.550699 v _898_/D (gf180mcu_fd_sc_mcu7t5v0__dffq_1)
                                             20.550699   data arrival time

                                100.000000  100.000000   clock system_clock (rise edge)
                                  0.000000  100.000000   clock source latency
     1    0.036579    0.000000    0.000000  100.000000 ^ CLK_I (in)
                                                         CLK_I (net)
                      0.003417    0.001400  100.001396 ^ clkbuf_0_CLK_I/I (gf180mcu_fd_sc_mcu7t5v0__clkbuf_16)
     8    0.208985    0.167533    0.209873  100.211273 ^ clkbuf_0_CLK_I/Z (gf180mcu_fd_sc_mcu7t5v0__clkbuf_16)
                                                         clknet_0_CLK_I (net)
                      0.167587    0.003837  100.215103 ^ clkbuf_3_2__f_CLK_I/I (gf180mcu_fd_sc_mcu7t5v0__clkbuf_16)
    14    0.060187    0.080307    0.182844  100.397949 ^ clkbuf_3_2__f_CLK_I/Z (gf180mcu_fd_sc_mcu7t5v0__clkbuf_16)
                                                         clknet_3_2__leaf_CLK_I (net)
                      0.080309    0.000803  100.398750 ^ _898_/CLK (gf180mcu_fd_sc_mcu7t5v0__dffq_1)
                                 -0.500000   99.898750   clock uncertainty
                                  0.000000   99.898750   clock reconvergence pessimism
                                 -0.140354   99.758400   library setup time
                                             99.758400   data required time
---------------------------------------------------------------------------------------------
                                             99.758400   data required time
                                            -20.550699   data arrival time
---------------------------------------------------------------------------------------------
                                             79.207695   slack (MET)


Startpoint: _846_ (rising edge-triggered flip-flop clocked by system_clock)
Endpoint: _897_ (rising edge-triggered flip-flop clocked by system_clock)
Path Group: system_clock
Path Type: max

Fanout         Cap        Slew       Delay        Time   Description
---------------------------------------------------------------------------------------------
                                  0.000000    0.000000   clock system_clock (rise edge)
                                  0.000000    0.000000   clock source latency
     1    0.036579    0.000000    0.000000    0.000000 ^ CLK_I (in)
                                                         CLK_I (net)
                      0.003417    0.001398    0.001398 ^ clkbuf_0_CLK_I/I (gf180mcu_fd_sc_mcu7t5v0__clkbuf_16)
     8    0.208985    0.167533    0.209877    0.211275 ^ clkbuf_0_CLK_I/Z (gf180mcu_fd_sc_mcu7t5v0__clkbuf_16)
                                                         clknet_0_CLK_I (net)
                      0.167587    0.003837    0.215112 ^ clkbuf_3_2__f_CLK_I/I (gf180mcu_fd_sc_mcu7t5v0__clkbuf_16)
    14    0.060187    0.080307    0.182842    0.397954 ^ clkbuf_3_2__f_CLK_I/Z (gf180mcu_fd_sc_mcu7t5v0__clkbuf_16)
                                                         clknet_3_2__leaf_CLK_I (net)
                      0.080312    0.001090    0.399044 ^ _846_/CLK (gf180mcu_fd_sc_mcu7t5v0__dffq_1)
     1    0.004450    0.071292    0.405759    0.804803 v _846_/Q (gf180mcu_fd_sc_mcu7t5v0__dffq_1)
                                                         previous_state (net)
                      0.071292    0.000087    0.804890 v hold39/I (gf180mcu_fd_sc_mcu7t5v0__dlyc_1)
     2    0.010868    0.168148    1.017697    1.822587 v hold39/Z (gf180mcu_fd_sc_mcu7t5v0__dlyc_1)
                                                         net39 (net)
                      0.168149    0.000214    1.822801 v _439_/A2 (gf180mcu_fd_sc_mcu7t5v0__and2_1)
     1    0.003527    0.071292    0.189511    2.012311 v _439_/Z (gf180mcu_fd_sc_mcu7t5v0__and2_1)
                                                         _000_ (net)
                      0.071292    0.000037    2.012348 v _897_/D (gf180mcu_fd_sc_mcu7t5v0__dffq_1)
                                              2.012348   data arrival time

                                100.000000  100.000000   clock system_clock (rise edge)
                                  0.000000  100.000000   clock source latency
     1    0.036579    0.000000    0.000000  100.000000 ^ CLK_I (in)
                                                         CLK_I (net)
                      0.003417    0.001400  100.001396 ^ clkbuf_0_CLK_I/I (gf180mcu_fd_sc_mcu7t5v0__clkbuf_16)
     8    0.208985    0.167533    0.209873  100.211273 ^ clkbuf_0_CLK_I/Z (gf180mcu_fd_sc_mcu7t5v0__clkbuf_16)
                                                         clknet_0_CLK_I (net)
                      0.167587    0.003837  100.215103 ^ clkbuf_3_2__f_CLK_I/I (gf180mcu_fd_sc_mcu7t5v0__clkbuf_16)
    14    0.060187    0.080307    0.182844  100.397949 ^ clkbuf_3_2__f_CLK_I/Z (gf180mcu_fd_sc_mcu7t5v0__clkbuf_16)
                                                         clknet_3_2__leaf_CLK_I (net)
                      0.080312    0.001158  100.399109 ^ _897_/CLK (gf180mcu_fd_sc_mcu7t5v0__dffq_1)
                                 -0.500000   99.899109   clock uncertainty
                                  0.000000   99.899109   clock reconvergence pessimism
                                 -0.126945   99.772163   library setup time
                                             99.772163   data required time
---------------------------------------------------------------------------------------------
                                             99.772163   data required time
                                             -2.012348   data arrival time
---------------------------------------------------------------------------------------------
                                             97.759811   slack (MET)


Startpoint: _846_ (rising edge-triggered flip-flop clocked by system_clock)
Endpoint: _896_ (rising edge-triggered flip-flop clocked by system_clock)
Path Group: system_clock
Path Type: max

Fanout         Cap        Slew       Delay        Time   Description
---------------------------------------------------------------------------------------------
                                  0.000000    0.000000   clock system_clock (rise edge)
                                  0.000000    0.000000   clock source latency
     1    0.036579    0.000000    0.000000    0.000000 ^ CLK_I (in)
                                                         CLK_I (net)
                      0.003417    0.001398    0.001398 ^ clkbuf_0_CLK_I/I (gf180mcu_fd_sc_mcu7t5v0__clkbuf_16)
     8    0.208985    0.167533    0.209877    0.211275 ^ clkbuf_0_CLK_I/Z (gf180mcu_fd_sc_mcu7t5v0__clkbuf_16)
                                                         clknet_0_CLK_I (net)
                      0.167587    0.003837    0.215112 ^ clkbuf_3_2__f_CLK_I/I (gf180mcu_fd_sc_mcu7t5v0__clkbuf_16)
    14    0.060187    0.080307    0.182842    0.397954 ^ clkbuf_3_2__f_CLK_I/Z (gf180mcu_fd_sc_mcu7t5v0__clkbuf_16)
                                                         clknet_3_2__leaf_CLK_I (net)
                      0.080312    0.001090    0.399044 ^ _846_/CLK (gf180mcu_fd_sc_mcu7t5v0__dffq_1)
     1    0.004450    0.071292    0.405759    0.804803 v _846_/Q (gf180mcu_fd_sc_mcu7t5v0__dffq_1)
                                                         previous_state (net)
                      0.071292    0.000087    0.804890 v hold39/I (gf180mcu_fd_sc_mcu7t5v0__dlyc_1)
     2    0.010868    0.168148    1.017697    1.822587 v hold39/Z (gf180mcu_fd_sc_mcu7t5v0__dlyc_1)
                                                         net39 (net)
                      0.168148    0.000196    1.822783 v _438_/A2 (gf180mcu_fd_sc_mcu7t5v0__nor2_1)
     1    0.003612    0.155064    0.123783    1.946566 ^ _438_/ZN (gf180mcu_fd_sc_mcu7t5v0__nor2_1)
                                                         _001_ (net)
                      0.155064    0.000040    1.946606 ^ _896_/D (gf180mcu_fd_sc_mcu7t5v0__dffq_1)
                                              1.946606   data arrival time

                                100.000000  100.000000   clock system_clock (rise edge)
                                  0.000000  100.000000   clock source latency
     1    0.036579    0.000000    0.000000  100.000000 ^ CLK_I (in)
                                                         CLK_I (net)
                      0.003417    0.001400  100.001396 ^ clkbuf_0_CLK_I/I (gf180mcu_fd_sc_mcu7t5v0__clkbuf_16)
     8    0.208985    0.167533    0.209873  100.211273 ^ clkbuf_0_CLK_I/Z (gf180mcu_fd_sc_mcu7t5v0__clkbuf_16)
                                                         clknet_0_CLK_I (net)
                      0.167587    0.003837  100.215103 ^ clkbuf_3_2__f_CLK_I/I (gf180mcu_fd_sc_mcu7t5v0__clkbuf_16)
    14    0.060187    0.080307    0.182844  100.397949 ^ clkbuf_3_2__f_CLK_I/Z (gf180mcu_fd_sc_mcu7t5v0__clkbuf_16)
                                                         clknet_3_2__leaf_CLK_I (net)
                      0.080312    0.001151  100.399101 ^ _896_/CLK (gf180mcu_fd_sc_mcu7t5v0__dffq_1)
                                 -0.500000   99.899101   clock uncertainty
                                  0.000000   99.899101   clock reconvergence pessimism
                                 -0.133133   99.765968   library setup time
                                             99.765968   data required time
---------------------------------------------------------------------------------------------
                                             99.765968   data required time
                                             -1.946606   data arrival time
---------------------------------------------------------------------------------------------
                                             97.819359   slack (MET)


Startpoint: _900_ (rising edge-triggered flip-flop clocked by system_clock)
Endpoint: _901_ (rising edge-triggered flip-flop clocked by system_clock)
Path Group: system_clock
Path Type: max

Fanout         Cap        Slew       Delay        Time   Description
---------------------------------------------------------------------------------------------
                                  0.000000    0.000000   clock system_clock (rise edge)
                                  0.000000    0.000000   clock source latency
     1    0.036579    0.000000    0.000000    0.000000 ^ CLK_I (in)
                                                         CLK_I (net)
                      0.003417    0.001398    0.001398 ^ clkbuf_0_CLK_I/I (gf180mcu_fd_sc_mcu7t5v0__clkbuf_16)
     8    0.208985    0.167533    0.209877    0.211275 ^ clkbuf_0_CLK_I/Z (gf180mcu_fd_sc_mcu7t5v0__clkbuf_16)
                                                         clknet_0_CLK_I (net)
                      0.167582    0.003747    0.215022 ^ clkbuf_3_0__f_CLK_I/I (gf180mcu_fd_sc_mcu7t5v0__clkbuf_16)
     9    0.058017    0.079128    0.182017    0.397039 ^ clkbuf_3_0__f_CLK_I/Z (gf180mcu_fd_sc_mcu7t5v0__clkbuf_16)
                                                         clknet_3_0__leaf_CLK_I (net)
                      0.079132    0.001043    0.398082 ^ _900_/CLK (gf180mcu_fd_sc_mcu7t5v0__dffq_1)
     1    0.004379    0.070904    0.405169    0.803250 v _900_/Q (gf180mcu_fd_sc_mcu7t5v0__dffq_1)
                                                         sda_synchroniser_internal[0] (net)
                      0.070904    0.000085    0.803335 v hold38/I (gf180mcu_fd_sc_mcu7t5v0__dlyc_1)
     1    0.003839    0.121088    0.970187    1.773522 v hold38/Z (gf180mcu_fd_sc_mcu7t5v0__dlyc_1)
                                                         net38 (net)
                      0.121088    0.000072    1.773594 v _901_/D (gf180mcu_fd_sc_mcu7t5v0__dffq_1)
                                              1.773594   data arrival time

                                100.000000  100.000000   clock system_clock (rise edge)
                                  0.000000  100.000000   clock source latency
     1    0.036579    0.000000    0.000000  100.000000 ^ CLK_I (in)
                                                         CLK_I (net)
                      0.003417    0.001400  100.001396 ^ clkbuf_0_CLK_I/I (gf180mcu_fd_sc_mcu7t5v0__clkbuf_16)
     8    0.208985    0.167533    0.209873  100.211273 ^ clkbuf_0_CLK_I/Z (gf180mcu_fd_sc_mcu7t5v0__clkbuf_16)
                                                         clknet_0_CLK_I (net)
                      0.167582    0.003752  100.215019 ^ clkbuf_3_0__f_CLK_I/I (gf180mcu_fd_sc_mcu7t5v0__clkbuf_16)
     9    0.058017    0.079128    0.182013  100.397034 ^ clkbuf_3_0__f_CLK_I/Z (gf180mcu_fd_sc_mcu7t5v0__clkbuf_16)
                                                         clknet_3_0__leaf_CLK_I (net)
                      0.079131    0.000966  100.398003 ^ _901_/CLK (gf180mcu_fd_sc_mcu7t5v0__dffq_1)
                                 -0.500000   99.897995   clock uncertainty
                                  0.000000   99.897995   clock reconvergence pessimism
                                 -0.142163   99.755836   library setup time
                                             99.755836   data required time
---------------------------------------------------------------------------------------------
                                             99.755836   data required time
                                             -1.773594   data arrival time
---------------------------------------------------------------------------------------------
                                             97.982239   slack (MET)


Startpoint: _898_ (rising edge-triggered flip-flop clocked by system_clock)
Endpoint: _899_ (rising edge-triggered flip-flop clocked by system_clock)
Path Group: system_clock
Path Type: max

Fanout         Cap        Slew       Delay        Time   Description
---------------------------------------------------------------------------------------------
                                  0.000000    0.000000   clock system_clock (rise edge)
                                  0.000000    0.000000   clock source latency
     1    0.036579    0.000000    0.000000    0.000000 ^ CLK_I (in)
                                                         CLK_I (net)
                      0.003417    0.001398    0.001398 ^ clkbuf_0_CLK_I/I (gf180mcu_fd_sc_mcu7t5v0__clkbuf_16)
     8    0.208985    0.167533    0.209877    0.211275 ^ clkbuf_0_CLK_I/Z (gf180mcu_fd_sc_mcu7t5v0__clkbuf_16)
                                                         clknet_0_CLK_I (net)
                      0.167587    0.003837    0.215112 ^ clkbuf_3_2__f_CLK_I/I (gf180mcu_fd_sc_mcu7t5v0__clkbuf_16)
    14    0.060187    0.080307    0.182842    0.397954 ^ clkbuf_3_2__f_CLK_I/Z (gf180mcu_fd_sc_mcu7t5v0__clkbuf_16)
                                                         clknet_3_2__leaf_CLK_I (net)
                      0.080309    0.000806    0.398760 ^ _898_/CLK (gf180mcu_fd_sc_mcu7t5v0__dffq_1)
     1    0.004153    0.069645    0.404214    0.802974 v _898_/Q (gf180mcu_fd_sc_mcu7t5v0__dffq_1)
                                                         scl_synchroniser_internal[0] (net)
                      0.069646    0.000078    0.803052 v hold37/I (gf180mcu_fd_sc_mcu7t5v0__dlyc_1)
     1    0.003099    0.115844    0.964379    1.767432 v hold37/Z (gf180mcu_fd_sc_mcu7t5v0__dlyc_1)
                                                         net37 (net)
                      0.115844    0.000030    1.767462 v _899_/D (gf180mcu_fd_sc_mcu7t5v0__dffq_1)
                                              1.767462   data arrival time

                                100.000000  100.000000   clock system_clock (rise edge)
                                  0.000000  100.000000   clock source latency
     1    0.036579    0.000000    0.000000  100.000000 ^ CLK_I (in)
                                                         CLK_I (net)
                      0.003417    0.001400  100.001396 ^ clkbuf_0_CLK_I/I (gf180mcu_fd_sc_mcu7t5v0__clkbuf_16)
     8    0.208985    0.167533    0.209873  100.211273 ^ clkbuf_0_CLK_I/Z (gf180mcu_fd_sc_mcu7t5v0__clkbuf_16)
                                                         clknet_0_CLK_I (net)
                      0.167587    0.003837  100.215103 ^ clkbuf_3_2__f_CLK_I/I (gf180mcu_fd_sc_mcu7t5v0__clkbuf_16)
    14    0.060187    0.080307    0.182844  100.397949 ^ clkbuf_3_2__f_CLK_I/Z (gf180mcu_fd_sc_mcu7t5v0__clkbuf_16)
                                                         clknet_3_2__leaf_CLK_I (net)
                      0.080311    0.001073  100.399025 ^ _899_/CLK (gf180mcu_fd_sc_mcu7t5v0__dffq_1)
                                 -0.500000   99.899025   clock uncertainty
                                  0.000000   99.899025   clock reconvergence pessimism
                                 -0.140301   99.758720   library setup time
                                             99.758720   data required time
---------------------------------------------------------------------------------------------
                                             99.758720   data required time
                                             -1.767462   data arrival time
---------------------------------------------------------------------------------------------
                                             97.991257   slack (MET)



%OL_END_REPORT
%OL_CREATE_REPORT checks.rpt

===========================================================================
report_checks -unconstrained
===========================================================================
======================= min_ff_n40C_5v50 Corner ===================================

Startpoint: RST_I (input port clocked by system_clock)
Endpoint: _879_ (rising edge-triggered flip-flop clocked by system_clock)
Path Group: system_clock
Path Type: max

Fanout         Cap        Slew       Delay        Time   Description
---------------------------------------------------------------------------------------------
                                  0.000000    0.000000   clock system_clock (rise edge)
                                  0.000000    0.000000   clock network delay (propagated)
                                 20.000000   20.000000 ^ input external delay
     1    0.007691    0.000000    0.000000   20.000000 ^ RST_I (in)
                                                         RST_I (net)
                      0.000227    0.000092   20.000093 ^ input10/I (gf180mcu_fd_sc_mcu7t5v0__dlyb_1)
    31    0.226578    2.444017    1.899592   21.899685 ^ input10/Z (gf180mcu_fd_sc_mcu7t5v0__dlyb_1)
                                                         net10 (net)
                      2.444253    0.013696   21.913380 ^ _430_/I (gf180mcu_fd_sc_mcu7t5v0__clkinv_1)
    16    0.123768    1.591476    1.291301   23.204681 v _430_/ZN (gf180mcu_fd_sc_mcu7t5v0__clkinv_1)
                                                         _103_ (net)
                      1.591513    0.004304   23.208986 v _491_/A1 (gf180mcu_fd_sc_mcu7t5v0__nand2_1)
     2    0.009473    0.414595    0.413907   23.622892 ^ _491_/ZN (gf180mcu_fd_sc_mcu7t5v0__nand2_1)
                                                         _155_ (net)
                      0.414595    0.000124   23.623016 ^ _502_/C (gf180mcu_fd_sc_mcu7t5v0__aoi211_1)
     5    0.035603    0.544508    0.403412   24.026430 v _502_/ZN (gf180mcu_fd_sc_mcu7t5v0__aoi211_1)
                                                         _166_ (net)
                      0.544508    0.000279   24.026709 v _505_/B (gf180mcu_fd_sc_mcu7t5v0__oai211_1)
     8    0.091144    1.758491    0.951024   24.977732 ^ _505_/ZN (gf180mcu_fd_sc_mcu7t5v0__oai211_1)
                                                         _169_ (net)
                      1.758516    0.003720   24.981453 ^ _534_/B1 (gf180mcu_fd_sc_mcu7t5v0__aoi22_1)
     1    0.004934    0.541258    0.175667   25.157120 v _534_/ZN (gf180mcu_fd_sc_mcu7t5v0__aoi22_1)
                                                         _013_ (net)
                      0.541258    0.000103   25.157223 v _879_/D (gf180mcu_fd_sc_mcu7t5v0__dffq_1)
                                             25.157223   data arrival time

                                100.000000  100.000000   clock system_clock (rise edge)
                                  0.000000  100.000000   clock source latency
     1    0.036579    0.000000    0.000000  100.000000 ^ CLK_I (in)
                                                         CLK_I (net)
                      0.003417    0.001400  100.001396 ^ clkbuf_0_CLK_I/I (gf180mcu_fd_sc_mcu7t5v0__clkbuf_16)
     8    0.208985    0.167533    0.209873  100.211273 ^ clkbuf_0_CLK_I/Z (gf180mcu_fd_sc_mcu7t5v0__clkbuf_16)
                                                         clknet_0_CLK_I (net)
                      0.167622    0.004455  100.215721 ^ clkbuf_3_6__f_CLK_I/I (gf180mcu_fd_sc_mcu7t5v0__clkbuf_16)
    13    0.063776    0.082341    0.184599  100.400322 ^ clkbuf_3_6__f_CLK_I/Z (gf180mcu_fd_sc_mcu7t5v0__clkbuf_16)
                                                         clknet_3_6__leaf_CLK_I (net)
                      0.082342    0.000469  100.400795 ^ _879_/CLK (gf180mcu_fd_sc_mcu7t5v0__dffq_1)
                                 -0.500000   99.900787   clock uncertainty
                                  0.000000   99.900787   clock reconvergence pessimism
                                 -0.292227   99.608566   library setup time
                                             99.608566   data required time
---------------------------------------------------------------------------------------------
                                             99.608566   data required time
                                            -25.157223   data arrival time
---------------------------------------------------------------------------------------------
                                             74.451347   slack (MET)




===========================================================================
report_checks --slack_max -0.01
============================================================================
======================= min_ff_n40C_5v50 Corner ===================================

No paths found.


===========================================================================
 report_check_types -max_slew -max_cap -max_fanout -violators
============================================================================
======================= min_ff_n40C_5v50 Corner ===================================



===========================================================================
report_parasitic_annotation -report_unannotated
============================================================================
Found 9 unannotated drivers.
 ERR_I
 RTY_I
 clkload0/ZN
 clkload1/ZN
 clkload2/ZN
 clkload3/ZN
 clkload4/ZN
 clkload5/Z
 clkload6/Z
Found 0 partially unannotated drivers.

===========================================================================
max slew violation count 0
%OL_METRIC_I design__max_slew_violation__count__corner:min_ff_n40C_5v50 0
max fanout violation count 0
%OL_METRIC_I design__max_fanout_violation__count__corner:min_ff_n40C_5v50 0
max cap violation count 0
%OL_METRIC_I design__max_cap_violation__count__corner:min_ff_n40C_5v50 0
============================================================================

===========================================================================
check_setup -verbose -unconstrained_endpoints -multiple_clock -no_clock -no_input_delay -loops -generated_clocks
===========================================================================
%OL_END_REPORT
%OL_CREATE_REPORT power.rpt

===========================================================================
 report_power
============================================================================
======================= min_ff_n40C_5v50 Corner ===================================

Group                    Internal    Switching      Leakage        Total
                            Power        Power        Power        Power (Watts)
------------------------------------------------------------------------
Sequential           5.568673e-04 4.349220e-05 4.140170e-08 6.004009e-04  42.8%
Combinational        8.922445e-05 5.596355e-05 7.047220e-08 1.452585e-04  10.4%
Clock                4.375698e-04 2.188369e-04 5.739561e-08 6.564640e-04  46.8%
Macro                0.000000e+00 0.000000e+00 0.000000e+00 0.000000e+00   0.0%
Pad                  0.000000e+00 0.000000e+00 0.000000e+00 0.000000e+00   0.0%
------------------------------------------------------------------------
Total                1.083662e-03 3.182926e-04 1.692693e-07 1.402124e-03 100.0%
                            77.3%        22.7%         0.0%
%OL_METRIC_F power__internal__total 0.001083661918528378
%OL_METRIC_F power__switching__total 0.0003182925865985453
%OL_METRIC_F power__leakage__total 1.6926934165439889e-7
%OL_METRIC_F power__total 0.0014021238312125206

%OL_END_REPORT
%OL_CREATE_REPORT skew.min.rpt

===========================================================================
Clock Skew (Hold)
============================================================================
%OL_METRIC_F clock__skew__worst_hold__corner:min_ff_n40C_5v50 -0.5059884876530428
======================= min_ff_n40C_5v50 Corner ===================================

Clock system_clock
0.397087 source latency _827_/CLK ^
-0.403075 target latency _886_/CLK ^
-0.500000 clock uncertainty
0.000000 CRPR
--------------
-0.505988 hold skew

%OL_END_REPORT
%OL_CREATE_REPORT skew.max.rpt

===========================================================================
Clock Skew (Setup)
============================================================================
%OL_METRIC_F clock__skew__worst_setup__corner:min_ff_n40C_5v50 0.5052048922201008
======================= min_ff_n40C_5v50 Corner ===================================

Clock system_clock
0.402292 source latency _834_/CLK ^
-0.397087 target latency _827_/CLK ^
0.500000 clock uncertainty
0.000000 CRPR
--------------
0.505205 setup skew

%OL_END_REPORT
%OL_CREATE_REPORT ws.min.rpt

===========================================================================
Worst Slack (Hold)
============================================================================
%OL_METRIC_F timing__hold__ws__corner:min_ff_n40C_5v50 0.13857315687152022
min_ff_n40C_5v50: 0.13857315687152022
%OL_END_REPORT
%OL_CREATE_REPORT ws.max.rpt

===========================================================================
Worst Slack (Setup)
============================================================================
%OL_METRIC_F timing__setup__ws__corner:min_ff_n40C_5v50 74.45134497417011
min_ff_n40C_5v50: 74.45134497417011
%OL_END_REPORT
%OL_CREATE_REPORT tns.min.rpt

===========================================================================
Total Negative Slack (Hold)
============================================================================
%OL_METRIC_F timing__hold__tns__corner:min_ff_n40C_5v50 0.0
min_ff_n40C_5v50: 0.0
%OL_END_REPORT
%OL_CREATE_REPORT tns.max.rpt

===========================================================================
Total Negative Slack (Setup)
============================================================================
%OL_METRIC_F timing__setup__tns__corner:min_ff_n40C_5v50 0.0
min_ff_n40C_5v50: 0.0
%OL_END_REPORT
%OL_CREATE_REPORT wns.min.rpt

===========================================================================
Worst Negative Slack (Hold)
============================================================================
%OL_METRIC_F timing__hold__wns__corner:min_ff_n40C_5v50 0
min_ff_n40C_5v50: 0
%OL_END_REPORT
%OL_CREATE_REPORT wns.max.rpt

===========================================================================
Worst Negative Slack (Setup)
============================================================================
%OL_METRIC_F timing__setup__wns__corner:min_ff_n40C_5v50 0.0
min_ff_n40C_5v50: 0.0
%OL_END_REPORT
%OL_CREATE_REPORT violator_list.rpt

===========================================================================
Violator List
============================================================================
%OL_METRIC_I timing__hold_vio__count__corner:min_ff_n40C_5v50 0
%OL_METRIC_F timing__hold_r2r__ws__corner:min_ff_n40C_5v50 0.138573
%OL_METRIC_I timing__hold_r2r_vio__count__corner:min_ff_n40C_5v50 0
%OL_METRIC_I timing__setup_vio__count__corner:min_ff_n40C_5v50 0
%OL_METRIC_F timing__setup_r2r__ws__corner:min_ff_n40C_5v50 97.759811
%OL_METRIC_I timing__setup_r2r_vio__count__corner:min_ff_n40C_5v50 0
%OL_END_REPORT
%OL_CREATE_REPORT unpropagated.rpt
%OL_END_REPORT
%OL_CREATE_REPORT clock.rpt
Clock: system_clock
Sources: CLK_I 
Generated: no
Virtual: yes
Propagated: no
Period: 100.000000

===========================================================================
report_clock_properties
============================================================================
Clock                   Period          Waveform
----------------------------------------------------
system_clock        100.000000    0.000000 50.000000

===========================================================================
report_clock_latency
============================================================================
Clock system_clock
rise -> rise
    min     max
0.000000 0.000000 source latency
0.397087         network latency _827_/CLK
        0.403141 network latency _894_/CLK
---------------
0.397087 0.403141 latency
        0.006054 skew

fall -> fall
    min     max
0.000000 0.000000 source latency
0.398501         network latency _827_/CLK
        0.404910 network latency _894_/CLK
---------------
0.398501 0.404910 latency
        0.006409 skew



===========================================================================
report_clock_min_period
============================================================================
system_clock period_min = 5.52 fmax = 181.03
%OL_END_REPORT
Writing SDF files for all corners…
Removing Clock latencies before writing libs…
Writing timing models for all corners…
Writing timing models for the min_ff_n40C_5v50 corner to /foss/designs/acoustic-ranger-dvl-processor/layout/digital/i2c_wb_master/runs/RUN_2026-08-31_15-54-07/55-openroad-stapostpnr/min_ff_n40C_5v50/i2c_controller__min_ff_n40C_5v50.lib…
