+ define_corners min_tt_025C_5v00
Reading timing models for corner min_tt_025C_5v00…
Reading cell library for the 'min_tt_025C_5v00' corner at '/foss/pdks/gf180mcuD/libs.ref/gf180mcu_fd_sc_mcu7t5v0/lib/gf180mcu_fd_sc_mcu7t5v0__tt_025C_5v00.lib'…
Reading top-level netlist at '/foss/designs/acoustic-ranger-dvl-processor/layout/digital/i2c_wb_master/runs/RUN_2026-08-31_17-24-00/52-openroad-fillinsertion/i2c_controller.nl.v'…
Linking design 'i2c_controller' from netlist…
Reading design constraints file at '/foss/designs/acoustic-ranger-dvl-processor/layout/digital/i2c_wb_master/constraint.sdc'…
[INFO] No information on clock propagation in input SDC file-- propagating all clocks.
Reading top-level design parasitics for the 'min_tt_025C_5v00' corner at '/foss/designs/acoustic-ranger-dvl-processor/layout/digital/i2c_wb_master/runs/RUN_2026-08-31_17-24-00/54-openroad-rcx/min/i2c_controller.min.spef'…
%OL_CREATE_REPORT min.rpt

===========================================================================
report_checks -path_delay min (Hold)
============================================================================
======================= min_tt_025C_5v00 Corner ===================================

Startpoint: _843_ (rising edge-triggered flip-flop clocked by system_clock)
Endpoint: _843_ (rising edge-triggered flip-flop clocked by system_clock)
Path Group: system_clock
Path Type: min

Fanout         Cap        Slew       Delay        Time   Description
---------------------------------------------------------------------------------------------
                                  0.000000    0.000000   clock system_clock (rise edge)
                                  0.000000    0.000000   clock source latency
     1    0.038592    0.000000    0.000000    0.000000 ^ CLK_I (in)
                                                         CLK_I (net)
                      0.003969    0.001624    0.001624 ^ clkbuf_0_CLK_I/I (gf180mcu_fd_sc_mcu7t5v0__clkbuf_16)
     8    0.199667    0.248974    0.319365    0.320989 ^ clkbuf_0_CLK_I/Z (gf180mcu_fd_sc_mcu7t5v0__clkbuf_16)
                                                         clknet_0_CLK_I (net)
                      0.248993    0.003284    0.324272 ^ clkbuf_3_2__f_CLK_I/I (gf180mcu_fd_sc_mcu7t5v0__clkbuf_16)
    16    0.074071    0.136789    0.292311    0.616584 ^ clkbuf_3_2__f_CLK_I/Z (gf180mcu_fd_sc_mcu7t5v0__clkbuf_16)
                                                         clknet_3_2__leaf_CLK_I (net)
                      0.136791    0.000930    0.617514 ^ _843_/CLK (gf180mcu_fd_sc_mcu7t5v0__dffq_1)
     3    0.015042    0.199797    0.728806    1.346319 v _843_/Q (gf180mcu_fd_sc_mcu7t5v0__dffq_1)
                                                         address_data_buffer_internal[7] (net)
                      0.199797    0.000172    1.346491 v _770_/I0 (gf180mcu_fd_sc_mcu7t5v0__mux2_2)
     1    0.002924    0.109729    0.352536    1.699027 v _770_/Z (gf180mcu_fd_sc_mcu7t5v0__mux2_2)
                                                         _056_ (net)
                      0.109729    0.000028    1.699055 v _843_/D (gf180mcu_fd_sc_mcu7t5v0__dffq_1)
                                              1.699055   data arrival time

                                  0.000000    0.000000   clock system_clock (rise edge)
                                  0.000000    0.000000   clock source latency
     1    0.038592    0.000000    0.000000    0.000000 ^ CLK_I (in)
                                                         CLK_I (net)
                      0.003969    0.001624    0.001624 ^ clkbuf_0_CLK_I/I (gf180mcu_fd_sc_mcu7t5v0__clkbuf_16)
     8    0.199667    0.248974    0.319365    0.320989 ^ clkbuf_0_CLK_I/Z (gf180mcu_fd_sc_mcu7t5v0__clkbuf_16)
                                                         clknet_0_CLK_I (net)
                      0.248993    0.003284    0.324272 ^ clkbuf_3_2__f_CLK_I/I (gf180mcu_fd_sc_mcu7t5v0__clkbuf_16)
    16    0.074071    0.136789    0.292311    0.616584 ^ clkbuf_3_2__f_CLK_I/Z (gf180mcu_fd_sc_mcu7t5v0__clkbuf_16)
                                                         clknet_3_2__leaf_CLK_I (net)
                      0.136791    0.000930    0.617514 ^ _843_/CLK (gf180mcu_fd_sc_mcu7t5v0__dffq_1)
                                  0.500000    1.117514   clock uncertainty
                                  0.000000    1.117514   clock reconvergence pessimism
                                  0.089919    1.207432   library hold time
                                              1.207432   data required time
---------------------------------------------------------------------------------------------
                                              1.207432   data required time
                                             -1.699055   data arrival time
---------------------------------------------------------------------------------------------
                                              0.491623   slack (MET)


Startpoint: _837_ (rising edge-triggered flip-flop clocked by system_clock)
Endpoint: _838_ (rising edge-triggered flip-flop clocked by system_clock)
Path Group: system_clock
Path Type: min

Fanout         Cap        Slew       Delay        Time   Description
---------------------------------------------------------------------------------------------
                                  0.000000    0.000000   clock system_clock (rise edge)
                                  0.000000    0.000000   clock source latency
     1    0.038592    0.000000    0.000000    0.000000 ^ CLK_I (in)
                                                         CLK_I (net)
                      0.003969    0.001624    0.001624 ^ clkbuf_0_CLK_I/I (gf180mcu_fd_sc_mcu7t5v0__clkbuf_16)
     8    0.199667    0.248974    0.319365    0.320989 ^ clkbuf_0_CLK_I/Z (gf180mcu_fd_sc_mcu7t5v0__clkbuf_16)
                                                         clknet_0_CLK_I (net)
                      0.248993    0.003284    0.324272 ^ clkbuf_3_2__f_CLK_I/I (gf180mcu_fd_sc_mcu7t5v0__clkbuf_16)
    16    0.074071    0.136789    0.292311    0.616584 ^ clkbuf_3_2__f_CLK_I/Z (gf180mcu_fd_sc_mcu7t5v0__clkbuf_16)
                                                         clknet_3_2__leaf_CLK_I (net)
                      0.136790    0.000492    0.617075 ^ _837_/CLK (gf180mcu_fd_sc_mcu7t5v0__dffq_1)
     3    0.014888    0.198529    0.727804    1.344879 v _837_/Q (gf180mcu_fd_sc_mcu7t5v0__dffq_1)
                                                         address_data_buffer_internal[1] (net)
                      0.198529    0.000115    1.344994 v _764_/A1 (gf180mcu_fd_sc_mcu7t5v0__nand4_1)
     1    0.006737    0.274245    0.226913    1.571907 ^ _764_/ZN (gf180mcu_fd_sc_mcu7t5v0__nand4_1)
                                                         _385_ (net)
                      0.274245    0.000086    1.571993 ^ _765_/B (gf180mcu_fd_sc_mcu7t5v0__oai21_1)
     1    0.003041    0.137599    0.123294    1.695287 v _765_/ZN (gf180mcu_fd_sc_mcu7t5v0__oai21_1)
                                                         _051_ (net)
                      0.137599    0.000030    1.695317 v _838_/D (gf180mcu_fd_sc_mcu7t5v0__dffq_1)
                                              1.695317   data arrival time

                                  0.000000    0.000000   clock system_clock (rise edge)
                                  0.000000    0.000000   clock source latency
     1    0.038592    0.000000    0.000000    0.000000 ^ CLK_I (in)
                                                         CLK_I (net)
                      0.003969    0.001624    0.001624 ^ clkbuf_0_CLK_I/I (gf180mcu_fd_sc_mcu7t5v0__clkbuf_16)
     8    0.199667    0.248974    0.319365    0.320989 ^ clkbuf_0_CLK_I/Z (gf180mcu_fd_sc_mcu7t5v0__clkbuf_16)
                                                         clknet_0_CLK_I (net)
                      0.248993    0.003284    0.324272 ^ clkbuf_3_2__f_CLK_I/I (gf180mcu_fd_sc_mcu7t5v0__clkbuf_16)
    16    0.074071    0.136789    0.292311    0.616584 ^ clkbuf_3_2__f_CLK_I/Z (gf180mcu_fd_sc_mcu7t5v0__clkbuf_16)
                                                         clknet_3_2__leaf_CLK_I (net)
                      0.136790    0.000596    0.617180 ^ _838_/CLK (gf180mcu_fd_sc_mcu7t5v0__dffq_1)
                                  0.500000    1.117180   clock uncertainty
                                  0.000000    1.117180   clock reconvergence pessimism
                                  0.083314    1.200494   library hold time
                                              1.200494   data required time
---------------------------------------------------------------------------------------------
                                              1.200494   data required time
                                             -1.695317   data arrival time
---------------------------------------------------------------------------------------------
                                              0.494823   slack (MET)


Startpoint: _841_ (rising edge-triggered flip-flop clocked by system_clock)
Endpoint: _841_ (rising edge-triggered flip-flop clocked by system_clock)
Path Group: system_clock
Path Type: min

Fanout         Cap        Slew       Delay        Time   Description
---------------------------------------------------------------------------------------------
                                  0.000000    0.000000   clock system_clock (rise edge)
                                  0.000000    0.000000   clock source latency
     1    0.038592    0.000000    0.000000    0.000000 ^ CLK_I (in)
                                                         CLK_I (net)
                      0.003969    0.001624    0.001624 ^ clkbuf_0_CLK_I/I (gf180mcu_fd_sc_mcu7t5v0__clkbuf_16)
     8    0.199667    0.248974    0.319365    0.320989 ^ clkbuf_0_CLK_I/Z (gf180mcu_fd_sc_mcu7t5v0__clkbuf_16)
                                                         clknet_0_CLK_I (net)
                      0.248993    0.003284    0.324272 ^ clkbuf_3_2__f_CLK_I/I (gf180mcu_fd_sc_mcu7t5v0__clkbuf_16)
    16    0.074071    0.136789    0.292311    0.616584 ^ clkbuf_3_2__f_CLK_I/Z (gf180mcu_fd_sc_mcu7t5v0__clkbuf_16)
                                                         clknet_3_2__leaf_CLK_I (net)
                      0.136791    0.000885    0.617469 ^ _841_/CLK (gf180mcu_fd_sc_mcu7t5v0__dffq_1)
     4    0.020529    0.246630    0.764856    1.382325 v _841_/Q (gf180mcu_fd_sc_mcu7t5v0__dffq_1)
                                                         address_data_buffer_internal[5] (net)
                      0.246630    0.000270    1.382595 v _768_/I0 (gf180mcu_fd_sc_mcu7t5v0__mux2_2)
     1    0.002976    0.110093    0.361628    1.744223 v _768_/Z (gf180mcu_fd_sc_mcu7t5v0__mux2_2)
                                                         _054_ (net)
                      0.110093    0.000053    1.744276 v _841_/D (gf180mcu_fd_sc_mcu7t5v0__dffq_1)
                                              1.744276   data arrival time

                                  0.000000    0.000000   clock system_clock (rise edge)
                                  0.000000    0.000000   clock source latency
     1    0.038592    0.000000    0.000000    0.000000 ^ CLK_I (in)
                                                         CLK_I (net)
                      0.003969    0.001624    0.001624 ^ clkbuf_0_CLK_I/I (gf180mcu_fd_sc_mcu7t5v0__clkbuf_16)
     8    0.199667    0.248974    0.319365    0.320989 ^ clkbuf_0_CLK_I/Z (gf180mcu_fd_sc_mcu7t5v0__clkbuf_16)
                                                         clknet_0_CLK_I (net)
                      0.248993    0.003284    0.324272 ^ clkbuf_3_2__f_CLK_I/I (gf180mcu_fd_sc_mcu7t5v0__clkbuf_16)
    16    0.074071    0.136789    0.292311    0.616584 ^ clkbuf_3_2__f_CLK_I/Z (gf180mcu_fd_sc_mcu7t5v0__clkbuf_16)
                                                         clknet_3_2__leaf_CLK_I (net)
                      0.136791    0.000885    0.617469 ^ _841_/CLK (gf180mcu_fd_sc_mcu7t5v0__dffq_1)
                                  0.500000    1.117469   clock uncertainty
                                  0.000000    1.117469   clock reconvergence pessimism
                                  0.089832    1.207301   library hold time
                                              1.207301   data required time
---------------------------------------------------------------------------------------------
                                              1.207301   data required time
                                             -1.744276   data arrival time
---------------------------------------------------------------------------------------------
                                              0.536975   slack (MET)


Startpoint: _841_ (rising edge-triggered flip-flop clocked by system_clock)
Endpoint: _842_ (rising edge-triggered flip-flop clocked by system_clock)
Path Group: system_clock
Path Type: min

Fanout         Cap        Slew       Delay        Time   Description
---------------------------------------------------------------------------------------------
                                  0.000000    0.000000   clock system_clock (rise edge)
                                  0.000000    0.000000   clock source latency
     1    0.038592    0.000000    0.000000    0.000000 ^ CLK_I (in)
                                                         CLK_I (net)
                      0.003969    0.001624    0.001624 ^ clkbuf_0_CLK_I/I (gf180mcu_fd_sc_mcu7t5v0__clkbuf_16)
     8    0.199667    0.248974    0.319365    0.320989 ^ clkbuf_0_CLK_I/Z (gf180mcu_fd_sc_mcu7t5v0__clkbuf_16)
                                                         clknet_0_CLK_I (net)
                      0.248993    0.003284    0.324272 ^ clkbuf_3_2__f_CLK_I/I (gf180mcu_fd_sc_mcu7t5v0__clkbuf_16)
    16    0.074071    0.136789    0.292311    0.616584 ^ clkbuf_3_2__f_CLK_I/Z (gf180mcu_fd_sc_mcu7t5v0__clkbuf_16)
                                                         clknet_3_2__leaf_CLK_I (net)
                      0.136791    0.000885    0.617469 ^ _841_/CLK (gf180mcu_fd_sc_mcu7t5v0__dffq_1)
     4    0.020529    0.246630    0.764856    1.382325 v _841_/Q (gf180mcu_fd_sc_mcu7t5v0__dffq_1)
                                                         address_data_buffer_internal[5] (net)
                      0.246630    0.000276    1.382602 v _769_/I1 (gf180mcu_fd_sc_mcu7t5v0__mux2_2)
     1    0.004054    0.118023    0.373482    1.756083 v _769_/Z (gf180mcu_fd_sc_mcu7t5v0__mux2_2)
                                                         _055_ (net)
                      0.118023    0.000046    1.756130 v _842_/D (gf180mcu_fd_sc_mcu7t5v0__dffq_1)
                                              1.756130   data arrival time

                                  0.000000    0.000000   clock system_clock (rise edge)
                                  0.000000    0.000000   clock source latency
     1    0.038592    0.000000    0.000000    0.000000 ^ CLK_I (in)
                                                         CLK_I (net)
                      0.003969    0.001624    0.001624 ^ clkbuf_0_CLK_I/I (gf180mcu_fd_sc_mcu7t5v0__clkbuf_16)
     8    0.199667    0.248974    0.319365    0.320989 ^ clkbuf_0_CLK_I/Z (gf180mcu_fd_sc_mcu7t5v0__clkbuf_16)
                                                         clknet_0_CLK_I (net)
                      0.248993    0.003284    0.324272 ^ clkbuf_3_2__f_CLK_I/I (gf180mcu_fd_sc_mcu7t5v0__clkbuf_16)
    16    0.074071    0.136789    0.292311    0.616584 ^ clkbuf_3_2__f_CLK_I/Z (gf180mcu_fd_sc_mcu7t5v0__clkbuf_16)
                                                         clknet_3_2__leaf_CLK_I (net)
                      0.136791    0.000859    0.617443 ^ _842_/CLK (gf180mcu_fd_sc_mcu7t5v0__dffq_1)
                                  0.500000    1.117443   clock uncertainty
                                  0.000000    1.117443   clock reconvergence pessimism
                                  0.087953    1.205396   library hold time
                                              1.205396   data required time
---------------------------------------------------------------------------------------------
                                              1.205396   data required time
                                             -1.756130   data arrival time
---------------------------------------------------------------------------------------------
                                              0.550734   slack (MET)


Startpoint: _837_ (rising edge-triggered flip-flop clocked by system_clock)
Endpoint: _837_ (rising edge-triggered flip-flop clocked by system_clock)
Path Group: system_clock
Path Type: min

Fanout         Cap        Slew       Delay        Time   Description
---------------------------------------------------------------------------------------------
                                  0.000000    0.000000   clock system_clock (rise edge)
                                  0.000000    0.000000   clock source latency
     1    0.038592    0.000000    0.000000    0.000000 ^ CLK_I (in)
                                                         CLK_I (net)
                      0.003969    0.001624    0.001624 ^ clkbuf_0_CLK_I/I (gf180mcu_fd_sc_mcu7t5v0__clkbuf_16)
     8    0.199667    0.248974    0.319365    0.320989 ^ clkbuf_0_CLK_I/Z (gf180mcu_fd_sc_mcu7t5v0__clkbuf_16)
                                                         clknet_0_CLK_I (net)
                      0.248993    0.003284    0.324272 ^ clkbuf_3_2__f_CLK_I/I (gf180mcu_fd_sc_mcu7t5v0__clkbuf_16)
    16    0.074071    0.136789    0.292311    0.616584 ^ clkbuf_3_2__f_CLK_I/Z (gf180mcu_fd_sc_mcu7t5v0__clkbuf_16)
                                                         clknet_3_2__leaf_CLK_I (net)
                      0.136790    0.000492    0.617075 ^ _837_/CLK (gf180mcu_fd_sc_mcu7t5v0__dffq_1)
     3    0.014888    0.198529    0.727804    1.344879 v _837_/Q (gf180mcu_fd_sc_mcu7t5v0__dffq_1)
                                                         address_data_buffer_internal[1] (net)
                      0.198529    0.000107    1.344986 v _424_/I (gf180mcu_fd_sc_mcu7t5v0__clkinv_1)
     3    0.018629    0.344719    0.257797    1.602784 ^ _424_/ZN (gf180mcu_fd_sc_mcu7t5v0__clkinv_1)
                                                         _097_ (net)
                      0.344719    0.000207    1.602990 ^ _763_/A2 (gf180mcu_fd_sc_mcu7t5v0__oai21_1)
     1    0.003291    0.142200    0.149614    1.752604 v _763_/ZN (gf180mcu_fd_sc_mcu7t5v0__oai21_1)
                                                         _050_ (net)
                      0.142200    0.000060    1.752665 v _837_/D (gf180mcu_fd_sc_mcu7t5v0__dffq_1)
                                              1.752665   data arrival time

                                  0.000000    0.000000   clock system_clock (rise edge)
                                  0.000000    0.000000   clock source latency
     1    0.038592    0.000000    0.000000    0.000000 ^ CLK_I (in)
                                                         CLK_I (net)
                      0.003969    0.001624    0.001624 ^ clkbuf_0_CLK_I/I (gf180mcu_fd_sc_mcu7t5v0__clkbuf_16)
     8    0.199667    0.248974    0.319365    0.320989 ^ clkbuf_0_CLK_I/Z (gf180mcu_fd_sc_mcu7t5v0__clkbuf_16)
                                                         clknet_0_CLK_I (net)
                      0.248993    0.003284    0.324272 ^ clkbuf_3_2__f_CLK_I/I (gf180mcu_fd_sc_mcu7t5v0__clkbuf_16)
    16    0.074071    0.136789    0.292311    0.616584 ^ clkbuf_3_2__f_CLK_I/Z (gf180mcu_fd_sc_mcu7t5v0__clkbuf_16)
                                                         clknet_3_2__leaf_CLK_I (net)
                      0.136790    0.000492    0.617075 ^ _837_/CLK (gf180mcu_fd_sc_mcu7t5v0__dffq_1)
                                  0.500000    1.117075   clock uncertainty
                                  0.000000    1.117075   clock reconvergence pessimism
                                  0.082223    1.199299   library hold time
                                              1.199299   data required time
---------------------------------------------------------------------------------------------
                                              1.199299   data required time
                                             -1.752665   data arrival time
---------------------------------------------------------------------------------------------
                                              0.553366   slack (MET)


Startpoint: _838_ (rising edge-triggered flip-flop clocked by system_clock)
Endpoint: _839_ (rising edge-triggered flip-flop clocked by system_clock)
Path Group: system_clock
Path Type: min

Fanout         Cap        Slew       Delay        Time   Description
---------------------------------------------------------------------------------------------
                                  0.000000    0.000000   clock system_clock (rise edge)
                                  0.000000    0.000000   clock source latency
     1    0.038592    0.000000    0.000000    0.000000 ^ CLK_I (in)
                                                         CLK_I (net)
                      0.003969    0.001624    0.001624 ^ clkbuf_0_CLK_I/I (gf180mcu_fd_sc_mcu7t5v0__clkbuf_16)
     8    0.199667    0.248974    0.319365    0.320989 ^ clkbuf_0_CLK_I/Z (gf180mcu_fd_sc_mcu7t5v0__clkbuf_16)
                                                         clknet_0_CLK_I (net)
                      0.248993    0.003284    0.324272 ^ clkbuf_3_2__f_CLK_I/I (gf180mcu_fd_sc_mcu7t5v0__clkbuf_16)
    16    0.074071    0.136789    0.292311    0.616584 ^ clkbuf_3_2__f_CLK_I/Z (gf180mcu_fd_sc_mcu7t5v0__clkbuf_16)
                                                         clknet_3_2__leaf_CLK_I (net)
                      0.136790    0.000596    0.617180 ^ _838_/CLK (gf180mcu_fd_sc_mcu7t5v0__dffq_1)
     4    0.021234    0.252779    0.769217    1.386397 v _838_/Q (gf180mcu_fd_sc_mcu7t5v0__dffq_1)
                                                         address_data_buffer_internal[2] (net)
                      0.252779    0.000140    1.386536 v _766_/I1 (gf180mcu_fd_sc_mcu7t5v0__mux2_2)
     1    0.003868    0.114015    0.373238    1.759775 v _766_/Z (gf180mcu_fd_sc_mcu7t5v0__mux2_2)
                                                         _052_ (net)
                      0.114015    0.000075    1.759850 v _839_/D (gf180mcu_fd_sc_mcu7t5v0__dffq_1)
                                              1.759850   data arrival time

                                  0.000000    0.000000   clock system_clock (rise edge)
                                  0.000000    0.000000   clock source latency
     1    0.038592    0.000000    0.000000    0.000000 ^ CLK_I (in)
                                                         CLK_I (net)
                      0.003969    0.001624    0.001624 ^ clkbuf_0_CLK_I/I (gf180mcu_fd_sc_mcu7t5v0__clkbuf_16)
     8    0.199667    0.248974    0.319365    0.320989 ^ clkbuf_0_CLK_I/Z (gf180mcu_fd_sc_mcu7t5v0__clkbuf_16)
                                                         clknet_0_CLK_I (net)
                      0.248993    0.003284    0.324272 ^ clkbuf_3_2__f_CLK_I/I (gf180mcu_fd_sc_mcu7t5v0__clkbuf_16)
    16    0.074071    0.136789    0.292311    0.616584 ^ clkbuf_3_2__f_CLK_I/Z (gf180mcu_fd_sc_mcu7t5v0__clkbuf_16)
                                                         clknet_3_2__leaf_CLK_I (net)
                      0.136791    0.000824    0.617407 ^ _839_/CLK (gf180mcu_fd_sc_mcu7t5v0__dffq_1)
                                  0.500000    1.117407   clock uncertainty
                                  0.000000    1.117407   clock reconvergence pessimism
                                  0.088903    1.206310   library hold time
                                              1.206310   data required time
---------------------------------------------------------------------------------------------
                                              1.206310   data required time
                                             -1.759850   data arrival time
---------------------------------------------------------------------------------------------
                                              0.553539   slack (MET)


Startpoint: _840_ (rising edge-triggered flip-flop clocked by system_clock)
Endpoint: _840_ (rising edge-triggered flip-flop clocked by system_clock)
Path Group: system_clock
Path Type: min

Fanout         Cap        Slew       Delay        Time   Description
---------------------------------------------------------------------------------------------
                                  0.000000    0.000000   clock system_clock (rise edge)
                                  0.000000    0.000000   clock source latency
     1    0.038592    0.000000    0.000000    0.000000 ^ CLK_I (in)
                                                         CLK_I (net)
                      0.003969    0.001624    0.001624 ^ clkbuf_0_CLK_I/I (gf180mcu_fd_sc_mcu7t5v0__clkbuf_16)
     8    0.199667    0.248974    0.319365    0.320989 ^ clkbuf_0_CLK_I/Z (gf180mcu_fd_sc_mcu7t5v0__clkbuf_16)
                                                         clknet_0_CLK_I (net)
                      0.248993    0.003284    0.324272 ^ clkbuf_3_2__f_CLK_I/I (gf180mcu_fd_sc_mcu7t5v0__clkbuf_16)
    16    0.074071    0.136789    0.292311    0.616584 ^ clkbuf_3_2__f_CLK_I/Z (gf180mcu_fd_sc_mcu7t5v0__clkbuf_16)
                                                         clknet_3_2__leaf_CLK_I (net)
                      0.136791    0.000866    0.617450 ^ _840_/CLK (gf180mcu_fd_sc_mcu7t5v0__dffq_1)
     4    0.025526    0.290242    0.795163    1.412613 v _840_/Q (gf180mcu_fd_sc_mcu7t5v0__dffq_1)
                                                         address_data_buffer_internal[4] (net)
                      0.290243    0.000385    1.412997 v _767_/I0 (gf180mcu_fd_sc_mcu7t5v0__mux2_2)
     1    0.003901    0.116857    0.376404    1.789401 v _767_/Z (gf180mcu_fd_sc_mcu7t5v0__mux2_2)
                                                         _053_ (net)
                      0.116857    0.000044    1.789445 v _840_/D (gf180mcu_fd_sc_mcu7t5v0__dffq_1)
                                              1.789445   data arrival time

                                  0.000000    0.000000   clock system_clock (rise edge)
                                  0.000000    0.000000   clock source latency
     1    0.038592    0.000000    0.000000    0.000000 ^ CLK_I (in)
                                                         CLK_I (net)
                      0.003969    0.001624    0.001624 ^ clkbuf_0_CLK_I/I (gf180mcu_fd_sc_mcu7t5v0__clkbuf_16)
     8    0.199667    0.248974    0.319365    0.320989 ^ clkbuf_0_CLK_I/Z (gf180mcu_fd_sc_mcu7t5v0__clkbuf_16)
                                                         clknet_0_CLK_I (net)
                      0.248993    0.003284    0.324272 ^ clkbuf_3_2__f_CLK_I/I (gf180mcu_fd_sc_mcu7t5v0__clkbuf_16)
    16    0.074071    0.136789    0.292311    0.616584 ^ clkbuf_3_2__f_CLK_I/Z (gf180mcu_fd_sc_mcu7t5v0__clkbuf_16)
                                                         clknet_3_2__leaf_CLK_I (net)
                      0.136791    0.000866    0.617450 ^ _840_/CLK (gf180mcu_fd_sc_mcu7t5v0__dffq_1)
                                  0.500000    1.117450   clock uncertainty
                                  0.000000    1.117450   clock reconvergence pessimism
                                  0.088229    1.205679   library hold time
                                              1.205679   data required time
---------------------------------------------------------------------------------------------
                                              1.205679   data required time
                                             -1.789445   data arrival time
---------------------------------------------------------------------------------------------
                                              0.583766   slack (MET)


Startpoint: _899_ (rising edge-triggered flip-flop clocked by system_clock)
Endpoint: _896_ (rising edge-triggered flip-flop clocked by system_clock)
Path Group: system_clock
Path Type: min

Fanout         Cap        Slew       Delay        Time   Description
---------------------------------------------------------------------------------------------
                                  0.000000    0.000000   clock system_clock (rise edge)
                                  0.000000    0.000000   clock source latency
     1    0.038592    0.000000    0.000000    0.000000 ^ CLK_I (in)
                                                         CLK_I (net)
                      0.003969    0.001624    0.001624 ^ clkbuf_0_CLK_I/I (gf180mcu_fd_sc_mcu7t5v0__clkbuf_16)
     8    0.199667    0.248974    0.319365    0.320989 ^ clkbuf_0_CLK_I/Z (gf180mcu_fd_sc_mcu7t5v0__clkbuf_16)
                                                         clknet_0_CLK_I (net)
                      0.248993    0.003284    0.324272 ^ clkbuf_3_2__f_CLK_I/I (gf180mcu_fd_sc_mcu7t5v0__clkbuf_16)
    16    0.074071    0.136789    0.292311    0.616584 ^ clkbuf_3_2__f_CLK_I/Z (gf180mcu_fd_sc_mcu7t5v0__clkbuf_16)
                                                         clknet_3_2__leaf_CLK_I (net)
                      0.136791    0.000939    0.617522 ^ _899_/CLK (gf180mcu_fd_sc_mcu7t5v0__dffq_1)
     3    0.032360    0.350598    0.836093    1.453615 v _899_/Q (gf180mcu_fd_sc_mcu7t5v0__dffq_1)
                                                         i2c_scl_in_synchronised_internal (net)
                      0.350599    0.000512    1.454127 v _421_/I (gf180mcu_fd_sc_mcu7t5v0__clkinv_1)
     3    0.012940    0.281739    0.246616    1.700743 ^ _421_/ZN (gf180mcu_fd_sc_mcu7t5v0__clkinv_1)
                                                         _094_ (net)
                      0.281739    0.000185    1.700927 ^ _438_/A1 (gf180mcu_fd_sc_mcu7t5v0__nor2_1)
     1    0.002685    0.125322    0.102279    1.803206 v _438_/ZN (gf180mcu_fd_sc_mcu7t5v0__nor2_1)
                                                         _001_ (net)
                      0.125322    0.000025    1.803232 v _896_/D (gf180mcu_fd_sc_mcu7t5v0__dffq_1)
                                              1.803232   data arrival time

                                  0.000000    0.000000   clock system_clock (rise edge)
                                  0.000000    0.000000   clock source latency
     1    0.038592    0.000000    0.000000    0.000000 ^ CLK_I (in)
                                                         CLK_I (net)
                      0.003969    0.001624    0.001624 ^ clkbuf_0_CLK_I/I (gf180mcu_fd_sc_mcu7t5v0__clkbuf_16)
     8    0.199667    0.248974    0.319365    0.320989 ^ clkbuf_0_CLK_I/Z (gf180mcu_fd_sc_mcu7t5v0__clkbuf_16)
                                                         clknet_0_CLK_I (net)
                      0.248993    0.003284    0.324272 ^ clkbuf_3_2__f_CLK_I/I (gf180mcu_fd_sc_mcu7t5v0__clkbuf_16)
    16    0.074071    0.136789    0.292311    0.616584 ^ clkbuf_3_2__f_CLK_I/Z (gf180mcu_fd_sc_mcu7t5v0__clkbuf_16)
                                                         clknet_3_2__leaf_CLK_I (net)
                      0.136791    0.000917    0.617501 ^ _896_/CLK (gf180mcu_fd_sc_mcu7t5v0__dffq_1)
                                  0.500000    1.117501   clock uncertainty
                                  0.000000    1.117501   clock reconvergence pessimism
                                  0.086223    1.203724   library hold time
                                              1.203724   data required time
---------------------------------------------------------------------------------------------
                                              1.203724   data required time
                                             -1.803232   data arrival time
---------------------------------------------------------------------------------------------
                                              0.599508   slack (MET)


Startpoint: _868_ (rising edge-triggered flip-flop clocked by system_clock)
Endpoint: _868_ (rising edge-triggered flip-flop clocked by system_clock)
Path Group: system_clock
Path Type: min

Fanout         Cap        Slew       Delay        Time   Description
---------------------------------------------------------------------------------------------
                                  0.000000    0.000000   clock system_clock (rise edge)
                                  0.000000    0.000000   clock source latency
     1    0.038592    0.000000    0.000000    0.000000 ^ CLK_I (in)
                                                         CLK_I (net)
                      0.003969    0.001624    0.001624 ^ clkbuf_0_CLK_I/I (gf180mcu_fd_sc_mcu7t5v0__clkbuf_16)
     8    0.199667    0.248974    0.319365    0.320989 ^ clkbuf_0_CLK_I/Z (gf180mcu_fd_sc_mcu7t5v0__clkbuf_16)
                                                         clknet_0_CLK_I (net)
                      0.248990    0.003054    0.324043 ^ clkbuf_3_3__f_CLK_I/I (gf180mcu_fd_sc_mcu7t5v0__clkbuf_16)
    10    0.064818    0.128906    0.286354    0.610397 ^ clkbuf_3_3__f_CLK_I/Z (gf180mcu_fd_sc_mcu7t5v0__clkbuf_16)
                                                         clknet_3_3__leaf_CLK_I (net)
                      0.128906    0.000481    0.610878 ^ _868_/CLK (gf180mcu_fd_sc_mcu7t5v0__dffq_1)
     2    0.013206    0.184554    0.714824    1.325702 v _868_/Q (gf180mcu_fd_sc_mcu7t5v0__dffq_1)
                                                         addr_set_register[2] (net)
                      0.184554    0.000226    1.325928 v _420_/I (gf180mcu_fd_sc_mcu7t5v0__clkinv_1)
     4    0.027267    0.481038    0.333510    1.659438 ^ _420_/ZN (gf180mcu_fd_sc_mcu7t5v0__clkinv_1)
                                                         _093_ (net)
                      0.481038    0.000346    1.659784 ^ _454_/A1 (gf180mcu_fd_sc_mcu7t5v0__aoi21_1)
     1    0.003421    0.181797    0.121635    1.781419 v _454_/ZN (gf180mcu_fd_sc_mcu7t5v0__aoi21_1)
                                                         _002_ (net)
                      0.181797    0.000065    1.781483 v _868_/D (gf180mcu_fd_sc_mcu7t5v0__dffq_1)
                                              1.781483   data arrival time

                                  0.000000    0.000000   clock system_clock (rise edge)
                                  0.000000    0.000000   clock source latency
     1    0.038592    0.000000    0.000000    0.000000 ^ CLK_I (in)
                                                         CLK_I (net)
                      0.003969    0.001624    0.001624 ^ clkbuf_0_CLK_I/I (gf180mcu_fd_sc_mcu7t5v0__clkbuf_16)
     8    0.199667    0.248974    0.319365    0.320989 ^ clkbuf_0_CLK_I/Z (gf180mcu_fd_sc_mcu7t5v0__clkbuf_16)
                                                         clknet_0_CLK_I (net)
                      0.248990    0.003054    0.324043 ^ clkbuf_3_3__f_CLK_I/I (gf180mcu_fd_sc_mcu7t5v0__clkbuf_16)
    10    0.064818    0.128906    0.286354    0.610397 ^ clkbuf_3_3__f_CLK_I/Z (gf180mcu_fd_sc_mcu7t5v0__clkbuf_16)
                                                         clknet_3_3__leaf_CLK_I (net)
                      0.128906    0.000481    0.610878 ^ _868_/CLK (gf180mcu_fd_sc_mcu7t5v0__dffq_1)
                                  0.500000    1.110878   clock uncertainty
                                  0.000000    1.110878   clock reconvergence pessimism
                                  0.069506    1.180384   library hold time
                                              1.180384   data required time
---------------------------------------------------------------------------------------------
                                              1.180384   data required time
                                             -1.781483   data arrival time
---------------------------------------------------------------------------------------------
                                              0.601099   slack (MET)


Startpoint: _869_ (rising edge-triggered flip-flop clocked by system_clock)
Endpoint: _869_ (rising edge-triggered flip-flop clocked by system_clock)
Path Group: system_clock
Path Type: min

Fanout         Cap        Slew       Delay        Time   Description
---------------------------------------------------------------------------------------------
                                  0.000000    0.000000   clock system_clock (rise edge)
                                  0.000000    0.000000   clock source latency
     1    0.038592    0.000000    0.000000    0.000000 ^ CLK_I (in)
                                                         CLK_I (net)
                      0.003969    0.001624    0.001624 ^ clkbuf_0_CLK_I/I (gf180mcu_fd_sc_mcu7t5v0__clkbuf_16)
     8    0.199667    0.248974    0.319365    0.320989 ^ clkbuf_0_CLK_I/Z (gf180mcu_fd_sc_mcu7t5v0__clkbuf_16)
                                                         clknet_0_CLK_I (net)
                      0.248988    0.002861    0.323849 ^ clkbuf_3_6__f_CLK_I/I (gf180mcu_fd_sc_mcu7t5v0__clkbuf_16)
    13    0.081683    0.143199    0.297006    0.620855 ^ clkbuf_3_6__f_CLK_I/Z (gf180mcu_fd_sc_mcu7t5v0__clkbuf_16)
                                                         clknet_3_6__leaf_CLK_I (net)
                      0.143204    0.001511    0.622365 ^ _869_/CLK (gf180mcu_fd_sc_mcu7t5v0__dffq_1)
     4    0.024893    0.284664    0.792545    1.414910 v _869_/Q (gf180mcu_fd_sc_mcu7t5v0__dffq_1)
                                                         addr_set_register[3] (net)
                      0.284664    0.000395    1.415305 v _455_/A2 (gf180mcu_fd_sc_mcu7t5v0__nand2_1)
     1    0.006489    0.229159    0.212684    1.627989 ^ _455_/ZN (gf180mcu_fd_sc_mcu7t5v0__nand2_1)
                                                         _124_ (net)
                      0.229159    0.000137    1.628126 ^ _457_/A2 (gf180mcu_fd_sc_mcu7t5v0__nand3_1)
     1    0.004832    0.207141    0.162657    1.790783 v _457_/ZN (gf180mcu_fd_sc_mcu7t5v0__nand3_1)
                                                         _003_ (net)
                      0.207141    0.000101    1.790884 v _869_/D (gf180mcu_fd_sc_mcu7t5v0__dffq_1)
                                              1.790884   data arrival time

                                  0.000000    0.000000   clock system_clock (rise edge)
                                  0.000000    0.000000   clock source latency
     1    0.038592    0.000000    0.000000    0.000000 ^ CLK_I (in)
                                                         CLK_I (net)
                      0.003969    0.001624    0.001624 ^ clkbuf_0_CLK_I/I (gf180mcu_fd_sc_mcu7t5v0__clkbuf_16)
     8    0.199667    0.248974    0.319365    0.320989 ^ clkbuf_0_CLK_I/Z (gf180mcu_fd_sc_mcu7t5v0__clkbuf_16)
                                                         clknet_0_CLK_I (net)
                      0.248988    0.002861    0.323849 ^ clkbuf_3_6__f_CLK_I/I (gf180mcu_fd_sc_mcu7t5v0__clkbuf_16)
    13    0.081683    0.143199    0.297006    0.620855 ^ clkbuf_3_6__f_CLK_I/Z (gf180mcu_fd_sc_mcu7t5v0__clkbuf_16)
                                                         clknet_3_6__leaf_CLK_I (net)
                      0.143204    0.001511    0.622365 ^ _869_/CLK (gf180mcu_fd_sc_mcu7t5v0__dffq_1)
                                  0.500000    1.122365   clock uncertainty
                                  0.000000    1.122365   clock reconvergence pessimism
                                  0.064671    1.187036   library hold time
                                              1.187036   data required time
---------------------------------------------------------------------------------------------
                                              1.187036   data required time
                                             -1.790884   data arrival time
---------------------------------------------------------------------------------------------
                                              0.603847   slack (MET)


Startpoint: _826_ (rising edge-triggered flip-flop clocked by system_clock)
Endpoint: _826_ (rising edge-triggered flip-flop clocked by system_clock)
Path Group: system_clock
Path Type: min

Fanout         Cap        Slew       Delay        Time   Description
---------------------------------------------------------------------------------------------
                                  0.000000    0.000000   clock system_clock (rise edge)
                                  0.000000    0.000000   clock source latency
     1    0.038592    0.000000    0.000000    0.000000 ^ CLK_I (in)
                                                         CLK_I (net)
                      0.003969    0.001624    0.001624 ^ clkbuf_0_CLK_I/I (gf180mcu_fd_sc_mcu7t5v0__clkbuf_16)
     8    0.199667    0.248974    0.319365    0.320989 ^ clkbuf_0_CLK_I/Z (gf180mcu_fd_sc_mcu7t5v0__clkbuf_16)
                                                         clknet_0_CLK_I (net)
                      0.248986    0.002669    0.323658 ^ clkbuf_3_1__f_CLK_I/I (gf180mcu_fd_sc_mcu7t5v0__clkbuf_16)
    10    0.060680    0.125309    0.283392    0.607050 ^ clkbuf_3_1__f_CLK_I/Z (gf180mcu_fd_sc_mcu7t5v0__clkbuf_16)
                                                         clknet_3_1__leaf_CLK_I (net)
                      0.125311    0.000911    0.607960 ^ _826_/CLK (gf180mcu_fd_sc_mcu7t5v0__dffq_1)
     5    0.027710    0.309460    0.806047    1.414007 v _826_/Q (gf180mcu_fd_sc_mcu7t5v0__dffq_1)
                                                         write_request_internal_flag (net)
                      0.309462    0.000616    1.414623 v _706_/I1 (gf180mcu_fd_sc_mcu7t5v0__mux2_2)
     1    0.004223    0.120310    0.385924    1.800547 v _706_/Z (gf180mcu_fd_sc_mcu7t5v0__mux2_2)
                                                         _039_ (net)
                      0.120310    0.000049    1.800596 v _826_/D (gf180mcu_fd_sc_mcu7t5v0__dffq_1)
                                              1.800596   data arrival time

                                  0.000000    0.000000   clock system_clock (rise edge)
                                  0.000000    0.000000   clock source latency
     1    0.038592    0.000000    0.000000    0.000000 ^ CLK_I (in)
                                                         CLK_I (net)
                      0.003969    0.001624    0.001624 ^ clkbuf_0_CLK_I/I (gf180mcu_fd_sc_mcu7t5v0__clkbuf_16)
     8    0.199667    0.248974    0.319365    0.320989 ^ clkbuf_0_CLK_I/Z (gf180mcu_fd_sc_mcu7t5v0__clkbuf_16)
                                                         clknet_0_CLK_I (net)
                      0.248986    0.002669    0.323658 ^ clkbuf_3_1__f_CLK_I/I (gf180mcu_fd_sc_mcu7t5v0__clkbuf_16)
    10    0.060680    0.125309    0.283392    0.607050 ^ clkbuf_3_1__f_CLK_I/Z (gf180mcu_fd_sc_mcu7t5v0__clkbuf_16)
                                                         clknet_3_1__leaf_CLK_I (net)
                      0.125311    0.000911    0.607960 ^ _826_/CLK (gf180mcu_fd_sc_mcu7t5v0__dffq_1)
                                  0.500000    1.107960   clock uncertainty
                                  0.000000    1.107960   clock reconvergence pessimism
                                  0.085448    1.193408   library hold time
                                              1.193408   data required time
---------------------------------------------------------------------------------------------
                                              1.193408   data required time
                                             -1.800596   data arrival time
---------------------------------------------------------------------------------------------
                                              0.607188   slack (MET)


Startpoint: _887_ (rising edge-triggered flip-flop clocked by system_clock)
Endpoint: _887_ (rising edge-triggered flip-flop clocked by system_clock)
Path Group: system_clock
Path Type: min

Fanout         Cap        Slew       Delay        Time   Description
---------------------------------------------------------------------------------------------
                                  0.000000    0.000000   clock system_clock (rise edge)
                                  0.000000    0.000000   clock source latency
     1    0.038592    0.000000    0.000000    0.000000 ^ CLK_I (in)
                                                         CLK_I (net)
                      0.003969    0.001624    0.001624 ^ clkbuf_0_CLK_I/I (gf180mcu_fd_sc_mcu7t5v0__clkbuf_16)
     8    0.199667    0.248974    0.319365    0.320989 ^ clkbuf_0_CLK_I/Z (gf180mcu_fd_sc_mcu7t5v0__clkbuf_16)
                                                         clknet_0_CLK_I (net)
                      0.248988    0.002884    0.323872 ^ clkbuf_3_4__f_CLK_I/I (gf180mcu_fd_sc_mcu7t5v0__clkbuf_16)
     9    0.077369    0.139552    0.294285    0.618157 ^ clkbuf_3_4__f_CLK_I/Z (gf180mcu_fd_sc_mcu7t5v0__clkbuf_16)
                                                         clknet_3_4__leaf_CLK_I (net)
                      0.139559    0.001728    0.619885 ^ _887_/CLK (gf180mcu_fd_sc_mcu7t5v0__dffq_1)
     5    0.028861    0.319642    0.815889    1.435774 v _887_/Q (gf180mcu_fd_sc_mcu7t5v0__dffq_1)
                                                         addr_pointer_register_internal[5] (net)
                      0.319644    0.000617    1.436391 v _581_/A1 (gf180mcu_fd_sc_mcu7t5v0__nor2_1)
     1    0.005974    0.296083    0.254294    1.690685 ^ _581_/ZN (gf180mcu_fd_sc_mcu7t5v0__nor2_1)
                                                         _232_ (net)
                      0.296083    0.000065    1.690750 ^ _582_/A2 (gf180mcu_fd_sc_mcu7t5v0__aoi22_1)
     1    0.004018    0.147835    0.117654    1.808404 v _582_/ZN (gf180mcu_fd_sc_mcu7t5v0__aoi22_1)
                                                         _021_ (net)
                      0.147835    0.000080    1.808484 v _887_/D (gf180mcu_fd_sc_mcu7t5v0__dffq_1)
                                              1.808484   data arrival time

                                  0.000000    0.000000   clock system_clock (rise edge)
                                  0.000000    0.000000   clock source latency
     1    0.038592    0.000000    0.000000    0.000000 ^ CLK_I (in)
                                                         CLK_I (net)
                      0.003969    0.001624    0.001624 ^ clkbuf_0_CLK_I/I (gf180mcu_fd_sc_mcu7t5v0__clkbuf_16)
     8    0.199667    0.248974    0.319365    0.320989 ^ clkbuf_0_CLK_I/Z (gf180mcu_fd_sc_mcu7t5v0__clkbuf_16)
                                                         clknet_0_CLK_I (net)
                      0.248988    0.002884    0.323872 ^ clkbuf_3_4__f_CLK_I/I (gf180mcu_fd_sc_mcu7t5v0__clkbuf_16)
     9    0.077369    0.139552    0.294285    0.618157 ^ clkbuf_3_4__f_CLK_I/Z (gf180mcu_fd_sc_mcu7t5v0__clkbuf_16)
                                                         clknet_3_4__leaf_CLK_I (net)
                      0.139559    0.001728    0.619885 ^ _887_/CLK (gf180mcu_fd_sc_mcu7t5v0__dffq_1)
                                  0.500000    1.119885   clock uncertainty
                                  0.000000    1.119885   clock reconvergence pessimism
                                  0.081144    1.201029   library hold time
                                              1.201029   data required time
---------------------------------------------------------------------------------------------
                                              1.201029   data required time
                                             -1.808484   data arrival time
---------------------------------------------------------------------------------------------
                                              0.607455   slack (MET)


Startpoint: _872_ (rising edge-triggered flip-flop clocked by system_clock)
Endpoint: _872_ (rising edge-triggered flip-flop clocked by system_clock)
Path Group: system_clock
Path Type: min

Fanout         Cap        Slew       Delay        Time   Description
---------------------------------------------------------------------------------------------
                                  0.000000    0.000000   clock system_clock (rise edge)
                                  0.000000    0.000000   clock source latency
     1    0.038592    0.000000    0.000000    0.000000 ^ CLK_I (in)
                                                         CLK_I (net)
                      0.003969    0.001624    0.001624 ^ clkbuf_0_CLK_I/I (gf180mcu_fd_sc_mcu7t5v0__clkbuf_16)
     8    0.199667    0.248974    0.319365    0.320989 ^ clkbuf_0_CLK_I/Z (gf180mcu_fd_sc_mcu7t5v0__clkbuf_16)
                                                         clknet_0_CLK_I (net)
                      0.248988    0.002861    0.323849 ^ clkbuf_3_6__f_CLK_I/I (gf180mcu_fd_sc_mcu7t5v0__clkbuf_16)
    13    0.081683    0.143199    0.297006    0.620855 ^ clkbuf_3_6__f_CLK_I/Z (gf180mcu_fd_sc_mcu7t5v0__clkbuf_16)
                                                         clknet_3_6__leaf_CLK_I (net)
                      0.143203    0.001325    0.622180 ^ _872_/CLK (gf180mcu_fd_sc_mcu7t5v0__dffq_1)
     4    0.027729    0.309659    0.809817    1.431997 v _872_/Q (gf180mcu_fd_sc_mcu7t5v0__dffq_1)
                                                         addr_set_register[6] (net)
                      0.309659    0.000381    1.432378 v _463_/A1 (gf180mcu_fd_sc_mcu7t5v0__oai21_1)
     1    0.005308    0.306245    0.261113    1.693491 ^ _463_/ZN (gf180mcu_fd_sc_mcu7t5v0__oai21_1)
                                                         _129_ (net)
                      0.306245    0.000102    1.693593 ^ _465_/A1 (gf180mcu_fd_sc_mcu7t5v0__nor2_1)
     1    0.004149    0.148018    0.122108    1.815701 v _465_/ZN (gf180mcu_fd_sc_mcu7t5v0__nor2_1)
                                                         _006_ (net)
                      0.148018    0.000082    1.815783 v _872_/D (gf180mcu_fd_sc_mcu7t5v0__dffq_1)
                                              1.815783   data arrival time

                                  0.000000    0.000000   clock system_clock (rise edge)
                                  0.000000    0.000000   clock source latency
     1    0.038592    0.000000    0.000000    0.000000 ^ CLK_I (in)
                                                         CLK_I (net)
                      0.003969    0.001624    0.001624 ^ clkbuf_0_CLK_I/I (gf180mcu_fd_sc_mcu7t5v0__clkbuf_16)
     8    0.199667    0.248974    0.319365    0.320989 ^ clkbuf_0_CLK_I/Z (gf180mcu_fd_sc_mcu7t5v0__clkbuf_16)
                                                         clknet_0_CLK_I (net)
                      0.248988    0.002861    0.323849 ^ clkbuf_3_6__f_CLK_I/I (gf180mcu_fd_sc_mcu7t5v0__clkbuf_16)
    13    0.081683    0.143199    0.297006    0.620855 ^ clkbuf_3_6__f_CLK_I/Z (gf180mcu_fd_sc_mcu7t5v0__clkbuf_16)
                                                         clknet_3_6__leaf_CLK_I (net)
                      0.143203    0.001325    0.622180 ^ _872_/CLK (gf180mcu_fd_sc_mcu7t5v0__dffq_1)
                                  0.500000    1.122180   clock uncertainty
                                  0.000000    1.122180   clock reconvergence pessimism
                                  0.081698    1.203878   library hold time
                                              1.203878   data required time
---------------------------------------------------------------------------------------------
                                              1.203878   data required time
                                             -1.815783   data arrival time
---------------------------------------------------------------------------------------------
                                              0.611905   slack (MET)


Startpoint: _899_ (rising edge-triggered flip-flop clocked by system_clock)
Endpoint: _846_ (rising edge-triggered flip-flop clocked by system_clock)
Path Group: system_clock
Path Type: min

Fanout         Cap        Slew       Delay        Time   Description
---------------------------------------------------------------------------------------------
                                  0.000000    0.000000   clock system_clock (rise edge)
                                  0.000000    0.000000   clock source latency
     1    0.038592    0.000000    0.000000    0.000000 ^ CLK_I (in)
                                                         CLK_I (net)
                      0.003969    0.001624    0.001624 ^ clkbuf_0_CLK_I/I (gf180mcu_fd_sc_mcu7t5v0__clkbuf_16)
     8    0.199667    0.248974    0.319365    0.320989 ^ clkbuf_0_CLK_I/Z (gf180mcu_fd_sc_mcu7t5v0__clkbuf_16)
                                                         clknet_0_CLK_I (net)
                      0.248993    0.003284    0.324272 ^ clkbuf_3_2__f_CLK_I/I (gf180mcu_fd_sc_mcu7t5v0__clkbuf_16)
    16    0.074071    0.136789    0.292311    0.616584 ^ clkbuf_3_2__f_CLK_I/Z (gf180mcu_fd_sc_mcu7t5v0__clkbuf_16)
                                                         clknet_3_2__leaf_CLK_I (net)
                      0.136791    0.000939    0.617522 ^ _899_/CLK (gf180mcu_fd_sc_mcu7t5v0__dffq_1)
     3    0.032360    0.350598    0.836093    1.453615 v _899_/Q (gf180mcu_fd_sc_mcu7t5v0__dffq_1)
                                                         i2c_scl_in_synchronised_internal (net)
                      0.350599    0.000512    1.454127 v _421_/I (gf180mcu_fd_sc_mcu7t5v0__clkinv_1)
     3    0.012940    0.281739    0.246616    1.700743 ^ _421_/ZN (gf180mcu_fd_sc_mcu7t5v0__clkinv_1)
                                                         _094_ (net)
                      0.281739    0.000192    1.700935 ^ _773_/A1 (gf180mcu_fd_sc_mcu7t5v0__nor2_1)
     1    0.003556    0.135194    0.112589    1.813524 v _773_/ZN (gf180mcu_fd_sc_mcu7t5v0__nor2_1)
                                                         _059_ (net)
                      0.135194    0.000038    1.813563 v _846_/D (gf180mcu_fd_sc_mcu7t5v0__dffq_1)
                                              1.813563   data arrival time

                                  0.000000    0.000000   clock system_clock (rise edge)
                                  0.000000    0.000000   clock source latency
     1    0.038592    0.000000    0.000000    0.000000 ^ CLK_I (in)
                                                         CLK_I (net)
                      0.003969    0.001624    0.001624 ^ clkbuf_0_CLK_I/I (gf180mcu_fd_sc_mcu7t5v0__clkbuf_16)
     8    0.199667    0.248974    0.319365    0.320989 ^ clkbuf_0_CLK_I/Z (gf180mcu_fd_sc_mcu7t5v0__clkbuf_16)
                                                         clknet_0_CLK_I (net)
                      0.248993    0.003284    0.324272 ^ clkbuf_3_2__f_CLK_I/I (gf180mcu_fd_sc_mcu7t5v0__clkbuf_16)
    16    0.074071    0.136789    0.292311    0.616584 ^ clkbuf_3_2__f_CLK_I/Z (gf180mcu_fd_sc_mcu7t5v0__clkbuf_16)
                                                         clknet_3_2__leaf_CLK_I (net)
                      0.136791    0.000927    0.617510 ^ _846_/CLK (gf180mcu_fd_sc_mcu7t5v0__dffq_1)
                                  0.500000    1.117510   clock uncertainty
                                  0.000000    1.117510   clock reconvergence pessimism
                                  0.083884    1.201394   library hold time
                                              1.201394   data required time
---------------------------------------------------------------------------------------------
                                              1.201394   data required time
                                             -1.813563   data arrival time
---------------------------------------------------------------------------------------------
                                              0.612169   slack (MET)


Startpoint: _855_ (rising edge-triggered flip-flop clocked by system_clock)
Endpoint: _855_ (rising edge-triggered flip-flop clocked by system_clock)
Path Group: system_clock
Path Type: min

Fanout         Cap        Slew       Delay        Time   Description
---------------------------------------------------------------------------------------------
                                  0.000000    0.000000   clock system_clock (rise edge)
                                  0.000000    0.000000   clock source latency
     1    0.038592    0.000000    0.000000    0.000000 ^ CLK_I (in)
                                                         CLK_I (net)
                      0.003969    0.001624    0.001624 ^ clkbuf_0_CLK_I/I (gf180mcu_fd_sc_mcu7t5v0__clkbuf_16)
     8    0.199667    0.248974    0.319365    0.320989 ^ clkbuf_0_CLK_I/Z (gf180mcu_fd_sc_mcu7t5v0__clkbuf_16)
                                                         clknet_0_CLK_I (net)
                      0.248986    0.002626    0.323615 ^ clkbuf_3_5__f_CLK_I/I (gf180mcu_fd_sc_mcu7t5v0__clkbuf_16)
    11    0.065995    0.129925    0.287171    0.610786 ^ clkbuf_3_5__f_CLK_I/Z (gf180mcu_fd_sc_mcu7t5v0__clkbuf_16)
                                                         clknet_3_5__leaf_CLK_I (net)
                      0.129925    0.000244    0.611030 ^ _855_/CLK (gf180mcu_fd_sc_mcu7t5v0__dffq_1)
     2    0.013300    0.185344    0.715724    1.326754 v _855_/Q (gf180mcu_fd_sc_mcu7t5v0__dffq_1)
                                                         net20 (net)
                      0.185344    0.000096    1.326850 v _790_/B2 (gf180mcu_fd_sc_mcu7t5v0__aoi22_1)
     1    0.007221    0.276383    0.276259    1.603109 ^ _790_/ZN (gf180mcu_fd_sc_mcu7t5v0__aoi22_1)
                                                         _394_ (net)
                      0.276383    0.000102    1.603211 ^ _791_/A2 (gf180mcu_fd_sc_mcu7t5v0__nor2_1)
     1    0.008218    0.214313    0.183711    1.786922 v _791_/ZN (gf180mcu_fd_sc_mcu7t5v0__nor2_1)
                                                         _068_ (net)
                      0.214313    0.000205    1.787127 v _855_/D (gf180mcu_fd_sc_mcu7t5v0__dffq_1)
                                              1.787127   data arrival time

                                  0.000000    0.000000   clock system_clock (rise edge)
                                  0.000000    0.000000   clock source latency
     1    0.038592    0.000000    0.000000    0.000000 ^ CLK_I (in)
                                                         CLK_I (net)
                      0.003969    0.001624    0.001624 ^ clkbuf_0_CLK_I/I (gf180mcu_fd_sc_mcu7t5v0__clkbuf_16)
     8    0.199667    0.248974    0.319365    0.320989 ^ clkbuf_0_CLK_I/Z (gf180mcu_fd_sc_mcu7t5v0__clkbuf_16)
                                                         clknet_0_CLK_I (net)
                      0.248986    0.002626    0.323615 ^ clkbuf_3_5__f_CLK_I/I (gf180mcu_fd_sc_mcu7t5v0__clkbuf_16)
    11    0.065995    0.129925    0.287171    0.610786 ^ clkbuf_3_5__f_CLK_I/Z (gf180mcu_fd_sc_mcu7t5v0__clkbuf_16)
                                                         clknet_3_5__leaf_CLK_I (net)
                      0.129925    0.000244    0.611030 ^ _855_/CLK (gf180mcu_fd_sc_mcu7t5v0__dffq_1)
                                  0.500000    1.111030   clock uncertainty
                                  0.000000    1.111030   clock reconvergence pessimism
                                  0.060244    1.171274   library hold time
                                              1.171274   data required time
---------------------------------------------------------------------------------------------
                                              1.171274   data required time
                                             -1.787127   data arrival time
---------------------------------------------------------------------------------------------
                                              0.615853   slack (MET)


Startpoint: _867_ (rising edge-triggered flip-flop clocked by system_clock)
Endpoint: _867_ (rising edge-triggered flip-flop clocked by system_clock)
Path Group: system_clock
Path Type: min

Fanout         Cap        Slew       Delay        Time   Description
---------------------------------------------------------------------------------------------
                                  0.000000    0.000000   clock system_clock (rise edge)
                                  0.000000    0.000000   clock source latency
     1    0.038592    0.000000    0.000000    0.000000 ^ CLK_I (in)
                                                         CLK_I (net)
                      0.003969    0.001624    0.001624 ^ clkbuf_0_CLK_I/I (gf180mcu_fd_sc_mcu7t5v0__clkbuf_16)
     8    0.199667    0.248974    0.319365    0.320989 ^ clkbuf_0_CLK_I/Z (gf180mcu_fd_sc_mcu7t5v0__clkbuf_16)
                                                         clknet_0_CLK_I (net)
                      0.248990    0.003054    0.324043 ^ clkbuf_3_3__f_CLK_I/I (gf180mcu_fd_sc_mcu7t5v0__clkbuf_16)
    10    0.064818    0.128906    0.286354    0.610397 ^ clkbuf_3_3__f_CLK_I/Z (gf180mcu_fd_sc_mcu7t5v0__clkbuf_16)
                                                         clknet_3_3__leaf_CLK_I (net)
                      0.128906    0.000400    0.610797 ^ _867_/CLK (gf180mcu_fd_sc_mcu7t5v0__dffq_1)
     3    0.016062    0.208267    0.734072    1.344869 v _867_/Q (gf180mcu_fd_sc_mcu7t5v0__dffq_1)
                                                         addr_set_register[1] (net)
                      0.208267    0.000179    1.345048 v _408_/I (gf180mcu_fd_sc_mcu7t5v0__clkinv_1)
     3    0.019259    0.355058    0.266387    1.611435 ^ _408_/ZN (gf180mcu_fd_sc_mcu7t5v0__clkinv_1)
                                                         _081_ (net)
                      0.355058    0.000404    1.611838 ^ _816_/A1 (gf180mcu_fd_sc_mcu7t5v0__oai211_1)
     1    0.004176    0.224657    0.178150    1.789988 v _816_/ZN (gf180mcu_fd_sc_mcu7t5v0__oai211_1)
                                                         _080_ (net)
                      0.224657    0.000080    1.790069 v _867_/D (gf180mcu_fd_sc_mcu7t5v0__dffq_1)
                                              1.790069   data arrival time

                                  0.000000    0.000000   clock system_clock (rise edge)
                                  0.000000    0.000000   clock source latency
     1    0.038592    0.000000    0.000000    0.000000 ^ CLK_I (in)
                                                         CLK_I (net)
                      0.003969    0.001624    0.001624 ^ clkbuf_0_CLK_I/I (gf180mcu_fd_sc_mcu7t5v0__clkbuf_16)
     8    0.199667    0.248974    0.319365    0.320989 ^ clkbuf_0_CLK_I/Z (gf180mcu_fd_sc_mcu7t5v0__clkbuf_16)
                                                         clknet_0_CLK_I (net)
                      0.248990    0.003054    0.324043 ^ clkbuf_3_3__f_CLK_I/I (gf180mcu_fd_sc_mcu7t5v0__clkbuf_16)
    10    0.064818    0.128906    0.286354    0.610397 ^ clkbuf_3_3__f_CLK_I/Z (gf180mcu_fd_sc_mcu7t5v0__clkbuf_16)
                                                         clknet_3_3__leaf_CLK_I (net)
                      0.128906    0.000400    0.610797 ^ _867_/CLK (gf180mcu_fd_sc_mcu7t5v0__dffq_1)
                                  0.500000    1.110797   clock uncertainty
                                  0.000000    1.110797   clock reconvergence pessimism
                                  0.057059    1.167856   library hold time
                                              1.167856   data required time
---------------------------------------------------------------------------------------------
                                              1.167856   data required time
                                             -1.790069   data arrival time
---------------------------------------------------------------------------------------------
                                              0.622213   slack (MET)


Startpoint: _889_ (rising edge-triggered flip-flop clocked by system_clock)
Endpoint: _889_ (rising edge-triggered flip-flop clocked by system_clock)
Path Group: system_clock
Path Type: min

Fanout         Cap        Slew       Delay        Time   Description
---------------------------------------------------------------------------------------------
                                  0.000000    0.000000   clock system_clock (rise edge)
                                  0.000000    0.000000   clock source latency
     1    0.038592    0.000000    0.000000    0.000000 ^ CLK_I (in)
                                                         CLK_I (net)
                      0.003969    0.001624    0.001624 ^ clkbuf_0_CLK_I/I (gf180mcu_fd_sc_mcu7t5v0__clkbuf_16)
     8    0.199667    0.248974    0.319365    0.320989 ^ clkbuf_0_CLK_I/Z (gf180mcu_fd_sc_mcu7t5v0__clkbuf_16)
                                                         clknet_0_CLK_I (net)
                      0.248988    0.002884    0.323872 ^ clkbuf_3_4__f_CLK_I/I (gf180mcu_fd_sc_mcu7t5v0__clkbuf_16)
     9    0.077369    0.139552    0.294285    0.618157 ^ clkbuf_3_4__f_CLK_I/Z (gf180mcu_fd_sc_mcu7t5v0__clkbuf_16)
                                                         clknet_3_4__leaf_CLK_I (net)
                      0.139552    0.000070    0.618228 ^ _889_/CLK (gf180mcu_fd_sc_mcu7t5v0__dffq_1)
     4    0.030103    0.330671    0.823560    1.441787 v _889_/Q (gf180mcu_fd_sc_mcu7t5v0__dffq_1)
                                                         addr_pointer_register_internal[7] (net)
                      0.330672    0.000453    1.442240 v _588_/A1 (gf180mcu_fd_sc_mcu7t5v0__nor2_1)
     1    0.006953    0.330929    0.273314    1.715554 ^ _588_/ZN (gf180mcu_fd_sc_mcu7t5v0__nor2_1)
                                                         _237_ (net)
                      0.330929    0.000146    1.715700 ^ _591_/A1 (gf180mcu_fd_sc_mcu7t5v0__nor2_1)
     1    0.003070    0.140932    0.110736    1.826436 v _591_/ZN (gf180mcu_fd_sc_mcu7t5v0__nor2_1)
                                                         _023_ (net)
                      0.140932    0.000031    1.826467 v _889_/D (gf180mcu_fd_sc_mcu7t5v0__dffq_1)
                                              1.826467   data arrival time

                                  0.000000    0.000000   clock system_clock (rise edge)
                                  0.000000    0.000000   clock source latency
     1    0.038592    0.000000    0.000000    0.000000 ^ CLK_I (in)
                                                         CLK_I (net)
                      0.003969    0.001624    0.001624 ^ clkbuf_0_CLK_I/I (gf180mcu_fd_sc_mcu7t5v0__clkbuf_16)
     8    0.199667    0.248974    0.319365    0.320989 ^ clkbuf_0_CLK_I/Z (gf180mcu_fd_sc_mcu7t5v0__clkbuf_16)
                                                         clknet_0_CLK_I (net)
                      0.248988    0.002884    0.323872 ^ clkbuf_3_4__f_CLK_I/I (gf180mcu_fd_sc_mcu7t5v0__clkbuf_16)
     9    0.077369    0.139552    0.294285    0.618157 ^ clkbuf_3_4__f_CLK_I/Z (gf180mcu_fd_sc_mcu7t5v0__clkbuf_16)
                                                         clknet_3_4__leaf_CLK_I (net)
                      0.139552    0.000070    0.618228 ^ _889_/CLK (gf180mcu_fd_sc_mcu7t5v0__dffq_1)
                                  0.500000    1.118228   clock uncertainty
                                  0.000000    1.118228   clock reconvergence pessimism
                                  0.082984    1.201211   library hold time
                                              1.201211   data required time
---------------------------------------------------------------------------------------------
                                              1.201211   data required time
                                             -1.826467   data arrival time
---------------------------------------------------------------------------------------------
                                              0.625256   slack (MET)


Startpoint: _817_ (rising edge-triggered flip-flop clocked by system_clock)
Endpoint: _817_ (rising edge-triggered flip-flop clocked by system_clock)
Path Group: system_clock
Path Type: min

Fanout         Cap        Slew       Delay        Time   Description
---------------------------------------------------------------------------------------------
                                  0.000000    0.000000   clock system_clock (rise edge)
                                  0.000000    0.000000   clock source latency
     1    0.038592    0.000000    0.000000    0.000000 ^ CLK_I (in)
                                                         CLK_I (net)
                      0.003969    0.001624    0.001624 ^ clkbuf_0_CLK_I/I (gf180mcu_fd_sc_mcu7t5v0__clkbuf_16)
     8    0.199667    0.248974    0.319365    0.320989 ^ clkbuf_0_CLK_I/Z (gf180mcu_fd_sc_mcu7t5v0__clkbuf_16)
                                                         clknet_0_CLK_I (net)
                      0.248993    0.003284    0.324272 ^ clkbuf_3_2__f_CLK_I/I (gf180mcu_fd_sc_mcu7t5v0__clkbuf_16)
    16    0.074071    0.136789    0.292311    0.616584 ^ clkbuf_3_2__f_CLK_I/Z (gf180mcu_fd_sc_mcu7t5v0__clkbuf_16)
                                                         clknet_3_2__leaf_CLK_I (net)
                      0.136790    0.000721    0.617305 ^ _817_/CLK (gf180mcu_fd_sc_mcu7t5v0__dffq_1)
     2    0.013187    0.184413    0.716360    1.333665 v _817_/Q (gf180mcu_fd_sc_mcu7t5v0__dffq_1)
                                                         net32 (net)
                      0.184413    0.000109    1.333774 v _437_/I (gf180mcu_fd_sc_mcu7t5v0__clkinv_1)
     2    0.006977    0.169237    0.144675    1.478449 ^ _437_/ZN (gf180mcu_fd_sc_mcu7t5v0__clkinv_1)
                                                         net33 (net)
                      0.169237    0.000106    1.478554 ^ _674_/A2 (gf180mcu_fd_sc_mcu7t5v0__or2_1)
     1    0.005716    0.153796    0.259981    1.738536 ^ _674_/Z (gf180mcu_fd_sc_mcu7t5v0__or2_1)
                                                         _316_ (net)
                      0.153796    0.000110    1.738646 ^ _675_/A2 (gf180mcu_fd_sc_mcu7t5v0__nand2_1)
     1    0.002924    0.107053    0.095524    1.834170 v _675_/ZN (gf180mcu_fd_sc_mcu7t5v0__nand2_1)
                                                         _030_ (net)
                      0.107053    0.000028    1.834198 v _817_/D (gf180mcu_fd_sc_mcu7t5v0__dffq_1)
                                              1.834198   data arrival time

                                  0.000000    0.000000   clock system_clock (rise edge)
                                  0.000000    0.000000   clock source latency
     1    0.038592    0.000000    0.000000    0.000000 ^ CLK_I (in)
                                                         CLK_I (net)
                      0.003969    0.001624    0.001624 ^ clkbuf_0_CLK_I/I (gf180mcu_fd_sc_mcu7t5v0__clkbuf_16)
     8    0.199667    0.248974    0.319365    0.320989 ^ clkbuf_0_CLK_I/Z (gf180mcu_fd_sc_mcu7t5v0__clkbuf_16)
                                                         clknet_0_CLK_I (net)
                      0.248993    0.003284    0.324272 ^ clkbuf_3_2__f_CLK_I/I (gf180mcu_fd_sc_mcu7t5v0__clkbuf_16)
    16    0.074071    0.136789    0.292311    0.616584 ^ clkbuf_3_2__f_CLK_I/Z (gf180mcu_fd_sc_mcu7t5v0__clkbuf_16)
                                                         clknet_3_2__leaf_CLK_I (net)
                      0.136790    0.000721    0.617305 ^ _817_/CLK (gf180mcu_fd_sc_mcu7t5v0__dffq_1)
                                  0.500000    1.117305   clock uncertainty
                                  0.000000    1.117305   clock reconvergence pessimism
                                  0.090552    1.207857   library hold time
                                              1.207857   data required time
---------------------------------------------------------------------------------------------
                                              1.207857   data required time
                                             -1.834198   data arrival time
---------------------------------------------------------------------------------------------
                                              0.626341   slack (MET)


Startpoint: _826_ (rising edge-triggered flip-flop clocked by system_clock)
Endpoint: _890_ (rising edge-triggered flip-flop clocked by system_clock)
Path Group: system_clock
Path Type: min

Fanout         Cap        Slew       Delay        Time   Description
---------------------------------------------------------------------------------------------
                                  0.000000    0.000000   clock system_clock (rise edge)
                                  0.000000    0.000000   clock source latency
     1    0.038592    0.000000    0.000000    0.000000 ^ CLK_I (in)
                                                         CLK_I (net)
                      0.003969    0.001624    0.001624 ^ clkbuf_0_CLK_I/I (gf180mcu_fd_sc_mcu7t5v0__clkbuf_16)
     8    0.199667    0.248974    0.319365    0.320989 ^ clkbuf_0_CLK_I/Z (gf180mcu_fd_sc_mcu7t5v0__clkbuf_16)
                                                         clknet_0_CLK_I (net)
                      0.248986    0.002669    0.323658 ^ clkbuf_3_1__f_CLK_I/I (gf180mcu_fd_sc_mcu7t5v0__clkbuf_16)
    10    0.060680    0.125309    0.283392    0.607050 ^ clkbuf_3_1__f_CLK_I/Z (gf180mcu_fd_sc_mcu7t5v0__clkbuf_16)
                                                         clknet_3_1__leaf_CLK_I (net)
                      0.125311    0.000911    0.607960 ^ _826_/CLK (gf180mcu_fd_sc_mcu7t5v0__dffq_1)
     5    0.027710    0.309460    0.806047    1.414007 v _826_/Q (gf180mcu_fd_sc_mcu7t5v0__dffq_1)
                                                         write_request_internal_flag (net)
                      0.309462    0.000628    1.414635 v _598_/A1 (gf180mcu_fd_sc_mcu7t5v0__nand4_1)
     1    0.006832    0.285649    0.260863    1.675498 ^ _598_/ZN (gf180mcu_fd_sc_mcu7t5v0__nand4_1)
                                                         _245_ (net)
                      0.285649    0.000081    1.675579 ^ _599_/B2 (gf180mcu_fd_sc_mcu7t5v0__oai32_1)
     1    0.005325    0.161865    0.136397    1.811975 v _599_/ZN (gf180mcu_fd_sc_mcu7t5v0__oai32_1)
                                                         _024_ (net)
                      0.161865    0.000111    1.812087 v _890_/D (gf180mcu_fd_sc_mcu7t5v0__dffq_1)
                                              1.812087   data arrival time

                                  0.000000    0.000000   clock system_clock (rise edge)
                                  0.000000    0.000000   clock source latency
     1    0.038592    0.000000    0.000000    0.000000 ^ CLK_I (in)
                                                         CLK_I (net)
                      0.003969    0.001624    0.001624 ^ clkbuf_0_CLK_I/I (gf180mcu_fd_sc_mcu7t5v0__clkbuf_16)
     8    0.199667    0.248974    0.319365    0.320989 ^ clkbuf_0_CLK_I/Z (gf180mcu_fd_sc_mcu7t5v0__clkbuf_16)
                                                         clknet_0_CLK_I (net)
                      0.248986    0.002669    0.323658 ^ clkbuf_3_1__f_CLK_I/I (gf180mcu_fd_sc_mcu7t5v0__clkbuf_16)
    10    0.060680    0.125309    0.283392    0.607050 ^ clkbuf_3_1__f_CLK_I/Z (gf180mcu_fd_sc_mcu7t5v0__clkbuf_16)
                                                         clknet_3_1__leaf_CLK_I (net)
                      0.125312    0.001093    0.608142 ^ _890_/CLK (gf180mcu_fd_sc_mcu7t5v0__dffq_1)
                                  0.500000    1.108142   clock uncertainty
                                  0.000000    1.108142   clock reconvergence pessimism
                                  0.074688    1.182830   library hold time
                                              1.182830   data required time
---------------------------------------------------------------------------------------------
                                              1.182830   data required time
                                             -1.812087   data arrival time
---------------------------------------------------------------------------------------------
                                              0.629257   slack (MET)


Startpoint: _818_ (rising edge-triggered flip-flop clocked by system_clock)
Endpoint: _819_ (rising edge-triggered flip-flop clocked by system_clock)
Path Group: system_clock
Path Type: min

Fanout         Cap        Slew       Delay        Time   Description
---------------------------------------------------------------------------------------------
                                  0.000000    0.000000   clock system_clock (rise edge)
                                  0.000000    0.000000   clock source latency
     1    0.038592    0.000000    0.000000    0.000000 ^ CLK_I (in)
                                                         CLK_I (net)
                      0.003969    0.001624    0.001624 ^ clkbuf_0_CLK_I/I (gf180mcu_fd_sc_mcu7t5v0__clkbuf_16)
     8    0.199667    0.248974    0.319365    0.320989 ^ clkbuf_0_CLK_I/Z (gf180mcu_fd_sc_mcu7t5v0__clkbuf_16)
                                                         clknet_0_CLK_I (net)
                      0.248990    0.003054    0.324043 ^ clkbuf_3_3__f_CLK_I/I (gf180mcu_fd_sc_mcu7t5v0__clkbuf_16)
    10    0.064818    0.128906    0.286354    0.610397 ^ clkbuf_3_3__f_CLK_I/Z (gf180mcu_fd_sc_mcu7t5v0__clkbuf_16)
                                                         clknet_3_3__leaf_CLK_I (net)
                      0.128907    0.000576    0.610973 ^ _818_/CLK (gf180mcu_fd_sc_mcu7t5v0__dffq_1)
     4    0.031072    0.339241    0.827190    1.438163 v _818_/Q (gf180mcu_fd_sc_mcu7t5v0__dffq_1)
                                                         recv_data_buffer[0] (net)
                      0.339242    0.000437    1.438600 v _684_/A1 (gf180mcu_fd_sc_mcu7t5v0__nand4_1)
     1    0.005377    0.260034    0.249643    1.688242 ^ _684_/ZN (gf180mcu_fd_sc_mcu7t5v0__nand4_1)
                                                         _324_ (net)
                      0.260034    0.000054    1.688296 ^ _685_/B (gf180mcu_fd_sc_mcu7t5v0__oai21_1)
     1    0.004976    0.158322    0.139189    1.827485 v _685_/ZN (gf180mcu_fd_sc_mcu7t5v0__oai21_1)
                                                         _032_ (net)
                      0.158322    0.000065    1.827550 v _819_/D (gf180mcu_fd_sc_mcu7t5v0__dffq_1)
                                              1.827550   data arrival time

                                  0.000000    0.000000   clock system_clock (rise edge)
                                  0.000000    0.000000   clock source latency
     1    0.038592    0.000000    0.000000    0.000000 ^ CLK_I (in)
                                                         CLK_I (net)
                      0.003969    0.001624    0.001624 ^ clkbuf_0_CLK_I/I (gf180mcu_fd_sc_mcu7t5v0__clkbuf_16)
     8    0.199667    0.248974    0.319365    0.320989 ^ clkbuf_0_CLK_I/Z (gf180mcu_fd_sc_mcu7t5v0__clkbuf_16)
                                                         clknet_0_CLK_I (net)
                      0.248990    0.003054    0.324043 ^ clkbuf_3_3__f_CLK_I/I (gf180mcu_fd_sc_mcu7t5v0__clkbuf_16)
    10    0.064818    0.128906    0.286354    0.610397 ^ clkbuf_3_3__f_CLK_I/Z (gf180mcu_fd_sc_mcu7t5v0__clkbuf_16)
                                                         clknet_3_3__leaf_CLK_I (net)
                      0.128906    0.000490    0.610887 ^ _819_/CLK (gf180mcu_fd_sc_mcu7t5v0__dffq_1)
                                  0.500000    1.110887   clock uncertainty
                                  0.000000    1.110887   clock reconvergence pessimism
                                  0.076324    1.187211   library hold time
                                              1.187211   data required time
---------------------------------------------------------------------------------------------
                                              1.187211   data required time
                                             -1.827550   data arrival time
---------------------------------------------------------------------------------------------
                                              0.640339   slack (MET)


Startpoint: _873_ (rising edge-triggered flip-flop clocked by system_clock)
Endpoint: _873_ (rising edge-triggered flip-flop clocked by system_clock)
Path Group: system_clock
Path Type: min

Fanout         Cap        Slew       Delay        Time   Description
---------------------------------------------------------------------------------------------
                                  0.000000    0.000000   clock system_clock (rise edge)
                                  0.000000    0.000000   clock source latency
     1    0.038592    0.000000    0.000000    0.000000 ^ CLK_I (in)
                                                         CLK_I (net)
                      0.003969    0.001624    0.001624 ^ clkbuf_0_CLK_I/I (gf180mcu_fd_sc_mcu7t5v0__clkbuf_16)
     8    0.199667    0.248974    0.319365    0.320989 ^ clkbuf_0_CLK_I/Z (gf180mcu_fd_sc_mcu7t5v0__clkbuf_16)
                                                         clknet_0_CLK_I (net)
                      0.248988    0.002861    0.323849 ^ clkbuf_3_6__f_CLK_I/I (gf180mcu_fd_sc_mcu7t5v0__clkbuf_16)
    13    0.081683    0.143199    0.297006    0.620855 ^ clkbuf_3_6__f_CLK_I/Z (gf180mcu_fd_sc_mcu7t5v0__clkbuf_16)
                                                         clknet_3_6__leaf_CLK_I (net)
                      0.143205    0.001658    0.622513 ^ _873_/CLK (gf180mcu_fd_sc_mcu7t5v0__dffq_1)
     4    0.029387    0.324302    0.819786    1.442299 v _873_/Q (gf180mcu_fd_sc_mcu7t5v0__dffq_1)
                                                         addr_set_register[7] (net)
                      0.324304    0.000596    1.442896 v _466_/A2 (gf180mcu_fd_sc_mcu7t5v0__nand2_1)
     1    0.008594    0.265657    0.246710    1.689606 ^ _466_/ZN (gf180mcu_fd_sc_mcu7t5v0__nand2_1)
                                                         _131_ (net)
                      0.265657    0.000208    1.689814 ^ _468_/A2 (gf180mcu_fd_sc_mcu7t5v0__nand3_1)
     1    0.003381    0.179914    0.147199    1.837013 v _468_/ZN (gf180mcu_fd_sc_mcu7t5v0__nand3_1)
                                                         _007_ (net)
                      0.179914    0.000035    1.837048 v _873_/D (gf180mcu_fd_sc_mcu7t5v0__dffq_1)
                                              1.837048   data arrival time

                                  0.000000    0.000000   clock system_clock (rise edge)
                                  0.000000    0.000000   clock source latency
     1    0.038592    0.000000    0.000000    0.000000 ^ CLK_I (in)
                                                         CLK_I (net)
                      0.003969    0.001624    0.001624 ^ clkbuf_0_CLK_I/I (gf180mcu_fd_sc_mcu7t5v0__clkbuf_16)
     8    0.199667    0.248974    0.319365    0.320989 ^ clkbuf_0_CLK_I/Z (gf180mcu_fd_sc_mcu7t5v0__clkbuf_16)
                                                         clknet_0_CLK_I (net)
                      0.248988    0.002861    0.323849 ^ clkbuf_3_6__f_CLK_I/I (gf180mcu_fd_sc_mcu7t5v0__clkbuf_16)
    13    0.081683    0.143199    0.297006    0.620855 ^ clkbuf_3_6__f_CLK_I/Z (gf180mcu_fd_sc_mcu7t5v0__clkbuf_16)
                                                         clknet_3_6__leaf_CLK_I (net)
                      0.143205    0.001658    0.622513 ^ _873_/CLK (gf180mcu_fd_sc_mcu7t5v0__dffq_1)
                                  0.500000    1.122513   clock uncertainty
                                  0.000000    1.122513   clock reconvergence pessimism
                                  0.072513    1.195026   library hold time
                                              1.195026   data required time
---------------------------------------------------------------------------------------------
                                              1.195026   data required time
                                             -1.837048   data arrival time
---------------------------------------------------------------------------------------------
                                              0.642022   slack (MET)


Startpoint: _853_ (rising edge-triggered flip-flop clocked by system_clock)
Endpoint: _853_ (rising edge-triggered flip-flop clocked by system_clock)
Path Group: system_clock
Path Type: min

Fanout         Cap        Slew       Delay        Time   Description
---------------------------------------------------------------------------------------------
                                  0.000000    0.000000   clock system_clock (rise edge)
                                  0.000000    0.000000   clock source latency
     1    0.038592    0.000000    0.000000    0.000000 ^ CLK_I (in)
                                                         CLK_I (net)
                      0.003969    0.001624    0.001624 ^ clkbuf_0_CLK_I/I (gf180mcu_fd_sc_mcu7t5v0__clkbuf_16)
     8    0.199667    0.248974    0.319365    0.320989 ^ clkbuf_0_CLK_I/Z (gf180mcu_fd_sc_mcu7t5v0__clkbuf_16)
                                                         clknet_0_CLK_I (net)
                      0.248986    0.002626    0.323615 ^ clkbuf_3_5__f_CLK_I/I (gf180mcu_fd_sc_mcu7t5v0__clkbuf_16)
    11    0.065995    0.129925    0.287171    0.610786 ^ clkbuf_3_5__f_CLK_I/Z (gf180mcu_fd_sc_mcu7t5v0__clkbuf_16)
                                                         clknet_3_5__leaf_CLK_I (net)
                      0.129925    0.000366    0.611152 ^ _853_/CLK (gf180mcu_fd_sc_mcu7t5v0__dffq_1)
     2    0.011665    0.171752    0.704753    1.315905 v _853_/Q (gf180mcu_fd_sc_mcu7t5v0__dffq_1)
                                                         net18 (net)
                      0.171752    0.000213    1.316118 v _786_/B2 (gf180mcu_fd_sc_mcu7t5v0__aoi22_1)
     1    0.009197    0.314611    0.298796    1.614914 ^ _786_/ZN (gf180mcu_fd_sc_mcu7t5v0__aoi22_1)
                                                         _392_ (net)
                      0.314611    0.000232    1.615146 ^ _787_/A2 (gf180mcu_fd_sc_mcu7t5v0__nor2_1)
     1    0.008815    0.228307    0.196584    1.811730 v _787_/ZN (gf180mcu_fd_sc_mcu7t5v0__nor2_1)
                                                         _066_ (net)
                      0.228307    0.000227    1.811958 v _853_/D (gf180mcu_fd_sc_mcu7t5v0__dffq_1)
                                              1.811958   data arrival time

                                  0.000000    0.000000   clock system_clock (rise edge)
                                  0.000000    0.000000   clock source latency
     1    0.038592    0.000000    0.000000    0.000000 ^ CLK_I (in)
                                                         CLK_I (net)
                      0.003969    0.001624    0.001624 ^ clkbuf_0_CLK_I/I (gf180mcu_fd_sc_mcu7t5v0__clkbuf_16)
     8    0.199667    0.248974    0.319365    0.320989 ^ clkbuf_0_CLK_I/Z (gf180mcu_fd_sc_mcu7t5v0__clkbuf_16)
                                                         clknet_0_CLK_I (net)
                      0.248986    0.002626    0.323615 ^ clkbuf_3_5__f_CLK_I/I (gf180mcu_fd_sc_mcu7t5v0__clkbuf_16)
    11    0.065995    0.129925    0.287171    0.610786 ^ clkbuf_3_5__f_CLK_I/Z (gf180mcu_fd_sc_mcu7t5v0__clkbuf_16)
                                                         clknet_3_5__leaf_CLK_I (net)
                      0.129925    0.000366    0.611152 ^ _853_/CLK (gf180mcu_fd_sc_mcu7t5v0__dffq_1)
                                  0.500000    1.111152   clock uncertainty
                                  0.000000    1.111152   clock reconvergence pessimism
                                  0.056182    1.167334   library hold time
                                              1.167334   data required time
---------------------------------------------------------------------------------------------
                                              1.167334   data required time
                                             -1.811958   data arrival time
---------------------------------------------------------------------------------------------
                                              0.644623   slack (MET)


Startpoint: _828_ (rising edge-triggered flip-flop clocked by system_clock)
Endpoint: _829_ (rising edge-triggered flip-flop clocked by system_clock)
Path Group: system_clock
Path Type: min

Fanout         Cap        Slew       Delay        Time   Description
---------------------------------------------------------------------------------------------
                                  0.000000    0.000000   clock system_clock (rise edge)
                                  0.000000    0.000000   clock source latency
     1    0.038592    0.000000    0.000000    0.000000 ^ CLK_I (in)
                                                         CLK_I (net)
                      0.003969    0.001624    0.001624 ^ clkbuf_0_CLK_I/I (gf180mcu_fd_sc_mcu7t5v0__clkbuf_16)
     8    0.199667    0.248974    0.319365    0.320989 ^ clkbuf_0_CLK_I/Z (gf180mcu_fd_sc_mcu7t5v0__clkbuf_16)
                                                         clknet_0_CLK_I (net)
                      0.248986    0.002669    0.323658 ^ clkbuf_3_1__f_CLK_I/I (gf180mcu_fd_sc_mcu7t5v0__clkbuf_16)
    10    0.060680    0.125309    0.283392    0.607050 ^ clkbuf_3_1__f_CLK_I/Z (gf180mcu_fd_sc_mcu7t5v0__clkbuf_16)
                                                         clknet_3_1__leaf_CLK_I (net)
                      0.125311    0.001004    0.608054 ^ _828_/CLK (gf180mcu_fd_sc_mcu7t5v0__dffq_1)
     5    0.027663    0.309065    0.805860    1.413914 v _828_/Q (gf180mcu_fd_sc_mcu7t5v0__dffq_1)
                                                         register_addr_data_flag (net)
                      0.309066    0.000480    1.414393 v _711_/A1 (gf180mcu_fd_sc_mcu7t5v0__nand4_1)
     1    0.008800    0.326475    0.287061    1.701454 ^ _711_/ZN (gf180mcu_fd_sc_mcu7t5v0__nand4_1)
                                                         _341_ (net)
                      0.326475    0.000140    1.701594 ^ _712_/A2 (gf180mcu_fd_sc_mcu7t5v0__aoi211_1)
     1    0.002909    0.163003    0.132100    1.833694 v _712_/ZN (gf180mcu_fd_sc_mcu7t5v0__aoi211_1)
                                                         _042_ (net)
                      0.163003    0.000029    1.833723 v _829_/D (gf180mcu_fd_sc_mcu7t5v0__dffq_1)
                                              1.833723   data arrival time

                                  0.000000    0.000000   clock system_clock (rise edge)
                                  0.000000    0.000000   clock source latency
     1    0.038592    0.000000    0.000000    0.000000 ^ CLK_I (in)
                                                         CLK_I (net)
                      0.003969    0.001624    0.001624 ^ clkbuf_0_CLK_I/I (gf180mcu_fd_sc_mcu7t5v0__clkbuf_16)
     8    0.199667    0.248974    0.319365    0.320989 ^ clkbuf_0_CLK_I/Z (gf180mcu_fd_sc_mcu7t5v0__clkbuf_16)
                                                         clknet_0_CLK_I (net)
                      0.248986    0.002669    0.323658 ^ clkbuf_3_1__f_CLK_I/I (gf180mcu_fd_sc_mcu7t5v0__clkbuf_16)
    10    0.060680    0.125309    0.283392    0.607050 ^ clkbuf_3_1__f_CLK_I/Z (gf180mcu_fd_sc_mcu7t5v0__clkbuf_16)
                                                         clknet_3_1__leaf_CLK_I (net)
                      0.125312    0.001145    0.608195 ^ _829_/CLK (gf180mcu_fd_sc_mcu7t5v0__dffq_1)
                                  0.500000    1.108194   clock uncertainty
                                  0.000000    1.108194   clock reconvergence pessimism
                                  0.074356    1.182551   library hold time
                                              1.182551   data required time
---------------------------------------------------------------------------------------------
                                              1.182551   data required time
                                             -1.833723   data arrival time
---------------------------------------------------------------------------------------------
                                              0.651172   slack (MET)


Startpoint: _836_ (rising edge-triggered flip-flop clocked by system_clock)
Endpoint: _836_ (rising edge-triggered flip-flop clocked by system_clock)
Path Group: system_clock
Path Type: min

Fanout         Cap        Slew       Delay        Time   Description
---------------------------------------------------------------------------------------------
                                  0.000000    0.000000   clock system_clock (rise edge)
                                  0.000000    0.000000   clock source latency
     1    0.038592    0.000000    0.000000    0.000000 ^ CLK_I (in)
                                                         CLK_I (net)
                      0.003969    0.001624    0.001624 ^ clkbuf_0_CLK_I/I (gf180mcu_fd_sc_mcu7t5v0__clkbuf_16)
     8    0.199667    0.248974    0.319365    0.320989 ^ clkbuf_0_CLK_I/Z (gf180mcu_fd_sc_mcu7t5v0__clkbuf_16)
                                                         clknet_0_CLK_I (net)
                      0.248986    0.002706    0.323694 ^ clkbuf_3_0__f_CLK_I/I (gf180mcu_fd_sc_mcu7t5v0__clkbuf_16)
     9    0.068177    0.131716    0.288314    0.612009 ^ clkbuf_3_0__f_CLK_I/Z (gf180mcu_fd_sc_mcu7t5v0__clkbuf_16)
                                                         clknet_3_0__leaf_CLK_I (net)
                      0.131722    0.001578    0.613586 ^ _836_/CLK (gf180mcu_fd_sc_mcu7t5v0__dffq_1)
     4    0.033325    0.359251    0.841263    1.454850 v _836_/Q (gf180mcu_fd_sc_mcu7t5v0__dffq_1)
                                                         address_data_buffer_internal[0] (net)
                      0.359252    0.000548    1.455398 v _761_/I0 (gf180mcu_fd_sc_mcu7t5v0__mux2_2)
     1    0.004931    0.120403    0.396709    1.852107 v _761_/Z (gf180mcu_fd_sc_mcu7t5v0__mux2_2)
                                                         _049_ (net)
                      0.120403    0.000103    1.852210 v _836_/D (gf180mcu_fd_sc_mcu7t5v0__dffq_1)
                                              1.852210   data arrival time

                                  0.000000    0.000000   clock system_clock (rise edge)
                                  0.000000    0.000000   clock source latency
     1    0.038592    0.000000    0.000000    0.000000 ^ CLK_I (in)
                                                         CLK_I (net)
                      0.003969    0.001624    0.001624 ^ clkbuf_0_CLK_I/I (gf180mcu_fd_sc_mcu7t5v0__clkbuf_16)
     8    0.199667    0.248974    0.319365    0.320989 ^ clkbuf_0_CLK_I/Z (gf180mcu_fd_sc_mcu7t5v0__clkbuf_16)
                                                         clknet_0_CLK_I (net)
                      0.248986    0.002706    0.323694 ^ clkbuf_3_0__f_CLK_I/I (gf180mcu_fd_sc_mcu7t5v0__clkbuf_16)
     9    0.068177    0.131716    0.288314    0.612009 ^ clkbuf_3_0__f_CLK_I/Z (gf180mcu_fd_sc_mcu7t5v0__clkbuf_16)
                                                         clknet_3_0__leaf_CLK_I (net)
                      0.131722    0.001578    0.613586 ^ _836_/CLK (gf180mcu_fd_sc_mcu7t5v0__dffq_1)
                                  0.500000    1.113586   clock uncertainty
                                  0.000000    1.113586   clock reconvergence pessimism
                                  0.086522    1.200109   library hold time
                                              1.200109   data required time
---------------------------------------------------------------------------------------------
                                              1.200109   data required time
                                             -1.852210   data arrival time
---------------------------------------------------------------------------------------------
                                              0.652102   slack (MET)


Startpoint: _851_ (rising edge-triggered flip-flop clocked by system_clock)
Endpoint: _851_ (rising edge-triggered flip-flop clocked by system_clock)
Path Group: system_clock
Path Type: min

Fanout         Cap        Slew       Delay        Time   Description
---------------------------------------------------------------------------------------------
                                  0.000000    0.000000   clock system_clock (rise edge)
                                  0.000000    0.000000   clock source latency
     1    0.038592    0.000000    0.000000    0.000000 ^ CLK_I (in)
                                                         CLK_I (net)
                      0.003969    0.001624    0.001624 ^ clkbuf_0_CLK_I/I (gf180mcu_fd_sc_mcu7t5v0__clkbuf_16)
     8    0.199667    0.248974    0.319365    0.320989 ^ clkbuf_0_CLK_I/Z (gf180mcu_fd_sc_mcu7t5v0__clkbuf_16)
                                                         clknet_0_CLK_I (net)
                      0.248986    0.002626    0.323615 ^ clkbuf_3_5__f_CLK_I/I (gf180mcu_fd_sc_mcu7t5v0__clkbuf_16)
    11    0.065995    0.129925    0.287171    0.610786 ^ clkbuf_3_5__f_CLK_I/Z (gf180mcu_fd_sc_mcu7t5v0__clkbuf_16)
                                                         clknet_3_5__leaf_CLK_I (net)
                      0.129926    0.000552    0.611338 ^ _851_/CLK (gf180mcu_fd_sc_mcu7t5v0__dffq_1)
     2    0.011176    0.167728    0.701511    1.312849 v _851_/Q (gf180mcu_fd_sc_mcu7t5v0__dffq_1)
                                                         net16 (net)
                      0.167728    0.000193    1.313042 v _782_/B2 (gf180mcu_fd_sc_mcu7t5v0__aoi22_1)
     1    0.011434    0.397891    0.326782    1.639824 ^ _782_/ZN (gf180mcu_fd_sc_mcu7t5v0__aoi22_1)
                                                         _390_ (net)
                      0.397891    0.000316    1.640140 ^ _783_/A2 (gf180mcu_fd_sc_mcu7t5v0__nor2_1)
     1    0.006381    0.224323    0.181426    1.821566 v _783_/ZN (gf180mcu_fd_sc_mcu7t5v0__nor2_1)
                                                         _064_ (net)
                      0.224323    0.000156    1.821722 v _851_/D (gf180mcu_fd_sc_mcu7t5v0__dffq_1)
                                              1.821722   data arrival time

                                  0.000000    0.000000   clock system_clock (rise edge)
                                  0.000000    0.000000   clock source latency
     1    0.038592    0.000000    0.000000    0.000000 ^ CLK_I (in)
                                                         CLK_I (net)
                      0.003969    0.001624    0.001624 ^ clkbuf_0_CLK_I/I (gf180mcu_fd_sc_mcu7t5v0__clkbuf_16)
     8    0.199667    0.248974    0.319365    0.320989 ^ clkbuf_0_CLK_I/Z (gf180mcu_fd_sc_mcu7t5v0__clkbuf_16)
                                                         clknet_0_CLK_I (net)
                      0.248986    0.002626    0.323615 ^ clkbuf_3_5__f_CLK_I/I (gf180mcu_fd_sc_mcu7t5v0__clkbuf_16)
    11    0.065995    0.129925    0.287171    0.610786 ^ clkbuf_3_5__f_CLK_I/Z (gf180mcu_fd_sc_mcu7t5v0__clkbuf_16)
                                                         clknet_3_5__leaf_CLK_I (net)
                      0.129926    0.000552    0.611338 ^ _851_/CLK (gf180mcu_fd_sc_mcu7t5v0__dffq_1)
                                  0.500000    1.111338   clock uncertainty
                                  0.000000    1.111338   clock reconvergence pessimism
                                  0.057339    1.168677   library hold time
                                              1.168677   data required time
---------------------------------------------------------------------------------------------
                                              1.168677   data required time
                                             -1.821722   data arrival time
---------------------------------------------------------------------------------------------
                                              0.653045   slack (MET)


Startpoint: _871_ (rising edge-triggered flip-flop clocked by system_clock)
Endpoint: _871_ (rising edge-triggered flip-flop clocked by system_clock)
Path Group: system_clock
Path Type: min

Fanout         Cap        Slew       Delay        Time   Description
---------------------------------------------------------------------------------------------
                                  0.000000    0.000000   clock system_clock (rise edge)
                                  0.000000    0.000000   clock source latency
     1    0.038592    0.000000    0.000000    0.000000 ^ CLK_I (in)
                                                         CLK_I (net)
                      0.003969    0.001624    0.001624 ^ clkbuf_0_CLK_I/I (gf180mcu_fd_sc_mcu7t5v0__clkbuf_16)
     8    0.199667    0.248974    0.319365    0.320989 ^ clkbuf_0_CLK_I/Z (gf180mcu_fd_sc_mcu7t5v0__clkbuf_16)
                                                         clknet_0_CLK_I (net)
                      0.248988    0.002861    0.323849 ^ clkbuf_3_6__f_CLK_I/I (gf180mcu_fd_sc_mcu7t5v0__clkbuf_16)
    13    0.081683    0.143199    0.297006    0.620855 ^ clkbuf_3_6__f_CLK_I/Z (gf180mcu_fd_sc_mcu7t5v0__clkbuf_16)
                                                         clknet_3_6__leaf_CLK_I (net)
                      0.143205    0.001670    0.622525 ^ _871_/CLK (gf180mcu_fd_sc_mcu7t5v0__dffq_1)
     4    0.031147    0.339930    0.830582    1.453107 v _871_/Q (gf180mcu_fd_sc_mcu7t5v0__dffq_1)
                                                         addr_set_register[5] (net)
                      0.339930    0.000392    1.453499 v _460_/A2 (gf180mcu_fd_sc_mcu7t5v0__nand2_1)
     1    0.009181    0.277396    0.256971    1.710470 ^ _460_/ZN (gf180mcu_fd_sc_mcu7t5v0__nand2_1)
                                                         _127_ (net)
                      0.277396    0.000225    1.710695 ^ _462_/A2 (gf180mcu_fd_sc_mcu7t5v0__nand3_1)
     1    0.002792    0.172962    0.140547    1.851242 v _462_/ZN (gf180mcu_fd_sc_mcu7t5v0__nand3_1)
                                                         _005_ (net)
                      0.172962    0.000026    1.851268 v _871_/D (gf180mcu_fd_sc_mcu7t5v0__dffq_1)
                                              1.851268   data arrival time

                                  0.000000    0.000000   clock system_clock (rise edge)
                                  0.000000    0.000000   clock source latency
     1    0.038592    0.000000    0.000000    0.000000 ^ CLK_I (in)
                                                         CLK_I (net)
                      0.003969    0.001624    0.001624 ^ clkbuf_0_CLK_I/I (gf180mcu_fd_sc_mcu7t5v0__clkbuf_16)
     8    0.199667    0.248974    0.319365    0.320989 ^ clkbuf_0_CLK_I/Z (gf180mcu_fd_sc_mcu7t5v0__clkbuf_16)
                                                         clknet_0_CLK_I (net)
                      0.248988    0.002861    0.323849 ^ clkbuf_3_6__f_CLK_I/I (gf180mcu_fd_sc_mcu7t5v0__clkbuf_16)
    13    0.081683    0.143199    0.297006    0.620855 ^ clkbuf_3_6__f_CLK_I/Z (gf180mcu_fd_sc_mcu7t5v0__clkbuf_16)
                                                         clknet_3_6__leaf_CLK_I (net)
                      0.143205    0.001670    0.622525 ^ _871_/CLK (gf180mcu_fd_sc_mcu7t5v0__dffq_1)
                                  0.500000    1.122525   clock uncertainty
                                  0.000000    1.122525   clock reconvergence pessimism
                                  0.074515    1.197039   library hold time
                                              1.197039   data required time
---------------------------------------------------------------------------------------------
                                              1.197039   data required time
                                             -1.851268   data arrival time
---------------------------------------------------------------------------------------------
                                              0.654229   slack (MET)


Startpoint: _819_ (rising edge-triggered flip-flop clocked by system_clock)
Endpoint: _820_ (rising edge-triggered flip-flop clocked by system_clock)
Path Group: system_clock
Path Type: min

Fanout         Cap        Slew       Delay        Time   Description
---------------------------------------------------------------------------------------------
                                  0.000000    0.000000   clock system_clock (rise edge)
                                  0.000000    0.000000   clock source latency
     1    0.038592    0.000000    0.000000    0.000000 ^ CLK_I (in)
                                                         CLK_I (net)
                      0.003969    0.001624    0.001624 ^ clkbuf_0_CLK_I/I (gf180mcu_fd_sc_mcu7t5v0__clkbuf_16)
     8    0.199667    0.248974    0.319365    0.320989 ^ clkbuf_0_CLK_I/Z (gf180mcu_fd_sc_mcu7t5v0__clkbuf_16)
                                                         clknet_0_CLK_I (net)
                      0.248990    0.003054    0.324043 ^ clkbuf_3_3__f_CLK_I/I (gf180mcu_fd_sc_mcu7t5v0__clkbuf_16)
    10    0.064818    0.128906    0.286354    0.610397 ^ clkbuf_3_3__f_CLK_I/Z (gf180mcu_fd_sc_mcu7t5v0__clkbuf_16)
                                                         clknet_3_3__leaf_CLK_I (net)
                      0.128906    0.000490    0.610887 ^ _819_/CLK (gf180mcu_fd_sc_mcu7t5v0__dffq_1)
     5    0.036574    0.387699    0.860663    1.471550 v _819_/Q (gf180mcu_fd_sc_mcu7t5v0__dffq_1)
                                                         recv_data_buffer[1] (net)
                      0.387702    0.000741    1.472291 v _686_/I1 (gf180mcu_fd_sc_mcu7t5v0__mux2_2)
     1    0.003105    0.108543    0.394281    1.866572 v _686_/Z (gf180mcu_fd_sc_mcu7t5v0__mux2_2)
                                                         _033_ (net)
                      0.108543    0.000032    1.866604 v _820_/D (gf180mcu_fd_sc_mcu7t5v0__dffq_1)
                                              1.866604   data arrival time

                                  0.000000    0.000000   clock system_clock (rise edge)
                                  0.000000    0.000000   clock source latency
     1    0.038592    0.000000    0.000000    0.000000 ^ CLK_I (in)
                                                         CLK_I (net)
                      0.003969    0.001624    0.001624 ^ clkbuf_0_CLK_I/I (gf180mcu_fd_sc_mcu7t5v0__clkbuf_16)
     8    0.199667    0.248974    0.319365    0.320989 ^ clkbuf_0_CLK_I/Z (gf180mcu_fd_sc_mcu7t5v0__clkbuf_16)
                                                         clknet_0_CLK_I (net)
                      0.248985    0.002552    0.323540 ^ clkbuf_3_7__f_CLK_I/I (gf180mcu_fd_sc_mcu7t5v0__clkbuf_16)
    14    0.077685    0.139872    0.294649    0.618190 ^ clkbuf_3_7__f_CLK_I/Z (gf180mcu_fd_sc_mcu7t5v0__clkbuf_16)
                                                         clknet_3_7__leaf_CLK_I (net)
                      0.139872    0.000046    0.618236 ^ _820_/CLK (gf180mcu_fd_sc_mcu7t5v0__dffq_1)
                                  0.500000    1.118236   clock uncertainty
                                  0.000000    1.118236   clock reconvergence pessimism
                                  0.090734    1.208970   library hold time
                                              1.208970   data required time
---------------------------------------------------------------------------------------------
                                              1.208970   data required time
                                             -1.866604   data arrival time
---------------------------------------------------------------------------------------------
                                              0.657634   slack (MET)


Startpoint: _852_ (rising edge-triggered flip-flop clocked by system_clock)
Endpoint: _852_ (rising edge-triggered flip-flop clocked by system_clock)
Path Group: system_clock
Path Type: min

Fanout         Cap        Slew       Delay        Time   Description
---------------------------------------------------------------------------------------------
                                  0.000000    0.000000   clock system_clock (rise edge)
                                  0.000000    0.000000   clock source latency
     1    0.038592    0.000000    0.000000    0.000000 ^ CLK_I (in)
                                                         CLK_I (net)
                      0.003969    0.001624    0.001624 ^ clkbuf_0_CLK_I/I (gf180mcu_fd_sc_mcu7t5v0__clkbuf_16)
     8    0.199667    0.248974    0.319365    0.320989 ^ clkbuf_0_CLK_I/Z (gf180mcu_fd_sc_mcu7t5v0__clkbuf_16)
                                                         clknet_0_CLK_I (net)
                      0.248986    0.002626    0.323615 ^ clkbuf_3_5__f_CLK_I/I (gf180mcu_fd_sc_mcu7t5v0__clkbuf_16)
    11    0.065995    0.129925    0.287171    0.610786 ^ clkbuf_3_5__f_CLK_I/Z (gf180mcu_fd_sc_mcu7t5v0__clkbuf_16)
                                                         clknet_3_5__leaf_CLK_I (net)
                      0.129926    0.000419    0.611205 ^ _852_/CLK (gf180mcu_fd_sc_mcu7t5v0__dffq_1)
     2    0.015762    0.205744    0.732167    1.343372 v _852_/Q (gf180mcu_fd_sc_mcu7t5v0__dffq_1)
                                                         net17 (net)
                      0.205744    0.000257    1.343629 v _784_/B2 (gf180mcu_fd_sc_mcu7t5v0__aoi22_1)
     1    0.008248    0.310134    0.293818    1.637447 ^ _784_/ZN (gf180mcu_fd_sc_mcu7t5v0__aoi22_1)
                                                         _391_ (net)
                      0.310134    0.000197    1.637644 ^ _785_/A2 (gf180mcu_fd_sc_mcu7t5v0__nor2_1)
     1    0.008702    0.226260    0.194642    1.832286 v _785_/ZN (gf180mcu_fd_sc_mcu7t5v0__nor2_1)
                                                         _065_ (net)
                      0.226260    0.000229    1.832514 v _852_/D (gf180mcu_fd_sc_mcu7t5v0__dffq_1)
                                              1.832514   data arrival time

                                  0.000000    0.000000   clock system_clock (rise edge)
                                  0.000000    0.000000   clock source latency
     1    0.038592    0.000000    0.000000    0.000000 ^ CLK_I (in)
                                                         CLK_I (net)
                      0.003969    0.001624    0.001624 ^ clkbuf_0_CLK_I/I (gf180mcu_fd_sc_mcu7t5v0__clkbuf_16)
     8    0.199667    0.248974    0.319365    0.320989 ^ clkbuf_0_CLK_I/Z (gf180mcu_fd_sc_mcu7t5v0__clkbuf_16)
                                                         clknet_0_CLK_I (net)
                      0.248986    0.002626    0.323615 ^ clkbuf_3_5__f_CLK_I/I (gf180mcu_fd_sc_mcu7t5v0__clkbuf_16)
    11    0.065995    0.129925    0.287171    0.610786 ^ clkbuf_3_5__f_CLK_I/Z (gf180mcu_fd_sc_mcu7t5v0__clkbuf_16)
                                                         clknet_3_5__leaf_CLK_I (net)
                      0.129926    0.000419    0.611205 ^ _852_/CLK (gf180mcu_fd_sc_mcu7t5v0__dffq_1)
                                  0.500000    1.111205   clock uncertainty
                                  0.000000    1.111205   clock reconvergence pessimism
                                  0.056776    1.167981   library hold time
                                              1.167981   data required time
---------------------------------------------------------------------------------------------
                                              1.167981   data required time
                                             -1.832514   data arrival time
---------------------------------------------------------------------------------------------
                                              0.664533   slack (MET)


Startpoint: _886_ (rising edge-triggered flip-flop clocked by system_clock)
Endpoint: _886_ (rising edge-triggered flip-flop clocked by system_clock)
Path Group: system_clock
Path Type: min

Fanout         Cap        Slew       Delay        Time   Description
---------------------------------------------------------------------------------------------
                                  0.000000    0.000000   clock system_clock (rise edge)
                                  0.000000    0.000000   clock source latency
     1    0.038592    0.000000    0.000000    0.000000 ^ CLK_I (in)
                                                         CLK_I (net)
                      0.003969    0.001624    0.001624 ^ clkbuf_0_CLK_I/I (gf180mcu_fd_sc_mcu7t5v0__clkbuf_16)
     8    0.199667    0.248974    0.319365    0.320989 ^ clkbuf_0_CLK_I/Z (gf180mcu_fd_sc_mcu7t5v0__clkbuf_16)
                                                         clknet_0_CLK_I (net)
                      0.248988    0.002884    0.323872 ^ clkbuf_3_4__f_CLK_I/I (gf180mcu_fd_sc_mcu7t5v0__clkbuf_16)
     9    0.077369    0.139552    0.294285    0.618157 ^ clkbuf_3_4__f_CLK_I/Z (gf180mcu_fd_sc_mcu7t5v0__clkbuf_16)
                                                         clknet_3_4__leaf_CLK_I (net)
                      0.139561    0.001921    0.620078 ^ _886_/CLK (gf180mcu_fd_sc_mcu7t5v0__dffq_1)
     7    0.038810    0.408385    0.876069    1.496147 v _886_/Q (gf180mcu_fd_sc_mcu7t5v0__dffq_1)
                                                         addr_pointer_register_internal[4] (net)
                      0.408472    0.000518    1.496665 v _573_/B (gf180mcu_fd_sc_mcu7t5v0__aoi21_1)
     1    0.006730    0.319178    0.272827    1.769492 ^ _573_/ZN (gf180mcu_fd_sc_mcu7t5v0__aoi21_1)
                                                         _225_ (net)
                      0.319178    0.000135    1.769626 ^ _577_/B1 (gf180mcu_fd_sc_mcu7t5v0__oai32_1)
     1    0.003416    0.137859    0.100941    1.870568 v _577_/ZN (gf180mcu_fd_sc_mcu7t5v0__oai32_1)
                                                         _020_ (net)
                      0.137859    0.000036    1.870604 v _886_/D (gf180mcu_fd_sc_mcu7t5v0__dffq_1)
                                              1.870604   data arrival time

                                  0.000000    0.000000   clock system_clock (rise edge)
                                  0.000000    0.000000   clock source latency
     1    0.038592    0.000000    0.000000    0.000000 ^ CLK_I (in)
                                                         CLK_I (net)
                      0.003969    0.001624    0.001624 ^ clkbuf_0_CLK_I/I (gf180mcu_fd_sc_mcu7t5v0__clkbuf_16)
     8    0.199667    0.248974    0.319365    0.320989 ^ clkbuf_0_CLK_I/Z (gf180mcu_fd_sc_mcu7t5v0__clkbuf_16)
                                                         clknet_0_CLK_I (net)
                      0.248988    0.002884    0.323872 ^ clkbuf_3_4__f_CLK_I/I (gf180mcu_fd_sc_mcu7t5v0__clkbuf_16)
     9    0.077369    0.139552    0.294285    0.618157 ^ clkbuf_3_4__f_CLK_I/Z (gf180mcu_fd_sc_mcu7t5v0__clkbuf_16)
                                                         clknet_3_4__leaf_CLK_I (net)
                      0.139561    0.001921    0.620078 ^ _886_/CLK (gf180mcu_fd_sc_mcu7t5v0__dffq_1)
                                  0.500000    1.120078   clock uncertainty
                                  0.000000    1.120078   clock reconvergence pessimism
                                  0.083715    1.203793   library hold time
                                              1.203793   data required time
---------------------------------------------------------------------------------------------
                                              1.203793   data required time
                                             -1.870604   data arrival time
---------------------------------------------------------------------------------------------
                                              0.666811   slack (MET)


Startpoint: _818_ (rising edge-triggered flip-flop clocked by system_clock)
Endpoint: _856_ (rising edge-triggered flip-flop clocked by system_clock)
Path Group: system_clock
Path Type: min

Fanout         Cap        Slew       Delay        Time   Description
---------------------------------------------------------------------------------------------
                                  0.000000    0.000000   clock system_clock (rise edge)
                                  0.000000    0.000000   clock source latency
     1    0.038592    0.000000    0.000000    0.000000 ^ CLK_I (in)
                                                         CLK_I (net)
                      0.003969    0.001624    0.001624 ^ clkbuf_0_CLK_I/I (gf180mcu_fd_sc_mcu7t5v0__clkbuf_16)
     8    0.199667    0.248974    0.319365    0.320989 ^ clkbuf_0_CLK_I/Z (gf180mcu_fd_sc_mcu7t5v0__clkbuf_16)
                                                         clknet_0_CLK_I (net)
                      0.248990    0.003054    0.324043 ^ clkbuf_3_3__f_CLK_I/I (gf180mcu_fd_sc_mcu7t5v0__clkbuf_16)
    10    0.064818    0.128906    0.286354    0.610397 ^ clkbuf_3_3__f_CLK_I/Z (gf180mcu_fd_sc_mcu7t5v0__clkbuf_16)
                                                         clknet_3_3__leaf_CLK_I (net)
                      0.128907    0.000576    0.610973 ^ _818_/CLK (gf180mcu_fd_sc_mcu7t5v0__dffq_1)
     4    0.031072    0.339241    0.827190    1.438163 v _818_/Q (gf180mcu_fd_sc_mcu7t5v0__dffq_1)
                                                         recv_data_buffer[0] (net)
                      0.339245    0.000765    1.438928 v _793_/B2 (gf180mcu_fd_sc_mcu7t5v0__aoi22_1)
     1    0.004968    0.218178    0.280077    1.719005 ^ _793_/ZN (gf180mcu_fd_sc_mcu7t5v0__aoi22_1)
                                                         _396_ (net)
                      0.218178    0.000094    1.719099 ^ _794_/A2 (gf180mcu_fd_sc_mcu7t5v0__nor2_1)
     1    0.004977    0.164456    0.143775    1.862874 v _794_/ZN (gf180mcu_fd_sc_mcu7t5v0__nor2_1)
                                                         _069_ (net)
                      0.164456    0.000101    1.862976 v _856_/D (gf180mcu_fd_sc_mcu7t5v0__dffq_1)
                                              1.862976   data arrival time

                                  0.000000    0.000000   clock system_clock (rise edge)
                                  0.000000    0.000000   clock source latency
     1    0.038592    0.000000    0.000000    0.000000 ^ CLK_I (in)
                                                         CLK_I (net)
                      0.003969    0.001624    0.001624 ^ clkbuf_0_CLK_I/I (gf180mcu_fd_sc_mcu7t5v0__clkbuf_16)
     8    0.199667    0.248974    0.319365    0.320989 ^ clkbuf_0_CLK_I/Z (gf180mcu_fd_sc_mcu7t5v0__clkbuf_16)
                                                         clknet_0_CLK_I (net)
                      0.248986    0.002626    0.323615 ^ clkbuf_3_5__f_CLK_I/I (gf180mcu_fd_sc_mcu7t5v0__clkbuf_16)
    11    0.065995    0.129925    0.287171    0.610786 ^ clkbuf_3_5__f_CLK_I/Z (gf180mcu_fd_sc_mcu7t5v0__clkbuf_16)
                                                         clknet_3_5__leaf_CLK_I (net)
                      0.129925    0.000262    0.611048 ^ _856_/CLK (gf180mcu_fd_sc_mcu7t5v0__dffq_1)
                                  0.500000    1.111048   clock uncertainty
                                  0.000000    1.111048   clock reconvergence pessimism
                                  0.074715    1.185763   library hold time
                                              1.185763   data required time
---------------------------------------------------------------------------------------------
                                              1.185763   data required time
                                             -1.862976   data arrival time
---------------------------------------------------------------------------------------------
                                              0.677212   slack (MET)


Startpoint: _819_ (rising edge-triggered flip-flop clocked by system_clock)
Endpoint: _857_ (rising edge-triggered flip-flop clocked by system_clock)
Path Group: system_clock
Path Type: min

Fanout         Cap        Slew       Delay        Time   Description
---------------------------------------------------------------------------------------------
                                  0.000000    0.000000   clock system_clock (rise edge)
                                  0.000000    0.000000   clock source latency
     1    0.038592    0.000000    0.000000    0.000000 ^ CLK_I (in)
                                                         CLK_I (net)
                      0.003969    0.001624    0.001624 ^ clkbuf_0_CLK_I/I (gf180mcu_fd_sc_mcu7t5v0__clkbuf_16)
     8    0.199667    0.248974    0.319365    0.320989 ^ clkbuf_0_CLK_I/Z (gf180mcu_fd_sc_mcu7t5v0__clkbuf_16)
                                                         clknet_0_CLK_I (net)
                      0.248990    0.003054    0.324043 ^ clkbuf_3_3__f_CLK_I/I (gf180mcu_fd_sc_mcu7t5v0__clkbuf_16)
    10    0.064818    0.128906    0.286354    0.610397 ^ clkbuf_3_3__f_CLK_I/Z (gf180mcu_fd_sc_mcu7t5v0__clkbuf_16)
                                                         clknet_3_3__leaf_CLK_I (net)
                      0.128906    0.000490    0.610887 ^ _819_/CLK (gf180mcu_fd_sc_mcu7t5v0__dffq_1)
     5    0.036574    0.387699    0.860663    1.471550 v _819_/Q (gf180mcu_fd_sc_mcu7t5v0__dffq_1)
                                                         recv_data_buffer[1] (net)
                      0.387702    0.000821    1.472371 v _795_/B2 (gf180mcu_fd_sc_mcu7t5v0__aoi22_1)
     1    0.004488    0.214257    0.284257    1.756628 ^ _795_/ZN (gf180mcu_fd_sc_mcu7t5v0__aoi22_1)
                                                         _397_ (net)
                      0.214257    0.000043    1.756671 ^ _796_/A2 (gf180mcu_fd_sc_mcu7t5v0__nor2_1)
     1    0.003186    0.142715    0.125732    1.882403 v _796_/ZN (gf180mcu_fd_sc_mcu7t5v0__nor2_1)
                                                         _070_ (net)
                      0.142715    0.000060    1.882463 v _857_/D (gf180mcu_fd_sc_mcu7t5v0__dffq_1)
                                              1.882463   data arrival time

                                  0.000000    0.000000   clock system_clock (rise edge)
                                  0.000000    0.000000   clock source latency
     1    0.038592    0.000000    0.000000    0.000000 ^ CLK_I (in)
                                                         CLK_I (net)
                      0.003969    0.001624    0.001624 ^ clkbuf_0_CLK_I/I (gf180mcu_fd_sc_mcu7t5v0__clkbuf_16)
     8    0.199667    0.248974    0.319365    0.320989 ^ clkbuf_0_CLK_I/Z (gf180mcu_fd_sc_mcu7t5v0__clkbuf_16)
                                                         clknet_0_CLK_I (net)
                      0.248985    0.002552    0.323540 ^ clkbuf_3_7__f_CLK_I/I (gf180mcu_fd_sc_mcu7t5v0__clkbuf_16)
    14    0.077685    0.139872    0.294649    0.618190 ^ clkbuf_3_7__f_CLK_I/Z (gf180mcu_fd_sc_mcu7t5v0__clkbuf_16)
                                                         clknet_3_7__leaf_CLK_I (net)
                      0.139872    0.000187    0.618377 ^ _857_/CLK (gf180mcu_fd_sc_mcu7t5v0__dffq_1)
                                  0.500000    1.118377   clock uncertainty
                                  0.000000    1.118377   clock reconvergence pessimism
                                  0.082613    1.200990   library hold time
                                              1.200990   data required time
---------------------------------------------------------------------------------------------
                                              1.200990   data required time
                                             -1.882463   data arrival time
---------------------------------------------------------------------------------------------
                                              0.681472   slack (MET)


Startpoint: _870_ (rising edge-triggered flip-flop clocked by system_clock)
Endpoint: _870_ (rising edge-triggered flip-flop clocked by system_clock)
Path Group: system_clock
Path Type: min

Fanout         Cap        Slew       Delay        Time   Description
---------------------------------------------------------------------------------------------
                                  0.000000    0.000000   clock system_clock (rise edge)
                                  0.000000    0.000000   clock source latency
     1    0.038592    0.000000    0.000000    0.000000 ^ CLK_I (in)
                                                         CLK_I (net)
                      0.003969    0.001624    0.001624 ^ clkbuf_0_CLK_I/I (gf180mcu_fd_sc_mcu7t5v0__clkbuf_16)
     8    0.199667    0.248974    0.319365    0.320989 ^ clkbuf_0_CLK_I/Z (gf180mcu_fd_sc_mcu7t5v0__clkbuf_16)
                                                         clknet_0_CLK_I (net)
                      0.248990    0.003054    0.324043 ^ clkbuf_3_3__f_CLK_I/I (gf180mcu_fd_sc_mcu7t5v0__clkbuf_16)
    10    0.064818    0.128906    0.286354    0.610397 ^ clkbuf_3_3__f_CLK_I/Z (gf180mcu_fd_sc_mcu7t5v0__clkbuf_16)
                                                         clknet_3_3__leaf_CLK_I (net)
                      0.128906    0.000417    0.610814 ^ _870_/CLK (gf180mcu_fd_sc_mcu7t5v0__dffq_1)
     4    0.028361    0.315235    0.810819    1.421633 v _870_/Q (gf180mcu_fd_sc_mcu7t5v0__dffq_1)
                                                         addr_set_register[4] (net)
                      0.315235    0.000329    1.421962 v _458_/A1 (gf180mcu_fd_sc_mcu7t5v0__oai21_1)
     1    0.005347    0.307684    0.263400    1.685362 ^ _458_/ZN (gf180mcu_fd_sc_mcu7t5v0__oai21_1)
                                                         _126_ (net)
                      0.307684    0.000105    1.685467 ^ _459_/B (gf180mcu_fd_sc_mcu7t5v0__aoi21_1)
     1    0.003650    0.200003    0.173681    1.859149 v _459_/ZN (gf180mcu_fd_sc_mcu7t5v0__aoi21_1)
                                                         _004_ (net)
                      0.200003    0.000071    1.859220 v _870_/D (gf180mcu_fd_sc_mcu7t5v0__dffq_1)
                                              1.859220   data arrival time

                                  0.000000    0.000000   clock system_clock (rise edge)
                                  0.000000    0.000000   clock source latency
     1    0.038592    0.000000    0.000000    0.000000 ^ CLK_I (in)
                                                         CLK_I (net)
                      0.003969    0.001624    0.001624 ^ clkbuf_0_CLK_I/I (gf180mcu_fd_sc_mcu7t5v0__clkbuf_16)
     8    0.199667    0.248974    0.319365    0.320989 ^ clkbuf_0_CLK_I/Z (gf180mcu_fd_sc_mcu7t5v0__clkbuf_16)
                                                         clknet_0_CLK_I (net)
                      0.248990    0.003054    0.324043 ^ clkbuf_3_3__f_CLK_I/I (gf180mcu_fd_sc_mcu7t5v0__clkbuf_16)
    10    0.064818    0.128906    0.286354    0.610397 ^ clkbuf_3_3__f_CLK_I/Z (gf180mcu_fd_sc_mcu7t5v0__clkbuf_16)
                                                         clknet_3_3__leaf_CLK_I (net)
                      0.128906    0.000417    0.610814 ^ _870_/CLK (gf180mcu_fd_sc_mcu7t5v0__dffq_1)
                                  0.500000    1.110814   clock uncertainty
                                  0.000000    1.110814   clock reconvergence pessimism
                                  0.064219    1.175033   library hold time
                                              1.175033   data required time
---------------------------------------------------------------------------------------------
                                              1.175033   data required time
                                             -1.859220   data arrival time
---------------------------------------------------------------------------------------------
                                              0.684187   slack (MET)


Startpoint: _893_ (rising edge-triggered flip-flop clocked by system_clock)
Endpoint: _893_ (rising edge-triggered flip-flop clocked by system_clock)
Path Group: system_clock
Path Type: min

Fanout         Cap        Slew       Delay        Time   Description
---------------------------------------------------------------------------------------------
                                  0.000000    0.000000   clock system_clock (rise edge)
                                  0.000000    0.000000   clock source latency
     1    0.038592    0.000000    0.000000    0.000000 ^ CLK_I (in)
                                                         CLK_I (net)
                      0.003969    0.001624    0.001624 ^ clkbuf_0_CLK_I/I (gf180mcu_fd_sc_mcu7t5v0__clkbuf_16)
     8    0.199667    0.248974    0.319365    0.320989 ^ clkbuf_0_CLK_I/Z (gf180mcu_fd_sc_mcu7t5v0__clkbuf_16)
                                                         clknet_0_CLK_I (net)
                      0.248988    0.002884    0.323872 ^ clkbuf_3_4__f_CLK_I/I (gf180mcu_fd_sc_mcu7t5v0__clkbuf_16)
     9    0.077369    0.139552    0.294285    0.618157 ^ clkbuf_3_4__f_CLK_I/Z (gf180mcu_fd_sc_mcu7t5v0__clkbuf_16)
                                                         clknet_3_4__leaf_CLK_I (net)
                      0.139557    0.001473    0.619630 ^ _893_/CLK (gf180mcu_fd_sc_mcu7t5v0__dffq_1)
     5    0.038535    0.405836    0.874450    1.494080 v _893_/Q (gf180mcu_fd_sc_mcu7t5v0__dffq_1)
                                                         wb_master_subroutine_iteration[1] (net)
                      0.405836    0.000549    1.494629 v _604_/A1 (gf180mcu_fd_sc_mcu7t5v0__nand3_1)
     1    0.008128    0.288525    0.272159    1.766788 ^ _604_/ZN (gf180mcu_fd_sc_mcu7t5v0__nand3_1)
                                                         _247_ (net)
                      0.288525    0.000181    1.766969 ^ _605_/A2 (gf180mcu_fd_sc_mcu7t5v0__aoi21_1)
     1    0.004946    0.156364    0.126723    1.893692 v _605_/ZN (gf180mcu_fd_sc_mcu7t5v0__aoi21_1)
                                                         _027_ (net)
                      0.156364    0.000103    1.893795 v _893_/D (gf180mcu_fd_sc_mcu7t5v0__dffq_1)
                                              1.893795   data arrival time

                                  0.000000    0.000000   clock system_clock (rise edge)
                                  0.000000    0.000000   clock source latency
     1    0.038592    0.000000    0.000000    0.000000 ^ CLK_I (in)
                                                         CLK_I (net)
                      0.003969    0.001624    0.001624 ^ clkbuf_0_CLK_I/I (gf180mcu_fd_sc_mcu7t5v0__clkbuf_16)
     8    0.199667    0.248974    0.319365    0.320989 ^ clkbuf_0_CLK_I/Z (gf180mcu_fd_sc_mcu7t5v0__clkbuf_16)
                                                         clknet_0_CLK_I (net)
                      0.248988    0.002884    0.323872 ^ clkbuf_3_4__f_CLK_I/I (gf180mcu_fd_sc_mcu7t5v0__clkbuf_16)
     9    0.077369    0.139552    0.294285    0.618157 ^ clkbuf_3_4__f_CLK_I/Z (gf180mcu_fd_sc_mcu7t5v0__clkbuf_16)
                                                         clknet_3_4__leaf_CLK_I (net)
                      0.139557    0.001473    0.619630 ^ _893_/CLK (gf180mcu_fd_sc_mcu7t5v0__dffq_1)
                                  0.500000    1.119630   clock uncertainty
                                  0.000000    1.119630   clock reconvergence pessimism
                                  0.078682    1.198312   library hold time
                                              1.198312   data required time
---------------------------------------------------------------------------------------------
                                              1.198312   data required time
                                             -1.893795   data arrival time
---------------------------------------------------------------------------------------------
                                              0.695483   slack (MET)


Startpoint: _888_ (rising edge-triggered flip-flop clocked by system_clock)
Endpoint: _888_ (rising edge-triggered flip-flop clocked by system_clock)
Path Group: system_clock
Path Type: min

Fanout         Cap        Slew       Delay        Time   Description
---------------------------------------------------------------------------------------------
                                  0.000000    0.000000   clock system_clock (rise edge)
                                  0.000000    0.000000   clock source latency
     1    0.038592    0.000000    0.000000    0.000000 ^ CLK_I (in)
                                                         CLK_I (net)
                      0.003969    0.001624    0.001624 ^ clkbuf_0_CLK_I/I (gf180mcu_fd_sc_mcu7t5v0__clkbuf_16)
     8    0.199667    0.248974    0.319365    0.320989 ^ clkbuf_0_CLK_I/Z (gf180mcu_fd_sc_mcu7t5v0__clkbuf_16)
                                                         clknet_0_CLK_I (net)
                      0.248988    0.002884    0.323872 ^ clkbuf_3_4__f_CLK_I/I (gf180mcu_fd_sc_mcu7t5v0__clkbuf_16)
     9    0.077369    0.139552    0.294285    0.618157 ^ clkbuf_3_4__f_CLK_I/Z (gf180mcu_fd_sc_mcu7t5v0__clkbuf_16)
                                                         clknet_3_4__leaf_CLK_I (net)
                      0.139552    0.000086    0.618243 ^ _888_/CLK (gf180mcu_fd_sc_mcu7t5v0__dffq_1)
     4    0.025506    0.290076    0.795630    1.413873 v _888_/Q (gf180mcu_fd_sc_mcu7t5v0__dffq_1)
                                                         addr_pointer_register_internal[6] (net)
                      0.290076    0.000354    1.414228 v _586_/A1 (gf180mcu_fd_sc_mcu7t5v0__nor2_1)
     1    0.008458    0.368376    0.285637    1.699865 ^ _586_/ZN (gf180mcu_fd_sc_mcu7t5v0__nor2_1)
                                                         _236_ (net)
                      0.368376    0.000203    1.700067 ^ _587_/B (gf180mcu_fd_sc_mcu7t5v0__aoi21_1)
     1    0.004579    0.167386    0.192584    1.892651 v _587_/ZN (gf180mcu_fd_sc_mcu7t5v0__aoi21_1)
                                                         _022_ (net)
                      0.167386    0.000093    1.892744 v _888_/D (gf180mcu_fd_sc_mcu7t5v0__dffq_1)
                                              1.892744   data arrival time

                                  0.000000    0.000000   clock system_clock (rise edge)
                                  0.000000    0.000000   clock source latency
     1    0.038592    0.000000    0.000000    0.000000 ^ CLK_I (in)
                                                         CLK_I (net)
                      0.003969    0.001624    0.001624 ^ clkbuf_0_CLK_I/I (gf180mcu_fd_sc_mcu7t5v0__clkbuf_16)
     8    0.199667    0.248974    0.319365    0.320989 ^ clkbuf_0_CLK_I/Z (gf180mcu_fd_sc_mcu7t5v0__clkbuf_16)
                                                         clknet_0_CLK_I (net)
                      0.248988    0.002884    0.323872 ^ clkbuf_3_4__f_CLK_I/I (gf180mcu_fd_sc_mcu7t5v0__clkbuf_16)
     9    0.077369    0.139552    0.294285    0.618157 ^ clkbuf_3_4__f_CLK_I/Z (gf180mcu_fd_sc_mcu7t5v0__clkbuf_16)
                                                         clknet_3_4__leaf_CLK_I (net)
                      0.139552    0.000086    0.618243 ^ _888_/CLK (gf180mcu_fd_sc_mcu7t5v0__dffq_1)
                                  0.500000    1.118243   clock uncertainty
                                  0.000000    1.118243   clock reconvergence pessimism
                                  0.075500    1.193743   library hold time
                                              1.193743   data required time
---------------------------------------------------------------------------------------------
                                              1.193743   data required time
                                             -1.892744   data arrival time
---------------------------------------------------------------------------------------------
                                              0.699000   slack (MET)


Startpoint: _822_ (rising edge-triggered flip-flop clocked by system_clock)
Endpoint: _823_ (rising edge-triggered flip-flop clocked by system_clock)
Path Group: system_clock
Path Type: min

Fanout         Cap        Slew       Delay        Time   Description
---------------------------------------------------------------------------------------------
                                  0.000000    0.000000   clock system_clock (rise edge)
                                  0.000000    0.000000   clock source latency
     1    0.038592    0.000000    0.000000    0.000000 ^ CLK_I (in)
                                                         CLK_I (net)
                      0.003969    0.001624    0.001624 ^ clkbuf_0_CLK_I/I (gf180mcu_fd_sc_mcu7t5v0__clkbuf_16)
     8    0.199667    0.248974    0.319365    0.320989 ^ clkbuf_0_CLK_I/Z (gf180mcu_fd_sc_mcu7t5v0__clkbuf_16)
                                                         clknet_0_CLK_I (net)
                      0.248990    0.003054    0.324043 ^ clkbuf_3_3__f_CLK_I/I (gf180mcu_fd_sc_mcu7t5v0__clkbuf_16)
    10    0.064818    0.128906    0.286354    0.610397 ^ clkbuf_3_3__f_CLK_I/Z (gf180mcu_fd_sc_mcu7t5v0__clkbuf_16)
                                                         clknet_3_3__leaf_CLK_I (net)
                      0.128906    0.000459    0.610856 ^ _822_/CLK (gf180mcu_fd_sc_mcu7t5v0__dffq_1)
     4    0.039147    0.411556    0.875799    1.486655 v _822_/Q (gf180mcu_fd_sc_mcu7t5v0__dffq_1)
                                                         recv_data_buffer[4] (net)
                      0.411559    0.000587    1.487242 v _690_/I1 (gf180mcu_fd_sc_mcu7t5v0__mux2_2)
     1    0.006807    0.131688    0.421675    1.908917 v _690_/Z (gf180mcu_fd_sc_mcu7t5v0__mux2_2)
                                                         _036_ (net)
                      0.131688    0.000164    1.909080 v _823_/D (gf180mcu_fd_sc_mcu7t5v0__dffq_1)
                                              1.909080   data arrival time

                                  0.000000    0.000000   clock system_clock (rise edge)
                                  0.000000    0.000000   clock source latency
     1    0.038592    0.000000    0.000000    0.000000 ^ CLK_I (in)
                                                         CLK_I (net)
                      0.003969    0.001624    0.001624 ^ clkbuf_0_CLK_I/I (gf180mcu_fd_sc_mcu7t5v0__clkbuf_16)
     8    0.199667    0.248974    0.319365    0.320989 ^ clkbuf_0_CLK_I/Z (gf180mcu_fd_sc_mcu7t5v0__clkbuf_16)
                                                         clknet_0_CLK_I (net)
                      0.248988    0.002861    0.323849 ^ clkbuf_3_6__f_CLK_I/I (gf180mcu_fd_sc_mcu7t5v0__clkbuf_16)
    13    0.081683    0.143199    0.297006    0.620855 ^ clkbuf_3_6__f_CLK_I/Z (gf180mcu_fd_sc_mcu7t5v0__clkbuf_16)
                                                         clknet_3_6__leaf_CLK_I (net)
                      0.143205    0.001676    0.622531 ^ _823_/CLK (gf180mcu_fd_sc_mcu7t5v0__dffq_1)
                                  0.500000    1.122531   clock uncertainty
                                  0.000000    1.122531   clock reconvergence pessimism
                                  0.085796    1.208326   library hold time
                                              1.208326   data required time
---------------------------------------------------------------------------------------------
                                              1.208326   data required time
                                             -1.909080   data arrival time
---------------------------------------------------------------------------------------------
                                              0.700754   slack (MET)


Startpoint: _828_ (rising edge-triggered flip-flop clocked by system_clock)
Endpoint: _828_ (rising edge-triggered flip-flop clocked by system_clock)
Path Group: system_clock
Path Type: min

Fanout         Cap        Slew       Delay        Time   Description
---------------------------------------------------------------------------------------------
                                  0.000000    0.000000   clock system_clock (rise edge)
                                  0.000000    0.000000   clock source latency
     1    0.038592    0.000000    0.000000    0.000000 ^ CLK_I (in)
                                                         CLK_I (net)
                      0.003969    0.001624    0.001624 ^ clkbuf_0_CLK_I/I (gf180mcu_fd_sc_mcu7t5v0__clkbuf_16)
     8    0.199667    0.248974    0.319365    0.320989 ^ clkbuf_0_CLK_I/Z (gf180mcu_fd_sc_mcu7t5v0__clkbuf_16)
                                                         clknet_0_CLK_I (net)
                      0.248986    0.002669    0.323658 ^ clkbuf_3_1__f_CLK_I/I (gf180mcu_fd_sc_mcu7t5v0__clkbuf_16)
    10    0.060680    0.125309    0.283392    0.607050 ^ clkbuf_3_1__f_CLK_I/Z (gf180mcu_fd_sc_mcu7t5v0__clkbuf_16)
                                                         clknet_3_1__leaf_CLK_I (net)
                      0.125311    0.001004    0.608054 ^ _828_/CLK (gf180mcu_fd_sc_mcu7t5v0__dffq_1)
     5    0.027663    0.309065    0.805860    1.413914 v _828_/Q (gf180mcu_fd_sc_mcu7t5v0__dffq_1)
                                                         register_addr_data_flag (net)
                      0.309066    0.000493    1.414407 v _709_/B (gf180mcu_fd_sc_mcu7t5v0__aoi21_1)
     1    0.004905    0.266311    0.229655    1.644061 ^ _709_/ZN (gf180mcu_fd_sc_mcu7t5v0__aoi21_1)
                                                         _340_ (net)
                      0.266311    0.000051    1.644112 ^ _710_/A4 (gf180mcu_fd_sc_mcu7t5v0__nor4_1)
     1    0.002855    0.262548    0.212872    1.856984 v _710_/ZN (gf180mcu_fd_sc_mcu7t5v0__nor4_1)
                                                         _041_ (net)
                      0.262548    0.000028    1.857012 v _828_/D (gf180mcu_fd_sc_mcu7t5v0__dffq_1)
                                              1.857012   data arrival time

                                  0.000000    0.000000   clock system_clock (rise edge)
                                  0.000000    0.000000   clock source latency
     1    0.038592    0.000000    0.000000    0.000000 ^ CLK_I (in)
                                                         CLK_I (net)
                      0.003969    0.001624    0.001624 ^ clkbuf_0_CLK_I/I (gf180mcu_fd_sc_mcu7t5v0__clkbuf_16)
     8    0.199667    0.248974    0.319365    0.320989 ^ clkbuf_0_CLK_I/Z (gf180mcu_fd_sc_mcu7t5v0__clkbuf_16)
                                                         clknet_0_CLK_I (net)
                      0.248986    0.002669    0.323658 ^ clkbuf_3_1__f_CLK_I/I (gf180mcu_fd_sc_mcu7t5v0__clkbuf_16)
    10    0.060680    0.125309    0.283392    0.607050 ^ clkbuf_3_1__f_CLK_I/Z (gf180mcu_fd_sc_mcu7t5v0__clkbuf_16)
                                                         clknet_3_1__leaf_CLK_I (net)
                      0.125311    0.001004    0.608054 ^ _828_/CLK (gf180mcu_fd_sc_mcu7t5v0__dffq_1)
                                  0.500000    1.108054   clock uncertainty
                                  0.000000    1.108054   clock reconvergence pessimism
                                  0.045386    1.153440   library hold time
                                              1.153440   data required time
---------------------------------------------------------------------------------------------
                                              1.153440   data required time
                                             -1.857012   data arrival time
---------------------------------------------------------------------------------------------
                                              0.703572   slack (MET)


Startpoint: _854_ (rising edge-triggered flip-flop clocked by system_clock)
Endpoint: _854_ (rising edge-triggered flip-flop clocked by system_clock)
Path Group: system_clock
Path Type: min

Fanout         Cap        Slew       Delay        Time   Description
---------------------------------------------------------------------------------------------
                                  0.000000    0.000000   clock system_clock (rise edge)
                                  0.000000    0.000000   clock source latency
     1    0.038592    0.000000    0.000000    0.000000 ^ CLK_I (in)
                                                         CLK_I (net)
                      0.003969    0.001624    0.001624 ^ clkbuf_0_CLK_I/I (gf180mcu_fd_sc_mcu7t5v0__clkbuf_16)
     8    0.199667    0.248974    0.319365    0.320989 ^ clkbuf_0_CLK_I/Z (gf180mcu_fd_sc_mcu7t5v0__clkbuf_16)
                                                         clknet_0_CLK_I (net)
                      0.248986    0.002626    0.323615 ^ clkbuf_3_5__f_CLK_I/I (gf180mcu_fd_sc_mcu7t5v0__clkbuf_16)
    11    0.065995    0.129925    0.287171    0.610786 ^ clkbuf_3_5__f_CLK_I/Z (gf180mcu_fd_sc_mcu7t5v0__clkbuf_16)
                                                         clknet_3_5__leaf_CLK_I (net)
                      0.129925    0.000310    0.611096 ^ _854_/CLK (gf180mcu_fd_sc_mcu7t5v0__dffq_1)
     2    0.013344    0.185707    0.715999    1.327095 v _854_/Q (gf180mcu_fd_sc_mcu7t5v0__dffq_1)
                                                         net19 (net)
                      0.185707    0.000226    1.327321 v _788_/B2 (gf180mcu_fd_sc_mcu7t5v0__aoi22_1)
     1    0.011611    0.361720    0.332833    1.660154 ^ _788_/ZN (gf180mcu_fd_sc_mcu7t5v0__aoi22_1)
                                                         _393_ (net)
                      0.361720    0.000310    1.660463 ^ _789_/A2 (gf180mcu_fd_sc_mcu7t5v0__nor2_1)
     1    0.009286    0.244506    0.207581    1.868044 v _789_/ZN (gf180mcu_fd_sc_mcu7t5v0__nor2_1)
                                                         _067_ (net)
                      0.244506    0.000249    1.868293 v _854_/D (gf180mcu_fd_sc_mcu7t5v0__dffq_1)
                                              1.868293   data arrival time

                                  0.000000    0.000000   clock system_clock (rise edge)
                                  0.000000    0.000000   clock source latency
     1    0.038592    0.000000    0.000000    0.000000 ^ CLK_I (in)
                                                         CLK_I (net)
                      0.003969    0.001624    0.001624 ^ clkbuf_0_CLK_I/I (gf180mcu_fd_sc_mcu7t5v0__clkbuf_16)
     8    0.199667    0.248974    0.319365    0.320989 ^ clkbuf_0_CLK_I/Z (gf180mcu_fd_sc_mcu7t5v0__clkbuf_16)
                                                         clknet_0_CLK_I (net)
                      0.248986    0.002626    0.323615 ^ clkbuf_3_5__f_CLK_I/I (gf180mcu_fd_sc_mcu7t5v0__clkbuf_16)
    11    0.065995    0.129925    0.287171    0.610786 ^ clkbuf_3_5__f_CLK_I/Z (gf180mcu_fd_sc_mcu7t5v0__clkbuf_16)
                                                         clknet_3_5__leaf_CLK_I (net)
                      0.129925    0.000310    0.611096 ^ _854_/CLK (gf180mcu_fd_sc_mcu7t5v0__dffq_1)
                                  0.500000    1.111096   clock uncertainty
                                  0.000000    1.111096   clock reconvergence pessimism
                                  0.051481    1.162577   library hold time
                                              1.162577   data required time
---------------------------------------------------------------------------------------------
                                              1.162577   data required time
                                             -1.868293   data arrival time
---------------------------------------------------------------------------------------------
                                              0.705717   slack (MET)


Startpoint: _848_ (rising edge-triggered flip-flop clocked by system_clock)
Endpoint: _848_ (rising edge-triggered flip-flop clocked by system_clock)
Path Group: system_clock
Path Type: min

Fanout         Cap        Slew       Delay        Time   Description
---------------------------------------------------------------------------------------------
                                  0.000000    0.000000   clock system_clock (rise edge)
                                  0.000000    0.000000   clock source latency
     1    0.038592    0.000000    0.000000    0.000000 ^ CLK_I (in)
                                                         CLK_I (net)
                      0.003969    0.001624    0.001624 ^ clkbuf_0_CLK_I/I (gf180mcu_fd_sc_mcu7t5v0__clkbuf_16)
     8    0.199667    0.248974    0.319365    0.320989 ^ clkbuf_0_CLK_I/Z (gf180mcu_fd_sc_mcu7t5v0__clkbuf_16)
                                                         clknet_0_CLK_I (net)
                      0.248986    0.002626    0.323615 ^ clkbuf_3_5__f_CLK_I/I (gf180mcu_fd_sc_mcu7t5v0__clkbuf_16)
    11    0.065995    0.129925    0.287171    0.610786 ^ clkbuf_3_5__f_CLK_I/Z (gf180mcu_fd_sc_mcu7t5v0__clkbuf_16)
                                                         clknet_3_5__leaf_CLK_I (net)
                      0.129926    0.000476    0.611262 ^ _848_/CLK (gf180mcu_fd_sc_mcu7t5v0__dffq_1)
     2    0.011263    0.168448    0.702095    1.313357 v _848_/Q (gf180mcu_fd_sc_mcu7t5v0__dffq_1)
                                                         net13 (net)
                      0.168448    0.000194    1.313552 v _776_/B2 (gf180mcu_fd_sc_mcu7t5v0__aoi22_1)
     1    0.013628    0.477626    0.355165    1.668716 ^ _776_/ZN (gf180mcu_fd_sc_mcu7t5v0__aoi22_1)
                                                         _387_ (net)
                      0.477626    0.000531    1.669248 ^ _777_/A2 (gf180mcu_fd_sc_mcu7t5v0__nor2_1)
     1    0.007236    0.253330    0.198001    1.867249 v _777_/ZN (gf180mcu_fd_sc_mcu7t5v0__nor2_1)
                                                         _061_ (net)
                      0.253330    0.000169    1.867418 v _848_/D (gf180mcu_fd_sc_mcu7t5v0__dffq_1)
                                              1.867418   data arrival time

                                  0.000000    0.000000   clock system_clock (rise edge)
                                  0.000000    0.000000   clock source latency
     1    0.038592    0.000000    0.000000    0.000000 ^ CLK_I (in)
                                                         CLK_I (net)
                      0.003969    0.001624    0.001624 ^ clkbuf_0_CLK_I/I (gf180mcu_fd_sc_mcu7t5v0__clkbuf_16)
     8    0.199667    0.248974    0.319365    0.320989 ^ clkbuf_0_CLK_I/Z (gf180mcu_fd_sc_mcu7t5v0__clkbuf_16)
                                                         clknet_0_CLK_I (net)
                      0.248986    0.002626    0.323615 ^ clkbuf_3_5__f_CLK_I/I (gf180mcu_fd_sc_mcu7t5v0__clkbuf_16)
    11    0.065995    0.129925    0.287171    0.610786 ^ clkbuf_3_5__f_CLK_I/Z (gf180mcu_fd_sc_mcu7t5v0__clkbuf_16)
                                                         clknet_3_5__leaf_CLK_I (net)
                      0.129926    0.000476    0.611262 ^ _848_/CLK (gf180mcu_fd_sc_mcu7t5v0__dffq_1)
                                  0.500000    1.111262   clock uncertainty
                                  0.000000    1.111262   clock reconvergence pessimism
                                  0.048919    1.160181   library hold time
                                              1.160181   data required time
---------------------------------------------------------------------------------------------
                                              1.160181   data required time
                                             -1.867418   data arrival time
---------------------------------------------------------------------------------------------
                                              0.707236   slack (MET)


Startpoint: _847_ (rising edge-triggered flip-flop clocked by system_clock)
Endpoint: _831_ (rising edge-triggered flip-flop clocked by system_clock)
Path Group: system_clock
Path Type: min

Fanout         Cap        Slew       Delay        Time   Description
---------------------------------------------------------------------------------------------
                                  0.000000    0.000000   clock system_clock (rise edge)
                                  0.000000    0.000000   clock source latency
     1    0.038592    0.000000    0.000000    0.000000 ^ CLK_I (in)
                                                         CLK_I (net)
                      0.003969    0.001624    0.001624 ^ clkbuf_0_CLK_I/I (gf180mcu_fd_sc_mcu7t5v0__clkbuf_16)
     8    0.199667    0.248974    0.319365    0.320989 ^ clkbuf_0_CLK_I/Z (gf180mcu_fd_sc_mcu7t5v0__clkbuf_16)
                                                         clknet_0_CLK_I (net)
                      0.248986    0.002706    0.323694 ^ clkbuf_3_0__f_CLK_I/I (gf180mcu_fd_sc_mcu7t5v0__clkbuf_16)
     9    0.068177    0.131716    0.288314    0.612009 ^ clkbuf_3_0__f_CLK_I/Z (gf180mcu_fd_sc_mcu7t5v0__clkbuf_16)
                                                         clknet_3_0__leaf_CLK_I (net)
                      0.131719    0.001155    0.613163 ^ _847_/CLK (gf180mcu_fd_sc_mcu7t5v0__dffq_1)
     4    0.022039    0.259765    0.773072    1.386236 v _847_/Q (gf180mcu_fd_sc_mcu7t5v0__dffq_1)
                                                         sda_previous_state (net)
                      0.259765    0.000259    1.386495 v _678_/A2 (gf180mcu_fd_sc_mcu7t5v0__oai21_1)
     2    0.009789    0.437908    0.322268    1.708763 ^ _678_/ZN (gf180mcu_fd_sc_mcu7t5v0__oai21_1)
                                                         _319_ (net)
                      0.437908    0.000082    1.708845 ^ _735_/B (gf180mcu_fd_sc_mcu7t5v0__aoi21_1)
     1    0.004079    0.149786    0.193767    1.902612 v _735_/ZN (gf180mcu_fd_sc_mcu7t5v0__aoi21_1)
                                                         _044_ (net)
                      0.149786    0.000079    1.902691 v _831_/D (gf180mcu_fd_sc_mcu7t5v0__dffq_1)
                                              1.902691   data arrival time

                                  0.000000    0.000000   clock system_clock (rise edge)
                                  0.000000    0.000000   clock source latency
     1    0.038592    0.000000    0.000000    0.000000 ^ CLK_I (in)
                                                         CLK_I (net)
                      0.003969    0.001624    0.001624 ^ clkbuf_0_CLK_I/I (gf180mcu_fd_sc_mcu7t5v0__clkbuf_16)
     8    0.199667    0.248974    0.319365    0.320989 ^ clkbuf_0_CLK_I/Z (gf180mcu_fd_sc_mcu7t5v0__clkbuf_16)
                                                         clknet_0_CLK_I (net)
                      0.248986    0.002706    0.323694 ^ clkbuf_3_0__f_CLK_I/I (gf180mcu_fd_sc_mcu7t5v0__clkbuf_16)
     9    0.068177    0.131716    0.288314    0.612009 ^ clkbuf_3_0__f_CLK_I/Z (gf180mcu_fd_sc_mcu7t5v0__clkbuf_16)
                                                         clknet_3_0__leaf_CLK_I (net)
                      0.131719    0.001111    0.613119 ^ _831_/CLK (gf180mcu_fd_sc_mcu7t5v0__dffq_1)
                                  0.500000    1.113119   clock uncertainty
                                  0.000000    1.113119   clock reconvergence pessimism
                                  0.079272    1.192392   library hold time
                                              1.192392   data required time
---------------------------------------------------------------------------------------------
                                              1.192392   data required time
                                             -1.902691   data arrival time
---------------------------------------------------------------------------------------------
                                              0.710299   slack (MET)


Startpoint: _864_ (rising edge-triggered flip-flop clocked by system_clock)
Endpoint: _864_ (rising edge-triggered flip-flop clocked by system_clock)
Path Group: system_clock
Path Type: min

Fanout         Cap        Slew       Delay        Time   Description
---------------------------------------------------------------------------------------------
                                  0.000000    0.000000   clock system_clock (rise edge)
                                  0.000000    0.000000   clock source latency
     1    0.038592    0.000000    0.000000    0.000000 ^ CLK_I (in)
                                                         CLK_I (net)
                      0.003969    0.001624    0.001624 ^ clkbuf_0_CLK_I/I (gf180mcu_fd_sc_mcu7t5v0__clkbuf_16)
     8    0.199667    0.248974    0.319365    0.320989 ^ clkbuf_0_CLK_I/Z (gf180mcu_fd_sc_mcu7t5v0__clkbuf_16)
                                                         clknet_0_CLK_I (net)
                      0.248988    0.002884    0.323872 ^ clkbuf_3_4__f_CLK_I/I (gf180mcu_fd_sc_mcu7t5v0__clkbuf_16)
     9    0.077369    0.139552    0.294285    0.618157 ^ clkbuf_3_4__f_CLK_I/Z (gf180mcu_fd_sc_mcu7t5v0__clkbuf_16)
                                                         clknet_3_4__leaf_CLK_I (net)
                      0.139552    0.000059    0.618216 ^ _864_/CLK (gf180mcu_fd_sc_mcu7t5v0__dffq_1)
     3    0.042366    0.441294    0.896237    1.514453 v _864_/Q (gf180mcu_fd_sc_mcu7t5v0__dffq_1)
                                                         net21 (net)
                      0.441297    0.000741    1.515195 v _809_/B (gf180mcu_fd_sc_mcu7t5v0__oai21_1)
     1    0.006038    0.297222    0.288885    1.804080 ^ _809_/ZN (gf180mcu_fd_sc_mcu7t5v0__oai21_1)
                                                         _404_ (net)
                      0.297222    0.000066    1.804146 ^ _810_/A2 (gf180mcu_fd_sc_mcu7t5v0__aoi21_1)
     1    0.005971    0.170348    0.136936    1.941082 v _810_/ZN (gf180mcu_fd_sc_mcu7t5v0__aoi21_1)
                                                         _077_ (net)
                      0.170348    0.000130    1.941211 v _864_/D (gf180mcu_fd_sc_mcu7t5v0__dffq_1)
                                              1.941211   data arrival time

                                  0.000000    0.000000   clock system_clock (rise edge)
                                  0.000000    0.000000   clock source latency
     1    0.038592    0.000000    0.000000    0.000000 ^ CLK_I (in)
                                                         CLK_I (net)
                      0.003969    0.001624    0.001624 ^ clkbuf_0_CLK_I/I (gf180mcu_fd_sc_mcu7t5v0__clkbuf_16)
     8    0.199667    0.248974    0.319365    0.320989 ^ clkbuf_0_CLK_I/Z (gf180mcu_fd_sc_mcu7t5v0__clkbuf_16)
                                                         clknet_0_CLK_I (net)
                      0.248988    0.002884    0.323872 ^ clkbuf_3_4__f_CLK_I/I (gf180mcu_fd_sc_mcu7t5v0__clkbuf_16)
     9    0.077369    0.139552    0.294285    0.618157 ^ clkbuf_3_4__f_CLK_I/Z (gf180mcu_fd_sc_mcu7t5v0__clkbuf_16)
                                                         clknet_3_4__leaf_CLK_I (net)
                      0.139552    0.000059    0.618216 ^ _864_/CLK (gf180mcu_fd_sc_mcu7t5v0__dffq_1)
                                  0.500000    1.118216   clock uncertainty
                                  0.000000    1.118216   clock reconvergence pessimism
                                  0.074645    1.192861   library hold time
                                              1.192861   data required time
---------------------------------------------------------------------------------------------
                                              1.192861   data required time
                                             -1.941211   data arrival time
---------------------------------------------------------------------------------------------
                                              0.748350   slack (MET)


Startpoint: _818_ (rising edge-triggered flip-flop clocked by system_clock)
Endpoint: _818_ (rising edge-triggered flip-flop clocked by system_clock)
Path Group: system_clock
Path Type: min

Fanout         Cap        Slew       Delay        Time   Description
---------------------------------------------------------------------------------------------
                                  0.000000    0.000000   clock system_clock (rise edge)
                                  0.000000    0.000000   clock source latency
     1    0.038592    0.000000    0.000000    0.000000 ^ CLK_I (in)
                                                         CLK_I (net)
                      0.003969    0.001624    0.001624 ^ clkbuf_0_CLK_I/I (gf180mcu_fd_sc_mcu7t5v0__clkbuf_16)
     8    0.199667    0.248974    0.319365    0.320989 ^ clkbuf_0_CLK_I/Z (gf180mcu_fd_sc_mcu7t5v0__clkbuf_16)
                                                         clknet_0_CLK_I (net)
                      0.248990    0.003054    0.324043 ^ clkbuf_3_3__f_CLK_I/I (gf180mcu_fd_sc_mcu7t5v0__clkbuf_16)
    10    0.064818    0.128906    0.286354    0.610397 ^ clkbuf_3_3__f_CLK_I/Z (gf180mcu_fd_sc_mcu7t5v0__clkbuf_16)
                                                         clknet_3_3__leaf_CLK_I (net)
                      0.128907    0.000576    0.610973 ^ _818_/CLK (gf180mcu_fd_sc_mcu7t5v0__dffq_1)
     4    0.031072    0.339241    0.827190    1.438163 v _818_/Q (gf180mcu_fd_sc_mcu7t5v0__dffq_1)
                                                         recv_data_buffer[0] (net)
                      0.339242    0.000390    1.438553 v _410_/I (gf180mcu_fd_sc_mcu7t5v0__clkinv_1)
     3    0.028935    0.510501    0.392224    1.830777 ^ _410_/ZN (gf180mcu_fd_sc_mcu7t5v0__clkinv_1)
                                                         _083_ (net)
                      0.510511    0.001220    1.831997 ^ _683_/A1 (gf180mcu_fd_sc_mcu7t5v0__oai21_1)
     1    0.002977    0.143990    0.119432    1.951429 v _683_/ZN (gf180mcu_fd_sc_mcu7t5v0__oai21_1)
                                                         _031_ (net)
                      0.143990    0.000030    1.951459 v _818_/D (gf180mcu_fd_sc_mcu7t5v0__dffq_1)
                                              1.951459   data arrival time

                                  0.000000    0.000000   clock system_clock (rise edge)
                                  0.000000    0.000000   clock source latency
     1    0.038592    0.000000    0.000000    0.000000 ^ CLK_I (in)
                                                         CLK_I (net)
                      0.003969    0.001624    0.001624 ^ clkbuf_0_CLK_I/I (gf180mcu_fd_sc_mcu7t5v0__clkbuf_16)
     8    0.199667    0.248974    0.319365    0.320989 ^ clkbuf_0_CLK_I/Z (gf180mcu_fd_sc_mcu7t5v0__clkbuf_16)
                                                         clknet_0_CLK_I (net)
                      0.248990    0.003054    0.324043 ^ clkbuf_3_3__f_CLK_I/I (gf180mcu_fd_sc_mcu7t5v0__clkbuf_16)
    10    0.064818    0.128906    0.286354    0.610397 ^ clkbuf_3_3__f_CLK_I/Z (gf180mcu_fd_sc_mcu7t5v0__clkbuf_16)
                                                         clknet_3_3__leaf_CLK_I (net)
                      0.128907    0.000576    0.610973 ^ _818_/CLK (gf180mcu_fd_sc_mcu7t5v0__dffq_1)
                                  0.500000    1.110973   clock uncertainty
                                  0.000000    1.110973   clock reconvergence pessimism
                                  0.080486    1.191459   library hold time
                                              1.191459   data required time
---------------------------------------------------------------------------------------------
                                              1.191459   data required time
                                             -1.951459   data arrival time
---------------------------------------------------------------------------------------------
                                              0.760000   slack (MET)


Startpoint: _901_ (rising edge-triggered flip-flop clocked by system_clock)
Endpoint: _847_ (rising edge-triggered flip-flop clocked by system_clock)
Path Group: system_clock
Path Type: min

Fanout         Cap        Slew       Delay        Time   Description
---------------------------------------------------------------------------------------------
                                  0.000000    0.000000   clock system_clock (rise edge)
                                  0.000000    0.000000   clock source latency
     1    0.038592    0.000000    0.000000    0.000000 ^ CLK_I (in)
                                                         CLK_I (net)
                      0.003969    0.001624    0.001624 ^ clkbuf_0_CLK_I/I (gf180mcu_fd_sc_mcu7t5v0__clkbuf_16)
     8    0.199667    0.248974    0.319365    0.320989 ^ clkbuf_0_CLK_I/Z (gf180mcu_fd_sc_mcu7t5v0__clkbuf_16)
                                                         clknet_0_CLK_I (net)
                      0.248986    0.002706    0.323694 ^ clkbuf_3_0__f_CLK_I/I (gf180mcu_fd_sc_mcu7t5v0__clkbuf_16)
     9    0.068177    0.131716    0.288314    0.612009 ^ clkbuf_3_0__f_CLK_I/Z (gf180mcu_fd_sc_mcu7t5v0__clkbuf_16)
                                                         clknet_3_0__leaf_CLK_I (net)
                      0.131721    0.001453    0.613461 ^ _901_/CLK (gf180mcu_fd_sc_mcu7t5v0__dffq_1)
     8    0.054369    0.553115    0.965626    1.579087 v _901_/Q (gf180mcu_fd_sc_mcu7t5v0__dffq_1)
                                                         i2c_sda_in_synchronised_internal (net)
                      0.553127    0.001495    1.580582 v _774_/A2 (gf180mcu_fd_sc_mcu7t5v0__and2_1)
     1    0.003787    0.122029    0.385211    1.965793 v _774_/Z (gf180mcu_fd_sc_mcu7t5v0__and2_1)
                                                         _060_ (net)
                      0.122029    0.000041    1.965834 v _847_/D (gf180mcu_fd_sc_mcu7t5v0__dffq_1)
                                              1.965834   data arrival time

                                  0.000000    0.000000   clock system_clock (rise edge)
                                  0.000000    0.000000   clock source latency
     1    0.038592    0.000000    0.000000    0.000000 ^ CLK_I (in)
                                                         CLK_I (net)
                      0.003969    0.001624    0.001624 ^ clkbuf_0_CLK_I/I (gf180mcu_fd_sc_mcu7t5v0__clkbuf_16)
     8    0.199667    0.248974    0.319365    0.320989 ^ clkbuf_0_CLK_I/Z (gf180mcu_fd_sc_mcu7t5v0__clkbuf_16)
                                                         clknet_0_CLK_I (net)
                      0.248986    0.002706    0.323694 ^ clkbuf_3_0__f_CLK_I/I (gf180mcu_fd_sc_mcu7t5v0__clkbuf_16)
     9    0.068177    0.131716    0.288314    0.612009 ^ clkbuf_3_0__f_CLK_I/Z (gf180mcu_fd_sc_mcu7t5v0__clkbuf_16)
                                                         clknet_3_0__leaf_CLK_I (net)
                      0.131719    0.001155    0.613163 ^ _847_/CLK (gf180mcu_fd_sc_mcu7t5v0__dffq_1)
                                  0.500000    1.113163   clock uncertainty
                                  0.000000    1.113163   clock reconvergence pessimism
                                  0.086138    1.199302   library hold time
                                              1.199302   data required time
---------------------------------------------------------------------------------------------
                                              1.199302   data required time
                                             -1.965834   data arrival time
---------------------------------------------------------------------------------------------
                                              0.766532   slack (MET)


Startpoint: _818_ (rising edge-triggered flip-flop clocked by system_clock)
Endpoint: _866_ (rising edge-triggered flip-flop clocked by system_clock)
Path Group: system_clock
Path Type: min

Fanout         Cap        Slew       Delay        Time   Description
---------------------------------------------------------------------------------------------
                                  0.000000    0.000000   clock system_clock (rise edge)
                                  0.000000    0.000000   clock source latency
     1    0.038592    0.000000    0.000000    0.000000 ^ CLK_I (in)
                                                         CLK_I (net)
                      0.003969    0.001624    0.001624 ^ clkbuf_0_CLK_I/I (gf180mcu_fd_sc_mcu7t5v0__clkbuf_16)
     8    0.199667    0.248974    0.319365    0.320989 ^ clkbuf_0_CLK_I/Z (gf180mcu_fd_sc_mcu7t5v0__clkbuf_16)
                                                         clknet_0_CLK_I (net)
                      0.248990    0.003054    0.324043 ^ clkbuf_3_3__f_CLK_I/I (gf180mcu_fd_sc_mcu7t5v0__clkbuf_16)
    10    0.064818    0.128906    0.286354    0.610397 ^ clkbuf_3_3__f_CLK_I/Z (gf180mcu_fd_sc_mcu7t5v0__clkbuf_16)
                                                         clknet_3_3__leaf_CLK_I (net)
                      0.128907    0.000576    0.610973 ^ _818_/CLK (gf180mcu_fd_sc_mcu7t5v0__dffq_1)
     4    0.031072    0.339241    0.827190    1.438163 v _818_/Q (gf180mcu_fd_sc_mcu7t5v0__dffq_1)
                                                         recv_data_buffer[0] (net)
                      0.339242    0.000390    1.438553 v _410_/I (gf180mcu_fd_sc_mcu7t5v0__clkinv_1)
     3    0.028935    0.510501    0.392224    1.830777 ^ _410_/ZN (gf180mcu_fd_sc_mcu7t5v0__clkinv_1)
                                                         _083_ (net)
                      0.510508    0.001016    1.831793 ^ _814_/A1 (gf180mcu_fd_sc_mcu7t5v0__aoi21_1)
     1    0.003184    0.187816    0.118455    1.950248 v _814_/ZN (gf180mcu_fd_sc_mcu7t5v0__aoi21_1)
                                                         _079_ (net)
                      0.187816    0.000032    1.950280 v _866_/D (gf180mcu_fd_sc_mcu7t5v0__dffq_1)
                                              1.950280   data arrival time

                                  0.000000    0.000000   clock system_clock (rise edge)
                                  0.000000    0.000000   clock source latency
     1    0.038592    0.000000    0.000000    0.000000 ^ CLK_I (in)
                                                         CLK_I (net)
                      0.003969    0.001624    0.001624 ^ clkbuf_0_CLK_I/I (gf180mcu_fd_sc_mcu7t5v0__clkbuf_16)
     8    0.199667    0.248974    0.319365    0.320989 ^ clkbuf_0_CLK_I/Z (gf180mcu_fd_sc_mcu7t5v0__clkbuf_16)
                                                         clknet_0_CLK_I (net)
                      0.248990    0.003054    0.324043 ^ clkbuf_3_3__f_CLK_I/I (gf180mcu_fd_sc_mcu7t5v0__clkbuf_16)
    10    0.064818    0.128906    0.286354    0.610397 ^ clkbuf_3_3__f_CLK_I/Z (gf180mcu_fd_sc_mcu7t5v0__clkbuf_16)
                                                         clknet_3_3__leaf_CLK_I (net)
                      0.128906    0.000310    0.610707 ^ _866_/CLK (gf180mcu_fd_sc_mcu7t5v0__dffq_1)
                                  0.500000    1.110707   clock uncertainty
                                  0.000000    1.110707   clock reconvergence pessimism
                                  0.067758    1.178465   library hold time
                                              1.178465   data required time
---------------------------------------------------------------------------------------------
                                              1.178465   data required time
                                             -1.950280   data arrival time
---------------------------------------------------------------------------------------------
                                              0.771816   slack (MET)


Startpoint: _865_ (rising edge-triggered flip-flop clocked by system_clock)
Endpoint: _865_ (rising edge-triggered flip-flop clocked by system_clock)
Path Group: system_clock
Path Type: min

Fanout         Cap        Slew       Delay        Time   Description
---------------------------------------------------------------------------------------------
                                  0.000000    0.000000   clock system_clock (rise edge)
                                  0.000000    0.000000   clock source latency
     1    0.038592    0.000000    0.000000    0.000000 ^ CLK_I (in)
                                                         CLK_I (net)
                      0.003969    0.001624    0.001624 ^ clkbuf_0_CLK_I/I (gf180mcu_fd_sc_mcu7t5v0__clkbuf_16)
     8    0.199667    0.248974    0.319365    0.320989 ^ clkbuf_0_CLK_I/Z (gf180mcu_fd_sc_mcu7t5v0__clkbuf_16)
                                                         clknet_0_CLK_I (net)
                      0.248985    0.002552    0.323540 ^ clkbuf_3_7__f_CLK_I/I (gf180mcu_fd_sc_mcu7t5v0__clkbuf_16)
    14    0.077685    0.139872    0.294649    0.618190 ^ clkbuf_3_7__f_CLK_I/Z (gf180mcu_fd_sc_mcu7t5v0__clkbuf_16)
                                                         clknet_3_7__leaf_CLK_I (net)
                      0.139875    0.001338    0.619528 ^ _865_/CLK (gf180mcu_fd_sc_mcu7t5v0__dffq_1)
     2    0.010271    0.160256    0.697445    1.316973 v _865_/Q (gf180mcu_fd_sc_mcu7t5v0__dffq_1)
                                                         net31 (net)
                      0.160256    0.000131    1.317104 v _811_/A1 (gf180mcu_fd_sc_mcu7t5v0__aoi21_1)
     1    0.013159    0.517921    0.337332    1.654436 ^ _811_/ZN (gf180mcu_fd_sc_mcu7t5v0__aoi21_1)
                                                         _405_ (net)
                      0.517921    0.000421    1.654858 ^ _812_/A2 (gf180mcu_fd_sc_mcu7t5v0__nor2_1)
     1    0.013286    0.329141    0.266398    1.921256 v _812_/ZN (gf180mcu_fd_sc_mcu7t5v0__nor2_1)
                                                         _078_ (net)
                      0.329141    0.000451    1.921707 v _865_/D (gf180mcu_fd_sc_mcu7t5v0__dffq_1)
                                              1.921707   data arrival time

                                  0.000000    0.000000   clock system_clock (rise edge)
                                  0.000000    0.000000   clock source latency
     1    0.038592    0.000000    0.000000    0.000000 ^ CLK_I (in)
                                                         CLK_I (net)
                      0.003969    0.001624    0.001624 ^ clkbuf_0_CLK_I/I (gf180mcu_fd_sc_mcu7t5v0__clkbuf_16)
     8    0.199667    0.248974    0.319365    0.320989 ^ clkbuf_0_CLK_I/Z (gf180mcu_fd_sc_mcu7t5v0__clkbuf_16)
                                                         clknet_0_CLK_I (net)
                      0.248985    0.002552    0.323540 ^ clkbuf_3_7__f_CLK_I/I (gf180mcu_fd_sc_mcu7t5v0__clkbuf_16)
    14    0.077685    0.139872    0.294649    0.618190 ^ clkbuf_3_7__f_CLK_I/Z (gf180mcu_fd_sc_mcu7t5v0__clkbuf_16)
                                                         clknet_3_7__leaf_CLK_I (net)
                      0.139875    0.001338    0.619528 ^ _865_/CLK (gf180mcu_fd_sc_mcu7t5v0__dffq_1)
                                  0.500000    1.119528   clock uncertainty
                                  0.000000    1.119528   clock reconvergence pessimism
                                  0.028854    1.148382   library hold time
                                              1.148382   data required time
---------------------------------------------------------------------------------------------
                                              1.148382   data required time
                                             -1.921707   data arrival time
---------------------------------------------------------------------------------------------
                                              0.773325   slack (MET)


Startpoint: _827_ (rising edge-triggered flip-flop clocked by system_clock)
Endpoint: _827_ (rising edge-triggered flip-flop clocked by system_clock)
Path Group: system_clock
Path Type: min

Fanout         Cap        Slew       Delay        Time   Description
---------------------------------------------------------------------------------------------
                                  0.000000    0.000000   clock system_clock (rise edge)
                                  0.000000    0.000000   clock source latency
     1    0.038592    0.000000    0.000000    0.000000 ^ CLK_I (in)
                                                         CLK_I (net)
                      0.003969    0.001624    0.001624 ^ clkbuf_0_CLK_I/I (gf180mcu_fd_sc_mcu7t5v0__clkbuf_16)
     8    0.199667    0.248974    0.319365    0.320989 ^ clkbuf_0_CLK_I/Z (gf180mcu_fd_sc_mcu7t5v0__clkbuf_16)
                                                         clknet_0_CLK_I (net)
                      0.248986    0.002669    0.323658 ^ clkbuf_3_1__f_CLK_I/I (gf180mcu_fd_sc_mcu7t5v0__clkbuf_16)
    10    0.060680    0.125309    0.283392    0.607050 ^ clkbuf_3_1__f_CLK_I/Z (gf180mcu_fd_sc_mcu7t5v0__clkbuf_16)
                                                         clknet_3_1__leaf_CLK_I (net)
                      0.125311    0.000961    0.608011 ^ _827_/CLK (gf180mcu_fd_sc_mcu7t5v0__dffq_1)
     9    0.051015    0.521932    0.944968    1.552979 v _827_/Q (gf180mcu_fd_sc_mcu7t5v0__dffq_1)
                                                         received_data_internal_flag (net)
                      0.521934    0.000576    1.553555 v _708_/I1 (gf180mcu_fd_sc_mcu7t5v0__mux2_2)
     1    0.002891    0.110205    0.422079    1.975635 v _708_/Z (gf180mcu_fd_sc_mcu7t5v0__mux2_2)
                                                         _040_ (net)
                      0.110205    0.000028    1.975663 v _827_/D (gf180mcu_fd_sc_mcu7t5v0__dffq_1)
                                              1.975663   data arrival time

                                  0.000000    0.000000   clock system_clock (rise edge)
                                  0.000000    0.000000   clock source latency
     1    0.038592    0.000000    0.000000    0.000000 ^ CLK_I (in)
                                                         CLK_I (net)
                      0.003969    0.001624    0.001624 ^ clkbuf_0_CLK_I/I (gf180mcu_fd_sc_mcu7t5v0__clkbuf_16)
     8    0.199667    0.248974    0.319365    0.320989 ^ clkbuf_0_CLK_I/Z (gf180mcu_fd_sc_mcu7t5v0__clkbuf_16)
                                                         clknet_0_CLK_I (net)
                      0.248986    0.002669    0.323658 ^ clkbuf_3_1__f_CLK_I/I (gf180mcu_fd_sc_mcu7t5v0__clkbuf_16)
    10    0.060680    0.125309    0.283392    0.607050 ^ clkbuf_3_1__f_CLK_I/Z (gf180mcu_fd_sc_mcu7t5v0__clkbuf_16)
                                                         clknet_3_1__leaf_CLK_I (net)
                      0.125311    0.000961    0.608011 ^ _827_/CLK (gf180mcu_fd_sc_mcu7t5v0__dffq_1)
                                  0.500000    1.108011   clock uncertainty
                                  0.000000    1.108011   clock reconvergence pessimism
                                  0.087818    1.195829   library hold time
                                              1.195829   data required time
---------------------------------------------------------------------------------------------
                                              1.195829   data required time
                                             -1.975663   data arrival time
---------------------------------------------------------------------------------------------
                                              0.779834   slack (MET)


Startpoint: _820_ (rising edge-triggered flip-flop clocked by system_clock)
Endpoint: _821_ (rising edge-triggered flip-flop clocked by system_clock)
Path Group: system_clock
Path Type: min

Fanout         Cap        Slew       Delay        Time   Description
---------------------------------------------------------------------------------------------
                                  0.000000    0.000000   clock system_clock (rise edge)
                                  0.000000    0.000000   clock source latency
     1    0.038592    0.000000    0.000000    0.000000 ^ CLK_I (in)
                                                         CLK_I (net)
                      0.003969    0.001624    0.001624 ^ clkbuf_0_CLK_I/I (gf180mcu_fd_sc_mcu7t5v0__clkbuf_16)
     8    0.199667    0.248974    0.319365    0.320989 ^ clkbuf_0_CLK_I/Z (gf180mcu_fd_sc_mcu7t5v0__clkbuf_16)
                                                         clknet_0_CLK_I (net)
                      0.248985    0.002552    0.323540 ^ clkbuf_3_7__f_CLK_I/I (gf180mcu_fd_sc_mcu7t5v0__clkbuf_16)
    14    0.077685    0.139872    0.294649    0.618190 ^ clkbuf_3_7__f_CLK_I/Z (gf180mcu_fd_sc_mcu7t5v0__clkbuf_16)
                                                         clknet_3_7__leaf_CLK_I (net)
                      0.139872    0.000046    0.618236 ^ _820_/CLK (gf180mcu_fd_sc_mcu7t5v0__dffq_1)
     6    0.052396    0.534830    0.956143    1.574379 v _820_/Q (gf180mcu_fd_sc_mcu7t5v0__dffq_1)
                                                         recv_data_buffer[2] (net)
                      0.534837    0.001038    1.575416 v _687_/I1 (gf180mcu_fd_sc_mcu7t5v0__mux2_2)
     1    0.003330    0.111963    0.428063    2.003479 v _687_/Z (gf180mcu_fd_sc_mcu7t5v0__mux2_2)
                                                         _034_ (net)
                      0.111963    0.000063    2.003542 v _821_/D (gf180mcu_fd_sc_mcu7t5v0__dffq_1)
                                              2.003542   data arrival time

                                  0.000000    0.000000   clock system_clock (rise edge)
                                  0.000000    0.000000   clock source latency
     1    0.038592    0.000000    0.000000    0.000000 ^ CLK_I (in)
                                                         CLK_I (net)
                      0.003969    0.001624    0.001624 ^ clkbuf_0_CLK_I/I (gf180mcu_fd_sc_mcu7t5v0__clkbuf_16)
     8    0.199667    0.248974    0.319365    0.320989 ^ clkbuf_0_CLK_I/Z (gf180mcu_fd_sc_mcu7t5v0__clkbuf_16)
                                                         clknet_0_CLK_I (net)
                      0.248985    0.002552    0.323540 ^ clkbuf_3_7__f_CLK_I/I (gf180mcu_fd_sc_mcu7t5v0__clkbuf_16)
    14    0.077685    0.139872    0.294649    0.618190 ^ clkbuf_3_7__f_CLK_I/Z (gf180mcu_fd_sc_mcu7t5v0__clkbuf_16)
                                                         clknet_3_7__leaf_CLK_I (net)
                      0.139874    0.001136    0.619326 ^ _821_/CLK (gf180mcu_fd_sc_mcu7t5v0__dffq_1)
                                  0.500000    1.119326   clock uncertainty
                                  0.000000    1.119326   clock reconvergence pessimism
                                  0.089922    1.209248   library hold time
                                              1.209248   data required time
---------------------------------------------------------------------------------------------
                                              1.209248   data required time
                                             -2.003542   data arrival time
---------------------------------------------------------------------------------------------
                                              0.794294   slack (MET)


Startpoint: _892_ (rising edge-triggered flip-flop clocked by system_clock)
Endpoint: _892_ (rising edge-triggered flip-flop clocked by system_clock)
Path Group: system_clock
Path Type: min

Fanout         Cap        Slew       Delay        Time   Description
---------------------------------------------------------------------------------------------
                                  0.000000    0.000000   clock system_clock (rise edge)
                                  0.000000    0.000000   clock source latency
     1    0.038592    0.000000    0.000000    0.000000 ^ CLK_I (in)
                                                         CLK_I (net)
                      0.003969    0.001624    0.001624 ^ clkbuf_0_CLK_I/I (gf180mcu_fd_sc_mcu7t5v0__clkbuf_16)
     8    0.199667    0.248974    0.319365    0.320989 ^ clkbuf_0_CLK_I/Z (gf180mcu_fd_sc_mcu7t5v0__clkbuf_16)
                                                         clknet_0_CLK_I (net)
                      0.248986    0.002626    0.323615 ^ clkbuf_3_5__f_CLK_I/I (gf180mcu_fd_sc_mcu7t5v0__clkbuf_16)
    11    0.065995    0.129925    0.287171    0.610786 ^ clkbuf_3_5__f_CLK_I/Z (gf180mcu_fd_sc_mcu7t5v0__clkbuf_16)
                                                         clknet_3_5__leaf_CLK_I (net)
                      0.129925    0.000198    0.610984 ^ _892_/CLK (gf180mcu_fd_sc_mcu7t5v0__dffq_1)
     7    0.053138    0.897764    1.180799    1.791782 ^ _892_/Q (gf180mcu_fd_sc_mcu7t5v0__dffq_1)
                                                         wb_master_subroutine_iteration[0] (net)
                      0.897764    0.000837    1.792620 ^ _603_/A1 (gf180mcu_fd_sc_mcu7t5v0__aoi211_1)
     1    0.005072    0.240440    0.181275    1.973894 v _603_/ZN (gf180mcu_fd_sc_mcu7t5v0__aoi211_1)
                                                         _026_ (net)
                      0.240440    0.000108    1.974003 v _892_/D (gf180mcu_fd_sc_mcu7t5v0__dffq_1)
                                              1.974003   data arrival time

                                  0.000000    0.000000   clock system_clock (rise edge)
                                  0.000000    0.000000   clock source latency
     1    0.038592    0.000000    0.000000    0.000000 ^ CLK_I (in)
                                                         CLK_I (net)
                      0.003969    0.001624    0.001624 ^ clkbuf_0_CLK_I/I (gf180mcu_fd_sc_mcu7t5v0__clkbuf_16)
     8    0.199667    0.248974    0.319365    0.320989 ^ clkbuf_0_CLK_I/Z (gf180mcu_fd_sc_mcu7t5v0__clkbuf_16)
                                                         clknet_0_CLK_I (net)
                      0.248986    0.002626    0.323615 ^ clkbuf_3_5__f_CLK_I/I (gf180mcu_fd_sc_mcu7t5v0__clkbuf_16)
    11    0.065995    0.129925    0.287171    0.610786 ^ clkbuf_3_5__f_CLK_I/Z (gf180mcu_fd_sc_mcu7t5v0__clkbuf_16)
                                                         clknet_3_5__leaf_CLK_I (net)
                      0.129925    0.000198    0.610984 ^ _892_/CLK (gf180mcu_fd_sc_mcu7t5v0__dffq_1)
                                  0.500000    1.110984   clock uncertainty
                                  0.000000    1.110984   clock reconvergence pessimism
                                  0.052661    1.163645   library hold time
                                              1.163645   data required time
---------------------------------------------------------------------------------------------
                                              1.163645   data required time
                                             -1.974003   data arrival time
---------------------------------------------------------------------------------------------
                                              0.810358   slack (MET)


Startpoint: _819_ (rising edge-triggered flip-flop clocked by system_clock)
Endpoint: _883_ (rising edge-triggered flip-flop clocked by system_clock)
Path Group: system_clock
Path Type: min

Fanout         Cap        Slew       Delay        Time   Description
---------------------------------------------------------------------------------------------
                                  0.000000    0.000000   clock system_clock (rise edge)
                                  0.000000    0.000000   clock source latency
     1    0.038592    0.000000    0.000000    0.000000 ^ CLK_I (in)
                                                         CLK_I (net)
                      0.003969    0.001624    0.001624 ^ clkbuf_0_CLK_I/I (gf180mcu_fd_sc_mcu7t5v0__clkbuf_16)
     8    0.199667    0.248974    0.319365    0.320989 ^ clkbuf_0_CLK_I/Z (gf180mcu_fd_sc_mcu7t5v0__clkbuf_16)
                                                         clknet_0_CLK_I (net)
                      0.248990    0.003054    0.324043 ^ clkbuf_3_3__f_CLK_I/I (gf180mcu_fd_sc_mcu7t5v0__clkbuf_16)
    10    0.064818    0.128906    0.286354    0.610397 ^ clkbuf_3_3__f_CLK_I/Z (gf180mcu_fd_sc_mcu7t5v0__clkbuf_16)
                                                         clknet_3_3__leaf_CLK_I (net)
                      0.128906    0.000490    0.610887 ^ _819_/CLK (gf180mcu_fd_sc_mcu7t5v0__dffq_1)
     5    0.036574    0.387699    0.860663    1.471550 v _819_/Q (gf180mcu_fd_sc_mcu7t5v0__dffq_1)
                                                         recv_data_buffer[1] (net)
                      0.387699    0.000247    1.471797 v _409_/I (gf180mcu_fd_sc_mcu7t5v0__clkinv_1)
     2    0.022446    0.420162    0.347019    1.818816 ^ _409_/ZN (gf180mcu_fd_sc_mcu7t5v0__clkinv_1)
                                                         _082_ (net)
                      0.420162    0.000647    1.819463 ^ _563_/A1 (gf180mcu_fd_sc_mcu7t5v0__oai221_1)
     1    0.003927    0.188071    0.167031    1.986493 v _563_/ZN (gf180mcu_fd_sc_mcu7t5v0__oai221_1)
                                                         _017_ (net)
                      0.188071    0.000044    1.986537 v _883_/D (gf180mcu_fd_sc_mcu7t5v0__dffq_1)
                                              1.986537   data arrival time

                                  0.000000    0.000000   clock system_clock (rise edge)
                                  0.000000    0.000000   clock source latency
     1    0.038592    0.000000    0.000000    0.000000 ^ CLK_I (in)
                                                         CLK_I (net)
                      0.003969    0.001624    0.001624 ^ clkbuf_0_CLK_I/I (gf180mcu_fd_sc_mcu7t5v0__clkbuf_16)
     8    0.199667    0.248974    0.319365    0.320989 ^ clkbuf_0_CLK_I/Z (gf180mcu_fd_sc_mcu7t5v0__clkbuf_16)
                                                         clknet_0_CLK_I (net)
                      0.248986    0.002669    0.323658 ^ clkbuf_3_1__f_CLK_I/I (gf180mcu_fd_sc_mcu7t5v0__clkbuf_16)
    10    0.060680    0.125309    0.283392    0.607050 ^ clkbuf_3_1__f_CLK_I/Z (gf180mcu_fd_sc_mcu7t5v0__clkbuf_16)
                                                         clknet_3_1__leaf_CLK_I (net)
                      0.125312    0.001171    0.608221 ^ _883_/CLK (gf180mcu_fd_sc_mcu7t5v0__dffq_1)
                                  0.500000    1.108221   clock uncertainty
                                  0.000000    1.108221   clock reconvergence pessimism
                                  0.067061    1.175282   library hold time
                                              1.175282   data required time
---------------------------------------------------------------------------------------------
                                              1.175282   data required time
                                             -1.986537   data arrival time
---------------------------------------------------------------------------------------------
                                              0.811256   slack (MET)


Startpoint: _818_ (rising edge-triggered flip-flop clocked by system_clock)
Endpoint: _874_ (rising edge-triggered flip-flop clocked by system_clock)
Path Group: system_clock
Path Type: min

Fanout         Cap        Slew       Delay        Time   Description
---------------------------------------------------------------------------------------------
                                  0.000000    0.000000   clock system_clock (rise edge)
                                  0.000000    0.000000   clock source latency
     1    0.038592    0.000000    0.000000    0.000000 ^ CLK_I (in)
                                                         CLK_I (net)
                      0.003969    0.001624    0.001624 ^ clkbuf_0_CLK_I/I (gf180mcu_fd_sc_mcu7t5v0__clkbuf_16)
     8    0.199667    0.248974    0.319365    0.320989 ^ clkbuf_0_CLK_I/Z (gf180mcu_fd_sc_mcu7t5v0__clkbuf_16)
                                                         clknet_0_CLK_I (net)
                      0.248990    0.003054    0.324043 ^ clkbuf_3_3__f_CLK_I/I (gf180mcu_fd_sc_mcu7t5v0__clkbuf_16)
    10    0.064818    0.128906    0.286354    0.610397 ^ clkbuf_3_3__f_CLK_I/Z (gf180mcu_fd_sc_mcu7t5v0__clkbuf_16)
                                                         clknet_3_3__leaf_CLK_I (net)
                      0.128907    0.000576    0.610973 ^ _818_/CLK (gf180mcu_fd_sc_mcu7t5v0__dffq_1)
     4    0.031072    0.339241    0.827190    1.438163 v _818_/Q (gf180mcu_fd_sc_mcu7t5v0__dffq_1)
                                                         recv_data_buffer[0] (net)
                      0.339242    0.000517    1.438680 v _480_/B2 (gf180mcu_fd_sc_mcu7t5v0__oai221_1)
     1    0.006443    0.367682    0.448907    1.887587 ^ _480_/ZN (gf180mcu_fd_sc_mcu7t5v0__oai221_1)
                                                         _144_ (net)
                      0.367682    0.000077    1.887664 ^ _508_/A2 (gf180mcu_fd_sc_mcu7t5v0__aoi22_1)
     1    0.004494    0.165803    0.124029    2.011693 v _508_/ZN (gf180mcu_fd_sc_mcu7t5v0__aoi22_1)
                                                         _008_ (net)
                      0.165803    0.000126    2.011820 v _874_/D (gf180mcu_fd_sc_mcu7t5v0__dffq_1)
                                              2.011820   data arrival time

                                  0.000000    0.000000   clock system_clock (rise edge)
                                  0.000000    0.000000   clock source latency
     1    0.038592    0.000000    0.000000    0.000000 ^ CLK_I (in)
                                                         CLK_I (net)
                      0.003969    0.001624    0.001624 ^ clkbuf_0_CLK_I/I (gf180mcu_fd_sc_mcu7t5v0__clkbuf_16)
     8    0.199667    0.248974    0.319365    0.320989 ^ clkbuf_0_CLK_I/Z (gf180mcu_fd_sc_mcu7t5v0__clkbuf_16)
                                                         clknet_0_CLK_I (net)
                      0.248988    0.002861    0.323849 ^ clkbuf_3_6__f_CLK_I/I (gf180mcu_fd_sc_mcu7t5v0__clkbuf_16)
    13    0.081683    0.143199    0.297006    0.620855 ^ clkbuf_3_6__f_CLK_I/Z (gf180mcu_fd_sc_mcu7t5v0__clkbuf_16)
                                                         clknet_3_6__leaf_CLK_I (net)
                      0.143205    0.001649    0.622504 ^ _874_/CLK (gf180mcu_fd_sc_mcu7t5v0__dffq_1)
                                  0.500000    1.122504   clock uncertainty
                                  0.000000    1.122504   clock reconvergence pessimism
                                  0.076577    1.199081   library hold time
                                              1.199081   data required time
---------------------------------------------------------------------------------------------
                                              1.199081   data required time
                                             -2.011820   data arrival time
---------------------------------------------------------------------------------------------
                                              0.812739   slack (MET)


Startpoint: _899_ (rising edge-triggered flip-flop clocked by system_clock)
Endpoint: _897_ (rising edge-triggered flip-flop clocked by system_clock)
Path Group: system_clock
Path Type: min

Fanout         Cap        Slew       Delay        Time   Description
---------------------------------------------------------------------------------------------
                                  0.000000    0.000000   clock system_clock (rise edge)
                                  0.000000    0.000000   clock source latency
     1    0.038592    0.000000    0.000000    0.000000 ^ CLK_I (in)
                                                         CLK_I (net)
                      0.003969    0.001624    0.001624 ^ clkbuf_0_CLK_I/I (gf180mcu_fd_sc_mcu7t5v0__clkbuf_16)
     8    0.199667    0.248974    0.319365    0.320989 ^ clkbuf_0_CLK_I/Z (gf180mcu_fd_sc_mcu7t5v0__clkbuf_16)
                                                         clknet_0_CLK_I (net)
                      0.248993    0.003284    0.324272 ^ clkbuf_3_2__f_CLK_I/I (gf180mcu_fd_sc_mcu7t5v0__clkbuf_16)
    16    0.074071    0.136789    0.292311    0.616584 ^ clkbuf_3_2__f_CLK_I/Z (gf180mcu_fd_sc_mcu7t5v0__clkbuf_16)
                                                         clknet_3_2__leaf_CLK_I (net)
                      0.136791    0.000939    0.617522 ^ _899_/CLK (gf180mcu_fd_sc_mcu7t5v0__dffq_1)
     3    0.032360    0.350598    0.836093    1.453615 v _899_/Q (gf180mcu_fd_sc_mcu7t5v0__dffq_1)
                                                         i2c_scl_in_synchronised_internal (net)
                      0.350599    0.000512    1.454127 v _421_/I (gf180mcu_fd_sc_mcu7t5v0__clkinv_1)
     3    0.012940    0.281739    0.246616    1.700743 ^ _421_/ZN (gf180mcu_fd_sc_mcu7t5v0__clkinv_1)
                                                         _094_ (net)
                      0.281739    0.000160    1.700903 ^ _439_/A1 (gf180mcu_fd_sc_mcu7t5v0__and2_1)
     1    0.002637    0.121198    0.287042    1.987945 ^ _439_/Z (gf180mcu_fd_sc_mcu7t5v0__and2_1)
                                                         _000_ (net)
                      0.121198    0.000024    1.987970 ^ _897_/D (gf180mcu_fd_sc_mcu7t5v0__dffq_1)
                                              1.987970   data arrival time

                                  0.000000    0.000000   clock system_clock (rise edge)
                                  0.000000    0.000000   clock source latency
     1    0.038592    0.000000    0.000000    0.000000 ^ CLK_I (in)
                                                         CLK_I (net)
                      0.003969    0.001624    0.001624 ^ clkbuf_0_CLK_I/I (gf180mcu_fd_sc_mcu7t5v0__clkbuf_16)
     8    0.199667    0.248974    0.319365    0.320989 ^ clkbuf_0_CLK_I/Z (gf180mcu_fd_sc_mcu7t5v0__clkbuf_16)
                                                         clknet_0_CLK_I (net)
                      0.248993    0.003284    0.324272 ^ clkbuf_3_2__f_CLK_I/I (gf180mcu_fd_sc_mcu7t5v0__clkbuf_16)
    16    0.074071    0.136789    0.292311    0.616584 ^ clkbuf_3_2__f_CLK_I/Z (gf180mcu_fd_sc_mcu7t5v0__clkbuf_16)
                                                         clknet_3_2__leaf_CLK_I (net)
                      0.136791    0.000785    0.617369 ^ _897_/CLK (gf180mcu_fd_sc_mcu7t5v0__dffq_1)
                                  0.500000    1.117369   clock uncertainty
                                  0.000000    1.117369   clock reconvergence pessimism
                                  0.049539    1.166909   library hold time
                                              1.166909   data required time
---------------------------------------------------------------------------------------------
                                              1.166909   data required time
                                             -1.987970   data arrival time
---------------------------------------------------------------------------------------------
                                              0.821061   slack (MET)


Startpoint: _849_ (rising edge-triggered flip-flop clocked by system_clock)
Endpoint: _849_ (rising edge-triggered flip-flop clocked by system_clock)
Path Group: system_clock
Path Type: min

Fanout         Cap        Slew       Delay        Time   Description
---------------------------------------------------------------------------------------------
                                  0.000000    0.000000   clock system_clock (rise edge)
                                  0.000000    0.000000   clock source latency
     1    0.038592    0.000000    0.000000    0.000000 ^ CLK_I (in)
                                                         CLK_I (net)
                      0.003969    0.001624    0.001624 ^ clkbuf_0_CLK_I/I (gf180mcu_fd_sc_mcu7t5v0__clkbuf_16)
     8    0.199667    0.248974    0.319365    0.320989 ^ clkbuf_0_CLK_I/Z (gf180mcu_fd_sc_mcu7t5v0__clkbuf_16)
                                                         clknet_0_CLK_I (net)
                      0.248986    0.002626    0.323615 ^ clkbuf_3_5__f_CLK_I/I (gf180mcu_fd_sc_mcu7t5v0__clkbuf_16)
    11    0.065995    0.129925    0.287171    0.610786 ^ clkbuf_3_5__f_CLK_I/Z (gf180mcu_fd_sc_mcu7t5v0__clkbuf_16)
                                                         clknet_3_5__leaf_CLK_I (net)
                      0.129926    0.000455    0.611241 ^ _849_/CLK (gf180mcu_fd_sc_mcu7t5v0__dffq_1)
     2    0.013143    0.184050    0.714690    1.325931 v _849_/Q (gf180mcu_fd_sc_mcu7t5v0__dffq_1)
                                                         net14 (net)
                      0.184050    0.000089    1.326019 v _778_/B2 (gf180mcu_fd_sc_mcu7t5v0__aoi22_1)
     1    0.017200    0.510456    0.403851    1.729870 ^ _778_/ZN (gf180mcu_fd_sc_mcu7t5v0__aoi22_1)
                                                         _388_ (net)
                      0.510457    0.000716    1.730586 ^ _779_/A2 (gf180mcu_fd_sc_mcu7t5v0__nor2_1)
     1    0.010555    0.298847    0.238884    1.969470 v _779_/ZN (gf180mcu_fd_sc_mcu7t5v0__nor2_1)
                                                         _062_ (net)
                      0.298848    0.000398    1.969868 v _849_/D (gf180mcu_fd_sc_mcu7t5v0__dffq_1)
                                              1.969868   data arrival time

                                  0.000000    0.000000   clock system_clock (rise edge)
                                  0.000000    0.000000   clock source latency
     1    0.038592    0.000000    0.000000    0.000000 ^ CLK_I (in)
                                                         CLK_I (net)
                      0.003969    0.001624    0.001624 ^ clkbuf_0_CLK_I/I (gf180mcu_fd_sc_mcu7t5v0__clkbuf_16)
     8    0.199667    0.248974    0.319365    0.320989 ^ clkbuf_0_CLK_I/Z (gf180mcu_fd_sc_mcu7t5v0__clkbuf_16)
                                                         clknet_0_CLK_I (net)
                      0.248986    0.002626    0.323615 ^ clkbuf_3_5__f_CLK_I/I (gf180mcu_fd_sc_mcu7t5v0__clkbuf_16)
    11    0.065995    0.129925    0.287171    0.610786 ^ clkbuf_3_5__f_CLK_I/Z (gf180mcu_fd_sc_mcu7t5v0__clkbuf_16)
                                                         clknet_3_5__leaf_CLK_I (net)
                      0.129926    0.000455    0.611241 ^ _849_/CLK (gf180mcu_fd_sc_mcu7t5v0__dffq_1)
                                  0.500000    1.111241   clock uncertainty
                                  0.000000    1.111241   clock reconvergence pessimism
                                  0.035708    1.146949   library hold time
                                              1.146949   data required time
---------------------------------------------------------------------------------------------
                                              1.146949   data required time
                                             -1.969868   data arrival time
---------------------------------------------------------------------------------------------
                                              0.822919   slack (MET)


Startpoint: _850_ (rising edge-triggered flip-flop clocked by system_clock)
Endpoint: _850_ (rising edge-triggered flip-flop clocked by system_clock)
Path Group: system_clock
Path Type: min

Fanout         Cap        Slew       Delay        Time   Description
---------------------------------------------------------------------------------------------
                                  0.000000    0.000000   clock system_clock (rise edge)
                                  0.000000    0.000000   clock source latency
     1    0.038592    0.000000    0.000000    0.000000 ^ CLK_I (in)
                                                         CLK_I (net)
                      0.003969    0.001624    0.001624 ^ clkbuf_0_CLK_I/I (gf180mcu_fd_sc_mcu7t5v0__clkbuf_16)
     8    0.199667    0.248974    0.319365    0.320989 ^ clkbuf_0_CLK_I/Z (gf180mcu_fd_sc_mcu7t5v0__clkbuf_16)
                                                         clknet_0_CLK_I (net)
                      0.248986    0.002626    0.323615 ^ clkbuf_3_5__f_CLK_I/I (gf180mcu_fd_sc_mcu7t5v0__clkbuf_16)
    11    0.065995    0.129925    0.287171    0.610786 ^ clkbuf_3_5__f_CLK_I/Z (gf180mcu_fd_sc_mcu7t5v0__clkbuf_16)
                                                         clknet_3_5__leaf_CLK_I (net)
                      0.129926    0.000564    0.611350 ^ _850_/CLK (gf180mcu_fd_sc_mcu7t5v0__dffq_1)
     2    0.015863    0.206572    0.732767    1.344117 v _850_/Q (gf180mcu_fd_sc_mcu7t5v0__dffq_1)
                                                         net15 (net)
                      0.206573    0.000265    1.344381 v _780_/B2 (gf180mcu_fd_sc_mcu7t5v0__aoi22_1)
     1    0.016517    0.487851    0.399771    1.744152 ^ _780_/ZN (gf180mcu_fd_sc_mcu7t5v0__aoi22_1)
                                                         _389_ (net)
                      0.487851    0.000702    1.744855 ^ _781_/A2 (gf180mcu_fd_sc_mcu7t5v0__nor2_1)
     1    0.011406    0.301661    0.244226    1.989081 v _781_/ZN (gf180mcu_fd_sc_mcu7t5v0__nor2_1)
                                                         _063_ (net)
                      0.301661    0.000471    1.989552 v _850_/D (gf180mcu_fd_sc_mcu7t5v0__dffq_1)
                                              1.989552   data arrival time

                                  0.000000    0.000000   clock system_clock (rise edge)
                                  0.000000    0.000000   clock source latency
     1    0.038592    0.000000    0.000000    0.000000 ^ CLK_I (in)
                                                         CLK_I (net)
                      0.003969    0.001624    0.001624 ^ clkbuf_0_CLK_I/I (gf180mcu_fd_sc_mcu7t5v0__clkbuf_16)
     8    0.199667    0.248974    0.319365    0.320989 ^ clkbuf_0_CLK_I/Z (gf180mcu_fd_sc_mcu7t5v0__clkbuf_16)
                                                         clknet_0_CLK_I (net)
                      0.248986    0.002626    0.323615 ^ clkbuf_3_5__f_CLK_I/I (gf180mcu_fd_sc_mcu7t5v0__clkbuf_16)
    11    0.065995    0.129925    0.287171    0.610786 ^ clkbuf_3_5__f_CLK_I/Z (gf180mcu_fd_sc_mcu7t5v0__clkbuf_16)
                                                         clknet_3_5__leaf_CLK_I (net)
                      0.129926    0.000564    0.611350 ^ _850_/CLK (gf180mcu_fd_sc_mcu7t5v0__dffq_1)
                                  0.500000    1.111350   clock uncertainty
                                  0.000000    1.111350   clock reconvergence pessimism
                                  0.034891    1.146241   library hold time
                                              1.146241   data required time
---------------------------------------------------------------------------------------------
                                              1.146241   data required time
                                             -1.989552   data arrival time
---------------------------------------------------------------------------------------------
                                              0.843311   slack (MET)


Startpoint: _825_ (rising edge-triggered flip-flop clocked by system_clock)
Endpoint: _825_ (rising edge-triggered flip-flop clocked by system_clock)
Path Group: system_clock
Path Type: min

Fanout         Cap        Slew       Delay        Time   Description
---------------------------------------------------------------------------------------------
                                  0.000000    0.000000   clock system_clock (rise edge)
                                  0.000000    0.000000   clock source latency
     1    0.038592    0.000000    0.000000    0.000000 ^ CLK_I (in)
                                                         CLK_I (net)
                      0.003969    0.001624    0.001624 ^ clkbuf_0_CLK_I/I (gf180mcu_fd_sc_mcu7t5v0__clkbuf_16)
     8    0.199667    0.248974    0.319365    0.320989 ^ clkbuf_0_CLK_I/Z (gf180mcu_fd_sc_mcu7t5v0__clkbuf_16)
                                                         clknet_0_CLK_I (net)
                      0.248988    0.002861    0.323849 ^ clkbuf_3_6__f_CLK_I/I (gf180mcu_fd_sc_mcu7t5v0__clkbuf_16)
    13    0.081683    0.143199    0.297006    0.620855 ^ clkbuf_3_6__f_CLK_I/Z (gf180mcu_fd_sc_mcu7t5v0__clkbuf_16)
                                                         clknet_3_6__leaf_CLK_I (net)
                      0.143206    0.001727    0.622582 ^ _825_/CLK (gf180mcu_fd_sc_mcu7t5v0__dffq_1)
     5    0.055074    0.559765    0.972432    1.595014 v _825_/Q (gf180mcu_fd_sc_mcu7t5v0__dffq_1)
                                                         recv_data_buffer[7] (net)
                      0.559771    0.000999    1.596013 v _692_/I0 (gf180mcu_fd_sc_mcu7t5v0__mux2_2)
     1    0.008726    0.141272    0.462414    2.058427 v _692_/Z (gf180mcu_fd_sc_mcu7t5v0__mux2_2)
                                                         _038_ (net)
                      0.141272    0.000228    2.058655 v _825_/D (gf180mcu_fd_sc_mcu7t5v0__dffq_1)
                                              2.058655   data arrival time

                                  0.000000    0.000000   clock system_clock (rise edge)
                                  0.000000    0.000000   clock source latency
     1    0.038592    0.000000    0.000000    0.000000 ^ CLK_I (in)
                                                         CLK_I (net)
                      0.003969    0.001624    0.001624 ^ clkbuf_0_CLK_I/I (gf180mcu_fd_sc_mcu7t5v0__clkbuf_16)
     8    0.199667    0.248974    0.319365    0.320989 ^ clkbuf_0_CLK_I/Z (gf180mcu_fd_sc_mcu7t5v0__clkbuf_16)
                                                         clknet_0_CLK_I (net)
                      0.248988    0.002861    0.323849 ^ clkbuf_3_6__f_CLK_I/I (gf180mcu_fd_sc_mcu7t5v0__clkbuf_16)
    13    0.081683    0.143199    0.297006    0.620855 ^ clkbuf_3_6__f_CLK_I/Z (gf180mcu_fd_sc_mcu7t5v0__clkbuf_16)
                                                         clknet_3_6__leaf_CLK_I (net)
                      0.143206    0.001727    0.622582 ^ _825_/CLK (gf180mcu_fd_sc_mcu7t5v0__dffq_1)
                                  0.500000    1.122582   clock uncertainty
                                  0.000000    1.122582   clock reconvergence pessimism
                                  0.083511    1.206093   library hold time
                                              1.206093   data required time
---------------------------------------------------------------------------------------------
                                              1.206093   data required time
                                             -2.058655   data arrival time
---------------------------------------------------------------------------------------------
                                              0.852562   slack (MET)


Startpoint: _820_ (rising edge-triggered flip-flop clocked by system_clock)
Endpoint: _858_ (rising edge-triggered flip-flop clocked by system_clock)
Path Group: system_clock
Path Type: min

Fanout         Cap        Slew       Delay        Time   Description
---------------------------------------------------------------------------------------------
                                  0.000000    0.000000   clock system_clock (rise edge)
                                  0.000000    0.000000   clock source latency
     1    0.038592    0.000000    0.000000    0.000000 ^ CLK_I (in)
                                                         CLK_I (net)
                      0.003969    0.001624    0.001624 ^ clkbuf_0_CLK_I/I (gf180mcu_fd_sc_mcu7t5v0__clkbuf_16)
     8    0.199667    0.248974    0.319365    0.320989 ^ clkbuf_0_CLK_I/Z (gf180mcu_fd_sc_mcu7t5v0__clkbuf_16)
                                                         clknet_0_CLK_I (net)
                      0.248985    0.002552    0.323540 ^ clkbuf_3_7__f_CLK_I/I (gf180mcu_fd_sc_mcu7t5v0__clkbuf_16)
    14    0.077685    0.139872    0.294649    0.618190 ^ clkbuf_3_7__f_CLK_I/Z (gf180mcu_fd_sc_mcu7t5v0__clkbuf_16)
                                                         clknet_3_7__leaf_CLK_I (net)
                      0.139872    0.000046    0.618236 ^ _820_/CLK (gf180mcu_fd_sc_mcu7t5v0__dffq_1)
     6    0.052396    0.534830    0.956143    1.574379 v _820_/Q (gf180mcu_fd_sc_mcu7t5v0__dffq_1)
                                                         recv_data_buffer[2] (net)
                      0.534832    0.000586    1.574965 v _797_/B2 (gf180mcu_fd_sc_mcu7t5v0__aoi22_1)
     1    0.004913    0.222158    0.322179    1.897143 ^ _797_/ZN (gf180mcu_fd_sc_mcu7t5v0__aoi22_1)
                                                         _398_ (net)
                      0.222158    0.000050    1.897193 ^ _798_/A2 (gf180mcu_fd_sc_mcu7t5v0__nor2_1)
     1    0.006682    0.185246    0.159806    2.056999 v _798_/ZN (gf180mcu_fd_sc_mcu7t5v0__nor2_1)
                                                         _071_ (net)
                      0.185246    0.000158    2.057157 v _858_/D (gf180mcu_fd_sc_mcu7t5v0__dffq_1)
                                              2.057157   data arrival time

                                  0.000000    0.000000   clock system_clock (rise edge)
                                  0.000000    0.000000   clock source latency
     1    0.038592    0.000000    0.000000    0.000000 ^ CLK_I (in)
                                                         CLK_I (net)
                      0.003969    0.001624    0.001624 ^ clkbuf_0_CLK_I/I (gf180mcu_fd_sc_mcu7t5v0__clkbuf_16)
     8    0.199667    0.248974    0.319365    0.320989 ^ clkbuf_0_CLK_I/Z (gf180mcu_fd_sc_mcu7t5v0__clkbuf_16)
                                                         clknet_0_CLK_I (net)
                      0.248985    0.002552    0.323540 ^ clkbuf_3_7__f_CLK_I/I (gf180mcu_fd_sc_mcu7t5v0__clkbuf_16)
    14    0.077685    0.139872    0.294649    0.618190 ^ clkbuf_3_7__f_CLK_I/Z (gf180mcu_fd_sc_mcu7t5v0__clkbuf_16)
                                                         clknet_3_7__leaf_CLK_I (net)
                      0.139872    0.000170    0.618360 ^ _858_/CLK (gf180mcu_fd_sc_mcu7t5v0__dffq_1)
                                  0.500000    1.118360   clock uncertainty
                                  0.000000    1.118360   clock reconvergence pessimism
                                  0.070400    1.188760   library hold time
                                              1.188760   data required time
---------------------------------------------------------------------------------------------
                                              1.188760   data required time
                                             -2.057157   data arrival time
---------------------------------------------------------------------------------------------
                                              0.868396   slack (MET)


Startpoint: _822_ (rising edge-triggered flip-flop clocked by system_clock)
Endpoint: _822_ (rising edge-triggered flip-flop clocked by system_clock)
Path Group: system_clock
Path Type: min

Fanout         Cap        Slew       Delay        Time   Description
---------------------------------------------------------------------------------------------
                                  0.000000    0.000000   clock system_clock (rise edge)
                                  0.000000    0.000000   clock source latency
     1    0.038592    0.000000    0.000000    0.000000 ^ CLK_I (in)
                                                         CLK_I (net)
                      0.003969    0.001624    0.001624 ^ clkbuf_0_CLK_I/I (gf180mcu_fd_sc_mcu7t5v0__clkbuf_16)
     8    0.199667    0.248974    0.319365    0.320989 ^ clkbuf_0_CLK_I/Z (gf180mcu_fd_sc_mcu7t5v0__clkbuf_16)
                                                         clknet_0_CLK_I (net)
                      0.248990    0.003054    0.324043 ^ clkbuf_3_3__f_CLK_I/I (gf180mcu_fd_sc_mcu7t5v0__clkbuf_16)
    10    0.064818    0.128906    0.286354    0.610397 ^ clkbuf_3_3__f_CLK_I/Z (gf180mcu_fd_sc_mcu7t5v0__clkbuf_16)
                                                         clknet_3_3__leaf_CLK_I (net)
                      0.128906    0.000459    0.610856 ^ _822_/CLK (gf180mcu_fd_sc_mcu7t5v0__dffq_1)
     4    0.039147    0.411556    0.875799    1.486655 v _822_/Q (gf180mcu_fd_sc_mcu7t5v0__dffq_1)
                                                         recv_data_buffer[4] (net)
                      0.411556    0.000398    1.487053 v _419_/I (gf180mcu_fd_sc_mcu7t5v0__clkinv_1)
     3    0.032268    0.568535    0.444296    1.931349 ^ _419_/ZN (gf180mcu_fd_sc_mcu7t5v0__clkinv_1)
                                                         _092_ (net)
                      0.568535    0.000425    1.931775 ^ _689_/A1 (gf180mcu_fd_sc_mcu7t5v0__oai21_1)
     1    0.003613    0.161775    0.129472    2.061247 v _689_/ZN (gf180mcu_fd_sc_mcu7t5v0__oai21_1)
                                                         _035_ (net)
                      0.161775    0.000040    2.061287 v _822_/D (gf180mcu_fd_sc_mcu7t5v0__dffq_1)
                                              2.061287   data arrival time

                                  0.000000    0.000000   clock system_clock (rise edge)
                                  0.000000    0.000000   clock source latency
     1    0.038592    0.000000    0.000000    0.000000 ^ CLK_I (in)
                                                         CLK_I (net)
                      0.003969    0.001624    0.001624 ^ clkbuf_0_CLK_I/I (gf180mcu_fd_sc_mcu7t5v0__clkbuf_16)
     8    0.199667    0.248974    0.319365    0.320989 ^ clkbuf_0_CLK_I/Z (gf180mcu_fd_sc_mcu7t5v0__clkbuf_16)
                                                         clknet_0_CLK_I (net)
                      0.248990    0.003054    0.324043 ^ clkbuf_3_3__f_CLK_I/I (gf180mcu_fd_sc_mcu7t5v0__clkbuf_16)
    10    0.064818    0.128906    0.286354    0.610397 ^ clkbuf_3_3__f_CLK_I/Z (gf180mcu_fd_sc_mcu7t5v0__clkbuf_16)
                                                         clknet_3_3__leaf_CLK_I (net)
                      0.128906    0.000459    0.610856 ^ _822_/CLK (gf180mcu_fd_sc_mcu7t5v0__dffq_1)
                                  0.500000    1.110856   clock uncertainty
                                  0.000000    1.110856   clock reconvergence pessimism
                                  0.075321    1.186177   library hold time
                                              1.186177   data required time
---------------------------------------------------------------------------------------------
                                              1.186177   data required time
                                             -2.061287   data arrival time
---------------------------------------------------------------------------------------------
                                              0.875110   slack (MET)


Startpoint: _818_ (rising edge-triggered flip-flop clocked by system_clock)
Endpoint: _882_ (rising edge-triggered flip-flop clocked by system_clock)
Path Group: system_clock
Path Type: min

Fanout         Cap        Slew       Delay        Time   Description
---------------------------------------------------------------------------------------------
                                  0.000000    0.000000   clock system_clock (rise edge)
                                  0.000000    0.000000   clock source latency
     1    0.038592    0.000000    0.000000    0.000000 ^ CLK_I (in)
                                                         CLK_I (net)
                      0.003969    0.001624    0.001624 ^ clkbuf_0_CLK_I/I (gf180mcu_fd_sc_mcu7t5v0__clkbuf_16)
     8    0.199667    0.248974    0.319365    0.320989 ^ clkbuf_0_CLK_I/Z (gf180mcu_fd_sc_mcu7t5v0__clkbuf_16)
                                                         clknet_0_CLK_I (net)
                      0.248990    0.003054    0.324043 ^ clkbuf_3_3__f_CLK_I/I (gf180mcu_fd_sc_mcu7t5v0__clkbuf_16)
    10    0.064818    0.128906    0.286354    0.610397 ^ clkbuf_3_3__f_CLK_I/Z (gf180mcu_fd_sc_mcu7t5v0__clkbuf_16)
                                                         clknet_3_3__leaf_CLK_I (net)
                      0.128907    0.000576    0.610973 ^ _818_/CLK (gf180mcu_fd_sc_mcu7t5v0__dffq_1)
     4    0.031072    0.339241    0.827190    1.438163 v _818_/Q (gf180mcu_fd_sc_mcu7t5v0__dffq_1)
                                                         recv_data_buffer[0] (net)
                      0.339242    0.000390    1.438553 v _410_/I (gf180mcu_fd_sc_mcu7t5v0__clkinv_1)
     3    0.028935    0.510501    0.392224    1.830777 ^ _410_/ZN (gf180mcu_fd_sc_mcu7t5v0__clkinv_1)
                                                         _083_ (net)
                      0.510514    0.001463    1.832241 ^ _560_/B2 (gf180mcu_fd_sc_mcu7t5v0__oai221_1)
     1    0.003230    0.177404    0.226733    2.058973 v _560_/ZN (gf180mcu_fd_sc_mcu7t5v0__oai221_1)
                                                         _016_ (net)
                      0.177404    0.000033    2.059006 v _882_/D (gf180mcu_fd_sc_mcu7t5v0__dffq_1)
                                              2.059006   data arrival time

                                  0.000000    0.000000   clock system_clock (rise edge)
                                  0.000000    0.000000   clock source latency
     1    0.038592    0.000000    0.000000    0.000000 ^ CLK_I (in)
                                                         CLK_I (net)
                      0.003969    0.001624    0.001624 ^ clkbuf_0_CLK_I/I (gf180mcu_fd_sc_mcu7t5v0__clkbuf_16)
     8    0.199667    0.248974    0.319365    0.320989 ^ clkbuf_0_CLK_I/Z (gf180mcu_fd_sc_mcu7t5v0__clkbuf_16)
                                                         clknet_0_CLK_I (net)
                      0.248986    0.002669    0.323658 ^ clkbuf_3_1__f_CLK_I/I (gf180mcu_fd_sc_mcu7t5v0__clkbuf_16)
    10    0.060680    0.125309    0.283392    0.607050 ^ clkbuf_3_1__f_CLK_I/Z (gf180mcu_fd_sc_mcu7t5v0__clkbuf_16)
                                                         clknet_3_1__leaf_CLK_I (net)
                      0.125312    0.001178    0.608227 ^ _882_/CLK (gf180mcu_fd_sc_mcu7t5v0__dffq_1)
                                  0.500000    1.108227   clock uncertainty
                                  0.000000    1.108227   clock reconvergence pessimism
                                  0.070165    1.178393   library hold time
                                              1.178393   data required time
---------------------------------------------------------------------------------------------
                                              1.178393   data required time
                                             -2.059006   data arrival time
---------------------------------------------------------------------------------------------
                                              0.880613   slack (MET)


Startpoint: _823_ (rising edge-triggered flip-flop clocked by system_clock)
Endpoint: _824_ (rising edge-triggered flip-flop clocked by system_clock)
Path Group: system_clock
Path Type: min

Fanout         Cap        Slew       Delay        Time   Description
---------------------------------------------------------------------------------------------
                                  0.000000    0.000000   clock system_clock (rise edge)
                                  0.000000    0.000000   clock source latency
     1    0.038592    0.000000    0.000000    0.000000 ^ CLK_I (in)
                                                         CLK_I (net)
                      0.003969    0.001624    0.001624 ^ clkbuf_0_CLK_I/I (gf180mcu_fd_sc_mcu7t5v0__clkbuf_16)
     8    0.199667    0.248974    0.319365    0.320989 ^ clkbuf_0_CLK_I/Z (gf180mcu_fd_sc_mcu7t5v0__clkbuf_16)
                                                         clknet_0_CLK_I (net)
                      0.248988    0.002861    0.323849 ^ clkbuf_3_6__f_CLK_I/I (gf180mcu_fd_sc_mcu7t5v0__clkbuf_16)
    13    0.081683    0.143199    0.297006    0.620855 ^ clkbuf_3_6__f_CLK_I/Z (gf180mcu_fd_sc_mcu7t5v0__clkbuf_16)
                                                         clknet_3_6__leaf_CLK_I (net)
                      0.143205    0.001676    0.622531 ^ _823_/CLK (gf180mcu_fd_sc_mcu7t5v0__dffq_1)
     6    0.060376    0.608898    1.003555    1.626086 v _823_/Q (gf180mcu_fd_sc_mcu7t5v0__dffq_1)
                                                         recv_data_buffer[5] (net)
                      0.608908    0.001374    1.627459 v _691_/I1 (gf180mcu_fd_sc_mcu7t5v0__mux2_2)
     1    0.008568    0.140476    0.474639    2.102098 v _691_/Z (gf180mcu_fd_sc_mcu7t5v0__mux2_2)
                                                         _037_ (net)
                      0.140476    0.000146    2.102244 v _824_/D (gf180mcu_fd_sc_mcu7t5v0__dffq_1)
                                              2.102244   data arrival time

                                  0.000000    0.000000   clock system_clock (rise edge)
                                  0.000000    0.000000   clock source latency
     1    0.038592    0.000000    0.000000    0.000000 ^ CLK_I (in)
                                                         CLK_I (net)
                      0.003969    0.001624    0.001624 ^ clkbuf_0_CLK_I/I (gf180mcu_fd_sc_mcu7t5v0__clkbuf_16)
     8    0.199667    0.248974    0.319365    0.320989 ^ clkbuf_0_CLK_I/Z (gf180mcu_fd_sc_mcu7t5v0__clkbuf_16)
                                                         clknet_0_CLK_I (net)
                      0.248985    0.002552    0.323540 ^ clkbuf_3_7__f_CLK_I/I (gf180mcu_fd_sc_mcu7t5v0__clkbuf_16)
    14    0.077685    0.139872    0.294649    0.618190 ^ clkbuf_3_7__f_CLK_I/Z (gf180mcu_fd_sc_mcu7t5v0__clkbuf_16)
                                                         clknet_3_7__leaf_CLK_I (net)
                      0.139875    0.001293    0.619482 ^ _824_/CLK (gf180mcu_fd_sc_mcu7t5v0__dffq_1)
                                  0.500000    1.119482   clock uncertainty
                                  0.000000    1.119482   clock reconvergence pessimism
                                  0.083146    1.202628   library hold time
                                              1.202628   data required time
---------------------------------------------------------------------------------------------
                                              1.202628   data required time
                                             -2.102244   data arrival time
---------------------------------------------------------------------------------------------
                                              0.899616   slack (MET)


Startpoint: _825_ (rising edge-triggered flip-flop clocked by system_clock)
Endpoint: _863_ (rising edge-triggered flip-flop clocked by system_clock)
Path Group: system_clock
Path Type: min

Fanout         Cap        Slew       Delay        Time   Description
---------------------------------------------------------------------------------------------
                                  0.000000    0.000000   clock system_clock (rise edge)
                                  0.000000    0.000000   clock source latency
     1    0.038592    0.000000    0.000000    0.000000 ^ CLK_I (in)
                                                         CLK_I (net)
                      0.003969    0.001624    0.001624 ^ clkbuf_0_CLK_I/I (gf180mcu_fd_sc_mcu7t5v0__clkbuf_16)
     8    0.199667    0.248974    0.319365    0.320989 ^ clkbuf_0_CLK_I/Z (gf180mcu_fd_sc_mcu7t5v0__clkbuf_16)
                                                         clknet_0_CLK_I (net)
                      0.248988    0.002861    0.323849 ^ clkbuf_3_6__f_CLK_I/I (gf180mcu_fd_sc_mcu7t5v0__clkbuf_16)
    13    0.081683    0.143199    0.297006    0.620855 ^ clkbuf_3_6__f_CLK_I/Z (gf180mcu_fd_sc_mcu7t5v0__clkbuf_16)
                                                         clknet_3_6__leaf_CLK_I (net)
                      0.143206    0.001727    0.622582 ^ _825_/CLK (gf180mcu_fd_sc_mcu7t5v0__dffq_1)
     5    0.055074    0.559765    0.972432    1.595014 v _825_/Q (gf180mcu_fd_sc_mcu7t5v0__dffq_1)
                                                         recv_data_buffer[7] (net)
                      0.559765    0.000372    1.595386 v _807_/B2 (gf180mcu_fd_sc_mcu7t5v0__aoi22_1)
     1    0.007921    0.280053    0.368185    1.963571 ^ _807_/ZN (gf180mcu_fd_sc_mcu7t5v0__aoi22_1)
                                                         _403_ (net)
                      0.280053    0.000180    1.963751 ^ _808_/A2 (gf180mcu_fd_sc_mcu7t5v0__nor2_1)
     1    0.005030    0.181025    0.154219    2.117970 v _808_/ZN (gf180mcu_fd_sc_mcu7t5v0__nor2_1)
                                                         _076_ (net)
                      0.181025    0.000062    2.118032 v _863_/D (gf180mcu_fd_sc_mcu7t5v0__dffq_1)
                                              2.118032   data arrival time

                                  0.000000    0.000000   clock system_clock (rise edge)
                                  0.000000    0.000000   clock source latency
     1    0.038592    0.000000    0.000000    0.000000 ^ CLK_I (in)
                                                         CLK_I (net)
                      0.003969    0.001624    0.001624 ^ clkbuf_0_CLK_I/I (gf180mcu_fd_sc_mcu7t5v0__clkbuf_16)
     8    0.199667    0.248974    0.319365    0.320989 ^ clkbuf_0_CLK_I/Z (gf180mcu_fd_sc_mcu7t5v0__clkbuf_16)
                                                         clknet_0_CLK_I (net)
                      0.248985    0.002552    0.323540 ^ clkbuf_3_7__f_CLK_I/I (gf180mcu_fd_sc_mcu7t5v0__clkbuf_16)
    14    0.077685    0.139872    0.294649    0.618190 ^ clkbuf_3_7__f_CLK_I/Z (gf180mcu_fd_sc_mcu7t5v0__clkbuf_16)
                                                         clknet_3_7__leaf_CLK_I (net)
                      0.139876    0.001481    0.619671 ^ _863_/CLK (gf180mcu_fd_sc_mcu7t5v0__dffq_1)
                                  0.500000    1.119671   clock uncertainty
                                  0.000000    1.119671   clock reconvergence pessimism
                                  0.071619    1.191290   library hold time
                                              1.191290   data required time
---------------------------------------------------------------------------------------------
                                              1.191290   data required time
                                             -2.118032   data arrival time
---------------------------------------------------------------------------------------------
                                              0.926742   slack (MET)


Startpoint: _884_ (rising edge-triggered flip-flop clocked by system_clock)
Endpoint: _884_ (rising edge-triggered flip-flop clocked by system_clock)
Path Group: system_clock
Path Type: min

Fanout         Cap        Slew       Delay        Time   Description
---------------------------------------------------------------------------------------------
                                  0.000000    0.000000   clock system_clock (rise edge)
                                  0.000000    0.000000   clock source latency
     1    0.038592    0.000000    0.000000    0.000000 ^ CLK_I (in)
                                                         CLK_I (net)
                      0.003969    0.001624    0.001624 ^ clkbuf_0_CLK_I/I (gf180mcu_fd_sc_mcu7t5v0__clkbuf_16)
     8    0.199667    0.248974    0.319365    0.320989 ^ clkbuf_0_CLK_I/Z (gf180mcu_fd_sc_mcu7t5v0__clkbuf_16)
                                                         clknet_0_CLK_I (net)
                      0.248988    0.002884    0.323872 ^ clkbuf_3_4__f_CLK_I/I (gf180mcu_fd_sc_mcu7t5v0__clkbuf_16)
     9    0.077369    0.139552    0.294285    0.618157 ^ clkbuf_3_4__f_CLK_I/Z (gf180mcu_fd_sc_mcu7t5v0__clkbuf_16)
                                                         clknet_3_4__leaf_CLK_I (net)
                      0.139561    0.001912    0.620069 ^ _884_/CLK (gf180mcu_fd_sc_mcu7t5v0__dffq_1)
     7    0.048626    0.499717    0.933830    1.553899 v _884_/Q (gf180mcu_fd_sc_mcu7t5v0__dffq_1)
                                                         addr_pointer_register_internal[2] (net)
                      0.499717    0.000310    1.554210 v _434_/I (gf180mcu_fd_sc_mcu7t5v0__clkinv_1)
     5    0.026453    0.495981    0.415983    1.970193 ^ _434_/ZN (gf180mcu_fd_sc_mcu7t5v0__clkinv_1)
                                                         _107_ (net)
                      0.495981    0.000247    1.970441 ^ _568_/A1 (gf180mcu_fd_sc_mcu7t5v0__aoi211_1)
     1    0.003907    0.184576    0.162392    2.132833 v _568_/ZN (gf180mcu_fd_sc_mcu7t5v0__aoi211_1)
                                                         _018_ (net)
                      0.184576    0.000075    2.132907 v _884_/D (gf180mcu_fd_sc_mcu7t5v0__dffq_1)
                                              2.132907   data arrival time

                                  0.000000    0.000000   clock system_clock (rise edge)
                                  0.000000    0.000000   clock source latency
     1    0.038592    0.000000    0.000000    0.000000 ^ CLK_I (in)
                                                         CLK_I (net)
                      0.003969    0.001624    0.001624 ^ clkbuf_0_CLK_I/I (gf180mcu_fd_sc_mcu7t5v0__clkbuf_16)
     8    0.199667    0.248974    0.319365    0.320989 ^ clkbuf_0_CLK_I/Z (gf180mcu_fd_sc_mcu7t5v0__clkbuf_16)
                                                         clknet_0_CLK_I (net)
                      0.248988    0.002884    0.323872 ^ clkbuf_3_4__f_CLK_I/I (gf180mcu_fd_sc_mcu7t5v0__clkbuf_16)
     9    0.077369    0.139552    0.294285    0.618157 ^ clkbuf_3_4__f_CLK_I/Z (gf180mcu_fd_sc_mcu7t5v0__clkbuf_16)
                                                         clknet_3_4__leaf_CLK_I (net)
                      0.139561    0.001912    0.620069 ^ _884_/CLK (gf180mcu_fd_sc_mcu7t5v0__dffq_1)
                                  0.500000    1.120069   clock uncertainty
                                  0.000000    1.120069   clock reconvergence pessimism
                                  0.070540    1.190609   library hold time
                                              1.190609   data required time
---------------------------------------------------------------------------------------------
                                              1.190609   data required time
                                             -2.132907   data arrival time
---------------------------------------------------------------------------------------------
                                              0.942298   slack (MET)


Startpoint: _823_ (rising edge-triggered flip-flop clocked by system_clock)
Endpoint: _861_ (rising edge-triggered flip-flop clocked by system_clock)
Path Group: system_clock
Path Type: min

Fanout         Cap        Slew       Delay        Time   Description
---------------------------------------------------------------------------------------------
                                  0.000000    0.000000   clock system_clock (rise edge)
                                  0.000000    0.000000   clock source latency
     1    0.038592    0.000000    0.000000    0.000000 ^ CLK_I (in)
                                                         CLK_I (net)
                      0.003969    0.001624    0.001624 ^ clkbuf_0_CLK_I/I (gf180mcu_fd_sc_mcu7t5v0__clkbuf_16)
     8    0.199667    0.248974    0.319365    0.320989 ^ clkbuf_0_CLK_I/Z (gf180mcu_fd_sc_mcu7t5v0__clkbuf_16)
                                                         clknet_0_CLK_I (net)
                      0.248988    0.002861    0.323849 ^ clkbuf_3_6__f_CLK_I/I (gf180mcu_fd_sc_mcu7t5v0__clkbuf_16)
    13    0.081683    0.143199    0.297006    0.620855 ^ clkbuf_3_6__f_CLK_I/Z (gf180mcu_fd_sc_mcu7t5v0__clkbuf_16)
                                                         clknet_3_6__leaf_CLK_I (net)
                      0.143205    0.001676    0.622531 ^ _823_/CLK (gf180mcu_fd_sc_mcu7t5v0__dffq_1)
     6    0.060376    0.608898    1.003555    1.626086 v _823_/Q (gf180mcu_fd_sc_mcu7t5v0__dffq_1)
                                                         recv_data_buffer[5] (net)
                      0.608904    0.001127    1.627213 v _803_/B2 (gf180mcu_fd_sc_mcu7t5v0__aoi22_1)
     1    0.006978    0.267366    0.366819    1.994032 ^ _803_/ZN (gf180mcu_fd_sc_mcu7t5v0__aoi22_1)
                                                         _401_ (net)
                      0.267366    0.000089    1.994121 ^ _804_/A2 (gf180mcu_fd_sc_mcu7t5v0__nor2_1)
     1    0.005468    0.182526    0.156287    2.150408 v _804_/ZN (gf180mcu_fd_sc_mcu7t5v0__nor2_1)
                                                         _074_ (net)
                      0.182526    0.000076    2.150484 v _861_/D (gf180mcu_fd_sc_mcu7t5v0__dffq_1)
                                              2.150484   data arrival time

                                  0.000000    0.000000   clock system_clock (rise edge)
                                  0.000000    0.000000   clock source latency
     1    0.038592    0.000000    0.000000    0.000000 ^ CLK_I (in)
                                                         CLK_I (net)
                      0.003969    0.001624    0.001624 ^ clkbuf_0_CLK_I/I (gf180mcu_fd_sc_mcu7t5v0__clkbuf_16)
     8    0.199667    0.248974    0.319365    0.320989 ^ clkbuf_0_CLK_I/Z (gf180mcu_fd_sc_mcu7t5v0__clkbuf_16)
                                                         clknet_0_CLK_I (net)
                      0.248985    0.002552    0.323540 ^ clkbuf_3_7__f_CLK_I/I (gf180mcu_fd_sc_mcu7t5v0__clkbuf_16)
    14    0.077685    0.139872    0.294649    0.618190 ^ clkbuf_3_7__f_CLK_I/Z (gf180mcu_fd_sc_mcu7t5v0__clkbuf_16)
                                                         clknet_3_7__leaf_CLK_I (net)
                      0.139878    0.001618    0.619808 ^ _861_/CLK (gf180mcu_fd_sc_mcu7t5v0__dffq_1)
                                  0.500000    1.119808   clock uncertainty
                                  0.000000    1.119808   clock reconvergence pessimism
                                  0.071186    1.190994   library hold time
                                              1.190994   data required time
---------------------------------------------------------------------------------------------
                                              1.190994   data required time
                                             -2.150484   data arrival time
---------------------------------------------------------------------------------------------
                                              0.959490   slack (MET)


Startpoint: _885_ (rising edge-triggered flip-flop clocked by system_clock)
Endpoint: _885_ (rising edge-triggered flip-flop clocked by system_clock)
Path Group: system_clock
Path Type: min

Fanout         Cap        Slew       Delay        Time   Description
---------------------------------------------------------------------------------------------
                                  0.000000    0.000000   clock system_clock (rise edge)
                                  0.000000    0.000000   clock source latency
     1    0.038592    0.000000    0.000000    0.000000 ^ CLK_I (in)
                                                         CLK_I (net)
                      0.003969    0.001624    0.001624 ^ clkbuf_0_CLK_I/I (gf180mcu_fd_sc_mcu7t5v0__clkbuf_16)
     8    0.199667    0.248974    0.319365    0.320989 ^ clkbuf_0_CLK_I/Z (gf180mcu_fd_sc_mcu7t5v0__clkbuf_16)
                                                         clknet_0_CLK_I (net)
                      0.248988    0.002884    0.323872 ^ clkbuf_3_4__f_CLK_I/I (gf180mcu_fd_sc_mcu7t5v0__clkbuf_16)
     9    0.077369    0.139552    0.294285    0.618157 ^ clkbuf_3_4__f_CLK_I/Z (gf180mcu_fd_sc_mcu7t5v0__clkbuf_16)
                                                         clknet_3_4__leaf_CLK_I (net)
                      0.139560    0.001851    0.620008 ^ _885_/CLK (gf180mcu_fd_sc_mcu7t5v0__dffq_1)
    11    0.056831    0.576098    0.981838    1.601846 v _885_/Q (gf180mcu_fd_sc_mcu7t5v0__dffq_1)
                                                         addr_pointer_register_internal[3] (net)
                      0.576103    0.000919    1.602765 v _569_/C (gf180mcu_fd_sc_mcu7t5v0__aoi221_1)
     1    0.004347    0.411164    0.337068    1.939834 ^ _569_/ZN (gf180mcu_fd_sc_mcu7t5v0__aoi221_1)
                                                         _222_ (net)
                      0.411164    0.000042    1.939876 ^ _572_/C (gf180mcu_fd_sc_mcu7t5v0__aoi211_1)
     1    0.003677    0.189947    0.224089    2.163965 v _572_/ZN (gf180mcu_fd_sc_mcu7t5v0__aoi211_1)
                                                         _019_ (net)
                      0.189947    0.000070    2.164035 v _885_/D (gf180mcu_fd_sc_mcu7t5v0__dffq_1)
                                              2.164035   data arrival time

                                  0.000000    0.000000   clock system_clock (rise edge)
                                  0.000000    0.000000   clock source latency
     1    0.038592    0.000000    0.000000    0.000000 ^ CLK_I (in)
                                                         CLK_I (net)
                      0.003969    0.001624    0.001624 ^ clkbuf_0_CLK_I/I (gf180mcu_fd_sc_mcu7t5v0__clkbuf_16)
     8    0.199667    0.248974    0.319365    0.320989 ^ clkbuf_0_CLK_I/Z (gf180mcu_fd_sc_mcu7t5v0__clkbuf_16)
                                                         clknet_0_CLK_I (net)
                      0.248988    0.002884    0.323872 ^ clkbuf_3_4__f_CLK_I/I (gf180mcu_fd_sc_mcu7t5v0__clkbuf_16)
     9    0.077369    0.139552    0.294285    0.618157 ^ clkbuf_3_4__f_CLK_I/Z (gf180mcu_fd_sc_mcu7t5v0__clkbuf_16)
                                                         clknet_3_4__leaf_CLK_I (net)
                      0.139560    0.001851    0.620008 ^ _885_/CLK (gf180mcu_fd_sc_mcu7t5v0__dffq_1)
                                  0.500000    1.120008   clock uncertainty
                                  0.000000    1.120008   clock reconvergence pessimism
                                  0.068990    1.188998   library hold time
                                              1.188998   data required time
---------------------------------------------------------------------------------------------
                                              1.188998   data required time
                                             -2.164035   data arrival time
---------------------------------------------------------------------------------------------
                                              0.975037   slack (MET)


Startpoint: _834_ (rising edge-triggered flip-flop clocked by system_clock)
Endpoint: _834_ (rising edge-triggered flip-flop clocked by system_clock)
Path Group: system_clock
Path Type: min

Fanout         Cap        Slew       Delay        Time   Description
---------------------------------------------------------------------------------------------
                                  0.000000    0.000000   clock system_clock (rise edge)
                                  0.000000    0.000000   clock source latency
     1    0.038592    0.000000    0.000000    0.000000 ^ CLK_I (in)
                                                         CLK_I (net)
                      0.003969    0.001624    0.001624 ^ clkbuf_0_CLK_I/I (gf180mcu_fd_sc_mcu7t5v0__clkbuf_16)
     8    0.199667    0.248974    0.319365    0.320989 ^ clkbuf_0_CLK_I/Z (gf180mcu_fd_sc_mcu7t5v0__clkbuf_16)
                                                         clknet_0_CLK_I (net)
                      0.248993    0.003284    0.324272 ^ clkbuf_3_2__f_CLK_I/I (gf180mcu_fd_sc_mcu7t5v0__clkbuf_16)
    16    0.074071    0.136789    0.292311    0.616584 ^ clkbuf_3_2__f_CLK_I/Z (gf180mcu_fd_sc_mcu7t5v0__clkbuf_16)
                                                         clknet_3_2__leaf_CLK_I (net)
                      0.136790    0.000424    0.617007 ^ _834_/CLK (gf180mcu_fd_sc_mcu7t5v0__dffq_1)
     8    0.043110    0.448399    0.900786    1.517794 v _834_/Q (gf180mcu_fd_sc_mcu7t5v0__dffq_1)
                                                         iteration[2] (net)
                      0.448399    0.000264    1.518058 v _412_/I (gf180mcu_fd_sc_mcu7t5v0__clkinv_1)
     7    0.042884    0.734537    0.552391    2.070449 ^ _412_/ZN (gf180mcu_fd_sc_mcu7t5v0__clkinv_1)
                                                         _085_ (net)
                      0.734537    0.000646    2.071095 ^ _754_/A1 (gf180mcu_fd_sc_mcu7t5v0__aoi21_1)
     1    0.003678    0.131684    0.123395    2.194490 v _754_/ZN (gf180mcu_fd_sc_mcu7t5v0__aoi21_1)
                                                         _047_ (net)
                      0.131684    0.000071    2.194561 v _834_/D (gf180mcu_fd_sc_mcu7t5v0__dffq_1)
                                              2.194561   data arrival time

                                  0.000000    0.000000   clock system_clock (rise edge)
                                  0.000000    0.000000   clock source latency
     1    0.038592    0.000000    0.000000    0.000000 ^ CLK_I (in)
                                                         CLK_I (net)
                      0.003969    0.001624    0.001624 ^ clkbuf_0_CLK_I/I (gf180mcu_fd_sc_mcu7t5v0__clkbuf_16)
     8    0.199667    0.248974    0.319365    0.320989 ^ clkbuf_0_CLK_I/Z (gf180mcu_fd_sc_mcu7t5v0__clkbuf_16)
                                                         clknet_0_CLK_I (net)
                      0.248993    0.003284    0.324272 ^ clkbuf_3_2__f_CLK_I/I (gf180mcu_fd_sc_mcu7t5v0__clkbuf_16)
    16    0.074071    0.136789    0.292311    0.616584 ^ clkbuf_3_2__f_CLK_I/Z (gf180mcu_fd_sc_mcu7t5v0__clkbuf_16)
                                                         clknet_3_2__leaf_CLK_I (net)
                      0.136790    0.000424    0.617007 ^ _834_/CLK (gf180mcu_fd_sc_mcu7t5v0__dffq_1)
                                  0.500000    1.117007   clock uncertainty
                                  0.000000    1.117007   clock reconvergence pessimism
                                  0.084715    1.201723   library hold time
                                              1.201723   data required time
---------------------------------------------------------------------------------------------
                                              1.201723   data required time
                                             -2.194561   data arrival time
---------------------------------------------------------------------------------------------
                                              0.992838   slack (MET)


Startpoint: _833_ (rising edge-triggered flip-flop clocked by system_clock)
Endpoint: _833_ (rising edge-triggered flip-flop clocked by system_clock)
Path Group: system_clock
Path Type: min

Fanout         Cap        Slew       Delay        Time   Description
---------------------------------------------------------------------------------------------
                                  0.000000    0.000000   clock system_clock (rise edge)
                                  0.000000    0.000000   clock source latency
     1    0.038592    0.000000    0.000000    0.000000 ^ CLK_I (in)
                                                         CLK_I (net)
                      0.003969    0.001624    0.001624 ^ clkbuf_0_CLK_I/I (gf180mcu_fd_sc_mcu7t5v0__clkbuf_16)
     8    0.199667    0.248974    0.319365    0.320989 ^ clkbuf_0_CLK_I/Z (gf180mcu_fd_sc_mcu7t5v0__clkbuf_16)
                                                         clknet_0_CLK_I (net)
                      0.248990    0.003054    0.324043 ^ clkbuf_3_3__f_CLK_I/I (gf180mcu_fd_sc_mcu7t5v0__clkbuf_16)
    10    0.064818    0.128906    0.286354    0.610397 ^ clkbuf_3_3__f_CLK_I/Z (gf180mcu_fd_sc_mcu7t5v0__clkbuf_16)
                                                         clknet_3_3__leaf_CLK_I (net)
                      0.128907    0.000652    0.611049 ^ _833_/CLK (gf180mcu_fd_sc_mcu7t5v0__dffq_1)
     9    0.069468    0.694877    1.053609    1.664658 v _833_/Q (gf180mcu_fd_sc_mcu7t5v0__dffq_1)
                                                         iteration[1] (net)
                      0.694879    0.000740    1.665398 v _749_/A1 (gf180mcu_fd_sc_mcu7t5v0__nor2_1)
     1    0.005818    0.333401    0.355265    2.020662 ^ _749_/ZN (gf180mcu_fd_sc_mcu7t5v0__nor2_1)
                                                         _375_ (net)
                      0.333401    0.000114    2.020777 ^ _750_/A1 (gf180mcu_fd_sc_mcu7t5v0__nor3_1)
     1    0.005072    0.187521    0.162903    2.183680 v _750_/ZN (gf180mcu_fd_sc_mcu7t5v0__nor3_1)
                                                         _046_ (net)
                      0.187521    0.000107    2.183787 v _833_/D (gf180mcu_fd_sc_mcu7t5v0__dffq_1)
                                              2.183787   data arrival time

                                  0.000000    0.000000   clock system_clock (rise edge)
                                  0.000000    0.000000   clock source latency
     1    0.038592    0.000000    0.000000    0.000000 ^ CLK_I (in)
                                                         CLK_I (net)
                      0.003969    0.001624    0.001624 ^ clkbuf_0_CLK_I/I (gf180mcu_fd_sc_mcu7t5v0__clkbuf_16)
     8    0.199667    0.248974    0.319365    0.320989 ^ clkbuf_0_CLK_I/Z (gf180mcu_fd_sc_mcu7t5v0__clkbuf_16)
                                                         clknet_0_CLK_I (net)
                      0.248990    0.003054    0.324043 ^ clkbuf_3_3__f_CLK_I/I (gf180mcu_fd_sc_mcu7t5v0__clkbuf_16)
    10    0.064818    0.128906    0.286354    0.610397 ^ clkbuf_3_3__f_CLK_I/Z (gf180mcu_fd_sc_mcu7t5v0__clkbuf_16)
                                                         clknet_3_3__leaf_CLK_I (net)
                      0.128907    0.000652    0.611049 ^ _833_/CLK (gf180mcu_fd_sc_mcu7t5v0__dffq_1)
                                  0.500000    1.111049   clock uncertainty
                                  0.000000    1.111049   clock reconvergence pessimism
                                  0.067844    1.178893   library hold time
                                              1.178893   data required time
---------------------------------------------------------------------------------------------
                                              1.178893   data required time
                                             -2.183787   data arrival time
---------------------------------------------------------------------------------------------
                                              1.004894   slack (MET)


Startpoint: _826_ (rising edge-triggered flip-flop clocked by system_clock)
Endpoint: _891_ (rising edge-triggered flip-flop clocked by system_clock)
Path Group: system_clock
Path Type: min

Fanout         Cap        Slew       Delay        Time   Description
---------------------------------------------------------------------------------------------
                                  0.000000    0.000000   clock system_clock (rise edge)
                                  0.000000    0.000000   clock source latency
     1    0.038592    0.000000    0.000000    0.000000 ^ CLK_I (in)
                                                         CLK_I (net)
                      0.003969    0.001624    0.001624 ^ clkbuf_0_CLK_I/I (gf180mcu_fd_sc_mcu7t5v0__clkbuf_16)
     8    0.199667    0.248974    0.319365    0.320989 ^ clkbuf_0_CLK_I/Z (gf180mcu_fd_sc_mcu7t5v0__clkbuf_16)
                                                         clknet_0_CLK_I (net)
                      0.248986    0.002669    0.323658 ^ clkbuf_3_1__f_CLK_I/I (gf180mcu_fd_sc_mcu7t5v0__clkbuf_16)
    10    0.060680    0.125309    0.283392    0.607050 ^ clkbuf_3_1__f_CLK_I/Z (gf180mcu_fd_sc_mcu7t5v0__clkbuf_16)
                                                         clknet_3_1__leaf_CLK_I (net)
                      0.125311    0.000911    0.607960 ^ _826_/CLK (gf180mcu_fd_sc_mcu7t5v0__dffq_1)
     5    0.027710    0.309460    0.806047    1.414007 v _826_/Q (gf180mcu_fd_sc_mcu7t5v0__dffq_1)
                                                         write_request_internal_flag (net)
                      0.309461    0.000484    1.414491 v _495_/A2 (gf180mcu_fd_sc_mcu7t5v0__nand2_1)
     1    0.006837    0.236154    0.224123    1.638615 ^ _495_/ZN (gf180mcu_fd_sc_mcu7t5v0__nand2_1)
                                                         _159_ (net)
                      0.236154    0.000140    1.638755 ^ _496_/A2 (gf180mcu_fd_sc_mcu7t5v0__aoi21_1)
     2    0.015735    0.290100    0.222405    1.861160 v _496_/ZN (gf180mcu_fd_sc_mcu7t5v0__aoi21_1)
                                                         _160_ (net)
                      0.290100    0.000110    1.861269 v _597_/A1 (gf180mcu_fd_sc_mcu7t5v0__nand2_1)
     1    0.008152    0.226293    0.210857    2.072126 ^ _597_/ZN (gf180mcu_fd_sc_mcu7t5v0__nand2_1)
                                                         _244_ (net)
                      0.226293    0.000254    2.072380 ^ _601_/A3 (gf180mcu_fd_sc_mcu7t5v0__oai33_1)
     1    0.004417    0.182679    0.140681    2.213061 v _601_/ZN (gf180mcu_fd_sc_mcu7t5v0__oai33_1)
                                                         _025_ (net)
                      0.182679    0.000086    2.213147 v _891_/D (gf180mcu_fd_sc_mcu7t5v0__dffq_1)
                                              2.213147   data arrival time

                                  0.000000    0.000000   clock system_clock (rise edge)
                                  0.000000    0.000000   clock source latency
     1    0.038592    0.000000    0.000000    0.000000 ^ CLK_I (in)
                                                         CLK_I (net)
                      0.003969    0.001624    0.001624 ^ clkbuf_0_CLK_I/I (gf180mcu_fd_sc_mcu7t5v0__clkbuf_16)
     8    0.199667    0.248974    0.319365    0.320989 ^ clkbuf_0_CLK_I/Z (gf180mcu_fd_sc_mcu7t5v0__clkbuf_16)
                                                         clknet_0_CLK_I (net)
                      0.248986    0.002669    0.323658 ^ clkbuf_3_1__f_CLK_I/I (gf180mcu_fd_sc_mcu7t5v0__clkbuf_16)
    10    0.060680    0.125309    0.283392    0.607050 ^ clkbuf_3_1__f_CLK_I/Z (gf180mcu_fd_sc_mcu7t5v0__clkbuf_16)
                                                         clknet_3_1__leaf_CLK_I (net)
                      0.125312    0.001106    0.608156 ^ _891_/CLK (gf180mcu_fd_sc_mcu7t5v0__dffq_1)
                                  0.500000    1.108156   clock uncertainty
                                  0.000000    1.108156   clock reconvergence pessimism
                                  0.068630    1.176786   library hold time
                                              1.176786   data required time
---------------------------------------------------------------------------------------------
                                              1.176786   data required time
                                             -2.213147   data arrival time
---------------------------------------------------------------------------------------------
                                              1.036361   slack (MET)


Startpoint: _823_ (rising edge-triggered flip-flop clocked by system_clock)
Endpoint: _879_ (rising edge-triggered flip-flop clocked by system_clock)
Path Group: system_clock
Path Type: min

Fanout         Cap        Slew       Delay        Time   Description
---------------------------------------------------------------------------------------------
                                  0.000000    0.000000   clock system_clock (rise edge)
                                  0.000000    0.000000   clock source latency
     1    0.038592    0.000000    0.000000    0.000000 ^ CLK_I (in)
                                                         CLK_I (net)
                      0.003969    0.001624    0.001624 ^ clkbuf_0_CLK_I/I (gf180mcu_fd_sc_mcu7t5v0__clkbuf_16)
     8    0.199667    0.248974    0.319365    0.320989 ^ clkbuf_0_CLK_I/Z (gf180mcu_fd_sc_mcu7t5v0__clkbuf_16)
                                                         clknet_0_CLK_I (net)
                      0.248988    0.002861    0.323849 ^ clkbuf_3_6__f_CLK_I/I (gf180mcu_fd_sc_mcu7t5v0__clkbuf_16)
    13    0.081683    0.143199    0.297006    0.620855 ^ clkbuf_3_6__f_CLK_I/Z (gf180mcu_fd_sc_mcu7t5v0__clkbuf_16)
                                                         clknet_3_6__leaf_CLK_I (net)
                      0.143205    0.001676    0.622531 ^ _823_/CLK (gf180mcu_fd_sc_mcu7t5v0__dffq_1)
     6    0.060376    0.608898    1.003555    1.626086 v _823_/Q (gf180mcu_fd_sc_mcu7t5v0__dffq_1)
                                                         recv_data_buffer[5] (net)
                      0.608911    0.001580    1.627665 v _531_/B2 (gf180mcu_fd_sc_mcu7t5v0__oai221_1)
     1    0.005978    0.358470    0.494999    2.122664 ^ _531_/ZN (gf180mcu_fd_sc_mcu7t5v0__oai221_1)
                                                         _190_ (net)
                      0.358470    0.000115    2.122779 ^ _534_/A2 (gf180mcu_fd_sc_mcu7t5v0__aoi22_1)
     1    0.003997    0.158320    0.118610    2.241389 v _534_/ZN (gf180mcu_fd_sc_mcu7t5v0__aoi22_1)
                                                         _013_ (net)
                      0.158320    0.000079    2.241468 v _879_/D (gf180mcu_fd_sc_mcu7t5v0__dffq_1)
                                              2.241468   data arrival time

                                  0.000000    0.000000   clock system_clock (rise edge)
                                  0.000000    0.000000   clock source latency
     1    0.038592    0.000000    0.000000    0.000000 ^ CLK_I (in)
                                                         CLK_I (net)
                      0.003969    0.001624    0.001624 ^ clkbuf_0_CLK_I/I (gf180mcu_fd_sc_mcu7t5v0__clkbuf_16)
     8    0.199667    0.248974    0.319365    0.320989 ^ clkbuf_0_CLK_I/Z (gf180mcu_fd_sc_mcu7t5v0__clkbuf_16)
                                                         clknet_0_CLK_I (net)
                      0.248988    0.002861    0.323849 ^ clkbuf_3_6__f_CLK_I/I (gf180mcu_fd_sc_mcu7t5v0__clkbuf_16)
    13    0.081683    0.143199    0.297006    0.620855 ^ clkbuf_3_6__f_CLK_I/Z (gf180mcu_fd_sc_mcu7t5v0__clkbuf_16)
                                                         clknet_3_6__leaf_CLK_I (net)
                      0.143203    0.001324    0.622179 ^ _879_/CLK (gf180mcu_fd_sc_mcu7t5v0__dffq_1)
                                  0.500000    1.122179   clock uncertainty
                                  0.000000    1.122179   clock reconvergence pessimism
                                  0.078731    1.200910   library hold time
                                              1.200910   data required time
---------------------------------------------------------------------------------------------
                                              1.200910   data required time
                                             -2.241468   data arrival time
---------------------------------------------------------------------------------------------
                                              1.040558   slack (MET)


Startpoint: _822_ (rising edge-triggered flip-flop clocked by system_clock)
Endpoint: _860_ (rising edge-triggered flip-flop clocked by system_clock)
Path Group: system_clock
Path Type: min

Fanout         Cap        Slew       Delay        Time   Description
---------------------------------------------------------------------------------------------
                                  0.000000    0.000000   clock system_clock (rise edge)
                                  0.000000    0.000000   clock source latency
     1    0.038592    0.000000    0.000000    0.000000 ^ CLK_I (in)
                                                         CLK_I (net)
                      0.003969    0.001624    0.001624 ^ clkbuf_0_CLK_I/I (gf180mcu_fd_sc_mcu7t5v0__clkbuf_16)
     8    0.199667    0.248974    0.319365    0.320989 ^ clkbuf_0_CLK_I/Z (gf180mcu_fd_sc_mcu7t5v0__clkbuf_16)
                                                         clknet_0_CLK_I (net)
                      0.248990    0.003054    0.324043 ^ clkbuf_3_3__f_CLK_I/I (gf180mcu_fd_sc_mcu7t5v0__clkbuf_16)
    10    0.064818    0.128906    0.286354    0.610397 ^ clkbuf_3_3__f_CLK_I/Z (gf180mcu_fd_sc_mcu7t5v0__clkbuf_16)
                                                         clknet_3_3__leaf_CLK_I (net)
                      0.128906    0.000459    0.610856 ^ _822_/CLK (gf180mcu_fd_sc_mcu7t5v0__dffq_1)
     4    0.039147    0.411556    0.875799    1.486655 v _822_/Q (gf180mcu_fd_sc_mcu7t5v0__dffq_1)
                                                         recv_data_buffer[4] (net)
                      0.411563    0.000921    1.487576 v _801_/B2 (gf180mcu_fd_sc_mcu7t5v0__aoi22_1)
     1    0.016104    0.457701    0.439287    1.926863 ^ _801_/ZN (gf180mcu_fd_sc_mcu7t5v0__aoi22_1)
                                                         _400_ (net)
                      0.457702    0.000552    1.927415 ^ _802_/A2 (gf180mcu_fd_sc_mcu7t5v0__nor2_1)
     1    0.014118    0.321936    0.265581    2.192996 v _802_/ZN (gf180mcu_fd_sc_mcu7t5v0__nor2_1)
                                                         _073_ (net)
                      0.321936    0.000567    2.193563 v _860_/D (gf180mcu_fd_sc_mcu7t5v0__dffq_1)
                                              2.193563   data arrival time

                                  0.000000    0.000000   clock system_clock (rise edge)
                                  0.000000    0.000000   clock source latency
     1    0.038592    0.000000    0.000000    0.000000 ^ CLK_I (in)
                                                         CLK_I (net)
                      0.003969    0.001624    0.001624 ^ clkbuf_0_CLK_I/I (gf180mcu_fd_sc_mcu7t5v0__clkbuf_16)
     8    0.199667    0.248974    0.319365    0.320989 ^ clkbuf_0_CLK_I/Z (gf180mcu_fd_sc_mcu7t5v0__clkbuf_16)
                                                         clknet_0_CLK_I (net)
                      0.248985    0.002552    0.323540 ^ clkbuf_3_7__f_CLK_I/I (gf180mcu_fd_sc_mcu7t5v0__clkbuf_16)
    14    0.077685    0.139872    0.294649    0.618190 ^ clkbuf_3_7__f_CLK_I/Z (gf180mcu_fd_sc_mcu7t5v0__clkbuf_16)
                                                         clknet_3_7__leaf_CLK_I (net)
                      0.139878    0.001634    0.619824 ^ _860_/CLK (gf180mcu_fd_sc_mcu7t5v0__dffq_1)
                                  0.500000    1.119824   clock uncertainty
                                  0.000000    1.119824   clock reconvergence pessimism
                                  0.030957    1.150781   library hold time
                                              1.150781   data required time
---------------------------------------------------------------------------------------------
                                              1.150781   data required time
                                             -2.193563   data arrival time
---------------------------------------------------------------------------------------------
                                              1.042782   slack (MET)


Startpoint: _821_ (rising edge-triggered flip-flop clocked by system_clock)
Endpoint: _859_ (rising edge-triggered flip-flop clocked by system_clock)
Path Group: system_clock
Path Type: min

Fanout         Cap        Slew       Delay        Time   Description
---------------------------------------------------------------------------------------------
                                  0.000000    0.000000   clock system_clock (rise edge)
                                  0.000000    0.000000   clock source latency
     1    0.038592    0.000000    0.000000    0.000000 ^ CLK_I (in)
                                                         CLK_I (net)
                      0.003969    0.001624    0.001624 ^ clkbuf_0_CLK_I/I (gf180mcu_fd_sc_mcu7t5v0__clkbuf_16)
     8    0.199667    0.248974    0.319365    0.320989 ^ clkbuf_0_CLK_I/Z (gf180mcu_fd_sc_mcu7t5v0__clkbuf_16)
                                                         clknet_0_CLK_I (net)
                      0.248985    0.002552    0.323540 ^ clkbuf_3_7__f_CLK_I/I (gf180mcu_fd_sc_mcu7t5v0__clkbuf_16)
    14    0.077685    0.139872    0.294649    0.618190 ^ clkbuf_3_7__f_CLK_I/Z (gf180mcu_fd_sc_mcu7t5v0__clkbuf_16)
                                                         clknet_3_7__leaf_CLK_I (net)
                      0.139874    0.001136    0.619326 ^ _821_/CLK (gf180mcu_fd_sc_mcu7t5v0__dffq_1)
     6    0.069879    0.698924    1.058872    1.678198 v _821_/Q (gf180mcu_fd_sc_mcu7t5v0__dffq_1)
                                                         recv_data_buffer[3] (net)
                      0.698928    0.000919    1.679117 v _799_/B2 (gf180mcu_fd_sc_mcu7t5v0__aoi22_1)
     1    0.009203    0.310738    0.416684    2.095801 ^ _799_/ZN (gf180mcu_fd_sc_mcu7t5v0__aoi22_1)
                                                         _399_ (net)
                      0.310738    0.000236    2.096037 ^ _800_/A2 (gf180mcu_fd_sc_mcu7t5v0__nor2_1)
     1    0.006610    0.205043    0.174473    2.270511 v _800_/ZN (gf180mcu_fd_sc_mcu7t5v0__nor2_1)
                                                         _072_ (net)
                      0.205043    0.000152    2.270662 v _859_/D (gf180mcu_fd_sc_mcu7t5v0__dffq_1)
                                              2.270662   data arrival time

                                  0.000000    0.000000   clock system_clock (rise edge)
                                  0.000000    0.000000   clock source latency
     1    0.038592    0.000000    0.000000    0.000000 ^ CLK_I (in)
                                                         CLK_I (net)
                      0.003969    0.001624    0.001624 ^ clkbuf_0_CLK_I/I (gf180mcu_fd_sc_mcu7t5v0__clkbuf_16)
     8    0.199667    0.248974    0.319365    0.320989 ^ clkbuf_0_CLK_I/Z (gf180mcu_fd_sc_mcu7t5v0__clkbuf_16)
                                                         clknet_0_CLK_I (net)
                      0.248985    0.002552    0.323540 ^ clkbuf_3_7__f_CLK_I/I (gf180mcu_fd_sc_mcu7t5v0__clkbuf_16)
    14    0.077685    0.139872    0.294649    0.618190 ^ clkbuf_3_7__f_CLK_I/Z (gf180mcu_fd_sc_mcu7t5v0__clkbuf_16)
                                                         clknet_3_7__leaf_CLK_I (net)
                      0.139872    0.000294    0.618484 ^ _859_/CLK (gf180mcu_fd_sc_mcu7t5v0__dffq_1)
                                  0.500000    1.118484   clock uncertainty
                                  0.000000    1.118484   clock reconvergence pessimism
                                  0.064688    1.183172   library hold time
                                              1.183172   data required time
---------------------------------------------------------------------------------------------
                                              1.183172   data required time
                                             -2.270662   data arrival time
---------------------------------------------------------------------------------------------
                                              1.087491   slack (MET)


Startpoint: _872_ (rising edge-triggered flip-flop clocked by system_clock)
Endpoint: _880_ (rising edge-triggered flip-flop clocked by system_clock)
Path Group: system_clock
Path Type: min

Fanout         Cap        Slew       Delay        Time   Description
---------------------------------------------------------------------------------------------
                                  0.000000    0.000000   clock system_clock (rise edge)
                                  0.000000    0.000000   clock source latency
     1    0.038592    0.000000    0.000000    0.000000 ^ CLK_I (in)
                                                         CLK_I (net)
                      0.003969    0.001624    0.001624 ^ clkbuf_0_CLK_I/I (gf180mcu_fd_sc_mcu7t5v0__clkbuf_16)
     8    0.199667    0.248974    0.319365    0.320989 ^ clkbuf_0_CLK_I/Z (gf180mcu_fd_sc_mcu7t5v0__clkbuf_16)
                                                         clknet_0_CLK_I (net)
                      0.248988    0.002861    0.323849 ^ clkbuf_3_6__f_CLK_I/I (gf180mcu_fd_sc_mcu7t5v0__clkbuf_16)
    13    0.081683    0.143199    0.297006    0.620855 ^ clkbuf_3_6__f_CLK_I/Z (gf180mcu_fd_sc_mcu7t5v0__clkbuf_16)
                                                         clknet_3_6__leaf_CLK_I (net)
                      0.143203    0.001325    0.622180 ^ _872_/CLK (gf180mcu_fd_sc_mcu7t5v0__dffq_1)
     4    0.027729    0.309659    0.809817    1.431997 v _872_/Q (gf180mcu_fd_sc_mcu7t5v0__dffq_1)
                                                         addr_set_register[6] (net)
                      0.309659    0.000367    1.432363 v _535_/A2 (gf180mcu_fd_sc_mcu7t5v0__nor2_1)
     1    0.008538    0.374092    0.290466    1.722829 ^ _535_/ZN (gf180mcu_fd_sc_mcu7t5v0__nor2_1)
                                                         _193_ (net)
                      0.374092    0.000193    1.723022 ^ _538_/A1 (gf180mcu_fd_sc_mcu7t5v0__oai21_1)
     1    0.011053    0.265106    0.208647    1.931669 v _538_/ZN (gf180mcu_fd_sc_mcu7t5v0__oai21_1)
                                                         _196_ (net)
                      0.265107    0.000289    1.931959 v _539_/I0 (gf180mcu_fd_sc_mcu7t5v0__mux2_2)
     1    0.005625    0.123187    0.381781    2.313740 v _539_/Z (gf180mcu_fd_sc_mcu7t5v0__mux2_2)
                                                         _014_ (net)
                      0.123187    0.000122    2.313862 v _880_/D (gf180mcu_fd_sc_mcu7t5v0__dffq_1)
                                              2.313862   data arrival time

                                  0.000000    0.000000   clock system_clock (rise edge)
                                  0.000000    0.000000   clock source latency
     1    0.038592    0.000000    0.000000    0.000000 ^ CLK_I (in)
                                                         CLK_I (net)
                      0.003969    0.001624    0.001624 ^ clkbuf_0_CLK_I/I (gf180mcu_fd_sc_mcu7t5v0__clkbuf_16)
     8    0.199667    0.248974    0.319365    0.320989 ^ clkbuf_0_CLK_I/Z (gf180mcu_fd_sc_mcu7t5v0__clkbuf_16)
                                                         clknet_0_CLK_I (net)
                      0.248985    0.002552    0.323540 ^ clkbuf_3_7__f_CLK_I/I (gf180mcu_fd_sc_mcu7t5v0__clkbuf_16)
    14    0.077685    0.139872    0.294649    0.618190 ^ clkbuf_3_7__f_CLK_I/Z (gf180mcu_fd_sc_mcu7t5v0__clkbuf_16)
                                                         clknet_3_7__leaf_CLK_I (net)
                      0.139875    0.001323    0.619513 ^ _880_/CLK (gf180mcu_fd_sc_mcu7t5v0__dffq_1)
                                  0.500000    1.119513   clock uncertainty
                                  0.000000    1.119513   clock reconvergence pessimism
                                  0.087255    1.206768   library hold time
                                              1.206768   data required time
---------------------------------------------------------------------------------------------
                                              1.206768   data required time
                                             -2.313862   data arrival time
---------------------------------------------------------------------------------------------
                                              1.107094   slack (MET)


Startpoint: _819_ (rising edge-triggered flip-flop clocked by system_clock)
Endpoint: _875_ (rising edge-triggered flip-flop clocked by system_clock)
Path Group: system_clock
Path Type: min

Fanout         Cap        Slew       Delay        Time   Description
---------------------------------------------------------------------------------------------
                                  0.000000    0.000000   clock system_clock (rise edge)
                                  0.000000    0.000000   clock source latency
     1    0.038592    0.000000    0.000000    0.000000 ^ CLK_I (in)
                                                         CLK_I (net)
                      0.003969    0.001624    0.001624 ^ clkbuf_0_CLK_I/I (gf180mcu_fd_sc_mcu7t5v0__clkbuf_16)
     8    0.199667    0.248974    0.319365    0.320989 ^ clkbuf_0_CLK_I/Z (gf180mcu_fd_sc_mcu7t5v0__clkbuf_16)
                                                         clknet_0_CLK_I (net)
                      0.248990    0.003054    0.324043 ^ clkbuf_3_3__f_CLK_I/I (gf180mcu_fd_sc_mcu7t5v0__clkbuf_16)
    10    0.064818    0.128906    0.286354    0.610397 ^ clkbuf_3_3__f_CLK_I/Z (gf180mcu_fd_sc_mcu7t5v0__clkbuf_16)
                                                         clknet_3_3__leaf_CLK_I (net)
                      0.128906    0.000490    0.610887 ^ _819_/CLK (gf180mcu_fd_sc_mcu7t5v0__dffq_1)
     5    0.036574    0.387699    0.860663    1.471550 v _819_/Q (gf180mcu_fd_sc_mcu7t5v0__dffq_1)
                                                         recv_data_buffer[1] (net)
                      0.387700    0.000588    1.472138 v _510_/A1 (gf180mcu_fd_sc_mcu7t5v0__oai22_1)
     1    0.008390    0.392815    0.332142    1.804279 ^ _510_/ZN (gf180mcu_fd_sc_mcu7t5v0__oai22_1)
                                                         _173_ (net)
                      0.392815    0.000119    1.804399 ^ _512_/A1 (gf180mcu_fd_sc_mcu7t5v0__oai21_1)
     1    0.007359    0.223915    0.170294    1.974692 v _512_/ZN (gf180mcu_fd_sc_mcu7t5v0__oai21_1)
                                                         _175_ (net)
                      0.223915    0.000158    1.974850 v _513_/I0 (gf180mcu_fd_sc_mcu7t5v0__mux2_2)
     1    0.003752    0.112514    0.362996    2.337846 v _513_/Z (gf180mcu_fd_sc_mcu7t5v0__mux2_2)
                                                         _009_ (net)
                      0.112514    0.000072    2.337918 v _875_/D (gf180mcu_fd_sc_mcu7t5v0__dffq_1)
                                              2.337918   data arrival time

                                  0.000000    0.000000   clock system_clock (rise edge)
                                  0.000000    0.000000   clock source latency
     1    0.038592    0.000000    0.000000    0.000000 ^ CLK_I (in)
                                                         CLK_I (net)
                      0.003969    0.001624    0.001624 ^ clkbuf_0_CLK_I/I (gf180mcu_fd_sc_mcu7t5v0__clkbuf_16)
     8    0.199667    0.248974    0.319365    0.320989 ^ clkbuf_0_CLK_I/Z (gf180mcu_fd_sc_mcu7t5v0__clkbuf_16)
                                                         clknet_0_CLK_I (net)
                      0.248988    0.002861    0.323849 ^ clkbuf_3_6__f_CLK_I/I (gf180mcu_fd_sc_mcu7t5v0__clkbuf_16)
    13    0.081683    0.143199    0.297006    0.620855 ^ clkbuf_3_6__f_CLK_I/Z (gf180mcu_fd_sc_mcu7t5v0__clkbuf_16)
                                                         clknet_3_6__leaf_CLK_I (net)
                      0.143206    0.001713    0.622568 ^ _875_/CLK (gf180mcu_fd_sc_mcu7t5v0__dffq_1)
                                  0.500000    1.122568   clock uncertainty
                                  0.000000    1.122568   clock reconvergence pessimism
                                  0.090366    1.212934   library hold time
                                              1.212934   data required time
---------------------------------------------------------------------------------------------
                                              1.212934   data required time
                                             -2.337918   data arrival time
---------------------------------------------------------------------------------------------
                                              1.124983   slack (MET)


Startpoint: _870_ (rising edge-triggered flip-flop clocked by system_clock)
Endpoint: _878_ (rising edge-triggered flip-flop clocked by system_clock)
Path Group: system_clock
Path Type: min

Fanout         Cap        Slew       Delay        Time   Description
---------------------------------------------------------------------------------------------
                                  0.000000    0.000000   clock system_clock (rise edge)
                                  0.000000    0.000000   clock source latency
     1    0.038592    0.000000    0.000000    0.000000 ^ CLK_I (in)
                                                         CLK_I (net)
                      0.003969    0.001624    0.001624 ^ clkbuf_0_CLK_I/I (gf180mcu_fd_sc_mcu7t5v0__clkbuf_16)
     8    0.199667    0.248974    0.319365    0.320989 ^ clkbuf_0_CLK_I/Z (gf180mcu_fd_sc_mcu7t5v0__clkbuf_16)
                                                         clknet_0_CLK_I (net)
                      0.248990    0.003054    0.324043 ^ clkbuf_3_3__f_CLK_I/I (gf180mcu_fd_sc_mcu7t5v0__clkbuf_16)
    10    0.064818    0.128906    0.286354    0.610397 ^ clkbuf_3_3__f_CLK_I/Z (gf180mcu_fd_sc_mcu7t5v0__clkbuf_16)
                                                         clknet_3_3__leaf_CLK_I (net)
                      0.128906    0.000417    0.610814 ^ _870_/CLK (gf180mcu_fd_sc_mcu7t5v0__dffq_1)
     4    0.028361    0.315235    0.810819    1.421633 v _870_/Q (gf180mcu_fd_sc_mcu7t5v0__dffq_1)
                                                         addr_set_register[4] (net)
                      0.315235    0.000285    1.421918 v _524_/A2 (gf180mcu_fd_sc_mcu7t5v0__nor2_1)
     1    0.012264    0.476840    0.352906    1.774824 ^ _524_/ZN (gf180mcu_fd_sc_mcu7t5v0__nor2_1)
                                                         _184_ (net)
                      0.476840    0.000345    1.775169 ^ _527_/A1 (gf180mcu_fd_sc_mcu7t5v0__oai21_1)
     1    0.009234    0.265363    0.196989    1.972158 v _527_/ZN (gf180mcu_fd_sc_mcu7t5v0__oai21_1)
                                                         _187_ (net)
                      0.265363    0.000228    1.972386 v _528_/I0 (gf180mcu_fd_sc_mcu7t5v0__mux2_2)
     1    0.004497    0.117494    0.375722    2.348108 v _528_/Z (gf180mcu_fd_sc_mcu7t5v0__mux2_2)
                                                         _012_ (net)
                      0.117494    0.000088    2.348196 v _878_/D (gf180mcu_fd_sc_mcu7t5v0__dffq_1)
                                              2.348196   data arrival time

                                  0.000000    0.000000   clock system_clock (rise edge)
                                  0.000000    0.000000   clock source latency
     1    0.038592    0.000000    0.000000    0.000000 ^ CLK_I (in)
                                                         CLK_I (net)
                      0.003969    0.001624    0.001624 ^ clkbuf_0_CLK_I/I (gf180mcu_fd_sc_mcu7t5v0__clkbuf_16)
     8    0.199667    0.248974    0.319365    0.320989 ^ clkbuf_0_CLK_I/Z (gf180mcu_fd_sc_mcu7t5v0__clkbuf_16)
                                                         clknet_0_CLK_I (net)
                      0.248988    0.002861    0.323849 ^ clkbuf_3_6__f_CLK_I/I (gf180mcu_fd_sc_mcu7t5v0__clkbuf_16)
    13    0.081683    0.143199    0.297006    0.620855 ^ clkbuf_3_6__f_CLK_I/Z (gf180mcu_fd_sc_mcu7t5v0__clkbuf_16)
                                                         clknet_3_6__leaf_CLK_I (net)
                      0.143203    0.001424    0.622279 ^ _878_/CLK (gf180mcu_fd_sc_mcu7t5v0__dffq_1)
                                  0.500000    1.122279   clock uncertainty
                                  0.000000    1.122279   clock reconvergence pessimism
                                  0.089179    1.211457   library hold time
                                              1.211457   data required time
---------------------------------------------------------------------------------------------
                                              1.211457   data required time
                                             -2.348196   data arrival time
---------------------------------------------------------------------------------------------
                                              1.136739   slack (MET)


Startpoint: _873_ (rising edge-triggered flip-flop clocked by system_clock)
Endpoint: _881_ (rising edge-triggered flip-flop clocked by system_clock)
Path Group: system_clock
Path Type: min

Fanout         Cap        Slew       Delay        Time   Description
---------------------------------------------------------------------------------------------
                                  0.000000    0.000000   clock system_clock (rise edge)
                                  0.000000    0.000000   clock source latency
     1    0.038592    0.000000    0.000000    0.000000 ^ CLK_I (in)
                                                         CLK_I (net)
                      0.003969    0.001624    0.001624 ^ clkbuf_0_CLK_I/I (gf180mcu_fd_sc_mcu7t5v0__clkbuf_16)
     8    0.199667    0.248974    0.319365    0.320989 ^ clkbuf_0_CLK_I/Z (gf180mcu_fd_sc_mcu7t5v0__clkbuf_16)
                                                         clknet_0_CLK_I (net)
                      0.248988    0.002861    0.323849 ^ clkbuf_3_6__f_CLK_I/I (gf180mcu_fd_sc_mcu7t5v0__clkbuf_16)
    13    0.081683    0.143199    0.297006    0.620855 ^ clkbuf_3_6__f_CLK_I/Z (gf180mcu_fd_sc_mcu7t5v0__clkbuf_16)
                                                         clknet_3_6__leaf_CLK_I (net)
                      0.143205    0.001658    0.622513 ^ _873_/CLK (gf180mcu_fd_sc_mcu7t5v0__dffq_1)
     4    0.029387    0.324302    0.819786    1.442299 v _873_/Q (gf180mcu_fd_sc_mcu7t5v0__dffq_1)
                                                         addr_set_register[7] (net)
                      0.324302    0.000171    1.442471 v _540_/A2 (gf180mcu_fd_sc_mcu7t5v0__nor2_1)
     1    0.014866    0.550995    0.397160    1.839631 ^ _540_/ZN (gf180mcu_fd_sc_mcu7t5v0__nor2_1)
                                                         _197_ (net)
                      0.550995    0.000495    1.840126 ^ _543_/A1 (gf180mcu_fd_sc_mcu7t5v0__oai21_1)
     1    0.007395    0.219470    0.179302    2.019428 v _543_/ZN (gf180mcu_fd_sc_mcu7t5v0__oai21_1)
                                                         _200_ (net)
                      0.219470    0.000166    2.019594 v _544_/I0 (gf180mcu_fd_sc_mcu7t5v0__mux2_2)
     1    0.003015    0.107393    0.356857    2.376451 v _544_/Z (gf180mcu_fd_sc_mcu7t5v0__mux2_2)
                                                         _015_ (net)
                      0.107393    0.000029    2.376480 v _881_/D (gf180mcu_fd_sc_mcu7t5v0__dffq_1)
                                              2.376480   data arrival time

                                  0.000000    0.000000   clock system_clock (rise edge)
                                  0.000000    0.000000   clock source latency
     1    0.038592    0.000000    0.000000    0.000000 ^ CLK_I (in)
                                                         CLK_I (net)
                      0.003969    0.001624    0.001624 ^ clkbuf_0_CLK_I/I (gf180mcu_fd_sc_mcu7t5v0__clkbuf_16)
     8    0.199667    0.248974    0.319365    0.320989 ^ clkbuf_0_CLK_I/Z (gf180mcu_fd_sc_mcu7t5v0__clkbuf_16)
                                                         clknet_0_CLK_I (net)
                      0.248985    0.002552    0.323540 ^ clkbuf_3_7__f_CLK_I/I (gf180mcu_fd_sc_mcu7t5v0__clkbuf_16)
    14    0.077685    0.139872    0.294649    0.618190 ^ clkbuf_3_7__f_CLK_I/Z (gf180mcu_fd_sc_mcu7t5v0__clkbuf_16)
                                                         clknet_3_7__leaf_CLK_I (net)
                      0.139873    0.000961    0.619151 ^ _881_/CLK (gf180mcu_fd_sc_mcu7t5v0__dffq_1)
                                  0.500000    1.119151   clock uncertainty
                                  0.000000    1.119151   clock reconvergence pessimism
                                  0.091008    1.210158   library hold time
                                              1.210158   data required time
---------------------------------------------------------------------------------------------
                                              1.210158   data required time
                                             -2.376480   data arrival time
---------------------------------------------------------------------------------------------
                                              1.166322   slack (MET)


Startpoint: _844_ (rising edge-triggered flip-flop clocked by system_clock)
Endpoint: _832_ (rising edge-triggered flip-flop clocked by system_clock)
Path Group: system_clock
Path Type: min

Fanout         Cap        Slew       Delay        Time   Description
---------------------------------------------------------------------------------------------
                                  0.000000    0.000000   clock system_clock (rise edge)
                                  0.000000    0.000000   clock source latency
     1    0.038592    0.000000    0.000000    0.000000 ^ CLK_I (in)
                                                         CLK_I (net)
                      0.003969    0.001624    0.001624 ^ clkbuf_0_CLK_I/I (gf180mcu_fd_sc_mcu7t5v0__clkbuf_16)
     8    0.199667    0.248974    0.319365    0.320989 ^ clkbuf_0_CLK_I/Z (gf180mcu_fd_sc_mcu7t5v0__clkbuf_16)
                                                         clknet_0_CLK_I (net)
                      0.248986    0.002706    0.323694 ^ clkbuf_3_0__f_CLK_I/I (gf180mcu_fd_sc_mcu7t5v0__clkbuf_16)
     9    0.068177    0.131716    0.288314    0.612009 ^ clkbuf_3_0__f_CLK_I/Z (gf180mcu_fd_sc_mcu7t5v0__clkbuf_16)
                                                         clknet_3_0__leaf_CLK_I (net)
                      0.131721    0.001361    0.613369 ^ _844_/CLK (gf180mcu_fd_sc_mcu7t5v0__dffq_1)
     7    0.052306    0.884046    1.172552    1.785922 ^ _844_/Q (gf180mcu_fd_sc_mcu7t5v0__dffq_1)
                                                         i2c_state[0] (net)
                      0.884070    0.002583    1.788505 ^ _739_/A1 (gf180mcu_fd_sc_mcu7t5v0__aoi211_1)
     1    0.009812    0.362516    0.257533    2.046038 v _739_/ZN (gf180mcu_fd_sc_mcu7t5v0__aoi211_1)
                                                         _366_ (net)
                      0.362516    0.000166    2.046203 v _742_/A1 (gf180mcu_fd_sc_mcu7t5v0__aoi22_1)
     1    0.005623    0.250681    0.235608    2.281811 ^ _742_/ZN (gf180mcu_fd_sc_mcu7t5v0__aoi22_1)
                                                         _369_ (net)
                      0.250681    0.000106    2.281917 ^ _745_/A2 (gf180mcu_fd_sc_mcu7t5v0__aoi21_1)
     1    0.003407    0.131602    0.109272    2.391190 v _745_/ZN (gf180mcu_fd_sc_mcu7t5v0__aoi21_1)
                                                         _045_ (net)
                      0.131602    0.000035    2.391224 v _832_/D (gf180mcu_fd_sc_mcu7t5v0__dffq_1)
                                              2.391224   data arrival time

                                  0.000000    0.000000   clock system_clock (rise edge)
                                  0.000000    0.000000   clock source latency
     1    0.038592    0.000000    0.000000    0.000000 ^ CLK_I (in)
                                                         CLK_I (net)
                      0.003969    0.001624    0.001624 ^ clkbuf_0_CLK_I/I (gf180mcu_fd_sc_mcu7t5v0__clkbuf_16)
     8    0.199667    0.248974    0.319365    0.320989 ^ clkbuf_0_CLK_I/Z (gf180mcu_fd_sc_mcu7t5v0__clkbuf_16)
                                                         clknet_0_CLK_I (net)
                      0.248993    0.003284    0.324272 ^ clkbuf_3_2__f_CLK_I/I (gf180mcu_fd_sc_mcu7t5v0__clkbuf_16)
    16    0.074071    0.136789    0.292311    0.616584 ^ clkbuf_3_2__f_CLK_I/Z (gf180mcu_fd_sc_mcu7t5v0__clkbuf_16)
                                                         clknet_3_2__leaf_CLK_I (net)
                      0.136791    0.000878    0.617461 ^ _832_/CLK (gf180mcu_fd_sc_mcu7t5v0__dffq_1)
                                  0.500000    1.117461   clock uncertainty
                                  0.000000    1.117461   clock reconvergence pessimism
                                  0.084735    1.202196   library hold time
                                              1.202196   data required time
---------------------------------------------------------------------------------------------
                                              1.202196   data required time
                                             -2.391224   data arrival time
---------------------------------------------------------------------------------------------
                                              1.189028   slack (MET)


Startpoint: _834_ (rising edge-triggered flip-flop clocked by system_clock)
Endpoint: _835_ (rising edge-triggered flip-flop clocked by system_clock)
Path Group: system_clock
Path Type: min

Fanout         Cap        Slew       Delay        Time   Description
---------------------------------------------------------------------------------------------
                                  0.000000    0.000000   clock system_clock (rise edge)
                                  0.000000    0.000000   clock source latency
     1    0.038592    0.000000    0.000000    0.000000 ^ CLK_I (in)
                                                         CLK_I (net)
                      0.003969    0.001624    0.001624 ^ clkbuf_0_CLK_I/I (gf180mcu_fd_sc_mcu7t5v0__clkbuf_16)
     8    0.199667    0.248974    0.319365    0.320989 ^ clkbuf_0_CLK_I/Z (gf180mcu_fd_sc_mcu7t5v0__clkbuf_16)
                                                         clknet_0_CLK_I (net)
                      0.248993    0.003284    0.324272 ^ clkbuf_3_2__f_CLK_I/I (gf180mcu_fd_sc_mcu7t5v0__clkbuf_16)
    16    0.074071    0.136789    0.292311    0.616584 ^ clkbuf_3_2__f_CLK_I/Z (gf180mcu_fd_sc_mcu7t5v0__clkbuf_16)
                                                         clknet_3_2__leaf_CLK_I (net)
                      0.136790    0.000424    0.617007 ^ _834_/CLK (gf180mcu_fd_sc_mcu7t5v0__dffq_1)
     8    0.043110    0.448399    0.900786    1.517794 v _834_/Q (gf180mcu_fd_sc_mcu7t5v0__dffq_1)
                                                         iteration[2] (net)
                      0.448400    0.000451    1.518245 v _752_/A1 (gf180mcu_fd_sc_mcu7t5v0__nand3_1)
     2    0.011080    0.346130    0.319109    1.837354 ^ _752_/ZN (gf180mcu_fd_sc_mcu7t5v0__nand3_1)
                                                         _377_ (net)
                      0.346130    0.000092    1.837446 ^ _755_/C (gf180mcu_fd_sc_mcu7t5v0__oai221_1)
     1    0.005604    0.230525    0.191607    2.029052 v _755_/ZN (gf180mcu_fd_sc_mcu7t5v0__oai221_1)
                                                         _379_ (net)
                      0.230525    0.000058    2.029110 v _756_/B (gf180mcu_fd_sc_mcu7t5v0__oai21_1)
     1    0.009348    0.320349    0.259156    2.288266 ^ _756_/ZN (gf180mcu_fd_sc_mcu7t5v0__oai21_1)
                                                         _380_ (net)
                      0.320349    0.000224    2.288490 ^ _759_/A1 (gf180mcu_fd_sc_mcu7t5v0__aoi21_1)
     1    0.003005    0.148718    0.114371    2.402861 v _759_/ZN (gf180mcu_fd_sc_mcu7t5v0__aoi21_1)
                                                         _048_ (net)
                      0.148718    0.000030    2.402891 v _835_/D (gf180mcu_fd_sc_mcu7t5v0__dffq_1)
                                              2.402891   data arrival time

                                  0.000000    0.000000   clock system_clock (rise edge)
                                  0.000000    0.000000   clock source latency
     1    0.038592    0.000000    0.000000    0.000000 ^ CLK_I (in)
                                                         CLK_I (net)
                      0.003969    0.001624    0.001624 ^ clkbuf_0_CLK_I/I (gf180mcu_fd_sc_mcu7t5v0__clkbuf_16)
     8    0.199667    0.248974    0.319365    0.320989 ^ clkbuf_0_CLK_I/Z (gf180mcu_fd_sc_mcu7t5v0__clkbuf_16)
                                                         clknet_0_CLK_I (net)
                      0.248993    0.003284    0.324272 ^ clkbuf_3_2__f_CLK_I/I (gf180mcu_fd_sc_mcu7t5v0__clkbuf_16)
    16    0.074071    0.136789    0.292311    0.616584 ^ clkbuf_3_2__f_CLK_I/Z (gf180mcu_fd_sc_mcu7t5v0__clkbuf_16)
                                                         clknet_3_2__leaf_CLK_I (net)
                      0.136791    0.000943    0.617526 ^ _835_/CLK (gf180mcu_fd_sc_mcu7t5v0__dffq_1)
                                  0.500000    1.117526   clock uncertainty
                                  0.000000    1.117526   clock reconvergence pessimism
                                  0.080428    1.197954   library hold time
                                              1.197954   data required time
---------------------------------------------------------------------------------------------
                                              1.197954   data required time
                                             -2.402891   data arrival time
---------------------------------------------------------------------------------------------
                                              1.204937   slack (MET)


Startpoint: _824_ (rising edge-triggered flip-flop clocked by system_clock)
Endpoint: _862_ (rising edge-triggered flip-flop clocked by system_clock)
Path Group: system_clock
Path Type: min

Fanout         Cap        Slew       Delay        Time   Description
---------------------------------------------------------------------------------------------
                                  0.000000    0.000000   clock system_clock (rise edge)
                                  0.000000    0.000000   clock source latency
     1    0.038592    0.000000    0.000000    0.000000 ^ CLK_I (in)
                                                         CLK_I (net)
                      0.003969    0.001624    0.001624 ^ clkbuf_0_CLK_I/I (gf180mcu_fd_sc_mcu7t5v0__clkbuf_16)
     8    0.199667    0.248974    0.319365    0.320989 ^ clkbuf_0_CLK_I/Z (gf180mcu_fd_sc_mcu7t5v0__clkbuf_16)
                                                         clknet_0_CLK_I (net)
                      0.248985    0.002552    0.323540 ^ clkbuf_3_7__f_CLK_I/I (gf180mcu_fd_sc_mcu7t5v0__clkbuf_16)
    14    0.077685    0.139872    0.294649    0.618190 ^ clkbuf_3_7__f_CLK_I/Z (gf180mcu_fd_sc_mcu7t5v0__clkbuf_16)
                                                         clknet_3_7__leaf_CLK_I (net)
                      0.139875    0.001293    0.619482 ^ _824_/CLK (gf180mcu_fd_sc_mcu7t5v0__dffq_1)
     6    0.065009    0.652618    1.030032    1.649514 v _824_/Q (gf180mcu_fd_sc_mcu7t5v0__dffq_1)
                                                         recv_data_buffer[6] (net)
                      0.652618    0.000329    1.649844 v _805_/B2 (gf180mcu_fd_sc_mcu7t5v0__aoi22_1)
     1    0.016421    0.464352    0.500136    2.149980 ^ _805_/ZN (gf180mcu_fd_sc_mcu7t5v0__aoi22_1)
                                                         _402_ (net)
                      0.464352    0.000584    2.150563 ^ _806_/A2 (gf180mcu_fd_sc_mcu7t5v0__nor2_1)
     1    0.013856    0.320943    0.264126    2.414689 v _806_/ZN (gf180mcu_fd_sc_mcu7t5v0__nor2_1)
                                                         _075_ (net)
                      0.320943    0.000470    2.415159 v _862_/D (gf180mcu_fd_sc_mcu7t5v0__dffq_1)
                                              2.415159   data arrival time

                                  0.000000    0.000000   clock system_clock (rise edge)
                                  0.000000    0.000000   clock source latency
     1    0.038592    0.000000    0.000000    0.000000 ^ CLK_I (in)
                                                         CLK_I (net)
                      0.003969    0.001624    0.001624 ^ clkbuf_0_CLK_I/I (gf180mcu_fd_sc_mcu7t5v0__clkbuf_16)
     8    0.199667    0.248974    0.319365    0.320989 ^ clkbuf_0_CLK_I/Z (gf180mcu_fd_sc_mcu7t5v0__clkbuf_16)
                                                         clknet_0_CLK_I (net)
                      0.248985    0.002552    0.323540 ^ clkbuf_3_7__f_CLK_I/I (gf180mcu_fd_sc_mcu7t5v0__clkbuf_16)
    14    0.077685    0.139872    0.294649    0.618190 ^ clkbuf_3_7__f_CLK_I/Z (gf180mcu_fd_sc_mcu7t5v0__clkbuf_16)
                                                         clknet_3_7__leaf_CLK_I (net)
                      0.139877    0.001506    0.619696 ^ _862_/CLK (gf180mcu_fd_sc_mcu7t5v0__dffq_1)
                                  0.500000    1.119696   clock uncertainty
                                  0.000000    1.119696   clock reconvergence pessimism
                                  0.031244    1.150939   library hold time
                                              1.150939   data required time
---------------------------------------------------------------------------------------------
                                              1.150939   data required time
                                             -2.415159   data arrival time
---------------------------------------------------------------------------------------------
                                              1.264220   slack (MET)


Startpoint: _869_ (rising edge-triggered flip-flop clocked by system_clock)
Endpoint: _877_ (rising edge-triggered flip-flop clocked by system_clock)
Path Group: system_clock
Path Type: min

Fanout         Cap        Slew       Delay        Time   Description
---------------------------------------------------------------------------------------------
                                  0.000000    0.000000   clock system_clock (rise edge)
                                  0.000000    0.000000   clock source latency
     1    0.038592    0.000000    0.000000    0.000000 ^ CLK_I (in)
                                                         CLK_I (net)
                      0.003969    0.001624    0.001624 ^ clkbuf_0_CLK_I/I (gf180mcu_fd_sc_mcu7t5v0__clkbuf_16)
     8    0.199667    0.248974    0.319365    0.320989 ^ clkbuf_0_CLK_I/Z (gf180mcu_fd_sc_mcu7t5v0__clkbuf_16)
                                                         clknet_0_CLK_I (net)
                      0.248988    0.002861    0.323849 ^ clkbuf_3_6__f_CLK_I/I (gf180mcu_fd_sc_mcu7t5v0__clkbuf_16)
    13    0.081683    0.143199    0.297006    0.620855 ^ clkbuf_3_6__f_CLK_I/Z (gf180mcu_fd_sc_mcu7t5v0__clkbuf_16)
                                                         clknet_3_6__leaf_CLK_I (net)
                      0.143204    0.001511    0.622365 ^ _869_/CLK (gf180mcu_fd_sc_mcu7t5v0__dffq_1)
     4    0.024893    0.284664    0.792545    1.414910 v _869_/Q (gf180mcu_fd_sc_mcu7t5v0__dffq_1)
                                                         addr_set_register[3] (net)
                      0.284664    0.000333    1.415244 v _519_/A2 (gf180mcu_fd_sc_mcu7t5v0__nor2_1)
     1    0.023488    0.797820    0.533463    1.948707 ^ _519_/ZN (gf180mcu_fd_sc_mcu7t5v0__nor2_1)
                                                         _180_ (net)
                      0.797821    0.001017    1.949724 ^ _522_/A1 (gf180mcu_fd_sc_mcu7t5v0__oai21_1)
     1    0.011455    0.252965    0.239509    2.189233 v _522_/ZN (gf180mcu_fd_sc_mcu7t5v0__oai21_1)
                                                         _183_ (net)
                      0.252966    0.000493    2.189726 v _523_/I0 (gf180mcu_fd_sc_mcu7t5v0__mux2_2)
     1    0.005125    0.120669    0.376822    2.566548 v _523_/Z (gf180mcu_fd_sc_mcu7t5v0__mux2_2)
                                                         _011_ (net)
                      0.120669    0.000106    2.566654 v _877_/D (gf180mcu_fd_sc_mcu7t5v0__dffq_1)
                                              2.566654   data arrival time

                                  0.000000    0.000000   clock system_clock (rise edge)
                                  0.000000    0.000000   clock source latency
     1    0.038592    0.000000    0.000000    0.000000 ^ CLK_I (in)
                                                         CLK_I (net)
                      0.003969    0.001624    0.001624 ^ clkbuf_0_CLK_I/I (gf180mcu_fd_sc_mcu7t5v0__clkbuf_16)
     8    0.199667    0.248974    0.319365    0.320989 ^ clkbuf_0_CLK_I/Z (gf180mcu_fd_sc_mcu7t5v0__clkbuf_16)
                                                         clknet_0_CLK_I (net)
                      0.248988    0.002861    0.323849 ^ clkbuf_3_6__f_CLK_I/I (gf180mcu_fd_sc_mcu7t5v0__clkbuf_16)
    13    0.081683    0.143199    0.297006    0.620855 ^ clkbuf_3_6__f_CLK_I/Z (gf180mcu_fd_sc_mcu7t5v0__clkbuf_16)
                                                         clknet_3_6__leaf_CLK_I (net)
                      0.143205    0.001575    0.622430 ^ _877_/CLK (gf180mcu_fd_sc_mcu7t5v0__dffq_1)
                                  0.500000    1.122430   clock uncertainty
                                  0.000000    1.122430   clock reconvergence pessimism
                                  0.088422    1.210852   library hold time
                                              1.210852   data required time
---------------------------------------------------------------------------------------------
                                              1.210852   data required time
                                             -2.566654   data arrival time
---------------------------------------------------------------------------------------------
                                              1.355801   slack (MET)


Startpoint: _820_ (rising edge-triggered flip-flop clocked by system_clock)
Endpoint: _876_ (rising edge-triggered flip-flop clocked by system_clock)
Path Group: system_clock
Path Type: min

Fanout         Cap        Slew       Delay        Time   Description
---------------------------------------------------------------------------------------------
                                  0.000000    0.000000   clock system_clock (rise edge)
                                  0.000000    0.000000   clock source latency
     1    0.038592    0.000000    0.000000    0.000000 ^ CLK_I (in)
                                                         CLK_I (net)
                      0.003969    0.001624    0.001624 ^ clkbuf_0_CLK_I/I (gf180mcu_fd_sc_mcu7t5v0__clkbuf_16)
     8    0.199667    0.248974    0.319365    0.320989 ^ clkbuf_0_CLK_I/Z (gf180mcu_fd_sc_mcu7t5v0__clkbuf_16)
                                                         clknet_0_CLK_I (net)
                      0.248985    0.002552    0.323540 ^ clkbuf_3_7__f_CLK_I/I (gf180mcu_fd_sc_mcu7t5v0__clkbuf_16)
    14    0.077685    0.139872    0.294649    0.618190 ^ clkbuf_3_7__f_CLK_I/Z (gf180mcu_fd_sc_mcu7t5v0__clkbuf_16)
                                                         clknet_3_7__leaf_CLK_I (net)
                      0.139872    0.000046    0.618236 ^ _820_/CLK (gf180mcu_fd_sc_mcu7t5v0__dffq_1)
     6    0.052396    0.534830    0.956143    1.574379 v _820_/Q (gf180mcu_fd_sc_mcu7t5v0__dffq_1)
                                                         recv_data_buffer[2] (net)
                      0.534832    0.000546    1.574924 v _515_/A1 (gf180mcu_fd_sc_mcu7t5v0__oai22_1)
     1    0.011190    0.484069    0.423584    1.998508 ^ _515_/ZN (gf180mcu_fd_sc_mcu7t5v0__oai22_1)
                                                         _177_ (net)
                      0.484069    0.000300    1.998808 ^ _517_/A1 (gf180mcu_fd_sc_mcu7t5v0__oai21_1)
     1    0.012168    0.270850    0.229465    2.228273 v _517_/ZN (gf180mcu_fd_sc_mcu7t5v0__oai21_1)
                                                         _179_ (net)
                      0.270850    0.000342    2.228615 v _518_/I0 (gf180mcu_fd_sc_mcu7t5v0__mux2_2)
     1    0.004472    0.117364    0.376603    2.605217 v _518_/Z (gf180mcu_fd_sc_mcu7t5v0__mux2_2)
                                                         _010_ (net)
                      0.117364    0.000087    2.605305 v _876_/D (gf180mcu_fd_sc_mcu7t5v0__dffq_1)
                                              2.605305   data arrival time

                                  0.000000    0.000000   clock system_clock (rise edge)
                                  0.000000    0.000000   clock source latency
     1    0.038592    0.000000    0.000000    0.000000 ^ CLK_I (in)
                                                         CLK_I (net)
                      0.003969    0.001624    0.001624 ^ clkbuf_0_CLK_I/I (gf180mcu_fd_sc_mcu7t5v0__clkbuf_16)
     8    0.199667    0.248974    0.319365    0.320989 ^ clkbuf_0_CLK_I/Z (gf180mcu_fd_sc_mcu7t5v0__clkbuf_16)
                                                         clknet_0_CLK_I (net)
                      0.248988    0.002861    0.323849 ^ clkbuf_3_6__f_CLK_I/I (gf180mcu_fd_sc_mcu7t5v0__clkbuf_16)
    13    0.081683    0.143199    0.297006    0.620855 ^ clkbuf_3_6__f_CLK_I/Z (gf180mcu_fd_sc_mcu7t5v0__clkbuf_16)
                                                         clknet_3_6__leaf_CLK_I (net)
                      0.143203    0.001425    0.622280 ^ _876_/CLK (gf180mcu_fd_sc_mcu7t5v0__dffq_1)
                                  0.500000    1.122280   clock uncertainty
                                  0.000000    1.122280   clock reconvergence pessimism
                                  0.089210    1.211489   library hold time
                                              1.211489   data required time
---------------------------------------------------------------------------------------------
                                              1.211489   data required time
                                             -2.605305   data arrival time
---------------------------------------------------------------------------------------------
                                              1.393816   slack (MET)


Startpoint: _901_ (rising edge-triggered flip-flop clocked by system_clock)
Endpoint: _830_ (rising edge-triggered flip-flop clocked by system_clock)
Path Group: system_clock
Path Type: min

Fanout         Cap        Slew       Delay        Time   Description
---------------------------------------------------------------------------------------------
                                  0.000000    0.000000   clock system_clock (rise edge)
                                  0.000000    0.000000   clock source latency
     1    0.038592    0.000000    0.000000    0.000000 ^ CLK_I (in)
                                                         CLK_I (net)
                      0.003969    0.001624    0.001624 ^ clkbuf_0_CLK_I/I (gf180mcu_fd_sc_mcu7t5v0__clkbuf_16)
     8    0.199667    0.248974    0.319365    0.320989 ^ clkbuf_0_CLK_I/Z (gf180mcu_fd_sc_mcu7t5v0__clkbuf_16)
                                                         clknet_0_CLK_I (net)
                      0.248986    0.002706    0.323694 ^ clkbuf_3_0__f_CLK_I/I (gf180mcu_fd_sc_mcu7t5v0__clkbuf_16)
     9    0.068177    0.131716    0.288314    0.612009 ^ clkbuf_3_0__f_CLK_I/Z (gf180mcu_fd_sc_mcu7t5v0__clkbuf_16)
                                                         clknet_3_0__leaf_CLK_I (net)
                      0.131721    0.001453    0.613461 ^ _901_/CLK (gf180mcu_fd_sc_mcu7t5v0__dffq_1)
     8    0.054369    0.917291    1.192220    1.805681 ^ _901_/Q (gf180mcu_fd_sc_mcu7t5v0__dffq_1)
                                                         i2c_sda_in_synchronised_internal (net)
                      0.917296    0.001154    1.806834 ^ _728_/A2 (gf180mcu_fd_sc_mcu7t5v0__aoi211_1)
     2    0.010518    0.364352    0.224156    2.030991 v _728_/ZN (gf180mcu_fd_sc_mcu7t5v0__aoi211_1)
                                                         _357_ (net)
                      0.364352    0.000128    2.031119 v _729_/C (gf180mcu_fd_sc_mcu7t5v0__aoi211_1)
     1    0.008029    0.582860    0.416789    2.447908 ^ _729_/ZN (gf180mcu_fd_sc_mcu7t5v0__aoi211_1)
                                                         _358_ (net)
                      0.582860    0.000177    2.448085 ^ _730_/A2 (gf180mcu_fd_sc_mcu7t5v0__aoi21_1)
     1    0.003715    0.195697    0.109814    2.557899 v _730_/ZN (gf180mcu_fd_sc_mcu7t5v0__aoi21_1)
                                                         _359_ (net)
                      0.195697    0.000038    2.557937 v _731_/A1 (gf180mcu_fd_sc_mcu7t5v0__and2_1)
     1    0.003100    0.099772    0.255953    2.813891 v _731_/Z (gf180mcu_fd_sc_mcu7t5v0__and2_1)
                                                         _043_ (net)
                      0.099772    0.000056    2.813946 v _830_/D (gf180mcu_fd_sc_mcu7t5v0__dffq_1)
                                              2.813946   data arrival time

                                  0.000000    0.000000   clock system_clock (rise edge)
                                  0.000000    0.000000   clock source latency
     1    0.038592    0.000000    0.000000    0.000000 ^ CLK_I (in)
                                                         CLK_I (net)
                      0.003969    0.001624    0.001624 ^ clkbuf_0_CLK_I/I (gf180mcu_fd_sc_mcu7t5v0__clkbuf_16)
     8    0.199667    0.248974    0.319365    0.320989 ^ clkbuf_0_CLK_I/Z (gf180mcu_fd_sc_mcu7t5v0__clkbuf_16)
                                                         clknet_0_CLK_I (net)
                      0.248986    0.002706    0.323694 ^ clkbuf_3_0__f_CLK_I/I (gf180mcu_fd_sc_mcu7t5v0__clkbuf_16)
     9    0.068177    0.131716    0.288314    0.612009 ^ clkbuf_3_0__f_CLK_I/Z (gf180mcu_fd_sc_mcu7t5v0__clkbuf_16)
                                                         clknet_3_0__leaf_CLK_I (net)
                      0.131722    0.001550    0.613559 ^ _830_/CLK (gf180mcu_fd_sc_mcu7t5v0__dffq_1)
                                  0.500000    1.113559   clock uncertainty
                                  0.000000    1.113559   clock reconvergence pessimism
                                  0.091389    1.204948   library hold time
                                              1.204948   data required time
---------------------------------------------------------------------------------------------
                                              1.204948   data required time
                                             -2.813946   data arrival time
---------------------------------------------------------------------------------------------
                                              1.608999   slack (MET)


Startpoint: _898_ (rising edge-triggered flip-flop clocked by system_clock)
Endpoint: _899_ (rising edge-triggered flip-flop clocked by system_clock)
Path Group: system_clock
Path Type: min

Fanout         Cap        Slew       Delay        Time   Description
---------------------------------------------------------------------------------------------
                                  0.000000    0.000000   clock system_clock (rise edge)
                                  0.000000    0.000000   clock source latency
     1    0.038592    0.000000    0.000000    0.000000 ^ CLK_I (in)
                                                         CLK_I (net)
                      0.003969    0.001624    0.001624 ^ clkbuf_0_CLK_I/I (gf180mcu_fd_sc_mcu7t5v0__clkbuf_16)
     8    0.199667    0.248974    0.319365    0.320989 ^ clkbuf_0_CLK_I/Z (gf180mcu_fd_sc_mcu7t5v0__clkbuf_16)
                                                         clknet_0_CLK_I (net)
                      0.248993    0.003284    0.324272 ^ clkbuf_3_2__f_CLK_I/I (gf180mcu_fd_sc_mcu7t5v0__clkbuf_16)
    16    0.074071    0.136789    0.292311    0.616584 ^ clkbuf_3_2__f_CLK_I/Z (gf180mcu_fd_sc_mcu7t5v0__clkbuf_16)
                                                         clknet_3_2__leaf_CLK_I (net)
                      0.136791    0.000884    0.617468 ^ _898_/CLK (gf180mcu_fd_sc_mcu7t5v0__dffq_1)
     1    0.003497    0.101861    0.644999    1.262466 v _898_/Q (gf180mcu_fd_sc_mcu7t5v0__dffq_1)
                                                         scl_synchroniser_internal[0] (net)
                      0.101861    0.000036    1.262502 v hold37/I (gf180mcu_fd_sc_mcu7t5v0__dlyc_1)
     1    0.004136    0.201620    1.649173    2.911675 v hold37/Z (gf180mcu_fd_sc_mcu7t5v0__dlyc_1)
                                                         net37 (net)
                      0.201620    0.000077    2.911752 v _899_/D (gf180mcu_fd_sc_mcu7t5v0__dffq_1)
                                              2.911752   data arrival time

                                  0.000000    0.000000   clock system_clock (rise edge)
                                  0.000000    0.000000   clock source latency
     1    0.038592    0.000000    0.000000    0.000000 ^ CLK_I (in)
                                                         CLK_I (net)
                      0.003969    0.001624    0.001624 ^ clkbuf_0_CLK_I/I (gf180mcu_fd_sc_mcu7t5v0__clkbuf_16)
     8    0.199667    0.248974    0.319365    0.320989 ^ clkbuf_0_CLK_I/Z (gf180mcu_fd_sc_mcu7t5v0__clkbuf_16)
                                                         clknet_0_CLK_I (net)
                      0.248993    0.003284    0.324272 ^ clkbuf_3_2__f_CLK_I/I (gf180mcu_fd_sc_mcu7t5v0__clkbuf_16)
    16    0.074071    0.136789    0.292311    0.616584 ^ clkbuf_3_2__f_CLK_I/Z (gf180mcu_fd_sc_mcu7t5v0__clkbuf_16)
                                                         clknet_3_2__leaf_CLK_I (net)
                      0.136791    0.000939    0.617522 ^ _899_/CLK (gf180mcu_fd_sc_mcu7t5v0__dffq_1)
                                  0.500000    1.117522   clock uncertainty
                                  0.000000    1.117522   clock reconvergence pessimism
                                  0.065134    1.182657   library hold time
                                              1.182657   data required time
---------------------------------------------------------------------------------------------
                                              1.182657   data required time
                                             -2.911752   data arrival time
---------------------------------------------------------------------------------------------
                                              1.729095   slack (MET)


Startpoint: _900_ (rising edge-triggered flip-flop clocked by system_clock)
Endpoint: _901_ (rising edge-triggered flip-flop clocked by system_clock)
Path Group: system_clock
Path Type: min

Fanout         Cap        Slew       Delay        Time   Description
---------------------------------------------------------------------------------------------
                                  0.000000    0.000000   clock system_clock (rise edge)
                                  0.000000    0.000000   clock source latency
     1    0.038592    0.000000    0.000000    0.000000 ^ CLK_I (in)
                                                         CLK_I (net)
                      0.003969    0.001624    0.001624 ^ clkbuf_0_CLK_I/I (gf180mcu_fd_sc_mcu7t5v0__clkbuf_16)
     8    0.199667    0.248974    0.319365    0.320989 ^ clkbuf_0_CLK_I/Z (gf180mcu_fd_sc_mcu7t5v0__clkbuf_16)
                                                         clknet_0_CLK_I (net)
                      0.248986    0.002706    0.323694 ^ clkbuf_3_0__f_CLK_I/I (gf180mcu_fd_sc_mcu7t5v0__clkbuf_16)
     9    0.068177    0.131716    0.288314    0.612009 ^ clkbuf_3_0__f_CLK_I/Z (gf180mcu_fd_sc_mcu7t5v0__clkbuf_16)
                                                         clknet_3_0__leaf_CLK_I (net)
                      0.131722    0.001541    0.613550 ^ _900_/CLK (gf180mcu_fd_sc_mcu7t5v0__dffq_1)
     1    0.004379    0.109402    0.651051    1.264601 v _900_/Q (gf180mcu_fd_sc_mcu7t5v0__dffq_1)
                                                         sda_synchroniser_internal[0] (net)
                      0.109402    0.000086    1.264687 v hold36/I (gf180mcu_fd_sc_mcu7t5v0__dlyc_1)
     1    0.003797    0.197928    1.647413    2.912100 v hold36/Z (gf180mcu_fd_sc_mcu7t5v0__dlyc_1)
                                                         net36 (net)
                      0.197928    0.000071    2.912171 v _901_/D (gf180mcu_fd_sc_mcu7t5v0__dffq_1)
                                              2.912171   data arrival time

                                  0.000000    0.000000   clock system_clock (rise edge)
                                  0.000000    0.000000   clock source latency
     1    0.038592    0.000000    0.000000    0.000000 ^ CLK_I (in)
                                                         CLK_I (net)
                      0.003969    0.001624    0.001624 ^ clkbuf_0_CLK_I/I (gf180mcu_fd_sc_mcu7t5v0__clkbuf_16)
     8    0.199667    0.248974    0.319365    0.320989 ^ clkbuf_0_CLK_I/Z (gf180mcu_fd_sc_mcu7t5v0__clkbuf_16)
                                                         clknet_0_CLK_I (net)
                      0.248986    0.002706    0.323694 ^ clkbuf_3_0__f_CLK_I/I (gf180mcu_fd_sc_mcu7t5v0__clkbuf_16)
     9    0.068177    0.131716    0.288314    0.612009 ^ clkbuf_3_0__f_CLK_I/Z (gf180mcu_fd_sc_mcu7t5v0__clkbuf_16)
                                                         clknet_3_0__leaf_CLK_I (net)
                      0.131721    0.001453    0.613461 ^ _901_/CLK (gf180mcu_fd_sc_mcu7t5v0__dffq_1)
                                  0.500000    1.113461   clock uncertainty
                                  0.000000    1.113461   clock reconvergence pessimism
                                  0.065314    1.178775   library hold time
                                              1.178775   data required time
---------------------------------------------------------------------------------------------
                                              1.178775   data required time
                                             -2.912171   data arrival time
---------------------------------------------------------------------------------------------
                                              1.733396   slack (MET)


Startpoint: _891_ (rising edge-triggered flip-flop clocked by system_clock)
Endpoint: _895_ (rising edge-triggered flip-flop clocked by system_clock)
Path Group: system_clock
Path Type: min

Fanout         Cap        Slew       Delay        Time   Description
---------------------------------------------------------------------------------------------
                                  0.000000    0.000000   clock system_clock (rise edge)
                                  0.000000    0.000000   clock source latency
     1    0.038592    0.000000    0.000000    0.000000 ^ CLK_I (in)
                                                         CLK_I (net)
                      0.003969    0.001624    0.001624 ^ clkbuf_0_CLK_I/I (gf180mcu_fd_sc_mcu7t5v0__clkbuf_16)
     8    0.199667    0.248974    0.319365    0.320989 ^ clkbuf_0_CLK_I/Z (gf180mcu_fd_sc_mcu7t5v0__clkbuf_16)
                                                         clknet_0_CLK_I (net)
                      0.248986    0.002669    0.323658 ^ clkbuf_3_1__f_CLK_I/I (gf180mcu_fd_sc_mcu7t5v0__clkbuf_16)
    10    0.060680    0.125309    0.283392    0.607050 ^ clkbuf_3_1__f_CLK_I/Z (gf180mcu_fd_sc_mcu7t5v0__clkbuf_16)
                                                         clknet_3_1__leaf_CLK_I (net)
                      0.125312    0.001106    0.608156 ^ _891_/CLK (gf180mcu_fd_sc_mcu7t5v0__dffq_1)
     1    0.005175    0.116207    0.656139    1.264295 v _891_/Q (gf180mcu_fd_sc_mcu7t5v0__dffq_1)
                                                         wb_master_next_state[1] (net)
                      0.116207    0.000106    1.264401 v hold39/I (gf180mcu_fd_sc_mcu7t5v0__dlyc_1)
     1    0.004502    0.205615    1.657599    2.922000 v hold39/Z (gf180mcu_fd_sc_mcu7t5v0__dlyc_1)
                                                         net39 (net)
                      0.205615    0.000043    2.922043 v _417_/I (gf180mcu_fd_sc_mcu7t5v0__clkinv_1)
     2    0.011152    0.234245    0.190076    3.112119 ^ _417_/ZN (gf180mcu_fd_sc_mcu7t5v0__clkinv_1)
                                                         _090_ (net)
                      0.234245    0.000197    3.112316 ^ _600_/A1 (gf180mcu_fd_sc_mcu7t5v0__nor2_1)
     1    0.004447    0.134193    0.117999    3.230314 v _600_/ZN (gf180mcu_fd_sc_mcu7t5v0__nor2_1)
                                                         _029_ (net)
                      0.134193    0.000091    3.230405 v _895_/D (gf180mcu_fd_sc_mcu7t5v0__dffq_1)
                                              3.230405   data arrival time

                                  0.000000    0.000000   clock system_clock (rise edge)
                                  0.000000    0.000000   clock source latency
     1    0.038592    0.000000    0.000000    0.000000 ^ CLK_I (in)
                                                         CLK_I (net)
                      0.003969    0.001624    0.001624 ^ clkbuf_0_CLK_I/I (gf180mcu_fd_sc_mcu7t5v0__clkbuf_16)
     8    0.199667    0.248974    0.319365    0.320989 ^ clkbuf_0_CLK_I/Z (gf180mcu_fd_sc_mcu7t5v0__clkbuf_16)
                                                         clknet_0_CLK_I (net)
                      0.248990    0.003054    0.324043 ^ clkbuf_3_3__f_CLK_I/I (gf180mcu_fd_sc_mcu7t5v0__clkbuf_16)
    10    0.064818    0.128906    0.286354    0.610397 ^ clkbuf_3_3__f_CLK_I/Z (gf180mcu_fd_sc_mcu7t5v0__clkbuf_16)
                                                         clknet_3_3__leaf_CLK_I (net)
                      0.128906    0.000127    0.610524 ^ _895_/CLK (gf180mcu_fd_sc_mcu7t5v0__dffq_1)
                                  0.500000    1.110524   clock uncertainty
                                  0.000000    1.110524   clock reconvergence pessimism
                                  0.082796    1.193320   library hold time
                                              1.193320   data required time
---------------------------------------------------------------------------------------------
                                              1.193320   data required time
                                             -3.230405   data arrival time
---------------------------------------------------------------------------------------------
                                              2.037085   slack (MET)


Startpoint: _831_ (rising edge-triggered flip-flop clocked by system_clock)
Endpoint: _844_ (rising edge-triggered flip-flop clocked by system_clock)
Path Group: system_clock
Path Type: min

Fanout         Cap        Slew       Delay        Time   Description
---------------------------------------------------------------------------------------------
                                  0.000000    0.000000   clock system_clock (rise edge)
                                  0.000000    0.000000   clock source latency
     1    0.038592    0.000000    0.000000    0.000000 ^ CLK_I (in)
                                                         CLK_I (net)
                      0.003969    0.001624    0.001624 ^ clkbuf_0_CLK_I/I (gf180mcu_fd_sc_mcu7t5v0__clkbuf_16)
     8    0.199667    0.248974    0.319365    0.320989 ^ clkbuf_0_CLK_I/Z (gf180mcu_fd_sc_mcu7t5v0__clkbuf_16)
                                                         clknet_0_CLK_I (net)
                      0.248986    0.002706    0.323694 ^ clkbuf_3_0__f_CLK_I/I (gf180mcu_fd_sc_mcu7t5v0__clkbuf_16)
     9    0.068177    0.131716    0.288314    0.612009 ^ clkbuf_3_0__f_CLK_I/Z (gf180mcu_fd_sc_mcu7t5v0__clkbuf_16)
                                                         clknet_3_0__leaf_CLK_I (net)
                      0.131719    0.001111    0.613119 ^ _831_/CLK (gf180mcu_fd_sc_mcu7t5v0__dffq_1)
     1    0.004134    0.107305    0.649087    1.262206 v _831_/Q (gf180mcu_fd_sc_mcu7t5v0__dffq_1)
                                                         i2c_next_state[0] (net)
                      0.107305    0.000077    1.262283 v hold42/I (gf180mcu_fd_sc_mcu7t5v0__dlyc_1)
     2    0.010065    0.264632    1.715602    2.977885 v hold42/Z (gf180mcu_fd_sc_mcu7t5v0__dlyc_1)
                                                         net42 (net)
                      0.264632    0.000158    2.978042 v _771_/A2 (gf180mcu_fd_sc_mcu7t5v0__and2_1)
     1    0.002974    0.105055    0.294091    3.272133 v _771_/Z (gf180mcu_fd_sc_mcu7t5v0__and2_1)
                                                         _057_ (net)
                      0.105055    0.000029    3.272162 v _844_/D (gf180mcu_fd_sc_mcu7t5v0__dffq_1)
                                              3.272162   data arrival time

                                  0.000000    0.000000   clock system_clock (rise edge)
                                  0.000000    0.000000   clock source latency
     1    0.038592    0.000000    0.000000    0.000000 ^ CLK_I (in)
                                                         CLK_I (net)
                      0.003969    0.001624    0.001624 ^ clkbuf_0_CLK_I/I (gf180mcu_fd_sc_mcu7t5v0__clkbuf_16)
     8    0.199667    0.248974    0.319365    0.320989 ^ clkbuf_0_CLK_I/Z (gf180mcu_fd_sc_mcu7t5v0__clkbuf_16)
                                                         clknet_0_CLK_I (net)
                      0.248986    0.002706    0.323694 ^ clkbuf_3_0__f_CLK_I/I (gf180mcu_fd_sc_mcu7t5v0__clkbuf_16)
     9    0.068177    0.131716    0.288314    0.612009 ^ clkbuf_3_0__f_CLK_I/Z (gf180mcu_fd_sc_mcu7t5v0__clkbuf_16)
                                                         clknet_3_0__leaf_CLK_I (net)
                      0.131721    0.001361    0.613369 ^ _844_/CLK (gf180mcu_fd_sc_mcu7t5v0__dffq_1)
                                  0.500000    1.113369   clock uncertainty
                                  0.000000    1.113369   clock reconvergence pessimism
                                  0.090142    1.203512   library hold time
                                              1.203512   data required time
---------------------------------------------------------------------------------------------
                                              1.203512   data required time
                                             -3.272162   data arrival time
---------------------------------------------------------------------------------------------
                                              2.068651   slack (MET)


Startpoint: _830_ (rising edge-triggered flip-flop clocked by system_clock)
Endpoint: _845_ (rising edge-triggered flip-flop clocked by system_clock)
Path Group: system_clock
Path Type: min

Fanout         Cap        Slew       Delay        Time   Description
---------------------------------------------------------------------------------------------
                                  0.000000    0.000000   clock system_clock (rise edge)
                                  0.000000    0.000000   clock source latency
     1    0.038592    0.000000    0.000000    0.000000 ^ CLK_I (in)
                                                         CLK_I (net)
                      0.003969    0.001624    0.001624 ^ clkbuf_0_CLK_I/I (gf180mcu_fd_sc_mcu7t5v0__clkbuf_16)
     8    0.199667    0.248974    0.319365    0.320989 ^ clkbuf_0_CLK_I/Z (gf180mcu_fd_sc_mcu7t5v0__clkbuf_16)
                                                         clknet_0_CLK_I (net)
                      0.248986    0.002706    0.323694 ^ clkbuf_3_0__f_CLK_I/I (gf180mcu_fd_sc_mcu7t5v0__clkbuf_16)
     9    0.068177    0.131716    0.288314    0.612009 ^ clkbuf_3_0__f_CLK_I/Z (gf180mcu_fd_sc_mcu7t5v0__clkbuf_16)
                                                         clknet_3_0__leaf_CLK_I (net)
                      0.131722    0.001550    0.613559 ^ _830_/CLK (gf180mcu_fd_sc_mcu7t5v0__dffq_1)
     1    0.006518    0.127681    0.668150    1.281709 v _830_/Q (gf180mcu_fd_sc_mcu7t5v0__dffq_1)
                                                         i2c_next_state[1] (net)
                      0.127681    0.000147    1.281856 v hold40/I (gf180mcu_fd_sc_mcu7t5v0__dlyc_1)
     1    0.005885    0.220575    1.677011    2.958867 v hold40/Z (gf180mcu_fd_sc_mcu7t5v0__dlyc_1)
                                                         net40 (net)
                      0.220575    0.000067    2.958934 v _415_/I (gf180mcu_fd_sc_mcu7t5v0__clkinv_1)
     2    0.012870    0.261642    0.210302    3.169236 ^ _415_/ZN (gf180mcu_fd_sc_mcu7t5v0__clkinv_1)
                                                         _088_ (net)
                      0.261642    0.000261    3.169497 ^ _772_/A1 (gf180mcu_fd_sc_mcu7t5v0__nor2_1)
     1    0.002885    0.123001    0.103038    3.272535 v _772_/ZN (gf180mcu_fd_sc_mcu7t5v0__nor2_1)
                                                         _058_ (net)
                      0.123001    0.000028    3.272563 v _845_/D (gf180mcu_fd_sc_mcu7t5v0__dffq_1)
                                              3.272563   data arrival time

                                  0.000000    0.000000   clock system_clock (rise edge)
                                  0.000000    0.000000   clock source latency
     1    0.038592    0.000000    0.000000    0.000000 ^ CLK_I (in)
                                                         CLK_I (net)
                      0.003969    0.001624    0.001624 ^ clkbuf_0_CLK_I/I (gf180mcu_fd_sc_mcu7t5v0__clkbuf_16)
     8    0.199667    0.248974    0.319365    0.320989 ^ clkbuf_0_CLK_I/Z (gf180mcu_fd_sc_mcu7t5v0__clkbuf_16)
                                                         clknet_0_CLK_I (net)
                      0.248986    0.002706    0.323694 ^ clkbuf_3_0__f_CLK_I/I (gf180mcu_fd_sc_mcu7t5v0__clkbuf_16)
     9    0.068177    0.131716    0.288314    0.612009 ^ clkbuf_3_0__f_CLK_I/Z (gf180mcu_fd_sc_mcu7t5v0__clkbuf_16)
                                                         clknet_3_0__leaf_CLK_I (net)
                      0.131722    0.001568    0.613576 ^ _845_/CLK (gf180mcu_fd_sc_mcu7t5v0__dffq_1)
                                  0.500000    1.113576   clock uncertainty
                                  0.000000    1.113576   clock reconvergence pessimism
                                  0.085910    1.199486   library hold time
                                              1.199486   data required time
---------------------------------------------------------------------------------------------
                                              1.199486   data required time
                                             -3.272563   data arrival time
---------------------------------------------------------------------------------------------
                                              2.073077   slack (MET)


Startpoint: _890_ (rising edge-triggered flip-flop clocked by system_clock)
Endpoint: _894_ (rising edge-triggered flip-flop clocked by system_clock)
Path Group: system_clock
Path Type: min

Fanout         Cap        Slew       Delay        Time   Description
---------------------------------------------------------------------------------------------
                                  0.000000    0.000000   clock system_clock (rise edge)
                                  0.000000    0.000000   clock source latency
     1    0.038592    0.000000    0.000000    0.000000 ^ CLK_I (in)
                                                         CLK_I (net)
                      0.003969    0.001624    0.001624 ^ clkbuf_0_CLK_I/I (gf180mcu_fd_sc_mcu7t5v0__clkbuf_16)
     8    0.199667    0.248974    0.319365    0.320989 ^ clkbuf_0_CLK_I/Z (gf180mcu_fd_sc_mcu7t5v0__clkbuf_16)
                                                         clknet_0_CLK_I (net)
                      0.248986    0.002669    0.323658 ^ clkbuf_3_1__f_CLK_I/I (gf180mcu_fd_sc_mcu7t5v0__clkbuf_16)
    10    0.060680    0.125309    0.283392    0.607050 ^ clkbuf_3_1__f_CLK_I/Z (gf180mcu_fd_sc_mcu7t5v0__clkbuf_16)
                                                         clknet_3_1__leaf_CLK_I (net)
                      0.125312    0.001093    0.608142 ^ _890_/CLK (gf180mcu_fd_sc_mcu7t5v0__dffq_1)
     1    0.005006    0.114758    0.654784    1.262927 v _890_/Q (gf180mcu_fd_sc_mcu7t5v0__dffq_1)
                                                         wb_master_next_state[0] (net)
                      0.114758    0.000103    1.263029 v hold41/I (gf180mcu_fd_sc_mcu7t5v0__dlyc_1)
     1    0.005413    0.215488    1.667772    2.930802 v hold41/Z (gf180mcu_fd_sc_mcu7t5v0__dlyc_1)
                                                         net41 (net)
                      0.215488    0.000058    2.930860 v _418_/I (gf180mcu_fd_sc_mcu7t5v0__clkinv_1)
     2    0.013391    0.268626    0.213826    3.144686 ^ _418_/ZN (gf180mcu_fd_sc_mcu7t5v0__clkinv_1)
                                                         _091_ (net)
                      0.268626    0.000112    3.144798 ^ _596_/A1 (gf180mcu_fd_sc_mcu7t5v0__nor2_1)
     1    0.005358    0.153061    0.131391    3.276189 v _596_/ZN (gf180mcu_fd_sc_mcu7t5v0__nor2_1)
                                                         _028_ (net)
                      0.153061    0.000116    3.276305 v _894_/D (gf180mcu_fd_sc_mcu7t5v0__dffq_1)
                                              3.276305   data arrival time

                                  0.000000    0.000000   clock system_clock (rise edge)
                                  0.000000    0.000000   clock source latency
     1    0.038592    0.000000    0.000000    0.000000 ^ CLK_I (in)
                                                         CLK_I (net)
                      0.003969    0.001624    0.001624 ^ clkbuf_0_CLK_I/I (gf180mcu_fd_sc_mcu7t5v0__clkbuf_16)
     8    0.199667    0.248974    0.319365    0.320989 ^ clkbuf_0_CLK_I/Z (gf180mcu_fd_sc_mcu7t5v0__clkbuf_16)
                                                         clknet_0_CLK_I (net)
                      0.248986    0.002669    0.323658 ^ clkbuf_3_1__f_CLK_I/I (gf180mcu_fd_sc_mcu7t5v0__clkbuf_16)
    10    0.060680    0.125309    0.283392    0.607050 ^ clkbuf_3_1__f_CLK_I/Z (gf180mcu_fd_sc_mcu7t5v0__clkbuf_16)
                                                         clknet_3_1__leaf_CLK_I (net)
                      0.125309    0.000063    0.607112 ^ _894_/CLK (gf180mcu_fd_sc_mcu7t5v0__dffq_1)
                                  0.500000    1.107112   clock uncertainty
                                  0.000000    1.107112   clock reconvergence pessimism
                                  0.077249    1.184361   library hold time
                                              1.184361   data required time
---------------------------------------------------------------------------------------------
                                              1.184361   data required time
                                             -3.276305   data arrival time
---------------------------------------------------------------------------------------------
                                              2.091944   slack (MET)


Startpoint: i2c_scl_in (input port clocked by system_clock)
Endpoint: _898_ (rising edge-triggered flip-flop clocked by system_clock)
Path Group: system_clock
Path Type: min

Fanout         Cap        Slew       Delay        Time   Description
---------------------------------------------------------------------------------------------
                                  0.000000    0.000000   clock system_clock (rise edge)
                                  0.000000    0.000000   clock network delay (propagated)
                                 20.000000   20.000000 ^ input external delay
     1    0.003770    0.000000    0.000000   20.000000 ^ i2c_scl_in (in)
                                                         i2c_scl_in (net)
                      0.000068    0.000028   20.000029 ^ input11/I (gf180mcu_fd_sc_mcu7t5v0__dlyb_1)
     1    0.003380    0.143821    0.840931   20.840960 ^ input11/Z (gf180mcu_fd_sc_mcu7t5v0__dlyb_1)
                                                         net11 (net)
                      0.143821    0.000060   20.841021 ^ _898_/D (gf180mcu_fd_sc_mcu7t5v0__dffq_1)
                                             20.841021   data arrival time

                                  0.000000    0.000000   clock system_clock (rise edge)
                                  0.000000    0.000000   clock source latency
     1    0.038592    0.000000    0.000000    0.000000 ^ CLK_I (in)
                                                         CLK_I (net)
                      0.003969    0.001624    0.001624 ^ clkbuf_0_CLK_I/I (gf180mcu_fd_sc_mcu7t5v0__clkbuf_16)
     8    0.199667    0.248974    0.319365    0.320989 ^ clkbuf_0_CLK_I/Z (gf180mcu_fd_sc_mcu7t5v0__clkbuf_16)
                                                         clknet_0_CLK_I (net)
                      0.248993    0.003284    0.324272 ^ clkbuf_3_2__f_CLK_I/I (gf180mcu_fd_sc_mcu7t5v0__clkbuf_16)
    16    0.074071    0.136789    0.292311    0.616584 ^ clkbuf_3_2__f_CLK_I/Z (gf180mcu_fd_sc_mcu7t5v0__clkbuf_16)
                                                         clknet_3_2__leaf_CLK_I (net)
                      0.136791    0.000884    0.617468 ^ _898_/CLK (gf180mcu_fd_sc_mcu7t5v0__dffq_1)
                                  0.500000    1.117468   clock uncertainty
                                  0.000000    1.117468   clock reconvergence pessimism
                                  0.045907    1.163374   library hold time
                                              1.163374   data required time
---------------------------------------------------------------------------------------------
                                              1.163374   data required time
                                            -20.841021   data arrival time
---------------------------------------------------------------------------------------------
                                             19.677647   slack (MET)


Startpoint: i2c_sda_in (input port clocked by system_clock)
Endpoint: _900_ (rising edge-triggered flip-flop clocked by system_clock)
Path Group: system_clock
Path Type: min

Fanout         Cap        Slew       Delay        Time   Description
---------------------------------------------------------------------------------------------
                                  0.000000    0.000000   clock system_clock (rise edge)
                                  0.000000    0.000000   clock network delay (propagated)
                                 20.000000   20.000000 ^ input external delay
     1    0.004901    0.000000    0.000000   20.000000 ^ i2c_sda_in (in)
                                                         i2c_sda_in (net)
                      0.000104    0.000043   20.000044 ^ input12/I (gf180mcu_fd_sc_mcu7t5v0__dlyb_1)
     1    0.003684    0.148109    0.844087   20.844131 ^ input12/Z (gf180mcu_fd_sc_mcu7t5v0__dlyb_1)
                                                         net12 (net)
                      0.148109    0.000039   20.844170 ^ _900_/D (gf180mcu_fd_sc_mcu7t5v0__dffq_1)
                                             20.844170   data arrival time

                                  0.000000    0.000000   clock system_clock (rise edge)
                                  0.000000    0.000000   clock source latency
     1    0.038592    0.000000    0.000000    0.000000 ^ CLK_I (in)
                                                         CLK_I (net)
                      0.003969    0.001624    0.001624 ^ clkbuf_0_CLK_I/I (gf180mcu_fd_sc_mcu7t5v0__clkbuf_16)
     8    0.199667    0.248974    0.319365    0.320989 ^ clkbuf_0_CLK_I/Z (gf180mcu_fd_sc_mcu7t5v0__clkbuf_16)
                                                         clknet_0_CLK_I (net)
                      0.248986    0.002706    0.323694 ^ clkbuf_3_0__f_CLK_I/I (gf180mcu_fd_sc_mcu7t5v0__clkbuf_16)
     9    0.068177    0.131716    0.288314    0.612009 ^ clkbuf_3_0__f_CLK_I/Z (gf180mcu_fd_sc_mcu7t5v0__clkbuf_16)
                                                         clknet_3_0__leaf_CLK_I (net)
                      0.131722    0.001541    0.613550 ^ _900_/CLK (gf180mcu_fd_sc_mcu7t5v0__dffq_1)
                                  0.500000    1.113550   clock uncertainty
                                  0.000000    1.113550   clock reconvergence pessimism
                                  0.045037    1.158587   library hold time
                                              1.158587   data required time
---------------------------------------------------------------------------------------------
                                              1.158587   data required time
                                            -20.844170   data arrival time
---------------------------------------------------------------------------------------------
                                             19.685583   slack (MET)


Startpoint: _858_ (rising edge-triggered flip-flop clocked by system_clock)
Endpoint: DAT_O[2] (output port clocked by system_clock)
Path Group: system_clock
Path Type: min

Fanout         Cap        Slew       Delay        Time   Description
---------------------------------------------------------------------------------------------
                                  0.000000    0.000000   clock system_clock (rise edge)
                                  0.000000    0.000000   clock source latency
     1    0.038592    0.000000    0.000000    0.000000 ^ CLK_I (in)
                                                         CLK_I (net)
                      0.003969    0.001624    0.001624 ^ clkbuf_0_CLK_I/I (gf180mcu_fd_sc_mcu7t5v0__clkbuf_16)
     8    0.199667    0.248974    0.319365    0.320989 ^ clkbuf_0_CLK_I/Z (gf180mcu_fd_sc_mcu7t5v0__clkbuf_16)
                                                         clknet_0_CLK_I (net)
                      0.248985    0.002552    0.323540 ^ clkbuf_3_7__f_CLK_I/I (gf180mcu_fd_sc_mcu7t5v0__clkbuf_16)
    14    0.077685    0.139872    0.294649    0.618190 ^ clkbuf_3_7__f_CLK_I/Z (gf180mcu_fd_sc_mcu7t5v0__clkbuf_16)
                                                         clknet_3_7__leaf_CLK_I (net)
                      0.139872    0.000170    0.618360 ^ _858_/CLK (gf180mcu_fd_sc_mcu7t5v0__dffq_1)
     2    0.008639    0.200373    0.774613    1.392973 ^ _858_/Q (gf180mcu_fd_sc_mcu7t5v0__dffq_1)
                                                         net24 (net)
                      0.200373    0.000156    1.393128 ^ output24/I (gf180mcu_fd_sc_mcu7t5v0__dlyb_1)
     1    0.004008    0.152905    0.877868    2.270997 ^ output24/Z (gf180mcu_fd_sc_mcu7t5v0__dlyb_1)
                                                         DAT_O[2] (net)
                      0.152905    0.000055    2.271052 ^ DAT_O[2] (out)
                                              2.271052   data arrival time

                                  0.000000    0.000000   clock system_clock (rise edge)
                                  0.000000    0.000000   clock network delay (propagated)
                                  0.500000    0.500000   clock uncertainty
                                  0.000000    0.500000   clock reconvergence pessimism
                                -20.000000  -19.500000   output external delay
                                            -19.500000   data required time
---------------------------------------------------------------------------------------------
                                            -19.500000   data required time
                                             -2.271052   data arrival time
---------------------------------------------------------------------------------------------
                                             21.771051   slack (MET)


Startpoint: _857_ (rising edge-triggered flip-flop clocked by system_clock)
Endpoint: DAT_O[1] (output port clocked by system_clock)
Path Group: system_clock
Path Type: min

Fanout         Cap        Slew       Delay        Time   Description
---------------------------------------------------------------------------------------------
                                  0.000000    0.000000   clock system_clock (rise edge)
                                  0.000000    0.000000   clock source latency
     1    0.038592    0.000000    0.000000    0.000000 ^ CLK_I (in)
                                                         CLK_I (net)
                      0.003969    0.001624    0.001624 ^ clkbuf_0_CLK_I/I (gf180mcu_fd_sc_mcu7t5v0__clkbuf_16)
     8    0.199667    0.248974    0.319365    0.320989 ^ clkbuf_0_CLK_I/Z (gf180mcu_fd_sc_mcu7t5v0__clkbuf_16)
                                                         clknet_0_CLK_I (net)
                      0.248985    0.002552    0.323540 ^ clkbuf_3_7__f_CLK_I/I (gf180mcu_fd_sc_mcu7t5v0__clkbuf_16)
    14    0.077685    0.139872    0.294649    0.618190 ^ clkbuf_3_7__f_CLK_I/Z (gf180mcu_fd_sc_mcu7t5v0__clkbuf_16)
                                                         clknet_3_7__leaf_CLK_I (net)
                      0.139872    0.000187    0.618377 ^ _857_/CLK (gf180mcu_fd_sc_mcu7t5v0__dffq_1)
     2    0.008837    0.203375    0.776437    1.394814 ^ _857_/Q (gf180mcu_fd_sc_mcu7t5v0__dffq_1)
                                                         net23 (net)
                      0.203375    0.000107    1.394922 ^ output23/I (gf180mcu_fd_sc_mcu7t5v0__dlyb_1)
     1    0.004261    0.156455    0.880833    2.275755 ^ output23/Z (gf180mcu_fd_sc_mcu7t5v0__dlyb_1)
                                                         DAT_O[1] (net)
                      0.156455    0.000058    2.275813 ^ DAT_O[1] (out)
                                              2.275813   data arrival time

                                  0.000000    0.000000   clock system_clock (rise edge)
                                  0.000000    0.000000   clock network delay (propagated)
                                  0.500000    0.500000   clock uncertainty
                                  0.000000    0.500000   clock reconvergence pessimism
                                -20.000000  -19.500000   output external delay
                                            -19.500000   data required time
---------------------------------------------------------------------------------------------
                                            -19.500000   data required time
                                             -2.275813   data arrival time
---------------------------------------------------------------------------------------------
                                             21.775814   slack (MET)


Startpoint: _817_ (rising edge-triggered flip-flop clocked by system_clock)
Endpoint: i2c_sda_out_pin_ctrl (output port clocked by system_clock)
Path Group: system_clock
Path Type: min

Fanout         Cap        Slew       Delay        Time   Description
---------------------------------------------------------------------------------------------
                                  0.000000    0.000000   clock system_clock (rise edge)
                                  0.000000    0.000000   clock source latency
     1    0.038592    0.000000    0.000000    0.000000 ^ CLK_I (in)
                                                         CLK_I (net)
                      0.003969    0.001624    0.001624 ^ clkbuf_0_CLK_I/I (gf180mcu_fd_sc_mcu7t5v0__clkbuf_16)
     8    0.199667    0.248974    0.319365    0.320989 ^ clkbuf_0_CLK_I/Z (gf180mcu_fd_sc_mcu7t5v0__clkbuf_16)
                                                         clknet_0_CLK_I (net)
                      0.248993    0.003284    0.324272 ^ clkbuf_3_2__f_CLK_I/I (gf180mcu_fd_sc_mcu7t5v0__clkbuf_16)
    16    0.074071    0.136789    0.292311    0.616584 ^ clkbuf_3_2__f_CLK_I/Z (gf180mcu_fd_sc_mcu7t5v0__clkbuf_16)
                                                         clknet_3_2__leaf_CLK_I (net)
                      0.136790    0.000721    0.617305 ^ _817_/CLK (gf180mcu_fd_sc_mcu7t5v0__dffq_1)
     2    0.013187    0.184413    0.716360    1.333665 v _817_/Q (gf180mcu_fd_sc_mcu7t5v0__dffq_1)
                                                         net32 (net)
                      0.184413    0.000196    1.333861 v output32/I (gf180mcu_fd_sc_mcu7t5v0__dlyb_1)
     1    0.001023    0.157773    0.944204    2.278065 v output32/Z (gf180mcu_fd_sc_mcu7t5v0__dlyb_1)
                                                         i2c_sda_out_pin_ctrl (net)
                      0.157773    0.000007    2.278072 v i2c_sda_out_pin_ctrl (out)
                                              2.278072   data arrival time

                                  0.000000    0.000000   clock system_clock (rise edge)
                                  0.000000    0.000000   clock network delay (propagated)
                                  0.500000    0.500000   clock uncertainty
                                  0.000000    0.500000   clock reconvergence pessimism
                                -20.000000  -19.500000   output external delay
                                            -19.500000   data required time
---------------------------------------------------------------------------------------------
                                            -19.500000   data required time
                                             -2.278072   data arrival time
---------------------------------------------------------------------------------------------
                                             21.778072   slack (MET)


Startpoint: _865_ (rising edge-triggered flip-flop clocked by system_clock)
Endpoint: WE_O (output port clocked by system_clock)
Path Group: system_clock
Path Type: min

Fanout         Cap        Slew       Delay        Time   Description
---------------------------------------------------------------------------------------------
                                  0.000000    0.000000   clock system_clock (rise edge)
                                  0.000000    0.000000   clock source latency
     1    0.038592    0.000000    0.000000    0.000000 ^ CLK_I (in)
                                                         CLK_I (net)
                      0.003969    0.001624    0.001624 ^ clkbuf_0_CLK_I/I (gf180mcu_fd_sc_mcu7t5v0__clkbuf_16)
     8    0.199667    0.248974    0.319365    0.320989 ^ clkbuf_0_CLK_I/Z (gf180mcu_fd_sc_mcu7t5v0__clkbuf_16)
                                                         clknet_0_CLK_I (net)
                      0.248985    0.002552    0.323540 ^ clkbuf_3_7__f_CLK_I/I (gf180mcu_fd_sc_mcu7t5v0__clkbuf_16)
    14    0.077685    0.139872    0.294649    0.618190 ^ clkbuf_3_7__f_CLK_I/Z (gf180mcu_fd_sc_mcu7t5v0__clkbuf_16)
                                                         clknet_3_7__leaf_CLK_I (net)
                      0.139875    0.001338    0.619528 ^ _865_/CLK (gf180mcu_fd_sc_mcu7t5v0__dffq_1)
     2    0.010271    0.224997    0.789531    1.409059 ^ _865_/Q (gf180mcu_fd_sc_mcu7t5v0__dffq_1)
                                                         net31 (net)
                      0.224997    0.000080    1.409140 ^ output31/I (gf180mcu_fd_sc_mcu7t5v0__dlyb_1)
     1    0.002940    0.137906    0.869475    2.278614 ^ output31/Z (gf180mcu_fd_sc_mcu7t5v0__dlyb_1)
                                                         WE_O (net)
                      0.137906    0.000036    2.278650 ^ WE_O (out)
                                              2.278650   data arrival time

                                  0.000000    0.000000   clock system_clock (rise edge)
                                  0.000000    0.000000   clock network delay (propagated)
                                  0.500000    0.500000   clock uncertainty
                                  0.000000    0.500000   clock reconvergence pessimism
                                -20.000000  -19.500000   output external delay
                                            -19.500000   data required time
---------------------------------------------------------------------------------------------
                                            -19.500000   data required time
                                             -2.278650   data arrival time
---------------------------------------------------------------------------------------------
                                             21.778650   slack (MET)


Startpoint: _851_ (rising edge-triggered flip-flop clocked by system_clock)
Endpoint: ADDR_O[3] (output port clocked by system_clock)
Path Group: system_clock
Path Type: min

Fanout         Cap        Slew       Delay        Time   Description
---------------------------------------------------------------------------------------------
                                  0.000000    0.000000   clock system_clock (rise edge)
                                  0.000000    0.000000   clock source latency
     1    0.038592    0.000000    0.000000    0.000000 ^ CLK_I (in)
                                                         CLK_I (net)
                      0.003969    0.001624    0.001624 ^ clkbuf_0_CLK_I/I (gf180mcu_fd_sc_mcu7t5v0__clkbuf_16)
     8    0.199667    0.248974    0.319365    0.320989 ^ clkbuf_0_CLK_I/Z (gf180mcu_fd_sc_mcu7t5v0__clkbuf_16)
                                                         clknet_0_CLK_I (net)
                      0.248986    0.002626    0.323615 ^ clkbuf_3_5__f_CLK_I/I (gf180mcu_fd_sc_mcu7t5v0__clkbuf_16)
    11    0.065995    0.129925    0.287171    0.610786 ^ clkbuf_3_5__f_CLK_I/Z (gf180mcu_fd_sc_mcu7t5v0__clkbuf_16)
                                                         clknet_3_5__leaf_CLK_I (net)
                      0.129926    0.000552    0.611338 ^ _851_/CLK (gf180mcu_fd_sc_mcu7t5v0__dffq_1)
     2    0.011176    0.238703    0.795812    1.407151 ^ _851_/Q (gf180mcu_fd_sc_mcu7t5v0__dffq_1)
                                                         net16 (net)
                      0.238703    0.000069    1.407220 ^ output16/I (gf180mcu_fd_sc_mcu7t5v0__dlyb_1)
     1    0.003473    0.145398    0.876527    2.283747 ^ output16/Z (gf180mcu_fd_sc_mcu7t5v0__dlyb_1)
                                                         ADDR_O[3] (net)
                      0.145398    0.000041    2.283787 ^ ADDR_O[3] (out)
                                              2.283787   data arrival time

                                  0.000000    0.000000   clock system_clock (rise edge)
                                  0.000000    0.000000   clock network delay (propagated)
                                  0.500000    0.500000   clock uncertainty
                                  0.000000    0.500000   clock reconvergence pessimism
                                -20.000000  -19.500000   output external delay
                                            -19.500000   data required time
---------------------------------------------------------------------------------------------
                                            -19.500000   data required time
                                             -2.283787   data arrival time
---------------------------------------------------------------------------------------------
                                             21.783789   slack (MET)


Startpoint: _848_ (rising edge-triggered flip-flop clocked by system_clock)
Endpoint: ADDR_O[0] (output port clocked by system_clock)
Path Group: system_clock
Path Type: min

Fanout         Cap        Slew       Delay        Time   Description
---------------------------------------------------------------------------------------------
                                  0.000000    0.000000   clock system_clock (rise edge)
                                  0.000000    0.000000   clock source latency
     1    0.038592    0.000000    0.000000    0.000000 ^ CLK_I (in)
                                                         CLK_I (net)
                      0.003969    0.001624    0.001624 ^ clkbuf_0_CLK_I/I (gf180mcu_fd_sc_mcu7t5v0__clkbuf_16)
     8    0.199667    0.248974    0.319365    0.320989 ^ clkbuf_0_CLK_I/Z (gf180mcu_fd_sc_mcu7t5v0__clkbuf_16)
                                                         clknet_0_CLK_I (net)
                      0.248986    0.002626    0.323615 ^ clkbuf_3_5__f_CLK_I/I (gf180mcu_fd_sc_mcu7t5v0__clkbuf_16)
    11    0.065995    0.129925    0.287171    0.610786 ^ clkbuf_3_5__f_CLK_I/Z (gf180mcu_fd_sc_mcu7t5v0__clkbuf_16)
                                                         clknet_3_5__leaf_CLK_I (net)
                      0.129926    0.000476    0.611262 ^ _848_/CLK (gf180mcu_fd_sc_mcu7t5v0__dffq_1)
     2    0.011263    0.240016    0.796608    1.407870 ^ _848_/Q (gf180mcu_fd_sc_mcu7t5v0__dffq_1)
                                                         net13 (net)
                      0.240016    0.000070    1.407939 ^ output13/I (gf180mcu_fd_sc_mcu7t5v0__dlyb_1)
     1    0.005720    0.176903    0.900027    2.307966 ^ output13/Z (gf180mcu_fd_sc_mcu7t5v0__dlyb_1)
                                                         ADDR_O[0] (net)
                      0.176903    0.000095    2.308062 ^ ADDR_O[0] (out)
                                              2.308062   data arrival time

                                  0.000000    0.000000   clock system_clock (rise edge)
                                  0.000000    0.000000   clock network delay (propagated)
                                  0.500000    0.500000   clock uncertainty
                                  0.000000    0.500000   clock reconvergence pessimism
                                -20.000000  -19.500000   output external delay
                                            -19.500000   data required time
---------------------------------------------------------------------------------------------
                                            -19.500000   data required time
                                             -2.308062   data arrival time
---------------------------------------------------------------------------------------------
                                             21.808062   slack (MET)


Startpoint: _853_ (rising edge-triggered flip-flop clocked by system_clock)
Endpoint: ADDR_O[5] (output port clocked by system_clock)
Path Group: system_clock
Path Type: min

Fanout         Cap        Slew       Delay        Time   Description
---------------------------------------------------------------------------------------------
                                  0.000000    0.000000   clock system_clock (rise edge)
                                  0.000000    0.000000   clock source latency
     1    0.038592    0.000000    0.000000    0.000000 ^ CLK_I (in)
                                                         CLK_I (net)
                      0.003969    0.001624    0.001624 ^ clkbuf_0_CLK_I/I (gf180mcu_fd_sc_mcu7t5v0__clkbuf_16)
     8    0.199667    0.248974    0.319365    0.320989 ^ clkbuf_0_CLK_I/Z (gf180mcu_fd_sc_mcu7t5v0__clkbuf_16)
                                                         clknet_0_CLK_I (net)
                      0.248986    0.002626    0.323615 ^ clkbuf_3_5__f_CLK_I/I (gf180mcu_fd_sc_mcu7t5v0__clkbuf_16)
    11    0.065995    0.129925    0.287171    0.610786 ^ clkbuf_3_5__f_CLK_I/Z (gf180mcu_fd_sc_mcu7t5v0__clkbuf_16)
                                                         clknet_3_5__leaf_CLK_I (net)
                      0.129925    0.000366    0.611152 ^ _853_/CLK (gf180mcu_fd_sc_mcu7t5v0__dffq_1)
     2    0.011665    0.246042    0.800241    1.411393 ^ _853_/Q (gf180mcu_fd_sc_mcu7t5v0__dffq_1)
                                                         net18 (net)
                      0.246042    0.000236    1.411629 ^ output18/I (gf180mcu_fd_sc_mcu7t5v0__dlyb_1)
     1    0.005944    0.180046    0.903017    2.314646 ^ output18/Z (gf180mcu_fd_sc_mcu7t5v0__dlyb_1)
                                                         ADDR_O[5] (net)
                      0.180046    0.000099    2.314745 ^ ADDR_O[5] (out)
                                              2.314745   data arrival time

                                  0.000000    0.000000   clock system_clock (rise edge)
                                  0.000000    0.000000   clock network delay (propagated)
                                  0.500000    0.500000   clock uncertainty
                                  0.000000    0.500000   clock reconvergence pessimism
                                -20.000000  -19.500000   output external delay
                                            -19.500000   data required time
---------------------------------------------------------------------------------------------
                                            -19.500000   data required time
                                             -2.314745   data arrival time
---------------------------------------------------------------------------------------------
                                             21.814747   slack (MET)


Startpoint: _849_ (rising edge-triggered flip-flop clocked by system_clock)
Endpoint: ADDR_O[1] (output port clocked by system_clock)
Path Group: system_clock
Path Type: min

Fanout         Cap        Slew       Delay        Time   Description
---------------------------------------------------------------------------------------------
                                  0.000000    0.000000   clock system_clock (rise edge)
                                  0.000000    0.000000   clock source latency
     1    0.038592    0.000000    0.000000    0.000000 ^ CLK_I (in)
                                                         CLK_I (net)
                      0.003969    0.001624    0.001624 ^ clkbuf_0_CLK_I/I (gf180mcu_fd_sc_mcu7t5v0__clkbuf_16)
     8    0.199667    0.248974    0.319365    0.320989 ^ clkbuf_0_CLK_I/Z (gf180mcu_fd_sc_mcu7t5v0__clkbuf_16)
                                                         clknet_0_CLK_I (net)
                      0.248986    0.002626    0.323615 ^ clkbuf_3_5__f_CLK_I/I (gf180mcu_fd_sc_mcu7t5v0__clkbuf_16)
    11    0.065995    0.129925    0.287171    0.610786 ^ clkbuf_3_5__f_CLK_I/Z (gf180mcu_fd_sc_mcu7t5v0__clkbuf_16)
                                                         clknet_3_5__leaf_CLK_I (net)
                      0.129926    0.000455    0.611241 ^ _849_/CLK (gf180mcu_fd_sc_mcu7t5v0__dffq_1)
     2    0.013143    0.184050    0.714690    1.325931 v _849_/Q (gf180mcu_fd_sc_mcu7t5v0__dffq_1)
                                                         net14 (net)
                      0.184050    0.000225    1.326156 v output14/I (gf180mcu_fd_sc_mcu7t5v0__dlyb_1)
     1    0.004608    0.202455    0.990022    2.316178 v output14/Z (gf180mcu_fd_sc_mcu7t5v0__dlyb_1)
                                                         ADDR_O[1] (net)
                      0.202455    0.000068    2.316247 v ADDR_O[1] (out)
                                              2.316247   data arrival time

                                  0.000000    0.000000   clock system_clock (rise edge)
                                  0.000000    0.000000   clock network delay (propagated)
                                  0.500000    0.500000   clock uncertainty
                                  0.000000    0.500000   clock reconvergence pessimism
                                -20.000000  -19.500000   output external delay
                                            -19.500000   data required time
---------------------------------------------------------------------------------------------
                                            -19.500000   data required time
                                             -2.316247   data arrival time
---------------------------------------------------------------------------------------------
                                             21.816248   slack (MET)


Startpoint: _855_ (rising edge-triggered flip-flop clocked by system_clock)
Endpoint: ADDR_O[7] (output port clocked by system_clock)
Path Group: system_clock
Path Type: min

Fanout         Cap        Slew       Delay        Time   Description
---------------------------------------------------------------------------------------------
                                  0.000000    0.000000   clock system_clock (rise edge)
                                  0.000000    0.000000   clock source latency
     1    0.038592    0.000000    0.000000    0.000000 ^ CLK_I (in)
                                                         CLK_I (net)
                      0.003969    0.001624    0.001624 ^ clkbuf_0_CLK_I/I (gf180mcu_fd_sc_mcu7t5v0__clkbuf_16)
     8    0.199667    0.248974    0.319365    0.320989 ^ clkbuf_0_CLK_I/Z (gf180mcu_fd_sc_mcu7t5v0__clkbuf_16)
                                                         clknet_0_CLK_I (net)
                      0.248986    0.002626    0.323615 ^ clkbuf_3_5__f_CLK_I/I (gf180mcu_fd_sc_mcu7t5v0__clkbuf_16)
    11    0.065995    0.129925    0.287171    0.610786 ^ clkbuf_3_5__f_CLK_I/Z (gf180mcu_fd_sc_mcu7t5v0__clkbuf_16)
                                                         clknet_3_5__leaf_CLK_I (net)
                      0.129925    0.000244    0.611030 ^ _855_/CLK (gf180mcu_fd_sc_mcu7t5v0__dffq_1)
     2    0.013300    0.185344    0.715724    1.326754 v _855_/Q (gf180mcu_fd_sc_mcu7t5v0__dffq_1)
                                                         net20 (net)
                      0.185344    0.000256    1.327010 v output20/I (gf180mcu_fd_sc_mcu7t5v0__dlyb_1)
     1    0.004535    0.201678    0.989635    2.316645 v output20/Z (gf180mcu_fd_sc_mcu7t5v0__dlyb_1)
                                                         ADDR_O[7] (net)
                      0.201678    0.000064    2.316709 v ADDR_O[7] (out)
                                              2.316709   data arrival time

                                  0.000000    0.000000   clock system_clock (rise edge)
                                  0.000000    0.000000   clock network delay (propagated)
                                  0.500000    0.500000   clock uncertainty
                                  0.000000    0.500000   clock reconvergence pessimism
                                -20.000000  -19.500000   output external delay
                                            -19.500000   data required time
---------------------------------------------------------------------------------------------
                                            -19.500000   data required time
                                             -2.316709   data arrival time
---------------------------------------------------------------------------------------------
                                             21.816710   slack (MET)


Startpoint: _817_ (rising edge-triggered flip-flop clocked by system_clock)
Endpoint: i2c_sda_out_pin_ctrl_n (output port clocked by system_clock)
Path Group: system_clock
Path Type: min

Fanout         Cap        Slew       Delay        Time   Description
---------------------------------------------------------------------------------------------
                                  0.000000    0.000000   clock system_clock (rise edge)
                                  0.000000    0.000000   clock source latency
     1    0.038592    0.000000    0.000000    0.000000 ^ CLK_I (in)
                                                         CLK_I (net)
                      0.003969    0.001624    0.001624 ^ clkbuf_0_CLK_I/I (gf180mcu_fd_sc_mcu7t5v0__clkbuf_16)
     8    0.199667    0.248974    0.319365    0.320989 ^ clkbuf_0_CLK_I/Z (gf180mcu_fd_sc_mcu7t5v0__clkbuf_16)
                                                         clknet_0_CLK_I (net)
                      0.248993    0.003284    0.324272 ^ clkbuf_3_2__f_CLK_I/I (gf180mcu_fd_sc_mcu7t5v0__clkbuf_16)
    16    0.074071    0.136789    0.292311    0.616584 ^ clkbuf_3_2__f_CLK_I/Z (gf180mcu_fd_sc_mcu7t5v0__clkbuf_16)
                                                         clknet_3_2__leaf_CLK_I (net)
                      0.136790    0.000721    0.617305 ^ _817_/CLK (gf180mcu_fd_sc_mcu7t5v0__dffq_1)
     2    0.013187    0.184413    0.716360    1.333665 v _817_/Q (gf180mcu_fd_sc_mcu7t5v0__dffq_1)
                                                         net32 (net)
                      0.184413    0.000109    1.333774 v _437_/I (gf180mcu_fd_sc_mcu7t5v0__clkinv_1)
     2    0.006977    0.169237    0.144675    1.478449 ^ _437_/ZN (gf180mcu_fd_sc_mcu7t5v0__clkinv_1)
                                                         net33 (net)
                      0.169237    0.000102    1.478550 ^ output33/I (gf180mcu_fd_sc_mcu7t5v0__dlyb_1)
     1    0.001079    0.110683    0.841616    2.320167 ^ output33/Z (gf180mcu_fd_sc_mcu7t5v0__dlyb_1)
                                                         i2c_sda_out_pin_ctrl_n (net)
                      0.110683    0.000008    2.320174 ^ i2c_sda_out_pin_ctrl_n (out)
                                              2.320174   data arrival time

                                  0.000000    0.000000   clock system_clock (rise edge)
                                  0.000000    0.000000   clock network delay (propagated)
                                  0.500000    0.500000   clock uncertainty
                                  0.000000    0.500000   clock reconvergence pessimism
                                -20.000000  -19.500000   output external delay
                                            -19.500000   data required time
---------------------------------------------------------------------------------------------
                                            -19.500000   data required time
                                             -2.320174   data arrival time
---------------------------------------------------------------------------------------------
                                             21.820175   slack (MET)


Startpoint: _854_ (rising edge-triggered flip-flop clocked by system_clock)
Endpoint: ADDR_O[6] (output port clocked by system_clock)
Path Group: system_clock
Path Type: min

Fanout         Cap        Slew       Delay        Time   Description
---------------------------------------------------------------------------------------------
                                  0.000000    0.000000   clock system_clock (rise edge)
                                  0.000000    0.000000   clock source latency
     1    0.038592    0.000000    0.000000    0.000000 ^ CLK_I (in)
                                                         CLK_I (net)
                      0.003969    0.001624    0.001624 ^ clkbuf_0_CLK_I/I (gf180mcu_fd_sc_mcu7t5v0__clkbuf_16)
     8    0.199667    0.248974    0.319365    0.320989 ^ clkbuf_0_CLK_I/Z (gf180mcu_fd_sc_mcu7t5v0__clkbuf_16)
                                                         clknet_0_CLK_I (net)
                      0.248986    0.002626    0.323615 ^ clkbuf_3_5__f_CLK_I/I (gf180mcu_fd_sc_mcu7t5v0__clkbuf_16)
    11    0.065995    0.129925    0.287171    0.610786 ^ clkbuf_3_5__f_CLK_I/Z (gf180mcu_fd_sc_mcu7t5v0__clkbuf_16)
                                                         clknet_3_5__leaf_CLK_I (net)
                      0.129925    0.000310    0.611096 ^ _854_/CLK (gf180mcu_fd_sc_mcu7t5v0__dffq_1)
     2    0.013344    0.271357    0.815563    1.426659 ^ _854_/Q (gf180mcu_fd_sc_mcu7t5v0__dffq_1)
                                                         net19 (net)
                      0.271357    0.000261    1.426919 ^ output19/I (gf180mcu_fd_sc_mcu7t5v0__dlyb_1)
     1    0.006674    0.190282    0.913397    2.340317 ^ output19/Z (gf180mcu_fd_sc_mcu7t5v0__dlyb_1)
                                                         ADDR_O[6] (net)
                      0.190282    0.000121    2.340438 ^ ADDR_O[6] (out)
                                              2.340438   data arrival time

                                  0.000000    0.000000   clock system_clock (rise edge)
                                  0.000000    0.000000   clock network delay (propagated)
                                  0.500000    0.500000   clock uncertainty
                                  0.000000    0.500000   clock reconvergence pessimism
                                -20.000000  -19.500000   output external delay
                                            -19.500000   data required time
---------------------------------------------------------------------------------------------
                                            -19.500000   data required time
                                             -2.340438   data arrival time
---------------------------------------------------------------------------------------------
                                             21.840437   slack (MET)


Startpoint: _850_ (rising edge-triggered flip-flop clocked by system_clock)
Endpoint: ADDR_O[2] (output port clocked by system_clock)
Path Group: system_clock
Path Type: min

Fanout         Cap        Slew       Delay        Time   Description
---------------------------------------------------------------------------------------------
                                  0.000000    0.000000   clock system_clock (rise edge)
                                  0.000000    0.000000   clock source latency
     1    0.038592    0.000000    0.000000    0.000000 ^ CLK_I (in)
                                                         CLK_I (net)
                      0.003969    0.001624    0.001624 ^ clkbuf_0_CLK_I/I (gf180mcu_fd_sc_mcu7t5v0__clkbuf_16)
     8    0.199667    0.248974    0.319365    0.320989 ^ clkbuf_0_CLK_I/Z (gf180mcu_fd_sc_mcu7t5v0__clkbuf_16)
                                                         clknet_0_CLK_I (net)
                      0.248986    0.002626    0.323615 ^ clkbuf_3_5__f_CLK_I/I (gf180mcu_fd_sc_mcu7t5v0__clkbuf_16)
    11    0.065995    0.129925    0.287171    0.610786 ^ clkbuf_3_5__f_CLK_I/Z (gf180mcu_fd_sc_mcu7t5v0__clkbuf_16)
                                                         clknet_3_5__leaf_CLK_I (net)
                      0.129926    0.000564    0.611350 ^ _850_/CLK (gf180mcu_fd_sc_mcu7t5v0__dffq_1)
     2    0.015863    0.206572    0.732767    1.344117 v _850_/Q (gf180mcu_fd_sc_mcu7t5v0__dffq_1)
                                                         net15 (net)
                      0.206574    0.000487    1.344603 v output15/I (gf180mcu_fd_sc_mcu7t5v0__dlyb_1)
     1    0.004771    0.204186    0.999848    2.344451 v output15/Z (gf180mcu_fd_sc_mcu7t5v0__dlyb_1)
                                                         ADDR_O[2] (net)
                      0.204186    0.000070    2.344521 v ADDR_O[2] (out)
                                              2.344521   data arrival time

                                  0.000000    0.000000   clock system_clock (rise edge)
                                  0.000000    0.000000   clock network delay (propagated)
                                  0.500000    0.500000   clock uncertainty
                                  0.000000    0.500000   clock reconvergence pessimism
                                -20.000000  -19.500000   output external delay
                                            -19.500000   data required time
---------------------------------------------------------------------------------------------
                                            -19.500000   data required time
                                             -2.344521   data arrival time
---------------------------------------------------------------------------------------------
                                             21.844521   slack (MET)


Startpoint: _852_ (rising edge-triggered flip-flop clocked by system_clock)
Endpoint: ADDR_O[4] (output port clocked by system_clock)
Path Group: system_clock
Path Type: min

Fanout         Cap        Slew       Delay        Time   Description
---------------------------------------------------------------------------------------------
                                  0.000000    0.000000   clock system_clock (rise edge)
                                  0.000000    0.000000   clock source latency
     1    0.038592    0.000000    0.000000    0.000000 ^ CLK_I (in)
                                                         CLK_I (net)
                      0.003969    0.001624    0.001624 ^ clkbuf_0_CLK_I/I (gf180mcu_fd_sc_mcu7t5v0__clkbuf_16)
     8    0.199667    0.248974    0.319365    0.320989 ^ clkbuf_0_CLK_I/Z (gf180mcu_fd_sc_mcu7t5v0__clkbuf_16)
                                                         clknet_0_CLK_I (net)
                      0.248986    0.002626    0.323615 ^ clkbuf_3_5__f_CLK_I/I (gf180mcu_fd_sc_mcu7t5v0__clkbuf_16)
    11    0.065995    0.129925    0.287171    0.610786 ^ clkbuf_3_5__f_CLK_I/Z (gf180mcu_fd_sc_mcu7t5v0__clkbuf_16)
                                                         clknet_3_5__leaf_CLK_I (net)
                      0.129926    0.000419    0.611205 ^ _852_/CLK (gf180mcu_fd_sc_mcu7t5v0__dffq_1)
     2    0.015762    0.205744    0.732167    1.343372 v _852_/Q (gf180mcu_fd_sc_mcu7t5v0__dffq_1)
                                                         net17 (net)
                      0.205745    0.000336    1.343708 v output17/I (gf180mcu_fd_sc_mcu7t5v0__dlyb_1)
     1    0.006194    0.219351    1.016050    2.359758 v output17/Z (gf180mcu_fd_sc_mcu7t5v0__dlyb_1)
                                                         ADDR_O[4] (net)
                      0.219351    0.000105    2.359862 v ADDR_O[4] (out)
                                              2.359862   data arrival time

                                  0.000000    0.000000   clock system_clock (rise edge)
                                  0.000000    0.000000   clock network delay (propagated)
                                  0.500000    0.500000   clock uncertainty
                                  0.000000    0.500000   clock reconvergence pessimism
                                -20.000000  -19.500000   output external delay
                                            -19.500000   data required time
---------------------------------------------------------------------------------------------
                                            -19.500000   data required time
                                             -2.359862   data arrival time
---------------------------------------------------------------------------------------------
                                             21.859861   slack (MET)


Startpoint: _863_ (rising edge-triggered flip-flop clocked by system_clock)
Endpoint: DAT_O[7] (output port clocked by system_clock)
Path Group: system_clock
Path Type: min

Fanout         Cap        Slew       Delay        Time   Description
---------------------------------------------------------------------------------------------
                                  0.000000    0.000000   clock system_clock (rise edge)
                                  0.000000    0.000000   clock source latency
     1    0.038592    0.000000    0.000000    0.000000 ^ CLK_I (in)
                                                         CLK_I (net)
                      0.003969    0.001624    0.001624 ^ clkbuf_0_CLK_I/I (gf180mcu_fd_sc_mcu7t5v0__clkbuf_16)
     8    0.199667    0.248974    0.319365    0.320989 ^ clkbuf_0_CLK_I/Z (gf180mcu_fd_sc_mcu7t5v0__clkbuf_16)
                                                         clknet_0_CLK_I (net)
                      0.248985    0.002552    0.323540 ^ clkbuf_3_7__f_CLK_I/I (gf180mcu_fd_sc_mcu7t5v0__clkbuf_16)
    14    0.077685    0.139872    0.294649    0.618190 ^ clkbuf_3_7__f_CLK_I/Z (gf180mcu_fd_sc_mcu7t5v0__clkbuf_16)
                                                         clknet_3_7__leaf_CLK_I (net)
                      0.139876    0.001481    0.619671 ^ _863_/CLK (gf180mcu_fd_sc_mcu7t5v0__dffq_1)
     2    0.009998    0.220857    0.787011    1.406681 ^ _863_/Q (gf180mcu_fd_sc_mcu7t5v0__dffq_1)
                                                         net29 (net)
                      0.220857    0.000206    1.406888 ^ output29/I (gf180mcu_fd_sc_mcu7t5v0__dlyb_1)
     1    0.011582    0.261898    0.955876    2.362764 ^ output29/Z (gf180mcu_fd_sc_mcu7t5v0__dlyb_1)
                                                         DAT_O[7] (net)
                      0.261898    0.000299    2.363063 ^ DAT_O[7] (out)
                                              2.363063   data arrival time

                                  0.000000    0.000000   clock system_clock (rise edge)
                                  0.000000    0.000000   clock network delay (propagated)
                                  0.500000    0.500000   clock uncertainty
                                  0.000000    0.500000   clock reconvergence pessimism
                                -20.000000  -19.500000   output external delay
                                            -19.500000   data required time
---------------------------------------------------------------------------------------------
                                            -19.500000   data required time
                                             -2.363063   data arrival time
---------------------------------------------------------------------------------------------
                                             21.863064   slack (MET)


Startpoint: _856_ (rising edge-triggered flip-flop clocked by system_clock)
Endpoint: DAT_O[0] (output port clocked by system_clock)
Path Group: system_clock
Path Type: min

Fanout         Cap        Slew       Delay        Time   Description
---------------------------------------------------------------------------------------------
                                  0.000000    0.000000   clock system_clock (rise edge)
                                  0.000000    0.000000   clock source latency
     1    0.038592    0.000000    0.000000    0.000000 ^ CLK_I (in)
                                                         CLK_I (net)
                      0.003969    0.001624    0.001624 ^ clkbuf_0_CLK_I/I (gf180mcu_fd_sc_mcu7t5v0__clkbuf_16)
     8    0.199667    0.248974    0.319365    0.320989 ^ clkbuf_0_CLK_I/Z (gf180mcu_fd_sc_mcu7t5v0__clkbuf_16)
                                                         clknet_0_CLK_I (net)
                      0.248986    0.002626    0.323615 ^ clkbuf_3_5__f_CLK_I/I (gf180mcu_fd_sc_mcu7t5v0__clkbuf_16)
    11    0.065995    0.129925    0.287171    0.610786 ^ clkbuf_3_5__f_CLK_I/Z (gf180mcu_fd_sc_mcu7t5v0__clkbuf_16)
                                                         clknet_3_5__leaf_CLK_I (net)
                      0.129925    0.000262    0.611048 ^ _856_/CLK (gf180mcu_fd_sc_mcu7t5v0__dffq_1)
     2    0.013115    0.267842    0.813409    1.424457 ^ _856_/Q (gf180mcu_fd_sc_mcu7t5v0__dffq_1)
                                                         net22 (net)
                      0.267842    0.000402    1.424859 ^ output22/I (gf180mcu_fd_sc_mcu7t5v0__dlyb_1)
     1    0.009283    0.228181    0.939307    2.364165 ^ output22/Z (gf180mcu_fd_sc_mcu7t5v0__dlyb_1)
                                                         DAT_O[0] (net)
                      0.228181    0.000207    2.364372 ^ DAT_O[0] (out)
                                              2.364372   data arrival time

                                  0.000000    0.000000   clock system_clock (rise edge)
                                  0.000000    0.000000   clock network delay (propagated)
                                  0.500000    0.500000   clock uncertainty
                                  0.000000    0.500000   clock reconvergence pessimism
                                -20.000000  -19.500000   output external delay
                                            -19.500000   data required time
---------------------------------------------------------------------------------------------
                                            -19.500000   data required time
                                             -2.364372   data arrival time
---------------------------------------------------------------------------------------------
                                             21.864372   slack (MET)


Startpoint: _860_ (rising edge-triggered flip-flop clocked by system_clock)
Endpoint: DAT_O[4] (output port clocked by system_clock)
Path Group: system_clock
Path Type: min

Fanout         Cap        Slew       Delay        Time   Description
---------------------------------------------------------------------------------------------
                                  0.000000    0.000000   clock system_clock (rise edge)
                                  0.000000    0.000000   clock source latency
     1    0.038592    0.000000    0.000000    0.000000 ^ CLK_I (in)
                                                         CLK_I (net)
                      0.003969    0.001624    0.001624 ^ clkbuf_0_CLK_I/I (gf180mcu_fd_sc_mcu7t5v0__clkbuf_16)
     8    0.199667    0.248974    0.319365    0.320989 ^ clkbuf_0_CLK_I/Z (gf180mcu_fd_sc_mcu7t5v0__clkbuf_16)
                                                         clknet_0_CLK_I (net)
                      0.248985    0.002552    0.323540 ^ clkbuf_3_7__f_CLK_I/I (gf180mcu_fd_sc_mcu7t5v0__clkbuf_16)
    14    0.077685    0.139872    0.294649    0.618190 ^ clkbuf_3_7__f_CLK_I/Z (gf180mcu_fd_sc_mcu7t5v0__clkbuf_16)
                                                         clknet_3_7__leaf_CLK_I (net)
                      0.139878    0.001634    0.619824 ^ _860_/CLK (gf180mcu_fd_sc_mcu7t5v0__dffq_1)
     2    0.014605    0.290266    0.828960    1.448784 ^ _860_/Q (gf180mcu_fd_sc_mcu7t5v0__dffq_1)
                                                         net26 (net)
                      0.290266    0.000309    1.449093 ^ output26/I (gf180mcu_fd_sc_mcu7t5v0__dlyb_1)
     1    0.006662    0.190116    0.915356    2.364449 ^ output26/Z (gf180mcu_fd_sc_mcu7t5v0__dlyb_1)
                                                         DAT_O[4] (net)
                      0.190116    0.000119    2.364568 ^ DAT_O[4] (out)
                                              2.364568   data arrival time

                                  0.000000    0.000000   clock system_clock (rise edge)
                                  0.000000    0.000000   clock network delay (propagated)
                                  0.500000    0.500000   clock uncertainty
                                  0.000000    0.500000   clock reconvergence pessimism
                                -20.000000  -19.500000   output external delay
                                            -19.500000   data required time
---------------------------------------------------------------------------------------------
                                            -19.500000   data required time
                                             -2.364568   data arrival time
---------------------------------------------------------------------------------------------
                                             21.864569   slack (MET)


Startpoint: _861_ (rising edge-triggered flip-flop clocked by system_clock)
Endpoint: DAT_O[5] (output port clocked by system_clock)
Path Group: system_clock
Path Type: min

Fanout         Cap        Slew       Delay        Time   Description
---------------------------------------------------------------------------------------------
                                  0.000000    0.000000   clock system_clock (rise edge)
                                  0.000000    0.000000   clock source latency
     1    0.038592    0.000000    0.000000    0.000000 ^ CLK_I (in)
                                                         CLK_I (net)
                      0.003969    0.001624    0.001624 ^ clkbuf_0_CLK_I/I (gf180mcu_fd_sc_mcu7t5v0__clkbuf_16)
     8    0.199667    0.248974    0.319365    0.320989 ^ clkbuf_0_CLK_I/Z (gf180mcu_fd_sc_mcu7t5v0__clkbuf_16)
                                                         clknet_0_CLK_I (net)
                      0.248985    0.002552    0.323540 ^ clkbuf_3_7__f_CLK_I/I (gf180mcu_fd_sc_mcu7t5v0__clkbuf_16)
    14    0.077685    0.139872    0.294649    0.618190 ^ clkbuf_3_7__f_CLK_I/Z (gf180mcu_fd_sc_mcu7t5v0__clkbuf_16)
                                                         clknet_3_7__leaf_CLK_I (net)
                      0.139878    0.001618    0.619808 ^ _861_/CLK (gf180mcu_fd_sc_mcu7t5v0__dffq_1)
     2    0.017514    0.220424    0.745811    1.365619 v _861_/Q (gf180mcu_fd_sc_mcu7t5v0__dffq_1)
                                                         net27 (net)
                      0.220426    0.000494    1.366113 v output27/I (gf180mcu_fd_sc_mcu7t5v0__dlyb_1)
     1    0.006192    0.219374    1.021211    2.387324 v output27/Z (gf180mcu_fd_sc_mcu7t5v0__dlyb_1)
                                                         DAT_O[5] (net)
                      0.219374    0.000114    2.387437 v DAT_O[5] (out)
                                              2.387437   data arrival time

                                  0.000000    0.000000   clock system_clock (rise edge)
                                  0.000000    0.000000   clock network delay (propagated)
                                  0.500000    0.500000   clock uncertainty
                                  0.000000    0.500000   clock reconvergence pessimism
                                -20.000000  -19.500000   output external delay
                                            -19.500000   data required time
---------------------------------------------------------------------------------------------
                                            -19.500000   data required time
                                             -2.387437   data arrival time
---------------------------------------------------------------------------------------------
                                             21.887438   slack (MET)


Startpoint: _862_ (rising edge-triggered flip-flop clocked by system_clock)
Endpoint: DAT_O[6] (output port clocked by system_clock)
Path Group: system_clock
Path Type: min

Fanout         Cap        Slew       Delay        Time   Description
---------------------------------------------------------------------------------------------
                                  0.000000    0.000000   clock system_clock (rise edge)
                                  0.000000    0.000000   clock source latency
     1    0.038592    0.000000    0.000000    0.000000 ^ CLK_I (in)
                                                         CLK_I (net)
                      0.003969    0.001624    0.001624 ^ clkbuf_0_CLK_I/I (gf180mcu_fd_sc_mcu7t5v0__clkbuf_16)
     8    0.199667    0.248974    0.319365    0.320989 ^ clkbuf_0_CLK_I/Z (gf180mcu_fd_sc_mcu7t5v0__clkbuf_16)
                                                         clknet_0_CLK_I (net)
                      0.248985    0.002552    0.323540 ^ clkbuf_3_7__f_CLK_I/I (gf180mcu_fd_sc_mcu7t5v0__clkbuf_16)
    14    0.077685    0.139872    0.294649    0.618190 ^ clkbuf_3_7__f_CLK_I/Z (gf180mcu_fd_sc_mcu7t5v0__clkbuf_16)
                                                         clknet_3_7__leaf_CLK_I (net)
                      0.139877    0.001506    0.619696 ^ _862_/CLK (gf180mcu_fd_sc_mcu7t5v0__dffq_1)
     2    0.014867    0.198316    0.728120    1.347815 v _862_/Q (gf180mcu_fd_sc_mcu7t5v0__dffq_1)
                                                         net28 (net)
                      0.198316    0.000374    1.348190 v output28/I (gf180mcu_fd_sc_mcu7t5v0__dlyb_1)
     1    0.013628    0.290923    1.085890    2.434080 v output28/Z (gf180mcu_fd_sc_mcu7t5v0__dlyb_1)
                                                         DAT_O[6] (net)
                      0.290923    0.000406    2.434486 v DAT_O[6] (out)
                                              2.434486   data arrival time

                                  0.000000    0.000000   clock system_clock (rise edge)
                                  0.000000    0.000000   clock network delay (propagated)
                                  0.500000    0.500000   clock uncertainty
                                  0.000000    0.500000   clock reconvergence pessimism
                                -20.000000  -19.500000   output external delay
                                            -19.500000   data required time
---------------------------------------------------------------------------------------------
                                            -19.500000   data required time
                                             -2.434486   data arrival time
---------------------------------------------------------------------------------------------
                                             21.934486   slack (MET)


Startpoint: _859_ (rising edge-triggered flip-flop clocked by system_clock)
Endpoint: DAT_O[3] (output port clocked by system_clock)
Path Group: system_clock
Path Type: min

Fanout         Cap        Slew       Delay        Time   Description
---------------------------------------------------------------------------------------------
                                  0.000000    0.000000   clock system_clock (rise edge)
                                  0.000000    0.000000   clock source latency
     1    0.038592    0.000000    0.000000    0.000000 ^ CLK_I (in)
                                                         CLK_I (net)
                      0.003969    0.001624    0.001624 ^ clkbuf_0_CLK_I/I (gf180mcu_fd_sc_mcu7t5v0__clkbuf_16)
     8    0.199667    0.248974    0.319365    0.320989 ^ clkbuf_0_CLK_I/Z (gf180mcu_fd_sc_mcu7t5v0__clkbuf_16)
                                                         clknet_0_CLK_I (net)
                      0.248985    0.002552    0.323540 ^ clkbuf_3_7__f_CLK_I/I (gf180mcu_fd_sc_mcu7t5v0__clkbuf_16)
    14    0.077685    0.139872    0.294649    0.618190 ^ clkbuf_3_7__f_CLK_I/Z (gf180mcu_fd_sc_mcu7t5v0__clkbuf_16)
                                                         clknet_3_7__leaf_CLK_I (net)
                      0.139872    0.000294    0.618484 ^ _859_/CLK (gf180mcu_fd_sc_mcu7t5v0__dffq_1)
     2    0.024334    0.279713    0.788345    1.406829 v _859_/Q (gf180mcu_fd_sc_mcu7t5v0__dffq_1)
                                                         net25 (net)
                      0.279718    0.000762    1.407592 v output25/I (gf180mcu_fd_sc_mcu7t5v0__dlyb_1)
     1    0.009753    0.257320    1.079908    2.487500 v output25/Z (gf180mcu_fd_sc_mcu7t5v0__dlyb_1)
                                                         DAT_O[3] (net)
                      0.257320    0.000237    2.487737 v DAT_O[3] (out)
                                              2.487737   data arrival time

                                  0.000000    0.000000   clock system_clock (rise edge)
                                  0.000000    0.000000   clock network delay (propagated)
                                  0.500000    0.500000   clock uncertainty
                                  0.000000    0.500000   clock reconvergence pessimism
                                -20.000000  -19.500000   output external delay
                                            -19.500000   data required time
---------------------------------------------------------------------------------------------
                                            -19.500000   data required time
                                             -2.487737   data arrival time
---------------------------------------------------------------------------------------------
                                             21.987738   slack (MET)


Startpoint: _864_ (rising edge-triggered flip-flop clocked by system_clock)
Endpoint: CYC_O (output port clocked by system_clock)
Path Group: system_clock
Path Type: min

Fanout         Cap        Slew       Delay        Time   Description
---------------------------------------------------------------------------------------------
                                  0.000000    0.000000   clock system_clock (rise edge)
                                  0.000000    0.000000   clock source latency
     1    0.038592    0.000000    0.000000    0.000000 ^ CLK_I (in)
                                                         CLK_I (net)
                      0.003969    0.001624    0.001624 ^ clkbuf_0_CLK_I/I (gf180mcu_fd_sc_mcu7t5v0__clkbuf_16)
     8    0.199667    0.248974    0.319365    0.320989 ^ clkbuf_0_CLK_I/Z (gf180mcu_fd_sc_mcu7t5v0__clkbuf_16)
                                                         clknet_0_CLK_I (net)
                      0.248988    0.002884    0.323872 ^ clkbuf_3_4__f_CLK_I/I (gf180mcu_fd_sc_mcu7t5v0__clkbuf_16)
     9    0.077369    0.139552    0.294285    0.618157 ^ clkbuf_3_4__f_CLK_I/Z (gf180mcu_fd_sc_mcu7t5v0__clkbuf_16)
                                                         clknet_3_4__leaf_CLK_I (net)
                      0.139552    0.000059    0.618216 ^ _864_/CLK (gf180mcu_fd_sc_mcu7t5v0__dffq_1)
     3    0.042366    0.441294    0.896237    1.514453 v _864_/Q (gf180mcu_fd_sc_mcu7t5v0__dffq_1)
                                                         net21 (net)
                      0.441323    0.002045    1.516499 v output21/I (gf180mcu_fd_sc_mcu7t5v0__dlyb_1)
     1    0.016448    0.315939    1.197914    2.714412 v output21/Z (gf180mcu_fd_sc_mcu7t5v0__dlyb_1)
                                                         CYC_O (net)
                      0.315939    0.000650    2.715062 v CYC_O (out)
                                              2.715062   data arrival time

                                  0.000000    0.000000   clock system_clock (rise edge)
                                  0.000000    0.000000   clock network delay (propagated)
                                  0.500000    0.500000   clock uncertainty
                                  0.000000    0.500000   clock reconvergence pessimism
                                -20.000000  -19.500000   output external delay
                                            -19.500000   data required time
---------------------------------------------------------------------------------------------
                                            -19.500000   data required time
                                             -2.715062   data arrival time
---------------------------------------------------------------------------------------------
                                             22.215063   slack (MET)


Startpoint: _864_ (rising edge-triggered flip-flop clocked by system_clock)
Endpoint: STB_O (output port clocked by system_clock)
Path Group: system_clock
Path Type: min

Fanout         Cap        Slew       Delay        Time   Description
---------------------------------------------------------------------------------------------
                                  0.000000    0.000000   clock system_clock (rise edge)
                                  0.000000    0.000000   clock source latency
     1    0.038592    0.000000    0.000000    0.000000 ^ CLK_I (in)
                                                         CLK_I (net)
                      0.003969    0.001624    0.001624 ^ clkbuf_0_CLK_I/I (gf180mcu_fd_sc_mcu7t5v0__clkbuf_16)
     8    0.199667    0.248974    0.319365    0.320989 ^ clkbuf_0_CLK_I/Z (gf180mcu_fd_sc_mcu7t5v0__clkbuf_16)
                                                         clknet_0_CLK_I (net)
                      0.248988    0.002884    0.323872 ^ clkbuf_3_4__f_CLK_I/I (gf180mcu_fd_sc_mcu7t5v0__clkbuf_16)
     9    0.077369    0.139552    0.294285    0.618157 ^ clkbuf_3_4__f_CLK_I/Z (gf180mcu_fd_sc_mcu7t5v0__clkbuf_16)
                                                         clknet_3_4__leaf_CLK_I (net)
                      0.139552    0.000059    0.618216 ^ _864_/CLK (gf180mcu_fd_sc_mcu7t5v0__dffq_1)
     3    0.042366    0.441294    0.896237    1.514453 v _864_/Q (gf180mcu_fd_sc_mcu7t5v0__dffq_1)
                                                         net21 (net)
                      0.441325    0.002088    1.516541 v _902_/I (gf180mcu_fd_sc_mcu7t5v0__buf_1)
     1    0.012058    0.182190    0.400550    1.917091 v _902_/Z (gf180mcu_fd_sc_mcu7t5v0__buf_1)
                                                         net30 (net)
                      0.182190    0.000360    1.917450 v output30/I (gf180mcu_fd_sc_mcu7t5v0__dlyb_1)
     1    0.009529    0.254796    1.043432    2.960882 v output30/Z (gf180mcu_fd_sc_mcu7t5v0__dlyb_1)
                                                         STB_O (net)
                      0.254797    0.000298    2.961180 v STB_O (out)
                                              2.961180   data arrival time

                                  0.000000    0.000000   clock system_clock (rise edge)
                                  0.000000    0.000000   clock network delay (propagated)
                                  0.500000    0.500000   clock uncertainty
                                  0.000000    0.500000   clock reconvergence pessimism
                                -20.000000  -19.500000   output external delay
                                            -19.500000   data required time
---------------------------------------------------------------------------------------------
                                            -19.500000   data required time
                                             -2.961180   data arrival time
---------------------------------------------------------------------------------------------
                                             22.461180   slack (MET)



%OL_END_REPORT
%OL_CREATE_REPORT max.rpt

===========================================================================
report_checks -path_delay max (Setup)
============================================================================
======================= min_tt_025C_5v00 Corner ===================================

Startpoint: RST_I (input port clocked by system_clock)
Endpoint: _879_ (rising edge-triggered flip-flop clocked by system_clock)
Path Group: system_clock
Path Type: max

Fanout         Cap        Slew       Delay        Time   Description
---------------------------------------------------------------------------------------------
                                  0.000000    0.000000   clock system_clock (rise edge)
                                  0.000000    0.000000   clock network delay (propagated)
                                 20.000000   20.000000 ^ input external delay
     1    0.008729    0.000000    0.000000   20.000000 ^ RST_I (in)
                                                         RST_I (net)
                      0.000283    0.000115   20.000116 ^ input10/I (gf180mcu_fd_sc_mcu7t5v0__dlyb_1)
    31    0.240654    3.895170    3.040979   23.041096 ^ input10/Z (gf180mcu_fd_sc_mcu7t5v0__dlyb_1)
                                                         net10 (net)
                      3.895329    0.014145   23.055241 ^ _430_/I (gf180mcu_fd_sc_mcu7t5v0__clkinv_1)
    16    0.119041    2.424379    1.956433   25.011673 v _430_/ZN (gf180mcu_fd_sc_mcu7t5v0__clkinv_1)
                                                         _103_ (net)
                      2.424486    0.009132   25.020805 v _491_/A1 (gf180mcu_fd_sc_mcu7t5v0__nand2_1)
     2    0.010294    0.647003    0.643770   25.664576 ^ _491_/ZN (gf180mcu_fd_sc_mcu7t5v0__nand2_1)
                                                         _155_ (net)
                      0.647003    0.000096   25.664671 ^ _502_/C (gf180mcu_fd_sc_mcu7t5v0__aoi211_1)
     5    0.035104    0.905170    0.624356   26.289026 v _502_/ZN (gf180mcu_fd_sc_mcu7t5v0__aoi211_1)
                                                         _166_ (net)
                      0.905170    0.000492   26.289518 v _505_/B (gf180mcu_fd_sc_mcu7t5v0__oai211_1)
     8    0.094674    2.933289    1.507321   27.796839 ^ _505_/ZN (gf180mcu_fd_sc_mcu7t5v0__oai211_1)
                                                         _169_ (net)
                      2.933289    0.002389   27.799229 ^ _534_/B1 (gf180mcu_fd_sc_mcu7t5v0__aoi22_1)
     1    0.003997    0.845435    0.259783   28.059011 v _534_/ZN (gf180mcu_fd_sc_mcu7t5v0__aoi22_1)
                                                         _013_ (net)
                      0.845435    0.000078   28.059090 v _879_/D (gf180mcu_fd_sc_mcu7t5v0__dffq_1)
                                             28.059090   data arrival time

                                100.000000  100.000000   clock system_clock (rise edge)
                                  0.000000  100.000000   clock source latency
     1    0.038592    0.000000    0.000000  100.000000 ^ CLK_I (in)
                                                         CLK_I (net)
                      0.003969    0.001627  100.001625 ^ clkbuf_0_CLK_I/I (gf180mcu_fd_sc_mcu7t5v0__clkbuf_16)
     8    0.199667    0.248974    0.319361  100.320984 ^ clkbuf_0_CLK_I/Z (gf180mcu_fd_sc_mcu7t5v0__clkbuf_16)
                                                         clknet_0_CLK_I (net)
                      0.248988    0.002863  100.323845 ^ clkbuf_3_6__f_CLK_I/I (gf180mcu_fd_sc_mcu7t5v0__clkbuf_16)
    13    0.081683    0.143199    0.297007  100.620857 ^ clkbuf_3_6__f_CLK_I/Z (gf180mcu_fd_sc_mcu7t5v0__clkbuf_16)
                                                         clknet_3_6__leaf_CLK_I (net)
                      0.143203    0.001322  100.622177 ^ _879_/CLK (gf180mcu_fd_sc_mcu7t5v0__dffq_1)
                                 -0.500000  100.122177   clock uncertainty
                                  0.000000  100.122177   clock reconvergence pessimism
                                 -0.476969   99.645210   library setup time
                                             99.645210   data required time
---------------------------------------------------------------------------------------------
                                             99.645210   data required time
                                            -28.059090   data arrival time
---------------------------------------------------------------------------------------------
                                             71.586121   slack (MET)


Startpoint: RST_I (input port clocked by system_clock)
Endpoint: _880_ (rising edge-triggered flip-flop clocked by system_clock)
Path Group: system_clock
Path Type: max

Fanout         Cap        Slew       Delay        Time   Description
---------------------------------------------------------------------------------------------
                                  0.000000    0.000000   clock system_clock (rise edge)
                                  0.000000    0.000000   clock network delay (propagated)
                                 20.000000   20.000000 ^ input external delay
     1    0.008729    0.000000    0.000000   20.000000 ^ RST_I (in)
                                                         RST_I (net)
                      0.000283    0.000115   20.000116 ^ input10/I (gf180mcu_fd_sc_mcu7t5v0__dlyb_1)
    31    0.240654    3.895170    3.040979   23.041096 ^ input10/Z (gf180mcu_fd_sc_mcu7t5v0__dlyb_1)
                                                         net10 (net)
                      3.895329    0.014145   23.055241 ^ _430_/I (gf180mcu_fd_sc_mcu7t5v0__clkinv_1)
    16    0.119041    2.424379    1.956433   25.011673 v _430_/ZN (gf180mcu_fd_sc_mcu7t5v0__clkinv_1)
                                                         _103_ (net)
                      2.424486    0.009132   25.020805 v _491_/A1 (gf180mcu_fd_sc_mcu7t5v0__nand2_1)
     2    0.010294    0.647003    0.643770   25.664576 ^ _491_/ZN (gf180mcu_fd_sc_mcu7t5v0__nand2_1)
                                                         _155_ (net)
                      0.647003    0.000096   25.664671 ^ _502_/C (gf180mcu_fd_sc_mcu7t5v0__aoi211_1)
     5    0.035104    0.905170    0.624356   26.289026 v _502_/ZN (gf180mcu_fd_sc_mcu7t5v0__aoi211_1)
                                                         _166_ (net)
                      0.905170    0.000492   26.289518 v _505_/B (gf180mcu_fd_sc_mcu7t5v0__oai211_1)
     8    0.094674    2.933289    1.507321   27.796839 ^ _505_/ZN (gf180mcu_fd_sc_mcu7t5v0__oai211_1)
                                                         _169_ (net)
                      2.933306    0.003890   27.800730 ^ _539_/S (gf180mcu_fd_sc_mcu7t5v0__mux2_2)
     1    0.005625    0.183344    0.358934   28.159664 v _539_/Z (gf180mcu_fd_sc_mcu7t5v0__mux2_2)
                                                         _014_ (net)
                      0.183344    0.000123   28.159786 v _880_/D (gf180mcu_fd_sc_mcu7t5v0__dffq_1)
                                             28.159786   data arrival time

                                100.000000  100.000000   clock system_clock (rise edge)
                                  0.000000  100.000000   clock source latency
     1    0.038592    0.000000    0.000000  100.000000 ^ CLK_I (in)
                                                         CLK_I (net)
                      0.003969    0.001627  100.001625 ^ clkbuf_0_CLK_I/I (gf180mcu_fd_sc_mcu7t5v0__clkbuf_16)
     8    0.199667    0.248974    0.319361  100.320984 ^ clkbuf_0_CLK_I/Z (gf180mcu_fd_sc_mcu7t5v0__clkbuf_16)
                                                         clknet_0_CLK_I (net)
                      0.248985    0.002551  100.323532 ^ clkbuf_3_7__f_CLK_I/I (gf180mcu_fd_sc_mcu7t5v0__clkbuf_16)
    14    0.077685    0.139872    0.294648  100.618187 ^ clkbuf_3_7__f_CLK_I/Z (gf180mcu_fd_sc_mcu7t5v0__clkbuf_16)
                                                         clknet_3_7__leaf_CLK_I (net)
                      0.139875    0.001329  100.619514 ^ _880_/CLK (gf180mcu_fd_sc_mcu7t5v0__dffq_1)
                                 -0.500000  100.119507   clock uncertainty
                                  0.000000  100.119507   clock reconvergence pessimism
                                 -0.242532   99.876984   library setup time
                                             99.876984   data required time
---------------------------------------------------------------------------------------------
                                             99.876984   data required time
                                            -28.159786   data arrival time
---------------------------------------------------------------------------------------------
                                             71.717201   slack (MET)


Startpoint: RST_I (input port clocked by system_clock)
Endpoint: _874_ (rising edge-triggered flip-flop clocked by system_clock)
Path Group: system_clock
Path Type: max

Fanout         Cap        Slew       Delay        Time   Description
---------------------------------------------------------------------------------------------
                                  0.000000    0.000000   clock system_clock (rise edge)
                                  0.000000    0.000000   clock network delay (propagated)
                                 20.000000   20.000000 ^ input external delay
     1    0.008729    0.000000    0.000000   20.000000 ^ RST_I (in)
                                                         RST_I (net)
                      0.000283    0.000115   20.000116 ^ input10/I (gf180mcu_fd_sc_mcu7t5v0__dlyb_1)
    31    0.240654    3.895170    3.040979   23.041096 ^ input10/Z (gf180mcu_fd_sc_mcu7t5v0__dlyb_1)
                                                         net10 (net)
                      3.895329    0.014145   23.055241 ^ _430_/I (gf180mcu_fd_sc_mcu7t5v0__clkinv_1)
    16    0.119041    2.424379    1.956433   25.011673 v _430_/ZN (gf180mcu_fd_sc_mcu7t5v0__clkinv_1)
                                                         _103_ (net)
                      2.424486    0.009132   25.020805 v _491_/A1 (gf180mcu_fd_sc_mcu7t5v0__nand2_1)
     2    0.010294    0.647003    0.643770   25.664576 ^ _491_/ZN (gf180mcu_fd_sc_mcu7t5v0__nand2_1)
                                                         _155_ (net)
                      0.647003    0.000096   25.664671 ^ _502_/C (gf180mcu_fd_sc_mcu7t5v0__aoi211_1)
     5    0.035104    0.905170    0.624356   26.289026 v _502_/ZN (gf180mcu_fd_sc_mcu7t5v0__aoi211_1)
                                                         _166_ (net)
                      0.905170    0.000492   26.289518 v _505_/B (gf180mcu_fd_sc_mcu7t5v0__oai211_1)
     8    0.094674    2.933289    1.507321   27.796839 ^ _505_/ZN (gf180mcu_fd_sc_mcu7t5v0__oai211_1)
                                                         _169_ (net)
                      2.933289    0.001672   27.798512 ^ _508_/B2 (gf180mcu_fd_sc_mcu7t5v0__aoi22_1)
     1    0.004494    0.792552    0.142883   27.941395 v _508_/ZN (gf180mcu_fd_sc_mcu7t5v0__aoi22_1)
                                                         _008_ (net)
                      0.792552    0.000126   27.941521 v _874_/D (gf180mcu_fd_sc_mcu7t5v0__dffq_1)
                                             27.941521   data arrival time

                                100.000000  100.000000   clock system_clock (rise edge)
                                  0.000000  100.000000   clock source latency
     1    0.038592    0.000000    0.000000  100.000000 ^ CLK_I (in)
                                                         CLK_I (net)
                      0.003969    0.001627  100.001625 ^ clkbuf_0_CLK_I/I (gf180mcu_fd_sc_mcu7t5v0__clkbuf_16)
     8    0.199667    0.248974    0.319361  100.320984 ^ clkbuf_0_CLK_I/Z (gf180mcu_fd_sc_mcu7t5v0__clkbuf_16)
                                                         clknet_0_CLK_I (net)
                      0.248988    0.002863  100.323845 ^ clkbuf_3_6__f_CLK_I/I (gf180mcu_fd_sc_mcu7t5v0__clkbuf_16)
    13    0.081683    0.143199    0.297007  100.620857 ^ clkbuf_3_6__f_CLK_I/Z (gf180mcu_fd_sc_mcu7t5v0__clkbuf_16)
                                                         clknet_3_6__leaf_CLK_I (net)
                      0.143205    0.001648  100.622505 ^ _874_/CLK (gf180mcu_fd_sc_mcu7t5v0__dffq_1)
                                 -0.500000  100.122505   clock uncertainty
                                  0.000000  100.122505   clock reconvergence pessimism
                                 -0.458425   99.664070   library setup time
                                             99.664070   data required time
---------------------------------------------------------------------------------------------
                                             99.664070   data required time
                                            -27.941521   data arrival time
---------------------------------------------------------------------------------------------
                                             71.722557   slack (MET)


Startpoint: RST_I (input port clocked by system_clock)
Endpoint: _877_ (rising edge-triggered flip-flop clocked by system_clock)
Path Group: system_clock
Path Type: max

Fanout         Cap        Slew       Delay        Time   Description
---------------------------------------------------------------------------------------------
                                  0.000000    0.000000   clock system_clock (rise edge)
                                  0.000000    0.000000   clock network delay (propagated)
                                 20.000000   20.000000 ^ input external delay
     1    0.008729    0.000000    0.000000   20.000000 ^ RST_I (in)
                                                         RST_I (net)
                      0.000283    0.000115   20.000116 ^ input10/I (gf180mcu_fd_sc_mcu7t5v0__dlyb_1)
    31    0.240654    3.895170    3.040979   23.041096 ^ input10/Z (gf180mcu_fd_sc_mcu7t5v0__dlyb_1)
                                                         net10 (net)
                      3.895329    0.014145   23.055241 ^ _430_/I (gf180mcu_fd_sc_mcu7t5v0__clkinv_1)
    16    0.119041    2.424379    1.956433   25.011673 v _430_/ZN (gf180mcu_fd_sc_mcu7t5v0__clkinv_1)
                                                         _103_ (net)
                      2.424486    0.009132   25.020805 v _491_/A1 (gf180mcu_fd_sc_mcu7t5v0__nand2_1)
     2    0.010294    0.647003    0.643770   25.664576 ^ _491_/ZN (gf180mcu_fd_sc_mcu7t5v0__nand2_1)
                                                         _155_ (net)
                      0.647003    0.000096   25.664671 ^ _502_/C (gf180mcu_fd_sc_mcu7t5v0__aoi211_1)
     5    0.035104    0.905170    0.624356   26.289026 v _502_/ZN (gf180mcu_fd_sc_mcu7t5v0__aoi211_1)
                                                         _166_ (net)
                      0.905170    0.000492   26.289518 v _505_/B (gf180mcu_fd_sc_mcu7t5v0__oai211_1)
     8    0.094674    2.933289    1.507321   27.796839 ^ _505_/ZN (gf180mcu_fd_sc_mcu7t5v0__oai211_1)
                                                         _169_ (net)
                      2.933305    0.003809   27.800648 ^ _523_/S (gf180mcu_fd_sc_mcu7t5v0__mux2_2)
     1    0.005125    0.180692    0.356341   28.156988 v _523_/Z (gf180mcu_fd_sc_mcu7t5v0__mux2_2)
                                                         _011_ (net)
                      0.180692    0.000107   28.157095 v _877_/D (gf180mcu_fd_sc_mcu7t5v0__dffq_1)
                                             28.157095   data arrival time

                                100.000000  100.000000   clock system_clock (rise edge)
                                  0.000000  100.000000   clock source latency
     1    0.038592    0.000000    0.000000  100.000000 ^ CLK_I (in)
                                                         CLK_I (net)
                      0.003969    0.001627  100.001625 ^ clkbuf_0_CLK_I/I (gf180mcu_fd_sc_mcu7t5v0__clkbuf_16)
     8    0.199667    0.248974    0.319361  100.320984 ^ clkbuf_0_CLK_I/Z (gf180mcu_fd_sc_mcu7t5v0__clkbuf_16)
                                                         clknet_0_CLK_I (net)
                      0.248988    0.002863  100.323845 ^ clkbuf_3_6__f_CLK_I/I (gf180mcu_fd_sc_mcu7t5v0__clkbuf_16)
    13    0.081683    0.143199    0.297007  100.620857 ^ clkbuf_3_6__f_CLK_I/Z (gf180mcu_fd_sc_mcu7t5v0__clkbuf_16)
                                                         clknet_3_6__leaf_CLK_I (net)
                      0.143205    0.001570  100.622429 ^ _877_/CLK (gf180mcu_fd_sc_mcu7t5v0__dffq_1)
                                 -0.500000  100.122421   clock uncertainty
                                  0.000000  100.122421   clock reconvergence pessimism
                                 -0.240945   99.881477   library setup time
                                             99.881477   data required time
---------------------------------------------------------------------------------------------
                                             99.881477   data required time
                                            -28.157095   data arrival time
---------------------------------------------------------------------------------------------
                                             71.724380   slack (MET)


Startpoint: RST_I (input port clocked by system_clock)
Endpoint: _876_ (rising edge-triggered flip-flop clocked by system_clock)
Path Group: system_clock
Path Type: max

Fanout         Cap        Slew       Delay        Time   Description
---------------------------------------------------------------------------------------------
                                  0.000000    0.000000   clock system_clock (rise edge)
                                  0.000000    0.000000   clock network delay (propagated)
                                 20.000000   20.000000 ^ input external delay
     1    0.008729    0.000000    0.000000   20.000000 ^ RST_I (in)
                                                         RST_I (net)
                      0.000283    0.000115   20.000116 ^ input10/I (gf180mcu_fd_sc_mcu7t5v0__dlyb_1)
    31    0.240654    3.895170    3.040979   23.041096 ^ input10/Z (gf180mcu_fd_sc_mcu7t5v0__dlyb_1)
                                                         net10 (net)
                      3.895329    0.014145   23.055241 ^ _430_/I (gf180mcu_fd_sc_mcu7t5v0__clkinv_1)
    16    0.119041    2.424379    1.956433   25.011673 v _430_/ZN (gf180mcu_fd_sc_mcu7t5v0__clkinv_1)
                                                         _103_ (net)
                      2.424486    0.009132   25.020805 v _491_/A1 (gf180mcu_fd_sc_mcu7t5v0__nand2_1)
     2    0.010294    0.647003    0.643770   25.664576 ^ _491_/ZN (gf180mcu_fd_sc_mcu7t5v0__nand2_1)
                                                         _155_ (net)
                      0.647003    0.000096   25.664671 ^ _502_/C (gf180mcu_fd_sc_mcu7t5v0__aoi211_1)
     5    0.035104    0.905170    0.624356   26.289026 v _502_/ZN (gf180mcu_fd_sc_mcu7t5v0__aoi211_1)
                                                         _166_ (net)
                      0.905170    0.000492   26.289518 v _505_/B (gf180mcu_fd_sc_mcu7t5v0__oai211_1)
     8    0.094674    2.933289    1.507321   27.796839 ^ _505_/ZN (gf180mcu_fd_sc_mcu7t5v0__oai211_1)
                                                         _169_ (net)
                      2.933302    0.003435   27.800276 ^ _518_/S (gf180mcu_fd_sc_mcu7t5v0__mux2_2)
     1    0.004472    0.177194    0.352948   28.153223 v _518_/Z (gf180mcu_fd_sc_mcu7t5v0__mux2_2)
                                                         _010_ (net)
                      0.177194    0.000087   28.153309 v _876_/D (gf180mcu_fd_sc_mcu7t5v0__dffq_1)
                                             28.153309   data arrival time

                                100.000000  100.000000   clock system_clock (rise edge)
                                  0.000000  100.000000   clock source latency
     1    0.038592    0.000000    0.000000  100.000000 ^ CLK_I (in)
                                                         CLK_I (net)
                      0.003969    0.001627  100.001625 ^ clkbuf_0_CLK_I/I (gf180mcu_fd_sc_mcu7t5v0__clkbuf_16)
     8    0.199667    0.248974    0.319361  100.320984 ^ clkbuf_0_CLK_I/Z (gf180mcu_fd_sc_mcu7t5v0__clkbuf_16)
                                                         clknet_0_CLK_I (net)
                      0.248988    0.002863  100.323845 ^ clkbuf_3_6__f_CLK_I/I (gf180mcu_fd_sc_mcu7t5v0__clkbuf_16)
    13    0.081683    0.143199    0.297007  100.620857 ^ clkbuf_3_6__f_CLK_I/Z (gf180mcu_fd_sc_mcu7t5v0__clkbuf_16)
                                                         clknet_3_6__leaf_CLK_I (net)
                      0.143203    0.001421  100.622276 ^ _876_/CLK (gf180mcu_fd_sc_mcu7t5v0__dffq_1)
                                 -0.500000  100.122276   clock uncertainty
                                  0.000000  100.122276   clock reconvergence pessimism
                                 -0.239825   99.882454   library setup time
                                             99.882454   data required time
---------------------------------------------------------------------------------------------
                                             99.882454   data required time
                                            -28.153309   data arrival time
---------------------------------------------------------------------------------------------
                                             71.729141   slack (MET)


Startpoint: RST_I (input port clocked by system_clock)
Endpoint: _878_ (rising edge-triggered flip-flop clocked by system_clock)
Path Group: system_clock
Path Type: max

Fanout         Cap        Slew       Delay        Time   Description
---------------------------------------------------------------------------------------------
                                  0.000000    0.000000   clock system_clock (rise edge)
                                  0.000000    0.000000   clock network delay (propagated)
                                 20.000000   20.000000 ^ input external delay
     1    0.008729    0.000000    0.000000   20.000000 ^ RST_I (in)
                                                         RST_I (net)
                      0.000283    0.000115   20.000116 ^ input10/I (gf180mcu_fd_sc_mcu7t5v0__dlyb_1)
    31    0.240654    3.895170    3.040979   23.041096 ^ input10/Z (gf180mcu_fd_sc_mcu7t5v0__dlyb_1)
                                                         net10 (net)
                      3.895329    0.014145   23.055241 ^ _430_/I (gf180mcu_fd_sc_mcu7t5v0__clkinv_1)
    16    0.119041    2.424379    1.956433   25.011673 v _430_/ZN (gf180mcu_fd_sc_mcu7t5v0__clkinv_1)
                                                         _103_ (net)
                      2.424486    0.009132   25.020805 v _491_/A1 (gf180mcu_fd_sc_mcu7t5v0__nand2_1)
     2    0.010294    0.647003    0.643770   25.664576 ^ _491_/ZN (gf180mcu_fd_sc_mcu7t5v0__nand2_1)
                                                         _155_ (net)
                      0.647003    0.000096   25.664671 ^ _502_/C (gf180mcu_fd_sc_mcu7t5v0__aoi211_1)
     5    0.035104    0.905170    0.624356   26.289026 v _502_/ZN (gf180mcu_fd_sc_mcu7t5v0__aoi211_1)
                                                         _166_ (net)
                      0.905170    0.000492   26.289518 v _505_/B (gf180mcu_fd_sc_mcu7t5v0__oai211_1)
     8    0.094674    2.933289    1.507321   27.796839 ^ _505_/ZN (gf180mcu_fd_sc_mcu7t5v0__oai211_1)
                                                         _169_ (net)
                      2.933300    0.003133   27.799973 ^ _528_/S (gf180mcu_fd_sc_mcu7t5v0__mux2_2)
     1    0.004497    0.177332    0.353081   28.153053 v _528_/Z (gf180mcu_fd_sc_mcu7t5v0__mux2_2)
                                                         _012_ (net)
                      0.177332    0.000089   28.153143 v _878_/D (gf180mcu_fd_sc_mcu7t5v0__dffq_1)
                                             28.153143   data arrival time

                                100.000000  100.000000   clock system_clock (rise edge)
                                  0.000000  100.000000   clock source latency
     1    0.038592    0.000000    0.000000  100.000000 ^ CLK_I (in)
                                                         CLK_I (net)
                      0.003969    0.001627  100.001625 ^ clkbuf_0_CLK_I/I (gf180mcu_fd_sc_mcu7t5v0__clkbuf_16)
     8    0.199667    0.248974    0.319361  100.320984 ^ clkbuf_0_CLK_I/Z (gf180mcu_fd_sc_mcu7t5v0__clkbuf_16)
                                                         clknet_0_CLK_I (net)
                      0.248988    0.002863  100.323845 ^ clkbuf_3_6__f_CLK_I/I (gf180mcu_fd_sc_mcu7t5v0__clkbuf_16)
    13    0.081683    0.143199    0.297007  100.620857 ^ clkbuf_3_6__f_CLK_I/Z (gf180mcu_fd_sc_mcu7t5v0__clkbuf_16)
                                                         clknet_3_6__leaf_CLK_I (net)
                      0.143203    0.001421  100.622276 ^ _878_/CLK (gf180mcu_fd_sc_mcu7t5v0__dffq_1)
                                 -0.500000  100.122276   clock uncertainty
                                  0.000000  100.122276   clock reconvergence pessimism
                                 -0.239869   99.882401   library setup time
                                             99.882401   data required time
---------------------------------------------------------------------------------------------
                                             99.882401   data required time
                                            -28.153143   data arrival time
---------------------------------------------------------------------------------------------
                                             71.729263   slack (MET)


Startpoint: RST_I (input port clocked by system_clock)
Endpoint: _875_ (rising edge-triggered flip-flop clocked by system_clock)
Path Group: system_clock
Path Type: max

Fanout         Cap        Slew       Delay        Time   Description
---------------------------------------------------------------------------------------------
                                  0.000000    0.000000   clock system_clock (rise edge)
                                  0.000000    0.000000   clock network delay (propagated)
                                 20.000000   20.000000 ^ input external delay
     1    0.008729    0.000000    0.000000   20.000000 ^ RST_I (in)
                                                         RST_I (net)
                      0.000283    0.000115   20.000116 ^ input10/I (gf180mcu_fd_sc_mcu7t5v0__dlyb_1)
    31    0.240654    3.895170    3.040979   23.041096 ^ input10/Z (gf180mcu_fd_sc_mcu7t5v0__dlyb_1)
                                                         net10 (net)
                      3.895329    0.014145   23.055241 ^ _430_/I (gf180mcu_fd_sc_mcu7t5v0__clkinv_1)
    16    0.119041    2.424379    1.956433   25.011673 v _430_/ZN (gf180mcu_fd_sc_mcu7t5v0__clkinv_1)
                                                         _103_ (net)
                      2.424486    0.009132   25.020805 v _491_/A1 (gf180mcu_fd_sc_mcu7t5v0__nand2_1)
     2    0.010294    0.647003    0.643770   25.664576 ^ _491_/ZN (gf180mcu_fd_sc_mcu7t5v0__nand2_1)
                                                         _155_ (net)
                      0.647003    0.000096   25.664671 ^ _502_/C (gf180mcu_fd_sc_mcu7t5v0__aoi211_1)
     5    0.035104    0.905170    0.624356   26.289026 v _502_/ZN (gf180mcu_fd_sc_mcu7t5v0__aoi211_1)
                                                         _166_ (net)
                      0.905170    0.000492   26.289518 v _505_/B (gf180mcu_fd_sc_mcu7t5v0__oai211_1)
     8    0.094674    2.933289    1.507321   27.796839 ^ _505_/ZN (gf180mcu_fd_sc_mcu7t5v0__oai211_1)
                                                         _169_ (net)
                      2.933299    0.002975   27.799814 ^ _513_/S (gf180mcu_fd_sc_mcu7t5v0__mux2_2)
     1    0.003752    0.171661    0.348289   28.148104 v _513_/Z (gf180mcu_fd_sc_mcu7t5v0__mux2_2)
                                                         _009_ (net)
                      0.171661    0.000071   28.148174 v _875_/D (gf180mcu_fd_sc_mcu7t5v0__dffq_1)
                                             28.148174   data arrival time

                                100.000000  100.000000   clock system_clock (rise edge)
                                  0.000000  100.000000   clock source latency
     1    0.038592    0.000000    0.000000  100.000000 ^ CLK_I (in)
                                                         CLK_I (net)
                      0.003969    0.001627  100.001625 ^ clkbuf_0_CLK_I/I (gf180mcu_fd_sc_mcu7t5v0__clkbuf_16)
     8    0.199667    0.248974    0.319361  100.320984 ^ clkbuf_0_CLK_I/Z (gf180mcu_fd_sc_mcu7t5v0__clkbuf_16)
                                                         clknet_0_CLK_I (net)
                      0.248988    0.002863  100.323845 ^ clkbuf_3_6__f_CLK_I/I (gf180mcu_fd_sc_mcu7t5v0__clkbuf_16)
    13    0.081683    0.143199    0.297007  100.620857 ^ clkbuf_3_6__f_CLK_I/Z (gf180mcu_fd_sc_mcu7t5v0__clkbuf_16)
                                                         clknet_3_6__leaf_CLK_I (net)
                      0.143206    0.001712  100.622566 ^ _875_/CLK (gf180mcu_fd_sc_mcu7t5v0__dffq_1)
                                 -0.500000  100.122566   clock uncertainty
                                  0.000000  100.122566   clock reconvergence pessimism
                                 -0.238052   99.884514   library setup time
                                             99.884514   data required time
---------------------------------------------------------------------------------------------
                                             99.884514   data required time
                                            -28.148174   data arrival time
---------------------------------------------------------------------------------------------
                                             71.736343   slack (MET)


Startpoint: RST_I (input port clocked by system_clock)
Endpoint: _881_ (rising edge-triggered flip-flop clocked by system_clock)
Path Group: system_clock
Path Type: max

Fanout         Cap        Slew       Delay        Time   Description
---------------------------------------------------------------------------------------------
                                  0.000000    0.000000   clock system_clock (rise edge)
                                  0.000000    0.000000   clock network delay (propagated)
                                 20.000000   20.000000 ^ input external delay
     1    0.008729    0.000000    0.000000   20.000000 ^ RST_I (in)
                                                         RST_I (net)
                      0.000283    0.000115   20.000116 ^ input10/I (gf180mcu_fd_sc_mcu7t5v0__dlyb_1)
    31    0.240654    3.895170    3.040979   23.041096 ^ input10/Z (gf180mcu_fd_sc_mcu7t5v0__dlyb_1)
                                                         net10 (net)
                      3.895329    0.014145   23.055241 ^ _430_/I (gf180mcu_fd_sc_mcu7t5v0__clkinv_1)
    16    0.119041    2.424379    1.956433   25.011673 v _430_/ZN (gf180mcu_fd_sc_mcu7t5v0__clkinv_1)
                                                         _103_ (net)
                      2.424486    0.009132   25.020805 v _491_/A1 (gf180mcu_fd_sc_mcu7t5v0__nand2_1)
     2    0.010294    0.647003    0.643770   25.664576 ^ _491_/ZN (gf180mcu_fd_sc_mcu7t5v0__nand2_1)
                                                         _155_ (net)
                      0.647003    0.000096   25.664671 ^ _502_/C (gf180mcu_fd_sc_mcu7t5v0__aoi211_1)
     5    0.035104    0.905170    0.624356   26.289026 v _502_/ZN (gf180mcu_fd_sc_mcu7t5v0__aoi211_1)
                                                         _166_ (net)
                      0.905170    0.000492   26.289518 v _505_/B (gf180mcu_fd_sc_mcu7t5v0__oai211_1)
     8    0.094674    2.933289    1.507321   27.796839 ^ _505_/ZN (gf180mcu_fd_sc_mcu7t5v0__oai211_1)
                                                         _169_ (net)
                      2.933305    0.003856   27.800695 ^ _544_/S (gf180mcu_fd_sc_mcu7t5v0__mux2_2)
     1    0.003015    0.165666    0.343231   28.143927 v _544_/Z (gf180mcu_fd_sc_mcu7t5v0__mux2_2)
                                                         _015_ (net)
                      0.165666    0.000028   28.143955 v _881_/D (gf180mcu_fd_sc_mcu7t5v0__dffq_1)
                                             28.143955   data arrival time

                                100.000000  100.000000   clock system_clock (rise edge)
                                  0.000000  100.000000   clock source latency
     1    0.038592    0.000000    0.000000  100.000000 ^ CLK_I (in)
                                                         CLK_I (net)
                      0.003969    0.001627  100.001625 ^ clkbuf_0_CLK_I/I (gf180mcu_fd_sc_mcu7t5v0__clkbuf_16)
     8    0.199667    0.248974    0.319361  100.320984 ^ clkbuf_0_CLK_I/Z (gf180mcu_fd_sc_mcu7t5v0__clkbuf_16)
                                                         clknet_0_CLK_I (net)
                      0.248985    0.002551  100.323532 ^ clkbuf_3_7__f_CLK_I/I (gf180mcu_fd_sc_mcu7t5v0__clkbuf_16)
    14    0.077685    0.139872    0.294648  100.618187 ^ clkbuf_3_7__f_CLK_I/Z (gf180mcu_fd_sc_mcu7t5v0__clkbuf_16)
                                                         clknet_3_7__leaf_CLK_I (net)
                      0.139873    0.000966  100.619148 ^ _881_/CLK (gf180mcu_fd_sc_mcu7t5v0__dffq_1)
                                 -0.500000  100.119148   clock uncertainty
                                  0.000000  100.119148   clock reconvergence pessimism
                                 -0.236879   99.882271   library setup time
                                             99.882271   data required time
---------------------------------------------------------------------------------------------
                                             99.882271   data required time
                                            -28.143955   data arrival time
---------------------------------------------------------------------------------------------
                                             71.738312   slack (MET)


Startpoint: RST_I (input port clocked by system_clock)
Endpoint: _842_ (rising edge-triggered flip-flop clocked by system_clock)
Path Group: system_clock
Path Type: max

Fanout         Cap        Slew       Delay        Time   Description
---------------------------------------------------------------------------------------------
                                  0.000000    0.000000   clock system_clock (rise edge)
                                  0.000000    0.000000   clock network delay (propagated)
                                 20.000000   20.000000 ^ input external delay
     1    0.008729    0.000000    0.000000   20.000000 ^ RST_I (in)
                                                         RST_I (net)
                      0.000283    0.000115   20.000116 ^ input10/I (gf180mcu_fd_sc_mcu7t5v0__dlyb_1)
    31    0.240654    3.895170    3.040979   23.041096 ^ input10/Z (gf180mcu_fd_sc_mcu7t5v0__dlyb_1)
                                                         net10 (net)
                      3.895329    0.014145   23.055241 ^ _430_/I (gf180mcu_fd_sc_mcu7t5v0__clkinv_1)
    16    0.119041    2.424379    1.956433   25.011673 v _430_/ZN (gf180mcu_fd_sc_mcu7t5v0__clkinv_1)
                                                         _103_ (net)
                      2.424509    0.010040   25.021713 v _680_/A2 (gf180mcu_fd_sc_mcu7t5v0__nand2_1)
     3    0.028135    0.957550    1.006894   26.028608 ^ _680_/ZN (gf180mcu_fd_sc_mcu7t5v0__nand2_1)
                                                         _321_ (net)
                      0.957550    0.000172   26.028780 ^ _760_/A2 (gf180mcu_fd_sc_mcu7t5v0__nor4_1)
     5    0.054220    1.266701    0.945757   26.974537 v _760_/ZN (gf180mcu_fd_sc_mcu7t5v0__nor4_1)
                                                         _383_ (net)
                      1.266715    0.002634   26.977171 v max_cap34/I (gf180mcu_fd_sc_mcu7t5v0__buf_2)
     4    0.046180    0.281114    0.631911   27.609081 v max_cap34/Z (gf180mcu_fd_sc_mcu7t5v0__buf_2)
                                                         net34 (net)
                      0.281114    0.000430   27.609512 v _769_/S (gf180mcu_fd_sc_mcu7t5v0__mux2_2)
     1    0.004054    0.101668    0.406226   28.015738 ^ _769_/Z (gf180mcu_fd_sc_mcu7t5v0__mux2_2)
                                                         _055_ (net)
                      0.101668    0.000046   28.015783 ^ _842_/D (gf180mcu_fd_sc_mcu7t5v0__dffq_1)
                                             28.015783   data arrival time

                                100.000000  100.000000   clock system_clock (rise edge)
                                  0.000000  100.000000   clock source latency
     1    0.038592    0.000000    0.000000  100.000000 ^ CLK_I (in)
                                                         CLK_I (net)
                      0.003969    0.001627  100.001625 ^ clkbuf_0_CLK_I/I (gf180mcu_fd_sc_mcu7t5v0__clkbuf_16)
     8    0.199667    0.248974    0.319361  100.320984 ^ clkbuf_0_CLK_I/Z (gf180mcu_fd_sc_mcu7t5v0__clkbuf_16)
                                                         clknet_0_CLK_I (net)
                      0.248993    0.003283  100.324265 ^ clkbuf_3_2__f_CLK_I/I (gf180mcu_fd_sc_mcu7t5v0__clkbuf_16)
    16    0.074071    0.136789    0.292310  100.616577 ^ clkbuf_3_2__f_CLK_I/Z (gf180mcu_fd_sc_mcu7t5v0__clkbuf_16)
                                                         clknet_3_2__leaf_CLK_I (net)
                      0.136791    0.000860  100.617439 ^ _842_/CLK (gf180mcu_fd_sc_mcu7t5v0__dffq_1)
                                 -0.500000  100.117432   clock uncertainty
                                  0.000000  100.117432   clock reconvergence pessimism
                                 -0.206697   99.910736   library setup time
                                             99.910736   data required time
---------------------------------------------------------------------------------------------
                                             99.910736   data required time
                                            -28.015783   data arrival time
---------------------------------------------------------------------------------------------
                                             71.894951   slack (MET)


Startpoint: RST_I (input port clocked by system_clock)
Endpoint: _840_ (rising edge-triggered flip-flop clocked by system_clock)
Path Group: system_clock
Path Type: max

Fanout         Cap        Slew       Delay        Time   Description
---------------------------------------------------------------------------------------------
                                  0.000000    0.000000   clock system_clock (rise edge)
                                  0.000000    0.000000   clock network delay (propagated)
                                 20.000000   20.000000 ^ input external delay
     1    0.008729    0.000000    0.000000   20.000000 ^ RST_I (in)
                                                         RST_I (net)
                      0.000283    0.000115   20.000116 ^ input10/I (gf180mcu_fd_sc_mcu7t5v0__dlyb_1)
    31    0.240654    3.895170    3.040979   23.041096 ^ input10/Z (gf180mcu_fd_sc_mcu7t5v0__dlyb_1)
                                                         net10 (net)
                      3.895329    0.014145   23.055241 ^ _430_/I (gf180mcu_fd_sc_mcu7t5v0__clkinv_1)
    16    0.119041    2.424379    1.956433   25.011673 v _430_/ZN (gf180mcu_fd_sc_mcu7t5v0__clkinv_1)
                                                         _103_ (net)
                      2.424509    0.010040   25.021713 v _680_/A2 (gf180mcu_fd_sc_mcu7t5v0__nand2_1)
     3    0.028135    0.957550    1.006894   26.028608 ^ _680_/ZN (gf180mcu_fd_sc_mcu7t5v0__nand2_1)
                                                         _321_ (net)
                      0.957550    0.000172   26.028780 ^ _760_/A2 (gf180mcu_fd_sc_mcu7t5v0__nor4_1)
     5    0.054220    1.266701    0.945757   26.974537 v _760_/ZN (gf180mcu_fd_sc_mcu7t5v0__nor4_1)
                                                         _383_ (net)
                      1.266715    0.002634   26.977171 v max_cap34/I (gf180mcu_fd_sc_mcu7t5v0__buf_2)
     4    0.046180    0.281114    0.631911   27.609081 v max_cap34/Z (gf180mcu_fd_sc_mcu7t5v0__buf_2)
                                                         net34 (net)
                      0.281114    0.000666   27.609749 v _767_/S (gf180mcu_fd_sc_mcu7t5v0__mux2_2)
     1    0.003901    0.102600    0.405270   28.015018 ^ _767_/Z (gf180mcu_fd_sc_mcu7t5v0__mux2_2)
                                                         _053_ (net)
                      0.102600    0.000044   28.015062 ^ _840_/D (gf180mcu_fd_sc_mcu7t5v0__dffq_1)
                                             28.015062   data arrival time

                                100.000000  100.000000   clock system_clock (rise edge)
                                  0.000000  100.000000   clock source latency
     1    0.038592    0.000000    0.000000  100.000000 ^ CLK_I (in)
                                                         CLK_I (net)
                      0.003969    0.001627  100.001625 ^ clkbuf_0_CLK_I/I (gf180mcu_fd_sc_mcu7t5v0__clkbuf_16)
     8    0.199667    0.248974    0.319361  100.320984 ^ clkbuf_0_CLK_I/Z (gf180mcu_fd_sc_mcu7t5v0__clkbuf_16)
                                                         clknet_0_CLK_I (net)
                      0.248993    0.003283  100.324265 ^ clkbuf_3_2__f_CLK_I/I (gf180mcu_fd_sc_mcu7t5v0__clkbuf_16)
    16    0.074071    0.136789    0.292310  100.616577 ^ clkbuf_3_2__f_CLK_I/Z (gf180mcu_fd_sc_mcu7t5v0__clkbuf_16)
                                                         clknet_3_2__leaf_CLK_I (net)
                      0.136791    0.000867  100.617447 ^ _840_/CLK (gf180mcu_fd_sc_mcu7t5v0__dffq_1)
                                 -0.500000  100.117439   clock uncertainty
                                  0.000000  100.117439   clock reconvergence pessimism
                                 -0.206871   99.910576   library setup time
                                             99.910576   data required time
---------------------------------------------------------------------------------------------
                                             99.910576   data required time
                                            -28.015062   data arrival time
---------------------------------------------------------------------------------------------
                                             71.895515   slack (MET)


Startpoint: RST_I (input port clocked by system_clock)
Endpoint: _841_ (rising edge-triggered flip-flop clocked by system_clock)
Path Group: system_clock
Path Type: max

Fanout         Cap        Slew       Delay        Time   Description
---------------------------------------------------------------------------------------------
                                  0.000000    0.000000   clock system_clock (rise edge)
                                  0.000000    0.000000   clock network delay (propagated)
                                 20.000000   20.000000 ^ input external delay
     1    0.008729    0.000000    0.000000   20.000000 ^ RST_I (in)
                                                         RST_I (net)
                      0.000283    0.000115   20.000116 ^ input10/I (gf180mcu_fd_sc_mcu7t5v0__dlyb_1)
    31    0.240654    3.895170    3.040979   23.041096 ^ input10/Z (gf180mcu_fd_sc_mcu7t5v0__dlyb_1)
                                                         net10 (net)
                      3.895329    0.014145   23.055241 ^ _430_/I (gf180mcu_fd_sc_mcu7t5v0__clkinv_1)
    16    0.119041    2.424379    1.956433   25.011673 v _430_/ZN (gf180mcu_fd_sc_mcu7t5v0__clkinv_1)
                                                         _103_ (net)
                      2.424509    0.010040   25.021713 v _680_/A2 (gf180mcu_fd_sc_mcu7t5v0__nand2_1)
     3    0.028135    0.957550    1.006894   26.028608 ^ _680_/ZN (gf180mcu_fd_sc_mcu7t5v0__nand2_1)
                                                         _321_ (net)
                      0.957550    0.000172   26.028780 ^ _760_/A2 (gf180mcu_fd_sc_mcu7t5v0__nor4_1)
     5    0.054220    1.266701    0.945757   26.974537 v _760_/ZN (gf180mcu_fd_sc_mcu7t5v0__nor4_1)
                                                         _383_ (net)
                      1.266715    0.002634   26.977171 v max_cap34/I (gf180mcu_fd_sc_mcu7t5v0__buf_2)
     4    0.046180    0.281114    0.631911   27.609081 v max_cap34/Z (gf180mcu_fd_sc_mcu7t5v0__buf_2)
                                                         net34 (net)
                      0.281114    0.000629   27.609711 v _768_/S (gf180mcu_fd_sc_mcu7t5v0__mux2_2)
     1    0.002976    0.093742    0.399496   28.009207 ^ _768_/Z (gf180mcu_fd_sc_mcu7t5v0__mux2_2)
                                                         _054_ (net)
                      0.093742    0.000053   28.009260 ^ _841_/D (gf180mcu_fd_sc_mcu7t5v0__dffq_1)
                                             28.009260   data arrival time

                                100.000000  100.000000   clock system_clock (rise edge)
                                  0.000000  100.000000   clock source latency
     1    0.038592    0.000000    0.000000  100.000000 ^ CLK_I (in)
                                                         CLK_I (net)
                      0.003969    0.001627  100.001625 ^ clkbuf_0_CLK_I/I (gf180mcu_fd_sc_mcu7t5v0__clkbuf_16)
     8    0.199667    0.248974    0.319361  100.320984 ^ clkbuf_0_CLK_I/Z (gf180mcu_fd_sc_mcu7t5v0__clkbuf_16)
                                                         clknet_0_CLK_I (net)
                      0.248993    0.003283  100.324265 ^ clkbuf_3_2__f_CLK_I/I (gf180mcu_fd_sc_mcu7t5v0__clkbuf_16)
    16    0.074071    0.136789    0.292310  100.616577 ^ clkbuf_3_2__f_CLK_I/Z (gf180mcu_fd_sc_mcu7t5v0__clkbuf_16)
                                                         clknet_3_2__leaf_CLK_I (net)
                      0.136791    0.000888  100.617462 ^ _841_/CLK (gf180mcu_fd_sc_mcu7t5v0__dffq_1)
                                 -0.500000  100.117462   clock uncertainty
                                  0.000000  100.117462   clock reconvergence pessimism
                                 -0.205224   99.912239   library setup time
                                             99.912239   data required time
---------------------------------------------------------------------------------------------
                                             99.912239   data required time
                                            -28.009260   data arrival time
---------------------------------------------------------------------------------------------
                                             71.902977   slack (MET)


Startpoint: RST_I (input port clocked by system_clock)
Endpoint: _843_ (rising edge-triggered flip-flop clocked by system_clock)
Path Group: system_clock
Path Type: max

Fanout         Cap        Slew       Delay        Time   Description
---------------------------------------------------------------------------------------------
                                  0.000000    0.000000   clock system_clock (rise edge)
                                  0.000000    0.000000   clock network delay (propagated)
                                 20.000000   20.000000 ^ input external delay
     1    0.008729    0.000000    0.000000   20.000000 ^ RST_I (in)
                                                         RST_I (net)
                      0.000283    0.000115   20.000116 ^ input10/I (gf180mcu_fd_sc_mcu7t5v0__dlyb_1)
    31    0.240654    3.895170    3.040979   23.041096 ^ input10/Z (gf180mcu_fd_sc_mcu7t5v0__dlyb_1)
                                                         net10 (net)
                      3.895329    0.014145   23.055241 ^ _430_/I (gf180mcu_fd_sc_mcu7t5v0__clkinv_1)
    16    0.119041    2.424379    1.956433   25.011673 v _430_/ZN (gf180mcu_fd_sc_mcu7t5v0__clkinv_1)
                                                         _103_ (net)
                      2.424509    0.010040   25.021713 v _680_/A2 (gf180mcu_fd_sc_mcu7t5v0__nand2_1)
     3    0.028135    0.957550    1.006894   26.028608 ^ _680_/ZN (gf180mcu_fd_sc_mcu7t5v0__nand2_1)
                                                         _321_ (net)
                      0.957550    0.000172   26.028780 ^ _760_/A2 (gf180mcu_fd_sc_mcu7t5v0__nor4_1)
     5    0.054220    1.266701    0.945757   26.974537 v _760_/ZN (gf180mcu_fd_sc_mcu7t5v0__nor4_1)
                                                         _383_ (net)
                      1.266715    0.002634   26.977171 v max_cap34/I (gf180mcu_fd_sc_mcu7t5v0__buf_2)
     4    0.046180    0.281114    0.631911   27.609081 v max_cap34/Z (gf180mcu_fd_sc_mcu7t5v0__buf_2)
                                                         net34 (net)
                      0.281114    0.000673   27.609755 v _770_/S (gf180mcu_fd_sc_mcu7t5v0__mux2_2)
     1    0.002924    0.093373    0.399174   28.008930 ^ _770_/Z (gf180mcu_fd_sc_mcu7t5v0__mux2_2)
                                                         _056_ (net)
                      0.093373    0.000028   28.008957 ^ _843_/D (gf180mcu_fd_sc_mcu7t5v0__dffq_1)
                                             28.008957   data arrival time

                                100.000000  100.000000   clock system_clock (rise edge)
                                  0.000000  100.000000   clock source latency
     1    0.038592    0.000000    0.000000  100.000000 ^ CLK_I (in)
                                                         CLK_I (net)
                      0.003969    0.001627  100.001625 ^ clkbuf_0_CLK_I/I (gf180mcu_fd_sc_mcu7t5v0__clkbuf_16)
     8    0.199667    0.248974    0.319361  100.320984 ^ clkbuf_0_CLK_I/Z (gf180mcu_fd_sc_mcu7t5v0__clkbuf_16)
                                                         clknet_0_CLK_I (net)
                      0.248993    0.003283  100.324265 ^ clkbuf_3_2__f_CLK_I/I (gf180mcu_fd_sc_mcu7t5v0__clkbuf_16)
    16    0.074071    0.136789    0.292310  100.616577 ^ clkbuf_3_2__f_CLK_I/Z (gf180mcu_fd_sc_mcu7t5v0__clkbuf_16)
                                                         clknet_3_2__leaf_CLK_I (net)
                      0.136791    0.000931  100.617508 ^ _843_/CLK (gf180mcu_fd_sc_mcu7t5v0__dffq_1)
                                 -0.500000  100.117508   clock uncertainty
                                  0.000000  100.117508   clock reconvergence pessimism
                                 -0.205155   99.912354   library setup time
                                             99.912354   data required time
---------------------------------------------------------------------------------------------
                                             99.912354   data required time
                                            -28.008957   data arrival time
---------------------------------------------------------------------------------------------
                                             71.903397   slack (MET)


Startpoint: RST_I (input port clocked by system_clock)
Endpoint: _824_ (rising edge-triggered flip-flop clocked by system_clock)
Path Group: system_clock
Path Type: max

Fanout         Cap        Slew       Delay        Time   Description
---------------------------------------------------------------------------------------------
                                  0.000000    0.000000   clock system_clock (rise edge)
                                  0.000000    0.000000   clock network delay (propagated)
                                 20.000000   20.000000 ^ input external delay
     1    0.008729    0.000000    0.000000   20.000000 ^ RST_I (in)
                                                         RST_I (net)
                      0.000283    0.000115   20.000116 ^ input10/I (gf180mcu_fd_sc_mcu7t5v0__dlyb_1)
    31    0.240654    3.895170    3.040979   23.041096 ^ input10/Z (gf180mcu_fd_sc_mcu7t5v0__dlyb_1)
                                                         net10 (net)
                      3.895329    0.014145   23.055241 ^ _430_/I (gf180mcu_fd_sc_mcu7t5v0__clkinv_1)
    16    0.119041    2.424379    1.956433   25.011673 v _430_/ZN (gf180mcu_fd_sc_mcu7t5v0__clkinv_1)
                                                         _103_ (net)
                      2.424502    0.009779   25.021452 v _678_/B (gf180mcu_fd_sc_mcu7t5v0__oai21_1)
     2    0.009789    0.805641    0.827148   25.848600 ^ _678_/ZN (gf180mcu_fd_sc_mcu7t5v0__oai21_1)
                                                         _319_ (net)
                      0.805641    0.000083   25.848684 ^ _681_/A3 (gf180mcu_fd_sc_mcu7t5v0__nor4_1)
     5    0.053090    1.247056    0.929012   26.777695 v _681_/ZN (gf180mcu_fd_sc_mcu7t5v0__nor4_1)
                                                         _322_ (net)
                      1.247058    0.002840   26.780537 v max_cap35/I (gf180mcu_fd_sc_mcu7t5v0__buf_2)
     4    0.065082    0.359126    0.685413   27.465948 v max_cap35/Z (gf180mcu_fd_sc_mcu7t5v0__buf_2)
                                                         net35 (net)
                      0.359140    0.001231   27.467180 v _691_/S (gf180mcu_fd_sc_mcu7t5v0__mux2_2)
     1    0.008568    0.146800    0.451475   27.918655 ^ _691_/Z (gf180mcu_fd_sc_mcu7t5v0__mux2_2)
                                                         _037_ (net)
                      0.146800    0.000146   27.918800 ^ _824_/D (gf180mcu_fd_sc_mcu7t5v0__dffq_1)
                                             27.918800   data arrival time

                                100.000000  100.000000   clock system_clock (rise edge)
                                  0.000000  100.000000   clock source latency
     1    0.038592    0.000000    0.000000  100.000000 ^ CLK_I (in)
                                                         CLK_I (net)
                      0.003969    0.001627  100.001625 ^ clkbuf_0_CLK_I/I (gf180mcu_fd_sc_mcu7t5v0__clkbuf_16)
     8    0.199667    0.248974    0.319361  100.320984 ^ clkbuf_0_CLK_I/Z (gf180mcu_fd_sc_mcu7t5v0__clkbuf_16)
                                                         clknet_0_CLK_I (net)
                      0.248985    0.002551  100.323532 ^ clkbuf_3_7__f_CLK_I/I (gf180mcu_fd_sc_mcu7t5v0__clkbuf_16)
    14    0.077685    0.139872    0.294648  100.618187 ^ clkbuf_3_7__f_CLK_I/Z (gf180mcu_fd_sc_mcu7t5v0__clkbuf_16)
                                                         clknet_3_7__leaf_CLK_I (net)
                      0.139875    0.001293  100.619476 ^ _824_/CLK (gf180mcu_fd_sc_mcu7t5v0__dffq_1)
                                 -0.500000  100.119476   clock uncertainty
                                  0.000000  100.119476   clock reconvergence pessimism
                                 -0.214191   99.905281   library setup time
                                             99.905281   data required time
---------------------------------------------------------------------------------------------
                                             99.905281   data required time
                                            -27.918800   data arrival time
---------------------------------------------------------------------------------------------
                                             71.986481   slack (MET)


Startpoint: RST_I (input port clocked by system_clock)
Endpoint: _825_ (rising edge-triggered flip-flop clocked by system_clock)
Path Group: system_clock
Path Type: max

Fanout         Cap        Slew       Delay        Time   Description
---------------------------------------------------------------------------------------------
                                  0.000000    0.000000   clock system_clock (rise edge)
                                  0.000000    0.000000   clock network delay (propagated)
                                 20.000000   20.000000 ^ input external delay
     1    0.008729    0.000000    0.000000   20.000000 ^ RST_I (in)
                                                         RST_I (net)
                      0.000283    0.000115   20.000116 ^ input10/I (gf180mcu_fd_sc_mcu7t5v0__dlyb_1)
    31    0.240654    3.895170    3.040979   23.041096 ^ input10/Z (gf180mcu_fd_sc_mcu7t5v0__dlyb_1)
                                                         net10 (net)
                      3.895329    0.014145   23.055241 ^ _430_/I (gf180mcu_fd_sc_mcu7t5v0__clkinv_1)
    16    0.119041    2.424379    1.956433   25.011673 v _430_/ZN (gf180mcu_fd_sc_mcu7t5v0__clkinv_1)
                                                         _103_ (net)
                      2.424502    0.009779   25.021452 v _678_/B (gf180mcu_fd_sc_mcu7t5v0__oai21_1)
     2    0.009789    0.805641    0.827148   25.848600 ^ _678_/ZN (gf180mcu_fd_sc_mcu7t5v0__oai21_1)
                                                         _319_ (net)
                      0.805641    0.000083   25.848684 ^ _681_/A3 (gf180mcu_fd_sc_mcu7t5v0__nor4_1)
     5    0.053090    1.247056    0.929012   26.777695 v _681_/ZN (gf180mcu_fd_sc_mcu7t5v0__nor4_1)
                                                         _322_ (net)
                      1.247058    0.002840   26.780537 v max_cap35/I (gf180mcu_fd_sc_mcu7t5v0__buf_2)
     4    0.065082    0.359126    0.685413   27.465948 v max_cap35/Z (gf180mcu_fd_sc_mcu7t5v0__buf_2)
                                                         net35 (net)
                      0.359143    0.001373   27.467321 v _692_/S (gf180mcu_fd_sc_mcu7t5v0__mux2_2)
     1    0.008726    0.147381    0.452262   27.919584 ^ _692_/Z (gf180mcu_fd_sc_mcu7t5v0__mux2_2)
                                                         _038_ (net)
                      0.147382    0.000229   27.919813 ^ _825_/D (gf180mcu_fd_sc_mcu7t5v0__dffq_1)
                                             27.919813   data arrival time

                                100.000000  100.000000   clock system_clock (rise edge)
                                  0.000000  100.000000   clock source latency
     1    0.038592    0.000000    0.000000  100.000000 ^ CLK_I (in)
                                                         CLK_I (net)
                      0.003969    0.001627  100.001625 ^ clkbuf_0_CLK_I/I (gf180mcu_fd_sc_mcu7t5v0__clkbuf_16)
     8    0.199667    0.248974    0.319361  100.320984 ^ clkbuf_0_CLK_I/Z (gf180mcu_fd_sc_mcu7t5v0__clkbuf_16)
                                                         clknet_0_CLK_I (net)
                      0.248988    0.002863  100.323845 ^ clkbuf_3_6__f_CLK_I/I (gf180mcu_fd_sc_mcu7t5v0__clkbuf_16)
    13    0.081683    0.143199    0.297007  100.620857 ^ clkbuf_3_6__f_CLK_I/Z (gf180mcu_fd_sc_mcu7t5v0__clkbuf_16)
                                                         clknet_3_6__leaf_CLK_I (net)
                      0.143206    0.001727  100.622581 ^ _825_/CLK (gf180mcu_fd_sc_mcu7t5v0__dffq_1)
                                 -0.500000  100.122581   clock uncertainty
                                  0.000000  100.122581   clock reconvergence pessimism
                                 -0.213529   99.909050   library setup time
                                             99.909050   data required time
---------------------------------------------------------------------------------------------
                                             99.909050   data required time
                                            -27.919813   data arrival time
---------------------------------------------------------------------------------------------
                                             71.989235   slack (MET)


Startpoint: RST_I (input port clocked by system_clock)
Endpoint: _823_ (rising edge-triggered flip-flop clocked by system_clock)
Path Group: system_clock
Path Type: max

Fanout         Cap        Slew       Delay        Time   Description
---------------------------------------------------------------------------------------------
                                  0.000000    0.000000   clock system_clock (rise edge)
                                  0.000000    0.000000   clock network delay (propagated)
                                 20.000000   20.000000 ^ input external delay
     1    0.008729    0.000000    0.000000   20.000000 ^ RST_I (in)
                                                         RST_I (net)
                      0.000283    0.000115   20.000116 ^ input10/I (gf180mcu_fd_sc_mcu7t5v0__dlyb_1)
    31    0.240654    3.895170    3.040979   23.041096 ^ input10/Z (gf180mcu_fd_sc_mcu7t5v0__dlyb_1)
                                                         net10 (net)
                      3.895329    0.014145   23.055241 ^ _430_/I (gf180mcu_fd_sc_mcu7t5v0__clkinv_1)
    16    0.119041    2.424379    1.956433   25.011673 v _430_/ZN (gf180mcu_fd_sc_mcu7t5v0__clkinv_1)
                                                         _103_ (net)
                      2.424502    0.009779   25.021452 v _678_/B (gf180mcu_fd_sc_mcu7t5v0__oai21_1)
     2    0.009789    0.805641    0.827148   25.848600 ^ _678_/ZN (gf180mcu_fd_sc_mcu7t5v0__oai21_1)
                                                         _319_ (net)
                      0.805641    0.000083   25.848684 ^ _681_/A3 (gf180mcu_fd_sc_mcu7t5v0__nor4_1)
     5    0.053090    1.247056    0.929012   26.777695 v _681_/ZN (gf180mcu_fd_sc_mcu7t5v0__nor4_1)
                                                         _322_ (net)
                      1.247058    0.002840   26.780537 v max_cap35/I (gf180mcu_fd_sc_mcu7t5v0__buf_2)
     4    0.065082    0.359126    0.685413   27.465948 v max_cap35/Z (gf180mcu_fd_sc_mcu7t5v0__buf_2)
                                                         net35 (net)
                      0.359147    0.001526   27.467474 v _690_/S (gf180mcu_fd_sc_mcu7t5v0__mux2_2)
     1    0.006807    0.133146    0.442300   27.909775 ^ _690_/Z (gf180mcu_fd_sc_mcu7t5v0__mux2_2)
                                                         _036_ (net)
                      0.133146    0.000163   27.909939 ^ _823_/D (gf180mcu_fd_sc_mcu7t5v0__dffq_1)
                                             27.909939   data arrival time

                                100.000000  100.000000   clock system_clock (rise edge)
                                  0.000000  100.000000   clock source latency
     1    0.038592    0.000000    0.000000  100.000000 ^ CLK_I (in)
                                                         CLK_I (net)
                      0.003969    0.001627  100.001625 ^ clkbuf_0_CLK_I/I (gf180mcu_fd_sc_mcu7t5v0__clkbuf_16)
     8    0.199667    0.248974    0.319361  100.320984 ^ clkbuf_0_CLK_I/Z (gf180mcu_fd_sc_mcu7t5v0__clkbuf_16)
                                                         clknet_0_CLK_I (net)
                      0.248988    0.002863  100.323845 ^ clkbuf_3_6__f_CLK_I/I (gf180mcu_fd_sc_mcu7t5v0__clkbuf_16)
    13    0.081683    0.143199    0.297007  100.620857 ^ clkbuf_3_6__f_CLK_I/Z (gf180mcu_fd_sc_mcu7t5v0__clkbuf_16)
                                                         clknet_3_6__leaf_CLK_I (net)
                      0.143205    0.001670  100.622528 ^ _823_/CLK (gf180mcu_fd_sc_mcu7t5v0__dffq_1)
                                 -0.500000  100.122520   clock uncertainty
                                  0.000000  100.122520   clock reconvergence pessimism
                                 -0.211145   99.911377   library setup time
                                             99.911377   data required time
---------------------------------------------------------------------------------------------
                                             99.911377   data required time
                                            -27.909939   data arrival time
---------------------------------------------------------------------------------------------
                                             72.001442   slack (MET)


Startpoint: RST_I (input port clocked by system_clock)
Endpoint: _821_ (rising edge-triggered flip-flop clocked by system_clock)
Path Group: system_clock
Path Type: max

Fanout         Cap        Slew       Delay        Time   Description
---------------------------------------------------------------------------------------------
                                  0.000000    0.000000   clock system_clock (rise edge)
                                  0.000000    0.000000   clock network delay (propagated)
                                 20.000000   20.000000 ^ input external delay
     1    0.008729    0.000000    0.000000   20.000000 ^ RST_I (in)
                                                         RST_I (net)
                      0.000283    0.000115   20.000116 ^ input10/I (gf180mcu_fd_sc_mcu7t5v0__dlyb_1)
    31    0.240654    3.895170    3.040979   23.041096 ^ input10/Z (gf180mcu_fd_sc_mcu7t5v0__dlyb_1)
                                                         net10 (net)
                      3.895329    0.014145   23.055241 ^ _430_/I (gf180mcu_fd_sc_mcu7t5v0__clkinv_1)
    16    0.119041    2.424379    1.956433   25.011673 v _430_/ZN (gf180mcu_fd_sc_mcu7t5v0__clkinv_1)
                                                         _103_ (net)
                      2.424502    0.009779   25.021452 v _678_/B (gf180mcu_fd_sc_mcu7t5v0__oai21_1)
     2    0.009789    0.805641    0.827148   25.848600 ^ _678_/ZN (gf180mcu_fd_sc_mcu7t5v0__oai21_1)
                                                         _319_ (net)
                      0.805641    0.000083   25.848684 ^ _681_/A3 (gf180mcu_fd_sc_mcu7t5v0__nor4_1)
     5    0.053090    1.247056    0.929012   26.777695 v _681_/ZN (gf180mcu_fd_sc_mcu7t5v0__nor4_1)
                                                         _322_ (net)
                      1.247058    0.002840   26.780537 v max_cap35/I (gf180mcu_fd_sc_mcu7t5v0__buf_2)
     4    0.065082    0.359126    0.685413   27.465948 v max_cap35/Z (gf180mcu_fd_sc_mcu7t5v0__buf_2)
                                                         net35 (net)
                      0.359146    0.001505   27.467453 v _687_/S (gf180mcu_fd_sc_mcu7t5v0__mux2_2)
     1    0.003330    0.111302    0.423210   27.890663 ^ _687_/Z (gf180mcu_fd_sc_mcu7t5v0__mux2_2)
                                                         _034_ (net)
                      0.111302    0.000062   27.890726 ^ _821_/D (gf180mcu_fd_sc_mcu7t5v0__dffq_1)
                                             27.890726   data arrival time

                                100.000000  100.000000   clock system_clock (rise edge)
                                  0.000000  100.000000   clock source latency
     1    0.038592    0.000000    0.000000  100.000000 ^ CLK_I (in)
                                                         CLK_I (net)
                      0.003969    0.001627  100.001625 ^ clkbuf_0_CLK_I/I (gf180mcu_fd_sc_mcu7t5v0__clkbuf_16)
     8    0.199667    0.248974    0.319361  100.320984 ^ clkbuf_0_CLK_I/Z (gf180mcu_fd_sc_mcu7t5v0__clkbuf_16)
                                                         clknet_0_CLK_I (net)
                      0.248985    0.002551  100.323532 ^ clkbuf_3_7__f_CLK_I/I (gf180mcu_fd_sc_mcu7t5v0__clkbuf_16)
    14    0.077685    0.139872    0.294648  100.618187 ^ clkbuf_3_7__f_CLK_I/Z (gf180mcu_fd_sc_mcu7t5v0__clkbuf_16)
                                                         clknet_3_7__leaf_CLK_I (net)
                      0.139874    0.001137  100.619324 ^ _821_/CLK (gf180mcu_fd_sc_mcu7t5v0__dffq_1)
                                 -0.500000  100.119316   clock uncertainty
                                  0.000000  100.119316   clock reconvergence pessimism
                                 -0.207806   99.911514   library setup time
                                             99.911514   data required time
---------------------------------------------------------------------------------------------
                                             99.911514   data required time
                                            -27.890726   data arrival time
---------------------------------------------------------------------------------------------
                                             72.020782   slack (MET)


Startpoint: RST_I (input port clocked by system_clock)
Endpoint: _888_ (rising edge-triggered flip-flop clocked by system_clock)
Path Group: system_clock
Path Type: max

Fanout         Cap        Slew       Delay        Time   Description
---------------------------------------------------------------------------------------------
                                  0.000000    0.000000   clock system_clock (rise edge)
                                  0.000000    0.000000   clock network delay (propagated)
                                 20.000000   20.000000 ^ input external delay
     1    0.008729    0.000000    0.000000   20.000000 ^ RST_I (in)
                                                         RST_I (net)
                      0.000283    0.000115   20.000116 ^ input10/I (gf180mcu_fd_sc_mcu7t5v0__dlyb_1)
    31    0.240654    3.895170    3.040979   23.041096 ^ input10/Z (gf180mcu_fd_sc_mcu7t5v0__dlyb_1)
                                                         net10 (net)
                      3.895329    0.014145   23.055241 ^ _430_/I (gf180mcu_fd_sc_mcu7t5v0__clkinv_1)
    16    0.119041    2.424379    1.956433   25.011673 v _430_/ZN (gf180mcu_fd_sc_mcu7t5v0__clkinv_1)
                                                         _103_ (net)
                      2.424486    0.009132   25.020805 v _491_/A1 (gf180mcu_fd_sc_mcu7t5v0__nand2_1)
     2    0.010294    0.647003    0.643770   25.664576 ^ _491_/ZN (gf180mcu_fd_sc_mcu7t5v0__nand2_1)
                                                         _155_ (net)
                      0.647003    0.000096   25.664671 ^ _492_/A2 (gf180mcu_fd_sc_mcu7t5v0__nor2_1)
     3    0.015503    0.502150    0.305995   25.970667 v _492_/ZN (gf180mcu_fd_sc_mcu7t5v0__nor2_1)
                                                         _156_ (net)
                      0.502150    0.000297   25.970963 v _503_/B (gf180mcu_fd_sc_mcu7t5v0__oai21_1)
     6    0.037534    1.230986    0.637710   26.608673 ^ _503_/ZN (gf180mcu_fd_sc_mcu7t5v0__oai21_1)
                                                         _167_ (net)
                      1.230986    0.000622   26.609295 ^ _579_/B (gf180mcu_fd_sc_mcu7t5v0__aoi211_1)
     2    0.015387    0.654955    0.468715   27.078011 v _579_/ZN (gf180mcu_fd_sc_mcu7t5v0__aoi211_1)
                                                         _230_ (net)
                      0.654955    0.000316   27.078325 v _586_/A2 (gf180mcu_fd_sc_mcu7t5v0__nor2_1)
     1    0.008458    0.419734    0.355255   27.433582 ^ _586_/ZN (gf180mcu_fd_sc_mcu7t5v0__nor2_1)
                                                         _236_ (net)
                      0.419734    0.000203   27.433784 ^ _587_/B (gf180mcu_fd_sc_mcu7t5v0__aoi21_1)
     1    0.004579    0.328719    0.223949   27.657732 v _587_/ZN (gf180mcu_fd_sc_mcu7t5v0__aoi21_1)
                                                         _022_ (net)
                      0.328719    0.000092   27.657825 v _888_/D (gf180mcu_fd_sc_mcu7t5v0__dffq_1)
                                             27.657825   data arrival time

                                100.000000  100.000000   clock system_clock (rise edge)
                                  0.000000  100.000000   clock source latency
     1    0.038592    0.000000    0.000000  100.000000 ^ CLK_I (in)
                                                         CLK_I (net)
                      0.003969    0.001627  100.001625 ^ clkbuf_0_CLK_I/I (gf180mcu_fd_sc_mcu7t5v0__clkbuf_16)
     8    0.199667    0.248974    0.319361  100.320984 ^ clkbuf_0_CLK_I/Z (gf180mcu_fd_sc_mcu7t5v0__clkbuf_16)
                                                         clknet_0_CLK_I (net)
                      0.248988    0.002885  100.323868 ^ clkbuf_3_4__f_CLK_I/I (gf180mcu_fd_sc_mcu7t5v0__clkbuf_16)
     9    0.077369    0.139552    0.294286  100.618156 ^ clkbuf_3_4__f_CLK_I/Z (gf180mcu_fd_sc_mcu7t5v0__clkbuf_16)
                                                         clknet_3_4__leaf_CLK_I (net)
                      0.139552    0.000085  100.618240 ^ _888_/CLK (gf180mcu_fd_sc_mcu7t5v0__dffq_1)
                                 -0.500000  100.118240   clock uncertainty
                                  0.000000  100.118240   clock reconvergence pessimism
                                 -0.289127   99.829109   library setup time
                                             99.829109   data required time
---------------------------------------------------------------------------------------------
                                             99.829109   data required time
                                            -27.657825   data arrival time
---------------------------------------------------------------------------------------------
                                             72.171288   slack (MET)


Startpoint: RST_I (input port clocked by system_clock)
Endpoint: _889_ (rising edge-triggered flip-flop clocked by system_clock)
Path Group: system_clock
Path Type: max

Fanout         Cap        Slew       Delay        Time   Description
---------------------------------------------------------------------------------------------
                                  0.000000    0.000000   clock system_clock (rise edge)
                                  0.000000    0.000000   clock network delay (propagated)
                                 20.000000   20.000000 ^ input external delay
     1    0.008729    0.000000    0.000000   20.000000 ^ RST_I (in)
                                                         RST_I (net)
                      0.000283    0.000115   20.000116 ^ input10/I (gf180mcu_fd_sc_mcu7t5v0__dlyb_1)
    31    0.240654    3.895170    3.040979   23.041096 ^ input10/Z (gf180mcu_fd_sc_mcu7t5v0__dlyb_1)
                                                         net10 (net)
                      3.895329    0.014145   23.055241 ^ _430_/I (gf180mcu_fd_sc_mcu7t5v0__clkinv_1)
    16    0.119041    2.424379    1.956433   25.011673 v _430_/ZN (gf180mcu_fd_sc_mcu7t5v0__clkinv_1)
                                                         _103_ (net)
                      2.424486    0.009132   25.020805 v _491_/A1 (gf180mcu_fd_sc_mcu7t5v0__nand2_1)
     2    0.010294    0.647003    0.643770   25.664576 ^ _491_/ZN (gf180mcu_fd_sc_mcu7t5v0__nand2_1)
                                                         _155_ (net)
                      0.647003    0.000096   25.664671 ^ _492_/A2 (gf180mcu_fd_sc_mcu7t5v0__nor2_1)
     3    0.015503    0.502150    0.305995   25.970667 v _492_/ZN (gf180mcu_fd_sc_mcu7t5v0__nor2_1)
                                                         _156_ (net)
                      0.502150    0.000297   25.970963 v _503_/B (gf180mcu_fd_sc_mcu7t5v0__oai21_1)
     6    0.037534    1.230986    0.637710   26.608673 ^ _503_/ZN (gf180mcu_fd_sc_mcu7t5v0__oai21_1)
                                                         _167_ (net)
                      1.230986    0.000611   26.609285 ^ _584_/B (gf180mcu_fd_sc_mcu7t5v0__aoi211_1)
     2    0.018853    0.696060    0.514845   27.124130 v _584_/ZN (gf180mcu_fd_sc_mcu7t5v0__aoi211_1)
                                                         _234_ (net)
                      0.696060    0.000339   27.124468 v _588_/A2 (gf180mcu_fd_sc_mcu7t5v0__nor2_1)
     1    0.006953    0.391411    0.336648   27.461117 ^ _588_/ZN (gf180mcu_fd_sc_mcu7t5v0__nor2_1)
                                                         _237_ (net)
                      0.391411    0.000146   27.461262 ^ _591_/A1 (gf180mcu_fd_sc_mcu7t5v0__nor2_1)
     1    0.003070    0.325922    0.111458   27.572720 v _591_/ZN (gf180mcu_fd_sc_mcu7t5v0__nor2_1)
                                                         _023_ (net)
                      0.325922    0.000030   27.572750 v _889_/D (gf180mcu_fd_sc_mcu7t5v0__dffq_1)
                                             27.572750   data arrival time

                                100.000000  100.000000   clock system_clock (rise edge)
                                  0.000000  100.000000   clock source latency
     1    0.038592    0.000000    0.000000  100.000000 ^ CLK_I (in)
                                                         CLK_I (net)
                      0.003969    0.001627  100.001625 ^ clkbuf_0_CLK_I/I (gf180mcu_fd_sc_mcu7t5v0__clkbuf_16)
     8    0.199667    0.248974    0.319361  100.320984 ^ clkbuf_0_CLK_I/Z (gf180mcu_fd_sc_mcu7t5v0__clkbuf_16)
                                                         clknet_0_CLK_I (net)
                      0.248988    0.002885  100.323868 ^ clkbuf_3_4__f_CLK_I/I (gf180mcu_fd_sc_mcu7t5v0__clkbuf_16)
     9    0.077369    0.139552    0.294286  100.618156 ^ clkbuf_3_4__f_CLK_I/Z (gf180mcu_fd_sc_mcu7t5v0__clkbuf_16)
                                                         clknet_3_4__leaf_CLK_I (net)
                      0.139552    0.000071  100.618225 ^ _889_/CLK (gf180mcu_fd_sc_mcu7t5v0__dffq_1)
                                 -0.500000  100.118225   clock uncertainty
                                  0.000000  100.118225   clock reconvergence pessimism
                                 -0.288192   99.830032   library setup time
                                             99.830032   data required time
---------------------------------------------------------------------------------------------
                                             99.830032   data required time
                                            -27.572750   data arrival time
---------------------------------------------------------------------------------------------
                                             72.257278   slack (MET)


Startpoint: RST_I (input port clocked by system_clock)
Endpoint: _836_ (rising edge-triggered flip-flop clocked by system_clock)
Path Group: system_clock
Path Type: max

Fanout         Cap        Slew       Delay        Time   Description
---------------------------------------------------------------------------------------------
                                  0.000000    0.000000   clock system_clock (rise edge)
                                  0.000000    0.000000   clock network delay (propagated)
                                 20.000000   20.000000 ^ input external delay
     1    0.008729    0.000000    0.000000   20.000000 ^ RST_I (in)
                                                         RST_I (net)
                      0.000283    0.000115   20.000116 ^ input10/I (gf180mcu_fd_sc_mcu7t5v0__dlyb_1)
    31    0.240654    3.895170    3.040979   23.041096 ^ input10/Z (gf180mcu_fd_sc_mcu7t5v0__dlyb_1)
                                                         net10 (net)
                      3.895329    0.014145   23.055241 ^ _430_/I (gf180mcu_fd_sc_mcu7t5v0__clkinv_1)
    16    0.119041    2.424379    1.956433   25.011673 v _430_/ZN (gf180mcu_fd_sc_mcu7t5v0__clkinv_1)
                                                         _103_ (net)
                      2.424509    0.010040   25.021713 v _680_/A2 (gf180mcu_fd_sc_mcu7t5v0__nand2_1)
     3    0.028135    0.957550    1.006894   26.028608 ^ _680_/ZN (gf180mcu_fd_sc_mcu7t5v0__nand2_1)
                                                         _321_ (net)
                      0.957550    0.000172   26.028780 ^ _760_/A2 (gf180mcu_fd_sc_mcu7t5v0__nor4_1)
     5    0.054220    1.266701    0.945757   26.974537 v _760_/ZN (gf180mcu_fd_sc_mcu7t5v0__nor4_1)
                                                         _383_ (net)
                      1.266701    0.000911   26.975449 v _761_/S (gf180mcu_fd_sc_mcu7t5v0__mux2_2)
     1    0.004931    0.152479    0.621231   27.596680 v _761_/Z (gf180mcu_fd_sc_mcu7t5v0__mux2_2)
                                                         _049_ (net)
                      0.152479    0.000103   27.596783 v _836_/D (gf180mcu_fd_sc_mcu7t5v0__dffq_1)
                                             27.596783   data arrival time

                                100.000000  100.000000   clock system_clock (rise edge)
                                  0.000000  100.000000   clock source latency
     1    0.038592    0.000000    0.000000  100.000000 ^ CLK_I (in)
                                                         CLK_I (net)
                      0.003969    0.001627  100.001625 ^ clkbuf_0_CLK_I/I (gf180mcu_fd_sc_mcu7t5v0__clkbuf_16)
     8    0.199667    0.248974    0.319361  100.320984 ^ clkbuf_0_CLK_I/Z (gf180mcu_fd_sc_mcu7t5v0__clkbuf_16)
                                                         clknet_0_CLK_I (net)
                      0.248986    0.002707  100.323692 ^ clkbuf_3_0__f_CLK_I/I (gf180mcu_fd_sc_mcu7t5v0__clkbuf_16)
     9    0.068177    0.131716    0.288317  100.612007 ^ clkbuf_3_0__f_CLK_I/Z (gf180mcu_fd_sc_mcu7t5v0__clkbuf_16)
                                                         clknet_3_0__leaf_CLK_I (net)
                      0.131722    0.001577  100.613586 ^ _836_/CLK (gf180mcu_fd_sc_mcu7t5v0__dffq_1)
                                 -0.500000  100.113586   clock uncertainty
                                  0.000000  100.113586   clock reconvergence pessimism
                                 -0.234510   99.879074   library setup time
                                             99.879074   data required time
---------------------------------------------------------------------------------------------
                                             99.879074   data required time
                                            -27.596783   data arrival time
---------------------------------------------------------------------------------------------
                                             72.282295   slack (MET)


Startpoint: RST_I (input port clocked by system_clock)
Endpoint: _839_ (rising edge-triggered flip-flop clocked by system_clock)
Path Group: system_clock
Path Type: max

Fanout         Cap        Slew       Delay        Time   Description
---------------------------------------------------------------------------------------------
                                  0.000000    0.000000   clock system_clock (rise edge)
                                  0.000000    0.000000   clock network delay (propagated)
                                 20.000000   20.000000 ^ input external delay
     1    0.008729    0.000000    0.000000   20.000000 ^ RST_I (in)
                                                         RST_I (net)
                      0.000283    0.000115   20.000116 ^ input10/I (gf180mcu_fd_sc_mcu7t5v0__dlyb_1)
    31    0.240654    3.895170    3.040979   23.041096 ^ input10/Z (gf180mcu_fd_sc_mcu7t5v0__dlyb_1)
                                                         net10 (net)
                      3.895329    0.014145   23.055241 ^ _430_/I (gf180mcu_fd_sc_mcu7t5v0__clkinv_1)
    16    0.119041    2.424379    1.956433   25.011673 v _430_/ZN (gf180mcu_fd_sc_mcu7t5v0__clkinv_1)
                                                         _103_ (net)
                      2.424509    0.010040   25.021713 v _680_/A2 (gf180mcu_fd_sc_mcu7t5v0__nand2_1)
     3    0.028135    0.957550    1.006894   26.028608 ^ _680_/ZN (gf180mcu_fd_sc_mcu7t5v0__nand2_1)
                                                         _321_ (net)
                      0.957550    0.000172   26.028780 ^ _760_/A2 (gf180mcu_fd_sc_mcu7t5v0__nor4_1)
     5    0.054220    1.266701    0.945757   26.974537 v _760_/ZN (gf180mcu_fd_sc_mcu7t5v0__nor4_1)
                                                         _383_ (net)
                      1.266714    0.002577   26.977114 v _766_/S (gf180mcu_fd_sc_mcu7t5v0__mux2_2)
     1    0.003868    0.145937    0.614264   27.591379 v _766_/Z (gf180mcu_fd_sc_mcu7t5v0__mux2_2)
                                                         _052_ (net)
                      0.145937    0.000075   27.591454 v _839_/D (gf180mcu_fd_sc_mcu7t5v0__dffq_1)
                                             27.591454   data arrival time

                                100.000000  100.000000   clock system_clock (rise edge)
                                  0.000000  100.000000   clock source latency
     1    0.038592    0.000000    0.000000  100.000000 ^ CLK_I (in)
                                                         CLK_I (net)
                      0.003969    0.001627  100.001625 ^ clkbuf_0_CLK_I/I (gf180mcu_fd_sc_mcu7t5v0__clkbuf_16)
     8    0.199667    0.248974    0.319361  100.320984 ^ clkbuf_0_CLK_I/Z (gf180mcu_fd_sc_mcu7t5v0__clkbuf_16)
                                                         clknet_0_CLK_I (net)
                      0.248993    0.003283  100.324265 ^ clkbuf_3_2__f_CLK_I/I (gf180mcu_fd_sc_mcu7t5v0__clkbuf_16)
    16    0.074071    0.136789    0.292310  100.616577 ^ clkbuf_3_2__f_CLK_I/Z (gf180mcu_fd_sc_mcu7t5v0__clkbuf_16)
                                                         clknet_3_2__leaf_CLK_I (net)
                      0.136791    0.000824  100.617401 ^ _839_/CLK (gf180mcu_fd_sc_mcu7t5v0__dffq_1)
                                 -0.500000  100.117401   clock uncertainty
                                  0.000000  100.117401   clock reconvergence pessimism
                                 -0.231272   99.886124   library setup time
                                             99.886124   data required time
---------------------------------------------------------------------------------------------
                                             99.886124   data required time
                                            -27.591454   data arrival time
---------------------------------------------------------------------------------------------
                                             72.294670   slack (MET)


Startpoint: RST_I (input port clocked by system_clock)
Endpoint: _887_ (rising edge-triggered flip-flop clocked by system_clock)
Path Group: system_clock
Path Type: max

Fanout         Cap        Slew       Delay        Time   Description
---------------------------------------------------------------------------------------------
                                  0.000000    0.000000   clock system_clock (rise edge)
                                  0.000000    0.000000   clock network delay (propagated)
                                 20.000000   20.000000 ^ input external delay
     1    0.008729    0.000000    0.000000   20.000000 ^ RST_I (in)
                                                         RST_I (net)
                      0.000283    0.000115   20.000116 ^ input10/I (gf180mcu_fd_sc_mcu7t5v0__dlyb_1)
    31    0.240654    3.895170    3.040979   23.041096 ^ input10/Z (gf180mcu_fd_sc_mcu7t5v0__dlyb_1)
                                                         net10 (net)
                      3.895329    0.014145   23.055241 ^ _430_/I (gf180mcu_fd_sc_mcu7t5v0__clkinv_1)
    16    0.119041    2.424379    1.956433   25.011673 v _430_/ZN (gf180mcu_fd_sc_mcu7t5v0__clkinv_1)
                                                         _103_ (net)
                      2.424486    0.009132   25.020805 v _491_/A1 (gf180mcu_fd_sc_mcu7t5v0__nand2_1)
     2    0.010294    0.647003    0.643770   25.664576 ^ _491_/ZN (gf180mcu_fd_sc_mcu7t5v0__nand2_1)
                                                         _155_ (net)
                      0.647003    0.000096   25.664671 ^ _492_/A2 (gf180mcu_fd_sc_mcu7t5v0__nor2_1)
     3    0.015503    0.502150    0.305995   25.970667 v _492_/ZN (gf180mcu_fd_sc_mcu7t5v0__nor2_1)
                                                         _156_ (net)
                      0.502150    0.000297   25.970963 v _503_/B (gf180mcu_fd_sc_mcu7t5v0__oai21_1)
     6    0.037534    1.230986    0.637710   26.608673 ^ _503_/ZN (gf180mcu_fd_sc_mcu7t5v0__oai21_1)
                                                         _167_ (net)
                      1.230986    0.000622   26.609295 ^ _579_/B (gf180mcu_fd_sc_mcu7t5v0__aoi211_1)
     2    0.015387    0.654955    0.468715   27.078011 v _579_/ZN (gf180mcu_fd_sc_mcu7t5v0__aoi211_1)
                                                         _230_ (net)
                      0.654955    0.000261   27.078272 v _582_/B2 (gf180mcu_fd_sc_mcu7t5v0__aoi22_1)
     1    0.004018    0.448054    0.403695   27.481966 ^ _582_/ZN (gf180mcu_fd_sc_mcu7t5v0__aoi22_1)
                                                         _021_ (net)
                      0.448054    0.000080   27.482046 ^ _887_/D (gf180mcu_fd_sc_mcu7t5v0__dffq_1)
                                             27.482046   data arrival time

                                100.000000  100.000000   clock system_clock (rise edge)
                                  0.000000  100.000000   clock source latency
     1    0.038592    0.000000    0.000000  100.000000 ^ CLK_I (in)
                                                         CLK_I (net)
                      0.003969    0.001627  100.001625 ^ clkbuf_0_CLK_I/I (gf180mcu_fd_sc_mcu7t5v0__clkbuf_16)
     8    0.199667    0.248974    0.319361  100.320984 ^ clkbuf_0_CLK_I/Z (gf180mcu_fd_sc_mcu7t5v0__clkbuf_16)
                                                         clknet_0_CLK_I (net)
                      0.248988    0.002885  100.323868 ^ clkbuf_3_4__f_CLK_I/I (gf180mcu_fd_sc_mcu7t5v0__clkbuf_16)
     9    0.077369    0.139552    0.294286  100.618156 ^ clkbuf_3_4__f_CLK_I/Z (gf180mcu_fd_sc_mcu7t5v0__clkbuf_16)
                                                         clknet_3_4__leaf_CLK_I (net)
                      0.139559    0.001727  100.619881 ^ _887_/CLK (gf180mcu_fd_sc_mcu7t5v0__dffq_1)
                                 -0.500000  100.119881   clock uncertainty
                                  0.000000  100.119881   clock reconvergence pessimism
                                 -0.241907   99.877975   library setup time
                                             99.877975   data required time
---------------------------------------------------------------------------------------------
                                             99.877975   data required time
                                            -27.482046   data arrival time
---------------------------------------------------------------------------------------------
                                             72.395927   slack (MET)


Startpoint: RST_I (input port clocked by system_clock)
Endpoint: _837_ (rising edge-triggered flip-flop clocked by system_clock)
Path Group: system_clock
Path Type: max

Fanout         Cap        Slew       Delay        Time   Description
---------------------------------------------------------------------------------------------
                                  0.000000    0.000000   clock system_clock (rise edge)
                                  0.000000    0.000000   clock network delay (propagated)
                                 20.000000   20.000000 ^ input external delay
     1    0.008729    0.000000    0.000000   20.000000 ^ RST_I (in)
                                                         RST_I (net)
                      0.000283    0.000115   20.000116 ^ input10/I (gf180mcu_fd_sc_mcu7t5v0__dlyb_1)
    31    0.240654    3.895170    3.040979   23.041096 ^ input10/Z (gf180mcu_fd_sc_mcu7t5v0__dlyb_1)
                                                         net10 (net)
                      3.895329    0.014145   23.055241 ^ _430_/I (gf180mcu_fd_sc_mcu7t5v0__clkinv_1)
    16    0.119041    2.424379    1.956433   25.011673 v _430_/ZN (gf180mcu_fd_sc_mcu7t5v0__clkinv_1)
                                                         _103_ (net)
                      2.424509    0.010040   25.021713 v _680_/A2 (gf180mcu_fd_sc_mcu7t5v0__nand2_1)
     3    0.028135    0.957550    1.006894   26.028608 ^ _680_/ZN (gf180mcu_fd_sc_mcu7t5v0__nand2_1)
                                                         _321_ (net)
                      0.957550    0.000172   26.028780 ^ _760_/A2 (gf180mcu_fd_sc_mcu7t5v0__nor4_1)
     5    0.054220    1.266701    0.945757   26.974537 v _760_/ZN (gf180mcu_fd_sc_mcu7t5v0__nor4_1)
                                                         _383_ (net)
                      1.266712    0.002212   26.976749 v _763_/A1 (gf180mcu_fd_sc_mcu7t5v0__oai21_1)
     1    0.003291    0.402480    0.469395   27.446144 ^ _763_/ZN (gf180mcu_fd_sc_mcu7t5v0__oai21_1)
                                                         _050_ (net)
                      0.402480    0.000060   27.446205 ^ _837_/D (gf180mcu_fd_sc_mcu7t5v0__dffq_1)
                                             27.446205   data arrival time

                                100.000000  100.000000   clock system_clock (rise edge)
                                  0.000000  100.000000   clock source latency
     1    0.038592    0.000000    0.000000  100.000000 ^ CLK_I (in)
                                                         CLK_I (net)
                      0.003969    0.001627  100.001625 ^ clkbuf_0_CLK_I/I (gf180mcu_fd_sc_mcu7t5v0__clkbuf_16)
     8    0.199667    0.248974    0.319361  100.320984 ^ clkbuf_0_CLK_I/Z (gf180mcu_fd_sc_mcu7t5v0__clkbuf_16)
                                                         clknet_0_CLK_I (net)
                      0.248993    0.003283  100.324265 ^ clkbuf_3_2__f_CLK_I/I (gf180mcu_fd_sc_mcu7t5v0__clkbuf_16)
    16    0.074071    0.136789    0.292310  100.616577 ^ clkbuf_3_2__f_CLK_I/Z (gf180mcu_fd_sc_mcu7t5v0__clkbuf_16)
                                                         clknet_3_2__leaf_CLK_I (net)
                      0.136790    0.000497  100.617073 ^ _837_/CLK (gf180mcu_fd_sc_mcu7t5v0__dffq_1)
                                 -0.500000  100.117073   clock uncertainty
                                  0.000000  100.117073   clock reconvergence pessimism
                                 -0.239465   99.877609   library setup time
                                             99.877609   data required time
---------------------------------------------------------------------------------------------
                                             99.877609   data required time
                                            -27.446205   data arrival time
---------------------------------------------------------------------------------------------
                                             72.431396   slack (MET)


Startpoint: RST_I (input port clocked by system_clock)
Endpoint: _838_ (rising edge-triggered flip-flop clocked by system_clock)
Path Group: system_clock
Path Type: max

Fanout         Cap        Slew       Delay        Time   Description
---------------------------------------------------------------------------------------------
                                  0.000000    0.000000   clock system_clock (rise edge)
                                  0.000000    0.000000   clock network delay (propagated)
                                 20.000000   20.000000 ^ input external delay
     1    0.008729    0.000000    0.000000   20.000000 ^ RST_I (in)
                                                         RST_I (net)
                      0.000283    0.000115   20.000116 ^ input10/I (gf180mcu_fd_sc_mcu7t5v0__dlyb_1)
    31    0.240654    3.895170    3.040979   23.041096 ^ input10/Z (gf180mcu_fd_sc_mcu7t5v0__dlyb_1)
                                                         net10 (net)
                      3.895329    0.014145   23.055241 ^ _430_/I (gf180mcu_fd_sc_mcu7t5v0__clkinv_1)
    16    0.119041    2.424379    1.956433   25.011673 v _430_/ZN (gf180mcu_fd_sc_mcu7t5v0__clkinv_1)
                                                         _103_ (net)
                      2.424509    0.010040   25.021713 v _680_/A2 (gf180mcu_fd_sc_mcu7t5v0__nand2_1)
     3    0.028135    0.957550    1.006894   26.028608 ^ _680_/ZN (gf180mcu_fd_sc_mcu7t5v0__nand2_1)
                                                         _321_ (net)
                      0.957550    0.000172   26.028780 ^ _760_/A2 (gf180mcu_fd_sc_mcu7t5v0__nor4_1)
     5    0.054220    1.266701    0.945757   26.974537 v _760_/ZN (gf180mcu_fd_sc_mcu7t5v0__nor4_1)
                                                         _383_ (net)
                      1.266712    0.002247   26.976784 v _765_/A1 (gf180mcu_fd_sc_mcu7t5v0__oai21_1)
     1    0.003041    0.397363    0.463345   27.440128 ^ _765_/ZN (gf180mcu_fd_sc_mcu7t5v0__oai21_1)
                                                         _051_ (net)
                      0.397363    0.000030   27.440159 ^ _838_/D (gf180mcu_fd_sc_mcu7t5v0__dffq_1)
                                             27.440159   data arrival time

                                100.000000  100.000000   clock system_clock (rise edge)
                                  0.000000  100.000000   clock source latency
     1    0.038592    0.000000    0.000000  100.000000 ^ CLK_I (in)
                                                         CLK_I (net)
                      0.003969    0.001627  100.001625 ^ clkbuf_0_CLK_I/I (gf180mcu_fd_sc_mcu7t5v0__clkbuf_16)
     8    0.199667    0.248974    0.319361  100.320984 ^ clkbuf_0_CLK_I/Z (gf180mcu_fd_sc_mcu7t5v0__clkbuf_16)
                                                         clknet_0_CLK_I (net)
                      0.248993    0.003283  100.324265 ^ clkbuf_3_2__f_CLK_I/I (gf180mcu_fd_sc_mcu7t5v0__clkbuf_16)
    16    0.074071    0.136789    0.292310  100.616577 ^ clkbuf_3_2__f_CLK_I/Z (gf180mcu_fd_sc_mcu7t5v0__clkbuf_16)
                                                         clknet_3_2__leaf_CLK_I (net)
                      0.136790    0.000597  100.617172 ^ _838_/CLK (gf180mcu_fd_sc_mcu7t5v0__dffq_1)
                                 -0.500000  100.117172   clock uncertainty
                                  0.000000  100.117172   clock reconvergence pessimism
                                 -0.239122   99.878052   library setup time
                                             99.878052   data required time
---------------------------------------------------------------------------------------------
                                             99.878052   data required time
                                            -27.440159   data arrival time
---------------------------------------------------------------------------------------------
                                             72.437897   slack (MET)


Startpoint: RST_I (input port clocked by system_clock)
Endpoint: _820_ (rising edge-triggered flip-flop clocked by system_clock)
Path Group: system_clock
Path Type: max

Fanout         Cap        Slew       Delay        Time   Description
---------------------------------------------------------------------------------------------
                                  0.000000    0.000000   clock system_clock (rise edge)
                                  0.000000    0.000000   clock network delay (propagated)
                                 20.000000   20.000000 ^ input external delay
     1    0.008729    0.000000    0.000000   20.000000 ^ RST_I (in)
                                                         RST_I (net)
                      0.000283    0.000115   20.000116 ^ input10/I (gf180mcu_fd_sc_mcu7t5v0__dlyb_1)
    31    0.240654    3.895170    3.040979   23.041096 ^ input10/Z (gf180mcu_fd_sc_mcu7t5v0__dlyb_1)
                                                         net10 (net)
                      3.895329    0.014145   23.055241 ^ _430_/I (gf180mcu_fd_sc_mcu7t5v0__clkinv_1)
    16    0.119041    2.424379    1.956433   25.011673 v _430_/ZN (gf180mcu_fd_sc_mcu7t5v0__clkinv_1)
                                                         _103_ (net)
                      2.424502    0.009779   25.021452 v _678_/B (gf180mcu_fd_sc_mcu7t5v0__oai21_1)
     2    0.009789    0.805641    0.827148   25.848600 ^ _678_/ZN (gf180mcu_fd_sc_mcu7t5v0__oai21_1)
                                                         _319_ (net)
                      0.805641    0.000083   25.848684 ^ _681_/A3 (gf180mcu_fd_sc_mcu7t5v0__nor4_1)
     5    0.053090    1.247056    0.929012   26.777695 v _681_/ZN (gf180mcu_fd_sc_mcu7t5v0__nor4_1)
                                                         _322_ (net)
                      1.247060    0.003100   26.780796 v _686_/S (gf180mcu_fd_sc_mcu7t5v0__mux2_2)
     1    0.003105    0.153356    0.617577   27.398373 ^ _686_/Z (gf180mcu_fd_sc_mcu7t5v0__mux2_2)
                                                         _033_ (net)
                      0.153356    0.000032   27.398405 ^ _820_/D (gf180mcu_fd_sc_mcu7t5v0__dffq_1)
                                             27.398405   data arrival time

                                100.000000  100.000000   clock system_clock (rise edge)
                                  0.000000  100.000000   clock source latency
     1    0.038592    0.000000    0.000000  100.000000 ^ CLK_I (in)
                                                         CLK_I (net)
                      0.003969    0.001627  100.001625 ^ clkbuf_0_CLK_I/I (gf180mcu_fd_sc_mcu7t5v0__clkbuf_16)
     8    0.199667    0.248974    0.319361  100.320984 ^ clkbuf_0_CLK_I/Z (gf180mcu_fd_sc_mcu7t5v0__clkbuf_16)
                                                         clknet_0_CLK_I (net)
                      0.248985    0.002551  100.323532 ^ clkbuf_3_7__f_CLK_I/I (gf180mcu_fd_sc_mcu7t5v0__clkbuf_16)
    14    0.077685    0.139872    0.294648  100.618187 ^ clkbuf_3_7__f_CLK_I/Z (gf180mcu_fd_sc_mcu7t5v0__clkbuf_16)
                                                         clknet_3_7__leaf_CLK_I (net)
                      0.139872    0.000050  100.618233 ^ _820_/CLK (gf180mcu_fd_sc_mcu7t5v0__dffq_1)
                                 -0.500000  100.118233   clock uncertainty
                                  0.000000  100.118233   clock reconvergence pessimism
                                 -0.214902   99.903328   library setup time
                                             99.903328   data required time
---------------------------------------------------------------------------------------------
                                             99.903328   data required time
                                            -27.398405   data arrival time
---------------------------------------------------------------------------------------------
                                             72.504921   slack (MET)


Startpoint: RST_I (input port clocked by system_clock)
Endpoint: _885_ (rising edge-triggered flip-flop clocked by system_clock)
Path Group: system_clock
Path Type: max

Fanout         Cap        Slew       Delay        Time   Description
---------------------------------------------------------------------------------------------
                                  0.000000    0.000000   clock system_clock (rise edge)
                                  0.000000    0.000000   clock network delay (propagated)
                                 20.000000   20.000000 ^ input external delay
     1    0.008729    0.000000    0.000000   20.000000 ^ RST_I (in)
                                                         RST_I (net)
                      0.000283    0.000115   20.000116 ^ input10/I (gf180mcu_fd_sc_mcu7t5v0__dlyb_1)
    31    0.240654    3.895170    3.040979   23.041096 ^ input10/Z (gf180mcu_fd_sc_mcu7t5v0__dlyb_1)
                                                         net10 (net)
                      3.895329    0.014145   23.055241 ^ _430_/I (gf180mcu_fd_sc_mcu7t5v0__clkinv_1)
    16    0.119041    2.424379    1.956433   25.011673 v _430_/ZN (gf180mcu_fd_sc_mcu7t5v0__clkinv_1)
                                                         _103_ (net)
                      2.424486    0.009132   25.020805 v _491_/A1 (gf180mcu_fd_sc_mcu7t5v0__nand2_1)
     2    0.010294    0.647003    0.643770   25.664576 ^ _491_/ZN (gf180mcu_fd_sc_mcu7t5v0__nand2_1)
                                                         _155_ (net)
                      0.647003    0.000096   25.664671 ^ _492_/A2 (gf180mcu_fd_sc_mcu7t5v0__nor2_1)
     3    0.015503    0.502150    0.305995   25.970667 v _492_/ZN (gf180mcu_fd_sc_mcu7t5v0__nor2_1)
                                                         _156_ (net)
                      0.502150    0.000297   25.970963 v _503_/B (gf180mcu_fd_sc_mcu7t5v0__oai21_1)
     6    0.037534    1.230986    0.637710   26.608673 ^ _503_/ZN (gf180mcu_fd_sc_mcu7t5v0__oai21_1)
                                                         _167_ (net)
                      1.230986    0.000551   26.609224 ^ _571_/A1 (gf180mcu_fd_sc_mcu7t5v0__nor4_1)
     1    0.008460    0.619148    0.292927   26.902151 v _571_/ZN (gf180mcu_fd_sc_mcu7t5v0__nor4_1)
                                                         _224_ (net)
                      0.619148    0.000133   26.902285 v _572_/B (gf180mcu_fd_sc_mcu7t5v0__aoi211_1)
     1    0.003677    0.538462    0.448445   27.350729 ^ _572_/ZN (gf180mcu_fd_sc_mcu7t5v0__aoi211_1)
                                                         _019_ (net)
                      0.538462    0.000069   27.350798 ^ _885_/D (gf180mcu_fd_sc_mcu7t5v0__dffq_1)
                                             27.350798   data arrival time

                                100.000000  100.000000   clock system_clock (rise edge)
                                  0.000000  100.000000   clock source latency
     1    0.038592    0.000000    0.000000  100.000000 ^ CLK_I (in)
                                                         CLK_I (net)
                      0.003969    0.001627  100.001625 ^ clkbuf_0_CLK_I/I (gf180mcu_fd_sc_mcu7t5v0__clkbuf_16)
     8    0.199667    0.248974    0.319361  100.320984 ^ clkbuf_0_CLK_I/Z (gf180mcu_fd_sc_mcu7t5v0__clkbuf_16)
                                                         clknet_0_CLK_I (net)
                      0.248988    0.002885  100.323868 ^ clkbuf_3_4__f_CLK_I/I (gf180mcu_fd_sc_mcu7t5v0__clkbuf_16)
     9    0.077369    0.139552    0.294286  100.618156 ^ clkbuf_3_4__f_CLK_I/Z (gf180mcu_fd_sc_mcu7t5v0__clkbuf_16)
                                                         clknet_3_4__leaf_CLK_I (net)
                      0.139560    0.001847  100.620003 ^ _885_/CLK (gf180mcu_fd_sc_mcu7t5v0__dffq_1)
                                 -0.500000  100.120003   clock uncertainty
                                  0.000000  100.120003   clock reconvergence pessimism
                                 -0.247937   99.872063   library setup time
                                             99.872063   data required time
---------------------------------------------------------------------------------------------
                                             99.872063   data required time
                                            -27.350798   data arrival time
---------------------------------------------------------------------------------------------
                                             72.521263   slack (MET)


Startpoint: RST_I (input port clocked by system_clock)
Endpoint: _884_ (rising edge-triggered flip-flop clocked by system_clock)
Path Group: system_clock
Path Type: max

Fanout         Cap        Slew       Delay        Time   Description
---------------------------------------------------------------------------------------------
                                  0.000000    0.000000   clock system_clock (rise edge)
                                  0.000000    0.000000   clock network delay (propagated)
                                 20.000000   20.000000 ^ input external delay
     1    0.008729    0.000000    0.000000   20.000000 ^ RST_I (in)
                                                         RST_I (net)
                      0.000283    0.000115   20.000116 ^ input10/I (gf180mcu_fd_sc_mcu7t5v0__dlyb_1)
    31    0.240654    3.895170    3.040979   23.041096 ^ input10/Z (gf180mcu_fd_sc_mcu7t5v0__dlyb_1)
                                                         net10 (net)
                      3.895329    0.014145   23.055241 ^ _430_/I (gf180mcu_fd_sc_mcu7t5v0__clkinv_1)
    16    0.119041    2.424379    1.956433   25.011673 v _430_/ZN (gf180mcu_fd_sc_mcu7t5v0__clkinv_1)
                                                         _103_ (net)
                      2.424486    0.009132   25.020805 v _491_/A1 (gf180mcu_fd_sc_mcu7t5v0__nand2_1)
     2    0.010294    0.647003    0.643770   25.664576 ^ _491_/ZN (gf180mcu_fd_sc_mcu7t5v0__nand2_1)
                                                         _155_ (net)
                      0.647003    0.000096   25.664671 ^ _492_/A2 (gf180mcu_fd_sc_mcu7t5v0__nor2_1)
     3    0.015503    0.502150    0.305995   25.970667 v _492_/ZN (gf180mcu_fd_sc_mcu7t5v0__nor2_1)
                                                         _156_ (net)
                      0.502150    0.000297   25.970963 v _503_/B (gf180mcu_fd_sc_mcu7t5v0__oai21_1)
     6    0.037534    1.230986    0.637710   26.608673 ^ _503_/ZN (gf180mcu_fd_sc_mcu7t5v0__oai21_1)
                                                         _167_ (net)
                      1.230986    0.000389   26.609062 ^ _567_/A1 (gf180mcu_fd_sc_mcu7t5v0__nor4_1)
     1    0.007524    0.520017    0.273053   26.882114 v _567_/ZN (gf180mcu_fd_sc_mcu7t5v0__nor4_1)
                                                         _221_ (net)
                      0.520017    0.000174   26.882290 v _568_/C (gf180mcu_fd_sc_mcu7t5v0__aoi211_1)
     1    0.003907    0.530493    0.432374   27.314663 ^ _568_/ZN (gf180mcu_fd_sc_mcu7t5v0__aoi211_1)
                                                         _018_ (net)
                      0.530493    0.000075   27.314737 ^ _884_/D (gf180mcu_fd_sc_mcu7t5v0__dffq_1)
                                             27.314737   data arrival time

                                100.000000  100.000000   clock system_clock (rise edge)
                                  0.000000  100.000000   clock source latency
     1    0.038592    0.000000    0.000000  100.000000 ^ CLK_I (in)
                                                         CLK_I (net)
                      0.003969    0.001627  100.001625 ^ clkbuf_0_CLK_I/I (gf180mcu_fd_sc_mcu7t5v0__clkbuf_16)
     8    0.199667    0.248974    0.319361  100.320984 ^ clkbuf_0_CLK_I/Z (gf180mcu_fd_sc_mcu7t5v0__clkbuf_16)
                                                         clknet_0_CLK_I (net)
                      0.248988    0.002885  100.323868 ^ clkbuf_3_4__f_CLK_I/I (gf180mcu_fd_sc_mcu7t5v0__clkbuf_16)
     9    0.077369    0.139552    0.294286  100.618156 ^ clkbuf_3_4__f_CLK_I/Z (gf180mcu_fd_sc_mcu7t5v0__clkbuf_16)
                                                         clknet_3_4__leaf_CLK_I (net)
                      0.139561    0.001911  100.620064 ^ _884_/CLK (gf180mcu_fd_sc_mcu7t5v0__dffq_1)
                                 -0.500000  100.120064   clock uncertainty
                                  0.000000  100.120064   clock reconvergence pessimism
                                 -0.247405   99.872658   library setup time
                                             99.872658   data required time
---------------------------------------------------------------------------------------------
                                             99.872658   data required time
                                            -27.314737   data arrival time
---------------------------------------------------------------------------------------------
                                             72.557922   slack (MET)


Startpoint: RST_I (input port clocked by system_clock)
Endpoint: _883_ (rising edge-triggered flip-flop clocked by system_clock)
Path Group: system_clock
Path Type: max

Fanout         Cap        Slew       Delay        Time   Description
---------------------------------------------------------------------------------------------
                                  0.000000    0.000000   clock system_clock (rise edge)
                                  0.000000    0.000000   clock network delay (propagated)
                                 20.000000   20.000000 ^ input external delay
     1    0.008729    0.000000    0.000000   20.000000 ^ RST_I (in)
                                                         RST_I (net)
                      0.000283    0.000115   20.000116 ^ input10/I (gf180mcu_fd_sc_mcu7t5v0__dlyb_1)
    31    0.240654    3.895170    3.040979   23.041096 ^ input10/Z (gf180mcu_fd_sc_mcu7t5v0__dlyb_1)
                                                         net10 (net)
                      3.895329    0.014145   23.055241 ^ _430_/I (gf180mcu_fd_sc_mcu7t5v0__clkinv_1)
    16    0.119041    2.424379    1.956433   25.011673 v _430_/ZN (gf180mcu_fd_sc_mcu7t5v0__clkinv_1)
                                                         _103_ (net)
                      2.424486    0.009132   25.020805 v _491_/A1 (gf180mcu_fd_sc_mcu7t5v0__nand2_1)
     2    0.010294    0.647003    0.643770   25.664576 ^ _491_/ZN (gf180mcu_fd_sc_mcu7t5v0__nand2_1)
                                                         _155_ (net)
                      0.647003    0.000096   25.664671 ^ _492_/A2 (gf180mcu_fd_sc_mcu7t5v0__nor2_1)
     3    0.015503    0.502150    0.305995   25.970667 v _492_/ZN (gf180mcu_fd_sc_mcu7t5v0__nor2_1)
                                                         _156_ (net)
                      0.502150    0.000377   25.971043 v _555_/A4 (gf180mcu_fd_sc_mcu7t5v0__nand4_1)
     5    0.040728    1.192491    0.845290   26.816334 ^ _555_/ZN (gf180mcu_fd_sc_mcu7t5v0__nand4_1)
                                                         _211_ (net)
                      1.192492    0.001926   26.818258 ^ _563_/A2 (gf180mcu_fd_sc_mcu7t5v0__oai221_1)
     1    0.003927    0.491785    0.326004   27.144262 v _563_/ZN (gf180mcu_fd_sc_mcu7t5v0__oai221_1)
                                                         _017_ (net)
                      0.491785    0.000044   27.144306 v _883_/D (gf180mcu_fd_sc_mcu7t5v0__dffq_1)
                                             27.144306   data arrival time

                                100.000000  100.000000   clock system_clock (rise edge)
                                  0.000000  100.000000   clock source latency
     1    0.038592    0.000000    0.000000  100.000000 ^ CLK_I (in)
                                                         CLK_I (net)
                      0.003969    0.001627  100.001625 ^ clkbuf_0_CLK_I/I (gf180mcu_fd_sc_mcu7t5v0__clkbuf_16)
     8    0.199667    0.248974    0.319361  100.320984 ^ clkbuf_0_CLK_I/Z (gf180mcu_fd_sc_mcu7t5v0__clkbuf_16)
                                                         clknet_0_CLK_I (net)
                      0.248986    0.002672  100.323654 ^ clkbuf_3_1__f_CLK_I/I (gf180mcu_fd_sc_mcu7t5v0__clkbuf_16)
    10    0.060680    0.125309    0.283393  100.607048 ^ clkbuf_3_1__f_CLK_I/Z (gf180mcu_fd_sc_mcu7t5v0__clkbuf_16)
                                                         clknet_3_1__leaf_CLK_I (net)
                      0.125312    0.001165  100.608215 ^ _883_/CLK (gf180mcu_fd_sc_mcu7t5v0__dffq_1)
                                 -0.500000  100.108215   clock uncertainty
                                  0.000000  100.108215   clock reconvergence pessimism
                                 -0.353207   99.755013   library setup time
                                             99.755013   data required time
---------------------------------------------------------------------------------------------
                                             99.755013   data required time
                                            -27.144306   data arrival time
---------------------------------------------------------------------------------------------
                                             72.610703   slack (MET)


Startpoint: RST_I (input port clocked by system_clock)
Endpoint: _882_ (rising edge-triggered flip-flop clocked by system_clock)
Path Group: system_clock
Path Type: max

Fanout         Cap        Slew       Delay        Time   Description
---------------------------------------------------------------------------------------------
                                  0.000000    0.000000   clock system_clock (rise edge)
                                  0.000000    0.000000   clock network delay (propagated)
                                 20.000000   20.000000 ^ input external delay
     1    0.008729    0.000000    0.000000   20.000000 ^ RST_I (in)
                                                         RST_I (net)
                      0.000283    0.000115   20.000116 ^ input10/I (gf180mcu_fd_sc_mcu7t5v0__dlyb_1)
    31    0.240654    3.895170    3.040979   23.041096 ^ input10/Z (gf180mcu_fd_sc_mcu7t5v0__dlyb_1)
                                                         net10 (net)
                      3.895329    0.014145   23.055241 ^ _430_/I (gf180mcu_fd_sc_mcu7t5v0__clkinv_1)
    16    0.119041    2.424379    1.956433   25.011673 v _430_/ZN (gf180mcu_fd_sc_mcu7t5v0__clkinv_1)
                                                         _103_ (net)
                      2.424486    0.009132   25.020805 v _491_/A1 (gf180mcu_fd_sc_mcu7t5v0__nand2_1)
     2    0.010294    0.647003    0.643770   25.664576 ^ _491_/ZN (gf180mcu_fd_sc_mcu7t5v0__nand2_1)
                                                         _155_ (net)
                      0.647003    0.000096   25.664671 ^ _502_/C (gf180mcu_fd_sc_mcu7t5v0__aoi211_1)
     5    0.035104    0.905170    0.624356   26.289026 v _502_/ZN (gf180mcu_fd_sc_mcu7t5v0__aoi211_1)
                                                         _166_ (net)
                      0.905171    0.001160   26.290186 v _558_/A2 (gf180mcu_fd_sc_mcu7t5v0__nand2_1)
     3    0.016625    0.494487    0.495849   26.786036 ^ _558_/ZN (gf180mcu_fd_sc_mcu7t5v0__nand2_1)
                                                         _214_ (net)
                      0.494487    0.000252   26.786287 ^ _559_/A2 (gf180mcu_fd_sc_mcu7t5v0__nand2_1)
     1    0.005358    0.354808    0.128910   26.915197 v _559_/ZN (gf180mcu_fd_sc_mcu7t5v0__nand2_1)
                                                         _215_ (net)
                      0.354808    0.000103   26.915300 v _560_/C (gf180mcu_fd_sc_mcu7t5v0__oai221_1)
     1    0.003230    0.736284    0.316220   27.231522 ^ _560_/ZN (gf180mcu_fd_sc_mcu7t5v0__oai221_1)
                                                         _016_ (net)
                      0.736284    0.000032   27.231552 ^ _882_/D (gf180mcu_fd_sc_mcu7t5v0__dffq_1)
                                             27.231552   data arrival time

                                100.000000  100.000000   clock system_clock (rise edge)
                                  0.000000  100.000000   clock source latency
     1    0.038592    0.000000    0.000000  100.000000 ^ CLK_I (in)
                                                         CLK_I (net)
                      0.003969    0.001627  100.001625 ^ clkbuf_0_CLK_I/I (gf180mcu_fd_sc_mcu7t5v0__clkbuf_16)
     8    0.199667    0.248974    0.319361  100.320984 ^ clkbuf_0_CLK_I/Z (gf180mcu_fd_sc_mcu7t5v0__clkbuf_16)
                                                         clknet_0_CLK_I (net)
                      0.248986    0.002672  100.323654 ^ clkbuf_3_1__f_CLK_I/I (gf180mcu_fd_sc_mcu7t5v0__clkbuf_16)
    10    0.060680    0.125309    0.283393  100.607048 ^ clkbuf_3_1__f_CLK_I/Z (gf180mcu_fd_sc_mcu7t5v0__clkbuf_16)
                                                         clknet_3_1__leaf_CLK_I (net)
                      0.125312    0.001172  100.608223 ^ _882_/CLK (gf180mcu_fd_sc_mcu7t5v0__dffq_1)
                                 -0.500000  100.108223   clock uncertainty
                                  0.000000  100.108223   clock reconvergence pessimism
                                 -0.255539   99.852676   library setup time
                                             99.852676   data required time
---------------------------------------------------------------------------------------------
                                             99.852676   data required time
                                            -27.231552   data arrival time
---------------------------------------------------------------------------------------------
                                             72.621132   slack (MET)


Startpoint: RST_I (input port clocked by system_clock)
Endpoint: _886_ (rising edge-triggered flip-flop clocked by system_clock)
Path Group: system_clock
Path Type: max

Fanout         Cap        Slew       Delay        Time   Description
---------------------------------------------------------------------------------------------
                                  0.000000    0.000000   clock system_clock (rise edge)
                                  0.000000    0.000000   clock network delay (propagated)
                                 20.000000   20.000000 ^ input external delay
     1    0.008729    0.000000    0.000000   20.000000 ^ RST_I (in)
                                                         RST_I (net)
                      0.000283    0.000115   20.000116 ^ input10/I (gf180mcu_fd_sc_mcu7t5v0__dlyb_1)
    31    0.240654    3.895170    3.040979   23.041096 ^ input10/Z (gf180mcu_fd_sc_mcu7t5v0__dlyb_1)
                                                         net10 (net)
                      3.895329    0.014145   23.055241 ^ _430_/I (gf180mcu_fd_sc_mcu7t5v0__clkinv_1)
    16    0.119041    2.424379    1.956433   25.011673 v _430_/ZN (gf180mcu_fd_sc_mcu7t5v0__clkinv_1)
                                                         _103_ (net)
                      2.424486    0.009132   25.020805 v _491_/A1 (gf180mcu_fd_sc_mcu7t5v0__nand2_1)
     2    0.010294    0.647003    0.643770   25.664576 ^ _491_/ZN (gf180mcu_fd_sc_mcu7t5v0__nand2_1)
                                                         _155_ (net)
                      0.647003    0.000096   25.664671 ^ _492_/A2 (gf180mcu_fd_sc_mcu7t5v0__nor2_1)
     3    0.015503    0.502150    0.305995   25.970667 v _492_/ZN (gf180mcu_fd_sc_mcu7t5v0__nor2_1)
                                                         _156_ (net)
                      0.502150    0.000377   25.971043 v _555_/A4 (gf180mcu_fd_sc_mcu7t5v0__nand4_1)
     5    0.040728    1.192491    0.845290   26.816334 ^ _555_/ZN (gf180mcu_fd_sc_mcu7t5v0__nand4_1)
                                                         _211_ (net)
                      1.192492    0.001737   26.818069 ^ _576_/A1 (gf180mcu_fd_sc_mcu7t5v0__nand2_1)
     1    0.006460    0.355494    0.179863   26.997934 v _576_/ZN (gf180mcu_fd_sc_mcu7t5v0__nand2_1)
                                                         _228_ (net)
                      0.355494    0.000131   26.998064 v _577_/B2 (gf180mcu_fd_sc_mcu7t5v0__oai32_1)
     1    0.003416    0.779542    0.242824   27.240889 ^ _577_/ZN (gf180mcu_fd_sc_mcu7t5v0__oai32_1)
                                                         _020_ (net)
                      0.779542    0.000036   27.240925 ^ _886_/D (gf180mcu_fd_sc_mcu7t5v0__dffq_1)
                                             27.240925   data arrival time

                                100.000000  100.000000   clock system_clock (rise edge)
                                  0.000000  100.000000   clock source latency
     1    0.038592    0.000000    0.000000  100.000000 ^ CLK_I (in)
                                                         CLK_I (net)
                      0.003969    0.001627  100.001625 ^ clkbuf_0_CLK_I/I (gf180mcu_fd_sc_mcu7t5v0__clkbuf_16)
     8    0.199667    0.248974    0.319361  100.320984 ^ clkbuf_0_CLK_I/Z (gf180mcu_fd_sc_mcu7t5v0__clkbuf_16)
                                                         clknet_0_CLK_I (net)
                      0.248988    0.002885  100.323868 ^ clkbuf_3_4__f_CLK_I/I (gf180mcu_fd_sc_mcu7t5v0__clkbuf_16)
     9    0.077369    0.139552    0.294286  100.618156 ^ clkbuf_3_4__f_CLK_I/Z (gf180mcu_fd_sc_mcu7t5v0__clkbuf_16)
                                                         clknet_3_4__leaf_CLK_I (net)
                      0.139561    0.001918  100.620071 ^ _886_/CLK (gf180mcu_fd_sc_mcu7t5v0__dffq_1)
                                 -0.500000  100.120071   clock uncertainty
                                  0.000000  100.120071   clock reconvergence pessimism
                                 -0.252124   99.867950   library setup time
                                             99.867950   data required time
---------------------------------------------------------------------------------------------
                                             99.867950   data required time
                                            -27.240925   data arrival time
---------------------------------------------------------------------------------------------
                                             72.627029   slack (MET)


Startpoint: RST_I (input port clocked by system_clock)
Endpoint: _819_ (rising edge-triggered flip-flop clocked by system_clock)
Path Group: system_clock
Path Type: max

Fanout         Cap        Slew       Delay        Time   Description
---------------------------------------------------------------------------------------------
                                  0.000000    0.000000   clock system_clock (rise edge)
                                  0.000000    0.000000   clock network delay (propagated)
                                 20.000000   20.000000 ^ input external delay
     1    0.008729    0.000000    0.000000   20.000000 ^ RST_I (in)
                                                         RST_I (net)
                      0.000283    0.000115   20.000116 ^ input10/I (gf180mcu_fd_sc_mcu7t5v0__dlyb_1)
    31    0.240654    3.895170    3.040979   23.041096 ^ input10/Z (gf180mcu_fd_sc_mcu7t5v0__dlyb_1)
                                                         net10 (net)
                      3.895329    0.014145   23.055241 ^ _430_/I (gf180mcu_fd_sc_mcu7t5v0__clkinv_1)
    16    0.119041    2.424379    1.956433   25.011673 v _430_/ZN (gf180mcu_fd_sc_mcu7t5v0__clkinv_1)
                                                         _103_ (net)
                      2.424502    0.009779   25.021452 v _678_/B (gf180mcu_fd_sc_mcu7t5v0__oai21_1)
     2    0.009789    0.805641    0.827148   25.848600 ^ _678_/ZN (gf180mcu_fd_sc_mcu7t5v0__oai21_1)
                                                         _319_ (net)
                      0.805641    0.000083   25.848684 ^ _681_/A3 (gf180mcu_fd_sc_mcu7t5v0__nor4_1)
     5    0.053090    1.247056    0.929012   26.777695 v _681_/ZN (gf180mcu_fd_sc_mcu7t5v0__nor4_1)
                                                         _322_ (net)
                      1.247056    0.002036   26.779732 v _685_/A2 (gf180mcu_fd_sc_mcu7t5v0__oai21_1)
     1    0.004976    0.467189    0.423270   27.203001 ^ _685_/ZN (gf180mcu_fd_sc_mcu7t5v0__oai21_1)
                                                         _032_ (net)
                      0.467189    0.000064   27.203066 ^ _819_/D (gf180mcu_fd_sc_mcu7t5v0__dffq_1)
                                             27.203066   data arrival time

                                100.000000  100.000000   clock system_clock (rise edge)
                                  0.000000  100.000000   clock source latency
     1    0.038592    0.000000    0.000000  100.000000 ^ CLK_I (in)
                                                         CLK_I (net)
                      0.003969    0.001627  100.001625 ^ clkbuf_0_CLK_I/I (gf180mcu_fd_sc_mcu7t5v0__clkbuf_16)
     8    0.199667    0.248974    0.319361  100.320984 ^ clkbuf_0_CLK_I/Z (gf180mcu_fd_sc_mcu7t5v0__clkbuf_16)
                                                         clknet_0_CLK_I (net)
                      0.248990    0.003055  100.324043 ^ clkbuf_3_3__f_CLK_I/I (gf180mcu_fd_sc_mcu7t5v0__clkbuf_16)
    10    0.064818    0.128906    0.286356  100.610397 ^ clkbuf_3_3__f_CLK_I/Z (gf180mcu_fd_sc_mcu7t5v0__clkbuf_16)
                                                         clknet_3_3__leaf_CLK_I (net)
                      0.128906    0.000490  100.610886 ^ _819_/CLK (gf180mcu_fd_sc_mcu7t5v0__dffq_1)
                                 -0.500000  100.110886   clock uncertainty
                                  0.000000  100.110886   clock reconvergence pessimism
                                 -0.245554   99.865326   library setup time
                                             99.865326   data required time
---------------------------------------------------------------------------------------------
                                             99.865326   data required time
                                            -27.203066   data arrival time
---------------------------------------------------------------------------------------------
                                             72.662262   slack (MET)


Startpoint: RST_I (input port clocked by system_clock)
Endpoint: _822_ (rising edge-triggered flip-flop clocked by system_clock)
Path Group: system_clock
Path Type: max

Fanout         Cap        Slew       Delay        Time   Description
---------------------------------------------------------------------------------------------
                                  0.000000    0.000000   clock system_clock (rise edge)
                                  0.000000    0.000000   clock network delay (propagated)
                                 20.000000   20.000000 ^ input external delay
     1    0.008729    0.000000    0.000000   20.000000 ^ RST_I (in)
                                                         RST_I (net)
                      0.000283    0.000115   20.000116 ^ input10/I (gf180mcu_fd_sc_mcu7t5v0__dlyb_1)
    31    0.240654    3.895170    3.040979   23.041096 ^ input10/Z (gf180mcu_fd_sc_mcu7t5v0__dlyb_1)
                                                         net10 (net)
                      3.895329    0.014145   23.055241 ^ _430_/I (gf180mcu_fd_sc_mcu7t5v0__clkinv_1)
    16    0.119041    2.424379    1.956433   25.011673 v _430_/ZN (gf180mcu_fd_sc_mcu7t5v0__clkinv_1)
                                                         _103_ (net)
                      2.424502    0.009779   25.021452 v _678_/B (gf180mcu_fd_sc_mcu7t5v0__oai21_1)
     2    0.009789    0.805641    0.827148   25.848600 ^ _678_/ZN (gf180mcu_fd_sc_mcu7t5v0__oai21_1)
                                                         _319_ (net)
                      0.805641    0.000083   25.848684 ^ _681_/A3 (gf180mcu_fd_sc_mcu7t5v0__nor4_1)
     5    0.053090    1.247056    0.929012   26.777695 v _681_/ZN (gf180mcu_fd_sc_mcu7t5v0__nor4_1)
                                                         _322_ (net)
                      1.247057    0.002549   26.780245 v _689_/A2 (gf180mcu_fd_sc_mcu7t5v0__oai21_1)
     1    0.003613    0.435557    0.393207   27.173452 ^ _689_/ZN (gf180mcu_fd_sc_mcu7t5v0__oai21_1)
                                                         _035_ (net)
                      0.435557    0.000039   27.173491 ^ _822_/D (gf180mcu_fd_sc_mcu7t5v0__dffq_1)
                                             27.173491   data arrival time

                                100.000000  100.000000   clock system_clock (rise edge)
                                  0.000000  100.000000   clock source latency
     1    0.038592    0.000000    0.000000  100.000000 ^ CLK_I (in)
                                                         CLK_I (net)
                      0.003969    0.001627  100.001625 ^ clkbuf_0_CLK_I/I (gf180mcu_fd_sc_mcu7t5v0__clkbuf_16)
     8    0.199667    0.248974    0.319361  100.320984 ^ clkbuf_0_CLK_I/Z (gf180mcu_fd_sc_mcu7t5v0__clkbuf_16)
                                                         clknet_0_CLK_I (net)
                      0.248990    0.003055  100.324043 ^ clkbuf_3_3__f_CLK_I/I (gf180mcu_fd_sc_mcu7t5v0__clkbuf_16)
    10    0.064818    0.128906    0.286356  100.610397 ^ clkbuf_3_3__f_CLK_I/Z (gf180mcu_fd_sc_mcu7t5v0__clkbuf_16)
                                                         clknet_3_3__leaf_CLK_I (net)
                      0.128906    0.000455  100.610847 ^ _822_/CLK (gf180mcu_fd_sc_mcu7t5v0__dffq_1)
                                 -0.500000  100.110847   clock uncertainty
                                  0.000000  100.110847   clock reconvergence pessimism
                                 -0.243408   99.867439   library setup time
                                             99.867439   data required time
---------------------------------------------------------------------------------------------
                                             99.867439   data required time
                                            -27.173491   data arrival time
---------------------------------------------------------------------------------------------
                                             72.693947   slack (MET)


Startpoint: RST_I (input port clocked by system_clock)
Endpoint: _818_ (rising edge-triggered flip-flop clocked by system_clock)
Path Group: system_clock
Path Type: max

Fanout         Cap        Slew       Delay        Time   Description
---------------------------------------------------------------------------------------------
                                  0.000000    0.000000   clock system_clock (rise edge)
                                  0.000000    0.000000   clock network delay (propagated)
                                 20.000000   20.000000 ^ input external delay
     1    0.008729    0.000000    0.000000   20.000000 ^ RST_I (in)
                                                         RST_I (net)
                      0.000283    0.000115   20.000116 ^ input10/I (gf180mcu_fd_sc_mcu7t5v0__dlyb_1)
    31    0.240654    3.895170    3.040979   23.041096 ^ input10/Z (gf180mcu_fd_sc_mcu7t5v0__dlyb_1)
                                                         net10 (net)
                      3.895329    0.014145   23.055241 ^ _430_/I (gf180mcu_fd_sc_mcu7t5v0__clkinv_1)
    16    0.119041    2.424379    1.956433   25.011673 v _430_/ZN (gf180mcu_fd_sc_mcu7t5v0__clkinv_1)
                                                         _103_ (net)
                      2.424502    0.009779   25.021452 v _678_/B (gf180mcu_fd_sc_mcu7t5v0__oai21_1)
     2    0.009789    0.805641    0.827148   25.848600 ^ _678_/ZN (gf180mcu_fd_sc_mcu7t5v0__oai21_1)
                                                         _319_ (net)
                      0.805641    0.000083   25.848684 ^ _681_/A3 (gf180mcu_fd_sc_mcu7t5v0__nor4_1)
     5    0.053090    1.247056    0.929012   26.777695 v _681_/ZN (gf180mcu_fd_sc_mcu7t5v0__nor4_1)
                                                         _322_ (net)
                      1.247056    0.001554   26.779249 v _683_/A2 (gf180mcu_fd_sc_mcu7t5v0__oai21_1)
     1    0.002977    0.419525    0.379014   27.158264 ^ _683_/ZN (gf180mcu_fd_sc_mcu7t5v0__oai21_1)
                                                         _031_ (net)
                      0.419525    0.000030   27.158295 ^ _818_/D (gf180mcu_fd_sc_mcu7t5v0__dffq_1)
                                             27.158295   data arrival time

                                100.000000  100.000000   clock system_clock (rise edge)
                                  0.000000  100.000000   clock source latency
     1    0.038592    0.000000    0.000000  100.000000 ^ CLK_I (in)
                                                         CLK_I (net)
                      0.003969    0.001627  100.001625 ^ clkbuf_0_CLK_I/I (gf180mcu_fd_sc_mcu7t5v0__clkbuf_16)
     8    0.199667    0.248974    0.319361  100.320984 ^ clkbuf_0_CLK_I/Z (gf180mcu_fd_sc_mcu7t5v0__clkbuf_16)
                                                         clknet_0_CLK_I (net)
                      0.248990    0.003055  100.324043 ^ clkbuf_3_3__f_CLK_I/I (gf180mcu_fd_sc_mcu7t5v0__clkbuf_16)
    10    0.064818    0.128906    0.286356  100.610397 ^ clkbuf_3_3__f_CLK_I/Z (gf180mcu_fd_sc_mcu7t5v0__clkbuf_16)
                                                         clknet_3_3__leaf_CLK_I (net)
                      0.128907    0.000576  100.610970 ^ _818_/CLK (gf180mcu_fd_sc_mcu7t5v0__dffq_1)
                                 -0.500000  100.110970   clock uncertainty
                                  0.000000  100.110970   clock reconvergence pessimism
                                 -0.242320   99.868652   library setup time
                                             99.868652   data required time
---------------------------------------------------------------------------------------------
                                             99.868652   data required time
                                            -27.158295   data arrival time
---------------------------------------------------------------------------------------------
                                             72.710358   slack (MET)


Startpoint: RST_I (input port clocked by system_clock)
Endpoint: _830_ (rising edge-triggered flip-flop clocked by system_clock)
Path Group: system_clock
Path Type: max

Fanout         Cap        Slew       Delay        Time   Description
---------------------------------------------------------------------------------------------
                                  0.000000    0.000000   clock system_clock (rise edge)
                                  0.000000    0.000000   clock network delay (propagated)
                                 20.000000   20.000000 ^ input external delay
     1    0.008729    0.000000    0.000000   20.000000 ^ RST_I (in)
                                                         RST_I (net)
                      0.000283    0.000115   20.000116 ^ input10/I (gf180mcu_fd_sc_mcu7t5v0__dlyb_1)
    31    0.240654    3.895170    3.040979   23.041096 ^ input10/Z (gf180mcu_fd_sc_mcu7t5v0__dlyb_1)
                                                         net10 (net)
                      3.895329    0.014145   23.055241 ^ _430_/I (gf180mcu_fd_sc_mcu7t5v0__clkinv_1)
    16    0.119041    2.424379    1.956433   25.011673 v _430_/ZN (gf180mcu_fd_sc_mcu7t5v0__clkinv_1)
                                                         _103_ (net)
                      2.424509    0.010040   25.021713 v _680_/A2 (gf180mcu_fd_sc_mcu7t5v0__nand2_1)
     3    0.028135    0.957550    1.006894   26.028608 ^ _680_/ZN (gf180mcu_fd_sc_mcu7t5v0__nand2_1)
                                                         _321_ (net)
                      0.957550    0.000396   26.029003 ^ _730_/B (gf180mcu_fd_sc_mcu7t5v0__aoi21_1)
     1    0.003715    0.416057    0.264762   26.293766 v _730_/ZN (gf180mcu_fd_sc_mcu7t5v0__aoi21_1)
                                                         _359_ (net)
                      0.416057    0.000037   26.293804 v _731_/A1 (gf180mcu_fd_sc_mcu7t5v0__and2_1)
     1    0.003100    0.106140    0.318144   26.611948 v _731_/Z (gf180mcu_fd_sc_mcu7t5v0__and2_1)
                                                         _043_ (net)
                      0.106140    0.000055   26.612001 v _830_/D (gf180mcu_fd_sc_mcu7t5v0__dffq_1)
                                             26.612001   data arrival time

                                100.000000  100.000000   clock system_clock (rise edge)
                                  0.000000  100.000000   clock source latency
     1    0.038592    0.000000    0.000000  100.000000 ^ CLK_I (in)
                                                         CLK_I (net)
                      0.003969    0.001627  100.001625 ^ clkbuf_0_CLK_I/I (gf180mcu_fd_sc_mcu7t5v0__clkbuf_16)
     8    0.199667    0.248974    0.319361  100.320984 ^ clkbuf_0_CLK_I/Z (gf180mcu_fd_sc_mcu7t5v0__clkbuf_16)
                                                         clknet_0_CLK_I (net)
                      0.248986    0.002707  100.323692 ^ clkbuf_3_0__f_CLK_I/I (gf180mcu_fd_sc_mcu7t5v0__clkbuf_16)
     9    0.068177    0.131716    0.288317  100.612007 ^ clkbuf_3_0__f_CLK_I/Z (gf180mcu_fd_sc_mcu7t5v0__clkbuf_16)
                                                         clknet_3_0__leaf_CLK_I (net)
                      0.131722    0.001549  100.613556 ^ _830_/CLK (gf180mcu_fd_sc_mcu7t5v0__dffq_1)
                                 -0.500000  100.113556   clock uncertainty
                                  0.000000  100.113556   clock reconvergence pessimism
                                 -0.224924   99.888634   library setup time
                                             99.888634   data required time
---------------------------------------------------------------------------------------------
                                             99.888634   data required time
                                            -26.612001   data arrival time
---------------------------------------------------------------------------------------------
                                             73.276634   slack (MET)


Startpoint: RST_I (input port clocked by system_clock)
Endpoint: _890_ (rising edge-triggered flip-flop clocked by system_clock)
Path Group: system_clock
Path Type: max

Fanout         Cap        Slew       Delay        Time   Description
---------------------------------------------------------------------------------------------
                                  0.000000    0.000000   clock system_clock (rise edge)
                                  0.000000    0.000000   clock network delay (propagated)
                                 20.000000   20.000000 ^ input external delay
     1    0.008729    0.000000    0.000000   20.000000 ^ RST_I (in)
                                                         RST_I (net)
                      0.000283    0.000115   20.000116 ^ input10/I (gf180mcu_fd_sc_mcu7t5v0__dlyb_1)
    31    0.240654    3.895170    3.040979   23.041096 ^ input10/Z (gf180mcu_fd_sc_mcu7t5v0__dlyb_1)
                                                         net10 (net)
                      3.895329    0.014145   23.055241 ^ _430_/I (gf180mcu_fd_sc_mcu7t5v0__clkinv_1)
    16    0.119041    2.424379    1.956433   25.011673 v _430_/ZN (gf180mcu_fd_sc_mcu7t5v0__clkinv_1)
                                                         _103_ (net)
                      2.424469    0.008392   25.020065 v _598_/A4 (gf180mcu_fd_sc_mcu7t5v0__nand4_1)
     1    0.006832    0.823144    0.900485   25.920549 ^ _598_/ZN (gf180mcu_fd_sc_mcu7t5v0__nand4_1)
                                                         _245_ (net)
                      0.823144    0.000082   25.920631 ^ _599_/B2 (gf180mcu_fd_sc_mcu7t5v0__oai32_1)
     1    0.005325    1.092726    0.266686   26.187319 v _599_/ZN (gf180mcu_fd_sc_mcu7t5v0__oai32_1)
                                                         _024_ (net)
                      1.092726    0.000112   26.187429 v _890_/D (gf180mcu_fd_sc_mcu7t5v0__dffq_1)
                                             26.187429   data arrival time

                                100.000000  100.000000   clock system_clock (rise edge)
                                  0.000000  100.000000   clock source latency
     1    0.038592    0.000000    0.000000  100.000000 ^ CLK_I (in)
                                                         CLK_I (net)
                      0.003969    0.001627  100.001625 ^ clkbuf_0_CLK_I/I (gf180mcu_fd_sc_mcu7t5v0__clkbuf_16)
     8    0.199667    0.248974    0.319361  100.320984 ^ clkbuf_0_CLK_I/Z (gf180mcu_fd_sc_mcu7t5v0__clkbuf_16)
                                                         clknet_0_CLK_I (net)
                      0.248986    0.002672  100.323654 ^ clkbuf_3_1__f_CLK_I/I (gf180mcu_fd_sc_mcu7t5v0__clkbuf_16)
    10    0.060680    0.125309    0.283393  100.607048 ^ clkbuf_3_1__f_CLK_I/Z (gf180mcu_fd_sc_mcu7t5v0__clkbuf_16)
                                                         clknet_3_1__leaf_CLK_I (net)
                      0.125312    0.001087  100.608139 ^ _890_/CLK (gf180mcu_fd_sc_mcu7t5v0__dffq_1)
                                 -0.500000  100.108131   clock uncertainty
                                  0.000000  100.108131   clock reconvergence pessimism
                                 -0.567128   99.541008   library setup time
                                             99.541008   data required time
---------------------------------------------------------------------------------------------
                                             99.541008   data required time
                                            -26.187429   data arrival time
---------------------------------------------------------------------------------------------
                                             73.353577   slack (MET)


Startpoint: RST_I (input port clocked by system_clock)
Endpoint: _833_ (rising edge-triggered flip-flop clocked by system_clock)
Path Group: system_clock
Path Type: max

Fanout         Cap        Slew       Delay        Time   Description
---------------------------------------------------------------------------------------------
                                  0.000000    0.000000   clock system_clock (rise edge)
                                  0.000000    0.000000   clock network delay (propagated)
                                 20.000000   20.000000 ^ input external delay
     1    0.008729    0.000000    0.000000   20.000000 ^ RST_I (in)
                                                         RST_I (net)
                      0.000283    0.000115   20.000116 ^ input10/I (gf180mcu_fd_sc_mcu7t5v0__dlyb_1)
    31    0.240654    3.895170    3.040979   23.041096 ^ input10/Z (gf180mcu_fd_sc_mcu7t5v0__dlyb_1)
                                                         net10 (net)
                      3.895329    0.014145   23.055241 ^ _430_/I (gf180mcu_fd_sc_mcu7t5v0__clkinv_1)
    16    0.119041    2.424379    1.956433   25.011673 v _430_/ZN (gf180mcu_fd_sc_mcu7t5v0__clkinv_1)
                                                         _103_ (net)
                      2.424509    0.010040   25.021713 v _680_/A2 (gf180mcu_fd_sc_mcu7t5v0__nand2_1)
     3    0.028135    0.957550    1.006894   26.028608 ^ _680_/ZN (gf180mcu_fd_sc_mcu7t5v0__nand2_1)
                                                         _321_ (net)
                      0.957550    0.000597   26.029205 ^ _750_/A2 (gf180mcu_fd_sc_mcu7t5v0__nor3_1)
     1    0.005072    0.370157    0.229816   26.259020 v _750_/ZN (gf180mcu_fd_sc_mcu7t5v0__nor3_1)
                                                         _046_ (net)
                      0.370157    0.000107   26.259127 v _833_/D (gf180mcu_fd_sc_mcu7t5v0__dffq_1)
                                             26.259127   data arrival time

                                100.000000  100.000000   clock system_clock (rise edge)
                                  0.000000  100.000000   clock source latency
     1    0.038592    0.000000    0.000000  100.000000 ^ CLK_I (in)
                                                         CLK_I (net)
                      0.003969    0.001627  100.001625 ^ clkbuf_0_CLK_I/I (gf180mcu_fd_sc_mcu7t5v0__clkbuf_16)
     8    0.199667    0.248974    0.319361  100.320984 ^ clkbuf_0_CLK_I/Z (gf180mcu_fd_sc_mcu7t5v0__clkbuf_16)
                                                         clknet_0_CLK_I (net)
                      0.248990    0.003055  100.324043 ^ clkbuf_3_3__f_CLK_I/I (gf180mcu_fd_sc_mcu7t5v0__clkbuf_16)
    10    0.064818    0.128906    0.286356  100.610397 ^ clkbuf_3_3__f_CLK_I/Z (gf180mcu_fd_sc_mcu7t5v0__clkbuf_16)
                                                         clknet_3_3__leaf_CLK_I (net)
                      0.128907    0.000647  100.611046 ^ _833_/CLK (gf180mcu_fd_sc_mcu7t5v0__dffq_1)
                                 -0.500000  100.111038   clock uncertainty
                                  0.000000  100.111038   clock reconvergence pessimism
                                 -0.306801   99.804245   library setup time
                                             99.804245   data required time
---------------------------------------------------------------------------------------------
                                             99.804245   data required time
                                            -26.259127   data arrival time
---------------------------------------------------------------------------------------------
                                             73.545113   slack (MET)


Startpoint: RST_I (input port clocked by system_clock)
Endpoint: _891_ (rising edge-triggered flip-flop clocked by system_clock)
Path Group: system_clock
Path Type: max

Fanout         Cap        Slew       Delay        Time   Description
---------------------------------------------------------------------------------------------
                                  0.000000    0.000000   clock system_clock (rise edge)
                                  0.000000    0.000000   clock network delay (propagated)
                                 20.000000   20.000000 ^ input external delay
     1    0.008729    0.000000    0.000000   20.000000 ^ RST_I (in)
                                                         RST_I (net)
                      0.000283    0.000115   20.000116 ^ input10/I (gf180mcu_fd_sc_mcu7t5v0__dlyb_1)
    31    0.240654    3.895170    3.040979   23.041096 ^ input10/Z (gf180mcu_fd_sc_mcu7t5v0__dlyb_1)
                                                         net10 (net)
                      3.895329    0.014145   23.055241 ^ _430_/I (gf180mcu_fd_sc_mcu7t5v0__clkinv_1)
    16    0.119041    2.424379    1.956433   25.011673 v _430_/ZN (gf180mcu_fd_sc_mcu7t5v0__clkinv_1)
                                                         _103_ (net)
                      2.424484    0.009056   25.020729 v _597_/A2 (gf180mcu_fd_sc_mcu7t5v0__nand2_1)
     1    0.008152    0.624235    0.698510   25.719238 ^ _597_/ZN (gf180mcu_fd_sc_mcu7t5v0__nand2_1)
                                                         _244_ (net)
                      0.624235    0.000254   25.719494 ^ _601_/A3 (gf180mcu_fd_sc_mcu7t5v0__oai33_1)
     1    0.004417    1.010587    0.267006   25.986500 v _601_/ZN (gf180mcu_fd_sc_mcu7t5v0__oai33_1)
                                                         _025_ (net)
                      1.010587    0.000085   25.986584 v _891_/D (gf180mcu_fd_sc_mcu7t5v0__dffq_1)
                                             25.986584   data arrival time

                                100.000000  100.000000   clock system_clock (rise edge)
                                  0.000000  100.000000   clock source latency
     1    0.038592    0.000000    0.000000  100.000000 ^ CLK_I (in)
                                                         CLK_I (net)
                      0.003969    0.001627  100.001625 ^ clkbuf_0_CLK_I/I (gf180mcu_fd_sc_mcu7t5v0__clkbuf_16)
     8    0.199667    0.248974    0.319361  100.320984 ^ clkbuf_0_CLK_I/Z (gf180mcu_fd_sc_mcu7t5v0__clkbuf_16)
                                                         clknet_0_CLK_I (net)
                      0.248986    0.002672  100.323654 ^ clkbuf_3_1__f_CLK_I/I (gf180mcu_fd_sc_mcu7t5v0__clkbuf_16)
    10    0.060680    0.125309    0.283393  100.607048 ^ clkbuf_3_1__f_CLK_I/Z (gf180mcu_fd_sc_mcu7t5v0__clkbuf_16)
                                                         clknet_3_1__leaf_CLK_I (net)
                      0.125312    0.001101  100.608147 ^ _891_/CLK (gf180mcu_fd_sc_mcu7t5v0__dffq_1)
                                 -0.500000  100.108147   clock uncertainty
                                  0.000000  100.108147   clock reconvergence pessimism
                                 -0.538221   99.569923   library setup time
                                             99.569923   data required time
---------------------------------------------------------------------------------------------
                                             99.569923   data required time
                                            -25.986584   data arrival time
---------------------------------------------------------------------------------------------
                                             73.583336   slack (MET)


Startpoint: RST_I (input port clocked by system_clock)
Endpoint: _831_ (rising edge-triggered flip-flop clocked by system_clock)
Path Group: system_clock
Path Type: max

Fanout         Cap        Slew       Delay        Time   Description
---------------------------------------------------------------------------------------------
                                  0.000000    0.000000   clock system_clock (rise edge)
                                  0.000000    0.000000   clock network delay (propagated)
                                 20.000000   20.000000 ^ input external delay
     1    0.008729    0.000000    0.000000   20.000000 ^ RST_I (in)
                                                         RST_I (net)
                      0.000283    0.000115   20.000116 ^ input10/I (gf180mcu_fd_sc_mcu7t5v0__dlyb_1)
    31    0.240654    3.895170    3.040979   23.041096 ^ input10/Z (gf180mcu_fd_sc_mcu7t5v0__dlyb_1)
                                                         net10 (net)
                      3.895329    0.014145   23.055241 ^ _430_/I (gf180mcu_fd_sc_mcu7t5v0__clkinv_1)
    16    0.119041    2.424379    1.956433   25.011673 v _430_/ZN (gf180mcu_fd_sc_mcu7t5v0__clkinv_1)
                                                         _103_ (net)
                      2.424502    0.009779   25.021452 v _678_/B (gf180mcu_fd_sc_mcu7t5v0__oai21_1)
     2    0.009789    0.805641    0.827148   25.848600 ^ _678_/ZN (gf180mcu_fd_sc_mcu7t5v0__oai21_1)
                                                         _319_ (net)
                      0.805641    0.000082   25.848682 ^ _735_/B (gf180mcu_fd_sc_mcu7t5v0__aoi21_1)
     1    0.004079    0.381772    0.258451   26.107134 v _735_/ZN (gf180mcu_fd_sc_mcu7t5v0__aoi21_1)
                                                         _044_ (net)
                      0.381772    0.000080   26.107214 v _831_/D (gf180mcu_fd_sc_mcu7t5v0__dffq_1)
                                             26.107214   data arrival time

                                100.000000  100.000000   clock system_clock (rise edge)
                                  0.000000  100.000000   clock source latency
     1    0.038592    0.000000    0.000000  100.000000 ^ CLK_I (in)
                                                         CLK_I (net)
                      0.003969    0.001627  100.001625 ^ clkbuf_0_CLK_I/I (gf180mcu_fd_sc_mcu7t5v0__clkbuf_16)
     8    0.199667    0.248974    0.319361  100.320984 ^ clkbuf_0_CLK_I/Z (gf180mcu_fd_sc_mcu7t5v0__clkbuf_16)
                                                         clknet_0_CLK_I (net)
                      0.248986    0.002707  100.323692 ^ clkbuf_3_0__f_CLK_I/I (gf180mcu_fd_sc_mcu7t5v0__clkbuf_16)
     9    0.068177    0.131716    0.288317  100.612007 ^ clkbuf_3_0__f_CLK_I/Z (gf180mcu_fd_sc_mcu7t5v0__clkbuf_16)
                                                         clknet_3_0__leaf_CLK_I (net)
                      0.131719    0.001108  100.613113 ^ _831_/CLK (gf180mcu_fd_sc_mcu7t5v0__dffq_1)
                                 -0.500000  100.113113   clock uncertainty
                                  0.000000  100.113113   clock reconvergence pessimism
                                 -0.310618   99.802498   library setup time
                                             99.802498   data required time
---------------------------------------------------------------------------------------------
                                             99.802498   data required time
                                            -26.107214   data arrival time
---------------------------------------------------------------------------------------------
                                             73.695274   slack (MET)


Startpoint: RST_I (input port clocked by system_clock)
Endpoint: _870_ (rising edge-triggered flip-flop clocked by system_clock)
Path Group: system_clock
Path Type: max

Fanout         Cap        Slew       Delay        Time   Description
---------------------------------------------------------------------------------------------
                                  0.000000    0.000000   clock system_clock (rise edge)
                                  0.000000    0.000000   clock network delay (propagated)
                                 20.000000   20.000000 ^ input external delay
     1    0.008729    0.000000    0.000000   20.000000 ^ RST_I (in)
                                                         RST_I (net)
                      0.000283    0.000115   20.000116 ^ input10/I (gf180mcu_fd_sc_mcu7t5v0__dlyb_1)
    31    0.240654    3.895170    3.040979   23.041096 ^ input10/Z (gf180mcu_fd_sc_mcu7t5v0__dlyb_1)
                                                         net10 (net)
                      3.895329    0.014145   23.055241 ^ _430_/I (gf180mcu_fd_sc_mcu7t5v0__clkinv_1)
    16    0.119041    2.424379    1.956433   25.011673 v _430_/ZN (gf180mcu_fd_sc_mcu7t5v0__clkinv_1)
                                                         _103_ (net)
                      2.424391    0.003116   25.014790 v _458_/B (gf180mcu_fd_sc_mcu7t5v0__oai21_1)
     1    0.005347    0.723087    0.750113   25.764902 ^ _458_/ZN (gf180mcu_fd_sc_mcu7t5v0__oai21_1)
                                                         _126_ (net)
                      0.723087    0.000105   25.765007 ^ _459_/B (gf180mcu_fd_sc_mcu7t5v0__aoi21_1)
     1    0.003650    0.503947    0.246125   26.011131 v _459_/ZN (gf180mcu_fd_sc_mcu7t5v0__aoi21_1)
                                                         _004_ (net)
                      0.503947    0.000071   26.011204 v _870_/D (gf180mcu_fd_sc_mcu7t5v0__dffq_1)
                                             26.011204   data arrival time

                                100.000000  100.000000   clock system_clock (rise edge)
                                  0.000000  100.000000   clock source latency
     1    0.038592    0.000000    0.000000  100.000000 ^ CLK_I (in)
                                                         CLK_I (net)
                      0.003969    0.001627  100.001625 ^ clkbuf_0_CLK_I/I (gf180mcu_fd_sc_mcu7t5v0__clkbuf_16)
     8    0.199667    0.248974    0.319361  100.320984 ^ clkbuf_0_CLK_I/Z (gf180mcu_fd_sc_mcu7t5v0__clkbuf_16)
                                                         clknet_0_CLK_I (net)
                      0.248990    0.003055  100.324043 ^ clkbuf_3_3__f_CLK_I/I (gf180mcu_fd_sc_mcu7t5v0__clkbuf_16)
    10    0.064818    0.128906    0.286356  100.610397 ^ clkbuf_3_3__f_CLK_I/Z (gf180mcu_fd_sc_mcu7t5v0__clkbuf_16)
                                                         clknet_3_3__leaf_CLK_I (net)
                      0.128906    0.000412  100.610809 ^ _870_/CLK (gf180mcu_fd_sc_mcu7t5v0__dffq_1)
                                 -0.500000  100.110809   clock uncertainty
                                  0.000000  100.110809   clock reconvergence pessimism
                                 -0.357092   99.753716   library setup time
                                             99.753716   data required time
---------------------------------------------------------------------------------------------
                                             99.753716   data required time
                                            -26.011204   data arrival time
---------------------------------------------------------------------------------------------
                                             73.742516   slack (MET)


Startpoint: RST_I (input port clocked by system_clock)
Endpoint: _866_ (rising edge-triggered flip-flop clocked by system_clock)
Path Group: system_clock
Path Type: max

Fanout         Cap        Slew       Delay        Time   Description
---------------------------------------------------------------------------------------------
                                  0.000000    0.000000   clock system_clock (rise edge)
                                  0.000000    0.000000   clock network delay (propagated)
                                 20.000000   20.000000 ^ input external delay
     1    0.008729    0.000000    0.000000   20.000000 ^ RST_I (in)
                                                         RST_I (net)
                      0.000283    0.000115   20.000116 ^ input10/I (gf180mcu_fd_sc_mcu7t5v0__dlyb_1)
    31    0.240654    3.895170    3.040979   23.041096 ^ input10/Z (gf180mcu_fd_sc_mcu7t5v0__dlyb_1)
                                                         net10 (net)
                      3.895329    0.014145   23.055241 ^ _430_/I (gf180mcu_fd_sc_mcu7t5v0__clkinv_1)
    16    0.119041    2.424379    1.956433   25.011673 v _430_/ZN (gf180mcu_fd_sc_mcu7t5v0__clkinv_1)
                                                         _103_ (net)
                      2.424442    0.007033   25.018705 v _813_/B (gf180mcu_fd_sc_mcu7t5v0__oai21_1)
     1    0.004642    0.709785    0.737490   25.756197 ^ _813_/ZN (gf180mcu_fd_sc_mcu7t5v0__oai21_1)
                                                         _406_ (net)
                      0.709785    0.000087   25.756283 ^ _814_/B (gf180mcu_fd_sc_mcu7t5v0__aoi21_1)
     1    0.003184    0.495244    0.238757   25.995039 v _814_/ZN (gf180mcu_fd_sc_mcu7t5v0__aoi21_1)
                                                         _079_ (net)
                      0.495244    0.000032   25.995071 v _866_/D (gf180mcu_fd_sc_mcu7t5v0__dffq_1)
                                             25.995071   data arrival time

                                100.000000  100.000000   clock system_clock (rise edge)
                                  0.000000  100.000000   clock source latency
     1    0.038592    0.000000    0.000000  100.000000 ^ CLK_I (in)
                                                         CLK_I (net)
                      0.003969    0.001627  100.001625 ^ clkbuf_0_CLK_I/I (gf180mcu_fd_sc_mcu7t5v0__clkbuf_16)
     8    0.199667    0.248974    0.319361  100.320984 ^ clkbuf_0_CLK_I/Z (gf180mcu_fd_sc_mcu7t5v0__clkbuf_16)
                                                         clknet_0_CLK_I (net)
                      0.248990    0.003055  100.324043 ^ clkbuf_3_3__f_CLK_I/I (gf180mcu_fd_sc_mcu7t5v0__clkbuf_16)
    10    0.064818    0.128906    0.286356  100.610397 ^ clkbuf_3_3__f_CLK_I/Z (gf180mcu_fd_sc_mcu7t5v0__clkbuf_16)
                                                         clknet_3_3__leaf_CLK_I (net)
                      0.128906    0.000306  100.610703 ^ _866_/CLK (gf180mcu_fd_sc_mcu7t5v0__dffq_1)
                                 -0.500000  100.110703   clock uncertainty
                                  0.000000  100.110703   clock reconvergence pessimism
                                 -0.353821   99.756874   library setup time
                                             99.756874   data required time
---------------------------------------------------------------------------------------------
                                             99.756874   data required time
                                            -25.995071   data arrival time
---------------------------------------------------------------------------------------------
                                             73.761803   slack (MET)


Startpoint: RST_I (input port clocked by system_clock)
Endpoint: _868_ (rising edge-triggered flip-flop clocked by system_clock)
Path Group: system_clock
Path Type: max

Fanout         Cap        Slew       Delay        Time   Description
---------------------------------------------------------------------------------------------
                                  0.000000    0.000000   clock system_clock (rise edge)
                                  0.000000    0.000000   clock network delay (propagated)
                                 20.000000   20.000000 ^ input external delay
     1    0.008729    0.000000    0.000000   20.000000 ^ RST_I (in)
                                                         RST_I (net)
                      0.000283    0.000115   20.000116 ^ input10/I (gf180mcu_fd_sc_mcu7t5v0__dlyb_1)
    31    0.240654    3.895170    3.040979   23.041096 ^ input10/Z (gf180mcu_fd_sc_mcu7t5v0__dlyb_1)
                                                         net10 (net)
                      3.895329    0.014145   23.055241 ^ _430_/I (gf180mcu_fd_sc_mcu7t5v0__clkinv_1)
    16    0.119041    2.424379    1.956433   25.011673 v _430_/ZN (gf180mcu_fd_sc_mcu7t5v0__clkinv_1)
                                                         _103_ (net)
                      2.424418    0.005500   25.017174 v _453_/B (gf180mcu_fd_sc_mcu7t5v0__oai21_1)
     1    0.004937    0.715724    0.743020   25.760193 ^ _453_/ZN (gf180mcu_fd_sc_mcu7t5v0__oai21_1)
                                                         _123_ (net)
                      0.715724    0.000094   25.760286 ^ _454_/B (gf180mcu_fd_sc_mcu7t5v0__aoi21_1)
     1    0.003421    0.350754    0.242435   26.002722 v _454_/ZN (gf180mcu_fd_sc_mcu7t5v0__aoi21_1)
                                                         _002_ (net)
                      0.350754    0.000064   26.002787 v _868_/D (gf180mcu_fd_sc_mcu7t5v0__dffq_1)
                                             26.002787   data arrival time

                                100.000000  100.000000   clock system_clock (rise edge)
                                  0.000000  100.000000   clock source latency
     1    0.038592    0.000000    0.000000  100.000000 ^ CLK_I (in)
                                                         CLK_I (net)
                      0.003969    0.001627  100.001625 ^ clkbuf_0_CLK_I/I (gf180mcu_fd_sc_mcu7t5v0__clkbuf_16)
     8    0.199667    0.248974    0.319361  100.320984 ^ clkbuf_0_CLK_I/Z (gf180mcu_fd_sc_mcu7t5v0__clkbuf_16)
                                                         clknet_0_CLK_I (net)
                      0.248990    0.003055  100.324043 ^ clkbuf_3_3__f_CLK_I/I (gf180mcu_fd_sc_mcu7t5v0__clkbuf_16)
    10    0.064818    0.128906    0.286356  100.610397 ^ clkbuf_3_3__f_CLK_I/Z (gf180mcu_fd_sc_mcu7t5v0__clkbuf_16)
                                                         clknet_3_3__leaf_CLK_I (net)
                      0.128906    0.000476  100.610870 ^ _868_/CLK (gf180mcu_fd_sc_mcu7t5v0__dffq_1)
                                 -0.500000  100.110870   clock uncertainty
                                  0.000000  100.110870   clock reconvergence pessimism
                                 -0.299508   99.811363   library setup time
                                             99.811363   data required time
---------------------------------------------------------------------------------------------
                                             99.811363   data required time
                                            -26.002787   data arrival time
---------------------------------------------------------------------------------------------
                                             73.808571   slack (MET)


Startpoint: RST_I (input port clocked by system_clock)
Endpoint: _872_ (rising edge-triggered flip-flop clocked by system_clock)
Path Group: system_clock
Path Type: max

Fanout         Cap        Slew       Delay        Time   Description
---------------------------------------------------------------------------------------------
                                  0.000000    0.000000   clock system_clock (rise edge)
                                  0.000000    0.000000   clock network delay (propagated)
                                 20.000000   20.000000 ^ input external delay
     1    0.008729    0.000000    0.000000   20.000000 ^ RST_I (in)
                                                         RST_I (net)
                      0.000283    0.000115   20.000116 ^ input10/I (gf180mcu_fd_sc_mcu7t5v0__dlyb_1)
    31    0.240654    3.895170    3.040979   23.041096 ^ input10/Z (gf180mcu_fd_sc_mcu7t5v0__dlyb_1)
                                                         net10 (net)
                      3.895329    0.014145   23.055241 ^ _430_/I (gf180mcu_fd_sc_mcu7t5v0__clkinv_1)
    16    0.119041    2.424379    1.956433   25.011673 v _430_/ZN (gf180mcu_fd_sc_mcu7t5v0__clkinv_1)
                                                         _103_ (net)
                      2.424404    0.004428   25.016102 v _463_/B (gf180mcu_fd_sc_mcu7t5v0__oai21_1)
     1    0.005308    0.722385    0.749436   25.765537 ^ _463_/ZN (gf180mcu_fd_sc_mcu7t5v0__oai21_1)
                                                         _129_ (net)
                      0.722385    0.000101   25.765638 ^ _465_/A1 (gf180mcu_fd_sc_mcu7t5v0__nor2_1)
     1    0.004149    0.233805    0.129845   25.895483 v _465_/ZN (gf180mcu_fd_sc_mcu7t5v0__nor2_1)
                                                         _006_ (net)
                      0.233805    0.000082   25.895565 v _872_/D (gf180mcu_fd_sc_mcu7t5v0__dffq_1)
                                             25.895565   data arrival time

                                100.000000  100.000000   clock system_clock (rise edge)
                                  0.000000  100.000000   clock source latency
     1    0.038592    0.000000    0.000000  100.000000 ^ CLK_I (in)
                                                         CLK_I (net)
                      0.003969    0.001627  100.001625 ^ clkbuf_0_CLK_I/I (gf180mcu_fd_sc_mcu7t5v0__clkbuf_16)
     8    0.199667    0.248974    0.319361  100.320984 ^ clkbuf_0_CLK_I/Z (gf180mcu_fd_sc_mcu7t5v0__clkbuf_16)
                                                         clknet_0_CLK_I (net)
                      0.248988    0.002863  100.323845 ^ clkbuf_3_6__f_CLK_I/I (gf180mcu_fd_sc_mcu7t5v0__clkbuf_16)
    13    0.081683    0.143199    0.297007  100.620857 ^ clkbuf_3_6__f_CLK_I/Z (gf180mcu_fd_sc_mcu7t5v0__clkbuf_16)
                                                         clknet_3_6__leaf_CLK_I (net)
                      0.143203    0.001322  100.622177 ^ _872_/CLK (gf180mcu_fd_sc_mcu7t5v0__dffq_1)
                                 -0.500000  100.122177   clock uncertainty
                                  0.000000  100.122177   clock reconvergence pessimism
                                 -0.257961   99.864212   library setup time
                                             99.864212   data required time
---------------------------------------------------------------------------------------------
                                             99.864212   data required time
                                            -25.895565   data arrival time
---------------------------------------------------------------------------------------------
                                             73.968643   slack (MET)


Startpoint: RST_I (input port clocked by system_clock)
Endpoint: _867_ (rising edge-triggered flip-flop clocked by system_clock)
Path Group: system_clock
Path Type: max

Fanout         Cap        Slew       Delay        Time   Description
---------------------------------------------------------------------------------------------
                                  0.000000    0.000000   clock system_clock (rise edge)
                                  0.000000    0.000000   clock network delay (propagated)
                                 20.000000   20.000000 ^ input external delay
     1    0.008729    0.000000    0.000000   20.000000 ^ RST_I (in)
                                                         RST_I (net)
                      0.000283    0.000115   20.000116 ^ input10/I (gf180mcu_fd_sc_mcu7t5v0__dlyb_1)
    31    0.240654    3.895170    3.040979   23.041096 ^ input10/Z (gf180mcu_fd_sc_mcu7t5v0__dlyb_1)
                                                         net10 (net)
                      3.895329    0.014145   23.055241 ^ _430_/I (gf180mcu_fd_sc_mcu7t5v0__clkinv_1)
    16    0.119041    2.424379    1.956433   25.011673 v _430_/ZN (gf180mcu_fd_sc_mcu7t5v0__clkinv_1)
                                                         _103_ (net)
                      2.424428    0.006176   25.017849 v _816_/C (gf180mcu_fd_sc_mcu7t5v0__oai211_1)
     1    0.004176    0.845001    0.867944   25.885794 ^ _816_/ZN (gf180mcu_fd_sc_mcu7t5v0__oai211_1)
                                                         _080_ (net)
                      0.845001    0.000080   25.885874 ^ _867_/D (gf180mcu_fd_sc_mcu7t5v0__dffq_1)
                                             25.885874   data arrival time

                                100.000000  100.000000   clock system_clock (rise edge)
                                  0.000000  100.000000   clock source latency
     1    0.038592    0.000000    0.000000  100.000000 ^ CLK_I (in)
                                                         CLK_I (net)
                      0.003969    0.001627  100.001625 ^ clkbuf_0_CLK_I/I (gf180mcu_fd_sc_mcu7t5v0__clkbuf_16)
     8    0.199667    0.248974    0.319361  100.320984 ^ clkbuf_0_CLK_I/Z (gf180mcu_fd_sc_mcu7t5v0__clkbuf_16)
                                                         clknet_0_CLK_I (net)
                      0.248990    0.003055  100.324043 ^ clkbuf_3_3__f_CLK_I/I (gf180mcu_fd_sc_mcu7t5v0__clkbuf_16)
    10    0.064818    0.128906    0.286356  100.610397 ^ clkbuf_3_3__f_CLK_I/Z (gf180mcu_fd_sc_mcu7t5v0__clkbuf_16)
                                                         clknet_3_3__leaf_CLK_I (net)
                      0.128906    0.000398  100.610794 ^ _867_/CLK (gf180mcu_fd_sc_mcu7t5v0__dffq_1)
                                 -0.500000  100.110794   clock uncertainty
                                  0.000000  100.110794   clock reconvergence pessimism
                                 -0.253987   99.856812   library setup time
                                             99.856812   data required time
---------------------------------------------------------------------------------------------
                                             99.856812   data required time
                                            -25.885874   data arrival time
---------------------------------------------------------------------------------------------
                                             73.970932   slack (MET)


Startpoint: RST_I (input port clocked by system_clock)
Endpoint: _827_ (rising edge-triggered flip-flop clocked by system_clock)
Path Group: system_clock
Path Type: max

Fanout         Cap        Slew       Delay        Time   Description
---------------------------------------------------------------------------------------------
                                  0.000000    0.000000   clock system_clock (rise edge)
                                  0.000000    0.000000   clock network delay (propagated)
                                 20.000000   20.000000 v input external delay
     1    0.008729    0.000000    0.000000   20.000000 v RST_I (in)
                                                         RST_I (net)
                      0.000283    0.000115   20.000116 v input10/I (gf180mcu_fd_sc_mcu7t5v0__dlyb_1)
    31    0.240654    2.345404    2.435968   22.436085 v input10/Z (gf180mcu_fd_sc_mcu7t5v0__dlyb_1)
                                                         net10 (net)
                      2.345420    0.003554   22.439638 v _679_/A1 (gf180mcu_fd_sc_mcu7t5v0__nor3_1)
    10    0.065598    3.005049    2.327553   24.767191 ^ _679_/ZN (gf180mcu_fd_sc_mcu7t5v0__nor3_1)
                                                         _320_ (net)
                      3.005049    0.000531   24.767723 ^ _707_/A1 (gf180mcu_fd_sc_mcu7t5v0__nand4_1)
     1    0.011107    0.916373    0.448594   25.216316 v _707_/ZN (gf180mcu_fd_sc_mcu7t5v0__nand4_1)
                                                         _339_ (net)
                      0.916373    0.000217   25.216534 v _708_/S (gf180mcu_fd_sc_mcu7t5v0__mux2_2)
     1    0.002891    0.115479    0.550102   25.766636 ^ _708_/Z (gf180mcu_fd_sc_mcu7t5v0__mux2_2)
                                                         _040_ (net)
                      0.115479    0.000028   25.766665 ^ _827_/D (gf180mcu_fd_sc_mcu7t5v0__dffq_1)
                                             25.766665   data arrival time

                                100.000000  100.000000   clock system_clock (rise edge)
                                  0.000000  100.000000   clock source latency
     1    0.038592    0.000000    0.000000  100.000000 ^ CLK_I (in)
                                                         CLK_I (net)
                      0.003969    0.001627  100.001625 ^ clkbuf_0_CLK_I/I (gf180mcu_fd_sc_mcu7t5v0__clkbuf_16)
     8    0.199667    0.248974    0.319361  100.320984 ^ clkbuf_0_CLK_I/Z (gf180mcu_fd_sc_mcu7t5v0__clkbuf_16)
                                                         clknet_0_CLK_I (net)
                      0.248986    0.002672  100.323654 ^ clkbuf_3_1__f_CLK_I/I (gf180mcu_fd_sc_mcu7t5v0__clkbuf_16)
    10    0.060680    0.125309    0.283393  100.607048 ^ clkbuf_3_1__f_CLK_I/Z (gf180mcu_fd_sc_mcu7t5v0__clkbuf_16)
                                                         clknet_3_1__leaf_CLK_I (net)
                      0.125311    0.000959  100.608009 ^ _827_/CLK (gf180mcu_fd_sc_mcu7t5v0__dffq_1)
                                 -0.500000  100.108009   clock uncertainty
                                  0.000000  100.108009   clock reconvergence pessimism
                                 -0.211800   99.896210   library setup time
                                             99.896210   data required time
---------------------------------------------------------------------------------------------
                                             99.896210   data required time
                                            -25.766665   data arrival time
---------------------------------------------------------------------------------------------
                                             74.129547   slack (MET)


Startpoint: RST_I (input port clocked by system_clock)
Endpoint: _847_ (rising edge-triggered flip-flop clocked by system_clock)
Path Group: system_clock
Path Type: max

Fanout         Cap        Slew       Delay        Time   Description
---------------------------------------------------------------------------------------------
                                  0.000000    0.000000   clock system_clock (rise edge)
                                  0.000000    0.000000   clock network delay (propagated)
                                 20.000000   20.000000 ^ input external delay
     1    0.008729    0.000000    0.000000   20.000000 ^ RST_I (in)
                                                         RST_I (net)
                      0.000283    0.000115   20.000116 ^ input10/I (gf180mcu_fd_sc_mcu7t5v0__dlyb_1)
    31    0.240654    3.895170    3.040979   23.041096 ^ input10/Z (gf180mcu_fd_sc_mcu7t5v0__dlyb_1)
                                                         net10 (net)
                      3.895329    0.014145   23.055241 ^ _430_/I (gf180mcu_fd_sc_mcu7t5v0__clkinv_1)
    16    0.119041    2.424379    1.956433   25.011673 v _430_/ZN (gf180mcu_fd_sc_mcu7t5v0__clkinv_1)
                                                         _103_ (net)
                      2.424503    0.009814   25.021488 v _774_/A1 (gf180mcu_fd_sc_mcu7t5v0__and2_1)
     1    0.003787    0.186803    0.689301   25.710789 v _774_/Z (gf180mcu_fd_sc_mcu7t5v0__and2_1)
                                                         _060_ (net)
                      0.186803    0.000041   25.710831 v _847_/D (gf180mcu_fd_sc_mcu7t5v0__dffq_1)
                                             25.710831   data arrival time

                                100.000000  100.000000   clock system_clock (rise edge)
                                  0.000000  100.000000   clock source latency
     1    0.038592    0.000000    0.000000  100.000000 ^ CLK_I (in)
                                                         CLK_I (net)
                      0.003969    0.001627  100.001625 ^ clkbuf_0_CLK_I/I (gf180mcu_fd_sc_mcu7t5v0__clkbuf_16)
     8    0.199667    0.248974    0.319361  100.320984 ^ clkbuf_0_CLK_I/Z (gf180mcu_fd_sc_mcu7t5v0__clkbuf_16)
                                                         clknet_0_CLK_I (net)
                      0.248986    0.002707  100.323692 ^ clkbuf_3_0__f_CLK_I/I (gf180mcu_fd_sc_mcu7t5v0__clkbuf_16)
     9    0.068177    0.131716    0.288317  100.612007 ^ clkbuf_3_0__f_CLK_I/Z (gf180mcu_fd_sc_mcu7t5v0__clkbuf_16)
                                                         clknet_3_0__leaf_CLK_I (net)
                      0.131719    0.001151  100.613159 ^ _847_/CLK (gf180mcu_fd_sc_mcu7t5v0__dffq_1)
                                 -0.500000  100.113159   clock uncertainty
                                  0.000000  100.113159   clock reconvergence pessimism
                                 -0.245440   99.867714   library setup time
                                             99.867714   data required time
---------------------------------------------------------------------------------------------
                                             99.867714   data required time
                                            -25.710831   data arrival time
---------------------------------------------------------------------------------------------
                                             74.156891   slack (MET)


Startpoint: RST_I (input port clocked by system_clock)
Endpoint: _844_ (rising edge-triggered flip-flop clocked by system_clock)
Path Group: system_clock
Path Type: max

Fanout         Cap        Slew       Delay        Time   Description
---------------------------------------------------------------------------------------------
                                  0.000000    0.000000   clock system_clock (rise edge)
                                  0.000000    0.000000   clock network delay (propagated)
                                 20.000000   20.000000 ^ input external delay
     1    0.008729    0.000000    0.000000   20.000000 ^ RST_I (in)
                                                         RST_I (net)
                      0.000283    0.000115   20.000116 ^ input10/I (gf180mcu_fd_sc_mcu7t5v0__dlyb_1)
    31    0.240654    3.895170    3.040979   23.041096 ^ input10/Z (gf180mcu_fd_sc_mcu7t5v0__dlyb_1)
                                                         net10 (net)
                      3.895329    0.014145   23.055241 ^ _430_/I (gf180mcu_fd_sc_mcu7t5v0__clkinv_1)
    16    0.119041    2.424379    1.956433   25.011673 v _430_/ZN (gf180mcu_fd_sc_mcu7t5v0__clkinv_1)
                                                         _103_ (net)
                      2.424507    0.009983   25.021656 v _771_/A1 (gf180mcu_fd_sc_mcu7t5v0__and2_1)
     1    0.002974    0.179632    0.680672   25.702328 v _771_/Z (gf180mcu_fd_sc_mcu7t5v0__and2_1)
                                                         _057_ (net)
                      0.179632    0.000028   25.702356 v _844_/D (gf180mcu_fd_sc_mcu7t5v0__dffq_1)
                                             25.702356   data arrival time

                                100.000000  100.000000   clock system_clock (rise edge)
                                  0.000000  100.000000   clock source latency
     1    0.038592    0.000000    0.000000  100.000000 ^ CLK_I (in)
                                                         CLK_I (net)
                      0.003969    0.001627  100.001625 ^ clkbuf_0_CLK_I/I (gf180mcu_fd_sc_mcu7t5v0__clkbuf_16)
     8    0.199667    0.248974    0.319361  100.320984 ^ clkbuf_0_CLK_I/Z (gf180mcu_fd_sc_mcu7t5v0__clkbuf_16)
                                                         clknet_0_CLK_I (net)
                      0.248986    0.002707  100.323692 ^ clkbuf_3_0__f_CLK_I/I (gf180mcu_fd_sc_mcu7t5v0__clkbuf_16)
     9    0.068177    0.131716    0.288317  100.612007 ^ clkbuf_3_0__f_CLK_I/Z (gf180mcu_fd_sc_mcu7t5v0__clkbuf_16)
                                                         clknet_3_0__leaf_CLK_I (net)
                      0.131721    0.001357  100.613365 ^ _844_/CLK (gf180mcu_fd_sc_mcu7t5v0__dffq_1)
                                 -0.500000  100.113365   clock uncertainty
                                  0.000000  100.113365   clock reconvergence pessimism
                                 -0.243157   99.870209   library setup time
                                             99.870209   data required time
---------------------------------------------------------------------------------------------
                                             99.870209   data required time
                                            -25.702356   data arrival time
---------------------------------------------------------------------------------------------
                                             74.167854   slack (MET)


Startpoint: RST_I (input port clocked by system_clock)
Endpoint: _869_ (rising edge-triggered flip-flop clocked by system_clock)
Path Group: system_clock
Path Type: max

Fanout         Cap        Slew       Delay        Time   Description
---------------------------------------------------------------------------------------------
                                  0.000000    0.000000   clock system_clock (rise edge)
                                  0.000000    0.000000   clock network delay (propagated)
                                 20.000000   20.000000 ^ input external delay
     1    0.008729    0.000000    0.000000   20.000000 ^ RST_I (in)
                                                         RST_I (net)
                      0.000283    0.000115   20.000116 ^ input10/I (gf180mcu_fd_sc_mcu7t5v0__dlyb_1)
    31    0.240654    3.895170    3.040979   23.041096 ^ input10/Z (gf180mcu_fd_sc_mcu7t5v0__dlyb_1)
                                                         net10 (net)
                      3.895329    0.014145   23.055241 ^ _430_/I (gf180mcu_fd_sc_mcu7t5v0__clkinv_1)
    16    0.119041    2.424379    1.956433   25.011673 v _430_/ZN (gf180mcu_fd_sc_mcu7t5v0__clkinv_1)
                                                         _103_ (net)
                      2.424400    0.004032   25.015705 v _457_/A1 (gf180mcu_fd_sc_mcu7t5v0__nand3_1)
     1    0.004832    0.588204    0.559719   25.575426 ^ _457_/ZN (gf180mcu_fd_sc_mcu7t5v0__nand3_1)
                                                         _003_ (net)
                      0.588204    0.000101   25.575527 ^ _869_/D (gf180mcu_fd_sc_mcu7t5v0__dffq_1)
                                             25.575527   data arrival time

                                100.000000  100.000000   clock system_clock (rise edge)
                                  0.000000  100.000000   clock source latency
     1    0.038592    0.000000    0.000000  100.000000 ^ CLK_I (in)
                                                         CLK_I (net)
                      0.003969    0.001627  100.001625 ^ clkbuf_0_CLK_I/I (gf180mcu_fd_sc_mcu7t5v0__clkbuf_16)
     8    0.199667    0.248974    0.319361  100.320984 ^ clkbuf_0_CLK_I/Z (gf180mcu_fd_sc_mcu7t5v0__clkbuf_16)
                                                         clknet_0_CLK_I (net)
                      0.248988    0.002863  100.323845 ^ clkbuf_3_6__f_CLK_I/I (gf180mcu_fd_sc_mcu7t5v0__clkbuf_16)
    13    0.081683    0.143199    0.297007  100.620857 ^ clkbuf_3_6__f_CLK_I/Z (gf180mcu_fd_sc_mcu7t5v0__clkbuf_16)
                                                         clknet_3_6__leaf_CLK_I (net)
                      0.143204    0.001506  100.622360 ^ _869_/CLK (gf180mcu_fd_sc_mcu7t5v0__dffq_1)
                                 -0.500000  100.122360   clock uncertainty
                                  0.000000  100.122360   clock reconvergence pessimism
                                 -0.250396   99.871964   library setup time
                                             99.871964   data required time
---------------------------------------------------------------------------------------------
                                             99.871964   data required time
                                            -25.575527   data arrival time
---------------------------------------------------------------------------------------------
                                             74.296440   slack (MET)


Startpoint: RST_I (input port clocked by system_clock)
Endpoint: _826_ (rising edge-triggered flip-flop clocked by system_clock)
Path Group: system_clock
Path Type: max

Fanout         Cap        Slew       Delay        Time   Description
---------------------------------------------------------------------------------------------
                                  0.000000    0.000000   clock system_clock (rise edge)
                                  0.000000    0.000000   clock network delay (propagated)
                                 20.000000   20.000000 ^ input external delay
     1    0.008729    0.000000    0.000000   20.000000 ^ RST_I (in)
                                                         RST_I (net)
                      0.000283    0.000115   20.000116 ^ input10/I (gf180mcu_fd_sc_mcu7t5v0__dlyb_1)
    31    0.240654    3.895170    3.040979   23.041096 ^ input10/Z (gf180mcu_fd_sc_mcu7t5v0__dlyb_1)
                                                         net10 (net)
                      3.895170    0.003554   23.044649 ^ _679_/A1 (gf180mcu_fd_sc_mcu7t5v0__nor3_1)
    10    0.065598    1.868879    1.215875   24.260525 v _679_/ZN (gf180mcu_fd_sc_mcu7t5v0__nor3_1)
                                                         _320_ (net)
                      1.868879    0.001091   24.261616 v _702_/A4 (gf180mcu_fd_sc_mcu7t5v0__nand4_1)
     1    0.013384    0.842968    0.881160   25.142776 ^ _702_/ZN (gf180mcu_fd_sc_mcu7t5v0__nand4_1)
                                                         _335_ (net)
                      0.842968    0.000302   25.143078 ^ _706_/S (gf180mcu_fd_sc_mcu7t5v0__mux2_2)
     1    0.004223    0.135333    0.412451   25.555529 v _706_/Z (gf180mcu_fd_sc_mcu7t5v0__mux2_2)
                                                         _039_ (net)
                      0.135333    0.000050   25.555578 v _826_/D (gf180mcu_fd_sc_mcu7t5v0__dffq_1)
                                             25.555578   data arrival time

                                100.000000  100.000000   clock system_clock (rise edge)
                                  0.000000  100.000000   clock source latency
     1    0.038592    0.000000    0.000000  100.000000 ^ CLK_I (in)
                                                         CLK_I (net)
                      0.003969    0.001627  100.001625 ^ clkbuf_0_CLK_I/I (gf180mcu_fd_sc_mcu7t5v0__clkbuf_16)
     8    0.199667    0.248974    0.319361  100.320984 ^ clkbuf_0_CLK_I/Z (gf180mcu_fd_sc_mcu7t5v0__clkbuf_16)
                                                         clknet_0_CLK_I (net)
                      0.248986    0.002672  100.323654 ^ clkbuf_3_1__f_CLK_I/I (gf180mcu_fd_sc_mcu7t5v0__clkbuf_16)
    10    0.060680    0.125309    0.283393  100.607048 ^ clkbuf_3_1__f_CLK_I/Z (gf180mcu_fd_sc_mcu7t5v0__clkbuf_16)
                                                         clknet_3_1__leaf_CLK_I (net)
                      0.125311    0.000909  100.607956 ^ _826_/CLK (gf180mcu_fd_sc_mcu7t5v0__dffq_1)
                                 -0.500000  100.107956   clock uncertainty
                                  0.000000  100.107956   clock reconvergence pessimism
                                 -0.231662   99.876289   library setup time
                                             99.876289   data required time
---------------------------------------------------------------------------------------------
                                             99.876289   data required time
                                            -25.555578   data arrival time
---------------------------------------------------------------------------------------------
                                             74.320709   slack (MET)


Startpoint: RST_I (input port clocked by system_clock)
Endpoint: _873_ (rising edge-triggered flip-flop clocked by system_clock)
Path Group: system_clock
Path Type: max

Fanout         Cap        Slew       Delay        Time   Description
---------------------------------------------------------------------------------------------
                                  0.000000    0.000000   clock system_clock (rise edge)
                                  0.000000    0.000000   clock network delay (propagated)
                                 20.000000   20.000000 ^ input external delay
     1    0.008729    0.000000    0.000000   20.000000 ^ RST_I (in)
                                                         RST_I (net)
                      0.000283    0.000115   20.000116 ^ input10/I (gf180mcu_fd_sc_mcu7t5v0__dlyb_1)
    31    0.240654    3.895170    3.040979   23.041096 ^ input10/Z (gf180mcu_fd_sc_mcu7t5v0__dlyb_1)
                                                         net10 (net)
                      3.895329    0.014145   23.055241 ^ _430_/I (gf180mcu_fd_sc_mcu7t5v0__clkinv_1)
    16    0.119041    2.424379    1.956433   25.011673 v _430_/ZN (gf180mcu_fd_sc_mcu7t5v0__clkinv_1)
                                                         _103_ (net)
                      2.424401    0.004118   25.015791 v _468_/A1 (gf180mcu_fd_sc_mcu7t5v0__nand3_1)
     1    0.003381    0.549516    0.520373   25.536163 ^ _468_/ZN (gf180mcu_fd_sc_mcu7t5v0__nand3_1)
                                                         _007_ (net)
                      0.549516    0.000036   25.536200 ^ _873_/D (gf180mcu_fd_sc_mcu7t5v0__dffq_1)
                                             25.536200   data arrival time

                                100.000000  100.000000   clock system_clock (rise edge)
                                  0.000000  100.000000   clock source latency
     1    0.038592    0.000000    0.000000  100.000000 ^ CLK_I (in)
                                                         CLK_I (net)
                      0.003969    0.001627  100.001625 ^ clkbuf_0_CLK_I/I (gf180mcu_fd_sc_mcu7t5v0__clkbuf_16)
     8    0.199667    0.248974    0.319361  100.320984 ^ clkbuf_0_CLK_I/Z (gf180mcu_fd_sc_mcu7t5v0__clkbuf_16)
                                                         clknet_0_CLK_I (net)
                      0.248988    0.002863  100.323845 ^ clkbuf_3_6__f_CLK_I/I (gf180mcu_fd_sc_mcu7t5v0__clkbuf_16)
    13    0.081683    0.143199    0.297007  100.620857 ^ clkbuf_3_6__f_CLK_I/Z (gf180mcu_fd_sc_mcu7t5v0__clkbuf_16)
                                                         clknet_3_6__leaf_CLK_I (net)
                      0.143205    0.001656  100.622513 ^ _873_/CLK (gf180mcu_fd_sc_mcu7t5v0__dffq_1)
                                 -0.500000  100.122505   clock uncertainty
                                  0.000000  100.122505   clock reconvergence pessimism
                                 -0.247831   99.874680   library setup time
                                             99.874680   data required time
---------------------------------------------------------------------------------------------
                                             99.874680   data required time
                                            -25.536200   data arrival time
---------------------------------------------------------------------------------------------
                                             74.338478   slack (MET)


Startpoint: RST_I (input port clocked by system_clock)
Endpoint: _871_ (rising edge-triggered flip-flop clocked by system_clock)
Path Group: system_clock
Path Type: max

Fanout         Cap        Slew       Delay        Time   Description
---------------------------------------------------------------------------------------------
                                  0.000000    0.000000   clock system_clock (rise edge)
                                  0.000000    0.000000   clock network delay (propagated)
                                 20.000000   20.000000 ^ input external delay
     1    0.008729    0.000000    0.000000   20.000000 ^ RST_I (in)
                                                         RST_I (net)
                      0.000283    0.000115   20.000116 ^ input10/I (gf180mcu_fd_sc_mcu7t5v0__dlyb_1)
    31    0.240654    3.895170    3.040979   23.041096 ^ input10/Z (gf180mcu_fd_sc_mcu7t5v0__dlyb_1)
                                                         net10 (net)
                      3.895329    0.014145   23.055241 ^ _430_/I (gf180mcu_fd_sc_mcu7t5v0__clkinv_1)
    16    0.119041    2.424379    1.956433   25.011673 v _430_/ZN (gf180mcu_fd_sc_mcu7t5v0__clkinv_1)
                                                         _103_ (net)
                      2.424401    0.004123   25.015797 v _462_/A1 (gf180mcu_fd_sc_mcu7t5v0__nand3_1)
     1    0.002792    0.532158    0.504384   25.520180 ^ _462_/ZN (gf180mcu_fd_sc_mcu7t5v0__nand3_1)
                                                         _005_ (net)
                      0.532158    0.000027   25.520206 ^ _871_/D (gf180mcu_fd_sc_mcu7t5v0__dffq_1)
                                             25.520206   data arrival time

                                100.000000  100.000000   clock system_clock (rise edge)
                                  0.000000  100.000000   clock source latency
     1    0.038592    0.000000    0.000000  100.000000 ^ CLK_I (in)
                                                         CLK_I (net)
                      0.003969    0.001627  100.001625 ^ clkbuf_0_CLK_I/I (gf180mcu_fd_sc_mcu7t5v0__clkbuf_16)
     8    0.199667    0.248974    0.319361  100.320984 ^ clkbuf_0_CLK_I/Z (gf180mcu_fd_sc_mcu7t5v0__clkbuf_16)
                                                         clknet_0_CLK_I (net)
                      0.248988    0.002863  100.323845 ^ clkbuf_3_6__f_CLK_I/I (gf180mcu_fd_sc_mcu7t5v0__clkbuf_16)
    13    0.081683    0.143199    0.297007  100.620857 ^ clkbuf_3_6__f_CLK_I/Z (gf180mcu_fd_sc_mcu7t5v0__clkbuf_16)
                                                         clknet_3_6__leaf_CLK_I (net)
                      0.143205    0.001670  100.622528 ^ _871_/CLK (gf180mcu_fd_sc_mcu7t5v0__dffq_1)
                                 -0.500000  100.122520   clock uncertainty
                                  0.000000  100.122520   clock reconvergence pessimism
                                 -0.246680   99.875847   library setup time
                                             99.875847   data required time
---------------------------------------------------------------------------------------------
                                             99.875847   data required time
                                            -25.520206   data arrival time
---------------------------------------------------------------------------------------------
                                             74.355637   slack (MET)


Startpoint: RST_I (input port clocked by system_clock)
Endpoint: _834_ (rising edge-triggered flip-flop clocked by system_clock)
Path Group: system_clock
Path Type: max

Fanout         Cap        Slew       Delay        Time   Description
---------------------------------------------------------------------------------------------
                                  0.000000    0.000000   clock system_clock (rise edge)
                                  0.000000    0.000000   clock network delay (propagated)
                                 20.000000   20.000000 v input external delay
     1    0.008729    0.000000    0.000000   20.000000 v RST_I (in)
                                                         RST_I (net)
                      0.000283    0.000115   20.000116 v input10/I (gf180mcu_fd_sc_mcu7t5v0__dlyb_1)
    31    0.240654    2.345404    2.435968   22.436085 v input10/Z (gf180mcu_fd_sc_mcu7t5v0__dlyb_1)
                                                         net10 (net)
                      2.345420    0.003554   22.439638 v _679_/A1 (gf180mcu_fd_sc_mcu7t5v0__nor3_1)
    10    0.065598    3.005049    2.327553   24.767191 ^ _679_/ZN (gf180mcu_fd_sc_mcu7t5v0__nor3_1)
                                                         _320_ (net)
                      3.005049    0.002595   24.769787 ^ _753_/B (gf180mcu_fd_sc_mcu7t5v0__oai31_1)
     1    0.005346    0.731101    0.189059   24.958847 v _753_/ZN (gf180mcu_fd_sc_mcu7t5v0__oai31_1)
                                                         _378_ (net)
                      0.731101    0.000060   24.958906 v _754_/B (gf180mcu_fd_sc_mcu7t5v0__aoi21_1)
     1    0.003678    0.379723    0.345176   25.304083 ^ _754_/ZN (gf180mcu_fd_sc_mcu7t5v0__aoi21_1)
                                                         _047_ (net)
                      0.379723    0.000071   25.304153 ^ _834_/D (gf180mcu_fd_sc_mcu7t5v0__dffq_1)
                                             25.304153   data arrival time

                                100.000000  100.000000   clock system_clock (rise edge)
                                  0.000000  100.000000   clock source latency
     1    0.038592    0.000000    0.000000  100.000000 ^ CLK_I (in)
                                                         CLK_I (net)
                      0.003969    0.001627  100.001625 ^ clkbuf_0_CLK_I/I (gf180mcu_fd_sc_mcu7t5v0__clkbuf_16)
     8    0.199667    0.248974    0.319361  100.320984 ^ clkbuf_0_CLK_I/Z (gf180mcu_fd_sc_mcu7t5v0__clkbuf_16)
                                                         clknet_0_CLK_I (net)
                      0.248993    0.003283  100.324265 ^ clkbuf_3_2__f_CLK_I/I (gf180mcu_fd_sc_mcu7t5v0__clkbuf_16)
    16    0.074071    0.136789    0.292310  100.616577 ^ clkbuf_3_2__f_CLK_I/Z (gf180mcu_fd_sc_mcu7t5v0__clkbuf_16)
                                                         clknet_3_2__leaf_CLK_I (net)
                      0.136790    0.000426  100.617004 ^ _834_/CLK (gf180mcu_fd_sc_mcu7t5v0__dffq_1)
                                 -0.500000  100.117004   clock uncertainty
                                  0.000000  100.117004   clock reconvergence pessimism
                                 -0.237940   99.879059   library setup time
                                             99.879059   data required time
---------------------------------------------------------------------------------------------
                                             99.879059   data required time
                                            -25.304153   data arrival time
---------------------------------------------------------------------------------------------
                                             74.574905   slack (MET)


Startpoint: RST_I (input port clocked by system_clock)
Endpoint: _832_ (rising edge-triggered flip-flop clocked by system_clock)
Path Group: system_clock
Path Type: max

Fanout         Cap        Slew       Delay        Time   Description
---------------------------------------------------------------------------------------------
                                  0.000000    0.000000   clock system_clock (rise edge)
                                  0.000000    0.000000   clock network delay (propagated)
                                 20.000000   20.000000 v input external delay
     1    0.008729    0.000000    0.000000   20.000000 v RST_I (in)
                                                         RST_I (net)
                      0.000283    0.000115   20.000116 v input10/I (gf180mcu_fd_sc_mcu7t5v0__dlyb_1)
    31    0.240654    2.345404    2.435968   22.436085 v input10/Z (gf180mcu_fd_sc_mcu7t5v0__dlyb_1)
                                                         net10 (net)
                      2.345420    0.003554   22.439638 v _679_/A1 (gf180mcu_fd_sc_mcu7t5v0__nor3_1)
    10    0.065598    3.005049    2.327553   24.767191 ^ _679_/ZN (gf180mcu_fd_sc_mcu7t5v0__nor3_1)
                                                         _320_ (net)
                      3.005049    0.002634   24.769827 ^ _744_/A2 (gf180mcu_fd_sc_mcu7t5v0__nand2_1)
     1    0.004745    0.555771    0.002895   24.772722 v _744_/ZN (gf180mcu_fd_sc_mcu7t5v0__nand2_1)
                                                         _371_ (net)
                      0.555771    0.000091   24.772812 v _745_/B (gf180mcu_fd_sc_mcu7t5v0__aoi21_1)
     1    0.003407    0.359036    0.311555   25.084368 ^ _745_/ZN (gf180mcu_fd_sc_mcu7t5v0__aoi21_1)
                                                         _045_ (net)
                      0.359036    0.000036   25.084402 ^ _832_/D (gf180mcu_fd_sc_mcu7t5v0__dffq_1)
                                             25.084402   data arrival time

                                100.000000  100.000000   clock system_clock (rise edge)
                                  0.000000  100.000000   clock source latency
     1    0.038592    0.000000    0.000000  100.000000 ^ CLK_I (in)
                                                         CLK_I (net)
                      0.003969    0.001627  100.001625 ^ clkbuf_0_CLK_I/I (gf180mcu_fd_sc_mcu7t5v0__clkbuf_16)
     8    0.199667    0.248974    0.319361  100.320984 ^ clkbuf_0_CLK_I/Z (gf180mcu_fd_sc_mcu7t5v0__clkbuf_16)
                                                         clknet_0_CLK_I (net)
                      0.248993    0.003283  100.324265 ^ clkbuf_3_2__f_CLK_I/I (gf180mcu_fd_sc_mcu7t5v0__clkbuf_16)
    16    0.074071    0.136789    0.292310  100.616577 ^ clkbuf_3_2__f_CLK_I/Z (gf180mcu_fd_sc_mcu7t5v0__clkbuf_16)
                                                         clknet_3_2__leaf_CLK_I (net)
                      0.136791    0.000881  100.617462 ^ _832_/CLK (gf180mcu_fd_sc_mcu7t5v0__dffq_1)
                                 -0.500000  100.117455   clock uncertainty
                                  0.000000  100.117455   clock reconvergence pessimism
                                 -0.236554   99.880905   library setup time
                                             99.880905   data required time
---------------------------------------------------------------------------------------------
                                             99.880905   data required time
                                            -25.084402   data arrival time
---------------------------------------------------------------------------------------------
                                             74.796501   slack (MET)


Startpoint: RST_I (input port clocked by system_clock)
Endpoint: _835_ (rising edge-triggered flip-flop clocked by system_clock)
Path Group: system_clock
Path Type: max

Fanout         Cap        Slew       Delay        Time   Description
---------------------------------------------------------------------------------------------
                                  0.000000    0.000000   clock system_clock (rise edge)
                                  0.000000    0.000000   clock network delay (propagated)
                                 20.000000   20.000000 v input external delay
     1    0.008729    0.000000    0.000000   20.000000 v RST_I (in)
                                                         RST_I (net)
                      0.000283    0.000115   20.000116 v input10/I (gf180mcu_fd_sc_mcu7t5v0__dlyb_1)
    31    0.240654    2.345404    2.435968   22.436085 v input10/Z (gf180mcu_fd_sc_mcu7t5v0__dlyb_1)
                                                         net10 (net)
                      2.345420    0.003554   22.439638 v _679_/A1 (gf180mcu_fd_sc_mcu7t5v0__nor3_1)
    10    0.065598    3.005049    2.327553   24.767191 ^ _679_/ZN (gf180mcu_fd_sc_mcu7t5v0__nor3_1)
                                                         _320_ (net)
                      3.005049    0.002672   24.769863 ^ _758_/A2 (gf180mcu_fd_sc_mcu7t5v0__nand2_1)
     1    0.004123    0.544669   -0.011131   24.758732 v _758_/ZN (gf180mcu_fd_sc_mcu7t5v0__nand2_1)
                                                         _382_ (net)
                      0.544669    0.000037   24.758770 v _759_/B (gf180mcu_fd_sc_mcu7t5v0__aoi21_1)
     1    0.003005    0.369653    0.302551   25.061321 ^ _759_/ZN (gf180mcu_fd_sc_mcu7t5v0__aoi21_1)
                                                         _048_ (net)
                      0.369653    0.000030   25.061352 ^ _835_/D (gf180mcu_fd_sc_mcu7t5v0__dffq_1)
                                             25.061352   data arrival time

                                100.000000  100.000000   clock system_clock (rise edge)
                                  0.000000  100.000000   clock source latency
     1    0.038592    0.000000    0.000000  100.000000 ^ CLK_I (in)
                                                         CLK_I (net)
                      0.003969    0.001627  100.001625 ^ clkbuf_0_CLK_I/I (gf180mcu_fd_sc_mcu7t5v0__clkbuf_16)
     8    0.199667    0.248974    0.319361  100.320984 ^ clkbuf_0_CLK_I/Z (gf180mcu_fd_sc_mcu7t5v0__clkbuf_16)
                                                         clknet_0_CLK_I (net)
                      0.248993    0.003283  100.324265 ^ clkbuf_3_2__f_CLK_I/I (gf180mcu_fd_sc_mcu7t5v0__clkbuf_16)
    16    0.074071    0.136789    0.292310  100.616577 ^ clkbuf_3_2__f_CLK_I/Z (gf180mcu_fd_sc_mcu7t5v0__clkbuf_16)
                                                         clknet_3_2__leaf_CLK_I (net)
                      0.136791    0.000945  100.617523 ^ _835_/CLK (gf180mcu_fd_sc_mcu7t5v0__dffq_1)
                                 -0.500000  100.117523   clock uncertainty
                                  0.000000  100.117523   clock reconvergence pessimism
                                 -0.237265   99.880257   library setup time
                                             99.880257   data required time
---------------------------------------------------------------------------------------------
                                             99.880257   data required time
                                            -25.061352   data arrival time
---------------------------------------------------------------------------------------------
                                             74.818901   slack (MET)


Startpoint: RST_I (input port clocked by system_clock)
Endpoint: _817_ (rising edge-triggered flip-flop clocked by system_clock)
Path Group: system_clock
Path Type: max

Fanout         Cap        Slew       Delay        Time   Description
---------------------------------------------------------------------------------------------
                                  0.000000    0.000000   clock system_clock (rise edge)
                                  0.000000    0.000000   clock network delay (propagated)
                                 20.000000   20.000000 ^ input external delay
     1    0.008729    0.000000    0.000000   20.000000 ^ RST_I (in)
                                                         RST_I (net)
                      0.000283    0.000115   20.000116 ^ input10/I (gf180mcu_fd_sc_mcu7t5v0__dlyb_1)
    31    0.240654    3.895170    3.040979   23.041096 ^ input10/Z (gf180mcu_fd_sc_mcu7t5v0__dlyb_1)
                                                         net10 (net)
                      3.895315    0.013499   23.054594 ^ _641_/B (gf180mcu_fd_sc_mcu7t5v0__aoi21_1)
     2    0.009687    1.122839    0.452266   23.506859 v _641_/ZN (gf180mcu_fd_sc_mcu7t5v0__aoi21_1)
                                                         _283_ (net)
                      1.122839    0.000158   23.507017 v _674_/A1 (gf180mcu_fd_sc_mcu7t5v0__or2_1)
     1    0.005716    0.188791    0.722869   24.229887 v _674_/Z (gf180mcu_fd_sc_mcu7t5v0__or2_1)
                                                         _316_ (net)
                      0.188791    0.000110   24.229996 v _675_/A2 (gf180mcu_fd_sc_mcu7t5v0__nand2_1)
     1    0.002924    0.159240    0.146795   24.376791 ^ _675_/ZN (gf180mcu_fd_sc_mcu7t5v0__nand2_1)
                                                         _030_ (net)
                      0.159240    0.000028   24.376820 ^ _817_/D (gf180mcu_fd_sc_mcu7t5v0__dffq_1)
                                             24.376820   data arrival time

                                100.000000  100.000000   clock system_clock (rise edge)
                                  0.000000  100.000000   clock source latency
     1    0.038592    0.000000    0.000000  100.000000 ^ CLK_I (in)
                                                         CLK_I (net)
                      0.003969    0.001627  100.001625 ^ clkbuf_0_CLK_I/I (gf180mcu_fd_sc_mcu7t5v0__clkbuf_16)
     8    0.199667    0.248974    0.319361  100.320984 ^ clkbuf_0_CLK_I/Z (gf180mcu_fd_sc_mcu7t5v0__clkbuf_16)
                                                         clknet_0_CLK_I (net)
                      0.248993    0.003283  100.324265 ^ clkbuf_3_2__f_CLK_I/I (gf180mcu_fd_sc_mcu7t5v0__clkbuf_16)
    16    0.074071    0.136789    0.292310  100.616577 ^ clkbuf_3_2__f_CLK_I/Z (gf180mcu_fd_sc_mcu7t5v0__clkbuf_16)
                                                         clknet_3_2__leaf_CLK_I (net)
                      0.136790    0.000725  100.617302 ^ _817_/CLK (gf180mcu_fd_sc_mcu7t5v0__dffq_1)
                                 -0.500000  100.117302   clock uncertainty
                                  0.000000  100.117302   clock reconvergence pessimism
                                 -0.216209   99.901093   library setup time
                                             99.901093   data required time
---------------------------------------------------------------------------------------------
                                             99.901093   data required time
                                            -24.376820   data arrival time
---------------------------------------------------------------------------------------------
                                             75.524269   slack (MET)


Startpoint: RST_I (input port clocked by system_clock)
Endpoint: _892_ (rising edge-triggered flip-flop clocked by system_clock)
Path Group: system_clock
Path Type: max

Fanout         Cap        Slew       Delay        Time   Description
---------------------------------------------------------------------------------------------
                                  0.000000    0.000000   clock system_clock (rise edge)
                                  0.000000    0.000000   clock network delay (propagated)
                                 20.000000   20.000000 ^ input external delay
     1    0.008729    0.000000    0.000000   20.000000 ^ RST_I (in)
                                                         RST_I (net)
                      0.000283    0.000115   20.000116 ^ input10/I (gf180mcu_fd_sc_mcu7t5v0__dlyb_1)
    31    0.240654    3.895170    3.040979   23.041096 ^ input10/Z (gf180mcu_fd_sc_mcu7t5v0__dlyb_1)
                                                         net10 (net)
                      3.895255    0.010346   23.051441 ^ _603_/C (gf180mcu_fd_sc_mcu7t5v0__aoi211_1)
     1    0.005072    1.232740    0.396593   23.448034 v _603_/ZN (gf180mcu_fd_sc_mcu7t5v0__aoi211_1)
                                                         _026_ (net)
                      1.232740    0.000108   23.448141 v _892_/D (gf180mcu_fd_sc_mcu7t5v0__dffq_1)
                                             23.448141   data arrival time

                                100.000000  100.000000   clock system_clock (rise edge)
                                  0.000000  100.000000   clock source latency
     1    0.038592    0.000000    0.000000  100.000000 ^ CLK_I (in)
                                                         CLK_I (net)
                      0.003969    0.001627  100.001625 ^ clkbuf_0_CLK_I/I (gf180mcu_fd_sc_mcu7t5v0__clkbuf_16)
     8    0.199667    0.248974    0.319361  100.320984 ^ clkbuf_0_CLK_I/Z (gf180mcu_fd_sc_mcu7t5v0__clkbuf_16)
                                                         clknet_0_CLK_I (net)
                      0.248986    0.002629  100.323616 ^ clkbuf_3_5__f_CLK_I/I (gf180mcu_fd_sc_mcu7t5v0__clkbuf_16)
    11    0.065995    0.129925    0.287166  100.610779 ^ clkbuf_3_5__f_CLK_I/Z (gf180mcu_fd_sc_mcu7t5v0__clkbuf_16)
                                                         clknet_3_5__leaf_CLK_I (net)
                      0.129925    0.000199  100.610977 ^ _892_/CLK (gf180mcu_fd_sc_mcu7t5v0__dffq_1)
                                 -0.500000  100.110977   clock uncertainty
                                  0.000000  100.110977   clock reconvergence pessimism
                                 -0.615498   99.495476   library setup time
                                             99.495476   data required time
---------------------------------------------------------------------------------------------
                                             99.495476   data required time
                                            -23.448141   data arrival time
---------------------------------------------------------------------------------------------
                                             76.047333   slack (MET)


Startpoint: RST_I (input port clocked by system_clock)
Endpoint: _829_ (rising edge-triggered flip-flop clocked by system_clock)
Path Group: system_clock
Path Type: max

Fanout         Cap        Slew       Delay        Time   Description
---------------------------------------------------------------------------------------------
                                  0.000000    0.000000   clock system_clock (rise edge)
                                  0.000000    0.000000   clock network delay (propagated)
                                 20.000000   20.000000 ^ input external delay
     1    0.008729    0.000000    0.000000   20.000000 ^ RST_I (in)
                                                         RST_I (net)
                      0.000283    0.000115   20.000116 ^ input10/I (gf180mcu_fd_sc_mcu7t5v0__dlyb_1)
    31    0.240654    3.895170    3.040979   23.041096 ^ input10/Z (gf180mcu_fd_sc_mcu7t5v0__dlyb_1)
                                                         net10 (net)
                      3.895170    0.003402   23.044497 ^ _712_/C (gf180mcu_fd_sc_mcu7t5v0__aoi211_1)
     1    0.002909    1.185890    0.343409   23.387905 v _712_/ZN (gf180mcu_fd_sc_mcu7t5v0__aoi211_1)
                                                         _042_ (net)
                      1.185890    0.000028   23.387934 v _829_/D (gf180mcu_fd_sc_mcu7t5v0__dffq_1)
                                             23.387934   data arrival time

                                100.000000  100.000000   clock system_clock (rise edge)
                                  0.000000  100.000000   clock source latency
     1    0.038592    0.000000    0.000000  100.000000 ^ CLK_I (in)
                                                         CLK_I (net)
                      0.003969    0.001627  100.001625 ^ clkbuf_0_CLK_I/I (gf180mcu_fd_sc_mcu7t5v0__clkbuf_16)
     8    0.199667    0.248974    0.319361  100.320984 ^ clkbuf_0_CLK_I/Z (gf180mcu_fd_sc_mcu7t5v0__clkbuf_16)
                                                         clknet_0_CLK_I (net)
                      0.248986    0.002672  100.323654 ^ clkbuf_3_1__f_CLK_I/I (gf180mcu_fd_sc_mcu7t5v0__clkbuf_16)
    10    0.060680    0.125309    0.283393  100.607048 ^ clkbuf_3_1__f_CLK_I/Z (gf180mcu_fd_sc_mcu7t5v0__clkbuf_16)
                                                         clknet_3_1__leaf_CLK_I (net)
                      0.125312    0.001144  100.608192 ^ _829_/CLK (gf180mcu_fd_sc_mcu7t5v0__dffq_1)
                                 -0.500000  100.108192   clock uncertainty
                                  0.000000  100.108192   clock reconvergence pessimism
                                 -0.599925   99.508263   library setup time
                                             99.508263   data required time
---------------------------------------------------------------------------------------------
                                             99.508263   data required time
                                            -23.387934   data arrival time
---------------------------------------------------------------------------------------------
                                             76.120331   slack (MET)


Startpoint: RST_I (input port clocked by system_clock)
Endpoint: _864_ (rising edge-triggered flip-flop clocked by system_clock)
Path Group: system_clock
Path Type: max

Fanout         Cap        Slew       Delay        Time   Description
---------------------------------------------------------------------------------------------
                                  0.000000    0.000000   clock system_clock (rise edge)
                                  0.000000    0.000000   clock network delay (propagated)
                                 20.000000   20.000000 ^ input external delay
     1    0.008729    0.000000    0.000000   20.000000 ^ RST_I (in)
                                                         RST_I (net)
                      0.000283    0.000115   20.000116 ^ input10/I (gf180mcu_fd_sc_mcu7t5v0__dlyb_1)
    31    0.240654    3.895170    3.040979   23.041096 ^ input10/Z (gf180mcu_fd_sc_mcu7t5v0__dlyb_1)
                                                         net10 (net)
                      3.895170    0.001645   23.042740 ^ _810_/B (gf180mcu_fd_sc_mcu7t5v0__aoi21_1)
     1    0.005971    1.046822    0.369038   23.411777 v _810_/ZN (gf180mcu_fd_sc_mcu7t5v0__aoi21_1)
                                                         _077_ (net)
                      1.046822    0.000130   23.411907 v _864_/D (gf180mcu_fd_sc_mcu7t5v0__dffq_1)
                                             23.411907   data arrival time

                                100.000000  100.000000   clock system_clock (rise edge)
                                  0.000000  100.000000   clock source latency
     1    0.038592    0.000000    0.000000  100.000000 ^ CLK_I (in)
                                                         CLK_I (net)
                      0.003969    0.001627  100.001625 ^ clkbuf_0_CLK_I/I (gf180mcu_fd_sc_mcu7t5v0__clkbuf_16)
     8    0.199667    0.248974    0.319361  100.320984 ^ clkbuf_0_CLK_I/Z (gf180mcu_fd_sc_mcu7t5v0__clkbuf_16)
                                                         clknet_0_CLK_I (net)
                      0.248988    0.002885  100.323868 ^ clkbuf_3_4__f_CLK_I/I (gf180mcu_fd_sc_mcu7t5v0__clkbuf_16)
     9    0.077369    0.139552    0.294286  100.618156 ^ clkbuf_3_4__f_CLK_I/Z (gf180mcu_fd_sc_mcu7t5v0__clkbuf_16)
                                                         clknet_3_4__leaf_CLK_I (net)
                      0.139552    0.000057  100.618210 ^ _864_/CLK (gf180mcu_fd_sc_mcu7t5v0__dffq_1)
                                 -0.500000  100.118210   clock uncertainty
                                  0.000000  100.118210   clock reconvergence pessimism
                                 -0.548285   99.569923   library setup time
                                             99.569923   data required time
---------------------------------------------------------------------------------------------
                                             99.569923   data required time
                                            -23.411907   data arrival time
---------------------------------------------------------------------------------------------
                                             76.158020   slack (MET)


Startpoint: RST_I (input port clocked by system_clock)
Endpoint: _893_ (rising edge-triggered flip-flop clocked by system_clock)
Path Group: system_clock
Path Type: max

Fanout         Cap        Slew       Delay        Time   Description
---------------------------------------------------------------------------------------------
                                  0.000000    0.000000   clock system_clock (rise edge)
                                  0.000000    0.000000   clock network delay (propagated)
                                 20.000000   20.000000 ^ input external delay
     1    0.008729    0.000000    0.000000   20.000000 ^ RST_I (in)
                                                         RST_I (net)
                      0.000283    0.000115   20.000116 ^ input10/I (gf180mcu_fd_sc_mcu7t5v0__dlyb_1)
    31    0.240654    3.895170    3.040979   23.041096 ^ input10/Z (gf180mcu_fd_sc_mcu7t5v0__dlyb_1)
                                                         net10 (net)
                      3.895256    0.010434   23.051529 ^ _605_/B (gf180mcu_fd_sc_mcu7t5v0__aoi21_1)
     1    0.004946    1.025366    0.346086   23.397615 v _605_/ZN (gf180mcu_fd_sc_mcu7t5v0__aoi21_1)
                                                         _027_ (net)
                      1.025366    0.000103   23.397718 v _893_/D (gf180mcu_fd_sc_mcu7t5v0__dffq_1)
                                             23.397718   data arrival time

                                100.000000  100.000000   clock system_clock (rise edge)
                                  0.000000  100.000000   clock source latency
     1    0.038592    0.000000    0.000000  100.000000 ^ CLK_I (in)
                                                         CLK_I (net)
                      0.003969    0.001627  100.001625 ^ clkbuf_0_CLK_I/I (gf180mcu_fd_sc_mcu7t5v0__clkbuf_16)
     8    0.199667    0.248974    0.319361  100.320984 ^ clkbuf_0_CLK_I/Z (gf180mcu_fd_sc_mcu7t5v0__clkbuf_16)
                                                         clknet_0_CLK_I (net)
                      0.248988    0.002885  100.323868 ^ clkbuf_3_4__f_CLK_I/I (gf180mcu_fd_sc_mcu7t5v0__clkbuf_16)
     9    0.077369    0.139552    0.294286  100.618156 ^ clkbuf_3_4__f_CLK_I/Z (gf180mcu_fd_sc_mcu7t5v0__clkbuf_16)
                                                         clknet_3_4__leaf_CLK_I (net)
                      0.139557    0.001471  100.619629 ^ _893_/CLK (gf180mcu_fd_sc_mcu7t5v0__dffq_1)
                                 -0.500000  100.119621   clock uncertainty
                                  0.000000  100.119621   clock reconvergence pessimism
                                 -0.540749   99.578873   library setup time
                                             99.578873   data required time
---------------------------------------------------------------------------------------------
                                             99.578873   data required time
                                            -23.397718   data arrival time
---------------------------------------------------------------------------------------------
                                             76.181152   slack (MET)


Startpoint: RST_I (input port clocked by system_clock)
Endpoint: _860_ (rising edge-triggered flip-flop clocked by system_clock)
Path Group: system_clock
Path Type: max

Fanout         Cap        Slew       Delay        Time   Description
---------------------------------------------------------------------------------------------
                                  0.000000    0.000000   clock system_clock (rise edge)
                                  0.000000    0.000000   clock network delay (propagated)
                                 20.000000   20.000000 ^ input external delay
     1    0.008729    0.000000    0.000000   20.000000 ^ RST_I (in)
                                                         RST_I (net)
                      0.000283    0.000115   20.000116 ^ input10/I (gf180mcu_fd_sc_mcu7t5v0__dlyb_1)
    31    0.240654    3.895170    3.040979   23.041096 ^ input10/Z (gf180mcu_fd_sc_mcu7t5v0__dlyb_1)
                                                         net10 (net)
                      3.895338    0.014523   23.055618 ^ _802_/A1 (gf180mcu_fd_sc_mcu7t5v0__nor2_1)
     1    0.014118    0.941960    0.202082   23.257700 v _802_/ZN (gf180mcu_fd_sc_mcu7t5v0__nor2_1)
                                                         _073_ (net)
                      0.941960    0.000567   23.258266 v _860_/D (gf180mcu_fd_sc_mcu7t5v0__dffq_1)
                                             23.258266   data arrival time

                                100.000000  100.000000   clock system_clock (rise edge)
                                  0.000000  100.000000   clock source latency
     1    0.038592    0.000000    0.000000  100.000000 ^ CLK_I (in)
                                                         CLK_I (net)
                      0.003969    0.001627  100.001625 ^ clkbuf_0_CLK_I/I (gf180mcu_fd_sc_mcu7t5v0__clkbuf_16)
     8    0.199667    0.248974    0.319361  100.320984 ^ clkbuf_0_CLK_I/Z (gf180mcu_fd_sc_mcu7t5v0__clkbuf_16)
                                                         clknet_0_CLK_I (net)
                      0.248985    0.002551  100.323532 ^ clkbuf_3_7__f_CLK_I/I (gf180mcu_fd_sc_mcu7t5v0__clkbuf_16)
    14    0.077685    0.139872    0.294648  100.618187 ^ clkbuf_3_7__f_CLK_I/Z (gf180mcu_fd_sc_mcu7t5v0__clkbuf_16)
                                                         clknet_3_7__leaf_CLK_I (net)
                      0.139878    0.001634  100.619820 ^ _860_/CLK (gf180mcu_fd_sc_mcu7t5v0__dffq_1)
                                 -0.500000  100.119812   clock uncertainty
                                  0.000000  100.119812   clock reconvergence pessimism
                                 -0.511437   99.608383   library setup time
                                             99.608383   data required time
---------------------------------------------------------------------------------------------
                                             99.608383   data required time
                                            -23.258266   data arrival time
---------------------------------------------------------------------------------------------
                                             76.350113   slack (MET)


Startpoint: RST_I (input port clocked by system_clock)
Endpoint: _862_ (rising edge-triggered flip-flop clocked by system_clock)
Path Group: system_clock
Path Type: max

Fanout         Cap        Slew       Delay        Time   Description
---------------------------------------------------------------------------------------------
                                  0.000000    0.000000   clock system_clock (rise edge)
                                  0.000000    0.000000   clock network delay (propagated)
                                 20.000000   20.000000 ^ input external delay
     1    0.008729    0.000000    0.000000   20.000000 ^ RST_I (in)
                                                         RST_I (net)
                      0.000283    0.000115   20.000116 ^ input10/I (gf180mcu_fd_sc_mcu7t5v0__dlyb_1)
    31    0.240654    3.895170    3.040979   23.041096 ^ input10/Z (gf180mcu_fd_sc_mcu7t5v0__dlyb_1)
                                                         net10 (net)
                      3.895338    0.014559   23.055655 ^ _806_/A1 (gf180mcu_fd_sc_mcu7t5v0__nor2_1)
     1    0.013856    0.936672    0.196142   23.251797 v _806_/ZN (gf180mcu_fd_sc_mcu7t5v0__nor2_1)
                                                         _075_ (net)
                      0.936672    0.000471   23.252266 v _862_/D (gf180mcu_fd_sc_mcu7t5v0__dffq_1)
                                             23.252266   data arrival time

                                100.000000  100.000000   clock system_clock (rise edge)
                                  0.000000  100.000000   clock source latency
     1    0.038592    0.000000    0.000000  100.000000 ^ CLK_I (in)
                                                         CLK_I (net)
                      0.003969    0.001627  100.001625 ^ clkbuf_0_CLK_I/I (gf180mcu_fd_sc_mcu7t5v0__clkbuf_16)
     8    0.199667    0.248974    0.319361  100.320984 ^ clkbuf_0_CLK_I/Z (gf180mcu_fd_sc_mcu7t5v0__clkbuf_16)
                                                         clknet_0_CLK_I (net)
                      0.248985    0.002551  100.323532 ^ clkbuf_3_7__f_CLK_I/I (gf180mcu_fd_sc_mcu7t5v0__clkbuf_16)
    14    0.077685    0.139872    0.294648  100.618187 ^ clkbuf_3_7__f_CLK_I/Z (gf180mcu_fd_sc_mcu7t5v0__clkbuf_16)
                                                         clknet_3_7__leaf_CLK_I (net)
                      0.139877    0.001506  100.619690 ^ _862_/CLK (gf180mcu_fd_sc_mcu7t5v0__dffq_1)
                                 -0.500000  100.119690   clock uncertainty
                                  0.000000  100.119690   clock reconvergence pessimism
                                 -0.509583   99.610107   library setup time
                                             99.610107   data required time
---------------------------------------------------------------------------------------------
                                             99.610107   data required time
                                            -23.252266   data arrival time
---------------------------------------------------------------------------------------------
                                             76.357841   slack (MET)


Startpoint: RST_I (input port clocked by system_clock)
Endpoint: _865_ (rising edge-triggered flip-flop clocked by system_clock)
Path Group: system_clock
Path Type: max

Fanout         Cap        Slew       Delay        Time   Description
---------------------------------------------------------------------------------------------
                                  0.000000    0.000000   clock system_clock (rise edge)
                                  0.000000    0.000000   clock network delay (propagated)
                                 20.000000   20.000000 ^ input external delay
     1    0.008729    0.000000    0.000000   20.000000 ^ RST_I (in)
                                                         RST_I (net)
                      0.000283    0.000115   20.000116 ^ input10/I (gf180mcu_fd_sc_mcu7t5v0__dlyb_1)
    31    0.240654    3.895170    3.040979   23.041096 ^ input10/Z (gf180mcu_fd_sc_mcu7t5v0__dlyb_1)
                                                         net10 (net)
                      3.895338    0.014552   23.055647 ^ _812_/A1 (gf180mcu_fd_sc_mcu7t5v0__nor2_1)
     1    0.013286    0.925167    0.183183   23.238831 v _812_/ZN (gf180mcu_fd_sc_mcu7t5v0__nor2_1)
                                                         _078_ (net)
                      0.925167    0.000451   23.239281 v _865_/D (gf180mcu_fd_sc_mcu7t5v0__dffq_1)
                                             23.239281   data arrival time

                                100.000000  100.000000   clock system_clock (rise edge)
                                  0.000000  100.000000   clock source latency
     1    0.038592    0.000000    0.000000  100.000000 ^ CLK_I (in)
                                                         CLK_I (net)
                      0.003969    0.001627  100.001625 ^ clkbuf_0_CLK_I/I (gf180mcu_fd_sc_mcu7t5v0__clkbuf_16)
     8    0.199667    0.248974    0.319361  100.320984 ^ clkbuf_0_CLK_I/Z (gf180mcu_fd_sc_mcu7t5v0__clkbuf_16)
                                                         clknet_0_CLK_I (net)
                      0.248985    0.002551  100.323532 ^ clkbuf_3_7__f_CLK_I/I (gf180mcu_fd_sc_mcu7t5v0__clkbuf_16)
    14    0.077685    0.139872    0.294648  100.618187 ^ clkbuf_3_7__f_CLK_I/Z (gf180mcu_fd_sc_mcu7t5v0__clkbuf_16)
                                                         clknet_3_7__leaf_CLK_I (net)
                      0.139875    0.001343  100.619530 ^ _865_/CLK (gf180mcu_fd_sc_mcu7t5v0__dffq_1)
                                 -0.500000  100.119522   clock uncertainty
                                  0.000000  100.119522   clock reconvergence pessimism
                                 -0.505549   99.613976   library setup time
                                             99.613976   data required time
---------------------------------------------------------------------------------------------
                                             99.613976   data required time
                                            -23.239281   data arrival time
---------------------------------------------------------------------------------------------
                                             76.374695   slack (MET)


Startpoint: RST_I (input port clocked by system_clock)
Endpoint: _894_ (rising edge-triggered flip-flop clocked by system_clock)
Path Group: system_clock
Path Type: max

Fanout         Cap        Slew       Delay        Time   Description
---------------------------------------------------------------------------------------------
                                  0.000000    0.000000   clock system_clock (rise edge)
                                  0.000000    0.000000   clock network delay (propagated)
                                 20.000000   20.000000 ^ input external delay
     1    0.008729    0.000000    0.000000   20.000000 ^ RST_I (in)
                                                         RST_I (net)
                      0.000283    0.000115   20.000116 ^ input10/I (gf180mcu_fd_sc_mcu7t5v0__dlyb_1)
    31    0.240654    3.895170    3.040979   23.041096 ^ input10/Z (gf180mcu_fd_sc_mcu7t5v0__dlyb_1)
                                                         net10 (net)
                      3.895287    0.012152   23.053247 ^ _596_/A2 (gf180mcu_fd_sc_mcu7t5v0__nor2_1)
     1    0.005358    0.869097    0.148548   23.201796 v _596_/ZN (gf180mcu_fd_sc_mcu7t5v0__nor2_1)
                                                         _028_ (net)
                      0.869097    0.000115   23.201910 v _894_/D (gf180mcu_fd_sc_mcu7t5v0__dffq_1)
                                             23.201910   data arrival time

                                100.000000  100.000000   clock system_clock (rise edge)
                                  0.000000  100.000000   clock source latency
     1    0.038592    0.000000    0.000000  100.000000 ^ CLK_I (in)
                                                         CLK_I (net)
                      0.003969    0.001627  100.001625 ^ clkbuf_0_CLK_I/I (gf180mcu_fd_sc_mcu7t5v0__clkbuf_16)
     8    0.199667    0.248974    0.319361  100.320984 ^ clkbuf_0_CLK_I/Z (gf180mcu_fd_sc_mcu7t5v0__clkbuf_16)
                                                         clknet_0_CLK_I (net)
                      0.248986    0.002672  100.323654 ^ clkbuf_3_1__f_CLK_I/I (gf180mcu_fd_sc_mcu7t5v0__clkbuf_16)
    10    0.060680    0.125309    0.283393  100.607048 ^ clkbuf_3_1__f_CLK_I/Z (gf180mcu_fd_sc_mcu7t5v0__clkbuf_16)
                                                         clknet_3_1__leaf_CLK_I (net)
                      0.125309    0.000057  100.607109 ^ _894_/CLK (gf180mcu_fd_sc_mcu7t5v0__dffq_1)
                                 -0.500000  100.107101   clock uncertainty
                                  0.000000  100.107101   clock reconvergence pessimism
                                 -0.488607   99.618500   library setup time
                                             99.618500   data required time
---------------------------------------------------------------------------------------------
                                             99.618500   data required time
                                            -23.201910   data arrival time
---------------------------------------------------------------------------------------------
                                             76.416588   slack (MET)


Startpoint: RST_I (input port clocked by system_clock)
Endpoint: _850_ (rising edge-triggered flip-flop clocked by system_clock)
Path Group: system_clock
Path Type: max

Fanout         Cap        Slew       Delay        Time   Description
---------------------------------------------------------------------------------------------
                                  0.000000    0.000000   clock system_clock (rise edge)
                                  0.000000    0.000000   clock network delay (propagated)
                                 20.000000   20.000000 ^ input external delay
     1    0.008729    0.000000    0.000000   20.000000 ^ RST_I (in)
                                                         RST_I (net)
                      0.000283    0.000115   20.000116 ^ input10/I (gf180mcu_fd_sc_mcu7t5v0__dlyb_1)
    31    0.240654    3.895170    3.040979   23.041096 ^ input10/Z (gf180mcu_fd_sc_mcu7t5v0__dlyb_1)
                                                         net10 (net)
                      3.895192    0.005294   23.046389 ^ _781_/A1 (gf180mcu_fd_sc_mcu7t5v0__nor2_1)
     1    0.011406    0.887194    0.140398   23.186787 v _781_/ZN (gf180mcu_fd_sc_mcu7t5v0__nor2_1)
                                                         _063_ (net)
                      0.887194    0.000471   23.187258 v _850_/D (gf180mcu_fd_sc_mcu7t5v0__dffq_1)
                                             23.187258   data arrival time

                                100.000000  100.000000   clock system_clock (rise edge)
                                  0.000000  100.000000   clock source latency
     1    0.038592    0.000000    0.000000  100.000000 ^ CLK_I (in)
                                                         CLK_I (net)
                      0.003969    0.001627  100.001625 ^ clkbuf_0_CLK_I/I (gf180mcu_fd_sc_mcu7t5v0__clkbuf_16)
     8    0.199667    0.248974    0.319361  100.320984 ^ clkbuf_0_CLK_I/Z (gf180mcu_fd_sc_mcu7t5v0__clkbuf_16)
                                                         clknet_0_CLK_I (net)
                      0.248986    0.002629  100.323616 ^ clkbuf_3_5__f_CLK_I/I (gf180mcu_fd_sc_mcu7t5v0__clkbuf_16)
    11    0.065995    0.129925    0.287166  100.610779 ^ clkbuf_3_5__f_CLK_I/Z (gf180mcu_fd_sc_mcu7t5v0__clkbuf_16)
                                                         clknet_3_5__leaf_CLK_I (net)
                      0.129926    0.000568  100.611351 ^ _850_/CLK (gf180mcu_fd_sc_mcu7t5v0__dffq_1)
                                 -0.500000  100.111343   clock uncertainty
                                  0.000000  100.111343   clock reconvergence pessimism
                                 -0.494091   99.617256   library setup time
                                             99.617256   data required time
---------------------------------------------------------------------------------------------
                                             99.617256   data required time
                                            -23.187258   data arrival time
---------------------------------------------------------------------------------------------
                                             76.430000   slack (MET)


Startpoint: RST_I (input port clocked by system_clock)
Endpoint: _895_ (rising edge-triggered flip-flop clocked by system_clock)
Path Group: system_clock
Path Type: max

Fanout         Cap        Slew       Delay        Time   Description
---------------------------------------------------------------------------------------------
                                  0.000000    0.000000   clock system_clock (rise edge)
                                  0.000000    0.000000   clock network delay (propagated)
                                 20.000000   20.000000 ^ input external delay
     1    0.008729    0.000000    0.000000   20.000000 ^ RST_I (in)
                                                         RST_I (net)
                      0.000283    0.000115   20.000116 ^ input10/I (gf180mcu_fd_sc_mcu7t5v0__dlyb_1)
    31    0.240654    3.895170    3.040979   23.041096 ^ input10/Z (gf180mcu_fd_sc_mcu7t5v0__dlyb_1)
                                                         net10 (net)
                      3.895281    0.011807   23.052902 ^ _600_/A2 (gf180mcu_fd_sc_mcu7t5v0__nor2_1)
     1    0.004447    0.843882    0.125530   23.178432 v _600_/ZN (gf180mcu_fd_sc_mcu7t5v0__nor2_1)
                                                         _029_ (net)
                      0.843882    0.000091   23.178522 v _895_/D (gf180mcu_fd_sc_mcu7t5v0__dffq_1)
                                             23.178522   data arrival time

                                100.000000  100.000000   clock system_clock (rise edge)
                                  0.000000  100.000000   clock source latency
     1    0.038592    0.000000    0.000000  100.000000 ^ CLK_I (in)
                                                         CLK_I (net)
                      0.003969    0.001627  100.001625 ^ clkbuf_0_CLK_I/I (gf180mcu_fd_sc_mcu7t5v0__clkbuf_16)
     8    0.199667    0.248974    0.319361  100.320984 ^ clkbuf_0_CLK_I/Z (gf180mcu_fd_sc_mcu7t5v0__clkbuf_16)
                                                         clknet_0_CLK_I (net)
                      0.248990    0.003055  100.324043 ^ clkbuf_3_3__f_CLK_I/I (gf180mcu_fd_sc_mcu7t5v0__clkbuf_16)
    10    0.064818    0.128906    0.286356  100.610397 ^ clkbuf_3_3__f_CLK_I/Z (gf180mcu_fd_sc_mcu7t5v0__clkbuf_16)
                                                         clknet_3_3__leaf_CLK_I (net)
                      0.128906    0.000128  100.610527 ^ _895_/CLK (gf180mcu_fd_sc_mcu7t5v0__dffq_1)
                                 -0.500000  100.110519   clock uncertainty
                                  0.000000  100.110519   clock reconvergence pessimism
                                 -0.479093   99.631432   library setup time
                                             99.631432   data required time
---------------------------------------------------------------------------------------------
                                             99.631432   data required time
                                            -23.178522   data arrival time
---------------------------------------------------------------------------------------------
                                             76.452911   slack (MET)


Startpoint: RST_I (input port clocked by system_clock)
Endpoint: _849_ (rising edge-triggered flip-flop clocked by system_clock)
Path Group: system_clock
Path Type: max

Fanout         Cap        Slew       Delay        Time   Description
---------------------------------------------------------------------------------------------
                                  0.000000    0.000000   clock system_clock (rise edge)
                                  0.000000    0.000000   clock network delay (propagated)
                                 20.000000   20.000000 ^ input external delay
     1    0.008729    0.000000    0.000000   20.000000 ^ RST_I (in)
                                                         RST_I (net)
                      0.000283    0.000115   20.000116 ^ input10/I (gf180mcu_fd_sc_mcu7t5v0__dlyb_1)
    31    0.240654    3.895170    3.040979   23.041096 ^ input10/Z (gf180mcu_fd_sc_mcu7t5v0__dlyb_1)
                                                         net10 (net)
                      3.895170    0.003016   23.044111 ^ _779_/A1 (gf180mcu_fd_sc_mcu7t5v0__nor2_1)
     1    0.010555    0.869447    0.120828   23.164940 v _779_/ZN (gf180mcu_fd_sc_mcu7t5v0__nor2_1)
                                                         _062_ (net)
                      0.869447    0.000398   23.165337 v _849_/D (gf180mcu_fd_sc_mcu7t5v0__dffq_1)
                                             23.165337   data arrival time

                                100.000000  100.000000   clock system_clock (rise edge)
                                  0.000000  100.000000   clock source latency
     1    0.038592    0.000000    0.000000  100.000000 ^ CLK_I (in)
                                                         CLK_I (net)
                      0.003969    0.001627  100.001625 ^ clkbuf_0_CLK_I/I (gf180mcu_fd_sc_mcu7t5v0__clkbuf_16)
     8    0.199667    0.248974    0.319361  100.320984 ^ clkbuf_0_CLK_I/Z (gf180mcu_fd_sc_mcu7t5v0__clkbuf_16)
                                                         clknet_0_CLK_I (net)
                      0.248986    0.002629  100.323616 ^ clkbuf_3_5__f_CLK_I/I (gf180mcu_fd_sc_mcu7t5v0__clkbuf_16)
    11    0.065995    0.129925    0.287166  100.610779 ^ clkbuf_3_5__f_CLK_I/Z (gf180mcu_fd_sc_mcu7t5v0__clkbuf_16)
                                                         clknet_3_5__leaf_CLK_I (net)
                      0.129926    0.000455  100.611237 ^ _849_/CLK (gf180mcu_fd_sc_mcu7t5v0__dffq_1)
                                 -0.500000  100.111229   clock uncertainty
                                  0.000000  100.111229   clock reconvergence pessimism
                                 -0.487868   99.623367   library setup time
                                             99.623367   data required time
---------------------------------------------------------------------------------------------
                                             99.623367   data required time
                                            -23.165337   data arrival time
---------------------------------------------------------------------------------------------
                                             76.458031   slack (MET)


Startpoint: RST_I (input port clocked by system_clock)
Endpoint: _846_ (rising edge-triggered flip-flop clocked by system_clock)
Path Group: system_clock
Path Type: max

Fanout         Cap        Slew       Delay        Time   Description
---------------------------------------------------------------------------------------------
                                  0.000000    0.000000   clock system_clock (rise edge)
                                  0.000000    0.000000   clock network delay (propagated)
                                 20.000000   20.000000 ^ input external delay
     1    0.008729    0.000000    0.000000   20.000000 ^ RST_I (in)
                                                         RST_I (net)
                      0.000283    0.000115   20.000116 ^ input10/I (gf180mcu_fd_sc_mcu7t5v0__dlyb_1)
    31    0.240654    3.895170    3.040979   23.041096 ^ input10/Z (gf180mcu_fd_sc_mcu7t5v0__dlyb_1)
                                                         net10 (net)
                      3.895331    0.014222   23.055317 ^ _773_/A2 (gf180mcu_fd_sc_mcu7t5v0__nor2_1)
     1    0.003556    0.816071    0.101370   23.156687 v _773_/ZN (gf180mcu_fd_sc_mcu7t5v0__nor2_1)
                                                         _059_ (net)
                      0.816071    0.000039   23.156725 v _846_/D (gf180mcu_fd_sc_mcu7t5v0__dffq_1)
                                             23.156725   data arrival time

                                100.000000  100.000000   clock system_clock (rise edge)
                                  0.000000  100.000000   clock source latency
     1    0.038592    0.000000    0.000000  100.000000 ^ CLK_I (in)
                                                         CLK_I (net)
                      0.003969    0.001627  100.001625 ^ clkbuf_0_CLK_I/I (gf180mcu_fd_sc_mcu7t5v0__clkbuf_16)
     8    0.199667    0.248974    0.319361  100.320984 ^ clkbuf_0_CLK_I/Z (gf180mcu_fd_sc_mcu7t5v0__clkbuf_16)
                                                         clknet_0_CLK_I (net)
                      0.248993    0.003283  100.324265 ^ clkbuf_3_2__f_CLK_I/I (gf180mcu_fd_sc_mcu7t5v0__clkbuf_16)
    16    0.074071    0.136789    0.292310  100.616577 ^ clkbuf_3_2__f_CLK_I/Z (gf180mcu_fd_sc_mcu7t5v0__clkbuf_16)
                                                         clknet_3_2__leaf_CLK_I (net)
                      0.136791    0.000931  100.617508 ^ _846_/CLK (gf180mcu_fd_sc_mcu7t5v0__dffq_1)
                                 -0.500000  100.117508   clock uncertainty
                                  0.000000  100.117508   clock reconvergence pessimism
                                 -0.467869   99.649635   library setup time
                                             99.649635   data required time
---------------------------------------------------------------------------------------------
                                             99.649635   data required time
                                            -23.156725   data arrival time
---------------------------------------------------------------------------------------------
                                             76.492912   slack (MET)


Startpoint: RST_I (input port clocked by system_clock)
Endpoint: _854_ (rising edge-triggered flip-flop clocked by system_clock)
Path Group: system_clock
Path Type: max

Fanout         Cap        Slew       Delay        Time   Description
---------------------------------------------------------------------------------------------
                                  0.000000    0.000000   clock system_clock (rise edge)
                                  0.000000    0.000000   clock network delay (propagated)
                                 20.000000   20.000000 ^ input external delay
     1    0.008729    0.000000    0.000000   20.000000 ^ RST_I (in)
                                                         RST_I (net)
                      0.000283    0.000115   20.000116 ^ input10/I (gf180mcu_fd_sc_mcu7t5v0__dlyb_1)
    31    0.240654    3.895170    3.040979   23.041096 ^ input10/Z (gf180mcu_fd_sc_mcu7t5v0__dlyb_1)
                                                         net10 (net)
                      3.895233    0.008935   23.050030 ^ _789_/A1 (gf180mcu_fd_sc_mcu7t5v0__nor2_1)
     1    0.009286    0.831213    0.085716   23.135746 v _789_/ZN (gf180mcu_fd_sc_mcu7t5v0__nor2_1)
                                                         _067_ (net)
                      0.831213    0.000249   23.135996 v _854_/D (gf180mcu_fd_sc_mcu7t5v0__dffq_1)
                                             23.135996   data arrival time

                                100.000000  100.000000   clock system_clock (rise edge)
                                  0.000000  100.000000   clock source latency
     1    0.038592    0.000000    0.000000  100.000000 ^ CLK_I (in)
                                                         CLK_I (net)
                      0.003969    0.001627  100.001625 ^ clkbuf_0_CLK_I/I (gf180mcu_fd_sc_mcu7t5v0__clkbuf_16)
     8    0.199667    0.248974    0.319361  100.320984 ^ clkbuf_0_CLK_I/Z (gf180mcu_fd_sc_mcu7t5v0__clkbuf_16)
                                                         clknet_0_CLK_I (net)
                      0.248986    0.002629  100.323616 ^ clkbuf_3_5__f_CLK_I/I (gf180mcu_fd_sc_mcu7t5v0__clkbuf_16)
    11    0.065995    0.129925    0.287166  100.610779 ^ clkbuf_3_5__f_CLK_I/Z (gf180mcu_fd_sc_mcu7t5v0__clkbuf_16)
                                                         clknet_3_5__leaf_CLK_I (net)
                      0.129925    0.000313  100.611092 ^ _854_/CLK (gf180mcu_fd_sc_mcu7t5v0__dffq_1)
                                 -0.500000  100.111092   clock uncertainty
                                  0.000000  100.111092   clock reconvergence pessimism
                                 -0.474461   99.636635   library setup time
                                             99.636635   data required time
---------------------------------------------------------------------------------------------
                                             99.636635   data required time
                                            -23.135996   data arrival time
---------------------------------------------------------------------------------------------
                                             76.500633   slack (MET)


Startpoint: RST_I (input port clocked by system_clock)
Endpoint: _853_ (rising edge-triggered flip-flop clocked by system_clock)
Path Group: system_clock
Path Type: max

Fanout         Cap        Slew       Delay        Time   Description
---------------------------------------------------------------------------------------------
                                  0.000000    0.000000   clock system_clock (rise edge)
                                  0.000000    0.000000   clock network delay (propagated)
                                 20.000000   20.000000 ^ input external delay
     1    0.008729    0.000000    0.000000   20.000000 ^ RST_I (in)
                                                         RST_I (net)
                      0.000283    0.000115   20.000116 ^ input10/I (gf180mcu_fd_sc_mcu7t5v0__dlyb_1)
    31    0.240654    3.895170    3.040979   23.041096 ^ input10/Z (gf180mcu_fd_sc_mcu7t5v0__dlyb_1)
                                                         net10 (net)
                      3.895235    0.009024   23.050119 ^ _787_/A1 (gf180mcu_fd_sc_mcu7t5v0__nor2_1)
     1    0.008815    0.818839    0.072685   23.122805 v _787_/ZN (gf180mcu_fd_sc_mcu7t5v0__nor2_1)
                                                         _066_ (net)
                      0.818839    0.000227   23.123032 v _853_/D (gf180mcu_fd_sc_mcu7t5v0__dffq_1)
                                             23.123032   data arrival time

                                100.000000  100.000000   clock system_clock (rise edge)
                                  0.000000  100.000000   clock source latency
     1    0.038592    0.000000    0.000000  100.000000 ^ CLK_I (in)
                                                         CLK_I (net)
                      0.003969    0.001627  100.001625 ^ clkbuf_0_CLK_I/I (gf180mcu_fd_sc_mcu7t5v0__clkbuf_16)
     8    0.199667    0.248974    0.319361  100.320984 ^ clkbuf_0_CLK_I/Z (gf180mcu_fd_sc_mcu7t5v0__clkbuf_16)
                                                         clknet_0_CLK_I (net)
                      0.248986    0.002629  100.323616 ^ clkbuf_3_5__f_CLK_I/I (gf180mcu_fd_sc_mcu7t5v0__clkbuf_16)
    11    0.065995    0.129925    0.287166  100.610779 ^ clkbuf_3_5__f_CLK_I/Z (gf180mcu_fd_sc_mcu7t5v0__clkbuf_16)
                                                         clknet_3_5__leaf_CLK_I (net)
                      0.129925    0.000369  100.611153 ^ _853_/CLK (gf180mcu_fd_sc_mcu7t5v0__dffq_1)
                                 -0.500000  100.111145   clock uncertainty
                                  0.000000  100.111145   clock reconvergence pessimism
                                 -0.470122   99.641022   library setup time
                                             99.641022   data required time
---------------------------------------------------------------------------------------------
                                             99.641022   data required time
                                            -23.123032   data arrival time
---------------------------------------------------------------------------------------------
                                             76.517998   slack (MET)


Startpoint: _864_ (rising edge-triggered flip-flop clocked by system_clock)
Endpoint: STB_O (output port clocked by system_clock)
Path Group: system_clock
Path Type: max

Fanout         Cap        Slew       Delay        Time   Description
---------------------------------------------------------------------------------------------
                                  0.000000    0.000000   clock system_clock (rise edge)
                                  0.000000    0.000000   clock source latency
     1    0.038592    0.000000    0.000000    0.000000 ^ CLK_I (in)
                                                         CLK_I (net)
                      0.003969    0.001624    0.001624 ^ clkbuf_0_CLK_I/I (gf180mcu_fd_sc_mcu7t5v0__clkbuf_16)
     8    0.199667    0.248974    0.319365    0.320989 ^ clkbuf_0_CLK_I/Z (gf180mcu_fd_sc_mcu7t5v0__clkbuf_16)
                                                         clknet_0_CLK_I (net)
                      0.248988    0.002884    0.323872 ^ clkbuf_3_4__f_CLK_I/I (gf180mcu_fd_sc_mcu7t5v0__clkbuf_16)
     9    0.077369    0.139552    0.294285    0.618157 ^ clkbuf_3_4__f_CLK_I/Z (gf180mcu_fd_sc_mcu7t5v0__clkbuf_16)
                                                         clknet_3_4__leaf_CLK_I (net)
                      0.139552    0.000059    0.618216 ^ _864_/CLK (gf180mcu_fd_sc_mcu7t5v0__dffq_1)
     3    0.042366    0.725417    1.082216    1.700432 ^ _864_/Q (gf180mcu_fd_sc_mcu7t5v0__dffq_1)
                                                         net21 (net)
                      0.725437    0.002089    1.702520 ^ _902_/I (gf180mcu_fd_sc_mcu7t5v0__buf_1)
     1    0.012058    0.254864    0.337590    2.040110 ^ _902_/Z (gf180mcu_fd_sc_mcu7t5v0__buf_1)
                                                         net30 (net)
                      0.254864    0.000360    2.040470 ^ output30/I (gf180mcu_fd_sc_mcu7t5v0__dlyb_1)
     1    0.009529    0.231755    0.940165    2.980635 ^ output30/Z (gf180mcu_fd_sc_mcu7t5v0__dlyb_1)
                                                         STB_O (net)
                      0.231755    0.000298    2.980933 ^ STB_O (out)
                                              2.980933   data arrival time

                                100.000000  100.000000   clock system_clock (rise edge)
                                  0.000000  100.000000   clock network delay (propagated)
                                 -0.500000   99.499992   clock uncertainty
                                  0.000000   99.499992   clock reconvergence pessimism
                                -20.000000   79.499992   output external delay
                                             79.499992   data required time
---------------------------------------------------------------------------------------------
                                             79.499992   data required time
                                             -2.980933   data arrival time
---------------------------------------------------------------------------------------------
                                             76.519058   slack (MET)


Startpoint: RST_I (input port clocked by system_clock)
Endpoint: _845_ (rising edge-triggered flip-flop clocked by system_clock)
Path Group: system_clock
Path Type: max

Fanout         Cap        Slew       Delay        Time   Description
---------------------------------------------------------------------------------------------
                                  0.000000    0.000000   clock system_clock (rise edge)
                                  0.000000    0.000000   clock network delay (propagated)
                                 20.000000   20.000000 ^ input external delay
     1    0.008729    0.000000    0.000000   20.000000 ^ RST_I (in)
                                                         RST_I (net)
                      0.000283    0.000115   20.000116 ^ input10/I (gf180mcu_fd_sc_mcu7t5v0__dlyb_1)
    31    0.240654    3.895170    3.040979   23.041096 ^ input10/Z (gf180mcu_fd_sc_mcu7t5v0__dlyb_1)
                                                         net10 (net)
                      3.895170    0.003663   23.044758 ^ _772_/A2 (gf180mcu_fd_sc_mcu7t5v0__nor2_1)
     1    0.002885    0.794469    0.083185   23.127943 v _772_/ZN (gf180mcu_fd_sc_mcu7t5v0__nor2_1)
                                                         _058_ (net)
                      0.794469    0.000028   23.127972 v _845_/D (gf180mcu_fd_sc_mcu7t5v0__dffq_1)
                                             23.127972   data arrival time

                                100.000000  100.000000   clock system_clock (rise edge)
                                  0.000000  100.000000   clock source latency
     1    0.038592    0.000000    0.000000  100.000000 ^ CLK_I (in)
                                                         CLK_I (net)
                      0.003969    0.001627  100.001625 ^ clkbuf_0_CLK_I/I (gf180mcu_fd_sc_mcu7t5v0__clkbuf_16)
     8    0.199667    0.248974    0.319361  100.320984 ^ clkbuf_0_CLK_I/Z (gf180mcu_fd_sc_mcu7t5v0__clkbuf_16)
                                                         clknet_0_CLK_I (net)
                      0.248986    0.002707  100.323692 ^ clkbuf_3_0__f_CLK_I/I (gf180mcu_fd_sc_mcu7t5v0__clkbuf_16)
     9    0.068177    0.131716    0.288317  100.612007 ^ clkbuf_3_0__f_CLK_I/Z (gf180mcu_fd_sc_mcu7t5v0__clkbuf_16)
                                                         clknet_3_0__leaf_CLK_I (net)
                      0.131722    0.001563  100.613571 ^ _845_/CLK (gf180mcu_fd_sc_mcu7t5v0__dffq_1)
                                 -0.500000  100.113571   clock uncertainty
                                  0.000000  100.113571   clock reconvergence pessimism
                                 -0.461241   99.652328   library setup time
                                             99.652328   data required time
---------------------------------------------------------------------------------------------
                                             99.652328   data required time
                                            -23.127972   data arrival time
---------------------------------------------------------------------------------------------
                                             76.524361   slack (MET)


Startpoint: RST_I (input port clocked by system_clock)
Endpoint: _852_ (rising edge-triggered flip-flop clocked by system_clock)
Path Group: system_clock
Path Type: max

Fanout         Cap        Slew       Delay        Time   Description
---------------------------------------------------------------------------------------------
                                  0.000000    0.000000   clock system_clock (rise edge)
                                  0.000000    0.000000   clock network delay (propagated)
                                 20.000000   20.000000 ^ input external delay
     1    0.008729    0.000000    0.000000   20.000000 ^ RST_I (in)
                                                         RST_I (net)
                      0.000283    0.000115   20.000116 ^ input10/I (gf180mcu_fd_sc_mcu7t5v0__dlyb_1)
    31    0.240654    3.895170    3.040979   23.041096 ^ input10/Z (gf180mcu_fd_sc_mcu7t5v0__dlyb_1)
                                                         net10 (net)
                      3.895170    0.001302   23.042397 ^ _785_/A1 (gf180mcu_fd_sc_mcu7t5v0__nor2_1)
     1    0.008702    0.815848    0.069555   23.111952 v _785_/ZN (gf180mcu_fd_sc_mcu7t5v0__nor2_1)
                                                         _065_ (net)
                      0.815848    0.000229   23.112181 v _852_/D (gf180mcu_fd_sc_mcu7t5v0__dffq_1)
                                             23.112181   data arrival time

                                100.000000  100.000000   clock system_clock (rise edge)
                                  0.000000  100.000000   clock source latency
     1    0.038592    0.000000    0.000000  100.000000 ^ CLK_I (in)
                                                         CLK_I (net)
                      0.003969    0.001627  100.001625 ^ clkbuf_0_CLK_I/I (gf180mcu_fd_sc_mcu7t5v0__clkbuf_16)
     8    0.199667    0.248974    0.319361  100.320984 ^ clkbuf_0_CLK_I/Z (gf180mcu_fd_sc_mcu7t5v0__clkbuf_16)
                                                         clknet_0_CLK_I (net)
                      0.248986    0.002629  100.323616 ^ clkbuf_3_5__f_CLK_I/I (gf180mcu_fd_sc_mcu7t5v0__clkbuf_16)
    11    0.065995    0.129925    0.287166  100.610779 ^ clkbuf_3_5__f_CLK_I/Z (gf180mcu_fd_sc_mcu7t5v0__clkbuf_16)
                                                         clknet_3_5__leaf_CLK_I (net)
                      0.129926    0.000419  100.611198 ^ _852_/CLK (gf180mcu_fd_sc_mcu7t5v0__dffq_1)
                                 -0.500000  100.111198   clock uncertainty
                                  0.000000  100.111198   clock reconvergence pessimism
                                 -0.469073   99.642128   library setup time
                                             99.642128   data required time
---------------------------------------------------------------------------------------------
                                             99.642128   data required time
                                            -23.112181   data arrival time
---------------------------------------------------------------------------------------------
                                             76.529945   slack (MET)


Startpoint: RST_I (input port clocked by system_clock)
Endpoint: _855_ (rising edge-triggered flip-flop clocked by system_clock)
Path Group: system_clock
Path Type: max

Fanout         Cap        Slew       Delay        Time   Description
---------------------------------------------------------------------------------------------
                                  0.000000    0.000000   clock system_clock (rise edge)
                                  0.000000    0.000000   clock network delay (propagated)
                                 20.000000   20.000000 ^ input external delay
     1    0.008729    0.000000    0.000000   20.000000 ^ RST_I (in)
                                                         RST_I (net)
                      0.000283    0.000115   20.000116 ^ input10/I (gf180mcu_fd_sc_mcu7t5v0__dlyb_1)
    31    0.240654    3.895170    3.040979   23.041096 ^ input10/Z (gf180mcu_fd_sc_mcu7t5v0__dlyb_1)
                                                         net10 (net)
                      3.895170    0.001625   23.042721 ^ _791_/A1 (gf180mcu_fd_sc_mcu7t5v0__nor2_1)
     1    0.008218    0.803127    0.056165   23.098885 v _791_/ZN (gf180mcu_fd_sc_mcu7t5v0__nor2_1)
                                                         _068_ (net)
                      0.803127    0.000206   23.099091 v _855_/D (gf180mcu_fd_sc_mcu7t5v0__dffq_1)
                                             23.099091   data arrival time

                                100.000000  100.000000   clock system_clock (rise edge)
                                  0.000000  100.000000   clock source latency
     1    0.038592    0.000000    0.000000  100.000000 ^ CLK_I (in)
                                                         CLK_I (net)
                      0.003969    0.001627  100.001625 ^ clkbuf_0_CLK_I/I (gf180mcu_fd_sc_mcu7t5v0__clkbuf_16)
     8    0.199667    0.248974    0.319361  100.320984 ^ clkbuf_0_CLK_I/Z (gf180mcu_fd_sc_mcu7t5v0__clkbuf_16)
                                                         clknet_0_CLK_I (net)
                      0.248986    0.002629  100.323616 ^ clkbuf_3_5__f_CLK_I/I (gf180mcu_fd_sc_mcu7t5v0__clkbuf_16)
    11    0.065995    0.129925    0.287166  100.610779 ^ clkbuf_3_5__f_CLK_I/Z (gf180mcu_fd_sc_mcu7t5v0__clkbuf_16)
                                                         clknet_3_5__leaf_CLK_I (net)
                      0.129925    0.000249  100.611031 ^ _855_/CLK (gf180mcu_fd_sc_mcu7t5v0__dffq_1)
                                 -0.500000  100.111023   clock uncertainty
                                  0.000000  100.111023   clock reconvergence pessimism
                                 -0.464612   99.646416   library setup time
                                             99.646416   data required time
---------------------------------------------------------------------------------------------
                                             99.646416   data required time
                                            -23.099091   data arrival time
---------------------------------------------------------------------------------------------
                                             76.547325   slack (MET)


Startpoint: RST_I (input port clocked by system_clock)
Endpoint: _828_ (rising edge-triggered flip-flop clocked by system_clock)
Path Group: system_clock
Path Type: max

Fanout         Cap        Slew       Delay        Time   Description
---------------------------------------------------------------------------------------------
                                  0.000000    0.000000   clock system_clock (rise edge)
                                  0.000000    0.000000   clock network delay (propagated)
                                 20.000000   20.000000 v input external delay
     1    0.008729    0.000000    0.000000   20.000000 v RST_I (in)
                                                         RST_I (net)
                      0.000283    0.000115   20.000116 v input10/I (gf180mcu_fd_sc_mcu7t5v0__dlyb_1)
    31    0.240654    2.345404    2.435968   22.436085 v input10/Z (gf180mcu_fd_sc_mcu7t5v0__dlyb_1)
                                                         net10 (net)
                      2.345419    0.003457   22.439541 v _710_/A1 (gf180mcu_fd_sc_mcu7t5v0__nor4_1)
     1    0.002855    0.745862    0.852806   23.292347 ^ _710_/ZN (gf180mcu_fd_sc_mcu7t5v0__nor4_1)
                                                         _041_ (net)
                      0.745862    0.000028   23.292376 ^ _828_/D (gf180mcu_fd_sc_mcu7t5v0__dffq_1)
                                             23.292376   data arrival time

                                100.000000  100.000000   clock system_clock (rise edge)
                                  0.000000  100.000000   clock source latency
     1    0.038592    0.000000    0.000000  100.000000 ^ CLK_I (in)
                                                         CLK_I (net)
                      0.003969    0.001627  100.001625 ^ clkbuf_0_CLK_I/I (gf180mcu_fd_sc_mcu7t5v0__clkbuf_16)
     8    0.199667    0.248974    0.319361  100.320984 ^ clkbuf_0_CLK_I/Z (gf180mcu_fd_sc_mcu7t5v0__clkbuf_16)
                                                         clknet_0_CLK_I (net)
                      0.248986    0.002672  100.323654 ^ clkbuf_3_1__f_CLK_I/I (gf180mcu_fd_sc_mcu7t5v0__clkbuf_16)
    10    0.060680    0.125309    0.283393  100.607048 ^ clkbuf_3_1__f_CLK_I/Z (gf180mcu_fd_sc_mcu7t5v0__clkbuf_16)
                                                         clknet_3_1__leaf_CLK_I (net)
                      0.125311    0.001002  100.608047 ^ _828_/CLK (gf180mcu_fd_sc_mcu7t5v0__dffq_1)
                                 -0.500000  100.108047   clock uncertainty
                                  0.000000  100.108047   clock reconvergence pessimism
                                 -0.255468   99.852577   library setup time
                                             99.852577   data required time
---------------------------------------------------------------------------------------------
                                             99.852577   data required time
                                            -23.292376   data arrival time
---------------------------------------------------------------------------------------------
                                             76.560211   slack (MET)


Startpoint: RST_I (input port clocked by system_clock)
Endpoint: _848_ (rising edge-triggered flip-flop clocked by system_clock)
Path Group: system_clock
Path Type: max

Fanout         Cap        Slew       Delay        Time   Description
---------------------------------------------------------------------------------------------
                                  0.000000    0.000000   clock system_clock (rise edge)
                                  0.000000    0.000000   clock network delay (propagated)
                                 20.000000   20.000000 ^ input external delay
     1    0.008729    0.000000    0.000000   20.000000 ^ RST_I (in)
                                                         RST_I (net)
                      0.000283    0.000115   20.000116 ^ input10/I (gf180mcu_fd_sc_mcu7t5v0__dlyb_1)
    31    0.240654    3.895170    3.040979   23.041096 ^ input10/Z (gf180mcu_fd_sc_mcu7t5v0__dlyb_1)
                                                         net10 (net)
                      3.895170    0.001592   23.042686 ^ _777_/A1 (gf180mcu_fd_sc_mcu7t5v0__nor2_1)
     1    0.007236    0.777251    0.028949   23.071636 v _777_/ZN (gf180mcu_fd_sc_mcu7t5v0__nor2_1)
                                                         _061_ (net)
                      0.777251    0.000169   23.071804 v _848_/D (gf180mcu_fd_sc_mcu7t5v0__dffq_1)
                                             23.071804   data arrival time

                                100.000000  100.000000   clock system_clock (rise edge)
                                  0.000000  100.000000   clock source latency
     1    0.038592    0.000000    0.000000  100.000000 ^ CLK_I (in)
                                                         CLK_I (net)
                      0.003969    0.001627  100.001625 ^ clkbuf_0_CLK_I/I (gf180mcu_fd_sc_mcu7t5v0__clkbuf_16)
     8    0.199667    0.248974    0.319361  100.320984 ^ clkbuf_0_CLK_I/Z (gf180mcu_fd_sc_mcu7t5v0__clkbuf_16)
                                                         clknet_0_CLK_I (net)
                      0.248986    0.002629  100.323616 ^ clkbuf_3_5__f_CLK_I/I (gf180mcu_fd_sc_mcu7t5v0__clkbuf_16)
    11    0.065995    0.129925    0.287166  100.610779 ^ clkbuf_3_5__f_CLK_I/Z (gf180mcu_fd_sc_mcu7t5v0__clkbuf_16)
                                                         clknet_3_5__leaf_CLK_I (net)
                      0.129926    0.000476  100.611252 ^ _848_/CLK (gf180mcu_fd_sc_mcu7t5v0__dffq_1)
                                 -0.500000  100.111252   clock uncertainty
                                  0.000000  100.111252   clock reconvergence pessimism
                                 -0.455539   99.655716   library setup time
                                             99.655716   data required time
---------------------------------------------------------------------------------------------
                                             99.655716   data required time
                                            -23.071804   data arrival time
---------------------------------------------------------------------------------------------
                                             76.583908   slack (MET)


Startpoint: RST_I (input port clocked by system_clock)
Endpoint: _858_ (rising edge-triggered flip-flop clocked by system_clock)
Path Group: system_clock
Path Type: max

Fanout         Cap        Slew       Delay        Time   Description
---------------------------------------------------------------------------------------------
                                  0.000000    0.000000   clock system_clock (rise edge)
                                  0.000000    0.000000   clock network delay (propagated)
                                 20.000000   20.000000 ^ input external delay
     1    0.008729    0.000000    0.000000   20.000000 ^ RST_I (in)
                                                         RST_I (net)
                      0.000283    0.000115   20.000116 ^ input10/I (gf180mcu_fd_sc_mcu7t5v0__dlyb_1)
    31    0.240654    3.895170    3.040979   23.041096 ^ input10/Z (gf180mcu_fd_sc_mcu7t5v0__dlyb_1)
                                                         net10 (net)
                      3.895298    0.012728   23.053823 ^ _798_/A1 (gf180mcu_fd_sc_mcu7t5v0__nor2_1)
     1    0.006682    0.762671    0.013618   23.067440 v _798_/ZN (gf180mcu_fd_sc_mcu7t5v0__nor2_1)
                                                         _071_ (net)
                      0.762671    0.000158   23.067598 v _858_/D (gf180mcu_fd_sc_mcu7t5v0__dffq_1)
                                             23.067598   data arrival time

                                100.000000  100.000000   clock system_clock (rise edge)
                                  0.000000  100.000000   clock source latency
     1    0.038592    0.000000    0.000000  100.000000 ^ CLK_I (in)
                                                         CLK_I (net)
                      0.003969    0.001627  100.001625 ^ clkbuf_0_CLK_I/I (gf180mcu_fd_sc_mcu7t5v0__clkbuf_16)
     8    0.199667    0.248974    0.319361  100.320984 ^ clkbuf_0_CLK_I/Z (gf180mcu_fd_sc_mcu7t5v0__clkbuf_16)
                                                         clknet_0_CLK_I (net)
                      0.248985    0.002551  100.323532 ^ clkbuf_3_7__f_CLK_I/I (gf180mcu_fd_sc_mcu7t5v0__clkbuf_16)
    14    0.077685    0.139872    0.294648  100.618187 ^ clkbuf_3_7__f_CLK_I/Z (gf180mcu_fd_sc_mcu7t5v0__clkbuf_16)
                                                         clknet_3_7__leaf_CLK_I (net)
                      0.139872    0.000171  100.618355 ^ _858_/CLK (gf180mcu_fd_sc_mcu7t5v0__dffq_1)
                                 -0.500000  100.118355   clock uncertainty
                                  0.000000  100.118355   clock reconvergence pessimism
                                 -0.448569   99.669785   library setup time
                                             99.669785   data required time
---------------------------------------------------------------------------------------------
                                             99.669785   data required time
                                            -23.067598   data arrival time
---------------------------------------------------------------------------------------------
                                             76.602188   slack (MET)


Startpoint: RST_I (input port clocked by system_clock)
Endpoint: _859_ (rising edge-triggered flip-flop clocked by system_clock)
Path Group: system_clock
Path Type: max

Fanout         Cap        Slew       Delay        Time   Description
---------------------------------------------------------------------------------------------
                                  0.000000    0.000000   clock system_clock (rise edge)
                                  0.000000    0.000000   clock network delay (propagated)
                                 20.000000   20.000000 ^ input external delay
     1    0.008729    0.000000    0.000000   20.000000 ^ RST_I (in)
                                                         RST_I (net)
                      0.000283    0.000115   20.000116 ^ input10/I (gf180mcu_fd_sc_mcu7t5v0__dlyb_1)
    31    0.240654    3.895170    3.040979   23.041096 ^ input10/Z (gf180mcu_fd_sc_mcu7t5v0__dlyb_1)
                                                         net10 (net)
                      3.895304    0.013005   23.054100 ^ _800_/A1 (gf180mcu_fd_sc_mcu7t5v0__nor2_1)
     1    0.006610    0.760758    0.011610   23.065710 v _800_/ZN (gf180mcu_fd_sc_mcu7t5v0__nor2_1)
                                                         _072_ (net)
                      0.760758    0.000151   23.065861 v _859_/D (gf180mcu_fd_sc_mcu7t5v0__dffq_1)
                                             23.065861   data arrival time

                                100.000000  100.000000   clock system_clock (rise edge)
                                  0.000000  100.000000   clock source latency
     1    0.038592    0.000000    0.000000  100.000000 ^ CLK_I (in)
                                                         CLK_I (net)
                      0.003969    0.001627  100.001625 ^ clkbuf_0_CLK_I/I (gf180mcu_fd_sc_mcu7t5v0__clkbuf_16)
     8    0.199667    0.248974    0.319361  100.320984 ^ clkbuf_0_CLK_I/Z (gf180mcu_fd_sc_mcu7t5v0__clkbuf_16)
                                                         clknet_0_CLK_I (net)
                      0.248985    0.002551  100.323532 ^ clkbuf_3_7__f_CLK_I/I (gf180mcu_fd_sc_mcu7t5v0__clkbuf_16)
    14    0.077685    0.139872    0.294648  100.618187 ^ clkbuf_3_7__f_CLK_I/Z (gf180mcu_fd_sc_mcu7t5v0__clkbuf_16)
                                                         clknet_3_7__leaf_CLK_I (net)
                      0.139872    0.000298  100.618484 ^ _859_/CLK (gf180mcu_fd_sc_mcu7t5v0__dffq_1)
                                 -0.500000  100.118477   clock uncertainty
                                  0.000000  100.118477   clock reconvergence pessimism
                                 -0.447898   99.670586   library setup time
                                             99.670586   data required time
---------------------------------------------------------------------------------------------
                                             99.670586   data required time
                                            -23.065861   data arrival time
---------------------------------------------------------------------------------------------
                                             76.604721   slack (MET)


Startpoint: RST_I (input port clocked by system_clock)
Endpoint: _851_ (rising edge-triggered flip-flop clocked by system_clock)
Path Group: system_clock
Path Type: max

Fanout         Cap        Slew       Delay        Time   Description
---------------------------------------------------------------------------------------------
                                  0.000000    0.000000   clock system_clock (rise edge)
                                  0.000000    0.000000   clock network delay (propagated)
                                 20.000000   20.000000 ^ input external delay
     1    0.008729    0.000000    0.000000   20.000000 ^ RST_I (in)
                                                         RST_I (net)
                      0.000283    0.000115   20.000116 ^ input10/I (gf180mcu_fd_sc_mcu7t5v0__dlyb_1)
    31    0.240654    3.895170    3.040979   23.041096 ^ input10/Z (gf180mcu_fd_sc_mcu7t5v0__dlyb_1)
                                                         net10 (net)
                      3.895170    0.003009   23.044104 ^ _783_/A1 (gf180mcu_fd_sc_mcu7t5v0__nor2_1)
     1    0.006381    0.754694    0.005286   23.049391 v _783_/ZN (gf180mcu_fd_sc_mcu7t5v0__nor2_1)
                                                         _064_ (net)
                      0.754694    0.000156   23.049547 v _851_/D (gf180mcu_fd_sc_mcu7t5v0__dffq_1)
                                             23.049547   data arrival time

                                100.000000  100.000000   clock system_clock (rise edge)
                                  0.000000  100.000000   clock source latency
     1    0.038592    0.000000    0.000000  100.000000 ^ CLK_I (in)
                                                         CLK_I (net)
                      0.003969    0.001627  100.001625 ^ clkbuf_0_CLK_I/I (gf180mcu_fd_sc_mcu7t5v0__clkbuf_16)
     8    0.199667    0.248974    0.319361  100.320984 ^ clkbuf_0_CLK_I/Z (gf180mcu_fd_sc_mcu7t5v0__clkbuf_16)
                                                         clknet_0_CLK_I (net)
                      0.248986    0.002629  100.323616 ^ clkbuf_3_5__f_CLK_I/I (gf180mcu_fd_sc_mcu7t5v0__clkbuf_16)
    11    0.065995    0.129925    0.287166  100.610779 ^ clkbuf_3_5__f_CLK_I/Z (gf180mcu_fd_sc_mcu7t5v0__clkbuf_16)
                                                         clknet_3_5__leaf_CLK_I (net)
                      0.129926    0.000554  100.611336 ^ _851_/CLK (gf180mcu_fd_sc_mcu7t5v0__dffq_1)
                                 -0.500000  100.111328   clock uncertainty
                                  0.000000  100.111328   clock reconvergence pessimism
                                 -0.447629   99.663704   library setup time
                                             99.663704   data required time
---------------------------------------------------------------------------------------------
                                             99.663704   data required time
                                            -23.049547   data arrival time
---------------------------------------------------------------------------------------------
                                             76.614159   slack (MET)


Startpoint: RST_I (input port clocked by system_clock)
Endpoint: _861_ (rising edge-triggered flip-flop clocked by system_clock)
Path Group: system_clock
Path Type: max

Fanout         Cap        Slew       Delay        Time   Description
---------------------------------------------------------------------------------------------
                                  0.000000    0.000000   clock system_clock (rise edge)
                                  0.000000    0.000000   clock network delay (propagated)
                                 20.000000   20.000000 ^ input external delay
     1    0.008729    0.000000    0.000000   20.000000 ^ RST_I (in)
                                                         RST_I (net)
                      0.000283    0.000115   20.000116 ^ input10/I (gf180mcu_fd_sc_mcu7t5v0__dlyb_1)
    31    0.240654    3.895170    3.040979   23.041096 ^ input10/Z (gf180mcu_fd_sc_mcu7t5v0__dlyb_1)
                                                         net10 (net)
                      3.895311    0.013328   23.054422 ^ _804_/A1 (gf180mcu_fd_sc_mcu7t5v0__nor2_1)
     1    0.005468    0.734567   -0.019982   23.034441 v _804_/ZN (gf180mcu_fd_sc_mcu7t5v0__nor2_1)
                                                         _074_ (net)
                      0.734567    0.000076   23.034517 v _861_/D (gf180mcu_fd_sc_mcu7t5v0__dffq_1)
                                             23.034517   data arrival time

                                100.000000  100.000000   clock system_clock (rise edge)
                                  0.000000  100.000000   clock source latency
     1    0.038592    0.000000    0.000000  100.000000 ^ CLK_I (in)
                                                         CLK_I (net)
                      0.003969    0.001627  100.001625 ^ clkbuf_0_CLK_I/I (gf180mcu_fd_sc_mcu7t5v0__clkbuf_16)
     8    0.199667    0.248974    0.319361  100.320984 ^ clkbuf_0_CLK_I/Z (gf180mcu_fd_sc_mcu7t5v0__clkbuf_16)
                                                         clknet_0_CLK_I (net)
                      0.248985    0.002551  100.323532 ^ clkbuf_3_7__f_CLK_I/I (gf180mcu_fd_sc_mcu7t5v0__clkbuf_16)
    14    0.077685    0.139872    0.294648  100.618187 ^ clkbuf_3_7__f_CLK_I/Z (gf180mcu_fd_sc_mcu7t5v0__clkbuf_16)
                                                         clknet_3_7__leaf_CLK_I (net)
                      0.139878    0.001620  100.619804 ^ _861_/CLK (gf180mcu_fd_sc_mcu7t5v0__dffq_1)
                                 -0.500000  100.119804   clock uncertainty
                                  0.000000  100.119804   clock reconvergence pessimism
                                 -0.438713   99.681091   library setup time
                                             99.681091   data required time
---------------------------------------------------------------------------------------------
                                             99.681091   data required time
                                            -23.034517   data arrival time
---------------------------------------------------------------------------------------------
                                             76.646576   slack (MET)


Startpoint: RST_I (input port clocked by system_clock)
Endpoint: _856_ (rising edge-triggered flip-flop clocked by system_clock)
Path Group: system_clock
Path Type: max

Fanout         Cap        Slew       Delay        Time   Description
---------------------------------------------------------------------------------------------
                                  0.000000    0.000000   clock system_clock (rise edge)
                                  0.000000    0.000000   clock network delay (propagated)
                                 20.000000   20.000000 ^ input external delay
     1    0.008729    0.000000    0.000000   20.000000 ^ RST_I (in)
                                                         RST_I (net)
                      0.000283    0.000115   20.000116 ^ input10/I (gf180mcu_fd_sc_mcu7t5v0__dlyb_1)
    31    0.240654    3.895170    3.040979   23.041096 ^ input10/Z (gf180mcu_fd_sc_mcu7t5v0__dlyb_1)
                                                         net10 (net)
                      3.895279    0.011726   23.052820 ^ _794_/A1 (gf180mcu_fd_sc_mcu7t5v0__nor2_1)
     1    0.004977    0.717369   -0.033602   23.019218 v _794_/ZN (gf180mcu_fd_sc_mcu7t5v0__nor2_1)
                                                         _069_ (net)
                      0.717369    0.000101   23.019320 v _856_/D (gf180mcu_fd_sc_mcu7t5v0__dffq_1)
                                             23.019320   data arrival time

                                100.000000  100.000000   clock system_clock (rise edge)
                                  0.000000  100.000000   clock source latency
     1    0.038592    0.000000    0.000000  100.000000 ^ CLK_I (in)
                                                         CLK_I (net)
                      0.003969    0.001627  100.001625 ^ clkbuf_0_CLK_I/I (gf180mcu_fd_sc_mcu7t5v0__clkbuf_16)
     8    0.199667    0.248974    0.319361  100.320984 ^ clkbuf_0_CLK_I/Z (gf180mcu_fd_sc_mcu7t5v0__clkbuf_16)
                                                         clknet_0_CLK_I (net)
                      0.248986    0.002629  100.323616 ^ clkbuf_3_5__f_CLK_I/I (gf180mcu_fd_sc_mcu7t5v0__clkbuf_16)
    11    0.065995    0.129925    0.287166  100.610779 ^ clkbuf_3_5__f_CLK_I/Z (gf180mcu_fd_sc_mcu7t5v0__clkbuf_16)
                                                         clknet_3_5__leaf_CLK_I (net)
                      0.129925    0.000263  100.611046 ^ _856_/CLK (gf180mcu_fd_sc_mcu7t5v0__dffq_1)
                                 -0.500000  100.111038   clock uncertainty
                                  0.000000  100.111038   clock reconvergence pessimism
                                 -0.434540   99.676498   library setup time
                                             99.676498   data required time
---------------------------------------------------------------------------------------------
                                             99.676498   data required time
                                            -23.019320   data arrival time
---------------------------------------------------------------------------------------------
                                             76.657181   slack (MET)


Startpoint: RST_I (input port clocked by system_clock)
Endpoint: _863_ (rising edge-triggered flip-flop clocked by system_clock)
Path Group: system_clock
Path Type: max

Fanout         Cap        Slew       Delay        Time   Description
---------------------------------------------------------------------------------------------
                                  0.000000    0.000000   clock system_clock (rise edge)
                                  0.000000    0.000000   clock network delay (propagated)
                                 20.000000   20.000000 ^ input external delay
     1    0.008729    0.000000    0.000000   20.000000 ^ RST_I (in)
                                                         RST_I (net)
                      0.000283    0.000115   20.000116 ^ input10/I (gf180mcu_fd_sc_mcu7t5v0__dlyb_1)
    31    0.240654    3.895170    3.040979   23.041096 ^ input10/Z (gf180mcu_fd_sc_mcu7t5v0__dlyb_1)
                                                         net10 (net)
                      3.895312    0.013392   23.054487 ^ _808_/A1 (gf180mcu_fd_sc_mcu7t5v0__nor2_1)
     1    0.005030    0.722032   -0.032131   23.022356 v _808_/ZN (gf180mcu_fd_sc_mcu7t5v0__nor2_1)
                                                         _076_ (net)
                      0.722032    0.000062   23.022419 v _863_/D (gf180mcu_fd_sc_mcu7t5v0__dffq_1)
                                             23.022419   data arrival time

                                100.000000  100.000000   clock system_clock (rise edge)
                                  0.000000  100.000000   clock source latency
     1    0.038592    0.000000    0.000000  100.000000 ^ CLK_I (in)
                                                         CLK_I (net)
                      0.003969    0.001627  100.001625 ^ clkbuf_0_CLK_I/I (gf180mcu_fd_sc_mcu7t5v0__clkbuf_16)
     8    0.199667    0.248974    0.319361  100.320984 ^ clkbuf_0_CLK_I/Z (gf180mcu_fd_sc_mcu7t5v0__clkbuf_16)
                                                         clknet_0_CLK_I (net)
                      0.248985    0.002551  100.323532 ^ clkbuf_3_7__f_CLK_I/I (gf180mcu_fd_sc_mcu7t5v0__clkbuf_16)
    14    0.077685    0.139872    0.294648  100.618187 ^ clkbuf_3_7__f_CLK_I/Z (gf180mcu_fd_sc_mcu7t5v0__clkbuf_16)
                                                         clknet_3_7__leaf_CLK_I (net)
                      0.139876    0.001485  100.619667 ^ _863_/CLK (gf180mcu_fd_sc_mcu7t5v0__dffq_1)
                                 -0.500000  100.119667   clock uncertainty
                                  0.000000  100.119667   clock reconvergence pessimism
                                 -0.434318   99.685349   library setup time
                                             99.685349   data required time
---------------------------------------------------------------------------------------------
                                             99.685349   data required time
                                            -23.022419   data arrival time
---------------------------------------------------------------------------------------------
                                             76.662933   slack (MET)


Startpoint: RST_I (input port clocked by system_clock)
Endpoint: _857_ (rising edge-triggered flip-flop clocked by system_clock)
Path Group: system_clock
Path Type: max

Fanout         Cap        Slew       Delay        Time   Description
---------------------------------------------------------------------------------------------
                                  0.000000    0.000000   clock system_clock (rise edge)
                                  0.000000    0.000000   clock network delay (propagated)
                                 20.000000   20.000000 ^ input external delay
     1    0.008729    0.000000    0.000000   20.000000 ^ RST_I (in)
                                                         RST_I (net)
                      0.000283    0.000115   20.000116 ^ input10/I (gf180mcu_fd_sc_mcu7t5v0__dlyb_1)
    31    0.240654    3.895170    3.040979   23.041096 ^ input10/Z (gf180mcu_fd_sc_mcu7t5v0__dlyb_1)
                                                         net10 (net)
                      3.895304    0.013008   23.054104 ^ _796_/A1 (gf180mcu_fd_sc_mcu7t5v0__nor2_1)
     1    0.003186    0.653483   -0.093852   22.960251 v _796_/ZN (gf180mcu_fd_sc_mcu7t5v0__nor2_1)
                                                         _070_ (net)
                      0.653483    0.000060   22.960312 v _857_/D (gf180mcu_fd_sc_mcu7t5v0__dffq_1)
                                             22.960312   data arrival time

                                100.000000  100.000000   clock system_clock (rise edge)
                                  0.000000  100.000000   clock source latency
     1    0.038592    0.000000    0.000000  100.000000 ^ CLK_I (in)
                                                         CLK_I (net)
                      0.003969    0.001627  100.001625 ^ clkbuf_0_CLK_I/I (gf180mcu_fd_sc_mcu7t5v0__clkbuf_16)
     8    0.199667    0.248974    0.319361  100.320984 ^ clkbuf_0_CLK_I/Z (gf180mcu_fd_sc_mcu7t5v0__clkbuf_16)
                                                         clknet_0_CLK_I (net)
                      0.248985    0.002551  100.323532 ^ clkbuf_3_7__f_CLK_I/I (gf180mcu_fd_sc_mcu7t5v0__clkbuf_16)
    14    0.077685    0.139872    0.294648  100.618187 ^ clkbuf_3_7__f_CLK_I/Z (gf180mcu_fd_sc_mcu7t5v0__clkbuf_16)
                                                         clknet_3_7__leaf_CLK_I (net)
                      0.139872    0.000192  100.618378 ^ _857_/CLK (gf180mcu_fd_sc_mcu7t5v0__dffq_1)
                                 -0.500000  100.118370   clock uncertainty
                                  0.000000  100.118370   clock reconvergence pessimism
                                 -0.410281   99.708092   library setup time
                                             99.708092   data required time
---------------------------------------------------------------------------------------------
                                             99.708092   data required time
                                            -22.960312   data arrival time
---------------------------------------------------------------------------------------------
                                             76.747780   slack (MET)


Startpoint: _864_ (rising edge-triggered flip-flop clocked by system_clock)
Endpoint: CYC_O (output port clocked by system_clock)
Path Group: system_clock
Path Type: max

Fanout         Cap        Slew       Delay        Time   Description
---------------------------------------------------------------------------------------------
                                  0.000000    0.000000   clock system_clock (rise edge)
                                  0.000000    0.000000   clock source latency
     1    0.038592    0.000000    0.000000    0.000000 ^ CLK_I (in)
                                                         CLK_I (net)
                      0.003969    0.001624    0.001624 ^ clkbuf_0_CLK_I/I (gf180mcu_fd_sc_mcu7t5v0__clkbuf_16)
     8    0.199667    0.248974    0.319365    0.320989 ^ clkbuf_0_CLK_I/Z (gf180mcu_fd_sc_mcu7t5v0__clkbuf_16)
                                                         clknet_0_CLK_I (net)
                      0.248988    0.002884    0.323872 ^ clkbuf_3_4__f_CLK_I/I (gf180mcu_fd_sc_mcu7t5v0__clkbuf_16)
     9    0.077369    0.139552    0.294285    0.618157 ^ clkbuf_3_4__f_CLK_I/Z (gf180mcu_fd_sc_mcu7t5v0__clkbuf_16)
                                                         clknet_3_4__leaf_CLK_I (net)
                      0.139552    0.000059    0.618216 ^ _864_/CLK (gf180mcu_fd_sc_mcu7t5v0__dffq_1)
     3    0.042366    0.725417    1.082216    1.700432 ^ _864_/Q (gf180mcu_fd_sc_mcu7t5v0__dffq_1)
                                                         net21 (net)
                      0.725436    0.002046    1.702478 ^ output21/I (gf180mcu_fd_sc_mcu7t5v0__dlyb_1)
     1    0.016448    0.333303    1.021136    2.723614 ^ output21/Z (gf180mcu_fd_sc_mcu7t5v0__dlyb_1)
                                                         CYC_O (net)
                      0.333303    0.000650    2.724264 ^ CYC_O (out)
                                              2.724264   data arrival time

                                100.000000  100.000000   clock system_clock (rise edge)
                                  0.000000  100.000000   clock network delay (propagated)
                                 -0.500000   99.499992   clock uncertainty
                                  0.000000   99.499992   clock reconvergence pessimism
                                -20.000000   79.499992   output external delay
                                             79.499992   data required time
---------------------------------------------------------------------------------------------
                                             79.499992   data required time
                                             -2.724264   data arrival time
---------------------------------------------------------------------------------------------
                                             76.775726   slack (MET)


Startpoint: _817_ (rising edge-triggered flip-flop clocked by system_clock)
Endpoint: i2c_sda_out_pin_ctrl_n (output port clocked by system_clock)
Path Group: system_clock
Path Type: max

Fanout         Cap        Slew       Delay        Time   Description
---------------------------------------------------------------------------------------------
                                  0.000000    0.000000   clock system_clock (rise edge)
                                  0.000000    0.000000   clock source latency
     1    0.038592    0.000000    0.000000    0.000000 ^ CLK_I (in)
                                                         CLK_I (net)
                      0.003969    0.001624    0.001624 ^ clkbuf_0_CLK_I/I (gf180mcu_fd_sc_mcu7t5v0__clkbuf_16)
     8    0.199667    0.248974    0.319365    0.320989 ^ clkbuf_0_CLK_I/Z (gf180mcu_fd_sc_mcu7t5v0__clkbuf_16)
                                                         clknet_0_CLK_I (net)
                      0.248993    0.003284    0.324272 ^ clkbuf_3_2__f_CLK_I/I (gf180mcu_fd_sc_mcu7t5v0__clkbuf_16)
    16    0.074071    0.136789    0.292311    0.616584 ^ clkbuf_3_2__f_CLK_I/Z (gf180mcu_fd_sc_mcu7t5v0__clkbuf_16)
                                                         clknet_3_2__leaf_CLK_I (net)
                      0.136790    0.000721    0.617305 ^ _817_/CLK (gf180mcu_fd_sc_mcu7t5v0__dffq_1)
     2    0.013187    0.268989    0.815522    1.432827 ^ _817_/Q (gf180mcu_fd_sc_mcu7t5v0__dffq_1)
                                                         net32 (net)
                      0.268989    0.000109    1.432935 ^ _437_/I (gf180mcu_fd_sc_mcu7t5v0__clkinv_1)
     2    0.006977    0.177736    0.156353    1.589288 v _437_/ZN (gf180mcu_fd_sc_mcu7t5v0__clkinv_1)
                                                         net33 (net)
                      0.177736    0.000102    1.589390 v output33/I (gf180mcu_fd_sc_mcu7t5v0__dlyb_1)
     1    0.001079    0.158580    0.942626    2.532016 v output33/Z (gf180mcu_fd_sc_mcu7t5v0__dlyb_1)
                                                         i2c_sda_out_pin_ctrl_n (net)
                      0.158580    0.000008    2.532023 v i2c_sda_out_pin_ctrl_n (out)
                                              2.532023   data arrival time

                                100.000000  100.000000   clock system_clock (rise edge)
                                  0.000000  100.000000   clock network delay (propagated)
                                 -0.500000   99.499992   clock uncertainty
                                  0.000000   99.499992   clock reconvergence pessimism
                                -20.000000   79.499992   output external delay
                                             79.499992   data required time
---------------------------------------------------------------------------------------------
                                             79.499992   data required time
                                             -2.532023   data arrival time
---------------------------------------------------------------------------------------------
                                             76.967964   slack (MET)


Startpoint: _859_ (rising edge-triggered flip-flop clocked by system_clock)
Endpoint: DAT_O[3] (output port clocked by system_clock)
Path Group: system_clock
Path Type: max

Fanout         Cap        Slew       Delay        Time   Description
---------------------------------------------------------------------------------------------
                                  0.000000    0.000000   clock system_clock (rise edge)
                                  0.000000    0.000000   clock source latency
     1    0.038592    0.000000    0.000000    0.000000 ^ CLK_I (in)
                                                         CLK_I (net)
                      0.003969    0.001624    0.001624 ^ clkbuf_0_CLK_I/I (gf180mcu_fd_sc_mcu7t5v0__clkbuf_16)
     8    0.199667    0.248974    0.319365    0.320989 ^ clkbuf_0_CLK_I/Z (gf180mcu_fd_sc_mcu7t5v0__clkbuf_16)
                                                         clknet_0_CLK_I (net)
                      0.248985    0.002552    0.323540 ^ clkbuf_3_7__f_CLK_I/I (gf180mcu_fd_sc_mcu7t5v0__clkbuf_16)
    14    0.077685    0.139872    0.294649    0.618190 ^ clkbuf_3_7__f_CLK_I/Z (gf180mcu_fd_sc_mcu7t5v0__clkbuf_16)
                                                         clknet_3_7__leaf_CLK_I (net)
                      0.139872    0.000294    0.618484 ^ _859_/CLK (gf180mcu_fd_sc_mcu7t5v0__dffq_1)
     2    0.024334    0.440305    0.917528    1.536012 ^ _859_/Q (gf180mcu_fd_sc_mcu7t5v0__dffq_1)
                                                         net25 (net)
                      0.440305    0.000762    1.536774 ^ output25/I (gf180mcu_fd_sc_mcu7t5v0__dlyb_1)
     1    0.009753    0.235120    0.954068    2.490842 ^ output25/Z (gf180mcu_fd_sc_mcu7t5v0__dlyb_1)
                                                         DAT_O[3] (net)
                      0.235120    0.000237    2.491079 ^ DAT_O[3] (out)
                                              2.491079   data arrival time

                                100.000000  100.000000   clock system_clock (rise edge)
                                  0.000000  100.000000   clock network delay (propagated)
                                 -0.500000   99.499992   clock uncertainty
                                  0.000000   99.499992   clock reconvergence pessimism
                                -20.000000   79.499992   output external delay
                                             79.499992   data required time
---------------------------------------------------------------------------------------------
                                             79.499992   data required time
                                             -2.491079   data arrival time
---------------------------------------------------------------------------------------------
                                             77.008919   slack (MET)


Startpoint: _862_ (rising edge-triggered flip-flop clocked by system_clock)
Endpoint: DAT_O[6] (output port clocked by system_clock)
Path Group: system_clock
Path Type: max

Fanout         Cap        Slew       Delay        Time   Description
---------------------------------------------------------------------------------------------
                                  0.000000    0.000000   clock system_clock (rise edge)
                                  0.000000    0.000000   clock source latency
     1    0.038592    0.000000    0.000000    0.000000 ^ CLK_I (in)
                                                         CLK_I (net)
                      0.003969    0.001624    0.001624 ^ clkbuf_0_CLK_I/I (gf180mcu_fd_sc_mcu7t5v0__clkbuf_16)
     8    0.199667    0.248974    0.319365    0.320989 ^ clkbuf_0_CLK_I/Z (gf180mcu_fd_sc_mcu7t5v0__clkbuf_16)
                                                         clknet_0_CLK_I (net)
                      0.248985    0.002552    0.323540 ^ clkbuf_3_7__f_CLK_I/I (gf180mcu_fd_sc_mcu7t5v0__clkbuf_16)
    14    0.077685    0.139872    0.294649    0.618190 ^ clkbuf_3_7__f_CLK_I/Z (gf180mcu_fd_sc_mcu7t5v0__clkbuf_16)
                                                         clknet_3_7__leaf_CLK_I (net)
                      0.139877    0.001506    0.619696 ^ _862_/CLK (gf180mcu_fd_sc_mcu7t5v0__dffq_1)
     2    0.014867    0.294235    0.831364    1.451060 ^ _862_/Q (gf180mcu_fd_sc_mcu7t5v0__dffq_1)
                                                         net28 (net)
                      0.294235    0.000374    1.451434 ^ output28/I (gf180mcu_fd_sc_mcu7t5v0__dlyb_1)
     1    0.013628    0.291952    0.983231    2.434665 ^ output28/Z (gf180mcu_fd_sc_mcu7t5v0__dlyb_1)
                                                         DAT_O[6] (net)
                      0.291952    0.000406    2.435071 ^ DAT_O[6] (out)
                                              2.435071   data arrival time

                                100.000000  100.000000   clock system_clock (rise edge)
                                  0.000000  100.000000   clock network delay (propagated)
                                 -0.500000   99.499992   clock uncertainty
                                  0.000000   99.499992   clock reconvergence pessimism
                                -20.000000   79.499992   output external delay
                                             79.499992   data required time
---------------------------------------------------------------------------------------------
                                             79.499992   data required time
                                             -2.435071   data arrival time
---------------------------------------------------------------------------------------------
                                             77.064919   slack (MET)


Startpoint: _861_ (rising edge-triggered flip-flop clocked by system_clock)
Endpoint: DAT_O[5] (output port clocked by system_clock)
Path Group: system_clock
Path Type: max

Fanout         Cap        Slew       Delay        Time   Description
---------------------------------------------------------------------------------------------
                                  0.000000    0.000000   clock system_clock (rise edge)
                                  0.000000    0.000000   clock source latency
     1    0.038592    0.000000    0.000000    0.000000 ^ CLK_I (in)
                                                         CLK_I (net)
                      0.003969    0.001624    0.001624 ^ clkbuf_0_CLK_I/I (gf180mcu_fd_sc_mcu7t5v0__clkbuf_16)
     8    0.199667    0.248974    0.319365    0.320989 ^ clkbuf_0_CLK_I/Z (gf180mcu_fd_sc_mcu7t5v0__clkbuf_16)
                                                         clknet_0_CLK_I (net)
                      0.248985    0.002552    0.323540 ^ clkbuf_3_7__f_CLK_I/I (gf180mcu_fd_sc_mcu7t5v0__clkbuf_16)
    14    0.077685    0.139872    0.294649    0.618190 ^ clkbuf_3_7__f_CLK_I/Z (gf180mcu_fd_sc_mcu7t5v0__clkbuf_16)
                                                         clknet_3_7__leaf_CLK_I (net)
                      0.139878    0.001618    0.619808 ^ _861_/CLK (gf180mcu_fd_sc_mcu7t5v0__dffq_1)
     2    0.017514    0.334287    0.855473    1.475281 ^ _861_/Q (gf180mcu_fd_sc_mcu7t5v0__dffq_1)
                                                         net27 (net)
                      0.334287    0.000494    1.475775 ^ output27/I (gf180mcu_fd_sc_mcu7t5v0__dlyb_1)
     1    0.006192    0.183538    0.914831    2.390606 ^ output27/Z (gf180mcu_fd_sc_mcu7t5v0__dlyb_1)
                                                         DAT_O[5] (net)
                      0.183538    0.000114    2.390720 ^ DAT_O[5] (out)
                                              2.390720   data arrival time

                                100.000000  100.000000   clock system_clock (rise edge)
                                  0.000000  100.000000   clock network delay (propagated)
                                 -0.500000   99.499992   clock uncertainty
                                  0.000000   99.499992   clock reconvergence pessimism
                                -20.000000   79.499992   output external delay
                                             79.499992   data required time
---------------------------------------------------------------------------------------------
                                             79.499992   data required time
                                             -2.390720   data arrival time
---------------------------------------------------------------------------------------------
                                             77.109276   slack (MET)


Startpoint: _863_ (rising edge-triggered flip-flop clocked by system_clock)
Endpoint: DAT_O[7] (output port clocked by system_clock)
Path Group: system_clock
Path Type: max

Fanout         Cap        Slew       Delay        Time   Description
---------------------------------------------------------------------------------------------
                                  0.000000    0.000000   clock system_clock (rise edge)
                                  0.000000    0.000000   clock source latency
     1    0.038592    0.000000    0.000000    0.000000 ^ CLK_I (in)
                                                         CLK_I (net)
                      0.003969    0.001624    0.001624 ^ clkbuf_0_CLK_I/I (gf180mcu_fd_sc_mcu7t5v0__clkbuf_16)
     8    0.199667    0.248974    0.319365    0.320989 ^ clkbuf_0_CLK_I/Z (gf180mcu_fd_sc_mcu7t5v0__clkbuf_16)
                                                         clknet_0_CLK_I (net)
                      0.248985    0.002552    0.323540 ^ clkbuf_3_7__f_CLK_I/I (gf180mcu_fd_sc_mcu7t5v0__clkbuf_16)
    14    0.077685    0.139872    0.294649    0.618190 ^ clkbuf_3_7__f_CLK_I/Z (gf180mcu_fd_sc_mcu7t5v0__clkbuf_16)
                                                         clknet_3_7__leaf_CLK_I (net)
                      0.139876    0.001481    0.619671 ^ _863_/CLK (gf180mcu_fd_sc_mcu7t5v0__dffq_1)
     2    0.009998    0.157991    0.695584    1.315255 v _863_/Q (gf180mcu_fd_sc_mcu7t5v0__dffq_1)
                                                         net29 (net)
                      0.157991    0.000206    1.315461 v output29/I (gf180mcu_fd_sc_mcu7t5v0__dlyb_1)
     1    0.011582    0.272738    1.053334    2.368795 v output29/Z (gf180mcu_fd_sc_mcu7t5v0__dlyb_1)
                                                         DAT_O[7] (net)
                      0.272738    0.000299    2.369094 v DAT_O[7] (out)
                                              2.369094   data arrival time

                                100.000000  100.000000   clock system_clock (rise edge)
                                  0.000000  100.000000   clock network delay (propagated)
                                 -0.500000   99.499992   clock uncertainty
                                  0.000000   99.499992   clock reconvergence pessimism
                                -20.000000   79.499992   output external delay
                                             79.499992   data required time
---------------------------------------------------------------------------------------------
                                             79.499992   data required time
                                             -2.369094   data arrival time
---------------------------------------------------------------------------------------------
                                             77.130898   slack (MET)


Startpoint: _856_ (rising edge-triggered flip-flop clocked by system_clock)
Endpoint: DAT_O[0] (output port clocked by system_clock)
Path Group: system_clock
Path Type: max

Fanout         Cap        Slew       Delay        Time   Description
---------------------------------------------------------------------------------------------
                                  0.000000    0.000000   clock system_clock (rise edge)
                                  0.000000    0.000000   clock source latency
     1    0.038592    0.000000    0.000000    0.000000 ^ CLK_I (in)
                                                         CLK_I (net)
                      0.003969    0.001624    0.001624 ^ clkbuf_0_CLK_I/I (gf180mcu_fd_sc_mcu7t5v0__clkbuf_16)
     8    0.199667    0.248974    0.319365    0.320989 ^ clkbuf_0_CLK_I/Z (gf180mcu_fd_sc_mcu7t5v0__clkbuf_16)
                                                         clknet_0_CLK_I (net)
                      0.248986    0.002626    0.323615 ^ clkbuf_3_5__f_CLK_I/I (gf180mcu_fd_sc_mcu7t5v0__clkbuf_16)
    11    0.065995    0.129925    0.287171    0.610786 ^ clkbuf_3_5__f_CLK_I/Z (gf180mcu_fd_sc_mcu7t5v0__clkbuf_16)
                                                         clknet_3_5__leaf_CLK_I (net)
                      0.129925    0.000262    0.611048 ^ _856_/CLK (gf180mcu_fd_sc_mcu7t5v0__dffq_1)
     2    0.013115    0.183793    0.714393    1.325442 v _856_/Q (gf180mcu_fd_sc_mcu7t5v0__dffq_1)
                                                         net22 (net)
                      0.183793    0.000402    1.325844 v output22/I (gf180mcu_fd_sc_mcu7t5v0__dlyb_1)
     1    0.009283    0.252640    1.041823    2.367666 v output22/Z (gf180mcu_fd_sc_mcu7t5v0__dlyb_1)
                                                         DAT_O[0] (net)
                      0.252640    0.000207    2.367873 v DAT_O[0] (out)
                                              2.367873   data arrival time

                                100.000000  100.000000   clock system_clock (rise edge)
                                  0.000000  100.000000   clock network delay (propagated)
                                 -0.500000   99.499992   clock uncertainty
                                  0.000000   99.499992   clock reconvergence pessimism
                                -20.000000   79.499992   output external delay
                                             79.499992   data required time
---------------------------------------------------------------------------------------------
                                             79.499992   data required time
                                             -2.367873   data arrival time
---------------------------------------------------------------------------------------------
                                             77.132126   slack (MET)


Startpoint: _860_ (rising edge-triggered flip-flop clocked by system_clock)
Endpoint: DAT_O[4] (output port clocked by system_clock)
Path Group: system_clock
Path Type: max

Fanout         Cap        Slew       Delay        Time   Description
---------------------------------------------------------------------------------------------
                                  0.000000    0.000000   clock system_clock (rise edge)
                                  0.000000    0.000000   clock source latency
     1    0.038592    0.000000    0.000000    0.000000 ^ CLK_I (in)
                                                         CLK_I (net)
                      0.003969    0.001624    0.001624 ^ clkbuf_0_CLK_I/I (gf180mcu_fd_sc_mcu7t5v0__clkbuf_16)
     8    0.199667    0.248974    0.319365    0.320989 ^ clkbuf_0_CLK_I/Z (gf180mcu_fd_sc_mcu7t5v0__clkbuf_16)
                                                         clknet_0_CLK_I (net)
                      0.248985    0.002552    0.323540 ^ clkbuf_3_7__f_CLK_I/I (gf180mcu_fd_sc_mcu7t5v0__clkbuf_16)
    14    0.077685    0.139872    0.294649    0.618190 ^ clkbuf_3_7__f_CLK_I/Z (gf180mcu_fd_sc_mcu7t5v0__clkbuf_16)
                                                         clknet_3_7__leaf_CLK_I (net)
                      0.139878    0.001634    0.619824 ^ _860_/CLK (gf180mcu_fd_sc_mcu7t5v0__dffq_1)
     2    0.014605    0.196138    0.726350    1.346174 v _860_/Q (gf180mcu_fd_sc_mcu7t5v0__dffq_1)
                                                         net26 (net)
                      0.196138    0.000309    1.346483 v output26/I (gf180mcu_fd_sc_mcu7t5v0__dlyb_1)
     1    0.006662    0.224314    1.018084    2.364567 v output26/Z (gf180mcu_fd_sc_mcu7t5v0__dlyb_1)
                                                         DAT_O[4] (net)
                      0.224314    0.000119    2.364686 v DAT_O[4] (out)
                                              2.364686   data arrival time

                                100.000000  100.000000   clock system_clock (rise edge)
                                  0.000000  100.000000   clock network delay (propagated)
                                 -0.500000   99.499992   clock uncertainty
                                  0.000000   99.499992   clock reconvergence pessimism
                                -20.000000   79.499992   output external delay
                                             79.499992   data required time
---------------------------------------------------------------------------------------------
                                             79.499992   data required time
                                             -2.364686   data arrival time
---------------------------------------------------------------------------------------------
                                             77.135307   slack (MET)


Startpoint: _852_ (rising edge-triggered flip-flop clocked by system_clock)
Endpoint: ADDR_O[4] (output port clocked by system_clock)
Path Group: system_clock
Path Type: max

Fanout         Cap        Slew       Delay        Time   Description
---------------------------------------------------------------------------------------------
                                  0.000000    0.000000   clock system_clock (rise edge)
                                  0.000000    0.000000   clock source latency
     1    0.038592    0.000000    0.000000    0.000000 ^ CLK_I (in)
                                                         CLK_I (net)
                      0.003969    0.001624    0.001624 ^ clkbuf_0_CLK_I/I (gf180mcu_fd_sc_mcu7t5v0__clkbuf_16)
     8    0.199667    0.248974    0.319365    0.320989 ^ clkbuf_0_CLK_I/Z (gf180mcu_fd_sc_mcu7t5v0__clkbuf_16)
                                                         clknet_0_CLK_I (net)
                      0.248986    0.002626    0.323615 ^ clkbuf_3_5__f_CLK_I/I (gf180mcu_fd_sc_mcu7t5v0__clkbuf_16)
    11    0.065995    0.129925    0.287171    0.610786 ^ clkbuf_3_5__f_CLK_I/Z (gf180mcu_fd_sc_mcu7t5v0__clkbuf_16)
                                                         clknet_3_5__leaf_CLK_I (net)
                      0.129926    0.000419    0.611205 ^ _852_/CLK (gf180mcu_fd_sc_mcu7t5v0__dffq_1)
     2    0.015762    0.307887    0.837590    1.448795 ^ _852_/Q (gf180mcu_fd_sc_mcu7t5v0__dffq_1)
                                                         net17 (net)
                      0.307887    0.000336    1.449131 ^ output17/I (gf180mcu_fd_sc_mcu7t5v0__dlyb_1)
     1    0.006194    0.183566    0.912427    2.361558 ^ output17/Z (gf180mcu_fd_sc_mcu7t5v0__dlyb_1)
                                                         ADDR_O[4] (net)
                      0.183566    0.000105    2.361663 ^ ADDR_O[4] (out)
                                              2.361663   data arrival time

                                100.000000  100.000000   clock system_clock (rise edge)
                                  0.000000  100.000000   clock network delay (propagated)
                                 -0.500000   99.499992   clock uncertainty
                                  0.000000   99.499992   clock reconvergence pessimism
                                -20.000000   79.499992   output external delay
                                             79.499992   data required time
---------------------------------------------------------------------------------------------
                                             79.499992   data required time
                                             -2.361663   data arrival time
---------------------------------------------------------------------------------------------
                                             77.138336   slack (MET)


Startpoint: _850_ (rising edge-triggered flip-flop clocked by system_clock)
Endpoint: ADDR_O[2] (output port clocked by system_clock)
Path Group: system_clock
Path Type: max

Fanout         Cap        Slew       Delay        Time   Description
---------------------------------------------------------------------------------------------
                                  0.000000    0.000000   clock system_clock (rise edge)
                                  0.000000    0.000000   clock source latency
     1    0.038592    0.000000    0.000000    0.000000 ^ CLK_I (in)
                                                         CLK_I (net)
                      0.003969    0.001624    0.001624 ^ clkbuf_0_CLK_I/I (gf180mcu_fd_sc_mcu7t5v0__clkbuf_16)
     8    0.199667    0.248974    0.319365    0.320989 ^ clkbuf_0_CLK_I/Z (gf180mcu_fd_sc_mcu7t5v0__clkbuf_16)
                                                         clknet_0_CLK_I (net)
                      0.248986    0.002626    0.323615 ^ clkbuf_3_5__f_CLK_I/I (gf180mcu_fd_sc_mcu7t5v0__clkbuf_16)
    11    0.065995    0.129925    0.287171    0.610786 ^ clkbuf_3_5__f_CLK_I/Z (gf180mcu_fd_sc_mcu7t5v0__clkbuf_16)
                                                         clknet_3_5__leaf_CLK_I (net)
                      0.129926    0.000564    0.611350 ^ _850_/CLK (gf180mcu_fd_sc_mcu7t5v0__dffq_1)
     2    0.015863    0.309382    0.838448    1.449797 ^ _850_/Q (gf180mcu_fd_sc_mcu7t5v0__dffq_1)
                                                         net15 (net)
                      0.309382    0.000487    1.450284 ^ output15/I (gf180mcu_fd_sc_mcu7t5v0__dlyb_1)
     1    0.004771    0.163578    0.897786    2.348069 ^ output15/Z (gf180mcu_fd_sc_mcu7t5v0__dlyb_1)
                                                         ADDR_O[2] (net)
                      0.163578    0.000070    2.348139 ^ ADDR_O[2] (out)
                                              2.348139   data arrival time

                                100.000000  100.000000   clock system_clock (rise edge)
                                  0.000000  100.000000   clock network delay (propagated)
                                 -0.500000   99.499992   clock uncertainty
                                  0.000000   99.499992   clock reconvergence pessimism
                                -20.000000   79.499992   output external delay
                                             79.499992   data required time
---------------------------------------------------------------------------------------------
                                             79.499992   data required time
                                             -2.348139   data arrival time
---------------------------------------------------------------------------------------------
                                             77.151855   slack (MET)


Startpoint: _854_ (rising edge-triggered flip-flop clocked by system_clock)
Endpoint: ADDR_O[6] (output port clocked by system_clock)
Path Group: system_clock
Path Type: max

Fanout         Cap        Slew       Delay        Time   Description
---------------------------------------------------------------------------------------------
                                  0.000000    0.000000   clock system_clock (rise edge)
                                  0.000000    0.000000   clock source latency
     1    0.038592    0.000000    0.000000    0.000000 ^ CLK_I (in)
                                                         CLK_I (net)
                      0.003969    0.001624    0.001624 ^ clkbuf_0_CLK_I/I (gf180mcu_fd_sc_mcu7t5v0__clkbuf_16)
     8    0.199667    0.248974    0.319365    0.320989 ^ clkbuf_0_CLK_I/Z (gf180mcu_fd_sc_mcu7t5v0__clkbuf_16)
                                                         clknet_0_CLK_I (net)
                      0.248986    0.002626    0.323615 ^ clkbuf_3_5__f_CLK_I/I (gf180mcu_fd_sc_mcu7t5v0__clkbuf_16)
    11    0.065995    0.129925    0.287171    0.610786 ^ clkbuf_3_5__f_CLK_I/Z (gf180mcu_fd_sc_mcu7t5v0__clkbuf_16)
                                                         clknet_3_5__leaf_CLK_I (net)
                      0.129925    0.000310    0.611096 ^ _854_/CLK (gf180mcu_fd_sc_mcu7t5v0__dffq_1)
     2    0.013344    0.185707    0.715999    1.327095 v _854_/Q (gf180mcu_fd_sc_mcu7t5v0__dffq_1)
                                                         net19 (net)
                      0.185707    0.000261    1.327356 v output19/I (gf180mcu_fd_sc_mcu7t5v0__dlyb_1)
     1    0.006674    0.224407    1.014541    2.341897 v output19/Z (gf180mcu_fd_sc_mcu7t5v0__dlyb_1)
                                                         ADDR_O[6] (net)
                      0.224407    0.000121    2.342018 v ADDR_O[6] (out)
                                              2.342018   data arrival time

                                100.000000  100.000000   clock system_clock (rise edge)
                                  0.000000  100.000000   clock network delay (propagated)
                                 -0.500000   99.499992   clock uncertainty
                                  0.000000   99.499992   clock reconvergence pessimism
                                -20.000000   79.499992   output external delay
                                             79.499992   data required time
---------------------------------------------------------------------------------------------
                                             79.499992   data required time
                                             -2.342018   data arrival time
---------------------------------------------------------------------------------------------
                                             77.157974   slack (MET)


Startpoint: _855_ (rising edge-triggered flip-flop clocked by system_clock)
Endpoint: ADDR_O[7] (output port clocked by system_clock)
Path Group: system_clock
Path Type: max

Fanout         Cap        Slew       Delay        Time   Description
---------------------------------------------------------------------------------------------
                                  0.000000    0.000000   clock system_clock (rise edge)
                                  0.000000    0.000000   clock source latency
     1    0.038592    0.000000    0.000000    0.000000 ^ CLK_I (in)
                                                         CLK_I (net)
                      0.003969    0.001624    0.001624 ^ clkbuf_0_CLK_I/I (gf180mcu_fd_sc_mcu7t5v0__clkbuf_16)
     8    0.199667    0.248974    0.319365    0.320989 ^ clkbuf_0_CLK_I/Z (gf180mcu_fd_sc_mcu7t5v0__clkbuf_16)
                                                         clknet_0_CLK_I (net)
                      0.248986    0.002626    0.323615 ^ clkbuf_3_5__f_CLK_I/I (gf180mcu_fd_sc_mcu7t5v0__clkbuf_16)
    11    0.065995    0.129925    0.287171    0.610786 ^ clkbuf_3_5__f_CLK_I/Z (gf180mcu_fd_sc_mcu7t5v0__clkbuf_16)
                                                         clknet_3_5__leaf_CLK_I (net)
                      0.129925    0.000244    0.611030 ^ _855_/CLK (gf180mcu_fd_sc_mcu7t5v0__dffq_1)
     2    0.013300    0.270705    0.815177    1.426207 ^ _855_/Q (gf180mcu_fd_sc_mcu7t5v0__dffq_1)
                                                         net20 (net)
                      0.270705    0.000256    1.426463 ^ output20/I (gf180mcu_fd_sc_mcu7t5v0__dlyb_1)
     1    0.004535    0.160287    0.891089    2.317553 ^ output20/Z (gf180mcu_fd_sc_mcu7t5v0__dlyb_1)
                                                         ADDR_O[7] (net)
                      0.160287    0.000064    2.317616 ^ ADDR_O[7] (out)
                                              2.317616   data arrival time

                                100.000000  100.000000   clock system_clock (rise edge)
                                  0.000000  100.000000   clock network delay (propagated)
                                 -0.500000   99.499992   clock uncertainty
                                  0.000000   99.499992   clock reconvergence pessimism
                                -20.000000   79.499992   output external delay
                                             79.499992   data required time
---------------------------------------------------------------------------------------------
                                             79.499992   data required time
                                             -2.317616   data arrival time
---------------------------------------------------------------------------------------------
                                             77.182381   slack (MET)


Startpoint: _853_ (rising edge-triggered flip-flop clocked by system_clock)
Endpoint: ADDR_O[5] (output port clocked by system_clock)
Path Group: system_clock
Path Type: max

Fanout         Cap        Slew       Delay        Time   Description
---------------------------------------------------------------------------------------------
                                  0.000000    0.000000   clock system_clock (rise edge)
                                  0.000000    0.000000   clock source latency
     1    0.038592    0.000000    0.000000    0.000000 ^ CLK_I (in)
                                                         CLK_I (net)
                      0.003969    0.001624    0.001624 ^ clkbuf_0_CLK_I/I (gf180mcu_fd_sc_mcu7t5v0__clkbuf_16)
     8    0.199667    0.248974    0.319365    0.320989 ^ clkbuf_0_CLK_I/Z (gf180mcu_fd_sc_mcu7t5v0__clkbuf_16)
                                                         clknet_0_CLK_I (net)
                      0.248986    0.002626    0.323615 ^ clkbuf_3_5__f_CLK_I/I (gf180mcu_fd_sc_mcu7t5v0__clkbuf_16)
    11    0.065995    0.129925    0.287171    0.610786 ^ clkbuf_3_5__f_CLK_I/Z (gf180mcu_fd_sc_mcu7t5v0__clkbuf_16)
                                                         clknet_3_5__leaf_CLK_I (net)
                      0.129925    0.000366    0.611152 ^ _853_/CLK (gf180mcu_fd_sc_mcu7t5v0__dffq_1)
     2    0.011665    0.171752    0.704753    1.315905 v _853_/Q (gf180mcu_fd_sc_mcu7t5v0__dffq_1)
                                                         net18 (net)
                      0.171752    0.000236    1.316141 v output18/I (gf180mcu_fd_sc_mcu7t5v0__dlyb_1)
     1    0.005944    0.216603    1.001154    2.317295 v output18/Z (gf180mcu_fd_sc_mcu7t5v0__dlyb_1)
                                                         ADDR_O[5] (net)
                      0.216603    0.000099    2.317395 v ADDR_O[5] (out)
                                              2.317395   data arrival time

                                100.000000  100.000000   clock system_clock (rise edge)
                                  0.000000  100.000000   clock network delay (propagated)
                                 -0.500000   99.499992   clock uncertainty
                                  0.000000   99.499992   clock reconvergence pessimism
                                -20.000000   79.499992   output external delay
                                             79.499992   data required time
---------------------------------------------------------------------------------------------
                                             79.499992   data required time
                                             -2.317395   data arrival time
---------------------------------------------------------------------------------------------
                                             77.182602   slack (MET)


Startpoint: _849_ (rising edge-triggered flip-flop clocked by system_clock)
Endpoint: ADDR_O[1] (output port clocked by system_clock)
Path Group: system_clock
Path Type: max

Fanout         Cap        Slew       Delay        Time   Description
---------------------------------------------------------------------------------------------
                                  0.000000    0.000000   clock system_clock (rise edge)
                                  0.000000    0.000000   clock source latency
     1    0.038592    0.000000    0.000000    0.000000 ^ CLK_I (in)
                                                         CLK_I (net)
                      0.003969    0.001624    0.001624 ^ clkbuf_0_CLK_I/I (gf180mcu_fd_sc_mcu7t5v0__clkbuf_16)
     8    0.199667    0.248974    0.319365    0.320989 ^ clkbuf_0_CLK_I/Z (gf180mcu_fd_sc_mcu7t5v0__clkbuf_16)
                                                         clknet_0_CLK_I (net)
                      0.248986    0.002626    0.323615 ^ clkbuf_3_5__f_CLK_I/I (gf180mcu_fd_sc_mcu7t5v0__clkbuf_16)
    11    0.065995    0.129925    0.287171    0.610786 ^ clkbuf_3_5__f_CLK_I/Z (gf180mcu_fd_sc_mcu7t5v0__clkbuf_16)
                                                         clknet_3_5__leaf_CLK_I (net)
                      0.129926    0.000455    0.611241 ^ _849_/CLK (gf180mcu_fd_sc_mcu7t5v0__dffq_1)
     2    0.013143    0.268356    0.813762    1.425002 ^ _849_/Q (gf180mcu_fd_sc_mcu7t5v0__dffq_1)
                                                         net14 (net)
                      0.268356    0.000225    1.425228 ^ output14/I (gf180mcu_fd_sc_mcu7t5v0__dlyb_1)
     1    0.004608    0.161311    0.891588    2.316816 ^ output14/Z (gf180mcu_fd_sc_mcu7t5v0__dlyb_1)
                                                         ADDR_O[1] (net)
                      0.161311    0.000068    2.316884 ^ ADDR_O[1] (out)
                                              2.316884   data arrival time

                                100.000000  100.000000   clock system_clock (rise edge)
                                  0.000000  100.000000   clock network delay (propagated)
                                 -0.500000   99.499992   clock uncertainty
                                  0.000000   99.499992   clock reconvergence pessimism
                                -20.000000   79.499992   output external delay
                                             79.499992   data required time
---------------------------------------------------------------------------------------------
                                             79.499992   data required time
                                             -2.316884   data arrival time
---------------------------------------------------------------------------------------------
                                             77.183113   slack (MET)


Startpoint: _848_ (rising edge-triggered flip-flop clocked by system_clock)
Endpoint: ADDR_O[0] (output port clocked by system_clock)
Path Group: system_clock
Path Type: max

Fanout         Cap        Slew       Delay        Time   Description
---------------------------------------------------------------------------------------------
                                  0.000000    0.000000   clock system_clock (rise edge)
                                  0.000000    0.000000   clock source latency
     1    0.038592    0.000000    0.000000    0.000000 ^ CLK_I (in)
                                                         CLK_I (net)
                      0.003969    0.001624    0.001624 ^ clkbuf_0_CLK_I/I (gf180mcu_fd_sc_mcu7t5v0__clkbuf_16)
     8    0.199667    0.248974    0.319365    0.320989 ^ clkbuf_0_CLK_I/Z (gf180mcu_fd_sc_mcu7t5v0__clkbuf_16)
                                                         clknet_0_CLK_I (net)
                      0.248986    0.002626    0.323615 ^ clkbuf_3_5__f_CLK_I/I (gf180mcu_fd_sc_mcu7t5v0__clkbuf_16)
    11    0.065995    0.129925    0.287171    0.610786 ^ clkbuf_3_5__f_CLK_I/Z (gf180mcu_fd_sc_mcu7t5v0__clkbuf_16)
                                                         clknet_3_5__leaf_CLK_I (net)
                      0.129926    0.000476    0.611262 ^ _848_/CLK (gf180mcu_fd_sc_mcu7t5v0__dffq_1)
     2    0.011263    0.168448    0.702095    1.313357 v _848_/Q (gf180mcu_fd_sc_mcu7t5v0__dffq_1)
                                                         net13 (net)
                      0.168448    0.000070    1.313427 v output13/I (gf180mcu_fd_sc_mcu7t5v0__dlyb_1)
     1    0.005720    0.214224    0.997395    2.310822 v output13/Z (gf180mcu_fd_sc_mcu7t5v0__dlyb_1)
                                                         ADDR_O[0] (net)
                      0.214224    0.000095    2.310918 v ADDR_O[0] (out)
                                              2.310918   data arrival time

                                100.000000  100.000000   clock system_clock (rise edge)
                                  0.000000  100.000000   clock network delay (propagated)
                                 -0.500000   99.499992   clock uncertainty
                                  0.000000   99.499992   clock reconvergence pessimism
                                -20.000000   79.499992   output external delay
                                             79.499992   data required time
---------------------------------------------------------------------------------------------
                                             79.499992   data required time
                                             -2.310918   data arrival time
---------------------------------------------------------------------------------------------
                                             77.189072   slack (MET)


Startpoint: _817_ (rising edge-triggered flip-flop clocked by system_clock)
Endpoint: i2c_sda_out_pin_ctrl (output port clocked by system_clock)
Path Group: system_clock
Path Type: max

Fanout         Cap        Slew       Delay        Time   Description
---------------------------------------------------------------------------------------------
                                  0.000000    0.000000   clock system_clock (rise edge)
                                  0.000000    0.000000   clock source latency
     1    0.038592    0.000000    0.000000    0.000000 ^ CLK_I (in)
                                                         CLK_I (net)
                      0.003969    0.001624    0.001624 ^ clkbuf_0_CLK_I/I (gf180mcu_fd_sc_mcu7t5v0__clkbuf_16)
     8    0.199667    0.248974    0.319365    0.320989 ^ clkbuf_0_CLK_I/Z (gf180mcu_fd_sc_mcu7t5v0__clkbuf_16)
                                                         clknet_0_CLK_I (net)
                      0.248993    0.003284    0.324272 ^ clkbuf_3_2__f_CLK_I/I (gf180mcu_fd_sc_mcu7t5v0__clkbuf_16)
    16    0.074071    0.136789    0.292311    0.616584 ^ clkbuf_3_2__f_CLK_I/Z (gf180mcu_fd_sc_mcu7t5v0__clkbuf_16)
                                                         clknet_3_2__leaf_CLK_I (net)
                      0.136790    0.000721    0.617305 ^ _817_/CLK (gf180mcu_fd_sc_mcu7t5v0__dffq_1)
     2    0.013187    0.268989    0.815522    1.432827 ^ _817_/Q (gf180mcu_fd_sc_mcu7t5v0__dffq_1)
                                                         net32 (net)
                      0.268989    0.000196    1.433023 ^ output32/I (gf180mcu_fd_sc_mcu7t5v0__dlyb_1)
     1    0.001023    0.110017    0.851903    2.284926 ^ output32/Z (gf180mcu_fd_sc_mcu7t5v0__dlyb_1)
                                                         i2c_sda_out_pin_ctrl (net)
                      0.110017    0.000007    2.284933 ^ i2c_sda_out_pin_ctrl (out)
                                              2.284933   data arrival time

                                100.000000  100.000000   clock system_clock (rise edge)
                                  0.000000  100.000000   clock network delay (propagated)
                                 -0.500000   99.499992   clock uncertainty
                                  0.000000   99.499992   clock reconvergence pessimism
                                -20.000000   79.499992   output external delay
                                             79.499992   data required time
---------------------------------------------------------------------------------------------
                                             79.499992   data required time
                                             -2.284933   data arrival time
---------------------------------------------------------------------------------------------
                                             77.215057   slack (MET)


Startpoint: _851_ (rising edge-triggered flip-flop clocked by system_clock)
Endpoint: ADDR_O[3] (output port clocked by system_clock)
Path Group: system_clock
Path Type: max

Fanout         Cap        Slew       Delay        Time   Description
---------------------------------------------------------------------------------------------
                                  0.000000    0.000000   clock system_clock (rise edge)
                                  0.000000    0.000000   clock source latency
     1    0.038592    0.000000    0.000000    0.000000 ^ CLK_I (in)
                                                         CLK_I (net)
                      0.003969    0.001624    0.001624 ^ clkbuf_0_CLK_I/I (gf180mcu_fd_sc_mcu7t5v0__clkbuf_16)
     8    0.199667    0.248974    0.319365    0.320989 ^ clkbuf_0_CLK_I/Z (gf180mcu_fd_sc_mcu7t5v0__clkbuf_16)
                                                         clknet_0_CLK_I (net)
                      0.248986    0.002626    0.323615 ^ clkbuf_3_5__f_CLK_I/I (gf180mcu_fd_sc_mcu7t5v0__clkbuf_16)
    11    0.065995    0.129925    0.287171    0.610786 ^ clkbuf_3_5__f_CLK_I/Z (gf180mcu_fd_sc_mcu7t5v0__clkbuf_16)
                                                         clknet_3_5__leaf_CLK_I (net)
                      0.129926    0.000552    0.611338 ^ _851_/CLK (gf180mcu_fd_sc_mcu7t5v0__dffq_1)
     2    0.011176    0.167728    0.701511    1.312849 v _851_/Q (gf180mcu_fd_sc_mcu7t5v0__dffq_1)
                                                         net16 (net)
                      0.167728    0.000069    1.312918 v output16/I (gf180mcu_fd_sc_mcu7t5v0__dlyb_1)
     1    0.003473    0.190373    0.971112    2.284031 v output16/Z (gf180mcu_fd_sc_mcu7t5v0__dlyb_1)
                                                         ADDR_O[3] (net)
                      0.190373    0.000041    2.284071 v ADDR_O[3] (out)
                                              2.284071   data arrival time

                                100.000000  100.000000   clock system_clock (rise edge)
                                  0.000000  100.000000   clock network delay (propagated)
                                 -0.500000   99.499992   clock uncertainty
                                  0.000000   99.499992   clock reconvergence pessimism
                                -20.000000   79.499992   output external delay
                                             79.499992   data required time
---------------------------------------------------------------------------------------------
                                             79.499992   data required time
                                             -2.284071   data arrival time
---------------------------------------------------------------------------------------------
                                             77.215927   slack (MET)


Startpoint: _857_ (rising edge-triggered flip-flop clocked by system_clock)
Endpoint: DAT_O[1] (output port clocked by system_clock)
Path Group: system_clock
Path Type: max

Fanout         Cap        Slew       Delay        Time   Description
---------------------------------------------------------------------------------------------
                                  0.000000    0.000000   clock system_clock (rise edge)
                                  0.000000    0.000000   clock source latency
     1    0.038592    0.000000    0.000000    0.000000 ^ CLK_I (in)
                                                         CLK_I (net)
                      0.003969    0.001624    0.001624 ^ clkbuf_0_CLK_I/I (gf180mcu_fd_sc_mcu7t5v0__clkbuf_16)
     8    0.199667    0.248974    0.319365    0.320989 ^ clkbuf_0_CLK_I/Z (gf180mcu_fd_sc_mcu7t5v0__clkbuf_16)
                                                         clknet_0_CLK_I (net)
                      0.248985    0.002552    0.323540 ^ clkbuf_3_7__f_CLK_I/I (gf180mcu_fd_sc_mcu7t5v0__clkbuf_16)
    14    0.077685    0.139872    0.294649    0.618190 ^ clkbuf_3_7__f_CLK_I/Z (gf180mcu_fd_sc_mcu7t5v0__clkbuf_16)
                                                         clknet_3_7__leaf_CLK_I (net)
                      0.139872    0.000187    0.618377 ^ _857_/CLK (gf180mcu_fd_sc_mcu7t5v0__dffq_1)
     2    0.008837    0.148420    0.687823    1.306200 v _857_/Q (gf180mcu_fd_sc_mcu7t5v0__dffq_1)
                                                         net23 (net)
                      0.148420    0.000107    1.306308 v output23/I (gf180mcu_fd_sc_mcu7t5v0__dlyb_1)
     1    0.004261    0.198777    0.973428    2.279736 v output23/Z (gf180mcu_fd_sc_mcu7t5v0__dlyb_1)
                                                         DAT_O[1] (net)
                      0.198777    0.000058    2.279793 v DAT_O[1] (out)
                                              2.279793   data arrival time

                                100.000000  100.000000   clock system_clock (rise edge)
                                  0.000000  100.000000   clock network delay (propagated)
                                 -0.500000   99.499992   clock uncertainty
                                  0.000000   99.499992   clock reconvergence pessimism
                                -20.000000   79.499992   output external delay
                                             79.499992   data required time
---------------------------------------------------------------------------------------------
                                             79.499992   data required time
                                             -2.279793   data arrival time
---------------------------------------------------------------------------------------------
                                             77.220200   slack (MET)


Startpoint: _865_ (rising edge-triggered flip-flop clocked by system_clock)
Endpoint: WE_O (output port clocked by system_clock)
Path Group: system_clock
Path Type: max

Fanout         Cap        Slew       Delay        Time   Description
---------------------------------------------------------------------------------------------
                                  0.000000    0.000000   clock system_clock (rise edge)
                                  0.000000    0.000000   clock source latency
     1    0.038592    0.000000    0.000000    0.000000 ^ CLK_I (in)
                                                         CLK_I (net)
                      0.003969    0.001624    0.001624 ^ clkbuf_0_CLK_I/I (gf180mcu_fd_sc_mcu7t5v0__clkbuf_16)
     8    0.199667    0.248974    0.319365    0.320989 ^ clkbuf_0_CLK_I/Z (gf180mcu_fd_sc_mcu7t5v0__clkbuf_16)
                                                         clknet_0_CLK_I (net)
                      0.248985    0.002552    0.323540 ^ clkbuf_3_7__f_CLK_I/I (gf180mcu_fd_sc_mcu7t5v0__clkbuf_16)
    14    0.077685    0.139872    0.294649    0.618190 ^ clkbuf_3_7__f_CLK_I/Z (gf180mcu_fd_sc_mcu7t5v0__clkbuf_16)
                                                         clknet_3_7__leaf_CLK_I (net)
                      0.139875    0.001338    0.619528 ^ _865_/CLK (gf180mcu_fd_sc_mcu7t5v0__dffq_1)
     2    0.010271    0.160256    0.697445    1.316973 v _865_/Q (gf180mcu_fd_sc_mcu7t5v0__dffq_1)
                                                         net31 (net)
                      0.160256    0.000080    1.317053 v output31/I (gf180mcu_fd_sc_mcu7t5v0__dlyb_1)
     1    0.002940    0.184717    0.962296    2.279349 v output31/Z (gf180mcu_fd_sc_mcu7t5v0__dlyb_1)
                                                         WE_O (net)
                      0.184717    0.000036    2.279385 v WE_O (out)
                                              2.279385   data arrival time

                                100.000000  100.000000   clock system_clock (rise edge)
                                  0.000000  100.000000   clock network delay (propagated)
                                 -0.500000   99.499992   clock uncertainty
                                  0.000000   99.499992   clock reconvergence pessimism
                                -20.000000   79.499992   output external delay
                                             79.499992   data required time
---------------------------------------------------------------------------------------------
                                             79.499992   data required time
                                             -2.279385   data arrival time
---------------------------------------------------------------------------------------------
                                             77.220604   slack (MET)


Startpoint: _858_ (rising edge-triggered flip-flop clocked by system_clock)
Endpoint: DAT_O[2] (output port clocked by system_clock)
Path Group: system_clock
Path Type: max

Fanout         Cap        Slew       Delay        Time   Description
---------------------------------------------------------------------------------------------
                                  0.000000    0.000000   clock system_clock (rise edge)
                                  0.000000    0.000000   clock source latency
     1    0.038592    0.000000    0.000000    0.000000 ^ CLK_I (in)
                                                         CLK_I (net)
                      0.003969    0.001624    0.001624 ^ clkbuf_0_CLK_I/I (gf180mcu_fd_sc_mcu7t5v0__clkbuf_16)
     8    0.199667    0.248974    0.319365    0.320989 ^ clkbuf_0_CLK_I/Z (gf180mcu_fd_sc_mcu7t5v0__clkbuf_16)
                                                         clknet_0_CLK_I (net)
                      0.248985    0.002552    0.323540 ^ clkbuf_3_7__f_CLK_I/I (gf180mcu_fd_sc_mcu7t5v0__clkbuf_16)
    14    0.077685    0.139872    0.294649    0.618190 ^ clkbuf_3_7__f_CLK_I/Z (gf180mcu_fd_sc_mcu7t5v0__clkbuf_16)
                                                         clknet_3_7__leaf_CLK_I (net)
                      0.139872    0.000170    0.618360 ^ _858_/CLK (gf180mcu_fd_sc_mcu7t5v0__dffq_1)
     2    0.008639    0.146778    0.686480    1.304839 v _858_/Q (gf180mcu_fd_sc_mcu7t5v0__dffq_1)
                                                         net24 (net)
                      0.146778    0.000156    1.304995 v output24/I (gf180mcu_fd_sc_mcu7t5v0__dlyb_1)
     1    0.004008    0.196094    0.969913    2.274907 v output24/Z (gf180mcu_fd_sc_mcu7t5v0__dlyb_1)
                                                         DAT_O[2] (net)
                      0.196094    0.000055    2.274963 v DAT_O[2] (out)
                                              2.274963   data arrival time

                                100.000000  100.000000   clock system_clock (rise edge)
                                  0.000000  100.000000   clock network delay (propagated)
                                 -0.500000   99.499992   clock uncertainty
                                  0.000000   99.499992   clock reconvergence pessimism
                                -20.000000   79.499992   output external delay
                                             79.499992   data required time
---------------------------------------------------------------------------------------------
                                             79.499992   data required time
                                             -2.274963   data arrival time
---------------------------------------------------------------------------------------------
                                             77.225029   slack (MET)


Startpoint: i2c_sda_in (input port clocked by system_clock)
Endpoint: _900_ (rising edge-triggered flip-flop clocked by system_clock)
Path Group: system_clock
Path Type: max

Fanout         Cap        Slew       Delay        Time   Description
---------------------------------------------------------------------------------------------
                                  0.000000    0.000000   clock system_clock (rise edge)
                                  0.000000    0.000000   clock network delay (propagated)
                                 20.000000   20.000000 v input external delay
     1    0.004901    0.000000    0.000000   20.000000 v i2c_sda_in (in)
                                                         i2c_sda_in (net)
                      0.000104    0.000043   20.000044 v input12/I (gf180mcu_fd_sc_mcu7t5v0__dlyb_1)
     1    0.003684    0.192297    0.926660   20.926702 v input12/Z (gf180mcu_fd_sc_mcu7t5v0__dlyb_1)
                                                         net12 (net)
                      0.192297    0.000039   20.926743 v _900_/D (gf180mcu_fd_sc_mcu7t5v0__dffq_1)
                                             20.926743   data arrival time

                                100.000000  100.000000   clock system_clock (rise edge)
                                  0.000000  100.000000   clock source latency
     1    0.038592    0.000000    0.000000  100.000000 ^ CLK_I (in)
                                                         CLK_I (net)
                      0.003969    0.001627  100.001625 ^ clkbuf_0_CLK_I/I (gf180mcu_fd_sc_mcu7t5v0__clkbuf_16)
     8    0.199667    0.248974    0.319361  100.320984 ^ clkbuf_0_CLK_I/Z (gf180mcu_fd_sc_mcu7t5v0__clkbuf_16)
                                                         clknet_0_CLK_I (net)
                      0.248986    0.002707  100.323692 ^ clkbuf_3_0__f_CLK_I/I (gf180mcu_fd_sc_mcu7t5v0__clkbuf_16)
     9    0.068177    0.131716    0.288317  100.612007 ^ clkbuf_3_0__f_CLK_I/Z (gf180mcu_fd_sc_mcu7t5v0__clkbuf_16)
                                                         clknet_3_0__leaf_CLK_I (net)
                      0.131722    0.001535  100.613541 ^ _900_/CLK (gf180mcu_fd_sc_mcu7t5v0__dffq_1)
                                 -0.500000  100.113541   clock uncertainty
                                  0.000000  100.113541   clock reconvergence pessimism
                                 -0.247189   99.866348   library setup time
                                             99.866348   data required time
---------------------------------------------------------------------------------------------
                                             99.866348   data required time
                                            -20.926743   data arrival time
---------------------------------------------------------------------------------------------
                                             78.939606   slack (MET)


Startpoint: i2c_scl_in (input port clocked by system_clock)
Endpoint: _898_ (rising edge-triggered flip-flop clocked by system_clock)
Path Group: system_clock
Path Type: max

Fanout         Cap        Slew       Delay        Time   Description
---------------------------------------------------------------------------------------------
                                  0.000000    0.000000   clock system_clock (rise edge)
                                  0.000000    0.000000   clock network delay (propagated)
                                 20.000000   20.000000 v input external delay
     1    0.003770    0.000000    0.000000   20.000000 v i2c_scl_in (in)
                                                         i2c_scl_in (net)
                      0.000068    0.000028   20.000029 v input11/I (gf180mcu_fd_sc_mcu7t5v0__dlyb_1)
     1    0.003380    0.188994    0.923139   20.923168 v input11/Z (gf180mcu_fd_sc_mcu7t5v0__dlyb_1)
                                                         net11 (net)
                      0.188994    0.000060   20.923227 v _898_/D (gf180mcu_fd_sc_mcu7t5v0__dffq_1)
                                             20.923227   data arrival time

                                100.000000  100.000000   clock system_clock (rise edge)
                                  0.000000  100.000000   clock source latency
     1    0.038592    0.000000    0.000000  100.000000 ^ CLK_I (in)
                                                         CLK_I (net)
                      0.003969    0.001627  100.001625 ^ clkbuf_0_CLK_I/I (gf180mcu_fd_sc_mcu7t5v0__clkbuf_16)
     8    0.199667    0.248974    0.319361  100.320984 ^ clkbuf_0_CLK_I/Z (gf180mcu_fd_sc_mcu7t5v0__clkbuf_16)
                                                         clknet_0_CLK_I (net)
                      0.248993    0.003283  100.324265 ^ clkbuf_3_2__f_CLK_I/I (gf180mcu_fd_sc_mcu7t5v0__clkbuf_16)
    16    0.074071    0.136789    0.292310  100.616577 ^ clkbuf_3_2__f_CLK_I/Z (gf180mcu_fd_sc_mcu7t5v0__clkbuf_16)
                                                         clknet_3_2__leaf_CLK_I (net)
                      0.136791    0.000888  100.617462 ^ _898_/CLK (gf180mcu_fd_sc_mcu7t5v0__dffq_1)
                                 -0.500000  100.117462   clock uncertainty
                                  0.000000  100.117462   clock reconvergence pessimism
                                 -0.245019   99.872444   library setup time
                                             99.872444   data required time
---------------------------------------------------------------------------------------------
                                             99.872444   data required time
                                            -20.923227   data arrival time
---------------------------------------------------------------------------------------------
                                             78.949219   slack (MET)


Startpoint: _846_ (rising edge-triggered flip-flop clocked by system_clock)
Endpoint: _897_ (rising edge-triggered flip-flop clocked by system_clock)
Path Group: system_clock
Path Type: max

Fanout         Cap        Slew       Delay        Time   Description
---------------------------------------------------------------------------------------------
                                  0.000000    0.000000   clock system_clock (rise edge)
                                  0.000000    0.000000   clock source latency
     1    0.038592    0.000000    0.000000    0.000000 ^ CLK_I (in)
                                                         CLK_I (net)
                      0.003969    0.001624    0.001624 ^ clkbuf_0_CLK_I/I (gf180mcu_fd_sc_mcu7t5v0__clkbuf_16)
     8    0.199667    0.248974    0.319365    0.320989 ^ clkbuf_0_CLK_I/Z (gf180mcu_fd_sc_mcu7t5v0__clkbuf_16)
                                                         clknet_0_CLK_I (net)
                      0.248993    0.003284    0.324272 ^ clkbuf_3_2__f_CLK_I/I (gf180mcu_fd_sc_mcu7t5v0__clkbuf_16)
    16    0.074071    0.136789    0.292311    0.616584 ^ clkbuf_3_2__f_CLK_I/Z (gf180mcu_fd_sc_mcu7t5v0__clkbuf_16)
                                                         clknet_3_2__leaf_CLK_I (net)
                      0.136791    0.000927    0.617510 ^ _846_/CLK (gf180mcu_fd_sc_mcu7t5v0__dffq_1)
     1    0.005528    0.119231    0.661238    1.278749 v _846_/Q (gf180mcu_fd_sc_mcu7t5v0__dffq_1)
                                                         previous_state (net)
                      0.119231    0.000116    1.278865 v hold38/I (gf180mcu_fd_sc_mcu7t5v0__dlyc_1)
     2    0.009841    0.262580    1.716986    2.995851 v hold38/Z (gf180mcu_fd_sc_mcu7t5v0__dlyc_1)
                                                         net38 (net)
                      0.262580    0.000179    2.996030 v _439_/A2 (gf180mcu_fd_sc_mcu7t5v0__and2_1)
     1    0.002637    0.102122    0.290633    3.286663 v _439_/Z (gf180mcu_fd_sc_mcu7t5v0__and2_1)
                                                         _000_ (net)
                      0.102122    0.000024    3.286687 v _897_/D (gf180mcu_fd_sc_mcu7t5v0__dffq_1)
                                              3.286687   data arrival time

                                100.000000  100.000000   clock system_clock (rise edge)
                                  0.000000  100.000000   clock source latency
     1    0.038592    0.000000    0.000000  100.000000 ^ CLK_I (in)
                                                         CLK_I (net)
                      0.003969    0.001627  100.001625 ^ clkbuf_0_CLK_I/I (gf180mcu_fd_sc_mcu7t5v0__clkbuf_16)
     8    0.199667    0.248974    0.319361  100.320984 ^ clkbuf_0_CLK_I/Z (gf180mcu_fd_sc_mcu7t5v0__clkbuf_16)
                                                         clknet_0_CLK_I (net)
                      0.248993    0.003283  100.324265 ^ clkbuf_3_2__f_CLK_I/I (gf180mcu_fd_sc_mcu7t5v0__clkbuf_16)
    16    0.074071    0.136789    0.292310  100.616577 ^ clkbuf_3_2__f_CLK_I/Z (gf180mcu_fd_sc_mcu7t5v0__clkbuf_16)
                                                         clknet_3_2__leaf_CLK_I (net)
                      0.136791    0.000789  100.617363 ^ _897_/CLK (gf180mcu_fd_sc_mcu7t5v0__dffq_1)
                                 -0.500000  100.117363   clock uncertainty
                                  0.000000  100.117363   clock reconvergence pessimism
                                 -0.223129   99.894234   library setup time
                                             99.894234   data required time
---------------------------------------------------------------------------------------------
                                             99.894234   data required time
                                             -3.286687   data arrival time
---------------------------------------------------------------------------------------------
                                             96.607544   slack (MET)


Startpoint: _846_ (rising edge-triggered flip-flop clocked by system_clock)
Endpoint: _896_ (rising edge-triggered flip-flop clocked by system_clock)
Path Group: system_clock
Path Type: max

Fanout         Cap        Slew       Delay        Time   Description
---------------------------------------------------------------------------------------------
                                  0.000000    0.000000   clock system_clock (rise edge)
                                  0.000000    0.000000   clock source latency
     1    0.038592    0.000000    0.000000    0.000000 ^ CLK_I (in)
                                                         CLK_I (net)
                      0.003969    0.001624    0.001624 ^ clkbuf_0_CLK_I/I (gf180mcu_fd_sc_mcu7t5v0__clkbuf_16)
     8    0.199667    0.248974    0.319365    0.320989 ^ clkbuf_0_CLK_I/Z (gf180mcu_fd_sc_mcu7t5v0__clkbuf_16)
                                                         clknet_0_CLK_I (net)
                      0.248993    0.003284    0.324272 ^ clkbuf_3_2__f_CLK_I/I (gf180mcu_fd_sc_mcu7t5v0__clkbuf_16)
    16    0.074071    0.136789    0.292311    0.616584 ^ clkbuf_3_2__f_CLK_I/Z (gf180mcu_fd_sc_mcu7t5v0__clkbuf_16)
                                                         clknet_3_2__leaf_CLK_I (net)
                      0.136791    0.000927    0.617510 ^ _846_/CLK (gf180mcu_fd_sc_mcu7t5v0__dffq_1)
     1    0.005528    0.119231    0.661238    1.278749 v _846_/Q (gf180mcu_fd_sc_mcu7t5v0__dffq_1)
                                                         previous_state (net)
                      0.119231    0.000116    1.278865 v hold38/I (gf180mcu_fd_sc_mcu7t5v0__dlyc_1)
     2    0.009841    0.262580    1.716986    2.995851 v hold38/Z (gf180mcu_fd_sc_mcu7t5v0__dlyc_1)
                                                         net38 (net)
                      0.262580    0.000231    2.996082 v _438_/A2 (gf180mcu_fd_sc_mcu7t5v0__nor2_1)
     1    0.002685    0.221202    0.183726    3.179808 ^ _438_/ZN (gf180mcu_fd_sc_mcu7t5v0__nor2_1)
                                                         _001_ (net)
                      0.221202    0.000025    3.179833 ^ _896_/D (gf180mcu_fd_sc_mcu7t5v0__dffq_1)
                                              3.179833   data arrival time

                                100.000000  100.000000   clock system_clock (rise edge)
                                  0.000000  100.000000   clock source latency
     1    0.038592    0.000000    0.000000  100.000000 ^ CLK_I (in)
                                                         CLK_I (net)
                      0.003969    0.001627  100.001625 ^ clkbuf_0_CLK_I/I (gf180mcu_fd_sc_mcu7t5v0__clkbuf_16)
     8    0.199667    0.248974    0.319361  100.320984 ^ clkbuf_0_CLK_I/Z (gf180mcu_fd_sc_mcu7t5v0__clkbuf_16)
                                                         clknet_0_CLK_I (net)
                      0.248993    0.003283  100.324265 ^ clkbuf_3_2__f_CLK_I/I (gf180mcu_fd_sc_mcu7t5v0__clkbuf_16)
    16    0.074071    0.136789    0.292310  100.616577 ^ clkbuf_3_2__f_CLK_I/Z (gf180mcu_fd_sc_mcu7t5v0__clkbuf_16)
                                                         clknet_3_2__leaf_CLK_I (net)
                      0.136791    0.000924  100.617500 ^ _896_/CLK (gf180mcu_fd_sc_mcu7t5v0__dffq_1)
                                 -0.500000  100.117500   clock uncertainty
                                  0.000000  100.117500   clock reconvergence pessimism
                                 -0.222915   99.894585   library setup time
                                             99.894585   data required time
---------------------------------------------------------------------------------------------
                                             99.894585   data required time
                                             -3.179833   data arrival time
---------------------------------------------------------------------------------------------
                                             96.714752   slack (MET)


Startpoint: _900_ (rising edge-triggered flip-flop clocked by system_clock)
Endpoint: _901_ (rising edge-triggered flip-flop clocked by system_clock)
Path Group: system_clock
Path Type: max

Fanout         Cap        Slew       Delay        Time   Description
---------------------------------------------------------------------------------------------
                                  0.000000    0.000000   clock system_clock (rise edge)
                                  0.000000    0.000000   clock source latency
     1    0.038592    0.000000    0.000000    0.000000 ^ CLK_I (in)
                                                         CLK_I (net)
                      0.003969    0.001624    0.001624 ^ clkbuf_0_CLK_I/I (gf180mcu_fd_sc_mcu7t5v0__clkbuf_16)
     8    0.199667    0.248974    0.319365    0.320989 ^ clkbuf_0_CLK_I/Z (gf180mcu_fd_sc_mcu7t5v0__clkbuf_16)
                                                         clknet_0_CLK_I (net)
                      0.248986    0.002706    0.323694 ^ clkbuf_3_0__f_CLK_I/I (gf180mcu_fd_sc_mcu7t5v0__clkbuf_16)
     9    0.068177    0.131716    0.288314    0.612009 ^ clkbuf_3_0__f_CLK_I/Z (gf180mcu_fd_sc_mcu7t5v0__clkbuf_16)
                                                         clknet_3_0__leaf_CLK_I (net)
                      0.131722    0.001541    0.613550 ^ _900_/CLK (gf180mcu_fd_sc_mcu7t5v0__dffq_1)
     1    0.004379    0.109402    0.651051    1.264601 v _900_/Q (gf180mcu_fd_sc_mcu7t5v0__dffq_1)
                                                         sda_synchroniser_internal[0] (net)
                      0.109402    0.000086    1.264687 v hold36/I (gf180mcu_fd_sc_mcu7t5v0__dlyc_1)
     1    0.003797    0.197928    1.647413    2.912100 v hold36/Z (gf180mcu_fd_sc_mcu7t5v0__dlyc_1)
                                                         net36 (net)
                      0.197928    0.000071    2.912171 v _901_/D (gf180mcu_fd_sc_mcu7t5v0__dffq_1)
                                              2.912171   data arrival time

                                100.000000  100.000000   clock system_clock (rise edge)
                                  0.000000  100.000000   clock source latency
     1    0.038592    0.000000    0.000000  100.000000 ^ CLK_I (in)
                                                         CLK_I (net)
                      0.003969    0.001627  100.001625 ^ clkbuf_0_CLK_I/I (gf180mcu_fd_sc_mcu7t5v0__clkbuf_16)
     8    0.199667    0.248974    0.319361  100.320984 ^ clkbuf_0_CLK_I/Z (gf180mcu_fd_sc_mcu7t5v0__clkbuf_16)
                                                         clknet_0_CLK_I (net)
                      0.248986    0.002707  100.323692 ^ clkbuf_3_0__f_CLK_I/I (gf180mcu_fd_sc_mcu7t5v0__clkbuf_16)
     9    0.068177    0.131716    0.288317  100.612007 ^ clkbuf_3_0__f_CLK_I/Z (gf180mcu_fd_sc_mcu7t5v0__clkbuf_16)
                                                         clknet_3_0__leaf_CLK_I (net)
                      0.131721    0.001450  100.613457 ^ _901_/CLK (gf180mcu_fd_sc_mcu7t5v0__dffq_1)
                                 -0.500000  100.113457   clock uncertainty
                                  0.000000  100.113457   clock reconvergence pessimism
                                 -0.248982   99.864471   library setup time
                                             99.864471   data required time
---------------------------------------------------------------------------------------------
                                             99.864471   data required time
                                             -2.912171   data arrival time
---------------------------------------------------------------------------------------------
                                             96.952301   slack (MET)


Startpoint: _898_ (rising edge-triggered flip-flop clocked by system_clock)
Endpoint: _899_ (rising edge-triggered flip-flop clocked by system_clock)
Path Group: system_clock
Path Type: max

Fanout         Cap        Slew       Delay        Time   Description
---------------------------------------------------------------------------------------------
                                  0.000000    0.000000   clock system_clock (rise edge)
                                  0.000000    0.000000   clock source latency
     1    0.038592    0.000000    0.000000    0.000000 ^ CLK_I (in)
                                                         CLK_I (net)
                      0.003969    0.001624    0.001624 ^ clkbuf_0_CLK_I/I (gf180mcu_fd_sc_mcu7t5v0__clkbuf_16)
     8    0.199667    0.248974    0.319365    0.320989 ^ clkbuf_0_CLK_I/Z (gf180mcu_fd_sc_mcu7t5v0__clkbuf_16)
                                                         clknet_0_CLK_I (net)
                      0.248993    0.003284    0.324272 ^ clkbuf_3_2__f_CLK_I/I (gf180mcu_fd_sc_mcu7t5v0__clkbuf_16)
    16    0.074071    0.136789    0.292311    0.616584 ^ clkbuf_3_2__f_CLK_I/Z (gf180mcu_fd_sc_mcu7t5v0__clkbuf_16)
                                                         clknet_3_2__leaf_CLK_I (net)
                      0.136791    0.000884    0.617468 ^ _898_/CLK (gf180mcu_fd_sc_mcu7t5v0__dffq_1)
     1    0.003497    0.101861    0.644999    1.262466 v _898_/Q (gf180mcu_fd_sc_mcu7t5v0__dffq_1)
                                                         scl_synchroniser_internal[0] (net)
                      0.101861    0.000036    1.262502 v hold37/I (gf180mcu_fd_sc_mcu7t5v0__dlyc_1)
     1    0.004136    0.201620    1.649173    2.911675 v hold37/Z (gf180mcu_fd_sc_mcu7t5v0__dlyc_1)
                                                         net37 (net)
                      0.201620    0.000077    2.911752 v _899_/D (gf180mcu_fd_sc_mcu7t5v0__dffq_1)
                                              2.911752   data arrival time

                                100.000000  100.000000   clock system_clock (rise edge)
                                  0.000000  100.000000   clock source latency
     1    0.038592    0.000000    0.000000  100.000000 ^ CLK_I (in)
                                                         CLK_I (net)
                      0.003969    0.001627  100.001625 ^ clkbuf_0_CLK_I/I (gf180mcu_fd_sc_mcu7t5v0__clkbuf_16)
     8    0.199667    0.248974    0.319361  100.320984 ^ clkbuf_0_CLK_I/Z (gf180mcu_fd_sc_mcu7t5v0__clkbuf_16)
                                                         clknet_0_CLK_I (net)
                      0.248993    0.003283  100.324265 ^ clkbuf_3_2__f_CLK_I/I (gf180mcu_fd_sc_mcu7t5v0__clkbuf_16)
    16    0.074071    0.136789    0.292310  100.616577 ^ clkbuf_3_2__f_CLK_I/Z (gf180mcu_fd_sc_mcu7t5v0__clkbuf_16)
                                                         clknet_3_2__leaf_CLK_I (net)
                      0.136791    0.000945  100.617523 ^ _899_/CLK (gf180mcu_fd_sc_mcu7t5v0__dffq_1)
                                 -0.500000  100.117523   clock uncertainty
                                  0.000000  100.117523   clock reconvergence pessimism
                                 -0.249051   99.868469   library setup time
                                             99.868469   data required time
---------------------------------------------------------------------------------------------
                                             99.868469   data required time
                                             -2.911752   data arrival time
---------------------------------------------------------------------------------------------
                                             96.956711   slack (MET)



%OL_END_REPORT
%OL_CREATE_REPORT checks.rpt

===========================================================================
report_checks -unconstrained
===========================================================================
======================= min_tt_025C_5v00 Corner ===================================

Startpoint: RST_I (input port clocked by system_clock)
Endpoint: _879_ (rising edge-triggered flip-flop clocked by system_clock)
Path Group: system_clock
Path Type: max

Fanout         Cap        Slew       Delay        Time   Description
---------------------------------------------------------------------------------------------
                                  0.000000    0.000000   clock system_clock (rise edge)
                                  0.000000    0.000000   clock network delay (propagated)
                                 20.000000   20.000000 ^ input external delay
     1    0.008729    0.000000    0.000000   20.000000 ^ RST_I (in)
                                                         RST_I (net)
                      0.000283    0.000115   20.000116 ^ input10/I (gf180mcu_fd_sc_mcu7t5v0__dlyb_1)
    31    0.240654    3.895170    3.040979   23.041096 ^ input10/Z (gf180mcu_fd_sc_mcu7t5v0__dlyb_1)
                                                         net10 (net)
                      3.895329    0.014145   23.055241 ^ _430_/I (gf180mcu_fd_sc_mcu7t5v0__clkinv_1)
    16    0.119041    2.424379    1.956433   25.011673 v _430_/ZN (gf180mcu_fd_sc_mcu7t5v0__clkinv_1)
                                                         _103_ (net)
                      2.424486    0.009132   25.020805 v _491_/A1 (gf180mcu_fd_sc_mcu7t5v0__nand2_1)
     2    0.010294    0.647003    0.643770   25.664576 ^ _491_/ZN (gf180mcu_fd_sc_mcu7t5v0__nand2_1)
                                                         _155_ (net)
                      0.647003    0.000096   25.664671 ^ _502_/C (gf180mcu_fd_sc_mcu7t5v0__aoi211_1)
     5    0.035104    0.905170    0.624356   26.289026 v _502_/ZN (gf180mcu_fd_sc_mcu7t5v0__aoi211_1)
                                                         _166_ (net)
                      0.905170    0.000492   26.289518 v _505_/B (gf180mcu_fd_sc_mcu7t5v0__oai211_1)
     8    0.094674    2.933289    1.507321   27.796839 ^ _505_/ZN (gf180mcu_fd_sc_mcu7t5v0__oai211_1)
                                                         _169_ (net)
                      2.933289    0.002389   27.799229 ^ _534_/B1 (gf180mcu_fd_sc_mcu7t5v0__aoi22_1)
     1    0.003997    0.845435    0.259783   28.059011 v _534_/ZN (gf180mcu_fd_sc_mcu7t5v0__aoi22_1)
                                                         _013_ (net)
                      0.845435    0.000078   28.059090 v _879_/D (gf180mcu_fd_sc_mcu7t5v0__dffq_1)
                                             28.059090   data arrival time

                                100.000000  100.000000   clock system_clock (rise edge)
                                  0.000000  100.000000   clock source latency
     1    0.038592    0.000000    0.000000  100.000000 ^ CLK_I (in)
                                                         CLK_I (net)
                      0.003969    0.001627  100.001625 ^ clkbuf_0_CLK_I/I (gf180mcu_fd_sc_mcu7t5v0__clkbuf_16)
     8    0.199667    0.248974    0.319361  100.320984 ^ clkbuf_0_CLK_I/Z (gf180mcu_fd_sc_mcu7t5v0__clkbuf_16)
                                                         clknet_0_CLK_I (net)
                      0.248988    0.002863  100.323845 ^ clkbuf_3_6__f_CLK_I/I (gf180mcu_fd_sc_mcu7t5v0__clkbuf_16)
    13    0.081683    0.143199    0.297007  100.620857 ^ clkbuf_3_6__f_CLK_I/Z (gf180mcu_fd_sc_mcu7t5v0__clkbuf_16)
                                                         clknet_3_6__leaf_CLK_I (net)
                      0.143203    0.001322  100.622177 ^ _879_/CLK (gf180mcu_fd_sc_mcu7t5v0__dffq_1)
                                 -0.500000  100.122177   clock uncertainty
                                  0.000000  100.122177   clock reconvergence pessimism
                                 -0.476969   99.645210   library setup time
                                             99.645210   data required time
---------------------------------------------------------------------------------------------
                                             99.645210   data required time
                                            -28.059090   data arrival time
---------------------------------------------------------------------------------------------
                                             71.586121   slack (MET)




===========================================================================
report_checks --slack_max -0.01
============================================================================
======================= min_tt_025C_5v00 Corner ===================================

No paths found.


===========================================================================
 report_check_types -max_slew -max_cap -max_fanout -violators
============================================================================
======================= min_tt_025C_5v00 Corner ===================================

max capacitance

Pin                                        Limit         Cap       Slack
------------------------------------------------------------------------
input10/Z                               0.239200    0.240654   -0.001454 (VIOLATED)
_775_/ZN                                0.124200    0.124327   -0.000127 (VIOLATED)



===========================================================================
report_parasitic_annotation -report_unannotated
============================================================================
Found 9 unannotated drivers.
 ERR_I
 RTY_I
 clkload0/ZN
 clkload1/ZN
 clkload2/ZN
 clkload3/ZN
 clkload4/ZN
 clkload5/ZN
 clkload6/ZN
Found 0 partially unannotated drivers.

===========================================================================
max slew violation count 0
%OL_METRIC_I design__max_slew_violation__count__corner:min_tt_025C_5v00 0
max fanout violation count 0
%OL_METRIC_I design__max_fanout_violation__count__corner:min_tt_025C_5v00 0
max cap violation count 2
%OL_METRIC_I design__max_cap_violation__count__corner:min_tt_025C_5v00 2
============================================================================

===========================================================================
check_setup -verbose -unconstrained_endpoints -multiple_clock -no_clock -no_input_delay -loops -generated_clocks
===========================================================================
%OL_END_REPORT
%OL_CREATE_REPORT power.rpt

===========================================================================
 report_power
============================================================================
======================= min_tt_025C_5v00 Corner ===================================

Group                    Internal    Switching      Leakage        Total
                            Power        Power        Power        Power (Watts)
------------------------------------------------------------------------
Sequential           4.568175e-04 3.604560e-05 3.395683e-08 4.928970e-04  43.6%
Combinational        6.304703e-05 4.584606e-05 5.739767e-08 1.089505e-04   9.6%
Clock                3.348430e-04 1.925362e-04 4.011897e-08 5.274193e-04  46.7%
Macro                0.000000e+00 0.000000e+00 0.000000e+00 0.000000e+00   0.0%
Pad                  0.000000e+00 0.000000e+00 0.000000e+00 0.000000e+00   0.0%
------------------------------------------------------------------------
Total                8.547074e-04 2.744279e-04 1.314735e-07 1.129267e-03 100.0%
                            75.7%        24.3%         0.0%
%OL_METRIC_F power__internal__total 0.000854707439430058
%OL_METRIC_F power__switching__total 0.00027442790451459587
%OL_METRIC_F power__leakage__total 1.3147352717624017e-7
%OL_METRIC_F power__total 0.001129266805946827

%OL_END_REPORT
%OL_CREATE_REPORT skew.min.rpt

===========================================================================
Clock Skew (Hold)
============================================================================
%OL_METRIC_F clock__skew__worst_hold__corner:min_tt_025C_5v00 -0.515455914763291
======================= min_tt_025C_5v00 Corner ===================================

Clock system_clock
0.607112 source latency _894_/CLK ^
-0.622568 target latency _875_/CLK ^
-0.500000 clock uncertainty
0.000000 CRPR
--------------
-0.515456 hold skew

%OL_END_REPORT
%OL_CREATE_REPORT skew.max.rpt

===========================================================================
Clock Skew (Setup)
============================================================================
%OL_METRIC_F clock__skew__worst_setup__corner:min_tt_025C_5v00 0.5119353419414848
======================= min_tt_025C_5v00 Corner ===================================

Clock system_clock
0.620078 source latency _886_/CLK ^
-0.608142 target latency _890_/CLK ^
0.500000 clock uncertainty
0.000000 CRPR
--------------
0.511935 setup skew

%OL_END_REPORT
%OL_CREATE_REPORT ws.min.rpt

===========================================================================
Worst Slack (Hold)
============================================================================
%OL_METRIC_F timing__hold__ws__corner:min_tt_025C_5v00 0.4916229784642262
min_tt_025C_5v00: 0.4916229784642262
%OL_END_REPORT
%OL_CREATE_REPORT ws.max.rpt

===========================================================================
Worst Slack (Setup)
============================================================================
%OL_METRIC_F timing__setup__ws__corner:min_tt_025C_5v00 71.58611683832011
min_tt_025C_5v00: 71.58611683832011
%OL_END_REPORT
%OL_CREATE_REPORT tns.min.rpt

===========================================================================
Total Negative Slack (Hold)
============================================================================
%OL_METRIC_F timing__hold__tns__corner:min_tt_025C_5v00 0.0
min_tt_025C_5v00: 0.0
%OL_END_REPORT
%OL_CREATE_REPORT tns.max.rpt

===========================================================================
Total Negative Slack (Setup)
============================================================================
%OL_METRIC_F timing__setup__tns__corner:min_tt_025C_5v00 0.0
min_tt_025C_5v00: 0.0
%OL_END_REPORT
%OL_CREATE_REPORT wns.min.rpt

===========================================================================
Worst Negative Slack (Hold)
============================================================================
%OL_METRIC_F timing__hold__wns__corner:min_tt_025C_5v00 0
min_tt_025C_5v00: 0
%OL_END_REPORT
%OL_CREATE_REPORT wns.max.rpt

===========================================================================
Worst Negative Slack (Setup)
============================================================================
%OL_METRIC_F timing__setup__wns__corner:min_tt_025C_5v00 0.0
min_tt_025C_5v00: 0.0
%OL_END_REPORT
%OL_CREATE_REPORT violator_list.rpt

===========================================================================
Violator List
============================================================================
%OL_METRIC_I timing__hold_vio__count__corner:min_tt_025C_5v00 0
%OL_METRIC_F timing__hold_r2r__ws__corner:min_tt_025C_5v00 0.491623
%OL_METRIC_I timing__hold_r2r_vio__count__corner:min_tt_025C_5v00 0
%OL_METRIC_I timing__setup_vio__count__corner:min_tt_025C_5v00 0
%OL_METRIC_F timing__setup_r2r__ws__corner:min_tt_025C_5v00 96.607544
%OL_METRIC_I timing__setup_r2r_vio__count__corner:min_tt_025C_5v00 0
%OL_END_REPORT
%OL_CREATE_REPORT unpropagated.rpt
%OL_END_REPORT
%OL_CREATE_REPORT clock.rpt
Clock: system_clock
Sources: CLK_I 
Generated: no
Virtual: yes
Propagated: no
Period: 100.000000

===========================================================================
report_clock_properties
============================================================================
Clock                   Period          Waveform
----------------------------------------------------
system_clock        100.000000    0.000000 50.000000

===========================================================================
report_clock_latency
============================================================================
Clock system_clock
rise -> rise
    min     max
0.000000 0.000000 source latency
0.607112         network latency _894_/CLK
        0.622582 network latency _825_/CLK
---------------
0.607112 0.622582 latency
        0.015470 skew

fall -> fall
    min     max
0.000000 0.000000 source latency
0.612101         network latency _894_/CLK
        0.628805 network latency _825_/CLK
---------------
0.612101 0.628805 latency
        0.016705 skew



===========================================================================
report_clock_min_period
============================================================================
system_clock period_min = 9.93 fmax = 100.66
%OL_END_REPORT
Writing SDF files for all corners…
Removing Clock latencies before writing libs…
Writing timing models for all corners…
Writing timing models for the min_tt_025C_5v00 corner to /foss/designs/acoustic-ranger-dvl-processor/layout/digital/i2c_wb_master/runs/RUN_2026-08-31_17-24-00/55-openroad-stapostpnr/min_tt_025C_5v00/i2c_controller__min_tt_025C_5v00.lib…
