$date
	Sun Aug 23 13:04:14 2026
$end
$version
	Icarus Verilog
$end
$timescale
	1ps
$end
$scope module freq_count_tb $end
$var wire 1 ! trigger_signal_out $end
$var wire 1 " RTY_O $end
$var wire 1 # ERR_O $end
$var wire 8 $ DAT_O [7:0] $end
$var wire 1 % ACK_O $end
$var parameter 32 & SIGNAL_PERIOD $end
$var parameter 32 ' WIDTH $end
$var reg 8 ( ADDR_I [7:0] $end
$var reg 1 ) CLK_I $end
$var reg 1 * CYC_I $end
$var reg 8 + DAT_I [7:0] $end
$var reg 1 , RST_I $end
$var reg 1 - STB_I $end
$var reg 1 . WE_I $end
$var reg 8 / result [7:0] $end
$var reg 8 0 result2 [7:0] $end
$var reg 8 1 result3 [7:0] $end
$var reg 1 2 signal_input $end
$scope module my_counter $end
$var wire 8 3 ADDR_I [7:0] $end
$var wire 1 ) CLK_I $end
$var wire 1 * CYC_I $end
$var wire 8 4 DAT_I [7:0] $end
$var wire 1 , RST_I $end
$var wire 1 - STB_I $end
$var wire 1 . WE_I $end
$var wire 1 5 ext_rst_i $end
$var wire 1 6 falling_edge_detected $end
$var wire 1 7 rising_edge_detected $end
$var wire 1 2 signal_input $end
$var parameter 8 8 COUNTER_CONTROL_STATUS_REGISTER_ADDRESS $end
$var parameter 32 9 MASUREMENT_PULSE_TIMEOUT $end
$var parameter 32 : MASUREMENT_RANGE_TIMEOUT $end
$var parameter 32 ; MEASUREMENT_DONE_BIT $end
$var parameter 32 < MEASUREMENT_PULSE_MODE_ENABLE $end
$var parameter 32 = MEASUREMENT_RANGE_MODE_ENABLE $end
$var parameter 32 > MEASUREMENT_START_BIT $end
$var parameter 8 ? PULSE_COUNT_THRESHOLD_REGISTER_HIGH_ADDRESS $end
$var parameter 8 @ PULSE_COUNT_THRESHOLD_REGISTER_LOW_ADDRESS $end
$var parameter 8 A PULSE_TIMING_REGISTER_HIGH_ADDRESS $end
$var parameter 8 B PULSE_TIMING_REGISTER_LOW_ADDRESS $end
$var parameter 8 C PULSE_TIMING_REGISTER_MID_ADDRESS $end
$var parameter 8 D RANGE_TIMING_REGISTER_HIGH_ADDRESS $end
$var parameter 8 E RANGE_TIMING_REGISTER_LOW_ADDRESS $end
$var parameter 8 F RANGE_TIMING_REGISTER_MID_ADDRESS $end
$var parameter 32 G RESET_COUNTER_BIT $end
$var parameter 32 H STATE_FINISH $end
$var parameter 32 I STATE_PULSE $end
$var parameter 32 J STATE_RANGE $end
$var parameter 32 K STATE_READY $end
$var parameter 32 L WIDTH $end
$var reg 1 % ACK_O $end
$var reg 8 M DAT_O [7:0] $end
$var reg 1 # ERR_O $end
$var reg 1 " RTY_O $end
$var reg 8 N counter_control_status_register [7:0] $end
$var reg 1 O counter_ready $end
$var reg 1 P input_previous_state $end
$var reg 1 Q measurement_pulse_done_internal_flag $end
$var reg 1 R measurement_pulse_start_internal_flag $end
$var reg 16 S measurement_state_machine [15:0] $end
$var reg 16 T pulse_count_threshold_register [15:0] $end
$var reg 24 U pulse_timing_internal [23:0] $end
$var reg 24 V pulse_timing_register [23:0] $end
$var reg 1 W range_finished_internal_flag $end
$var reg 1 X range_timeout_internal_flag $end
$var reg 24 Y range_timing_internal [23:0] $end
$var reg 24 Z range_timing_register [23:0] $end
$var reg 1 ! trigger_signal_out $end
$var reg 7 [ trigger_timer_internal [6:0] $end
$upscope $end
$scope task simulate_return_ping $end
$var integer 32 \ i [31:0] $end
$var real 1 ] multiplier $end
$upscope $end
$scope task wb_read_register $end
$var reg 1 ^ continue_cycle $end
$var reg 8 _ target_addr [7:0] $end
$var reg 8 ` target_data [7:0] $end
$upscope $end
$scope task wb_write_register $end
$var reg 1 a continue_cycle $end
$var reg 8 b target_addr [7:0] $end
$var reg 8 c target_data [7:0] $end
$upscope $end
$upscope $end
$enddefinitions $end
$comment Show the parameter values. $end
$dumpall
b1000 L
b0 K
b1 J
b10 I
b11 H
b0 G
b1111 F
b10000 E
b1110 D
b10010 C
b10011 B
b10001 A
b10101 @
b10100 ?
b111 >
b101 =
b100 <
b110 ;
b11 :
b10 9
b10110 8
b1000 '
b101000 &
$end
#0
$dumpvars
bx c
bx b
xa
bx `
bx _
x^
r0 ]
bx \
bx [
bx Z
bx Y
xX
xW
bx V
bx U
bx T
bx S
xR
xQ
xP
xO
bx N
bx M
07
x6
z5
b0 4
b0 3
02
bx 1
bx 0
bx /
0.
0-
1,
b0 +
0*
0)
b0 (
x%
bx $
x#
x"
x!
$end
#50000
b0 N
b1111101000 T
b0 V
b0 Z
0"
0%
0#
b0 $
b0 M
1P
b0 [
0!
0R
0X
0W
0O
b0 Y
b0 U
0a
b10110000 c
b10110 b
0Q
b0 S
1)
06
07
12
#100000
0)
16
0,
02
#150000
06
0P
1*
1-
1.
b10110000 +
b10110000 4
b10110 (
b10110 3
1)
#200000
0)
#250000
1%
b10110000 N
1)
#300000
0)
#350000
b1 Y
b1 [
1!
0%
b0 (
b0 3
b0 +
b0 4
0.
0*
0-
1)
#400000
0)
#450000
b10 [
b10 Y
1)
#500000
0)
#550000
b11 Y
b11 [
1)
#600000
0)
#650000
b100 [
b100 Y
1)
#700000
0)
#750000
b101 Y
b101 [
1)
#800000
0)
#850000
b110 [
b110 Y
1)
#900000
0)
#950000
b111 Y
b111 [
1)
#1000000
0)
#1050000
b1000 [
b1000 Y
1)
#1100000
0)
#1150000
b1001 Y
b1001 [
1)
#1200000
0)
#1250000
b1010 [
b1010 Y
1)
#1300000
0)
#1350000
b1011 Y
b1011 [
1)
#1400000
0)
#1450000
b1100 [
b1100 Y
1)
#1500000
0)
#1550000
b1101 Y
b1101 [
1)
#1600000
0)
#1650000
b1110 [
b1110 Y
1)
#1700000
0)
#1750000
b1111 Y
b1111 [
1)
#1800000
0)
#1850000
b10000 [
b10000 Y
1)
#1900000
0)
#1950000
b10001 Y
b10001 [
1)
#2000000
0)
#2050000
b10010 [
b10010 Y
1)
#2100000
0)
#2150000
b10011 Y
b10011 [
1)
#2200000
0)
#2250000
b10100 [
b10100 Y
1)
#2300000
0)
#2350000
b10101 Y
b10101 [
1)
#2400000
0)
#2450000
b10110 [
b10110 Y
1)
#2500000
0)
#2550000
b10111 Y
b10111 [
1)
#2600000
0)
#2650000
b11000 [
b11000 Y
1)
#2700000
0)
#2750000
b11001 Y
b11001 [
1)
#2800000
0)
#2850000
b11010 [
b11010 Y
1)
#2900000
0)
#2950000
b11011 Y
b11011 [
1)
#3000000
0)
#3050000
b11100 [
b11100 Y
1)
#3100000
0)
#3150000
b11101 Y
b11101 [
1)
#3200000
0)
#3250000
b11110 [
b11110 Y
1)
#3300000
0)
#3350000
b11111 Y
b11111 [
1)
#3400000
0)
#3450000
b100000 [
b100000 Y
1)
#3500000
0)
#3550000
b100001 Y
b100001 [
1)
#3600000
0)
#3650000
b100010 [
b100010 Y
1)
#3700000
0)
#3750000
b100011 Y
b100011 [
1)
#3800000
0)
#3850000
b100100 [
b100100 Y
1)
#3900000
0)
#3950000
b100101 Y
b100101 [
1)
#4000000
0)
#4050000
b100110 [
b100110 Y
1)
#4100000
0)
#4150000
b100111 Y
b100111 [
1)
#4200000
0)
#4250000
b101000 [
b101000 Y
1)
#4300000
0)
#4350000
b101001 Y
b101001 [
1)
#4400000
0)
#4450000
b101010 [
b101010 Y
1)
#4500000
0)
#4550000
b101011 Y
b101011 [
1)
#4600000
0)
#4650000
b101100 [
b101100 Y
1)
#4700000
0)
#4750000
b101101 Y
b101101 [
1)
#4800000
0)
#4850000
b101110 [
b101110 Y
1)
#4900000
0)
#4950000
b101111 Y
b101111 [
1)
#5000000
0)
#5050000
b110000 [
b110000 Y
1)
#5100000
0)
#5150000
b110001 Y
b110001 [
1)
#5200000
0)
#5250000
b110010 [
b110010 Y
1)
#5300000
0)
#5350000
b110011 Y
b110011 [
1)
#5400000
0)
#5450000
b110100 [
b110100 Y
1)
#5500000
0)
#5550000
b110101 Y
b110101 [
1)
#5600000
0)
#5650000
b110110 [
b110110 Y
1)
#5700000
0)
#5750000
b110111 Y
b110111 [
1)
#5800000
0)
#5850000
b111000 [
b111000 Y
1)
#5900000
0)
#5950000
b111001 Y
b111001 [
1)
#6000000
0)
#6050000
b111010 [
b111010 Y
1)
#6100000
0)
#6150000
b111011 Y
b111011 [
1)
#6200000
0)
#6250000
b111100 [
b111100 Y
1)
#6300000
0)
#6350000
b111101 Y
b111101 [
1)
#6400000
0)
#6450000
b111110 [
b111110 Y
1)
#6500000
0)
#6550000
b111111 Y
b111111 [
1)
#6600000
0)
#6650000
b1000000 [
b1000000 Y
1)
#6700000
0)
#6750000
b1000001 Y
b1000001 [
1)
#6800000
0)
#6850000
b1000010 [
b1000010 Y
1)
#6900000
0)
#6950000
b1000011 Y
b1000011 [
1)
#7000000
0)
#7050000
b1000100 [
b1000100 Y
1)
#7100000
0)
#7150000
b1000101 Y
b1000101 [
1)
#7200000
0)
#7250000
b1000110 [
b1000110 Y
1)
#7300000
0)
#7350000
b1000111 Y
b1000111 [
1)
#7400000
0)
#7450000
b1001000 [
b1001000 Y
1)
#7500000
0)
#7550000
b1001001 Y
b1001001 [
1)
#7600000
0)
#7650000
b1001010 [
b1001010 Y
1)
#7700000
0)
#7750000
b1001011 Y
b1001011 [
1)
#7800000
0)
#7850000
b1001100 [
b1001100 Y
1)
#7900000
0)
#7950000
b1001101 Y
b1001101 [
1)
#8000000
0)
#8050000
b1001110 [
b1001110 Y
1)
#8100000
0)
#8150000
b1001111 Y
b1001111 [
1)
#8200000
0)
#8250000
b1010000 [
b1010000 Y
1)
#8300000
0)
#8350000
b1010001 Y
b1010001 [
1)
#8400000
0)
#8450000
b1010010 [
b1010010 Y
1)
#8500000
0)
#8550000
b1010011 Y
b1010011 [
1)
#8600000
0)
#8650000
b1010100 [
b1010100 Y
1)
#8700000
0)
#8750000
b1010101 Y
b1010101 [
1)
#8800000
0)
#8850000
b1010110 [
b1010110 Y
1)
#8900000
0)
#8950000
b1010111 Y
b1010111 [
1)
#9000000
0)
#9050000
b1011000 [
b1011000 Y
1)
#9100000
0)
#9150000
b1011001 Y
b1011001 [
1)
#9200000
0)
#9250000
b1011010 [
b1011010 Y
1)
#9300000
0)
#9350000
b1011011 Y
b1011011 [
1)
#9400000
0)
#9450000
b1011100 [
b1011100 Y
1)
#9500000
0)
#9550000
b1011101 Y
b1011101 [
1)
#9600000
0)
#9650000
b1011110 [
b1011110 Y
1)
#9700000
0)
#9750000
b1011111 Y
b1011111 [
1)
#9800000
0)
#9850000
b1100000 [
b1100000 Y
1)
#9900000
0)
#9950000
b1100001 Y
b1100001 [
1)
#10000000
0)
#10050000
b1100010 [
b1100010 Y
1)
#10100000
0)
#10150000
b1100011 Y
b1100011 [
1)
#10200000
0)
#10250000
b1100100 [
b1100100 Y
1)
#10300000
0)
#10350000
b1100101 Y
0!
1)
#10400000
0)
#10450000
b1100110 Y
1)
#10500000
0)
#10550000
b1100111 Y
1)
#10600000
0)
#10650000
b1101000 Y
1)
#10700000
0)
#10750000
b1101001 Y
1)
#10800000
0)
#10850000
b1101010 Y
1)
#10900000
0)
#10950000
b1101011 Y
1)
#11000000
0)
#11050000
b1101100 Y
1)
#11100000
0)
#11150000
b1101101 Y
1)
#11200000
0)
#11250000
b1101110 Y
1)
#11300000
0)
#11350000
b1101111 Y
1)
#11400000
0)
#11450000
b1110000 Y
1)
#11500000
0)
#11550000
b1110001 Y
1)
#11600000
0)
#11650000
b1110010 Y
1)
#11700000
0)
#11750000
b1110011 Y
1)
#11800000
0)
#11850000
b1110100 Y
1)
#11900000
0)
#11950000
b1110101 Y
1)
#12000000
0)
#12050000
b1110110 Y
1)
#12100000
0)
#12150000
b1110111 Y
1)
#12200000
0)
#12250000
b1111000 Y
1)
#12300000
0)
#12350000
b1111001 Y
1)
#12400000
0)
#12450000
b1111010 Y
1)
#12500000
0)
#12550000
b1111011 Y
1)
#12600000
0)
#12650000
b1111100 Y
1)
#12700000
0)
#12750000
b1111101 Y
1)
#12800000
0)
#12850000
b1111110 Y
1)
#12900000
0)
#12950000
b1111111 Y
1)
#13000000
0)
#13050000
b10000000 Y
1)
#13100000
0)
#13150000
b10000001 Y
1)
#13200000
0)
#13250000
b10000010 Y
1)
#13300000
0)
#13350000
b10000011 Y
1)
#13400000
0)
#13450000
b10000100 Y
1)
#13500000
0)
#13550000
b10000101 Y
1)
#13600000
0)
#13650000
b10000110 Y
1)
#13700000
0)
#13750000
b10000111 Y
1)
#13800000
0)
#13850000
b10001000 Y
1)
#13900000
0)
#13950000
b10001001 Y
1)
#14000000
0)
#14050000
b10001010 Y
1)
#14100000
0)
#14150000
b10001011 Y
1)
#14200000
0)
#14250000
b10001100 Y
1)
#14300000
0)
#14350000
b10001101 Y
1)
#14400000
0)
#14450000
b10001110 Y
1)
#14500000
0)
#14550000
b10001111 Y
1)
#14600000
0)
#14650000
b10010000 Y
1)
#14700000
0)
#14750000
b10010001 Y
1)
#14800000
0)
#14850000
b10010010 Y
1)
#14900000
0)
#14950000
b10010011 Y
1)
#15000000
0)
#15050000
b10010100 Y
1)
#15100000
0)
#15150000
b10010101 Y
1)
#15200000
0)
#15250000
b10010110 Y
1)
#15300000
0)
#15350000
b10010111 Y
1)
#15400000
0)
#15450000
b10011000 Y
1)
#15500000
0)
#15550000
b10011001 Y
1)
#15600000
0)
#15650000
b10011010 Y
1)
#15700000
0)
#15750000
b10011011 Y
1)
#15800000
0)
#15850000
b10011100 Y
1)
#15900000
0)
#15950000
b10011101 Y
1)
#16000000
0)
#16050000
b10011110 Y
1)
#16100000
0)
#16150000
b10011111 Y
1)
#16200000
0)
#16250000
b10100000 Y
1)
#16300000
0)
#16350000
b10100001 Y
1)
#16400000
0)
#16450000
b10100010 Y
1)
#16500000
0)
#16550000
b10100011 Y
1)
#16600000
0)
#16650000
b10100100 Y
1)
#16700000
0)
#16750000
b10100101 Y
1)
#16800000
0)
#16850000
b10100110 Y
1)
#16900000
0)
#16950000
b10100111 Y
1)
#17000000
0)
#17050000
b10101000 Y
1)
#17100000
0)
#17150000
b10101001 Y
1)
#17200000
0)
#17250000
b10101010 Y
1)
#17300000
0)
#17350000
b10101011 Y
1)
#17400000
0)
#17450000
b10101100 Y
1)
#17500000
0)
#17550000
b10101101 Y
1)
#17600000
0)
#17650000
b10101110 Y
1)
#17700000
0)
#17750000
b10101111 Y
1)
#17800000
0)
#17850000
b10110000 Y
1)
#17900000
0)
#17950000
b10110001 Y
1)
#18000000
0)
#18050000
b10110010 Y
1)
#18100000
0)
#18150000
b10110011 Y
1)
#18200000
0)
#18250000
b10110100 Y
1)
#18300000
0)
#18350000
b10110101 Y
1)
#18400000
0)
#18450000
b10110110 Y
1)
#18500000
0)
#18550000
b10110111 Y
1)
#18600000
0)
#18650000
b10111000 Y
1)
#18700000
0)
#18750000
b10111001 Y
1)
#18800000
0)
#18850000
b10111010 Y
1)
#18900000
0)
#18950000
b10111011 Y
1)
#19000000
0)
#19050000
b10111100 Y
1)
#19100000
0)
#19150000
b10111101 Y
1)
#19200000
0)
#19250000
b10111110 Y
1)
#19300000
0)
#19350000
b10111111 Y
1)
#19400000
0)
#19450000
b11000000 Y
1)
#19500000
0)
#19550000
b11000001 Y
1)
#19600000
0)
#19650000
b11000010 Y
1)
#19700000
0)
#19750000
b11000011 Y
1)
#19800000
0)
#19850000
b11000100 Y
1)
#19900000
0)
#19950000
b11000101 Y
1)
#20000000
0)
#20050000
b11000110 Y
1)
#20100000
0)
#20150000
b11000111 Y
1)
#20200000
0)
#20250000
b11001000 Y
1)
#20300000
0)
#20350000
b11001001 Y
1)
#20400000
0)
#20450000
b11001010 Y
1)
#20500000
0)
#20550000
b11001011 Y
1)
#20600000
0)
#20650000
b11001100 Y
1)
#20700000
0)
#20750000
b11001101 Y
1)
#20800000
0)
#20850000
b11001110 Y
1)
#20900000
0)
#20950000
b11001111 Y
1)
#21000000
0)
#21050000
b11010000 Y
1)
#21100000
0)
#21150000
b11010001 Y
1)
#21200000
0)
#21250000
b11010010 Y
1)
#21300000
0)
#21350000
b11010011 Y
1)
#21400000
0)
#21450000
b11010100 Y
1)
#21500000
0)
#21550000
b11010101 Y
1)
#21600000
0)
#21650000
b11010110 Y
1)
#21700000
0)
#21750000
b11010111 Y
1)
#21800000
0)
#21850000
b11011000 Y
1)
#21900000
0)
#21950000
b11011001 Y
1)
#22000000
0)
#22050000
b11011010 Y
1)
#22100000
0)
#22150000
b11011011 Y
1)
#22200000
0)
#22250000
b11011100 Y
1)
#22300000
0)
#22350000
b11011101 Y
1)
#22400000
0)
#22450000
b11011110 Y
1)
#22500000
0)
#22550000
b11011111 Y
1)
#22600000
0)
#22650000
b11100000 Y
1)
#22700000
0)
#22750000
b11100001 Y
1)
#22800000
0)
#22850000
b11100010 Y
1)
#22900000
0)
#22950000
b11100011 Y
1)
#23000000
0)
#23050000
b11100100 Y
1)
#23100000
0)
#23150000
b11100101 Y
1)
#23200000
0)
#23250000
b11100110 Y
1)
#23300000
0)
#23350000
b11100111 Y
1)
#23400000
0)
#23450000
b11101000 Y
1)
#23500000
0)
#23550000
b11101001 Y
1)
#23600000
0)
#23650000
b11101010 Y
1)
#23700000
0)
#23750000
b11101011 Y
1)
#23800000
0)
#23850000
b11101100 Y
1)
#23900000
0)
#23950000
b11101101 Y
1)
#24000000
0)
#24050000
b11101110 Y
1)
#24100000
0)
#24150000
b11101111 Y
1)
#24200000
0)
#24250000
b11110000 Y
1)
#24300000
0)
#24350000
b11110001 Y
1)
#24400000
0)
#24450000
b11110010 Y
1)
#24500000
0)
#24550000
b11110011 Y
1)
#24600000
0)
#24650000
b11110100 Y
1)
#24700000
0)
#24750000
b11110101 Y
1)
#24800000
0)
#24850000
b11110110 Y
1)
#24900000
0)
#24950000
b11110111 Y
1)
#25000000
0)
#25050000
b11111000 Y
1)
#25100000
0)
#25150000
b11111001 Y
1)
#25200000
0)
#25250000
b11111010 Y
1)
#25300000
0)
#25350000
b11111011 Y
1)
#25400000
0)
#25450000
b11111100 Y
1)
#25500000
0)
#25550000
b11111101 Y
1)
#25600000
0)
#25650000
b11111110 Y
1)
#25700000
0)
#25750000
b11111111 Y
1)
#25800000
0)
#25850000
b100000000 Y
1)
#25900000
0)
#25950000
b100000001 Y
1)
#26000000
0)
#26050000
b100000010 Y
1)
#26100000
0)
#26150000
b100000011 Y
1)
#26200000
0)
#26250000
b100000100 Y
1)
#26300000
0)
#26350000
b100000101 Y
1)
#26400000
0)
#26450000
b100000110 Y
1)
#26500000
0)
#26550000
b100000111 Y
1)
#26600000
0)
#26650000
b100001000 Y
1)
#26700000
0)
#26750000
b100001001 Y
1)
#26800000
0)
#26850000
b100001010 Y
1)
#26900000
0)
#26950000
b100001011 Y
1)
#27000000
0)
#27050000
b100001100 Y
1)
#27100000
0)
#27150000
b100001101 Y
1)
#27200000
0)
#27250000
b100001110 Y
1)
#27300000
0)
#27350000
b100001111 Y
1)
#27400000
0)
#27450000
b100010000 Y
1)
#27500000
0)
#27550000
b100010001 Y
1)
#27600000
0)
#27650000
b100010010 Y
1)
#27700000
0)
#27750000
b100010011 Y
1)
#27800000
0)
#27850000
b100010100 Y
1)
#27900000
0)
#27950000
b100010101 Y
1)
#28000000
0)
#28050000
b100010110 Y
1)
#28100000
0)
#28150000
b100010111 Y
1)
#28200000
0)
#28250000
b100011000 Y
1)
#28300000
0)
#28350000
b100011001 Y
1)
#28400000
0)
#28450000
b100011010 Y
1)
#28500000
0)
#28550000
b100011011 Y
1)
#28600000
0)
#28650000
b100011100 Y
1)
#28700000
0)
#28750000
b100011101 Y
1)
#28800000
0)
#28850000
b100011110 Y
1)
#28900000
0)
#28950000
b100011111 Y
1)
#29000000
0)
#29050000
b100100000 Y
1)
#29100000
0)
#29150000
b100100001 Y
1)
#29200000
0)
#29250000
b100100010 Y
1)
#29300000
0)
#29350000
b100100011 Y
1)
#29400000
0)
#29450000
b100100100 Y
1)
#29500000
0)
#29550000
b100100101 Y
1)
#29600000
0)
#29650000
b100100110 Y
1)
#29700000
0)
#29750000
b100100111 Y
1)
#29800000
0)
#29850000
b100101000 Y
1)
#29900000
0)
#29950000
b100101001 Y
1)
#30000000
0)
#30050000
b100101010 Y
1)
#30100000
0)
#30150000
b100101011 Y
1)
#30200000
0)
#30250000
b100101100 Y
1)
#30300000
0)
#30350000
b100101101 Y
1)
#30400000
0)
#30450000
b100101110 Y
1)
#30500000
0)
#30550000
b100101111 Y
1)
#30600000
0)
#30650000
b100110000 Y
1)
#30700000
0)
#30750000
b100110001 Y
1)
#30800000
0)
#30850000
b100110010 Y
1)
#30900000
0)
#30950000
b100110011 Y
1)
#31000000
0)
#31050000
b100110100 Y
1)
#31100000
0)
#31150000
b100110101 Y
1)
#31200000
0)
#31250000
b100110110 Y
1)
#31300000
0)
#31350000
b100110111 Y
1)
#31400000
0)
#31450000
b100111000 Y
1)
#31500000
0)
#31550000
b100111001 Y
1)
#31600000
0)
#31650000
b100111010 Y
1)
#31700000
0)
#31750000
b100111011 Y
1)
#31800000
0)
#31850000
b100111100 Y
1)
#31900000
0)
#31950000
b100111101 Y
1)
#32000000
0)
#32050000
b100111110 Y
1)
#32100000
0)
#32150000
b100111111 Y
1)
#32200000
0)
#32250000
b101000000 Y
1)
#32300000
0)
#32350000
b101000001 Y
1)
#32400000
0)
#32450000
b101000010 Y
1)
#32500000
0)
#32550000
b101000011 Y
1)
#32600000
0)
#32650000
b101000100 Y
1)
#32700000
0)
#32750000
b101000101 Y
1)
#32800000
0)
#32850000
b101000110 Y
1)
#32900000
0)
#32950000
b101000111 Y
1)
#33000000
0)
#33050000
b101001000 Y
1)
#33100000
0)
#33150000
b101001001 Y
1)
#33200000
0)
#33250000
b101001010 Y
1)
#33300000
0)
#33350000
b101001011 Y
1)
#33400000
0)
#33450000
b101001100 Y
1)
#33500000
0)
#33550000
b101001101 Y
1)
#33600000
0)
#33650000
b101001110 Y
1)
#33700000
0)
#33750000
b101001111 Y
1)
#33800000
0)
#33850000
b101010000 Y
1)
#33900000
0)
#33950000
b101010001 Y
1)
#34000000
0)
#34050000
b101010010 Y
1)
#34100000
0)
#34150000
b101010011 Y
1)
#34200000
0)
#34250000
b101010100 Y
1)
#34300000
0)
#34350000
b101010101 Y
1)
#34400000
0)
#34450000
b101010110 Y
1)
#34500000
0)
#34550000
b101010111 Y
1)
#34600000
0)
#34650000
b101011000 Y
1)
#34700000
0)
#34750000
b101011001 Y
1)
#34800000
0)
#34850000
b101011010 Y
1)
#34900000
0)
#34950000
b101011011 Y
1)
#35000000
0)
#35050000
b101011100 Y
1)
#35100000
0)
#35150000
b101011101 Y
1)
#35200000
0)
#35250000
b101011110 Y
1)
#35300000
0)
#35350000
b101011111 Y
1)
#35400000
0)
#35450000
b101100000 Y
1)
#35500000
0)
#35550000
b101100001 Y
1)
#35600000
0)
#35650000
b101100010 Y
1)
#35700000
0)
#35750000
b101100011 Y
1)
#35800000
0)
#35850000
b101100100 Y
1)
#35900000
0)
#35950000
b101100101 Y
1)
#36000000
0)
#36050000
b101100110 Y
1)
#36100000
0)
#36150000
b101100111 Y
1)
#36200000
0)
#36250000
b101101000 Y
1)
#36300000
0)
#36350000
b101101001 Y
1)
#36400000
0)
#36450000
b101101010 Y
1)
#36500000
0)
#36550000
b101101011 Y
1)
#36600000
0)
#36650000
b101101100 Y
1)
#36700000
0)
#36750000
b101101101 Y
1)
#36800000
0)
#36850000
b101101110 Y
1)
#36900000
0)
#36950000
b101101111 Y
1)
#37000000
0)
#37050000
b101110000 Y
1)
#37100000
0)
#37150000
b101110001 Y
1)
#37200000
0)
#37250000
b101110010 Y
1)
#37300000
0)
#37350000
b101110011 Y
1)
#37400000
0)
#37450000
b101110100 Y
1)
#37500000
0)
#37550000
b101110101 Y
1)
#37600000
0)
#37650000
b101110110 Y
1)
#37700000
0)
#37750000
b101110111 Y
1)
#37800000
0)
#37850000
b101111000 Y
1)
#37900000
0)
#37950000
b101111001 Y
1)
#38000000
0)
#38050000
b101111010 Y
1)
#38100000
0)
#38150000
b101111011 Y
1)
#38200000
0)
#38250000
b101111100 Y
1)
#38300000
0)
#38350000
b101111101 Y
1)
#38400000
0)
#38450000
b101111110 Y
1)
#38500000
0)
#38550000
b101111111 Y
1)
#38600000
0)
#38650000
b110000000 Y
1)
#38700000
0)
#38750000
b110000001 Y
1)
#38800000
0)
#38850000
b110000010 Y
1)
#38900000
0)
#38950000
b110000011 Y
1)
#39000000
0)
#39050000
b110000100 Y
1)
#39100000
0)
#39150000
b110000101 Y
1)
#39200000
0)
#39250000
b110000110 Y
1)
#39300000
0)
#39350000
b110000111 Y
1)
#39400000
0)
#39450000
b110001000 Y
1)
#39500000
0)
#39550000
b110001001 Y
1)
#39600000
0)
#39650000
b110001010 Y
1)
#39700000
0)
#39750000
b110001011 Y
1)
#39800000
0)
#39850000
b110001100 Y
1)
#39900000
0)
#39950000
b110001101 Y
1)
#40000000
0)
#40050000
b110001110 Y
1)
#40100000
0)
#40150000
b110001111 Y
1)
#40200000
0)
#40250000
b110010000 Y
1)
#40300000
0)
#40350000
b110010001 Y
1)
#40400000
0)
#40450000
b110010010 Y
1)
#40500000
0)
#40550000
b110010011 Y
1)
#40600000
0)
#40650000
b110010100 Y
1)
#40700000
0)
#40750000
b110010101 Y
1)
#40800000
0)
#40850000
b110010110 Y
1)
#40900000
0)
#40950000
b110010111 Y
1)
#41000000
0)
#41050000
b110011000 Y
1)
#41100000
0)
#41150000
b110011001 Y
1)
#41200000
0)
#41250000
b110011010 Y
1)
#41300000
0)
#41350000
b110011011 Y
1)
#41400000
0)
#41450000
b110011100 Y
1)
#41500000
0)
#41550000
b110011101 Y
1)
#41600000
0)
#41650000
b110011110 Y
1)
#41700000
0)
#41750000
b110011111 Y
1)
#41800000
0)
#41850000
b110100000 Y
1)
#41900000
0)
#41950000
b110100001 Y
1)
#42000000
0)
#42050000
b110100010 Y
1)
#42100000
0)
#42150000
b110100011 Y
1)
#42200000
0)
#42250000
b110100100 Y
1)
#42300000
0)
#42350000
b110100101 Y
1)
#42400000
0)
#42450000
b110100110 Y
1)
#42500000
0)
#42550000
b110100111 Y
1)
#42600000
0)
#42650000
b110101000 Y
1)
#42700000
0)
#42750000
b110101001 Y
1)
#42800000
0)
#42850000
b110101010 Y
1)
#42900000
0)
#42950000
b110101011 Y
1)
#43000000
0)
#43050000
b110101100 Y
1)
#43100000
0)
#43150000
b110101101 Y
1)
#43200000
0)
#43250000
b110101110 Y
1)
#43300000
0)
#43350000
b110101111 Y
1)
#43400000
0)
#43450000
b110110000 Y
1)
#43500000
0)
#43550000
b110110001 Y
1)
#43600000
0)
#43650000
b110110010 Y
1)
#43700000
0)
#43750000
b110110011 Y
1)
#43800000
0)
#43850000
b110110100 Y
1)
#43900000
0)
#43950000
b110110101 Y
1)
#44000000
0)
#44050000
b110110110 Y
1)
#44100000
0)
#44150000
b110110111 Y
1)
#44200000
0)
#44250000
b110111000 Y
1)
#44300000
0)
#44350000
b110111001 Y
1)
#44400000
0)
#44450000
b110111010 Y
1)
#44500000
0)
#44550000
b110111011 Y
1)
#44600000
0)
#44650000
b110111100 Y
1)
#44700000
0)
#44750000
b110111101 Y
1)
#44800000
0)
#44850000
b110111110 Y
1)
#44900000
0)
#44950000
b110111111 Y
1)
#45000000
0)
#45050000
b111000000 Y
1)
#45100000
0)
#45150000
b111000001 Y
1)
#45200000
0)
#45250000
b111000010 Y
1)
#45300000
0)
#45350000
b111000011 Y
1)
#45400000
0)
#45450000
b111000100 Y
1)
#45500000
0)
#45550000
b111000101 Y
1)
#45600000
0)
#45650000
b111000110 Y
1)
#45700000
0)
#45750000
b111000111 Y
1)
#45800000
0)
#45850000
b111001000 Y
1)
#45900000
0)
#45950000
b111001001 Y
1)
#46000000
0)
#46050000
b111001010 Y
1)
#46100000
0)
#46150000
b111001011 Y
1)
#46200000
0)
#46250000
b111001100 Y
1)
#46300000
0)
#46350000
b111001101 Y
1)
#46400000
0)
#46450000
b111001110 Y
1)
#46500000
0)
#46550000
b111001111 Y
1)
#46600000
0)
#46650000
b111010000 Y
1)
#46700000
0)
#46750000
b111010001 Y
1)
#46800000
0)
#46850000
b111010010 Y
1)
#46900000
0)
#46950000
b111010011 Y
1)
#47000000
0)
#47050000
b111010100 Y
1)
#47100000
0)
#47150000
b111010101 Y
1)
#47200000
0)
#47250000
b111010110 Y
1)
#47300000
0)
#47350000
b111010111 Y
1)
#47400000
0)
#47450000
b111011000 Y
1)
#47500000
0)
#47550000
b111011001 Y
1)
#47600000
0)
#47650000
b111011010 Y
1)
#47700000
0)
#47750000
b111011011 Y
1)
#47800000
0)
#47850000
b111011100 Y
1)
#47900000
0)
#47950000
b111011101 Y
1)
#48000000
0)
#48050000
b111011110 Y
1)
#48100000
0)
#48150000
b111011111 Y
1)
#48200000
0)
#48250000
b111100000 Y
1)
#48300000
0)
#48350000
b111100001 Y
1)
#48400000
0)
#48450000
b111100010 Y
1)
#48500000
0)
#48550000
b111100011 Y
1)
#48600000
0)
#48650000
b111100100 Y
1)
#48700000
0)
#48750000
b111100101 Y
1)
#48800000
0)
#48850000
b111100110 Y
1)
#48900000
0)
#48950000
b111100111 Y
1)
#49000000
0)
#49050000
b111101000 Y
1)
#49100000
0)
#49150000
b111101001 Y
1)
#49200000
0)
#49250000
b111101010 Y
1)
#49300000
0)
#49350000
b111101011 Y
1)
#49400000
0)
#49450000
b111101100 Y
1)
#49500000
0)
#49550000
b111101101 Y
1)
#49600000
0)
#49650000
b111101110 Y
1)
#49700000
0)
#49750000
b111101111 Y
1)
#49800000
0)
#49850000
b111110000 Y
1)
#49900000
0)
#49950000
b111110001 Y
1)
#50000000
0)
#50050000
b111110010 Y
1)
#50100000
0)
#50150000
b111110011 Y
1)
#50200000
0)
#50250000
b111110100 Y
1)
#50300000
0)
#50350000
b111110101 Y
1)
#50400000
0)
#50450000
b111110110 Y
1)
#50500000
0)
#50550000
b111110111 Y
1)
#50600000
0)
#50650000
b111111000 Y
1)
#50700000
0)
#50750000
b111111001 Y
1)
#50800000
0)
#50850000
b111111010 Y
1)
#50900000
0)
#50950000
b111111011 Y
1)
#51000000
0)
#51050000
b111111100 Y
1)
#51100000
0)
#51150000
b111111101 Y
1)
#51200000
0)
#51250000
b111111110 Y
1)
#51300000
0)
#51350000
b111111111 Y
1)
#51400000
0)
#51450000
b1000000000 Y
1)
#51500000
0)
#51550000
b1000000001 Y
1)
#51600000
0)
#51650000
b1000000010 Y
1)
#51700000
0)
#51750000
b1000000011 Y
1)
#51800000
0)
#51850000
b1000000100 Y
1)
#51900000
0)
#51950000
b1000000101 Y
1)
#52000000
0)
#52050000
b1000000110 Y
1)
#52100000
0)
#52150000
b1000000111 Y
1)
#52200000
0)
#52250000
b1000001000 Y
1)
#52300000
0)
#52350000
b1000001001 Y
1)
#52400000
0)
#52450000
b1000001010 Y
1)
#52500000
0)
#52550000
b1000001011 Y
1)
#52600000
0)
#52650000
b1000001100 Y
1)
#52700000
0)
#52750000
b1000001101 Y
1)
#52800000
0)
#52850000
b1000001110 Y
1)
#52900000
0)
#52950000
b1000001111 Y
1)
#53000000
0)
#53050000
b1000010000 Y
1)
#53100000
0)
#53150000
b1000010001 Y
1)
#53200000
0)
#53250000
b1000010010 Y
1)
#53300000
0)
#53350000
b1000010011 Y
1)
#53400000
0)
#53450000
b1000010100 Y
1)
#53500000
0)
#53550000
b1000010101 Y
1)
#53600000
0)
#53650000
b1000010110 Y
1)
#53700000
0)
#53750000
b1000010111 Y
1)
#53800000
0)
#53850000
b1000011000 Y
1)
#53900000
0)
#53950000
b1000011001 Y
1)
#54000000
0)
#54050000
b1000011010 Y
1)
#54100000
0)
#54150000
b1000011011 Y
1)
#54200000
0)
#54250000
b1000011100 Y
1)
#54300000
0)
#54350000
b1000011101 Y
1)
#54400000
0)
#54450000
b1000011110 Y
1)
#54500000
0)
#54550000
b1000011111 Y
1)
#54600000
0)
#54650000
b1000100000 Y
1)
#54700000
0)
#54750000
b1000100001 Y
1)
#54800000
0)
#54850000
b1000100010 Y
1)
#54900000
0)
#54950000
b1000100011 Y
1)
#55000000
0)
#55050000
b1000100100 Y
1)
#55100000
0)
#55150000
b1000100101 Y
1)
#55200000
0)
#55250000
b1000100110 Y
1)
#55300000
0)
#55350000
b1000100111 Y
1)
#55400000
0)
#55450000
b1000101000 Y
1)
#55500000
0)
#55550000
b1000101001 Y
1)
#55600000
0)
#55650000
b1000101010 Y
1)
#55700000
0)
#55750000
b1000101011 Y
1)
#55800000
0)
#55850000
b1000101100 Y
1)
#55900000
0)
#55950000
b1000101101 Y
1)
#56000000
0)
#56050000
b1000101110 Y
1)
#56100000
0)
#56150000
b1000101111 Y
1)
#56200000
0)
#56250000
b1000110000 Y
1)
#56300000
0)
#56350000
b1000110001 Y
1)
#56400000
0)
#56450000
b1000110010 Y
1)
#56500000
0)
#56550000
b1000110011 Y
1)
#56600000
0)
#56650000
b1000110100 Y
1)
#56700000
0)
#56750000
b1000110101 Y
1)
#56800000
0)
#56850000
b1000110110 Y
1)
#56900000
0)
#56950000
b1000110111 Y
1)
#57000000
0)
#57050000
b1000111000 Y
1)
#57100000
0)
#57150000
b1000111001 Y
1)
#57200000
0)
#57250000
b1000111010 Y
1)
#57300000
0)
#57350000
b1000111011 Y
1)
#57400000
0)
#57450000
b1000111100 Y
1)
#57500000
0)
#57550000
b1000111101 Y
1)
#57600000
0)
#57650000
b1000111110 Y
1)
#57700000
0)
#57750000
b1000111111 Y
1)
#57800000
0)
#57850000
b1001000000 Y
1)
#57900000
0)
#57950000
b1001000001 Y
1)
#58000000
0)
#58050000
b1001000010 Y
1)
#58100000
0)
#58150000
b1001000011 Y
1)
#58200000
0)
#58250000
b1001000100 Y
1)
#58300000
0)
#58350000
b1001000101 Y
1)
#58400000
0)
#58450000
b1001000110 Y
1)
#58500000
0)
#58550000
b1001000111 Y
1)
#58600000
0)
#58650000
b1001001000 Y
1)
#58700000
0)
#58750000
b1001001001 Y
1)
#58800000
0)
#58850000
b1001001010 Y
1)
#58900000
0)
#58950000
b1001001011 Y
1)
#59000000
0)
#59050000
b1001001100 Y
1)
#59100000
0)
#59150000
b1001001101 Y
1)
#59200000
0)
#59250000
b1001001110 Y
1)
#59300000
0)
#59350000
b1001001111 Y
1)
#59400000
0)
#59450000
b1001010000 Y
1)
#59500000
0)
#59550000
b1001010001 Y
1)
#59600000
0)
#59650000
b1001010010 Y
1)
#59700000
0)
#59750000
b1001010011 Y
1)
#59800000
0)
#59850000
b1001010100 Y
1)
#59900000
0)
#59950000
b1001010101 Y
1)
#60000000
0)
#60050000
b1001010110 Y
1)
#60100000
0)
#60150000
b1001010111 Y
1)
#60200000
0)
#60250000
b1001011000 Y
1)
#60300000
0)
#60350000
b1001011001 Y
1)
#60400000
0)
#60450000
b1001011010 Y
1)
#60500000
0)
#60550000
b1001011011 Y
1)
#60600000
0)
#60650000
b1001011100 Y
1)
#60700000
0)
#60750000
b1001011101 Y
1)
#60800000
0)
#60850000
b1001011110 Y
1)
#60900000
0)
#60950000
b1001011111 Y
1)
#61000000
0)
#61050000
b1001100000 Y
1)
#61100000
0)
#61150000
b1001100001 Y
1)
#61200000
0)
#61250000
b1001100010 Y
1)
#61300000
0)
#61350000
b1001100011 Y
1)
#61400000
0)
#61450000
b1001100100 Y
1)
#61500000
0)
#61550000
b1001100101 Y
1)
#61600000
0)
#61650000
b1001100110 Y
1)
#61700000
0)
#61750000
b1001100111 Y
1)
#61800000
0)
#61850000
b1001101000 Y
1)
#61900000
0)
#61950000
b1001101001 Y
1)
#62000000
0)
#62050000
b1001101010 Y
1)
#62100000
0)
#62150000
b1001101011 Y
1)
#62200000
0)
#62250000
b1001101100 Y
1)
#62300000
0)
#62350000
b1001101101 Y
1)
#62400000
0)
#62450000
b1001101110 Y
1)
#62500000
0)
#62550000
b1001101111 Y
1)
#62600000
0)
#62650000
b1001110000 Y
1)
#62700000
0)
#62750000
b1001110001 Y
1)
#62800000
0)
#62850000
b1001110010 Y
1)
#62900000
0)
#62950000
b1001110011 Y
1)
#63000000
0)
#63050000
b1001110100 Y
1)
#63100000
0)
#63150000
b1001110101 Y
1)
#63200000
0)
#63250000
b1001110110 Y
1)
#63300000
0)
#63350000
b1001110111 Y
1)
#63400000
0)
#63450000
b1001111000 Y
1)
#63500000
0)
#63550000
b1001111001 Y
1)
#63600000
0)
#63650000
b1001111010 Y
1)
#63700000
0)
#63750000
b1001111011 Y
1)
#63800000
0)
#63850000
b1001111100 Y
1)
#63900000
0)
#63950000
b1001111101 Y
1)
#64000000
0)
#64050000
b1001111110 Y
1)
#64100000
0)
#64150000
b1001111111 Y
1)
#64200000
0)
#64250000
b1010000000 Y
1)
#64300000
0)
#64350000
b1010000001 Y
1)
#64400000
0)
#64450000
b1010000010 Y
1)
#64500000
0)
#64550000
b1010000011 Y
1)
#64600000
0)
#64650000
b1010000100 Y
1)
#64700000
0)
#64750000
b1010000101 Y
1)
#64800000
0)
#64850000
b1010000110 Y
1)
#64900000
0)
#64950000
b1010000111 Y
1)
#65000000
0)
#65050000
b1010001000 Y
1)
#65100000
0)
#65150000
b1010001001 Y
1)
#65200000
0)
#65250000
b1010001010 Y
1)
#65300000
0)
#65350000
b1010001011 Y
1)
#65400000
0)
#65450000
b1010001100 Y
1)
#65500000
0)
#65550000
b1010001101 Y
1)
#65600000
0)
#65650000
b1010001110 Y
1)
#65700000
0)
#65750000
b1010001111 Y
1)
#65800000
0)
#65850000
b1010010000 Y
1)
#65900000
0)
#65950000
b1010010001 Y
1)
#66000000
0)
#66050000
b1010010010 Y
1)
#66100000
0)
#66150000
b1010010011 Y
1)
#66200000
0)
#66250000
b1010010100 Y
1)
#66300000
0)
#66350000
b1010010101 Y
1)
#66400000
0)
#66450000
b1010010110 Y
1)
#66500000
0)
#66550000
b1010010111 Y
1)
#66600000
0)
#66650000
b1010011000 Y
1)
#66700000
0)
#66750000
b1010011001 Y
1)
#66800000
0)
#66850000
b1010011010 Y
1)
#66900000
0)
#66950000
b1010011011 Y
1)
#67000000
0)
#67050000
b1010011100 Y
1)
#67100000
0)
#67150000
b1010011101 Y
1)
#67200000
0)
#67250000
b1010011110 Y
1)
#67300000
0)
#67350000
b1010011111 Y
1)
#67400000
0)
#67450000
b1010100000 Y
1)
#67500000
0)
#67550000
b1010100001 Y
1)
#67600000
0)
#67650000
b1010100010 Y
1)
#67700000
0)
#67750000
b1010100011 Y
1)
#67800000
0)
#67850000
b1010100100 Y
1)
#67900000
0)
#67950000
b1010100101 Y
1)
#68000000
0)
#68050000
b1010100110 Y
1)
#68100000
0)
#68150000
b1010100111 Y
1)
#68200000
0)
#68250000
b1010101000 Y
1)
#68300000
0)
#68350000
b1010101001 Y
1)
#68400000
0)
#68450000
b1010101010 Y
1)
#68500000
0)
#68550000
b1010101011 Y
1)
#68600000
0)
#68650000
b1010101100 Y
1)
#68700000
0)
#68750000
b1010101101 Y
1)
#68800000
0)
#68850000
b1010101110 Y
1)
#68900000
0)
#68950000
b1010101111 Y
1)
#69000000
0)
#69050000
b1010110000 Y
1)
#69100000
0)
#69150000
b1010110001 Y
1)
#69200000
0)
#69250000
b1010110010 Y
1)
#69300000
0)
#69350000
b1010110011 Y
1)
#69400000
0)
#69450000
b1010110100 Y
1)
#69500000
0)
#69550000
b1010110101 Y
1)
#69600000
0)
#69650000
b1010110110 Y
1)
#69700000
0)
#69750000
b1010110111 Y
1)
#69800000
0)
#69850000
b1010111000 Y
1)
#69900000
0)
#69950000
b1010111001 Y
1)
#70000000
0)
#70050000
b1010111010 Y
1)
#70100000
0)
#70150000
b1010111011 Y
1)
#70200000
0)
#70250000
b1010111100 Y
1)
#70300000
0)
#70350000
b1010111101 Y
1)
#70400000
0)
#70450000
b1010111110 Y
1)
#70500000
0)
#70550000
b1010111111 Y
1)
#70600000
0)
#70650000
b1011000000 Y
1)
#70700000
0)
#70750000
b1011000001 Y
1)
#70800000
0)
#70850000
b1011000010 Y
1)
#70900000
0)
#70950000
b1011000011 Y
1)
#71000000
0)
#71050000
b1011000100 Y
1)
#71100000
0)
#71150000
b1011000101 Y
1)
#71200000
0)
#71250000
b1011000110 Y
1)
#71300000
0)
#71350000
b1011000111 Y
1)
#71400000
0)
#71450000
b1011001000 Y
1)
#71500000
0)
#71550000
b1011001001 Y
1)
#71600000
0)
#71650000
b1011001010 Y
1)
#71700000
0)
#71750000
b1011001011 Y
1)
#71800000
0)
#71850000
b1011001100 Y
1)
#71900000
0)
#71950000
b1011001101 Y
1)
#72000000
0)
#72050000
b1011001110 Y
1)
#72100000
0)
#72150000
b1011001111 Y
1)
#72200000
0)
#72250000
b1011010000 Y
1)
#72300000
0)
#72350000
b1011010001 Y
1)
#72400000
0)
#72450000
b1011010010 Y
1)
#72500000
0)
#72550000
b1011010011 Y
1)
#72600000
0)
#72650000
b1011010100 Y
1)
#72700000
0)
#72750000
b1011010101 Y
1)
#72800000
0)
#72850000
b1011010110 Y
1)
#72900000
0)
#72950000
b1011010111 Y
1)
#73000000
0)
#73050000
b1011011000 Y
1)
#73100000
0)
#73150000
b1011011001 Y
1)
#73200000
0)
#73250000
b1011011010 Y
1)
#73300000
0)
#73350000
b1011011011 Y
1)
#73400000
0)
#73450000
b1011011100 Y
1)
#73500000
0)
#73550000
b1011011101 Y
1)
#73600000
0)
#73650000
b1011011110 Y
1)
#73700000
0)
#73750000
b1011011111 Y
1)
#73800000
0)
#73850000
b1011100000 Y
1)
#73900000
0)
#73950000
b1011100001 Y
1)
#74000000
0)
#74050000
b1011100010 Y
1)
#74100000
0)
#74150000
b1011100011 Y
1)
#74200000
0)
#74250000
b1011100100 Y
1)
#74300000
0)
#74350000
b1011100101 Y
1)
#74400000
0)
#74450000
b1011100110 Y
1)
#74500000
0)
#74550000
b1011100111 Y
1)
#74600000
0)
#74650000
b1011101000 Y
1)
#74700000
0)
#74750000
b1011101001 Y
1)
#74800000
0)
#74850000
b1011101010 Y
1)
#74900000
0)
#74950000
b1011101011 Y
1)
#75000000
0)
#75050000
b1011101100 Y
1)
#75100000
0)
#75150000
b1011101101 Y
1)
#75200000
0)
#75250000
b1011101110 Y
1)
#75300000
0)
#75350000
b1011101111 Y
1)
#75400000
0)
#75450000
b1011110000 Y
1)
#75500000
0)
#75550000
b1011110001 Y
1)
#75600000
0)
#75650000
b1011110010 Y
1)
#75700000
0)
#75750000
b1011110011 Y
1)
#75800000
0)
#75850000
b1011110100 Y
1)
#75900000
0)
#75950000
b1011110101 Y
1)
#76000000
0)
#76050000
b1011110110 Y
1)
#76100000
0)
#76150000
b1011110111 Y
1)
#76200000
0)
#76250000
b1011111000 Y
1)
#76300000
0)
#76350000
b1011111001 Y
1)
#76400000
0)
#76450000
b1011111010 Y
1)
#76500000
0)
#76550000
b1011111011 Y
1)
#76600000
0)
#76650000
b1011111100 Y
1)
#76700000
0)
#76750000
b1011111101 Y
1)
#76800000
0)
#76850000
b1011111110 Y
1)
#76900000
0)
#76950000
b1011111111 Y
1)
#77000000
0)
#77050000
b1100000000 Y
1)
#77100000
0)
#77150000
b1100000001 Y
1)
#77200000
0)
#77250000
b1100000010 Y
1)
#77300000
0)
#77350000
b1100000011 Y
1)
#77400000
0)
#77450000
b1100000100 Y
1)
#77500000
0)
#77550000
b1100000101 Y
1)
#77600000
0)
#77650000
b1100000110 Y
1)
#77700000
0)
#77750000
b1100000111 Y
1)
#77800000
0)
#77850000
b1100001000 Y
1)
#77900000
0)
#77950000
b1100001001 Y
1)
#78000000
0)
#78050000
b1100001010 Y
1)
#78100000
0)
#78150000
b1100001011 Y
1)
#78200000
0)
#78250000
b1100001100 Y
1)
#78300000
0)
#78350000
b1100001101 Y
1)
#78400000
0)
#78450000
b1100001110 Y
1)
#78500000
0)
#78550000
b1100001111 Y
1)
#78600000
0)
#78650000
b1100010000 Y
1)
#78700000
0)
#78750000
b1100010001 Y
1)
#78800000
0)
#78850000
b1100010010 Y
1)
#78900000
0)
#78950000
b1100010011 Y
1)
#79000000
0)
#79050000
b1100010100 Y
1)
#79100000
0)
#79150000
b1100010101 Y
1)
#79200000
0)
#79250000
b1100010110 Y
1)
#79300000
0)
#79350000
b1100010111 Y
1)
#79400000
0)
#79450000
b1100011000 Y
1)
#79500000
0)
#79550000
b1100011001 Y
1)
#79600000
0)
#79650000
b1100011010 Y
1)
#79700000
0)
#79750000
b1100011011 Y
1)
#79800000
0)
#79850000
b1100011100 Y
1)
#79900000
0)
#79950000
b1100011101 Y
1)
#80000000
0)
#80050000
b1100011110 Y
1)
#80100000
0)
#80150000
b1100011111 Y
1)
#80200000
0)
#80250000
b1100100000 Y
1)
#80300000
0)
#80350000
b1100100001 Y
1)
#80400000
0)
#80450000
b1100100010 Y
1)
#80500000
0)
#80550000
b1100100011 Y
1)
#80600000
0)
#80650000
b1100100100 Y
1)
#80700000
0)
#80750000
b1100100101 Y
1)
#80800000
0)
#80850000
b1100100110 Y
1)
#80900000
0)
#80950000
b1100100111 Y
1)
#81000000
0)
#81050000
b1100101000 Y
1)
#81100000
0)
#81150000
b1100101001 Y
1)
#81200000
0)
#81250000
b1100101010 Y
1)
#81300000
0)
#81350000
b1100101011 Y
1)
#81400000
0)
#81450000
b1100101100 Y
1)
#81500000
0)
#81550000
b1100101101 Y
1)
#81600000
0)
#81650000
b1100101110 Y
1)
#81700000
0)
#81750000
b1100101111 Y
1)
#81800000
0)
#81850000
b1100110000 Y
1)
#81900000
0)
#81950000
b1100110001 Y
1)
#82000000
0)
#82050000
b1100110010 Y
1)
#82100000
0)
#82150000
b1100110011 Y
1)
#82200000
0)
#82250000
b1100110100 Y
1)
#82300000
0)
#82350000
b1100110101 Y
1)
#82400000
0)
#82450000
b1100110110 Y
1)
#82500000
0)
#82550000
b1100110111 Y
1)
#82600000
0)
#82650000
b1100111000 Y
1)
#82700000
0)
#82750000
b1100111001 Y
1)
#82800000
0)
#82850000
b1100111010 Y
1)
#82900000
0)
#82950000
b1100111011 Y
1)
#83000000
0)
#83050000
b1100111100 Y
1)
#83100000
0)
#83150000
b1100111101 Y
1)
#83200000
0)
#83250000
b1100111110 Y
1)
#83300000
0)
#83350000
b1100111111 Y
1)
#83400000
0)
#83450000
b1101000000 Y
1)
#83500000
0)
#83550000
b1101000001 Y
1)
#83600000
0)
#83650000
b1101000010 Y
1)
#83700000
0)
#83750000
b1101000011 Y
1)
#83800000
0)
#83850000
b1101000100 Y
1)
#83900000
0)
#83950000
b1101000101 Y
1)
#84000000
0)
#84050000
b1101000110 Y
1)
#84100000
0)
#84150000
b1101000111 Y
1)
#84200000
0)
#84250000
b1101001000 Y
1)
#84300000
0)
#84350000
b1101001001 Y
1)
#84400000
0)
#84450000
b1101001010 Y
1)
#84500000
0)
#84550000
b1101001011 Y
1)
#84600000
0)
#84650000
b1101001100 Y
1)
#84700000
0)
#84750000
b1101001101 Y
1)
#84800000
0)
#84850000
b1101001110 Y
1)
#84900000
0)
#84950000
b1101001111 Y
1)
#85000000
0)
#85050000
b1101010000 Y
1)
#85100000
0)
#85150000
b1101010001 Y
1)
#85200000
0)
#85250000
b1101010010 Y
1)
#85300000
0)
#85350000
b1101010011 Y
1)
#85400000
0)
#85450000
b1101010100 Y
1)
#85500000
0)
#85550000
b1101010101 Y
1)
#85600000
0)
#85650000
b1101010110 Y
1)
#85700000
0)
#85750000
b1101010111 Y
1)
#85800000
0)
#85850000
b1101011000 Y
1)
#85900000
0)
#85950000
b1101011001 Y
1)
#86000000
0)
#86050000
b1101011010 Y
1)
#86100000
0)
#86150000
b1101011011 Y
1)
#86200000
0)
#86250000
b1101011100 Y
1)
#86300000
0)
#86350000
b1101011101 Y
1)
#86400000
0)
#86450000
b1101011110 Y
1)
#86500000
0)
#86550000
b1101011111 Y
1)
#86600000
0)
#86650000
b1101100000 Y
1)
#86700000
0)
#86750000
b1101100001 Y
1)
#86800000
0)
#86850000
b1101100010 Y
1)
#86900000
0)
#86950000
b1101100011 Y
1)
#87000000
0)
#87050000
b1101100100 Y
1)
#87100000
0)
#87150000
b1101100101 Y
1)
#87200000
0)
#87250000
b1101100110 Y
1)
#87300000
0)
#87350000
b1101100111 Y
1)
#87400000
0)
#87450000
b1101101000 Y
1)
#87500000
0)
#87550000
b1101101001 Y
1)
#87600000
0)
#87650000
b1101101010 Y
1)
#87700000
0)
#87750000
b1101101011 Y
1)
#87800000
0)
#87850000
b1101101100 Y
1)
#87900000
0)
#87950000
b1101101101 Y
1)
#88000000
0)
#88050000
b1101101110 Y
1)
#88100000
0)
#88150000
b1101101111 Y
1)
#88200000
0)
#88250000
b1101110000 Y
1)
#88300000
0)
#88350000
b1101110001 Y
1)
#88400000
0)
#88450000
b1101110010 Y
1)
#88500000
0)
#88550000
b1101110011 Y
1)
#88600000
0)
#88650000
b1101110100 Y
1)
#88700000
0)
#88750000
b1101110101 Y
1)
#88800000
0)
#88850000
b1101110110 Y
1)
#88900000
0)
#88950000
b1101110111 Y
1)
#89000000
0)
#89050000
b1101111000 Y
1)
#89100000
0)
#89150000
b1101111001 Y
1)
#89200000
0)
#89250000
b1101111010 Y
1)
#89300000
0)
#89350000
b1101111011 Y
1)
#89400000
0)
#89450000
b1101111100 Y
1)
#89500000
0)
#89550000
b1101111101 Y
1)
#89600000
0)
#89650000
b1101111110 Y
1)
#89700000
0)
#89750000
b1101111111 Y
1)
#89800000
0)
#89850000
b1110000000 Y
1)
#89900000
0)
#89950000
b1110000001 Y
1)
#90000000
0)
#90050000
b1110000010 Y
1)
#90100000
0)
#90150000
b1110000011 Y
1)
#90200000
0)
#90250000
b1110000100 Y
1)
#90300000
0)
#90350000
b1110000101 Y
1)
#90400000
0)
#90450000
b1110000110 Y
1)
#90500000
0)
#90550000
b1110000111 Y
1)
#90600000
0)
#90650000
b1110001000 Y
1)
#90700000
0)
#90750000
b1110001001 Y
1)
#90800000
0)
#90850000
b1110001010 Y
1)
#90900000
0)
#90950000
b1110001011 Y
1)
#91000000
0)
#91050000
b1110001100 Y
1)
#91100000
0)
#91150000
b1110001101 Y
1)
#91200000
0)
#91250000
b1110001110 Y
1)
#91300000
0)
#91350000
b1110001111 Y
1)
#91400000
0)
#91450000
b1110010000 Y
1)
#91500000
0)
#91550000
b1110010001 Y
1)
#91600000
0)
#91650000
b1110010010 Y
1)
#91700000
0)
#91750000
b1110010011 Y
1)
#91800000
0)
#91850000
b1110010100 Y
1)
#91900000
0)
#91950000
b1110010101 Y
1)
#92000000
0)
#92050000
b1110010110 Y
1)
#92100000
0)
#92150000
b1110010111 Y
1)
#92200000
0)
#92250000
b1110011000 Y
1)
#92300000
0)
#92350000
b1110011001 Y
1)
#92400000
0)
#92450000
b1110011010 Y
1)
#92500000
0)
#92550000
b1110011011 Y
1)
#92600000
0)
#92650000
b1110011100 Y
1)
#92700000
0)
#92750000
b1110011101 Y
1)
#92800000
0)
#92850000
b1110011110 Y
1)
#92900000
0)
#92950000
b1110011111 Y
1)
#93000000
0)
#93050000
b1110100000 Y
1)
#93100000
0)
#93150000
b1110100001 Y
1)
#93200000
0)
#93250000
b1110100010 Y
1)
#93300000
0)
#93350000
b1110100011 Y
1)
#93400000
0)
#93450000
b1110100100 Y
1)
#93500000
0)
#93550000
b1110100101 Y
1)
#93600000
0)
#93650000
b1110100110 Y
1)
#93700000
0)
#93750000
b1110100111 Y
1)
#93800000
0)
#93850000
b1110101000 Y
1)
#93900000
0)
#93950000
b1110101001 Y
1)
#94000000
0)
#94050000
b1110101010 Y
1)
#94100000
0)
#94150000
b1110101011 Y
1)
#94200000
0)
#94250000
b1110101100 Y
1)
#94300000
0)
#94350000
b1110101101 Y
1)
#94400000
0)
#94450000
b1110101110 Y
1)
#94500000
0)
#94550000
b1110101111 Y
1)
#94600000
0)
#94650000
b1110110000 Y
1)
#94700000
0)
#94750000
b1110110001 Y
1)
#94800000
0)
#94850000
b1110110010 Y
1)
#94900000
0)
#94950000
b1110110011 Y
1)
#95000000
0)
#95050000
b1110110100 Y
1)
#95100000
0)
#95150000
b1110110101 Y
1)
#95200000
0)
#95250000
b1110110110 Y
1)
#95300000
0)
#95350000
b1110110111 Y
1)
#95400000
0)
#95450000
b1110111000 Y
1)
#95500000
0)
#95550000
b1110111001 Y
1)
#95600000
0)
#95650000
b1110111010 Y
1)
#95700000
0)
#95750000
b1110111011 Y
1)
#95800000
0)
#95850000
b1110111100 Y
1)
#95900000
0)
#95950000
b1110111101 Y
1)
#96000000
0)
#96050000
b1110111110 Y
1)
#96100000
0)
#96150000
b1110111111 Y
1)
#96200000
0)
#96250000
b1111000000 Y
1)
#96300000
0)
#96350000
b1111000001 Y
1)
#96400000
0)
#96450000
b1111000010 Y
1)
#96500000
0)
#96550000
b1111000011 Y
1)
#96600000
0)
#96650000
b1111000100 Y
1)
#96700000
0)
#96750000
b1111000101 Y
1)
#96800000
0)
#96850000
b1111000110 Y
1)
#96900000
0)
#96950000
b1111000111 Y
1)
#97000000
0)
#97050000
b1111001000 Y
1)
#97100000
0)
#97150000
b1111001001 Y
1)
#97200000
0)
#97250000
b1111001010 Y
1)
#97300000
0)
#97350000
b1111001011 Y
1)
#97400000
0)
#97450000
b1111001100 Y
1)
#97500000
0)
#97550000
b1111001101 Y
1)
#97600000
0)
#97650000
b1111001110 Y
1)
#97700000
0)
#97750000
b1111001111 Y
1)
#97800000
0)
#97850000
b1111010000 Y
1)
#97900000
0)
#97950000
b1111010001 Y
1)
#98000000
0)
#98050000
b1111010010 Y
1)
#98100000
0)
#98150000
b1111010011 Y
1)
#98200000
0)
#98250000
b1111010100 Y
1)
#98300000
0)
#98350000
b1111010101 Y
1)
#98400000
0)
#98450000
b1111010110 Y
1)
#98500000
0)
#98550000
b1111010111 Y
1)
#98600000
0)
#98650000
b1111011000 Y
1)
#98700000
0)
#98750000
b1111011001 Y
1)
#98800000
0)
#98850000
b1111011010 Y
1)
#98900000
0)
#98950000
b1111011011 Y
1)
#99000000
0)
#99050000
b1111011100 Y
1)
#99100000
0)
#99150000
b1111011101 Y
1)
#99200000
0)
#99250000
b1111011110 Y
1)
#99300000
0)
#99350000
b1111011111 Y
1)
#99400000
0)
#99450000
b1111100000 Y
1)
#99500000
0)
#99550000
b1111100001 Y
1)
#99600000
0)
#99650000
b1111100010 Y
1)
#99700000
0)
#99750000
b1111100011 Y
1)
#99800000
0)
#99850000
b1111100100 Y
1)
#99900000
0)
#99950000
b1111100101 Y
1)
#100000000
0)
#100050000
b1111100110 Y
1)
#100100000
0)
#100150000
b1111100111 Y
1)
#100200000
0)
#100250000
b1111101000 Y
1)
#100300000
0)
#100350000
b1111101001 Y
1)
#100400000
0)
#100450000
b1111101010 Y
1)
#100500000
0)
#100550000
b1111101011 Y
1)
#100600000
0)
#100650000
b1111101100 Y
1)
#100700000
0)
#100750000
b1111101101 Y
1)
#100800000
0)
#100850000
b1111101110 Y
1)
#100900000
0)
#100950000
b1111101111 Y
1)
#101000000
0)
#101050000
b1111110000 Y
1)
#101100000
0)
#101150000
b1111110001 Y
1)
#101200000
0)
#101250000
b1111110010 Y
1)
#101300000
0)
#101350000
b1111110011 Y
1)
#101400000
0)
#101450000
b1111110100 Y
1)
#101500000
0)
#101550000
b1111110101 Y
1)
#101600000
0)
#101650000
b1111110110 Y
1)
#101700000
0)
#101750000
b1111110111 Y
1)
#101800000
0)
#101850000
b1111111000 Y
1)
#101900000
0)
#101950000
b1111111001 Y
1)
#102000000
0)
#102050000
b1111111010 Y
1)
#102100000
0)
#102150000
b1111111011 Y
1)
#102200000
0)
#102250000
b1111111100 Y
1)
#102300000
0)
#102350000
b1111111101 Y
1)
#102400000
0)
#102450000
b1111111110 Y
1)
#102500000
0)
#102550000
b1111111111 Y
1)
#102600000
0)
#102650000
b10000000000 Y
1)
#102700000
0)
#102750000
b10000000001 Y
1)
#102800000
0)
#102850000
b10000000010 Y
1)
#102900000
0)
#102950000
b10000000011 Y
1)
#103000000
0)
#103050000
b10000000100 Y
1)
#103100000
0)
#103150000
b10000000101 Y
1)
#103200000
0)
#103250000
b10000000110 Y
1)
#103300000
0)
#103350000
b10000000111 Y
1)
#103400000
0)
#103450000
b10000001000 Y
1)
#103500000
0)
#103550000
b10000001001 Y
1)
#103600000
0)
#103650000
b10000001010 Y
1)
#103700000
0)
#103750000
b10000001011 Y
1)
#103800000
0)
#103850000
b10000001100 Y
1)
#103900000
0)
#103950000
b10000001101 Y
1)
#104000000
0)
#104050000
b10000001110 Y
1)
#104100000
0)
#104150000
b10000001111 Y
1)
#104200000
0)
#104250000
b10000010000 Y
1)
#104300000
0)
#104350000
b10000010001 Y
1)
#104400000
0)
#104450000
b10000010010 Y
1)
#104500000
0)
#104550000
b10000010011 Y
1)
#104600000
0)
#104650000
b10000010100 Y
1)
#104700000
0)
#104750000
b10000010101 Y
1)
#104800000
0)
#104850000
b10000010110 Y
1)
#104900000
0)
#104950000
b10000010111 Y
1)
#105000000
0)
#105050000
b10000011000 Y
1)
#105100000
0)
#105150000
b10000011001 Y
1)
#105200000
0)
#105250000
b10000011010 Y
1)
#105300000
0)
#105350000
b10000011011 Y
1)
#105400000
0)
#105450000
b10000011100 Y
1)
#105500000
0)
#105550000
b10000011101 Y
1)
#105600000
0)
#105650000
b10000011110 Y
1)
#105700000
0)
#105750000
b10000011111 Y
1)
#105800000
0)
#105850000
b10000100000 Y
1)
#105900000
0)
#105950000
b10000100001 Y
1)
#106000000
0)
#106050000
b10000100010 Y
1)
#106100000
0)
#106150000
b10000100011 Y
1)
#106200000
0)
#106250000
b10000100100 Y
1)
#106300000
0)
#106350000
b10000100101 Y
1)
#106400000
0)
#106450000
b10000100110 Y
1)
#106500000
0)
#106550000
b10000100111 Y
1)
#106600000
0)
#106650000
b10000101000 Y
1)
#106700000
0)
#106750000
b10000101001 Y
1)
#106800000
0)
#106850000
b10000101010 Y
1)
#106900000
0)
#106950000
b10000101011 Y
1)
#107000000
0)
#107050000
b10000101100 Y
1)
#107100000
0)
#107150000
b10000101101 Y
1)
#107200000
0)
#107250000
b10000101110 Y
1)
#107300000
0)
#107350000
b10000101111 Y
1)
#107400000
0)
#107450000
b10000110000 Y
1)
#107500000
0)
#107550000
b10000110001 Y
1)
#107600000
0)
#107650000
b10000110010 Y
1)
#107700000
0)
#107750000
b10000110011 Y
1)
#107800000
0)
#107850000
b10000110100 Y
1)
#107900000
0)
#107950000
b10000110101 Y
1)
#108000000
0)
#108050000
b10000110110 Y
1)
#108100000
0)
#108150000
b10000110111 Y
1)
#108200000
0)
#108250000
b10000111000 Y
1)
#108300000
0)
#108350000
b10000111001 Y
1)
#108400000
0)
#108450000
b10000111010 Y
1)
#108500000
0)
#108550000
b10000111011 Y
1)
#108600000
0)
#108650000
b10000111100 Y
1)
#108700000
0)
#108750000
b10000111101 Y
1)
#108800000
0)
#108850000
b10000111110 Y
1)
#108900000
0)
#108950000
b10000111111 Y
1)
#109000000
0)
#109050000
b10001000000 Y
1)
#109100000
0)
#109150000
b10001000001 Y
1)
#109200000
0)
#109250000
b10001000010 Y
1)
#109300000
0)
#109350000
b10001000011 Y
1)
#109400000
0)
#109450000
b10001000100 Y
1)
#109500000
0)
#109550000
b10001000101 Y
1)
#109600000
0)
#109650000
b10001000110 Y
1)
#109700000
0)
#109750000
b10001000111 Y
1)
#109800000
0)
#109850000
b10001001000 Y
1)
#109900000
0)
#109950000
b10001001001 Y
1)
#110000000
0)
#110050000
b10001001010 Y
1)
#110100000
0)
#110150000
b10001001011 Y
1)
#110200000
0)
#110250000
b10001001100 Y
1)
#110300000
0)
#110350000
b10001001101 Y
1)
#110400000
0)
#110450000
b10001001110 Y
1)
#110500000
0)
#110550000
b10001001111 Y
1)
#110600000
0)
#110650000
b10001010000 Y
1)
#110700000
0)
#110750000
b10001010001 Y
1)
#110800000
0)
#110850000
b10001010010 Y
1)
#110900000
0)
#110950000
b10001010011 Y
1)
#111000000
0)
#111050000
b10001010100 Y
1)
#111100000
0)
#111150000
b10001010101 Y
1)
#111200000
0)
#111250000
b10001010110 Y
1)
#111300000
0)
#111350000
b10001010111 Y
1)
#111400000
0)
#111450000
b10001011000 Y
1)
#111500000
0)
#111550000
b10001011001 Y
1)
#111600000
0)
#111650000
b10001011010 Y
1)
#111700000
0)
#111750000
b10001011011 Y
1)
#111800000
0)
#111850000
b10001011100 Y
1)
#111900000
0)
#111950000
b10001011101 Y
1)
#112000000
0)
#112050000
b10001011110 Y
1)
#112100000
0)
#112150000
b10001011111 Y
1)
#112200000
0)
#112250000
b10001100000 Y
1)
#112300000
0)
#112350000
b10001100001 Y
1)
#112400000
0)
#112450000
b10001100010 Y
1)
#112500000
0)
#112550000
b10001100011 Y
1)
#112600000
0)
#112650000
b10001100100 Y
1)
#112700000
0)
#112750000
b10001100101 Y
1)
#112800000
0)
#112850000
b10001100110 Y
1)
#112900000
0)
#112950000
b10001100111 Y
1)
#113000000
0)
#113050000
b10001101000 Y
1)
#113100000
0)
#113150000
b10001101001 Y
1)
#113200000
0)
#113250000
b10001101010 Y
1)
#113300000
0)
#113350000
b10001101011 Y
1)
#113400000
0)
#113450000
b10001101100 Y
1)
#113500000
0)
#113550000
b10001101101 Y
1)
#113600000
0)
#113650000
b10001101110 Y
1)
#113700000
0)
#113750000
b10001101111 Y
1)
#113800000
0)
#113850000
b10001110000 Y
1)
#113900000
0)
#113950000
b10001110001 Y
1)
#114000000
0)
#114050000
b10001110010 Y
1)
#114100000
0)
#114150000
b10001110011 Y
1)
#114200000
0)
#114250000
b10001110100 Y
1)
#114300000
0)
#114350000
b10001110101 Y
1)
#114400000
0)
#114450000
b10001110110 Y
1)
#114500000
0)
#114550000
b10001110111 Y
1)
#114600000
0)
#114650000
b10001111000 Y
1)
#114700000
0)
#114750000
b10001111001 Y
1)
#114800000
0)
#114850000
b10001111010 Y
1)
#114900000
0)
#114950000
b10001111011 Y
1)
#115000000
0)
#115050000
b10001111100 Y
1)
#115100000
0)
#115150000
b10001111101 Y
1)
#115200000
0)
#115250000
b10001111110 Y
1)
#115300000
0)
#115350000
b10001111111 Y
1)
#115400000
0)
#115450000
b10010000000 Y
1)
#115500000
0)
#115550000
b10010000001 Y
1)
#115600000
0)
#115650000
b10010000010 Y
1)
#115700000
0)
#115750000
b10010000011 Y
1)
#115800000
0)
#115850000
b10010000100 Y
1)
#115900000
0)
#115950000
b10010000101 Y
1)
#116000000
0)
#116050000
b10010000110 Y
1)
#116100000
0)
#116150000
b10010000111 Y
1)
#116200000
0)
#116250000
b10010001000 Y
1)
#116300000
0)
#116350000
b10010001001 Y
1)
#116400000
0)
#116450000
b10010001010 Y
1)
#116500000
0)
#116550000
b10010001011 Y
1)
#116600000
0)
#116650000
b10010001100 Y
1)
#116700000
0)
#116750000
b10010001101 Y
1)
#116800000
0)
#116850000
b10010001110 Y
1)
#116900000
0)
#116950000
b10010001111 Y
1)
#117000000
0)
#117050000
b10010010000 Y
1)
#117100000
0)
#117150000
b10010010001 Y
1)
#117200000
0)
#117250000
b10010010010 Y
1)
#117300000
0)
#117350000
b10010010011 Y
1)
#117400000
0)
#117450000
b10010010100 Y
1)
#117500000
0)
#117550000
b10010010101 Y
1)
#117600000
0)
#117650000
b10010010110 Y
1)
#117700000
0)
#117750000
b10010010111 Y
1)
#117800000
0)
#117850000
b10010011000 Y
1)
#117900000
0)
#117950000
b10010011001 Y
1)
#118000000
0)
#118050000
b10010011010 Y
1)
#118100000
0)
#118150000
b10010011011 Y
1)
#118200000
0)
#118250000
b10010011100 Y
1)
#118300000
0)
#118350000
b10010011101 Y
1)
#118400000
0)
#118450000
b10010011110 Y
1)
#118500000
0)
#118550000
b10010011111 Y
1)
#118600000
0)
#118650000
b10010100000 Y
1)
#118700000
0)
#118750000
b10010100001 Y
1)
#118800000
0)
#118850000
b10010100010 Y
1)
#118900000
0)
#118950000
b10010100011 Y
1)
#119000000
0)
#119050000
b10010100100 Y
1)
#119100000
0)
#119150000
b10010100101 Y
1)
#119200000
0)
#119250000
b10010100110 Y
1)
#119300000
0)
#119350000
b10010100111 Y
1)
#119400000
0)
#119450000
b10010101000 Y
1)
#119500000
0)
#119550000
b10010101001 Y
1)
#119600000
0)
#119650000
b10010101010 Y
1)
#119700000
0)
#119750000
b10010101011 Y
1)
#119800000
0)
#119850000
b10010101100 Y
1)
#119900000
0)
#119950000
b10010101101 Y
1)
#120000000
0)
#120050000
b10010101110 Y
1)
#120100000
0)
#120150000
b10010101111 Y
1)
#120200000
0)
#120250000
b10010110000 Y
1)
#120300000
0)
#120350000
b10010110001 Y
1)
#120400000
0)
#120450000
b10010110010 Y
1)
#120500000
0)
#120550000
b10010110011 Y
1)
#120600000
0)
#120650000
b10010110100 Y
1)
#120700000
0)
#120750000
b10010110101 Y
1)
#120800000
0)
#120850000
b10010110110 Y
1)
#120900000
0)
#120950000
b10010110111 Y
1)
#121000000
0)
#121050000
b10010111000 Y
1)
#121100000
0)
#121150000
b10010111001 Y
1)
#121200000
0)
#121250000
b10010111010 Y
1)
#121300000
0)
#121350000
b10010111011 Y
1)
#121400000
0)
#121450000
b10010111100 Y
1)
#121500000
0)
#121550000
b10010111101 Y
1)
#121600000
0)
#121650000
b10010111110 Y
1)
#121700000
0)
#121750000
b10010111111 Y
1)
#121800000
0)
#121850000
b10011000000 Y
1)
#121900000
0)
#121950000
b10011000001 Y
1)
#122000000
0)
#122050000
b10011000010 Y
1)
#122100000
0)
#122150000
b10011000011 Y
1)
#122200000
0)
#122250000
b10011000100 Y
1)
#122300000
0)
#122350000
b10011000101 Y
1)
#122400000
0)
#122450000
b10011000110 Y
1)
#122500000
0)
#122550000
b10011000111 Y
1)
#122600000
0)
#122650000
b10011001000 Y
1)
#122700000
0)
#122750000
b10011001001 Y
1)
#122800000
0)
#122850000
b10011001010 Y
1)
#122900000
0)
#122950000
b10011001011 Y
1)
#123000000
0)
#123050000
b10011001100 Y
1)
#123100000
0)
#123150000
b10011001101 Y
1)
#123200000
0)
#123250000
b10011001110 Y
1)
#123300000
0)
#123350000
b10011001111 Y
1)
#123400000
0)
#123450000
b10011010000 Y
1)
#123500000
0)
#123550000
b10011010001 Y
1)
#123600000
0)
#123650000
b10011010010 Y
1)
#123700000
0)
#123750000
b10011010011 Y
1)
#123800000
0)
#123850000
b10011010100 Y
1)
#123900000
0)
#123950000
b10011010101 Y
1)
#124000000
0)
#124050000
b10011010110 Y
1)
#124100000
0)
#124150000
b10011010111 Y
1)
#124200000
0)
#124250000
b10011011000 Y
1)
#124300000
0)
#124350000
b10011011001 Y
1)
#124400000
0)
#124450000
b10011011010 Y
1)
#124500000
0)
#124550000
b10011011011 Y
1)
#124600000
0)
#124650000
b10011011100 Y
1)
#124700000
0)
#124750000
b10011011101 Y
1)
#124800000
0)
#124850000
b10011011110 Y
1)
#124900000
0)
#124950000
b10011011111 Y
1)
#125000000
0)
#125050000
b10011100000 Y
1)
#125100000
0)
#125150000
b10011100001 Y
1)
#125200000
0)
#125250000
b10011100010 Y
1)
#125300000
0)
#125350000
b10011100011 Y
1)
#125400000
0)
#125450000
b10011100100 Y
1)
#125500000
0)
#125550000
b10011100101 Y
1)
#125600000
0)
#125650000
b10011100110 Y
1)
#125700000
0)
#125750000
b10011100111 Y
1)
#125800000
0)
#125850000
b10011101000 Y
1)
#125900000
0)
#125950000
b10011101001 Y
1)
#126000000
0)
#126050000
b10011101010 Y
1)
#126100000
0)
#126150000
b10011101011 Y
1)
#126200000
0)
#126250000
b10011101100 Y
1)
#126300000
0)
#126350000
b10011101101 Y
1)
#126400000
0)
#126450000
b10011101110 Y
1)
#126500000
0)
#126550000
b10011101111 Y
1)
#126600000
0)
#126650000
b10011110000 Y
1)
#126700000
0)
#126750000
b10011110001 Y
1)
#126800000
0)
#126850000
b10011110010 Y
1)
#126900000
0)
#126950000
b10011110011 Y
1)
#127000000
0)
#127050000
b10011110100 Y
1)
#127100000
0)
#127150000
b10011110101 Y
1)
#127200000
0)
#127250000
b10011110110 Y
1)
#127300000
0)
#127350000
b10011110111 Y
1)
#127400000
0)
#127450000
b10011111000 Y
1)
#127500000
0)
#127550000
b10011111001 Y
1)
#127600000
0)
#127650000
b10011111010 Y
1)
#127700000
0)
#127750000
b10011111011 Y
1)
#127800000
0)
#127850000
b10011111100 Y
1)
#127900000
0)
#127950000
b10011111101 Y
1)
#128000000
0)
#128050000
b10011111110 Y
1)
#128100000
0)
#128150000
b10011111111 Y
1)
#128200000
0)
#128250000
b10100000000 Y
1)
#128300000
0)
#128350000
b10100000001 Y
1)
#128400000
0)
#128450000
b10100000010 Y
1)
#128500000
0)
#128550000
b10100000011 Y
1)
#128600000
0)
#128650000
b10100000100 Y
1)
#128700000
0)
#128750000
b10100000101 Y
1)
#128800000
0)
#128850000
b10100000110 Y
1)
#128900000
0)
#128950000
b10100000111 Y
1)
#129000000
0)
#129050000
b10100001000 Y
1)
#129100000
0)
#129150000
b10100001001 Y
1)
#129200000
0)
#129250000
b10100001010 Y
1)
#129300000
0)
#129350000
b10100001011 Y
1)
#129400000
0)
#129450000
b10100001100 Y
1)
#129500000
0)
#129550000
b10100001101 Y
1)
#129600000
0)
#129650000
b10100001110 Y
1)
#129700000
0)
#129750000
b10100001111 Y
1)
#129800000
0)
#129850000
b10100010000 Y
1)
#129900000
0)
#129950000
b10100010001 Y
1)
#130000000
0)
#130050000
b10100010010 Y
1)
#130100000
0)
#130150000
b10100010011 Y
1)
#130200000
0)
#130250000
b10100010100 Y
1)
#130300000
0)
#130350000
b10100010101 Y
1)
#130400000
0)
#130450000
b10100010110 Y
1)
#130500000
0)
#130550000
b10100010111 Y
1)
#130600000
0)
#130650000
b10100011000 Y
1)
#130700000
0)
#130750000
b10100011001 Y
1)
#130800000
0)
#130850000
b10100011010 Y
1)
#130900000
0)
#130950000
b10100011011 Y
1)
#131000000
0)
#131050000
b10100011100 Y
1)
#131100000
0)
#131150000
b10100011101 Y
1)
#131200000
0)
#131250000
b10100011110 Y
1)
#131300000
0)
#131350000
b10100011111 Y
1)
#131400000
0)
#131450000
b10100100000 Y
1)
#131500000
0)
#131550000
b10100100001 Y
1)
#131600000
0)
#131650000
b10100100010 Y
1)
#131700000
0)
#131750000
b10100100011 Y
1)
#131800000
0)
#131850000
b10100100100 Y
1)
#131900000
0)
#131950000
b10100100101 Y
1)
#132000000
0)
#132050000
b10100100110 Y
1)
#132100000
0)
#132150000
b10100100111 Y
1)
#132200000
0)
#132250000
b10100101000 Y
1)
#132300000
0)
#132350000
b10100101001 Y
1)
#132400000
0)
#132450000
b10100101010 Y
1)
#132500000
0)
#132550000
b10100101011 Y
1)
#132600000
0)
#132650000
b10100101100 Y
1)
#132700000
0)
#132750000
b10100101101 Y
1)
#132800000
0)
#132850000
b10100101110 Y
1)
#132900000
0)
#132950000
b10100101111 Y
1)
#133000000
0)
#133050000
b10100110000 Y
1)
#133100000
0)
#133150000
b10100110001 Y
1)
#133200000
0)
#133250000
b10100110010 Y
1)
#133300000
0)
#133350000
b10100110011 Y
1)
#133400000
0)
#133450000
b10100110100 Y
1)
#133500000
0)
#133550000
b10100110101 Y
1)
#133600000
0)
#133650000
b10100110110 Y
1)
#133700000
0)
#133750000
b10100110111 Y
1)
#133800000
0)
#133850000
b10100111000 Y
1)
#133900000
0)
#133950000
b10100111001 Y
1)
#134000000
0)
#134050000
b10100111010 Y
1)
#134100000
0)
#134150000
b10100111011 Y
1)
#134200000
0)
#134250000
b10100111100 Y
1)
#134300000
0)
#134350000
b10100111101 Y
1)
#134400000
0)
#134450000
b10100111110 Y
1)
#134500000
0)
#134550000
b10100111111 Y
1)
#134600000
0)
#134650000
b10101000000 Y
1)
#134700000
0)
#134750000
b10101000001 Y
1)
#134800000
0)
#134850000
b10101000010 Y
1)
#134900000
0)
#134950000
b10101000011 Y
1)
#135000000
0)
#135050000
b10101000100 Y
1)
#135100000
0)
#135150000
b10101000101 Y
1)
#135200000
0)
#135250000
b10101000110 Y
1)
#135300000
0)
#135350000
b10101000111 Y
1)
#135400000
0)
#135450000
b10101001000 Y
1)
#135500000
0)
#135550000
b10101001001 Y
1)
#135600000
0)
#135650000
b10101001010 Y
1)
#135700000
0)
#135750000
b10101001011 Y
1)
#135800000
0)
#135850000
b10101001100 Y
1)
#135900000
0)
#135950000
b10101001101 Y
1)
#136000000
0)
#136050000
b10101001110 Y
1)
#136100000
0)
#136150000
b10101001111 Y
1)
#136200000
0)
#136250000
b10101010000 Y
1)
#136300000
0)
#136350000
b10101010001 Y
1)
#136400000
0)
#136450000
b10101010010 Y
1)
#136500000
0)
#136550000
b10101010011 Y
1)
#136600000
0)
#136650000
b10101010100 Y
1)
#136700000
0)
#136750000
b10101010101 Y
1)
#136800000
0)
#136850000
b10101010110 Y
1)
#136900000
0)
#136950000
b10101010111 Y
1)
#137000000
0)
#137050000
b10101011000 Y
1)
#137100000
0)
#137150000
b10101011001 Y
1)
#137200000
0)
#137250000
b10101011010 Y
1)
#137300000
0)
#137350000
b10101011011 Y
1)
#137400000
0)
#137450000
b10101011100 Y
1)
#137500000
0)
#137550000
b10101011101 Y
1)
#137600000
0)
#137650000
b10101011110 Y
1)
#137700000
0)
#137750000
b10101011111 Y
1)
#137800000
0)
#137850000
b10101100000 Y
1)
#137900000
0)
#137950000
b10101100001 Y
1)
#138000000
0)
#138050000
b10101100010 Y
1)
#138100000
0)
#138150000
b10101100011 Y
1)
#138200000
0)
#138250000
b10101100100 Y
1)
#138300000
0)
#138350000
b10101100101 Y
1)
#138400000
0)
#138450000
b10101100110 Y
1)
#138500000
0)
#138550000
b10101100111 Y
1)
#138600000
0)
#138650000
b10101101000 Y
1)
#138700000
0)
#138750000
b10101101001 Y
1)
#138800000
0)
#138850000
b10101101010 Y
1)
#138900000
0)
#138950000
b10101101011 Y
1)
#139000000
0)
#139050000
b10101101100 Y
1)
#139100000
0)
#139150000
b10101101101 Y
1)
#139200000
0)
#139250000
b10101101110 Y
1)
#139300000
0)
#139350000
b10101101111 Y
1)
#139400000
0)
#139450000
b10101110000 Y
1)
#139500000
0)
#139550000
b10101110001 Y
1)
#139600000
0)
#139650000
b10101110010 Y
1)
#139700000
0)
#139750000
b10101110011 Y
1)
#139800000
0)
#139850000
b10101110100 Y
1)
#139900000
0)
#139950000
b10101110101 Y
1)
#140000000
0)
#140050000
b10101110110 Y
1)
#140100000
0)
#140150000
b10101110111 Y
1)
#140200000
0)
#140250000
b10101111000 Y
1)
#140300000
0)
#140350000
b10101111001 Y
1)
#140400000
0)
#140450000
b10101111010 Y
1)
#140500000
0)
#140550000
b10101111011 Y
1)
#140600000
0)
#140650000
b10101111100 Y
1)
#140700000
0)
#140750000
b10101111101 Y
1)
#140800000
0)
#140850000
b10101111110 Y
1)
#140900000
0)
#140950000
b10101111111 Y
1)
#141000000
0)
#141050000
b10110000000 Y
1)
#141100000
0)
#141150000
b10110000001 Y
1)
#141200000
0)
#141250000
b10110000010 Y
1)
#141300000
0)
#141350000
b10110000011 Y
1)
#141400000
0)
#141450000
b10110000100 Y
1)
#141500000
0)
#141550000
b10110000101 Y
1)
#141600000
0)
#141650000
b10110000110 Y
1)
#141700000
0)
#141750000
b10110000111 Y
1)
#141800000
0)
#141850000
b10110001000 Y
1)
#141900000
0)
#141950000
b10110001001 Y
1)
#142000000
0)
#142050000
b10110001010 Y
1)
#142100000
0)
#142150000
b10110001011 Y
1)
#142200000
0)
#142250000
b10110001100 Y
1)
#142300000
0)
#142350000
b10110001101 Y
1)
#142400000
0)
#142450000
b10110001110 Y
1)
#142500000
0)
#142550000
b10110001111 Y
1)
#142600000
0)
#142650000
b10110010000 Y
1)
#142700000
0)
#142750000
b10110010001 Y
1)
#142800000
0)
#142850000
b10110010010 Y
1)
#142900000
0)
#142950000
b10110010011 Y
1)
#143000000
0)
#143050000
b10110010100 Y
1)
#143100000
0)
#143150000
b10110010101 Y
1)
#143200000
0)
#143250000
b10110010110 Y
1)
#143300000
0)
#143350000
b10110010111 Y
1)
#143400000
0)
#143450000
b10110011000 Y
1)
#143500000
0)
#143550000
b10110011001 Y
1)
#143600000
0)
#143650000
b10110011010 Y
1)
#143700000
0)
#143750000
b10110011011 Y
1)
#143800000
0)
#143850000
b10110011100 Y
1)
#143900000
0)
#143950000
b10110011101 Y
1)
#144000000
0)
#144050000
b10110011110 Y
1)
#144100000
0)
#144150000
b10110011111 Y
1)
#144200000
0)
#144250000
b10110100000 Y
1)
#144300000
0)
#144350000
b10110100001 Y
1)
#144400000
0)
#144450000
b10110100010 Y
1)
#144500000
0)
#144550000
b10110100011 Y
1)
#144600000
0)
#144650000
b10110100100 Y
1)
#144700000
0)
#144750000
b10110100101 Y
1)
#144800000
0)
#144850000
b10110100110 Y
1)
#144900000
0)
#144950000
b10110100111 Y
1)
#145000000
0)
#145050000
b10110101000 Y
1)
#145100000
0)
#145150000
b10110101001 Y
1)
#145200000
0)
#145250000
b10110101010 Y
1)
#145300000
0)
#145350000
b10110101011 Y
1)
#145400000
0)
#145450000
b10110101100 Y
1)
#145500000
0)
#145550000
b10110101101 Y
1)
#145600000
0)
#145650000
b10110101110 Y
1)
#145700000
0)
#145750000
b10110101111 Y
1)
#145800000
0)
#145850000
b10110110000 Y
1)
#145900000
0)
#145950000
b10110110001 Y
1)
#146000000
0)
#146050000
b10110110010 Y
1)
#146100000
0)
#146150000
b10110110011 Y
1)
#146200000
0)
#146250000
b10110110100 Y
1)
#146300000
0)
#146350000
b10110110101 Y
1)
#146400000
0)
#146450000
b10110110110 Y
1)
#146500000
0)
#146550000
b10110110111 Y
1)
#146600000
0)
#146650000
b10110111000 Y
1)
#146700000
0)
#146750000
b10110111001 Y
1)
#146800000
0)
#146850000
b10110111010 Y
1)
#146900000
0)
#146950000
b10110111011 Y
1)
#147000000
0)
#147050000
b10110111100 Y
1)
#147100000
0)
#147150000
b10110111101 Y
1)
#147200000
0)
#147250000
b10110111110 Y
1)
#147300000
0)
#147350000
b10110111111 Y
1)
#147400000
0)
#147450000
b10111000000 Y
1)
#147500000
0)
#147550000
b10111000001 Y
1)
#147600000
0)
#147650000
b10111000010 Y
1)
#147700000
0)
#147750000
b10111000011 Y
1)
#147800000
0)
#147850000
b10111000100 Y
1)
#147900000
0)
#147950000
b10111000101 Y
1)
#148000000
0)
#148050000
b10111000110 Y
1)
#148100000
0)
#148150000
b10111000111 Y
1)
#148200000
0)
#148250000
b10111001000 Y
1)
#148300000
0)
#148350000
b10111001001 Y
1)
#148400000
0)
#148450000
b10111001010 Y
1)
#148500000
0)
#148550000
b10111001011 Y
1)
#148600000
0)
#148650000
b10111001100 Y
1)
#148700000
0)
#148750000
b10111001101 Y
1)
#148800000
0)
#148850000
b10111001110 Y
1)
#148900000
0)
#148950000
b10111001111 Y
1)
#149000000
0)
#149050000
b10111010000 Y
1)
#149100000
0)
#149150000
b10111010001 Y
1)
#149200000
0)
#149250000
b10111010010 Y
1)
#149300000
0)
#149350000
b10111010011 Y
1)
#149400000
0)
#149450000
b10111010100 Y
1)
#149500000
0)
#149550000
b10111010101 Y
1)
#149600000
0)
#149650000
b10111010110 Y
1)
#149700000
0)
#149750000
b10111010111 Y
1)
#149800000
0)
#149850000
b10111011000 Y
1)
#149900000
0)
#149950000
b10111011001 Y
1)
#150000000
0)
#150050000
b10111011010 Y
1)
#150100000
0)
#150150000
b10111011011 Y
1)
#150200000
0)
#150250000
b10111011100 Y
1)
#150300000
0)
#150350000
b10111011101 Y
1)
#150400000
0)
#150450000
b10111011110 Y
1)
#150500000
0)
#150550000
b10111011111 Y
1)
#150600000
0)
#150650000
b10111100000 Y
1)
#150700000
0)
#150750000
b10111100001 Y
1)
#150800000
0)
#150850000
b10111100010 Y
1)
#150900000
0)
#150950000
b10111100011 Y
1)
#151000000
0)
#151050000
b10111100100 Y
1)
#151100000
0)
#151150000
b10111100101 Y
1)
#151200000
0)
#151250000
b10111100110 Y
1)
#151300000
0)
#151350000
b10111100111 Y
1)
#151400000
0)
#151450000
b10111101000 Y
1)
#151500000
0)
#151550000
b10111101001 Y
1)
#151600000
0)
#151650000
b10111101010 Y
1)
#151700000
0)
#151750000
b10111101011 Y
1)
#151800000
0)
#151850000
b10111101100 Y
1)
#151900000
0)
#151950000
b10111101101 Y
1)
#152000000
0)
#152050000
b10111101110 Y
1)
#152100000
0)
#152150000
b10111101111 Y
1)
#152200000
0)
#152250000
b10111110000 Y
1)
#152300000
0)
#152350000
b10111110001 Y
1)
#152400000
0)
#152450000
b10111110010 Y
1)
#152500000
0)
#152550000
b10111110011 Y
1)
#152600000
0)
#152650000
b10111110100 Y
1)
#152700000
0)
#152750000
b10111110101 Y
1)
#152800000
0)
#152850000
b10111110110 Y
1)
#152900000
0)
#152950000
b10111110111 Y
1)
#153000000
0)
#153050000
b10111111000 Y
1)
#153100000
0)
#153150000
b10111111001 Y
1)
#153200000
0)
#153250000
b10111111010 Y
1)
#153300000
0)
#153350000
b10111111011 Y
1)
#153400000
0)
#153450000
b10111111100 Y
1)
#153500000
0)
#153550000
b10111111101 Y
1)
#153600000
0)
#153650000
b10111111110 Y
1)
#153700000
0)
#153750000
b10111111111 Y
1)
#153800000
0)
#153850000
b11000000000 Y
1)
#153900000
0)
#153950000
b11000000001 Y
1)
#154000000
0)
#154050000
b11000000010 Y
1)
#154100000
0)
#154150000
b11000000011 Y
1)
#154200000
0)
#154250000
b11000000100 Y
1)
#154300000
0)
#154350000
b11000000101 Y
1)
#154400000
0)
#154450000
b11000000110 Y
1)
#154500000
0)
#154550000
b11000000111 Y
1)
#154600000
0)
#154650000
b11000001000 Y
1)
#154700000
0)
#154750000
b11000001001 Y
1)
#154800000
0)
#154850000
b11000001010 Y
1)
#154900000
0)
#154950000
b11000001011 Y
1)
#155000000
0)
#155050000
b11000001100 Y
1)
#155100000
0)
#155150000
b11000001101 Y
1)
#155200000
0)
#155250000
b11000001110 Y
1)
#155300000
0)
#155350000
b11000001111 Y
1)
#155400000
0)
#155450000
b11000010000 Y
1)
#155500000
0)
#155550000
b11000010001 Y
1)
#155600000
0)
#155650000
b11000010010 Y
1)
#155700000
0)
#155750000
b11000010011 Y
1)
#155800000
0)
#155850000
b11000010100 Y
1)
#155900000
0)
#155950000
b11000010101 Y
1)
#156000000
0)
#156050000
b11000010110 Y
1)
#156100000
0)
#156150000
b11000010111 Y
1)
#156200000
0)
#156250000
b11000011000 Y
1)
#156300000
0)
#156350000
b11000011001 Y
1)
#156400000
0)
#156450000
b11000011010 Y
1)
#156500000
0)
#156550000
b11000011011 Y
1)
#156600000
0)
#156650000
b11000011100 Y
1)
#156700000
0)
#156750000
b11000011101 Y
1)
#156800000
0)
#156850000
b11000011110 Y
1)
#156900000
0)
#156950000
b11000011111 Y
1)
#157000000
0)
#157050000
b11000100000 Y
1)
#157100000
0)
#157150000
b11000100001 Y
1)
#157200000
0)
#157250000
b11000100010 Y
1)
#157300000
0)
#157350000
b11000100011 Y
1)
#157400000
0)
#157450000
b11000100100 Y
1)
#157500000
0)
#157550000
b11000100101 Y
1)
#157600000
0)
#157650000
b11000100110 Y
1)
#157700000
0)
#157750000
b11000100111 Y
1)
#157800000
0)
#157850000
b11000101000 Y
1)
#157900000
0)
#157950000
b11000101001 Y
1)
#158000000
0)
#158050000
b11000101010 Y
1)
#158100000
0)
#158150000
b11000101011 Y
1)
#158200000
0)
#158250000
b11000101100 Y
1)
#158300000
0)
#158350000
b11000101101 Y
1)
#158400000
0)
#158450000
b11000101110 Y
1)
#158500000
0)
#158550000
b11000101111 Y
1)
#158600000
0)
#158650000
b11000110000 Y
1)
#158700000
0)
#158750000
b11000110001 Y
1)
#158800000
0)
#158850000
b11000110010 Y
1)
#158900000
0)
#158950000
b11000110011 Y
1)
#159000000
0)
#159050000
b11000110100 Y
1)
#159100000
0)
#159150000
b11000110101 Y
1)
#159200000
0)
#159250000
b11000110110 Y
1)
#159300000
0)
#159350000
b11000110111 Y
1)
#159400000
0)
#159450000
b11000111000 Y
1)
#159500000
0)
#159550000
b11000111001 Y
1)
#159600000
0)
#159650000
b11000111010 Y
1)
#159700000
0)
#159750000
b11000111011 Y
1)
#159800000
0)
#159850000
b11000111100 Y
1)
#159900000
0)
#159950000
b11000111101 Y
1)
#160000000
0)
#160050000
b11000111110 Y
1)
#160100000
0)
#160150000
b11000111111 Y
1)
#160200000
0)
#160250000
b11001000000 Y
1)
#160300000
0)
#160350000
b11001000001 Y
1)
#160400000
0)
#160450000
b11001000010 Y
1)
#160500000
0)
#160550000
b11001000011 Y
1)
#160600000
0)
#160650000
b11001000100 Y
1)
#160700000
0)
#160750000
b11001000101 Y
1)
#160800000
0)
#160850000
b11001000110 Y
1)
#160900000
0)
#160950000
b11001000111 Y
1)
#161000000
0)
#161050000
b11001001000 Y
1)
#161100000
0)
#161150000
b11001001001 Y
1)
#161200000
0)
#161250000
b11001001010 Y
1)
#161300000
0)
#161350000
b11001001011 Y
1)
#161400000
0)
#161450000
b11001001100 Y
1)
#161500000
0)
#161550000
b11001001101 Y
1)
#161600000
0)
#161650000
b11001001110 Y
1)
#161700000
0)
#161750000
b11001001111 Y
1)
#161800000
0)
#161850000
b11001010000 Y
1)
#161900000
0)
#161950000
b11001010001 Y
1)
#162000000
0)
#162050000
b11001010010 Y
1)
#162100000
0)
#162150000
b11001010011 Y
1)
#162200000
0)
#162250000
b11001010100 Y
1)
#162300000
0)
#162350000
b11001010101 Y
1)
#162400000
0)
#162450000
b11001010110 Y
1)
#162500000
0)
#162550000
b11001010111 Y
1)
#162600000
0)
#162650000
b11001011000 Y
1)
#162700000
0)
#162750000
b11001011001 Y
1)
#162800000
0)
#162850000
b11001011010 Y
1)
#162900000
0)
#162950000
b11001011011 Y
1)
#163000000
0)
#163050000
b11001011100 Y
1)
#163100000
0)
#163150000
b11001011101 Y
1)
#163200000
0)
#163250000
b11001011110 Y
1)
#163300000
0)
#163350000
b11001011111 Y
1)
#163400000
0)
#163450000
b11001100000 Y
1)
#163500000
0)
#163550000
b11001100001 Y
1)
#163600000
0)
#163650000
b11001100010 Y
1)
#163700000
0)
#163750000
b11001100011 Y
1)
#163800000
0)
#163850000
b11001100100 Y
1)
#163900000
0)
#163950000
b11001100101 Y
1)
#164000000
0)
#164050000
b11001100110 Y
1)
#164100000
0)
#164150000
b11001100111 Y
1)
#164200000
0)
#164250000
b11001101000 Y
1)
#164300000
0)
#164350000
b11001101001 Y
1)
#164400000
0)
#164450000
b11001101010 Y
1)
#164500000
0)
#164550000
b11001101011 Y
1)
#164600000
0)
#164650000
b11001101100 Y
1)
#164700000
0)
#164750000
b11001101101 Y
1)
#164800000
0)
#164850000
b11001101110 Y
1)
#164900000
0)
#164950000
b11001101111 Y
1)
#165000000
0)
#165050000
b11001110000 Y
1)
#165100000
0)
#165150000
b11001110001 Y
1)
#165200000
0)
#165250000
b11001110010 Y
1)
#165300000
0)
#165350000
b11001110011 Y
1)
#165400000
0)
#165450000
b11001110100 Y
1)
#165500000
0)
#165550000
b11001110101 Y
1)
#165600000
0)
#165650000
b11001110110 Y
1)
#165700000
0)
#165750000
b11001110111 Y
1)
#165800000
0)
#165850000
b11001111000 Y
1)
#165900000
0)
#165950000
b11001111001 Y
1)
#166000000
0)
#166050000
b11001111010 Y
1)
#166100000
0)
#166150000
b11001111011 Y
1)
#166200000
0)
#166250000
b11001111100 Y
1)
#166300000
0)
#166350000
b11001111101 Y
1)
#166400000
0)
#166450000
b11001111110 Y
1)
#166500000
0)
#166550000
b11001111111 Y
1)
#166600000
0)
#166650000
b11010000000 Y
1)
#166700000
0)
#166750000
b11010000001 Y
1)
#166800000
0)
#166850000
b11010000010 Y
1)
#166900000
0)
#166950000
b11010000011 Y
1)
#167000000
0)
#167050000
b11010000100 Y
1)
#167100000
0)
#167150000
b11010000101 Y
1)
#167200000
0)
#167250000
b11010000110 Y
1)
#167300000
0)
#167350000
b11010000111 Y
1)
#167400000
0)
#167450000
b11010001000 Y
1)
#167500000
0)
#167550000
b11010001001 Y
1)
#167600000
0)
#167650000
b11010001010 Y
1)
#167700000
0)
#167750000
b11010001011 Y
1)
#167800000
0)
#167850000
b11010001100 Y
1)
#167900000
0)
#167950000
b11010001101 Y
1)
#168000000
0)
#168050000
b11010001110 Y
1)
#168100000
0)
#168150000
b11010001111 Y
1)
#168200000
0)
#168250000
b11010010000 Y
1)
#168300000
0)
#168350000
b11010010001 Y
1)
#168400000
0)
#168450000
b11010010010 Y
1)
#168500000
0)
#168550000
b11010010011 Y
1)
#168600000
0)
#168650000
b11010010100 Y
1)
#168700000
0)
#168750000
b11010010101 Y
1)
#168800000
0)
#168850000
b11010010110 Y
1)
#168900000
0)
#168950000
b11010010111 Y
1)
#169000000
0)
#169050000
b11010011000 Y
1)
#169100000
0)
#169150000
b11010011001 Y
1)
#169200000
0)
#169250000
b11010011010 Y
1)
#169300000
0)
#169350000
b11010011011 Y
1)
#169400000
0)
#169450000
b11010011100 Y
1)
#169500000
0)
#169550000
b11010011101 Y
1)
#169600000
0)
#169650000
b11010011110 Y
1)
#169700000
0)
#169750000
b11010011111 Y
1)
#169800000
0)
#169850000
b11010100000 Y
1)
#169900000
0)
#169950000
b11010100001 Y
1)
#170000000
0)
#170050000
b11010100010 Y
1)
#170100000
0)
#170150000
b11010100011 Y
1)
#170200000
0)
#170250000
b11010100100 Y
1)
#170300000
0)
#170350000
b11010100101 Y
1)
#170400000
0)
#170450000
b11010100110 Y
1)
#170500000
0)
#170550000
b11010100111 Y
1)
#170600000
0)
#170650000
b11010101000 Y
1)
#170700000
0)
#170750000
b11010101001 Y
1)
#170800000
0)
#170850000
b11010101010 Y
1)
#170900000
0)
#170950000
b11010101011 Y
1)
#171000000
0)
#171050000
b11010101100 Y
1)
#171100000
0)
#171150000
b11010101101 Y
1)
#171200000
0)
#171250000
b11010101110 Y
1)
#171300000
0)
#171350000
b11010101111 Y
1)
#171400000
0)
#171450000
b11010110000 Y
1)
#171500000
0)
#171550000
b11010110001 Y
1)
#171600000
0)
#171650000
b11010110010 Y
1)
#171700000
0)
#171750000
b11010110011 Y
1)
#171800000
0)
#171850000
b11010110100 Y
1)
#171900000
0)
#171950000
b11010110101 Y
1)
#172000000
0)
#172050000
b11010110110 Y
1)
#172100000
0)
#172150000
b11010110111 Y
1)
#172200000
0)
#172250000
b11010111000 Y
1)
#172300000
0)
#172350000
b11010111001 Y
1)
#172400000
0)
#172450000
b11010111010 Y
1)
#172500000
0)
#172550000
b11010111011 Y
1)
#172600000
0)
#172650000
b11010111100 Y
1)
#172700000
0)
#172750000
b11010111101 Y
1)
#172800000
0)
#172850000
b11010111110 Y
1)
#172900000
0)
#172950000
b11010111111 Y
1)
#173000000
0)
#173050000
b11011000000 Y
1)
#173100000
0)
#173150000
b11011000001 Y
1)
#173200000
0)
#173250000
b11011000010 Y
1)
#173300000
0)
#173350000
b11011000011 Y
1)
#173400000
0)
#173450000
b11011000100 Y
1)
#173500000
0)
#173550000
b11011000101 Y
1)
#173600000
0)
#173650000
b11011000110 Y
1)
#173700000
0)
#173750000
b11011000111 Y
1)
#173800000
0)
#173850000
b11011001000 Y
1)
#173900000
0)
#173950000
b11011001001 Y
1)
#174000000
0)
#174050000
b11011001010 Y
1)
#174100000
0)
#174150000
b11011001011 Y
1)
#174200000
0)
#174250000
b11011001100 Y
1)
#174300000
0)
#174350000
b11011001101 Y
1)
#174400000
0)
#174450000
b11011001110 Y
1)
#174500000
0)
#174550000
b11011001111 Y
1)
#174600000
0)
#174650000
b11011010000 Y
1)
#174700000
0)
#174750000
b11011010001 Y
1)
#174800000
0)
#174850000
b11011010010 Y
1)
#174900000
0)
#174950000
b11011010011 Y
1)
#175000000
0)
#175050000
b11011010100 Y
1)
#175100000
0)
#175150000
b11011010101 Y
1)
#175200000
0)
#175250000
b11011010110 Y
1)
#175300000
0)
#175350000
b11011010111 Y
1)
#175400000
0)
#175450000
b11011011000 Y
1)
#175500000
0)
#175550000
b11011011001 Y
1)
#175600000
0)
#175650000
b11011011010 Y
1)
#175700000
0)
#175750000
b11011011011 Y
1)
#175800000
0)
#175850000
b11011011100 Y
1)
#175900000
0)
#175950000
b11011011101 Y
1)
#176000000
0)
#176050000
b11011011110 Y
1)
#176100000
0)
#176150000
b11011011111 Y
1)
#176200000
0)
#176250000
b11011100000 Y
1)
#176300000
0)
#176350000
b11011100001 Y
1)
#176400000
0)
#176450000
b11011100010 Y
1)
#176500000
0)
#176550000
b11011100011 Y
1)
#176600000
0)
#176650000
b11011100100 Y
1)
#176700000
0)
#176750000
b11011100101 Y
1)
#176800000
0)
#176850000
b11011100110 Y
1)
#176900000
0)
#176950000
b11011100111 Y
1)
#177000000
0)
#177050000
b11011101000 Y
1)
#177100000
0)
#177150000
b11011101001 Y
1)
#177200000
0)
#177250000
b11011101010 Y
1)
#177300000
0)
#177350000
b11011101011 Y
1)
#177400000
0)
#177450000
b11011101100 Y
1)
#177500000
0)
#177550000
b11011101101 Y
1)
#177600000
0)
#177650000
b11011101110 Y
1)
#177700000
0)
#177750000
b11011101111 Y
1)
#177800000
0)
#177850000
b11011110000 Y
1)
#177900000
0)
#177950000
b11011110001 Y
1)
#178000000
0)
#178050000
b11011110010 Y
1)
#178100000
0)
#178150000
b11011110011 Y
1)
#178200000
0)
#178250000
b11011110100 Y
1)
#178300000
0)
#178350000
b11011110101 Y
1)
#178400000
0)
#178450000
b11011110110 Y
1)
#178500000
0)
#178550000
b11011110111 Y
1)
#178600000
0)
#178650000
b11011111000 Y
1)
#178700000
0)
#178750000
b11011111001 Y
1)
#178800000
0)
#178850000
b11011111010 Y
1)
#178900000
0)
#178950000
b11011111011 Y
1)
#179000000
0)
#179050000
b11011111100 Y
1)
#179100000
0)
#179150000
b11011111101 Y
1)
#179200000
0)
#179250000
b11011111110 Y
1)
#179300000
0)
#179350000
b11011111111 Y
1)
#179400000
0)
#179450000
b11100000000 Y
1)
#179500000
0)
#179550000
b11100000001 Y
1)
#179600000
0)
#179650000
b11100000010 Y
1)
#179700000
0)
#179750000
b11100000011 Y
1)
#179800000
0)
#179850000
b11100000100 Y
1)
#179900000
0)
#179950000
b11100000101 Y
1)
#180000000
0)
#180050000
b11100000110 Y
1)
#180100000
0)
#180150000
b11100000111 Y
1)
#180200000
0)
#180250000
b11100001000 Y
1)
#180300000
0)
#180350000
b11100001001 Y
1)
#180400000
0)
#180450000
b11100001010 Y
1)
#180500000
0)
#180550000
b11100001011 Y
1)
#180600000
0)
#180650000
b11100001100 Y
1)
#180700000
0)
#180750000
b11100001101 Y
1)
#180800000
0)
#180850000
b11100001110 Y
1)
#180900000
0)
#180950000
b11100001111 Y
1)
#181000000
0)
#181050000
b11100010000 Y
1)
#181100000
0)
#181150000
b11100010001 Y
1)
#181200000
0)
#181250000
b11100010010 Y
1)
#181300000
0)
#181350000
b11100010011 Y
1)
#181400000
0)
#181450000
b11100010100 Y
1)
#181500000
0)
#181550000
b11100010101 Y
1)
#181600000
0)
#181650000
b11100010110 Y
1)
#181700000
0)
#181750000
b11100010111 Y
1)
#181800000
0)
#181850000
b11100011000 Y
1)
#181900000
0)
#181950000
b11100011001 Y
1)
#182000000
0)
#182050000
b11100011010 Y
1)
#182100000
0)
#182150000
b11100011011 Y
1)
#182200000
0)
#182250000
b11100011100 Y
1)
#182300000
0)
#182350000
b11100011101 Y
1)
#182400000
0)
#182450000
b11100011110 Y
1)
#182500000
0)
#182550000
b11100011111 Y
1)
#182600000
0)
#182650000
b11100100000 Y
1)
#182700000
0)
#182750000
b11100100001 Y
1)
#182800000
0)
#182850000
b11100100010 Y
1)
#182900000
0)
#182950000
b11100100011 Y
1)
#183000000
0)
#183050000
b11100100100 Y
1)
#183100000
0)
#183150000
b11100100101 Y
1)
#183200000
0)
#183250000
b11100100110 Y
1)
#183300000
0)
#183350000
b11100100111 Y
1)
#183400000
0)
#183450000
b11100101000 Y
1)
#183500000
0)
#183550000
b11100101001 Y
1)
#183600000
0)
#183650000
b11100101010 Y
1)
#183700000
0)
#183750000
b11100101011 Y
1)
#183800000
0)
#183850000
b11100101100 Y
1)
#183900000
0)
#183950000
b11100101101 Y
1)
#184000000
0)
#184050000
b11100101110 Y
1)
#184100000
0)
#184150000
b11100101111 Y
1)
#184200000
0)
#184250000
b11100110000 Y
1)
#184300000
0)
#184350000
b11100110001 Y
1)
#184400000
0)
#184450000
b11100110010 Y
1)
#184500000
0)
#184550000
b11100110011 Y
1)
#184600000
0)
#184650000
b11100110100 Y
1)
#184700000
0)
#184750000
b11100110101 Y
1)
#184800000
0)
#184850000
b11100110110 Y
1)
#184900000
0)
#184950000
b11100110111 Y
1)
#185000000
0)
#185050000
b11100111000 Y
1)
#185100000
0)
#185150000
b11100111001 Y
1)
#185200000
0)
#185250000
b11100111010 Y
1)
#185300000
0)
#185350000
b11100111011 Y
1)
#185400000
0)
#185450000
b11100111100 Y
1)
#185500000
0)
#185550000
b11100111101 Y
1)
#185600000
0)
#185650000
b11100111110 Y
1)
#185700000
0)
#185750000
b11100111111 Y
1)
#185800000
0)
#185850000
b11101000000 Y
1)
#185900000
0)
#185950000
b11101000001 Y
1)
#186000000
0)
#186050000
b11101000010 Y
1)
#186100000
0)
#186150000
b11101000011 Y
1)
#186200000
0)
#186250000
b11101000100 Y
1)
#186300000
0)
#186350000
b11101000101 Y
1)
#186400000
0)
#186450000
b11101000110 Y
1)
#186500000
0)
#186550000
b11101000111 Y
1)
#186600000
0)
#186650000
b11101001000 Y
1)
#186700000
0)
#186750000
b11101001001 Y
1)
#186800000
0)
#186850000
b11101001010 Y
1)
#186900000
0)
#186950000
b11101001011 Y
1)
#187000000
0)
#187050000
b11101001100 Y
1)
#187100000
0)
#187150000
b11101001101 Y
1)
#187200000
0)
#187250000
b11101001110 Y
1)
#187300000
0)
#187350000
b11101001111 Y
1)
#187400000
0)
#187450000
b11101010000 Y
1)
#187500000
0)
#187550000
b11101010001 Y
1)
#187600000
0)
#187650000
b11101010010 Y
1)
#187700000
0)
#187750000
b11101010011 Y
1)
#187800000
0)
#187850000
b11101010100 Y
1)
#187900000
0)
#187950000
b11101010101 Y
1)
#188000000
0)
#188050000
b11101010110 Y
1)
#188100000
0)
#188150000
b11101010111 Y
1)
#188200000
0)
#188250000
b11101011000 Y
1)
#188300000
0)
#188350000
b11101011001 Y
1)
#188400000
0)
#188450000
b11101011010 Y
1)
#188500000
0)
#188550000
b11101011011 Y
1)
#188600000
0)
#188650000
b11101011100 Y
1)
#188700000
0)
#188750000
b11101011101 Y
1)
#188800000
0)
#188850000
b11101011110 Y
1)
#188900000
0)
#188950000
b11101011111 Y
1)
#189000000
0)
#189050000
b11101100000 Y
1)
#189100000
0)
#189150000
b11101100001 Y
1)
#189200000
0)
#189250000
b11101100010 Y
1)
#189300000
0)
#189350000
b11101100011 Y
1)
#189400000
0)
#189450000
b11101100100 Y
1)
#189500000
0)
#189550000
b11101100101 Y
1)
#189600000
0)
#189650000
b11101100110 Y
1)
#189700000
0)
#189750000
b11101100111 Y
1)
#189800000
0)
#189850000
b11101101000 Y
1)
#189900000
0)
#189950000
b11101101001 Y
1)
#190000000
0)
#190050000
b11101101010 Y
1)
#190100000
0)
#190150000
b11101101011 Y
1)
#190200000
0)
#190250000
b11101101100 Y
1)
#190300000
0)
#190350000
b11101101101 Y
1)
#190400000
0)
#190450000
b11101101110 Y
1)
#190500000
0)
#190550000
b11101101111 Y
1)
#190600000
0)
#190650000
b11101110000 Y
1)
#190700000
0)
#190750000
b11101110001 Y
1)
#190800000
0)
#190850000
b11101110010 Y
1)
#190900000
0)
#190950000
b11101110011 Y
1)
#191000000
0)
#191050000
b11101110100 Y
1)
#191100000
0)
#191150000
b11101110101 Y
1)
#191200000
0)
#191250000
b11101110110 Y
1)
#191300000
0)
#191350000
b11101110111 Y
1)
#191400000
0)
#191450000
b11101111000 Y
1)
#191500000
0)
#191550000
b11101111001 Y
1)
#191600000
0)
#191650000
b11101111010 Y
1)
#191700000
0)
#191750000
b11101111011 Y
1)
#191800000
0)
#191850000
b11101111100 Y
1)
#191900000
0)
#191950000
b11101111101 Y
1)
#192000000
0)
#192050000
b11101111110 Y
1)
#192100000
0)
#192150000
b11101111111 Y
1)
#192200000
0)
#192250000
b11110000000 Y
1)
#192300000
0)
#192350000
b11110000001 Y
1)
#192400000
0)
#192450000
b11110000010 Y
1)
#192500000
0)
#192550000
b11110000011 Y
1)
#192600000
0)
#192650000
b11110000100 Y
1)
#192700000
0)
#192750000
b11110000101 Y
1)
#192800000
0)
#192850000
b11110000110 Y
1)
#192900000
0)
#192950000
b11110000111 Y
1)
#193000000
0)
#193050000
b11110001000 Y
1)
#193100000
0)
#193150000
b11110001001 Y
1)
#193200000
0)
#193250000
b11110001010 Y
1)
#193300000
0)
#193350000
b11110001011 Y
1)
#193400000
0)
#193450000
b11110001100 Y
1)
#193500000
0)
#193550000
b11110001101 Y
1)
#193600000
0)
#193650000
b11110001110 Y
1)
#193700000
0)
#193750000
b11110001111 Y
1)
#193800000
0)
#193850000
b11110010000 Y
1)
#193900000
0)
#193950000
b11110010001 Y
1)
#194000000
0)
#194050000
b11110010010 Y
1)
#194100000
0)
#194150000
b11110010011 Y
1)
#194200000
0)
#194250000
b11110010100 Y
1)
#194300000
0)
#194350000
b11110010101 Y
1)
#194400000
0)
#194450000
b11110010110 Y
1)
#194500000
0)
#194550000
b11110010111 Y
1)
#194600000
0)
#194650000
b11110011000 Y
1)
#194700000
0)
#194750000
b11110011001 Y
1)
#194800000
0)
#194850000
b11110011010 Y
1)
#194900000
0)
#194950000
b11110011011 Y
1)
#195000000
0)
#195050000
b11110011100 Y
1)
#195100000
0)
#195150000
b11110011101 Y
1)
#195200000
0)
#195250000
b11110011110 Y
1)
#195300000
0)
#195350000
b11110011111 Y
1)
#195400000
0)
#195450000
b11110100000 Y
1)
#195500000
0)
#195550000
b11110100001 Y
1)
#195600000
0)
#195650000
b11110100010 Y
1)
#195700000
0)
#195750000
b11110100011 Y
1)
#195800000
0)
#195850000
b11110100100 Y
1)
#195900000
0)
#195950000
b11110100101 Y
1)
#196000000
0)
#196050000
b11110100110 Y
1)
#196100000
0)
#196150000
b11110100111 Y
1)
#196200000
0)
#196250000
b11110101000 Y
1)
#196300000
0)
#196350000
b11110101001 Y
1)
#196400000
0)
#196450000
b11110101010 Y
1)
#196500000
0)
#196550000
b11110101011 Y
1)
#196600000
0)
#196650000
b11110101100 Y
1)
#196700000
0)
#196750000
b11110101101 Y
1)
#196800000
0)
#196850000
b11110101110 Y
1)
#196900000
0)
#196950000
b11110101111 Y
1)
#197000000
0)
#197050000
b11110110000 Y
1)
#197100000
0)
#197150000
b11110110001 Y
1)
#197200000
0)
#197250000
b11110110010 Y
1)
#197300000
0)
#197350000
b11110110011 Y
1)
#197400000
0)
#197450000
b11110110100 Y
1)
#197500000
0)
#197550000
b11110110101 Y
1)
#197600000
0)
#197650000
b11110110110 Y
1)
#197700000
0)
#197750000
b11110110111 Y
1)
#197800000
0)
#197850000
b11110111000 Y
1)
#197900000
0)
#197950000
b11110111001 Y
1)
#198000000
0)
#198050000
b11110111010 Y
1)
#198100000
0)
#198150000
b11110111011 Y
1)
#198200000
0)
#198250000
b11110111100 Y
1)
#198300000
0)
#198350000
b11110111101 Y
1)
#198400000
0)
#198450000
b11110111110 Y
1)
#198500000
0)
#198550000
b11110111111 Y
1)
#198600000
0)
#198650000
b11111000000 Y
1)
#198700000
0)
#198750000
b11111000001 Y
1)
#198800000
0)
#198850000
b11111000010 Y
1)
#198900000
0)
#198950000
b11111000011 Y
1)
#199000000
0)
#199050000
b11111000100 Y
1)
#199100000
0)
#199150000
b11111000101 Y
1)
#199200000
0)
#199250000
b11111000110 Y
1)
#199300000
0)
#199350000
b11111000111 Y
1)
#199400000
0)
#199450000
b11111001000 Y
1)
#199500000
0)
#199550000
b11111001001 Y
1)
#199600000
0)
#199650000
b11111001010 Y
1)
#199700000
0)
#199750000
b11111001011 Y
1)
#199800000
0)
#199850000
b11111001100 Y
1)
#199900000
0)
#199950000
b11111001101 Y
1)
#200000000
0)
#200050000
b11111001110 Y
1)
#200100000
0)
#200150000
b11111001111 Y
1)
#200200000
0)
#200250000
b11111010000 Y
1)
#200300000
0)
#200350000
b11111010001 Y
1)
#200400000
0)
#200450000
b11111010010 Y
1)
#200500000
0)
#200550000
b11111010011 Y
1)
#200600000
0)
#200650000
b11111010100 Y
1)
#200700000
0)
#200750000
b11111010101 Y
1)
#200800000
0)
#200850000
b11111010110 Y
1)
#200900000
0)
#200950000
b11111010111 Y
1)
#201000000
0)
#201050000
b11111011000 Y
1)
#201100000
0)
#201150000
b11111011001 Y
1)
#201200000
0)
#201250000
b11111011010 Y
1)
#201300000
0)
#201350000
b11111011011 Y
1)
#201400000
0)
#201450000
b11111011100 Y
1)
#201500000
0)
#201550000
b11111011101 Y
1)
#201600000
0)
#201650000
b11111011110 Y
1)
#201700000
0)
#201750000
b11111011111 Y
1)
#201800000
0)
#201850000
b11111100000 Y
1)
#201900000
0)
#201950000
b11111100001 Y
1)
#202000000
0)
#202050000
b11111100010 Y
1)
#202100000
0)
#202150000
b11111100011 Y
1)
#202200000
0)
#202250000
b11111100100 Y
1)
#202300000
0)
#202350000
b11111100101 Y
1)
#202400000
0)
#202450000
b11111100110 Y
1)
#202500000
0)
#202550000
b11111100111 Y
1)
#202600000
0)
#202650000
b11111101000 Y
1)
#202700000
0)
#202750000
b11111101001 Y
1)
#202800000
0)
#202850000
b11111101010 Y
1)
#202900000
0)
#202950000
b11111101011 Y
1)
#203000000
0)
#203050000
b11111101100 Y
1)
#203100000
0)
#203150000
b11111101101 Y
1)
#203200000
0)
#203250000
b11111101110 Y
1)
#203300000
0)
#203350000
b11111101111 Y
1)
#203400000
0)
#203450000
b11111110000 Y
1)
#203500000
0)
#203550000
b11111110001 Y
1)
#203600000
0)
#203650000
b11111110010 Y
1)
#203700000
0)
#203750000
b11111110011 Y
1)
#203800000
0)
#203850000
b11111110100 Y
1)
#203900000
0)
#203950000
b11111110101 Y
1)
#204000000
0)
#204050000
b11111110110 Y
1)
#204100000
0)
#204150000
b11111110111 Y
1)
#204200000
0)
#204250000
b11111111000 Y
1)
#204300000
0)
#204350000
b11111111001 Y
1)
#204400000
0)
#204450000
b11111111010 Y
1)
#204500000
0)
#204550000
b11111111011 Y
1)
#204600000
0)
#204650000
b11111111100 Y
1)
#204700000
0)
#204750000
b11111111101 Y
1)
#204800000
0)
#204850000
b11111111110 Y
1)
#204900000
0)
#204950000
b11111111111 Y
1)
#205000000
0)
#205050000
b100000000000 Y
1)
#205100000
0)
#205150000
b100000000001 Y
1)
#205200000
0)
#205250000
b100000000010 Y
1)
#205300000
0)
#205350000
b100000000011 Y
1)
#205400000
0)
#205450000
b100000000100 Y
1)
#205500000
0)
#205550000
b100000000101 Y
1)
#205600000
0)
#205650000
b100000000110 Y
1)
#205700000
0)
#205750000
b100000000111 Y
1)
#205800000
0)
#205850000
b100000001000 Y
1)
#205900000
0)
#205950000
b100000001001 Y
1)
#206000000
0)
#206050000
b100000001010 Y
1)
#206100000
0)
#206150000
b100000001011 Y
1)
#206200000
0)
#206250000
b100000001100 Y
1)
#206300000
0)
#206350000
b100000001101 Y
1)
#206400000
0)
#206450000
b100000001110 Y
1)
#206500000
0)
#206550000
b100000001111 Y
1)
#206600000
0)
#206650000
b100000010000 Y
1)
#206700000
0)
#206750000
b100000010001 Y
1)
#206800000
0)
#206850000
b100000010010 Y
1)
#206900000
0)
#206950000
b100000010011 Y
1)
#207000000
0)
#207050000
b100000010100 Y
1)
#207100000
0)
#207150000
b100000010101 Y
1)
#207200000
0)
#207250000
b100000010110 Y
1)
#207300000
0)
#207350000
b100000010111 Y
1)
#207400000
0)
#207450000
b100000011000 Y
1)
#207500000
0)
#207550000
b100000011001 Y
1)
#207600000
0)
#207650000
b100000011010 Y
1)
#207700000
0)
#207750000
b100000011011 Y
1)
#207800000
0)
#207850000
b100000011100 Y
1)
#207900000
0)
#207950000
b100000011101 Y
1)
#208000000
0)
#208050000
b100000011110 Y
1)
#208100000
0)
#208150000
b100000011111 Y
1)
#208200000
0)
#208250000
b100000100000 Y
1)
#208300000
0)
#208350000
b100000100001 Y
1)
#208400000
0)
#208450000
b100000100010 Y
1)
#208500000
0)
#208550000
b100000100011 Y
1)
#208600000
0)
#208650000
b100000100100 Y
1)
#208700000
0)
#208750000
b100000100101 Y
1)
#208800000
0)
#208850000
b100000100110 Y
1)
#208900000
0)
#208950000
b100000100111 Y
1)
#209000000
0)
#209050000
b100000101000 Y
1)
#209100000
0)
#209150000
b100000101001 Y
1)
#209200000
0)
#209250000
b100000101010 Y
1)
#209300000
0)
#209350000
b100000101011 Y
1)
#209400000
0)
#209450000
b100000101100 Y
1)
#209500000
0)
#209550000
b100000101101 Y
1)
#209600000
0)
#209650000
b100000101110 Y
1)
#209700000
0)
#209750000
b100000101111 Y
1)
#209800000
0)
#209850000
b100000110000 Y
1)
#209900000
0)
#209950000
b100000110001 Y
1)
#210000000
0)
#210050000
b100000110010 Y
1)
#210100000
0)
#210150000
b100000110011 Y
1)
#210200000
0)
#210250000
b100000110100 Y
1)
#210300000
0)
#210350000
b100000110101 Y
1)
#210400000
0)
#210450000
b100000110110 Y
1)
#210500000
0)
#210550000
b100000110111 Y
1)
#210600000
0)
#210650000
b100000111000 Y
1)
#210700000
0)
#210750000
b100000111001 Y
1)
#210800000
0)
#210850000
b100000111010 Y
1)
#210900000
0)
#210950000
b100000111011 Y
1)
#211000000
0)
#211050000
b100000111100 Y
1)
#211100000
0)
#211150000
b100000111101 Y
1)
#211200000
0)
#211250000
b100000111110 Y
1)
#211300000
0)
#211350000
b100000111111 Y
1)
#211400000
0)
#211450000
b100001000000 Y
1)
#211500000
0)
#211550000
b100001000001 Y
1)
#211600000
0)
#211650000
b100001000010 Y
1)
#211700000
0)
#211750000
b100001000011 Y
1)
#211800000
0)
#211850000
b100001000100 Y
1)
#211900000
0)
#211950000
b100001000101 Y
1)
#212000000
0)
#212050000
b100001000110 Y
1)
#212100000
0)
#212150000
b100001000111 Y
1)
#212200000
0)
#212250000
b100001001000 Y
1)
#212300000
0)
#212350000
b100001001001 Y
1)
#212400000
0)
#212450000
b100001001010 Y
1)
#212500000
0)
#212550000
b100001001011 Y
1)
#212600000
0)
#212650000
b100001001100 Y
1)
#212700000
0)
#212750000
b100001001101 Y
1)
#212800000
0)
#212850000
b100001001110 Y
1)
#212900000
0)
#212950000
b100001001111 Y
1)
#213000000
0)
#213050000
b100001010000 Y
1)
#213100000
0)
#213150000
b100001010001 Y
1)
#213200000
0)
#213250000
b100001010010 Y
1)
#213300000
0)
#213350000
b100001010011 Y
1)
#213400000
0)
#213450000
b100001010100 Y
1)
#213500000
0)
#213550000
b100001010101 Y
1)
#213600000
0)
#213650000
b100001010110 Y
1)
#213700000
0)
#213750000
b100001010111 Y
1)
#213800000
0)
#213850000
b100001011000 Y
1)
#213900000
0)
#213950000
b100001011001 Y
1)
#214000000
0)
#214050000
b100001011010 Y
1)
#214100000
0)
#214150000
b100001011011 Y
1)
#214200000
0)
#214250000
b100001011100 Y
1)
#214300000
0)
#214350000
b100001011101 Y
1)
#214400000
0)
#214450000
b100001011110 Y
1)
#214500000
0)
#214550000
b100001011111 Y
1)
#214600000
0)
#214650000
b100001100000 Y
1)
#214700000
0)
#214750000
b100001100001 Y
1)
#214800000
0)
#214850000
b100001100010 Y
1)
#214900000
0)
#214950000
b100001100011 Y
1)
#215000000
0)
#215050000
b100001100100 Y
1)
#215100000
0)
#215150000
b100001100101 Y
1)
#215200000
0)
#215250000
b100001100110 Y
1)
#215300000
0)
#215350000
b100001100111 Y
1)
#215400000
0)
#215450000
b100001101000 Y
1)
#215500000
0)
#215550000
b100001101001 Y
1)
#215600000
0)
#215650000
b100001101010 Y
1)
#215700000
0)
#215750000
b100001101011 Y
1)
#215800000
0)
#215850000
b100001101100 Y
1)
#215900000
0)
#215950000
b100001101101 Y
1)
#216000000
0)
#216050000
b100001101110 Y
1)
#216100000
0)
#216150000
b100001101111 Y
1)
#216200000
0)
#216250000
b100001110000 Y
1)
#216300000
0)
#216350000
b100001110001 Y
1)
#216400000
0)
#216450000
b100001110010 Y
1)
#216500000
0)
#216550000
b100001110011 Y
1)
#216600000
0)
#216650000
b100001110100 Y
1)
#216700000
0)
#216750000
b100001110101 Y
1)
#216800000
0)
#216850000
b100001110110 Y
1)
#216900000
0)
#216950000
b100001110111 Y
1)
#217000000
0)
#217050000
b100001111000 Y
1)
#217100000
0)
#217150000
b100001111001 Y
1)
#217200000
0)
#217250000
b100001111010 Y
1)
#217300000
0)
#217350000
b100001111011 Y
1)
#217400000
0)
#217450000
b100001111100 Y
1)
#217500000
0)
#217550000
b100001111101 Y
1)
#217600000
0)
#217650000
b100001111110 Y
1)
#217700000
0)
#217750000
b100001111111 Y
1)
#217800000
0)
#217850000
b100010000000 Y
1)
#217900000
0)
#217950000
b100010000001 Y
1)
#218000000
0)
#218050000
b100010000010 Y
1)
#218100000
0)
#218150000
b100010000011 Y
1)
#218200000
0)
#218250000
b100010000100 Y
1)
#218300000
0)
#218350000
b100010000101 Y
1)
#218400000
0)
#218450000
b100010000110 Y
1)
#218500000
0)
#218550000
b100010000111 Y
1)
#218600000
0)
#218650000
b100010001000 Y
1)
#218700000
0)
#218750000
b100010001001 Y
1)
#218800000
0)
#218850000
b100010001010 Y
1)
#218900000
0)
#218950000
b100010001011 Y
1)
#219000000
0)
#219050000
b100010001100 Y
1)
#219100000
0)
#219150000
b100010001101 Y
1)
#219200000
0)
#219250000
b100010001110 Y
1)
#219300000
0)
#219350000
b100010001111 Y
1)
#219400000
0)
#219450000
b100010010000 Y
1)
#219500000
0)
#219550000
b100010010001 Y
1)
#219600000
0)
#219650000
b100010010010 Y
1)
#219700000
0)
#219750000
b100010010011 Y
1)
#219800000
0)
#219850000
b100010010100 Y
1)
#219900000
0)
#219950000
b100010010101 Y
1)
#220000000
0)
#220050000
b100010010110 Y
1)
#220100000
0)
#220150000
b100010010111 Y
1)
#220200000
0)
#220250000
b100010011000 Y
1)
#220300000
0)
#220350000
b100010011001 Y
1)
#220400000
0)
#220450000
b100010011010 Y
1)
#220500000
0)
#220550000
b100010011011 Y
1)
#220600000
0)
#220650000
b100010011100 Y
1)
#220700000
0)
#220750000
b100010011101 Y
1)
#220800000
0)
#220850000
b100010011110 Y
1)
#220900000
0)
#220950000
b100010011111 Y
1)
#221000000
0)
#221050000
b100010100000 Y
1)
#221100000
0)
#221150000
b100010100001 Y
1)
#221200000
0)
#221250000
b100010100010 Y
1)
#221300000
0)
#221350000
b100010100011 Y
1)
#221400000
0)
#221450000
b100010100100 Y
1)
#221500000
0)
#221550000
b100010100101 Y
1)
#221600000
0)
#221650000
b100010100110 Y
1)
#221700000
0)
#221750000
b100010100111 Y
1)
#221800000
0)
#221850000
b100010101000 Y
1)
#221900000
0)
#221950000
b100010101001 Y
1)
#222000000
0)
#222050000
b100010101010 Y
1)
#222100000
0)
#222150000
b100010101011 Y
1)
#222200000
0)
#222250000
b100010101100 Y
1)
#222300000
0)
#222350000
b100010101101 Y
1)
#222400000
0)
#222450000
b100010101110 Y
1)
#222500000
0)
#222550000
b100010101111 Y
1)
#222600000
0)
#222650000
b100010110000 Y
1)
#222700000
0)
#222750000
b100010110001 Y
1)
#222800000
0)
#222850000
b100010110010 Y
1)
#222900000
0)
#222950000
b100010110011 Y
1)
#223000000
0)
#223050000
b100010110100 Y
1)
#223100000
0)
#223150000
b100010110101 Y
1)
#223200000
0)
#223250000
b100010110110 Y
1)
#223300000
0)
#223350000
b100010110111 Y
1)
#223400000
0)
#223450000
b100010111000 Y
1)
#223500000
0)
#223550000
b100010111001 Y
1)
#223600000
0)
#223650000
b100010111010 Y
1)
#223700000
0)
#223750000
b100010111011 Y
1)
#223800000
0)
#223850000
b100010111100 Y
1)
#223900000
0)
#223950000
b100010111101 Y
1)
#224000000
0)
#224050000
b100010111110 Y
1)
#224100000
0)
#224150000
b100010111111 Y
1)
#224200000
0)
#224250000
b100011000000 Y
1)
#224300000
0)
#224350000
b100011000001 Y
1)
#224400000
0)
#224450000
b100011000010 Y
1)
#224500000
0)
#224550000
b100011000011 Y
1)
#224600000
0)
#224650000
b100011000100 Y
1)
#224700000
0)
#224750000
b100011000101 Y
1)
#224800000
0)
#224850000
b100011000110 Y
1)
#224900000
0)
#224950000
b100011000111 Y
1)
#225000000
0)
#225050000
b100011001000 Y
1)
#225100000
0)
#225150000
b100011001001 Y
1)
#225200000
0)
#225250000
b100011001010 Y
1)
#225300000
0)
#225350000
b100011001011 Y
1)
#225400000
0)
#225450000
b100011001100 Y
1)
#225500000
0)
#225550000
b100011001101 Y
1)
#225600000
0)
#225650000
b100011001110 Y
1)
#225700000
0)
#225750000
b100011001111 Y
1)
#225800000
0)
#225850000
b100011010000 Y
1)
#225900000
0)
#225950000
b100011010001 Y
1)
#226000000
0)
#226050000
b100011010010 Y
1)
#226100000
0)
#226150000
b100011010011 Y
1)
#226200000
0)
#226250000
b100011010100 Y
1)
#226300000
0)
#226350000
b100011010101 Y
1)
#226400000
0)
#226450000
b100011010110 Y
1)
#226500000
0)
#226550000
b100011010111 Y
1)
#226600000
0)
#226650000
b100011011000 Y
1)
#226700000
0)
#226750000
b100011011001 Y
1)
#226800000
0)
#226850000
b100011011010 Y
1)
#226900000
0)
#226950000
b100011011011 Y
1)
#227000000
0)
#227050000
b100011011100 Y
1)
#227100000
0)
#227150000
b100011011101 Y
1)
#227200000
0)
#227250000
b100011011110 Y
1)
#227300000
0)
#227350000
b100011011111 Y
1)
#227400000
0)
#227450000
b100011100000 Y
1)
#227500000
0)
#227550000
b100011100001 Y
1)
#227600000
0)
#227650000
b100011100010 Y
1)
#227700000
0)
#227750000
b100011100011 Y
1)
#227800000
0)
#227850000
b100011100100 Y
1)
#227900000
0)
#227950000
b100011100101 Y
1)
#228000000
0)
#228050000
b100011100110 Y
1)
#228100000
0)
#228150000
b100011100111 Y
1)
#228200000
0)
#228250000
b100011101000 Y
1)
#228300000
0)
#228350000
b100011101001 Y
1)
#228400000
0)
#228450000
b100011101010 Y
1)
#228500000
0)
#228550000
b100011101011 Y
1)
#228600000
0)
#228650000
b100011101100 Y
1)
#228700000
0)
#228750000
b100011101101 Y
1)
#228800000
0)
#228850000
b100011101110 Y
1)
#228900000
0)
#228950000
b100011101111 Y
1)
#229000000
0)
#229050000
b100011110000 Y
1)
#229100000
0)
#229150000
b100011110001 Y
1)
#229200000
0)
#229250000
b100011110010 Y
1)
#229300000
0)
#229350000
b100011110011 Y
1)
#229400000
0)
#229450000
b100011110100 Y
1)
#229500000
0)
#229550000
b100011110101 Y
1)
#229600000
0)
#229650000
b100011110110 Y
1)
#229700000
0)
#229750000
b100011110111 Y
1)
#229800000
0)
#229850000
b100011111000 Y
1)
#229900000
0)
#229950000
b100011111001 Y
1)
#230000000
0)
#230050000
b100011111010 Y
1)
#230100000
0)
#230150000
b100011111011 Y
1)
#230200000
0)
#230250000
b100011111100 Y
1)
#230300000
0)
#230350000
b100011111101 Y
1)
#230400000
0)
#230450000
b100011111110 Y
1)
#230500000
0)
#230550000
b100011111111 Y
1)
#230600000
0)
#230650000
b100100000000 Y
1)
#230700000
0)
#230750000
b100100000001 Y
1)
#230800000
0)
#230850000
b100100000010 Y
1)
#230900000
0)
#230950000
b100100000011 Y
1)
#231000000
0)
#231050000
b100100000100 Y
1)
#231100000
0)
#231150000
b100100000101 Y
1)
#231200000
0)
#231250000
b100100000110 Y
1)
#231300000
0)
#231350000
b100100000111 Y
1)
#231400000
0)
#231450000
b100100001000 Y
1)
#231500000
0)
#231550000
b100100001001 Y
1)
#231600000
0)
#231650000
b100100001010 Y
1)
#231700000
0)
#231750000
b100100001011 Y
1)
#231800000
0)
#231850000
b100100001100 Y
1)
#231900000
0)
#231950000
b100100001101 Y
1)
#232000000
0)
#232050000
b100100001110 Y
1)
#232100000
0)
#232150000
b100100001111 Y
1)
#232200000
0)
#232250000
b100100010000 Y
1)
#232300000
0)
#232350000
b100100010001 Y
1)
#232400000
0)
#232450000
b100100010010 Y
1)
#232500000
0)
#232550000
b100100010011 Y
1)
#232600000
0)
#232650000
b100100010100 Y
1)
#232700000
0)
#232750000
b100100010101 Y
1)
#232800000
0)
#232850000
b100100010110 Y
1)
#232900000
0)
#232950000
b100100010111 Y
1)
#233000000
0)
#233050000
b100100011000 Y
1)
#233100000
0)
#233150000
b100100011001 Y
1)
#233200000
0)
#233250000
b100100011010 Y
1)
#233300000
0)
#233350000
b100100011011 Y
1)
#233400000
0)
#233450000
b100100011100 Y
1)
#233500000
0)
#233550000
b100100011101 Y
1)
#233600000
0)
#233650000
b100100011110 Y
1)
#233700000
0)
#233750000
b100100011111 Y
1)
#233800000
0)
#233850000
b100100100000 Y
1)
#233900000
0)
#233950000
b100100100001 Y
1)
#234000000
0)
#234050000
b100100100010 Y
1)
#234100000
0)
#234150000
b100100100011 Y
1)
#234200000
0)
#234250000
b100100100100 Y
1)
#234300000
0)
#234350000
b100100100101 Y
1)
#234400000
0)
#234450000
b100100100110 Y
1)
#234500000
0)
#234550000
b100100100111 Y
1)
#234600000
0)
#234650000
b100100101000 Y
1)
#234700000
0)
#234750000
b100100101001 Y
1)
#234800000
0)
#234850000
b100100101010 Y
1)
#234900000
0)
#234950000
b100100101011 Y
1)
#235000000
0)
#235050000
b100100101100 Y
1)
#235100000
0)
#235150000
b100100101101 Y
1)
#235200000
0)
#235250000
b100100101110 Y
1)
#235300000
0)
#235350000
b100100101111 Y
1)
#235400000
0)
#235450000
b100100110000 Y
1)
#235500000
0)
#235550000
b100100110001 Y
1)
#235600000
0)
#235650000
b100100110010 Y
1)
#235700000
0)
#235750000
b100100110011 Y
1)
#235800000
0)
#235850000
b100100110100 Y
1)
#235900000
0)
#235950000
b100100110101 Y
1)
#236000000
0)
#236050000
b100100110110 Y
1)
#236100000
0)
#236150000
b100100110111 Y
1)
#236200000
0)
#236250000
b100100111000 Y
1)
#236300000
0)
#236350000
b100100111001 Y
1)
#236400000
0)
#236450000
b100100111010 Y
1)
#236500000
0)
#236550000
b100100111011 Y
1)
#236600000
0)
#236650000
b100100111100 Y
1)
#236700000
0)
#236750000
b100100111101 Y
1)
#236800000
0)
#236850000
b100100111110 Y
1)
#236900000
0)
#236950000
b100100111111 Y
1)
#237000000
0)
#237050000
b100101000000 Y
1)
#237100000
0)
#237150000
b100101000001 Y
1)
#237200000
0)
#237250000
b100101000010 Y
1)
#237300000
0)
#237350000
b100101000011 Y
1)
#237400000
0)
#237450000
b100101000100 Y
1)
#237500000
0)
#237550000
b100101000101 Y
1)
#237600000
0)
#237650000
b100101000110 Y
1)
#237700000
0)
#237750000
b100101000111 Y
1)
#237800000
0)
#237850000
b100101001000 Y
1)
#237900000
0)
#237950000
b100101001001 Y
1)
#238000000
0)
#238050000
b100101001010 Y
1)
#238100000
0)
#238150000
b100101001011 Y
1)
#238200000
0)
#238250000
b100101001100 Y
1)
#238300000
0)
#238350000
b100101001101 Y
1)
#238400000
0)
#238450000
b100101001110 Y
1)
#238500000
0)
#238550000
b100101001111 Y
1)
#238600000
0)
#238650000
b100101010000 Y
1)
#238700000
0)
#238750000
b100101010001 Y
1)
#238800000
0)
#238850000
b100101010010 Y
1)
#238900000
0)
#238950000
b100101010011 Y
1)
#239000000
0)
#239050000
b100101010100 Y
1)
#239100000
0)
#239150000
b100101010101 Y
1)
#239200000
0)
#239250000
b100101010110 Y
1)
#239300000
0)
#239350000
b100101010111 Y
1)
#239400000
0)
#239450000
b100101011000 Y
1)
#239500000
0)
#239550000
b100101011001 Y
1)
#239600000
0)
#239650000
b100101011010 Y
1)
#239700000
0)
#239750000
b100101011011 Y
1)
#239800000
0)
#239850000
b100101011100 Y
1)
#239900000
0)
#239950000
b100101011101 Y
1)
#240000000
0)
#240050000
b100101011110 Y
1)
#240100000
0)
#240150000
b100101011111 Y
1)
#240200000
0)
#240250000
b100101100000 Y
1)
#240300000
0)
#240350000
b100101100001 Y
1)
#240400000
0)
#240450000
b100101100010 Y
1)
#240500000
0)
#240550000
b100101100011 Y
1)
#240600000
0)
#240650000
b100101100100 Y
1)
#240700000
0)
#240750000
b100101100101 Y
1)
#240800000
0)
#240850000
b100101100110 Y
1)
#240900000
0)
#240950000
b100101100111 Y
1)
#241000000
0)
#241050000
b100101101000 Y
1)
#241100000
0)
#241150000
b100101101001 Y
1)
#241200000
0)
#241250000
b100101101010 Y
1)
#241300000
0)
#241350000
b100101101011 Y
1)
#241400000
0)
#241450000
b100101101100 Y
1)
#241500000
0)
#241550000
b100101101101 Y
1)
#241600000
0)
#241650000
b100101101110 Y
1)
#241700000
0)
#241750000
b100101101111 Y
1)
#241800000
0)
#241850000
b100101110000 Y
1)
#241900000
0)
#241950000
b100101110001 Y
1)
#242000000
0)
#242050000
b100101110010 Y
1)
#242100000
0)
#242150000
b100101110011 Y
1)
#242200000
0)
#242250000
b100101110100 Y
1)
#242300000
0)
#242350000
b100101110101 Y
1)
#242400000
0)
#242450000
b100101110110 Y
1)
#242500000
0)
#242550000
b100101110111 Y
1)
#242600000
0)
#242650000
b100101111000 Y
1)
#242700000
0)
#242750000
b100101111001 Y
1)
#242800000
0)
#242850000
b100101111010 Y
1)
#242900000
0)
#242950000
b100101111011 Y
1)
#243000000
0)
#243050000
b100101111100 Y
1)
#243100000
0)
#243150000
b100101111101 Y
1)
#243200000
0)
#243250000
b100101111110 Y
1)
#243300000
0)
#243350000
b100101111111 Y
1)
#243400000
0)
#243450000
b100110000000 Y
1)
#243500000
0)
#243550000
b100110000001 Y
1)
#243600000
0)
#243650000
b100110000010 Y
1)
#243700000
0)
#243750000
b100110000011 Y
1)
#243800000
0)
#243850000
b100110000100 Y
1)
#243900000
0)
#243950000
b100110000101 Y
1)
#244000000
0)
#244050000
b100110000110 Y
1)
#244100000
0)
#244150000
b100110000111 Y
1)
#244200000
0)
#244250000
b100110001000 Y
1)
#244300000
0)
#244350000
b100110001001 Y
1)
#244400000
0)
#244450000
b100110001010 Y
1)
#244500000
0)
#244550000
b100110001011 Y
1)
#244600000
0)
#244650000
b100110001100 Y
1)
#244700000
0)
#244750000
b100110001101 Y
1)
#244800000
0)
#244850000
b100110001110 Y
1)
#244900000
0)
#244950000
b100110001111 Y
1)
#245000000
0)
#245050000
b100110010000 Y
1)
#245100000
0)
#245150000
b100110010001 Y
1)
#245200000
0)
#245250000
b100110010010 Y
1)
#245300000
0)
#245350000
b100110010011 Y
1)
#245400000
0)
#245450000
b100110010100 Y
1)
#245500000
0)
#245550000
b100110010101 Y
1)
#245600000
0)
#245650000
b100110010110 Y
1)
#245700000
0)
#245750000
b100110010111 Y
1)
#245800000
0)
#245850000
b100110011000 Y
1)
#245900000
0)
#245950000
b100110011001 Y
1)
#246000000
0)
#246050000
b100110011010 Y
1)
#246100000
0)
#246150000
b100110011011 Y
1)
#246200000
0)
#246250000
b100110011100 Y
1)
#246300000
0)
#246350000
b100110011101 Y
1)
#246400000
0)
#246450000
b100110011110 Y
1)
#246500000
0)
#246550000
b100110011111 Y
1)
#246600000
0)
#246650000
b100110100000 Y
1)
#246700000
0)
#246750000
b100110100001 Y
1)
#246800000
0)
#246850000
b100110100010 Y
1)
#246900000
0)
#246950000
b100110100011 Y
1)
#247000000
0)
#247050000
b100110100100 Y
1)
#247100000
0)
#247150000
b100110100101 Y
1)
#247200000
0)
#247250000
b100110100110 Y
1)
#247300000
0)
#247350000
b100110100111 Y
1)
#247400000
0)
#247450000
b100110101000 Y
1)
#247500000
0)
#247550000
b100110101001 Y
1)
#247600000
0)
#247650000
b100110101010 Y
1)
#247700000
0)
#247750000
b100110101011 Y
1)
#247800000
0)
#247850000
b100110101100 Y
1)
#247900000
0)
#247950000
b100110101101 Y
1)
#248000000
0)
#248050000
b100110101110 Y
1)
#248100000
0)
#248150000
b100110101111 Y
1)
#248200000
0)
#248250000
b100110110000 Y
1)
#248300000
0)
#248350000
b100110110001 Y
1)
#248400000
0)
#248450000
b100110110010 Y
1)
#248500000
0)
#248550000
b100110110011 Y
1)
#248600000
0)
#248650000
b100110110100 Y
1)
#248700000
0)
#248750000
b100110110101 Y
1)
#248800000
0)
#248850000
b100110110110 Y
1)
#248900000
0)
#248950000
b100110110111 Y
1)
#249000000
0)
#249050000
b100110111000 Y
1)
#249100000
0)
#249150000
b100110111001 Y
1)
#249200000
0)
#249250000
b100110111010 Y
1)
#249300000
0)
#249350000
b100110111011 Y
1)
#249400000
0)
#249450000
b100110111100 Y
1)
#249500000
0)
#249550000
b100110111101 Y
1)
#249600000
0)
#249650000
b100110111110 Y
1)
#249700000
0)
#249750000
b100110111111 Y
1)
#249800000
0)
#249850000
b100111000000 Y
1)
#249900000
0)
#249950000
b100111000001 Y
1)
#250000000
0)
#250050000
b100111000010 Y
1)
#250100000
0)
#250150000
b100111000011 Y
1)
#250200000
0)
#250250000
b100111000100 Y
1)
#250300000
0)
#250350000
b100111000101 Y
1)
#250400000
0)
#250450000
b100111000110 Y
1)
#250500000
0)
#250550000
b100111000111 Y
1)
#250600000
0)
#250650000
b100111001000 Y
1)
#250700000
0)
#250750000
b100111001001 Y
1)
#250800000
0)
#250850000
b100111001010 Y
1)
#250900000
0)
#250950000
b100111001011 Y
1)
#251000000
0)
#251050000
b100111001100 Y
1)
#251100000
0)
#251150000
b100111001101 Y
1)
#251200000
0)
#251250000
b100111001110 Y
1)
#251300000
0)
#251350000
b100111001111 Y
1)
#251400000
0)
#251450000
b100111010000 Y
1)
#251500000
0)
#251550000
b100111010001 Y
1)
#251600000
0)
#251650000
b100111010010 Y
1)
#251700000
0)
#251750000
b100111010011 Y
1)
#251800000
0)
#251850000
b100111010100 Y
1)
#251900000
0)
#251950000
b100111010101 Y
1)
#252000000
0)
#252050000
b100111010110 Y
1)
#252100000
0)
#252150000
b100111010111 Y
1)
#252200000
0)
#252250000
b100111011000 Y
1)
#252300000
0)
#252350000
b100111011001 Y
1)
#252400000
0)
#252450000
b100111011010 Y
1)
#252500000
0)
#252550000
b100111011011 Y
1)
#252600000
0)
#252650000
b100111011100 Y
1)
#252700000
0)
#252750000
b100111011101 Y
1)
#252800000
0)
#252850000
b100111011110 Y
1)
#252900000
0)
#252950000
b100111011111 Y
1)
#253000000
0)
#253050000
b100111100000 Y
1)
#253100000
0)
#253150000
b100111100001 Y
1)
#253200000
0)
#253250000
b100111100010 Y
1)
#253300000
0)
#253350000
b100111100011 Y
1)
#253400000
0)
#253450000
b100111100100 Y
1)
#253500000
0)
#253550000
b100111100101 Y
1)
#253600000
0)
#253650000
b100111100110 Y
1)
#253700000
0)
#253750000
b100111100111 Y
1)
#253800000
0)
#253850000
b100111101000 Y
1)
#253900000
0)
#253950000
b100111101001 Y
1)
#254000000
0)
#254050000
b100111101010 Y
1)
#254100000
0)
#254150000
b100111101011 Y
1)
#254200000
0)
#254250000
b100111101100 Y
1)
#254300000
0)
#254350000
b100111101101 Y
1)
#254400000
0)
#254450000
b100111101110 Y
1)
#254500000
0)
#254550000
b100111101111 Y
1)
#254600000
0)
#254650000
b100111110000 Y
1)
#254700000
0)
#254750000
b100111110001 Y
1)
#254800000
0)
#254850000
b100111110010 Y
1)
#254900000
0)
#254950000
b100111110011 Y
1)
#255000000
0)
#255050000
b100111110100 Y
1)
#255100000
0)
#255150000
b100111110101 Y
1)
#255200000
0)
#255250000
b100111110110 Y
1)
#255300000
0)
#255350000
b100111110111 Y
1)
#255400000
0)
#255450000
b100111111000 Y
1)
#255500000
0)
#255550000
b100111111001 Y
1)
#255600000
0)
#255650000
b100111111010 Y
1)
#255700000
0)
#255750000
b100111111011 Y
1)
#255800000
0)
#255850000
b100111111100 Y
1)
#255900000
0)
#255950000
b100111111101 Y
1)
#256000000
0)
#256050000
b100111111110 Y
1)
#256100000
0)
#256150000
b100111111111 Y
1)
#256200000
0)
#256250000
b101000000000 Y
1)
#256300000
0)
#256350000
b101000000001 Y
1)
#256400000
0)
#256450000
b101000000010 Y
1)
#256500000
0)
#256550000
b101000000011 Y
1)
#256600000
0)
#256650000
b101000000100 Y
1)
#256700000
0)
#256750000
b101000000101 Y
1)
#256800000
0)
#256850000
b101000000110 Y
1)
#256900000
0)
#256950000
b101000000111 Y
1)
#257000000
0)
#257050000
b101000001000 Y
1)
#257100000
0)
#257150000
b101000001001 Y
1)
#257200000
0)
#257250000
b101000001010 Y
1)
#257300000
0)
#257350000
b101000001011 Y
1)
#257400000
0)
#257450000
b101000001100 Y
1)
#257500000
0)
#257550000
b101000001101 Y
1)
#257600000
0)
#257650000
b101000001110 Y
1)
#257700000
0)
#257750000
b101000001111 Y
1)
#257800000
0)
#257850000
b101000010000 Y
1)
#257900000
0)
#257950000
b101000010001 Y
1)
#258000000
0)
#258050000
b101000010010 Y
1)
#258100000
0)
#258150000
b101000010011 Y
1)
#258200000
0)
#258250000
b101000010100 Y
1)
#258300000
0)
#258350000
b101000010101 Y
1)
#258400000
0)
#258450000
b101000010110 Y
1)
#258500000
0)
#258550000
b101000010111 Y
1)
#258600000
0)
#258650000
b101000011000 Y
1)
#258700000
0)
#258750000
b101000011001 Y
1)
#258800000
0)
#258850000
b101000011010 Y
1)
#258900000
0)
#258950000
b101000011011 Y
1)
#259000000
0)
#259050000
b101000011100 Y
1)
#259100000
0)
#259150000
b101000011101 Y
1)
#259200000
0)
#259250000
b101000011110 Y
1)
#259300000
0)
#259350000
b101000011111 Y
1)
#259400000
0)
#259450000
b101000100000 Y
1)
#259500000
0)
#259550000
b101000100001 Y
1)
#259600000
0)
#259650000
b101000100010 Y
1)
#259700000
0)
#259750000
b101000100011 Y
1)
#259800000
0)
#259850000
b101000100100 Y
1)
#259900000
0)
#259950000
b101000100101 Y
1)
#260000000
0)
#260050000
b101000100110 Y
1)
#260100000
0)
#260150000
b101000100111 Y
1)
#260200000
0)
#260250000
b101000101000 Y
1)
#260300000
0)
#260350000
b101000101001 Y
1)
#260400000
0)
#260450000
b101000101010 Y
1)
#260500000
0)
#260550000
b101000101011 Y
1)
#260600000
0)
#260650000
b101000101100 Y
1)
#260700000
0)
#260750000
b101000101101 Y
1)
#260800000
0)
#260850000
b101000101110 Y
1)
#260900000
0)
#260950000
b101000101111 Y
1)
#261000000
0)
#261050000
b101000110000 Y
1)
#261100000
0)
#261150000
b101000110001 Y
1)
#261200000
0)
#261250000
b101000110010 Y
1)
#261300000
0)
#261350000
b101000110011 Y
1)
#261400000
0)
#261450000
b101000110100 Y
1)
#261500000
0)
#261550000
b101000110101 Y
1)
#261600000
0)
#261650000
b101000110110 Y
1)
#261700000
0)
#261750000
b101000110111 Y
1)
#261800000
0)
#261850000
b101000111000 Y
1)
#261900000
0)
#261950000
b101000111001 Y
1)
#262000000
0)
#262050000
b101000111010 Y
1)
#262100000
0)
#262150000
b101000111011 Y
1)
#262200000
0)
#262250000
b101000111100 Y
1)
#262300000
0)
#262350000
b101000111101 Y
1)
#262400000
0)
#262450000
b101000111110 Y
1)
#262500000
0)
#262550000
b101000111111 Y
1)
#262600000
0)
#262650000
b101001000000 Y
1)
#262700000
0)
#262750000
b101001000001 Y
1)
#262800000
0)
#262850000
b101001000010 Y
1)
#262900000
0)
#262950000
b101001000011 Y
1)
#263000000
0)
#263050000
b101001000100 Y
1)
#263100000
0)
#263150000
b101001000101 Y
1)
#263200000
0)
#263250000
b101001000110 Y
1)
#263300000
0)
#263350000
b101001000111 Y
1)
#263400000
0)
#263450000
b101001001000 Y
1)
#263500000
0)
#263550000
b101001001001 Y
1)
#263600000
0)
#263650000
b101001001010 Y
1)
#263700000
0)
#263750000
b101001001011 Y
1)
#263800000
0)
#263850000
b101001001100 Y
1)
#263900000
0)
#263950000
b101001001101 Y
1)
#264000000
0)
#264050000
b101001001110 Y
1)
#264100000
0)
#264150000
b101001001111 Y
1)
#264200000
0)
#264250000
b101001010000 Y
1)
#264300000
0)
#264350000
b101001010001 Y
1)
#264400000
0)
#264450000
b101001010010 Y
1)
#264500000
0)
#264550000
b101001010011 Y
1)
#264600000
0)
#264650000
b101001010100 Y
1)
#264700000
0)
#264750000
b101001010101 Y
1)
#264800000
0)
#264850000
b101001010110 Y
1)
#264900000
0)
#264950000
b101001010111 Y
1)
#265000000
0)
#265050000
b101001011000 Y
1)
#265100000
0)
#265150000
b101001011001 Y
1)
#265200000
0)
#265250000
b101001011010 Y
1)
#265300000
0)
#265350000
b101001011011 Y
1)
#265400000
0)
#265450000
b101001011100 Y
1)
#265500000
0)
#265550000
b101001011101 Y
1)
#265600000
0)
#265650000
b101001011110 Y
1)
#265700000
0)
#265750000
b101001011111 Y
1)
#265800000
0)
#265850000
b101001100000 Y
1)
#265900000
0)
#265950000
b101001100001 Y
1)
#266000000
0)
#266050000
b101001100010 Y
1)
#266100000
0)
#266150000
b101001100011 Y
1)
#266200000
0)
#266250000
b101001100100 Y
1)
#266300000
0)
#266350000
b101001100101 Y
1)
#266400000
0)
#266450000
b101001100110 Y
1)
#266500000
0)
#266550000
b101001100111 Y
1)
#266600000
0)
#266650000
b101001101000 Y
1)
#266700000
0)
#266750000
b101001101001 Y
1)
#266800000
0)
#266850000
b101001101010 Y
1)
#266900000
0)
#266950000
b101001101011 Y
1)
#267000000
0)
#267050000
b101001101100 Y
1)
#267100000
0)
#267150000
b101001101101 Y
1)
#267200000
0)
#267250000
b101001101110 Y
1)
#267300000
0)
#267350000
b101001101111 Y
1)
#267400000
0)
#267450000
b101001110000 Y
1)
#267500000
0)
#267550000
b101001110001 Y
1)
#267600000
0)
#267650000
b101001110010 Y
1)
#267700000
0)
#267750000
b101001110011 Y
1)
#267800000
0)
#267850000
b101001110100 Y
1)
#267900000
0)
#267950000
b101001110101 Y
1)
#268000000
0)
#268050000
b101001110110 Y
1)
#268100000
0)
#268150000
b101001110111 Y
1)
#268200000
0)
#268250000
b101001111000 Y
1)
#268300000
0)
#268350000
b101001111001 Y
1)
#268400000
0)
#268450000
b101001111010 Y
1)
#268500000
0)
#268550000
b101001111011 Y
1)
#268600000
0)
#268650000
b101001111100 Y
1)
#268700000
0)
#268750000
b101001111101 Y
1)
#268800000
0)
#268850000
b101001111110 Y
1)
#268900000
0)
#268950000
b101001111111 Y
1)
#269000000
0)
#269050000
b101010000000 Y
1)
#269100000
0)
#269150000
b101010000001 Y
1)
#269200000
0)
#269250000
b101010000010 Y
1)
#269300000
0)
#269350000
b101010000011 Y
1)
#269400000
0)
#269450000
b101010000100 Y
1)
#269500000
0)
#269550000
b101010000101 Y
1)
#269600000
0)
#269650000
b101010000110 Y
1)
#269700000
0)
#269750000
b101010000111 Y
1)
#269800000
0)
#269850000
b101010001000 Y
1)
#269900000
0)
#269950000
b101010001001 Y
1)
#270000000
0)
#270050000
b101010001010 Y
1)
#270100000
0)
#270150000
b101010001011 Y
1)
#270200000
0)
#270250000
b101010001100 Y
1)
#270300000
0)
#270350000
b101010001101 Y
1)
#270400000
0)
#270450000
b101010001110 Y
1)
#270500000
0)
#270550000
b101010001111 Y
1)
#270600000
0)
#270650000
b101010010000 Y
1)
#270700000
0)
#270750000
b101010010001 Y
1)
#270800000
0)
#270850000
b101010010010 Y
1)
#270900000
0)
#270950000
b101010010011 Y
1)
#271000000
0)
#271050000
b101010010100 Y
1)
#271100000
0)
#271150000
b101010010101 Y
1)
#271200000
0)
#271250000
b101010010110 Y
1)
#271300000
0)
#271350000
b101010010111 Y
1)
#271400000
0)
#271450000
b101010011000 Y
1)
#271500000
0)
#271550000
b101010011001 Y
1)
#271600000
0)
#271650000
b101010011010 Y
1)
#271700000
0)
#271750000
b101010011011 Y
1)
#271800000
0)
#271850000
b101010011100 Y
1)
#271900000
0)
#271950000
b101010011101 Y
1)
#272000000
0)
#272050000
b101010011110 Y
1)
#272100000
0)
#272150000
b101010011111 Y
1)
#272200000
0)
#272250000
b101010100000 Y
1)
#272300000
0)
#272350000
b101010100001 Y
1)
#272400000
0)
#272450000
b101010100010 Y
1)
#272500000
0)
#272550000
b101010100011 Y
1)
#272600000
0)
#272650000
b101010100100 Y
1)
#272700000
0)
#272750000
b101010100101 Y
1)
#272800000
0)
#272850000
b101010100110 Y
1)
#272900000
0)
#272950000
b101010100111 Y
1)
#273000000
0)
#273050000
b101010101000 Y
1)
#273100000
0)
#273150000
b101010101001 Y
1)
#273200000
0)
#273250000
b101010101010 Y
1)
#273300000
0)
#273350000
b101010101011 Y
1)
#273400000
0)
#273450000
b101010101100 Y
1)
#273500000
0)
#273550000
b101010101101 Y
1)
#273600000
0)
#273650000
b101010101110 Y
1)
#273700000
0)
#273750000
b101010101111 Y
1)
#273800000
0)
#273850000
b101010110000 Y
1)
#273900000
0)
#273950000
b101010110001 Y
1)
#274000000
0)
#274050000
b101010110010 Y
1)
#274100000
0)
#274150000
b101010110011 Y
1)
#274200000
0)
#274250000
b101010110100 Y
1)
#274300000
0)
#274350000
b101010110101 Y
1)
#274400000
0)
#274450000
b101010110110 Y
1)
#274500000
0)
#274550000
b101010110111 Y
1)
#274600000
0)
#274650000
b101010111000 Y
1)
#274700000
0)
#274750000
b101010111001 Y
1)
#274800000
0)
#274850000
b101010111010 Y
1)
#274900000
0)
#274950000
b101010111011 Y
1)
#275000000
0)
#275050000
b101010111100 Y
1)
#275100000
0)
#275150000
b101010111101 Y
1)
#275200000
0)
#275250000
b101010111110 Y
1)
#275300000
0)
#275350000
b101010111111 Y
1)
#275400000
0)
#275450000
b101011000000 Y
1)
#275500000
0)
#275550000
b101011000001 Y
1)
#275600000
0)
#275650000
b101011000010 Y
1)
#275700000
0)
#275750000
b101011000011 Y
1)
#275800000
0)
#275850000
b101011000100 Y
1)
#275900000
0)
#275950000
b101011000101 Y
1)
#276000000
0)
#276050000
b101011000110 Y
1)
#276100000
0)
#276150000
b101011000111 Y
1)
#276200000
0)
#276250000
b101011001000 Y
1)
#276300000
0)
#276350000
b101011001001 Y
1)
#276400000
0)
#276450000
b101011001010 Y
1)
#276500000
0)
#276550000
b101011001011 Y
1)
#276600000
0)
#276650000
b101011001100 Y
1)
#276700000
0)
#276750000
b101011001101 Y
1)
#276800000
0)
#276850000
b101011001110 Y
1)
#276900000
0)
#276950000
b101011001111 Y
1)
#277000000
0)
#277050000
b101011010000 Y
1)
#277100000
0)
#277150000
b101011010001 Y
1)
#277200000
0)
#277250000
b101011010010 Y
1)
#277300000
0)
#277350000
b101011010011 Y
1)
#277400000
0)
#277450000
b101011010100 Y
1)
#277500000
0)
#277550000
b101011010101 Y
1)
#277600000
0)
#277650000
b101011010110 Y
1)
#277700000
0)
#277750000
b101011010111 Y
1)
#277800000
0)
#277850000
b101011011000 Y
1)
#277900000
0)
#277950000
b101011011001 Y
1)
#278000000
0)
#278050000
b101011011010 Y
1)
#278100000
0)
#278150000
b101011011011 Y
1)
#278200000
0)
#278250000
b101011011100 Y
1)
#278300000
0)
#278350000
b101011011101 Y
1)
#278400000
0)
#278450000
b101011011110 Y
1)
#278500000
0)
#278550000
b101011011111 Y
1)
#278600000
0)
#278650000
b101011100000 Y
1)
#278700000
0)
#278750000
b101011100001 Y
1)
#278800000
0)
#278850000
b101011100010 Y
1)
#278900000
0)
#278950000
b101011100011 Y
1)
#279000000
0)
#279050000
b101011100100 Y
1)
#279100000
0)
#279150000
b101011100101 Y
1)
#279200000
0)
#279250000
b101011100110 Y
1)
#279300000
0)
#279350000
b101011100111 Y
1)
#279400000
0)
#279450000
b101011101000 Y
1)
#279500000
0)
#279550000
b101011101001 Y
1)
#279600000
0)
#279650000
b101011101010 Y
1)
#279700000
0)
#279750000
b101011101011 Y
1)
#279800000
0)
#279850000
b101011101100 Y
1)
#279900000
0)
#279950000
b101011101101 Y
1)
#280000000
0)
#280050000
b101011101110 Y
1)
#280100000
0)
#280150000
b101011101111 Y
1)
#280200000
0)
#280250000
b101011110000 Y
1)
#280300000
0)
#280350000
b101011110001 Y
1)
#280400000
0)
#280450000
b101011110010 Y
1)
#280500000
0)
#280550000
b101011110011 Y
1)
#280600000
0)
#280650000
b101011110100 Y
1)
#280700000
0)
#280750000
b101011110101 Y
1)
#280800000
0)
#280850000
b101011110110 Y
1)
#280900000
0)
#280950000
b101011110111 Y
1)
#281000000
0)
#281050000
b101011111000 Y
1)
#281100000
0)
#281150000
b101011111001 Y
1)
#281200000
0)
#281250000
b101011111010 Y
1)
#281300000
0)
#281350000
b101011111011 Y
1)
#281400000
0)
#281450000
b101011111100 Y
1)
#281500000
0)
#281550000
b101011111101 Y
1)
#281600000
0)
#281650000
b101011111110 Y
1)
#281700000
0)
#281750000
b101011111111 Y
1)
#281800000
0)
#281850000
b101100000000 Y
1)
#281900000
0)
#281950000
b101100000001 Y
1)
#282000000
0)
#282050000
b101100000010 Y
1)
#282100000
0)
#282150000
b101100000011 Y
1)
#282200000
0)
#282250000
b101100000100 Y
1)
#282300000
0)
#282350000
b101100000101 Y
1)
#282400000
0)
#282450000
b101100000110 Y
1)
#282500000
0)
#282550000
b101100000111 Y
1)
#282600000
0)
#282650000
b101100001000 Y
1)
#282700000
0)
#282750000
b101100001001 Y
1)
#282800000
0)
#282850000
b101100001010 Y
1)
#282900000
0)
#282950000
b101100001011 Y
1)
#283000000
0)
#283050000
b101100001100 Y
1)
#283100000
0)
#283150000
b101100001101 Y
1)
#283200000
0)
#283250000
b101100001110 Y
1)
#283300000
0)
#283350000
b101100001111 Y
1)
#283400000
0)
#283450000
b101100010000 Y
1)
#283500000
0)
#283550000
b101100010001 Y
1)
#283600000
0)
#283650000
b101100010010 Y
1)
#283700000
0)
#283750000
b101100010011 Y
1)
#283800000
0)
#283850000
b101100010100 Y
1)
#283900000
0)
#283950000
b101100010101 Y
1)
#284000000
0)
#284050000
b101100010110 Y
1)
#284100000
0)
#284150000
b101100010111 Y
1)
#284200000
0)
#284250000
b101100011000 Y
1)
#284300000
0)
#284350000
b101100011001 Y
1)
#284400000
0)
#284450000
b101100011010 Y
1)
#284500000
0)
#284550000
b101100011011 Y
1)
#284600000
0)
#284650000
b101100011100 Y
1)
#284700000
0)
#284750000
b101100011101 Y
1)
#284800000
0)
#284850000
b101100011110 Y
1)
#284900000
0)
#284950000
b101100011111 Y
1)
#285000000
0)
#285050000
b101100100000 Y
1)
#285100000
0)
#285150000
b101100100001 Y
1)
#285200000
0)
#285250000
b101100100010 Y
1)
#285300000
0)
#285350000
b101100100011 Y
1)
#285400000
0)
#285450000
b101100100100 Y
1)
#285500000
0)
#285550000
b101100100101 Y
1)
#285600000
0)
#285650000
b101100100110 Y
1)
#285700000
0)
#285750000
b101100100111 Y
1)
#285800000
0)
#285850000
b101100101000 Y
1)
#285900000
0)
#285950000
b101100101001 Y
1)
#286000000
0)
#286050000
b101100101010 Y
1)
#286100000
0)
#286150000
b101100101011 Y
1)
#286200000
0)
#286250000
b101100101100 Y
1)
#286300000
0)
#286350000
b101100101101 Y
1)
#286400000
0)
#286450000
b101100101110 Y
1)
#286500000
0)
#286550000
b101100101111 Y
1)
#286600000
0)
#286650000
b101100110000 Y
1)
#286700000
0)
#286750000
b101100110001 Y
1)
#286800000
0)
#286850000
b101100110010 Y
1)
#286900000
0)
#286950000
b101100110011 Y
1)
#287000000
0)
#287050000
b101100110100 Y
1)
#287100000
0)
#287150000
b101100110101 Y
1)
#287200000
0)
#287250000
b101100110110 Y
1)
#287300000
0)
#287350000
b101100110111 Y
1)
#287400000
0)
#287450000
b101100111000 Y
1)
#287500000
0)
#287550000
b101100111001 Y
1)
#287600000
0)
#287650000
b101100111010 Y
1)
#287700000
0)
#287750000
b101100111011 Y
1)
#287800000
0)
#287850000
b101100111100 Y
1)
#287900000
0)
#287950000
b101100111101 Y
1)
#288000000
0)
#288050000
b101100111110 Y
1)
#288100000
0)
#288150000
b101100111111 Y
1)
#288200000
0)
#288250000
b101101000000 Y
1)
#288300000
0)
#288350000
b101101000001 Y
1)
#288400000
0)
#288450000
b101101000010 Y
1)
#288500000
0)
#288550000
b101101000011 Y
1)
#288600000
0)
#288650000
b101101000100 Y
1)
#288700000
0)
#288750000
b101101000101 Y
1)
#288800000
0)
#288850000
b101101000110 Y
1)
#288900000
0)
#288950000
b101101000111 Y
1)
#289000000
0)
#289050000
b101101001000 Y
1)
#289100000
0)
#289150000
b101101001001 Y
1)
#289200000
0)
#289250000
b101101001010 Y
1)
#289300000
0)
#289350000
b101101001011 Y
1)
#289400000
0)
#289450000
b101101001100 Y
1)
#289500000
0)
#289550000
b101101001101 Y
1)
#289600000
0)
#289650000
b101101001110 Y
1)
#289700000
0)
#289750000
b101101001111 Y
1)
#289800000
0)
#289850000
b101101010000 Y
1)
#289900000
0)
#289950000
b101101010001 Y
1)
#290000000
0)
#290050000
b101101010010 Y
1)
#290100000
0)
#290150000
b101101010011 Y
1)
#290200000
0)
#290250000
b101101010100 Y
1)
#290300000
0)
#290350000
b101101010101 Y
1)
#290400000
0)
#290450000
b101101010110 Y
1)
#290500000
0)
#290550000
b101101010111 Y
1)
#290600000
0)
#290650000
b101101011000 Y
1)
#290700000
0)
#290750000
b101101011001 Y
1)
#290800000
0)
#290850000
b101101011010 Y
1)
#290900000
0)
#290950000
b101101011011 Y
1)
#291000000
0)
#291050000
b101101011100 Y
1)
#291100000
0)
#291150000
b101101011101 Y
1)
#291200000
0)
#291250000
b101101011110 Y
1)
#291300000
0)
#291350000
b101101011111 Y
1)
#291400000
0)
#291450000
b101101100000 Y
1)
#291500000
0)
#291550000
b101101100001 Y
1)
#291600000
0)
#291650000
b101101100010 Y
1)
#291700000
0)
#291750000
b101101100011 Y
1)
#291800000
0)
#291850000
b101101100100 Y
1)
#291900000
0)
#291950000
b101101100101 Y
1)
#292000000
0)
#292050000
b101101100110 Y
1)
#292100000
0)
#292150000
b101101100111 Y
1)
#292200000
0)
#292250000
b101101101000 Y
1)
#292300000
0)
#292350000
b101101101001 Y
1)
#292400000
0)
#292450000
b101101101010 Y
1)
#292500000
0)
#292550000
b101101101011 Y
1)
#292600000
0)
#292650000
b101101101100 Y
1)
#292700000
0)
#292750000
b101101101101 Y
1)
#292800000
0)
#292850000
b101101101110 Y
1)
#292900000
0)
#292950000
b101101101111 Y
1)
#293000000
0)
#293050000
b101101110000 Y
1)
#293100000
0)
#293150000
b101101110001 Y
1)
#293200000
0)
#293250000
b101101110010 Y
1)
#293300000
0)
#293350000
b101101110011 Y
1)
#293400000
0)
#293450000
b101101110100 Y
1)
#293500000
0)
#293550000
b101101110101 Y
1)
#293600000
0)
#293650000
b101101110110 Y
1)
#293700000
0)
#293750000
b101101110111 Y
1)
#293800000
0)
#293850000
b101101111000 Y
1)
#293900000
0)
#293950000
b101101111001 Y
1)
#294000000
0)
#294050000
b101101111010 Y
1)
#294100000
0)
#294150000
b101101111011 Y
1)
#294200000
0)
#294250000
b101101111100 Y
1)
#294300000
0)
#294350000
b101101111101 Y
1)
#294400000
0)
#294450000
b101101111110 Y
1)
#294500000
0)
#294550000
b101101111111 Y
1)
#294600000
0)
#294650000
b101110000000 Y
1)
#294700000
0)
#294750000
b101110000001 Y
1)
#294800000
0)
#294850000
b101110000010 Y
1)
#294900000
0)
#294950000
b101110000011 Y
1)
#295000000
0)
#295050000
b101110000100 Y
1)
#295100000
0)
#295150000
b101110000101 Y
1)
#295200000
0)
#295250000
b101110000110 Y
1)
#295300000
0)
#295350000
b101110000111 Y
1)
#295400000
0)
#295450000
b101110001000 Y
1)
#295500000
0)
#295550000
b101110001001 Y
1)
#295600000
0)
#295650000
b101110001010 Y
1)
#295700000
0)
#295750000
b101110001011 Y
1)
#295800000
0)
#295850000
b101110001100 Y
1)
#295900000
0)
#295950000
b101110001101 Y
1)
#296000000
0)
#296050000
b101110001110 Y
1)
#296100000
0)
#296150000
b101110001111 Y
1)
#296200000
0)
#296250000
b101110010000 Y
1)
#296300000
0)
#296350000
b101110010001 Y
1)
#296400000
0)
#296450000
b101110010010 Y
1)
#296500000
0)
#296550000
b101110010011 Y
1)
#296600000
0)
#296650000
b101110010100 Y
1)
#296700000
0)
#296750000
b101110010101 Y
1)
#296800000
0)
#296850000
b101110010110 Y
1)
#296900000
0)
#296950000
b101110010111 Y
1)
#297000000
0)
#297050000
b101110011000 Y
1)
#297100000
0)
#297150000
b101110011001 Y
1)
#297200000
0)
#297250000
b101110011010 Y
1)
#297300000
0)
#297350000
b101110011011 Y
1)
#297400000
0)
#297450000
b101110011100 Y
1)
#297500000
0)
#297550000
b101110011101 Y
1)
#297600000
0)
#297650000
b101110011110 Y
1)
#297700000
0)
#297750000
b101110011111 Y
1)
#297800000
0)
#297850000
b101110100000 Y
1)
#297900000
0)
#297950000
b101110100001 Y
1)
#298000000
0)
#298050000
b101110100010 Y
1)
#298100000
0)
#298150000
b101110100011 Y
1)
#298200000
0)
#298250000
b101110100100 Y
1)
#298300000
0)
#298350000
b101110100101 Y
1)
#298400000
0)
#298450000
b101110100110 Y
1)
#298500000
0)
#298550000
b101110100111 Y
1)
#298600000
0)
#298650000
b101110101000 Y
1)
#298700000
0)
#298750000
b101110101001 Y
1)
#298800000
0)
#298850000
b101110101010 Y
1)
#298900000
0)
#298950000
b101110101011 Y
1)
#299000000
0)
#299050000
b101110101100 Y
1)
#299100000
0)
#299150000
b101110101101 Y
1)
#299200000
0)
#299250000
b101110101110 Y
1)
#299300000
0)
#299350000
b101110101111 Y
1)
#299400000
0)
#299450000
b101110110000 Y
1)
#299500000
0)
#299550000
b101110110001 Y
1)
#299600000
0)
#299650000
b101110110010 Y
1)
#299700000
0)
#299750000
b101110110011 Y
1)
#299800000
0)
#299850000
b101110110100 Y
1)
#299900000
0)
#299950000
b101110110101 Y
1)
#300000000
0)
#300050000
b101110110110 Y
1)
#300100000
0)
#300150000
b101110110111 Y
1)
#300200000
0)
#300250000
b101110111000 Y
1)
#300300000
0)
#300350000
b101110111001 Y
1)
#300400000
0)
#300450000
b101110111010 Y
1)
#300500000
0)
#300550000
b101110111011 Y
1)
#300600000
0)
#300650000
b101110111100 Y
1)
#300700000
0)
#300750000
b101110111101 Y
1)
#300800000
0)
#300850000
b101110111110 Y
1)
#300900000
0)
#300950000
b101110111111 Y
1)
#301000000
0)
#301050000
b101111000000 Y
1)
#301100000
0)
#301150000
b101111000001 Y
1)
#301200000
0)
#301250000
b101111000010 Y
1)
#301300000
0)
#301350000
b101111000011 Y
1)
#301400000
0)
#301450000
b101111000100 Y
1)
#301500000
0)
#301550000
b101111000101 Y
1)
#301600000
0)
#301650000
b101111000110 Y
1)
#301700000
0)
#301750000
b101111000111 Y
1)
#301800000
0)
#301850000
b101111001000 Y
1)
#301900000
0)
#301950000
b101111001001 Y
1)
#302000000
0)
#302050000
b101111001010 Y
1)
#302100000
0)
#302150000
b101111001011 Y
1)
#302200000
0)
#302250000
b101111001100 Y
1)
#302300000
0)
#302350000
b101111001101 Y
1)
#302400000
0)
#302450000
b101111001110 Y
1)
#302500000
0)
#302550000
b101111001111 Y
1)
#302600000
0)
#302650000
b101111010000 Y
1)
#302700000
0)
#302750000
b101111010001 Y
1)
#302800000
0)
#302850000
b101111010010 Y
1)
#302900000
0)
#302950000
b101111010011 Y
1)
#303000000
0)
#303050000
b101111010100 Y
1)
#303100000
0)
#303150000
b101111010101 Y
1)
#303200000
0)
#303250000
b101111010110 Y
1)
#303300000
0)
#303350000
b101111010111 Y
1)
#303400000
0)
#303450000
b101111011000 Y
1)
#303500000
0)
#303550000
b101111011001 Y
1)
#303600000
0)
#303650000
b101111011010 Y
1)
#303700000
0)
#303750000
b101111011011 Y
1)
#303800000
0)
#303850000
b101111011100 Y
1)
#303900000
0)
#303950000
b101111011101 Y
1)
#304000000
0)
#304050000
b101111011110 Y
1)
#304100000
0)
#304150000
b101111011111 Y
1)
#304200000
0)
#304250000
b101111100000 Y
1)
#304300000
0)
#304350000
b101111100001 Y
1)
#304400000
0)
#304450000
b101111100010 Y
1)
#304500000
0)
#304550000
b101111100011 Y
1)
#304600000
0)
#304650000
b101111100100 Y
1)
#304700000
0)
#304750000
b101111100101 Y
1)
#304800000
0)
#304850000
b101111100110 Y
1)
#304900000
0)
#304950000
b101111100111 Y
1)
#305000000
0)
#305050000
b101111101000 Y
1)
#305100000
0)
#305150000
b101111101001 Y
1)
#305200000
0)
#305250000
b101111101010 Y
1)
#305300000
0)
#305350000
b101111101011 Y
1)
#305400000
0)
#305450000
b101111101100 Y
1)
#305500000
0)
#305550000
b101111101101 Y
1)
#305600000
0)
#305650000
b101111101110 Y
1)
#305700000
0)
#305750000
b101111101111 Y
1)
#305800000
0)
#305850000
b101111110000 Y
1)
#305900000
0)
#305950000
b101111110001 Y
1)
#306000000
0)
#306050000
b101111110010 Y
1)
#306100000
0)
#306150000
b101111110011 Y
1)
#306200000
0)
#306250000
b101111110100 Y
1)
#306300000
0)
#306350000
b101111110101 Y
1)
#306400000
0)
#306450000
b101111110110 Y
1)
#306500000
0)
#306550000
b101111110111 Y
1)
#306600000
0)
#306650000
b101111111000 Y
1)
#306700000
0)
#306750000
b101111111001 Y
1)
#306800000
0)
#306850000
b101111111010 Y
1)
#306900000
0)
#306950000
b101111111011 Y
1)
#307000000
0)
#307050000
b101111111100 Y
1)
#307100000
0)
#307150000
b101111111101 Y
1)
#307200000
0)
#307250000
b101111111110 Y
1)
#307300000
0)
#307350000
b101111111111 Y
1)
#307400000
0)
#307450000
b110000000000 Y
1)
#307500000
0)
#307550000
b110000000001 Y
1)
#307600000
0)
#307650000
b110000000010 Y
1)
#307700000
0)
#307750000
b110000000011 Y
1)
#307800000
0)
#307850000
b110000000100 Y
1)
#307900000
0)
#307950000
b110000000101 Y
1)
#308000000
0)
#308050000
b110000000110 Y
1)
#308100000
0)
#308150000
b110000000111 Y
1)
#308200000
0)
#308250000
b110000001000 Y
1)
#308300000
0)
#308350000
b110000001001 Y
1)
#308400000
0)
#308450000
b110000001010 Y
1)
#308500000
0)
#308550000
b110000001011 Y
1)
#308600000
0)
#308650000
b110000001100 Y
1)
#308700000
0)
#308750000
b110000001101 Y
1)
#308800000
0)
#308850000
b110000001110 Y
1)
#308900000
0)
#308950000
b110000001111 Y
1)
#309000000
0)
#309050000
b110000010000 Y
1)
#309100000
0)
#309150000
b110000010001 Y
1)
#309200000
0)
#309250000
b110000010010 Y
1)
#309300000
0)
#309350000
b110000010011 Y
1)
#309400000
0)
#309450000
b110000010100 Y
1)
#309500000
0)
#309550000
b110000010101 Y
1)
#309600000
0)
#309650000
b110000010110 Y
1)
#309700000
0)
#309750000
b110000010111 Y
1)
#309800000
0)
#309850000
b110000011000 Y
1)
#309900000
0)
#309950000
b110000011001 Y
1)
#310000000
0)
#310050000
b110000011010 Y
1)
#310100000
0)
#310150000
b110000011011 Y
1)
#310200000
0)
#310250000
b110000011100 Y
1)
#310300000
0)
#310350000
b110000011101 Y
1)
#310400000
0)
#310450000
b110000011110 Y
1)
#310500000
0)
#310550000
b110000011111 Y
1)
#310600000
0)
#310650000
b110000100000 Y
1)
#310700000
0)
#310750000
b110000100001 Y
1)
#310800000
0)
#310850000
b110000100010 Y
1)
#310900000
0)
#310950000
b110000100011 Y
1)
#311000000
0)
#311050000
b110000100100 Y
1)
#311100000
0)
#311150000
b110000100101 Y
1)
#311200000
0)
#311250000
b110000100110 Y
1)
#311300000
0)
#311350000
b110000100111 Y
1)
#311400000
0)
#311450000
b110000101000 Y
1)
#311500000
0)
#311550000
b110000101001 Y
1)
#311600000
0)
#311650000
b110000101010 Y
1)
#311700000
0)
#311750000
b110000101011 Y
1)
#311800000
0)
#311850000
b110000101100 Y
1)
#311900000
0)
#311950000
b110000101101 Y
1)
#312000000
0)
#312050000
b110000101110 Y
1)
#312100000
0)
#312150000
b110000101111 Y
1)
#312200000
0)
#312250000
b110000110000 Y
1)
#312300000
0)
#312350000
b110000110001 Y
1)
#312400000
0)
#312450000
b110000110010 Y
1)
#312500000
0)
#312550000
b110000110011 Y
1)
#312600000
0)
#312650000
b110000110100 Y
1)
#312700000
0)
#312750000
b110000110101 Y
1)
#312800000
0)
#312850000
b110000110110 Y
1)
#312900000
0)
#312950000
b110000110111 Y
1)
#313000000
0)
#313050000
b110000111000 Y
1)
#313100000
0)
#313150000
b110000111001 Y
1)
#313200000
0)
#313250000
b110000111010 Y
1)
#313300000
0)
#313350000
b110000111011 Y
1)
#313400000
0)
#313450000
b110000111100 Y
1)
#313500000
0)
#313550000
b110000111101 Y
1)
#313600000
0)
#313650000
b110000111110 Y
1)
#313700000
0)
#313750000
b110000111111 Y
1)
#313800000
0)
#313850000
b110001000000 Y
1)
#313900000
0)
#313950000
b110001000001 Y
1)
#314000000
0)
#314050000
b110001000010 Y
1)
#314100000
0)
#314150000
b110001000011 Y
1)
#314200000
0)
#314250000
b110001000100 Y
1)
#314300000
0)
#314350000
b110001000101 Y
1)
#314400000
0)
#314450000
b110001000110 Y
1)
#314500000
0)
#314550000
b110001000111 Y
1)
#314600000
0)
#314650000
b110001001000 Y
1)
#314700000
0)
#314750000
b110001001001 Y
1)
#314800000
0)
#314850000
b110001001010 Y
1)
#314900000
0)
#314950000
b110001001011 Y
1)
#315000000
0)
#315050000
b110001001100 Y
1)
#315100000
0)
#315150000
b110001001101 Y
1)
#315200000
0)
#315250000
b110001001110 Y
1)
#315300000
0)
#315350000
b110001001111 Y
1)
#315400000
0)
#315450000
b110001010000 Y
1)
#315500000
0)
#315550000
b110001010001 Y
1)
#315600000
0)
#315650000
b110001010010 Y
1)
#315700000
0)
#315750000
b110001010011 Y
1)
#315800000
0)
#315850000
b110001010100 Y
1)
#315900000
0)
#315950000
b110001010101 Y
1)
#316000000
0)
#316050000
b110001010110 Y
1)
#316100000
0)
#316150000
b110001010111 Y
1)
#316200000
0)
#316250000
b110001011000 Y
1)
#316300000
0)
#316350000
b110001011001 Y
1)
#316400000
0)
#316450000
b110001011010 Y
1)
#316500000
0)
#316550000
b110001011011 Y
1)
#316600000
0)
#316650000
b110001011100 Y
1)
#316700000
0)
#316750000
b110001011101 Y
1)
#316800000
0)
#316850000
b110001011110 Y
1)
#316900000
0)
#316950000
b110001011111 Y
1)
#317000000
0)
#317050000
b110001100000 Y
1)
#317100000
0)
#317150000
b110001100001 Y
1)
#317200000
0)
#317250000
b110001100010 Y
1)
#317300000
0)
#317350000
b110001100011 Y
1)
#317400000
0)
#317450000
b110001100100 Y
1)
#317500000
0)
#317550000
b110001100101 Y
1)
#317600000
0)
#317650000
b110001100110 Y
1)
#317700000
0)
#317750000
b110001100111 Y
1)
#317800000
0)
#317850000
b110001101000 Y
1)
#317900000
0)
#317950000
b110001101001 Y
1)
#318000000
0)
#318050000
b110001101010 Y
1)
#318100000
0)
#318150000
b110001101011 Y
1)
#318200000
0)
#318250000
b110001101100 Y
1)
#318300000
0)
#318350000
b110001101101 Y
1)
#318400000
0)
#318450000
b110001101110 Y
1)
#318500000
0)
#318550000
b110001101111 Y
1)
#318600000
0)
#318650000
b110001110000 Y
1)
#318700000
0)
#318750000
b110001110001 Y
1)
#318800000
0)
#318850000
b110001110010 Y
1)
#318900000
0)
#318950000
b110001110011 Y
1)
#319000000
0)
#319050000
b110001110100 Y
1)
#319100000
0)
#319150000
b110001110101 Y
1)
#319200000
0)
#319250000
b110001110110 Y
1)
#319300000
0)
#319350000
b110001110111 Y
1)
#319400000
0)
#319450000
b110001111000 Y
1)
#319500000
0)
#319550000
b110001111001 Y
1)
#319600000
0)
#319650000
b110001111010 Y
1)
#319700000
0)
#319750000
b110001111011 Y
1)
#319800000
0)
#319850000
b110001111100 Y
1)
#319900000
0)
#319950000
b110001111101 Y
1)
#320000000
0)
#320050000
b110001111110 Y
1)
#320100000
0)
#320150000
b110001111111 Y
1)
#320200000
0)
#320250000
b110010000000 Y
1)
#320300000
0)
#320350000
b110010000001 Y
1)
#320400000
0)
#320450000
b110010000010 Y
1)
#320500000
0)
#320550000
b110010000011 Y
1)
#320600000
0)
#320650000
b110010000100 Y
1)
#320700000
0)
#320750000
b110010000101 Y
1)
#320800000
0)
#320850000
b110010000110 Y
1)
#320900000
0)
#320950000
b110010000111 Y
1)
#321000000
0)
#321050000
b110010001000 Y
1)
#321100000
0)
#321150000
b110010001001 Y
1)
#321200000
0)
#321250000
b110010001010 Y
1)
#321300000
0)
#321350000
b110010001011 Y
1)
#321400000
0)
#321450000
b110010001100 Y
1)
#321500000
0)
#321550000
b110010001101 Y
1)
#321600000
0)
#321650000
b110010001110 Y
1)
#321700000
0)
#321750000
b110010001111 Y
1)
#321800000
0)
#321850000
b110010010000 Y
1)
#321900000
0)
#321950000
b110010010001 Y
1)
#322000000
0)
#322050000
b110010010010 Y
1)
#322100000
0)
#322150000
b110010010011 Y
1)
#322200000
0)
#322250000
b110010010100 Y
1)
#322300000
0)
#322350000
b110010010101 Y
1)
#322400000
0)
#322450000
b110010010110 Y
1)
#322500000
0)
#322550000
b110010010111 Y
1)
#322600000
0)
#322650000
b110010011000 Y
1)
#322700000
0)
#322750000
b110010011001 Y
1)
#322800000
0)
#322850000
b110010011010 Y
1)
#322900000
0)
#322950000
b110010011011 Y
1)
#323000000
0)
#323050000
b110010011100 Y
1)
#323100000
0)
#323150000
b110010011101 Y
1)
#323200000
0)
#323250000
b110010011110 Y
1)
#323300000
0)
#323350000
b110010011111 Y
1)
#323400000
0)
#323450000
b110010100000 Y
1)
#323500000
0)
#323550000
b110010100001 Y
1)
#323600000
0)
#323650000
b110010100010 Y
1)
#323700000
0)
#323750000
b110010100011 Y
1)
#323800000
0)
#323850000
b110010100100 Y
1)
#323900000
0)
#323950000
b110010100101 Y
1)
#324000000
0)
#324050000
b110010100110 Y
1)
#324100000
0)
#324150000
b110010100111 Y
1)
#324200000
0)
#324250000
b110010101000 Y
1)
#324300000
0)
#324350000
b110010101001 Y
1)
#324400000
0)
#324450000
b110010101010 Y
1)
#324500000
0)
#324550000
b110010101011 Y
1)
#324600000
0)
#324650000
b110010101100 Y
1)
#324700000
0)
#324750000
b110010101101 Y
1)
#324800000
0)
#324850000
b110010101110 Y
1)
#324900000
0)
#324950000
b110010101111 Y
1)
#325000000
0)
#325050000
b110010110000 Y
1)
#325100000
0)
#325150000
b110010110001 Y
1)
#325200000
0)
#325250000
b110010110010 Y
1)
#325300000
0)
#325350000
b110010110011 Y
1)
#325400000
0)
#325450000
b110010110100 Y
1)
#325500000
0)
#325550000
b110010110101 Y
1)
#325600000
0)
#325650000
b110010110110 Y
1)
#325700000
0)
#325750000
b110010110111 Y
1)
#325800000
0)
#325850000
b110010111000 Y
1)
#325900000
0)
#325950000
b110010111001 Y
1)
#326000000
0)
#326050000
b110010111010 Y
1)
#326100000
0)
#326150000
b110010111011 Y
1)
#326200000
0)
#326250000
b110010111100 Y
1)
#326300000
0)
#326350000
b110010111101 Y
1)
#326400000
0)
#326450000
b110010111110 Y
1)
#326500000
0)
#326550000
b110010111111 Y
1)
#326600000
0)
#326650000
b110011000000 Y
1)
#326700000
0)
#326750000
b110011000001 Y
1)
#326800000
0)
#326850000
b110011000010 Y
1)
#326900000
0)
#326950000
b110011000011 Y
1)
#327000000
0)
#327050000
b110011000100 Y
1)
#327100000
0)
#327150000
b110011000101 Y
1)
#327200000
0)
#327250000
b110011000110 Y
1)
#327300000
0)
#327350000
b110011000111 Y
1)
#327400000
0)
#327450000
b110011001000 Y
1)
#327500000
0)
#327550000
b110011001001 Y
1)
#327600000
0)
#327650000
b110011001010 Y
1)
#327700000
0)
#327750000
b110011001011 Y
1)
#327800000
0)
#327850000
b110011001100 Y
1)
#327900000
0)
#327950000
b110011001101 Y
1)
#328000000
0)
#328050000
b110011001110 Y
1)
#328100000
0)
#328150000
b110011001111 Y
1)
#328200000
0)
#328250000
b110011010000 Y
1)
#328300000
0)
#328350000
b110011010001 Y
1)
#328400000
0)
#328450000
b110011010010 Y
1)
#328500000
0)
#328550000
b110011010011 Y
1)
#328600000
0)
#328650000
b110011010100 Y
1)
#328700000
0)
#328750000
b110011010101 Y
1)
#328800000
0)
#328850000
b110011010110 Y
1)
#328900000
0)
#328950000
b110011010111 Y
1)
#329000000
0)
#329050000
b110011011000 Y
1)
#329100000
0)
#329150000
b110011011001 Y
1)
#329200000
0)
#329250000
b110011011010 Y
1)
#329300000
0)
#329350000
b110011011011 Y
1)
#329400000
0)
#329450000
b110011011100 Y
1)
#329500000
0)
#329550000
b110011011101 Y
1)
#329600000
0)
#329650000
b110011011110 Y
1)
#329700000
0)
#329750000
b110011011111 Y
1)
#329800000
0)
#329850000
b110011100000 Y
1)
#329900000
0)
#329950000
b110011100001 Y
1)
#330000000
0)
#330050000
b110011100010 Y
1)
#330100000
0)
#330150000
b110011100011 Y
1)
#330200000
0)
#330250000
b110011100100 Y
1)
#330300000
0)
#330350000
b110011100101 Y
1)
#330400000
0)
#330450000
b110011100110 Y
1)
#330500000
0)
#330550000
b110011100111 Y
1)
#330600000
0)
#330650000
b110011101000 Y
1)
#330700000
0)
#330750000
b110011101001 Y
1)
#330800000
0)
#330850000
b110011101010 Y
1)
#330900000
0)
#330950000
b110011101011 Y
1)
#331000000
0)
#331050000
b110011101100 Y
1)
#331100000
0)
#331150000
b110011101101 Y
1)
#331200000
0)
#331250000
b110011101110 Y
1)
#331300000
0)
#331350000
b110011101111 Y
1)
#331400000
0)
#331450000
b110011110000 Y
1)
#331500000
0)
#331550000
b110011110001 Y
1)
#331600000
0)
#331650000
b110011110010 Y
1)
#331700000
0)
#331750000
b110011110011 Y
1)
#331800000
0)
#331850000
b110011110100 Y
1)
#331900000
0)
#331950000
b110011110101 Y
1)
#332000000
0)
#332050000
b110011110110 Y
1)
#332100000
0)
#332150000
b110011110111 Y
1)
#332200000
0)
#332250000
b110011111000 Y
1)
#332300000
0)
#332350000
b110011111001 Y
1)
#332400000
0)
#332450000
b110011111010 Y
1)
#332500000
0)
#332550000
b110011111011 Y
1)
#332600000
0)
#332650000
b110011111100 Y
1)
#332700000
0)
#332750000
b110011111101 Y
1)
#332800000
0)
#332850000
b110011111110 Y
1)
#332900000
0)
#332950000
b110011111111 Y
1)
#333000000
0)
#333050000
b110100000000 Y
1)
#333100000
0)
#333150000
b110100000001 Y
1)
#333200000
0)
#333250000
b110100000010 Y
1)
#333300000
0)
#333350000
b110100000011 Y
1)
#333400000
0)
#333450000
b110100000100 Y
1)
#333500000
0)
#333550000
b110100000101 Y
1)
#333600000
0)
#333650000
b110100000110 Y
1)
#333700000
0)
#333750000
b110100000111 Y
1)
#333800000
0)
#333850000
b110100001000 Y
1)
#333900000
0)
#333950000
b110100001001 Y
1)
#334000000
0)
#334050000
b110100001010 Y
1)
#334100000
0)
#334150000
b110100001011 Y
1)
#334200000
0)
#334250000
b110100001100 Y
1)
#334300000
0)
#334350000
b110100001101 Y
1)
#334400000
0)
#334450000
b110100001110 Y
1)
#334500000
0)
#334550000
b110100001111 Y
1)
#334600000
0)
#334650000
b110100010000 Y
1)
#334700000
0)
#334750000
b110100010001 Y
1)
#334800000
0)
#334850000
b110100010010 Y
1)
#334900000
0)
#334950000
b110100010011 Y
1)
#335000000
0)
#335050000
b110100010100 Y
1)
#335100000
0)
#335150000
b110100010101 Y
1)
#335200000
0)
#335250000
b110100010110 Y
1)
#335300000
0)
#335350000
b110100010111 Y
1)
#335400000
0)
#335450000
b110100011000 Y
1)
#335500000
0)
#335550000
b110100011001 Y
1)
#335600000
0)
#335650000
b110100011010 Y
1)
#335700000
0)
#335750000
b110100011011 Y
1)
#335800000
0)
#335850000
b110100011100 Y
1)
#335900000
0)
#335950000
b110100011101 Y
1)
#336000000
0)
#336050000
b110100011110 Y
1)
#336100000
0)
#336150000
b110100011111 Y
1)
#336200000
0)
#336250000
b110100100000 Y
1)
#336300000
0)
#336350000
b110100100001 Y
1)
#336400000
0)
#336450000
b110100100010 Y
1)
#336500000
0)
#336550000
b110100100011 Y
1)
#336600000
0)
#336650000
b110100100100 Y
1)
#336700000
0)
#336750000
b110100100101 Y
1)
#336800000
0)
#336850000
b110100100110 Y
1)
#336900000
0)
#336950000
b110100100111 Y
1)
#337000000
0)
#337050000
b110100101000 Y
1)
#337100000
0)
#337150000
b110100101001 Y
1)
#337200000
0)
#337250000
b110100101010 Y
1)
#337300000
0)
#337350000
b110100101011 Y
1)
#337400000
0)
#337450000
b110100101100 Y
1)
#337500000
0)
#337550000
b110100101101 Y
1)
#337600000
0)
#337650000
b110100101110 Y
1)
#337700000
0)
#337750000
b110100101111 Y
1)
#337800000
0)
#337850000
b110100110000 Y
1)
#337900000
0)
#337950000
b110100110001 Y
1)
#338000000
0)
#338050000
b110100110010 Y
1)
#338100000
0)
#338150000
b110100110011 Y
1)
#338200000
0)
#338250000
b110100110100 Y
1)
#338300000
0)
#338350000
b110100110101 Y
1)
#338400000
0)
#338450000
b110100110110 Y
1)
#338500000
0)
#338550000
b110100110111 Y
1)
#338600000
0)
#338650000
b110100111000 Y
1)
#338700000
0)
#338750000
b110100111001 Y
1)
#338800000
0)
#338850000
b110100111010 Y
1)
#338900000
0)
#338950000
b110100111011 Y
1)
#339000000
0)
#339050000
b110100111100 Y
1)
#339100000
0)
#339150000
b110100111101 Y
1)
#339200000
0)
#339250000
b110100111110 Y
1)
#339300000
0)
#339350000
b110100111111 Y
1)
#339400000
0)
#339450000
b110101000000 Y
1)
#339500000
0)
#339550000
b110101000001 Y
1)
#339600000
0)
#339650000
b110101000010 Y
1)
#339700000
0)
#339750000
b110101000011 Y
1)
#339800000
0)
#339850000
b110101000100 Y
1)
#339900000
0)
#339950000
b110101000101 Y
1)
#340000000
0)
#340050000
b110101000110 Y
1)
#340100000
0)
#340150000
b110101000111 Y
1)
#340200000
0)
#340250000
b110101001000 Y
1)
#340300000
0)
#340350000
b110101001001 Y
1)
#340400000
0)
#340450000
b110101001010 Y
1)
#340500000
0)
#340550000
b110101001011 Y
1)
#340600000
0)
#340650000
b110101001100 Y
1)
#340700000
0)
#340750000
b110101001101 Y
1)
#340800000
0)
#340850000
b110101001110 Y
1)
#340900000
0)
#340950000
b110101001111 Y
1)
#341000000
0)
#341050000
b110101010000 Y
1)
#341100000
0)
#341150000
b110101010001 Y
1)
#341200000
0)
#341250000
b110101010010 Y
1)
#341300000
0)
#341350000
b110101010011 Y
1)
#341400000
0)
#341450000
b110101010100 Y
1)
#341500000
0)
#341550000
b110101010101 Y
1)
#341600000
0)
#341650000
b110101010110 Y
1)
#341700000
0)
#341750000
b110101010111 Y
1)
#341800000
0)
#341850000
b110101011000 Y
1)
#341900000
0)
#341950000
b110101011001 Y
1)
#342000000
0)
#342050000
b110101011010 Y
1)
#342100000
0)
#342150000
b110101011011 Y
1)
#342200000
0)
#342250000
b110101011100 Y
1)
#342300000
0)
#342350000
b110101011101 Y
1)
#342400000
0)
#342450000
b110101011110 Y
1)
#342500000
0)
#342550000
b110101011111 Y
1)
#342600000
0)
#342650000
b110101100000 Y
1)
#342700000
0)
#342750000
b110101100001 Y
1)
#342800000
0)
#342850000
b110101100010 Y
1)
#342900000
0)
#342950000
b110101100011 Y
1)
#343000000
0)
#343050000
b110101100100 Y
1)
#343100000
0)
#343150000
b110101100101 Y
1)
#343200000
0)
#343250000
b110101100110 Y
1)
#343300000
0)
#343350000
b110101100111 Y
1)
#343400000
0)
#343450000
b110101101000 Y
1)
#343500000
0)
#343550000
b110101101001 Y
1)
#343600000
0)
#343650000
b110101101010 Y
1)
#343700000
0)
#343750000
b110101101011 Y
1)
#343800000
0)
#343850000
b110101101100 Y
1)
#343900000
0)
#343950000
b110101101101 Y
1)
#344000000
0)
#344050000
b110101101110 Y
1)
#344100000
0)
#344150000
b110101101111 Y
1)
#344200000
0)
#344250000
b110101110000 Y
1)
#344300000
0)
#344350000
b110101110001 Y
1)
#344400000
0)
#344450000
b110101110010 Y
1)
#344500000
0)
#344550000
b110101110011 Y
1)
#344600000
0)
#344650000
b110101110100 Y
1)
#344700000
0)
#344750000
b110101110101 Y
1)
#344800000
0)
#344850000
b110101110110 Y
1)
#344900000
0)
#344950000
b110101110111 Y
1)
#345000000
0)
#345050000
b110101111000 Y
1)
#345100000
0)
#345150000
b110101111001 Y
1)
#345200000
0)
#345250000
b110101111010 Y
1)
#345300000
0)
#345350000
b110101111011 Y
1)
#345400000
0)
#345450000
b110101111100 Y
1)
#345500000
0)
#345550000
b110101111101 Y
1)
#345600000
0)
#345650000
b110101111110 Y
1)
#345700000
0)
#345750000
b110101111111 Y
1)
#345800000
0)
#345850000
b110110000000 Y
1)
#345900000
0)
#345950000
b110110000001 Y
1)
#346000000
0)
#346050000
b110110000010 Y
1)
#346100000
0)
#346150000
b110110000011 Y
1)
#346200000
0)
#346250000
b110110000100 Y
1)
#346300000
0)
#346350000
b110110000101 Y
1)
#346400000
0)
#346450000
b110110000110 Y
1)
#346500000
0)
#346550000
b110110000111 Y
1)
#346600000
0)
#346650000
b110110001000 Y
1)
#346700000
0)
#346750000
b110110001001 Y
1)
#346800000
0)
#346850000
b110110001010 Y
1)
#346900000
0)
#346950000
b110110001011 Y
1)
#347000000
0)
#347050000
b110110001100 Y
1)
#347100000
0)
#347150000
b110110001101 Y
1)
#347200000
0)
#347250000
b110110001110 Y
1)
#347300000
0)
#347350000
b110110001111 Y
1)
#347400000
0)
#347450000
b110110010000 Y
1)
#347500000
0)
#347550000
b110110010001 Y
1)
#347600000
0)
#347650000
b110110010010 Y
1)
#347700000
0)
#347750000
b110110010011 Y
1)
#347800000
0)
#347850000
b110110010100 Y
1)
#347900000
0)
#347950000
b110110010101 Y
1)
#348000000
0)
#348050000
b110110010110 Y
1)
#348100000
0)
#348150000
b110110010111 Y
1)
#348200000
0)
#348250000
b110110011000 Y
1)
#348300000
0)
#348350000
b110110011001 Y
1)
#348400000
0)
#348450000
b110110011010 Y
1)
#348500000
0)
#348550000
b110110011011 Y
1)
#348600000
0)
#348650000
b110110011100 Y
1)
#348700000
0)
#348750000
b110110011101 Y
1)
#348800000
0)
#348850000
b110110011110 Y
1)
#348900000
0)
#348950000
b110110011111 Y
1)
#349000000
0)
#349050000
b110110100000 Y
1)
#349100000
0)
#349150000
b110110100001 Y
1)
#349200000
0)
#349250000
b110110100010 Y
1)
#349300000
0)
#349350000
b110110100011 Y
1)
#349400000
0)
#349450000
b110110100100 Y
1)
#349500000
0)
#349550000
b110110100101 Y
1)
#349600000
0)
#349650000
b110110100110 Y
1)
#349700000
0)
#349750000
b110110100111 Y
1)
#349800000
0)
#349850000
b110110101000 Y
1)
#349900000
0)
#349950000
b110110101001 Y
1)
#350000000
0)
#350050000
b110110101010 Y
1)
#350100000
0)
#350150000
b110110101011 Y
1)
#350200000
0)
#350250000
b110110101100 Y
1)
#350300000
0)
#350350000
b110110101101 Y
1)
#350400000
0)
#350450000
b110110101110 Y
1)
#350500000
0)
#350550000
b110110101111 Y
1)
#350600000
0)
#350650000
b110110110000 Y
1)
#350700000
0)
#350750000
b110110110001 Y
1)
#350800000
0)
#350850000
b110110110010 Y
1)
#350900000
0)
#350950000
b110110110011 Y
1)
#351000000
0)
#351050000
b110110110100 Y
1)
#351100000
0)
#351150000
b110110110101 Y
1)
#351200000
0)
#351250000
b110110110110 Y
1)
#351300000
0)
#351350000
b110110110111 Y
1)
#351400000
0)
#351450000
b110110111000 Y
1)
#351500000
0)
#351550000
b110110111001 Y
1)
#351600000
0)
#351650000
b110110111010 Y
1)
#351700000
0)
#351750000
b110110111011 Y
1)
#351800000
0)
#351850000
b110110111100 Y
1)
#351900000
0)
#351950000
b110110111101 Y
1)
#352000000
0)
#352050000
b110110111110 Y
1)
#352100000
0)
#352150000
b110110111111 Y
1)
#352200000
0)
#352250000
b110111000000 Y
1)
#352300000
0)
#352350000
b110111000001 Y
1)
#352400000
0)
#352450000
b110111000010 Y
1)
#352500000
0)
#352550000
b110111000011 Y
1)
#352600000
0)
#352650000
b110111000100 Y
1)
#352700000
0)
#352750000
b110111000101 Y
1)
#352800000
0)
#352850000
b110111000110 Y
1)
#352900000
0)
#352950000
b110111000111 Y
1)
#353000000
0)
#353050000
b110111001000 Y
1)
#353100000
0)
#353150000
b110111001001 Y
1)
#353200000
0)
#353250000
b110111001010 Y
1)
#353300000
0)
#353350000
b110111001011 Y
1)
#353400000
0)
#353450000
b110111001100 Y
1)
#353500000
0)
#353550000
b110111001101 Y
1)
#353600000
0)
#353650000
b110111001110 Y
1)
#353700000
0)
#353750000
b110111001111 Y
1)
#353800000
0)
#353850000
b110111010000 Y
1)
#353900000
0)
#353950000
b110111010001 Y
1)
#354000000
0)
#354050000
b110111010010 Y
1)
#354100000
0)
#354150000
b110111010011 Y
1)
#354200000
0)
#354250000
b110111010100 Y
1)
#354300000
0)
#354350000
b110111010101 Y
1)
#354400000
0)
#354450000
b110111010110 Y
1)
#354500000
0)
#354550000
b110111010111 Y
1)
#354600000
0)
#354650000
b110111011000 Y
1)
#354700000
0)
#354750000
b110111011001 Y
1)
#354800000
0)
#354850000
b110111011010 Y
1)
#354900000
0)
#354950000
b110111011011 Y
1)
#355000000
0)
#355050000
b110111011100 Y
1)
#355100000
0)
#355150000
b110111011101 Y
1)
#355200000
0)
#355250000
b110111011110 Y
1)
#355300000
0)
#355350000
b110111011111 Y
1)
#355400000
0)
#355450000
b110111100000 Y
1)
#355500000
0)
#355550000
b110111100001 Y
1)
#355600000
0)
#355650000
b110111100010 Y
1)
#355700000
0)
#355750000
b110111100011 Y
1)
#355800000
0)
#355850000
b110111100100 Y
1)
#355900000
0)
#355950000
b110111100101 Y
1)
#356000000
0)
#356050000
b110111100110 Y
1)
#356100000
0)
#356150000
b110111100111 Y
1)
#356200000
0)
#356250000
b110111101000 Y
1)
#356300000
0)
#356350000
b110111101001 Y
1)
#356400000
0)
#356450000
b110111101010 Y
1)
#356500000
0)
#356550000
b110111101011 Y
1)
#356600000
0)
#356650000
b110111101100 Y
1)
#356700000
0)
#356750000
b110111101101 Y
1)
#356800000
0)
#356850000
b110111101110 Y
1)
#356900000
0)
#356950000
b110111101111 Y
1)
#357000000
0)
#357050000
b110111110000 Y
1)
#357100000
0)
#357150000
b110111110001 Y
1)
#357200000
0)
#357250000
b110111110010 Y
1)
#357300000
0)
#357350000
b110111110011 Y
1)
#357400000
0)
#357450000
b110111110100 Y
1)
#357500000
0)
#357550000
b110111110101 Y
1)
#357600000
0)
#357650000
b110111110110 Y
1)
#357700000
0)
#357750000
b110111110111 Y
1)
#357800000
0)
#357850000
b110111111000 Y
1)
#357900000
0)
#357950000
b110111111001 Y
1)
#358000000
0)
#358050000
b110111111010 Y
1)
#358100000
0)
#358150000
b110111111011 Y
1)
#358200000
0)
#358250000
b110111111100 Y
1)
#358300000
0)
#358350000
b110111111101 Y
1)
#358400000
0)
#358450000
b110111111110 Y
1)
#358500000
0)
#358550000
b110111111111 Y
1)
#358600000
0)
#358650000
b111000000000 Y
1)
#358700000
0)
#358750000
b111000000001 Y
1)
#358800000
0)
#358850000
b111000000010 Y
1)
#358900000
0)
#358950000
b111000000011 Y
1)
#359000000
0)
#359050000
b111000000100 Y
1)
#359100000
0)
#359150000
b111000000101 Y
1)
#359200000
0)
#359250000
b111000000110 Y
1)
#359300000
0)
#359350000
b111000000111 Y
1)
#359400000
0)
#359450000
b111000001000 Y
1)
#359500000
0)
#359550000
b111000001001 Y
1)
#359600000
0)
#359650000
b111000001010 Y
1)
#359700000
0)
#359750000
b111000001011 Y
1)
#359800000
0)
#359850000
b111000001100 Y
1)
#359900000
0)
#359950000
b111000001101 Y
1)
#360000000
0)
#360050000
b111000001110 Y
1)
#360100000
0)
#360150000
b111000001111 Y
1)
#360200000
0)
#360250000
b111000010000 Y
1)
#360300000
0)
#360350000
b111000010001 Y
1)
#360400000
0)
#360450000
b111000010010 Y
1)
#360500000
0)
#360550000
b111000010011 Y
1)
#360600000
0)
#360650000
b111000010100 Y
1)
#360700000
0)
#360750000
b111000010101 Y
1)
#360800000
0)
#360850000
b111000010110 Y
1)
#360900000
0)
#360950000
b111000010111 Y
1)
#361000000
0)
#361050000
b111000011000 Y
1)
#361100000
0)
#361150000
b111000011001 Y
1)
#361200000
0)
#361250000
b111000011010 Y
1)
#361300000
0)
#361350000
b111000011011 Y
1)
#361400000
0)
#361450000
b111000011100 Y
1)
#361500000
0)
#361550000
b111000011101 Y
1)
#361600000
0)
#361650000
b111000011110 Y
1)
#361700000
0)
#361750000
b111000011111 Y
1)
#361800000
0)
#361850000
b111000100000 Y
1)
#361900000
0)
#361950000
b111000100001 Y
1)
#362000000
0)
#362050000
b111000100010 Y
1)
#362100000
0)
#362150000
b111000100011 Y
1)
#362200000
0)
#362250000
b111000100100 Y
1)
#362300000
0)
#362350000
b111000100101 Y
1)
#362400000
0)
#362450000
b111000100110 Y
1)
#362500000
0)
#362550000
b111000100111 Y
1)
#362600000
0)
#362650000
b111000101000 Y
1)
#362700000
0)
#362750000
b111000101001 Y
1)
#362800000
0)
#362850000
b111000101010 Y
1)
#362900000
0)
#362950000
b111000101011 Y
1)
#363000000
0)
#363050000
b111000101100 Y
1)
#363100000
0)
#363150000
b111000101101 Y
1)
#363200000
0)
#363250000
b111000101110 Y
1)
#363300000
0)
#363350000
b111000101111 Y
1)
#363400000
0)
#363450000
b111000110000 Y
1)
#363500000
0)
#363550000
b111000110001 Y
1)
#363600000
0)
#363650000
b111000110010 Y
1)
#363700000
0)
#363750000
b111000110011 Y
1)
#363800000
0)
#363850000
b111000110100 Y
1)
#363900000
0)
#363950000
b111000110101 Y
1)
#364000000
0)
#364050000
b111000110110 Y
1)
#364100000
0)
#364150000
b111000110111 Y
1)
#364200000
0)
#364250000
b111000111000 Y
1)
#364300000
0)
#364350000
b111000111001 Y
1)
#364400000
0)
#364450000
b111000111010 Y
1)
#364500000
0)
#364550000
b111000111011 Y
1)
#364600000
0)
#364650000
b111000111100 Y
1)
#364700000
0)
#364750000
b111000111101 Y
1)
#364800000
0)
#364850000
b111000111110 Y
1)
#364900000
0)
#364950000
b111000111111 Y
1)
#365000000
0)
#365050000
b111001000000 Y
1)
#365100000
0)
#365150000
b111001000001 Y
1)
#365200000
0)
#365250000
b111001000010 Y
1)
#365300000
0)
#365350000
b111001000011 Y
1)
#365400000
0)
#365450000
b111001000100 Y
1)
#365500000
0)
#365550000
b111001000101 Y
1)
#365600000
0)
#365650000
b111001000110 Y
1)
#365700000
0)
#365750000
b111001000111 Y
1)
#365800000
0)
#365850000
b111001001000 Y
1)
#365900000
0)
#365950000
b111001001001 Y
1)
#366000000
0)
#366050000
b111001001010 Y
1)
#366100000
0)
#366150000
b111001001011 Y
1)
#366200000
0)
#366250000
b111001001100 Y
1)
#366300000
0)
#366350000
b111001001101 Y
1)
#366400000
0)
#366450000
b111001001110 Y
1)
#366500000
0)
#366550000
b111001001111 Y
1)
#366600000
0)
#366650000
b111001010000 Y
1)
#366700000
0)
#366750000
b111001010001 Y
1)
#366800000
0)
#366850000
b111001010010 Y
1)
#366900000
0)
#366950000
b111001010011 Y
1)
#367000000
0)
#367050000
b111001010100 Y
1)
#367100000
0)
#367150000
b111001010101 Y
1)
#367200000
0)
#367250000
b111001010110 Y
1)
#367300000
0)
#367350000
b111001010111 Y
1)
#367400000
0)
#367450000
b111001011000 Y
1)
#367500000
0)
#367550000
b111001011001 Y
1)
#367600000
0)
#367650000
b111001011010 Y
1)
#367700000
0)
#367750000
b111001011011 Y
1)
#367800000
0)
#367850000
b111001011100 Y
1)
#367900000
0)
#367950000
b111001011101 Y
1)
#368000000
0)
#368050000
b111001011110 Y
1)
#368100000
0)
#368150000
b111001011111 Y
1)
#368200000
0)
#368250000
b111001100000 Y
1)
#368300000
0)
#368350000
b111001100001 Y
1)
#368400000
0)
#368450000
b111001100010 Y
1)
#368500000
0)
#368550000
b111001100011 Y
1)
#368600000
0)
#368650000
b111001100100 Y
1)
#368700000
0)
#368750000
b111001100101 Y
1)
#368800000
0)
#368850000
b111001100110 Y
1)
#368900000
0)
#368950000
b111001100111 Y
1)
#369000000
0)
#369050000
b111001101000 Y
1)
#369100000
0)
#369150000
b111001101001 Y
1)
#369200000
0)
#369250000
b111001101010 Y
1)
#369300000
0)
#369350000
b111001101011 Y
1)
#369400000
0)
#369450000
b111001101100 Y
1)
#369500000
0)
#369550000
b111001101101 Y
1)
#369600000
0)
#369650000
b111001101110 Y
1)
#369700000
0)
#369750000
b111001101111 Y
1)
#369800000
0)
#369850000
b111001110000 Y
1)
#369900000
0)
#369950000
b111001110001 Y
1)
#370000000
0)
#370050000
b111001110010 Y
1)
#370100000
0)
#370150000
b111001110011 Y
1)
#370200000
0)
#370250000
b111001110100 Y
1)
#370300000
0)
#370350000
b111001110101 Y
1)
#370400000
0)
#370450000
b111001110110 Y
1)
#370500000
0)
#370550000
b111001110111 Y
1)
#370600000
0)
#370650000
b111001111000 Y
1)
#370700000
0)
#370750000
b111001111001 Y
1)
#370800000
0)
#370850000
b111001111010 Y
1)
#370900000
0)
#370950000
b111001111011 Y
1)
#371000000
0)
#371050000
b111001111100 Y
1)
#371100000
0)
#371150000
b111001111101 Y
1)
#371200000
0)
#371250000
b111001111110 Y
1)
#371300000
0)
#371350000
b111001111111 Y
1)
#371400000
0)
#371450000
b111010000000 Y
1)
#371500000
0)
#371550000
b111010000001 Y
1)
#371600000
0)
#371650000
b111010000010 Y
1)
#371700000
0)
#371750000
b111010000011 Y
1)
#371800000
0)
#371850000
b111010000100 Y
1)
#371900000
0)
#371950000
b111010000101 Y
1)
#372000000
0)
#372050000
b111010000110 Y
1)
#372100000
0)
#372150000
b111010000111 Y
1)
#372200000
0)
#372250000
b111010001000 Y
1)
#372300000
0)
#372350000
b111010001001 Y
1)
#372400000
0)
#372450000
b111010001010 Y
1)
#372500000
0)
#372550000
b111010001011 Y
1)
#372600000
0)
#372650000
b111010001100 Y
1)
#372700000
0)
#372750000
b111010001101 Y
1)
#372800000
0)
#372850000
b111010001110 Y
1)
#372900000
0)
#372950000
b111010001111 Y
1)
#373000000
0)
#373050000
b111010010000 Y
1)
#373100000
0)
#373150000
b111010010001 Y
1)
#373200000
0)
#373250000
b111010010010 Y
1)
#373300000
0)
#373350000
b111010010011 Y
1)
#373400000
0)
#373450000
b111010010100 Y
1)
#373500000
0)
#373550000
b111010010101 Y
1)
#373600000
0)
#373650000
b111010010110 Y
1)
#373700000
0)
#373750000
b111010010111 Y
1)
#373800000
0)
#373850000
b111010011000 Y
1)
#373900000
0)
#373950000
b111010011001 Y
1)
#374000000
0)
#374050000
b111010011010 Y
1)
#374100000
0)
#374150000
b111010011011 Y
1)
#374200000
0)
#374250000
b111010011100 Y
1)
#374300000
0)
#374350000
b111010011101 Y
1)
#374400000
0)
#374450000
b111010011110 Y
1)
#374500000
0)
#374550000
b111010011111 Y
1)
#374600000
0)
#374650000
b111010100000 Y
1)
#374700000
0)
#374750000
b111010100001 Y
1)
#374800000
0)
#374850000
b111010100010 Y
1)
#374900000
0)
#374950000
b111010100011 Y
1)
#375000000
0)
#375050000
b111010100100 Y
1)
#375100000
0)
#375150000
b111010100101 Y
1)
#375200000
0)
#375250000
b111010100110 Y
1)
#375300000
0)
#375350000
b111010100111 Y
1)
#375400000
0)
#375450000
b111010101000 Y
1)
#375500000
0)
#375550000
b111010101001 Y
1)
#375600000
0)
#375650000
b111010101010 Y
1)
#375700000
0)
#375750000
b111010101011 Y
1)
#375800000
0)
#375850000
b111010101100 Y
1)
#375900000
0)
#375950000
b111010101101 Y
1)
#376000000
0)
#376050000
b111010101110 Y
1)
#376100000
0)
#376150000
b111010101111 Y
1)
#376200000
0)
#376250000
b111010110000 Y
1)
#376300000
0)
#376350000
b111010110001 Y
1)
#376400000
0)
#376450000
b111010110010 Y
1)
#376500000
0)
#376550000
b111010110011 Y
1)
#376600000
0)
#376650000
b111010110100 Y
1)
#376700000
0)
#376750000
b111010110101 Y
1)
#376800000
0)
#376850000
b111010110110 Y
1)
#376900000
0)
#376950000
b111010110111 Y
1)
#377000000
0)
#377050000
b111010111000 Y
1)
#377100000
0)
#377150000
b111010111001 Y
1)
#377200000
0)
#377250000
b111010111010 Y
1)
#377300000
0)
#377350000
b111010111011 Y
1)
#377400000
0)
#377450000
b111010111100 Y
1)
#377500000
0)
#377550000
b111010111101 Y
1)
#377600000
0)
#377650000
b111010111110 Y
1)
#377700000
0)
#377750000
b111010111111 Y
1)
#377800000
0)
#377850000
b111011000000 Y
1)
#377900000
0)
#377950000
b111011000001 Y
1)
#378000000
0)
#378050000
b111011000010 Y
1)
#378100000
0)
#378150000
b111011000011 Y
1)
#378200000
0)
#378250000
b111011000100 Y
1)
#378300000
0)
#378350000
b111011000101 Y
1)
#378400000
0)
#378450000
b111011000110 Y
1)
#378500000
0)
#378550000
b111011000111 Y
1)
#378600000
0)
#378650000
b111011001000 Y
1)
#378700000
0)
#378750000
b111011001001 Y
1)
#378800000
0)
#378850000
b111011001010 Y
1)
#378900000
0)
#378950000
b111011001011 Y
1)
#379000000
0)
#379050000
b111011001100 Y
1)
#379100000
0)
#379150000
b111011001101 Y
1)
#379200000
0)
#379250000
b111011001110 Y
1)
#379300000
0)
#379350000
b111011001111 Y
1)
#379400000
0)
#379450000
b111011010000 Y
1)
#379500000
0)
#379550000
b111011010001 Y
1)
#379600000
0)
#379650000
b111011010010 Y
1)
#379700000
0)
#379750000
b111011010011 Y
1)
#379800000
0)
#379850000
b111011010100 Y
1)
#379900000
0)
#379950000
b111011010101 Y
1)
#380000000
0)
#380050000
b111011010110 Y
1)
#380100000
0)
#380150000
b111011010111 Y
1)
#380200000
0)
#380250000
b111011011000 Y
1)
#380300000
0)
#380350000
b111011011001 Y
1)
#380400000
0)
#380450000
b111011011010 Y
1)
#380500000
0)
#380550000
b111011011011 Y
1)
#380600000
0)
#380650000
b111011011100 Y
1)
#380700000
0)
#380750000
b111011011101 Y
1)
#380800000
0)
#380850000
b111011011110 Y
1)
#380900000
0)
#380950000
b111011011111 Y
1)
#381000000
0)
#381050000
b111011100000 Y
1)
#381100000
0)
#381150000
b111011100001 Y
1)
#381200000
0)
#381250000
b111011100010 Y
1)
#381300000
0)
#381350000
b111011100011 Y
1)
#381400000
0)
#381450000
b111011100100 Y
1)
#381500000
0)
#381550000
b111011100101 Y
1)
#381600000
0)
#381650000
b111011100110 Y
1)
#381700000
0)
#381750000
b111011100111 Y
1)
#381800000
0)
#381850000
b111011101000 Y
1)
#381900000
0)
#381950000
b111011101001 Y
1)
#382000000
0)
#382050000
b111011101010 Y
1)
#382100000
0)
#382150000
b111011101011 Y
1)
#382200000
0)
#382250000
b111011101100 Y
1)
#382300000
0)
#382350000
b111011101101 Y
1)
#382400000
0)
#382450000
b111011101110 Y
1)
#382500000
0)
#382550000
b111011101111 Y
1)
#382600000
0)
#382650000
b111011110000 Y
1)
#382700000
0)
#382750000
b111011110001 Y
1)
#382800000
0)
#382850000
b111011110010 Y
1)
#382900000
0)
#382950000
b111011110011 Y
1)
#383000000
0)
#383050000
b111011110100 Y
1)
#383100000
0)
#383150000
b111011110101 Y
1)
#383200000
0)
#383250000
b111011110110 Y
1)
#383300000
0)
#383350000
b111011110111 Y
1)
#383400000
0)
#383450000
b111011111000 Y
1)
#383500000
0)
#383550000
b111011111001 Y
1)
#383600000
0)
#383650000
b111011111010 Y
1)
#383700000
0)
#383750000
b111011111011 Y
1)
#383800000
0)
#383850000
b111011111100 Y
1)
#383900000
0)
#383950000
b111011111101 Y
1)
#384000000
0)
#384050000
b111011111110 Y
1)
#384100000
0)
#384150000
b111011111111 Y
1)
#384200000
0)
#384250000
b111100000000 Y
1)
#384300000
0)
#384350000
b111100000001 Y
1)
#384400000
0)
#384450000
b111100000010 Y
1)
#384500000
0)
#384550000
b111100000011 Y
1)
#384600000
0)
#384650000
b111100000100 Y
1)
#384700000
0)
#384750000
b111100000101 Y
1)
#384800000
0)
#384850000
b111100000110 Y
1)
#384900000
0)
#384950000
b111100000111 Y
1)
#385000000
0)
#385050000
b111100001000 Y
1)
#385100000
0)
#385150000
b111100001001 Y
1)
#385200000
0)
#385250000
b111100001010 Y
1)
#385300000
0)
#385350000
b111100001011 Y
1)
#385400000
0)
#385450000
b111100001100 Y
1)
#385500000
0)
#385550000
b111100001101 Y
1)
#385600000
0)
#385650000
b111100001110 Y
1)
#385700000
0)
#385750000
b111100001111 Y
1)
#385800000
0)
#385850000
b111100010000 Y
1)
#385900000
0)
#385950000
b111100010001 Y
1)
#386000000
0)
#386050000
b111100010010 Y
1)
#386100000
0)
#386150000
b111100010011 Y
1)
#386200000
0)
#386250000
b111100010100 Y
1)
#386300000
0)
#386350000
b111100010101 Y
1)
#386400000
0)
#386450000
b111100010110 Y
1)
#386500000
0)
#386550000
b111100010111 Y
1)
#386600000
0)
#386650000
b111100011000 Y
1)
#386700000
0)
#386750000
b111100011001 Y
1)
#386800000
0)
#386850000
b111100011010 Y
1)
#386900000
0)
#386950000
b111100011011 Y
1)
#387000000
0)
#387050000
b111100011100 Y
1)
#387100000
0)
#387150000
b111100011101 Y
1)
#387200000
0)
#387250000
b111100011110 Y
1)
#387300000
0)
#387350000
b111100011111 Y
1)
#387400000
0)
#387450000
b111100100000 Y
1)
#387500000
0)
#387550000
b111100100001 Y
1)
#387600000
0)
#387650000
b111100100010 Y
1)
#387700000
0)
#387750000
b111100100011 Y
1)
#387800000
0)
#387850000
b111100100100 Y
1)
#387900000
0)
#387950000
b111100100101 Y
1)
#388000000
0)
#388050000
b111100100110 Y
1)
#388100000
0)
#388150000
b111100100111 Y
1)
#388200000
0)
#388250000
b111100101000 Y
1)
#388300000
0)
#388350000
b111100101001 Y
1)
#388400000
0)
#388450000
b111100101010 Y
1)
#388500000
0)
#388550000
b111100101011 Y
1)
#388600000
0)
#388650000
b111100101100 Y
1)
#388700000
0)
#388750000
b111100101101 Y
1)
#388800000
0)
#388850000
b111100101110 Y
1)
#388900000
0)
#388950000
b111100101111 Y
1)
#389000000
0)
#389050000
b111100110000 Y
1)
#389100000
0)
#389150000
b111100110001 Y
1)
#389200000
0)
#389250000
b111100110010 Y
1)
#389300000
0)
#389350000
b111100110011 Y
1)
#389400000
0)
#389450000
b111100110100 Y
1)
#389500000
0)
#389550000
b111100110101 Y
1)
#389600000
0)
#389650000
b111100110110 Y
1)
#389700000
0)
#389750000
b111100110111 Y
1)
#389800000
0)
#389850000
b111100111000 Y
1)
#389900000
0)
#389950000
b111100111001 Y
1)
#390000000
0)
#390050000
b111100111010 Y
1)
#390100000
0)
#390150000
b111100111011 Y
1)
#390200000
0)
#390250000
b111100111100 Y
1)
#390300000
0)
#390350000
b111100111101 Y
1)
#390400000
0)
#390450000
b111100111110 Y
1)
#390500000
0)
#390550000
b111100111111 Y
1)
#390600000
0)
#390650000
b111101000000 Y
1)
#390700000
0)
#390750000
b111101000001 Y
1)
#390800000
0)
#390850000
b111101000010 Y
1)
#390900000
0)
#390950000
b111101000011 Y
1)
#391000000
0)
#391050000
b111101000100 Y
1)
#391100000
0)
#391150000
b111101000101 Y
1)
#391200000
0)
#391250000
b111101000110 Y
1)
#391300000
0)
#391350000
b111101000111 Y
1)
#391400000
0)
#391450000
b111101001000 Y
1)
#391500000
0)
#391550000
b111101001001 Y
1)
#391600000
0)
#391650000
b111101001010 Y
1)
#391700000
0)
#391750000
b111101001011 Y
1)
#391800000
0)
#391850000
b111101001100 Y
1)
#391900000
0)
#391950000
b111101001101 Y
1)
#392000000
0)
#392050000
b111101001110 Y
1)
#392100000
0)
#392150000
b111101001111 Y
1)
#392200000
0)
#392250000
b111101010000 Y
1)
#392300000
0)
#392350000
b111101010001 Y
1)
#392400000
0)
#392450000
b111101010010 Y
1)
#392500000
0)
#392550000
b111101010011 Y
1)
#392600000
0)
#392650000
b111101010100 Y
1)
#392700000
0)
#392750000
b111101010101 Y
1)
#392800000
0)
#392850000
b111101010110 Y
1)
#392900000
0)
#392950000
b111101010111 Y
1)
#393000000
0)
#393050000
b111101011000 Y
1)
#393100000
0)
#393150000
b111101011001 Y
1)
#393200000
0)
#393250000
b111101011010 Y
1)
#393300000
0)
#393350000
b111101011011 Y
1)
#393400000
0)
#393450000
b111101011100 Y
1)
#393500000
0)
#393550000
b111101011101 Y
1)
#393600000
0)
#393650000
b111101011110 Y
1)
#393700000
0)
#393750000
b111101011111 Y
1)
#393800000
0)
#393850000
b111101100000 Y
1)
#393900000
0)
#393950000
b111101100001 Y
1)
#394000000
0)
#394050000
b111101100010 Y
1)
#394100000
0)
#394150000
b111101100011 Y
1)
#394200000
0)
#394250000
b111101100100 Y
1)
#394300000
0)
#394350000
b111101100101 Y
1)
#394400000
0)
#394450000
b111101100110 Y
1)
#394500000
0)
#394550000
b111101100111 Y
1)
#394600000
0)
#394650000
b111101101000 Y
1)
#394700000
0)
#394750000
b111101101001 Y
1)
#394800000
0)
#394850000
b111101101010 Y
1)
#394900000
0)
#394950000
b111101101011 Y
1)
#395000000
0)
#395050000
b111101101100 Y
1)
#395100000
0)
#395150000
b111101101101 Y
1)
#395200000
0)
#395250000
b111101101110 Y
1)
#395300000
0)
#395350000
b111101101111 Y
1)
#395400000
0)
#395450000
b111101110000 Y
1)
#395500000
0)
#395550000
b111101110001 Y
1)
#395600000
0)
#395650000
b111101110010 Y
1)
#395700000
0)
#395750000
b111101110011 Y
1)
#395800000
0)
#395850000
b111101110100 Y
1)
#395900000
0)
#395950000
b111101110101 Y
1)
#396000000
0)
#396050000
b111101110110 Y
1)
#396100000
0)
#396150000
b111101110111 Y
1)
#396200000
0)
#396250000
b111101111000 Y
1)
#396300000
0)
#396350000
b111101111001 Y
1)
#396400000
0)
#396450000
b111101111010 Y
1)
#396500000
0)
#396550000
b111101111011 Y
1)
#396600000
0)
#396650000
b111101111100 Y
1)
#396700000
0)
#396750000
b111101111101 Y
1)
#396800000
0)
#396850000
b111101111110 Y
1)
#396900000
0)
#396950000
b111101111111 Y
1)
#397000000
0)
#397050000
b111110000000 Y
1)
#397100000
0)
#397150000
b111110000001 Y
1)
#397200000
0)
#397250000
b111110000010 Y
1)
#397300000
0)
#397350000
b111110000011 Y
1)
#397400000
0)
#397450000
b111110000100 Y
1)
#397500000
0)
#397550000
b111110000101 Y
1)
#397600000
0)
#397650000
b111110000110 Y
1)
#397700000
0)
#397750000
b111110000111 Y
1)
#397800000
0)
#397850000
b111110001000 Y
1)
#397900000
0)
#397950000
b111110001001 Y
1)
#398000000
0)
#398050000
b111110001010 Y
1)
#398100000
0)
#398150000
b111110001011 Y
1)
#398200000
0)
#398250000
b111110001100 Y
1)
#398300000
0)
#398350000
b111110001101 Y
1)
#398400000
0)
#398450000
b111110001110 Y
1)
#398500000
0)
#398550000
b111110001111 Y
1)
#398600000
0)
#398650000
b111110010000 Y
1)
#398700000
0)
#398750000
b111110010001 Y
1)
#398800000
0)
#398850000
b111110010010 Y
1)
#398900000
0)
#398950000
b111110010011 Y
1)
#399000000
0)
#399050000
b111110010100 Y
1)
#399100000
0)
#399150000
b111110010101 Y
1)
#399200000
0)
#399250000
b111110010110 Y
1)
#399300000
0)
#399350000
b111110010111 Y
1)
#399400000
0)
#399450000
b111110011000 Y
1)
#399500000
0)
#399550000
b111110011001 Y
1)
#399600000
0)
#399650000
b111110011010 Y
1)
#399700000
0)
#399750000
b111110011011 Y
1)
#399800000
0)
#399850000
b111110011100 Y
1)
#399900000
0)
#399950000
b111110011101 Y
1)
#400000000
0)
#400050000
b111110011110 Y
1)
#400100000
0)
#400150000
b111110011111 Y
1)
#400200000
0)
#400250000
b111110100000 Y
1)
#400300000
0)
#400350000
1R
1W
1P
07
1)
12
b0 \
r1.0005 ]
#400400000
0)
#400450000
b1 U
1)
#400500000
0)
#400550000
b10 U
1)
#400550100
16
02
#400600000
0)
#400650000
06
0P
b11 U
1)
#400700000
0)
#400750000
b100 U
1)
#400750200
b1 S
17
12
b1 \
#400800000
0)
#400850000
07
1P
b101 U
1)
#400900000
0)
#400950000
b110 U
1)
#400950300
16
02
#401000000
0)
#401050000
06
0P
b111 U
1)
#401100000
0)
#401150000
b1000 U
1)
#401150400
b10 S
17
12
b10 \
#401200000
0)
#401250000
07
1P
b1001 U
1)
#401300000
0)
#401350000
b1010 U
1)
#401350500
16
02
#401400000
0)
#401450000
06
0P
b1011 U
1)
#401500000
0)
#401550000
b1100 U
1)
#401550600
b11 S
17
12
b11 \
#401600000
0)
#401650000
07
1P
b1101 U
1)
#401700000
0)
#401750000
b1110 U
1)
#401750700
16
02
#401800000
0)
#401850000
06
0P
b1111 U
1)
#401900000
0)
#401950000
b10000 U
1)
#401950800
b100 S
17
12
b100 \
#402000000
0)
#402050000
07
1P
b10001 U
1)
#402100000
0)
#402150000
b10010 U
1)
#402150900
16
02
#402200000
0)
#402250000
06
0P
b10011 U
1)
#402300000
0)
#402350000
b10100 U
1)
#402351000
b101 S
17
12
b101 \
#402400000
0)
#402450000
07
1P
b10101 U
1)
#402500000
0)
#402550000
b10110 U
1)
#402551100
16
02
#402600000
0)
#402650000
06
0P
b10111 U
1)
#402700000
0)
#402750000
b11000 U
1)
#402751200
b110 S
17
12
b110 \
#402800000
0)
#402850000
07
1P
b11001 U
1)
#402900000
0)
#402950000
b11010 U
1)
#402951300
16
02
#403000000
0)
#403050000
06
0P
b11011 U
1)
#403100000
0)
#403150000
b11100 U
1)
#403151400
b111 S
17
12
b111 \
#403200000
0)
#403250000
07
1P
b11101 U
1)
#403300000
0)
#403350000
b11110 U
1)
#403351500
16
02
#403400000
0)
#403450000
06
0P
b11111 U
1)
#403500000
0)
#403550000
b100000 U
1)
#403551600
b1000 S
17
12
b1000 \
#403600000
0)
#403650000
07
1P
b100001 U
1)
#403700000
0)
#403750000
b100010 U
1)
#403751700
16
02
#403800000
0)
#403850000
06
0P
b100011 U
1)
#403900000
0)
#403950000
b100100 U
1)
#403951800
b1001 S
17
12
b1001 \
#404000000
0)
#404050000
07
1P
b100101 U
1)
#404100000
0)
#404150000
b100110 U
1)
#404151900
16
02
#404200000
0)
#404250000
06
0P
b100111 U
1)
#404300000
0)
#404350000
b101000 U
1)
#404352000
b1010 S
17
12
b1010 \
#404400000
0)
#404450000
07
1P
b101001 U
1)
#404500000
0)
#404550000
b101010 U
1)
#404552100
16
02
#404600000
0)
#404650000
06
0P
b101011 U
1)
#404700000
0)
#404750000
b101100 U
1)
#404752200
b1011 S
17
12
b1011 \
#404800000
0)
#404850000
07
1P
b101101 U
1)
#404900000
0)
#404950000
b101110 U
1)
#404952300
16
02
#405000000
0)
#405050000
06
0P
b101111 U
1)
#405100000
0)
#405150000
b110000 U
1)
#405152400
b1100 S
17
12
b1100 \
#405200000
0)
#405250000
07
1P
b110001 U
1)
#405300000
0)
#405350000
b110010 U
1)
#405352500
16
02
#405400000
0)
#405450000
06
0P
b110011 U
1)
#405500000
0)
#405550000
b110100 U
1)
#405552600
b1101 S
17
12
b1101 \
#405600000
0)
#405650000
07
1P
b110101 U
1)
#405700000
0)
#405750000
b110110 U
1)
#405752700
16
02
#405800000
0)
#405850000
06
0P
b110111 U
1)
#405900000
0)
#405950000
b111000 U
1)
#405952800
b1110 S
17
12
b1110 \
#406000000
0)
#406050000
07
1P
b111001 U
1)
#406100000
0)
#406150000
b111010 U
1)
#406152900
16
02
#406200000
0)
#406250000
06
0P
b111011 U
1)
#406300000
0)
#406350000
b111100 U
1)
#406353000
b1111 S
17
12
b1111 \
#406400000
0)
#406450000
07
1P
b111101 U
1)
#406500000
0)
#406550000
b111110 U
1)
#406553100
16
02
#406600000
0)
#406650000
06
0P
b111111 U
1)
#406700000
0)
#406750000
b1000000 U
1)
#406753200
b10000 S
17
12
b10000 \
#406800000
0)
#406850000
07
1P
b1000001 U
1)
#406900000
0)
#406950000
b1000010 U
1)
#406953300
16
02
#407000000
0)
#407050000
06
0P
b1000011 U
1)
#407100000
0)
#407150000
b1000100 U
1)
#407153400
b10001 S
17
12
b10001 \
#407200000
0)
#407250000
07
1P
b1000101 U
1)
#407300000
0)
#407350000
b1000110 U
1)
#407353500
16
02
#407400000
0)
#407450000
06
0P
b1000111 U
1)
#407500000
0)
#407550000
b1001000 U
1)
#407553600
b10010 S
17
12
b10010 \
#407600000
0)
#407650000
07
1P
b1001001 U
1)
#407700000
0)
#407750000
b1001010 U
1)
#407753700
16
02
#407800000
0)
#407850000
06
0P
b1001011 U
1)
#407900000
0)
#407950000
b1001100 U
1)
#407953800
b10011 S
17
12
b10011 \
#408000000
0)
#408050000
07
1P
b1001101 U
1)
#408100000
0)
#408150000
b1001110 U
1)
#408153900
16
02
#408200000
0)
#408250000
06
0P
b1001111 U
1)
#408300000
0)
#408350000
b1010000 U
1)
#408354000
b10100 S
17
12
b10100 \
#408400000
0)
#408450000
07
1P
b1010001 U
1)
#408500000
0)
#408550000
b1010010 U
1)
#408554100
16
02
#408600000
0)
#408650000
06
0P
b1010011 U
1)
#408700000
0)
#408750000
b1010100 U
1)
#408754200
b10101 S
17
12
b10101 \
#408800000
0)
#408850000
07
1P
b1010101 U
1)
#408900000
0)
#408950000
b1010110 U
1)
#408954300
16
02
#409000000
0)
#409050000
06
0P
b1010111 U
1)
#409100000
0)
#409150000
b1011000 U
1)
#409154400
b10110 S
17
12
b10110 \
#409200000
0)
#409250000
07
1P
b1011001 U
1)
#409300000
0)
#409350000
b1011010 U
1)
#409354500
16
02
#409400000
0)
#409450000
06
0P
b1011011 U
1)
#409500000
0)
#409550000
b1011100 U
1)
#409554600
b10111 S
17
12
b10111 \
#409600000
0)
#409650000
07
1P
b1011101 U
1)
#409700000
0)
#409750000
b1011110 U
1)
#409754700
16
02
#409800000
0)
#409850000
06
0P
b1011111 U
1)
#409900000
0)
#409950000
b1100000 U
1)
#409954800
b11000 S
17
12
b11000 \
#410000000
0)
#410050000
07
1P
b1100001 U
1)
#410100000
0)
#410150000
b1100010 U
1)
#410154900
16
02
#410200000
0)
#410250000
06
0P
b1100011 U
1)
#410300000
0)
#410350000
b1100100 U
1)
#410355000
b11001 S
17
12
b11001 \
#410400000
0)
#410450000
07
1P
b1100101 U
1)
#410500000
0)
#410550000
b1100110 U
1)
#410555100
16
02
#410600000
0)
#410650000
06
0P
b1100111 U
1)
#410700000
0)
#410750000
b1101000 U
1)
#410755200
b11010 S
17
12
b11010 \
#410800000
0)
#410850000
07
1P
b1101001 U
1)
#410900000
0)
#410950000
b1101010 U
1)
#410955300
16
02
#411000000
0)
#411050000
06
0P
b1101011 U
1)
#411100000
0)
#411150000
b1101100 U
1)
#411155400
b11011 S
17
12
b11011 \
#411200000
0)
#411250000
07
1P
b1101101 U
1)
#411300000
0)
#411350000
b1101110 U
1)
#411355500
16
02
#411400000
0)
#411450000
06
0P
b1101111 U
1)
#411500000
0)
#411550000
b1110000 U
1)
#411555600
b11100 S
17
12
b11100 \
#411600000
0)
#411650000
07
1P
b1110001 U
1)
#411700000
0)
#411750000
b1110010 U
1)
#411755700
16
02
#411800000
0)
#411850000
06
0P
b1110011 U
1)
#411900000
0)
#411950000
b1110100 U
1)
#411955800
b11101 S
17
12
b11101 \
#412000000
0)
#412050000
07
1P
b1110101 U
1)
#412100000
0)
#412150000
b1110110 U
1)
#412155900
16
02
#412200000
0)
#412250000
06
0P
b1110111 U
1)
#412300000
0)
#412350000
b1111000 U
1)
#412356000
b11110 S
17
12
b11110 \
#412400000
0)
#412450000
07
1P
b1111001 U
1)
#412500000
0)
#412550000
b1111010 U
1)
#412556100
16
02
#412600000
0)
#412650000
06
0P
b1111011 U
1)
#412700000
0)
#412750000
b1111100 U
1)
#412756200
b11111 S
17
12
b11111 \
#412800000
0)
#412850000
07
1P
b1111101 U
1)
#412900000
0)
#412950000
b1111110 U
1)
#412956300
16
02
#413000000
0)
#413050000
06
0P
b1111111 U
1)
#413100000
0)
#413150000
b10000000 U
1)
#413156400
b100000 S
17
12
b100000 \
#413200000
0)
#413250000
07
1P
b10000001 U
1)
#413300000
0)
#413350000
b10000010 U
1)
#413356500
16
02
#413400000
0)
#413450000
06
0P
b10000011 U
1)
#413500000
0)
#413550000
b10000100 U
1)
#413556600
b100001 S
17
12
b100001 \
#413600000
0)
#413650000
07
1P
b10000101 U
1)
#413700000
0)
#413750000
b10000110 U
1)
#413756700
16
02
#413800000
0)
#413850000
06
0P
b10000111 U
1)
#413900000
0)
#413950000
b10001000 U
1)
#413956800
b100010 S
17
12
b100010 \
#414000000
0)
#414050000
07
1P
b10001001 U
1)
#414100000
0)
#414150000
b10001010 U
1)
#414156900
16
02
#414200000
0)
#414250000
06
0P
b10001011 U
1)
#414300000
0)
#414350000
b10001100 U
1)
#414357000
b100011 S
17
12
b100011 \
#414400000
0)
#414450000
07
1P
b10001101 U
1)
#414500000
0)
#414550000
b10001110 U
1)
#414557100
16
02
#414600000
0)
#414650000
06
0P
b10001111 U
1)
#414700000
0)
#414750000
b10010000 U
1)
#414757200
b100100 S
17
12
b100100 \
#414800000
0)
#414850000
07
1P
b10010001 U
1)
#414900000
0)
#414950000
b10010010 U
1)
#414957300
16
02
#415000000
0)
#415050000
06
0P
b10010011 U
1)
#415100000
0)
#415150000
b10010100 U
1)
#415157400
b100101 S
17
12
b100101 \
#415200000
0)
#415250000
07
1P
b10010101 U
1)
#415300000
0)
#415350000
b10010110 U
1)
#415357500
16
02
#415400000
0)
#415450000
06
0P
b10010111 U
1)
#415500000
0)
#415550000
b10011000 U
1)
#415557600
b100110 S
17
12
b100110 \
#415600000
0)
#415650000
07
1P
b10011001 U
1)
#415700000
0)
#415750000
b10011010 U
1)
#415757700
16
02
#415800000
0)
#415850000
06
0P
b10011011 U
1)
#415900000
0)
#415950000
b10011100 U
1)
#415957800
b100111 S
17
12
b100111 \
#416000000
0)
#416050000
07
1P
b10011101 U
1)
#416100000
0)
#416150000
b10011110 U
1)
#416157900
16
02
#416200000
0)
#416250000
06
0P
b10011111 U
1)
#416300000
0)
#416350000
b10100000 U
1)
#416358000
b101000 S
17
12
b101000 \
#416400000
0)
#416450000
07
1P
b10100001 U
1)
#416500000
0)
#416550000
b10100010 U
1)
#416558100
16
02
#416600000
0)
#416650000
06
0P
b10100011 U
1)
#416700000
0)
#416750000
b10100100 U
1)
#416758200
b101001 S
17
12
b101001 \
#416800000
0)
#416850000
07
1P
b10100101 U
1)
#416900000
0)
#416950000
b10100110 U
1)
#416958300
16
02
#417000000
0)
#417050000
06
0P
b10100111 U
1)
#417100000
0)
#417150000
b10101000 U
1)
#417158400
b101010 S
17
12
b101010 \
#417200000
0)
#417250000
07
1P
b10101001 U
1)
#417300000
0)
#417350000
b10101010 U
1)
#417358500
16
02
#417400000
0)
#417450000
06
0P
b10101011 U
1)
#417500000
0)
#417550000
b10101100 U
1)
#417558600
b101011 S
17
12
b101011 \
#417600000
0)
#417650000
07
1P
b10101101 U
1)
#417700000
0)
#417750000
b10101110 U
1)
#417758700
16
02
#417800000
0)
#417850000
06
0P
b10101111 U
1)
#417900000
0)
#417950000
b10110000 U
1)
#417958800
b101100 S
17
12
b101100 \
#418000000
0)
#418050000
07
1P
b10110001 U
1)
#418100000
0)
#418150000
b10110010 U
1)
#418158900
16
02
#418200000
0)
#418250000
06
0P
b10110011 U
1)
#418300000
0)
#418350000
b10110100 U
1)
#418359000
b101101 S
17
12
b101101 \
#418400000
0)
#418450000
07
1P
b10110101 U
1)
#418500000
0)
#418550000
b10110110 U
1)
#418559100
16
02
#418600000
0)
#418650000
06
0P
b10110111 U
1)
#418700000
0)
#418750000
b10111000 U
1)
#418759200
b101110 S
17
12
b101110 \
#418800000
0)
#418850000
07
1P
b10111001 U
1)
#418900000
0)
#418950000
b10111010 U
1)
#418959300
16
02
#419000000
0)
#419050000
06
0P
b10111011 U
1)
#419100000
0)
#419150000
b10111100 U
1)
#419159400
b101111 S
17
12
b101111 \
#419200000
0)
#419250000
07
1P
b10111101 U
1)
#419300000
0)
#419350000
b10111110 U
1)
#419359500
16
02
#419400000
0)
#419450000
06
0P
b10111111 U
1)
#419500000
0)
#419550000
b11000000 U
1)
#419559600
b110000 S
17
12
b110000 \
#419600000
0)
#419650000
07
1P
b11000001 U
1)
#419700000
0)
#419750000
b11000010 U
1)
#419759700
16
02
#419800000
0)
#419850000
06
0P
b11000011 U
1)
#419900000
0)
#419950000
b11000100 U
1)
#419959800
b110001 S
17
12
b110001 \
#420000000
0)
#420050000
07
1P
b11000101 U
1)
#420100000
0)
#420150000
b11000110 U
1)
#420159900
16
02
#420200000
0)
#420250000
06
0P
b11000111 U
1)
#420300000
0)
#420350000
b11001000 U
1)
#420360000
b110010 S
17
12
b110010 \
#420400000
0)
#420450000
07
1P
b11001001 U
1)
#420500000
0)
#420550000
b11001010 U
1)
#420560100
16
02
#420600000
0)
#420650000
06
0P
b11001011 U
1)
#420700000
0)
#420750000
b11001100 U
1)
#420760200
b110011 S
17
12
b110011 \
#420800000
0)
#420850000
07
1P
b11001101 U
1)
#420900000
0)
#420950000
b11001110 U
1)
#420960300
16
02
#421000000
0)
#421050000
06
0P
b11001111 U
1)
#421100000
0)
#421150000
b11010000 U
1)
#421160400
b110100 S
17
12
b110100 \
#421200000
0)
#421250000
07
1P
b11010001 U
1)
#421300000
0)
#421350000
b11010010 U
1)
#421360500
16
02
#421400000
0)
#421450000
06
0P
b11010011 U
1)
#421500000
0)
#421550000
b11010100 U
1)
#421560600
b110101 S
17
12
b110101 \
#421600000
0)
#421650000
07
1P
b11010101 U
1)
#421700000
0)
#421750000
b11010110 U
1)
#421760700
16
02
#421800000
0)
#421850000
06
0P
b11010111 U
1)
#421900000
0)
#421950000
b11011000 U
1)
#421960800
b110110 S
17
12
b110110 \
#422000000
0)
#422050000
07
1P
b11011001 U
1)
#422100000
0)
#422150000
b11011010 U
1)
#422160900
16
02
#422200000
0)
#422250000
06
0P
b11011011 U
1)
#422300000
0)
#422350000
b11011100 U
1)
#422361000
b110111 S
17
12
b110111 \
#422400000
0)
#422450000
07
1P
b11011101 U
1)
#422500000
0)
#422550000
b11011110 U
1)
#422561100
16
02
#422600000
0)
#422650000
06
0P
b11011111 U
1)
#422700000
0)
#422750000
b11100000 U
1)
#422761200
b111000 S
17
12
b111000 \
#422800000
0)
#422850000
07
1P
b11100001 U
1)
#422900000
0)
#422950000
b11100010 U
1)
#422961300
16
02
#423000000
0)
#423050000
06
0P
b11100011 U
1)
#423100000
0)
#423150000
b11100100 U
1)
#423161400
b111001 S
17
12
b111001 \
#423200000
0)
#423250000
07
1P
b11100101 U
1)
#423300000
0)
#423350000
b11100110 U
1)
#423361500
16
02
#423400000
0)
#423450000
06
0P
b11100111 U
1)
#423500000
0)
#423550000
b11101000 U
1)
#423561600
b111010 S
17
12
b111010 \
#423600000
0)
#423650000
07
1P
b11101001 U
1)
#423700000
0)
#423750000
b11101010 U
1)
#423761700
16
02
#423800000
0)
#423850000
06
0P
b11101011 U
1)
#423900000
0)
#423950000
b11101100 U
1)
#423961800
b111011 S
17
12
b111011 \
#424000000
0)
#424050000
07
1P
b11101101 U
1)
#424100000
0)
#424150000
b11101110 U
1)
#424161900
16
02
#424200000
0)
#424250000
06
0P
b11101111 U
1)
#424300000
0)
#424350000
b11110000 U
1)
#424362000
b111100 S
17
12
b111100 \
#424400000
0)
#424450000
07
1P
b11110001 U
1)
#424500000
0)
#424550000
b11110010 U
1)
#424562100
16
02
#424600000
0)
#424650000
06
0P
b11110011 U
1)
#424700000
0)
#424750000
b11110100 U
1)
#424762200
b111101 S
17
12
b111101 \
#424800000
0)
#424850000
07
1P
b11110101 U
1)
#424900000
0)
#424950000
b11110110 U
1)
#424962300
16
02
#425000000
0)
#425050000
06
0P
b11110111 U
1)
#425100000
0)
#425150000
b11111000 U
1)
#425162400
b111110 S
17
12
b111110 \
#425200000
0)
#425250000
07
1P
b11111001 U
1)
#425300000
0)
#425350000
b11111010 U
1)
#425362500
16
02
#425400000
0)
#425450000
06
0P
b11111011 U
1)
#425500000
0)
#425550000
b11111100 U
1)
#425562600
b111111 S
17
12
b111111 \
#425600000
0)
#425650000
07
1P
b11111101 U
1)
#425700000
0)
#425750000
b11111110 U
1)
#425762700
16
02
#425800000
0)
#425850000
06
0P
b11111111 U
1)
#425900000
0)
#425950000
b100000000 U
1)
#425962800
b1000000 S
17
12
b1000000 \
#426000000
0)
#426050000
07
1P
b100000001 U
1)
#426100000
0)
#426150000
b100000010 U
1)
#426162900
16
02
#426200000
0)
#426250000
06
0P
b100000011 U
1)
#426300000
0)
#426350000
b100000100 U
1)
#426363000
b1000001 S
17
12
b1000001 \
#426400000
0)
#426450000
07
1P
b100000101 U
1)
#426500000
0)
#426550000
b100000110 U
1)
#426563100
16
02
#426600000
0)
#426650000
06
0P
b100000111 U
1)
#426700000
0)
#426750000
b100001000 U
1)
#426763200
b1000010 S
17
12
b1000010 \
#426800000
0)
#426850000
07
1P
b100001001 U
1)
#426900000
0)
#426950000
b100001010 U
1)
#426963300
16
02
#427000000
0)
#427050000
06
0P
b100001011 U
1)
#427100000
0)
#427150000
b100001100 U
1)
#427163400
b1000011 S
17
12
b1000011 \
#427200000
0)
#427250000
07
1P
b100001101 U
1)
#427300000
0)
#427350000
b100001110 U
1)
#427363500
16
02
#427400000
0)
#427450000
06
0P
b100001111 U
1)
#427500000
0)
#427550000
b100010000 U
1)
#427563600
b1000100 S
17
12
b1000100 \
#427600000
0)
#427650000
07
1P
b100010001 U
1)
#427700000
0)
#427750000
b100010010 U
1)
#427763700
16
02
#427800000
0)
#427850000
06
0P
b100010011 U
1)
#427900000
0)
#427950000
b100010100 U
1)
#427963800
b1000101 S
17
12
b1000101 \
#428000000
0)
#428050000
07
1P
b100010101 U
1)
#428100000
0)
#428150000
b100010110 U
1)
#428163900
16
02
#428200000
0)
#428250000
06
0P
b100010111 U
1)
#428300000
0)
#428350000
b100011000 U
1)
#428364000
b1000110 S
17
12
b1000110 \
#428400000
0)
#428450000
07
1P
b100011001 U
1)
#428500000
0)
#428550000
b100011010 U
1)
#428564100
16
02
#428600000
0)
#428650000
06
0P
b100011011 U
1)
#428700000
0)
#428750000
b100011100 U
1)
#428764200
b1000111 S
17
12
b1000111 \
#428800000
0)
#428850000
07
1P
b100011101 U
1)
#428900000
0)
#428950000
b100011110 U
1)
#428964300
16
02
#429000000
0)
#429050000
06
0P
b100011111 U
1)
#429100000
0)
#429150000
b100100000 U
1)
#429164400
b1001000 S
17
12
b1001000 \
#429200000
0)
#429250000
07
1P
b100100001 U
1)
#429300000
0)
#429350000
b100100010 U
1)
#429364500
16
02
#429400000
0)
#429450000
06
0P
b100100011 U
1)
#429500000
0)
#429550000
b100100100 U
1)
#429564600
b1001001 S
17
12
b1001001 \
#429600000
0)
#429650000
07
1P
b100100101 U
1)
#429700000
0)
#429750000
b100100110 U
1)
#429764700
16
02
#429800000
0)
#429850000
06
0P
b100100111 U
1)
#429900000
0)
#429950000
b100101000 U
1)
#429964800
b1001010 S
17
12
b1001010 \
#430000000
0)
#430050000
07
1P
b100101001 U
1)
#430100000
0)
#430150000
b100101010 U
1)
#430164900
16
02
#430200000
0)
#430250000
06
0P
b100101011 U
1)
#430300000
0)
#430350000
b100101100 U
1)
#430365000
b1001011 S
17
12
b1001011 \
#430400000
0)
#430450000
07
1P
b100101101 U
1)
#430500000
0)
#430550000
b100101110 U
1)
#430565100
16
02
#430600000
0)
#430650000
06
0P
b100101111 U
1)
#430700000
0)
#430750000
b100110000 U
1)
#430765200
b1001100 S
17
12
b1001100 \
#430800000
0)
#430850000
07
1P
b100110001 U
1)
#430900000
0)
#430950000
b100110010 U
1)
#430965300
16
02
#431000000
0)
#431050000
06
0P
b100110011 U
1)
#431100000
0)
#431150000
b100110100 U
1)
#431165400
b1001101 S
17
12
b1001101 \
#431200000
0)
#431250000
07
1P
b100110101 U
1)
#431300000
0)
#431350000
b100110110 U
1)
#431365500
16
02
#431400000
0)
#431450000
06
0P
b100110111 U
1)
#431500000
0)
#431550000
b100111000 U
1)
#431565600
b1001110 S
17
12
b1001110 \
#431600000
0)
#431650000
07
1P
b100111001 U
1)
#431700000
0)
#431750000
b100111010 U
1)
#431765700
16
02
#431800000
0)
#431850000
06
0P
b100111011 U
1)
#431900000
0)
#431950000
b100111100 U
1)
#431965800
b1001111 S
17
12
b1001111 \
#432000000
0)
#432050000
07
1P
b100111101 U
1)
#432100000
0)
#432150000
b100111110 U
1)
#432165900
16
02
#432200000
0)
#432250000
06
0P
b100111111 U
1)
#432300000
0)
#432350000
b101000000 U
1)
#432366000
b1010000 S
17
12
b1010000 \
#432400000
0)
#432450000
07
1P
b101000001 U
1)
#432500000
0)
#432550000
b101000010 U
1)
#432566100
16
02
#432600000
0)
#432650000
06
0P
b101000011 U
1)
#432700000
0)
#432750000
b101000100 U
1)
#432766200
b1010001 S
17
12
b1010001 \
#432800000
0)
#432850000
07
1P
b101000101 U
1)
#432900000
0)
#432950000
b101000110 U
1)
#432966300
16
02
#433000000
0)
#433050000
06
0P
b101000111 U
1)
#433100000
0)
#433150000
b101001000 U
1)
#433166400
b1010010 S
17
12
b1010010 \
#433200000
0)
#433250000
07
1P
b101001001 U
1)
#433300000
0)
#433350000
b101001010 U
1)
#433366500
16
02
#433400000
0)
#433450000
06
0P
b101001011 U
1)
#433500000
0)
#433550000
b101001100 U
1)
#433566600
b1010011 S
17
12
b1010011 \
#433600000
0)
#433650000
07
1P
b101001101 U
1)
#433700000
0)
#433750000
b101001110 U
1)
#433766700
16
02
#433800000
0)
#433850000
06
0P
b101001111 U
1)
#433900000
0)
#433950000
b101010000 U
1)
#433966800
b1010100 S
17
12
b1010100 \
#434000000
0)
#434050000
07
1P
b101010001 U
1)
#434100000
0)
#434150000
b101010010 U
1)
#434166900
16
02
#434200000
0)
#434250000
06
0P
b101010011 U
1)
#434300000
0)
#434350000
b101010100 U
1)
#434367000
b1010101 S
17
12
b1010101 \
#434400000
0)
#434450000
07
1P
b101010101 U
1)
#434500000
0)
#434550000
b101010110 U
1)
#434567100
16
02
#434600000
0)
#434650000
06
0P
b101010111 U
1)
#434700000
0)
#434750000
b101011000 U
1)
#434767200
b1010110 S
17
12
b1010110 \
#434800000
0)
#434850000
07
1P
b101011001 U
1)
#434900000
0)
#434950000
b101011010 U
1)
#434967300
16
02
#435000000
0)
#435050000
06
0P
b101011011 U
1)
#435100000
0)
#435150000
b101011100 U
1)
#435167400
b1010111 S
17
12
b1010111 \
#435200000
0)
#435250000
07
1P
b101011101 U
1)
#435300000
0)
#435350000
b101011110 U
1)
#435367500
16
02
#435400000
0)
#435450000
06
0P
b101011111 U
1)
#435500000
0)
#435550000
b101100000 U
1)
#435567600
b1011000 S
17
12
b1011000 \
#435600000
0)
#435650000
07
1P
b101100001 U
1)
#435700000
0)
#435750000
b101100010 U
1)
#435767700
16
02
#435800000
0)
#435850000
06
0P
b101100011 U
1)
#435900000
0)
#435950000
b101100100 U
1)
#435967800
b1011001 S
17
12
b1011001 \
#436000000
0)
#436050000
07
1P
b101100101 U
1)
#436100000
0)
#436150000
b101100110 U
1)
#436167900
16
02
#436200000
0)
#436250000
06
0P
b101100111 U
1)
#436300000
0)
#436350000
b101101000 U
1)
#436368000
b1011010 S
17
12
b1011010 \
#436400000
0)
#436450000
07
1P
b101101001 U
1)
#436500000
0)
#436550000
b101101010 U
1)
#436568100
16
02
#436600000
0)
#436650000
06
0P
b101101011 U
1)
#436700000
0)
#436750000
b101101100 U
1)
#436768200
b1011011 S
17
12
b1011011 \
#436800000
0)
#436850000
07
1P
b101101101 U
1)
#436900000
0)
#436950000
b101101110 U
1)
#436968300
16
02
#437000000
0)
#437050000
06
0P
b101101111 U
1)
#437100000
0)
#437150000
b101110000 U
1)
#437168400
b1011100 S
17
12
b1011100 \
#437200000
0)
#437250000
07
1P
b101110001 U
1)
#437300000
0)
#437350000
b101110010 U
1)
#437368500
16
02
#437400000
0)
#437450000
06
0P
b101110011 U
1)
#437500000
0)
#437550000
b101110100 U
1)
#437568600
b1011101 S
17
12
b1011101 \
#437600000
0)
#437650000
07
1P
b101110101 U
1)
#437700000
0)
#437750000
b101110110 U
1)
#437768700
16
02
#437800000
0)
#437850000
06
0P
b101110111 U
1)
#437900000
0)
#437950000
b101111000 U
1)
#437968800
b1011110 S
17
12
b1011110 \
#438000000
0)
#438050000
07
1P
b101111001 U
1)
#438100000
0)
#438150000
b101111010 U
1)
#438168900
16
02
#438200000
0)
#438250000
06
0P
b101111011 U
1)
#438300000
0)
#438350000
b101111100 U
1)
#438369000
b1011111 S
17
12
b1011111 \
#438400000
0)
#438450000
07
1P
b101111101 U
1)
#438500000
0)
#438550000
b101111110 U
1)
#438569100
16
02
#438600000
0)
#438650000
06
0P
b101111111 U
1)
#438700000
0)
#438750000
b110000000 U
1)
#438769200
b1100000 S
17
12
b1100000 \
#438800000
0)
#438850000
07
1P
b110000001 U
1)
#438900000
0)
#438950000
b110000010 U
1)
#438969300
16
02
#439000000
0)
#439050000
06
0P
b110000011 U
1)
#439100000
0)
#439150000
b110000100 U
1)
#439169400
b1100001 S
17
12
b1100001 \
#439200000
0)
#439250000
07
1P
b110000101 U
1)
#439300000
0)
#439350000
b110000110 U
1)
#439369500
16
02
#439400000
0)
#439450000
06
0P
b110000111 U
1)
#439500000
0)
#439550000
b110001000 U
1)
#439569600
b1100010 S
17
12
b1100010 \
#439600000
0)
#439650000
07
1P
b110001001 U
1)
#439700000
0)
#439750000
b110001010 U
1)
#439769700
16
02
#439800000
0)
#439850000
06
0P
b110001011 U
1)
#439900000
0)
#439950000
b110001100 U
1)
#439969800
b1100011 S
17
12
b1100011 \
#440000000
0)
#440050000
07
1P
b110001101 U
1)
#440100000
0)
#440150000
b110001110 U
1)
#440169900
16
02
#440200000
0)
#440250000
06
0P
b110001111 U
1)
#440300000
0)
#440350000
b110010000 U
1)
#440370000
b1100100 S
17
12
b1100100 \
#440400000
0)
#440450000
07
1P
b110010001 U
1)
#440500000
0)
#440550000
b110010010 U
1)
#440570100
16
02
#440600000
0)
#440650000
06
0P
b110010011 U
1)
#440700000
0)
#440750000
b110010100 U
1)
#440770200
b1100101 S
17
12
b1100101 \
#440800000
0)
#440850000
07
1P
b110010101 U
1)
#440900000
0)
#440950000
b110010110 U
1)
#440970300
16
02
#441000000
0)
#441050000
06
0P
b110010111 U
1)
#441100000
0)
#441150000
b110011000 U
1)
#441170400
b1100110 S
17
12
b1100110 \
#441200000
0)
#441250000
07
1P
b110011001 U
1)
#441300000
0)
#441350000
b110011010 U
1)
#441370500
16
02
#441400000
0)
#441450000
06
0P
b110011011 U
1)
#441500000
0)
#441550000
b110011100 U
1)
#441570600
b1100111 S
17
12
b1100111 \
#441600000
0)
#441650000
07
1P
b110011101 U
1)
#441700000
0)
#441750000
b110011110 U
1)
#441770700
16
02
#441800000
0)
#441850000
06
0P
b110011111 U
1)
#441900000
0)
#441950000
b110100000 U
1)
#441970800
b1101000 S
17
12
b1101000 \
#442000000
0)
#442050000
07
1P
b110100001 U
1)
#442100000
0)
#442150000
b110100010 U
1)
#442170900
16
02
#442200000
0)
#442250000
06
0P
b110100011 U
1)
#442300000
0)
#442350000
b110100100 U
1)
#442371000
b1101001 S
17
12
b1101001 \
#442400000
0)
#442450000
07
1P
b110100101 U
1)
#442500000
0)
#442550000
b110100110 U
1)
#442571100
16
02
#442600000
0)
#442650000
06
0P
b110100111 U
1)
#442700000
0)
#442750000
b110101000 U
1)
#442771200
b1101010 S
17
12
b1101010 \
#442800000
0)
#442850000
07
1P
b110101001 U
1)
#442900000
0)
#442950000
b110101010 U
1)
#442971300
16
02
#443000000
0)
#443050000
06
0P
b110101011 U
1)
#443100000
0)
#443150000
b110101100 U
1)
#443171400
b1101011 S
17
12
b1101011 \
#443200000
0)
#443250000
07
1P
b110101101 U
1)
#443300000
0)
#443350000
b110101110 U
1)
#443371500
16
02
#443400000
0)
#443450000
06
0P
b110101111 U
1)
#443500000
0)
#443550000
b110110000 U
1)
#443571600
b1101100 S
17
12
b1101100 \
#443600000
0)
#443650000
07
1P
b110110001 U
1)
#443700000
0)
#443750000
b110110010 U
1)
#443771700
16
02
#443800000
0)
#443850000
06
0P
b110110011 U
1)
#443900000
0)
#443950000
b110110100 U
1)
#443971800
b1101101 S
17
12
b1101101 \
#444000000
0)
#444050000
07
1P
b110110101 U
1)
#444100000
0)
#444150000
b110110110 U
1)
#444171900
16
02
#444200000
0)
#444250000
06
0P
b110110111 U
1)
#444300000
0)
#444350000
b110111000 U
1)
#444372000
b1101110 S
17
12
b1101110 \
#444400000
0)
#444450000
07
1P
b110111001 U
1)
#444500000
0)
#444550000
b110111010 U
1)
#444572100
16
02
#444600000
0)
#444650000
06
0P
b110111011 U
1)
#444700000
0)
#444750000
b110111100 U
1)
#444772200
b1101111 S
17
12
b1101111 \
#444800000
0)
#444850000
07
1P
b110111101 U
1)
#444900000
0)
#444950000
b110111110 U
1)
#444972300
16
02
#445000000
0)
#445050000
06
0P
b110111111 U
1)
#445100000
0)
#445150000
b111000000 U
1)
#445172400
b1110000 S
17
12
b1110000 \
#445200000
0)
#445250000
07
1P
b111000001 U
1)
#445300000
0)
#445350000
b111000010 U
1)
#445372500
16
02
#445400000
0)
#445450000
06
0P
b111000011 U
1)
#445500000
0)
#445550000
b111000100 U
1)
#445572600
b1110001 S
17
12
b1110001 \
#445600000
0)
#445650000
07
1P
b111000101 U
1)
#445700000
0)
#445750000
b111000110 U
1)
#445772700
16
02
#445800000
0)
#445850000
06
0P
b111000111 U
1)
#445900000
0)
#445950000
b111001000 U
1)
#445972800
b1110010 S
17
12
b1110010 \
#446000000
0)
#446050000
07
1P
b111001001 U
1)
#446100000
0)
#446150000
b111001010 U
1)
#446172900
16
02
#446200000
0)
#446250000
06
0P
b111001011 U
1)
#446300000
0)
#446350000
b111001100 U
1)
#446373000
b1110011 S
17
12
b1110011 \
#446400000
0)
#446450000
07
1P
b111001101 U
1)
#446500000
0)
#446550000
b111001110 U
1)
#446573100
16
02
#446600000
0)
#446650000
06
0P
b111001111 U
1)
#446700000
0)
#446750000
b111010000 U
1)
#446773200
b1110100 S
17
12
b1110100 \
#446800000
0)
#446850000
07
1P
b111010001 U
1)
#446900000
0)
#446950000
b111010010 U
1)
#446973300
16
02
#447000000
0)
#447050000
06
0P
b111010011 U
1)
#447100000
0)
#447150000
b111010100 U
1)
#447173400
b1110101 S
17
12
b1110101 \
#447200000
0)
#447250000
07
1P
b111010101 U
1)
#447300000
0)
#447350000
b111010110 U
1)
#447373500
16
02
#447400000
0)
#447450000
06
0P
b111010111 U
1)
#447500000
0)
#447550000
b111011000 U
1)
#447573600
b1110110 S
17
12
b1110110 \
#447600000
0)
#447650000
07
1P
b111011001 U
1)
#447700000
0)
#447750000
b111011010 U
1)
#447773700
16
02
#447800000
0)
#447850000
06
0P
b111011011 U
1)
#447900000
0)
#447950000
b111011100 U
1)
#447973800
b1110111 S
17
12
b1110111 \
#448000000
0)
#448050000
07
1P
b111011101 U
1)
#448100000
0)
#448150000
b111011110 U
1)
#448173900
16
02
#448200000
0)
#448250000
06
0P
b111011111 U
1)
#448300000
0)
#448350000
b111100000 U
1)
#448374000
b1111000 S
17
12
b1111000 \
#448400000
0)
#448450000
07
1P
b111100001 U
1)
#448500000
0)
#448550000
b111100010 U
1)
#448574100
16
02
#448600000
0)
#448650000
06
0P
b111100011 U
1)
#448700000
0)
#448750000
b111100100 U
1)
#448774200
b1111001 S
17
12
b1111001 \
#448800000
0)
#448850000
07
1P
b111100101 U
1)
#448900000
0)
#448950000
b111100110 U
1)
#448974300
16
02
#449000000
0)
#449050000
06
0P
b111100111 U
1)
#449100000
0)
#449150000
b111101000 U
1)
#449174400
b1111010 S
17
12
b1111010 \
#449200000
0)
#449250000
07
1P
b111101001 U
1)
#449300000
0)
#449350000
b111101010 U
1)
#449374500
16
02
#449400000
0)
#449450000
06
0P
b111101011 U
1)
#449500000
0)
#449550000
b111101100 U
1)
#449574600
b1111011 S
17
12
b1111011 \
#449600000
0)
#449650000
07
1P
b111101101 U
1)
#449700000
0)
#449750000
b111101110 U
1)
#449774700
16
02
#449800000
0)
#449850000
06
0P
b111101111 U
1)
#449900000
0)
#449950000
b111110000 U
1)
#449974800
b1111100 S
17
12
b1111100 \
#450000000
0)
#450050000
07
1P
b111110001 U
1)
#450100000
0)
#450150000
b111110010 U
1)
#450174900
16
02
#450200000
0)
#450250000
06
0P
b111110011 U
1)
#450300000
0)
#450350000
b111110100 U
1)
#450375000
b1111101 S
17
12
b1111101 \
#450400000
0)
#450450000
07
1P
b111110101 U
1)
#450500000
0)
#450550000
b111110110 U
1)
#450575100
16
02
#450600000
0)
#450650000
06
0P
b111110111 U
1)
#450700000
0)
#450750000
b111111000 U
1)
#450775200
b1111110 S
17
12
b1111110 \
#450800000
0)
#450850000
07
1P
b111111001 U
1)
#450900000
0)
#450950000
b111111010 U
1)
#450975300
16
02
#451000000
0)
#451050000
06
0P
b111111011 U
1)
#451100000
0)
#451150000
b111111100 U
1)
#451175400
b1111111 S
17
12
b1111111 \
#451200000
0)
#451250000
07
1P
b111111101 U
1)
#451300000
0)
#451350000
b111111110 U
1)
#451375500
16
02
#451400000
0)
#451450000
06
0P
b111111111 U
1)
#451500000
0)
#451550000
b1000000000 U
1)
#451575600
b10000000 S
17
12
b10000000 \
#451600000
0)
#451650000
07
1P
b1000000001 U
1)
#451700000
0)
#451750000
b1000000010 U
1)
#451775700
16
02
#451800000
0)
#451850000
06
0P
b1000000011 U
1)
#451900000
0)
#451950000
b1000000100 U
1)
#451975800
b10000001 S
17
12
b10000001 \
#452000000
0)
#452050000
07
1P
b1000000101 U
1)
#452100000
0)
#452150000
b1000000110 U
1)
#452175900
16
02
#452200000
0)
#452250000
06
0P
b1000000111 U
1)
#452300000
0)
#452350000
b1000001000 U
1)
#452376000
b10000010 S
17
12
b10000010 \
#452400000
0)
#452450000
07
1P
b1000001001 U
1)
#452500000
0)
#452550000
b1000001010 U
1)
#452576100
16
02
#452600000
0)
#452650000
06
0P
b1000001011 U
1)
#452700000
0)
#452750000
b1000001100 U
1)
#452776200
b10000011 S
17
12
b10000011 \
#452800000
0)
#452850000
07
1P
b1000001101 U
1)
#452900000
0)
#452950000
b1000001110 U
1)
#452976300
16
02
#453000000
0)
#453050000
06
0P
b1000001111 U
1)
#453100000
0)
#453150000
b1000010000 U
1)
#453176400
b10000100 S
17
12
b10000100 \
#453200000
0)
#453250000
07
1P
b1000010001 U
1)
#453300000
0)
#453350000
b1000010010 U
1)
#453376500
16
02
#453400000
0)
#453450000
06
0P
b1000010011 U
1)
#453500000
0)
#453550000
b1000010100 U
1)
#453576600
b10000101 S
17
12
b10000101 \
#453600000
0)
#453650000
07
1P
b1000010101 U
1)
#453700000
0)
#453750000
b1000010110 U
1)
#453776700
16
02
#453800000
0)
#453850000
06
0P
b1000010111 U
1)
#453900000
0)
#453950000
b1000011000 U
1)
#453976800
b10000110 S
17
12
b10000110 \
#454000000
0)
#454050000
07
1P
b1000011001 U
1)
#454100000
0)
#454150000
b1000011010 U
1)
#454176900
16
02
#454200000
0)
#454250000
06
0P
b1000011011 U
1)
#454300000
0)
#454350000
b1000011100 U
1)
#454377000
b10000111 S
17
12
b10000111 \
#454400000
0)
#454450000
07
1P
b1000011101 U
1)
#454500000
0)
#454550000
b1000011110 U
1)
#454577100
16
02
#454600000
0)
#454650000
06
0P
b1000011111 U
1)
#454700000
0)
#454750000
b1000100000 U
1)
#454777200
b10001000 S
17
12
b10001000 \
#454800000
0)
#454850000
07
1P
b1000100001 U
1)
#454900000
0)
#454950000
b1000100010 U
1)
#454977300
16
02
#455000000
0)
#455050000
06
0P
b1000100011 U
1)
#455100000
0)
#455150000
b1000100100 U
1)
#455177400
b10001001 S
17
12
b10001001 \
#455200000
0)
#455250000
07
1P
b1000100101 U
1)
#455300000
0)
#455350000
b1000100110 U
1)
#455377500
16
02
#455400000
0)
#455450000
06
0P
b1000100111 U
1)
#455500000
0)
#455550000
b1000101000 U
1)
#455577600
b10001010 S
17
12
b10001010 \
#455600000
0)
#455650000
07
1P
b1000101001 U
1)
#455700000
0)
#455750000
b1000101010 U
1)
#455777700
16
02
#455800000
0)
#455850000
06
0P
b1000101011 U
1)
#455900000
0)
#455950000
b1000101100 U
1)
#455977800
b10001011 S
17
12
b10001011 \
#456000000
0)
#456050000
07
1P
b1000101101 U
1)
#456100000
0)
#456150000
b1000101110 U
1)
#456177900
16
02
#456200000
0)
#456250000
06
0P
b1000101111 U
1)
#456300000
0)
#456350000
b1000110000 U
1)
#456378000
b10001100 S
17
12
b10001100 \
#456400000
0)
#456450000
07
1P
b1000110001 U
1)
#456500000
0)
#456550000
b1000110010 U
1)
#456578100
16
02
#456600000
0)
#456650000
06
0P
b1000110011 U
1)
#456700000
0)
#456750000
b1000110100 U
1)
#456778200
b10001101 S
17
12
b10001101 \
#456800000
0)
#456850000
07
1P
b1000110101 U
1)
#456900000
0)
#456950000
b1000110110 U
1)
#456978300
16
02
#457000000
0)
#457050000
06
0P
b1000110111 U
1)
#457100000
0)
#457150000
b1000111000 U
1)
#457178400
b10001110 S
17
12
b10001110 \
#457200000
0)
#457250000
07
1P
b1000111001 U
1)
#457300000
0)
#457350000
b1000111010 U
1)
#457378500
16
02
#457400000
0)
#457450000
06
0P
b1000111011 U
1)
#457500000
0)
#457550000
b1000111100 U
1)
#457578600
b10001111 S
17
12
b10001111 \
#457600000
0)
#457650000
07
1P
b1000111101 U
1)
#457700000
0)
#457750000
b1000111110 U
1)
#457778700
16
02
#457800000
0)
#457850000
06
0P
b1000111111 U
1)
#457900000
0)
#457950000
b1001000000 U
1)
#457978800
b10010000 S
17
12
b10010000 \
#458000000
0)
#458050000
07
1P
b1001000001 U
1)
#458100000
0)
#458150000
b1001000010 U
1)
#458178900
16
02
#458200000
0)
#458250000
06
0P
b1001000011 U
1)
#458300000
0)
#458350000
b1001000100 U
1)
#458379000
b10010001 S
17
12
b10010001 \
#458400000
0)
#458450000
07
1P
b1001000101 U
1)
#458500000
0)
#458550000
b1001000110 U
1)
#458579100
16
02
#458600000
0)
#458650000
06
0P
b1001000111 U
1)
#458700000
0)
#458750000
b1001001000 U
1)
#458779200
b10010010 S
17
12
b10010010 \
#458800000
0)
#458850000
07
1P
b1001001001 U
1)
#458900000
0)
#458950000
b1001001010 U
1)
#458979300
16
02
#459000000
0)
#459050000
06
0P
b1001001011 U
1)
#459100000
0)
#459150000
b1001001100 U
1)
#459179400
b10010011 S
17
12
b10010011 \
#459200000
0)
#459250000
07
1P
b1001001101 U
1)
#459300000
0)
#459350000
b1001001110 U
1)
#459379500
16
02
#459400000
0)
#459450000
06
0P
b1001001111 U
1)
#459500000
0)
#459550000
b1001010000 U
1)
#459579600
b10010100 S
17
12
b10010100 \
#459600000
0)
#459650000
07
1P
b1001010001 U
1)
#459700000
0)
#459750000
b1001010010 U
1)
#459779700
16
02
#459800000
0)
#459850000
06
0P
b1001010011 U
1)
#459900000
0)
#459950000
b1001010100 U
1)
#459979800
b10010101 S
17
12
b10010101 \
#460000000
0)
#460050000
07
1P
b1001010101 U
1)
#460100000
0)
#460150000
b1001010110 U
1)
#460179900
16
02
#460200000
0)
#460250000
06
0P
b1001010111 U
1)
#460300000
0)
#460350000
b1001011000 U
1)
#460380000
b10010110 S
17
12
b10010110 \
#460400000
0)
#460450000
07
1P
b1001011001 U
1)
#460500000
0)
#460550000
b1001011010 U
1)
#460580100
16
02
#460600000
0)
#460650000
06
0P
b1001011011 U
1)
#460700000
0)
#460750000
b1001011100 U
1)
#460780200
b10010111 S
17
12
b10010111 \
#460800000
0)
#460850000
07
1P
b1001011101 U
1)
#460900000
0)
#460950000
b1001011110 U
1)
#460980300
16
02
#461000000
0)
#461050000
06
0P
b1001011111 U
1)
#461100000
0)
#461150000
b1001100000 U
1)
#461180400
b10011000 S
17
12
b10011000 \
#461200000
0)
#461250000
07
1P
b1001100001 U
1)
#461300000
0)
#461350000
b1001100010 U
1)
#461380500
16
02
#461400000
0)
#461450000
06
0P
b1001100011 U
1)
#461500000
0)
#461550000
b1001100100 U
1)
#461580600
b10011001 S
17
12
b10011001 \
#461600000
0)
#461650000
07
1P
b1001100101 U
1)
#461700000
0)
#461750000
b1001100110 U
1)
#461780700
16
02
#461800000
0)
#461850000
06
0P
b1001100111 U
1)
#461900000
0)
#461950000
b1001101000 U
1)
#461980800
b10011010 S
17
12
b10011010 \
#462000000
0)
#462050000
07
1P
b1001101001 U
1)
#462100000
0)
#462150000
b1001101010 U
1)
#462180900
16
02
#462200000
0)
#462250000
06
0P
b1001101011 U
1)
#462300000
0)
#462350000
b1001101100 U
1)
#462381000
b10011011 S
17
12
b10011011 \
#462400000
0)
#462450000
07
1P
b1001101101 U
1)
#462500000
0)
#462550000
b1001101110 U
1)
#462581100
16
02
#462600000
0)
#462650000
06
0P
b1001101111 U
1)
#462700000
0)
#462750000
b1001110000 U
1)
#462781200
b10011100 S
17
12
b10011100 \
#462800000
0)
#462850000
07
1P
b1001110001 U
1)
#462900000
0)
#462950000
b1001110010 U
1)
#462981300
16
02
#463000000
0)
#463050000
06
0P
b1001110011 U
1)
#463100000
0)
#463150000
b1001110100 U
1)
#463181400
b10011101 S
17
12
b10011101 \
#463200000
0)
#463250000
07
1P
b1001110101 U
1)
#463300000
0)
#463350000
b1001110110 U
1)
#463381500
16
02
#463400000
0)
#463450000
06
0P
b1001110111 U
1)
#463500000
0)
#463550000
b1001111000 U
1)
#463581600
b10011110 S
17
12
b10011110 \
#463600000
0)
#463650000
07
1P
b1001111001 U
1)
#463700000
0)
#463750000
b1001111010 U
1)
#463781700
16
02
#463800000
0)
#463850000
06
0P
b1001111011 U
1)
#463900000
0)
#463950000
b1001111100 U
1)
#463981800
b10011111 S
17
12
b10011111 \
#464000000
0)
#464050000
07
1P
b1001111101 U
1)
#464100000
0)
#464150000
b1001111110 U
1)
#464181900
16
02
#464200000
0)
#464250000
06
0P
b1001111111 U
1)
#464300000
0)
#464350000
b1010000000 U
1)
#464382000
b10100000 S
17
12
b10100000 \
#464400000
0)
#464450000
07
1P
b1010000001 U
1)
#464500000
0)
#464550000
b1010000010 U
1)
#464582100
16
02
#464600000
0)
#464650000
06
0P
b1010000011 U
1)
#464700000
0)
#464750000
b1010000100 U
1)
#464782200
b10100001 S
17
12
b10100001 \
#464800000
0)
#464850000
07
1P
b1010000101 U
1)
#464900000
0)
#464950000
b1010000110 U
1)
#464982300
16
02
#465000000
0)
#465050000
06
0P
b1010000111 U
1)
#465100000
0)
#465150000
b1010001000 U
1)
#465182400
b10100010 S
17
12
b10100010 \
#465200000
0)
#465250000
07
1P
b1010001001 U
1)
#465300000
0)
#465350000
b1010001010 U
1)
#465382500
16
02
#465400000
0)
#465450000
06
0P
b1010001011 U
1)
#465500000
0)
#465550000
b1010001100 U
1)
#465582600
b10100011 S
17
12
b10100011 \
#465600000
0)
#465650000
07
1P
b1010001101 U
1)
#465700000
0)
#465750000
b1010001110 U
1)
#465782700
16
02
#465800000
0)
#465850000
06
0P
b1010001111 U
1)
#465900000
0)
#465950000
b1010010000 U
1)
#465982800
b10100100 S
17
12
b10100100 \
#466000000
0)
#466050000
07
1P
b1010010001 U
1)
#466100000
0)
#466150000
b1010010010 U
1)
#466182900
16
02
#466200000
0)
#466250000
06
0P
b1010010011 U
1)
#466300000
0)
#466350000
b1010010100 U
1)
#466383000
b10100101 S
17
12
b10100101 \
#466400000
0)
#466450000
07
1P
b1010010101 U
1)
#466500000
0)
#466550000
b1010010110 U
1)
#466583100
16
02
#466600000
0)
#466650000
06
0P
b1010010111 U
1)
#466700000
0)
#466750000
b1010011000 U
1)
#466783200
b10100110 S
17
12
b10100110 \
#466800000
0)
#466850000
07
1P
b1010011001 U
1)
#466900000
0)
#466950000
b1010011010 U
1)
#466983300
16
02
#467000000
0)
#467050000
06
0P
b1010011011 U
1)
#467100000
0)
#467150000
b1010011100 U
1)
#467183400
b10100111 S
17
12
b10100111 \
#467200000
0)
#467250000
07
1P
b1010011101 U
1)
#467300000
0)
#467350000
b1010011110 U
1)
#467383500
16
02
#467400000
0)
#467450000
06
0P
b1010011111 U
1)
#467500000
0)
#467550000
b1010100000 U
1)
#467583600
b10101000 S
17
12
b10101000 \
#467600000
0)
#467650000
07
1P
b1010100001 U
1)
#467700000
0)
#467750000
b1010100010 U
1)
#467783700
16
02
#467800000
0)
#467850000
06
0P
b1010100011 U
1)
#467900000
0)
#467950000
b1010100100 U
1)
#467983800
b10101001 S
17
12
b10101001 \
#468000000
0)
#468050000
07
1P
b1010100101 U
1)
#468100000
0)
#468150000
b1010100110 U
1)
#468183900
16
02
#468200000
0)
#468250000
06
0P
b1010100111 U
1)
#468300000
0)
#468350000
b1010101000 U
1)
#468384000
b10101010 S
17
12
b10101010 \
#468400000
0)
#468450000
07
1P
b1010101001 U
1)
#468500000
0)
#468550000
b1010101010 U
1)
#468584100
16
02
#468600000
0)
#468650000
06
0P
b1010101011 U
1)
#468700000
0)
#468750000
b1010101100 U
1)
#468784200
b10101011 S
17
12
b10101011 \
#468800000
0)
#468850000
07
1P
b1010101101 U
1)
#468900000
0)
#468950000
b1010101110 U
1)
#468984300
16
02
#469000000
0)
#469050000
06
0P
b1010101111 U
1)
#469100000
0)
#469150000
b1010110000 U
1)
#469184400
b10101100 S
17
12
b10101100 \
#469200000
0)
#469250000
07
1P
b1010110001 U
1)
#469300000
0)
#469350000
b1010110010 U
1)
#469384500
16
02
#469400000
0)
#469450000
06
0P
b1010110011 U
1)
#469500000
0)
#469550000
b1010110100 U
1)
#469584600
b10101101 S
17
12
b10101101 \
#469600000
0)
#469650000
07
1P
b1010110101 U
1)
#469700000
0)
#469750000
b1010110110 U
1)
#469784700
16
02
#469800000
0)
#469850000
06
0P
b1010110111 U
1)
#469900000
0)
#469950000
b1010111000 U
1)
#469984800
b10101110 S
17
12
b10101110 \
#470000000
0)
#470050000
07
1P
b1010111001 U
1)
#470100000
0)
#470150000
b1010111010 U
1)
#470184900
16
02
#470200000
0)
#470250000
06
0P
b1010111011 U
1)
#470300000
0)
#470350000
b1010111100 U
1)
#470385000
b10101111 S
17
12
b10101111 \
#470400000
0)
#470450000
07
1P
b1010111101 U
1)
#470500000
0)
#470550000
b1010111110 U
1)
#470585100
16
02
#470600000
0)
#470650000
06
0P
b1010111111 U
1)
#470700000
0)
#470750000
b1011000000 U
1)
#470785200
b10110000 S
17
12
b10110000 \
#470800000
0)
#470850000
07
1P
b1011000001 U
1)
#470900000
0)
#470950000
b1011000010 U
1)
#470985300
16
02
#471000000
0)
#471050000
06
0P
b1011000011 U
1)
#471100000
0)
#471150000
b1011000100 U
1)
#471185400
b10110001 S
17
12
b10110001 \
#471200000
0)
#471250000
07
1P
b1011000101 U
1)
#471300000
0)
#471350000
b1011000110 U
1)
#471385500
16
02
#471400000
0)
#471450000
06
0P
b1011000111 U
1)
#471500000
0)
#471550000
b1011001000 U
1)
#471585600
b10110010 S
17
12
b10110010 \
#471600000
0)
#471650000
07
1P
b1011001001 U
1)
#471700000
0)
#471750000
b1011001010 U
1)
#471785700
16
02
#471800000
0)
#471850000
06
0P
b1011001011 U
1)
#471900000
0)
#471950000
b1011001100 U
1)
#471985800
b10110011 S
17
12
b10110011 \
#472000000
0)
#472050000
07
1P
b1011001101 U
1)
#472100000
0)
#472150000
b1011001110 U
1)
#472185900
16
02
#472200000
0)
#472250000
06
0P
b1011001111 U
1)
#472300000
0)
#472350000
b1011010000 U
1)
#472386000
b10110100 S
17
12
b10110100 \
#472400000
0)
#472450000
07
1P
b1011010001 U
1)
#472500000
0)
#472550000
b1011010010 U
1)
#472586100
16
02
#472600000
0)
#472650000
06
0P
b1011010011 U
1)
#472700000
0)
#472750000
b1011010100 U
1)
#472786200
b10110101 S
17
12
b10110101 \
#472800000
0)
#472850000
07
1P
b1011010101 U
1)
#472900000
0)
#472950000
b1011010110 U
1)
#472986300
16
02
#473000000
0)
#473050000
06
0P
b1011010111 U
1)
#473100000
0)
#473150000
b1011011000 U
1)
#473186400
b10110110 S
17
12
b10110110 \
#473200000
0)
#473250000
07
1P
b1011011001 U
1)
#473300000
0)
#473350000
b1011011010 U
1)
#473386500
16
02
#473400000
0)
#473450000
06
0P
b1011011011 U
1)
#473500000
0)
#473550000
b1011011100 U
1)
#473586600
b10110111 S
17
12
b10110111 \
#473600000
0)
#473650000
07
1P
b1011011101 U
1)
#473700000
0)
#473750000
b1011011110 U
1)
#473786700
16
02
#473800000
0)
#473850000
06
0P
b1011011111 U
1)
#473900000
0)
#473950000
b1011100000 U
1)
#473986800
b10111000 S
17
12
b10111000 \
#474000000
0)
#474050000
07
1P
b1011100001 U
1)
#474100000
0)
#474150000
b1011100010 U
1)
#474186900
16
02
#474200000
0)
#474250000
06
0P
b1011100011 U
1)
#474300000
0)
#474350000
b1011100100 U
1)
#474387000
b10111001 S
17
12
b10111001 \
#474400000
0)
#474450000
07
1P
b1011100101 U
1)
#474500000
0)
#474550000
b1011100110 U
1)
#474587100
16
02
#474600000
0)
#474650000
06
0P
b1011100111 U
1)
#474700000
0)
#474750000
b1011101000 U
1)
#474787200
b10111010 S
17
12
b10111010 \
#474800000
0)
#474850000
07
1P
b1011101001 U
1)
#474900000
0)
#474950000
b1011101010 U
1)
#474987300
16
02
#475000000
0)
#475050000
06
0P
b1011101011 U
1)
#475100000
0)
#475150000
b1011101100 U
1)
#475187400
b10111011 S
17
12
b10111011 \
#475200000
0)
#475250000
07
1P
b1011101101 U
1)
#475300000
0)
#475350000
b1011101110 U
1)
#475387500
16
02
#475400000
0)
#475450000
06
0P
b1011101111 U
1)
#475500000
0)
#475550000
b1011110000 U
1)
#475587600
b10111100 S
17
12
b10111100 \
#475600000
0)
#475650000
07
1P
b1011110001 U
1)
#475700000
0)
#475750000
b1011110010 U
1)
#475787700
16
02
#475800000
0)
#475850000
06
0P
b1011110011 U
1)
#475900000
0)
#475950000
b1011110100 U
1)
#475987800
b10111101 S
17
12
b10111101 \
#476000000
0)
#476050000
07
1P
b1011110101 U
1)
#476100000
0)
#476150000
b1011110110 U
1)
#476187900
16
02
#476200000
0)
#476250000
06
0P
b1011110111 U
1)
#476300000
0)
#476350000
b1011111000 U
1)
#476388000
b10111110 S
17
12
b10111110 \
#476400000
0)
#476450000
07
1P
b1011111001 U
1)
#476500000
0)
#476550000
b1011111010 U
1)
#476588100
16
02
#476600000
0)
#476650000
06
0P
b1011111011 U
1)
#476700000
0)
#476750000
b1011111100 U
1)
#476788200
b10111111 S
17
12
b10111111 \
#476800000
0)
#476850000
07
1P
b1011111101 U
1)
#476900000
0)
#476950000
b1011111110 U
1)
#476988300
16
02
#477000000
0)
#477050000
06
0P
b1011111111 U
1)
#477100000
0)
#477150000
b1100000000 U
1)
#477188400
b11000000 S
17
12
b11000000 \
#477200000
0)
#477250000
07
1P
b1100000001 U
1)
#477300000
0)
#477350000
b1100000010 U
1)
#477388500
16
02
#477400000
0)
#477450000
06
0P
b1100000011 U
1)
#477500000
0)
#477550000
b1100000100 U
1)
#477588600
b11000001 S
17
12
b11000001 \
#477600000
0)
#477650000
07
1P
b1100000101 U
1)
#477700000
0)
#477750000
b1100000110 U
1)
#477788700
16
02
#477800000
0)
#477850000
06
0P
b1100000111 U
1)
#477900000
0)
#477950000
b1100001000 U
1)
#477988800
b11000010 S
17
12
b11000010 \
#478000000
0)
#478050000
07
1P
b1100001001 U
1)
#478100000
0)
#478150000
b1100001010 U
1)
#478188900
16
02
#478200000
0)
#478250000
06
0P
b1100001011 U
1)
#478300000
0)
#478350000
b1100001100 U
1)
#478389000
b11000011 S
17
12
b11000011 \
#478400000
0)
#478450000
07
1P
b1100001101 U
1)
#478500000
0)
#478550000
b1100001110 U
1)
#478589100
16
02
#478600000
0)
#478650000
06
0P
b1100001111 U
1)
#478700000
0)
#478750000
b1100010000 U
1)
#478789200
b11000100 S
17
12
b11000100 \
#478800000
0)
#478850000
07
1P
b1100010001 U
1)
#478900000
0)
#478950000
b1100010010 U
1)
#478989300
16
02
#479000000
0)
#479050000
06
0P
b1100010011 U
1)
#479100000
0)
#479150000
b1100010100 U
1)
#479189400
b11000101 S
17
12
b11000101 \
#479200000
0)
#479250000
07
1P
b1100010101 U
1)
#479300000
0)
#479350000
b1100010110 U
1)
#479389500
16
02
#479400000
0)
#479450000
06
0P
b1100010111 U
1)
#479500000
0)
#479550000
b1100011000 U
1)
#479589600
b11000110 S
17
12
b11000110 \
#479600000
0)
#479650000
07
1P
b1100011001 U
1)
#479700000
0)
#479750000
b1100011010 U
1)
#479789700
16
02
#479800000
0)
#479850000
06
0P
b1100011011 U
1)
#479900000
0)
#479950000
b1100011100 U
1)
#479989800
b11000111 S
17
12
b11000111 \
#480000000
0)
#480050000
07
1P
b1100011101 U
1)
#480100000
0)
#480150000
b1100011110 U
1)
#480189900
16
02
#480200000
0)
#480250000
06
0P
b1100011111 U
1)
#480300000
0)
#480350000
b1100100000 U
1)
#480390000
b11001000 S
17
12
b11001000 \
#480400000
0)
#480450000
07
1P
b1100100001 U
1)
#480500000
0)
#480550000
b1100100010 U
1)
#480590100
16
02
#480600000
0)
#480650000
06
0P
b1100100011 U
1)
#480700000
0)
#480750000
b1100100100 U
1)
#480790200
b11001001 S
17
12
b11001001 \
#480800000
0)
#480850000
07
1P
b1100100101 U
1)
#480900000
0)
#480950000
b1100100110 U
1)
#480990300
16
02
#481000000
0)
#481050000
06
0P
b1100100111 U
1)
#481100000
0)
#481150000
b1100101000 U
1)
#481190400
b11001010 S
17
12
b11001010 \
#481200000
0)
#481250000
07
1P
b1100101001 U
1)
#481300000
0)
#481350000
b1100101010 U
1)
#481390500
16
02
#481400000
0)
#481450000
06
0P
b1100101011 U
1)
#481500000
0)
#481550000
b1100101100 U
1)
#481590600
b11001011 S
17
12
b11001011 \
#481600000
0)
#481650000
07
1P
b1100101101 U
1)
#481700000
0)
#481750000
b1100101110 U
1)
#481790700
16
02
#481800000
0)
#481850000
06
0P
b1100101111 U
1)
#481900000
0)
#481950000
b1100110000 U
1)
#481990800
b11001100 S
17
12
b11001100 \
#482000000
0)
#482050000
07
1P
b1100110001 U
1)
#482100000
0)
#482150000
b1100110010 U
1)
#482190900
16
02
#482200000
0)
#482250000
06
0P
b1100110011 U
1)
#482300000
0)
#482350000
b1100110100 U
1)
#482391000
b11001101 S
17
12
b11001101 \
#482400000
0)
#482450000
07
1P
b1100110101 U
1)
#482500000
0)
#482550000
b1100110110 U
1)
#482591100
16
02
#482600000
0)
#482650000
06
0P
b1100110111 U
1)
#482700000
0)
#482750000
b1100111000 U
1)
#482791200
b11001110 S
17
12
b11001110 \
#482800000
0)
#482850000
07
1P
b1100111001 U
1)
#482900000
0)
#482950000
b1100111010 U
1)
#482991300
16
02
#483000000
0)
#483050000
06
0P
b1100111011 U
1)
#483100000
0)
#483150000
b1100111100 U
1)
#483191400
b11001111 S
17
12
b11001111 \
#483200000
0)
#483250000
07
1P
b1100111101 U
1)
#483300000
0)
#483350000
b1100111110 U
1)
#483391500
16
02
#483400000
0)
#483450000
06
0P
b1100111111 U
1)
#483500000
0)
#483550000
b1101000000 U
1)
#483591600
b11010000 S
17
12
b11010000 \
#483600000
0)
#483650000
07
1P
b1101000001 U
1)
#483700000
0)
#483750000
b1101000010 U
1)
#483791700
16
02
#483800000
0)
#483850000
06
0P
b1101000011 U
1)
#483900000
0)
#483950000
b1101000100 U
1)
#483991800
b11010001 S
17
12
b11010001 \
#484000000
0)
#484050000
07
1P
b1101000101 U
1)
#484100000
0)
#484150000
b1101000110 U
1)
#484191900
16
02
#484200000
0)
#484250000
06
0P
b1101000111 U
1)
#484300000
0)
#484350000
b1101001000 U
1)
#484392000
b11010010 S
17
12
b11010010 \
#484400000
0)
#484450000
07
1P
b1101001001 U
1)
#484500000
0)
#484550000
b1101001010 U
1)
#484592100
16
02
#484600000
0)
#484650000
06
0P
b1101001011 U
1)
#484700000
0)
#484750000
b1101001100 U
1)
#484792200
b11010011 S
17
12
b11010011 \
#484800000
0)
#484850000
07
1P
b1101001101 U
1)
#484900000
0)
#484950000
b1101001110 U
1)
#484992300
16
02
#485000000
0)
#485050000
06
0P
b1101001111 U
1)
#485100000
0)
#485150000
b1101010000 U
1)
#485192400
b11010100 S
17
12
b11010100 \
#485200000
0)
#485250000
07
1P
b1101010001 U
1)
#485300000
0)
#485350000
b1101010010 U
1)
#485392500
16
02
#485400000
0)
#485450000
06
0P
b1101010011 U
1)
#485500000
0)
#485550000
b1101010100 U
1)
#485592600
b11010101 S
17
12
b11010101 \
#485600000
0)
#485650000
07
1P
b1101010101 U
1)
#485700000
0)
#485750000
b1101010110 U
1)
#485792700
16
02
#485800000
0)
#485850000
06
0P
b1101010111 U
1)
#485900000
0)
#485950000
b1101011000 U
1)
#485992800
b11010110 S
17
12
b11010110 \
#486000000
0)
#486050000
07
1P
b1101011001 U
1)
#486100000
0)
#486150000
b1101011010 U
1)
#486192900
16
02
#486200000
0)
#486250000
06
0P
b1101011011 U
1)
#486300000
0)
#486350000
b1101011100 U
1)
#486393000
b11010111 S
17
12
b11010111 \
#486400000
0)
#486450000
07
1P
b1101011101 U
1)
#486500000
0)
#486550000
b1101011110 U
1)
#486593100
16
02
#486600000
0)
#486650000
06
0P
b1101011111 U
1)
#486700000
0)
#486750000
b1101100000 U
1)
#486793200
b11011000 S
17
12
b11011000 \
#486800000
0)
#486850000
07
1P
b1101100001 U
1)
#486900000
0)
#486950000
b1101100010 U
1)
#486993300
16
02
#487000000
0)
#487050000
06
0P
b1101100011 U
1)
#487100000
0)
#487150000
b1101100100 U
1)
#487193400
b11011001 S
17
12
b11011001 \
#487200000
0)
#487250000
07
1P
b1101100101 U
1)
#487300000
0)
#487350000
b1101100110 U
1)
#487393500
16
02
#487400000
0)
#487450000
06
0P
b1101100111 U
1)
#487500000
0)
#487550000
b1101101000 U
1)
#487593600
b11011010 S
17
12
b11011010 \
#487600000
0)
#487650000
07
1P
b1101101001 U
1)
#487700000
0)
#487750000
b1101101010 U
1)
#487793700
16
02
#487800000
0)
#487850000
06
0P
b1101101011 U
1)
#487900000
0)
#487950000
b1101101100 U
1)
#487993800
b11011011 S
17
12
b11011011 \
#488000000
0)
#488050000
07
1P
b1101101101 U
1)
#488100000
0)
#488150000
b1101101110 U
1)
#488193900
16
02
#488200000
0)
#488250000
06
0P
b1101101111 U
1)
#488300000
0)
#488350000
b1101110000 U
1)
#488394000
b11011100 S
17
12
b11011100 \
#488400000
0)
#488450000
07
1P
b1101110001 U
1)
#488500000
0)
#488550000
b1101110010 U
1)
#488594100
16
02
#488600000
0)
#488650000
06
0P
b1101110011 U
1)
#488700000
0)
#488750000
b1101110100 U
1)
#488794200
b11011101 S
17
12
b11011101 \
#488800000
0)
#488850000
07
1P
b1101110101 U
1)
#488900000
0)
#488950000
b1101110110 U
1)
#488994300
16
02
#489000000
0)
#489050000
06
0P
b1101110111 U
1)
#489100000
0)
#489150000
b1101111000 U
1)
#489194400
b11011110 S
17
12
b11011110 \
#489200000
0)
#489250000
07
1P
b1101111001 U
1)
#489300000
0)
#489350000
b1101111010 U
1)
#489394500
16
02
#489400000
0)
#489450000
06
0P
b1101111011 U
1)
#489500000
0)
#489550000
b1101111100 U
1)
#489594600
b11011111 S
17
12
b11011111 \
#489600000
0)
#489650000
07
1P
b1101111101 U
1)
#489700000
0)
#489750000
b1101111110 U
1)
#489794700
16
02
#489800000
0)
#489850000
06
0P
b1101111111 U
1)
#489900000
0)
#489950000
b1110000000 U
1)
#489994800
b11100000 S
17
12
b11100000 \
#490000000
0)
#490050000
07
1P
b1110000001 U
1)
#490100000
0)
#490150000
b1110000010 U
1)
#490194900
16
02
#490200000
0)
#490250000
06
0P
b1110000011 U
1)
#490300000
0)
#490350000
b1110000100 U
1)
#490395000
b11100001 S
17
12
b11100001 \
#490400000
0)
#490450000
07
1P
b1110000101 U
1)
#490500000
0)
#490550000
b1110000110 U
1)
#490595100
16
02
#490600000
0)
#490650000
06
0P
b1110000111 U
1)
#490700000
0)
#490750000
b1110001000 U
1)
#490795200
b11100010 S
17
12
b11100010 \
#490800000
0)
#490850000
07
1P
b1110001001 U
1)
#490900000
0)
#490950000
b1110001010 U
1)
#490995300
16
02
#491000000
0)
#491050000
06
0P
b1110001011 U
1)
#491100000
0)
#491150000
b1110001100 U
1)
#491195400
b11100011 S
17
12
b11100011 \
#491200000
0)
#491250000
07
1P
b1110001101 U
1)
#491300000
0)
#491350000
b1110001110 U
1)
#491395500
16
02
#491400000
0)
#491450000
06
0P
b1110001111 U
1)
#491500000
0)
#491550000
b1110010000 U
1)
#491595600
b11100100 S
17
12
b11100100 \
#491600000
0)
#491650000
07
1P
b1110010001 U
1)
#491700000
0)
#491750000
b1110010010 U
1)
#491795700
16
02
#491800000
0)
#491850000
06
0P
b1110010011 U
1)
#491900000
0)
#491950000
b1110010100 U
1)
#491995800
b11100101 S
17
12
b11100101 \
#492000000
0)
#492050000
07
1P
b1110010101 U
1)
#492100000
0)
#492150000
b1110010110 U
1)
#492195900
16
02
#492200000
0)
#492250000
06
0P
b1110010111 U
1)
#492300000
0)
#492350000
b1110011000 U
1)
#492396000
b11100110 S
17
12
b11100110 \
#492400000
0)
#492450000
07
1P
b1110011001 U
1)
#492500000
0)
#492550000
b1110011010 U
1)
#492596100
16
02
#492600000
0)
#492650000
06
0P
b1110011011 U
1)
#492700000
0)
#492750000
b1110011100 U
1)
#492796200
b11100111 S
17
12
b11100111 \
#492800000
0)
#492850000
07
1P
b1110011101 U
1)
#492900000
0)
#492950000
b1110011110 U
1)
#492996300
16
02
#493000000
0)
#493050000
06
0P
b1110011111 U
1)
#493100000
0)
#493150000
b1110100000 U
1)
#493196400
b11101000 S
17
12
b11101000 \
#493200000
0)
#493250000
07
1P
b1110100001 U
1)
#493300000
0)
#493350000
b1110100010 U
1)
#493396500
16
02
#493400000
0)
#493450000
06
0P
b1110100011 U
1)
#493500000
0)
#493550000
b1110100100 U
1)
#493596600
b11101001 S
17
12
b11101001 \
#493600000
0)
#493650000
07
1P
b1110100101 U
1)
#493700000
0)
#493750000
b1110100110 U
1)
#493796700
16
02
#493800000
0)
#493850000
06
0P
b1110100111 U
1)
#493900000
0)
#493950000
b1110101000 U
1)
#493996800
b11101010 S
17
12
b11101010 \
#494000000
0)
#494050000
07
1P
b1110101001 U
1)
#494100000
0)
#494150000
b1110101010 U
1)
#494196900
16
02
#494200000
0)
#494250000
06
0P
b1110101011 U
1)
#494300000
0)
#494350000
b1110101100 U
1)
#494397000
b11101011 S
17
12
b11101011 \
#494400000
0)
#494450000
07
1P
b1110101101 U
1)
#494500000
0)
#494550000
b1110101110 U
1)
#494597100
16
02
#494600000
0)
#494650000
06
0P
b1110101111 U
1)
#494700000
0)
#494750000
b1110110000 U
1)
#494797200
b11101100 S
17
12
b11101100 \
#494800000
0)
#494850000
07
1P
b1110110001 U
1)
#494900000
0)
#494950000
b1110110010 U
1)
#494997300
16
02
#495000000
0)
#495050000
06
0P
b1110110011 U
1)
#495100000
0)
#495150000
b1110110100 U
1)
#495197400
b11101101 S
17
12
b11101101 \
#495200000
0)
#495250000
07
1P
b1110110101 U
1)
#495300000
0)
#495350000
b1110110110 U
1)
#495397500
16
02
#495400000
0)
#495450000
06
0P
b1110110111 U
1)
#495500000
0)
#495550000
b1110111000 U
1)
#495597600
b11101110 S
17
12
b11101110 \
#495600000
0)
#495650000
07
1P
b1110111001 U
1)
#495700000
0)
#495750000
b1110111010 U
1)
#495797700
16
02
#495800000
0)
#495850000
06
0P
b1110111011 U
1)
#495900000
0)
#495950000
b1110111100 U
1)
#495997800
b11101111 S
17
12
b11101111 \
#496000000
0)
#496050000
07
1P
b1110111101 U
1)
#496100000
0)
#496150000
b1110111110 U
1)
#496197900
16
02
#496200000
0)
#496250000
06
0P
b1110111111 U
1)
#496300000
0)
#496350000
b1111000000 U
1)
#496398000
b11110000 S
17
12
b11110000 \
#496400000
0)
#496450000
07
1P
b1111000001 U
1)
#496500000
0)
#496550000
b1111000010 U
1)
#496598100
16
02
#496600000
0)
#496650000
06
0P
b1111000011 U
1)
#496700000
0)
#496750000
b1111000100 U
1)
#496798200
b11110001 S
17
12
b11110001 \
#496800000
0)
#496850000
07
1P
b1111000101 U
1)
#496900000
0)
#496950000
b1111000110 U
1)
#496998300
16
02
#497000000
0)
#497050000
06
0P
b1111000111 U
1)
#497100000
0)
#497150000
b1111001000 U
1)
#497198400
b11110010 S
17
12
b11110010 \
#497200000
0)
#497250000
07
1P
b1111001001 U
1)
#497300000
0)
#497350000
b1111001010 U
1)
#497398500
16
02
#497400000
0)
#497450000
06
0P
b1111001011 U
1)
#497500000
0)
#497550000
b1111001100 U
1)
#497598600
b11110011 S
17
12
b11110011 \
#497600000
0)
#497650000
07
1P
b1111001101 U
1)
#497700000
0)
#497750000
b1111001110 U
1)
#497798700
16
02
#497800000
0)
#497850000
06
0P
b1111001111 U
1)
#497900000
0)
#497950000
b1111010000 U
1)
#497998800
b11110100 S
17
12
b11110100 \
#498000000
0)
#498050000
07
1P
b1111010001 U
1)
#498100000
0)
#498150000
b1111010010 U
1)
#498198900
16
02
#498200000
0)
#498250000
06
0P
b1111010011 U
1)
#498300000
0)
#498350000
b1111010100 U
1)
#498399000
b11110101 S
17
12
b11110101 \
#498400000
0)
#498450000
07
1P
b1111010101 U
1)
#498500000
0)
#498550000
b1111010110 U
1)
#498599100
16
02
#498600000
0)
#498650000
06
0P
b1111010111 U
1)
#498700000
0)
#498750000
b1111011000 U
1)
#498799200
b11110110 S
17
12
b11110110 \
#498800000
0)
#498850000
07
1P
b1111011001 U
1)
#498900000
0)
#498950000
b1111011010 U
1)
#498999300
16
02
#499000000
0)
#499050000
06
0P
b1111011011 U
1)
#499100000
0)
#499150000
b1111011100 U
1)
#499199400
b11110111 S
17
12
b11110111 \
#499200000
0)
#499250000
07
1P
b1111011101 U
1)
#499300000
0)
#499350000
b1111011110 U
1)
#499399500
16
02
#499400000
0)
#499450000
06
0P
b1111011111 U
1)
#499500000
0)
#499550000
b1111100000 U
1)
#499599600
b11111000 S
17
12
b11111000 \
#499600000
0)
#499650000
07
1P
b1111100001 U
1)
#499700000
0)
#499750000
b1111100010 U
1)
#499799700
16
02
#499800000
0)
#499850000
06
0P
b1111100011 U
1)
#499900000
0)
#499950000
b1111100100 U
1)
#499999800
b11111001 S
17
12
b11111001 \
#500000000
0)
#500050000
07
1P
b1111100101 U
1)
#500100000
0)
#500150000
b1111100110 U
1)
#500199900
16
02
#500200000
0)
#500250000
06
0P
b1111100111 U
1)
#500300000
0)
#500350000
b1111101000 U
1)
#500400000
b11111010 S
17
0)
12
b11111010 \
#500450000
07
1P
b1111101001 U
1)
#500500000
0)
#500550000
b1111101010 U
1)
#500600000
0)
#500600100
16
02
#500650000
06
0P
b1111101011 U
1)
#500700000
0)
#500750000
b1111101100 U
1)
#500800000
0)
#500800200
b11111011 S
17
12
b11111011 \
#500850000
07
1P
b1111101101 U
1)
#500900000
0)
#500950000
b1111101110 U
1)
#501000000
0)
#501000300
16
02
#501050000
06
0P
b1111101111 U
1)
#501100000
0)
#501150000
b1111110000 U
1)
#501200000
0)
#501200400
b11111100 S
17
12
b11111100 \
#501250000
07
1P
b1111110001 U
1)
#501300000
0)
#501350000
b1111110010 U
1)
#501400000
0)
#501400500
16
02
#501450000
06
0P
b1111110011 U
1)
#501500000
0)
#501550000
b1111110100 U
1)
#501600000
0)
#501600600
b11111101 S
17
12
b11111101 \
#501650000
07
1P
b1111110101 U
1)
#501700000
0)
#501750000
b1111110110 U
1)
#501800000
0)
#501800700
16
02
#501850000
06
0P
b1111110111 U
1)
#501900000
0)
#501950000
b1111111000 U
1)
#502000000
0)
#502000800
b11111110 S
17
12
b11111110 \
#502050000
07
1P
b1111111001 U
1)
#502100000
0)
#502150000
b1111111010 U
1)
#502200000
0)
#502200900
16
02
#502250000
06
0P
b1111111011 U
1)
#502300000
0)
#502350000
b1111111100 U
1)
#502400000
0)
#502401000
b11111111 S
17
12
b11111111 \
#502450000
07
1P
b1111111101 U
1)
#502500000
0)
#502550000
b1111111110 U
1)
#502600000
0)
#502601100
16
02
#502650000
06
0P
b1111111111 U
1)
#502700000
0)
#502750000
b10000000000 U
1)
#502800000
0)
#502801200
b100000000 S
17
12
b100000000 \
#502850000
07
1P
b10000000001 U
1)
#502900000
0)
#502950000
b10000000010 U
1)
#503000000
0)
#503001300
16
02
#503050000
06
0P
b10000000011 U
1)
#503100000
0)
#503150000
b10000000100 U
1)
#503200000
0)
#503201400
b100000001 S
17
12
b100000001 \
#503250000
07
1P
b10000000101 U
1)
#503300000
0)
#503350000
b10000000110 U
1)
#503400000
0)
#503401500
16
02
#503450000
06
0P
b10000000111 U
1)
#503500000
0)
#503550000
b10000001000 U
1)
#503600000
0)
#503601600
b100000010 S
17
12
b100000010 \
#503650000
07
1P
b10000001001 U
1)
#503700000
0)
#503750000
b10000001010 U
1)
#503800000
0)
#503801700
16
02
#503850000
06
0P
b10000001011 U
1)
#503900000
0)
#503950000
b10000001100 U
1)
#504000000
0)
#504001800
b100000011 S
17
12
b100000011 \
#504050000
07
1P
b10000001101 U
1)
#504100000
0)
#504150000
b10000001110 U
1)
#504200000
0)
#504201900
16
02
#504250000
06
0P
b10000001111 U
1)
#504300000
0)
#504350000
b10000010000 U
1)
#504400000
0)
#504402000
b100000100 S
17
12
b100000100 \
#504450000
07
1P
b10000010001 U
1)
#504500000
0)
#504550000
b10000010010 U
1)
#504600000
0)
#504602100
16
02
#504650000
06
0P
b10000010011 U
1)
#504700000
0)
#504750000
b10000010100 U
1)
#504800000
0)
#504802200
b100000101 S
17
12
b100000101 \
#504850000
07
1P
b10000010101 U
1)
#504900000
0)
#504950000
b10000010110 U
1)
#505000000
0)
#505002300
16
02
#505050000
06
0P
b10000010111 U
1)
#505100000
0)
#505150000
b10000011000 U
1)
#505200000
0)
#505202400
b100000110 S
17
12
b100000110 \
#505250000
07
1P
b10000011001 U
1)
#505300000
0)
#505350000
b10000011010 U
1)
#505400000
0)
#505402500
16
02
#505450000
06
0P
b10000011011 U
1)
#505500000
0)
#505550000
b10000011100 U
1)
#505600000
0)
#505602600
b100000111 S
17
12
b100000111 \
#505650000
07
1P
b10000011101 U
1)
#505700000
0)
#505750000
b10000011110 U
1)
#505800000
0)
#505802700
16
02
#505850000
06
0P
b10000011111 U
1)
#505900000
0)
#505950000
b10000100000 U
1)
#506000000
0)
#506002800
b100001000 S
17
12
b100001000 \
#506050000
07
1P
b10000100001 U
1)
#506100000
0)
#506150000
b10000100010 U
1)
#506200000
0)
#506202900
16
02
#506250000
06
0P
b10000100011 U
1)
#506300000
0)
#506350000
b10000100100 U
1)
#506400000
0)
#506403000
b100001001 S
17
12
b100001001 \
#506450000
07
1P
b10000100101 U
1)
#506500000
0)
#506550000
b10000100110 U
1)
#506600000
0)
#506603100
16
02
#506650000
06
0P
b10000100111 U
1)
#506700000
0)
#506750000
b10000101000 U
1)
#506800000
0)
#506803200
b100001010 S
17
12
b100001010 \
#506850000
07
1P
b10000101001 U
1)
#506900000
0)
#506950000
b10000101010 U
1)
#507000000
0)
#507003300
16
02
#507050000
06
0P
b10000101011 U
1)
#507100000
0)
#507150000
b10000101100 U
1)
#507200000
0)
#507203400
b100001011 S
17
12
b100001011 \
#507250000
07
1P
b10000101101 U
1)
#507300000
0)
#507350000
b10000101110 U
1)
#507400000
0)
#507403500
16
02
#507450000
06
0P
b10000101111 U
1)
#507500000
0)
#507550000
b10000110000 U
1)
#507600000
0)
#507603600
b100001100 S
17
12
b100001100 \
#507650000
07
1P
b10000110001 U
1)
#507700000
0)
#507750000
b10000110010 U
1)
#507800000
0)
#507803700
16
02
#507850000
06
0P
b10000110011 U
1)
#507900000
0)
#507950000
b10000110100 U
1)
#508000000
0)
#508003800
b100001101 S
17
12
b100001101 \
#508050000
07
1P
b10000110101 U
1)
#508100000
0)
#508150000
b10000110110 U
1)
#508200000
0)
#508203900
16
02
#508250000
06
0P
b10000110111 U
1)
#508300000
0)
#508350000
b10000111000 U
1)
#508400000
0)
#508404000
b100001110 S
17
12
b100001110 \
#508450000
07
1P
b10000111001 U
1)
#508500000
0)
#508550000
b10000111010 U
1)
#508600000
0)
#508604100
16
02
#508650000
06
0P
b10000111011 U
1)
#508700000
0)
#508750000
b10000111100 U
1)
#508800000
0)
#508804200
b100001111 S
17
12
b100001111 \
#508850000
07
1P
b10000111101 U
1)
#508900000
0)
#508950000
b10000111110 U
1)
#509000000
0)
#509004300
16
02
#509050000
06
0P
b10000111111 U
1)
#509100000
0)
#509150000
b10001000000 U
1)
#509200000
0)
#509204400
b100010000 S
17
12
b100010000 \
#509250000
07
1P
b10001000001 U
1)
#509300000
0)
#509350000
b10001000010 U
1)
#509400000
0)
#509404500
16
02
#509450000
06
0P
b10001000011 U
1)
#509500000
0)
#509550000
b10001000100 U
1)
#509600000
0)
#509604600
b100010001 S
17
12
b100010001 \
#509650000
07
1P
b10001000101 U
1)
#509700000
0)
#509750000
b10001000110 U
1)
#509800000
0)
#509804700
16
02
#509850000
06
0P
b10001000111 U
1)
#509900000
0)
#509950000
b10001001000 U
1)
#510000000
0)
#510004800
b100010010 S
17
12
b100010010 \
#510050000
07
1P
b10001001001 U
1)
#510100000
0)
#510150000
b10001001010 U
1)
#510200000
0)
#510204900
16
02
#510250000
06
0P
b10001001011 U
1)
#510300000
0)
#510350000
b10001001100 U
1)
#510400000
0)
#510405000
b100010011 S
17
12
b100010011 \
#510450000
07
1P
b10001001101 U
1)
#510500000
0)
#510550000
b10001001110 U
1)
#510600000
0)
#510605100
16
02
#510650000
06
0P
b10001001111 U
1)
#510700000
0)
#510750000
b10001010000 U
1)
#510800000
0)
#510805200
b100010100 S
17
12
b100010100 \
#510850000
07
1P
b10001010001 U
1)
#510900000
0)
#510950000
b10001010010 U
1)
#511000000
0)
#511005300
16
02
#511050000
06
0P
b10001010011 U
1)
#511100000
0)
#511150000
b10001010100 U
1)
#511200000
0)
#511205400
b100010101 S
17
12
b100010101 \
#511250000
07
1P
b10001010101 U
1)
#511300000
0)
#511350000
b10001010110 U
1)
#511400000
0)
#511405500
16
02
#511450000
06
0P
b10001010111 U
1)
#511500000
0)
#511550000
b10001011000 U
1)
#511600000
0)
#511605600
b100010110 S
17
12
b100010110 \
#511650000
07
1P
b10001011001 U
1)
#511700000
0)
#511750000
b10001011010 U
1)
#511800000
0)
#511805700
16
02
#511850000
06
0P
b10001011011 U
1)
#511900000
0)
#511950000
b10001011100 U
1)
#512000000
0)
#512005800
b100010111 S
17
12
b100010111 \
#512050000
07
1P
b10001011101 U
1)
#512100000
0)
#512150000
b10001011110 U
1)
#512200000
0)
#512205900
16
02
#512250000
06
0P
b10001011111 U
1)
#512300000
0)
#512350000
b10001100000 U
1)
#512400000
0)
#512406000
b100011000 S
17
12
b100011000 \
#512450000
07
1P
b10001100001 U
1)
#512500000
0)
#512550000
b10001100010 U
1)
#512600000
0)
#512606100
16
02
#512650000
06
0P
b10001100011 U
1)
#512700000
0)
#512750000
b10001100100 U
1)
#512800000
0)
#512806200
b100011001 S
17
12
b100011001 \
#512850000
07
1P
b10001100101 U
1)
#512900000
0)
#512950000
b10001100110 U
1)
#513000000
0)
#513006300
16
02
#513050000
06
0P
b10001100111 U
1)
#513100000
0)
#513150000
b10001101000 U
1)
#513200000
0)
#513206400
b100011010 S
17
12
b100011010 \
#513250000
07
1P
b10001101001 U
1)
#513300000
0)
#513350000
b10001101010 U
1)
#513400000
0)
#513406500
16
02
#513450000
06
0P
b10001101011 U
1)
#513500000
0)
#513550000
b10001101100 U
1)
#513600000
0)
#513606600
b100011011 S
17
12
b100011011 \
#513650000
07
1P
b10001101101 U
1)
#513700000
0)
#513750000
b10001101110 U
1)
#513800000
0)
#513806700
16
02
#513850000
06
0P
b10001101111 U
1)
#513900000
0)
#513950000
b10001110000 U
1)
#514000000
0)
#514006800
b100011100 S
17
12
b100011100 \
#514050000
07
1P
b10001110001 U
1)
#514100000
0)
#514150000
b10001110010 U
1)
#514200000
0)
#514206900
16
02
#514250000
06
0P
b10001110011 U
1)
#514300000
0)
#514350000
b10001110100 U
1)
#514400000
0)
#514407000
b100011101 S
17
12
b100011101 \
#514450000
07
1P
b10001110101 U
1)
#514500000
0)
#514550000
b10001110110 U
1)
#514600000
0)
#514607100
16
02
#514650000
06
0P
b10001110111 U
1)
#514700000
0)
#514750000
b10001111000 U
1)
#514800000
0)
#514807200
b100011110 S
17
12
b100011110 \
#514850000
07
1P
b10001111001 U
1)
#514900000
0)
#514950000
b10001111010 U
1)
#515000000
0)
#515007300
16
02
#515050000
06
0P
b10001111011 U
1)
#515100000
0)
#515150000
b10001111100 U
1)
#515200000
0)
#515207400
b100011111 S
17
12
b100011111 \
#515250000
07
1P
b10001111101 U
1)
#515300000
0)
#515350000
b10001111110 U
1)
#515400000
0)
#515407500
16
02
#515450000
06
0P
b10001111111 U
1)
#515500000
0)
#515550000
b10010000000 U
1)
#515600000
0)
#515607600
b100100000 S
17
12
b100100000 \
#515650000
07
1P
b10010000001 U
1)
#515700000
0)
#515750000
b10010000010 U
1)
#515800000
0)
#515807700
16
02
#515850000
06
0P
b10010000011 U
1)
#515900000
0)
#515950000
b10010000100 U
1)
#516000000
0)
#516007800
b100100001 S
17
12
b100100001 \
#516050000
07
1P
b10010000101 U
1)
#516100000
0)
#516150000
b10010000110 U
1)
#516200000
0)
#516207900
16
02
#516250000
06
0P
b10010000111 U
1)
#516300000
0)
#516350000
b10010001000 U
1)
#516400000
0)
#516408000
b100100010 S
17
12
b100100010 \
#516450000
07
1P
b10010001001 U
1)
#516500000
0)
#516550000
b10010001010 U
1)
#516600000
0)
#516608100
16
02
#516650000
06
0P
b10010001011 U
1)
#516700000
0)
#516750000
b10010001100 U
1)
#516800000
0)
#516808200
b100100011 S
17
12
b100100011 \
#516850000
07
1P
b10010001101 U
1)
#516900000
0)
#516950000
b10010001110 U
1)
#517000000
0)
#517008300
16
02
#517050000
06
0P
b10010001111 U
1)
#517100000
0)
#517150000
b10010010000 U
1)
#517200000
0)
#517208400
b100100100 S
17
12
b100100100 \
#517250000
07
1P
b10010010001 U
1)
#517300000
0)
#517350000
b10010010010 U
1)
#517400000
0)
#517408500
16
02
#517450000
06
0P
b10010010011 U
1)
#517500000
0)
#517550000
b10010010100 U
1)
#517600000
0)
#517608600
b100100101 S
17
12
b100100101 \
#517650000
07
1P
b10010010101 U
1)
#517700000
0)
#517750000
b10010010110 U
1)
#517800000
0)
#517808700
16
02
#517850000
06
0P
b10010010111 U
1)
#517900000
0)
#517950000
b10010011000 U
1)
#518000000
0)
#518008800
b100100110 S
17
12
b100100110 \
#518050000
07
1P
b10010011001 U
1)
#518100000
0)
#518150000
b10010011010 U
1)
#518200000
0)
#518208900
16
02
#518250000
06
0P
b10010011011 U
1)
#518300000
0)
#518350000
b10010011100 U
1)
#518400000
0)
#518409000
b100100111 S
17
12
b100100111 \
#518450000
07
1P
b10010011101 U
1)
#518500000
0)
#518550000
b10010011110 U
1)
#518600000
0)
#518609100
16
02
#518650000
06
0P
b10010011111 U
1)
#518700000
0)
#518750000
b10010100000 U
1)
#518800000
0)
#518809200
b100101000 S
17
12
b100101000 \
#518850000
07
1P
b10010100001 U
1)
#518900000
0)
#518950000
b10010100010 U
1)
#519000000
0)
#519009300
16
02
#519050000
06
0P
b10010100011 U
1)
#519100000
0)
#519150000
b10010100100 U
1)
#519200000
0)
#519209400
b100101001 S
17
12
b100101001 \
#519250000
07
1P
b10010100101 U
1)
#519300000
0)
#519350000
b10010100110 U
1)
#519400000
0)
#519409500
16
02
#519450000
06
0P
b10010100111 U
1)
#519500000
0)
#519550000
b10010101000 U
1)
#519600000
0)
#519609600
b100101010 S
17
12
b100101010 \
#519650000
07
1P
b10010101001 U
1)
#519700000
0)
#519750000
b10010101010 U
1)
#519800000
0)
#519809700
16
02
#519850000
06
0P
b10010101011 U
1)
#519900000
0)
#519950000
b10010101100 U
1)
#520000000
0)
#520009800
b100101011 S
17
12
b100101011 \
#520050000
07
1P
b10010101101 U
1)
#520100000
0)
#520150000
b10010101110 U
1)
#520200000
0)
#520209900
16
02
#520250000
06
0P
b10010101111 U
1)
#520300000
0)
#520350000
b10010110000 U
1)
#520400000
0)
#520410000
b100101100 S
17
12
b100101100 \
#520450000
07
1P
b10010110001 U
1)
#520500000
0)
#520550000
b10010110010 U
1)
#520600000
0)
#520610100
16
02
#520650000
06
0P
b10010110011 U
1)
#520700000
0)
#520750000
b10010110100 U
1)
#520800000
0)
#520810200
b100101101 S
17
12
b100101101 \
#520850000
07
1P
b10010110101 U
1)
#520900000
0)
#520950000
b10010110110 U
1)
#521000000
0)
#521010300
16
02
#521050000
06
0P
b10010110111 U
1)
#521100000
0)
#521150000
b10010111000 U
1)
#521200000
0)
#521210400
b100101110 S
17
12
b100101110 \
#521250000
07
1P
b10010111001 U
1)
#521300000
0)
#521350000
b10010111010 U
1)
#521400000
0)
#521410500
16
02
#521450000
06
0P
b10010111011 U
1)
#521500000
0)
#521550000
b10010111100 U
1)
#521600000
0)
#521610600
b100101111 S
17
12
b100101111 \
#521650000
07
1P
b10010111101 U
1)
#521700000
0)
#521750000
b10010111110 U
1)
#521800000
0)
#521810700
16
02
#521850000
06
0P
b10010111111 U
1)
#521900000
0)
#521950000
b10011000000 U
1)
#522000000
0)
#522010800
b100110000 S
17
12
b100110000 \
#522050000
07
1P
b10011000001 U
1)
#522100000
0)
#522150000
b10011000010 U
1)
#522200000
0)
#522210900
16
02
#522250000
06
0P
b10011000011 U
1)
#522300000
0)
#522350000
b10011000100 U
1)
#522400000
0)
#522411000
b100110001 S
17
12
b100110001 \
#522450000
07
1P
b10011000101 U
1)
#522500000
0)
#522550000
b10011000110 U
1)
#522600000
0)
#522611100
16
02
#522650000
06
0P
b10011000111 U
1)
#522700000
0)
#522750000
b10011001000 U
1)
#522800000
0)
#522811200
b100110010 S
17
12
b100110010 \
#522850000
07
1P
b10011001001 U
1)
#522900000
0)
#522950000
b10011001010 U
1)
#523000000
0)
#523011300
16
02
#523050000
06
0P
b10011001011 U
1)
#523100000
0)
#523150000
b10011001100 U
1)
#523200000
0)
#523211400
b100110011 S
17
12
b100110011 \
#523250000
07
1P
b10011001101 U
1)
#523300000
0)
#523350000
b10011001110 U
1)
#523400000
0)
#523411500
16
02
#523450000
06
0P
b10011001111 U
1)
#523500000
0)
#523550000
b10011010000 U
1)
#523600000
0)
#523611600
b100110100 S
17
12
b100110100 \
#523650000
07
1P
b10011010001 U
1)
#523700000
0)
#523750000
b10011010010 U
1)
#523800000
0)
#523811700
16
02
#523850000
06
0P
b10011010011 U
1)
#523900000
0)
#523950000
b10011010100 U
1)
#524000000
0)
#524011800
b100110101 S
17
12
b100110101 \
#524050000
07
1P
b10011010101 U
1)
#524100000
0)
#524150000
b10011010110 U
1)
#524200000
0)
#524211900
16
02
#524250000
06
0P
b10011010111 U
1)
#524300000
0)
#524350000
b10011011000 U
1)
#524400000
0)
#524412000
b100110110 S
17
12
b100110110 \
#524450000
07
1P
b10011011001 U
1)
#524500000
0)
#524550000
b10011011010 U
1)
#524600000
0)
#524612100
16
02
#524650000
06
0P
b10011011011 U
1)
#524700000
0)
#524750000
b10011011100 U
1)
#524800000
0)
#524812200
b100110111 S
17
12
b100110111 \
#524850000
07
1P
b10011011101 U
1)
#524900000
0)
#524950000
b10011011110 U
1)
#525000000
0)
#525012300
16
02
#525050000
06
0P
b10011011111 U
1)
#525100000
0)
#525150000
b10011100000 U
1)
#525200000
0)
#525212400
b100111000 S
17
12
b100111000 \
#525250000
07
1P
b10011100001 U
1)
#525300000
0)
#525350000
b10011100010 U
1)
#525400000
0)
#525412500
16
02
#525450000
06
0P
b10011100011 U
1)
#525500000
0)
#525550000
b10011100100 U
1)
#525600000
0)
#525612600
b100111001 S
17
12
b100111001 \
#525650000
07
1P
b10011100101 U
1)
#525700000
0)
#525750000
b10011100110 U
1)
#525800000
0)
#525812700
16
02
#525850000
06
0P
b10011100111 U
1)
#525900000
0)
#525950000
b10011101000 U
1)
#526000000
0)
#526012800
b100111010 S
17
12
b100111010 \
#526050000
07
1P
b10011101001 U
1)
#526100000
0)
#526150000
b10011101010 U
1)
#526200000
0)
#526212900
16
02
#526250000
06
0P
b10011101011 U
1)
#526300000
0)
#526350000
b10011101100 U
1)
#526400000
0)
#526413000
b100111011 S
17
12
b100111011 \
#526450000
07
1P
b10011101101 U
1)
#526500000
0)
#526550000
b10011101110 U
1)
#526600000
0)
#526613100
16
02
#526650000
06
0P
b10011101111 U
1)
#526700000
0)
#526750000
b10011110000 U
1)
#526800000
0)
#526813200
b100111100 S
17
12
b100111100 \
#526850000
07
1P
b10011110001 U
1)
#526900000
0)
#526950000
b10011110010 U
1)
#527000000
0)
#527013300
16
02
#527050000
06
0P
b10011110011 U
1)
#527100000
0)
#527150000
b10011110100 U
1)
#527200000
0)
#527213400
b100111101 S
17
12
b100111101 \
#527250000
07
1P
b10011110101 U
1)
#527300000
0)
#527350000
b10011110110 U
1)
#527400000
0)
#527413500
16
02
#527450000
06
0P
b10011110111 U
1)
#527500000
0)
#527550000
b10011111000 U
1)
#527600000
0)
#527613600
b100111110 S
17
12
b100111110 \
#527650000
07
1P
b10011111001 U
1)
#527700000
0)
#527750000
b10011111010 U
1)
#527800000
0)
#527813700
16
02
#527850000
06
0P
b10011111011 U
1)
#527900000
0)
#527950000
b10011111100 U
1)
#528000000
0)
#528013800
b100111111 S
17
12
b100111111 \
#528050000
07
1P
b10011111101 U
1)
#528100000
0)
#528150000
b10011111110 U
1)
#528200000
0)
#528213900
16
02
#528250000
06
0P
b10011111111 U
1)
#528300000
0)
#528350000
b10100000000 U
1)
#528400000
0)
#528414000
b101000000 S
17
12
b101000000 \
#528450000
07
1P
b10100000001 U
1)
#528500000
0)
#528550000
b10100000010 U
1)
#528600000
0)
#528614100
16
02
#528650000
06
0P
b10100000011 U
1)
#528700000
0)
#528750000
b10100000100 U
1)
#528800000
0)
#528814200
b101000001 S
17
12
b101000001 \
#528850000
07
1P
b10100000101 U
1)
#528900000
0)
#528950000
b10100000110 U
1)
#529000000
0)
#529014300
16
02
#529050000
06
0P
b10100000111 U
1)
#529100000
0)
#529150000
b10100001000 U
1)
#529200000
0)
#529214400
b101000010 S
17
12
b101000010 \
#529250000
07
1P
b10100001001 U
1)
#529300000
0)
#529350000
b10100001010 U
1)
#529400000
0)
#529414500
16
02
#529450000
06
0P
b10100001011 U
1)
#529500000
0)
#529550000
b10100001100 U
1)
#529600000
0)
#529614600
b101000011 S
17
12
b101000011 \
#529650000
07
1P
b10100001101 U
1)
#529700000
0)
#529750000
b10100001110 U
1)
#529800000
0)
#529814700
16
02
#529850000
06
0P
b10100001111 U
1)
#529900000
0)
#529950000
b10100010000 U
1)
#530000000
0)
#530014800
b101000100 S
17
12
b101000100 \
#530050000
07
1P
b10100010001 U
1)
#530100000
0)
#530150000
b10100010010 U
1)
#530200000
0)
#530214900
16
02
#530250000
06
0P
b10100010011 U
1)
#530300000
0)
#530350000
b10100010100 U
1)
#530400000
0)
#530415000
b101000101 S
17
12
b101000101 \
#530450000
07
1P
b10100010101 U
1)
#530500000
0)
#530550000
b10100010110 U
1)
#530600000
0)
#530615100
16
02
#530650000
06
0P
b10100010111 U
1)
#530700000
0)
#530750000
b10100011000 U
1)
#530800000
0)
#530815200
b101000110 S
17
12
b101000110 \
#530850000
07
1P
b10100011001 U
1)
#530900000
0)
#530950000
b10100011010 U
1)
#531000000
0)
#531015300
16
02
#531050000
06
0P
b10100011011 U
1)
#531100000
0)
#531150000
b10100011100 U
1)
#531200000
0)
#531215400
b101000111 S
17
12
b101000111 \
#531250000
07
1P
b10100011101 U
1)
#531300000
0)
#531350000
b10100011110 U
1)
#531400000
0)
#531415500
16
02
#531450000
06
0P
b10100011111 U
1)
#531500000
0)
#531550000
b10100100000 U
1)
#531600000
0)
#531615600
b101001000 S
17
12
b101001000 \
#531650000
07
1P
b10100100001 U
1)
#531700000
0)
#531750000
b10100100010 U
1)
#531800000
0)
#531815700
16
02
#531850000
06
0P
b10100100011 U
1)
#531900000
0)
#531950000
b10100100100 U
1)
#532000000
0)
#532015800
b101001001 S
17
12
b101001001 \
#532050000
07
1P
b10100100101 U
1)
#532100000
0)
#532150000
b10100100110 U
1)
#532200000
0)
#532215900
16
02
#532250000
06
0P
b10100100111 U
1)
#532300000
0)
#532350000
b10100101000 U
1)
#532400000
0)
#532416000
b101001010 S
17
12
b101001010 \
#532450000
07
1P
b10100101001 U
1)
#532500000
0)
#532550000
b10100101010 U
1)
#532600000
0)
#532616100
16
02
#532650000
06
0P
b10100101011 U
1)
#532700000
0)
#532750000
b10100101100 U
1)
#532800000
0)
#532816200
b101001011 S
17
12
b101001011 \
#532850000
07
1P
b10100101101 U
1)
#532900000
0)
#532950000
b10100101110 U
1)
#533000000
0)
#533016300
16
02
#533050000
06
0P
b10100101111 U
1)
#533100000
0)
#533150000
b10100110000 U
1)
#533200000
0)
#533216400
b101001100 S
17
12
b101001100 \
#533250000
07
1P
b10100110001 U
1)
#533300000
0)
#533350000
b10100110010 U
1)
#533400000
0)
#533416500
16
02
#533450000
06
0P
b10100110011 U
1)
#533500000
0)
#533550000
b10100110100 U
1)
#533600000
0)
#533616600
b101001101 S
17
12
b101001101 \
#533650000
07
1P
b10100110101 U
1)
#533700000
0)
#533750000
b10100110110 U
1)
#533800000
0)
#533816700
16
02
#533850000
06
0P
b10100110111 U
1)
#533900000
0)
#533950000
b10100111000 U
1)
#534000000
0)
#534016800
b101001110 S
17
12
b101001110 \
#534050000
07
1P
b10100111001 U
1)
#534100000
0)
#534150000
b10100111010 U
1)
#534200000
0)
#534216900
16
02
#534250000
06
0P
b10100111011 U
1)
#534300000
0)
#534350000
b10100111100 U
1)
#534400000
0)
#534417000
b101001111 S
17
12
b101001111 \
#534450000
07
1P
b10100111101 U
1)
#534500000
0)
#534550000
b10100111110 U
1)
#534600000
0)
#534617100
16
02
#534650000
06
0P
b10100111111 U
1)
#534700000
0)
#534750000
b10101000000 U
1)
#534800000
0)
#534817200
b101010000 S
17
12
b101010000 \
#534850000
07
1P
b10101000001 U
1)
#534900000
0)
#534950000
b10101000010 U
1)
#535000000
0)
#535017300
16
02
#535050000
06
0P
b10101000011 U
1)
#535100000
0)
#535150000
b10101000100 U
1)
#535200000
0)
#535217400
b101010001 S
17
12
b101010001 \
#535250000
07
1P
b10101000101 U
1)
#535300000
0)
#535350000
b10101000110 U
1)
#535400000
0)
#535417500
16
02
#535450000
06
0P
b10101000111 U
1)
#535500000
0)
#535550000
b10101001000 U
1)
#535600000
0)
#535617600
b101010010 S
17
12
b101010010 \
#535650000
07
1P
b10101001001 U
1)
#535700000
0)
#535750000
b10101001010 U
1)
#535800000
0)
#535817700
16
02
#535850000
06
0P
b10101001011 U
1)
#535900000
0)
#535950000
b10101001100 U
1)
#536000000
0)
#536017800
b101010011 S
17
12
b101010011 \
#536050000
07
1P
b10101001101 U
1)
#536100000
0)
#536150000
b10101001110 U
1)
#536200000
0)
#536217900
16
02
#536250000
06
0P
b10101001111 U
1)
#536300000
0)
#536350000
b10101010000 U
1)
#536400000
0)
#536418000
b101010100 S
17
12
b101010100 \
#536450000
07
1P
b10101010001 U
1)
#536500000
0)
#536550000
b10101010010 U
1)
#536600000
0)
#536618100
16
02
#536650000
06
0P
b10101010011 U
1)
#536700000
0)
#536750000
b10101010100 U
1)
#536800000
0)
#536818200
b101010101 S
17
12
b101010101 \
#536850000
07
1P
b10101010101 U
1)
#536900000
0)
#536950000
b10101010110 U
1)
#537000000
0)
#537018300
16
02
#537050000
06
0P
b10101010111 U
1)
#537100000
0)
#537150000
b10101011000 U
1)
#537200000
0)
#537218400
b101010110 S
17
12
b101010110 \
#537250000
07
1P
b10101011001 U
1)
#537300000
0)
#537350000
b10101011010 U
1)
#537400000
0)
#537418500
16
02
#537450000
06
0P
b10101011011 U
1)
#537500000
0)
#537550000
b10101011100 U
1)
#537600000
0)
#537618600
b101010111 S
17
12
b101010111 \
#537650000
07
1P
b10101011101 U
1)
#537700000
0)
#537750000
b10101011110 U
1)
#537800000
0)
#537818700
16
02
#537850000
06
0P
b10101011111 U
1)
#537900000
0)
#537950000
b10101100000 U
1)
#538000000
0)
#538018800
b101011000 S
17
12
b101011000 \
#538050000
07
1P
b10101100001 U
1)
#538100000
0)
#538150000
b10101100010 U
1)
#538200000
0)
#538218900
16
02
#538250000
06
0P
b10101100011 U
1)
#538300000
0)
#538350000
b10101100100 U
1)
#538400000
0)
#538419000
b101011001 S
17
12
b101011001 \
#538450000
07
1P
b10101100101 U
1)
#538500000
0)
#538550000
b10101100110 U
1)
#538600000
0)
#538619100
16
02
#538650000
06
0P
b10101100111 U
1)
#538700000
0)
#538750000
b10101101000 U
1)
#538800000
0)
#538819200
b101011010 S
17
12
b101011010 \
#538850000
07
1P
b10101101001 U
1)
#538900000
0)
#538950000
b10101101010 U
1)
#539000000
0)
#539019300
16
02
#539050000
06
0P
b10101101011 U
1)
#539100000
0)
#539150000
b10101101100 U
1)
#539200000
0)
#539219400
b101011011 S
17
12
b101011011 \
#539250000
07
1P
b10101101101 U
1)
#539300000
0)
#539350000
b10101101110 U
1)
#539400000
0)
#539419500
16
02
#539450000
06
0P
b10101101111 U
1)
#539500000
0)
#539550000
b10101110000 U
1)
#539600000
0)
#539619600
b101011100 S
17
12
b101011100 \
#539650000
07
1P
b10101110001 U
1)
#539700000
0)
#539750000
b10101110010 U
1)
#539800000
0)
#539819700
16
02
#539850000
06
0P
b10101110011 U
1)
#539900000
0)
#539950000
b10101110100 U
1)
#540000000
0)
#540019800
b101011101 S
17
12
b101011101 \
#540050000
07
1P
b10101110101 U
1)
#540100000
0)
#540150000
b10101110110 U
1)
#540200000
0)
#540219900
16
02
#540250000
06
0P
b10101110111 U
1)
#540300000
0)
#540350000
b10101111000 U
1)
#540400000
0)
#540420000
b101011110 S
17
12
b101011110 \
#540450000
07
1P
b10101111001 U
1)
#540500000
0)
#540550000
b10101111010 U
1)
#540600000
0)
#540620100
16
02
#540650000
06
0P
b10101111011 U
1)
#540700000
0)
#540750000
b10101111100 U
1)
#540800000
0)
#540820200
b101011111 S
17
12
b101011111 \
#540850000
07
1P
b10101111101 U
1)
#540900000
0)
#540950000
b10101111110 U
1)
#541000000
0)
#541020300
16
02
#541050000
06
0P
b10101111111 U
1)
#541100000
0)
#541150000
b10110000000 U
1)
#541200000
0)
#541220400
b101100000 S
17
12
b101100000 \
#541250000
07
1P
b10110000001 U
1)
#541300000
0)
#541350000
b10110000010 U
1)
#541400000
0)
#541420500
16
02
#541450000
06
0P
b10110000011 U
1)
#541500000
0)
#541550000
b10110000100 U
1)
#541600000
0)
#541620600
b101100001 S
17
12
b101100001 \
#541650000
07
1P
b10110000101 U
1)
#541700000
0)
#541750000
b10110000110 U
1)
#541800000
0)
#541820700
16
02
#541850000
06
0P
b10110000111 U
1)
#541900000
0)
#541950000
b10110001000 U
1)
#542000000
0)
#542020800
b101100010 S
17
12
b101100010 \
#542050000
07
1P
b10110001001 U
1)
#542100000
0)
#542150000
b10110001010 U
1)
#542200000
0)
#542220900
16
02
#542250000
06
0P
b10110001011 U
1)
#542300000
0)
#542350000
b10110001100 U
1)
#542400000
0)
#542421000
b101100011 S
17
12
b101100011 \
#542450000
07
1P
b10110001101 U
1)
#542500000
0)
#542550000
b10110001110 U
1)
#542600000
0)
#542621100
16
02
#542650000
06
0P
b10110001111 U
1)
#542700000
0)
#542750000
b10110010000 U
1)
#542800000
0)
#542821200
b101100100 S
17
12
b101100100 \
#542850000
07
1P
b10110010001 U
1)
#542900000
0)
#542950000
b10110010010 U
1)
#543000000
0)
#543021300
16
02
#543050000
06
0P
b10110010011 U
1)
#543100000
0)
#543150000
b10110010100 U
1)
#543200000
0)
#543221400
b101100101 S
17
12
b101100101 \
#543250000
07
1P
b10110010101 U
1)
#543300000
0)
#543350000
b10110010110 U
1)
#543400000
0)
#543421500
16
02
#543450000
06
0P
b10110010111 U
1)
#543500000
0)
#543550000
b10110011000 U
1)
#543600000
0)
#543621600
b101100110 S
17
12
b101100110 \
#543650000
07
1P
b10110011001 U
1)
#543700000
0)
#543750000
b10110011010 U
1)
#543800000
0)
#543821700
16
02
#543850000
06
0P
b10110011011 U
1)
#543900000
0)
#543950000
b10110011100 U
1)
#544000000
0)
#544021800
b101100111 S
17
12
b101100111 \
#544050000
07
1P
b10110011101 U
1)
#544100000
0)
#544150000
b10110011110 U
1)
#544200000
0)
#544221900
16
02
#544250000
06
0P
b10110011111 U
1)
#544300000
0)
#544350000
b10110100000 U
1)
#544400000
0)
#544422000
b101101000 S
17
12
b101101000 \
#544450000
07
1P
b10110100001 U
1)
#544500000
0)
#544550000
b10110100010 U
1)
#544600000
0)
#544622100
16
02
#544650000
06
0P
b10110100011 U
1)
#544700000
0)
#544750000
b10110100100 U
1)
#544800000
0)
#544822200
b101101001 S
17
12
b101101001 \
#544850000
07
1P
b10110100101 U
1)
#544900000
0)
#544950000
b10110100110 U
1)
#545000000
0)
#545022300
16
02
#545050000
06
0P
b10110100111 U
1)
#545100000
0)
#545150000
b10110101000 U
1)
#545200000
0)
#545222400
b101101010 S
17
12
b101101010 \
#545250000
07
1P
b10110101001 U
1)
#545300000
0)
#545350000
b10110101010 U
1)
#545400000
0)
#545422500
16
02
#545450000
06
0P
b10110101011 U
1)
#545500000
0)
#545550000
b10110101100 U
1)
#545600000
0)
#545622600
b101101011 S
17
12
b101101011 \
#545650000
07
1P
b10110101101 U
1)
#545700000
0)
#545750000
b10110101110 U
1)
#545800000
0)
#545822700
16
02
#545850000
06
0P
b10110101111 U
1)
#545900000
0)
#545950000
b10110110000 U
1)
#546000000
0)
#546022800
b101101100 S
17
12
b101101100 \
#546050000
07
1P
b10110110001 U
1)
#546100000
0)
#546150000
b10110110010 U
1)
#546200000
0)
#546222900
16
02
#546250000
06
0P
b10110110011 U
1)
#546300000
0)
#546350000
b10110110100 U
1)
#546400000
0)
#546423000
b101101101 S
17
12
b101101101 \
#546450000
07
1P
b10110110101 U
1)
#546500000
0)
#546550000
b10110110110 U
1)
#546600000
0)
#546623100
16
02
#546650000
06
0P
b10110110111 U
1)
#546700000
0)
#546750000
b10110111000 U
1)
#546800000
0)
#546823200
b101101110 S
17
12
b101101110 \
#546850000
07
1P
b10110111001 U
1)
#546900000
0)
#546950000
b10110111010 U
1)
#547000000
0)
#547023300
16
02
#547050000
06
0P
b10110111011 U
1)
#547100000
0)
#547150000
b10110111100 U
1)
#547200000
0)
#547223400
b101101111 S
17
12
b101101111 \
#547250000
07
1P
b10110111101 U
1)
#547300000
0)
#547350000
b10110111110 U
1)
#547400000
0)
#547423500
16
02
#547450000
06
0P
b10110111111 U
1)
#547500000
0)
#547550000
b10111000000 U
1)
#547600000
0)
#547623600
b101110000 S
17
12
b101110000 \
#547650000
07
1P
b10111000001 U
1)
#547700000
0)
#547750000
b10111000010 U
1)
#547800000
0)
#547823700
16
02
#547850000
06
0P
b10111000011 U
1)
#547900000
0)
#547950000
b10111000100 U
1)
#548000000
0)
#548023800
b101110001 S
17
12
b101110001 \
#548050000
07
1P
b10111000101 U
1)
#548100000
0)
#548150000
b10111000110 U
1)
#548200000
0)
#548223900
16
02
#548250000
06
0P
b10111000111 U
1)
#548300000
0)
#548350000
b10111001000 U
1)
#548400000
0)
#548424000
b101110010 S
17
12
b101110010 \
#548450000
07
1P
b10111001001 U
1)
#548500000
0)
#548550000
b10111001010 U
1)
#548600000
0)
#548624100
16
02
#548650000
06
0P
b10111001011 U
1)
#548700000
0)
#548750000
b10111001100 U
1)
#548800000
0)
#548824200
b101110011 S
17
12
b101110011 \
#548850000
07
1P
b10111001101 U
1)
#548900000
0)
#548950000
b10111001110 U
1)
#549000000
0)
#549024300
16
02
#549050000
06
0P
b10111001111 U
1)
#549100000
0)
#549150000
b10111010000 U
1)
#549200000
0)
#549224400
b101110100 S
17
12
b101110100 \
#549250000
07
1P
b10111010001 U
1)
#549300000
0)
#549350000
b10111010010 U
1)
#549400000
0)
#549424500
16
02
#549450000
06
0P
b10111010011 U
1)
#549500000
0)
#549550000
b10111010100 U
1)
#549600000
0)
#549624600
b101110101 S
17
12
b101110101 \
#549650000
07
1P
b10111010101 U
1)
#549700000
0)
#549750000
b10111010110 U
1)
#549800000
0)
#549824700
16
02
#549850000
06
0P
b10111010111 U
1)
#549900000
0)
#549950000
b10111011000 U
1)
#550000000
0)
#550024800
b101110110 S
17
12
b101110110 \
#550050000
07
1P
b10111011001 U
1)
#550100000
0)
#550150000
b10111011010 U
1)
#550200000
0)
#550224900
16
02
#550250000
06
0P
b10111011011 U
1)
#550300000
0)
#550350000
b10111011100 U
1)
#550400000
0)
#550425000
b101110111 S
17
12
b101110111 \
#550450000
07
1P
b10111011101 U
1)
#550500000
0)
#550550000
b10111011110 U
1)
#550600000
0)
#550625100
16
02
#550650000
06
0P
b10111011111 U
1)
#550700000
0)
#550750000
b10111100000 U
1)
#550800000
0)
#550825200
b101111000 S
17
12
b101111000 \
#550850000
07
1P
b10111100001 U
1)
#550900000
0)
#550950000
b10111100010 U
1)
#551000000
0)
#551025300
16
02
#551050000
06
0P
b10111100011 U
1)
#551100000
0)
#551150000
b10111100100 U
1)
#551200000
0)
#551225400
b101111001 S
17
12
b101111001 \
#551250000
07
1P
b10111100101 U
1)
#551300000
0)
#551350000
b10111100110 U
1)
#551400000
0)
#551425500
16
02
#551450000
06
0P
b10111100111 U
1)
#551500000
0)
#551550000
b10111101000 U
1)
#551600000
0)
#551625600
b101111010 S
17
12
b101111010 \
#551650000
07
1P
b10111101001 U
1)
#551700000
0)
#551750000
b10111101010 U
1)
#551800000
0)
#551825700
16
02
#551850000
06
0P
b10111101011 U
1)
#551900000
0)
#551950000
b10111101100 U
1)
#552000000
0)
#552025800
b101111011 S
17
12
b101111011 \
#552050000
07
1P
b10111101101 U
1)
#552100000
0)
#552150000
b10111101110 U
1)
#552200000
0)
#552225900
16
02
#552250000
06
0P
b10111101111 U
1)
#552300000
0)
#552350000
b10111110000 U
1)
#552400000
0)
#552426000
b101111100 S
17
12
b101111100 \
#552450000
07
1P
b10111110001 U
1)
#552500000
0)
#552550000
b10111110010 U
1)
#552600000
0)
#552626100
16
02
#552650000
06
0P
b10111110011 U
1)
#552700000
0)
#552750000
b10111110100 U
1)
#552800000
0)
#552826200
b101111101 S
17
12
b101111101 \
#552850000
07
1P
b10111110101 U
1)
#552900000
0)
#552950000
b10111110110 U
1)
#553000000
0)
#553026300
16
02
#553050000
06
0P
b10111110111 U
1)
#553100000
0)
#553150000
b10111111000 U
1)
#553200000
0)
#553226400
b101111110 S
17
12
b101111110 \
#553250000
07
1P
b10111111001 U
1)
#553300000
0)
#553350000
b10111111010 U
1)
#553400000
0)
#553426500
16
02
#553450000
06
0P
b10111111011 U
1)
#553500000
0)
#553550000
b10111111100 U
1)
#553600000
0)
#553626600
b101111111 S
17
12
b101111111 \
#553650000
07
1P
b10111111101 U
1)
#553700000
0)
#553750000
b10111111110 U
1)
#553800000
0)
#553826700
16
02
#553850000
06
0P
b10111111111 U
1)
#553900000
0)
#553950000
b11000000000 U
1)
#554000000
0)
#554026800
b110000000 S
17
12
b110000000 \
#554050000
07
1P
b11000000001 U
1)
#554100000
0)
#554150000
b11000000010 U
1)
#554200000
0)
#554226900
16
02
#554250000
06
0P
b11000000011 U
1)
#554300000
0)
#554350000
b11000000100 U
1)
#554400000
0)
#554427000
b110000001 S
17
12
b110000001 \
#554450000
07
1P
b11000000101 U
1)
#554500000
0)
#554550000
b11000000110 U
1)
#554600000
0)
#554627100
16
02
#554650000
06
0P
b11000000111 U
1)
#554700000
0)
#554750000
b11000001000 U
1)
#554800000
0)
#554827200
b110000010 S
17
12
b110000010 \
#554850000
07
1P
b11000001001 U
1)
#554900000
0)
#554950000
b11000001010 U
1)
#555000000
0)
#555027300
16
02
#555050000
06
0P
b11000001011 U
1)
#555100000
0)
#555150000
b11000001100 U
1)
#555200000
0)
#555227400
b110000011 S
17
12
b110000011 \
#555250000
07
1P
b11000001101 U
1)
#555300000
0)
#555350000
b11000001110 U
1)
#555400000
0)
#555427500
16
02
#555450000
06
0P
b11000001111 U
1)
#555500000
0)
#555550000
b11000010000 U
1)
#555600000
0)
#555627600
b110000100 S
17
12
b110000100 \
#555650000
07
1P
b11000010001 U
1)
#555700000
0)
#555750000
b11000010010 U
1)
#555800000
0)
#555827700
16
02
#555850000
06
0P
b11000010011 U
1)
#555900000
0)
#555950000
b11000010100 U
1)
#556000000
0)
#556027800
b110000101 S
17
12
b110000101 \
#556050000
07
1P
b11000010101 U
1)
#556100000
0)
#556150000
b11000010110 U
1)
#556200000
0)
#556227900
16
02
#556250000
06
0P
b11000010111 U
1)
#556300000
0)
#556350000
b11000011000 U
1)
#556400000
0)
#556428000
b110000110 S
17
12
b110000110 \
#556450000
07
1P
b11000011001 U
1)
#556500000
0)
#556550000
b11000011010 U
1)
#556600000
0)
#556628100
16
02
#556650000
06
0P
b11000011011 U
1)
#556700000
0)
#556750000
b11000011100 U
1)
#556800000
0)
#556828200
b110000111 S
17
12
b110000111 \
#556850000
07
1P
b11000011101 U
1)
#556900000
0)
#556950000
b11000011110 U
1)
#557000000
0)
#557028300
16
02
#557050000
06
0P
b11000011111 U
1)
#557100000
0)
#557150000
b11000100000 U
1)
#557200000
0)
#557228400
b110001000 S
17
12
b110001000 \
#557250000
07
1P
b11000100001 U
1)
#557300000
0)
#557350000
b11000100010 U
1)
#557400000
0)
#557428500
16
02
#557450000
06
0P
b11000100011 U
1)
#557500000
0)
#557550000
b11000100100 U
1)
#557600000
0)
#557628600
b110001001 S
17
12
b110001001 \
#557650000
07
1P
b11000100101 U
1)
#557700000
0)
#557750000
b11000100110 U
1)
#557800000
0)
#557828700
16
02
#557850000
06
0P
b11000100111 U
1)
#557900000
0)
#557950000
b11000101000 U
1)
#558000000
0)
#558028800
b110001010 S
17
12
b110001010 \
#558050000
07
1P
b11000101001 U
1)
#558100000
0)
#558150000
b11000101010 U
1)
#558200000
0)
#558228900
16
02
#558250000
06
0P
b11000101011 U
1)
#558300000
0)
#558350000
b11000101100 U
1)
#558400000
0)
#558429000
b110001011 S
17
12
b110001011 \
#558450000
07
1P
b11000101101 U
1)
#558500000
0)
#558550000
b11000101110 U
1)
#558600000
0)
#558629100
16
02
#558650000
06
0P
b11000101111 U
1)
#558700000
0)
#558750000
b11000110000 U
1)
#558800000
0)
#558829200
b110001100 S
17
12
b110001100 \
#558850000
07
1P
b11000110001 U
1)
#558900000
0)
#558950000
b11000110010 U
1)
#559000000
0)
#559029300
16
02
#559050000
06
0P
b11000110011 U
1)
#559100000
0)
#559150000
b11000110100 U
1)
#559200000
0)
#559229400
b110001101 S
17
12
b110001101 \
#559250000
07
1P
b11000110101 U
1)
#559300000
0)
#559350000
b11000110110 U
1)
#559400000
0)
#559429500
16
02
#559450000
06
0P
b11000110111 U
1)
#559500000
0)
#559550000
b11000111000 U
1)
#559600000
0)
#559629600
b110001110 S
17
12
b110001110 \
#559650000
07
1P
b11000111001 U
1)
#559700000
0)
#559750000
b11000111010 U
1)
#559800000
0)
#559829700
16
02
#559850000
06
0P
b11000111011 U
1)
#559900000
0)
#559950000
b11000111100 U
1)
#560000000
0)
#560029800
b110001111 S
17
12
b110001111 \
#560050000
07
1P
b11000111101 U
1)
#560100000
0)
#560150000
b11000111110 U
1)
#560200000
0)
#560229900
16
02
#560250000
06
0P
b11000111111 U
1)
#560300000
0)
#560350000
b11001000000 U
1)
#560400000
0)
#560430000
b110010000 S
17
12
b110010000 \
#560450000
07
1P
b11001000001 U
1)
#560500000
0)
#560550000
b11001000010 U
1)
#560600000
0)
#560630100
16
02
#560650000
06
0P
b11001000011 U
1)
#560700000
0)
#560750000
b11001000100 U
1)
#560800000
0)
#560830200
b110010001 S
17
12
b110010001 \
#560850000
07
1P
b11001000101 U
1)
#560900000
0)
#560950000
b11001000110 U
1)
#561000000
0)
#561030300
16
02
#561050000
06
0P
b11001000111 U
1)
#561100000
0)
#561150000
b11001001000 U
1)
#561200000
0)
#561230400
b110010010 S
17
12
b110010010 \
#561250000
07
1P
b11001001001 U
1)
#561300000
0)
#561350000
b11001001010 U
1)
#561400000
0)
#561430500
16
02
#561450000
06
0P
b11001001011 U
1)
#561500000
0)
#561550000
b11001001100 U
1)
#561600000
0)
#561630600
b110010011 S
17
12
b110010011 \
#561650000
07
1P
b11001001101 U
1)
#561700000
0)
#561750000
b11001001110 U
1)
#561800000
0)
#561830700
16
02
#561850000
06
0P
b11001001111 U
1)
#561900000
0)
#561950000
b11001010000 U
1)
#562000000
0)
#562030800
b110010100 S
17
12
b110010100 \
#562050000
07
1P
b11001010001 U
1)
#562100000
0)
#562150000
b11001010010 U
1)
#562200000
0)
#562230900
16
02
#562250000
06
0P
b11001010011 U
1)
#562300000
0)
#562350000
b11001010100 U
1)
#562400000
0)
#562431000
b110010101 S
17
12
b110010101 \
#562450000
07
1P
b11001010101 U
1)
#562500000
0)
#562550000
b11001010110 U
1)
#562600000
0)
#562631100
16
02
#562650000
06
0P
b11001010111 U
1)
#562700000
0)
#562750000
b11001011000 U
1)
#562800000
0)
#562831200
b110010110 S
17
12
b110010110 \
#562850000
07
1P
b11001011001 U
1)
#562900000
0)
#562950000
b11001011010 U
1)
#563000000
0)
#563031300
16
02
#563050000
06
0P
b11001011011 U
1)
#563100000
0)
#563150000
b11001011100 U
1)
#563200000
0)
#563231400
b110010111 S
17
12
b110010111 \
#563250000
07
1P
b11001011101 U
1)
#563300000
0)
#563350000
b11001011110 U
1)
#563400000
0)
#563431500
16
02
#563450000
06
0P
b11001011111 U
1)
#563500000
0)
#563550000
b11001100000 U
1)
#563600000
0)
#563631600
b110011000 S
17
12
b110011000 \
#563650000
07
1P
b11001100001 U
1)
#563700000
0)
#563750000
b11001100010 U
1)
#563800000
0)
#563831700
16
02
#563850000
06
0P
b11001100011 U
1)
#563900000
0)
#563950000
b11001100100 U
1)
#564000000
0)
#564031800
b110011001 S
17
12
b110011001 \
#564050000
07
1P
b11001100101 U
1)
#564100000
0)
#564150000
b11001100110 U
1)
#564200000
0)
#564231900
16
02
#564250000
06
0P
b11001100111 U
1)
#564300000
0)
#564350000
b11001101000 U
1)
#564400000
0)
#564432000
b110011010 S
17
12
b110011010 \
#564450000
07
1P
b11001101001 U
1)
#564500000
0)
#564550000
b11001101010 U
1)
#564600000
0)
#564632100
16
02
#564650000
06
0P
b11001101011 U
1)
#564700000
0)
#564750000
b11001101100 U
1)
#564800000
0)
#564832200
b110011011 S
17
12
b110011011 \
#564850000
07
1P
b11001101101 U
1)
#564900000
0)
#564950000
b11001101110 U
1)
#565000000
0)
#565032300
16
02
#565050000
06
0P
b11001101111 U
1)
#565100000
0)
#565150000
b11001110000 U
1)
#565200000
0)
#565232400
b110011100 S
17
12
b110011100 \
#565250000
07
1P
b11001110001 U
1)
#565300000
0)
#565350000
b11001110010 U
1)
#565400000
0)
#565432500
16
02
#565450000
06
0P
b11001110011 U
1)
#565500000
0)
#565550000
b11001110100 U
1)
#565600000
0)
#565632600
b110011101 S
17
12
b110011101 \
#565650000
07
1P
b11001110101 U
1)
#565700000
0)
#565750000
b11001110110 U
1)
#565800000
0)
#565832700
16
02
#565850000
06
0P
b11001110111 U
1)
#565900000
0)
#565950000
b11001111000 U
1)
#566000000
0)
#566032800
b110011110 S
17
12
b110011110 \
#566050000
07
1P
b11001111001 U
1)
#566100000
0)
#566150000
b11001111010 U
1)
#566200000
0)
#566232900
16
02
#566250000
06
0P
b11001111011 U
1)
#566300000
0)
#566350000
b11001111100 U
1)
#566400000
0)
#566433000
b110011111 S
17
12
b110011111 \
#566450000
07
1P
b11001111101 U
1)
#566500000
0)
#566550000
b11001111110 U
1)
#566600000
0)
#566633100
16
02
#566650000
06
0P
b11001111111 U
1)
#566700000
0)
#566750000
b11010000000 U
1)
#566800000
0)
#566833200
b110100000 S
17
12
b110100000 \
#566850000
07
1P
b11010000001 U
1)
#566900000
0)
#566950000
b11010000010 U
1)
#567000000
0)
#567033300
16
02
#567050000
06
0P
b11010000011 U
1)
#567100000
0)
#567150000
b11010000100 U
1)
#567200000
0)
#567233400
b110100001 S
17
12
b110100001 \
#567250000
07
1P
b11010000101 U
1)
#567300000
0)
#567350000
b11010000110 U
1)
#567400000
0)
#567433500
16
02
#567450000
06
0P
b11010000111 U
1)
#567500000
0)
#567550000
b11010001000 U
1)
#567600000
0)
#567633600
b110100010 S
17
12
b110100010 \
#567650000
07
1P
b11010001001 U
1)
#567700000
0)
#567750000
b11010001010 U
1)
#567800000
0)
#567833700
16
02
#567850000
06
0P
b11010001011 U
1)
#567900000
0)
#567950000
b11010001100 U
1)
#568000000
0)
#568033800
b110100011 S
17
12
b110100011 \
#568050000
07
1P
b11010001101 U
1)
#568100000
0)
#568150000
b11010001110 U
1)
#568200000
0)
#568233900
16
02
#568250000
06
0P
b11010001111 U
1)
#568300000
0)
#568350000
b11010010000 U
1)
#568400000
0)
#568434000
b110100100 S
17
12
b110100100 \
#568450000
07
1P
b11010010001 U
1)
#568500000
0)
#568550000
b11010010010 U
1)
#568600000
0)
#568634100
16
02
#568650000
06
0P
b11010010011 U
1)
#568700000
0)
#568750000
b11010010100 U
1)
#568800000
0)
#568834200
b110100101 S
17
12
b110100101 \
#568850000
07
1P
b11010010101 U
1)
#568900000
0)
#568950000
b11010010110 U
1)
#569000000
0)
#569034300
16
02
#569050000
06
0P
b11010010111 U
1)
#569100000
0)
#569150000
b11010011000 U
1)
#569200000
0)
#569234400
b110100110 S
17
12
b110100110 \
#569250000
07
1P
b11010011001 U
1)
#569300000
0)
#569350000
b11010011010 U
1)
#569400000
0)
#569434500
16
02
#569450000
06
0P
b11010011011 U
1)
#569500000
0)
#569550000
b11010011100 U
1)
#569600000
0)
#569634600
b110100111 S
17
12
b110100111 \
#569650000
07
1P
b11010011101 U
1)
#569700000
0)
#569750000
b11010011110 U
1)
#569800000
0)
#569834700
16
02
#569850000
06
0P
b11010011111 U
1)
#569900000
0)
#569950000
b11010100000 U
1)
#570000000
0)
#570034800
b110101000 S
17
12
b110101000 \
#570050000
07
1P
b11010100001 U
1)
#570100000
0)
#570150000
b11010100010 U
1)
#570200000
0)
#570234900
16
02
#570250000
06
0P
b11010100011 U
1)
#570300000
0)
#570350000
b11010100100 U
1)
#570400000
0)
#570435000
b110101001 S
17
12
b110101001 \
#570450000
07
1P
b11010100101 U
1)
#570500000
0)
#570550000
b11010100110 U
1)
#570600000
0)
#570635100
16
02
#570650000
06
0P
b11010100111 U
1)
#570700000
0)
#570750000
b11010101000 U
1)
#570800000
0)
#570835200
b110101010 S
17
12
b110101010 \
#570850000
07
1P
b11010101001 U
1)
#570900000
0)
#570950000
b11010101010 U
1)
#571000000
0)
#571035300
16
02
#571050000
06
0P
b11010101011 U
1)
#571100000
0)
#571150000
b11010101100 U
1)
#571200000
0)
#571235400
b110101011 S
17
12
b110101011 \
#571250000
07
1P
b11010101101 U
1)
#571300000
0)
#571350000
b11010101110 U
1)
#571400000
0)
#571435500
16
02
#571450000
06
0P
b11010101111 U
1)
#571500000
0)
#571550000
b11010110000 U
1)
#571600000
0)
#571635600
b110101100 S
17
12
b110101100 \
#571650000
07
1P
b11010110001 U
1)
#571700000
0)
#571750000
b11010110010 U
1)
#571800000
0)
#571835700
16
02
#571850000
06
0P
b11010110011 U
1)
#571900000
0)
#571950000
b11010110100 U
1)
#572000000
0)
#572035800
b110101101 S
17
12
b110101101 \
#572050000
07
1P
b11010110101 U
1)
#572100000
0)
#572150000
b11010110110 U
1)
#572200000
0)
#572235900
16
02
#572250000
06
0P
b11010110111 U
1)
#572300000
0)
#572350000
b11010111000 U
1)
#572400000
0)
#572436000
b110101110 S
17
12
b110101110 \
#572450000
07
1P
b11010111001 U
1)
#572500000
0)
#572550000
b11010111010 U
1)
#572600000
0)
#572636100
16
02
#572650000
06
0P
b11010111011 U
1)
#572700000
0)
#572750000
b11010111100 U
1)
#572800000
0)
#572836200
b110101111 S
17
12
b110101111 \
#572850000
07
1P
b11010111101 U
1)
#572900000
0)
#572950000
b11010111110 U
1)
#573000000
0)
#573036300
16
02
#573050000
06
0P
b11010111111 U
1)
#573100000
0)
#573150000
b11011000000 U
1)
#573200000
0)
#573236400
b110110000 S
17
12
b110110000 \
#573250000
07
1P
b11011000001 U
1)
#573300000
0)
#573350000
b11011000010 U
1)
#573400000
0)
#573436500
16
02
#573450000
06
0P
b11011000011 U
1)
#573500000
0)
#573550000
b11011000100 U
1)
#573600000
0)
#573636600
b110110001 S
17
12
b110110001 \
#573650000
07
1P
b11011000101 U
1)
#573700000
0)
#573750000
b11011000110 U
1)
#573800000
0)
#573836700
16
02
#573850000
06
0P
b11011000111 U
1)
#573900000
0)
#573950000
b11011001000 U
1)
#574000000
0)
#574036800
b110110010 S
17
12
b110110010 \
#574050000
07
1P
b11011001001 U
1)
#574100000
0)
#574150000
b11011001010 U
1)
#574200000
0)
#574236900
16
02
#574250000
06
0P
b11011001011 U
1)
#574300000
0)
#574350000
b11011001100 U
1)
#574400000
0)
#574437000
b110110011 S
17
12
b110110011 \
#574450000
07
1P
b11011001101 U
1)
#574500000
0)
#574550000
b11011001110 U
1)
#574600000
0)
#574637100
16
02
#574650000
06
0P
b11011001111 U
1)
#574700000
0)
#574750000
b11011010000 U
1)
#574800000
0)
#574837200
b110110100 S
17
12
b110110100 \
#574850000
07
1P
b11011010001 U
1)
#574900000
0)
#574950000
b11011010010 U
1)
#575000000
0)
#575037300
16
02
#575050000
06
0P
b11011010011 U
1)
#575100000
0)
#575150000
b11011010100 U
1)
#575200000
0)
#575237400
b110110101 S
17
12
b110110101 \
#575250000
07
1P
b11011010101 U
1)
#575300000
0)
#575350000
b11011010110 U
1)
#575400000
0)
#575437500
16
02
#575450000
06
0P
b11011010111 U
1)
#575500000
0)
#575550000
b11011011000 U
1)
#575600000
0)
#575637600
b110110110 S
17
12
b110110110 \
#575650000
07
1P
b11011011001 U
1)
#575700000
0)
#575750000
b11011011010 U
1)
#575800000
0)
#575837700
16
02
#575850000
06
0P
b11011011011 U
1)
#575900000
0)
#575950000
b11011011100 U
1)
#576000000
0)
#576037800
b110110111 S
17
12
b110110111 \
#576050000
07
1P
b11011011101 U
1)
#576100000
0)
#576150000
b11011011110 U
1)
#576200000
0)
#576237900
16
02
#576250000
06
0P
b11011011111 U
1)
#576300000
0)
#576350000
b11011100000 U
1)
#576400000
0)
#576438000
b110111000 S
17
12
b110111000 \
#576450000
07
1P
b11011100001 U
1)
#576500000
0)
#576550000
b11011100010 U
1)
#576600000
0)
#576638100
16
02
#576650000
06
0P
b11011100011 U
1)
#576700000
0)
#576750000
b11011100100 U
1)
#576800000
0)
#576838200
b110111001 S
17
12
b110111001 \
#576850000
07
1P
b11011100101 U
1)
#576900000
0)
#576950000
b11011100110 U
1)
#577000000
0)
#577038300
16
02
#577050000
06
0P
b11011100111 U
1)
#577100000
0)
#577150000
b11011101000 U
1)
#577200000
0)
#577238400
b110111010 S
17
12
b110111010 \
#577250000
07
1P
b11011101001 U
1)
#577300000
0)
#577350000
b11011101010 U
1)
#577400000
0)
#577438500
16
02
#577450000
06
0P
b11011101011 U
1)
#577500000
0)
#577550000
b11011101100 U
1)
#577600000
0)
#577638600
b110111011 S
17
12
b110111011 \
#577650000
07
1P
b11011101101 U
1)
#577700000
0)
#577750000
b11011101110 U
1)
#577800000
0)
#577838700
16
02
#577850000
06
0P
b11011101111 U
1)
#577900000
0)
#577950000
b11011110000 U
1)
#578000000
0)
#578038800
b110111100 S
17
12
b110111100 \
#578050000
07
1P
b11011110001 U
1)
#578100000
0)
#578150000
b11011110010 U
1)
#578200000
0)
#578238900
16
02
#578250000
06
0P
b11011110011 U
1)
#578300000
0)
#578350000
b11011110100 U
1)
#578400000
0)
#578439000
b110111101 S
17
12
b110111101 \
#578450000
07
1P
b11011110101 U
1)
#578500000
0)
#578550000
b11011110110 U
1)
#578600000
0)
#578639100
16
02
#578650000
06
0P
b11011110111 U
1)
#578700000
0)
#578750000
b11011111000 U
1)
#578800000
0)
#578839200
b110111110 S
17
12
b110111110 \
#578850000
07
1P
b11011111001 U
1)
#578900000
0)
#578950000
b11011111010 U
1)
#579000000
0)
#579039300
16
02
#579050000
06
0P
b11011111011 U
1)
#579100000
0)
#579150000
b11011111100 U
1)
#579200000
0)
#579239400
b110111111 S
17
12
b110111111 \
#579250000
07
1P
b11011111101 U
1)
#579300000
0)
#579350000
b11011111110 U
1)
#579400000
0)
#579439500
16
02
#579450000
06
0P
b11011111111 U
1)
#579500000
0)
#579550000
b11100000000 U
1)
#579600000
0)
#579639600
b111000000 S
17
12
b111000000 \
#579650000
07
1P
b11100000001 U
1)
#579700000
0)
#579750000
b11100000010 U
1)
#579800000
0)
#579839700
16
02
#579850000
06
0P
b11100000011 U
1)
#579900000
0)
#579950000
b11100000100 U
1)
#580000000
0)
#580039800
b111000001 S
17
12
b111000001 \
#580050000
07
1P
b11100000101 U
1)
#580100000
0)
#580150000
b11100000110 U
1)
#580200000
0)
#580239900
16
02
#580250000
06
0P
b11100000111 U
1)
#580300000
0)
#580350000
b11100001000 U
1)
#580400000
0)
#580440000
b111000010 S
17
12
b111000010 \
#580450000
07
1P
b11100001001 U
1)
#580500000
0)
#580550000
b11100001010 U
1)
#580600000
0)
#580640100
16
02
#580650000
06
0P
b11100001011 U
1)
#580700000
0)
#580750000
b11100001100 U
1)
#580800000
0)
#580840200
b111000011 S
17
12
b111000011 \
#580850000
07
1P
b11100001101 U
1)
#580900000
0)
#580950000
b11100001110 U
1)
#581000000
0)
#581040300
16
02
#581050000
06
0P
b11100001111 U
1)
#581100000
0)
#581150000
b11100010000 U
1)
#581200000
0)
#581240400
b111000100 S
17
12
b111000100 \
#581250000
07
1P
b11100010001 U
1)
#581300000
0)
#581350000
b11100010010 U
1)
#581400000
0)
#581440500
16
02
#581450000
06
0P
b11100010011 U
1)
#581500000
0)
#581550000
b11100010100 U
1)
#581600000
0)
#581640600
b111000101 S
17
12
b111000101 \
#581650000
07
1P
b11100010101 U
1)
#581700000
0)
#581750000
b11100010110 U
1)
#581800000
0)
#581840700
16
02
#581850000
06
0P
b11100010111 U
1)
#581900000
0)
#581950000
b11100011000 U
1)
#582000000
0)
#582040800
b111000110 S
17
12
b111000110 \
#582050000
07
1P
b11100011001 U
1)
#582100000
0)
#582150000
b11100011010 U
1)
#582200000
0)
#582240900
16
02
#582250000
06
0P
b11100011011 U
1)
#582300000
0)
#582350000
b11100011100 U
1)
#582400000
0)
#582441000
b111000111 S
17
12
b111000111 \
#582450000
07
1P
b11100011101 U
1)
#582500000
0)
#582550000
b11100011110 U
1)
#582600000
0)
#582641100
16
02
#582650000
06
0P
b11100011111 U
1)
#582700000
0)
#582750000
b11100100000 U
1)
#582800000
0)
#582841200
b111001000 S
17
12
b111001000 \
#582850000
07
1P
b11100100001 U
1)
#582900000
0)
#582950000
b11100100010 U
1)
#583000000
0)
#583041300
16
02
#583050000
06
0P
b11100100011 U
1)
#583100000
0)
#583150000
b11100100100 U
1)
#583200000
0)
#583241400
b111001001 S
17
12
b111001001 \
#583250000
07
1P
b11100100101 U
1)
#583300000
0)
#583350000
b11100100110 U
1)
#583400000
0)
#583441500
16
02
#583450000
06
0P
b11100100111 U
1)
#583500000
0)
#583550000
b11100101000 U
1)
#583600000
0)
#583641600
b111001010 S
17
12
b111001010 \
#583650000
07
1P
b11100101001 U
1)
#583700000
0)
#583750000
b11100101010 U
1)
#583800000
0)
#583841700
16
02
#583850000
06
0P
b11100101011 U
1)
#583900000
0)
#583950000
b11100101100 U
1)
#584000000
0)
#584041800
b111001011 S
17
12
b111001011 \
#584050000
07
1P
b11100101101 U
1)
#584100000
0)
#584150000
b11100101110 U
1)
#584200000
0)
#584241900
16
02
#584250000
06
0P
b11100101111 U
1)
#584300000
0)
#584350000
b11100110000 U
1)
#584400000
0)
#584442000
b111001100 S
17
12
b111001100 \
#584450000
07
1P
b11100110001 U
1)
#584500000
0)
#584550000
b11100110010 U
1)
#584600000
0)
#584642100
16
02
#584650000
06
0P
b11100110011 U
1)
#584700000
0)
#584750000
b11100110100 U
1)
#584800000
0)
#584842200
b111001101 S
17
12
b111001101 \
#584850000
07
1P
b11100110101 U
1)
#584900000
0)
#584950000
b11100110110 U
1)
#585000000
0)
#585042300
16
02
#585050000
06
0P
b11100110111 U
1)
#585100000
0)
#585150000
b11100111000 U
1)
#585200000
0)
#585242400
b111001110 S
17
12
b111001110 \
#585250000
07
1P
b11100111001 U
1)
#585300000
0)
#585350000
b11100111010 U
1)
#585400000
0)
#585442500
16
02
#585450000
06
0P
b11100111011 U
1)
#585500000
0)
#585550000
b11100111100 U
1)
#585600000
0)
#585642600
b111001111 S
17
12
b111001111 \
#585650000
07
1P
b11100111101 U
1)
#585700000
0)
#585750000
b11100111110 U
1)
#585800000
0)
#585842700
16
02
#585850000
06
0P
b11100111111 U
1)
#585900000
0)
#585950000
b11101000000 U
1)
#586000000
0)
#586042800
b111010000 S
17
12
b111010000 \
#586050000
07
1P
b11101000001 U
1)
#586100000
0)
#586150000
b11101000010 U
1)
#586200000
0)
#586242900
16
02
#586250000
06
0P
b11101000011 U
1)
#586300000
0)
#586350000
b11101000100 U
1)
#586400000
0)
#586443000
b111010001 S
17
12
b111010001 \
#586450000
07
1P
b11101000101 U
1)
#586500000
0)
#586550000
b11101000110 U
1)
#586600000
0)
#586643100
16
02
#586650000
06
0P
b11101000111 U
1)
#586700000
0)
#586750000
b11101001000 U
1)
#586800000
0)
#586843200
b111010010 S
17
12
b111010010 \
#586850000
07
1P
b11101001001 U
1)
#586900000
0)
#586950000
b11101001010 U
1)
#587000000
0)
#587043300
16
02
#587050000
06
0P
b11101001011 U
1)
#587100000
0)
#587150000
b11101001100 U
1)
#587200000
0)
#587243400
b111010011 S
17
12
b111010011 \
#587250000
07
1P
b11101001101 U
1)
#587300000
0)
#587350000
b11101001110 U
1)
#587400000
0)
#587443500
16
02
#587450000
06
0P
b11101001111 U
1)
#587500000
0)
#587550000
b11101010000 U
1)
#587600000
0)
#587643600
b111010100 S
17
12
b111010100 \
#587650000
07
1P
b11101010001 U
1)
#587700000
0)
#587750000
b11101010010 U
1)
#587800000
0)
#587843700
16
02
#587850000
06
0P
b11101010011 U
1)
#587900000
0)
#587950000
b11101010100 U
1)
#588000000
0)
#588043800
b111010101 S
17
12
b111010101 \
#588050000
07
1P
b11101010101 U
1)
#588100000
0)
#588150000
b11101010110 U
1)
#588200000
0)
#588243900
16
02
#588250000
06
0P
b11101010111 U
1)
#588300000
0)
#588350000
b11101011000 U
1)
#588400000
0)
#588444000
b111010110 S
17
12
b111010110 \
#588450000
07
1P
b11101011001 U
1)
#588500000
0)
#588550000
b11101011010 U
1)
#588600000
0)
#588644100
16
02
#588650000
06
0P
b11101011011 U
1)
#588700000
0)
#588750000
b11101011100 U
1)
#588800000
0)
#588844200
b111010111 S
17
12
b111010111 \
#588850000
07
1P
b11101011101 U
1)
#588900000
0)
#588950000
b11101011110 U
1)
#589000000
0)
#589044300
16
02
#589050000
06
0P
b11101011111 U
1)
#589100000
0)
#589150000
b11101100000 U
1)
#589200000
0)
#589244400
b111011000 S
17
12
b111011000 \
#589250000
07
1P
b11101100001 U
1)
#589300000
0)
#589350000
b11101100010 U
1)
#589400000
0)
#589444500
16
02
#589450000
06
0P
b11101100011 U
1)
#589500000
0)
#589550000
b11101100100 U
1)
#589600000
0)
#589644600
b111011001 S
17
12
b111011001 \
#589650000
07
1P
b11101100101 U
1)
#589700000
0)
#589750000
b11101100110 U
1)
#589800000
0)
#589844700
16
02
#589850000
06
0P
b11101100111 U
1)
#589900000
0)
#589950000
b11101101000 U
1)
#590000000
0)
#590044800
b111011010 S
17
12
b111011010 \
#590050000
07
1P
b11101101001 U
1)
#590100000
0)
#590150000
b11101101010 U
1)
#590200000
0)
#590244900
16
02
#590250000
06
0P
b11101101011 U
1)
#590300000
0)
#590350000
b11101101100 U
1)
#590400000
0)
#590445000
b111011011 S
17
12
b111011011 \
#590450000
07
1P
b11101101101 U
1)
#590500000
0)
#590550000
b11101101110 U
1)
#590600000
0)
#590645100
16
02
#590650000
06
0P
b11101101111 U
1)
#590700000
0)
#590750000
b11101110000 U
1)
#590800000
0)
#590845200
b111011100 S
17
12
b111011100 \
#590850000
07
1P
b11101110001 U
1)
#590900000
0)
#590950000
b11101110010 U
1)
#591000000
0)
#591045300
16
02
#591050000
06
0P
b11101110011 U
1)
#591100000
0)
#591150000
b11101110100 U
1)
#591200000
0)
#591245400
b111011101 S
17
12
b111011101 \
#591250000
07
1P
b11101110101 U
1)
#591300000
0)
#591350000
b11101110110 U
1)
#591400000
0)
#591445500
16
02
#591450000
06
0P
b11101110111 U
1)
#591500000
0)
#591550000
b11101111000 U
1)
#591600000
0)
#591645600
b111011110 S
17
12
b111011110 \
#591650000
07
1P
b11101111001 U
1)
#591700000
0)
#591750000
b11101111010 U
1)
#591800000
0)
#591845700
16
02
#591850000
06
0P
b11101111011 U
1)
#591900000
0)
#591950000
b11101111100 U
1)
#592000000
0)
#592045800
b111011111 S
17
12
b111011111 \
#592050000
07
1P
b11101111101 U
1)
#592100000
0)
#592150000
b11101111110 U
1)
#592200000
0)
#592245900
16
02
#592250000
06
0P
b11101111111 U
1)
#592300000
0)
#592350000
b11110000000 U
1)
#592400000
0)
#592446000
b111100000 S
17
12
b111100000 \
#592450000
07
1P
b11110000001 U
1)
#592500000
0)
#592550000
b11110000010 U
1)
#592600000
0)
#592646100
16
02
#592650000
06
0P
b11110000011 U
1)
#592700000
0)
#592750000
b11110000100 U
1)
#592800000
0)
#592846200
b111100001 S
17
12
b111100001 \
#592850000
07
1P
b11110000101 U
1)
#592900000
0)
#592950000
b11110000110 U
1)
#593000000
0)
#593046300
16
02
#593050000
06
0P
b11110000111 U
1)
#593100000
0)
#593150000
b11110001000 U
1)
#593200000
0)
#593246400
b111100010 S
17
12
b111100010 \
#593250000
07
1P
b11110001001 U
1)
#593300000
0)
#593350000
b11110001010 U
1)
#593400000
0)
#593446500
16
02
#593450000
06
0P
b11110001011 U
1)
#593500000
0)
#593550000
b11110001100 U
1)
#593600000
0)
#593646600
b111100011 S
17
12
b111100011 \
#593650000
07
1P
b11110001101 U
1)
#593700000
0)
#593750000
b11110001110 U
1)
#593800000
0)
#593846700
16
02
#593850000
06
0P
b11110001111 U
1)
#593900000
0)
#593950000
b11110010000 U
1)
#594000000
0)
#594046800
b111100100 S
17
12
b111100100 \
#594050000
07
1P
b11110010001 U
1)
#594100000
0)
#594150000
b11110010010 U
1)
#594200000
0)
#594246900
16
02
#594250000
06
0P
b11110010011 U
1)
#594300000
0)
#594350000
b11110010100 U
1)
#594400000
0)
#594447000
b111100101 S
17
12
b111100101 \
#594450000
07
1P
b11110010101 U
1)
#594500000
0)
#594550000
b11110010110 U
1)
#594600000
0)
#594647100
16
02
#594650000
06
0P
b11110010111 U
1)
#594700000
0)
#594750000
b11110011000 U
1)
#594800000
0)
#594847200
b111100110 S
17
12
b111100110 \
#594850000
07
1P
b11110011001 U
1)
#594900000
0)
#594950000
b11110011010 U
1)
#595000000
0)
#595047300
16
02
#595050000
06
0P
b11110011011 U
1)
#595100000
0)
#595150000
b11110011100 U
1)
#595200000
0)
#595247400
b111100111 S
17
12
b111100111 \
#595250000
07
1P
b11110011101 U
1)
#595300000
0)
#595350000
b11110011110 U
1)
#595400000
0)
#595447500
16
02
#595450000
06
0P
b11110011111 U
1)
#595500000
0)
#595550000
b11110100000 U
1)
#595600000
0)
#595647600
b111101000 S
17
12
b111101000 \
#595650000
07
1P
b11110100001 U
1)
#595700000
0)
#595750000
b11110100010 U
1)
#595800000
0)
#595847700
16
02
#595850000
06
0P
b11110100011 U
1)
#595900000
0)
#595950000
b11110100100 U
1)
#596000000
0)
#596047800
b111101001 S
17
12
b111101001 \
#596050000
07
1P
b11110100101 U
1)
#596100000
0)
#596150000
b11110100110 U
1)
#596200000
0)
#596247900
16
02
#596250000
06
0P
b11110100111 U
1)
#596300000
0)
#596350000
b11110101000 U
1)
#596400000
0)
#596448000
b111101010 S
17
12
b111101010 \
#596450000
07
1P
b11110101001 U
1)
#596500000
0)
#596550000
b11110101010 U
1)
#596600000
0)
#596648100
16
02
#596650000
06
0P
b11110101011 U
1)
#596700000
0)
#596750000
b11110101100 U
1)
#596800000
0)
#596848200
b111101011 S
17
12
b111101011 \
#596850000
07
1P
b11110101101 U
1)
#596900000
0)
#596950000
b11110101110 U
1)
#597000000
0)
#597048300
16
02
#597050000
06
0P
b11110101111 U
1)
#597100000
0)
#597150000
b11110110000 U
1)
#597200000
0)
#597248400
b111101100 S
17
12
b111101100 \
#597250000
07
1P
b11110110001 U
1)
#597300000
0)
#597350000
b11110110010 U
1)
#597400000
0)
#597448500
16
02
#597450000
06
0P
b11110110011 U
1)
#597500000
0)
#597550000
b11110110100 U
1)
#597600000
0)
#597648600
b111101101 S
17
12
b111101101 \
#597650000
07
1P
b11110110101 U
1)
#597700000
0)
#597750000
b11110110110 U
1)
#597800000
0)
#597848700
16
02
#597850000
06
0P
b11110110111 U
1)
#597900000
0)
#597950000
b11110111000 U
1)
#598000000
0)
#598048800
b111101110 S
17
12
b111101110 \
#598050000
07
1P
b11110111001 U
1)
#598100000
0)
#598150000
b11110111010 U
1)
#598200000
0)
#598248900
16
02
#598250000
06
0P
b11110111011 U
1)
#598300000
0)
#598350000
b11110111100 U
1)
#598400000
0)
#598449000
b111101111 S
17
12
b111101111 \
#598450000
07
1P
b11110111101 U
1)
#598500000
0)
#598550000
b11110111110 U
1)
#598600000
0)
#598649100
16
02
#598650000
06
0P
b11110111111 U
1)
#598700000
0)
#598750000
b11111000000 U
1)
#598800000
0)
#598849200
b111110000 S
17
12
b111110000 \
#598850000
07
1P
b11111000001 U
1)
#598900000
0)
#598950000
b11111000010 U
1)
#599000000
0)
#599049300
16
02
#599050000
06
0P
b11111000011 U
1)
#599100000
0)
#599150000
b11111000100 U
1)
#599200000
0)
#599249400
b111110001 S
17
12
b111110001 \
#599250000
07
1P
b11111000101 U
1)
#599300000
0)
#599350000
b11111000110 U
1)
#599400000
0)
#599449500
16
02
#599450000
06
0P
b11111000111 U
1)
#599500000
0)
#599550000
b11111001000 U
1)
#599600000
0)
#599649600
b111110010 S
17
12
b111110010 \
#599650000
07
1P
b11111001001 U
1)
#599700000
0)
#599750000
b11111001010 U
1)
#599800000
0)
#599849700
16
02
#599850000
06
0P
b11111001011 U
1)
#599900000
0)
#599950000
b11111001100 U
1)
#600000000
0)
#600049800
b111110011 S
17
12
b111110011 \
#600050000
07
1P
b11111001101 U
1)
#600100000
0)
#600150000
b11111001110 U
1)
#600200000
0)
#600249900
16
02
#600250000
06
0P
b11111001111 U
1)
#600300000
0)
#600350000
b11111010000 U
1)
#600400000
0)
#600450000
1P
b11111010001 U
b111110100 S
07
1)
12
b111110100 \
#600500000
0)
#600550000
b11111010010 U
1)
#600600000
0)
#600650000
b11111010011 U
1)
#600650100
16
02
#600700000
0)
#600750000
06
b11111010100 U
0P
1)
#600800000
0)
#600850000
b11111010101 U
1)
#600850200
b111110101 S
17
12
b111110101 \
#600900000
0)
#600950000
07
b11111010110 U
1P
1)
#601000000
0)
#601050000
b11111010111 U
1)
#601050300
16
02
#601100000
0)
#601150000
06
b11111011000 U
0P
1)
#601200000
0)
#601250000
b11111011001 U
1)
#601250400
b111110110 S
17
12
b111110110 \
#601300000
0)
#601350000
07
b11111011010 U
1P
1)
#601400000
0)
#601450000
b11111011011 U
1)
#601450500
16
02
#601500000
0)
#601550000
06
b11111011100 U
0P
1)
#601600000
0)
#601650000
b11111011101 U
1)
#601650600
b111110111 S
17
12
b111110111 \
#601700000
0)
#601750000
07
b11111011110 U
1P
1)
#601800000
0)
#601850000
b11111011111 U
1)
#601850700
16
02
#601900000
0)
#601950000
06
b11111100000 U
0P
1)
#602000000
0)
#602050000
b11111100001 U
1)
#602050800
b111111000 S
17
12
b111111000 \
#602100000
0)
#602150000
07
b11111100010 U
1P
1)
#602200000
0)
#602250000
b11111100011 U
1)
#602250900
16
02
#602300000
0)
#602350000
06
b11111100100 U
0P
1)
#602400000
0)
#602450000
b11111100101 U
1)
#602451000
b111111001 S
17
12
b111111001 \
#602500000
0)
#602550000
07
b11111100110 U
1P
1)
#602600000
0)
#602650000
b11111100111 U
1)
#602651100
16
02
#602700000
0)
#602750000
06
b11111101000 U
0P
1)
#602800000
0)
#602850000
b11111101001 U
1)
#602851200
b111111010 S
17
12
b111111010 \
#602900000
0)
#602950000
07
b11111101010 U
1P
1)
#603000000
0)
#603050000
b11111101011 U
1)
#603051300
16
02
#603100000
0)
#603150000
06
b11111101100 U
0P
1)
#603200000
0)
#603250000
b11111101101 U
1)
#603251400
b111111011 S
17
12
b111111011 \
#603300000
0)
#603350000
07
b11111101110 U
1P
1)
#603400000
0)
#603450000
b11111101111 U
1)
#603451500
16
02
#603500000
0)
#603550000
06
b11111110000 U
0P
1)
#603600000
0)
#603650000
b11111110001 U
1)
#603651600
b111111100 S
17
12
b111111100 \
#603700000
0)
#603750000
07
b11111110010 U
1P
1)
#603800000
0)
#603850000
b11111110011 U
1)
#603851700
16
02
#603900000
0)
#603950000
06
b11111110100 U
0P
1)
#604000000
0)
#604050000
b11111110101 U
1)
#604051800
b111111101 S
17
12
b111111101 \
#604100000
0)
#604150000
07
b11111110110 U
1P
1)
#604200000
0)
#604250000
b11111110111 U
1)
#604251900
16
02
#604300000
0)
#604350000
06
b11111111000 U
0P
1)
#604400000
0)
#604450000
b11111111001 U
1)
#604452000
b111111110 S
17
12
b111111110 \
#604500000
0)
#604550000
07
b11111111010 U
1P
1)
#604600000
0)
#604650000
b11111111011 U
1)
#604652100
16
02
#604700000
0)
#604750000
06
b11111111100 U
0P
1)
#604800000
0)
#604850000
b11111111101 U
1)
#604852200
b111111111 S
17
12
b111111111 \
#604900000
0)
#604950000
07
b11111111110 U
1P
1)
#605000000
0)
#605050000
b11111111111 U
1)
#605052300
16
02
#605100000
0)
#605150000
06
b100000000000 U
0P
1)
#605200000
0)
#605250000
b100000000001 U
1)
#605252400
b1000000000 S
17
12
b1000000000 \
#605300000
0)
#605350000
07
b100000000010 U
1P
1)
#605400000
0)
#605450000
b100000000011 U
1)
#605452500
16
02
#605500000
0)
#605550000
06
b100000000100 U
0P
1)
#605600000
0)
#605650000
b100000000101 U
1)
#605652600
b1000000001 S
17
12
b1000000001 \
#605700000
0)
#605750000
07
b100000000110 U
1P
1)
#605800000
0)
#605850000
b100000000111 U
1)
#605852700
16
02
#605900000
0)
#605950000
06
b100000001000 U
0P
1)
#606000000
0)
#606050000
b100000001001 U
1)
#606052800
b1000000010 S
17
12
b1000000010 \
#606100000
0)
#606150000
07
b100000001010 U
1P
1)
#606200000
0)
#606250000
b100000001011 U
1)
#606252900
16
02
#606300000
0)
#606350000
06
b100000001100 U
0P
1)
#606400000
0)
#606450000
b100000001101 U
1)
#606453000
b1000000011 S
17
12
b1000000011 \
#606500000
0)
#606550000
07
b100000001110 U
1P
1)
#606600000
0)
#606650000
b100000001111 U
1)
#606653100
16
02
#606700000
0)
#606750000
06
b100000010000 U
0P
1)
#606800000
0)
#606850000
b100000010001 U
1)
#606853200
b1000000100 S
17
12
b1000000100 \
#606900000
0)
#606950000
07
b100000010010 U
1P
1)
#607000000
0)
#607050000
b100000010011 U
1)
#607053300
16
02
#607100000
0)
#607150000
06
b100000010100 U
0P
1)
#607200000
0)
#607250000
b100000010101 U
1)
#607253400
b1000000101 S
17
12
b1000000101 \
#607300000
0)
#607350000
07
b100000010110 U
1P
1)
#607400000
0)
#607450000
b100000010111 U
1)
#607453500
16
02
#607500000
0)
#607550000
06
b100000011000 U
0P
1)
#607600000
0)
#607650000
b100000011001 U
1)
#607653600
b1000000110 S
17
12
b1000000110 \
#607700000
0)
#607750000
07
b100000011010 U
1P
1)
#607800000
0)
#607850000
b100000011011 U
1)
#607853700
16
02
#607900000
0)
#607950000
06
b100000011100 U
0P
1)
#608000000
0)
#608050000
b100000011101 U
1)
#608053800
b1000000111 S
17
12
b1000000111 \
#608100000
0)
#608150000
07
b100000011110 U
1P
1)
#608200000
0)
#608250000
b100000011111 U
1)
#608253900
16
02
#608300000
0)
#608350000
06
b100000100000 U
0P
1)
#608400000
0)
#608450000
b100000100001 U
1)
#608454000
b1000001000 S
17
12
b1000001000 \
#608500000
0)
#608550000
07
b100000100010 U
1P
1)
#608600000
0)
#608650000
b100000100011 U
1)
#608654100
16
02
#608700000
0)
#608750000
06
b100000100100 U
0P
1)
#608800000
0)
#608850000
b100000100101 U
1)
#608854200
b1000001001 S
17
12
b1000001001 \
#608900000
0)
#608950000
07
b100000100110 U
1P
1)
#609000000
0)
#609050000
b100000100111 U
1)
#609054300
16
02
#609100000
0)
#609150000
06
b100000101000 U
0P
1)
#609200000
0)
#609250000
b100000101001 U
1)
#609254400
b1000001010 S
17
12
b1000001010 \
#609300000
0)
#609350000
07
b100000101010 U
1P
1)
#609400000
0)
#609450000
b100000101011 U
1)
#609454500
16
02
#609500000
0)
#609550000
06
b100000101100 U
0P
1)
#609600000
0)
#609650000
b100000101101 U
1)
#609654600
b1000001011 S
17
12
b1000001011 \
#609700000
0)
#609750000
07
b100000101110 U
1P
1)
#609800000
0)
#609850000
b100000101111 U
1)
#609854700
16
02
#609900000
0)
#609950000
06
b100000110000 U
0P
1)
#610000000
0)
#610050000
b100000110001 U
1)
#610054800
b1000001100 S
17
12
b1000001100 \
#610100000
0)
#610150000
07
b100000110010 U
1P
1)
#610200000
0)
#610250000
b100000110011 U
1)
#610254900
16
02
#610300000
0)
#610350000
06
b100000110100 U
0P
1)
#610400000
0)
#610450000
b100000110101 U
1)
#610455000
b1000001101 S
17
12
b1000001101 \
#610500000
0)
#610550000
07
b100000110110 U
1P
1)
#610600000
0)
#610650000
b100000110111 U
1)
#610655100
16
02
#610700000
0)
#610750000
06
b100000111000 U
0P
1)
#610800000
0)
#610850000
b100000111001 U
1)
#610855200
b1000001110 S
17
12
b1000001110 \
#610900000
0)
#610950000
07
b100000111010 U
1P
1)
#611000000
0)
#611050000
b100000111011 U
1)
#611055300
16
02
#611100000
0)
#611150000
06
b100000111100 U
0P
1)
#611200000
0)
#611250000
b100000111101 U
1)
#611255400
b1000001111 S
17
12
b1000001111 \
#611300000
0)
#611350000
07
b100000111110 U
1P
1)
#611400000
0)
#611450000
b100000111111 U
1)
#611455500
16
02
#611500000
0)
#611550000
06
b100001000000 U
0P
1)
#611600000
0)
#611650000
b100001000001 U
1)
#611655600
b1000010000 S
17
12
b1000010000 \
#611700000
0)
#611750000
07
b100001000010 U
1P
1)
#611800000
0)
#611850000
b100001000011 U
1)
#611855700
16
02
#611900000
0)
#611950000
06
b100001000100 U
0P
1)
#612000000
0)
#612050000
b100001000101 U
1)
#612055800
b1000010001 S
17
12
b1000010001 \
#612100000
0)
#612150000
07
b100001000110 U
1P
1)
#612200000
0)
#612250000
b100001000111 U
1)
#612255900
16
02
#612300000
0)
#612350000
06
b100001001000 U
0P
1)
#612400000
0)
#612450000
b100001001001 U
1)
#612456000
b1000010010 S
17
12
b1000010010 \
#612500000
0)
#612550000
07
b100001001010 U
1P
1)
#612600000
0)
#612650000
b100001001011 U
1)
#612656100
16
02
#612700000
0)
#612750000
06
b100001001100 U
0P
1)
#612800000
0)
#612850000
b100001001101 U
1)
#612856200
b1000010011 S
17
12
b1000010011 \
#612900000
0)
#612950000
07
b100001001110 U
1P
1)
#613000000
0)
#613050000
b100001001111 U
1)
#613056300
16
02
#613100000
0)
#613150000
06
b100001010000 U
0P
1)
#613200000
0)
#613250000
b100001010001 U
1)
#613256400
b1000010100 S
17
12
b1000010100 \
#613300000
0)
#613350000
07
b100001010010 U
1P
1)
#613400000
0)
#613450000
b100001010011 U
1)
#613456500
16
02
#613500000
0)
#613550000
06
b100001010100 U
0P
1)
#613600000
0)
#613650000
b100001010101 U
1)
#613656600
b1000010101 S
17
12
b1000010101 \
#613700000
0)
#613750000
07
b100001010110 U
1P
1)
#613800000
0)
#613850000
b100001010111 U
1)
#613856700
16
02
#613900000
0)
#613950000
06
b100001011000 U
0P
1)
#614000000
0)
#614050000
b100001011001 U
1)
#614056800
b1000010110 S
17
12
b1000010110 \
#614100000
0)
#614150000
07
b100001011010 U
1P
1)
#614200000
0)
#614250000
b100001011011 U
1)
#614256900
16
02
#614300000
0)
#614350000
06
b100001011100 U
0P
1)
#614400000
0)
#614450000
b100001011101 U
1)
#614457000
b1000010111 S
17
12
b1000010111 \
#614500000
0)
#614550000
07
b100001011110 U
1P
1)
#614600000
0)
#614650000
b100001011111 U
1)
#614657100
16
02
#614700000
0)
#614750000
06
b100001100000 U
0P
1)
#614800000
0)
#614850000
b100001100001 U
1)
#614857200
b1000011000 S
17
12
b1000011000 \
#614900000
0)
#614950000
07
b100001100010 U
1P
1)
#615000000
0)
#615050000
b100001100011 U
1)
#615057300
16
02
#615100000
0)
#615150000
06
b100001100100 U
0P
1)
#615200000
0)
#615250000
b100001100101 U
1)
#615257400
b1000011001 S
17
12
b1000011001 \
#615300000
0)
#615350000
07
b100001100110 U
1P
1)
#615400000
0)
#615450000
b100001100111 U
1)
#615457500
16
02
#615500000
0)
#615550000
06
b100001101000 U
0P
1)
#615600000
0)
#615650000
b100001101001 U
1)
#615657600
b1000011010 S
17
12
b1000011010 \
#615700000
0)
#615750000
07
b100001101010 U
1P
1)
#615800000
0)
#615850000
b100001101011 U
1)
#615857700
16
02
#615900000
0)
#615950000
06
b100001101100 U
0P
1)
#616000000
0)
#616050000
b100001101101 U
1)
#616057800
b1000011011 S
17
12
b1000011011 \
#616100000
0)
#616150000
07
b100001101110 U
1P
1)
#616200000
0)
#616250000
b100001101111 U
1)
#616257900
16
02
#616300000
0)
#616350000
06
b100001110000 U
0P
1)
#616400000
0)
#616450000
b100001110001 U
1)
#616458000
b1000011100 S
17
12
b1000011100 \
#616500000
0)
#616550000
07
b100001110010 U
1P
1)
#616600000
0)
#616650000
b100001110011 U
1)
#616658100
16
02
#616700000
0)
#616750000
06
b100001110100 U
0P
1)
#616800000
0)
#616850000
b100001110101 U
1)
#616858200
b1000011101 S
17
12
b1000011101 \
#616900000
0)
#616950000
07
b100001110110 U
1P
1)
#617000000
0)
#617050000
b100001110111 U
1)
#617058300
16
02
#617100000
0)
#617150000
06
b100001111000 U
0P
1)
#617200000
0)
#617250000
b100001111001 U
1)
#617258400
b1000011110 S
17
12
b1000011110 \
#617300000
0)
#617350000
07
b100001111010 U
1P
1)
#617400000
0)
#617450000
b100001111011 U
1)
#617458500
16
02
#617500000
0)
#617550000
06
b100001111100 U
0P
1)
#617600000
0)
#617650000
b100001111101 U
1)
#617658600
b1000011111 S
17
12
b1000011111 \
#617700000
0)
#617750000
07
b100001111110 U
1P
1)
#617800000
0)
#617850000
b100001111111 U
1)
#617858700
16
02
#617900000
0)
#617950000
06
b100010000000 U
0P
1)
#618000000
0)
#618050000
b100010000001 U
1)
#618058800
b1000100000 S
17
12
b1000100000 \
#618100000
0)
#618150000
07
b100010000010 U
1P
1)
#618200000
0)
#618250000
b100010000011 U
1)
#618258900
16
02
#618300000
0)
#618350000
06
b100010000100 U
0P
1)
#618400000
0)
#618450000
b100010000101 U
1)
#618459000
b1000100001 S
17
12
b1000100001 \
#618500000
0)
#618550000
07
b100010000110 U
1P
1)
#618600000
0)
#618650000
b100010000111 U
1)
#618659100
16
02
#618700000
0)
#618750000
06
b100010001000 U
0P
1)
#618800000
0)
#618850000
b100010001001 U
1)
#618859200
b1000100010 S
17
12
b1000100010 \
#618900000
0)
#618950000
07
b100010001010 U
1P
1)
#619000000
0)
#619050000
b100010001011 U
1)
#619059300
16
02
#619100000
0)
#619150000
06
b100010001100 U
0P
1)
#619200000
0)
#619250000
b100010001101 U
1)
#619259400
b1000100011 S
17
12
b1000100011 \
#619300000
0)
#619350000
07
b100010001110 U
1P
1)
#619400000
0)
#619450000
b100010001111 U
1)
#619459500
16
02
#619500000
0)
#619550000
06
b100010010000 U
0P
1)
#619600000
0)
#619650000
b100010010001 U
1)
#619659600
b1000100100 S
17
12
b1000100100 \
#619700000
0)
#619750000
07
b100010010010 U
1P
1)
#619800000
0)
#619850000
b100010010011 U
1)
#619859700
16
02
#619900000
0)
#619950000
06
b100010010100 U
0P
1)
#620000000
0)
#620050000
b100010010101 U
1)
#620059800
b1000100101 S
17
12
b1000100101 \
#620100000
0)
#620150000
07
b100010010110 U
1P
1)
#620200000
0)
#620250000
b100010010111 U
1)
#620259900
16
02
#620300000
0)
#620350000
06
b100010011000 U
0P
1)
#620400000
0)
#620450000
b100010011001 U
1)
#620460000
b1000100110 S
17
12
b1000100110 \
#620500000
0)
#620550000
07
b100010011010 U
1P
1)
#620600000
0)
#620650000
b100010011011 U
1)
#620660100
16
02
#620700000
0)
#620750000
06
b100010011100 U
0P
1)
#620800000
0)
#620850000
b100010011101 U
1)
#620860200
b1000100111 S
17
12
b1000100111 \
#620900000
0)
#620950000
07
b100010011110 U
1P
1)
#621000000
0)
#621050000
b100010011111 U
1)
#621060300
16
02
#621100000
0)
#621150000
06
b100010100000 U
0P
1)
#621200000
0)
#621250000
b100010100001 U
1)
#621260400
b1000101000 S
17
12
b1000101000 \
#621300000
0)
#621350000
07
b100010100010 U
1P
1)
#621400000
0)
#621450000
b100010100011 U
1)
#621460500
16
02
#621500000
0)
#621550000
06
b100010100100 U
0P
1)
#621600000
0)
#621650000
b100010100101 U
1)
#621660600
b1000101001 S
17
12
b1000101001 \
#621700000
0)
#621750000
07
b100010100110 U
1P
1)
#621800000
0)
#621850000
b100010100111 U
1)
#621860700
16
02
#621900000
0)
#621950000
06
b100010101000 U
0P
1)
#622000000
0)
#622050000
b100010101001 U
1)
#622060800
b1000101010 S
17
12
b1000101010 \
#622100000
0)
#622150000
07
b100010101010 U
1P
1)
#622200000
0)
#622250000
b100010101011 U
1)
#622260900
16
02
#622300000
0)
#622350000
06
b100010101100 U
0P
1)
#622400000
0)
#622450000
b100010101101 U
1)
#622461000
b1000101011 S
17
12
b1000101011 \
#622500000
0)
#622550000
07
b100010101110 U
1P
1)
#622600000
0)
#622650000
b100010101111 U
1)
#622661100
16
02
#622700000
0)
#622750000
06
b100010110000 U
0P
1)
#622800000
0)
#622850000
b100010110001 U
1)
#622861200
b1000101100 S
17
12
b1000101100 \
#622900000
0)
#622950000
07
b100010110010 U
1P
1)
#623000000
0)
#623050000
b100010110011 U
1)
#623061300
16
02
#623100000
0)
#623150000
06
b100010110100 U
0P
1)
#623200000
0)
#623250000
b100010110101 U
1)
#623261400
b1000101101 S
17
12
b1000101101 \
#623300000
0)
#623350000
07
b100010110110 U
1P
1)
#623400000
0)
#623450000
b100010110111 U
1)
#623461500
16
02
#623500000
0)
#623550000
06
b100010111000 U
0P
1)
#623600000
0)
#623650000
b100010111001 U
1)
#623661600
b1000101110 S
17
12
b1000101110 \
#623700000
0)
#623750000
07
b100010111010 U
1P
1)
#623800000
0)
#623850000
b100010111011 U
1)
#623861700
16
02
#623900000
0)
#623950000
06
b100010111100 U
0P
1)
#624000000
0)
#624050000
b100010111101 U
1)
#624061800
b1000101111 S
17
12
b1000101111 \
#624100000
0)
#624150000
07
b100010111110 U
1P
1)
#624200000
0)
#624250000
b100010111111 U
1)
#624261900
16
02
#624300000
0)
#624350000
06
b100011000000 U
0P
1)
#624400000
0)
#624450000
b100011000001 U
1)
#624462000
b1000110000 S
17
12
b1000110000 \
#624500000
0)
#624550000
07
b100011000010 U
1P
1)
#624600000
0)
#624650000
b100011000011 U
1)
#624662100
16
02
#624700000
0)
#624750000
06
b100011000100 U
0P
1)
#624800000
0)
#624850000
b100011000101 U
1)
#624862200
b1000110001 S
17
12
b1000110001 \
#624900000
0)
#624950000
07
b100011000110 U
1P
1)
#625000000
0)
#625050000
b100011000111 U
1)
#625062300
16
02
#625100000
0)
#625150000
06
b100011001000 U
0P
1)
#625200000
0)
#625250000
b100011001001 U
1)
#625262400
b1000110010 S
17
12
b1000110010 \
#625300000
0)
#625350000
07
b100011001010 U
1P
1)
#625400000
0)
#625450000
b100011001011 U
1)
#625462500
16
02
#625500000
0)
#625550000
06
b100011001100 U
0P
1)
#625600000
0)
#625650000
b100011001101 U
1)
#625662600
b1000110011 S
17
12
b1000110011 \
#625700000
0)
#625750000
07
b100011001110 U
1P
1)
#625800000
0)
#625850000
b100011001111 U
1)
#625862700
16
02
#625900000
0)
#625950000
06
b100011010000 U
0P
1)
#626000000
0)
#626050000
b100011010001 U
1)
#626062800
b1000110100 S
17
12
b1000110100 \
#626100000
0)
#626150000
07
b100011010010 U
1P
1)
#626200000
0)
#626250000
b100011010011 U
1)
#626262900
16
02
#626300000
0)
#626350000
06
b100011010100 U
0P
1)
#626400000
0)
#626450000
b100011010101 U
1)
#626463000
b1000110101 S
17
12
b1000110101 \
#626500000
0)
#626550000
07
b100011010110 U
1P
1)
#626600000
0)
#626650000
b100011010111 U
1)
#626663100
16
02
#626700000
0)
#626750000
06
b100011011000 U
0P
1)
#626800000
0)
#626850000
b100011011001 U
1)
#626863200
b1000110110 S
17
12
b1000110110 \
#626900000
0)
#626950000
07
b100011011010 U
1P
1)
#627000000
0)
#627050000
b100011011011 U
1)
#627063300
16
02
#627100000
0)
#627150000
06
b100011011100 U
0P
1)
#627200000
0)
#627250000
b100011011101 U
1)
#627263400
b1000110111 S
17
12
b1000110111 \
#627300000
0)
#627350000
07
b100011011110 U
1P
1)
#627400000
0)
#627450000
b100011011111 U
1)
#627463500
16
02
#627500000
0)
#627550000
06
b100011100000 U
0P
1)
#627600000
0)
#627650000
b100011100001 U
1)
#627663600
b1000111000 S
17
12
b1000111000 \
#627700000
0)
#627750000
07
b100011100010 U
1P
1)
#627800000
0)
#627850000
b100011100011 U
1)
#627863700
16
02
#627900000
0)
#627950000
06
b100011100100 U
0P
1)
#628000000
0)
#628050000
b100011100101 U
1)
#628063800
b1000111001 S
17
12
b1000111001 \
#628100000
0)
#628150000
07
b100011100110 U
1P
1)
#628200000
0)
#628250000
b100011100111 U
1)
#628263900
16
02
#628300000
0)
#628350000
06
b100011101000 U
0P
1)
#628400000
0)
#628450000
b100011101001 U
1)
#628464000
b1000111010 S
17
12
b1000111010 \
#628500000
0)
#628550000
07
b100011101010 U
1P
1)
#628600000
0)
#628650000
b100011101011 U
1)
#628664100
16
02
#628700000
0)
#628750000
06
b100011101100 U
0P
1)
#628800000
0)
#628850000
b100011101101 U
1)
#628864200
b1000111011 S
17
12
b1000111011 \
#628900000
0)
#628950000
07
b100011101110 U
1P
1)
#629000000
0)
#629050000
b100011101111 U
1)
#629064300
16
02
#629100000
0)
#629150000
06
b100011110000 U
0P
1)
#629200000
0)
#629250000
b100011110001 U
1)
#629264400
b1000111100 S
17
12
b1000111100 \
#629300000
0)
#629350000
07
b100011110010 U
1P
1)
#629400000
0)
#629450000
b100011110011 U
1)
#629464500
16
02
#629500000
0)
#629550000
06
b100011110100 U
0P
1)
#629600000
0)
#629650000
b100011110101 U
1)
#629664600
b1000111101 S
17
12
b1000111101 \
#629700000
0)
#629750000
07
b100011110110 U
1P
1)
#629800000
0)
#629850000
b100011110111 U
1)
#629864700
16
02
#629900000
0)
#629950000
06
b100011111000 U
0P
1)
#630000000
0)
#630050000
b100011111001 U
1)
#630064800
b1000111110 S
17
12
b1000111110 \
#630100000
0)
#630150000
07
b100011111010 U
1P
1)
#630200000
0)
#630250000
b100011111011 U
1)
#630264900
16
02
#630300000
0)
#630350000
06
b100011111100 U
0P
1)
#630400000
0)
#630450000
b100011111101 U
1)
#630465000
b1000111111 S
17
12
b1000111111 \
#630500000
0)
#630550000
07
b100011111110 U
1P
1)
#630600000
0)
#630650000
b100011111111 U
1)
#630665100
16
02
#630700000
0)
#630750000
06
b100100000000 U
0P
1)
#630800000
0)
#630850000
b100100000001 U
1)
#630865200
b1001000000 S
17
12
b1001000000 \
#630900000
0)
#630950000
07
b100100000010 U
1P
1)
#631000000
0)
#631050000
b100100000011 U
1)
#631065300
16
02
#631100000
0)
#631150000
06
b100100000100 U
0P
1)
#631200000
0)
#631250000
b100100000101 U
1)
#631265400
b1001000001 S
17
12
b1001000001 \
#631300000
0)
#631350000
07
b100100000110 U
1P
1)
#631400000
0)
#631450000
b100100000111 U
1)
#631465500
16
02
#631500000
0)
#631550000
06
b100100001000 U
0P
1)
#631600000
0)
#631650000
b100100001001 U
1)
#631665600
b1001000010 S
17
12
b1001000010 \
#631700000
0)
#631750000
07
b100100001010 U
1P
1)
#631800000
0)
#631850000
b100100001011 U
1)
#631865700
16
02
#631900000
0)
#631950000
06
b100100001100 U
0P
1)
#632000000
0)
#632050000
b100100001101 U
1)
#632065800
b1001000011 S
17
12
b1001000011 \
#632100000
0)
#632150000
07
b100100001110 U
1P
1)
#632200000
0)
#632250000
b100100001111 U
1)
#632265900
16
02
#632300000
0)
#632350000
06
b100100010000 U
0P
1)
#632400000
0)
#632450000
b100100010001 U
1)
#632466000
b1001000100 S
17
12
b1001000100 \
#632500000
0)
#632550000
07
b100100010010 U
1P
1)
#632600000
0)
#632650000
b100100010011 U
1)
#632666100
16
02
#632700000
0)
#632750000
06
b100100010100 U
0P
1)
#632800000
0)
#632850000
b100100010101 U
1)
#632866200
b1001000101 S
17
12
b1001000101 \
#632900000
0)
#632950000
07
b100100010110 U
1P
1)
#633000000
0)
#633050000
b100100010111 U
1)
#633066300
16
02
#633100000
0)
#633150000
06
b100100011000 U
0P
1)
#633200000
0)
#633250000
b100100011001 U
1)
#633266400
b1001000110 S
17
12
b1001000110 \
#633300000
0)
#633350000
07
b100100011010 U
1P
1)
#633400000
0)
#633450000
b100100011011 U
1)
#633466500
16
02
#633500000
0)
#633550000
06
b100100011100 U
0P
1)
#633600000
0)
#633650000
b100100011101 U
1)
#633666600
b1001000111 S
17
12
b1001000111 \
#633700000
0)
#633750000
07
b100100011110 U
1P
1)
#633800000
0)
#633850000
b100100011111 U
1)
#633866700
16
02
#633900000
0)
#633950000
06
b100100100000 U
0P
1)
#634000000
0)
#634050000
b100100100001 U
1)
#634066800
b1001001000 S
17
12
b1001001000 \
#634100000
0)
#634150000
07
b100100100010 U
1P
1)
#634200000
0)
#634250000
b100100100011 U
1)
#634266900
16
02
#634300000
0)
#634350000
06
b100100100100 U
0P
1)
#634400000
0)
#634450000
b100100100101 U
1)
#634467000
b1001001001 S
17
12
b1001001001 \
#634500000
0)
#634550000
07
b100100100110 U
1P
1)
#634600000
0)
#634650000
b100100100111 U
1)
#634667100
16
02
#634700000
0)
#634750000
06
b100100101000 U
0P
1)
#634800000
0)
#634850000
b100100101001 U
1)
#634867200
b1001001010 S
17
12
b1001001010 \
#634900000
0)
#634950000
07
b100100101010 U
1P
1)
#635000000
0)
#635050000
b100100101011 U
1)
#635067300
16
02
#635100000
0)
#635150000
06
b100100101100 U
0P
1)
#635200000
0)
#635250000
b100100101101 U
1)
#635267400
b1001001011 S
17
12
b1001001011 \
#635300000
0)
#635350000
07
b100100101110 U
1P
1)
#635400000
0)
#635450000
b100100101111 U
1)
#635467500
16
02
#635500000
0)
#635550000
06
b100100110000 U
0P
1)
#635600000
0)
#635650000
b100100110001 U
1)
#635667600
b1001001100 S
17
12
b1001001100 \
#635700000
0)
#635750000
07
b100100110010 U
1P
1)
#635800000
0)
#635850000
b100100110011 U
1)
#635867700
16
02
#635900000
0)
#635950000
06
b100100110100 U
0P
1)
#636000000
0)
#636050000
b100100110101 U
1)
#636067800
b1001001101 S
17
12
b1001001101 \
#636100000
0)
#636150000
07
b100100110110 U
1P
1)
#636200000
0)
#636250000
b100100110111 U
1)
#636267900
16
02
#636300000
0)
#636350000
06
b100100111000 U
0P
1)
#636400000
0)
#636450000
b100100111001 U
1)
#636468000
b1001001110 S
17
12
b1001001110 \
#636500000
0)
#636550000
07
b100100111010 U
1P
1)
#636600000
0)
#636650000
b100100111011 U
1)
#636668100
16
02
#636700000
0)
#636750000
06
b100100111100 U
0P
1)
#636800000
0)
#636850000
b100100111101 U
1)
#636868200
b1001001111 S
17
12
b1001001111 \
#636900000
0)
#636950000
07
b100100111110 U
1P
1)
#637000000
0)
#637050000
b100100111111 U
1)
#637068300
16
02
#637100000
0)
#637150000
06
b100101000000 U
0P
1)
#637200000
0)
#637250000
b100101000001 U
1)
#637268400
b1001010000 S
17
12
b1001010000 \
#637300000
0)
#637350000
07
b100101000010 U
1P
1)
#637400000
0)
#637450000
b100101000011 U
1)
#637468500
16
02
#637500000
0)
#637550000
06
b100101000100 U
0P
1)
#637600000
0)
#637650000
b100101000101 U
1)
#637668600
b1001010001 S
17
12
b1001010001 \
#637700000
0)
#637750000
07
b100101000110 U
1P
1)
#637800000
0)
#637850000
b100101000111 U
1)
#637868700
16
02
#637900000
0)
#637950000
06
b100101001000 U
0P
1)
#638000000
0)
#638050000
b100101001001 U
1)
#638068800
b1001010010 S
17
12
b1001010010 \
#638100000
0)
#638150000
07
b100101001010 U
1P
1)
#638200000
0)
#638250000
b100101001011 U
1)
#638268900
16
02
#638300000
0)
#638350000
06
b100101001100 U
0P
1)
#638400000
0)
#638450000
b100101001101 U
1)
#638469000
b1001010011 S
17
12
b1001010011 \
#638500000
0)
#638550000
07
b100101001110 U
1P
1)
#638600000
0)
#638650000
b100101001111 U
1)
#638669100
16
02
#638700000
0)
#638750000
06
b100101010000 U
0P
1)
#638800000
0)
#638850000
b100101010001 U
1)
#638869200
b1001010100 S
17
12
b1001010100 \
#638900000
0)
#638950000
07
b100101010010 U
1P
1)
#639000000
0)
#639050000
b100101010011 U
1)
#639069300
16
02
#639100000
0)
#639150000
06
b100101010100 U
0P
1)
#639200000
0)
#639250000
b100101010101 U
1)
#639269400
b1001010101 S
17
12
b1001010101 \
#639300000
0)
#639350000
07
b100101010110 U
1P
1)
#639400000
0)
#639450000
b100101010111 U
1)
#639469500
16
02
#639500000
0)
#639550000
06
b100101011000 U
0P
1)
#639600000
0)
#639650000
b100101011001 U
1)
#639669600
b1001010110 S
17
12
b1001010110 \
#639700000
0)
#639750000
07
b100101011010 U
1P
1)
#639800000
0)
#639850000
b100101011011 U
1)
#639869700
16
02
#639900000
0)
#639950000
06
b100101011100 U
0P
1)
#640000000
0)
#640050000
b100101011101 U
1)
#640069800
b1001010111 S
17
12
b1001010111 \
#640100000
0)
#640150000
07
b100101011110 U
1P
1)
#640200000
0)
#640250000
b100101011111 U
1)
#640269900
16
02
#640300000
0)
#640350000
06
b100101100000 U
0P
1)
#640400000
0)
#640450000
b100101100001 U
1)
#640470000
b1001011000 S
17
12
b1001011000 \
#640500000
0)
#640550000
07
b100101100010 U
1P
1)
#640600000
0)
#640650000
b100101100011 U
1)
#640670100
16
02
#640700000
0)
#640750000
06
b100101100100 U
0P
1)
#640800000
0)
#640850000
b100101100101 U
1)
#640870200
b1001011001 S
17
12
b1001011001 \
#640900000
0)
#640950000
07
b100101100110 U
1P
1)
#641000000
0)
#641050000
b100101100111 U
1)
#641070300
16
02
#641100000
0)
#641150000
06
b100101101000 U
0P
1)
#641200000
0)
#641250000
b100101101001 U
1)
#641270400
b1001011010 S
17
12
b1001011010 \
#641300000
0)
#641350000
07
b100101101010 U
1P
1)
#641400000
0)
#641450000
b100101101011 U
1)
#641470500
16
02
#641500000
0)
#641550000
06
b100101101100 U
0P
1)
#641600000
0)
#641650000
b100101101101 U
1)
#641670600
b1001011011 S
17
12
b1001011011 \
#641700000
0)
#641750000
07
b100101101110 U
1P
1)
#641800000
0)
#641850000
b100101101111 U
1)
#641870700
16
02
#641900000
0)
#641950000
06
b100101110000 U
0P
1)
#642000000
0)
#642050000
b100101110001 U
1)
#642070800
b1001011100 S
17
12
b1001011100 \
#642100000
0)
#642150000
07
b100101110010 U
1P
1)
#642200000
0)
#642250000
b100101110011 U
1)
#642270900
16
02
#642300000
0)
#642350000
06
b100101110100 U
0P
1)
#642400000
0)
#642450000
b100101110101 U
1)
#642471000
b1001011101 S
17
12
b1001011101 \
#642500000
0)
#642550000
07
b100101110110 U
1P
1)
#642600000
0)
#642650000
b100101110111 U
1)
#642671100
16
02
#642700000
0)
#642750000
06
b100101111000 U
0P
1)
#642800000
0)
#642850000
b100101111001 U
1)
#642871200
b1001011110 S
17
12
b1001011110 \
#642900000
0)
#642950000
07
b100101111010 U
1P
1)
#643000000
0)
#643050000
b100101111011 U
1)
#643071300
16
02
#643100000
0)
#643150000
06
b100101111100 U
0P
1)
#643200000
0)
#643250000
b100101111101 U
1)
#643271400
b1001011111 S
17
12
b1001011111 \
#643300000
0)
#643350000
07
b100101111110 U
1P
1)
#643400000
0)
#643450000
b100101111111 U
1)
#643471500
16
02
#643500000
0)
#643550000
06
b100110000000 U
0P
1)
#643600000
0)
#643650000
b100110000001 U
1)
#643671600
b1001100000 S
17
12
b1001100000 \
#643700000
0)
#643750000
07
b100110000010 U
1P
1)
#643800000
0)
#643850000
b100110000011 U
1)
#643871700
16
02
#643900000
0)
#643950000
06
b100110000100 U
0P
1)
#644000000
0)
#644050000
b100110000101 U
1)
#644071800
b1001100001 S
17
12
b1001100001 \
#644100000
0)
#644150000
07
b100110000110 U
1P
1)
#644200000
0)
#644250000
b100110000111 U
1)
#644271900
16
02
#644300000
0)
#644350000
06
b100110001000 U
0P
1)
#644400000
0)
#644450000
b100110001001 U
1)
#644472000
b1001100010 S
17
12
b1001100010 \
#644500000
0)
#644550000
07
b100110001010 U
1P
1)
#644600000
0)
#644650000
b100110001011 U
1)
#644672100
16
02
#644700000
0)
#644750000
06
b100110001100 U
0P
1)
#644800000
0)
#644850000
b100110001101 U
1)
#644872200
b1001100011 S
17
12
b1001100011 \
#644900000
0)
#644950000
07
b100110001110 U
1P
1)
#645000000
0)
#645050000
b100110001111 U
1)
#645072300
16
02
#645100000
0)
#645150000
06
b100110010000 U
0P
1)
#645200000
0)
#645250000
b100110010001 U
1)
#645272400
b1001100100 S
17
12
b1001100100 \
#645300000
0)
#645350000
07
b100110010010 U
1P
1)
#645400000
0)
#645450000
b100110010011 U
1)
#645472500
16
02
#645500000
0)
#645550000
06
b100110010100 U
0P
1)
#645600000
0)
#645650000
b100110010101 U
1)
#645672600
b1001100101 S
17
12
b1001100101 \
#645700000
0)
#645750000
07
b100110010110 U
1P
1)
#645800000
0)
#645850000
b100110010111 U
1)
#645872700
16
02
#645900000
0)
#645950000
06
b100110011000 U
0P
1)
#646000000
0)
#646050000
b100110011001 U
1)
#646072800
b1001100110 S
17
12
b1001100110 \
#646100000
0)
#646150000
07
b100110011010 U
1P
1)
#646200000
0)
#646250000
b100110011011 U
1)
#646272900
16
02
#646300000
0)
#646350000
06
b100110011100 U
0P
1)
#646400000
0)
#646450000
b100110011101 U
1)
#646473000
b1001100111 S
17
12
b1001100111 \
#646500000
0)
#646550000
07
b100110011110 U
1P
1)
#646600000
0)
#646650000
b100110011111 U
1)
#646673100
16
02
#646700000
0)
#646750000
06
b100110100000 U
0P
1)
#646800000
0)
#646850000
b100110100001 U
1)
#646873200
b1001101000 S
17
12
b1001101000 \
#646900000
0)
#646950000
07
b100110100010 U
1P
1)
#647000000
0)
#647050000
b100110100011 U
1)
#647073300
16
02
#647100000
0)
#647150000
06
b100110100100 U
0P
1)
#647200000
0)
#647250000
b100110100101 U
1)
#647273400
b1001101001 S
17
12
b1001101001 \
#647300000
0)
#647350000
07
b100110100110 U
1P
1)
#647400000
0)
#647450000
b100110100111 U
1)
#647473500
16
02
#647500000
0)
#647550000
06
b100110101000 U
0P
1)
#647600000
0)
#647650000
b100110101001 U
1)
#647673600
b1001101010 S
17
12
b1001101010 \
#647700000
0)
#647750000
07
b100110101010 U
1P
1)
#647800000
0)
#647850000
b100110101011 U
1)
#647873700
16
02
#647900000
0)
#647950000
06
b100110101100 U
0P
1)
#648000000
0)
#648050000
b100110101101 U
1)
#648073800
b1001101011 S
17
12
b1001101011 \
#648100000
0)
#648150000
07
b100110101110 U
1P
1)
#648200000
0)
#648250000
b100110101111 U
1)
#648273900
16
02
#648300000
0)
#648350000
06
b100110110000 U
0P
1)
#648400000
0)
#648450000
b100110110001 U
1)
#648474000
b1001101100 S
17
12
b1001101100 \
#648500000
0)
#648550000
07
b100110110010 U
1P
1)
#648600000
0)
#648650000
b100110110011 U
1)
#648674100
16
02
#648700000
0)
#648750000
06
b100110110100 U
0P
1)
#648800000
0)
#648850000
b100110110101 U
1)
#648874200
b1001101101 S
17
12
b1001101101 \
#648900000
0)
#648950000
07
b100110110110 U
1P
1)
#649000000
0)
#649050000
b100110110111 U
1)
#649074300
16
02
#649100000
0)
#649150000
06
b100110111000 U
0P
1)
#649200000
0)
#649250000
b100110111001 U
1)
#649274400
b1001101110 S
17
12
b1001101110 \
#649300000
0)
#649350000
07
b100110111010 U
1P
1)
#649400000
0)
#649450000
b100110111011 U
1)
#649474500
16
02
#649500000
0)
#649550000
06
b100110111100 U
0P
1)
#649600000
0)
#649650000
b100110111101 U
1)
#649674600
b1001101111 S
17
12
b1001101111 \
#649700000
0)
#649750000
07
b100110111110 U
1P
1)
#649800000
0)
#649850000
b100110111111 U
1)
#649874700
16
02
#649900000
0)
#649950000
06
b100111000000 U
0P
1)
#650000000
0)
#650050000
b100111000001 U
1)
#650074800
b1001110000 S
17
12
b1001110000 \
#650100000
0)
#650150000
07
b100111000010 U
1P
1)
#650200000
0)
#650250000
b100111000011 U
1)
#650274900
16
02
#650300000
0)
#650350000
06
b100111000100 U
0P
1)
#650400000
0)
#650450000
b100111000101 U
1)
#650475000
b1001110001 S
17
12
b1001110001 \
#650500000
0)
#650550000
07
b100111000110 U
1P
1)
#650600000
0)
#650650000
b100111000111 U
1)
#650675100
16
02
#650700000
0)
#650750000
06
b100111001000 U
0P
1)
#650800000
0)
#650850000
b100111001001 U
1)
#650875200
b1001110010 S
17
12
b1001110010 \
#650900000
0)
#650950000
07
b100111001010 U
1P
1)
#651000000
0)
#651050000
b100111001011 U
1)
#651075300
16
02
#651100000
0)
#651150000
06
b100111001100 U
0P
1)
#651200000
0)
#651250000
b100111001101 U
1)
#651275400
b1001110011 S
17
12
b1001110011 \
#651300000
0)
#651350000
07
b100111001110 U
1P
1)
#651400000
0)
#651450000
b100111001111 U
1)
#651475500
16
02
#651500000
0)
#651550000
06
b100111010000 U
0P
1)
#651600000
0)
#651650000
b100111010001 U
1)
#651675600
b1001110100 S
17
12
b1001110100 \
#651700000
0)
#651750000
07
b100111010010 U
1P
1)
#651800000
0)
#651850000
b100111010011 U
1)
#651875700
16
02
#651900000
0)
#651950000
06
b100111010100 U
0P
1)
#652000000
0)
#652050000
b100111010101 U
1)
#652075800
b1001110101 S
17
12
b1001110101 \
#652100000
0)
#652150000
07
b100111010110 U
1P
1)
#652200000
0)
#652250000
b100111010111 U
1)
#652275900
16
02
#652300000
0)
#652350000
06
b100111011000 U
0P
1)
#652400000
0)
#652450000
b100111011001 U
1)
#652476000
b1001110110 S
17
12
b1001110110 \
#652500000
0)
#652550000
07
b100111011010 U
1P
1)
#652600000
0)
#652650000
b100111011011 U
1)
#652676100
16
02
#652700000
0)
#652750000
06
b100111011100 U
0P
1)
#652800000
0)
#652850000
b100111011101 U
1)
#652876200
b1001110111 S
17
12
b1001110111 \
#652900000
0)
#652950000
07
b100111011110 U
1P
1)
#653000000
0)
#653050000
b100111011111 U
1)
#653076300
16
02
#653100000
0)
#653150000
06
b100111100000 U
0P
1)
#653200000
0)
#653250000
b100111100001 U
1)
#653276400
b1001111000 S
17
12
b1001111000 \
#653300000
0)
#653350000
07
b100111100010 U
1P
1)
#653400000
0)
#653450000
b100111100011 U
1)
#653476500
16
02
#653500000
0)
#653550000
06
b100111100100 U
0P
1)
#653600000
0)
#653650000
b100111100101 U
1)
#653676600
b1001111001 S
17
12
b1001111001 \
#653700000
0)
#653750000
07
b100111100110 U
1P
1)
#653800000
0)
#653850000
b100111100111 U
1)
#653876700
16
02
#653900000
0)
#653950000
06
b100111101000 U
0P
1)
#654000000
0)
#654050000
b100111101001 U
1)
#654076800
b1001111010 S
17
12
b1001111010 \
#654100000
0)
#654150000
07
b100111101010 U
1P
1)
#654200000
0)
#654250000
b100111101011 U
1)
#654276900
16
02
#654300000
0)
#654350000
06
b100111101100 U
0P
1)
#654400000
0)
#654450000
b100111101101 U
1)
#654477000
b1001111011 S
17
12
b1001111011 \
#654500000
0)
#654550000
07
b100111101110 U
1P
1)
#654600000
0)
#654650000
b100111101111 U
1)
#654677100
16
02
#654700000
0)
#654750000
06
b100111110000 U
0P
1)
#654800000
0)
#654850000
b100111110001 U
1)
#654877200
b1001111100 S
17
12
b1001111100 \
#654900000
0)
#654950000
07
b100111110010 U
1P
1)
#655000000
0)
#655050000
b100111110011 U
1)
#655077300
16
02
#655100000
0)
#655150000
06
b100111110100 U
0P
1)
#655200000
0)
#655250000
b100111110101 U
1)
#655277400
b1001111101 S
17
12
b1001111101 \
#655300000
0)
#655350000
07
b100111110110 U
1P
1)
#655400000
0)
#655450000
b100111110111 U
1)
#655477500
16
02
#655500000
0)
#655550000
06
b100111111000 U
0P
1)
#655600000
0)
#655650000
b100111111001 U
1)
#655677600
b1001111110 S
17
12
b1001111110 \
#655700000
0)
#655750000
07
b100111111010 U
1P
1)
#655800000
0)
#655850000
b100111111011 U
1)
#655877700
16
02
#655900000
0)
#655950000
06
b100111111100 U
0P
1)
#656000000
0)
#656050000
b100111111101 U
1)
#656077800
b1001111111 S
17
12
b1001111111 \
#656100000
0)
#656150000
07
b100111111110 U
1P
1)
#656200000
0)
#656250000
b100111111111 U
1)
#656277900
16
02
#656300000
0)
#656350000
06
b101000000000 U
0P
1)
#656400000
0)
#656450000
b101000000001 U
1)
#656478000
b1010000000 S
17
12
b1010000000 \
#656500000
0)
#656550000
07
b101000000010 U
1P
1)
#656600000
0)
#656650000
b101000000011 U
1)
#656678100
16
02
#656700000
0)
#656750000
06
b101000000100 U
0P
1)
#656800000
0)
#656850000
b101000000101 U
1)
#656878200
b1010000001 S
17
12
b1010000001 \
#656900000
0)
#656950000
07
b101000000110 U
1P
1)
#657000000
0)
#657050000
b101000000111 U
1)
#657078300
16
02
#657100000
0)
#657150000
06
b101000001000 U
0P
1)
#657200000
0)
#657250000
b101000001001 U
1)
#657278400
b1010000010 S
17
12
b1010000010 \
#657300000
0)
#657350000
07
b101000001010 U
1P
1)
#657400000
0)
#657450000
b101000001011 U
1)
#657478500
16
02
#657500000
0)
#657550000
06
b101000001100 U
0P
1)
#657600000
0)
#657650000
b101000001101 U
1)
#657678600
b1010000011 S
17
12
b1010000011 \
#657700000
0)
#657750000
07
b101000001110 U
1P
1)
#657800000
0)
#657850000
b101000001111 U
1)
#657878700
16
02
#657900000
0)
#657950000
06
b101000010000 U
0P
1)
#658000000
0)
#658050000
b101000010001 U
1)
#658078800
b1010000100 S
17
12
b1010000100 \
#658100000
0)
#658150000
07
b101000010010 U
1P
1)
#658200000
0)
#658250000
b101000010011 U
1)
#658278900
16
02
#658300000
0)
#658350000
06
b101000010100 U
0P
1)
#658400000
0)
#658450000
b101000010101 U
1)
#658479000
b1010000101 S
17
12
b1010000101 \
#658500000
0)
#658550000
07
b101000010110 U
1P
1)
#658600000
0)
#658650000
b101000010111 U
1)
#658679100
16
02
#658700000
0)
#658750000
06
b101000011000 U
0P
1)
#658800000
0)
#658850000
b101000011001 U
1)
#658879200
b1010000110 S
17
12
b1010000110 \
#658900000
0)
#658950000
07
b101000011010 U
1P
1)
#659000000
0)
#659050000
b101000011011 U
1)
#659079300
16
02
#659100000
0)
#659150000
06
b101000011100 U
0P
1)
#659200000
0)
#659250000
b101000011101 U
1)
#659279400
b1010000111 S
17
12
b1010000111 \
#659300000
0)
#659350000
07
b101000011110 U
1P
1)
#659400000
0)
#659450000
b101000011111 U
1)
#659479500
16
02
#659500000
0)
#659550000
06
b101000100000 U
0P
1)
#659600000
0)
#659650000
b101000100001 U
1)
#659679600
b1010001000 S
17
12
b1010001000 \
#659700000
0)
#659750000
07
b101000100010 U
1P
1)
#659800000
0)
#659850000
b101000100011 U
1)
#659879700
16
02
#659900000
0)
#659950000
06
b101000100100 U
0P
1)
#660000000
0)
#660050000
b101000100101 U
1)
#660079800
b1010001001 S
17
12
b1010001001 \
#660100000
0)
#660150000
07
b101000100110 U
1P
1)
#660200000
0)
#660250000
b101000100111 U
1)
#660279900
16
02
#660300000
0)
#660350000
06
b101000101000 U
0P
1)
#660400000
0)
#660450000
b101000101001 U
1)
#660480000
b1010001010 S
17
12
b1010001010 \
#660500000
0)
#660550000
07
b101000101010 U
1P
1)
#660600000
0)
#660650000
b101000101011 U
1)
#660680100
16
02
#660700000
0)
#660750000
06
b101000101100 U
0P
1)
#660800000
0)
#660850000
b101000101101 U
1)
#660880200
b1010001011 S
17
12
b1010001011 \
#660900000
0)
#660950000
07
b101000101110 U
1P
1)
#661000000
0)
#661050000
b101000101111 U
1)
#661080300
16
02
#661100000
0)
#661150000
06
b101000110000 U
0P
1)
#661200000
0)
#661250000
b101000110001 U
1)
#661280400
b1010001100 S
17
12
b1010001100 \
#661300000
0)
#661350000
07
b101000110010 U
1P
1)
#661400000
0)
#661450000
b101000110011 U
1)
#661480500
16
02
#661500000
0)
#661550000
06
b101000110100 U
0P
1)
#661600000
0)
#661650000
b101000110101 U
1)
#661680600
b1010001101 S
17
12
b1010001101 \
#661700000
0)
#661750000
07
b101000110110 U
1P
1)
#661800000
0)
#661850000
b101000110111 U
1)
#661880700
16
02
#661900000
0)
#661950000
06
b101000111000 U
0P
1)
#662000000
0)
#662050000
b101000111001 U
1)
#662080800
b1010001110 S
17
12
b1010001110 \
#662100000
0)
#662150000
07
b101000111010 U
1P
1)
#662200000
0)
#662250000
b101000111011 U
1)
#662280900
16
02
#662300000
0)
#662350000
06
b101000111100 U
0P
1)
#662400000
0)
#662450000
b101000111101 U
1)
#662481000
b1010001111 S
17
12
b1010001111 \
#662500000
0)
#662550000
07
b101000111110 U
1P
1)
#662600000
0)
#662650000
b101000111111 U
1)
#662681100
16
02
#662700000
0)
#662750000
06
b101001000000 U
0P
1)
#662800000
0)
#662850000
b101001000001 U
1)
#662881200
b1010010000 S
17
12
b1010010000 \
#662900000
0)
#662950000
07
b101001000010 U
1P
1)
#663000000
0)
#663050000
b101001000011 U
1)
#663081300
16
02
#663100000
0)
#663150000
06
b101001000100 U
0P
1)
#663200000
0)
#663250000
b101001000101 U
1)
#663281400
b1010010001 S
17
12
b1010010001 \
#663300000
0)
#663350000
07
b101001000110 U
1P
1)
#663400000
0)
#663450000
b101001000111 U
1)
#663481500
16
02
#663500000
0)
#663550000
06
b101001001000 U
0P
1)
#663600000
0)
#663650000
b101001001001 U
1)
#663681600
b1010010010 S
17
12
b1010010010 \
#663700000
0)
#663750000
07
b101001001010 U
1P
1)
#663800000
0)
#663850000
b101001001011 U
1)
#663881700
16
02
#663900000
0)
#663950000
06
b101001001100 U
0P
1)
#664000000
0)
#664050000
b101001001101 U
1)
#664081800
b1010010011 S
17
12
b1010010011 \
#664100000
0)
#664150000
07
b101001001110 U
1P
1)
#664200000
0)
#664250000
b101001001111 U
1)
#664281900
16
02
#664300000
0)
#664350000
06
b101001010000 U
0P
1)
#664400000
0)
#664450000
b101001010001 U
1)
#664482000
b1010010100 S
17
12
b1010010100 \
#664500000
0)
#664550000
07
b101001010010 U
1P
1)
#664600000
0)
#664650000
b101001010011 U
1)
#664682100
16
02
#664700000
0)
#664750000
06
b101001010100 U
0P
1)
#664800000
0)
#664850000
b101001010101 U
1)
#664882200
b1010010101 S
17
12
b1010010101 \
#664900000
0)
#664950000
07
b101001010110 U
1P
1)
#665000000
0)
#665050000
b101001010111 U
1)
#665082300
16
02
#665100000
0)
#665150000
06
b101001011000 U
0P
1)
#665200000
0)
#665250000
b101001011001 U
1)
#665282400
b1010010110 S
17
12
b1010010110 \
#665300000
0)
#665350000
07
b101001011010 U
1P
1)
#665400000
0)
#665450000
b101001011011 U
1)
#665482500
16
02
#665500000
0)
#665550000
06
b101001011100 U
0P
1)
#665600000
0)
#665650000
b101001011101 U
1)
#665682600
b1010010111 S
17
12
b1010010111 \
#665700000
0)
#665750000
07
b101001011110 U
1P
1)
#665800000
0)
#665850000
b101001011111 U
1)
#665882700
16
02
#665900000
0)
#665950000
06
b101001100000 U
0P
1)
#666000000
0)
#666050000
b101001100001 U
1)
#666082800
b1010011000 S
17
12
b1010011000 \
#666100000
0)
#666150000
07
b101001100010 U
1P
1)
#666200000
0)
#666250000
b101001100011 U
1)
#666282900
16
02
#666300000
0)
#666350000
06
b101001100100 U
0P
1)
#666400000
0)
#666450000
b101001100101 U
1)
#666483000
b1010011001 S
17
12
b1010011001 \
#666500000
0)
#666550000
07
b101001100110 U
1P
1)
#666600000
0)
#666650000
b101001100111 U
1)
#666683100
16
02
#666700000
0)
#666750000
06
b101001101000 U
0P
1)
#666800000
0)
#666850000
b101001101001 U
1)
#666883200
b1010011010 S
17
12
b1010011010 \
#666900000
0)
#666950000
07
b101001101010 U
1P
1)
#667000000
0)
#667050000
b101001101011 U
1)
#667083300
16
02
#667100000
0)
#667150000
06
b101001101100 U
0P
1)
#667200000
0)
#667250000
b101001101101 U
1)
#667283400
b1010011011 S
17
12
b1010011011 \
#667300000
0)
#667350000
07
b101001101110 U
1P
1)
#667400000
0)
#667450000
b101001101111 U
1)
#667483500
16
02
#667500000
0)
#667550000
06
b101001110000 U
0P
1)
#667600000
0)
#667650000
b101001110001 U
1)
#667683600
b1010011100 S
17
12
b1010011100 \
#667700000
0)
#667750000
07
b101001110010 U
1P
1)
#667800000
0)
#667850000
b101001110011 U
1)
#667883700
16
02
#667900000
0)
#667950000
06
b101001110100 U
0P
1)
#668000000
0)
#668050000
b101001110101 U
1)
#668083800
b1010011101 S
17
12
b1010011101 \
#668100000
0)
#668150000
07
b101001110110 U
1P
1)
#668200000
0)
#668250000
b101001110111 U
1)
#668283900
16
02
#668300000
0)
#668350000
06
b101001111000 U
0P
1)
#668400000
0)
#668450000
b101001111001 U
1)
#668484000
b1010011110 S
17
12
b1010011110 \
#668500000
0)
#668550000
07
b101001111010 U
1P
1)
#668600000
0)
#668650000
b101001111011 U
1)
#668684100
16
02
#668700000
0)
#668750000
06
b101001111100 U
0P
1)
#668800000
0)
#668850000
b101001111101 U
1)
#668884200
b1010011111 S
17
12
b1010011111 \
#668900000
0)
#668950000
07
b101001111110 U
1P
1)
#669000000
0)
#669050000
b101001111111 U
1)
#669084300
16
02
#669100000
0)
#669150000
06
b101010000000 U
0P
1)
#669200000
0)
#669250000
b101010000001 U
1)
#669284400
b1010100000 S
17
12
b1010100000 \
#669300000
0)
#669350000
07
b101010000010 U
1P
1)
#669400000
0)
#669450000
b101010000011 U
1)
#669484500
16
02
#669500000
0)
#669550000
06
b101010000100 U
0P
1)
#669600000
0)
#669650000
b101010000101 U
1)
#669684600
b1010100001 S
17
12
b1010100001 \
#669700000
0)
#669750000
07
b101010000110 U
1P
1)
#669800000
0)
#669850000
b101010000111 U
1)
#669884700
16
02
#669900000
0)
#669950000
06
b101010001000 U
0P
1)
#670000000
0)
#670050000
b101010001001 U
1)
#670084800
b1010100010 S
17
12
b1010100010 \
#670100000
0)
#670150000
07
b101010001010 U
1P
1)
#670200000
0)
#670250000
b101010001011 U
1)
#670284900
16
02
#670300000
0)
#670350000
06
b101010001100 U
0P
1)
#670400000
0)
#670450000
b101010001101 U
1)
#670485000
b1010100011 S
17
12
b1010100011 \
#670500000
0)
#670550000
07
b101010001110 U
1P
1)
#670600000
0)
#670650000
b101010001111 U
1)
#670685100
16
02
#670700000
0)
#670750000
06
b101010010000 U
0P
1)
#670800000
0)
#670850000
b101010010001 U
1)
#670885200
b1010100100 S
17
12
b1010100100 \
#670900000
0)
#670950000
07
b101010010010 U
1P
1)
#671000000
0)
#671050000
b101010010011 U
1)
#671085300
16
02
#671100000
0)
#671150000
06
b101010010100 U
0P
1)
#671200000
0)
#671250000
b101010010101 U
1)
#671285400
b1010100101 S
17
12
b1010100101 \
#671300000
0)
#671350000
07
b101010010110 U
1P
1)
#671400000
0)
#671450000
b101010010111 U
1)
#671485500
16
02
#671500000
0)
#671550000
06
b101010011000 U
0P
1)
#671600000
0)
#671650000
b101010011001 U
1)
#671685600
b1010100110 S
17
12
b1010100110 \
#671700000
0)
#671750000
07
b101010011010 U
1P
1)
#671800000
0)
#671850000
b101010011011 U
1)
#671885700
16
02
#671900000
0)
#671950000
06
b101010011100 U
0P
1)
#672000000
0)
#672050000
b101010011101 U
1)
#672085800
b1010100111 S
17
12
b1010100111 \
#672100000
0)
#672150000
07
b101010011110 U
1P
1)
#672200000
0)
#672250000
b101010011111 U
1)
#672285900
16
02
#672300000
0)
#672350000
06
b101010100000 U
0P
1)
#672400000
0)
#672450000
b101010100001 U
1)
#672486000
b1010101000 S
17
12
b1010101000 \
#672500000
0)
#672550000
07
b101010100010 U
1P
1)
#672600000
0)
#672650000
b101010100011 U
1)
#672686100
16
02
#672700000
0)
#672750000
06
b101010100100 U
0P
1)
#672800000
0)
#672850000
b101010100101 U
1)
#672886200
b1010101001 S
17
12
b1010101001 \
#672900000
0)
#672950000
07
b101010100110 U
1P
1)
#673000000
0)
#673050000
b101010100111 U
1)
#673086300
16
02
#673100000
0)
#673150000
06
b101010101000 U
0P
1)
#673200000
0)
#673250000
b101010101001 U
1)
#673286400
b1010101010 S
17
12
b1010101010 \
#673300000
0)
#673350000
07
b101010101010 U
1P
1)
#673400000
0)
#673450000
b101010101011 U
1)
#673486500
16
02
#673500000
0)
#673550000
06
b101010101100 U
0P
1)
#673600000
0)
#673650000
b101010101101 U
1)
#673686600
b1010101011 S
17
12
b1010101011 \
#673700000
0)
#673750000
07
b101010101110 U
1P
1)
#673800000
0)
#673850000
b101010101111 U
1)
#673886700
16
02
#673900000
0)
#673950000
06
b101010110000 U
0P
1)
#674000000
0)
#674050000
b101010110001 U
1)
#674086800
b1010101100 S
17
12
b1010101100 \
#674100000
0)
#674150000
07
b101010110010 U
1P
1)
#674200000
0)
#674250000
b101010110011 U
1)
#674286900
16
02
#674300000
0)
#674350000
06
b101010110100 U
0P
1)
#674400000
0)
#674450000
b101010110101 U
1)
#674487000
b1010101101 S
17
12
b1010101101 \
#674500000
0)
#674550000
07
b101010110110 U
1P
1)
#674600000
0)
#674650000
b101010110111 U
1)
#674687100
16
02
#674700000
0)
#674750000
06
b101010111000 U
0P
1)
#674800000
0)
#674850000
b101010111001 U
1)
#674887200
b1010101110 S
17
12
b1010101110 \
#674900000
0)
#674950000
07
b101010111010 U
1P
1)
#675000000
0)
#675050000
b101010111011 U
1)
#675087300
16
02
#675100000
0)
#675150000
06
b101010111100 U
0P
1)
#675200000
0)
#675250000
b101010111101 U
1)
#675287400
b1010101111 S
17
12
b1010101111 \
#675300000
0)
#675350000
07
b101010111110 U
1P
1)
#675400000
0)
#675450000
b101010111111 U
1)
#675487500
16
02
#675500000
0)
#675550000
06
b101011000000 U
0P
1)
#675600000
0)
#675650000
b101011000001 U
1)
#675687600
b1010110000 S
17
12
b1010110000 \
#675700000
0)
#675750000
07
b101011000010 U
1P
1)
#675800000
0)
#675850000
b101011000011 U
1)
#675887700
16
02
#675900000
0)
#675950000
06
b101011000100 U
0P
1)
#676000000
0)
#676050000
b101011000101 U
1)
#676087800
b1010110001 S
17
12
b1010110001 \
#676100000
0)
#676150000
07
b101011000110 U
1P
1)
#676200000
0)
#676250000
b101011000111 U
1)
#676287900
16
02
#676300000
0)
#676350000
06
b101011001000 U
0P
1)
#676400000
0)
#676450000
b101011001001 U
1)
#676488000
b1010110010 S
17
12
b1010110010 \
#676500000
0)
#676550000
07
b101011001010 U
1P
1)
#676600000
0)
#676650000
b101011001011 U
1)
#676688100
16
02
#676700000
0)
#676750000
06
b101011001100 U
0P
1)
#676800000
0)
#676850000
b101011001101 U
1)
#676888200
b1010110011 S
17
12
b1010110011 \
#676900000
0)
#676950000
07
b101011001110 U
1P
1)
#677000000
0)
#677050000
b101011001111 U
1)
#677088300
16
02
#677100000
0)
#677150000
06
b101011010000 U
0P
1)
#677200000
0)
#677250000
b101011010001 U
1)
#677288400
b1010110100 S
17
12
b1010110100 \
#677300000
0)
#677350000
07
b101011010010 U
1P
1)
#677400000
0)
#677450000
b101011010011 U
1)
#677488500
16
02
#677500000
0)
#677550000
06
b101011010100 U
0P
1)
#677600000
0)
#677650000
b101011010101 U
1)
#677688600
b1010110101 S
17
12
b1010110101 \
#677700000
0)
#677750000
07
b101011010110 U
1P
1)
#677800000
0)
#677850000
b101011010111 U
1)
#677888700
16
02
#677900000
0)
#677950000
06
b101011011000 U
0P
1)
#678000000
0)
#678050000
b101011011001 U
1)
#678088800
b1010110110 S
17
12
b1010110110 \
#678100000
0)
#678150000
07
b101011011010 U
1P
1)
#678200000
0)
#678250000
b101011011011 U
1)
#678288900
16
02
#678300000
0)
#678350000
06
b101011011100 U
0P
1)
#678400000
0)
#678450000
b101011011101 U
1)
#678489000
b1010110111 S
17
12
b1010110111 \
#678500000
0)
#678550000
07
b101011011110 U
1P
1)
#678600000
0)
#678650000
b101011011111 U
1)
#678689100
16
02
#678700000
0)
#678750000
06
b101011100000 U
0P
1)
#678800000
0)
#678850000
b101011100001 U
1)
#678889200
b1010111000 S
17
12
b1010111000 \
#678900000
0)
#678950000
07
b101011100010 U
1P
1)
#679000000
0)
#679050000
b101011100011 U
1)
#679089300
16
02
#679100000
0)
#679150000
06
b101011100100 U
0P
1)
#679200000
0)
#679250000
b101011100101 U
1)
#679289400
b1010111001 S
17
12
b1010111001 \
#679300000
0)
#679350000
07
b101011100110 U
1P
1)
#679400000
0)
#679450000
b101011100111 U
1)
#679489500
16
02
#679500000
0)
#679550000
06
b101011101000 U
0P
1)
#679600000
0)
#679650000
b101011101001 U
1)
#679689600
b1010111010 S
17
12
b1010111010 \
#679700000
0)
#679750000
07
b101011101010 U
1P
1)
#679800000
0)
#679850000
b101011101011 U
1)
#679889700
16
02
#679900000
0)
#679950000
06
b101011101100 U
0P
1)
#680000000
0)
#680050000
b101011101101 U
1)
#680089800
b1010111011 S
17
12
b1010111011 \
#680100000
0)
#680150000
07
b101011101110 U
1P
1)
#680200000
0)
#680250000
b101011101111 U
1)
#680289900
16
02
#680300000
0)
#680350000
06
b101011110000 U
0P
1)
#680400000
0)
#680450000
b101011110001 U
1)
#680490000
b1010111100 S
17
12
b1010111100 \
#680500000
0)
#680550000
07
b101011110010 U
1P
1)
#680600000
0)
#680650000
b101011110011 U
1)
#680690100
16
02
#680700000
0)
#680750000
06
b101011110100 U
0P
1)
#680800000
0)
#680850000
b101011110101 U
1)
#680890200
b1010111101 S
17
12
b1010111101 \
#680900000
0)
#680950000
07
b101011110110 U
1P
1)
#681000000
0)
#681050000
b101011110111 U
1)
#681090300
16
02
#681100000
0)
#681150000
06
b101011111000 U
0P
1)
#681200000
0)
#681250000
b101011111001 U
1)
#681290400
b1010111110 S
17
12
b1010111110 \
#681300000
0)
#681350000
07
b101011111010 U
1P
1)
#681400000
0)
#681450000
b101011111011 U
1)
#681490500
16
02
#681500000
0)
#681550000
06
b101011111100 U
0P
1)
#681600000
0)
#681650000
b101011111101 U
1)
#681690600
b1010111111 S
17
12
b1010111111 \
#681700000
0)
#681750000
07
b101011111110 U
1P
1)
#681800000
0)
#681850000
b101011111111 U
1)
#681890700
16
02
#681900000
0)
#681950000
06
b101100000000 U
0P
1)
#682000000
0)
#682050000
b101100000001 U
1)
#682090800
b1011000000 S
17
12
b1011000000 \
#682100000
0)
#682150000
07
b101100000010 U
1P
1)
#682200000
0)
#682250000
b101100000011 U
1)
#682290900
16
02
#682300000
0)
#682350000
06
b101100000100 U
0P
1)
#682400000
0)
#682450000
b101100000101 U
1)
#682491000
b1011000001 S
17
12
b1011000001 \
#682500000
0)
#682550000
07
b101100000110 U
1P
1)
#682600000
0)
#682650000
b101100000111 U
1)
#682691100
16
02
#682700000
0)
#682750000
06
b101100001000 U
0P
1)
#682800000
0)
#682850000
b101100001001 U
1)
#682891200
b1011000010 S
17
12
b1011000010 \
#682900000
0)
#682950000
07
b101100001010 U
1P
1)
#683000000
0)
#683050000
b101100001011 U
1)
#683091300
16
02
#683100000
0)
#683150000
06
b101100001100 U
0P
1)
#683200000
0)
#683250000
b101100001101 U
1)
#683291400
b1011000011 S
17
12
b1011000011 \
#683300000
0)
#683350000
07
b101100001110 U
1P
1)
#683400000
0)
#683450000
b101100001111 U
1)
#683491500
16
02
#683500000
0)
#683550000
06
b101100010000 U
0P
1)
#683600000
0)
#683650000
b101100010001 U
1)
#683691600
b1011000100 S
17
12
b1011000100 \
#683700000
0)
#683750000
07
b101100010010 U
1P
1)
#683800000
0)
#683850000
b101100010011 U
1)
#683891700
16
02
#683900000
0)
#683950000
06
b101100010100 U
0P
1)
#684000000
0)
#684050000
b101100010101 U
1)
#684091800
b1011000101 S
17
12
b1011000101 \
#684100000
0)
#684150000
07
b101100010110 U
1P
1)
#684200000
0)
#684250000
b101100010111 U
1)
#684291900
16
02
#684300000
0)
#684350000
06
b101100011000 U
0P
1)
#684400000
0)
#684450000
b101100011001 U
1)
#684492000
b1011000110 S
17
12
b1011000110 \
#684500000
0)
#684550000
07
b101100011010 U
1P
1)
#684600000
0)
#684650000
b101100011011 U
1)
#684692100
16
02
#684700000
0)
#684750000
06
b101100011100 U
0P
1)
#684800000
0)
#684850000
b101100011101 U
1)
#684892200
b1011000111 S
17
12
b1011000111 \
#684900000
0)
#684950000
07
b101100011110 U
1P
1)
#685000000
0)
#685050000
b101100011111 U
1)
#685092300
16
02
#685100000
0)
#685150000
06
b101100100000 U
0P
1)
#685200000
0)
#685250000
b101100100001 U
1)
#685292400
b1011001000 S
17
12
b1011001000 \
#685300000
0)
#685350000
07
b101100100010 U
1P
1)
#685400000
0)
#685450000
b101100100011 U
1)
#685492500
16
02
#685500000
0)
#685550000
06
b101100100100 U
0P
1)
#685600000
0)
#685650000
b101100100101 U
1)
#685692600
b1011001001 S
17
12
b1011001001 \
#685700000
0)
#685750000
07
b101100100110 U
1P
1)
#685800000
0)
#685850000
b101100100111 U
1)
#685892700
16
02
#685900000
0)
#685950000
06
b101100101000 U
0P
1)
#686000000
0)
#686050000
b101100101001 U
1)
#686092800
b1011001010 S
17
12
b1011001010 \
#686100000
0)
#686150000
07
b101100101010 U
1P
1)
#686200000
0)
#686250000
b101100101011 U
1)
#686292900
16
02
#686300000
0)
#686350000
06
b101100101100 U
0P
1)
#686400000
0)
#686450000
b101100101101 U
1)
#686493000
b1011001011 S
17
12
b1011001011 \
#686500000
0)
#686550000
07
b101100101110 U
1P
1)
#686600000
0)
#686650000
b101100101111 U
1)
#686693100
16
02
#686700000
0)
#686750000
06
b101100110000 U
0P
1)
#686800000
0)
#686850000
b101100110001 U
1)
#686893200
b1011001100 S
17
12
b1011001100 \
#686900000
0)
#686950000
07
b101100110010 U
1P
1)
#687000000
0)
#687050000
b101100110011 U
1)
#687093300
16
02
#687100000
0)
#687150000
06
b101100110100 U
0P
1)
#687200000
0)
#687250000
b101100110101 U
1)
#687293400
b1011001101 S
17
12
b1011001101 \
#687300000
0)
#687350000
07
b101100110110 U
1P
1)
#687400000
0)
#687450000
b101100110111 U
1)
#687493500
16
02
#687500000
0)
#687550000
06
b101100111000 U
0P
1)
#687600000
0)
#687650000
b101100111001 U
1)
#687693600
b1011001110 S
17
12
b1011001110 \
#687700000
0)
#687750000
07
b101100111010 U
1P
1)
#687800000
0)
#687850000
b101100111011 U
1)
#687893700
16
02
#687900000
0)
#687950000
06
b101100111100 U
0P
1)
#688000000
0)
#688050000
b101100111101 U
1)
#688093800
b1011001111 S
17
12
b1011001111 \
#688100000
0)
#688150000
07
b101100111110 U
1P
1)
#688200000
0)
#688250000
b101100111111 U
1)
#688293900
16
02
#688300000
0)
#688350000
06
b101101000000 U
0P
1)
#688400000
0)
#688450000
b101101000001 U
1)
#688494000
b1011010000 S
17
12
b1011010000 \
#688500000
0)
#688550000
07
b101101000010 U
1P
1)
#688600000
0)
#688650000
b101101000011 U
1)
#688694100
16
02
#688700000
0)
#688750000
06
b101101000100 U
0P
1)
#688800000
0)
#688850000
b101101000101 U
1)
#688894200
b1011010001 S
17
12
b1011010001 \
#688900000
0)
#688950000
07
b101101000110 U
1P
1)
#689000000
0)
#689050000
b101101000111 U
1)
#689094300
16
02
#689100000
0)
#689150000
06
b101101001000 U
0P
1)
#689200000
0)
#689250000
b101101001001 U
1)
#689294400
b1011010010 S
17
12
b1011010010 \
#689300000
0)
#689350000
07
b101101001010 U
1P
1)
#689400000
0)
#689450000
b101101001011 U
1)
#689494500
16
02
#689500000
0)
#689550000
06
b101101001100 U
0P
1)
#689600000
0)
#689650000
b101101001101 U
1)
#689694600
b1011010011 S
17
12
b1011010011 \
#689700000
0)
#689750000
07
b101101001110 U
1P
1)
#689800000
0)
#689850000
b101101001111 U
1)
#689894700
16
02
#689900000
0)
#689950000
06
b101101010000 U
0P
1)
#690000000
0)
#690050000
b101101010001 U
1)
#690094800
b1011010100 S
17
12
b1011010100 \
#690100000
0)
#690150000
07
b101101010010 U
1P
1)
#690200000
0)
#690250000
b101101010011 U
1)
#690294900
16
02
#690300000
0)
#690350000
06
b101101010100 U
0P
1)
#690400000
0)
#690450000
b101101010101 U
1)
#690495000
b1011010101 S
17
12
b1011010101 \
#690500000
0)
#690550000
07
b101101010110 U
1P
1)
#690600000
0)
#690650000
b101101010111 U
1)
#690695100
16
02
#690700000
0)
#690750000
06
b101101011000 U
0P
1)
#690800000
0)
#690850000
b101101011001 U
1)
#690895200
b1011010110 S
17
12
b1011010110 \
#690900000
0)
#690950000
07
b101101011010 U
1P
1)
#691000000
0)
#691050000
b101101011011 U
1)
#691095300
16
02
#691100000
0)
#691150000
06
b101101011100 U
0P
1)
#691200000
0)
#691250000
b101101011101 U
1)
#691295400
b1011010111 S
17
12
b1011010111 \
#691300000
0)
#691350000
07
b101101011110 U
1P
1)
#691400000
0)
#691450000
b101101011111 U
1)
#691495500
16
02
#691500000
0)
#691550000
06
b101101100000 U
0P
1)
#691600000
0)
#691650000
b101101100001 U
1)
#691695600
b1011011000 S
17
12
b1011011000 \
#691700000
0)
#691750000
07
b101101100010 U
1P
1)
#691800000
0)
#691850000
b101101100011 U
1)
#691895700
16
02
#691900000
0)
#691950000
06
b101101100100 U
0P
1)
#692000000
0)
#692050000
b101101100101 U
1)
#692095800
b1011011001 S
17
12
b1011011001 \
#692100000
0)
#692150000
07
b101101100110 U
1P
1)
#692200000
0)
#692250000
b101101100111 U
1)
#692295900
16
02
#692300000
0)
#692350000
06
b101101101000 U
0P
1)
#692400000
0)
#692450000
b101101101001 U
1)
#692496000
b1011011010 S
17
12
b1011011010 \
#692500000
0)
#692550000
07
b101101101010 U
1P
1)
#692600000
0)
#692650000
b101101101011 U
1)
#692696100
16
02
#692700000
0)
#692750000
06
b101101101100 U
0P
1)
#692800000
0)
#692850000
b101101101101 U
1)
#692896200
b1011011011 S
17
12
b1011011011 \
#692900000
0)
#692950000
07
b101101101110 U
1P
1)
#693000000
0)
#693050000
b101101101111 U
1)
#693096300
16
02
#693100000
0)
#693150000
06
b101101110000 U
0P
1)
#693200000
0)
#693250000
b101101110001 U
1)
#693296400
b1011011100 S
17
12
b1011011100 \
#693300000
0)
#693350000
07
b101101110010 U
1P
1)
#693400000
0)
#693450000
b101101110011 U
1)
#693496500
16
02
#693500000
0)
#693550000
06
b101101110100 U
0P
1)
#693600000
0)
#693650000
b101101110101 U
1)
#693696600
b1011011101 S
17
12
b1011011101 \
#693700000
0)
#693750000
07
b101101110110 U
1P
1)
#693800000
0)
#693850000
b101101110111 U
1)
#693896700
16
02
#693900000
0)
#693950000
06
b101101111000 U
0P
1)
#694000000
0)
#694050000
b101101111001 U
1)
#694096800
b1011011110 S
17
12
b1011011110 \
#694100000
0)
#694150000
07
b101101111010 U
1P
1)
#694200000
0)
#694250000
b101101111011 U
1)
#694296900
16
02
#694300000
0)
#694350000
06
b101101111100 U
0P
1)
#694400000
0)
#694450000
b101101111101 U
1)
#694497000
b1011011111 S
17
12
b1011011111 \
#694500000
0)
#694550000
07
b101101111110 U
1P
1)
#694600000
0)
#694650000
b101101111111 U
1)
#694697100
16
02
#694700000
0)
#694750000
06
b101110000000 U
0P
1)
#694800000
0)
#694850000
b101110000001 U
1)
#694897200
b1011100000 S
17
12
b1011100000 \
#694900000
0)
#694950000
07
b101110000010 U
1P
1)
#695000000
0)
#695050000
b101110000011 U
1)
#695097300
16
02
#695100000
0)
#695150000
06
b101110000100 U
0P
1)
#695200000
0)
#695250000
b101110000101 U
1)
#695297400
b1011100001 S
17
12
b1011100001 \
#695300000
0)
#695350000
07
b101110000110 U
1P
1)
#695400000
0)
#695450000
b101110000111 U
1)
#695497500
16
02
#695500000
0)
#695550000
06
b101110001000 U
0P
1)
#695600000
0)
#695650000
b101110001001 U
1)
#695697600
b1011100010 S
17
12
b1011100010 \
#695700000
0)
#695750000
07
b101110001010 U
1P
1)
#695800000
0)
#695850000
b101110001011 U
1)
#695897700
16
02
#695900000
0)
#695950000
06
b101110001100 U
0P
1)
#696000000
0)
#696050000
b101110001101 U
1)
#696097800
b1011100011 S
17
12
b1011100011 \
#696100000
0)
#696150000
07
b101110001110 U
1P
1)
#696200000
0)
#696250000
b101110001111 U
1)
#696297900
16
02
#696300000
0)
#696350000
06
b101110010000 U
0P
1)
#696400000
0)
#696450000
b101110010001 U
1)
#696498000
b1011100100 S
17
12
b1011100100 \
#696500000
0)
#696550000
07
b101110010010 U
1P
1)
#696600000
0)
#696650000
b101110010011 U
1)
#696698100
16
02
#696700000
0)
#696750000
06
b101110010100 U
0P
1)
#696800000
0)
#696850000
b101110010101 U
1)
#696898200
b1011100101 S
17
12
b1011100101 \
#696900000
0)
#696950000
07
b101110010110 U
1P
1)
#697000000
0)
#697050000
b101110010111 U
1)
#697098300
16
02
#697100000
0)
#697150000
06
b101110011000 U
0P
1)
#697200000
0)
#697250000
b101110011001 U
1)
#697298400
b1011100110 S
17
12
b1011100110 \
#697300000
0)
#697350000
07
b101110011010 U
1P
1)
#697400000
0)
#697450000
b101110011011 U
1)
#697498500
16
02
#697500000
0)
#697550000
06
b101110011100 U
0P
1)
#697600000
0)
#697650000
b101110011101 U
1)
#697698600
b1011100111 S
17
12
b1011100111 \
#697700000
0)
#697750000
07
b101110011110 U
1P
1)
#697800000
0)
#697850000
b101110011111 U
1)
#697898700
16
02
#697900000
0)
#697950000
06
b101110100000 U
0P
1)
#698000000
0)
#698050000
b101110100001 U
1)
#698098800
b1011101000 S
17
12
b1011101000 \
#698100000
0)
#698150000
07
b101110100010 U
1P
1)
#698200000
0)
#698250000
b101110100011 U
1)
#698298900
16
02
#698300000
0)
#698350000
06
b101110100100 U
0P
1)
#698400000
0)
#698450000
b101110100101 U
1)
#698499000
b1011101001 S
17
12
b1011101001 \
#698500000
0)
#698550000
07
b101110100110 U
1P
1)
#698600000
0)
#698650000
b101110100111 U
1)
#698699100
16
02
#698700000
0)
#698750000
06
b101110101000 U
0P
1)
#698800000
0)
#698850000
b101110101001 U
1)
#698899200
b1011101010 S
17
12
b1011101010 \
#698900000
0)
#698950000
07
b101110101010 U
1P
1)
#699000000
0)
#699050000
b101110101011 U
1)
#699099300
16
02
#699100000
0)
#699150000
06
b101110101100 U
0P
1)
#699200000
0)
#699250000
b101110101101 U
1)
#699299400
b1011101011 S
17
12
b1011101011 \
#699300000
0)
#699350000
07
b101110101110 U
1P
1)
#699400000
0)
#699450000
b101110101111 U
1)
#699499500
16
02
#699500000
0)
#699550000
06
b101110110000 U
0P
1)
#699600000
0)
#699650000
b101110110001 U
1)
#699699600
b1011101100 S
17
12
b1011101100 \
#699700000
0)
#699750000
07
b101110110010 U
1P
1)
#699800000
0)
#699850000
b101110110011 U
1)
#699899700
16
02
#699900000
0)
#699950000
06
b101110110100 U
0P
1)
#700000000
0)
#700050000
b101110110101 U
1)
#700099800
b1011101101 S
17
12
b1011101101 \
#700100000
0)
#700150000
07
b101110110110 U
1P
1)
#700200000
0)
#700250000
b101110110111 U
1)
#700299900
16
02
#700300000
0)
#700350000
06
b101110111000 U
0P
1)
#700400000
0)
#700450000
b101110111001 U
1)
#700500000
b1011101110 S
17
0)
12
b1011101110 \
#700550000
07
b101110111010 U
1P
1)
#700600000
0)
#700650000
b101110111011 U
1)
#700700000
0)
#700700100
16
02
#700750000
06
b101110111100 U
0P
1)
#700800000
0)
#700850000
b101110111101 U
1)
#700900000
0)
#700900200
b1011101111 S
17
12
b1011101111 \
#700950000
07
b101110111110 U
1P
1)
#701000000
0)
#701050000
b101110111111 U
1)
#701100000
0)
#701100300
16
02
#701150000
06
b101111000000 U
0P
1)
#701200000
0)
#701250000
b101111000001 U
1)
#701300000
0)
#701300400
b1011110000 S
17
12
b1011110000 \
#701350000
07
b101111000010 U
1P
1)
#701400000
0)
#701450000
b101111000011 U
1)
#701500000
0)
#701500500
16
02
#701550000
06
b101111000100 U
0P
1)
#701600000
0)
#701650000
b101111000101 U
1)
#701700000
0)
#701700600
b1011110001 S
17
12
b1011110001 \
#701750000
07
b101111000110 U
1P
1)
#701800000
0)
#701850000
b101111000111 U
1)
#701900000
0)
#701900700
16
02
#701950000
06
b101111001000 U
0P
1)
#702000000
0)
#702050000
b101111001001 U
1)
#702100000
0)
#702100800
b1011110010 S
17
12
b1011110010 \
#702150000
07
b101111001010 U
1P
1)
#702200000
0)
#702250000
b101111001011 U
1)
#702300000
0)
#702300900
16
02
#702350000
06
b101111001100 U
0P
1)
#702400000
0)
#702450000
b101111001101 U
1)
#702500000
0)
#702501000
b1011110011 S
17
12
b1011110011 \
#702550000
07
b101111001110 U
1P
1)
#702600000
0)
#702650000
b101111001111 U
1)
#702700000
0)
#702701100
16
02
#702750000
06
b101111010000 U
0P
1)
#702800000
0)
#702850000
b101111010001 U
1)
#702900000
0)
#702901200
b1011110100 S
17
12
b1011110100 \
#702950000
07
b101111010010 U
1P
1)
#703000000
0)
#703050000
b101111010011 U
1)
#703100000
0)
#703101300
16
02
#703150000
06
b101111010100 U
0P
1)
#703200000
0)
#703250000
b101111010101 U
1)
#703300000
0)
#703301400
b1011110101 S
17
12
b1011110101 \
#703350000
07
b101111010110 U
1P
1)
#703400000
0)
#703450000
b101111010111 U
1)
#703500000
0)
#703501500
16
02
#703550000
06
b101111011000 U
0P
1)
#703600000
0)
#703650000
b101111011001 U
1)
#703700000
0)
#703701600
b1011110110 S
17
12
b1011110110 \
#703750000
07
b101111011010 U
1P
1)
#703800000
0)
#703850000
b101111011011 U
1)
#703900000
0)
#703901700
16
02
#703950000
06
b101111011100 U
0P
1)
#704000000
0)
#704050000
b101111011101 U
1)
#704100000
0)
#704101800
b1011110111 S
17
12
b1011110111 \
#704150000
07
b101111011110 U
1P
1)
#704200000
0)
#704250000
b101111011111 U
1)
#704300000
0)
#704301900
16
02
#704350000
06
b101111100000 U
0P
1)
#704400000
0)
#704450000
b101111100001 U
1)
#704500000
0)
#704502000
b1011111000 S
17
12
b1011111000 \
#704550000
07
b101111100010 U
1P
1)
#704600000
0)
#704650000
b101111100011 U
1)
#704700000
0)
#704702100
16
02
#704750000
06
b101111100100 U
0P
1)
#704800000
0)
#704850000
b101111100101 U
1)
#704900000
0)
#704902200
b1011111001 S
17
12
b1011111001 \
#704950000
07
b101111100110 U
1P
1)
#705000000
0)
#705050000
b101111100111 U
1)
#705100000
0)
#705102300
16
02
#705150000
06
b101111101000 U
0P
1)
#705200000
0)
#705250000
b101111101001 U
1)
#705300000
0)
#705302400
b1011111010 S
17
12
b1011111010 \
#705350000
07
b101111101010 U
1P
1)
#705400000
0)
#705450000
b101111101011 U
1)
#705500000
0)
#705502500
16
02
#705550000
06
b101111101100 U
0P
1)
#705600000
0)
#705650000
b101111101101 U
1)
#705700000
0)
#705702600
b1011111011 S
17
12
b1011111011 \
#705750000
07
b101111101110 U
1P
1)
#705800000
0)
#705850000
b101111101111 U
1)
#705900000
0)
#705902700
16
02
#705950000
06
b101111110000 U
0P
1)
#706000000
0)
#706050000
b101111110001 U
1)
#706100000
0)
#706102800
b1011111100 S
17
12
b1011111100 \
#706150000
07
b101111110010 U
1P
1)
#706200000
0)
#706250000
b101111110011 U
1)
#706300000
0)
#706302900
16
02
#706350000
06
b101111110100 U
0P
1)
#706400000
0)
#706450000
b101111110101 U
1)
#706500000
0)
#706503000
b1011111101 S
17
12
b1011111101 \
#706550000
07
b101111110110 U
1P
1)
#706600000
0)
#706650000
b101111110111 U
1)
#706700000
0)
#706703100
16
02
#706750000
06
b101111111000 U
0P
1)
#706800000
0)
#706850000
b101111111001 U
1)
#706900000
0)
#706903200
b1011111110 S
17
12
b1011111110 \
#706950000
07
b101111111010 U
1P
1)
#707000000
0)
#707050000
b101111111011 U
1)
#707100000
0)
#707103300
16
02
#707150000
06
b101111111100 U
0P
1)
#707200000
0)
#707250000
b101111111101 U
1)
#707300000
0)
#707303400
b1011111111 S
17
12
b1011111111 \
#707350000
07
b101111111110 U
1P
1)
#707400000
0)
#707450000
b101111111111 U
1)
#707500000
0)
#707503500
16
02
#707550000
06
b110000000000 U
0P
1)
#707600000
0)
#707650000
b110000000001 U
1)
#707700000
0)
#707703600
b1100000000 S
17
12
b1100000000 \
#707750000
07
b110000000010 U
1P
1)
#707800000
0)
#707850000
b110000000011 U
1)
#707900000
0)
#707903700
16
02
#707950000
06
b110000000100 U
0P
1)
#708000000
0)
#708050000
b110000000101 U
1)
#708100000
0)
#708103800
b1100000001 S
17
12
b1100000001 \
#708150000
07
b110000000110 U
1P
1)
#708200000
0)
#708250000
b110000000111 U
1)
#708300000
0)
#708303900
16
02
#708350000
06
b110000001000 U
0P
1)
#708400000
0)
#708450000
b110000001001 U
1)
#708500000
0)
#708504000
b1100000010 S
17
12
b1100000010 \
#708550000
07
b110000001010 U
1P
1)
#708600000
0)
#708650000
b110000001011 U
1)
#708700000
0)
#708704100
16
02
#708750000
06
b110000001100 U
0P
1)
#708800000
0)
#708850000
b110000001101 U
1)
#708900000
0)
#708904200
b1100000011 S
17
12
b1100000011 \
#708950000
07
b110000001110 U
1P
1)
#709000000
0)
#709050000
b110000001111 U
1)
#709100000
0)
#709104300
16
02
#709150000
06
b110000010000 U
0P
1)
#709200000
0)
#709250000
b110000010001 U
1)
#709300000
0)
#709304400
b1100000100 S
17
12
b1100000100 \
#709350000
07
b110000010010 U
1P
1)
#709400000
0)
#709450000
b110000010011 U
1)
#709500000
0)
#709504500
16
02
#709550000
06
b110000010100 U
0P
1)
#709600000
0)
#709650000
b110000010101 U
1)
#709700000
0)
#709704600
b1100000101 S
17
12
b1100000101 \
#709750000
07
b110000010110 U
1P
1)
#709800000
0)
#709850000
b110000010111 U
1)
#709900000
0)
#709904700
16
02
#709950000
06
b110000011000 U
0P
1)
#710000000
0)
#710050000
b110000011001 U
1)
#710100000
0)
#710104800
b1100000110 S
17
12
b1100000110 \
#710150000
07
b110000011010 U
1P
1)
#710200000
0)
#710250000
b110000011011 U
1)
#710300000
0)
#710304900
16
02
#710350000
06
b110000011100 U
0P
1)
#710400000
0)
#710450000
b110000011101 U
1)
#710500000
0)
#710505000
b1100000111 S
17
12
b1100000111 \
#710550000
07
b110000011110 U
1P
1)
#710600000
0)
#710650000
b110000011111 U
1)
#710700000
0)
#710705100
16
02
#710750000
06
b110000100000 U
0P
1)
#710800000
0)
#710850000
b110000100001 U
1)
#710900000
0)
#710905200
b1100001000 S
17
12
b1100001000 \
#710950000
07
b110000100010 U
1P
1)
#711000000
0)
#711050000
b110000100011 U
1)
#711100000
0)
#711105300
16
02
#711150000
06
b110000100100 U
0P
1)
#711200000
0)
#711250000
b110000100101 U
1)
#711300000
0)
#711305400
b1100001001 S
17
12
b1100001001 \
#711350000
07
b110000100110 U
1P
1)
#711400000
0)
#711450000
b110000100111 U
1)
#711500000
0)
#711505500
16
02
#711550000
06
b110000101000 U
0P
1)
#711600000
0)
#711650000
b110000101001 U
1)
#711700000
0)
#711705600
b1100001010 S
17
12
b1100001010 \
#711750000
07
b110000101010 U
1P
1)
#711800000
0)
#711850000
b110000101011 U
1)
#711900000
0)
#711905700
16
02
#711950000
06
b110000101100 U
0P
1)
#712000000
0)
#712050000
b110000101101 U
1)
#712100000
0)
#712105800
b1100001011 S
17
12
b1100001011 \
#712150000
07
b110000101110 U
1P
1)
#712200000
0)
#712250000
b110000101111 U
1)
#712300000
0)
#712305900
16
02
#712350000
06
b110000110000 U
0P
1)
#712400000
0)
#712450000
b110000110001 U
1)
#712500000
0)
#712506000
b1100001100 S
17
12
b1100001100 \
#712550000
07
b110000110010 U
1P
1)
#712600000
0)
#712650000
b110000110011 U
1)
#712700000
0)
#712706100
16
02
#712750000
06
b110000110100 U
0P
1)
#712800000
0)
#712850000
b110000110101 U
1)
#712900000
0)
#712906200
b1100001101 S
17
12
b1100001101 \
#712950000
07
b110000110110 U
1P
1)
#713000000
0)
#713050000
b110000110111 U
1)
#713100000
0)
#713106300
16
02
#713150000
06
b110000111000 U
0P
1)
#713200000
0)
#713250000
b110000111001 U
1)
#713300000
0)
#713306400
b1100001110 S
17
12
b1100001110 \
#713350000
07
b110000111010 U
1P
1)
#713400000
0)
#713450000
b110000111011 U
1)
#713500000
0)
#713506500
16
02
#713550000
06
b110000111100 U
0P
1)
#713600000
0)
#713650000
b110000111101 U
1)
#713700000
0)
#713706600
b1100001111 S
17
12
b1100001111 \
#713750000
07
b110000111110 U
1P
1)
#713800000
0)
#713850000
b110000111111 U
1)
#713900000
0)
#713906700
16
02
#713950000
06
b110001000000 U
0P
1)
#714000000
0)
#714050000
b110001000001 U
1)
#714100000
0)
#714106800
b1100010000 S
17
12
b1100010000 \
#714150000
07
b110001000010 U
1P
1)
#714200000
0)
#714250000
b110001000011 U
1)
#714300000
0)
#714306900
16
02
#714350000
06
b110001000100 U
0P
1)
#714400000
0)
#714450000
b110001000101 U
1)
#714500000
0)
#714507000
b1100010001 S
17
12
b1100010001 \
#714550000
07
b110001000110 U
1P
1)
#714600000
0)
#714650000
b110001000111 U
1)
#714700000
0)
#714707100
16
02
#714750000
06
b110001001000 U
0P
1)
#714800000
0)
#714850000
b110001001001 U
1)
#714900000
0)
#714907200
b1100010010 S
17
12
b1100010010 \
#714950000
07
b110001001010 U
1P
1)
#715000000
0)
#715050000
b110001001011 U
1)
#715100000
0)
#715107300
16
02
#715150000
06
b110001001100 U
0P
1)
#715200000
0)
#715250000
b110001001101 U
1)
#715300000
0)
#715307400
b1100010011 S
17
12
b1100010011 \
#715350000
07
b110001001110 U
1P
1)
#715400000
0)
#715450000
b110001001111 U
1)
#715500000
0)
#715507500
16
02
#715550000
06
b110001010000 U
0P
1)
#715600000
0)
#715650000
b110001010001 U
1)
#715700000
0)
#715707600
b1100010100 S
17
12
b1100010100 \
#715750000
07
b110001010010 U
1P
1)
#715800000
0)
#715850000
b110001010011 U
1)
#715900000
0)
#715907700
16
02
#715950000
06
b110001010100 U
0P
1)
#716000000
0)
#716050000
b110001010101 U
1)
#716100000
0)
#716107800
b1100010101 S
17
12
b1100010101 \
#716150000
07
b110001010110 U
1P
1)
#716200000
0)
#716250000
b110001010111 U
1)
#716300000
0)
#716307900
16
02
#716350000
06
b110001011000 U
0P
1)
#716400000
0)
#716450000
b110001011001 U
1)
#716500000
0)
#716508000
b1100010110 S
17
12
b1100010110 \
#716550000
07
b110001011010 U
1P
1)
#716600000
0)
#716650000
b110001011011 U
1)
#716700000
0)
#716708100
16
02
#716750000
06
b110001011100 U
0P
1)
#716800000
0)
#716850000
b110001011101 U
1)
#716900000
0)
#716908200
b1100010111 S
17
12
b1100010111 \
#716950000
07
b110001011110 U
1P
1)
#717000000
0)
#717050000
b110001011111 U
1)
#717100000
0)
#717108300
16
02
#717150000
06
b110001100000 U
0P
1)
#717200000
0)
#717250000
b110001100001 U
1)
#717300000
0)
#717308400
b1100011000 S
17
12
b1100011000 \
#717350000
07
b110001100010 U
1P
1)
#717400000
0)
#717450000
b110001100011 U
1)
#717500000
0)
#717508500
16
02
#717550000
06
b110001100100 U
0P
1)
#717600000
0)
#717650000
b110001100101 U
1)
#717700000
0)
#717708600
b1100011001 S
17
12
b1100011001 \
#717750000
07
b110001100110 U
1P
1)
#717800000
0)
#717850000
b110001100111 U
1)
#717900000
0)
#717908700
16
02
#717950000
06
b110001101000 U
0P
1)
#718000000
0)
#718050000
b110001101001 U
1)
#718100000
0)
#718108800
b1100011010 S
17
12
b1100011010 \
#718150000
07
b110001101010 U
1P
1)
#718200000
0)
#718250000
b110001101011 U
1)
#718300000
0)
#718308900
16
02
#718350000
06
b110001101100 U
0P
1)
#718400000
0)
#718450000
b110001101101 U
1)
#718500000
0)
#718509000
b1100011011 S
17
12
b1100011011 \
#718550000
07
b110001101110 U
1P
1)
#718600000
0)
#718650000
b110001101111 U
1)
#718700000
0)
#718709100
16
02
#718750000
06
b110001110000 U
0P
1)
#718800000
0)
#718850000
b110001110001 U
1)
#718900000
0)
#718909200
b1100011100 S
17
12
b1100011100 \
#718950000
07
b110001110010 U
1P
1)
#719000000
0)
#719050000
b110001110011 U
1)
#719100000
0)
#719109300
16
02
#719150000
06
b110001110100 U
0P
1)
#719200000
0)
#719250000
b110001110101 U
1)
#719300000
0)
#719309400
b1100011101 S
17
12
b1100011101 \
#719350000
07
b110001110110 U
1P
1)
#719400000
0)
#719450000
b110001110111 U
1)
#719500000
0)
#719509500
16
02
#719550000
06
b110001111000 U
0P
1)
#719600000
0)
#719650000
b110001111001 U
1)
#719700000
0)
#719709600
b1100011110 S
17
12
b1100011110 \
#719750000
07
b110001111010 U
1P
1)
#719800000
0)
#719850000
b110001111011 U
1)
#719900000
0)
#719909700
16
02
#719950000
06
b110001111100 U
0P
1)
#720000000
0)
#720050000
b110001111101 U
1)
#720100000
0)
#720109800
b1100011111 S
17
12
b1100011111 \
#720150000
07
b110001111110 U
1P
1)
#720200000
0)
#720250000
b110001111111 U
1)
#720300000
0)
#720309900
16
02
#720350000
06
b110010000000 U
0P
1)
#720400000
0)
#720450000
b110010000001 U
1)
#720500000
0)
#720510000
b1100100000 S
17
12
b1100100000 \
#720550000
07
b110010000010 U
1P
1)
#720600000
0)
#720650000
b110010000011 U
1)
#720700000
0)
#720710100
16
02
#720750000
06
b110010000100 U
0P
1)
#720800000
0)
#720850000
b110010000101 U
1)
#720900000
0)
#720910200
b1100100001 S
17
12
b1100100001 \
#720950000
07
b110010000110 U
1P
1)
#721000000
0)
#721050000
b110010000111 U
1)
#721100000
0)
#721110300
16
02
#721150000
06
b110010001000 U
0P
1)
#721200000
0)
#721250000
b110010001001 U
1)
#721300000
0)
#721310400
b1100100010 S
17
12
b1100100010 \
#721350000
07
b110010001010 U
1P
1)
#721400000
0)
#721450000
b110010001011 U
1)
#721500000
0)
#721510500
16
02
#721550000
06
b110010001100 U
0P
1)
#721600000
0)
#721650000
b110010001101 U
1)
#721700000
0)
#721710600
b1100100011 S
17
12
b1100100011 \
#721750000
07
b110010001110 U
1P
1)
#721800000
0)
#721850000
b110010001111 U
1)
#721900000
0)
#721910700
16
02
#721950000
06
b110010010000 U
0P
1)
#722000000
0)
#722050000
b110010010001 U
1)
#722100000
0)
#722110800
b1100100100 S
17
12
b1100100100 \
#722150000
07
b110010010010 U
1P
1)
#722200000
0)
#722250000
b110010010011 U
1)
#722300000
0)
#722310900
16
02
#722350000
06
b110010010100 U
0P
1)
#722400000
0)
#722450000
b110010010101 U
1)
#722500000
0)
#722511000
b1100100101 S
17
12
b1100100101 \
#722550000
07
b110010010110 U
1P
1)
#722600000
0)
#722650000
b110010010111 U
1)
#722700000
0)
#722711100
16
02
#722750000
06
b110010011000 U
0P
1)
#722800000
0)
#722850000
b110010011001 U
1)
#722900000
0)
#722911200
b1100100110 S
17
12
b1100100110 \
#722950000
07
b110010011010 U
1P
1)
#723000000
0)
#723050000
b110010011011 U
1)
#723100000
0)
#723111300
16
02
#723150000
06
b110010011100 U
0P
1)
#723200000
0)
#723250000
b110010011101 U
1)
#723300000
0)
#723311400
b1100100111 S
17
12
b1100100111 \
#723350000
07
b110010011110 U
1P
1)
#723400000
0)
#723450000
b110010011111 U
1)
#723500000
0)
#723511500
16
02
#723550000
06
b110010100000 U
0P
1)
#723600000
0)
#723650000
b110010100001 U
1)
#723700000
0)
#723711600
b1100101000 S
17
12
b1100101000 \
#723750000
07
b110010100010 U
1P
1)
#723800000
0)
#723850000
b110010100011 U
1)
#723900000
0)
#723911700
16
02
#723950000
06
b110010100100 U
0P
1)
#724000000
0)
#724050000
b110010100101 U
1)
#724100000
0)
#724111800
b1100101001 S
17
12
b1100101001 \
#724150000
07
b110010100110 U
1P
1)
#724200000
0)
#724250000
b110010100111 U
1)
#724300000
0)
#724311900
16
02
#724350000
06
b110010101000 U
0P
1)
#724400000
0)
#724450000
b110010101001 U
1)
#724500000
0)
#724512000
b1100101010 S
17
12
b1100101010 \
#724550000
07
b110010101010 U
1P
1)
#724600000
0)
#724650000
b110010101011 U
1)
#724700000
0)
#724712100
16
02
#724750000
06
b110010101100 U
0P
1)
#724800000
0)
#724850000
b110010101101 U
1)
#724900000
0)
#724912200
b1100101011 S
17
12
b1100101011 \
#724950000
07
b110010101110 U
1P
1)
#725000000
0)
#725050000
b110010101111 U
1)
#725100000
0)
#725112300
16
02
#725150000
06
b110010110000 U
0P
1)
#725200000
0)
#725250000
b110010110001 U
1)
#725300000
0)
#725312400
b1100101100 S
17
12
b1100101100 \
#725350000
07
b110010110010 U
1P
1)
#725400000
0)
#725450000
b110010110011 U
1)
#725500000
0)
#725512500
16
02
#725550000
06
b110010110100 U
0P
1)
#725600000
0)
#725650000
b110010110101 U
1)
#725700000
0)
#725712600
b1100101101 S
17
12
b1100101101 \
#725750000
07
b110010110110 U
1P
1)
#725800000
0)
#725850000
b110010110111 U
1)
#725900000
0)
#725912700
16
02
#725950000
06
b110010111000 U
0P
1)
#726000000
0)
#726050000
b110010111001 U
1)
#726100000
0)
#726112800
b1100101110 S
17
12
b1100101110 \
#726150000
07
b110010111010 U
1P
1)
#726200000
0)
#726250000
b110010111011 U
1)
#726300000
0)
#726312900
16
02
#726350000
06
b110010111100 U
0P
1)
#726400000
0)
#726450000
b110010111101 U
1)
#726500000
0)
#726513000
b1100101111 S
17
12
b1100101111 \
#726550000
07
b110010111110 U
1P
1)
#726600000
0)
#726650000
b110010111111 U
1)
#726700000
0)
#726713100
16
02
#726750000
06
b110011000000 U
0P
1)
#726800000
0)
#726850000
b110011000001 U
1)
#726900000
0)
#726913200
b1100110000 S
17
12
b1100110000 \
#726950000
07
b110011000010 U
1P
1)
#727000000
0)
#727050000
b110011000011 U
1)
#727100000
0)
#727113300
16
02
#727150000
06
b110011000100 U
0P
1)
#727200000
0)
#727250000
b110011000101 U
1)
#727300000
0)
#727313400
b1100110001 S
17
12
b1100110001 \
#727350000
07
b110011000110 U
1P
1)
#727400000
0)
#727450000
b110011000111 U
1)
#727500000
0)
#727513500
16
02
#727550000
06
b110011001000 U
0P
1)
#727600000
0)
#727650000
b110011001001 U
1)
#727700000
0)
#727713600
b1100110010 S
17
12
b1100110010 \
#727750000
07
b110011001010 U
1P
1)
#727800000
0)
#727850000
b110011001011 U
1)
#727900000
0)
#727913700
16
02
#727950000
06
b110011001100 U
0P
1)
#728000000
0)
#728050000
b110011001101 U
1)
#728100000
0)
#728113800
b1100110011 S
17
12
b1100110011 \
#728150000
07
b110011001110 U
1P
1)
#728200000
0)
#728250000
b110011001111 U
1)
#728300000
0)
#728313900
16
02
#728350000
06
b110011010000 U
0P
1)
#728400000
0)
#728450000
b110011010001 U
1)
#728500000
0)
#728514000
b1100110100 S
17
12
b1100110100 \
#728550000
07
b110011010010 U
1P
1)
#728600000
0)
#728650000
b110011010011 U
1)
#728700000
0)
#728714100
16
02
#728750000
06
b110011010100 U
0P
1)
#728800000
0)
#728850000
b110011010101 U
1)
#728900000
0)
#728914200
b1100110101 S
17
12
b1100110101 \
#728950000
07
b110011010110 U
1P
1)
#729000000
0)
#729050000
b110011010111 U
1)
#729100000
0)
#729114300
16
02
#729150000
06
b110011011000 U
0P
1)
#729200000
0)
#729250000
b110011011001 U
1)
#729300000
0)
#729314400
b1100110110 S
17
12
b1100110110 \
#729350000
07
b110011011010 U
1P
1)
#729400000
0)
#729450000
b110011011011 U
1)
#729500000
0)
#729514500
16
02
#729550000
06
b110011011100 U
0P
1)
#729600000
0)
#729650000
b110011011101 U
1)
#729700000
0)
#729714600
b1100110111 S
17
12
b1100110111 \
#729750000
07
b110011011110 U
1P
1)
#729800000
0)
#729850000
b110011011111 U
1)
#729900000
0)
#729914700
16
02
#729950000
06
b110011100000 U
0P
1)
#730000000
0)
#730050000
b110011100001 U
1)
#730100000
0)
#730114800
b1100111000 S
17
12
b1100111000 \
#730150000
07
b110011100010 U
1P
1)
#730200000
0)
#730250000
b110011100011 U
1)
#730300000
0)
#730314900
16
02
#730350000
06
b110011100100 U
0P
1)
#730400000
0)
#730450000
b110011100101 U
1)
#730500000
0)
#730515000
b1100111001 S
17
12
b1100111001 \
#730550000
07
b110011100110 U
1P
1)
#730600000
0)
#730650000
b110011100111 U
1)
#730700000
0)
#730715100
16
02
#730750000
06
b110011101000 U
0P
1)
#730800000
0)
#730850000
b110011101001 U
1)
#730900000
0)
#730915200
b1100111010 S
17
12
b1100111010 \
#730950000
07
b110011101010 U
1P
1)
#731000000
0)
#731050000
b110011101011 U
1)
#731100000
0)
#731115300
16
02
#731150000
06
b110011101100 U
0P
1)
#731200000
0)
#731250000
b110011101101 U
1)
#731300000
0)
#731315400
b1100111011 S
17
12
b1100111011 \
#731350000
07
b110011101110 U
1P
1)
#731400000
0)
#731450000
b110011101111 U
1)
#731500000
0)
#731515500
16
02
#731550000
06
b110011110000 U
0P
1)
#731600000
0)
#731650000
b110011110001 U
1)
#731700000
0)
#731715600
b1100111100 S
17
12
b1100111100 \
#731750000
07
b110011110010 U
1P
1)
#731800000
0)
#731850000
b110011110011 U
1)
#731900000
0)
#731915700
16
02
#731950000
06
b110011110100 U
0P
1)
#732000000
0)
#732050000
b110011110101 U
1)
#732100000
0)
#732115800
b1100111101 S
17
12
b1100111101 \
#732150000
07
b110011110110 U
1P
1)
#732200000
0)
#732250000
b110011110111 U
1)
#732300000
0)
#732315900
16
02
#732350000
06
b110011111000 U
0P
1)
#732400000
0)
#732450000
b110011111001 U
1)
#732500000
0)
#732516000
b1100111110 S
17
12
b1100111110 \
#732550000
07
b110011111010 U
1P
1)
#732600000
0)
#732650000
b110011111011 U
1)
#732700000
0)
#732716100
16
02
#732750000
06
b110011111100 U
0P
1)
#732800000
0)
#732850000
b110011111101 U
1)
#732900000
0)
#732916200
b1100111111 S
17
12
b1100111111 \
#732950000
07
b110011111110 U
1P
1)
#733000000
0)
#733050000
b110011111111 U
1)
#733100000
0)
#733116300
16
02
#733150000
06
b110100000000 U
0P
1)
#733200000
0)
#733250000
b110100000001 U
1)
#733300000
0)
#733316400
b1101000000 S
17
12
b1101000000 \
#733350000
07
b110100000010 U
1P
1)
#733400000
0)
#733450000
b110100000011 U
1)
#733500000
0)
#733516500
16
02
#733550000
06
b110100000100 U
0P
1)
#733600000
0)
#733650000
b110100000101 U
1)
#733700000
0)
#733716600
b1101000001 S
17
12
b1101000001 \
#733750000
07
b110100000110 U
1P
1)
#733800000
0)
#733850000
b110100000111 U
1)
#733900000
0)
#733916700
16
02
#733950000
06
b110100001000 U
0P
1)
#734000000
0)
#734050000
b110100001001 U
1)
#734100000
0)
#734116800
b1101000010 S
17
12
b1101000010 \
#734150000
07
b110100001010 U
1P
1)
#734200000
0)
#734250000
b110100001011 U
1)
#734300000
0)
#734316900
16
02
#734350000
06
b110100001100 U
0P
1)
#734400000
0)
#734450000
b110100001101 U
1)
#734500000
0)
#734517000
b1101000011 S
17
12
b1101000011 \
#734550000
07
b110100001110 U
1P
1)
#734600000
0)
#734650000
b110100001111 U
1)
#734700000
0)
#734717100
16
02
#734750000
06
b110100010000 U
0P
1)
#734800000
0)
#734850000
b110100010001 U
1)
#734900000
0)
#734917200
b1101000100 S
17
12
b1101000100 \
#734950000
07
b110100010010 U
1P
1)
#735000000
0)
#735050000
b110100010011 U
1)
#735100000
0)
#735117300
16
02
#735150000
06
b110100010100 U
0P
1)
#735200000
0)
#735250000
b110100010101 U
1)
#735300000
0)
#735317400
b1101000101 S
17
12
b1101000101 \
#735350000
07
b110100010110 U
1P
1)
#735400000
0)
#735450000
b110100010111 U
1)
#735500000
0)
#735517500
16
02
#735550000
06
b110100011000 U
0P
1)
#735600000
0)
#735650000
b110100011001 U
1)
#735700000
0)
#735717600
b1101000110 S
17
12
b1101000110 \
#735750000
07
b110100011010 U
1P
1)
#735800000
0)
#735850000
b110100011011 U
1)
#735900000
0)
#735917700
16
02
#735950000
06
b110100011100 U
0P
1)
#736000000
0)
#736050000
b110100011101 U
1)
#736100000
0)
#736117800
b1101000111 S
17
12
b1101000111 \
#736150000
07
b110100011110 U
1P
1)
#736200000
0)
#736250000
b110100011111 U
1)
#736300000
0)
#736317900
16
02
#736350000
06
b110100100000 U
0P
1)
#736400000
0)
#736450000
b110100100001 U
1)
#736500000
0)
#736518000
b1101001000 S
17
12
b1101001000 \
#736550000
07
b110100100010 U
1P
1)
#736600000
0)
#736650000
b110100100011 U
1)
#736700000
0)
#736718100
16
02
#736750000
06
b110100100100 U
0P
1)
#736800000
0)
#736850000
b110100100101 U
1)
#736900000
0)
#736918200
b1101001001 S
17
12
b1101001001 \
#736950000
07
b110100100110 U
1P
1)
#737000000
0)
#737050000
b110100100111 U
1)
#737100000
0)
#737118300
16
02
#737150000
06
b110100101000 U
0P
1)
#737200000
0)
#737250000
b110100101001 U
1)
#737300000
0)
#737318400
b1101001010 S
17
12
b1101001010 \
#737350000
07
b110100101010 U
1P
1)
#737400000
0)
#737450000
b110100101011 U
1)
#737500000
0)
#737518500
16
02
#737550000
06
b110100101100 U
0P
1)
#737600000
0)
#737650000
b110100101101 U
1)
#737700000
0)
#737718600
b1101001011 S
17
12
b1101001011 \
#737750000
07
b110100101110 U
1P
1)
#737800000
0)
#737850000
b110100101111 U
1)
#737900000
0)
#737918700
16
02
#737950000
06
b110100110000 U
0P
1)
#738000000
0)
#738050000
b110100110001 U
1)
#738100000
0)
#738118800
b1101001100 S
17
12
b1101001100 \
#738150000
07
b110100110010 U
1P
1)
#738200000
0)
#738250000
b110100110011 U
1)
#738300000
0)
#738318900
16
02
#738350000
06
b110100110100 U
0P
1)
#738400000
0)
#738450000
b110100110101 U
1)
#738500000
0)
#738519000
b1101001101 S
17
12
b1101001101 \
#738550000
07
b110100110110 U
1P
1)
#738600000
0)
#738650000
b110100110111 U
1)
#738700000
0)
#738719100
16
02
#738750000
06
b110100111000 U
0P
1)
#738800000
0)
#738850000
b110100111001 U
1)
#738900000
0)
#738919200
b1101001110 S
17
12
b1101001110 \
#738950000
07
b110100111010 U
1P
1)
#739000000
0)
#739050000
b110100111011 U
1)
#739100000
0)
#739119300
16
02
#739150000
06
b110100111100 U
0P
1)
#739200000
0)
#739250000
b110100111101 U
1)
#739300000
0)
#739319400
b1101001111 S
17
12
b1101001111 \
#739350000
07
b110100111110 U
1P
1)
#739400000
0)
#739450000
b110100111111 U
1)
#739500000
0)
#739519500
16
02
#739550000
06
b110101000000 U
0P
1)
#739600000
0)
#739650000
b110101000001 U
1)
#739700000
0)
#739719600
b1101010000 S
17
12
b1101010000 \
#739750000
07
b110101000010 U
1P
1)
#739800000
0)
#739850000
b110101000011 U
1)
#739900000
0)
#739919700
16
02
#739950000
06
b110101000100 U
0P
1)
#740000000
0)
#740050000
b110101000101 U
1)
#740100000
0)
#740119800
b1101010001 S
17
12
b1101010001 \
#740150000
07
b110101000110 U
1P
1)
#740200000
0)
#740250000
b110101000111 U
1)
#740300000
0)
#740319900
16
02
#740350000
06
b110101001000 U
0P
1)
#740400000
0)
#740450000
b110101001001 U
1)
#740500000
0)
#740520000
b1101010010 S
17
12
b1101010010 \
#740550000
07
b110101001010 U
1P
1)
#740600000
0)
#740650000
b110101001011 U
1)
#740700000
0)
#740720100
16
02
#740750000
06
b110101001100 U
0P
1)
#740800000
0)
#740850000
b110101001101 U
1)
#740900000
0)
#740920200
b1101010011 S
17
12
b1101010011 \
#740950000
07
b110101001110 U
1P
1)
#741000000
0)
#741050000
b110101001111 U
1)
#741100000
0)
#741120300
16
02
#741150000
06
b110101010000 U
0P
1)
#741200000
0)
#741250000
b110101010001 U
1)
#741300000
0)
#741320400
b1101010100 S
17
12
b1101010100 \
#741350000
07
b110101010010 U
1P
1)
#741400000
0)
#741450000
b110101010011 U
1)
#741500000
0)
#741520500
16
02
#741550000
06
b110101010100 U
0P
1)
#741600000
0)
#741650000
b110101010101 U
1)
#741700000
0)
#741720600
b1101010101 S
17
12
b1101010101 \
#741750000
07
b110101010110 U
1P
1)
#741800000
0)
#741850000
b110101010111 U
1)
#741900000
0)
#741920700
16
02
#741950000
06
b110101011000 U
0P
1)
#742000000
0)
#742050000
b110101011001 U
1)
#742100000
0)
#742120800
b1101010110 S
17
12
b1101010110 \
#742150000
07
b110101011010 U
1P
1)
#742200000
0)
#742250000
b110101011011 U
1)
#742300000
0)
#742320900
16
02
#742350000
06
b110101011100 U
0P
1)
#742400000
0)
#742450000
b110101011101 U
1)
#742500000
0)
#742521000
b1101010111 S
17
12
b1101010111 \
#742550000
07
b110101011110 U
1P
1)
#742600000
0)
#742650000
b110101011111 U
1)
#742700000
0)
#742721100
16
02
#742750000
06
b110101100000 U
0P
1)
#742800000
0)
#742850000
b110101100001 U
1)
#742900000
0)
#742921200
b1101011000 S
17
12
b1101011000 \
#742950000
07
b110101100010 U
1P
1)
#743000000
0)
#743050000
b110101100011 U
1)
#743100000
0)
#743121300
16
02
#743150000
06
b110101100100 U
0P
1)
#743200000
0)
#743250000
b110101100101 U
1)
#743300000
0)
#743321400
b1101011001 S
17
12
b1101011001 \
#743350000
07
b110101100110 U
1P
1)
#743400000
0)
#743450000
b110101100111 U
1)
#743500000
0)
#743521500
16
02
#743550000
06
b110101101000 U
0P
1)
#743600000
0)
#743650000
b110101101001 U
1)
#743700000
0)
#743721600
b1101011010 S
17
12
b1101011010 \
#743750000
07
b110101101010 U
1P
1)
#743800000
0)
#743850000
b110101101011 U
1)
#743900000
0)
#743921700
16
02
#743950000
06
b110101101100 U
0P
1)
#744000000
0)
#744050000
b110101101101 U
1)
#744100000
0)
#744121800
b1101011011 S
17
12
b1101011011 \
#744150000
07
b110101101110 U
1P
1)
#744200000
0)
#744250000
b110101101111 U
1)
#744300000
0)
#744321900
16
02
#744350000
06
b110101110000 U
0P
1)
#744400000
0)
#744450000
b110101110001 U
1)
#744500000
0)
#744522000
b1101011100 S
17
12
b1101011100 \
#744550000
07
b110101110010 U
1P
1)
#744600000
0)
#744650000
b110101110011 U
1)
#744700000
0)
#744722100
16
02
#744750000
06
b110101110100 U
0P
1)
#744800000
0)
#744850000
b110101110101 U
1)
#744900000
0)
#744922200
b1101011101 S
17
12
b1101011101 \
#744950000
07
b110101110110 U
1P
1)
#745000000
0)
#745050000
b110101110111 U
1)
#745100000
0)
#745122300
16
02
#745150000
06
b110101111000 U
0P
1)
#745200000
0)
#745250000
b110101111001 U
1)
#745300000
0)
#745322400
b1101011110 S
17
12
b1101011110 \
#745350000
07
b110101111010 U
1P
1)
#745400000
0)
#745450000
b110101111011 U
1)
#745500000
0)
#745522500
16
02
#745550000
06
b110101111100 U
0P
1)
#745600000
0)
#745650000
b110101111101 U
1)
#745700000
0)
#745722600
b1101011111 S
17
12
b1101011111 \
#745750000
07
b110101111110 U
1P
1)
#745800000
0)
#745850000
b110101111111 U
1)
#745900000
0)
#745922700
16
02
#745950000
06
b110110000000 U
0P
1)
#746000000
0)
#746050000
b110110000001 U
1)
#746100000
0)
#746122800
b1101100000 S
17
12
b1101100000 \
#746150000
07
b110110000010 U
1P
1)
#746200000
0)
#746250000
b110110000011 U
1)
#746300000
0)
#746322900
16
02
#746350000
06
b110110000100 U
0P
1)
#746400000
0)
#746450000
b110110000101 U
1)
#746500000
0)
#746523000
b1101100001 S
17
12
b1101100001 \
#746550000
07
b110110000110 U
1P
1)
#746600000
0)
#746650000
b110110000111 U
1)
#746700000
0)
#746723100
16
02
#746750000
06
b110110001000 U
0P
1)
#746800000
0)
#746850000
b110110001001 U
1)
#746900000
0)
#746923200
b1101100010 S
17
12
b1101100010 \
#746950000
07
b110110001010 U
1P
1)
#747000000
0)
#747050000
b110110001011 U
1)
#747100000
0)
#747123300
16
02
#747150000
06
b110110001100 U
0P
1)
#747200000
0)
#747250000
b110110001101 U
1)
#747300000
0)
#747323400
b1101100011 S
17
12
b1101100011 \
#747350000
07
b110110001110 U
1P
1)
#747400000
0)
#747450000
b110110001111 U
1)
#747500000
0)
#747523500
16
02
#747550000
06
b110110010000 U
0P
1)
#747600000
0)
#747650000
b110110010001 U
1)
#747700000
0)
#747723600
b1101100100 S
17
12
b1101100100 \
#747750000
07
b110110010010 U
1P
1)
#747800000
0)
#747850000
b110110010011 U
1)
#747900000
0)
#747923700
16
02
#747950000
06
b110110010100 U
0P
1)
#748000000
0)
#748050000
b110110010101 U
1)
#748100000
0)
#748123800
b1101100101 S
17
12
b1101100101 \
#748150000
07
b110110010110 U
1P
1)
#748200000
0)
#748250000
b110110010111 U
1)
#748300000
0)
#748323900
16
02
#748350000
06
b110110011000 U
0P
1)
#748400000
0)
#748450000
b110110011001 U
1)
#748500000
0)
#748524000
b1101100110 S
17
12
b1101100110 \
#748550000
07
b110110011010 U
1P
1)
#748600000
0)
#748650000
b110110011011 U
1)
#748700000
0)
#748724100
16
02
#748750000
06
b110110011100 U
0P
1)
#748800000
0)
#748850000
b110110011101 U
1)
#748900000
0)
#748924200
b1101100111 S
17
12
b1101100111 \
#748950000
07
b110110011110 U
1P
1)
#749000000
0)
#749050000
b110110011111 U
1)
#749100000
0)
#749124300
16
02
#749150000
06
b110110100000 U
0P
1)
#749200000
0)
#749250000
b110110100001 U
1)
#749300000
0)
#749324400
b1101101000 S
17
12
b1101101000 \
#749350000
07
b110110100010 U
1P
1)
#749400000
0)
#749450000
b110110100011 U
1)
#749500000
0)
#749524500
16
02
#749550000
06
b110110100100 U
0P
1)
#749600000
0)
#749650000
b110110100101 U
1)
#749700000
0)
#749724600
b1101101001 S
17
12
b1101101001 \
#749750000
07
b110110100110 U
1P
1)
#749800000
0)
#749850000
b110110100111 U
1)
#749900000
0)
#749924700
16
02
#749950000
06
b110110101000 U
0P
1)
#750000000
0)
#750050000
b110110101001 U
1)
#750100000
0)
#750124800
b1101101010 S
17
12
b1101101010 \
#750150000
07
b110110101010 U
1P
1)
#750200000
0)
#750250000
b110110101011 U
1)
#750300000
0)
#750324900
16
02
#750350000
06
b110110101100 U
0P
1)
#750400000
0)
#750450000
b110110101101 U
1)
#750500000
0)
#750525000
b1101101011 S
17
12
b1101101011 \
#750550000
07
b110110101110 U
1P
1)
#750600000
0)
#750650000
b110110101111 U
1)
#750700000
0)
#750725100
16
02
#750750000
06
b110110110000 U
0P
1)
#750800000
0)
#750850000
b110110110001 U
1)
#750900000
0)
#750925200
b1101101100 S
17
12
b1101101100 \
#750950000
07
b110110110010 U
1P
1)
#751000000
0)
#751050000
b110110110011 U
1)
#751100000
0)
#751125300
16
02
#751150000
06
b110110110100 U
0P
1)
#751200000
0)
#751250000
b110110110101 U
1)
#751300000
0)
#751325400
b1101101101 S
17
12
b1101101101 \
#751350000
07
b110110110110 U
1P
1)
#751400000
0)
#751450000
b110110110111 U
1)
#751500000
0)
#751525500
16
02
#751550000
06
b110110111000 U
0P
1)
#751600000
0)
#751650000
b110110111001 U
1)
#751700000
0)
#751725600
b1101101110 S
17
12
b1101101110 \
#751750000
07
b110110111010 U
1P
1)
#751800000
0)
#751850000
b110110111011 U
1)
#751900000
0)
#751925700
16
02
#751950000
06
b110110111100 U
0P
1)
#752000000
0)
#752050000
b110110111101 U
1)
#752100000
0)
#752125800
b1101101111 S
17
12
b1101101111 \
#752150000
07
b110110111110 U
1P
1)
#752200000
0)
#752250000
b110110111111 U
1)
#752300000
0)
#752325900
16
02
#752350000
06
b110111000000 U
0P
1)
#752400000
0)
#752450000
b110111000001 U
1)
#752500000
0)
#752526000
b1101110000 S
17
12
b1101110000 \
#752550000
07
b110111000010 U
1P
1)
#752600000
0)
#752650000
b110111000011 U
1)
#752700000
0)
#752726100
16
02
#752750000
06
b110111000100 U
0P
1)
#752800000
0)
#752850000
b110111000101 U
1)
#752900000
0)
#752926200
b1101110001 S
17
12
b1101110001 \
#752950000
07
b110111000110 U
1P
1)
#753000000
0)
#753050000
b110111000111 U
1)
#753100000
0)
#753126300
16
02
#753150000
06
b110111001000 U
0P
1)
#753200000
0)
#753250000
b110111001001 U
1)
#753300000
0)
#753326400
b1101110010 S
17
12
b1101110010 \
#753350000
07
b110111001010 U
1P
1)
#753400000
0)
#753450000
b110111001011 U
1)
#753500000
0)
#753526500
16
02
#753550000
06
b110111001100 U
0P
1)
#753600000
0)
#753650000
b110111001101 U
1)
#753700000
0)
#753726600
b1101110011 S
17
12
b1101110011 \
#753750000
07
b110111001110 U
1P
1)
#753800000
0)
#753850000
b110111001111 U
1)
#753900000
0)
#753926700
16
02
#753950000
06
b110111010000 U
0P
1)
#754000000
0)
#754050000
b110111010001 U
1)
#754100000
0)
#754126800
b1101110100 S
17
12
b1101110100 \
#754150000
07
b110111010010 U
1P
1)
#754200000
0)
#754250000
b110111010011 U
1)
#754300000
0)
#754326900
16
02
#754350000
06
b110111010100 U
0P
1)
#754400000
0)
#754450000
b110111010101 U
1)
#754500000
0)
#754527000
b1101110101 S
17
12
b1101110101 \
#754550000
07
b110111010110 U
1P
1)
#754600000
0)
#754650000
b110111010111 U
1)
#754700000
0)
#754727100
16
02
#754750000
06
b110111011000 U
0P
1)
#754800000
0)
#754850000
b110111011001 U
1)
#754900000
0)
#754927200
b1101110110 S
17
12
b1101110110 \
#754950000
07
b110111011010 U
1P
1)
#755000000
0)
#755050000
b110111011011 U
1)
#755100000
0)
#755127300
16
02
#755150000
06
b110111011100 U
0P
1)
#755200000
0)
#755250000
b110111011101 U
1)
#755300000
0)
#755327400
b1101110111 S
17
12
b1101110111 \
#755350000
07
b110111011110 U
1P
1)
#755400000
0)
#755450000
b110111011111 U
1)
#755500000
0)
#755527500
16
02
#755550000
06
b110111100000 U
0P
1)
#755600000
0)
#755650000
b110111100001 U
1)
#755700000
0)
#755727600
b1101111000 S
17
12
b1101111000 \
#755750000
07
b110111100010 U
1P
1)
#755800000
0)
#755850000
b110111100011 U
1)
#755900000
0)
#755927700
16
02
#755950000
06
b110111100100 U
0P
1)
#756000000
0)
#756050000
b110111100101 U
1)
#756100000
0)
#756127800
b1101111001 S
17
12
b1101111001 \
#756150000
07
b110111100110 U
1P
1)
#756200000
0)
#756250000
b110111100111 U
1)
#756300000
0)
#756327900
16
02
#756350000
06
b110111101000 U
0P
1)
#756400000
0)
#756450000
b110111101001 U
1)
#756500000
0)
#756528000
b1101111010 S
17
12
b1101111010 \
#756550000
07
b110111101010 U
1P
1)
#756600000
0)
#756650000
b110111101011 U
1)
#756700000
0)
#756728100
16
02
#756750000
06
b110111101100 U
0P
1)
#756800000
0)
#756850000
b110111101101 U
1)
#756900000
0)
#756928200
b1101111011 S
17
12
b1101111011 \
#756950000
07
b110111101110 U
1P
1)
#757000000
0)
#757050000
b110111101111 U
1)
#757100000
0)
#757128300
16
02
#757150000
06
b110111110000 U
0P
1)
#757200000
0)
#757250000
b110111110001 U
1)
#757300000
0)
#757328400
b1101111100 S
17
12
b1101111100 \
#757350000
07
b110111110010 U
1P
1)
#757400000
0)
#757450000
b110111110011 U
1)
#757500000
0)
#757528500
16
02
#757550000
06
b110111110100 U
0P
1)
#757600000
0)
#757650000
b110111110101 U
1)
#757700000
0)
#757728600
b1101111101 S
17
12
b1101111101 \
#757750000
07
b110111110110 U
1P
1)
#757800000
0)
#757850000
b110111110111 U
1)
#757900000
0)
#757928700
16
02
#757950000
06
b110111111000 U
0P
1)
#758000000
0)
#758050000
b110111111001 U
1)
#758100000
0)
#758128800
b1101111110 S
17
12
b1101111110 \
#758150000
07
b110111111010 U
1P
1)
#758200000
0)
#758250000
b110111111011 U
1)
#758300000
0)
#758328900
16
02
#758350000
06
b110111111100 U
0P
1)
#758400000
0)
#758450000
b110111111101 U
1)
#758500000
0)
#758529000
b1101111111 S
17
12
b1101111111 \
#758550000
07
b110111111110 U
1P
1)
#758600000
0)
#758650000
b110111111111 U
1)
#758700000
0)
#758729100
16
02
#758750000
06
b111000000000 U
0P
1)
#758800000
0)
#758850000
b111000000001 U
1)
#758900000
0)
#758929200
b1110000000 S
17
12
b1110000000 \
#758950000
07
b111000000010 U
1P
1)
#759000000
0)
#759050000
b111000000011 U
1)
#759100000
0)
#759129300
16
02
#759150000
06
b111000000100 U
0P
1)
#759200000
0)
#759250000
b111000000101 U
1)
#759300000
0)
#759329400
b1110000001 S
17
12
b1110000001 \
#759350000
07
b111000000110 U
1P
1)
#759400000
0)
#759450000
b111000000111 U
1)
#759500000
0)
#759529500
16
02
#759550000
06
b111000001000 U
0P
1)
#759600000
0)
#759650000
b111000001001 U
1)
#759700000
0)
#759729600
b1110000010 S
17
12
b1110000010 \
#759750000
07
b111000001010 U
1P
1)
#759800000
0)
#759850000
b111000001011 U
1)
#759900000
0)
#759929700
16
02
#759950000
06
b111000001100 U
0P
1)
#760000000
0)
#760050000
b111000001101 U
1)
#760100000
0)
#760129800
b1110000011 S
17
12
b1110000011 \
#760150000
07
b111000001110 U
1P
1)
#760200000
0)
#760250000
b111000001111 U
1)
#760300000
0)
#760329900
16
02
#760350000
06
b111000010000 U
0P
1)
#760400000
0)
#760450000
b111000010001 U
1)
#760500000
0)
#760530000
b1110000100 S
17
12
b1110000100 \
#760550000
07
b111000010010 U
1P
1)
#760600000
0)
#760650000
b111000010011 U
1)
#760700000
0)
#760730100
16
02
#760750000
06
b111000010100 U
0P
1)
#760800000
0)
#760850000
b111000010101 U
1)
#760900000
0)
#760930200
b1110000101 S
17
12
b1110000101 \
#760950000
07
b111000010110 U
1P
1)
#761000000
0)
#761050000
b111000010111 U
1)
#761100000
0)
#761130300
16
02
#761150000
06
b111000011000 U
0P
1)
#761200000
0)
#761250000
b111000011001 U
1)
#761300000
0)
#761330400
b1110000110 S
17
12
b1110000110 \
#761350000
07
b111000011010 U
1P
1)
#761400000
0)
#761450000
b111000011011 U
1)
#761500000
0)
#761530500
16
02
#761550000
06
b111000011100 U
0P
1)
#761600000
0)
#761650000
b111000011101 U
1)
#761700000
0)
#761730600
b1110000111 S
17
12
b1110000111 \
#761750000
07
b111000011110 U
1P
1)
#761800000
0)
#761850000
b111000011111 U
1)
#761900000
0)
#761930700
16
02
#761950000
06
b111000100000 U
0P
1)
#762000000
0)
#762050000
b111000100001 U
1)
#762100000
0)
#762130800
b1110001000 S
17
12
b1110001000 \
#762150000
07
b111000100010 U
1P
1)
#762200000
0)
#762250000
b111000100011 U
1)
#762300000
0)
#762330900
16
02
#762350000
06
b111000100100 U
0P
1)
#762400000
0)
#762450000
b111000100101 U
1)
#762500000
0)
#762531000
b1110001001 S
17
12
b1110001001 \
#762550000
07
b111000100110 U
1P
1)
#762600000
0)
#762650000
b111000100111 U
1)
#762700000
0)
#762731100
16
02
#762750000
06
b111000101000 U
0P
1)
#762800000
0)
#762850000
b111000101001 U
1)
#762900000
0)
#762931200
b1110001010 S
17
12
b1110001010 \
#762950000
07
b111000101010 U
1P
1)
#763000000
0)
#763050000
b111000101011 U
1)
#763100000
0)
#763131300
16
02
#763150000
06
b111000101100 U
0P
1)
#763200000
0)
#763250000
b111000101101 U
1)
#763300000
0)
#763331400
b1110001011 S
17
12
b1110001011 \
#763350000
07
b111000101110 U
1P
1)
#763400000
0)
#763450000
b111000101111 U
1)
#763500000
0)
#763531500
16
02
#763550000
06
b111000110000 U
0P
1)
#763600000
0)
#763650000
b111000110001 U
1)
#763700000
0)
#763731600
b1110001100 S
17
12
b1110001100 \
#763750000
07
b111000110010 U
1P
1)
#763800000
0)
#763850000
b111000110011 U
1)
#763900000
0)
#763931700
16
02
#763950000
06
b111000110100 U
0P
1)
#764000000
0)
#764050000
b111000110101 U
1)
#764100000
0)
#764131800
b1110001101 S
17
12
b1110001101 \
#764150000
07
b111000110110 U
1P
1)
#764200000
0)
#764250000
b111000110111 U
1)
#764300000
0)
#764331900
16
02
#764350000
06
b111000111000 U
0P
1)
#764400000
0)
#764450000
b111000111001 U
1)
#764500000
0)
#764532000
b1110001110 S
17
12
b1110001110 \
#764550000
07
b111000111010 U
1P
1)
#764600000
0)
#764650000
b111000111011 U
1)
#764700000
0)
#764732100
16
02
#764750000
06
b111000111100 U
0P
1)
#764800000
0)
#764850000
b111000111101 U
1)
#764900000
0)
#764932200
b1110001111 S
17
12
b1110001111 \
#764950000
07
b111000111110 U
1P
1)
#765000000
0)
#765050000
b111000111111 U
1)
#765100000
0)
#765132300
16
02
#765150000
06
b111001000000 U
0P
1)
#765200000
0)
#765250000
b111001000001 U
1)
#765300000
0)
#765332400
b1110010000 S
17
12
b1110010000 \
#765350000
07
b111001000010 U
1P
1)
#765400000
0)
#765450000
b111001000011 U
1)
#765500000
0)
#765532500
16
02
#765550000
06
b111001000100 U
0P
1)
#765600000
0)
#765650000
b111001000101 U
1)
#765700000
0)
#765732600
b1110010001 S
17
12
b1110010001 \
#765750000
07
b111001000110 U
1P
1)
#765800000
0)
#765850000
b111001000111 U
1)
#765900000
0)
#765932700
16
02
#765950000
06
b111001001000 U
0P
1)
#766000000
0)
#766050000
b111001001001 U
1)
#766100000
0)
#766132800
b1110010010 S
17
12
b1110010010 \
#766150000
07
b111001001010 U
1P
1)
#766200000
0)
#766250000
b111001001011 U
1)
#766300000
0)
#766332900
16
02
#766350000
06
b111001001100 U
0P
1)
#766400000
0)
#766450000
b111001001101 U
1)
#766500000
0)
#766533000
b1110010011 S
17
12
b1110010011 \
#766550000
07
b111001001110 U
1P
1)
#766600000
0)
#766650000
b111001001111 U
1)
#766700000
0)
#766733100
16
02
#766750000
06
b111001010000 U
0P
1)
#766800000
0)
#766850000
b111001010001 U
1)
#766900000
0)
#766933200
b1110010100 S
17
12
b1110010100 \
#766950000
07
b111001010010 U
1P
1)
#767000000
0)
#767050000
b111001010011 U
1)
#767100000
0)
#767133300
16
02
#767150000
06
b111001010100 U
0P
1)
#767200000
0)
#767250000
b111001010101 U
1)
#767300000
0)
#767333400
b1110010101 S
17
12
b1110010101 \
#767350000
07
b111001010110 U
1P
1)
#767400000
0)
#767450000
b111001010111 U
1)
#767500000
0)
#767533500
16
02
#767550000
06
b111001011000 U
0P
1)
#767600000
0)
#767650000
b111001011001 U
1)
#767700000
0)
#767733600
b1110010110 S
17
12
b1110010110 \
#767750000
07
b111001011010 U
1P
1)
#767800000
0)
#767850000
b111001011011 U
1)
#767900000
0)
#767933700
16
02
#767950000
06
b111001011100 U
0P
1)
#768000000
0)
#768050000
b111001011101 U
1)
#768100000
0)
#768133800
b1110010111 S
17
12
b1110010111 \
#768150000
07
b111001011110 U
1P
1)
#768200000
0)
#768250000
b111001011111 U
1)
#768300000
0)
#768333900
16
02
#768350000
06
b111001100000 U
0P
1)
#768400000
0)
#768450000
b111001100001 U
1)
#768500000
0)
#768534000
b1110011000 S
17
12
b1110011000 \
#768550000
07
b111001100010 U
1P
1)
#768600000
0)
#768650000
b111001100011 U
1)
#768700000
0)
#768734100
16
02
#768750000
06
b111001100100 U
0P
1)
#768800000
0)
#768850000
b111001100101 U
1)
#768900000
0)
#768934200
b1110011001 S
17
12
b1110011001 \
#768950000
07
b111001100110 U
1P
1)
#769000000
0)
#769050000
b111001100111 U
1)
#769100000
0)
#769134300
16
02
#769150000
06
b111001101000 U
0P
1)
#769200000
0)
#769250000
b111001101001 U
1)
#769300000
0)
#769334400
b1110011010 S
17
12
b1110011010 \
#769350000
07
b111001101010 U
1P
1)
#769400000
0)
#769450000
b111001101011 U
1)
#769500000
0)
#769534500
16
02
#769550000
06
b111001101100 U
0P
1)
#769600000
0)
#769650000
b111001101101 U
1)
#769700000
0)
#769734600
b1110011011 S
17
12
b1110011011 \
#769750000
07
b111001101110 U
1P
1)
#769800000
0)
#769850000
b111001101111 U
1)
#769900000
0)
#769934700
16
02
#769950000
06
b111001110000 U
0P
1)
#770000000
0)
#770050000
b111001110001 U
1)
#770100000
0)
#770134800
b1110011100 S
17
12
b1110011100 \
#770150000
07
b111001110010 U
1P
1)
#770200000
0)
#770250000
b111001110011 U
1)
#770300000
0)
#770334900
16
02
#770350000
06
b111001110100 U
0P
1)
#770400000
0)
#770450000
b111001110101 U
1)
#770500000
0)
#770535000
b1110011101 S
17
12
b1110011101 \
#770550000
07
b111001110110 U
1P
1)
#770600000
0)
#770650000
b111001110111 U
1)
#770700000
0)
#770735100
16
02
#770750000
06
b111001111000 U
0P
1)
#770800000
0)
#770850000
b111001111001 U
1)
#770900000
0)
#770935200
b1110011110 S
17
12
b1110011110 \
#770950000
07
b111001111010 U
1P
1)
#771000000
0)
#771050000
b111001111011 U
1)
#771100000
0)
#771135300
16
02
#771150000
06
b111001111100 U
0P
1)
#771200000
0)
#771250000
b111001111101 U
1)
#771300000
0)
#771335400
b1110011111 S
17
12
b1110011111 \
#771350000
07
b111001111110 U
1P
1)
#771400000
0)
#771450000
b111001111111 U
1)
#771500000
0)
#771535500
16
02
#771550000
06
b111010000000 U
0P
1)
#771600000
0)
#771650000
b111010000001 U
1)
#771700000
0)
#771735600
b1110100000 S
17
12
b1110100000 \
#771750000
07
b111010000010 U
1P
1)
#771800000
0)
#771850000
b111010000011 U
1)
#771900000
0)
#771935700
16
02
#771950000
06
b111010000100 U
0P
1)
#772000000
0)
#772050000
b111010000101 U
1)
#772100000
0)
#772135800
b1110100001 S
17
12
b1110100001 \
#772150000
07
b111010000110 U
1P
1)
#772200000
0)
#772250000
b111010000111 U
1)
#772300000
0)
#772335900
16
02
#772350000
06
b111010001000 U
0P
1)
#772400000
0)
#772450000
b111010001001 U
1)
#772500000
0)
#772536000
b1110100010 S
17
12
b1110100010 \
#772550000
07
b111010001010 U
1P
1)
#772600000
0)
#772650000
b111010001011 U
1)
#772700000
0)
#772736100
16
02
#772750000
06
b111010001100 U
0P
1)
#772800000
0)
#772850000
b111010001101 U
1)
#772900000
0)
#772936200
b1110100011 S
17
12
b1110100011 \
#772950000
07
b111010001110 U
1P
1)
#773000000
0)
#773050000
b111010001111 U
1)
#773100000
0)
#773136300
16
02
#773150000
06
b111010010000 U
0P
1)
#773200000
0)
#773250000
b111010010001 U
1)
#773300000
0)
#773336400
b1110100100 S
17
12
b1110100100 \
#773350000
07
b111010010010 U
1P
1)
#773400000
0)
#773450000
b111010010011 U
1)
#773500000
0)
#773536500
16
02
#773550000
06
b111010010100 U
0P
1)
#773600000
0)
#773650000
b111010010101 U
1)
#773700000
0)
#773736600
b1110100101 S
17
12
b1110100101 \
#773750000
07
b111010010110 U
1P
1)
#773800000
0)
#773850000
b111010010111 U
1)
#773900000
0)
#773936700
16
02
#773950000
06
b111010011000 U
0P
1)
#774000000
0)
#774050000
b111010011001 U
1)
#774100000
0)
#774136800
b1110100110 S
17
12
b1110100110 \
#774150000
07
b111010011010 U
1P
1)
#774200000
0)
#774250000
b111010011011 U
1)
#774300000
0)
#774336900
16
02
#774350000
06
b111010011100 U
0P
1)
#774400000
0)
#774450000
b111010011101 U
1)
#774500000
0)
#774537000
b1110100111 S
17
12
b1110100111 \
#774550000
07
b111010011110 U
1P
1)
#774600000
0)
#774650000
b111010011111 U
1)
#774700000
0)
#774737100
16
02
#774750000
06
b111010100000 U
0P
1)
#774800000
0)
#774850000
b111010100001 U
1)
#774900000
0)
#774937200
b1110101000 S
17
12
b1110101000 \
#774950000
07
b111010100010 U
1P
1)
#775000000
0)
#775050000
b111010100011 U
1)
#775100000
0)
#775137300
16
02
#775150000
06
b111010100100 U
0P
1)
#775200000
0)
#775250000
b111010100101 U
1)
#775300000
0)
#775337400
b1110101001 S
17
12
b1110101001 \
#775350000
07
b111010100110 U
1P
1)
#775400000
0)
#775450000
b111010100111 U
1)
#775500000
0)
#775537500
16
02
#775550000
06
b111010101000 U
0P
1)
#775600000
0)
#775650000
b111010101001 U
1)
#775700000
0)
#775737600
b1110101010 S
17
12
b1110101010 \
#775750000
07
b111010101010 U
1P
1)
#775800000
0)
#775850000
b111010101011 U
1)
#775900000
0)
#775937700
16
02
#775950000
06
b111010101100 U
0P
1)
#776000000
0)
#776050000
b111010101101 U
1)
#776100000
0)
#776137800
b1110101011 S
17
12
b1110101011 \
#776150000
07
b111010101110 U
1P
1)
#776200000
0)
#776250000
b111010101111 U
1)
#776300000
0)
#776337900
16
02
#776350000
06
b111010110000 U
0P
1)
#776400000
0)
#776450000
b111010110001 U
1)
#776500000
0)
#776538000
b1110101100 S
17
12
b1110101100 \
#776550000
07
b111010110010 U
1P
1)
#776600000
0)
#776650000
b111010110011 U
1)
#776700000
0)
#776738100
16
02
#776750000
06
b111010110100 U
0P
1)
#776800000
0)
#776850000
b111010110101 U
1)
#776900000
0)
#776938200
b1110101101 S
17
12
b1110101101 \
#776950000
07
b111010110110 U
1P
1)
#777000000
0)
#777050000
b111010110111 U
1)
#777100000
0)
#777138300
16
02
#777150000
06
b111010111000 U
0P
1)
#777200000
0)
#777250000
b111010111001 U
1)
#777300000
0)
#777338400
b1110101110 S
17
12
b1110101110 \
#777350000
07
b111010111010 U
1P
1)
#777400000
0)
#777450000
b111010111011 U
1)
#777500000
0)
#777538500
16
02
#777550000
06
b111010111100 U
0P
1)
#777600000
0)
#777650000
b111010111101 U
1)
#777700000
0)
#777738600
b1110101111 S
17
12
b1110101111 \
#777750000
07
b111010111110 U
1P
1)
#777800000
0)
#777850000
b111010111111 U
1)
#777900000
0)
#777938700
16
02
#777950000
06
b111011000000 U
0P
1)
#778000000
0)
#778050000
b111011000001 U
1)
#778100000
0)
#778138800
b1110110000 S
17
12
b1110110000 \
#778150000
07
b111011000010 U
1P
1)
#778200000
0)
#778250000
b111011000011 U
1)
#778300000
0)
#778338900
16
02
#778350000
06
b111011000100 U
0P
1)
#778400000
0)
#778450000
b111011000101 U
1)
#778500000
0)
#778539000
b1110110001 S
17
12
b1110110001 \
#778550000
07
b111011000110 U
1P
1)
#778600000
0)
#778650000
b111011000111 U
1)
#778700000
0)
#778739100
16
02
#778750000
06
b111011001000 U
0P
1)
#778800000
0)
#778850000
b111011001001 U
1)
#778900000
0)
#778939200
b1110110010 S
17
12
b1110110010 \
#778950000
07
b111011001010 U
1P
1)
#779000000
0)
#779050000
b111011001011 U
1)
#779100000
0)
#779139300
16
02
#779150000
06
b111011001100 U
0P
1)
#779200000
0)
#779250000
b111011001101 U
1)
#779300000
0)
#779339400
b1110110011 S
17
12
b1110110011 \
#779350000
07
b111011001110 U
1P
1)
#779400000
0)
#779450000
b111011001111 U
1)
#779500000
0)
#779539500
16
02
#779550000
06
b111011010000 U
0P
1)
#779600000
0)
#779650000
b111011010001 U
1)
#779700000
0)
#779739600
b1110110100 S
17
12
b1110110100 \
#779750000
07
b111011010010 U
1P
1)
#779800000
0)
#779850000
b111011010011 U
1)
#779900000
0)
#779939700
16
02
#779950000
06
b111011010100 U
0P
1)
#780000000
0)
#780050000
b111011010101 U
1)
#780100000
0)
#780139800
b1110110101 S
17
12
b1110110101 \
#780150000
07
b111011010110 U
1P
1)
#780200000
0)
#780250000
b111011010111 U
1)
#780300000
0)
#780339900
16
02
#780350000
06
b111011011000 U
0P
1)
#780400000
0)
#780450000
b111011011001 U
1)
#780500000
0)
#780540000
b1110110110 S
17
12
b1110110110 \
#780550000
07
b111011011010 U
1P
1)
#780600000
0)
#780650000
b111011011011 U
1)
#780700000
0)
#780740100
16
02
#780750000
06
b111011011100 U
0P
1)
#780800000
0)
#780850000
b111011011101 U
1)
#780900000
0)
#780940200
b1110110111 S
17
12
b1110110111 \
#780950000
07
b111011011110 U
1P
1)
#781000000
0)
#781050000
b111011011111 U
1)
#781100000
0)
#781140300
16
02
#781150000
06
b111011100000 U
0P
1)
#781200000
0)
#781250000
b111011100001 U
1)
#781300000
0)
#781340400
b1110111000 S
17
12
b1110111000 \
#781350000
07
b111011100010 U
1P
1)
#781400000
0)
#781450000
b111011100011 U
1)
#781500000
0)
#781540500
16
02
#781550000
06
b111011100100 U
0P
1)
#781600000
0)
#781650000
b111011100101 U
1)
#781700000
0)
#781740600
b1110111001 S
17
12
b1110111001 \
#781750000
07
b111011100110 U
1P
1)
#781800000
0)
#781850000
b111011100111 U
1)
#781900000
0)
#781940700
16
02
#781950000
06
b111011101000 U
0P
1)
#782000000
0)
#782050000
b111011101001 U
1)
#782100000
0)
#782140800
b1110111010 S
17
12
b1110111010 \
#782150000
07
b111011101010 U
1P
1)
#782200000
0)
#782250000
b111011101011 U
1)
#782300000
0)
#782340900
16
02
#782350000
06
b111011101100 U
0P
1)
#782400000
0)
#782450000
b111011101101 U
1)
#782500000
0)
#782541000
b1110111011 S
17
12
b1110111011 \
#782550000
07
b111011101110 U
1P
1)
#782600000
0)
#782650000
b111011101111 U
1)
#782700000
0)
#782741100
16
02
#782750000
06
b111011110000 U
0P
1)
#782800000
0)
#782850000
b111011110001 U
1)
#782900000
0)
#782941200
b1110111100 S
17
12
b1110111100 \
#782950000
07
b111011110010 U
1P
1)
#783000000
0)
#783050000
b111011110011 U
1)
#783100000
0)
#783141300
16
02
#783150000
06
b111011110100 U
0P
1)
#783200000
0)
#783250000
b111011110101 U
1)
#783300000
0)
#783341400
b1110111101 S
17
12
b1110111101 \
#783350000
07
b111011110110 U
1P
1)
#783400000
0)
#783450000
b111011110111 U
1)
#783500000
0)
#783541500
16
02
#783550000
06
b111011111000 U
0P
1)
#783600000
0)
#783650000
b111011111001 U
1)
#783700000
0)
#783741600
b1110111110 S
17
12
b1110111110 \
#783750000
07
b111011111010 U
1P
1)
#783800000
0)
#783850000
b111011111011 U
1)
#783900000
0)
#783941700
16
02
#783950000
06
b111011111100 U
0P
1)
#784000000
0)
#784050000
b111011111101 U
1)
#784100000
0)
#784141800
b1110111111 S
17
12
b1110111111 \
#784150000
07
b111011111110 U
1P
1)
#784200000
0)
#784250000
b111011111111 U
1)
#784300000
0)
#784341900
16
02
#784350000
06
b111100000000 U
0P
1)
#784400000
0)
#784450000
b111100000001 U
1)
#784500000
0)
#784542000
b1111000000 S
17
12
b1111000000 \
#784550000
07
b111100000010 U
1P
1)
#784600000
0)
#784650000
b111100000011 U
1)
#784700000
0)
#784742100
16
02
#784750000
06
b111100000100 U
0P
1)
#784800000
0)
#784850000
b111100000101 U
1)
#784900000
0)
#784942200
b1111000001 S
17
12
b1111000001 \
#784950000
07
b111100000110 U
1P
1)
#785000000
0)
#785050000
b111100000111 U
1)
#785100000
0)
#785142300
16
02
#785150000
06
b111100001000 U
0P
1)
#785200000
0)
#785250000
b111100001001 U
1)
#785300000
0)
#785342400
b1111000010 S
17
12
b1111000010 \
#785350000
07
b111100001010 U
1P
1)
#785400000
0)
#785450000
b111100001011 U
1)
#785500000
0)
#785542500
16
02
#785550000
06
b111100001100 U
0P
1)
#785600000
0)
#785650000
b111100001101 U
1)
#785700000
0)
#785742600
b1111000011 S
17
12
b1111000011 \
#785750000
07
b111100001110 U
1P
1)
#785800000
0)
#785850000
b111100001111 U
1)
#785900000
0)
#785942700
16
02
#785950000
06
b111100010000 U
0P
1)
#786000000
0)
#786050000
b111100010001 U
1)
#786100000
0)
#786142800
b1111000100 S
17
12
b1111000100 \
#786150000
07
b111100010010 U
1P
1)
#786200000
0)
#786250000
b111100010011 U
1)
#786300000
0)
#786342900
16
02
#786350000
06
b111100010100 U
0P
1)
#786400000
0)
#786450000
b111100010101 U
1)
#786500000
0)
#786543000
b1111000101 S
17
12
b1111000101 \
#786550000
07
b111100010110 U
1P
1)
#786600000
0)
#786650000
b111100010111 U
1)
#786700000
0)
#786743100
16
02
#786750000
06
b111100011000 U
0P
1)
#786800000
0)
#786850000
b111100011001 U
1)
#786900000
0)
#786943200
b1111000110 S
17
12
b1111000110 \
#786950000
07
b111100011010 U
1P
1)
#787000000
0)
#787050000
b111100011011 U
1)
#787100000
0)
#787143300
16
02
#787150000
06
b111100011100 U
0P
1)
#787200000
0)
#787250000
b111100011101 U
1)
#787300000
0)
#787343400
b1111000111 S
17
12
b1111000111 \
#787350000
07
b111100011110 U
1P
1)
#787400000
0)
#787450000
b111100011111 U
1)
#787500000
0)
#787543500
16
02
#787550000
06
b111100100000 U
0P
1)
#787600000
0)
#787650000
b111100100001 U
1)
#787700000
0)
#787743600
b1111001000 S
17
12
b1111001000 \
#787750000
07
b111100100010 U
1P
1)
#787800000
0)
#787850000
b111100100011 U
1)
#787900000
0)
#787943700
16
02
#787950000
06
b111100100100 U
0P
1)
#788000000
0)
#788050000
b111100100101 U
1)
#788100000
0)
#788143800
b1111001001 S
17
12
b1111001001 \
#788150000
07
b111100100110 U
1P
1)
#788200000
0)
#788250000
b111100100111 U
1)
#788300000
0)
#788343900
16
02
#788350000
06
b111100101000 U
0P
1)
#788400000
0)
#788450000
b111100101001 U
1)
#788500000
0)
#788544000
b1111001010 S
17
12
b1111001010 \
#788550000
07
b111100101010 U
1P
1)
#788600000
0)
#788650000
b111100101011 U
1)
#788700000
0)
#788744100
16
02
#788750000
06
b111100101100 U
0P
1)
#788800000
0)
#788850000
b111100101101 U
1)
#788900000
0)
#788944200
b1111001011 S
17
12
b1111001011 \
#788950000
07
b111100101110 U
1P
1)
#789000000
0)
#789050000
b111100101111 U
1)
#789100000
0)
#789144300
16
02
#789150000
06
b111100110000 U
0P
1)
#789200000
0)
#789250000
b111100110001 U
1)
#789300000
0)
#789344400
b1111001100 S
17
12
b1111001100 \
#789350000
07
b111100110010 U
1P
1)
#789400000
0)
#789450000
b111100110011 U
1)
#789500000
0)
#789544500
16
02
#789550000
06
b111100110100 U
0P
1)
#789600000
0)
#789650000
b111100110101 U
1)
#789700000
0)
#789744600
b1111001101 S
17
12
b1111001101 \
#789750000
07
b111100110110 U
1P
1)
#789800000
0)
#789850000
b111100110111 U
1)
#789900000
0)
#789944700
16
02
#789950000
06
b111100111000 U
0P
1)
#790000000
0)
#790050000
b111100111001 U
1)
#790100000
0)
#790144800
b1111001110 S
17
12
b1111001110 \
#790150000
07
b111100111010 U
1P
1)
#790200000
0)
#790250000
b111100111011 U
1)
#790300000
0)
#790344900
16
02
#790350000
06
b111100111100 U
0P
1)
#790400000
0)
#790450000
b111100111101 U
1)
#790500000
0)
#790545000
b1111001111 S
17
12
b1111001111 \
#790550000
07
b111100111110 U
1P
1)
#790600000
0)
#790650000
b111100111111 U
1)
#790700000
0)
#790745100
16
02
#790750000
06
b111101000000 U
0P
1)
#790800000
0)
#790850000
b111101000001 U
1)
#790900000
0)
#790945200
b1111010000 S
17
12
b1111010000 \
#790950000
07
b111101000010 U
1P
1)
#791000000
0)
#791050000
b111101000011 U
1)
#791100000
0)
#791145300
16
02
#791150000
06
b111101000100 U
0P
1)
#791200000
0)
#791250000
b111101000101 U
1)
#791300000
0)
#791345400
b1111010001 S
17
12
b1111010001 \
#791350000
07
b111101000110 U
1P
1)
#791400000
0)
#791450000
b111101000111 U
1)
#791500000
0)
#791545500
16
02
#791550000
06
b111101001000 U
0P
1)
#791600000
0)
#791650000
b111101001001 U
1)
#791700000
0)
#791745600
b1111010010 S
17
12
b1111010010 \
#791750000
07
b111101001010 U
1P
1)
#791800000
0)
#791850000
b111101001011 U
1)
#791900000
0)
#791945700
16
02
#791950000
06
b111101001100 U
0P
1)
#792000000
0)
#792050000
b111101001101 U
1)
#792100000
0)
#792145800
b1111010011 S
17
12
b1111010011 \
#792150000
07
b111101001110 U
1P
1)
#792200000
0)
#792250000
b111101001111 U
1)
#792300000
0)
#792345900
16
02
#792350000
06
b111101010000 U
0P
1)
#792400000
0)
#792450000
b111101010001 U
1)
#792500000
0)
#792546000
b1111010100 S
17
12
b1111010100 \
#792550000
07
b111101010010 U
1P
1)
#792600000
0)
#792650000
b111101010011 U
1)
#792700000
0)
#792746100
16
02
#792750000
06
b111101010100 U
0P
1)
#792800000
0)
#792850000
b111101010101 U
1)
#792900000
0)
#792946200
b1111010101 S
17
12
b1111010101 \
#792950000
07
b111101010110 U
1P
1)
#793000000
0)
#793050000
b111101010111 U
1)
#793100000
0)
#793146300
16
02
#793150000
06
b111101011000 U
0P
1)
#793200000
0)
#793250000
b111101011001 U
1)
#793300000
0)
#793346400
b1111010110 S
17
12
b1111010110 \
#793350000
07
b111101011010 U
1P
1)
#793400000
0)
#793450000
b111101011011 U
1)
#793500000
0)
#793546500
16
02
#793550000
06
b111101011100 U
0P
1)
#793600000
0)
#793650000
b111101011101 U
1)
#793700000
0)
#793746600
b1111010111 S
17
12
b1111010111 \
#793750000
07
b111101011110 U
1P
1)
#793800000
0)
#793850000
b111101011111 U
1)
#793900000
0)
#793946700
16
02
#793950000
06
b111101100000 U
0P
1)
#794000000
0)
#794050000
b111101100001 U
1)
#794100000
0)
#794146800
b1111011000 S
17
12
b1111011000 \
#794150000
07
b111101100010 U
1P
1)
#794200000
0)
#794250000
b111101100011 U
1)
#794300000
0)
#794346900
16
02
#794350000
06
b111101100100 U
0P
1)
#794400000
0)
#794450000
b111101100101 U
1)
#794500000
0)
#794547000
b1111011001 S
17
12
b1111011001 \
#794550000
07
b111101100110 U
1P
1)
#794600000
0)
#794650000
b111101100111 U
1)
#794700000
0)
#794747100
16
02
#794750000
06
b111101101000 U
0P
1)
#794800000
0)
#794850000
b111101101001 U
1)
#794900000
0)
#794947200
b1111011010 S
17
12
b1111011010 \
#794950000
07
b111101101010 U
1P
1)
#795000000
0)
#795050000
b111101101011 U
1)
#795100000
0)
#795147300
16
02
#795150000
06
b111101101100 U
0P
1)
#795200000
0)
#795250000
b111101101101 U
1)
#795300000
0)
#795347400
b1111011011 S
17
12
b1111011011 \
#795350000
07
b111101101110 U
1P
1)
#795400000
0)
#795450000
b111101101111 U
1)
#795500000
0)
#795547500
16
02
#795550000
06
b111101110000 U
0P
1)
#795600000
0)
#795650000
b111101110001 U
1)
#795700000
0)
#795747600
b1111011100 S
17
12
b1111011100 \
#795750000
07
b111101110010 U
1P
1)
#795800000
0)
#795850000
b111101110011 U
1)
#795900000
0)
#795947700
16
02
#795950000
06
b111101110100 U
0P
1)
#796000000
0)
#796050000
b111101110101 U
1)
#796100000
0)
#796147800
b1111011101 S
17
12
b1111011101 \
#796150000
07
b111101110110 U
1P
1)
#796200000
0)
#796250000
b111101110111 U
1)
#796300000
0)
#796347900
16
02
#796350000
06
b111101111000 U
0P
1)
#796400000
0)
#796450000
b111101111001 U
1)
#796500000
0)
#796548000
b1111011110 S
17
12
b1111011110 \
#796550000
07
b111101111010 U
1P
1)
#796600000
0)
#796650000
b111101111011 U
1)
#796700000
0)
#796748100
16
02
#796750000
06
b111101111100 U
0P
1)
#796800000
0)
#796850000
b111101111101 U
1)
#796900000
0)
#796948200
b1111011111 S
17
12
b1111011111 \
#796950000
07
b111101111110 U
1P
1)
#797000000
0)
#797050000
b111101111111 U
1)
#797100000
0)
#797148300
16
02
#797150000
06
b111110000000 U
0P
1)
#797200000
0)
#797250000
b111110000001 U
1)
#797300000
0)
#797348400
b1111100000 S
17
12
b1111100000 \
#797350000
07
b111110000010 U
1P
1)
#797400000
0)
#797450000
b111110000011 U
1)
#797500000
0)
#797548500
16
02
#797550000
06
b111110000100 U
0P
1)
#797600000
0)
#797650000
b111110000101 U
1)
#797700000
0)
#797748600
b1111100001 S
17
12
b1111100001 \
#797750000
07
b111110000110 U
1P
1)
#797800000
0)
#797850000
b111110000111 U
1)
#797900000
0)
#797948700
16
02
#797950000
06
b111110001000 U
0P
1)
#798000000
0)
#798050000
b111110001001 U
1)
#798100000
0)
#798148800
b1111100010 S
17
12
b1111100010 \
#798150000
07
b111110001010 U
1P
1)
#798200000
0)
#798250000
b111110001011 U
1)
#798300000
0)
#798348900
16
02
#798350000
06
b111110001100 U
0P
1)
#798400000
0)
#798450000
b111110001101 U
1)
#798500000
0)
#798549000
b1111100011 S
17
12
b1111100011 \
#798550000
07
b111110001110 U
1P
1)
#798600000
0)
#798650000
b111110001111 U
1)
#798700000
0)
#798749100
16
02
#798750000
06
b111110010000 U
0P
1)
#798800000
0)
#798850000
b111110010001 U
1)
#798900000
0)
#798949200
b1111100100 S
17
12
b1111100100 \
#798950000
07
b111110010010 U
1P
1)
#799000000
0)
#799050000
b111110010011 U
1)
#799100000
0)
#799149300
16
02
#799150000
06
b111110010100 U
0P
1)
#799200000
0)
#799250000
b111110010101 U
1)
#799300000
0)
#799349400
b1111100101 S
17
12
b1111100101 \
#799350000
07
b111110010110 U
1P
1)
#799400000
0)
#799450000
b111110010111 U
1)
#799500000
0)
#799549500
16
02
#799550000
06
b111110011000 U
0P
1)
#799600000
0)
#799650000
b111110011001 U
1)
#799700000
0)
#799749600
b1111100110 S
17
12
b1111100110 \
#799750000
07
b111110011010 U
1P
1)
#799800000
0)
#799850000
b111110011011 U
1)
#799900000
0)
#799949700
16
02
#799950000
06
b111110011100 U
0P
1)
#800000000
0)
#800050000
b111110011101 U
1)
#800100000
0)
#800149800
b1111100111 S
17
12
b1111100111 \
#800150000
07
b111110011110 U
1P
1)
#800200000
0)
#800250000
b111110011111 U
1)
#800300000
0)
#800349900
16
02
#800350000
06
b111110100000 U
0P
1)
#800400000
0)
#800450000
b111110100001 U
1)
#800500000
0)
#800550000
b111110100010 U
1P
b1111101000 S
07
1)
12
b1111101000 \
#800600000
0)
#800650000
b111110100011 U
1)
#800700000
0)
#800750000
b111110100100 U
1)
#800750100
16
02
#800800000
0)
#800850000
06
0P
b111110100101 U
1)
#800900000
0)
#800950000
b111110100110 U
1)
#800950200
1Q
b0 S
17
12
b1111101001 \
#801000000
0)
#801050000
07
b1110000 N
b111110100110 V
b111110100000 Z
1P
1)
#801100000
0)
#801150000
0R
0W
1O
b0 Y
b0 [
1)
#801150300
16
02
#801200000
0)
#801250000
06
0P
b0 U
1)
#801300000
0)
#801350000
1)
#801350400
0Q
17
12
b1111101010 \
#801400000
0)
#801450000
07
1P
1)
#801500000
0)
#801550000
1)
#801550500
16
02
#801600000
0)
#801650000
06
0P
1)
#801700000
0)
#801750000
1)
#801750600
17
12
b1111101011 \
#801800000
0)
#801850000
07
1P
1)
#801900000
0)
#801950000
1)
#801950700
16
02
#802000000
0)
#802050000
06
0P
1)
#802100000
0)
#802150000
1)
#802150800
17
12
b1111101100 \
#802200000
0)
#802250000
07
1P
1)
#802300000
0)
#802350000
1)
#802350900
16
02
#802400000
0)
#802450000
06
0P
1)
#802500000
0)
#802550000
1)
#802551000
17
12
b1111101101 \
#802600000
0)
#802650000
07
1P
1)
#802700000
0)
#802750000
1)
#802751100
16
02
#802800000
0)
#802850000
06
0P
1)
#802900000
0)
#802950000
1)
#802951200
17
12
b1111101110 \
#803000000
0)
#803050000
07
1P
1)
#803100000
0)
#803150000
1)
#803151300
16
02
#803200000
0)
#803250000
06
0P
1)
#803300000
0)
#803350000
1)
#803351400
17
12
b1111101111 \
#803400000
0)
#803450000
07
1P
1)
#803500000
0)
#803550000
1)
#803551500
16
02
#803600000
0)
#803650000
06
0P
1)
#803700000
0)
#803750000
1)
#803751600
17
12
b1111110000 \
#803800000
0)
#803850000
07
1P
1)
#803900000
0)
#803950000
1)
#803951700
16
02
#804000000
0)
#804050000
06
0P
1)
#804100000
0)
#804150000
1)
#804151800
17
12
b1111110001 \
#804200000
0)
#804250000
07
1P
1)
#804300000
0)
#804350000
1)
#804351900
16
02
#804400000
0)
#804450000
06
0P
1)
#804500000
0)
#804550000
1)
#804552000
17
12
b1111110010 \
#804600000
0)
#804650000
07
1P
1)
#804700000
0)
#804750000
1)
#804752100
16
02
#804800000
0)
#804850000
06
0P
1)
#804900000
0)
#804950000
1)
#804952200
17
12
b1111110011 \
#805000000
0)
#805050000
07
1P
1)
#805100000
0)
#805150000
1)
#805152300
16
02
#805200000
0)
#805250000
06
0P
1)
#805300000
0)
#805350000
1)
#805352400
17
12
b1111110100 \
#805400000
0)
#805450000
07
1P
1)
#805500000
0)
#805550000
1)
#805552500
16
02
#805600000
0)
#805650000
06
0P
1)
#805700000
0)
#805750000
1)
#805752600
17
12
b1111110101 \
#805800000
0)
#805850000
07
1P
1)
#805900000
0)
#805950000
1)
#805952700
16
02
#806000000
0)
#806050000
06
0P
1)
#806100000
0)
#806150000
1)
#806152800
17
12
b1111110110 \
#806200000
0)
#806250000
07
1P
1)
#806300000
0)
#806350000
1)
#806352900
16
02
#806400000
0)
#806450000
06
0P
1)
#806500000
0)
#806550000
1)
#806553000
17
12
b1111110111 \
#806600000
0)
#806650000
07
1P
1)
#806700000
0)
#806750000
1)
#806753100
16
02
#806800000
0)
#806850000
06
0P
1)
#806900000
0)
#806950000
1)
#806953200
17
12
b1111111000 \
#807000000
0)
#807050000
07
1P
1)
#807100000
0)
#807150000
1)
#807153300
16
02
#807200000
0)
#807250000
06
0P
1)
#807300000
0)
#807350000
1)
#807353400
17
12
b1111111001 \
#807400000
0)
#807450000
07
1P
1)
#807500000
0)
#807550000
1)
#807553500
16
02
#807600000
0)
#807650000
06
0P
1)
#807700000
0)
#807750000
1)
#807753600
17
12
b1111111010 \
#807800000
0)
#807850000
07
1P
1)
#807900000
0)
#807950000
1)
#807953700
16
02
#808000000
0)
#808050000
06
0P
1)
#808100000
0)
#808150000
1)
#808153800
17
12
b1111111011 \
#808200000
0)
#808250000
07
1P
1)
#808300000
0)
#808350000
1)
#808353900
16
02
#808400000
0)
#808450000
06
0P
1)
#808500000
0)
#808550000
1)
#808554000
1^
b1110 _
b1111111100 \
#808600000
0)
#808650000
1*
1-
b1110 (
b1110 3
1)
#808700000
0)
#808750000
1%
1)
#808800000
0)
#808850000
0%
b0 (
b0 3
0-
b1111 _
b0 /
b0 `
1)
#808900000
0)
#808950000
1-
b1111 (
b1111 3
1)
#809000000
0)
#809050000
1%
b1111 $
b1111 M
1)
#809100000
0)
#809150000
0%
b0 $
b0 M
b0 (
b0 3
0-
0^
b10000 _
b1111 0
b1111 `
1)
#809200000
0)
#809250000
1-
b10000 (
b10000 3
1)
#809300000
0)
#809350000
1%
b10100000 $
b10100000 M
1)
#809400000
0)
#809450000
0%
b0 $
b0 M
b0 (
b0 3
0*
0-
1^
b10001 _
b10100000 1
b10100000 `
1)
#809500000
0)
#809550000
1*
1-
b10001 (
b10001 3
1)
#809600000
0)
#809650000
1%
1)
#809700000
0)
#809750000
0%
b0 (
b0 3
0-
b10010 _
b0 `
1)
#809800000
0)
#809850000
1-
b10010 (
b10010 3
1)
#809900000
0)
#809950000
1%
b1111 $
b1111 M
1)
#810000000
0)
#810050000
0%
b0 $
b0 M
b0 (
b0 3
0-
0^
b10011 _
b1111 `
1)
#810100000
0)
#810150000
1-
b10011 (
b10011 3
1)
#810200000
0)
#810250000
1%
b10100110 $
b10100110 M
1)
#810300000
0)
#810350000
0%
b0 $
b0 M
b0 (
b0 3
0*
0-
b10100110 1
b10100110 `
1)
#810400000
0)
#810450000
1)
#810500000
0)
#810550000
1)
#810600000
0)
#810650000
1)
#810700000
0)
#810750000
1)
#810800000
0)
#810850000
1)
#810900000
0)
#810950000
1)
#811000000
0)
#811050000
1)
#811100000
0)
#811150000
1)
#811200000
0)
#811250000
1)
#811300000
0)
#811350000
1)
#811400000
0)
#811450000
1)
#811500000
0)
#811550000
1)
#811600000
0)
#811650000
1)
#811700000
0)
#811750000
1)
#811800000
0)
#811850000
1)
#811900000
0)
#811950000
1)
#812000000
0)
#812050000
1)
#812100000
0)
#812150000
1)
#812200000
0)
#812250000
1)
#812300000
0)
#812350000
1)
#812400000
0)
#812450000
1)
#812500000
0)
#812550000
1)
#812600000
0)
#812650000
1)
#812700000
0)
#812750000
1)
#812800000
0)
#812850000
1)
#812900000
0)
#812950000
1)
#813000000
0)
#813050000
1)
#813100000
0)
#813150000
1)
#813200000
0)
#813250000
1)
#813300000
0)
#813350000
1)
#813400000
0)
#813450000
1)
#813500000
0)
#813550000
1)
#813600000
0)
#813650000
1)
#813700000
0)
#813750000
1)
#813800000
0)
#813850000
1)
#813900000
0)
#813950000
1)
#814000000
0)
#814050000
1)
#814100000
0)
#814150000
1)
#814200000
0)
#814250000
1)
#814300000
0)
#814350000
1)
#814400000
0)
#814450000
1)
#814500000
0)
#814550000
1)
#814600000
0)
#814650000
1)
#814700000
0)
#814750000
1)
#814800000
0)
#814850000
1)
#814900000
0)
#814950000
1)
#815000000
0)
#815050000
1)
#815100000
0)
#815150000
1)
#815200000
0)
#815250000
1)
#815300000
0)
#815350000
1)
#815400000
0)
#815450000
1)
#815500000
0)
#815550000
1)
#815600000
0)
#815650000
1)
#815700000
0)
#815750000
1)
#815800000
0)
#815850000
1)
#815900000
0)
#815950000
1)
#816000000
0)
#816050000
1)
#816100000
0)
#816150000
1)
#816200000
0)
#816250000
1)
#816300000
0)
#816350000
1)
#816400000
0)
#816450000
1)
#816500000
0)
#816550000
1)
#816600000
0)
#816650000
1)
#816700000
0)
#816750000
1)
#816800000
0)
#816850000
1)
#816900000
0)
#816950000
1)
#817000000
0)
#817050000
1)
#817100000
0)
#817150000
1)
#817200000
0)
#817250000
1)
#817300000
0)
#817350000
1)
#817400000
0)
#817450000
1)
#817500000
0)
#817550000
1)
#817600000
0)
#817650000
1)
#817700000
0)
#817750000
1)
#817800000
0)
#817850000
1)
#817900000
0)
#817950000
1)
#818000000
0)
#818050000
1)
#818100000
0)
#818150000
1)
#818200000
0)
#818250000
1)
#818300000
0)
#818350000
1)
#818400000
0)
#818450000
1)
#818500000
0)
#818550000
1)
#818600000
0)
#818650000
1)
#818700000
0)
#818750000
1)
#818800000
0)
#818850000
1)
#818900000
0)
#818950000
1)
#819000000
0)
#819050000
1)
#819100000
0)
#819150000
1)
#819200000
0)
#819250000
1)
#819300000
0)
#819350000
1)
#819400000
0)
#819450000
1)
#819500000
0)
#819550000
1)
#819600000
0)
#819650000
1)
#819700000
0)
#819750000
1)
#819800000
0)
#819850000
1)
#819900000
0)
#819950000
1)
#820000000
0)
#820050000
1)
#820100000
0)
#820150000
1)
#820200000
0)
#820250000
1)
#820300000
0)
#820350000
1)
#820400000
0)
#820450000
1)
#820500000
0)
#820550000
1)
#820600000
0)
#820650000
1)
#820700000
0)
#820750000
1)
#820800000
0)
#820850000
1)
#820900000
0)
#820950000
1)
#821000000
0)
#821050000
1)
#821100000
0)
#821150000
1)
#821200000
0)
#821250000
1)
#821300000
0)
#821350000
1)
#821400000
0)
#821450000
1)
#821500000
0)
#821550000
1)
#821600000
0)
#821650000
1)
#821700000
0)
#821750000
1)
#821800000
0)
#821850000
1)
#821900000
0)
#821950000
1)
#822000000
0)
#822050000
1)
#822100000
0)
#822150000
1)
#822200000
0)
#822250000
1)
#822300000
0)
#822350000
1)
#822400000
0)
#822450000
1)
#822500000
0)
#822550000
1)
#822600000
0)
#822650000
1)
#822700000
0)
#822750000
1)
#822800000
0)
#822850000
1)
#822900000
0)
#822950000
1)
#823000000
0)
#823050000
1)
#823100000
0)
#823150000
1)
#823200000
0)
#823250000
1)
#823300000
0)
#823350000
1)
#823400000
0)
#823450000
1)
#823500000
0)
#823550000
1)
#823600000
0)
#823650000
1)
#823700000
0)
#823750000
1)
#823800000
0)
#823850000
1)
#823900000
0)
#823950000
1)
#824000000
0)
#824050000
1)
#824100000
0)
#824150000
1)
#824200000
0)
#824250000
1)
#824300000
0)
#824350000
1)
#824400000
0)
#824450000
1)
#824500000
0)
#824550000
1)
#824600000
0)
#824650000
1)
#824700000
0)
#824750000
1)
#824800000
0)
#824850000
1)
#824900000
0)
#824950000
1)
#825000000
0)
#825050000
1)
#825100000
0)
#825150000
1)
#825200000
0)
#825250000
1)
#825300000
0)
#825350000
1)
