
===========================================================================
report_checks -path_delay min (Hold)
============================================================================
======================= min_ss_125C_4v50 Corner ===================================

Startpoint: _837_ (rising edge-triggered flip-flop clocked by system_clock)
Endpoint: _838_ (rising edge-triggered flip-flop clocked by system_clock)
Path Group: system_clock
Path Type: min

Fanout         Cap        Slew       Delay        Time   Description
---------------------------------------------------------------------------------------------
                                  0.000000    0.000000   clock system_clock (rise edge)
                                  0.000000    0.000000   clock source latency
     1    0.038862    0.000000    0.000000    0.000000 ^ CLK_I (in)
                                                         CLK_I (net)
                      0.004005    0.001638    0.001638 ^ clkbuf_0_CLK_I/I (gf180mcu_fd_sc_mcu7t5v0__clkbuf_16)
     8    0.201827    0.438940    0.568479    0.570117 ^ clkbuf_0_CLK_I/Z (gf180mcu_fd_sc_mcu7t5v0__clkbuf_16)
                                                         clknet_0_CLK_I (net)
                      0.438951    0.003323    0.573440 ^ clkbuf_3_2__f_CLK_I/I (gf180mcu_fd_sc_mcu7t5v0__clkbuf_16)
    16    0.074359    0.242639    0.527880    1.101320 ^ clkbuf_3_2__f_CLK_I/Z (gf180mcu_fd_sc_mcu7t5v0__clkbuf_16)
                                                         clknet_3_2__leaf_CLK_I (net)
                      0.242639    0.000494    1.101814 ^ _837_/CLK (gf180mcu_fd_sc_mcu7t5v0__dffq_1)
     3    0.015138    0.356505    1.347721    2.449535 v _837_/Q (gf180mcu_fd_sc_mcu7t5v0__dffq_1)
                                                         address_data_buffer_internal[1] (net)
                      0.356505    0.000117    2.449652 v _764_/A1 (gf180mcu_fd_sc_mcu7t5v0__nand4_1)
     1    0.006854    0.497508    0.410236    2.859888 ^ _764_/ZN (gf180mcu_fd_sc_mcu7t5v0__nand4_1)
                                                         _385_ (net)
                      0.497508    0.000087    2.859976 ^ _765_/B (gf180mcu_fd_sc_mcu7t5v0__oai21_1)
     1    0.003030    0.251406    0.230607    3.090583 v _765_/ZN (gf180mcu_fd_sc_mcu7t5v0__oai21_1)
                                                         _051_ (net)
                      0.251406    0.000030    3.090612 v _838_/D (gf180mcu_fd_sc_mcu7t5v0__dffq_1)
                                              3.090612   data arrival time

                                  0.000000    0.000000   clock system_clock (rise edge)
                                  0.000000    0.000000   clock source latency
     1    0.038862    0.000000    0.000000    0.000000 ^ CLK_I (in)
                                                         CLK_I (net)
                      0.004005    0.001638    0.001638 ^ clkbuf_0_CLK_I/I (gf180mcu_fd_sc_mcu7t5v0__clkbuf_16)
     8    0.201827    0.438940    0.568479    0.570117 ^ clkbuf_0_CLK_I/Z (gf180mcu_fd_sc_mcu7t5v0__clkbuf_16)
                                                         clknet_0_CLK_I (net)
                      0.438951    0.003323    0.573440 ^ clkbuf_3_2__f_CLK_I/I (gf180mcu_fd_sc_mcu7t5v0__clkbuf_16)
    16    0.074359    0.242639    0.527880    1.101320 ^ clkbuf_3_2__f_CLK_I/Z (gf180mcu_fd_sc_mcu7t5v0__clkbuf_16)
                                                         clknet_3_2__leaf_CLK_I (net)
                      0.242639    0.000599    1.101919 ^ _838_/CLK (gf180mcu_fd_sc_mcu7t5v0__dffq_1)
                                  0.500000    1.601919   clock uncertainty
                                  0.000000    1.601919   clock reconvergence pessimism
                                  0.135903    1.737822   library hold time
                                              1.737822   data required time
---------------------------------------------------------------------------------------------
                                              1.737822   data required time
                                             -3.090612   data arrival time
---------------------------------------------------------------------------------------------
                                              1.352790   slack (MET)


Startpoint: _843_ (rising edge-triggered flip-flop clocked by system_clock)
Endpoint: _843_ (rising edge-triggered flip-flop clocked by system_clock)
Path Group: system_clock
Path Type: min

Fanout         Cap        Slew       Delay        Time   Description
---------------------------------------------------------------------------------------------
                                  0.000000    0.000000   clock system_clock (rise edge)
                                  0.000000    0.000000   clock source latency
     1    0.038862    0.000000    0.000000    0.000000 ^ CLK_I (in)
                                                         CLK_I (net)
                      0.004005    0.001638    0.001638 ^ clkbuf_0_CLK_I/I (gf180mcu_fd_sc_mcu7t5v0__clkbuf_16)
     8    0.201827    0.438940    0.568479    0.570117 ^ clkbuf_0_CLK_I/Z (gf180mcu_fd_sc_mcu7t5v0__clkbuf_16)
                                                         clknet_0_CLK_I (net)
                      0.438951    0.003323    0.573440 ^ clkbuf_3_2__f_CLK_I/I (gf180mcu_fd_sc_mcu7t5v0__clkbuf_16)
    16    0.074359    0.242639    0.527880    1.101320 ^ clkbuf_3_2__f_CLK_I/Z (gf180mcu_fd_sc_mcu7t5v0__clkbuf_16)
                                                         clknet_3_2__leaf_CLK_I (net)
                      0.242640    0.000934    1.102254 ^ _843_/CLK (gf180mcu_fd_sc_mcu7t5v0__dffq_1)
     3    0.015234    0.346852    1.348706    2.450961 v _843_/Q (gf180mcu_fd_sc_mcu7t5v0__dffq_1)
                                                         address_data_buffer_internal[7] (net)
                      0.346852    0.000175    2.451135 v _770_/I0 (gf180mcu_fd_sc_mcu7t5v0__mux2_2)
     1    0.002913    0.194061    0.656477    3.107613 v _770_/Z (gf180mcu_fd_sc_mcu7t5v0__mux2_2)
                                                         _056_ (net)
                      0.194061    0.000028    3.107641 v _843_/D (gf180mcu_fd_sc_mcu7t5v0__dffq_1)
                                              3.107641   data arrival time

                                  0.000000    0.000000   clock system_clock (rise edge)
                                  0.000000    0.000000   clock source latency
     1    0.038862    0.000000    0.000000    0.000000 ^ CLK_I (in)
                                                         CLK_I (net)
                      0.004005    0.001638    0.001638 ^ clkbuf_0_CLK_I/I (gf180mcu_fd_sc_mcu7t5v0__clkbuf_16)
     8    0.201827    0.438940    0.568479    0.570117 ^ clkbuf_0_CLK_I/Z (gf180mcu_fd_sc_mcu7t5v0__clkbuf_16)
                                                         clknet_0_CLK_I (net)
                      0.438951    0.003323    0.573440 ^ clkbuf_3_2__f_CLK_I/I (gf180mcu_fd_sc_mcu7t5v0__clkbuf_16)
    16    0.074359    0.242639    0.527880    1.101320 ^ clkbuf_3_2__f_CLK_I/Z (gf180mcu_fd_sc_mcu7t5v0__clkbuf_16)
                                                         clknet_3_2__leaf_CLK_I (net)
                      0.242640    0.000934    1.102254 ^ _843_/CLK (gf180mcu_fd_sc_mcu7t5v0__dffq_1)
                                  0.500000    1.602254   clock uncertainty
                                  0.000000    1.602254   clock reconvergence pessimism
                                  0.148067    1.750321   library hold time
                                              1.750321   data required time
---------------------------------------------------------------------------------------------
                                              1.750321   data required time
                                             -3.107641   data arrival time
---------------------------------------------------------------------------------------------
                                              1.357320   slack (MET)


Startpoint: _841_ (rising edge-triggered flip-flop clocked by system_clock)
Endpoint: _841_ (rising edge-triggered flip-flop clocked by system_clock)
Path Group: system_clock
Path Type: min

Fanout         Cap        Slew       Delay        Time   Description
---------------------------------------------------------------------------------------------
                                  0.000000    0.000000   clock system_clock (rise edge)
                                  0.000000    0.000000   clock source latency
     1    0.038862    0.000000    0.000000    0.000000 ^ CLK_I (in)
                                                         CLK_I (net)
                      0.004005    0.001638    0.001638 ^ clkbuf_0_CLK_I/I (gf180mcu_fd_sc_mcu7t5v0__clkbuf_16)
     8    0.201827    0.438940    0.568479    0.570117 ^ clkbuf_0_CLK_I/Z (gf180mcu_fd_sc_mcu7t5v0__clkbuf_16)
                                                         clknet_0_CLK_I (net)
                      0.438951    0.003323    0.573440 ^ clkbuf_3_2__f_CLK_I/I (gf180mcu_fd_sc_mcu7t5v0__clkbuf_16)
    16    0.074359    0.242639    0.527880    1.101320 ^ clkbuf_3_2__f_CLK_I/Z (gf180mcu_fd_sc_mcu7t5v0__clkbuf_16)
                                                         clknet_3_2__leaf_CLK_I (net)
                      0.242640    0.000889    1.102209 ^ _841_/CLK (gf180mcu_fd_sc_mcu7t5v0__dffq_1)
     4    0.020850    0.427209    1.411287    2.513496 v _841_/Q (gf180mcu_fd_sc_mcu7t5v0__dffq_1)
                                                         address_data_buffer_internal[5] (net)
                      0.427209    0.000275    2.513771 v _768_/I0 (gf180mcu_fd_sc_mcu7t5v0__mux2_2)
     1    0.002965    0.194680    0.671650    3.185421 v _768_/Z (gf180mcu_fd_sc_mcu7t5v0__mux2_2)
                                                         _054_ (net)
                      0.194680    0.000053    3.185474 v _841_/D (gf180mcu_fd_sc_mcu7t5v0__dffq_1)
                                              3.185474   data arrival time

                                  0.000000    0.000000   clock system_clock (rise edge)
                                  0.000000    0.000000   clock source latency
     1    0.038862    0.000000    0.000000    0.000000 ^ CLK_I (in)
                                                         CLK_I (net)
                      0.004005    0.001638    0.001638 ^ clkbuf_0_CLK_I/I (gf180mcu_fd_sc_mcu7t5v0__clkbuf_16)
     8    0.201827    0.438940    0.568479    0.570117 ^ clkbuf_0_CLK_I/Z (gf180mcu_fd_sc_mcu7t5v0__clkbuf_16)
                                                         clknet_0_CLK_I (net)
                      0.438951    0.003323    0.573440 ^ clkbuf_3_2__f_CLK_I/I (gf180mcu_fd_sc_mcu7t5v0__clkbuf_16)
    16    0.074359    0.242639    0.527880    1.101320 ^ clkbuf_3_2__f_CLK_I/Z (gf180mcu_fd_sc_mcu7t5v0__clkbuf_16)
                                                         clknet_3_2__leaf_CLK_I (net)
                      0.242640    0.000889    1.102209 ^ _841_/CLK (gf180mcu_fd_sc_mcu7t5v0__dffq_1)
                                  0.500000    1.602209   clock uncertainty
                                  0.000000    1.602209   clock reconvergence pessimism
                                  0.147953    1.750162   library hold time
                                              1.750162   data required time
---------------------------------------------------------------------------------------------
                                              1.750162   data required time
                                             -3.185474   data arrival time
---------------------------------------------------------------------------------------------
                                              1.435312   slack (MET)


Startpoint: _837_ (rising edge-triggered flip-flop clocked by system_clock)
Endpoint: _837_ (rising edge-triggered flip-flop clocked by system_clock)
Path Group: system_clock
Path Type: min

Fanout         Cap        Slew       Delay        Time   Description
---------------------------------------------------------------------------------------------
                                  0.000000    0.000000   clock system_clock (rise edge)
                                  0.000000    0.000000   clock source latency
     1    0.038862    0.000000    0.000000    0.000000 ^ CLK_I (in)
                                                         CLK_I (net)
                      0.004005    0.001638    0.001638 ^ clkbuf_0_CLK_I/I (gf180mcu_fd_sc_mcu7t5v0__clkbuf_16)
     8    0.201827    0.438940    0.568479    0.570117 ^ clkbuf_0_CLK_I/Z (gf180mcu_fd_sc_mcu7t5v0__clkbuf_16)
                                                         clknet_0_CLK_I (net)
                      0.438951    0.003323    0.573440 ^ clkbuf_3_2__f_CLK_I/I (gf180mcu_fd_sc_mcu7t5v0__clkbuf_16)
    16    0.074359    0.242639    0.527880    1.101320 ^ clkbuf_3_2__f_CLK_I/Z (gf180mcu_fd_sc_mcu7t5v0__clkbuf_16)
                                                         clknet_3_2__leaf_CLK_I (net)
                      0.242639    0.000494    1.101814 ^ _837_/CLK (gf180mcu_fd_sc_mcu7t5v0__dffq_1)
     3    0.015138    0.356505    1.347721    2.449535 v _837_/Q (gf180mcu_fd_sc_mcu7t5v0__dffq_1)
                                                         address_data_buffer_internal[1] (net)
                      0.356505    0.000109    2.449645 v _424_/I (gf180mcu_fd_sc_mcu7t5v0__clkinv_1)
     3    0.019017    0.599358    0.456735    2.906380 ^ _424_/ZN (gf180mcu_fd_sc_mcu7t5v0__clkinv_1)
                                                         _097_ (net)
                      0.599358    0.000212    2.906592 ^ _763_/A2 (gf180mcu_fd_sc_mcu7t5v0__oai21_1)
     1    0.003280    0.257010    0.278849    3.185441 v _763_/ZN (gf180mcu_fd_sc_mcu7t5v0__oai21_1)
                                                         _050_ (net)
                      0.257010    0.000060    3.185501 v _837_/D (gf180mcu_fd_sc_mcu7t5v0__dffq_1)
                                              3.185501   data arrival time

                                  0.000000    0.000000   clock system_clock (rise edge)
                                  0.000000    0.000000   clock source latency
     1    0.038862    0.000000    0.000000    0.000000 ^ CLK_I (in)
                                                         CLK_I (net)
                      0.004005    0.001638    0.001638 ^ clkbuf_0_CLK_I/I (gf180mcu_fd_sc_mcu7t5v0__clkbuf_16)
     8    0.201827    0.438940    0.568479    0.570117 ^ clkbuf_0_CLK_I/Z (gf180mcu_fd_sc_mcu7t5v0__clkbuf_16)
                                                         clknet_0_CLK_I (net)
                      0.438951    0.003323    0.573440 ^ clkbuf_3_2__f_CLK_I/I (gf180mcu_fd_sc_mcu7t5v0__clkbuf_16)
    16    0.074359    0.242639    0.527880    1.101320 ^ clkbuf_3_2__f_CLK_I/Z (gf180mcu_fd_sc_mcu7t5v0__clkbuf_16)
                                                         clknet_3_2__leaf_CLK_I (net)
                      0.242639    0.000494    1.101814 ^ _837_/CLK (gf180mcu_fd_sc_mcu7t5v0__dffq_1)
                                  0.500000    1.601814   clock uncertainty
                                  0.000000    1.601814   clock reconvergence pessimism
                                  0.134220    1.736034   library hold time
                                              1.736034   data required time
---------------------------------------------------------------------------------------------
                                              1.736034   data required time
                                             -3.185501   data arrival time
---------------------------------------------------------------------------------------------
                                              1.449467   slack (MET)


Startpoint: _841_ (rising edge-triggered flip-flop clocked by system_clock)
Endpoint: _842_ (rising edge-triggered flip-flop clocked by system_clock)
Path Group: system_clock
Path Type: min

Fanout         Cap        Slew       Delay        Time   Description
---------------------------------------------------------------------------------------------
                                  0.000000    0.000000   clock system_clock (rise edge)
                                  0.000000    0.000000   clock source latency
     1    0.038862    0.000000    0.000000    0.000000 ^ CLK_I (in)
                                                         CLK_I (net)
                      0.004005    0.001638    0.001638 ^ clkbuf_0_CLK_I/I (gf180mcu_fd_sc_mcu7t5v0__clkbuf_16)
     8    0.201827    0.438940    0.568479    0.570117 ^ clkbuf_0_CLK_I/Z (gf180mcu_fd_sc_mcu7t5v0__clkbuf_16)
                                                         clknet_0_CLK_I (net)
                      0.438951    0.003323    0.573440 ^ clkbuf_3_2__f_CLK_I/I (gf180mcu_fd_sc_mcu7t5v0__clkbuf_16)
    16    0.074359    0.242639    0.527880    1.101320 ^ clkbuf_3_2__f_CLK_I/Z (gf180mcu_fd_sc_mcu7t5v0__clkbuf_16)
                                                         clknet_3_2__leaf_CLK_I (net)
                      0.242640    0.000889    1.102209 ^ _841_/CLK (gf180mcu_fd_sc_mcu7t5v0__dffq_1)
     4    0.020850    0.427209    1.411287    2.513496 v _841_/Q (gf180mcu_fd_sc_mcu7t5v0__dffq_1)
                                                         address_data_buffer_internal[5] (net)
                      0.427209    0.000282    2.513777 v _769_/I1 (gf180mcu_fd_sc_mcu7t5v0__mux2_2)
     1    0.004043    0.208096    0.693590    3.207367 v _769_/Z (gf180mcu_fd_sc_mcu7t5v0__mux2_2)
                                                         _055_ (net)
                      0.208096    0.000046    3.207413 v _842_/D (gf180mcu_fd_sc_mcu7t5v0__dffq_1)
                                              3.207413   data arrival time

                                  0.000000    0.000000   clock system_clock (rise edge)
                                  0.000000    0.000000   clock source latency
     1    0.038862    0.000000    0.000000    0.000000 ^ CLK_I (in)
                                                         CLK_I (net)
                      0.004005    0.001638    0.001638 ^ clkbuf_0_CLK_I/I (gf180mcu_fd_sc_mcu7t5v0__clkbuf_16)
     8    0.201827    0.438940    0.568479    0.570117 ^ clkbuf_0_CLK_I/Z (gf180mcu_fd_sc_mcu7t5v0__clkbuf_16)
                                                         clknet_0_CLK_I (net)
                      0.438951    0.003323    0.573440 ^ clkbuf_3_2__f_CLK_I/I (gf180mcu_fd_sc_mcu7t5v0__clkbuf_16)
    16    0.074359    0.242639    0.527880    1.101320 ^ clkbuf_3_2__f_CLK_I/Z (gf180mcu_fd_sc_mcu7t5v0__clkbuf_16)
                                                         clknet_3_2__leaf_CLK_I (net)
                      0.242640    0.000862    1.102183 ^ _842_/CLK (gf180mcu_fd_sc_mcu7t5v0__dffq_1)
                                  0.500000    1.602183   clock uncertainty
                                  0.000000    1.602183   clock reconvergence pessimism
                                  0.145494    1.747677   library hold time
                                              1.747677   data required time
---------------------------------------------------------------------------------------------
                                              1.747677   data required time
                                             -3.207413   data arrival time
---------------------------------------------------------------------------------------------
                                              1.459737   slack (MET)


Startpoint: _838_ (rising edge-triggered flip-flop clocked by system_clock)
Endpoint: _839_ (rising edge-triggered flip-flop clocked by system_clock)
Path Group: system_clock
Path Type: min

Fanout         Cap        Slew       Delay        Time   Description
---------------------------------------------------------------------------------------------
                                  0.000000    0.000000   clock system_clock (rise edge)
                                  0.000000    0.000000   clock source latency
     1    0.038862    0.000000    0.000000    0.000000 ^ CLK_I (in)
                                                         CLK_I (net)
                      0.004005    0.001638    0.001638 ^ clkbuf_0_CLK_I/I (gf180mcu_fd_sc_mcu7t5v0__clkbuf_16)
     8    0.201827    0.438940    0.568479    0.570117 ^ clkbuf_0_CLK_I/Z (gf180mcu_fd_sc_mcu7t5v0__clkbuf_16)
                                                         clknet_0_CLK_I (net)
                      0.438951    0.003323    0.573440 ^ clkbuf_3_2__f_CLK_I/I (gf180mcu_fd_sc_mcu7t5v0__clkbuf_16)
    16    0.074359    0.242639    0.527880    1.101320 ^ clkbuf_3_2__f_CLK_I/Z (gf180mcu_fd_sc_mcu7t5v0__clkbuf_16)
                                                         clknet_3_2__leaf_CLK_I (net)
                      0.242639    0.000599    1.101919 ^ _838_/CLK (gf180mcu_fd_sc_mcu7t5v0__dffq_1)
     4    0.021662    0.438857    1.419554    2.521473 v _838_/Q (gf180mcu_fd_sc_mcu7t5v0__dffq_1)
                                                         address_data_buffer_internal[2] (net)
                      0.438857    0.000143    2.521616 v _766_/I1 (gf180mcu_fd_sc_mcu7t5v0__mux2_2)
     1    0.003857    0.200653    0.693288    3.214904 v _766_/Z (gf180mcu_fd_sc_mcu7t5v0__mux2_2)
                                                         _052_ (net)
                      0.200653    0.000075    3.214979 v _839_/D (gf180mcu_fd_sc_mcu7t5v0__dffq_1)
                                              3.214979   data arrival time

                                  0.000000    0.000000   clock system_clock (rise edge)
                                  0.000000    0.000000   clock source latency
     1    0.038862    0.000000    0.000000    0.000000 ^ CLK_I (in)
                                                         CLK_I (net)
                      0.004005    0.001638    0.001638 ^ clkbuf_0_CLK_I/I (gf180mcu_fd_sc_mcu7t5v0__clkbuf_16)
     8    0.201827    0.438940    0.568479    0.570117 ^ clkbuf_0_CLK_I/Z (gf180mcu_fd_sc_mcu7t5v0__clkbuf_16)
                                                         clknet_0_CLK_I (net)
                      0.438951    0.003323    0.573440 ^ clkbuf_3_2__f_CLK_I/I (gf180mcu_fd_sc_mcu7t5v0__clkbuf_16)
    16    0.074359    0.242639    0.527880    1.101320 ^ clkbuf_3_2__f_CLK_I/Z (gf180mcu_fd_sc_mcu7t5v0__clkbuf_16)
                                                         clknet_3_2__leaf_CLK_I (net)
                      0.242640    0.000827    1.102147 ^ _839_/CLK (gf180mcu_fd_sc_mcu7t5v0__dffq_1)
                                  0.500000    1.602147   clock uncertainty
                                  0.000000    1.602147   clock reconvergence pessimism
                                  0.146858    1.749006   library hold time
                                              1.749006   data required time
---------------------------------------------------------------------------------------------
                                              1.749006   data required time
                                             -3.214979   data arrival time
---------------------------------------------------------------------------------------------
                                              1.465973   slack (MET)


Startpoint: _899_ (rising edge-triggered flip-flop clocked by system_clock)
Endpoint: _896_ (rising edge-triggered flip-flop clocked by system_clock)
Path Group: system_clock
Path Type: min

Fanout         Cap        Slew       Delay        Time   Description
---------------------------------------------------------------------------------------------
                                  0.000000    0.000000   clock system_clock (rise edge)
                                  0.000000    0.000000   clock source latency
     1    0.038862    0.000000    0.000000    0.000000 ^ CLK_I (in)
                                                         CLK_I (net)
                      0.004005    0.001638    0.001638 ^ clkbuf_0_CLK_I/I (gf180mcu_fd_sc_mcu7t5v0__clkbuf_16)
     8    0.201827    0.438940    0.568479    0.570117 ^ clkbuf_0_CLK_I/Z (gf180mcu_fd_sc_mcu7t5v0__clkbuf_16)
                                                         clknet_0_CLK_I (net)
                      0.438951    0.003323    0.573440 ^ clkbuf_3_2__f_CLK_I/I (gf180mcu_fd_sc_mcu7t5v0__clkbuf_16)
    16    0.074359    0.242639    0.527880    1.101320 ^ clkbuf_3_2__f_CLK_I/Z (gf180mcu_fd_sc_mcu7t5v0__clkbuf_16)
                                                         clknet_3_2__leaf_CLK_I (net)
                      0.242640    0.000943    1.102263 ^ _899_/CLK (gf180mcu_fd_sc_mcu7t5v0__dffq_1)
     3    0.032690    0.598136    1.530151    2.632414 v _899_/Q (gf180mcu_fd_sc_mcu7t5v0__dffq_1)
                                                         i2c_scl_in_synchronised_internal (net)
                      0.598136    0.000518    2.632932 v _421_/I (gf180mcu_fd_sc_mcu7t5v0__clkinv_1)
     3    0.013162    0.485879    0.435604    3.068537 ^ _421_/ZN (gf180mcu_fd_sc_mcu7t5v0__clkinv_1)
                                                         _094_ (net)
                      0.485879    0.000188    3.068725 ^ _438_/A1 (gf180mcu_fd_sc_mcu7t5v0__nor2_1)
     1    0.002674    0.219797    0.187470    3.256195 v _438_/ZN (gf180mcu_fd_sc_mcu7t5v0__nor2_1)
                                                         _001_ (net)
                      0.219797    0.000025    3.256220 v _896_/D (gf180mcu_fd_sc_mcu7t5v0__dffq_1)
                                              3.256220   data arrival time

                                  0.000000    0.000000   clock system_clock (rise edge)
                                  0.000000    0.000000   clock source latency
     1    0.038862    0.000000    0.000000    0.000000 ^ CLK_I (in)
                                                         CLK_I (net)
                      0.004005    0.001638    0.001638 ^ clkbuf_0_CLK_I/I (gf180mcu_fd_sc_mcu7t5v0__clkbuf_16)
     8    0.201827    0.438940    0.568479    0.570117 ^ clkbuf_0_CLK_I/Z (gf180mcu_fd_sc_mcu7t5v0__clkbuf_16)
                                                         clknet_0_CLK_I (net)
                      0.438951    0.003323    0.573440 ^ clkbuf_3_2__f_CLK_I/I (gf180mcu_fd_sc_mcu7t5v0__clkbuf_16)
    16    0.074359    0.242639    0.527880    1.101320 ^ clkbuf_3_2__f_CLK_I/Z (gf180mcu_fd_sc_mcu7t5v0__clkbuf_16)
                                                         clknet_3_2__leaf_CLK_I (net)
                      0.242640    0.000921    1.102241 ^ _896_/CLK (gf180mcu_fd_sc_mcu7t5v0__dffq_1)
                                  0.500000    1.602241   clock uncertainty
                                  0.000000    1.602241   clock reconvergence pessimism
                                  0.143349    1.745591   library hold time
                                              1.745591   data required time
---------------------------------------------------------------------------------------------
                                              1.745591   data required time
                                             -3.256220   data arrival time
---------------------------------------------------------------------------------------------
                                              1.510629   slack (MET)


Startpoint: _840_ (rising edge-triggered flip-flop clocked by system_clock)
Endpoint: _840_ (rising edge-triggered flip-flop clocked by system_clock)
Path Group: system_clock
Path Type: min

Fanout         Cap        Slew       Delay        Time   Description
---------------------------------------------------------------------------------------------
                                  0.000000    0.000000   clock system_clock (rise edge)
                                  0.000000    0.000000   clock source latency
     1    0.038862    0.000000    0.000000    0.000000 ^ CLK_I (in)
                                                         CLK_I (net)
                      0.004005    0.001638    0.001638 ^ clkbuf_0_CLK_I/I (gf180mcu_fd_sc_mcu7t5v0__clkbuf_16)
     8    0.201827    0.438940    0.568479    0.570117 ^ clkbuf_0_CLK_I/Z (gf180mcu_fd_sc_mcu7t5v0__clkbuf_16)
                                                         clknet_0_CLK_I (net)
                      0.438951    0.003323    0.573440 ^ clkbuf_3_2__f_CLK_I/I (gf180mcu_fd_sc_mcu7t5v0__clkbuf_16)
    16    0.074359    0.242639    0.527880    1.101320 ^ clkbuf_3_2__f_CLK_I/Z (gf180mcu_fd_sc_mcu7t5v0__clkbuf_16)
                                                         clknet_3_2__leaf_CLK_I (net)
                      0.242640    0.000869    1.102190 ^ _840_/CLK (gf180mcu_fd_sc_mcu7t5v0__dffq_1)
     4    0.025847    0.498851    1.461670    2.563860 v _840_/Q (gf180mcu_fd_sc_mcu7t5v0__dffq_1)
                                                         address_data_buffer_internal[4] (net)
                      0.498851    0.000390    2.564250 v _767_/I0 (gf180mcu_fd_sc_mcu7t5v0__mux2_2)
     1    0.003890    0.206105    0.696271    3.260521 v _767_/Z (gf180mcu_fd_sc_mcu7t5v0__mux2_2)
                                                         _053_ (net)
                      0.206105    0.000043    3.260564 v _840_/D (gf180mcu_fd_sc_mcu7t5v0__dffq_1)
                                              3.260564   data arrival time

                                  0.000000    0.000000   clock system_clock (rise edge)
                                  0.000000    0.000000   clock source latency
     1    0.038862    0.000000    0.000000    0.000000 ^ CLK_I (in)
                                                         CLK_I (net)
                      0.004005    0.001638    0.001638 ^ clkbuf_0_CLK_I/I (gf180mcu_fd_sc_mcu7t5v0__clkbuf_16)
     8    0.201827    0.438940    0.568479    0.570117 ^ clkbuf_0_CLK_I/Z (gf180mcu_fd_sc_mcu7t5v0__clkbuf_16)
                                                         clknet_0_CLK_I (net)
                      0.438951    0.003323    0.573440 ^ clkbuf_3_2__f_CLK_I/I (gf180mcu_fd_sc_mcu7t5v0__clkbuf_16)
    16    0.074359    0.242639    0.527880    1.101320 ^ clkbuf_3_2__f_CLK_I/Z (gf180mcu_fd_sc_mcu7t5v0__clkbuf_16)
                                                         clknet_3_2__leaf_CLK_I (net)
                      0.242640    0.000869    1.102190 ^ _840_/CLK (gf180mcu_fd_sc_mcu7t5v0__dffq_1)
                                  0.500000    1.602190   clock uncertainty
                                  0.000000    1.602190   clock reconvergence pessimism
                                  0.145859    1.748049   library hold time
                                              1.748049   data required time
---------------------------------------------------------------------------------------------
                                              1.748049   data required time
                                             -3.260564   data arrival time
---------------------------------------------------------------------------------------------
                                              1.512515   slack (MET)


Startpoint: _868_ (rising edge-triggered flip-flop clocked by system_clock)
Endpoint: _868_ (rising edge-triggered flip-flop clocked by system_clock)
Path Group: system_clock
Path Type: min

Fanout         Cap        Slew       Delay        Time   Description
---------------------------------------------------------------------------------------------
                                  0.000000    0.000000   clock system_clock (rise edge)
                                  0.000000    0.000000   clock source latency
     1    0.038862    0.000000    0.000000    0.000000 ^ CLK_I (in)
                                                         CLK_I (net)
                      0.004005    0.001638    0.001638 ^ clkbuf_0_CLK_I/I (gf180mcu_fd_sc_mcu7t5v0__clkbuf_16)
     8    0.201827    0.438940    0.568479    0.570117 ^ clkbuf_0_CLK_I/Z (gf180mcu_fd_sc_mcu7t5v0__clkbuf_16)
                                                         clknet_0_CLK_I (net)
                      0.438949    0.003091    0.573207 ^ clkbuf_3_3__f_CLK_I/I (gf180mcu_fd_sc_mcu7t5v0__clkbuf_16)
    10    0.065340    0.229177    0.517455    1.090662 ^ clkbuf_3_3__f_CLK_I/Z (gf180mcu_fd_sc_mcu7t5v0__clkbuf_16)
                                                         clknet_3_3__leaf_CLK_I (net)
                      0.229177    0.000485    1.091147 ^ _868_/CLK (gf180mcu_fd_sc_mcu7t5v0__dffq_1)
     2    0.013383    0.321100    1.324658    2.415805 v _868_/Q (gf180mcu_fd_sc_mcu7t5v0__dffq_1)
                                                         addr_set_register[2] (net)
                      0.321100    0.000229    2.416034 v _420_/I (gf180mcu_fd_sc_mcu7t5v0__clkinv_1)
     4    0.027651    0.829674    0.579961    2.995994 ^ _420_/ZN (gf180mcu_fd_sc_mcu7t5v0__clkinv_1)
                                                         _093_ (net)
                      0.829674    0.000351    2.996345 ^ _454_/A1 (gf180mcu_fd_sc_mcu7t5v0__aoi21_1)
     1    0.003410    0.316312    0.232549    3.228894 v _454_/ZN (gf180mcu_fd_sc_mcu7t5v0__aoi21_1)
                                                         _002_ (net)
                      0.316312    0.000064    3.228959 v _868_/D (gf180mcu_fd_sc_mcu7t5v0__dffq_1)
                                              3.228959   data arrival time

                                  0.000000    0.000000   clock system_clock (rise edge)
                                  0.000000    0.000000   clock source latency
     1    0.038862    0.000000    0.000000    0.000000 ^ CLK_I (in)
                                                         CLK_I (net)
                      0.004005    0.001638    0.001638 ^ clkbuf_0_CLK_I/I (gf180mcu_fd_sc_mcu7t5v0__clkbuf_16)
     8    0.201827    0.438940    0.568479    0.570117 ^ clkbuf_0_CLK_I/Z (gf180mcu_fd_sc_mcu7t5v0__clkbuf_16)
                                                         clknet_0_CLK_I (net)
                      0.438949    0.003091    0.573207 ^ clkbuf_3_3__f_CLK_I/I (gf180mcu_fd_sc_mcu7t5v0__clkbuf_16)
    10    0.065340    0.229177    0.517455    1.090662 ^ clkbuf_3_3__f_CLK_I/Z (gf180mcu_fd_sc_mcu7t5v0__clkbuf_16)
                                                         clknet_3_3__leaf_CLK_I (net)
                      0.229177    0.000485    1.091147 ^ _868_/CLK (gf180mcu_fd_sc_mcu7t5v0__dffq_1)
                                  0.500000    1.591147   clock uncertainty
                                  0.000000    1.591147   clock reconvergence pessimism
                                  0.113618    1.704765   library hold time
                                              1.704765   data required time
---------------------------------------------------------------------------------------------
                                              1.704765   data required time
                                             -3.228959   data arrival time
---------------------------------------------------------------------------------------------
                                              1.524194   slack (MET)


Startpoint: _899_ (rising edge-triggered flip-flop clocked by system_clock)
Endpoint: _846_ (rising edge-triggered flip-flop clocked by system_clock)
Path Group: system_clock
Path Type: min

Fanout         Cap        Slew       Delay        Time   Description
---------------------------------------------------------------------------------------------
                                  0.000000    0.000000   clock system_clock (rise edge)
                                  0.000000    0.000000   clock source latency
     1    0.038862    0.000000    0.000000    0.000000 ^ CLK_I (in)
                                                         CLK_I (net)
                      0.004005    0.001638    0.001638 ^ clkbuf_0_CLK_I/I (gf180mcu_fd_sc_mcu7t5v0__clkbuf_16)
     8    0.201827    0.438940    0.568479    0.570117 ^ clkbuf_0_CLK_I/Z (gf180mcu_fd_sc_mcu7t5v0__clkbuf_16)
                                                         clknet_0_CLK_I (net)
                      0.438951    0.003323    0.573440 ^ clkbuf_3_2__f_CLK_I/I (gf180mcu_fd_sc_mcu7t5v0__clkbuf_16)
    16    0.074359    0.242639    0.527880    1.101320 ^ clkbuf_3_2__f_CLK_I/Z (gf180mcu_fd_sc_mcu7t5v0__clkbuf_16)
                                                         clknet_3_2__leaf_CLK_I (net)
                      0.242640    0.000943    1.102263 ^ _899_/CLK (gf180mcu_fd_sc_mcu7t5v0__dffq_1)
     3    0.032690    0.598136    1.530151    2.632414 v _899_/Q (gf180mcu_fd_sc_mcu7t5v0__dffq_1)
                                                         i2c_scl_in_synchronised_internal (net)
                      0.598136    0.000518    2.632932 v _421_/I (gf180mcu_fd_sc_mcu7t5v0__clkinv_1)
     3    0.013162    0.485879    0.435604    3.068537 ^ _421_/ZN (gf180mcu_fd_sc_mcu7t5v0__clkinv_1)
                                                         _094_ (net)
                      0.485879    0.000196    3.068732 ^ _773_/A1 (gf180mcu_fd_sc_mcu7t5v0__nor2_1)
     1    0.003545    0.238231    0.204963    3.273695 v _773_/ZN (gf180mcu_fd_sc_mcu7t5v0__nor2_1)
                                                         _059_ (net)
                      0.238231    0.000038    3.273733 v _846_/D (gf180mcu_fd_sc_mcu7t5v0__dffq_1)
                                              3.273733   data arrival time

                                  0.000000    0.000000   clock system_clock (rise edge)
                                  0.000000    0.000000   clock source latency
     1    0.038862    0.000000    0.000000    0.000000 ^ CLK_I (in)
                                                         CLK_I (net)
                      0.004005    0.001638    0.001638 ^ clkbuf_0_CLK_I/I (gf180mcu_fd_sc_mcu7t5v0__clkbuf_16)
     8    0.201827    0.438940    0.568479    0.570117 ^ clkbuf_0_CLK_I/Z (gf180mcu_fd_sc_mcu7t5v0__clkbuf_16)
                                                         clknet_0_CLK_I (net)
                      0.438951    0.003323    0.573440 ^ clkbuf_3_2__f_CLK_I/I (gf180mcu_fd_sc_mcu7t5v0__clkbuf_16)
    16    0.074359    0.242639    0.527880    1.101320 ^ clkbuf_3_2__f_CLK_I/Z (gf180mcu_fd_sc_mcu7t5v0__clkbuf_16)
                                                         clknet_3_2__leaf_CLK_I (net)
                      0.242640    0.000931    1.102251 ^ _846_/CLK (gf180mcu_fd_sc_mcu7t5v0__dffq_1)
                                  0.500000    1.602251   clock uncertainty
                                  0.000000    1.602251   clock reconvergence pessimism
                                  0.139861    1.742112   library hold time
                                              1.742112   data required time
---------------------------------------------------------------------------------------------
                                              1.742112   data required time
                                             -3.273733   data arrival time
---------------------------------------------------------------------------------------------
                                              1.531621   slack (MET)


Startpoint: _869_ (rising edge-triggered flip-flop clocked by system_clock)
Endpoint: _869_ (rising edge-triggered flip-flop clocked by system_clock)
Path Group: system_clock
Path Type: min

Fanout         Cap        Slew       Delay        Time   Description
---------------------------------------------------------------------------------------------
                                  0.000000    0.000000   clock system_clock (rise edge)
                                  0.000000    0.000000   clock source latency
     1    0.038862    0.000000    0.000000    0.000000 ^ CLK_I (in)
                                                         CLK_I (net)
                      0.004005    0.001638    0.001638 ^ clkbuf_0_CLK_I/I (gf180mcu_fd_sc_mcu7t5v0__clkbuf_16)
     8    0.201827    0.438940    0.568479    0.570117 ^ clkbuf_0_CLK_I/Z (gf180mcu_fd_sc_mcu7t5v0__clkbuf_16)
                                                         clknet_0_CLK_I (net)
                      0.438948    0.002894    0.573010 ^ clkbuf_3_6__f_CLK_I/I (gf180mcu_fd_sc_mcu7t5v0__clkbuf_16)
    13    0.082219    0.254303    0.536767    1.109777 ^ clkbuf_3_6__f_CLK_I/Z (gf180mcu_fd_sc_mcu7t5v0__clkbuf_16)
                                                         clknet_3_6__leaf_CLK_I (net)
                      0.254305    0.001520    1.111297 ^ _869_/CLK (gf180mcu_fd_sc_mcu7t5v0__dffq_1)
     4    0.025213    0.489691    1.457832    2.569129 v _869_/Q (gf180mcu_fd_sc_mcu7t5v0__dffq_1)
                                                         addr_set_register[3] (net)
                      0.489691    0.000401    2.569529 v _455_/A2 (gf180mcu_fd_sc_mcu7t5v0__nand2_1)
     1    0.006546    0.394506    0.375708    2.945237 ^ _455_/ZN (gf180mcu_fd_sc_mcu7t5v0__nand2_1)
                                                         _124_ (net)
                      0.394506    0.000138    2.945375 ^ _457_/A2 (gf180mcu_fd_sc_mcu7t5v0__nand3_1)
     1    0.004821    0.386312    0.307278    3.252652 v _457_/ZN (gf180mcu_fd_sc_mcu7t5v0__nand3_1)
                                                         _003_ (net)
                      0.386312    0.000101    3.252753 v _869_/D (gf180mcu_fd_sc_mcu7t5v0__dffq_1)
                                              3.252753   data arrival time

                                  0.000000    0.000000   clock system_clock (rise edge)
                                  0.000000    0.000000   clock source latency
     1    0.038862    0.000000    0.000000    0.000000 ^ CLK_I (in)
                                                         CLK_I (net)
                      0.004005    0.001638    0.001638 ^ clkbuf_0_CLK_I/I (gf180mcu_fd_sc_mcu7t5v0__clkbuf_16)
     8    0.201827    0.438940    0.568479    0.570117 ^ clkbuf_0_CLK_I/Z (gf180mcu_fd_sc_mcu7t5v0__clkbuf_16)
                                                         clknet_0_CLK_I (net)
                      0.438948    0.002894    0.573010 ^ clkbuf_3_6__f_CLK_I/I (gf180mcu_fd_sc_mcu7t5v0__clkbuf_16)
    13    0.082219    0.254303    0.536767    1.109777 ^ clkbuf_3_6__f_CLK_I/Z (gf180mcu_fd_sc_mcu7t5v0__clkbuf_16)
                                                         clknet_3_6__leaf_CLK_I (net)
                      0.254305    0.001520    1.111297 ^ _869_/CLK (gf180mcu_fd_sc_mcu7t5v0__dffq_1)
                                  0.500000    1.611297   clock uncertainty
                                  0.000000    1.611297   clock reconvergence pessimism
                                  0.097870    1.709167   library hold time
                                              1.709167   data required time
---------------------------------------------------------------------------------------------
                                              1.709167   data required time
                                             -3.252753   data arrival time
---------------------------------------------------------------------------------------------
                                              1.543586   slack (MET)


Startpoint: _887_ (rising edge-triggered flip-flop clocked by system_clock)
Endpoint: _887_ (rising edge-triggered flip-flop clocked by system_clock)
Path Group: system_clock
Path Type: min

Fanout         Cap        Slew       Delay        Time   Description
---------------------------------------------------------------------------------------------
                                  0.000000    0.000000   clock system_clock (rise edge)
                                  0.000000    0.000000   clock source latency
     1    0.038862    0.000000    0.000000    0.000000 ^ CLK_I (in)
                                                         CLK_I (net)
                      0.004005    0.001638    0.001638 ^ clkbuf_0_CLK_I/I (gf180mcu_fd_sc_mcu7t5v0__clkbuf_16)
     8    0.201827    0.438940    0.568479    0.570117 ^ clkbuf_0_CLK_I/Z (gf180mcu_fd_sc_mcu7t5v0__clkbuf_16)
                                                         clknet_0_CLK_I (net)
                      0.438948    0.002917    0.573034 ^ clkbuf_3_4__f_CLK_I/I (gf180mcu_fd_sc_mcu7t5v0__clkbuf_16)
     9    0.078023    0.248065    0.531971    1.105005 ^ clkbuf_3_4__f_CLK_I/Z (gf180mcu_fd_sc_mcu7t5v0__clkbuf_16)
                                                         clknet_3_4__leaf_CLK_I (net)
                      0.248068    0.001742    1.106747 ^ _887_/CLK (gf180mcu_fd_sc_mcu7t5v0__dffq_1)
     5    0.029316    0.549044    1.497813    2.604560 v _887_/Q (gf180mcu_fd_sc_mcu7t5v0__dffq_1)
                                                         addr_pointer_register_internal[5] (net)
                      0.549045    0.000627    2.605186 v _581_/A1 (gf180mcu_fd_sc_mcu7t5v0__nor2_1)
     1    0.006096    0.548429    0.463431    3.068618 ^ _581_/ZN (gf180mcu_fd_sc_mcu7t5v0__nor2_1)
                                                         _232_ (net)
                      0.548429    0.000067    3.068684 ^ _582_/A2 (gf180mcu_fd_sc_mcu7t5v0__aoi22_1)
     1    0.004007    0.270436    0.219765    3.288449 v _582_/ZN (gf180mcu_fd_sc_mcu7t5v0__aoi22_1)
                                                         _021_ (net)
                      0.270436    0.000079    3.288528 v _887_/D (gf180mcu_fd_sc_mcu7t5v0__dffq_1)
                                              3.288528   data arrival time

                                  0.000000    0.000000   clock system_clock (rise edge)
                                  0.000000    0.000000   clock source latency
     1    0.038862    0.000000    0.000000    0.000000 ^ CLK_I (in)
                                                         CLK_I (net)
                      0.004005    0.001638    0.001638 ^ clkbuf_0_CLK_I/I (gf180mcu_fd_sc_mcu7t5v0__clkbuf_16)
     8    0.201827    0.438940    0.568479    0.570117 ^ clkbuf_0_CLK_I/Z (gf180mcu_fd_sc_mcu7t5v0__clkbuf_16)
                                                         clknet_0_CLK_I (net)
                      0.438948    0.002917    0.573034 ^ clkbuf_3_4__f_CLK_I/I (gf180mcu_fd_sc_mcu7t5v0__clkbuf_16)
     9    0.078023    0.248065    0.531971    1.105005 ^ clkbuf_3_4__f_CLK_I/Z (gf180mcu_fd_sc_mcu7t5v0__clkbuf_16)
                                                         clknet_3_4__leaf_CLK_I (net)
                      0.248068    0.001742    1.106747 ^ _887_/CLK (gf180mcu_fd_sc_mcu7t5v0__dffq_1)
                                  0.500000    1.606747   clock uncertainty
                                  0.000000    1.606747   clock reconvergence pessimism
                                  0.131347    1.738094   library hold time
                                              1.738094   data required time
---------------------------------------------------------------------------------------------
                                              1.738094   data required time
                                             -3.288528   data arrival time
---------------------------------------------------------------------------------------------
                                              1.550435   slack (MET)


Startpoint: _826_ (rising edge-triggered flip-flop clocked by system_clock)
Endpoint: _826_ (rising edge-triggered flip-flop clocked by system_clock)
Path Group: system_clock
Path Type: min

Fanout         Cap        Slew       Delay        Time   Description
---------------------------------------------------------------------------------------------
                                  0.000000    0.000000   clock system_clock (rise edge)
                                  0.000000    0.000000   clock source latency
     1    0.038862    0.000000    0.000000    0.000000 ^ CLK_I (in)
                                                         CLK_I (net)
                      0.004005    0.001638    0.001638 ^ clkbuf_0_CLK_I/I (gf180mcu_fd_sc_mcu7t5v0__clkbuf_16)
     8    0.201827    0.438940    0.568479    0.570117 ^ clkbuf_0_CLK_I/Z (gf180mcu_fd_sc_mcu7t5v0__clkbuf_16)
                                                         clknet_0_CLK_I (net)
                      0.438947    0.002701    0.572817 ^ clkbuf_3_1__f_CLK_I/I (gf180mcu_fd_sc_mcu7t5v0__clkbuf_16)
    10    0.061202    0.222932    0.512369    1.085186 ^ clkbuf_3_1__f_CLK_I/Z (gf180mcu_fd_sc_mcu7t5v0__clkbuf_16)
                                                         clknet_3_1__leaf_CLK_I (net)
                      0.222933    0.000919    1.086105 ^ _826_/CLK (gf180mcu_fd_sc_mcu7t5v0__dffq_1)
     5    0.028175    0.532476    1.480765    2.566870 v _826_/Q (gf180mcu_fd_sc_mcu7t5v0__dffq_1)
                                                         write_request_internal_flag (net)
                      0.532476    0.000627    2.567497 v _706_/I1 (gf180mcu_fd_sc_mcu7t5v0__mux2_2)
     1    0.004212    0.211547    0.714169    3.281666 v _706_/Z (gf180mcu_fd_sc_mcu7t5v0__mux2_2)
                                                         _039_ (net)
                      0.211547    0.000049    3.281715 v _826_/D (gf180mcu_fd_sc_mcu7t5v0__dffq_1)
                                              3.281715   data arrival time

                                  0.000000    0.000000   clock system_clock (rise edge)
                                  0.000000    0.000000   clock source latency
     1    0.038862    0.000000    0.000000    0.000000 ^ CLK_I (in)
                                                         CLK_I (net)
                      0.004005    0.001638    0.001638 ^ clkbuf_0_CLK_I/I (gf180mcu_fd_sc_mcu7t5v0__clkbuf_16)
     8    0.201827    0.438940    0.568479    0.570117 ^ clkbuf_0_CLK_I/Z (gf180mcu_fd_sc_mcu7t5v0__clkbuf_16)
                                                         clknet_0_CLK_I (net)
                      0.438947    0.002701    0.572817 ^ clkbuf_3_1__f_CLK_I/I (gf180mcu_fd_sc_mcu7t5v0__clkbuf_16)
    10    0.061202    0.222932    0.512369    1.085186 ^ clkbuf_3_1__f_CLK_I/Z (gf180mcu_fd_sc_mcu7t5v0__clkbuf_16)
                                                         clknet_3_1__leaf_CLK_I (net)
                      0.222933    0.000919    1.086105 ^ _826_/CLK (gf180mcu_fd_sc_mcu7t5v0__dffq_1)
                                  0.500000    1.586105   clock uncertainty
                                  0.000000    1.586105   clock reconvergence pessimism
                                  0.140675    1.726780   library hold time
                                              1.726780   data required time
---------------------------------------------------------------------------------------------
                                              1.726780   data required time
                                             -3.281715   data arrival time
---------------------------------------------------------------------------------------------
                                              1.554935   slack (MET)


Startpoint: _872_ (rising edge-triggered flip-flop clocked by system_clock)
Endpoint: _872_ (rising edge-triggered flip-flop clocked by system_clock)
Path Group: system_clock
Path Type: min

Fanout         Cap        Slew       Delay        Time   Description
---------------------------------------------------------------------------------------------
                                  0.000000    0.000000   clock system_clock (rise edge)
                                  0.000000    0.000000   clock source latency
     1    0.038862    0.000000    0.000000    0.000000 ^ CLK_I (in)
                                                         CLK_I (net)
                      0.004005    0.001638    0.001638 ^ clkbuf_0_CLK_I/I (gf180mcu_fd_sc_mcu7t5v0__clkbuf_16)
     8    0.201827    0.438940    0.568479    0.570117 ^ clkbuf_0_CLK_I/Z (gf180mcu_fd_sc_mcu7t5v0__clkbuf_16)
                                                         clknet_0_CLK_I (net)
                      0.438948    0.002894    0.573010 ^ clkbuf_3_6__f_CLK_I/I (gf180mcu_fd_sc_mcu7t5v0__clkbuf_16)
    13    0.082219    0.254303    0.536767    1.109777 ^ clkbuf_3_6__f_CLK_I/Z (gf180mcu_fd_sc_mcu7t5v0__clkbuf_16)
                                                         clknet_3_6__leaf_CLK_I (net)
                      0.254304    0.001333    1.111110 ^ _872_/CLK (gf180mcu_fd_sc_mcu7t5v0__dffq_1)
     4    0.028084    0.531189    1.486858    2.597968 v _872_/Q (gf180mcu_fd_sc_mcu7t5v0__dffq_1)
                                                         addr_set_register[6] (net)
                      0.531189    0.000387    2.598355 v _463_/A1 (gf180mcu_fd_sc_mcu7t5v0__oai21_1)
     1    0.005417    0.571213    0.477952    3.076306 ^ _463_/ZN (gf180mcu_fd_sc_mcu7t5v0__oai21_1)
                                                         _129_ (net)
                      0.571213    0.000104    3.076411 ^ _465_/A1 (gf180mcu_fd_sc_mcu7t5v0__nor2_1)
     1    0.004138    0.266880    0.226766    3.303176 v _465_/ZN (gf180mcu_fd_sc_mcu7t5v0__nor2_1)
                                                         _006_ (net)
                      0.266880    0.000082    3.303258 v _872_/D (gf180mcu_fd_sc_mcu7t5v0__dffq_1)
                                              3.303258   data arrival time

                                  0.000000    0.000000   clock system_clock (rise edge)
                                  0.000000    0.000000   clock source latency
     1    0.038862    0.000000    0.000000    0.000000 ^ CLK_I (in)
                                                         CLK_I (net)
                      0.004005    0.001638    0.001638 ^ clkbuf_0_CLK_I/I (gf180mcu_fd_sc_mcu7t5v0__clkbuf_16)
     8    0.201827    0.438940    0.568479    0.570117 ^ clkbuf_0_CLK_I/Z (gf180mcu_fd_sc_mcu7t5v0__clkbuf_16)
                                                         clknet_0_CLK_I (net)
                      0.438948    0.002894    0.573010 ^ clkbuf_3_6__f_CLK_I/I (gf180mcu_fd_sc_mcu7t5v0__clkbuf_16)
    13    0.082219    0.254303    0.536767    1.109777 ^ clkbuf_3_6__f_CLK_I/Z (gf180mcu_fd_sc_mcu7t5v0__clkbuf_16)
                                                         clknet_3_6__leaf_CLK_I (net)
                      0.254304    0.001333    1.111110 ^ _872_/CLK (gf180mcu_fd_sc_mcu7t5v0__dffq_1)
                                  0.500000    1.611110   clock uncertainty
                                  0.000000    1.611110   clock reconvergence pessimism
                                  0.133748    1.744858   library hold time
                                              1.744858   data required time
---------------------------------------------------------------------------------------------
                                              1.744858   data required time
                                             -3.303258   data arrival time
---------------------------------------------------------------------------------------------
                                              1.558400   slack (MET)


Startpoint: _889_ (rising edge-triggered flip-flop clocked by system_clock)
Endpoint: _889_ (rising edge-triggered flip-flop clocked by system_clock)
Path Group: system_clock
Path Type: min

Fanout         Cap        Slew       Delay        Time   Description
---------------------------------------------------------------------------------------------
                                  0.000000    0.000000   clock system_clock (rise edge)
                                  0.000000    0.000000   clock source latency
     1    0.038862    0.000000    0.000000    0.000000 ^ CLK_I (in)
                                                         CLK_I (net)
                      0.004005    0.001638    0.001638 ^ clkbuf_0_CLK_I/I (gf180mcu_fd_sc_mcu7t5v0__clkbuf_16)
     8    0.201827    0.438940    0.568479    0.570117 ^ clkbuf_0_CLK_I/Z (gf180mcu_fd_sc_mcu7t5v0__clkbuf_16)
                                                         clknet_0_CLK_I (net)
                      0.438948    0.002917    0.573034 ^ clkbuf_3_4__f_CLK_I/I (gf180mcu_fd_sc_mcu7t5v0__clkbuf_16)
     9    0.078023    0.248065    0.531971    1.105005 ^ clkbuf_3_4__f_CLK_I/Z (gf180mcu_fd_sc_mcu7t5v0__clkbuf_16)
                                                         clknet_3_4__leaf_CLK_I (net)
                      0.248065    0.000071    1.105076 ^ _889_/CLK (gf180mcu_fd_sc_mcu7t5v0__dffq_1)
     4    0.030462    0.565749    1.509504    2.614580 v _889_/Q (gf180mcu_fd_sc_mcu7t5v0__dffq_1)
                                                         addr_pointer_register_internal[7] (net)
                      0.565749    0.000459    2.615038 v _588_/A1 (gf180mcu_fd_sc_mcu7t5v0__nor2_1)
     1    0.007062    0.604791    0.496545    3.111584 ^ _588_/ZN (gf180mcu_fd_sc_mcu7t5v0__nor2_1)
                                                         _237_ (net)
                      0.604791    0.000148    3.111732 ^ _591_/A1 (gf180mcu_fd_sc_mcu7t5v0__nor2_1)
     1    0.003059    0.253756    0.204359    3.316092 v _591_/ZN (gf180mcu_fd_sc_mcu7t5v0__nor2_1)
                                                         _023_ (net)
                      0.253756    0.000030    3.316122 v _889_/D (gf180mcu_fd_sc_mcu7t5v0__dffq_1)
                                              3.316122   data arrival time

                                  0.000000    0.000000   clock system_clock (rise edge)
                                  0.000000    0.000000   clock source latency
     1    0.038862    0.000000    0.000000    0.000000 ^ CLK_I (in)
                                                         CLK_I (net)
                      0.004005    0.001638    0.001638 ^ clkbuf_0_CLK_I/I (gf180mcu_fd_sc_mcu7t5v0__clkbuf_16)
     8    0.201827    0.438940    0.568479    0.570117 ^ clkbuf_0_CLK_I/Z (gf180mcu_fd_sc_mcu7t5v0__clkbuf_16)
                                                         clknet_0_CLK_I (net)
                      0.438948    0.002917    0.573034 ^ clkbuf_3_4__f_CLK_I/I (gf180mcu_fd_sc_mcu7t5v0__clkbuf_16)
     9    0.078023    0.248065    0.531971    1.105005 ^ clkbuf_3_4__f_CLK_I/Z (gf180mcu_fd_sc_mcu7t5v0__clkbuf_16)
                                                         clknet_3_4__leaf_CLK_I (net)
                      0.248065    0.000071    1.105076 ^ _889_/CLK (gf180mcu_fd_sc_mcu7t5v0__dffq_1)
                                  0.500000    1.605076   clock uncertainty
                                  0.000000    1.605076   clock reconvergence pessimism
                                  0.136357    1.741432   library hold time
                                              1.741432   data required time
---------------------------------------------------------------------------------------------
                                              1.741432   data required time
                                             -3.316122   data arrival time
---------------------------------------------------------------------------------------------
                                              1.574690   slack (MET)


Startpoint: _855_ (rising edge-triggered flip-flop clocked by system_clock)
Endpoint: _855_ (rising edge-triggered flip-flop clocked by system_clock)
Path Group: system_clock
Path Type: min

Fanout         Cap        Slew       Delay        Time   Description
---------------------------------------------------------------------------------------------
                                  0.000000    0.000000   clock system_clock (rise edge)
                                  0.000000    0.000000   clock source latency
     1    0.038862    0.000000    0.000000    0.000000 ^ CLK_I (in)
                                                         CLK_I (net)
                      0.004005    0.001638    0.001638 ^ clkbuf_0_CLK_I/I (gf180mcu_fd_sc_mcu7t5v0__clkbuf_16)
     8    0.201827    0.438940    0.568479    0.570117 ^ clkbuf_0_CLK_I/Z (gf180mcu_fd_sc_mcu7t5v0__clkbuf_16)
                                                         clknet_0_CLK_I (net)
                      0.438947    0.002656    0.572773 ^ clkbuf_3_5__f_CLK_I/I (gf180mcu_fd_sc_mcu7t5v0__clkbuf_16)
    11    0.066535    0.230976    0.518898    1.091671 ^ clkbuf_3_5__f_CLK_I/Z (gf180mcu_fd_sc_mcu7t5v0__clkbuf_16)
                                                         clknet_3_5__leaf_CLK_I (net)
                      0.230976    0.000245    1.091916 ^ _855_/CLK (gf180mcu_fd_sc_mcu7t5v0__dffq_1)
     2    0.013420    0.321622    1.325536    2.417452 v _855_/Q (gf180mcu_fd_sc_mcu7t5v0__dffq_1)
                                                         net20 (net)
                      0.321622    0.000097    2.417549 v _790_/B2 (gf180mcu_fd_sc_mcu7t5v0__aoi22_1)
     1    0.007307    0.506364    0.514219    2.931768 ^ _790_/ZN (gf180mcu_fd_sc_mcu7t5v0__aoi22_1)
                                                         _394_ (net)
                      0.506364    0.000103    2.931872 ^ _791_/A2 (gf180mcu_fd_sc_mcu7t5v0__nor2_1)
     1    0.008207    0.371559    0.332669    3.264541 v _791_/ZN (gf180mcu_fd_sc_mcu7t5v0__nor2_1)
                                                         _068_ (net)
                      0.371559    0.000205    3.264746 v _855_/D (gf180mcu_fd_sc_mcu7t5v0__dffq_1)
                                              3.264746   data arrival time

                                  0.000000    0.000000   clock system_clock (rise edge)
                                  0.000000    0.000000   clock source latency
     1    0.038862    0.000000    0.000000    0.000000 ^ CLK_I (in)
                                                         CLK_I (net)
                      0.004005    0.001638    0.001638 ^ clkbuf_0_CLK_I/I (gf180mcu_fd_sc_mcu7t5v0__clkbuf_16)
     8    0.201827    0.438940    0.568479    0.570117 ^ clkbuf_0_CLK_I/Z (gf180mcu_fd_sc_mcu7t5v0__clkbuf_16)
                                                         clknet_0_CLK_I (net)
                      0.438947    0.002656    0.572773 ^ clkbuf_3_5__f_CLK_I/I (gf180mcu_fd_sc_mcu7t5v0__clkbuf_16)
    11    0.066535    0.230976    0.518898    1.091671 ^ clkbuf_3_5__f_CLK_I/Z (gf180mcu_fd_sc_mcu7t5v0__clkbuf_16)
                                                         clknet_3_5__leaf_CLK_I (net)
                      0.230976    0.000245    1.091916 ^ _855_/CLK (gf180mcu_fd_sc_mcu7t5v0__dffq_1)
                                  0.500000    1.591916   clock uncertainty
                                  0.000000    1.591916   clock reconvergence pessimism
                                  0.097431    1.689347   library hold time
                                              1.689347   data required time
---------------------------------------------------------------------------------------------
                                              1.689347   data required time
                                             -3.264746   data arrival time
---------------------------------------------------------------------------------------------
                                              1.575399   slack (MET)


Startpoint: _867_ (rising edge-triggered flip-flop clocked by system_clock)
Endpoint: _867_ (rising edge-triggered flip-flop clocked by system_clock)
Path Group: system_clock
Path Type: min

Fanout         Cap        Slew       Delay        Time   Description
---------------------------------------------------------------------------------------------
                                  0.000000    0.000000   clock system_clock (rise edge)
                                  0.000000    0.000000   clock source latency
     1    0.038862    0.000000    0.000000    0.000000 ^ CLK_I (in)
                                                         CLK_I (net)
                      0.004005    0.001638    0.001638 ^ clkbuf_0_CLK_I/I (gf180mcu_fd_sc_mcu7t5v0__clkbuf_16)
     8    0.201827    0.438940    0.568479    0.570117 ^ clkbuf_0_CLK_I/Z (gf180mcu_fd_sc_mcu7t5v0__clkbuf_16)
                                                         clknet_0_CLK_I (net)
                      0.438949    0.003091    0.573207 ^ clkbuf_3_3__f_CLK_I/I (gf180mcu_fd_sc_mcu7t5v0__clkbuf_16)
    10    0.065340    0.229177    0.517455    1.090662 ^ clkbuf_3_3__f_CLK_I/Z (gf180mcu_fd_sc_mcu7t5v0__clkbuf_16)
                                                         clknet_3_3__leaf_CLK_I (net)
                      0.229177    0.000404    1.091066 ^ _867_/CLK (gf180mcu_fd_sc_mcu7t5v0__dffq_1)
     3    0.016339    0.362226    1.358260    2.449326 v _867_/Q (gf180mcu_fd_sc_mcu7t5v0__dffq_1)
                                                         addr_set_register[1] (net)
                      0.362226    0.000182    2.449508 v _408_/I (gf180mcu_fd_sc_mcu7t5v0__clkinv_1)
     3    0.019523    0.612620    0.466366    2.915874 ^ _408_/ZN (gf180mcu_fd_sc_mcu7t5v0__clkinv_1)
                                                         _081_ (net)
                      0.612620    0.000410    2.916284 ^ _816_/A1 (gf180mcu_fd_sc_mcu7t5v0__oai211_1)
     1    0.004165    0.423417    0.335137    3.251421 v _816_/ZN (gf180mcu_fd_sc_mcu7t5v0__oai211_1)
                                                         _080_ (net)
                      0.423417    0.000080    3.251501 v _867_/D (gf180mcu_fd_sc_mcu7t5v0__dffq_1)
                                              3.251501   data arrival time

                                  0.000000    0.000000   clock system_clock (rise edge)
                                  0.000000    0.000000   clock source latency
     1    0.038862    0.000000    0.000000    0.000000 ^ CLK_I (in)
                                                         CLK_I (net)
                      0.004005    0.001638    0.001638 ^ clkbuf_0_CLK_I/I (gf180mcu_fd_sc_mcu7t5v0__clkbuf_16)
     8    0.201827    0.438940    0.568479    0.570117 ^ clkbuf_0_CLK_I/Z (gf180mcu_fd_sc_mcu7t5v0__clkbuf_16)
                                                         clknet_0_CLK_I (net)
                      0.438949    0.003091    0.573207 ^ clkbuf_3_3__f_CLK_I/I (gf180mcu_fd_sc_mcu7t5v0__clkbuf_16)
    10    0.065340    0.229177    0.517455    1.090662 ^ clkbuf_3_3__f_CLK_I/Z (gf180mcu_fd_sc_mcu7t5v0__clkbuf_16)
                                                         clknet_3_3__leaf_CLK_I (net)
                      0.229177    0.000404    1.091066 ^ _867_/CLK (gf180mcu_fd_sc_mcu7t5v0__dffq_1)
                                  0.500000    1.591066   clock uncertainty
                                  0.000000    1.591066   clock reconvergence pessimism
                                  0.081555    1.672620   library hold time
                                              1.672620   data required time
---------------------------------------------------------------------------------------------
                                              1.672620   data required time
                                             -3.251501   data arrival time
---------------------------------------------------------------------------------------------
                                              1.578880   slack (MET)


Startpoint: _826_ (rising edge-triggered flip-flop clocked by system_clock)
Endpoint: _890_ (rising edge-triggered flip-flop clocked by system_clock)
Path Group: system_clock
Path Type: min

Fanout         Cap        Slew       Delay        Time   Description
---------------------------------------------------------------------------------------------
                                  0.000000    0.000000   clock system_clock (rise edge)
                                  0.000000    0.000000   clock source latency
     1    0.038862    0.000000    0.000000    0.000000 ^ CLK_I (in)
                                                         CLK_I (net)
                      0.004005    0.001638    0.001638 ^ clkbuf_0_CLK_I/I (gf180mcu_fd_sc_mcu7t5v0__clkbuf_16)
     8    0.201827    0.438940    0.568479    0.570117 ^ clkbuf_0_CLK_I/Z (gf180mcu_fd_sc_mcu7t5v0__clkbuf_16)
                                                         clknet_0_CLK_I (net)
                      0.438947    0.002701    0.572817 ^ clkbuf_3_1__f_CLK_I/I (gf180mcu_fd_sc_mcu7t5v0__clkbuf_16)
    10    0.061202    0.222932    0.512369    1.085186 ^ clkbuf_3_1__f_CLK_I/Z (gf180mcu_fd_sc_mcu7t5v0__clkbuf_16)
                                                         clknet_3_1__leaf_CLK_I (net)
                      0.222933    0.000919    1.086105 ^ _826_/CLK (gf180mcu_fd_sc_mcu7t5v0__dffq_1)
     5    0.028175    0.532476    1.480765    2.566870 v _826_/Q (gf180mcu_fd_sc_mcu7t5v0__dffq_1)
                                                         write_request_internal_flag (net)
                      0.532476    0.000638    2.567509 v _598_/A1 (gf180mcu_fd_sc_mcu7t5v0__nand4_1)
     1    0.006969    0.513507    0.468224    3.035733 ^ _598_/ZN (gf180mcu_fd_sc_mcu7t5v0__nand4_1)
                                                         _245_ (net)
                      0.513507    0.000083    3.035815 ^ _599_/B2 (gf180mcu_fd_sc_mcu7t5v0__oai32_1)
     1    0.005314    0.285750    0.250950    3.286766 v _599_/ZN (gf180mcu_fd_sc_mcu7t5v0__oai32_1)
                                                         _024_ (net)
                      0.285750    0.000111    3.286877 v _890_/D (gf180mcu_fd_sc_mcu7t5v0__dffq_1)
                                              3.286877   data arrival time

                                  0.000000    0.000000   clock system_clock (rise edge)
                                  0.000000    0.000000   clock source latency
     1    0.038862    0.000000    0.000000    0.000000 ^ CLK_I (in)
                                                         CLK_I (net)
                      0.004005    0.001638    0.001638 ^ clkbuf_0_CLK_I/I (gf180mcu_fd_sc_mcu7t5v0__clkbuf_16)
     8    0.201827    0.438940    0.568479    0.570117 ^ clkbuf_0_CLK_I/Z (gf180mcu_fd_sc_mcu7t5v0__clkbuf_16)
                                                         clknet_0_CLK_I (net)
                      0.438947    0.002701    0.572817 ^ clkbuf_3_1__f_CLK_I/I (gf180mcu_fd_sc_mcu7t5v0__clkbuf_16)
    10    0.061202    0.222932    0.512369    1.085186 ^ clkbuf_3_1__f_CLK_I/Z (gf180mcu_fd_sc_mcu7t5v0__clkbuf_16)
                                                         clknet_3_1__leaf_CLK_I (net)
                      0.222933    0.001104    1.086290 ^ _890_/CLK (gf180mcu_fd_sc_mcu7t5v0__dffq_1)
                                  0.500000    1.586290   clock uncertainty
                                  0.000000    1.586290   clock reconvergence pessimism
                                  0.121477    1.707766   library hold time
                                              1.707766   data required time
---------------------------------------------------------------------------------------------
                                              1.707766   data required time
                                             -3.286877   data arrival time
---------------------------------------------------------------------------------------------
                                              1.579110   slack (MET)


Startpoint: _817_ (rising edge-triggered flip-flop clocked by system_clock)
Endpoint: _817_ (rising edge-triggered flip-flop clocked by system_clock)
Path Group: system_clock
Path Type: min

Fanout         Cap        Slew       Delay        Time   Description
---------------------------------------------------------------------------------------------
                                  0.000000    0.000000   clock system_clock (rise edge)
                                  0.000000    0.000000   clock source latency
     1    0.038862    0.000000    0.000000    0.000000 ^ CLK_I (in)
                                                         CLK_I (net)
                      0.004005    0.001638    0.001638 ^ clkbuf_0_CLK_I/I (gf180mcu_fd_sc_mcu7t5v0__clkbuf_16)
     8    0.201827    0.438940    0.568479    0.570117 ^ clkbuf_0_CLK_I/Z (gf180mcu_fd_sc_mcu7t5v0__clkbuf_16)
                                                         clknet_0_CLK_I (net)
                      0.438951    0.003323    0.573440 ^ clkbuf_3_2__f_CLK_I/I (gf180mcu_fd_sc_mcu7t5v0__clkbuf_16)
    16    0.074359    0.242639    0.527880    1.101320 ^ clkbuf_3_2__f_CLK_I/Z (gf180mcu_fd_sc_mcu7t5v0__clkbuf_16)
                                                         clknet_3_2__leaf_CLK_I (net)
                      0.242639    0.000724    1.102044 ^ _817_/CLK (gf180mcu_fd_sc_mcu7t5v0__dffq_1)
     2    0.013299    0.319946    1.326765    2.428809 v _817_/Q (gf180mcu_fd_sc_mcu7t5v0__dffq_1)
                                                         net32 (net)
                      0.319946    0.000110    2.428919 v _437_/I (gf180mcu_fd_sc_mcu7t5v0__clkinv_1)
     2    0.006976    0.292183    0.255083    2.684002 ^ _437_/ZN (gf180mcu_fd_sc_mcu7t5v0__clkinv_1)
                                                         net33 (net)
                      0.292183    0.000105    2.684107 ^ _674_/A2 (gf180mcu_fd_sc_mcu7t5v0__or2_1)
     1    0.005801    0.274206    0.470882    3.154989 ^ _674_/Z (gf180mcu_fd_sc_mcu7t5v0__or2_1)
                                                         _316_ (net)
                      0.274206    0.000112    3.155101 ^ _675_/A2 (gf180mcu_fd_sc_mcu7t5v0__nand2_1)
     1    0.002913    0.196842    0.175985    3.331085 v _675_/ZN (gf180mcu_fd_sc_mcu7t5v0__nand2_1)
                                                         _030_ (net)
                      0.196842    0.000028    3.331114 v _817_/D (gf180mcu_fd_sc_mcu7t5v0__dffq_1)
                                              3.331114   data arrival time

                                  0.000000    0.000000   clock system_clock (rise edge)
                                  0.000000    0.000000   clock source latency
     1    0.038862    0.000000    0.000000    0.000000 ^ CLK_I (in)
                                                         CLK_I (net)
                      0.004005    0.001638    0.001638 ^ clkbuf_0_CLK_I/I (gf180mcu_fd_sc_mcu7t5v0__clkbuf_16)
     8    0.201827    0.438940    0.568479    0.570117 ^ clkbuf_0_CLK_I/Z (gf180mcu_fd_sc_mcu7t5v0__clkbuf_16)
                                                         clknet_0_CLK_I (net)
                      0.438951    0.003323    0.573440 ^ clkbuf_3_2__f_CLK_I/I (gf180mcu_fd_sc_mcu7t5v0__clkbuf_16)
    16    0.074359    0.242639    0.527880    1.101320 ^ clkbuf_3_2__f_CLK_I/Z (gf180mcu_fd_sc_mcu7t5v0__clkbuf_16)
                                                         clknet_3_2__leaf_CLK_I (net)
                      0.242639    0.000724    1.102044 ^ _817_/CLK (gf180mcu_fd_sc_mcu7t5v0__dffq_1)
                                  0.500000    1.602045   clock uncertainty
                                  0.000000    1.602045   clock reconvergence pessimism
                                  0.147557    1.749601   library hold time
                                              1.749601   data required time
---------------------------------------------------------------------------------------------
                                              1.749601   data required time
                                             -3.331114   data arrival time
---------------------------------------------------------------------------------------------
                                              1.581512   slack (MET)


Startpoint: _818_ (rising edge-triggered flip-flop clocked by system_clock)
Endpoint: _819_ (rising edge-triggered flip-flop clocked by system_clock)
Path Group: system_clock
Path Type: min

Fanout         Cap        Slew       Delay        Time   Description
---------------------------------------------------------------------------------------------
                                  0.000000    0.000000   clock system_clock (rise edge)
                                  0.000000    0.000000   clock source latency
     1    0.038862    0.000000    0.000000    0.000000 ^ CLK_I (in)
                                                         CLK_I (net)
                      0.004005    0.001638    0.001638 ^ clkbuf_0_CLK_I/I (gf180mcu_fd_sc_mcu7t5v0__clkbuf_16)
     8    0.201827    0.438940    0.568479    0.570117 ^ clkbuf_0_CLK_I/Z (gf180mcu_fd_sc_mcu7t5v0__clkbuf_16)
                                                         clknet_0_CLK_I (net)
                      0.438949    0.003091    0.573207 ^ clkbuf_3_3__f_CLK_I/I (gf180mcu_fd_sc_mcu7t5v0__clkbuf_16)
    10    0.065340    0.229177    0.517455    1.090662 ^ clkbuf_3_3__f_CLK_I/Z (gf180mcu_fd_sc_mcu7t5v0__clkbuf_16)
                                                         clknet_3_3__leaf_CLK_I (net)
                      0.229177    0.000580    1.091241 ^ _818_/CLK (gf180mcu_fd_sc_mcu7t5v0__dffq_1)
     4    0.031474    0.580476    1.515419    2.606660 v _818_/Q (gf180mcu_fd_sc_mcu7t5v0__dffq_1)
                                                         recv_data_buffer[0] (net)
                      0.580476    0.000443    2.607104 v _684_/A1 (gf180mcu_fd_sc_mcu7t5v0__nand4_1)
     1    0.005494    0.465189    0.448517    3.055621 ^ _684_/ZN (gf180mcu_fd_sc_mcu7t5v0__nand4_1)
                                                         _324_ (net)
                      0.465189    0.000055    3.055676 ^ _685_/B (gf180mcu_fd_sc_mcu7t5v0__oai21_1)
     1    0.004965    0.278970    0.257164    3.312839 v _685_/ZN (gf180mcu_fd_sc_mcu7t5v0__oai21_1)
                                                         _032_ (net)
                      0.278970    0.000064    3.312904 v _819_/D (gf180mcu_fd_sc_mcu7t5v0__dffq_1)
                                              3.312904   data arrival time

                                  0.000000    0.000000   clock system_clock (rise edge)
                                  0.000000    0.000000   clock source latency
     1    0.038862    0.000000    0.000000    0.000000 ^ CLK_I (in)
                                                         CLK_I (net)
                      0.004005    0.001638    0.001638 ^ clkbuf_0_CLK_I/I (gf180mcu_fd_sc_mcu7t5v0__clkbuf_16)
     8    0.201827    0.438940    0.568479    0.570117 ^ clkbuf_0_CLK_I/Z (gf180mcu_fd_sc_mcu7t5v0__clkbuf_16)
                                                         clknet_0_CLK_I (net)
                      0.438949    0.003091    0.573207 ^ clkbuf_3_3__f_CLK_I/I (gf180mcu_fd_sc_mcu7t5v0__clkbuf_16)
    10    0.065340    0.229177    0.517455    1.090662 ^ clkbuf_3_3__f_CLK_I/Z (gf180mcu_fd_sc_mcu7t5v0__clkbuf_16)
                                                         clknet_3_3__leaf_CLK_I (net)
                      0.229177    0.000496    1.091158 ^ _819_/CLK (gf180mcu_fd_sc_mcu7t5v0__dffq_1)
                                  0.500000    1.591158   clock uncertainty
                                  0.000000    1.591158   clock reconvergence pessimism
                                  0.124796    1.715954   library hold time
                                              1.715954   data required time
---------------------------------------------------------------------------------------------
                                              1.715954   data required time
                                             -3.312904   data arrival time
---------------------------------------------------------------------------------------------
                                              1.596949   slack (MET)


Startpoint: _873_ (rising edge-triggered flip-flop clocked by system_clock)
Endpoint: _873_ (rising edge-triggered flip-flop clocked by system_clock)
Path Group: system_clock
Path Type: min

Fanout         Cap        Slew       Delay        Time   Description
---------------------------------------------------------------------------------------------
                                  0.000000    0.000000   clock system_clock (rise edge)
                                  0.000000    0.000000   clock source latency
     1    0.038862    0.000000    0.000000    0.000000 ^ CLK_I (in)
                                                         CLK_I (net)
                      0.004005    0.001638    0.001638 ^ clkbuf_0_CLK_I/I (gf180mcu_fd_sc_mcu7t5v0__clkbuf_16)
     8    0.201827    0.438940    0.568479    0.570117 ^ clkbuf_0_CLK_I/Z (gf180mcu_fd_sc_mcu7t5v0__clkbuf_16)
                                                         clknet_0_CLK_I (net)
                      0.438948    0.002894    0.573010 ^ clkbuf_3_6__f_CLK_I/I (gf180mcu_fd_sc_mcu7t5v0__clkbuf_16)
    13    0.082219    0.254303    0.536767    1.109777 ^ clkbuf_3_6__f_CLK_I/Z (gf180mcu_fd_sc_mcu7t5v0__clkbuf_16)
                                                         clknet_3_6__leaf_CLK_I (net)
                      0.254306    0.001669    1.111445 ^ _873_/CLK (gf180mcu_fd_sc_mcu7t5v0__dffq_1)
     4    0.029707    0.554735    1.503141    2.614586 v _873_/Q (gf180mcu_fd_sc_mcu7t5v0__dffq_1)
                                                         addr_set_register[7] (net)
                      0.554736    0.000603    2.615189 v _466_/A2 (gf180mcu_fd_sc_mcu7t5v0__nand2_1)
     1    0.008651    0.455503    0.434093    3.049283 ^ _466_/ZN (gf180mcu_fd_sc_mcu7t5v0__nand2_1)
                                                         _131_ (net)
                      0.455503    0.000209    3.049492 ^ _468_/A2 (gf180mcu_fd_sc_mcu7t5v0__nand3_1)
     1    0.003370    0.338471    0.279137    3.328629 v _468_/ZN (gf180mcu_fd_sc_mcu7t5v0__nand3_1)
                                                         _007_ (net)
                      0.338471    0.000035    3.328663 v _873_/D (gf180mcu_fd_sc_mcu7t5v0__dffq_1)
                                              3.328663   data arrival time

                                  0.000000    0.000000   clock system_clock (rise edge)
                                  0.000000    0.000000   clock source latency
     1    0.038862    0.000000    0.000000    0.000000 ^ CLK_I (in)
                                                         CLK_I (net)
                      0.004005    0.001638    0.001638 ^ clkbuf_0_CLK_I/I (gf180mcu_fd_sc_mcu7t5v0__clkbuf_16)
     8    0.201827    0.438940    0.568479    0.570117 ^ clkbuf_0_CLK_I/Z (gf180mcu_fd_sc_mcu7t5v0__clkbuf_16)
                                                         clknet_0_CLK_I (net)
                      0.438948    0.002894    0.573010 ^ clkbuf_3_6__f_CLK_I/I (gf180mcu_fd_sc_mcu7t5v0__clkbuf_16)
    13    0.082219    0.254303    0.536767    1.109777 ^ clkbuf_3_6__f_CLK_I/Z (gf180mcu_fd_sc_mcu7t5v0__clkbuf_16)
                                                         clknet_3_6__leaf_CLK_I (net)
                      0.254306    0.001669    1.111445 ^ _873_/CLK (gf180mcu_fd_sc_mcu7t5v0__dffq_1)
                                  0.500000    1.611445   clock uncertainty
                                  0.000000    1.611445   clock reconvergence pessimism
                                  0.112242    1.723687   library hold time
                                              1.723687   data required time
---------------------------------------------------------------------------------------------
                                              1.723687   data required time
                                             -3.328663   data arrival time
---------------------------------------------------------------------------------------------
                                              1.604976   slack (MET)


Startpoint: _828_ (rising edge-triggered flip-flop clocked by system_clock)
Endpoint: _829_ (rising edge-triggered flip-flop clocked by system_clock)
Path Group: system_clock
Path Type: min

Fanout         Cap        Slew       Delay        Time   Description
---------------------------------------------------------------------------------------------
                                  0.000000    0.000000   clock system_clock (rise edge)
                                  0.000000    0.000000   clock source latency
     1    0.038862    0.000000    0.000000    0.000000 ^ CLK_I (in)
                                                         CLK_I (net)
                      0.004005    0.001638    0.001638 ^ clkbuf_0_CLK_I/I (gf180mcu_fd_sc_mcu7t5v0__clkbuf_16)
     8    0.201827    0.438940    0.568479    0.570117 ^ clkbuf_0_CLK_I/Z (gf180mcu_fd_sc_mcu7t5v0__clkbuf_16)
                                                         clknet_0_CLK_I (net)
                      0.438947    0.002701    0.572817 ^ clkbuf_3_1__f_CLK_I/I (gf180mcu_fd_sc_mcu7t5v0__clkbuf_16)
    10    0.061202    0.222932    0.512369    1.085186 ^ clkbuf_3_1__f_CLK_I/Z (gf180mcu_fd_sc_mcu7t5v0__clkbuf_16)
                                                         clknet_3_1__leaf_CLK_I (net)
                      0.222933    0.001013    1.086199 ^ _828_/CLK (gf180mcu_fd_sc_mcu7t5v0__dffq_1)
     5    0.027962    0.529408    1.478711    2.564910 v _828_/Q (gf180mcu_fd_sc_mcu7t5v0__dffq_1)
                                                         register_addr_data_flag (net)
                      0.529408    0.000485    2.565395 v _711_/A1 (gf180mcu_fd_sc_mcu7t5v0__nand4_1)
     1    0.008882    0.573731    0.511145    3.076540 ^ _711_/ZN (gf180mcu_fd_sc_mcu7t5v0__nand4_1)
                                                         _341_ (net)
                      0.573731    0.000142    3.076682 ^ _712_/A2 (gf180mcu_fd_sc_mcu7t5v0__aoi211_1)
     1    0.002898    0.301115    0.248634    3.325316 v _712_/ZN (gf180mcu_fd_sc_mcu7t5v0__aoi211_1)
                                                         _042_ (net)
                      0.301115    0.000029    3.325345 v _829_/D (gf180mcu_fd_sc_mcu7t5v0__dffq_1)
                                              3.325345   data arrival time

                                  0.000000    0.000000   clock system_clock (rise edge)
                                  0.000000    0.000000   clock source latency
     1    0.038862    0.000000    0.000000    0.000000 ^ CLK_I (in)
                                                         CLK_I (net)
                      0.004005    0.001638    0.001638 ^ clkbuf_0_CLK_I/I (gf180mcu_fd_sc_mcu7t5v0__clkbuf_16)
     8    0.201827    0.438940    0.568479    0.570117 ^ clkbuf_0_CLK_I/Z (gf180mcu_fd_sc_mcu7t5v0__clkbuf_16)
                                                         clknet_0_CLK_I (net)
                      0.438947    0.002701    0.572817 ^ clkbuf_3_1__f_CLK_I/I (gf180mcu_fd_sc_mcu7t5v0__clkbuf_16)
    10    0.061202    0.222932    0.512369    1.085186 ^ clkbuf_3_1__f_CLK_I/Z (gf180mcu_fd_sc_mcu7t5v0__clkbuf_16)
                                                         clknet_3_1__leaf_CLK_I (net)
                      0.222933    0.001154    1.086340 ^ _829_/CLK (gf180mcu_fd_sc_mcu7t5v0__dffq_1)
                                  0.500000    1.586340   clock uncertainty
                                  0.000000    1.586340   clock reconvergence pessimism
                                  0.116889    1.703229   library hold time
                                              1.703229   data required time
---------------------------------------------------------------------------------------------
                                              1.703229   data required time
                                             -3.325345   data arrival time
---------------------------------------------------------------------------------------------
                                              1.622116   slack (MET)


Startpoint: _871_ (rising edge-triggered flip-flop clocked by system_clock)
Endpoint: _871_ (rising edge-triggered flip-flop clocked by system_clock)
Path Group: system_clock
Path Type: min

Fanout         Cap        Slew       Delay        Time   Description
---------------------------------------------------------------------------------------------
                                  0.000000    0.000000   clock system_clock (rise edge)
                                  0.000000    0.000000   clock source latency
     1    0.038862    0.000000    0.000000    0.000000 ^ CLK_I (in)
                                                         CLK_I (net)
                      0.004005    0.001638    0.001638 ^ clkbuf_0_CLK_I/I (gf180mcu_fd_sc_mcu7t5v0__clkbuf_16)
     8    0.201827    0.438940    0.568479    0.570117 ^ clkbuf_0_CLK_I/Z (gf180mcu_fd_sc_mcu7t5v0__clkbuf_16)
                                                         clknet_0_CLK_I (net)
                      0.438948    0.002894    0.573010 ^ clkbuf_3_6__f_CLK_I/I (gf180mcu_fd_sc_mcu7t5v0__clkbuf_16)
    13    0.082219    0.254303    0.536767    1.109777 ^ clkbuf_3_6__f_CLK_I/Z (gf180mcu_fd_sc_mcu7t5v0__clkbuf_16)
                                                         clknet_3_6__leaf_CLK_I (net)
                      0.254306    0.001680    1.111457 ^ _871_/CLK (gf180mcu_fd_sc_mcu7t5v0__dffq_1)
     4    0.031466    0.580381    1.520997    2.632453 v _871_/Q (gf180mcu_fd_sc_mcu7t5v0__dffq_1)
                                                         addr_set_register[5] (net)
                      0.580381    0.000396    2.632849 v _460_/A2 (gf180mcu_fd_sc_mcu7t5v0__nand2_1)
     1    0.009238    0.475512    0.451443    3.084293 ^ _460_/ZN (gf180mcu_fd_sc_mcu7t5v0__nand2_1)
                                                         _127_ (net)
                      0.475512    0.000226    3.084519 ^ _462_/A2 (gf180mcu_fd_sc_mcu7t5v0__nand3_1)
     1    0.002781    0.323592    0.267049    3.351568 v _462_/ZN (gf180mcu_fd_sc_mcu7t5v0__nand3_1)
                                                         _005_ (net)
                      0.323592    0.000026    3.351594 v _871_/D (gf180mcu_fd_sc_mcu7t5v0__dffq_1)
                                              3.351594   data arrival time

                                  0.000000    0.000000   clock system_clock (rise edge)
                                  0.000000    0.000000   clock source latency
     1    0.038862    0.000000    0.000000    0.000000 ^ CLK_I (in)
                                                         CLK_I (net)
                      0.004005    0.001638    0.001638 ^ clkbuf_0_CLK_I/I (gf180mcu_fd_sc_mcu7t5v0__clkbuf_16)
     8    0.201827    0.438940    0.568479    0.570117 ^ clkbuf_0_CLK_I/Z (gf180mcu_fd_sc_mcu7t5v0__clkbuf_16)
                                                         clknet_0_CLK_I (net)
                      0.438948    0.002894    0.573010 ^ clkbuf_3_6__f_CLK_I/I (gf180mcu_fd_sc_mcu7t5v0__clkbuf_16)
    13    0.082219    0.254303    0.536767    1.109777 ^ clkbuf_3_6__f_CLK_I/Z (gf180mcu_fd_sc_mcu7t5v0__clkbuf_16)
                                                         clknet_3_6__leaf_CLK_I (net)
                      0.254306    0.001680    1.111457 ^ _871_/CLK (gf180mcu_fd_sc_mcu7t5v0__dffq_1)
                                  0.500000    1.611457   clock uncertainty
                                  0.000000    1.611457   clock reconvergence pessimism
                                  0.116712    1.728168   library hold time
                                              1.728168   data required time
---------------------------------------------------------------------------------------------
                                              1.728168   data required time
                                             -3.351594   data arrival time
---------------------------------------------------------------------------------------------
                                              1.623426   slack (MET)


Startpoint: _836_ (rising edge-triggered flip-flop clocked by system_clock)
Endpoint: _836_ (rising edge-triggered flip-flop clocked by system_clock)
Path Group: system_clock
Path Type: min

Fanout         Cap        Slew       Delay        Time   Description
---------------------------------------------------------------------------------------------
                                  0.000000    0.000000   clock system_clock (rise edge)
                                  0.000000    0.000000   clock source latency
     1    0.038862    0.000000    0.000000    0.000000 ^ CLK_I (in)
                                                         CLK_I (net)
                      0.004005    0.001638    0.001638 ^ clkbuf_0_CLK_I/I (gf180mcu_fd_sc_mcu7t5v0__clkbuf_16)
     8    0.201827    0.438940    0.568479    0.570117 ^ clkbuf_0_CLK_I/Z (gf180mcu_fd_sc_mcu7t5v0__clkbuf_16)
                                                         clknet_0_CLK_I (net)
                      0.438947    0.002738    0.572854 ^ clkbuf_3_0__f_CLK_I/I (gf180mcu_fd_sc_mcu7t5v0__clkbuf_16)
     9    0.068831    0.234339    0.521291    1.094145 ^ clkbuf_3_0__f_CLK_I/Z (gf180mcu_fd_sc_mcu7t5v0__clkbuf_16)
                                                         clknet_3_0__leaf_CLK_I (net)
                      0.234342    0.001589    1.095734 ^ _836_/CLK (gf180mcu_fd_sc_mcu7t5v0__dffq_1)
     4    0.033698    0.612958    1.538805    2.634538 v _836_/Q (gf180mcu_fd_sc_mcu7t5v0__dffq_1)
                                                         address_data_buffer_internal[0] (net)
                      0.612958    0.000555    2.635093 v _761_/I0 (gf180mcu_fd_sc_mcu7t5v0__mux2_2)
     1    0.004920    0.212013    0.730073    3.365166 v _761_/Z (gf180mcu_fd_sc_mcu7t5v0__mux2_2)
                                                         _049_ (net)
                      0.212013    0.000103    3.365269 v _836_/D (gf180mcu_fd_sc_mcu7t5v0__dffq_1)
                                              3.365269   data arrival time

                                  0.000000    0.000000   clock system_clock (rise edge)
                                  0.000000    0.000000   clock source latency
     1    0.038862    0.000000    0.000000    0.000000 ^ CLK_I (in)
                                                         CLK_I (net)
                      0.004005    0.001638    0.001638 ^ clkbuf_0_CLK_I/I (gf180mcu_fd_sc_mcu7t5v0__clkbuf_16)
     8    0.201827    0.438940    0.568479    0.570117 ^ clkbuf_0_CLK_I/Z (gf180mcu_fd_sc_mcu7t5v0__clkbuf_16)
                                                         clknet_0_CLK_I (net)
                      0.438947    0.002738    0.572854 ^ clkbuf_3_0__f_CLK_I/I (gf180mcu_fd_sc_mcu7t5v0__clkbuf_16)
     9    0.068831    0.234339    0.521291    1.094145 ^ clkbuf_3_0__f_CLK_I/Z (gf180mcu_fd_sc_mcu7t5v0__clkbuf_16)
                                                         clknet_3_0__leaf_CLK_I (net)
                      0.234342    0.001589    1.095734 ^ _836_/CLK (gf180mcu_fd_sc_mcu7t5v0__dffq_1)
                                  0.500000    1.595734   clock uncertainty
                                  0.000000    1.595734   clock reconvergence pessimism
                                  0.143008    1.738742   library hold time
                                              1.738742   data required time
---------------------------------------------------------------------------------------------
                                              1.738742   data required time
                                             -3.365269   data arrival time
---------------------------------------------------------------------------------------------
                                              1.626527   slack (MET)


Startpoint: _853_ (rising edge-triggered flip-flop clocked by system_clock)
Endpoint: _853_ (rising edge-triggered flip-flop clocked by system_clock)
Path Group: system_clock
Path Type: min

Fanout         Cap        Slew       Delay        Time   Description
---------------------------------------------------------------------------------------------
                                  0.000000    0.000000   clock system_clock (rise edge)
                                  0.000000    0.000000   clock source latency
     1    0.038862    0.000000    0.000000    0.000000 ^ CLK_I (in)
                                                         CLK_I (net)
                      0.004005    0.001638    0.001638 ^ clkbuf_0_CLK_I/I (gf180mcu_fd_sc_mcu7t5v0__clkbuf_16)
     8    0.201827    0.438940    0.568479    0.570117 ^ clkbuf_0_CLK_I/Z (gf180mcu_fd_sc_mcu7t5v0__clkbuf_16)
                                                         clknet_0_CLK_I (net)
                      0.438947    0.002656    0.572773 ^ clkbuf_3_5__f_CLK_I/I (gf180mcu_fd_sc_mcu7t5v0__clkbuf_16)
    11    0.066535    0.230976    0.518898    1.091671 ^ clkbuf_3_5__f_CLK_I/Z (gf180mcu_fd_sc_mcu7t5v0__clkbuf_16)
                                                         clknet_3_5__leaf_CLK_I (net)
                      0.230976    0.000368    1.092038 ^ _853_/CLK (gf180mcu_fd_sc_mcu7t5v0__dffq_1)
     2    0.011785    0.298861    1.306996    2.399034 v _853_/Q (gf180mcu_fd_sc_mcu7t5v0__dffq_1)
                                                         net18 (net)
                      0.298861    0.000216    2.399250 v _786_/B2 (gf180mcu_fd_sc_mcu7t5v0__aoi22_1)
     1    0.009283    0.566627    0.555095    2.954345 ^ _786_/ZN (gf180mcu_fd_sc_mcu7t5v0__aoi22_1)
                                                         _392_ (net)
                      0.566627    0.000234    2.954579 ^ _787_/A2 (gf180mcu_fd_sc_mcu7t5v0__nor2_1)
     1    0.008804    0.393602    0.354692    3.309271 v _787_/ZN (gf180mcu_fd_sc_mcu7t5v0__nor2_1)
                                                         _066_ (net)
                      0.393602    0.000227    3.309498 v _853_/D (gf180mcu_fd_sc_mcu7t5v0__dffq_1)
                                              3.309498   data arrival time

                                  0.000000    0.000000   clock system_clock (rise edge)
                                  0.000000    0.000000   clock source latency
     1    0.038862    0.000000    0.000000    0.000000 ^ CLK_I (in)
                                                         CLK_I (net)
                      0.004005    0.001638    0.001638 ^ clkbuf_0_CLK_I/I (gf180mcu_fd_sc_mcu7t5v0__clkbuf_16)
     8    0.201827    0.438940    0.568479    0.570117 ^ clkbuf_0_CLK_I/Z (gf180mcu_fd_sc_mcu7t5v0__clkbuf_16)
                                                         clknet_0_CLK_I (net)
                      0.438947    0.002656    0.572773 ^ clkbuf_3_5__f_CLK_I/I (gf180mcu_fd_sc_mcu7t5v0__clkbuf_16)
    11    0.066535    0.230976    0.518898    1.091671 ^ clkbuf_3_5__f_CLK_I/Z (gf180mcu_fd_sc_mcu7t5v0__clkbuf_16)
                                                         clknet_3_5__leaf_CLK_I (net)
                      0.230976    0.000368    1.092038 ^ _853_/CLK (gf180mcu_fd_sc_mcu7t5v0__dffq_1)
                                  0.500000    1.592038   clock uncertainty
                                  0.000000    1.592038   clock reconvergence pessimism
                                  0.090827    1.682865   library hold time
                                              1.682865   data required time
---------------------------------------------------------------------------------------------
                                              1.682865   data required time
                                             -3.309498   data arrival time
---------------------------------------------------------------------------------------------
                                              1.626633   slack (MET)


Startpoint: _819_ (rising edge-triggered flip-flop clocked by system_clock)
Endpoint: _820_ (rising edge-triggered flip-flop clocked by system_clock)
Path Group: system_clock
Path Type: min

Fanout         Cap        Slew       Delay        Time   Description
---------------------------------------------------------------------------------------------
                                  0.000000    0.000000   clock system_clock (rise edge)
                                  0.000000    0.000000   clock source latency
     1    0.038862    0.000000    0.000000    0.000000 ^ CLK_I (in)
                                                         CLK_I (net)
                      0.004005    0.001638    0.001638 ^ clkbuf_0_CLK_I/I (gf180mcu_fd_sc_mcu7t5v0__clkbuf_16)
     8    0.201827    0.438940    0.568479    0.570117 ^ clkbuf_0_CLK_I/Z (gf180mcu_fd_sc_mcu7t5v0__clkbuf_16)
                                                         clknet_0_CLK_I (net)
                      0.438949    0.003091    0.573207 ^ clkbuf_3_3__f_CLK_I/I (gf180mcu_fd_sc_mcu7t5v0__clkbuf_16)
    10    0.065340    0.229177    0.517455    1.090662 ^ clkbuf_3_3__f_CLK_I/Z (gf180mcu_fd_sc_mcu7t5v0__clkbuf_16)
                                                         clknet_3_3__leaf_CLK_I (net)
                      0.229177    0.000496    1.091158 ^ _819_/CLK (gf180mcu_fd_sc_mcu7t5v0__dffq_1)
     5    0.037137    0.663067    1.572626    2.663784 v _819_/Q (gf180mcu_fd_sc_mcu7t5v0__dffq_1)
                                                         recv_data_buffer[1] (net)
                      0.663068    0.000752    2.664536 v _686_/I1 (gf180mcu_fd_sc_mcu7t5v0__mux2_2)
     1    0.003094    0.191486    0.726347    3.390882 v _686_/Z (gf180mcu_fd_sc_mcu7t5v0__mux2_2)
                                                         _033_ (net)
                      0.191486    0.000031    3.390914 v _820_/D (gf180mcu_fd_sc_mcu7t5v0__dffq_1)
                                              3.390914   data arrival time

                                  0.000000    0.000000   clock system_clock (rise edge)
                                  0.000000    0.000000   clock source latency
     1    0.038862    0.000000    0.000000    0.000000 ^ CLK_I (in)
                                                         CLK_I (net)
                      0.004005    0.001638    0.001638 ^ clkbuf_0_CLK_I/I (gf180mcu_fd_sc_mcu7t5v0__clkbuf_16)
     8    0.201827    0.438940    0.568479    0.570117 ^ clkbuf_0_CLK_I/Z (gf180mcu_fd_sc_mcu7t5v0__clkbuf_16)
                                                         clknet_0_CLK_I (net)
                      0.438946    0.002581    0.572697 ^ clkbuf_3_7__f_CLK_I/I (gf180mcu_fd_sc_mcu7t5v0__clkbuf_16)
    14    0.078122    0.248260    0.532247    1.104944 ^ clkbuf_3_7__f_CLK_I/Z (gf180mcu_fd_sc_mcu7t5v0__clkbuf_16)
                                                         clknet_3_7__leaf_CLK_I (net)
                      0.248260    0.000046    1.104991 ^ _820_/CLK (gf180mcu_fd_sc_mcu7t5v0__dffq_1)
                                  0.500000    1.604991   clock uncertainty
                                  0.000000    1.604991   clock reconvergence pessimism
                                  0.149740    1.754730   library hold time
                                              1.754730   data required time
---------------------------------------------------------------------------------------------
                                              1.754730   data required time
                                             -3.390914   data arrival time
---------------------------------------------------------------------------------------------
                                              1.636184   slack (MET)


Startpoint: _851_ (rising edge-triggered flip-flop clocked by system_clock)
Endpoint: _851_ (rising edge-triggered flip-flop clocked by system_clock)
Path Group: system_clock
Path Type: min

Fanout         Cap        Slew       Delay        Time   Description
---------------------------------------------------------------------------------------------
                                  0.000000    0.000000   clock system_clock (rise edge)
                                  0.000000    0.000000   clock source latency
     1    0.038862    0.000000    0.000000    0.000000 ^ CLK_I (in)
                                                         CLK_I (net)
                      0.004005    0.001638    0.001638 ^ clkbuf_0_CLK_I/I (gf180mcu_fd_sc_mcu7t5v0__clkbuf_16)
     8    0.201827    0.438940    0.568479    0.570117 ^ clkbuf_0_CLK_I/Z (gf180mcu_fd_sc_mcu7t5v0__clkbuf_16)
                                                         clknet_0_CLK_I (net)
                      0.438947    0.002656    0.572773 ^ clkbuf_3_5__f_CLK_I/I (gf180mcu_fd_sc_mcu7t5v0__clkbuf_16)
    11    0.066535    0.230976    0.518898    1.091671 ^ clkbuf_3_5__f_CLK_I/Z (gf180mcu_fd_sc_mcu7t5v0__clkbuf_16)
                                                         clknet_3_5__leaf_CLK_I (net)
                      0.230976    0.000555    1.092225 ^ _851_/CLK (gf180mcu_fd_sc_mcu7t5v0__dffq_1)
     2    0.011296    0.292100    1.301491    2.393716 v _851_/Q (gf180mcu_fd_sc_mcu7t5v0__dffq_1)
                                                         net16 (net)
                      0.292100    0.000195    2.393911 v _782_/B2 (gf180mcu_fd_sc_mcu7t5v0__aoi22_1)
     1    0.011520    0.709440    0.605630    2.999541 ^ _782_/ZN (gf180mcu_fd_sc_mcu7t5v0__aoi22_1)
                                                         _390_ (net)
                      0.709440    0.000319    2.999860 ^ _783_/A2 (gf180mcu_fd_sc_mcu7t5v0__nor2_1)
     1    0.006370    0.386615    0.328626    3.328486 v _783_/ZN (gf180mcu_fd_sc_mcu7t5v0__nor2_1)
                                                         _064_ (net)
                      0.386615    0.000156    3.328642 v _851_/D (gf180mcu_fd_sc_mcu7t5v0__dffq_1)
                                              3.328642   data arrival time

                                  0.000000    0.000000   clock system_clock (rise edge)
                                  0.000000    0.000000   clock source latency
     1    0.038862    0.000000    0.000000    0.000000 ^ CLK_I (in)
                                                         CLK_I (net)
                      0.004005    0.001638    0.001638 ^ clkbuf_0_CLK_I/I (gf180mcu_fd_sc_mcu7t5v0__clkbuf_16)
     8    0.201827    0.438940    0.568479    0.570117 ^ clkbuf_0_CLK_I/Z (gf180mcu_fd_sc_mcu7t5v0__clkbuf_16)
                                                         clknet_0_CLK_I (net)
                      0.438947    0.002656    0.572773 ^ clkbuf_3_5__f_CLK_I/I (gf180mcu_fd_sc_mcu7t5v0__clkbuf_16)
    11    0.066535    0.230976    0.518898    1.091671 ^ clkbuf_3_5__f_CLK_I/Z (gf180mcu_fd_sc_mcu7t5v0__clkbuf_16)
                                                         clknet_3_5__leaf_CLK_I (net)
                      0.230976    0.000555    1.092225 ^ _851_/CLK (gf180mcu_fd_sc_mcu7t5v0__dffq_1)
                                  0.500000    1.592225   clock uncertainty
                                  0.000000    1.592225   clock reconvergence pessimism
                                  0.092920    1.685145   library hold time
                                              1.685145   data required time
---------------------------------------------------------------------------------------------
                                              1.685145   data required time
                                             -3.328642   data arrival time
---------------------------------------------------------------------------------------------
                                              1.643497   slack (MET)


Startpoint: _886_ (rising edge-triggered flip-flop clocked by system_clock)
Endpoint: _886_ (rising edge-triggered flip-flop clocked by system_clock)
Path Group: system_clock
Path Type: min

Fanout         Cap        Slew       Delay        Time   Description
---------------------------------------------------------------------------------------------
                                  0.000000    0.000000   clock system_clock (rise edge)
                                  0.000000    0.000000   clock source latency
     1    0.038862    0.000000    0.000000    0.000000 ^ CLK_I (in)
                                                         CLK_I (net)
                      0.004005    0.001638    0.001638 ^ clkbuf_0_CLK_I/I (gf180mcu_fd_sc_mcu7t5v0__clkbuf_16)
     8    0.201827    0.438940    0.568479    0.570117 ^ clkbuf_0_CLK_I/Z (gf180mcu_fd_sc_mcu7t5v0__clkbuf_16)
                                                         clknet_0_CLK_I (net)
                      0.438948    0.002917    0.573034 ^ clkbuf_3_4__f_CLK_I/I (gf180mcu_fd_sc_mcu7t5v0__clkbuf_16)
     9    0.078023    0.248065    0.531971    1.105005 ^ clkbuf_3_4__f_CLK_I/Z (gf180mcu_fd_sc_mcu7t5v0__clkbuf_16)
                                                         clknet_3_4__leaf_CLK_I (net)
                      0.248069    0.001936    1.106941 ^ _886_/CLK (gf180mcu_fd_sc_mcu7t5v0__dffq_1)
     7    0.039249    0.694533    1.597690    2.704631 v _886_/Q (gf180mcu_fd_sc_mcu7t5v0__dffq_1)
                                                         addr_pointer_register_internal[4] (net)
                      0.694533    0.000524    2.705155 v _573_/B (gf180mcu_fd_sc_mcu7t5v0__aoi21_1)
     1    0.006872    0.564906    0.501618    3.206773 ^ _573_/ZN (gf180mcu_fd_sc_mcu7t5v0__aoi21_1)
                                                         _225_ (net)
                      0.564906    0.000138    3.206910 ^ _577_/B1 (gf180mcu_fd_sc_mcu7t5v0__oai32_1)
     1    0.003405    0.244533    0.188751    3.395662 v _577_/ZN (gf180mcu_fd_sc_mcu7t5v0__oai32_1)
                                                         _020_ (net)
                      0.244533    0.000036    3.395698 v _886_/D (gf180mcu_fd_sc_mcu7t5v0__dffq_1)
                                              3.395698   data arrival time

                                  0.000000    0.000000   clock system_clock (rise edge)
                                  0.000000    0.000000   clock source latency
     1    0.038862    0.000000    0.000000    0.000000 ^ CLK_I (in)
                                                         CLK_I (net)
                      0.004005    0.001638    0.001638 ^ clkbuf_0_CLK_I/I (gf180mcu_fd_sc_mcu7t5v0__clkbuf_16)
     8    0.201827    0.438940    0.568479    0.570117 ^ clkbuf_0_CLK_I/Z (gf180mcu_fd_sc_mcu7t5v0__clkbuf_16)
                                                         clknet_0_CLK_I (net)
                      0.438948    0.002917    0.573034 ^ clkbuf_3_4__f_CLK_I/I (gf180mcu_fd_sc_mcu7t5v0__clkbuf_16)
     9    0.078023    0.248065    0.531971    1.105005 ^ clkbuf_3_4__f_CLK_I/Z (gf180mcu_fd_sc_mcu7t5v0__clkbuf_16)
                                                         clknet_3_4__leaf_CLK_I (net)
                      0.248069    0.001936    1.106941 ^ _886_/CLK (gf180mcu_fd_sc_mcu7t5v0__dffq_1)
                                  0.500000    1.606941   clock uncertainty
                                  0.000000    1.606941   clock reconvergence pessimism
                                  0.139128    1.746069   library hold time
                                              1.746069   data required time
---------------------------------------------------------------------------------------------
                                              1.746069   data required time
                                             -3.395698   data arrival time
---------------------------------------------------------------------------------------------
                                              1.649629   slack (MET)


Startpoint: _852_ (rising edge-triggered flip-flop clocked by system_clock)
Endpoint: _852_ (rising edge-triggered flip-flop clocked by system_clock)
Path Group: system_clock
Path Type: min

Fanout         Cap        Slew       Delay        Time   Description
---------------------------------------------------------------------------------------------
                                  0.000000    0.000000   clock system_clock (rise edge)
                                  0.000000    0.000000   clock source latency
     1    0.038862    0.000000    0.000000    0.000000 ^ CLK_I (in)
                                                         CLK_I (net)
                      0.004005    0.001638    0.001638 ^ clkbuf_0_CLK_I/I (gf180mcu_fd_sc_mcu7t5v0__clkbuf_16)
     8    0.201827    0.438940    0.568479    0.570117 ^ clkbuf_0_CLK_I/Z (gf180mcu_fd_sc_mcu7t5v0__clkbuf_16)
                                                         clknet_0_CLK_I (net)
                      0.438947    0.002656    0.572773 ^ clkbuf_3_5__f_CLK_I/I (gf180mcu_fd_sc_mcu7t5v0__clkbuf_16)
    11    0.066535    0.230976    0.518898    1.091671 ^ clkbuf_3_5__f_CLK_I/Z (gf180mcu_fd_sc_mcu7t5v0__clkbuf_16)
                                                         clknet_3_5__leaf_CLK_I (net)
                      0.230976    0.000421    1.092091 ^ _852_/CLK (gf180mcu_fd_sc_mcu7t5v0__dffq_1)
     2    0.015882    0.355839    1.353377    2.445468 v _852_/Q (gf180mcu_fd_sc_mcu7t5v0__dffq_1)
                                                         net17 (net)
                      0.355839    0.000259    2.445727 v _784_/B2 (gf180mcu_fd_sc_mcu7t5v0__aoi22_1)
     1    0.008334    0.556432    0.545593    2.991320 ^ _784_/ZN (gf180mcu_fd_sc_mcu7t5v0__aoi22_1)
                                                         _391_ (net)
                      0.556432    0.000199    2.991519 ^ _785_/A2 (gf180mcu_fd_sc_mcu7t5v0__nor2_1)
     1    0.008691    0.389352    0.351202    3.342721 v _785_/ZN (gf180mcu_fd_sc_mcu7t5v0__nor2_1)
                                                         _065_ (net)
                      0.389352    0.000228    3.342950 v _852_/D (gf180mcu_fd_sc_mcu7t5v0__dffq_1)
                                              3.342950   data arrival time

                                  0.000000    0.000000   clock system_clock (rise edge)
                                  0.000000    0.000000   clock source latency
     1    0.038862    0.000000    0.000000    0.000000 ^ CLK_I (in)
                                                         CLK_I (net)
                      0.004005    0.001638    0.001638 ^ clkbuf_0_CLK_I/I (gf180mcu_fd_sc_mcu7t5v0__clkbuf_16)
     8    0.201827    0.438940    0.568479    0.570117 ^ clkbuf_0_CLK_I/Z (gf180mcu_fd_sc_mcu7t5v0__clkbuf_16)
                                                         clknet_0_CLK_I (net)
                      0.438947    0.002656    0.572773 ^ clkbuf_3_5__f_CLK_I/I (gf180mcu_fd_sc_mcu7t5v0__clkbuf_16)
    11    0.066535    0.230976    0.518898    1.091671 ^ clkbuf_3_5__f_CLK_I/Z (gf180mcu_fd_sc_mcu7t5v0__clkbuf_16)
                                                         clknet_3_5__leaf_CLK_I (net)
                      0.230976    0.000421    1.092091 ^ _852_/CLK (gf180mcu_fd_sc_mcu7t5v0__dffq_1)
                                  0.500000    1.592091   clock uncertainty
                                  0.000000    1.592091   clock reconvergence pessimism
                                  0.092100    1.684191   library hold time
                                              1.684191   data required time
---------------------------------------------------------------------------------------------
                                              1.684191   data required time
                                             -3.342950   data arrival time
---------------------------------------------------------------------------------------------
                                              1.658759   slack (MET)


Startpoint: _818_ (rising edge-triggered flip-flop clocked by system_clock)
Endpoint: _856_ (rising edge-triggered flip-flop clocked by system_clock)
Path Group: system_clock
Path Type: min

Fanout         Cap        Slew       Delay        Time   Description
---------------------------------------------------------------------------------------------
                                  0.000000    0.000000   clock system_clock (rise edge)
                                  0.000000    0.000000   clock source latency
     1    0.038862    0.000000    0.000000    0.000000 ^ CLK_I (in)
                                                         CLK_I (net)
                      0.004005    0.001638    0.001638 ^ clkbuf_0_CLK_I/I (gf180mcu_fd_sc_mcu7t5v0__clkbuf_16)
     8    0.201827    0.438940    0.568479    0.570117 ^ clkbuf_0_CLK_I/Z (gf180mcu_fd_sc_mcu7t5v0__clkbuf_16)
                                                         clknet_0_CLK_I (net)
                      0.438949    0.003091    0.573207 ^ clkbuf_3_3__f_CLK_I/I (gf180mcu_fd_sc_mcu7t5v0__clkbuf_16)
    10    0.065340    0.229177    0.517455    1.090662 ^ clkbuf_3_3__f_CLK_I/Z (gf180mcu_fd_sc_mcu7t5v0__clkbuf_16)
                                                         clknet_3_3__leaf_CLK_I (net)
                      0.229177    0.000580    1.091241 ^ _818_/CLK (gf180mcu_fd_sc_mcu7t5v0__dffq_1)
     4    0.031474    0.580476    1.515419    2.606660 v _818_/Q (gf180mcu_fd_sc_mcu7t5v0__dffq_1)
                                                         recv_data_buffer[0] (net)
                      0.580478    0.000774    2.607434 v _793_/B2 (gf180mcu_fd_sc_mcu7t5v0__aoi22_1)
     1    0.005054    0.400863    0.518149    3.125583 ^ _793_/ZN (gf180mcu_fd_sc_mcu7t5v0__aoi22_1)
                                                         _396_ (net)
                      0.400863    0.000096    3.125679 ^ _794_/A2 (gf180mcu_fd_sc_mcu7t5v0__nor2_1)
     1    0.004966    0.287898    0.260342    3.386021 v _794_/ZN (gf180mcu_fd_sc_mcu7t5v0__nor2_1)
                                                         _069_ (net)
                      0.287898    0.000101    3.386122 v _856_/D (gf180mcu_fd_sc_mcu7t5v0__dffq_1)
                                              3.386122   data arrival time

                                  0.000000    0.000000   clock system_clock (rise edge)
                                  0.000000    0.000000   clock source latency
     1    0.038862    0.000000    0.000000    0.000000 ^ CLK_I (in)
                                                         CLK_I (net)
                      0.004005    0.001638    0.001638 ^ clkbuf_0_CLK_I/I (gf180mcu_fd_sc_mcu7t5v0__clkbuf_16)
     8    0.201827    0.438940    0.568479    0.570117 ^ clkbuf_0_CLK_I/Z (gf180mcu_fd_sc_mcu7t5v0__clkbuf_16)
                                                         clknet_0_CLK_I (net)
                      0.438947    0.002656    0.572773 ^ clkbuf_3_5__f_CLK_I/I (gf180mcu_fd_sc_mcu7t5v0__clkbuf_16)
    11    0.066535    0.230976    0.518898    1.091671 ^ clkbuf_3_5__f_CLK_I/Z (gf180mcu_fd_sc_mcu7t5v0__clkbuf_16)
                                                         clknet_3_5__leaf_CLK_I (net)
                      0.230976    0.000263    1.091934 ^ _856_/CLK (gf180mcu_fd_sc_mcu7t5v0__dffq_1)
                                  0.500000    1.591934   clock uncertainty
                                  0.000000    1.591934   clock reconvergence pessimism
                                  0.122495    1.714429   library hold time
                                              1.714429   data required time
---------------------------------------------------------------------------------------------
                                              1.714429   data required time
                                             -3.386122   data arrival time
---------------------------------------------------------------------------------------------
                                              1.671693   slack (MET)


Startpoint: _819_ (rising edge-triggered flip-flop clocked by system_clock)
Endpoint: _857_ (rising edge-triggered flip-flop clocked by system_clock)
Path Group: system_clock
Path Type: min

Fanout         Cap        Slew       Delay        Time   Description
---------------------------------------------------------------------------------------------
                                  0.000000    0.000000   clock system_clock (rise edge)
                                  0.000000    0.000000   clock source latency
     1    0.038862    0.000000    0.000000    0.000000 ^ CLK_I (in)
                                                         CLK_I (net)
                      0.004005    0.001638    0.001638 ^ clkbuf_0_CLK_I/I (gf180mcu_fd_sc_mcu7t5v0__clkbuf_16)
     8    0.201827    0.438940    0.568479    0.570117 ^ clkbuf_0_CLK_I/Z (gf180mcu_fd_sc_mcu7t5v0__clkbuf_16)
                                                         clknet_0_CLK_I (net)
                      0.438949    0.003091    0.573207 ^ clkbuf_3_3__f_CLK_I/I (gf180mcu_fd_sc_mcu7t5v0__clkbuf_16)
    10    0.065340    0.229177    0.517455    1.090662 ^ clkbuf_3_3__f_CLK_I/Z (gf180mcu_fd_sc_mcu7t5v0__clkbuf_16)
                                                         clknet_3_3__leaf_CLK_I (net)
                      0.229177    0.000496    1.091158 ^ _819_/CLK (gf180mcu_fd_sc_mcu7t5v0__dffq_1)
     5    0.037137    0.663067    1.572626    2.663784 v _819_/Q (gf180mcu_fd_sc_mcu7t5v0__dffq_1)
                                                         recv_data_buffer[1] (net)
                      0.663068    0.000833    2.664617 v _795_/B2 (gf180mcu_fd_sc_mcu7t5v0__aoi22_1)
     1    0.004574    0.397904    0.523756    3.188373 ^ _795_/ZN (gf180mcu_fd_sc_mcu7t5v0__aoi22_1)
                                                         _397_ (net)
                      0.397904    0.000044    3.188417 ^ _796_/A2 (gf180mcu_fd_sc_mcu7t5v0__nor2_1)
     1    0.003175    0.251285    0.229604    3.418021 v _796_/ZN (gf180mcu_fd_sc_mcu7t5v0__nor2_1)
                                                         _070_ (net)
                      0.251285    0.000060    3.418081 v _857_/D (gf180mcu_fd_sc_mcu7t5v0__dffq_1)
                                              3.418081   data arrival time

                                  0.000000    0.000000   clock system_clock (rise edge)
                                  0.000000    0.000000   clock source latency
     1    0.038862    0.000000    0.000000    0.000000 ^ CLK_I (in)
                                                         CLK_I (net)
                      0.004005    0.001638    0.001638 ^ clkbuf_0_CLK_I/I (gf180mcu_fd_sc_mcu7t5v0__clkbuf_16)
     8    0.201827    0.438940    0.568479    0.570117 ^ clkbuf_0_CLK_I/Z (gf180mcu_fd_sc_mcu7t5v0__clkbuf_16)
                                                         clknet_0_CLK_I (net)
                      0.438946    0.002581    0.572697 ^ clkbuf_3_7__f_CLK_I/I (gf180mcu_fd_sc_mcu7t5v0__clkbuf_16)
    14    0.078122    0.248260    0.532247    1.104944 ^ clkbuf_3_7__f_CLK_I/Z (gf180mcu_fd_sc_mcu7t5v0__clkbuf_16)
                                                         clknet_3_7__leaf_CLK_I (net)
                      0.248260    0.000188    1.105132 ^ _857_/CLK (gf180mcu_fd_sc_mcu7t5v0__dffq_1)
                                  0.500000    1.605132   clock uncertainty
                                  0.000000    1.605132   clock reconvergence pessimism
                                  0.137141    1.742273   library hold time
                                              1.742273   data required time
---------------------------------------------------------------------------------------------
                                              1.742273   data required time
                                             -3.418081   data arrival time
---------------------------------------------------------------------------------------------
                                              1.675807   slack (MET)


Startpoint: _870_ (rising edge-triggered flip-flop clocked by system_clock)
Endpoint: _870_ (rising edge-triggered flip-flop clocked by system_clock)
Path Group: system_clock
Path Type: min

Fanout         Cap        Slew       Delay        Time   Description
---------------------------------------------------------------------------------------------
                                  0.000000    0.000000   clock system_clock (rise edge)
                                  0.000000    0.000000   clock source latency
     1    0.038862    0.000000    0.000000    0.000000 ^ CLK_I (in)
                                                         CLK_I (net)
                      0.004005    0.001638    0.001638 ^ clkbuf_0_CLK_I/I (gf180mcu_fd_sc_mcu7t5v0__clkbuf_16)
     8    0.201827    0.438940    0.568479    0.570117 ^ clkbuf_0_CLK_I/Z (gf180mcu_fd_sc_mcu7t5v0__clkbuf_16)
                                                         clknet_0_CLK_I (net)
                      0.438949    0.003091    0.573207 ^ clkbuf_3_3__f_CLK_I/I (gf180mcu_fd_sc_mcu7t5v0__clkbuf_16)
    10    0.065340    0.229177    0.517455    1.090662 ^ clkbuf_3_3__f_CLK_I/Z (gf180mcu_fd_sc_mcu7t5v0__clkbuf_16)
                                                         clknet_3_3__leaf_CLK_I (net)
                      0.229177    0.000421    1.091083 ^ _870_/CLK (gf180mcu_fd_sc_mcu7t5v0__dffq_1)
     4    0.028716    0.540348    1.487674    2.578757 v _870_/Q (gf180mcu_fd_sc_mcu7t5v0__dffq_1)
                                                         addr_set_register[4] (net)
                      0.540348    0.000334    2.579091 v _458_/A1 (gf180mcu_fd_sc_mcu7t5v0__oai21_1)
     1    0.005403    0.570946    0.480249    3.059339 ^ _458_/ZN (gf180mcu_fd_sc_mcu7t5v0__oai21_1)
                                                         _126_ (net)
                      0.570946    0.000106    3.059446 ^ _459_/B (gf180mcu_fd_sc_mcu7t5v0__aoi21_1)
     1    0.003639    0.350931    0.320282    3.379728 v _459_/ZN (gf180mcu_fd_sc_mcu7t5v0__aoi21_1)
                                                         _004_ (net)
                      0.350931    0.000071    3.379799 v _870_/D (gf180mcu_fd_sc_mcu7t5v0__dffq_1)
                                              3.379799   data arrival time

                                  0.000000    0.000000   clock system_clock (rise edge)
                                  0.000000    0.000000   clock source latency
     1    0.038862    0.000000    0.000000    0.000000 ^ CLK_I (in)
                                                         CLK_I (net)
                      0.004005    0.001638    0.001638 ^ clkbuf_0_CLK_I/I (gf180mcu_fd_sc_mcu7t5v0__clkbuf_16)
     8    0.201827    0.438940    0.568479    0.570117 ^ clkbuf_0_CLK_I/Z (gf180mcu_fd_sc_mcu7t5v0__clkbuf_16)
                                                         clknet_0_CLK_I (net)
                      0.438949    0.003091    0.573207 ^ clkbuf_3_3__f_CLK_I/I (gf180mcu_fd_sc_mcu7t5v0__clkbuf_16)
    10    0.065340    0.229177    0.517455    1.090662 ^ clkbuf_3_3__f_CLK_I/Z (gf180mcu_fd_sc_mcu7t5v0__clkbuf_16)
                                                         clknet_3_3__leaf_CLK_I (net)
                      0.229177    0.000421    1.091083 ^ _870_/CLK (gf180mcu_fd_sc_mcu7t5v0__dffq_1)
                                  0.500000    1.591083   clock uncertainty
                                  0.000000    1.591083   clock reconvergence pessimism
                                  0.103254    1.694337   library hold time
                                              1.694337   data required time
---------------------------------------------------------------------------------------------
                                              1.694337   data required time
                                             -3.379799   data arrival time
---------------------------------------------------------------------------------------------
                                              1.685462   slack (MET)


Startpoint: _893_ (rising edge-triggered flip-flop clocked by system_clock)
Endpoint: _893_ (rising edge-triggered flip-flop clocked by system_clock)
Path Group: system_clock
Path Type: min

Fanout         Cap        Slew       Delay        Time   Description
---------------------------------------------------------------------------------------------
                                  0.000000    0.000000   clock system_clock (rise edge)
                                  0.000000    0.000000   clock source latency
     1    0.038862    0.000000    0.000000    0.000000 ^ CLK_I (in)
                                                         CLK_I (net)
                      0.004005    0.001638    0.001638 ^ clkbuf_0_CLK_I/I (gf180mcu_fd_sc_mcu7t5v0__clkbuf_16)
     8    0.201827    0.438940    0.568479    0.570117 ^ clkbuf_0_CLK_I/Z (gf180mcu_fd_sc_mcu7t5v0__clkbuf_16)
                                                         clknet_0_CLK_I (net)
                      0.438948    0.002917    0.573034 ^ clkbuf_3_4__f_CLK_I/I (gf180mcu_fd_sc_mcu7t5v0__clkbuf_16)
     9    0.078023    0.248065    0.531971    1.105005 ^ clkbuf_3_4__f_CLK_I/Z (gf180mcu_fd_sc_mcu7t5v0__clkbuf_16)
                                                         clknet_3_4__leaf_CLK_I (net)
                      0.248067    0.001486    1.106491 ^ _893_/CLK (gf180mcu_fd_sc_mcu7t5v0__dffq_1)
     5    0.038988    0.690545    1.595147    2.701638 v _893_/Q (gf180mcu_fd_sc_mcu7t5v0__dffq_1)
                                                         wb_master_subroutine_iteration[1] (net)
                      0.690545    0.000556    2.702194 v _604_/A1 (gf180mcu_fd_sc_mcu7t5v0__nand3_1)
     1    0.008226    0.503582    0.483558    3.185753 ^ _604_/ZN (gf180mcu_fd_sc_mcu7t5v0__nand3_1)
                                                         _247_ (net)
                      0.503582    0.000184    3.185936 ^ _605_/A2 (gf180mcu_fd_sc_mcu7t5v0__aoi21_1)
     1    0.004935    0.281629    0.233931    3.419867 v _605_/ZN (gf180mcu_fd_sc_mcu7t5v0__aoi21_1)
                                                         _027_ (net)
                      0.281629    0.000103    3.419970 v _893_/D (gf180mcu_fd_sc_mcu7t5v0__dffq_1)
                                              3.419970   data arrival time

                                  0.000000    0.000000   clock system_clock (rise edge)
                                  0.000000    0.000000   clock source latency
     1    0.038862    0.000000    0.000000    0.000000 ^ CLK_I (in)
                                                         CLK_I (net)
                      0.004005    0.001638    0.001638 ^ clkbuf_0_CLK_I/I (gf180mcu_fd_sc_mcu7t5v0__clkbuf_16)
     8    0.201827    0.438940    0.568479    0.570117 ^ clkbuf_0_CLK_I/Z (gf180mcu_fd_sc_mcu7t5v0__clkbuf_16)
                                                         clknet_0_CLK_I (net)
                      0.438948    0.002917    0.573034 ^ clkbuf_3_4__f_CLK_I/I (gf180mcu_fd_sc_mcu7t5v0__clkbuf_16)
     9    0.078023    0.248065    0.531971    1.105005 ^ clkbuf_3_4__f_CLK_I/Z (gf180mcu_fd_sc_mcu7t5v0__clkbuf_16)
                                                         clknet_3_4__leaf_CLK_I (net)
                      0.248067    0.001486    1.106491 ^ _893_/CLK (gf180mcu_fd_sc_mcu7t5v0__dffq_1)
                                  0.500000    1.606491   clock uncertainty
                                  0.000000    1.606491   clock reconvergence pessimism
                                  0.127984    1.734475   library hold time
                                              1.734475   data required time
---------------------------------------------------------------------------------------------
                                              1.734475   data required time
                                             -3.419970   data arrival time
---------------------------------------------------------------------------------------------
                                              1.685494   slack (MET)


Startpoint: _822_ (rising edge-triggered flip-flop clocked by system_clock)
Endpoint: _823_ (rising edge-triggered flip-flop clocked by system_clock)
Path Group: system_clock
Path Type: min

Fanout         Cap        Slew       Delay        Time   Description
---------------------------------------------------------------------------------------------
                                  0.000000    0.000000   clock system_clock (rise edge)
                                  0.000000    0.000000   clock source latency
     1    0.038862    0.000000    0.000000    0.000000 ^ CLK_I (in)
                                                         CLK_I (net)
                      0.004005    0.001638    0.001638 ^ clkbuf_0_CLK_I/I (gf180mcu_fd_sc_mcu7t5v0__clkbuf_16)
     8    0.201827    0.438940    0.568479    0.570117 ^ clkbuf_0_CLK_I/Z (gf180mcu_fd_sc_mcu7t5v0__clkbuf_16)
                                                         clknet_0_CLK_I (net)
                      0.438949    0.003091    0.573207 ^ clkbuf_3_3__f_CLK_I/I (gf180mcu_fd_sc_mcu7t5v0__clkbuf_16)
    10    0.065340    0.229177    0.517455    1.090662 ^ clkbuf_3_3__f_CLK_I/Z (gf180mcu_fd_sc_mcu7t5v0__clkbuf_16)
                                                         clknet_3_3__leaf_CLK_I (net)
                      0.229177    0.000463    1.091125 ^ _822_/CLK (gf180mcu_fd_sc_mcu7t5v0__dffq_1)
     4    0.039591    0.699717    1.596733    2.687858 v _822_/Q (gf180mcu_fd_sc_mcu7t5v0__dffq_1)
                                                         recv_data_buffer[4] (net)
                      0.699717    0.000595    2.688453 v _690_/I1 (gf180mcu_fd_sc_mcu7t5v0__mux2_2)
     1    0.006796    0.231273    0.773166    3.461619 v _690_/Z (gf180mcu_fd_sc_mcu7t5v0__mux2_2)
                                                         _036_ (net)
                      0.231273    0.000163    3.461782 v _823_/D (gf180mcu_fd_sc_mcu7t5v0__dffq_1)
                                              3.461782   data arrival time

                                  0.000000    0.000000   clock system_clock (rise edge)
                                  0.000000    0.000000   clock source latency
     1    0.038862    0.000000    0.000000    0.000000 ^ CLK_I (in)
                                                         CLK_I (net)
                      0.004005    0.001638    0.001638 ^ clkbuf_0_CLK_I/I (gf180mcu_fd_sc_mcu7t5v0__clkbuf_16)
     8    0.201827    0.438940    0.568479    0.570117 ^ clkbuf_0_CLK_I/Z (gf180mcu_fd_sc_mcu7t5v0__clkbuf_16)
                                                         clknet_0_CLK_I (net)
                      0.438948    0.002894    0.573010 ^ clkbuf_3_6__f_CLK_I/I (gf180mcu_fd_sc_mcu7t5v0__clkbuf_16)
    13    0.082219    0.254303    0.536767    1.109777 ^ clkbuf_3_6__f_CLK_I/Z (gf180mcu_fd_sc_mcu7t5v0__clkbuf_16)
                                                         clknet_3_6__leaf_CLK_I (net)
                      0.254306    0.001686    1.111463 ^ _823_/CLK (gf180mcu_fd_sc_mcu7t5v0__dffq_1)
                                  0.500000    1.611463   clock uncertainty
                                  0.000000    1.611463   clock reconvergence pessimism
                                  0.143739    1.755202   library hold time
                                              1.755202   data required time
---------------------------------------------------------------------------------------------
                                              1.755202   data required time
                                             -3.461782   data arrival time
---------------------------------------------------------------------------------------------
                                              1.706581   slack (MET)


Startpoint: _888_ (rising edge-triggered flip-flop clocked by system_clock)
Endpoint: _888_ (rising edge-triggered flip-flop clocked by system_clock)
Path Group: system_clock
Path Type: min

Fanout         Cap        Slew       Delay        Time   Description
---------------------------------------------------------------------------------------------
                                  0.000000    0.000000   clock system_clock (rise edge)
                                  0.000000    0.000000   clock source latency
     1    0.038862    0.000000    0.000000    0.000000 ^ CLK_I (in)
                                                         CLK_I (net)
                      0.004005    0.001638    0.001638 ^ clkbuf_0_CLK_I/I (gf180mcu_fd_sc_mcu7t5v0__clkbuf_16)
     8    0.201827    0.438940    0.568479    0.570117 ^ clkbuf_0_CLK_I/Z (gf180mcu_fd_sc_mcu7t5v0__clkbuf_16)
                                                         clknet_0_CLK_I (net)
                      0.438948    0.002917    0.573034 ^ clkbuf_3_4__f_CLK_I/I (gf180mcu_fd_sc_mcu7t5v0__clkbuf_16)
     9    0.078023    0.248065    0.531971    1.105005 ^ clkbuf_3_4__f_CLK_I/Z (gf180mcu_fd_sc_mcu7t5v0__clkbuf_16)
                                                         clknet_3_4__leaf_CLK_I (net)
                      0.248065    0.000086    1.105091 ^ _888_/CLK (gf180mcu_fd_sc_mcu7t5v0__dffq_1)
     4    0.025877    0.499288    1.463224    2.568315 v _888_/Q (gf180mcu_fd_sc_mcu7t5v0__dffq_1)
                                                         addr_pointer_register_internal[6] (net)
                      0.499288    0.000360    2.568675 v _586_/A1 (gf180mcu_fd_sc_mcu7t5v0__nor2_1)
     1    0.008514    0.671188    0.519446    3.088121 ^ _586_/ZN (gf180mcu_fd_sc_mcu7t5v0__nor2_1)
                                                         _236_ (net)
                      0.671188    0.000204    3.088325 ^ _587_/B (gf180mcu_fd_sc_mcu7t5v0__aoi21_1)
     1    0.004568    0.296163    0.351246    3.439571 v _587_/ZN (gf180mcu_fd_sc_mcu7t5v0__aoi21_1)
                                                         _022_ (net)
                      0.296163    0.000092    3.439664 v _888_/D (gf180mcu_fd_sc_mcu7t5v0__dffq_1)
                                              3.439664   data arrival time

                                  0.000000    0.000000   clock system_clock (rise edge)
                                  0.000000    0.000000   clock source latency
     1    0.038862    0.000000    0.000000    0.000000 ^ CLK_I (in)
                                                         CLK_I (net)
                      0.004005    0.001638    0.001638 ^ clkbuf_0_CLK_I/I (gf180mcu_fd_sc_mcu7t5v0__clkbuf_16)
     8    0.201827    0.438940    0.568479    0.570117 ^ clkbuf_0_CLK_I/Z (gf180mcu_fd_sc_mcu7t5v0__clkbuf_16)
                                                         clknet_0_CLK_I (net)
                      0.438948    0.002917    0.573034 ^ clkbuf_3_4__f_CLK_I/I (gf180mcu_fd_sc_mcu7t5v0__clkbuf_16)
     9    0.078023    0.248065    0.531971    1.105005 ^ clkbuf_3_4__f_CLK_I/Z (gf180mcu_fd_sc_mcu7t5v0__clkbuf_16)
                                                         clknet_3_4__leaf_CLK_I (net)
                      0.248065    0.000086    1.105091 ^ _888_/CLK (gf180mcu_fd_sc_mcu7t5v0__dffq_1)
                                  0.500000    1.605091   clock uncertainty
                                  0.000000    1.605091   clock reconvergence pessimism
                                  0.123618    1.728709   library hold time
                                              1.728709   data required time
---------------------------------------------------------------------------------------------
                                              1.728709   data required time
                                             -3.439664   data arrival time
---------------------------------------------------------------------------------------------
                                              1.710955   slack (MET)


Startpoint: _828_ (rising edge-triggered flip-flop clocked by system_clock)
Endpoint: _828_ (rising edge-triggered flip-flop clocked by system_clock)
Path Group: system_clock
Path Type: min

Fanout         Cap        Slew       Delay        Time   Description
---------------------------------------------------------------------------------------------
                                  0.000000    0.000000   clock system_clock (rise edge)
                                  0.000000    0.000000   clock source latency
     1    0.038862    0.000000    0.000000    0.000000 ^ CLK_I (in)
                                                         CLK_I (net)
                      0.004005    0.001638    0.001638 ^ clkbuf_0_CLK_I/I (gf180mcu_fd_sc_mcu7t5v0__clkbuf_16)
     8    0.201827    0.438940    0.568479    0.570117 ^ clkbuf_0_CLK_I/Z (gf180mcu_fd_sc_mcu7t5v0__clkbuf_16)
                                                         clknet_0_CLK_I (net)
                      0.438947    0.002701    0.572817 ^ clkbuf_3_1__f_CLK_I/I (gf180mcu_fd_sc_mcu7t5v0__clkbuf_16)
    10    0.061202    0.222932    0.512369    1.085186 ^ clkbuf_3_1__f_CLK_I/Z (gf180mcu_fd_sc_mcu7t5v0__clkbuf_16)
                                                         clknet_3_1__leaf_CLK_I (net)
                      0.222933    0.001013    1.086199 ^ _828_/CLK (gf180mcu_fd_sc_mcu7t5v0__dffq_1)
     5    0.027962    0.529408    1.478711    2.564910 v _828_/Q (gf180mcu_fd_sc_mcu7t5v0__dffq_1)
                                                         register_addr_data_flag (net)
                      0.529408    0.000498    2.565408 v _709_/B (gf180mcu_fd_sc_mcu7t5v0__aoi21_1)
     1    0.004974    0.475856    0.424837    2.990245 ^ _709_/ZN (gf180mcu_fd_sc_mcu7t5v0__aoi21_1)
                                                         _340_ (net)
                      0.475856    0.000052    2.990297 ^ _710_/A4 (gf180mcu_fd_sc_mcu7t5v0__nor4_1)
     1    0.002844    0.458035    0.385332    3.375629 v _710_/ZN (gf180mcu_fd_sc_mcu7t5v0__nor4_1)
                                                         _041_ (net)
                      0.458035    0.000028    3.375656 v _828_/D (gf180mcu_fd_sc_mcu7t5v0__dffq_1)
                                              3.375656   data arrival time

                                  0.000000    0.000000   clock system_clock (rise edge)
                                  0.000000    0.000000   clock source latency
     1    0.038862    0.000000    0.000000    0.000000 ^ CLK_I (in)
                                                         CLK_I (net)
                      0.004005    0.001638    0.001638 ^ clkbuf_0_CLK_I/I (gf180mcu_fd_sc_mcu7t5v0__clkbuf_16)
     8    0.201827    0.438940    0.568479    0.570117 ^ clkbuf_0_CLK_I/Z (gf180mcu_fd_sc_mcu7t5v0__clkbuf_16)
                                                         clknet_0_CLK_I (net)
                      0.438947    0.002701    0.572817 ^ clkbuf_3_1__f_CLK_I/I (gf180mcu_fd_sc_mcu7t5v0__clkbuf_16)
    10    0.061202    0.222932    0.512369    1.085186 ^ clkbuf_3_1__f_CLK_I/Z (gf180mcu_fd_sc_mcu7t5v0__clkbuf_16)
                                                         clknet_3_1__leaf_CLK_I (net)
                      0.222933    0.001013    1.086199 ^ _828_/CLK (gf180mcu_fd_sc_mcu7t5v0__dffq_1)
                                  0.500000    1.586199   clock uncertainty
                                  0.000000    1.586199   clock reconvergence pessimism
                                  0.070039    1.656238   library hold time
                                              1.656238   data required time
---------------------------------------------------------------------------------------------
                                              1.656238   data required time
                                             -3.375656   data arrival time
---------------------------------------------------------------------------------------------
                                              1.719419   slack (MET)


Startpoint: _854_ (rising edge-triggered flip-flop clocked by system_clock)
Endpoint: _854_ (rising edge-triggered flip-flop clocked by system_clock)
Path Group: system_clock
Path Type: min

Fanout         Cap        Slew       Delay        Time   Description
---------------------------------------------------------------------------------------------
                                  0.000000    0.000000   clock system_clock (rise edge)
                                  0.000000    0.000000   clock source latency
     1    0.038862    0.000000    0.000000    0.000000 ^ CLK_I (in)
                                                         CLK_I (net)
                      0.004005    0.001638    0.001638 ^ clkbuf_0_CLK_I/I (gf180mcu_fd_sc_mcu7t5v0__clkbuf_16)
     8    0.201827    0.438940    0.568479    0.570117 ^ clkbuf_0_CLK_I/Z (gf180mcu_fd_sc_mcu7t5v0__clkbuf_16)
                                                         clknet_0_CLK_I (net)
                      0.438947    0.002656    0.572773 ^ clkbuf_3_5__f_CLK_I/I (gf180mcu_fd_sc_mcu7t5v0__clkbuf_16)
    11    0.066535    0.230976    0.518898    1.091671 ^ clkbuf_3_5__f_CLK_I/Z (gf180mcu_fd_sc_mcu7t5v0__clkbuf_16)
                                                         clknet_3_5__leaf_CLK_I (net)
                      0.230976    0.000311    1.091982 ^ _854_/CLK (gf180mcu_fd_sc_mcu7t5v0__dffq_1)
     2    0.013464    0.322235    1.326017    2.417998 v _854_/Q (gf180mcu_fd_sc_mcu7t5v0__dffq_1)
                                                         net19 (net)
                      0.322235    0.000229    2.418227 v _788_/B2 (gf180mcu_fd_sc_mcu7t5v0__aoi22_1)
     1    0.011697    0.651537    0.616358    3.034585 ^ _788_/ZN (gf180mcu_fd_sc_mcu7t5v0__aoi22_1)
                                                         _393_ (net)
                      0.651537    0.000312    3.034897 ^ _789_/A2 (gf180mcu_fd_sc_mcu7t5v0__nor2_1)
     1    0.009275    0.423389    0.373505    3.408402 v _789_/ZN (gf180mcu_fd_sc_mcu7t5v0__nor2_1)
                                                         _067_ (net)
                      0.423389    0.000249    3.408651 v _854_/D (gf180mcu_fd_sc_mcu7t5v0__dffq_1)
                                              3.408651   data arrival time

                                  0.000000    0.000000   clock system_clock (rise edge)
                                  0.000000    0.000000   clock source latency
     1    0.038862    0.000000    0.000000    0.000000 ^ CLK_I (in)
                                                         CLK_I (net)
                      0.004005    0.001638    0.001638 ^ clkbuf_0_CLK_I/I (gf180mcu_fd_sc_mcu7t5v0__clkbuf_16)
     8    0.201827    0.438940    0.568479    0.570117 ^ clkbuf_0_CLK_I/Z (gf180mcu_fd_sc_mcu7t5v0__clkbuf_16)
                                                         clknet_0_CLK_I (net)
                      0.438947    0.002656    0.572773 ^ clkbuf_3_5__f_CLK_I/I (gf180mcu_fd_sc_mcu7t5v0__clkbuf_16)
    11    0.066535    0.230976    0.518898    1.091671 ^ clkbuf_3_5__f_CLK_I/Z (gf180mcu_fd_sc_mcu7t5v0__clkbuf_16)
                                                         clknet_3_5__leaf_CLK_I (net)
                      0.230976    0.000311    1.091982 ^ _854_/CLK (gf180mcu_fd_sc_mcu7t5v0__dffq_1)
                                  0.500000    1.591982   clock uncertainty
                                  0.000000    1.591982   clock reconvergence pessimism
                                  0.081903    1.673885   library hold time
                                              1.673885   data required time
---------------------------------------------------------------------------------------------
                                              1.673885   data required time
                                             -3.408651   data arrival time
---------------------------------------------------------------------------------------------
                                              1.734766   slack (MET)


Startpoint: _848_ (rising edge-triggered flip-flop clocked by system_clock)
Endpoint: _848_ (rising edge-triggered flip-flop clocked by system_clock)
Path Group: system_clock
Path Type: min

Fanout         Cap        Slew       Delay        Time   Description
---------------------------------------------------------------------------------------------
                                  0.000000    0.000000   clock system_clock (rise edge)
                                  0.000000    0.000000   clock source latency
     1    0.038862    0.000000    0.000000    0.000000 ^ CLK_I (in)
                                                         CLK_I (net)
                      0.004005    0.001638    0.001638 ^ clkbuf_0_CLK_I/I (gf180mcu_fd_sc_mcu7t5v0__clkbuf_16)
     8    0.201827    0.438940    0.568479    0.570117 ^ clkbuf_0_CLK_I/Z (gf180mcu_fd_sc_mcu7t5v0__clkbuf_16)
                                                         clknet_0_CLK_I (net)
                      0.438947    0.002656    0.572773 ^ clkbuf_3_5__f_CLK_I/I (gf180mcu_fd_sc_mcu7t5v0__clkbuf_16)
    11    0.066535    0.230976    0.518898    1.091671 ^ clkbuf_3_5__f_CLK_I/Z (gf180mcu_fd_sc_mcu7t5v0__clkbuf_16)
                                                         clknet_3_5__leaf_CLK_I (net)
                      0.230976    0.000478    1.092149 ^ _848_/CLK (gf180mcu_fd_sc_mcu7t5v0__dffq_1)
     2    0.011383    0.293308    1.302478    2.394627 v _848_/Q (gf180mcu_fd_sc_mcu7t5v0__dffq_1)
                                                         net13 (net)
                      0.293308    0.000197    2.394824 v _776_/B2 (gf180mcu_fd_sc_mcu7t5v0__aoi22_1)
     1    0.013714    0.845861    0.656816    3.051639 ^ _776_/ZN (gf180mcu_fd_sc_mcu7t5v0__aoi22_1)
                                                         _387_ (net)
                      0.845861    0.000535    3.052174 ^ _777_/A2 (gf180mcu_fd_sc_mcu7t5v0__nor2_1)
     1    0.007225    0.435314    0.359106    3.411280 v _777_/ZN (gf180mcu_fd_sc_mcu7t5v0__nor2_1)
                                                         _061_ (net)
                      0.435314    0.000169    3.411449 v _848_/D (gf180mcu_fd_sc_mcu7t5v0__dffq_1)
                                              3.411449   data arrival time

                                  0.000000    0.000000   clock system_clock (rise edge)
                                  0.000000    0.000000   clock source latency
     1    0.038862    0.000000    0.000000    0.000000 ^ CLK_I (in)
                                                         CLK_I (net)
                      0.004005    0.001638    0.001638 ^ clkbuf_0_CLK_I/I (gf180mcu_fd_sc_mcu7t5v0__clkbuf_16)
     8    0.201827    0.438940    0.568479    0.570117 ^ clkbuf_0_CLK_I/Z (gf180mcu_fd_sc_mcu7t5v0__clkbuf_16)
                                                         clknet_0_CLK_I (net)
                      0.438947    0.002656    0.572773 ^ clkbuf_3_5__f_CLK_I/I (gf180mcu_fd_sc_mcu7t5v0__clkbuf_16)
    11    0.066535    0.230976    0.518898    1.091671 ^ clkbuf_3_5__f_CLK_I/Z (gf180mcu_fd_sc_mcu7t5v0__clkbuf_16)
                                                         clknet_3_5__leaf_CLK_I (net)
                      0.230976    0.000478    1.092149 ^ _848_/CLK (gf180mcu_fd_sc_mcu7t5v0__dffq_1)
                                  0.500000    1.592149   clock uncertainty
                                  0.000000    1.592149   clock reconvergence pessimism
                                  0.078330    1.670479   library hold time
                                              1.670479   data required time
---------------------------------------------------------------------------------------------
                                              1.670479   data required time
                                             -3.411449   data arrival time
---------------------------------------------------------------------------------------------
                                              1.740970   slack (MET)


Startpoint: _847_ (rising edge-triggered flip-flop clocked by system_clock)
Endpoint: _831_ (rising edge-triggered flip-flop clocked by system_clock)
Path Group: system_clock
Path Type: min

Fanout         Cap        Slew       Delay        Time   Description
---------------------------------------------------------------------------------------------
                                  0.000000    0.000000   clock system_clock (rise edge)
                                  0.000000    0.000000   clock source latency
     1    0.038862    0.000000    0.000000    0.000000 ^ CLK_I (in)
                                                         CLK_I (net)
                      0.004005    0.001638    0.001638 ^ clkbuf_0_CLK_I/I (gf180mcu_fd_sc_mcu7t5v0__clkbuf_16)
     8    0.201827    0.438940    0.568479    0.570117 ^ clkbuf_0_CLK_I/Z (gf180mcu_fd_sc_mcu7t5v0__clkbuf_16)
                                                         clknet_0_CLK_I (net)
                      0.438947    0.002738    0.572854 ^ clkbuf_3_0__f_CLK_I/I (gf180mcu_fd_sc_mcu7t5v0__clkbuf_16)
     9    0.068831    0.234339    0.521291    1.094145 ^ clkbuf_3_0__f_CLK_I/Z (gf180mcu_fd_sc_mcu7t5v0__clkbuf_16)
                                                         clknet_3_0__leaf_CLK_I (net)
                      0.234340    0.001164    1.095309 ^ _847_/CLK (gf180mcu_fd_sc_mcu7t5v0__dffq_1)
     4    0.022471    0.450441    1.425859    2.521167 v _847_/Q (gf180mcu_fd_sc_mcu7t5v0__dffq_1)
                                                         sda_previous_state (net)
                      0.450441    0.000265    2.521432 v _678_/A2 (gf180mcu_fd_sc_mcu7t5v0__oai21_1)
     2    0.009879    0.802198    0.596245    3.117677 ^ _678_/ZN (gf180mcu_fd_sc_mcu7t5v0__oai21_1)
                                                         _319_ (net)
                      0.802198    0.000083    3.117760 ^ _735_/B (gf180mcu_fd_sc_mcu7t5v0__aoi21_1)
     1    0.004068    0.270035    0.356346    3.474106 v _735_/ZN (gf180mcu_fd_sc_mcu7t5v0__aoi21_1)
                                                         _044_ (net)
                      0.270035    0.000079    3.474185 v _831_/D (gf180mcu_fd_sc_mcu7t5v0__dffq_1)
                                              3.474185   data arrival time

                                  0.000000    0.000000   clock system_clock (rise edge)
                                  0.000000    0.000000   clock source latency
     1    0.038862    0.000000    0.000000    0.000000 ^ CLK_I (in)
                                                         CLK_I (net)
                      0.004005    0.001638    0.001638 ^ clkbuf_0_CLK_I/I (gf180mcu_fd_sc_mcu7t5v0__clkbuf_16)
     8    0.201827    0.438940    0.568479    0.570117 ^ clkbuf_0_CLK_I/Z (gf180mcu_fd_sc_mcu7t5v0__clkbuf_16)
                                                         clknet_0_CLK_I (net)
                      0.438947    0.002738    0.572854 ^ clkbuf_3_0__f_CLK_I/I (gf180mcu_fd_sc_mcu7t5v0__clkbuf_16)
     9    0.068831    0.234339    0.521291    1.094145 ^ clkbuf_3_0__f_CLK_I/Z (gf180mcu_fd_sc_mcu7t5v0__clkbuf_16)
                                                         clknet_3_0__leaf_CLK_I (net)
                      0.234340    0.001119    1.095264 ^ _831_/CLK (gf180mcu_fd_sc_mcu7t5v0__dffq_1)
                                  0.500000    1.595264   clock uncertainty
                                  0.000000    1.595264   clock reconvergence pessimism
                                  0.128549    1.723813   library hold time
                                              1.723813   data required time
---------------------------------------------------------------------------------------------
                                              1.723813   data required time
                                             -3.474185   data arrival time
---------------------------------------------------------------------------------------------
                                              1.750372   slack (MET)


Startpoint: _864_ (rising edge-triggered flip-flop clocked by system_clock)
Endpoint: _864_ (rising edge-triggered flip-flop clocked by system_clock)
Path Group: system_clock
Path Type: min

Fanout         Cap        Slew       Delay        Time   Description
---------------------------------------------------------------------------------------------
                                  0.000000    0.000000   clock system_clock (rise edge)
                                  0.000000    0.000000   clock source latency
     1    0.038862    0.000000    0.000000    0.000000 ^ CLK_I (in)
                                                         CLK_I (net)
                      0.004005    0.001638    0.001638 ^ clkbuf_0_CLK_I/I (gf180mcu_fd_sc_mcu7t5v0__clkbuf_16)
     8    0.201827    0.438940    0.568479    0.570117 ^ clkbuf_0_CLK_I/Z (gf180mcu_fd_sc_mcu7t5v0__clkbuf_16)
                                                         clknet_0_CLK_I (net)
                      0.438948    0.002917    0.573034 ^ clkbuf_3_4__f_CLK_I/I (gf180mcu_fd_sc_mcu7t5v0__clkbuf_16)
     9    0.078023    0.248065    0.531971    1.105005 ^ clkbuf_3_4__f_CLK_I/Z (gf180mcu_fd_sc_mcu7t5v0__clkbuf_16)
                                                         clknet_3_4__leaf_CLK_I (net)
                      0.248065    0.000059    1.105064 ^ _864_/CLK (gf180mcu_fd_sc_mcu7t5v0__dffq_1)
     3    0.042518    0.744345    1.628803    2.733866 v _864_/Q (gf180mcu_fd_sc_mcu7t5v0__dffq_1)
                                                         net21 (net)
                      0.744345    0.000746    2.734613 v _809_/B (gf180mcu_fd_sc_mcu7t5v0__oai21_1)
     1    0.006136    0.514222    0.509567    3.244180 ^ _809_/ZN (gf180mcu_fd_sc_mcu7t5v0__oai21_1)
                                                         _404_ (net)
                      0.514222    0.000067    3.244247 ^ _810_/A2 (gf180mcu_fd_sc_mcu7t5v0__aoi21_1)
     1    0.005960    0.306126    0.252039    3.496286 v _810_/ZN (gf180mcu_fd_sc_mcu7t5v0__aoi21_1)
                                                         _077_ (net)
                      0.306126    0.000130    3.496416 v _864_/D (gf180mcu_fd_sc_mcu7t5v0__dffq_1)
                                              3.496416   data arrival time

                                  0.000000    0.000000   clock system_clock (rise edge)
                                  0.000000    0.000000   clock source latency
     1    0.038862    0.000000    0.000000    0.000000 ^ CLK_I (in)
                                                         CLK_I (net)
                      0.004005    0.001638    0.001638 ^ clkbuf_0_CLK_I/I (gf180mcu_fd_sc_mcu7t5v0__clkbuf_16)
     8    0.201827    0.438940    0.568479    0.570117 ^ clkbuf_0_CLK_I/Z (gf180mcu_fd_sc_mcu7t5v0__clkbuf_16)
                                                         clknet_0_CLK_I (net)
                      0.438948    0.002917    0.573034 ^ clkbuf_3_4__f_CLK_I/I (gf180mcu_fd_sc_mcu7t5v0__clkbuf_16)
     9    0.078023    0.248065    0.531971    1.105005 ^ clkbuf_3_4__f_CLK_I/Z (gf180mcu_fd_sc_mcu7t5v0__clkbuf_16)
                                                         clknet_3_4__leaf_CLK_I (net)
                      0.248065    0.000059    1.105064 ^ _864_/CLK (gf180mcu_fd_sc_mcu7t5v0__dffq_1)
                                  0.500000    1.605064   clock uncertainty
                                  0.000000    1.605064   clock reconvergence pessimism
                                  0.120625    1.725689   library hold time
                                              1.725689   data required time
---------------------------------------------------------------------------------------------
                                              1.725689   data required time
                                             -3.496416   data arrival time
---------------------------------------------------------------------------------------------
                                              1.770727   slack (MET)


Startpoint: _901_ (rising edge-triggered flip-flop clocked by system_clock)
Endpoint: _847_ (rising edge-triggered flip-flop clocked by system_clock)
Path Group: system_clock
Path Type: min

Fanout         Cap        Slew       Delay        Time   Description
---------------------------------------------------------------------------------------------
                                  0.000000    0.000000   clock system_clock (rise edge)
                                  0.000000    0.000000   clock source latency
     1    0.038862    0.000000    0.000000    0.000000 ^ CLK_I (in)
                                                         CLK_I (net)
                      0.004005    0.001638    0.001638 ^ clkbuf_0_CLK_I/I (gf180mcu_fd_sc_mcu7t5v0__clkbuf_16)
     8    0.201827    0.438940    0.568479    0.570117 ^ clkbuf_0_CLK_I/Z (gf180mcu_fd_sc_mcu7t5v0__clkbuf_16)
                                                         clknet_0_CLK_I (net)
                      0.438947    0.002738    0.572854 ^ clkbuf_3_0__f_CLK_I/I (gf180mcu_fd_sc_mcu7t5v0__clkbuf_16)
     9    0.068831    0.234339    0.521291    1.094145 ^ clkbuf_3_0__f_CLK_I/Z (gf180mcu_fd_sc_mcu7t5v0__clkbuf_16)
                                                         clknet_3_0__leaf_CLK_I (net)
                      0.234341    0.001463    1.095608 ^ _901_/CLK (gf180mcu_fd_sc_mcu7t5v0__dffq_1)
     8    0.055058    0.937117    1.748251    2.843859 v _901_/Q (gf180mcu_fd_sc_mcu7t5v0__dffq_1)
                                                         i2c_sda_in_synchronised_internal (net)
                      0.937125    0.001514    2.845373 v _774_/A2 (gf180mcu_fd_sc_mcu7t5v0__and2_1)
     1    0.003776    0.210298    0.689226    3.534599 v _774_/Z (gf180mcu_fd_sc_mcu7t5v0__and2_1)
                                                         _060_ (net)
                      0.210298    0.000041    3.534639 v _847_/D (gf180mcu_fd_sc_mcu7t5v0__dffq_1)
                                              3.534639   data arrival time

                                  0.000000    0.000000   clock system_clock (rise edge)
                                  0.000000    0.000000   clock source latency
     1    0.038862    0.000000    0.000000    0.000000 ^ CLK_I (in)
                                                         CLK_I (net)
                      0.004005    0.001638    0.001638 ^ clkbuf_0_CLK_I/I (gf180mcu_fd_sc_mcu7t5v0__clkbuf_16)
     8    0.201827    0.438940    0.568479    0.570117 ^ clkbuf_0_CLK_I/Z (gf180mcu_fd_sc_mcu7t5v0__clkbuf_16)
                                                         clknet_0_CLK_I (net)
                      0.438947    0.002738    0.572854 ^ clkbuf_3_0__f_CLK_I/I (gf180mcu_fd_sc_mcu7t5v0__clkbuf_16)
     9    0.068831    0.234339    0.521291    1.094145 ^ clkbuf_3_0__f_CLK_I/Z (gf180mcu_fd_sc_mcu7t5v0__clkbuf_16)
                                                         clknet_3_0__leaf_CLK_I (net)
                      0.234340    0.001164    1.095309 ^ _847_/CLK (gf180mcu_fd_sc_mcu7t5v0__dffq_1)
                                  0.500000    1.595309   clock uncertainty
                                  0.000000    1.595309   clock reconvergence pessimism
                                  0.143322    1.738631   library hold time
                                              1.738631   data required time
---------------------------------------------------------------------------------------------
                                              1.738631   data required time
                                             -3.534639   data arrival time
---------------------------------------------------------------------------------------------
                                              1.796008   slack (MET)


Startpoint: _818_ (rising edge-triggered flip-flop clocked by system_clock)
Endpoint: _818_ (rising edge-triggered flip-flop clocked by system_clock)
Path Group: system_clock
Path Type: min

Fanout         Cap        Slew       Delay        Time   Description
---------------------------------------------------------------------------------------------
                                  0.000000    0.000000   clock system_clock (rise edge)
                                  0.000000    0.000000   clock source latency
     1    0.038862    0.000000    0.000000    0.000000 ^ CLK_I (in)
                                                         CLK_I (net)
                      0.004005    0.001638    0.001638 ^ clkbuf_0_CLK_I/I (gf180mcu_fd_sc_mcu7t5v0__clkbuf_16)
     8    0.201827    0.438940    0.568479    0.570117 ^ clkbuf_0_CLK_I/Z (gf180mcu_fd_sc_mcu7t5v0__clkbuf_16)
                                                         clknet_0_CLK_I (net)
                      0.438949    0.003091    0.573207 ^ clkbuf_3_3__f_CLK_I/I (gf180mcu_fd_sc_mcu7t5v0__clkbuf_16)
    10    0.065340    0.229177    0.517455    1.090662 ^ clkbuf_3_3__f_CLK_I/Z (gf180mcu_fd_sc_mcu7t5v0__clkbuf_16)
                                                         clknet_3_3__leaf_CLK_I (net)
                      0.229177    0.000580    1.091241 ^ _818_/CLK (gf180mcu_fd_sc_mcu7t5v0__dffq_1)
     4    0.031474    0.580476    1.515419    2.606660 v _818_/Q (gf180mcu_fd_sc_mcu7t5v0__dffq_1)
                                                         recv_data_buffer[0] (net)
                      0.580476    0.000395    2.607056 v _410_/I (gf180mcu_fd_sc_mcu7t5v0__clkinv_1)
     3    0.029299    0.879441    0.684272    3.291328 ^ _410_/ZN (gf180mcu_fd_sc_mcu7t5v0__clkinv_1)
                                                         _083_ (net)
                      0.879447    0.001236    3.292565 ^ _683_/A1 (gf180mcu_fd_sc_mcu7t5v0__oai21_1)
     1    0.002966    0.259523    0.230284    3.522849 v _683_/ZN (gf180mcu_fd_sc_mcu7t5v0__oai21_1)
                                                         _031_ (net)
                      0.259523    0.000030    3.522878 v _818_/D (gf180mcu_fd_sc_mcu7t5v0__dffq_1)
                                              3.522878   data arrival time

                                  0.000000    0.000000   clock system_clock (rise edge)
                                  0.000000    0.000000   clock source latency
     1    0.038862    0.000000    0.000000    0.000000 ^ CLK_I (in)
                                                         CLK_I (net)
                      0.004005    0.001638    0.001638 ^ clkbuf_0_CLK_I/I (gf180mcu_fd_sc_mcu7t5v0__clkbuf_16)
     8    0.201827    0.438940    0.568479    0.570117 ^ clkbuf_0_CLK_I/Z (gf180mcu_fd_sc_mcu7t5v0__clkbuf_16)
                                                         clknet_0_CLK_I (net)
                      0.438949    0.003091    0.573207 ^ clkbuf_3_3__f_CLK_I/I (gf180mcu_fd_sc_mcu7t5v0__clkbuf_16)
    10    0.065340    0.229177    0.517455    1.090662 ^ clkbuf_3_3__f_CLK_I/Z (gf180mcu_fd_sc_mcu7t5v0__clkbuf_16)
                                                         clknet_3_3__leaf_CLK_I (net)
                      0.229177    0.000580    1.091241 ^ _818_/CLK (gf180mcu_fd_sc_mcu7t5v0__dffq_1)
                                  0.500000    1.591241   clock uncertainty
                                  0.000000    1.591241   clock reconvergence pessimism
                                  0.130618    1.721860   library hold time
                                              1.721860   data required time
---------------------------------------------------------------------------------------------
                                              1.721860   data required time
                                             -3.522878   data arrival time
---------------------------------------------------------------------------------------------
                                              1.801019   slack (MET)


Startpoint: _818_ (rising edge-triggered flip-flop clocked by system_clock)
Endpoint: _866_ (rising edge-triggered flip-flop clocked by system_clock)
Path Group: system_clock
Path Type: min

Fanout         Cap        Slew       Delay        Time   Description
---------------------------------------------------------------------------------------------
                                  0.000000    0.000000   clock system_clock (rise edge)
                                  0.000000    0.000000   clock source latency
     1    0.038862    0.000000    0.000000    0.000000 ^ CLK_I (in)
                                                         CLK_I (net)
                      0.004005    0.001638    0.001638 ^ clkbuf_0_CLK_I/I (gf180mcu_fd_sc_mcu7t5v0__clkbuf_16)
     8    0.201827    0.438940    0.568479    0.570117 ^ clkbuf_0_CLK_I/Z (gf180mcu_fd_sc_mcu7t5v0__clkbuf_16)
                                                         clknet_0_CLK_I (net)
                      0.438949    0.003091    0.573207 ^ clkbuf_3_3__f_CLK_I/I (gf180mcu_fd_sc_mcu7t5v0__clkbuf_16)
    10    0.065340    0.229177    0.517455    1.090662 ^ clkbuf_3_3__f_CLK_I/Z (gf180mcu_fd_sc_mcu7t5v0__clkbuf_16)
                                                         clknet_3_3__leaf_CLK_I (net)
                      0.229177    0.000580    1.091241 ^ _818_/CLK (gf180mcu_fd_sc_mcu7t5v0__dffq_1)
     4    0.031474    0.580476    1.515419    2.606660 v _818_/Q (gf180mcu_fd_sc_mcu7t5v0__dffq_1)
                                                         recv_data_buffer[0] (net)
                      0.580476    0.000395    2.607056 v _410_/I (gf180mcu_fd_sc_mcu7t5v0__clkinv_1)
     3    0.029299    0.879441    0.684272    3.291328 ^ _410_/ZN (gf180mcu_fd_sc_mcu7t5v0__clkinv_1)
                                                         _083_ (net)
                      0.879446    0.001030    3.292358 ^ _814_/A1 (gf180mcu_fd_sc_mcu7t5v0__aoi21_1)
     1    0.003173    0.332761    0.227844    3.520201 v _814_/ZN (gf180mcu_fd_sc_mcu7t5v0__aoi21_1)
                                                         _079_ (net)
                      0.332761    0.000032    3.520233 v _866_/D (gf180mcu_fd_sc_mcu7t5v0__dffq_1)
                                              3.520233   data arrival time

                                  0.000000    0.000000   clock system_clock (rise edge)
                                  0.000000    0.000000   clock source latency
     1    0.038862    0.000000    0.000000    0.000000 ^ CLK_I (in)
                                                         CLK_I (net)
                      0.004005    0.001638    0.001638 ^ clkbuf_0_CLK_I/I (gf180mcu_fd_sc_mcu7t5v0__clkbuf_16)
     8    0.201827    0.438940    0.568479    0.570117 ^ clkbuf_0_CLK_I/Z (gf180mcu_fd_sc_mcu7t5v0__clkbuf_16)
                                                         clknet_0_CLK_I (net)
                      0.438949    0.003091    0.573207 ^ clkbuf_3_3__f_CLK_I/I (gf180mcu_fd_sc_mcu7t5v0__clkbuf_16)
    10    0.065340    0.229177    0.517455    1.090662 ^ clkbuf_3_3__f_CLK_I/Z (gf180mcu_fd_sc_mcu7t5v0__clkbuf_16)
                                                         clknet_3_3__leaf_CLK_I (net)
                      0.229177    0.000313    1.090975 ^ _866_/CLK (gf180mcu_fd_sc_mcu7t5v0__dffq_1)
                                  0.500000    1.590974   clock uncertainty
                                  0.000000    1.590974   clock reconvergence pessimism
                                  0.108694    1.699668   library hold time
                                              1.699668   data required time
---------------------------------------------------------------------------------------------
                                              1.699668   data required time
                                             -3.520233   data arrival time
---------------------------------------------------------------------------------------------
                                              1.820565   slack (MET)


Startpoint: _827_ (rising edge-triggered flip-flop clocked by system_clock)
Endpoint: _827_ (rising edge-triggered flip-flop clocked by system_clock)
Path Group: system_clock
Path Type: min

Fanout         Cap        Slew       Delay        Time   Description
---------------------------------------------------------------------------------------------
                                  0.000000    0.000000   clock system_clock (rise edge)
                                  0.000000    0.000000   clock source latency
     1    0.038862    0.000000    0.000000    0.000000 ^ CLK_I (in)
                                                         CLK_I (net)
                      0.004005    0.001638    0.001638 ^ clkbuf_0_CLK_I/I (gf180mcu_fd_sc_mcu7t5v0__clkbuf_16)
     8    0.201827    0.438940    0.568479    0.570117 ^ clkbuf_0_CLK_I/Z (gf180mcu_fd_sc_mcu7t5v0__clkbuf_16)
                                                         clknet_0_CLK_I (net)
                      0.438947    0.002701    0.572817 ^ clkbuf_3_1__f_CLK_I/I (gf180mcu_fd_sc_mcu7t5v0__clkbuf_16)
    10    0.061202    0.222932    0.512369    1.085186 ^ clkbuf_3_1__f_CLK_I/Z (gf180mcu_fd_sc_mcu7t5v0__clkbuf_16)
                                                         clknet_3_1__leaf_CLK_I (net)
                      0.222933    0.000970    1.086156 ^ _827_/CLK (gf180mcu_fd_sc_mcu7t5v0__dffq_1)
     9    0.051752    0.886353    1.713926    2.800082 v _827_/Q (gf180mcu_fd_sc_mcu7t5v0__dffq_1)
                                                         received_data_internal_flag (net)
                      0.886353    0.000585    2.800667 v _708_/I1 (gf180mcu_fd_sc_mcu7t5v0__mux2_2)
     1    0.002880    0.193980    0.769954    3.570621 v _708_/Z (gf180mcu_fd_sc_mcu7t5v0__mux2_2)
                                                         _040_ (net)
                      0.193980    0.000028    3.570649 v _827_/D (gf180mcu_fd_sc_mcu7t5v0__dffq_1)
                                              3.570649   data arrival time

                                  0.000000    0.000000   clock system_clock (rise edge)
                                  0.000000    0.000000   clock source latency
     1    0.038862    0.000000    0.000000    0.000000 ^ CLK_I (in)
                                                         CLK_I (net)
                      0.004005    0.001638    0.001638 ^ clkbuf_0_CLK_I/I (gf180mcu_fd_sc_mcu7t5v0__clkbuf_16)
     8    0.201827    0.438940    0.568479    0.570117 ^ clkbuf_0_CLK_I/Z (gf180mcu_fd_sc_mcu7t5v0__clkbuf_16)
                                                         clknet_0_CLK_I (net)
                      0.438947    0.002701    0.572817 ^ clkbuf_3_1__f_CLK_I/I (gf180mcu_fd_sc_mcu7t5v0__clkbuf_16)
    10    0.061202    0.222932    0.512369    1.085186 ^ clkbuf_3_1__f_CLK_I/Z (gf180mcu_fd_sc_mcu7t5v0__clkbuf_16)
                                                         clknet_3_1__leaf_CLK_I (net)
                      0.222933    0.000970    1.086156 ^ _827_/CLK (gf180mcu_fd_sc_mcu7t5v0__dffq_1)
                                  0.500000    1.586156   clock uncertainty
                                  0.000000    1.586156   clock reconvergence pessimism
                                  0.143904    1.730060   library hold time
                                              1.730060   data required time
---------------------------------------------------------------------------------------------
                                              1.730060   data required time
                                             -3.570649   data arrival time
---------------------------------------------------------------------------------------------
                                              1.840589   slack (MET)


Startpoint: _865_ (rising edge-triggered flip-flop clocked by system_clock)
Endpoint: _865_ (rising edge-triggered flip-flop clocked by system_clock)
Path Group: system_clock
Path Type: min

Fanout         Cap        Slew       Delay        Time   Description
---------------------------------------------------------------------------------------------
                                  0.000000    0.000000   clock system_clock (rise edge)
                                  0.000000    0.000000   clock source latency
     1    0.038862    0.000000    0.000000    0.000000 ^ CLK_I (in)
                                                         CLK_I (net)
                      0.004005    0.001638    0.001638 ^ clkbuf_0_CLK_I/I (gf180mcu_fd_sc_mcu7t5v0__clkbuf_16)
     8    0.201827    0.438940    0.568479    0.570117 ^ clkbuf_0_CLK_I/Z (gf180mcu_fd_sc_mcu7t5v0__clkbuf_16)
                                                         clknet_0_CLK_I (net)
                      0.438946    0.002581    0.572697 ^ clkbuf_3_7__f_CLK_I/I (gf180mcu_fd_sc_mcu7t5v0__clkbuf_16)
    14    0.078122    0.248260    0.532247    1.104944 ^ clkbuf_3_7__f_CLK_I/Z (gf180mcu_fd_sc_mcu7t5v0__clkbuf_16)
                                                         clknet_3_7__leaf_CLK_I (net)
                      0.248262    0.001343    1.106288 ^ _865_/CLK (gf180mcu_fd_sc_mcu7t5v0__dffq_1)
     2    0.010398    0.279665    1.295159    2.401446 v _865_/Q (gf180mcu_fd_sc_mcu7t5v0__dffq_1)
                                                         net31 (net)
                      0.279665    0.000133    2.401579 v _811_/A1 (gf180mcu_fd_sc_mcu7t5v0__aoi21_1)
     1    0.013245    0.944980    0.618110    3.019689 ^ _811_/ZN (gf180mcu_fd_sc_mcu7t5v0__aoi21_1)
                                                         _405_ (net)
                      0.944980    0.000425    3.020114 ^ _812_/A2 (gf180mcu_fd_sc_mcu7t5v0__nor2_1)
     1    0.013275    0.573740    0.482637    3.502751 v _812_/ZN (gf180mcu_fd_sc_mcu7t5v0__nor2_1)
                                                         _078_ (net)
                      0.573740    0.000451    3.503202 v _865_/D (gf180mcu_fd_sc_mcu7t5v0__dffq_1)
                                              3.503202   data arrival time

                                  0.000000    0.000000   clock system_clock (rise edge)
                                  0.000000    0.000000   clock source latency
     1    0.038862    0.000000    0.000000    0.000000 ^ CLK_I (in)
                                                         CLK_I (net)
                      0.004005    0.001638    0.001638 ^ clkbuf_0_CLK_I/I (gf180mcu_fd_sc_mcu7t5v0__clkbuf_16)
     8    0.201827    0.438940    0.568479    0.570117 ^ clkbuf_0_CLK_I/Z (gf180mcu_fd_sc_mcu7t5v0__clkbuf_16)
                                                         clknet_0_CLK_I (net)
                      0.438946    0.002581    0.572697 ^ clkbuf_3_7__f_CLK_I/I (gf180mcu_fd_sc_mcu7t5v0__clkbuf_16)
    14    0.078122    0.248260    0.532247    1.104944 ^ clkbuf_3_7__f_CLK_I/Z (gf180mcu_fd_sc_mcu7t5v0__clkbuf_16)
                                                         clknet_3_7__leaf_CLK_I (net)
                      0.248262    0.001343    1.106288 ^ _865_/CLK (gf180mcu_fd_sc_mcu7t5v0__dffq_1)
                                  0.500000    1.606288   clock uncertainty
                                  0.000000    1.606288   clock reconvergence pessimism
                                  0.040095    1.646383   library hold time
                                              1.646383   data required time
---------------------------------------------------------------------------------------------
                                              1.646383   data required time
                                             -3.503202   data arrival time
---------------------------------------------------------------------------------------------
                                              1.856820   slack (MET)


Startpoint: _820_ (rising edge-triggered flip-flop clocked by system_clock)
Endpoint: _821_ (rising edge-triggered flip-flop clocked by system_clock)
Path Group: system_clock
Path Type: min

Fanout         Cap        Slew       Delay        Time   Description
---------------------------------------------------------------------------------------------
                                  0.000000    0.000000   clock system_clock (rise edge)
                                  0.000000    0.000000   clock source latency
     1    0.038862    0.000000    0.000000    0.000000 ^ CLK_I (in)
                                                         CLK_I (net)
                      0.004005    0.001638    0.001638 ^ clkbuf_0_CLK_I/I (gf180mcu_fd_sc_mcu7t5v0__clkbuf_16)
     8    0.201827    0.438940    0.568479    0.570117 ^ clkbuf_0_CLK_I/Z (gf180mcu_fd_sc_mcu7t5v0__clkbuf_16)
                                                         clknet_0_CLK_I (net)
                      0.438946    0.002581    0.572697 ^ clkbuf_3_7__f_CLK_I/I (gf180mcu_fd_sc_mcu7t5v0__clkbuf_16)
    14    0.078122    0.248260    0.532247    1.104944 ^ clkbuf_3_7__f_CLK_I/Z (gf180mcu_fd_sc_mcu7t5v0__clkbuf_16)
                                                         clknet_3_7__leaf_CLK_I (net)
                      0.248260    0.000046    1.104991 ^ _820_/CLK (gf180mcu_fd_sc_mcu7t5v0__dffq_1)
     6    0.053105    0.907191    1.732813    2.837803 v _820_/Q (gf180mcu_fd_sc_mcu7t5v0__dffq_1)
                                                         recv_data_buffer[2] (net)
                      0.907195    0.001051    2.838855 v _687_/I1 (gf180mcu_fd_sc_mcu7t5v0__mux2_2)
     1    0.003319    0.196778    0.779870    3.618725 v _687_/Z (gf180mcu_fd_sc_mcu7t5v0__mux2_2)
                                                         _034_ (net)
                      0.196778    0.000062    3.618787 v _821_/D (gf180mcu_fd_sc_mcu7t5v0__dffq_1)
                                              3.618787   data arrival time

                                  0.000000    0.000000   clock system_clock (rise edge)
                                  0.000000    0.000000   clock source latency
     1    0.038862    0.000000    0.000000    0.000000 ^ CLK_I (in)
                                                         CLK_I (net)
                      0.004005    0.001638    0.001638 ^ clkbuf_0_CLK_I/I (gf180mcu_fd_sc_mcu7t5v0__clkbuf_16)
     8    0.201827    0.438940    0.568479    0.570117 ^ clkbuf_0_CLK_I/Z (gf180mcu_fd_sc_mcu7t5v0__clkbuf_16)
                                                         clknet_0_CLK_I (net)
                      0.438946    0.002581    0.572697 ^ clkbuf_3_7__f_CLK_I/I (gf180mcu_fd_sc_mcu7t5v0__clkbuf_16)
    14    0.078122    0.248260    0.532247    1.104944 ^ clkbuf_3_7__f_CLK_I/Z (gf180mcu_fd_sc_mcu7t5v0__clkbuf_16)
                                                         clknet_3_7__leaf_CLK_I (net)
                      0.248261    0.001141    1.106085 ^ _821_/CLK (gf180mcu_fd_sc_mcu7t5v0__dffq_1)
                                  0.500000    1.606085   clock uncertainty
                                  0.000000    1.606085   clock reconvergence pessimism
                                  0.148770    1.754855   library hold time
                                              1.754855   data required time
---------------------------------------------------------------------------------------------
                                              1.754855   data required time
                                             -3.618787   data arrival time
---------------------------------------------------------------------------------------------
                                              1.863932   slack (MET)


Startpoint: _892_ (rising edge-triggered flip-flop clocked by system_clock)
Endpoint: _892_ (rising edge-triggered flip-flop clocked by system_clock)
Path Group: system_clock
Path Type: min

Fanout         Cap        Slew       Delay        Time   Description
---------------------------------------------------------------------------------------------
                                  0.000000    0.000000   clock system_clock (rise edge)
                                  0.000000    0.000000   clock source latency
     1    0.038862    0.000000    0.000000    0.000000 ^ CLK_I (in)
                                                         CLK_I (net)
                      0.004005    0.001638    0.001638 ^ clkbuf_0_CLK_I/I (gf180mcu_fd_sc_mcu7t5v0__clkbuf_16)
     8    0.201827    0.438940    0.568479    0.570117 ^ clkbuf_0_CLK_I/Z (gf180mcu_fd_sc_mcu7t5v0__clkbuf_16)
                                                         clknet_0_CLK_I (net)
                      0.438947    0.002656    0.572773 ^ clkbuf_3_5__f_CLK_I/I (gf180mcu_fd_sc_mcu7t5v0__clkbuf_16)
    11    0.066535    0.230976    0.518898    1.091671 ^ clkbuf_3_5__f_CLK_I/Z (gf180mcu_fd_sc_mcu7t5v0__clkbuf_16)
                                                         clknet_3_5__leaf_CLK_I (net)
                      0.230976    0.000200    1.091871 ^ _892_/CLK (gf180mcu_fd_sc_mcu7t5v0__dffq_1)
     7    0.053831    0.918326    1.735920    2.827790 v _892_/Q (gf180mcu_fd_sc_mcu7t5v0__dffq_1)
                                                         wb_master_subroutine_iteration[0] (net)
                      0.918326    0.000848    2.828639 v _603_/A1 (gf180mcu_fd_sc_mcu7t5v0__aoi211_1)
     1    0.005061    0.883076    0.713370    3.542009 ^ _603_/ZN (gf180mcu_fd_sc_mcu7t5v0__aoi211_1)
                                                         _026_ (net)
                      0.883076    0.000108    3.542117 ^ _892_/D (gf180mcu_fd_sc_mcu7t5v0__dffq_1)
                                              3.542117   data arrival time

                                  0.000000    0.000000   clock system_clock (rise edge)
                                  0.000000    0.000000   clock source latency
     1    0.038862    0.000000    0.000000    0.000000 ^ CLK_I (in)
                                                         CLK_I (net)
                      0.004005    0.001638    0.001638 ^ clkbuf_0_CLK_I/I (gf180mcu_fd_sc_mcu7t5v0__clkbuf_16)
     8    0.201827    0.438940    0.568479    0.570117 ^ clkbuf_0_CLK_I/Z (gf180mcu_fd_sc_mcu7t5v0__clkbuf_16)
                                                         clknet_0_CLK_I (net)
                      0.438947    0.002656    0.572773 ^ clkbuf_3_5__f_CLK_I/I (gf180mcu_fd_sc_mcu7t5v0__clkbuf_16)
    11    0.066535    0.230976    0.518898    1.091671 ^ clkbuf_3_5__f_CLK_I/Z (gf180mcu_fd_sc_mcu7t5v0__clkbuf_16)
                                                         clknet_3_5__leaf_CLK_I (net)
                      0.230976    0.000200    1.091871 ^ _892_/CLK (gf180mcu_fd_sc_mcu7t5v0__dffq_1)
                                  0.500000    1.591871   clock uncertainty
                                  0.000000    1.591871   clock reconvergence pessimism
                                  0.059375    1.651245   library hold time
                                              1.651245   data required time
---------------------------------------------------------------------------------------------
                                              1.651245   data required time
                                             -3.542117   data arrival time
---------------------------------------------------------------------------------------------
                                              1.890872   slack (MET)


Startpoint: _819_ (rising edge-triggered flip-flop clocked by system_clock)
Endpoint: _883_ (rising edge-triggered flip-flop clocked by system_clock)
Path Group: system_clock
Path Type: min

Fanout         Cap        Slew       Delay        Time   Description
---------------------------------------------------------------------------------------------
                                  0.000000    0.000000   clock system_clock (rise edge)
                                  0.000000    0.000000   clock source latency
     1    0.038862    0.000000    0.000000    0.000000 ^ CLK_I (in)
                                                         CLK_I (net)
                      0.004005    0.001638    0.001638 ^ clkbuf_0_CLK_I/I (gf180mcu_fd_sc_mcu7t5v0__clkbuf_16)
     8    0.201827    0.438940    0.568479    0.570117 ^ clkbuf_0_CLK_I/Z (gf180mcu_fd_sc_mcu7t5v0__clkbuf_16)
                                                         clknet_0_CLK_I (net)
                      0.438949    0.003091    0.573207 ^ clkbuf_3_3__f_CLK_I/I (gf180mcu_fd_sc_mcu7t5v0__clkbuf_16)
    10    0.065340    0.229177    0.517455    1.090662 ^ clkbuf_3_3__f_CLK_I/Z (gf180mcu_fd_sc_mcu7t5v0__clkbuf_16)
                                                         clknet_3_3__leaf_CLK_I (net)
                      0.229177    0.000496    1.091158 ^ _819_/CLK (gf180mcu_fd_sc_mcu7t5v0__dffq_1)
     5    0.037137    0.663067    1.572626    2.663784 v _819_/Q (gf180mcu_fd_sc_mcu7t5v0__dffq_1)
                                                         recv_data_buffer[1] (net)
                      0.663067    0.000251    2.664035 v _409_/I (gf180mcu_fd_sc_mcu7t5v0__clkinv_1)
     2    0.022695    0.721594    0.607649    3.271684 ^ _409_/ZN (gf180mcu_fd_sc_mcu7t5v0__clkinv_1)
                                                         _082_ (net)
                      0.721594    0.000653    3.272337 ^ _563_/A1 (gf180mcu_fd_sc_mcu7t5v0__oai221_1)
     1    0.003916    0.340015    0.315783    3.588120 v _563_/ZN (gf180mcu_fd_sc_mcu7t5v0__oai221_1)
                                                         _017_ (net)
                      0.340015    0.000044    3.588164 v _883_/D (gf180mcu_fd_sc_mcu7t5v0__dffq_1)
                                              3.588164   data arrival time

                                  0.000000    0.000000   clock system_clock (rise edge)
                                  0.000000    0.000000   clock source latency
     1    0.038862    0.000000    0.000000    0.000000 ^ CLK_I (in)
                                                         CLK_I (net)
                      0.004005    0.001638    0.001638 ^ clkbuf_0_CLK_I/I (gf180mcu_fd_sc_mcu7t5v0__clkbuf_16)
     8    0.201827    0.438940    0.568479    0.570117 ^ clkbuf_0_CLK_I/Z (gf180mcu_fd_sc_mcu7t5v0__clkbuf_16)
                                                         clknet_0_CLK_I (net)
                      0.438947    0.002701    0.572817 ^ clkbuf_3_1__f_CLK_I/I (gf180mcu_fd_sc_mcu7t5v0__clkbuf_16)
    10    0.061202    0.222932    0.512369    1.085186 ^ clkbuf_3_1__f_CLK_I/Z (gf180mcu_fd_sc_mcu7t5v0__clkbuf_16)
                                                         clknet_3_1__leaf_CLK_I (net)
                      0.222934    0.001181    1.086367 ^ _883_/CLK (gf180mcu_fd_sc_mcu7t5v0__dffq_1)
                                  0.500000    1.586367   clock uncertainty
                                  0.000000    1.586367   clock reconvergence pessimism
                                  0.105275    1.691642   library hold time
                                              1.691642   data required time
---------------------------------------------------------------------------------------------
                                              1.691642   data required time
                                             -3.588164   data arrival time
---------------------------------------------------------------------------------------------
                                              1.896522   slack (MET)


Startpoint: _899_ (rising edge-triggered flip-flop clocked by system_clock)
Endpoint: _897_ (rising edge-triggered flip-flop clocked by system_clock)
Path Group: system_clock
Path Type: min

Fanout         Cap        Slew       Delay        Time   Description
---------------------------------------------------------------------------------------------
                                  0.000000    0.000000   clock system_clock (rise edge)
                                  0.000000    0.000000   clock source latency
     1    0.038862    0.000000    0.000000    0.000000 ^ CLK_I (in)
                                                         CLK_I (net)
                      0.004005    0.001638    0.001638 ^ clkbuf_0_CLK_I/I (gf180mcu_fd_sc_mcu7t5v0__clkbuf_16)
     8    0.201827    0.438940    0.568479    0.570117 ^ clkbuf_0_CLK_I/Z (gf180mcu_fd_sc_mcu7t5v0__clkbuf_16)
                                                         clknet_0_CLK_I (net)
                      0.438951    0.003323    0.573440 ^ clkbuf_3_2__f_CLK_I/I (gf180mcu_fd_sc_mcu7t5v0__clkbuf_16)
    16    0.074359    0.242639    0.527880    1.101320 ^ clkbuf_3_2__f_CLK_I/Z (gf180mcu_fd_sc_mcu7t5v0__clkbuf_16)
                                                         clknet_3_2__leaf_CLK_I (net)
                      0.242640    0.000943    1.102263 ^ _899_/CLK (gf180mcu_fd_sc_mcu7t5v0__dffq_1)
     3    0.032690    0.598136    1.530151    2.632414 v _899_/Q (gf180mcu_fd_sc_mcu7t5v0__dffq_1)
                                                         i2c_scl_in_synchronised_internal (net)
                      0.598136    0.000518    2.632932 v _421_/I (gf180mcu_fd_sc_mcu7t5v0__clkinv_1)
     3    0.013162    0.485879    0.435604    3.068537 ^ _421_/ZN (gf180mcu_fd_sc_mcu7t5v0__clkinv_1)
                                                         _094_ (net)
                      0.485879    0.000163    3.068699 ^ _439_/A1 (gf180mcu_fd_sc_mcu7t5v0__and2_1)
     1    0.002626    0.223225    0.538396    3.607096 ^ _439_/Z (gf180mcu_fd_sc_mcu7t5v0__and2_1)
                                                         _000_ (net)
                      0.223225    0.000024    3.607120 ^ _897_/D (gf180mcu_fd_sc_mcu7t5v0__dffq_1)
                                              3.607120   data arrival time

                                  0.000000    0.000000   clock system_clock (rise edge)
                                  0.000000    0.000000   clock source latency
     1    0.038862    0.000000    0.000000    0.000000 ^ CLK_I (in)
                                                         CLK_I (net)
                      0.004005    0.001638    0.001638 ^ clkbuf_0_CLK_I/I (gf180mcu_fd_sc_mcu7t5v0__clkbuf_16)
     8    0.201827    0.438940    0.568479    0.570117 ^ clkbuf_0_CLK_I/Z (gf180mcu_fd_sc_mcu7t5v0__clkbuf_16)
                                                         clknet_0_CLK_I (net)
                      0.438951    0.003323    0.573440 ^ clkbuf_3_2__f_CLK_I/I (gf180mcu_fd_sc_mcu7t5v0__clkbuf_16)
    16    0.074359    0.242639    0.527880    1.101320 ^ clkbuf_3_2__f_CLK_I/Z (gf180mcu_fd_sc_mcu7t5v0__clkbuf_16)
                                                         clknet_3_2__leaf_CLK_I (net)
                      0.242640    0.000789    1.102109 ^ _897_/CLK (gf180mcu_fd_sc_mcu7t5v0__dffq_1)
                                  0.500000    1.602109   clock uncertainty
                                  0.000000    1.602109   clock reconvergence pessimism
                                  0.079587    1.681696   library hold time
                                              1.681696   data required time
---------------------------------------------------------------------------------------------
                                              1.681696   data required time
                                             -3.607120   data arrival time
---------------------------------------------------------------------------------------------
                                              1.925423   slack (MET)


Startpoint: _849_ (rising edge-triggered flip-flop clocked by system_clock)
Endpoint: _849_ (rising edge-triggered flip-flop clocked by system_clock)
Path Group: system_clock
Path Type: min

Fanout         Cap        Slew       Delay        Time   Description
---------------------------------------------------------------------------------------------
                                  0.000000    0.000000   clock system_clock (rise edge)
                                  0.000000    0.000000   clock source latency
     1    0.038862    0.000000    0.000000    0.000000 ^ CLK_I (in)
                                                         CLK_I (net)
                      0.004005    0.001638    0.001638 ^ clkbuf_0_CLK_I/I (gf180mcu_fd_sc_mcu7t5v0__clkbuf_16)
     8    0.201827    0.438940    0.568479    0.570117 ^ clkbuf_0_CLK_I/Z (gf180mcu_fd_sc_mcu7t5v0__clkbuf_16)
                                                         clknet_0_CLK_I (net)
                      0.438947    0.002656    0.572773 ^ clkbuf_3_5__f_CLK_I/I (gf180mcu_fd_sc_mcu7t5v0__clkbuf_16)
    11    0.066535    0.230976    0.518898    1.091671 ^ clkbuf_3_5__f_CLK_I/Z (gf180mcu_fd_sc_mcu7t5v0__clkbuf_16)
                                                         clknet_3_5__leaf_CLK_I (net)
                      0.230976    0.000457    1.092127 ^ _849_/CLK (gf180mcu_fd_sc_mcu7t5v0__dffq_1)
     2    0.013263    0.319449    1.323777    2.415904 v _849_/Q (gf180mcu_fd_sc_mcu7t5v0__dffq_1)
                                                         net14 (net)
                      0.319449    0.000090    2.415994 v _778_/B2 (gf180mcu_fd_sc_mcu7t5v0__aoi22_1)
     1    0.017286    0.910880    0.744919    3.160913 ^ _778_/ZN (gf180mcu_fd_sc_mcu7t5v0__aoi22_1)
                                                         _388_ (net)
                      0.910880    0.000720    3.161633 ^ _779_/A2 (gf180mcu_fd_sc_mcu7t5v0__nor2_1)
     1    0.010544    0.516411    0.431354    3.592987 v _779_/ZN (gf180mcu_fd_sc_mcu7t5v0__nor2_1)
                                                         _062_ (net)
                      0.516411    0.000398    3.593385 v _849_/D (gf180mcu_fd_sc_mcu7t5v0__dffq_1)
                                              3.593385   data arrival time

                                  0.000000    0.000000   clock system_clock (rise edge)
                                  0.000000    0.000000   clock source latency
     1    0.038862    0.000000    0.000000    0.000000 ^ CLK_I (in)
                                                         CLK_I (net)
                      0.004005    0.001638    0.001638 ^ clkbuf_0_CLK_I/I (gf180mcu_fd_sc_mcu7t5v0__clkbuf_16)
     8    0.201827    0.438940    0.568479    0.570117 ^ clkbuf_0_CLK_I/Z (gf180mcu_fd_sc_mcu7t5v0__clkbuf_16)
                                                         clknet_0_CLK_I (net)
                      0.438947    0.002656    0.572773 ^ clkbuf_3_5__f_CLK_I/I (gf180mcu_fd_sc_mcu7t5v0__clkbuf_16)
    11    0.066535    0.230976    0.518898    1.091671 ^ clkbuf_3_5__f_CLK_I/Z (gf180mcu_fd_sc_mcu7t5v0__clkbuf_16)
                                                         clknet_3_5__leaf_CLK_I (net)
                      0.230976    0.000457    1.092127 ^ _849_/CLK (gf180mcu_fd_sc_mcu7t5v0__dffq_1)
                                  0.500000    1.592127   clock uncertainty
                                  0.000000    1.592127   clock reconvergence pessimism
                                  0.054034    1.646162   library hold time
                                              1.646162   data required time
---------------------------------------------------------------------------------------------
                                              1.646162   data required time
                                             -3.593385   data arrival time
---------------------------------------------------------------------------------------------
                                              1.947223   slack (MET)


Startpoint: _818_ (rising edge-triggered flip-flop clocked by system_clock)
Endpoint: _874_ (rising edge-triggered flip-flop clocked by system_clock)
Path Group: system_clock
Path Type: min

Fanout         Cap        Slew       Delay        Time   Description
---------------------------------------------------------------------------------------------
                                  0.000000    0.000000   clock system_clock (rise edge)
                                  0.000000    0.000000   clock source latency
     1    0.038862    0.000000    0.000000    0.000000 ^ CLK_I (in)
                                                         CLK_I (net)
                      0.004005    0.001638    0.001638 ^ clkbuf_0_CLK_I/I (gf180mcu_fd_sc_mcu7t5v0__clkbuf_16)
     8    0.201827    0.438940    0.568479    0.570117 ^ clkbuf_0_CLK_I/Z (gf180mcu_fd_sc_mcu7t5v0__clkbuf_16)
                                                         clknet_0_CLK_I (net)
                      0.438949    0.003091    0.573207 ^ clkbuf_3_3__f_CLK_I/I (gf180mcu_fd_sc_mcu7t5v0__clkbuf_16)
    10    0.065340    0.229177    0.517455    1.090662 ^ clkbuf_3_3__f_CLK_I/Z (gf180mcu_fd_sc_mcu7t5v0__clkbuf_16)
                                                         clknet_3_3__leaf_CLK_I (net)
                      0.229177    0.000580    1.091241 ^ _818_/CLK (gf180mcu_fd_sc_mcu7t5v0__dffq_1)
     4    0.031474    0.580476    1.515419    2.606660 v _818_/Q (gf180mcu_fd_sc_mcu7t5v0__dffq_1)
                                                         recv_data_buffer[0] (net)
                      0.580476    0.000524    2.607185 v _480_/B2 (gf180mcu_fd_sc_mcu7t5v0__oai221_1)
     1    0.006565    0.653649    0.845740    3.452924 ^ _480_/ZN (gf180mcu_fd_sc_mcu7t5v0__oai221_1)
                                                         _144_ (net)
                      0.653649    0.000079    3.453003 ^ _508_/A2 (gf180mcu_fd_sc_mcu7t5v0__aoi22_1)
     1    0.004483    0.298228    0.230281    3.683284 v _508_/ZN (gf180mcu_fd_sc_mcu7t5v0__aoi22_1)
                                                         _008_ (net)
                      0.298228    0.000126    3.683410 v _874_/D (gf180mcu_fd_sc_mcu7t5v0__dffq_1)
                                              3.683410   data arrival time

                                  0.000000    0.000000   clock system_clock (rise edge)
                                  0.000000    0.000000   clock source latency
     1    0.038862    0.000000    0.000000    0.000000 ^ CLK_I (in)
                                                         CLK_I (net)
                      0.004005    0.001638    0.001638 ^ clkbuf_0_CLK_I/I (gf180mcu_fd_sc_mcu7t5v0__clkbuf_16)
     8    0.201827    0.438940    0.568479    0.570117 ^ clkbuf_0_CLK_I/Z (gf180mcu_fd_sc_mcu7t5v0__clkbuf_16)
                                                         clknet_0_CLK_I (net)
                      0.438948    0.002894    0.573010 ^ clkbuf_3_6__f_CLK_I/I (gf180mcu_fd_sc_mcu7t5v0__clkbuf_16)
    13    0.082219    0.254303    0.536767    1.109777 ^ clkbuf_3_6__f_CLK_I/Z (gf180mcu_fd_sc_mcu7t5v0__clkbuf_16)
                                                         clknet_3_6__leaf_CLK_I (net)
                      0.254306    0.001660    1.111437 ^ _874_/CLK (gf180mcu_fd_sc_mcu7t5v0__dffq_1)
                                  0.500000    1.611437   clock uncertainty
                                  0.000000    1.611437   clock reconvergence pessimism
                                  0.124331    1.735768   library hold time
                                              1.735768   data required time
---------------------------------------------------------------------------------------------
                                              1.735768   data required time
                                             -3.683410   data arrival time
---------------------------------------------------------------------------------------------
                                              1.947642   slack (MET)


Startpoint: _825_ (rising edge-triggered flip-flop clocked by system_clock)
Endpoint: _825_ (rising edge-triggered flip-flop clocked by system_clock)
Path Group: system_clock
Path Type: min

Fanout         Cap        Slew       Delay        Time   Description
---------------------------------------------------------------------------------------------
                                  0.000000    0.000000   clock system_clock (rise edge)
                                  0.000000    0.000000   clock source latency
     1    0.038862    0.000000    0.000000    0.000000 ^ CLK_I (in)
                                                         CLK_I (net)
                      0.004005    0.001638    0.001638 ^ clkbuf_0_CLK_I/I (gf180mcu_fd_sc_mcu7t5v0__clkbuf_16)
     8    0.201827    0.438940    0.568479    0.570117 ^ clkbuf_0_CLK_I/Z (gf180mcu_fd_sc_mcu7t5v0__clkbuf_16)
                                                         clknet_0_CLK_I (net)
                      0.438948    0.002894    0.573010 ^ clkbuf_3_6__f_CLK_I/I (gf180mcu_fd_sc_mcu7t5v0__clkbuf_16)
    13    0.082219    0.254303    0.536767    1.109777 ^ clkbuf_3_6__f_CLK_I/Z (gf180mcu_fd_sc_mcu7t5v0__clkbuf_16)
                                                         clknet_3_6__leaf_CLK_I (net)
                      0.254306    0.001737    1.111514 ^ _825_/CLK (gf180mcu_fd_sc_mcu7t5v0__dffq_1)
     5    0.055681    0.946774    1.759135    2.870649 v _825_/Q (gf180mcu_fd_sc_mcu7t5v0__dffq_1)
                                                         recv_data_buffer[7] (net)
                      0.946777    0.001011    2.871660 v _692_/I0 (gf180mcu_fd_sc_mcu7t5v0__mux2_2)
     1    0.008715    0.247805    0.838001    3.709661 v _692_/Z (gf180mcu_fd_sc_mcu7t5v0__mux2_2)
                                                         _038_ (net)
                      0.247805    0.000228    3.709889 v _825_/D (gf180mcu_fd_sc_mcu7t5v0__dffq_1)
                                              3.709889   data arrival time

                                  0.000000    0.000000   clock system_clock (rise edge)
                                  0.000000    0.000000   clock source latency
     1    0.038862    0.000000    0.000000    0.000000 ^ CLK_I (in)
                                                         CLK_I (net)
                      0.004005    0.001638    0.001638 ^ clkbuf_0_CLK_I/I (gf180mcu_fd_sc_mcu7t5v0__clkbuf_16)
     8    0.201827    0.438940    0.568479    0.570117 ^ clkbuf_0_CLK_I/Z (gf180mcu_fd_sc_mcu7t5v0__clkbuf_16)
                                                         clknet_0_CLK_I (net)
                      0.438948    0.002894    0.573010 ^ clkbuf_3_6__f_CLK_I/I (gf180mcu_fd_sc_mcu7t5v0__clkbuf_16)
    13    0.082219    0.254303    0.536767    1.109777 ^ clkbuf_3_6__f_CLK_I/Z (gf180mcu_fd_sc_mcu7t5v0__clkbuf_16)
                                                         clknet_3_6__leaf_CLK_I (net)
                      0.254306    0.001737    1.111514 ^ _825_/CLK (gf180mcu_fd_sc_mcu7t5v0__dffq_1)
                                  0.500000    1.611514   clock uncertainty
                                  0.000000    1.611514   clock reconvergence pessimism
                                  0.139478    1.750993   library hold time
                                              1.750993   data required time
---------------------------------------------------------------------------------------------
                                              1.750993   data required time
                                             -3.709889   data arrival time
---------------------------------------------------------------------------------------------
                                              1.958896   slack (MET)


Startpoint: _850_ (rising edge-triggered flip-flop clocked by system_clock)
Endpoint: _850_ (rising edge-triggered flip-flop clocked by system_clock)
Path Group: system_clock
Path Type: min

Fanout         Cap        Slew       Delay        Time   Description
---------------------------------------------------------------------------------------------
                                  0.000000    0.000000   clock system_clock (rise edge)
                                  0.000000    0.000000   clock source latency
     1    0.038862    0.000000    0.000000    0.000000 ^ CLK_I (in)
                                                         CLK_I (net)
                      0.004005    0.001638    0.001638 ^ clkbuf_0_CLK_I/I (gf180mcu_fd_sc_mcu7t5v0__clkbuf_16)
     8    0.201827    0.438940    0.568479    0.570117 ^ clkbuf_0_CLK_I/Z (gf180mcu_fd_sc_mcu7t5v0__clkbuf_16)
                                                         clknet_0_CLK_I (net)
                      0.438947    0.002656    0.572773 ^ clkbuf_3_5__f_CLK_I/I (gf180mcu_fd_sc_mcu7t5v0__clkbuf_16)
    11    0.066535    0.230976    0.518898    1.091671 ^ clkbuf_3_5__f_CLK_I/Z (gf180mcu_fd_sc_mcu7t5v0__clkbuf_16)
                                                         clknet_3_5__leaf_CLK_I (net)
                      0.230976    0.000566    1.092237 ^ _850_/CLK (gf180mcu_fd_sc_mcu7t5v0__dffq_1)
     2    0.015983    0.357239    1.354451    2.446687 v _850_/Q (gf180mcu_fd_sc_mcu7t5v0__dffq_1)
                                                         net15 (net)
                      0.357239    0.000267    2.446954 v _780_/B2 (gf180mcu_fd_sc_mcu7t5v0__aoi22_1)
     1    0.016603    0.872556    0.737385    3.184340 ^ _780_/ZN (gf180mcu_fd_sc_mcu7t5v0__aoi22_1)
                                                         _389_ (net)
                      0.872556    0.000706    3.185046 ^ _781_/A2 (gf180mcu_fd_sc_mcu7t5v0__nor2_1)
     1    0.011395    0.521493    0.440034    3.625079 v _781_/ZN (gf180mcu_fd_sc_mcu7t5v0__nor2_1)
                                                         _063_ (net)
                      0.521493    0.000471    3.625550 v _850_/D (gf180mcu_fd_sc_mcu7t5v0__dffq_1)
                                              3.625550   data arrival time

                                  0.000000    0.000000   clock system_clock (rise edge)
                                  0.000000    0.000000   clock source latency
     1    0.038862    0.000000    0.000000    0.000000 ^ CLK_I (in)
                                                         CLK_I (net)
                      0.004005    0.001638    0.001638 ^ clkbuf_0_CLK_I/I (gf180mcu_fd_sc_mcu7t5v0__clkbuf_16)
     8    0.201827    0.438940    0.568479    0.570117 ^ clkbuf_0_CLK_I/Z (gf180mcu_fd_sc_mcu7t5v0__clkbuf_16)
                                                         clknet_0_CLK_I (net)
                      0.438947    0.002656    0.572773 ^ clkbuf_3_5__f_CLK_I/I (gf180mcu_fd_sc_mcu7t5v0__clkbuf_16)
    11    0.066535    0.230976    0.518898    1.091671 ^ clkbuf_3_5__f_CLK_I/Z (gf180mcu_fd_sc_mcu7t5v0__clkbuf_16)
                                                         clknet_3_5__leaf_CLK_I (net)
                      0.230976    0.000566    1.092237 ^ _850_/CLK (gf180mcu_fd_sc_mcu7t5v0__dffq_1)
                                  0.500000    1.592237   clock uncertainty
                                  0.000000    1.592237   clock reconvergence pessimism
                                  0.052512    1.644748   library hold time
                                              1.644748   data required time
---------------------------------------------------------------------------------------------
                                              1.644748   data required time
                                             -3.625550   data arrival time
---------------------------------------------------------------------------------------------
                                              1.980802   slack (MET)


Startpoint: _820_ (rising edge-triggered flip-flop clocked by system_clock)
Endpoint: _858_ (rising edge-triggered flip-flop clocked by system_clock)
Path Group: system_clock
Path Type: min

Fanout         Cap        Slew       Delay        Time   Description
---------------------------------------------------------------------------------------------
                                  0.000000    0.000000   clock system_clock (rise edge)
                                  0.000000    0.000000   clock source latency
     1    0.038862    0.000000    0.000000    0.000000 ^ CLK_I (in)
                                                         CLK_I (net)
                      0.004005    0.001638    0.001638 ^ clkbuf_0_CLK_I/I (gf180mcu_fd_sc_mcu7t5v0__clkbuf_16)
     8    0.201827    0.438940    0.568479    0.570117 ^ clkbuf_0_CLK_I/Z (gf180mcu_fd_sc_mcu7t5v0__clkbuf_16)
                                                         clknet_0_CLK_I (net)
                      0.438946    0.002581    0.572697 ^ clkbuf_3_7__f_CLK_I/I (gf180mcu_fd_sc_mcu7t5v0__clkbuf_16)
    14    0.078122    0.248260    0.532247    1.104944 ^ clkbuf_3_7__f_CLK_I/Z (gf180mcu_fd_sc_mcu7t5v0__clkbuf_16)
                                                         clknet_3_7__leaf_CLK_I (net)
                      0.248260    0.000046    1.104991 ^ _820_/CLK (gf180mcu_fd_sc_mcu7t5v0__dffq_1)
     6    0.053105    0.907191    1.732813    2.837803 v _820_/Q (gf180mcu_fd_sc_mcu7t5v0__dffq_1)
                                                         recv_data_buffer[2] (net)
                      0.907191    0.000595    2.838398 v _797_/B2 (gf180mcu_fd_sc_mcu7t5v0__aoi22_1)
     1    0.004999    0.412570    0.585335    3.423733 ^ _797_/ZN (gf180mcu_fd_sc_mcu7t5v0__aoi22_1)
                                                         _398_ (net)
                      0.412570    0.000051    3.423783 ^ _798_/A2 (gf180mcu_fd_sc_mcu7t5v0__nor2_1)
     1    0.006671    0.323863    0.289093    3.712876 v _798_/ZN (gf180mcu_fd_sc_mcu7t5v0__nor2_1)
                                                         _071_ (net)
                      0.323863    0.000158    3.713033 v _858_/D (gf180mcu_fd_sc_mcu7t5v0__dffq_1)
                                              3.713033   data arrival time

                                  0.000000    0.000000   clock system_clock (rise edge)
                                  0.000000    0.000000   clock source latency
     1    0.038862    0.000000    0.000000    0.000000 ^ CLK_I (in)
                                                         CLK_I (net)
                      0.004005    0.001638    0.001638 ^ clkbuf_0_CLK_I/I (gf180mcu_fd_sc_mcu7t5v0__clkbuf_16)
     8    0.201827    0.438940    0.568479    0.570117 ^ clkbuf_0_CLK_I/Z (gf180mcu_fd_sc_mcu7t5v0__clkbuf_16)
                                                         clknet_0_CLK_I (net)
                      0.438946    0.002581    0.572697 ^ clkbuf_3_7__f_CLK_I/I (gf180mcu_fd_sc_mcu7t5v0__clkbuf_16)
    14    0.078122    0.248260    0.532247    1.104944 ^ clkbuf_3_7__f_CLK_I/Z (gf180mcu_fd_sc_mcu7t5v0__clkbuf_16)
                                                         clknet_3_7__leaf_CLK_I (net)
                      0.248260    0.000171    1.105115 ^ _858_/CLK (gf180mcu_fd_sc_mcu7t5v0__dffq_1)
                                  0.500000    1.605115   clock uncertainty
                                  0.000000    1.605115   clock reconvergence pessimism
                                  0.115338    1.720453   library hold time
                                              1.720453   data required time
---------------------------------------------------------------------------------------------
                                              1.720453   data required time
                                             -3.713033   data arrival time
---------------------------------------------------------------------------------------------
                                              1.992580   slack (MET)


Startpoint: _822_ (rising edge-triggered flip-flop clocked by system_clock)
Endpoint: _822_ (rising edge-triggered flip-flop clocked by system_clock)
Path Group: system_clock
Path Type: min

Fanout         Cap        Slew       Delay        Time   Description
---------------------------------------------------------------------------------------------
                                  0.000000    0.000000   clock system_clock (rise edge)
                                  0.000000    0.000000   clock source latency
     1    0.038862    0.000000    0.000000    0.000000 ^ CLK_I (in)
                                                         CLK_I (net)
                      0.004005    0.001638    0.001638 ^ clkbuf_0_CLK_I/I (gf180mcu_fd_sc_mcu7t5v0__clkbuf_16)
     8    0.201827    0.438940    0.568479    0.570117 ^ clkbuf_0_CLK_I/Z (gf180mcu_fd_sc_mcu7t5v0__clkbuf_16)
                                                         clknet_0_CLK_I (net)
                      0.438949    0.003091    0.573207 ^ clkbuf_3_3__f_CLK_I/I (gf180mcu_fd_sc_mcu7t5v0__clkbuf_16)
    10    0.065340    0.229177    0.517455    1.090662 ^ clkbuf_3_3__f_CLK_I/Z (gf180mcu_fd_sc_mcu7t5v0__clkbuf_16)
                                                         clknet_3_3__leaf_CLK_I (net)
                      0.229177    0.000463    1.091125 ^ _822_/CLK (gf180mcu_fd_sc_mcu7t5v0__dffq_1)
     4    0.039591    0.699717    1.596733    2.687858 v _822_/Q (gf180mcu_fd_sc_mcu7t5v0__dffq_1)
                                                         recv_data_buffer[4] (net)
                      0.699717    0.000403    2.688262 v _419_/I (gf180mcu_fd_sc_mcu7t5v0__clkinv_1)
     3    0.032615    0.977727    0.773310    3.461571 ^ _419_/ZN (gf180mcu_fd_sc_mcu7t5v0__clkinv_1)
                                                         _092_ (net)
                      0.977727    0.000430    3.462002 ^ _689_/A1 (gf180mcu_fd_sc_mcu7t5v0__oai21_1)
     1    0.003602    0.288796    0.249702    3.711704 v _689_/ZN (gf180mcu_fd_sc_mcu7t5v0__oai21_1)
                                                         _035_ (net)
                      0.288796    0.000040    3.711744 v _822_/D (gf180mcu_fd_sc_mcu7t5v0__dffq_1)
                                              3.711744   data arrival time

                                  0.000000    0.000000   clock system_clock (rise edge)
                                  0.000000    0.000000   clock source latency
     1    0.038862    0.000000    0.000000    0.000000 ^ CLK_I (in)
                                                         CLK_I (net)
                      0.004005    0.001638    0.001638 ^ clkbuf_0_CLK_I/I (gf180mcu_fd_sc_mcu7t5v0__clkbuf_16)
     8    0.201827    0.438940    0.568479    0.570117 ^ clkbuf_0_CLK_I/Z (gf180mcu_fd_sc_mcu7t5v0__clkbuf_16)
                                                         clknet_0_CLK_I (net)
                      0.438949    0.003091    0.573207 ^ clkbuf_3_3__f_CLK_I/I (gf180mcu_fd_sc_mcu7t5v0__clkbuf_16)
    10    0.065340    0.229177    0.517455    1.090662 ^ clkbuf_3_3__f_CLK_I/Z (gf180mcu_fd_sc_mcu7t5v0__clkbuf_16)
                                                         clknet_3_3__leaf_CLK_I (net)
                      0.229177    0.000463    1.091125 ^ _822_/CLK (gf180mcu_fd_sc_mcu7t5v0__dffq_1)
                                  0.500000    1.591125   clock uncertainty
                                  0.000000    1.591125   clock reconvergence pessimism
                                  0.121855    1.712980   library hold time
                                              1.712980   data required time
---------------------------------------------------------------------------------------------
                                              1.712980   data required time
                                             -3.711744   data arrival time
---------------------------------------------------------------------------------------------
                                              1.998764   slack (MET)


Startpoint: _818_ (rising edge-triggered flip-flop clocked by system_clock)
Endpoint: _882_ (rising edge-triggered flip-flop clocked by system_clock)
Path Group: system_clock
Path Type: min

Fanout         Cap        Slew       Delay        Time   Description
---------------------------------------------------------------------------------------------
                                  0.000000    0.000000   clock system_clock (rise edge)
                                  0.000000    0.000000   clock source latency
     1    0.038862    0.000000    0.000000    0.000000 ^ CLK_I (in)
                                                         CLK_I (net)
                      0.004005    0.001638    0.001638 ^ clkbuf_0_CLK_I/I (gf180mcu_fd_sc_mcu7t5v0__clkbuf_16)
     8    0.201827    0.438940    0.568479    0.570117 ^ clkbuf_0_CLK_I/Z (gf180mcu_fd_sc_mcu7t5v0__clkbuf_16)
                                                         clknet_0_CLK_I (net)
                      0.438949    0.003091    0.573207 ^ clkbuf_3_3__f_CLK_I/I (gf180mcu_fd_sc_mcu7t5v0__clkbuf_16)
    10    0.065340    0.229177    0.517455    1.090662 ^ clkbuf_3_3__f_CLK_I/Z (gf180mcu_fd_sc_mcu7t5v0__clkbuf_16)
                                                         clknet_3_3__leaf_CLK_I (net)
                      0.229177    0.000580    1.091241 ^ _818_/CLK (gf180mcu_fd_sc_mcu7t5v0__dffq_1)
     4    0.031474    0.580476    1.515419    2.606660 v _818_/Q (gf180mcu_fd_sc_mcu7t5v0__dffq_1)
                                                         recv_data_buffer[0] (net)
                      0.580476    0.000395    2.607056 v _410_/I (gf180mcu_fd_sc_mcu7t5v0__clkinv_1)
     3    0.029299    0.879441    0.684272    3.291328 ^ _410_/ZN (gf180mcu_fd_sc_mcu7t5v0__clkinv_1)
                                                         _083_ (net)
                      0.879449    0.001482    3.292810 ^ _560_/B2 (gf180mcu_fd_sc_mcu7t5v0__oai221_1)
     1    0.003219    0.323286    0.437791    3.730602 v _560_/ZN (gf180mcu_fd_sc_mcu7t5v0__oai221_1)
                                                         _016_ (net)
                      0.323286    0.000033    3.730635 v _882_/D (gf180mcu_fd_sc_mcu7t5v0__dffq_1)
                                              3.730635   data arrival time

                                  0.000000    0.000000   clock system_clock (rise edge)
                                  0.000000    0.000000   clock source latency
     1    0.038862    0.000000    0.000000    0.000000 ^ CLK_I (in)
                                                         CLK_I (net)
                      0.004005    0.001638    0.001638 ^ clkbuf_0_CLK_I/I (gf180mcu_fd_sc_mcu7t5v0__clkbuf_16)
     8    0.201827    0.438940    0.568479    0.570117 ^ clkbuf_0_CLK_I/Z (gf180mcu_fd_sc_mcu7t5v0__clkbuf_16)
                                                         clknet_0_CLK_I (net)
                      0.438947    0.002701    0.572817 ^ clkbuf_3_1__f_CLK_I/I (gf180mcu_fd_sc_mcu7t5v0__clkbuf_16)
    10    0.061202    0.222932    0.512369    1.085186 ^ clkbuf_3_1__f_CLK_I/Z (gf180mcu_fd_sc_mcu7t5v0__clkbuf_16)
                                                         clknet_3_1__leaf_CLK_I (net)
                      0.222934    0.001187    1.086373 ^ _882_/CLK (gf180mcu_fd_sc_mcu7t5v0__dffq_1)
                                  0.500000    1.586374   clock uncertainty
                                  0.000000    1.586374   clock reconvergence pessimism
                                  0.110270    1.696643   library hold time
                                              1.696643   data required time
---------------------------------------------------------------------------------------------
                                              1.696643   data required time
                                             -3.730635   data arrival time
---------------------------------------------------------------------------------------------
                                              2.033991   slack (MET)


Startpoint: _823_ (rising edge-triggered flip-flop clocked by system_clock)
Endpoint: _824_ (rising edge-triggered flip-flop clocked by system_clock)
Path Group: system_clock
Path Type: min

Fanout         Cap        Slew       Delay        Time   Description
---------------------------------------------------------------------------------------------
                                  0.000000    0.000000   clock system_clock (rise edge)
                                  0.000000    0.000000   clock source latency
     1    0.038862    0.000000    0.000000    0.000000 ^ CLK_I (in)
                                                         CLK_I (net)
                      0.004005    0.001638    0.001638 ^ clkbuf_0_CLK_I/I (gf180mcu_fd_sc_mcu7t5v0__clkbuf_16)
     8    0.201827    0.438940    0.568479    0.570117 ^ clkbuf_0_CLK_I/Z (gf180mcu_fd_sc_mcu7t5v0__clkbuf_16)
                                                         clknet_0_CLK_I (net)
                      0.438948    0.002894    0.573010 ^ clkbuf_3_6__f_CLK_I/I (gf180mcu_fd_sc_mcu7t5v0__clkbuf_16)
    13    0.082219    0.254303    0.536767    1.109777 ^ clkbuf_3_6__f_CLK_I/Z (gf180mcu_fd_sc_mcu7t5v0__clkbuf_16)
                                                         clknet_3_6__leaf_CLK_I (net)
                      0.254306    0.001686    1.111463 ^ _823_/CLK (gf180mcu_fd_sc_mcu7t5v0__dffq_1)
     6    0.061074    1.029722    1.811595    2.923058 v _823_/Q (gf180mcu_fd_sc_mcu7t5v0__dffq_1)
                                                         recv_data_buffer[5] (net)
                      1.029728    0.001390    2.924448 v _691_/I1 (gf180mcu_fd_sc_mcu7t5v0__mux2_2)
     1    0.008557    0.246436    0.858813    3.783261 v _691_/Z (gf180mcu_fd_sc_mcu7t5v0__mux2_2)
                                                         _037_ (net)
                      0.246436    0.000146    3.783407 v _824_/D (gf180mcu_fd_sc_mcu7t5v0__dffq_1)
                                              3.783407   data arrival time

                                  0.000000    0.000000   clock system_clock (rise edge)
                                  0.000000    0.000000   clock source latency
     1    0.038862    0.000000    0.000000    0.000000 ^ CLK_I (in)
                                                         CLK_I (net)
                      0.004005    0.001638    0.001638 ^ clkbuf_0_CLK_I/I (gf180mcu_fd_sc_mcu7t5v0__clkbuf_16)
     8    0.201827    0.438940    0.568479    0.570117 ^ clkbuf_0_CLK_I/Z (gf180mcu_fd_sc_mcu7t5v0__clkbuf_16)
                                                         clknet_0_CLK_I (net)
                      0.438946    0.002581    0.572697 ^ clkbuf_3_7__f_CLK_I/I (gf180mcu_fd_sc_mcu7t5v0__clkbuf_16)
    14    0.078122    0.248260    0.532247    1.104944 ^ clkbuf_3_7__f_CLK_I/Z (gf180mcu_fd_sc_mcu7t5v0__clkbuf_16)
                                                         clknet_3_7__leaf_CLK_I (net)
                      0.248262    0.001298    1.106242 ^ _824_/CLK (gf180mcu_fd_sc_mcu7t5v0__dffq_1)
                                  0.500000    1.606242   clock uncertainty
                                  0.000000    1.606242   clock reconvergence pessimism
                                  0.138598    1.744840   library hold time
                                              1.744840   data required time
---------------------------------------------------------------------------------------------
                                              1.744840   data required time
                                             -3.783407   data arrival time
---------------------------------------------------------------------------------------------
                                              2.038567   slack (MET)


Startpoint: _825_ (rising edge-triggered flip-flop clocked by system_clock)
Endpoint: _863_ (rising edge-triggered flip-flop clocked by system_clock)
Path Group: system_clock
Path Type: min

Fanout         Cap        Slew       Delay        Time   Description
---------------------------------------------------------------------------------------------
                                  0.000000    0.000000   clock system_clock (rise edge)
                                  0.000000    0.000000   clock source latency
     1    0.038862    0.000000    0.000000    0.000000 ^ CLK_I (in)
                                                         CLK_I (net)
                      0.004005    0.001638    0.001638 ^ clkbuf_0_CLK_I/I (gf180mcu_fd_sc_mcu7t5v0__clkbuf_16)
     8    0.201827    0.438940    0.568479    0.570117 ^ clkbuf_0_CLK_I/Z (gf180mcu_fd_sc_mcu7t5v0__clkbuf_16)
                                                         clknet_0_CLK_I (net)
                      0.438948    0.002894    0.573010 ^ clkbuf_3_6__f_CLK_I/I (gf180mcu_fd_sc_mcu7t5v0__clkbuf_16)
    13    0.082219    0.254303    0.536767    1.109777 ^ clkbuf_3_6__f_CLK_I/Z (gf180mcu_fd_sc_mcu7t5v0__clkbuf_16)
                                                         clknet_3_6__leaf_CLK_I (net)
                      0.254306    0.001737    1.111514 ^ _825_/CLK (gf180mcu_fd_sc_mcu7t5v0__dffq_1)
     5    0.055681    0.946774    1.759135    2.870649 v _825_/Q (gf180mcu_fd_sc_mcu7t5v0__dffq_1)
                                                         recv_data_buffer[7] (net)
                      0.946774    0.000376    2.871026 v _807_/B2 (gf180mcu_fd_sc_mcu7t5v0__aoi22_1)
     1    0.008007    0.510802    0.667897    3.538923 ^ _807_/ZN (gf180mcu_fd_sc_mcu7t5v0__aoi22_1)
                                                         _403_ (net)
                      0.510802    0.000182    3.539105 ^ _808_/A2 (gf180mcu_fd_sc_mcu7t5v0__nor2_1)
     1    0.005019    0.315612    0.281542    3.820647 v _808_/ZN (gf180mcu_fd_sc_mcu7t5v0__nor2_1)
                                                         _076_ (net)
                      0.315612    0.000062    3.820708 v _863_/D (gf180mcu_fd_sc_mcu7t5v0__dffq_1)
                                              3.820708   data arrival time

                                  0.000000    0.000000   clock system_clock (rise edge)
                                  0.000000    0.000000   clock source latency
     1    0.038862    0.000000    0.000000    0.000000 ^ CLK_I (in)
                                                         CLK_I (net)
                      0.004005    0.001638    0.001638 ^ clkbuf_0_CLK_I/I (gf180mcu_fd_sc_mcu7t5v0__clkbuf_16)
     8    0.201827    0.438940    0.568479    0.570117 ^ clkbuf_0_CLK_I/Z (gf180mcu_fd_sc_mcu7t5v0__clkbuf_16)
                                                         clknet_0_CLK_I (net)
                      0.438946    0.002581    0.572697 ^ clkbuf_3_7__f_CLK_I/I (gf180mcu_fd_sc_mcu7t5v0__clkbuf_16)
    14    0.078122    0.248260    0.532247    1.104944 ^ clkbuf_3_7__f_CLK_I/Z (gf180mcu_fd_sc_mcu7t5v0__clkbuf_16)
                                                         clknet_3_7__leaf_CLK_I (net)
                      0.248263    0.001487    1.106431 ^ _863_/CLK (gf180mcu_fd_sc_mcu7t5v0__dffq_1)
                                  0.500000    1.606431   clock uncertainty
                                  0.000000    1.606431   clock reconvergence pessimism
                                  0.117818    1.724248   library hold time
                                              1.724248   data required time
---------------------------------------------------------------------------------------------
                                              1.724248   data required time
                                             -3.820708   data arrival time
---------------------------------------------------------------------------------------------
                                              2.096460   slack (MET)


Startpoint: _884_ (rising edge-triggered flip-flop clocked by system_clock)
Endpoint: _884_ (rising edge-triggered flip-flop clocked by system_clock)
Path Group: system_clock
Path Type: min

Fanout         Cap        Slew       Delay        Time   Description
---------------------------------------------------------------------------------------------
                                  0.000000    0.000000   clock system_clock (rise edge)
                                  0.000000    0.000000   clock source latency
     1    0.038862    0.000000    0.000000    0.000000 ^ CLK_I (in)
                                                         CLK_I (net)
                      0.004005    0.001638    0.001638 ^ clkbuf_0_CLK_I/I (gf180mcu_fd_sc_mcu7t5v0__clkbuf_16)
     8    0.201827    0.438940    0.568479    0.570117 ^ clkbuf_0_CLK_I/Z (gf180mcu_fd_sc_mcu7t5v0__clkbuf_16)
                                                         clknet_0_CLK_I (net)
                      0.438948    0.002917    0.573034 ^ clkbuf_3_4__f_CLK_I/I (gf180mcu_fd_sc_mcu7t5v0__clkbuf_16)
     9    0.078023    0.248065    0.531971    1.105005 ^ clkbuf_3_4__f_CLK_I/Z (gf180mcu_fd_sc_mcu7t5v0__clkbuf_16)
                                                         clknet_3_4__leaf_CLK_I (net)
                      0.248069    0.001927    1.106932 ^ _884_/CLK (gf180mcu_fd_sc_mcu7t5v0__dffq_1)
     7    0.049141    0.846294    1.694080    2.801012 v _884_/Q (gf180mcu_fd_sc_mcu7t5v0__dffq_1)
                                                         addr_pointer_register_internal[2] (net)
                      0.846294    0.000314    2.801326 v _434_/I (gf180mcu_fd_sc_mcu7t5v0__clkinv_1)
     5    0.026796    0.879541    0.727856    3.529182 ^ _434_/ZN (gf180mcu_fd_sc_mcu7t5v0__clkinv_1)
                                                         _107_ (net)
                      0.879541    0.000251    3.529433 ^ _568_/A1 (gf180mcu_fd_sc_mcu7t5v0__aoi211_1)
     1    0.003896    0.338447    0.312487    3.841920 v _568_/ZN (gf180mcu_fd_sc_mcu7t5v0__aoi211_1)
                                                         _018_ (net)
                      0.338447    0.000075    3.841994 v _884_/D (gf180mcu_fd_sc_mcu7t5v0__dffq_1)
                                              3.841994   data arrival time

                                  0.000000    0.000000   clock system_clock (rise edge)
                                  0.000000    0.000000   clock source latency
     1    0.038862    0.000000    0.000000    0.000000 ^ CLK_I (in)
                                                         CLK_I (net)
                      0.004005    0.001638    0.001638 ^ clkbuf_0_CLK_I/I (gf180mcu_fd_sc_mcu7t5v0__clkbuf_16)
     8    0.201827    0.438940    0.568479    0.570117 ^ clkbuf_0_CLK_I/Z (gf180mcu_fd_sc_mcu7t5v0__clkbuf_16)
                                                         clknet_0_CLK_I (net)
                      0.438948    0.002917    0.573034 ^ clkbuf_3_4__f_CLK_I/I (gf180mcu_fd_sc_mcu7t5v0__clkbuf_16)
     9    0.078023    0.248065    0.531971    1.105005 ^ clkbuf_3_4__f_CLK_I/Z (gf180mcu_fd_sc_mcu7t5v0__clkbuf_16)
                                                         clknet_3_4__leaf_CLK_I (net)
                      0.248069    0.001927    1.106932 ^ _884_/CLK (gf180mcu_fd_sc_mcu7t5v0__dffq_1)
                                  0.500000    1.606932   clock uncertainty
                                  0.000000    1.606932   clock reconvergence pessimism
                                  0.110916    1.717848   library hold time
                                              1.717848   data required time
---------------------------------------------------------------------------------------------
                                              1.717848   data required time
                                             -3.841994   data arrival time
---------------------------------------------------------------------------------------------
                                              2.124146   slack (MET)


Startpoint: _823_ (rising edge-triggered flip-flop clocked by system_clock)
Endpoint: _861_ (rising edge-triggered flip-flop clocked by system_clock)
Path Group: system_clock
Path Type: min

Fanout         Cap        Slew       Delay        Time   Description
---------------------------------------------------------------------------------------------
                                  0.000000    0.000000   clock system_clock (rise edge)
                                  0.000000    0.000000   clock source latency
     1    0.038862    0.000000    0.000000    0.000000 ^ CLK_I (in)
                                                         CLK_I (net)
                      0.004005    0.001638    0.001638 ^ clkbuf_0_CLK_I/I (gf180mcu_fd_sc_mcu7t5v0__clkbuf_16)
     8    0.201827    0.438940    0.568479    0.570117 ^ clkbuf_0_CLK_I/Z (gf180mcu_fd_sc_mcu7t5v0__clkbuf_16)
                                                         clknet_0_CLK_I (net)
                      0.438948    0.002894    0.573010 ^ clkbuf_3_6__f_CLK_I/I (gf180mcu_fd_sc_mcu7t5v0__clkbuf_16)
    13    0.082219    0.254303    0.536767    1.109777 ^ clkbuf_3_6__f_CLK_I/Z (gf180mcu_fd_sc_mcu7t5v0__clkbuf_16)
                                                         clknet_3_6__leaf_CLK_I (net)
                      0.254306    0.001686    1.111463 ^ _823_/CLK (gf180mcu_fd_sc_mcu7t5v0__dffq_1)
     6    0.061074    1.029722    1.811595    2.923058 v _823_/Q (gf180mcu_fd_sc_mcu7t5v0__dffq_1)
                                                         recv_data_buffer[5] (net)
                      1.029726    0.001140    2.924199 v _803_/B2 (gf180mcu_fd_sc_mcu7t5v0__aoi22_1)
     1    0.007064    0.493848    0.663189    3.587388 ^ _803_/ZN (gf180mcu_fd_sc_mcu7t5v0__aoi22_1)
                                                         _401_ (net)
                      0.493848    0.000091    3.587478 ^ _804_/A2 (gf180mcu_fd_sc_mcu7t5v0__nor2_1)
     1    0.005457    0.319430    0.285506    3.872984 v _804_/ZN (gf180mcu_fd_sc_mcu7t5v0__nor2_1)
                                                         _074_ (net)
                      0.319430    0.000075    3.873060 v _861_/D (gf180mcu_fd_sc_mcu7t5v0__dffq_1)
                                              3.873060   data arrival time

                                  0.000000    0.000000   clock system_clock (rise edge)
                                  0.000000    0.000000   clock source latency
     1    0.038862    0.000000    0.000000    0.000000 ^ CLK_I (in)
                                                         CLK_I (net)
                      0.004005    0.001638    0.001638 ^ clkbuf_0_CLK_I/I (gf180mcu_fd_sc_mcu7t5v0__clkbuf_16)
     8    0.201827    0.438940    0.568479    0.570117 ^ clkbuf_0_CLK_I/Z (gf180mcu_fd_sc_mcu7t5v0__clkbuf_16)
                                                         clknet_0_CLK_I (net)
                      0.438946    0.002581    0.572697 ^ clkbuf_3_7__f_CLK_I/I (gf180mcu_fd_sc_mcu7t5v0__clkbuf_16)
    14    0.078122    0.248260    0.532247    1.104944 ^ clkbuf_3_7__f_CLK_I/Z (gf180mcu_fd_sc_mcu7t5v0__clkbuf_16)
                                                         clknet_3_7__leaf_CLK_I (net)
                      0.248263    0.001625    1.106569 ^ _861_/CLK (gf180mcu_fd_sc_mcu7t5v0__dffq_1)
                                  0.500000    1.606569   clock uncertainty
                                  0.000000    1.606569   clock reconvergence pessimism
                                  0.116671    1.723240   library hold time
                                              1.723240   data required time
---------------------------------------------------------------------------------------------
                                              1.723240   data required time
                                             -3.873060   data arrival time
---------------------------------------------------------------------------------------------
                                              2.149820   slack (MET)


Startpoint: _885_ (rising edge-triggered flip-flop clocked by system_clock)
Endpoint: _885_ (rising edge-triggered flip-flop clocked by system_clock)
Path Group: system_clock
Path Type: min

Fanout         Cap        Slew       Delay        Time   Description
---------------------------------------------------------------------------------------------
                                  0.000000    0.000000   clock system_clock (rise edge)
                                  0.000000    0.000000   clock source latency
     1    0.038862    0.000000    0.000000    0.000000 ^ CLK_I (in)
                                                         CLK_I (net)
                      0.004005    0.001638    0.001638 ^ clkbuf_0_CLK_I/I (gf180mcu_fd_sc_mcu7t5v0__clkbuf_16)
     8    0.201827    0.438940    0.568479    0.570117 ^ clkbuf_0_CLK_I/Z (gf180mcu_fd_sc_mcu7t5v0__clkbuf_16)
                                                         clknet_0_CLK_I (net)
                      0.438948    0.002917    0.573034 ^ clkbuf_3_4__f_CLK_I/I (gf180mcu_fd_sc_mcu7t5v0__clkbuf_16)
     9    0.078023    0.248065    0.531971    1.105005 ^ clkbuf_3_4__f_CLK_I/Z (gf180mcu_fd_sc_mcu7t5v0__clkbuf_16)
                                                         clknet_3_4__leaf_CLK_I (net)
                      0.248069    0.001866    1.106871 ^ _885_/CLK (gf180mcu_fd_sc_mcu7t5v0__dffq_1)
    11    0.057389    0.973000    1.774175    2.881046 v _885_/Q (gf180mcu_fd_sc_mcu7t5v0__dffq_1)
                                                         addr_pointer_register_internal[3] (net)
                      0.973000    0.000928    2.881974 v _569_/C (gf180mcu_fd_sc_mcu7t5v0__aoi221_1)
     1    0.004387    0.735712    0.618624    3.500598 ^ _569_/ZN (gf180mcu_fd_sc_mcu7t5v0__aoi221_1)
                                                         _222_ (net)
                      0.735712    0.000042    3.500640 ^ _572_/C (gf180mcu_fd_sc_mcu7t5v0__aoi211_1)
     1    0.003666    0.348504    0.409978    3.910618 v _572_/ZN (gf180mcu_fd_sc_mcu7t5v0__aoi211_1)
                                                         _019_ (net)
                      0.348504    0.000070    3.910688 v _885_/D (gf180mcu_fd_sc_mcu7t5v0__dffq_1)
                                              3.910688   data arrival time

                                  0.000000    0.000000   clock system_clock (rise edge)
                                  0.000000    0.000000   clock source latency
     1    0.038862    0.000000    0.000000    0.000000 ^ CLK_I (in)
                                                         CLK_I (net)
                      0.004005    0.001638    0.001638 ^ clkbuf_0_CLK_I/I (gf180mcu_fd_sc_mcu7t5v0__clkbuf_16)
     8    0.201827    0.438940    0.568479    0.570117 ^ clkbuf_0_CLK_I/Z (gf180mcu_fd_sc_mcu7t5v0__clkbuf_16)
                                                         clknet_0_CLK_I (net)
                      0.438948    0.002917    0.573034 ^ clkbuf_3_4__f_CLK_I/I (gf180mcu_fd_sc_mcu7t5v0__clkbuf_16)
     9    0.078023    0.248065    0.531971    1.105005 ^ clkbuf_3_4__f_CLK_I/Z (gf180mcu_fd_sc_mcu7t5v0__clkbuf_16)
                                                         clknet_3_4__leaf_CLK_I (net)
                      0.248069    0.001866    1.106871 ^ _885_/CLK (gf180mcu_fd_sc_mcu7t5v0__dffq_1)
                                  0.500000    1.606870   clock uncertainty
                                  0.000000    1.606870   clock reconvergence pessimism
                                  0.107895    1.714766   library hold time
                                              1.714766   data required time
---------------------------------------------------------------------------------------------
                                              1.714766   data required time
                                             -3.910688   data arrival time
---------------------------------------------------------------------------------------------
                                              2.195922   slack (MET)


Startpoint: _834_ (rising edge-triggered flip-flop clocked by system_clock)
Endpoint: _834_ (rising edge-triggered flip-flop clocked by system_clock)
Path Group: system_clock
Path Type: min

Fanout         Cap        Slew       Delay        Time   Description
---------------------------------------------------------------------------------------------
                                  0.000000    0.000000   clock system_clock (rise edge)
                                  0.000000    0.000000   clock source latency
     1    0.038862    0.000000    0.000000    0.000000 ^ CLK_I (in)
                                                         CLK_I (net)
                      0.004005    0.001638    0.001638 ^ clkbuf_0_CLK_I/I (gf180mcu_fd_sc_mcu7t5v0__clkbuf_16)
     8    0.201827    0.438940    0.568479    0.570117 ^ clkbuf_0_CLK_I/Z (gf180mcu_fd_sc_mcu7t5v0__clkbuf_16)
                                                         clknet_0_CLK_I (net)
                      0.438951    0.003323    0.573440 ^ clkbuf_3_2__f_CLK_I/I (gf180mcu_fd_sc_mcu7t5v0__clkbuf_16)
    16    0.074359    0.242639    0.527880    1.101320 ^ clkbuf_3_2__f_CLK_I/Z (gf180mcu_fd_sc_mcu7t5v0__clkbuf_16)
                                                         clknet_3_2__leaf_CLK_I (net)
                      0.242639    0.000425    1.101746 ^ _834_/CLK (gf180mcu_fd_sc_mcu7t5v0__dffq_1)
     8    0.043759    0.763565    1.640385    2.742130 v _834_/Q (gf180mcu_fd_sc_mcu7t5v0__dffq_1)
                                                         iteration[2] (net)
                      0.763565    0.000269    2.742399 v _412_/I (gf180mcu_fd_sc_mcu7t5v0__clkinv_1)
     7    0.043447    1.264096    0.961060    3.703459 ^ _412_/ZN (gf180mcu_fd_sc_mcu7t5v0__clkinv_1)
                                                         _085_ (net)
                      1.264096    0.000655    3.704113 ^ _754_/A1 (gf180mcu_fd_sc_mcu7t5v0__aoi21_1)
     1    0.003667    0.237323    0.242925    3.947038 v _754_/ZN (gf180mcu_fd_sc_mcu7t5v0__aoi21_1)
                                                         _047_ (net)
                      0.237323    0.000071    3.947109 v _834_/D (gf180mcu_fd_sc_mcu7t5v0__dffq_1)
                                              3.947109   data arrival time

                                  0.000000    0.000000   clock system_clock (rise edge)
                                  0.000000    0.000000   clock source latency
     1    0.038862    0.000000    0.000000    0.000000 ^ CLK_I (in)
                                                         CLK_I (net)
                      0.004005    0.001638    0.001638 ^ clkbuf_0_CLK_I/I (gf180mcu_fd_sc_mcu7t5v0__clkbuf_16)
     8    0.201827    0.438940    0.568479    0.570117 ^ clkbuf_0_CLK_I/Z (gf180mcu_fd_sc_mcu7t5v0__clkbuf_16)
                                                         clknet_0_CLK_I (net)
                      0.438951    0.003323    0.573440 ^ clkbuf_3_2__f_CLK_I/I (gf180mcu_fd_sc_mcu7t5v0__clkbuf_16)
    16    0.074359    0.242639    0.527880    1.101320 ^ clkbuf_3_2__f_CLK_I/Z (gf180mcu_fd_sc_mcu7t5v0__clkbuf_16)
                                                         clknet_3_2__leaf_CLK_I (net)
                      0.242639    0.000425    1.101746 ^ _834_/CLK (gf180mcu_fd_sc_mcu7t5v0__dffq_1)
                                  0.500000    1.601746   clock uncertainty
                                  0.000000    1.601746   clock reconvergence pessimism
                                  0.140134    1.741880   library hold time
                                              1.741880   data required time
---------------------------------------------------------------------------------------------
                                              1.741880   data required time
                                             -3.947109   data arrival time
---------------------------------------------------------------------------------------------
                                              2.205229   slack (MET)


Startpoint: _833_ (rising edge-triggered flip-flop clocked by system_clock)
Endpoint: _833_ (rising edge-triggered flip-flop clocked by system_clock)
Path Group: system_clock
Path Type: min

Fanout         Cap        Slew       Delay        Time   Description
---------------------------------------------------------------------------------------------
                                  0.000000    0.000000   clock system_clock (rise edge)
                                  0.000000    0.000000   clock source latency
     1    0.038862    0.000000    0.000000    0.000000 ^ CLK_I (in)
                                                         CLK_I (net)
                      0.004005    0.001638    0.001638 ^ clkbuf_0_CLK_I/I (gf180mcu_fd_sc_mcu7t5v0__clkbuf_16)
     8    0.201827    0.438940    0.568479    0.570117 ^ clkbuf_0_CLK_I/Z (gf180mcu_fd_sc_mcu7t5v0__clkbuf_16)
                                                         clknet_0_CLK_I (net)
                      0.438949    0.003091    0.573207 ^ clkbuf_3_3__f_CLK_I/I (gf180mcu_fd_sc_mcu7t5v0__clkbuf_16)
    10    0.065340    0.229177    0.517455    1.090662 ^ clkbuf_3_3__f_CLK_I/Z (gf180mcu_fd_sc_mcu7t5v0__clkbuf_16)
                                                         clknet_3_3__leaf_CLK_I (net)
                      0.229177    0.000656    1.091318 ^ _833_/CLK (gf180mcu_fd_sc_mcu7t5v0__dffq_1)
     9    0.070034    1.169035    1.892317    2.983635 v _833_/Q (gf180mcu_fd_sc_mcu7t5v0__dffq_1)
                                                         iteration[1] (net)
                      1.169035    0.000747    2.984381 v _749_/A1 (gf180mcu_fd_sc_mcu7t5v0__nor2_1)
     1    0.005887    0.615168    0.628751    3.613132 ^ _749_/ZN (gf180mcu_fd_sc_mcu7t5v0__nor2_1)
                                                         _375_ (net)
                      0.615168    0.000116    3.613249 ^ _750_/A1 (gf180mcu_fd_sc_mcu7t5v0__nor3_1)
     1    0.005061    0.337057    0.299058    3.912306 v _750_/ZN (gf180mcu_fd_sc_mcu7t5v0__nor3_1)
                                                         _046_ (net)
                      0.337057    0.000107    3.912413 v _833_/D (gf180mcu_fd_sc_mcu7t5v0__dffq_1)
                                              3.912413   data arrival time

                                  0.000000    0.000000   clock system_clock (rise edge)
                                  0.000000    0.000000   clock source latency
     1    0.038862    0.000000    0.000000    0.000000 ^ CLK_I (in)
                                                         CLK_I (net)
                      0.004005    0.001638    0.001638 ^ clkbuf_0_CLK_I/I (gf180mcu_fd_sc_mcu7t5v0__clkbuf_16)
     8    0.201827    0.438940    0.568479    0.570117 ^ clkbuf_0_CLK_I/Z (gf180mcu_fd_sc_mcu7t5v0__clkbuf_16)
                                                         clknet_0_CLK_I (net)
                      0.438949    0.003091    0.573207 ^ clkbuf_3_3__f_CLK_I/I (gf180mcu_fd_sc_mcu7t5v0__clkbuf_16)
    10    0.065340    0.229177    0.517455    1.090662 ^ clkbuf_3_3__f_CLK_I/Z (gf180mcu_fd_sc_mcu7t5v0__clkbuf_16)
                                                         clknet_3_3__leaf_CLK_I (net)
                      0.229177    0.000656    1.091318 ^ _833_/CLK (gf180mcu_fd_sc_mcu7t5v0__dffq_1)
                                  0.500000    1.591318   clock uncertainty
                                  0.000000    1.591318   clock reconvergence pessimism
                                  0.107408    1.698725   library hold time
                                              1.698725   data required time
---------------------------------------------------------------------------------------------
                                              1.698725   data required time
                                             -3.912413   data arrival time
---------------------------------------------------------------------------------------------
                                              2.213687   slack (MET)


Startpoint: _826_ (rising edge-triggered flip-flop clocked by system_clock)
Endpoint: _891_ (rising edge-triggered flip-flop clocked by system_clock)
Path Group: system_clock
Path Type: min

Fanout         Cap        Slew       Delay        Time   Description
---------------------------------------------------------------------------------------------
                                  0.000000    0.000000   clock system_clock (rise edge)
                                  0.000000    0.000000   clock source latency
     1    0.038862    0.000000    0.000000    0.000000 ^ CLK_I (in)
                                                         CLK_I (net)
                      0.004005    0.001638    0.001638 ^ clkbuf_0_CLK_I/I (gf180mcu_fd_sc_mcu7t5v0__clkbuf_16)
     8    0.201827    0.438940    0.568479    0.570117 ^ clkbuf_0_CLK_I/Z (gf180mcu_fd_sc_mcu7t5v0__clkbuf_16)
                                                         clknet_0_CLK_I (net)
                      0.438947    0.002701    0.572817 ^ clkbuf_3_1__f_CLK_I/I (gf180mcu_fd_sc_mcu7t5v0__clkbuf_16)
    10    0.061202    0.222932    0.512369    1.085186 ^ clkbuf_3_1__f_CLK_I/Z (gf180mcu_fd_sc_mcu7t5v0__clkbuf_16)
                                                         clknet_3_1__leaf_CLK_I (net)
                      0.222933    0.000919    1.086105 ^ _826_/CLK (gf180mcu_fd_sc_mcu7t5v0__dffq_1)
     5    0.028175    0.532476    1.480765    2.566870 v _826_/Q (gf180mcu_fd_sc_mcu7t5v0__dffq_1)
                                                         write_request_internal_flag (net)
                      0.532476    0.000493    2.567363 v _495_/A2 (gf180mcu_fd_sc_mcu7t5v0__nand2_1)
     1    0.006935    0.409283    0.396666    2.964030 ^ _495_/ZN (gf180mcu_fd_sc_mcu7t5v0__nand2_1)
                                                         _159_ (net)
                      0.409283    0.000142    2.964171 ^ _496_/A2 (gf180mcu_fd_sc_mcu7t5v0__aoi21_1)
     2    0.015974    0.528892    0.405867    3.370038 v _496_/ZN (gf180mcu_fd_sc_mcu7t5v0__aoi21_1)
                                                         _160_ (net)
                      0.528892    0.000111    3.370150 v _597_/A1 (gf180mcu_fd_sc_mcu7t5v0__nand2_1)
     1    0.008261    0.397549    0.383282    3.753432 ^ _597_/ZN (gf180mcu_fd_sc_mcu7t5v0__nand2_1)
                                                         _244_ (net)
                      0.397549    0.000257    3.753689 ^ _601_/A3 (gf180mcu_fd_sc_mcu7t5v0__oai33_1)
     1    0.004406    0.319501    0.256236    4.009925 v _601_/ZN (gf180mcu_fd_sc_mcu7t5v0__oai33_1)
                                                         _025_ (net)
                      0.319501    0.000086    4.010011 v _891_/D (gf180mcu_fd_sc_mcu7t5v0__dffq_1)
                                              4.010011   data arrival time

                                  0.000000    0.000000   clock system_clock (rise edge)
                                  0.000000    0.000000   clock source latency
     1    0.038862    0.000000    0.000000    0.000000 ^ CLK_I (in)
                                                         CLK_I (net)
                      0.004005    0.001638    0.001638 ^ clkbuf_0_CLK_I/I (gf180mcu_fd_sc_mcu7t5v0__clkbuf_16)
     8    0.201827    0.438940    0.568479    0.570117 ^ clkbuf_0_CLK_I/Z (gf180mcu_fd_sc_mcu7t5v0__clkbuf_16)
                                                         clknet_0_CLK_I (net)
                      0.438947    0.002701    0.572817 ^ clkbuf_3_1__f_CLK_I/I (gf180mcu_fd_sc_mcu7t5v0__clkbuf_16)
    10    0.061202    0.222932    0.512369    1.085186 ^ clkbuf_3_1__f_CLK_I/Z (gf180mcu_fd_sc_mcu7t5v0__clkbuf_16)
                                                         clknet_3_1__leaf_CLK_I (net)
                      0.222933    0.001117    1.086303 ^ _891_/CLK (gf180mcu_fd_sc_mcu7t5v0__dffq_1)
                                  0.500000    1.586304   clock uncertainty
                                  0.000000    1.586304   clock reconvergence pessimism
                                  0.111400    1.697703   library hold time
                                              1.697703   data required time
---------------------------------------------------------------------------------------------
                                              1.697703   data required time
                                             -4.010011   data arrival time
---------------------------------------------------------------------------------------------
                                              2.312307   slack (MET)


Startpoint: _822_ (rising edge-triggered flip-flop clocked by system_clock)
Endpoint: _860_ (rising edge-triggered flip-flop clocked by system_clock)
Path Group: system_clock
Path Type: min

Fanout         Cap        Slew       Delay        Time   Description
---------------------------------------------------------------------------------------------
                                  0.000000    0.000000   clock system_clock (rise edge)
                                  0.000000    0.000000   clock source latency
     1    0.038862    0.000000    0.000000    0.000000 ^ CLK_I (in)
                                                         CLK_I (net)
                      0.004005    0.001638    0.001638 ^ clkbuf_0_CLK_I/I (gf180mcu_fd_sc_mcu7t5v0__clkbuf_16)
     8    0.201827    0.438940    0.568479    0.570117 ^ clkbuf_0_CLK_I/Z (gf180mcu_fd_sc_mcu7t5v0__clkbuf_16)
                                                         clknet_0_CLK_I (net)
                      0.438949    0.003091    0.573207 ^ clkbuf_3_3__f_CLK_I/I (gf180mcu_fd_sc_mcu7t5v0__clkbuf_16)
    10    0.065340    0.229177    0.517455    1.090662 ^ clkbuf_3_3__f_CLK_I/Z (gf180mcu_fd_sc_mcu7t5v0__clkbuf_16)
                                                         clknet_3_3__leaf_CLK_I (net)
                      0.229177    0.000463    1.091125 ^ _822_/CLK (gf180mcu_fd_sc_mcu7t5v0__dffq_1)
     4    0.039591    0.699717    1.596733    2.687858 v _822_/Q (gf180mcu_fd_sc_mcu7t5v0__dffq_1)
                                                         recv_data_buffer[4] (net)
                      0.699718    0.000929    2.688787 v _801_/B2 (gf180mcu_fd_sc_mcu7t5v0__aoi22_1)
     1    0.016190    0.823714    0.804515    3.493302 ^ _801_/ZN (gf180mcu_fd_sc_mcu7t5v0__aoi22_1)
                                                         _400_ (net)
                      0.823714    0.000556    3.493859 ^ _802_/A2 (gf180mcu_fd_sc_mcu7t5v0__nor2_1)
     1    0.014107    0.557383    0.476831    3.970690 v _802_/ZN (gf180mcu_fd_sc_mcu7t5v0__nor2_1)
                                                         _073_ (net)
                      0.557383    0.000567    3.971257 v _860_/D (gf180mcu_fd_sc_mcu7t5v0__dffq_1)
                                              3.971257   data arrival time

                                  0.000000    0.000000   clock system_clock (rise edge)
                                  0.000000    0.000000   clock source latency
     1    0.038862    0.000000    0.000000    0.000000 ^ CLK_I (in)
                                                         CLK_I (net)
                      0.004005    0.001638    0.001638 ^ clkbuf_0_CLK_I/I (gf180mcu_fd_sc_mcu7t5v0__clkbuf_16)
     8    0.201827    0.438940    0.568479    0.570117 ^ clkbuf_0_CLK_I/Z (gf180mcu_fd_sc_mcu7t5v0__clkbuf_16)
                                                         clknet_0_CLK_I (net)
                      0.438946    0.002581    0.572697 ^ clkbuf_3_7__f_CLK_I/I (gf180mcu_fd_sc_mcu7t5v0__clkbuf_16)
    14    0.078122    0.248260    0.532247    1.104944 ^ clkbuf_3_7__f_CLK_I/Z (gf180mcu_fd_sc_mcu7t5v0__clkbuf_16)
                                                         clknet_3_7__leaf_CLK_I (net)
                      0.248263    0.001641    1.106585 ^ _860_/CLK (gf180mcu_fd_sc_mcu7t5v0__dffq_1)
                                  0.500000    1.606585   clock uncertainty
                                  0.000000    1.606585   clock reconvergence pessimism
                                  0.045189    1.651774   library hold time
                                              1.651774   data required time
---------------------------------------------------------------------------------------------
                                              1.651774   data required time
                                             -3.971257   data arrival time
---------------------------------------------------------------------------------------------
                                              2.319483   slack (MET)


Startpoint: _823_ (rising edge-triggered flip-flop clocked by system_clock)
Endpoint: _879_ (rising edge-triggered flip-flop clocked by system_clock)
Path Group: system_clock
Path Type: min

Fanout         Cap        Slew       Delay        Time   Description
---------------------------------------------------------------------------------------------
                                  0.000000    0.000000   clock system_clock (rise edge)
                                  0.000000    0.000000   clock source latency
     1    0.038862    0.000000    0.000000    0.000000 ^ CLK_I (in)
                                                         CLK_I (net)
                      0.004005    0.001638    0.001638 ^ clkbuf_0_CLK_I/I (gf180mcu_fd_sc_mcu7t5v0__clkbuf_16)
     8    0.201827    0.438940    0.568479    0.570117 ^ clkbuf_0_CLK_I/Z (gf180mcu_fd_sc_mcu7t5v0__clkbuf_16)
                                                         clknet_0_CLK_I (net)
                      0.438948    0.002894    0.573010 ^ clkbuf_3_6__f_CLK_I/I (gf180mcu_fd_sc_mcu7t5v0__clkbuf_16)
    13    0.082219    0.254303    0.536767    1.109777 ^ clkbuf_3_6__f_CLK_I/Z (gf180mcu_fd_sc_mcu7t5v0__clkbuf_16)
                                                         clknet_3_6__leaf_CLK_I (net)
                      0.254306    0.001686    1.111463 ^ _823_/CLK (gf180mcu_fd_sc_mcu7t5v0__dffq_1)
     6    0.061074    1.029722    1.811595    2.923058 v _823_/Q (gf180mcu_fd_sc_mcu7t5v0__dffq_1)
                                                         recv_data_buffer[5] (net)
                      1.029729    0.001598    2.924657 v _531_/B2 (gf180mcu_fd_sc_mcu7t5v0__oai221_1)
     1    0.006100    0.633537    0.918214    3.842871 ^ _531_/ZN (gf180mcu_fd_sc_mcu7t5v0__oai221_1)
                                                         _190_ (net)
                      0.633537    0.000118    3.842989 ^ _534_/A2 (gf180mcu_fd_sc_mcu7t5v0__aoi22_1)
     1    0.003986    0.283991    0.220462    4.063451 v _534_/ZN (gf180mcu_fd_sc_mcu7t5v0__aoi22_1)
                                                         _013_ (net)
                      0.283991    0.000078    4.063529 v _879_/D (gf180mcu_fd_sc_mcu7t5v0__dffq_1)
                                              4.063529   data arrival time

                                  0.000000    0.000000   clock system_clock (rise edge)
                                  0.000000    0.000000   clock source latency
     1    0.038862    0.000000    0.000000    0.000000 ^ CLK_I (in)
                                                         CLK_I (net)
                      0.004005    0.001638    0.001638 ^ clkbuf_0_CLK_I/I (gf180mcu_fd_sc_mcu7t5v0__clkbuf_16)
     8    0.201827    0.438940    0.568479    0.570117 ^ clkbuf_0_CLK_I/Z (gf180mcu_fd_sc_mcu7t5v0__clkbuf_16)
                                                         clknet_0_CLK_I (net)
                      0.438948    0.002894    0.573010 ^ clkbuf_3_6__f_CLK_I/I (gf180mcu_fd_sc_mcu7t5v0__clkbuf_16)
    13    0.082219    0.254303    0.536767    1.109777 ^ clkbuf_3_6__f_CLK_I/Z (gf180mcu_fd_sc_mcu7t5v0__clkbuf_16)
                                                         clknet_3_6__leaf_CLK_I (net)
                      0.254304    0.001332    1.111109 ^ _879_/CLK (gf180mcu_fd_sc_mcu7t5v0__dffq_1)
                                  0.500000    1.611109   clock uncertainty
                                  0.000000    1.611109   clock reconvergence pessimism
                                  0.128608    1.739717   library hold time
                                              1.739717   data required time
---------------------------------------------------------------------------------------------
                                              1.739717   data required time
                                             -4.063529   data arrival time
---------------------------------------------------------------------------------------------
                                              2.323812   slack (MET)


Startpoint: _821_ (rising edge-triggered flip-flop clocked by system_clock)
Endpoint: _859_ (rising edge-triggered flip-flop clocked by system_clock)
Path Group: system_clock
Path Type: min

Fanout         Cap        Slew       Delay        Time   Description
---------------------------------------------------------------------------------------------
                                  0.000000    0.000000   clock system_clock (rise edge)
                                  0.000000    0.000000   clock source latency
     1    0.038862    0.000000    0.000000    0.000000 ^ CLK_I (in)
                                                         CLK_I (net)
                      0.004005    0.001638    0.001638 ^ clkbuf_0_CLK_I/I (gf180mcu_fd_sc_mcu7t5v0__clkbuf_16)
     8    0.201827    0.438940    0.568479    0.570117 ^ clkbuf_0_CLK_I/Z (gf180mcu_fd_sc_mcu7t5v0__clkbuf_16)
                                                         clknet_0_CLK_I (net)
                      0.438946    0.002581    0.572697 ^ clkbuf_3_7__f_CLK_I/I (gf180mcu_fd_sc_mcu7t5v0__clkbuf_16)
    14    0.078122    0.248260    0.532247    1.104944 ^ clkbuf_3_7__f_CLK_I/Z (gf180mcu_fd_sc_mcu7t5v0__clkbuf_16)
                                                         clknet_3_7__leaf_CLK_I (net)
                      0.248261    0.001141    1.106085 ^ _821_/CLK (gf180mcu_fd_sc_mcu7t5v0__dffq_1)
     6    0.070491    1.176379    1.901605    3.007689 v _821_/Q (gf180mcu_fd_sc_mcu7t5v0__dffq_1)
                                                         recv_data_buffer[3] (net)
                      1.176379    0.000927    3.008617 v _799_/B2 (gf180mcu_fd_sc_mcu7t5v0__aoi22_1)
     1    0.009289    0.563028    0.748807    3.757423 ^ _799_/ZN (gf180mcu_fd_sc_mcu7t5v0__aoi22_1)
                                                         _399_ (net)
                      0.563028    0.000238    3.757662 ^ _800_/A2 (gf180mcu_fd_sc_mcu7t5v0__nor2_1)
     1    0.006599    0.355144    0.317371    4.075032 v _800_/ZN (gf180mcu_fd_sc_mcu7t5v0__nor2_1)
                                                         _072_ (net)
                      0.355144    0.000151    4.075184 v _859_/D (gf180mcu_fd_sc_mcu7t5v0__dffq_1)
                                              4.075184   data arrival time

                                  0.000000    0.000000   clock system_clock (rise edge)
                                  0.000000    0.000000   clock source latency
     1    0.038862    0.000000    0.000000    0.000000 ^ CLK_I (in)
                                                         CLK_I (net)
                      0.004005    0.001638    0.001638 ^ clkbuf_0_CLK_I/I (gf180mcu_fd_sc_mcu7t5v0__clkbuf_16)
     8    0.201827    0.438940    0.568479    0.570117 ^ clkbuf_0_CLK_I/Z (gf180mcu_fd_sc_mcu7t5v0__clkbuf_16)
                                                         clknet_0_CLK_I (net)
                      0.438946    0.002581    0.572697 ^ clkbuf_3_7__f_CLK_I/I (gf180mcu_fd_sc_mcu7t5v0__clkbuf_16)
    14    0.078122    0.248260    0.532247    1.104944 ^ clkbuf_3_7__f_CLK_I/Z (gf180mcu_fd_sc_mcu7t5v0__clkbuf_16)
                                                         clknet_3_7__leaf_CLK_I (net)
                      0.248260    0.000296    1.105240 ^ _859_/CLK (gf180mcu_fd_sc_mcu7t5v0__dffq_1)
                                  0.500000    1.605240   clock uncertainty
                                  0.000000    1.605240   clock reconvergence pessimism
                                  0.105941    1.711181   library hold time
                                              1.711181   data required time
---------------------------------------------------------------------------------------------
                                              1.711181   data required time
                                             -4.075184   data arrival time
---------------------------------------------------------------------------------------------
                                              2.364003   slack (MET)


Startpoint: _872_ (rising edge-triggered flip-flop clocked by system_clock)
Endpoint: _880_ (rising edge-triggered flip-flop clocked by system_clock)
Path Group: system_clock
Path Type: min

Fanout         Cap        Slew       Delay        Time   Description
---------------------------------------------------------------------------------------------
                                  0.000000    0.000000   clock system_clock (rise edge)
                                  0.000000    0.000000   clock source latency
     1    0.038862    0.000000    0.000000    0.000000 ^ CLK_I (in)
                                                         CLK_I (net)
                      0.004005    0.001638    0.001638 ^ clkbuf_0_CLK_I/I (gf180mcu_fd_sc_mcu7t5v0__clkbuf_16)
     8    0.201827    0.438940    0.568479    0.570117 ^ clkbuf_0_CLK_I/Z (gf180mcu_fd_sc_mcu7t5v0__clkbuf_16)
                                                         clknet_0_CLK_I (net)
                      0.438948    0.002894    0.573010 ^ clkbuf_3_6__f_CLK_I/I (gf180mcu_fd_sc_mcu7t5v0__clkbuf_16)
    13    0.082219    0.254303    0.536767    1.109777 ^ clkbuf_3_6__f_CLK_I/Z (gf180mcu_fd_sc_mcu7t5v0__clkbuf_16)
                                                         clknet_3_6__leaf_CLK_I (net)
                      0.254304    0.001333    1.111110 ^ _872_/CLK (gf180mcu_fd_sc_mcu7t5v0__dffq_1)
     4    0.028084    0.531189    1.486858    2.597968 v _872_/Q (gf180mcu_fd_sc_mcu7t5v0__dffq_1)
                                                         addr_set_register[6] (net)
                      0.531189    0.000371    2.598339 v _535_/A2 (gf180mcu_fd_sc_mcu7t5v0__nor2_1)
     1    0.008658    0.683370    0.536479    3.134818 ^ _535_/ZN (gf180mcu_fd_sc_mcu7t5v0__nor2_1)
                                                         _193_ (net)
                      0.683370    0.000196    3.135014 ^ _538_/A1 (gf180mcu_fd_sc_mcu7t5v0__oai21_1)
     1    0.011181    0.483867    0.387747    3.522761 v _538_/ZN (gf180mcu_fd_sc_mcu7t5v0__oai21_1)
                                                         _196_ (net)
                      0.483867    0.000293    3.523054 v _539_/I0 (gf180mcu_fd_sc_mcu7t5v0__mux2_2)
     1    0.005614    0.216432    0.711536    4.234590 v _539_/Z (gf180mcu_fd_sc_mcu7t5v0__mux2_2)
                                                         _014_ (net)
                      0.216432    0.000122    4.234712 v _880_/D (gf180mcu_fd_sc_mcu7t5v0__dffq_1)
                                              4.234712   data arrival time

                                  0.000000    0.000000   clock system_clock (rise edge)
                                  0.000000    0.000000   clock source latency
     1    0.038862    0.000000    0.000000    0.000000 ^ CLK_I (in)
                                                         CLK_I (net)
                      0.004005    0.001638    0.001638 ^ clkbuf_0_CLK_I/I (gf180mcu_fd_sc_mcu7t5v0__clkbuf_16)
     8    0.201827    0.438940    0.568479    0.570117 ^ clkbuf_0_CLK_I/Z (gf180mcu_fd_sc_mcu7t5v0__clkbuf_16)
                                                         clknet_0_CLK_I (net)
                      0.438946    0.002581    0.572697 ^ clkbuf_3_7__f_CLK_I/I (gf180mcu_fd_sc_mcu7t5v0__clkbuf_16)
    14    0.078122    0.248260    0.532247    1.104944 ^ clkbuf_3_7__f_CLK_I/Z (gf180mcu_fd_sc_mcu7t5v0__clkbuf_16)
                                                         clknet_3_7__leaf_CLK_I (net)
                      0.248262    0.001328    1.106273 ^ _880_/CLK (gf180mcu_fd_sc_mcu7t5v0__dffq_1)
                                  0.500000    1.606272   clock uncertainty
                                  0.000000    1.606272   clock reconvergence pessimism
                                  0.145168    1.751440   library hold time
                                              1.751440   data required time
---------------------------------------------------------------------------------------------
                                              1.751440   data required time
                                             -4.234712   data arrival time
---------------------------------------------------------------------------------------------
                                              2.483272   slack (MET)


Startpoint: _819_ (rising edge-triggered flip-flop clocked by system_clock)
Endpoint: _875_ (rising edge-triggered flip-flop clocked by system_clock)
Path Group: system_clock
Path Type: min

Fanout         Cap        Slew       Delay        Time   Description
---------------------------------------------------------------------------------------------
                                  0.000000    0.000000   clock system_clock (rise edge)
                                  0.000000    0.000000   clock source latency
     1    0.038862    0.000000    0.000000    0.000000 ^ CLK_I (in)
                                                         CLK_I (net)
                      0.004005    0.001638    0.001638 ^ clkbuf_0_CLK_I/I (gf180mcu_fd_sc_mcu7t5v0__clkbuf_16)
     8    0.201827    0.438940    0.568479    0.570117 ^ clkbuf_0_CLK_I/Z (gf180mcu_fd_sc_mcu7t5v0__clkbuf_16)
                                                         clknet_0_CLK_I (net)
                      0.438949    0.003091    0.573207 ^ clkbuf_3_3__f_CLK_I/I (gf180mcu_fd_sc_mcu7t5v0__clkbuf_16)
    10    0.065340    0.229177    0.517455    1.090662 ^ clkbuf_3_3__f_CLK_I/Z (gf180mcu_fd_sc_mcu7t5v0__clkbuf_16)
                                                         clknet_3_3__leaf_CLK_I (net)
                      0.229177    0.000496    1.091158 ^ _819_/CLK (gf180mcu_fd_sc_mcu7t5v0__dffq_1)
     5    0.037137    0.663067    1.572626    2.663784 v _819_/Q (gf180mcu_fd_sc_mcu7t5v0__dffq_1)
                                                         recv_data_buffer[1] (net)
                      0.663067    0.000597    2.664381 v _510_/A1 (gf180mcu_fd_sc_mcu7t5v0__oai22_1)
     1    0.008510    0.733296    0.604335    3.268716 ^ _510_/ZN (gf180mcu_fd_sc_mcu7t5v0__oai22_1)
                                                         _173_ (net)
                      0.733296    0.000121    3.268837 ^ _512_/A1 (gf180mcu_fd_sc_mcu7t5v0__oai21_1)
     1    0.007487    0.412833    0.322163    3.590999 v _512_/ZN (gf180mcu_fd_sc_mcu7t5v0__oai21_1)
                                                         _175_ (net)
                      0.412833    0.000161    3.591160 v _513_/I0 (gf180mcu_fd_sc_mcu7t5v0__mux2_2)
     1    0.003741    0.197534    0.678855    4.270016 v _513_/Z (gf180mcu_fd_sc_mcu7t5v0__mux2_2)
                                                         _009_ (net)
                      0.197534    0.000071    4.270087 v _875_/D (gf180mcu_fd_sc_mcu7t5v0__dffq_1)
                                              4.270087   data arrival time

                                  0.000000    0.000000   clock system_clock (rise edge)
                                  0.000000    0.000000   clock source latency
     1    0.038862    0.000000    0.000000    0.000000 ^ CLK_I (in)
                                                         CLK_I (net)
                      0.004005    0.001638    0.001638 ^ clkbuf_0_CLK_I/I (gf180mcu_fd_sc_mcu7t5v0__clkbuf_16)
     8    0.201827    0.438940    0.568479    0.570117 ^ clkbuf_0_CLK_I/Z (gf180mcu_fd_sc_mcu7t5v0__clkbuf_16)
                                                         clknet_0_CLK_I (net)
                      0.438948    0.002894    0.573010 ^ clkbuf_3_6__f_CLK_I/I (gf180mcu_fd_sc_mcu7t5v0__clkbuf_16)
    13    0.082219    0.254303    0.536767    1.109777 ^ clkbuf_3_6__f_CLK_I/Z (gf180mcu_fd_sc_mcu7t5v0__clkbuf_16)
                                                         clknet_3_6__leaf_CLK_I (net)
                      0.254306    0.001725    1.111501 ^ _875_/CLK (gf180mcu_fd_sc_mcu7t5v0__dffq_1)
                                  0.500000    1.611501   clock uncertainty
                                  0.000000    1.611501   clock reconvergence pessimism
                                  0.149923    1.761424   library hold time
                                              1.761424   data required time
---------------------------------------------------------------------------------------------
                                              1.761424   data required time
                                             -4.270087   data arrival time
---------------------------------------------------------------------------------------------
                                              2.508663   slack (MET)


Startpoint: _870_ (rising edge-triggered flip-flop clocked by system_clock)
Endpoint: _878_ (rising edge-triggered flip-flop clocked by system_clock)
Path Group: system_clock
Path Type: min

Fanout         Cap        Slew       Delay        Time   Description
---------------------------------------------------------------------------------------------
                                  0.000000    0.000000   clock system_clock (rise edge)
                                  0.000000    0.000000   clock source latency
     1    0.038862    0.000000    0.000000    0.000000 ^ CLK_I (in)
                                                         CLK_I (net)
                      0.004005    0.001638    0.001638 ^ clkbuf_0_CLK_I/I (gf180mcu_fd_sc_mcu7t5v0__clkbuf_16)
     8    0.201827    0.438940    0.568479    0.570117 ^ clkbuf_0_CLK_I/Z (gf180mcu_fd_sc_mcu7t5v0__clkbuf_16)
                                                         clknet_0_CLK_I (net)
                      0.438949    0.003091    0.573207 ^ clkbuf_3_3__f_CLK_I/I (gf180mcu_fd_sc_mcu7t5v0__clkbuf_16)
    10    0.065340    0.229177    0.517455    1.090662 ^ clkbuf_3_3__f_CLK_I/Z (gf180mcu_fd_sc_mcu7t5v0__clkbuf_16)
                                                         clknet_3_3__leaf_CLK_I (net)
                      0.229177    0.000421    1.091083 ^ _870_/CLK (gf180mcu_fd_sc_mcu7t5v0__dffq_1)
     4    0.028716    0.540348    1.487674    2.578757 v _870_/Q (gf180mcu_fd_sc_mcu7t5v0__dffq_1)
                                                         addr_set_register[4] (net)
                      0.540348    0.000288    2.579045 v _524_/A2 (gf180mcu_fd_sc_mcu7t5v0__nor2_1)
     1    0.012384    0.868992    0.649574    3.228619 ^ _524_/ZN (gf180mcu_fd_sc_mcu7t5v0__nor2_1)
                                                         _184_ (net)
                      0.868992    0.000349    3.228967 ^ _527_/A1 (gf180mcu_fd_sc_mcu7t5v0__oai21_1)
     1    0.009362    0.483155    0.372094    3.601061 v _527_/ZN (gf180mcu_fd_sc_mcu7t5v0__oai21_1)
                                                         _187_ (net)
                      0.483155    0.000231    3.601292 v _528_/I0 (gf180mcu_fd_sc_mcu7t5v0__mux2_2)
     1    0.004486    0.206620    0.700720    4.302012 v _528_/Z (gf180mcu_fd_sc_mcu7t5v0__mux2_2)
                                                         _012_ (net)
                      0.206620    0.000088    4.302100 v _878_/D (gf180mcu_fd_sc_mcu7t5v0__dffq_1)
                                              4.302100   data arrival time

                                  0.000000    0.000000   clock system_clock (rise edge)
                                  0.000000    0.000000   clock source latency
     1    0.038862    0.000000    0.000000    0.000000 ^ CLK_I (in)
                                                         CLK_I (net)
                      0.004005    0.001638    0.001638 ^ clkbuf_0_CLK_I/I (gf180mcu_fd_sc_mcu7t5v0__clkbuf_16)
     8    0.201827    0.438940    0.568479    0.570117 ^ clkbuf_0_CLK_I/Z (gf180mcu_fd_sc_mcu7t5v0__clkbuf_16)
                                                         clknet_0_CLK_I (net)
                      0.438948    0.002894    0.573010 ^ clkbuf_3_6__f_CLK_I/I (gf180mcu_fd_sc_mcu7t5v0__clkbuf_16)
    13    0.082219    0.254303    0.536767    1.109777 ^ clkbuf_3_6__f_CLK_I/Z (gf180mcu_fd_sc_mcu7t5v0__clkbuf_16)
                                                         clknet_3_6__leaf_CLK_I (net)
                      0.254305    0.001433    1.111210 ^ _878_/CLK (gf180mcu_fd_sc_mcu7t5v0__dffq_1)
                                  0.500000    1.611209   clock uncertainty
                                  0.000000    1.611209   clock reconvergence pessimism
                                  0.148257    1.759467   library hold time
                                              1.759467   data required time
---------------------------------------------------------------------------------------------
                                              1.759467   data required time
                                             -4.302100   data arrival time
---------------------------------------------------------------------------------------------
                                              2.542633   slack (MET)


Startpoint: _873_ (rising edge-triggered flip-flop clocked by system_clock)
Endpoint: _881_ (rising edge-triggered flip-flop clocked by system_clock)
Path Group: system_clock
Path Type: min

Fanout         Cap        Slew       Delay        Time   Description
---------------------------------------------------------------------------------------------
                                  0.000000    0.000000   clock system_clock (rise edge)
                                  0.000000    0.000000   clock source latency
     1    0.038862    0.000000    0.000000    0.000000 ^ CLK_I (in)
                                                         CLK_I (net)
                      0.004005    0.001638    0.001638 ^ clkbuf_0_CLK_I/I (gf180mcu_fd_sc_mcu7t5v0__clkbuf_16)
     8    0.201827    0.438940    0.568479    0.570117 ^ clkbuf_0_CLK_I/Z (gf180mcu_fd_sc_mcu7t5v0__clkbuf_16)
                                                         clknet_0_CLK_I (net)
                      0.438948    0.002894    0.573010 ^ clkbuf_3_6__f_CLK_I/I (gf180mcu_fd_sc_mcu7t5v0__clkbuf_16)
    13    0.082219    0.254303    0.536767    1.109777 ^ clkbuf_3_6__f_CLK_I/Z (gf180mcu_fd_sc_mcu7t5v0__clkbuf_16)
                                                         clknet_3_6__leaf_CLK_I (net)
                      0.254306    0.001669    1.111445 ^ _873_/CLK (gf180mcu_fd_sc_mcu7t5v0__dffq_1)
     4    0.029707    0.554735    1.503141    2.614586 v _873_/Q (gf180mcu_fd_sc_mcu7t5v0__dffq_1)
                                                         addr_set_register[7] (net)
                      0.554735    0.000173    2.614760 v _540_/A2 (gf180mcu_fd_sc_mcu7t5v0__nor2_1)
     1    0.014986    1.002309    0.729585    3.344345 ^ _540_/ZN (gf180mcu_fd_sc_mcu7t5v0__nor2_1)
                                                         _197_ (net)
                      1.002309    0.000500    3.344845 ^ _543_/A1 (gf180mcu_fd_sc_mcu7t5v0__oai21_1)
     1    0.007523    0.387326    0.343221    3.688066 v _543_/ZN (gf180mcu_fd_sc_mcu7t5v0__oai21_1)
                                                         _200_ (net)
                      0.387326    0.000169    3.688234 v _544_/I0 (gf180mcu_fd_sc_mcu7t5v0__mux2_2)
     1    0.003004    0.188774    0.664943    4.353177 v _544_/Z (gf180mcu_fd_sc_mcu7t5v0__mux2_2)
                                                         _015_ (net)
                      0.188774    0.000029    4.353206 v _881_/D (gf180mcu_fd_sc_mcu7t5v0__dffq_1)
                                              4.353206   data arrival time

                                  0.000000    0.000000   clock system_clock (rise edge)
                                  0.000000    0.000000   clock source latency
     1    0.038862    0.000000    0.000000    0.000000 ^ CLK_I (in)
                                                         CLK_I (net)
                      0.004005    0.001638    0.001638 ^ clkbuf_0_CLK_I/I (gf180mcu_fd_sc_mcu7t5v0__clkbuf_16)
     8    0.201827    0.438940    0.568479    0.570117 ^ clkbuf_0_CLK_I/Z (gf180mcu_fd_sc_mcu7t5v0__clkbuf_16)
                                                         clknet_0_CLK_I (net)
                      0.438946    0.002581    0.572697 ^ clkbuf_3_7__f_CLK_I/I (gf180mcu_fd_sc_mcu7t5v0__clkbuf_16)
    14    0.078122    0.248260    0.532247    1.104944 ^ clkbuf_3_7__f_CLK_I/Z (gf180mcu_fd_sc_mcu7t5v0__clkbuf_16)
                                                         clknet_3_7__leaf_CLK_I (net)
                      0.248261    0.000964    1.105909 ^ _881_/CLK (gf180mcu_fd_sc_mcu7t5v0__dffq_1)
                                  0.500000    1.605909   clock uncertainty
                                  0.000000    1.605909   clock reconvergence pessimism
                                  0.150237    1.756146   library hold time
                                              1.756146   data required time
---------------------------------------------------------------------------------------------
                                              1.756146   data required time
                                             -4.353206   data arrival time
---------------------------------------------------------------------------------------------
                                              2.597061   slack (MET)


Startpoint: _834_ (rising edge-triggered flip-flop clocked by system_clock)
Endpoint: _835_ (rising edge-triggered flip-flop clocked by system_clock)
Path Group: system_clock
Path Type: min

Fanout         Cap        Slew       Delay        Time   Description
---------------------------------------------------------------------------------------------
                                  0.000000    0.000000   clock system_clock (rise edge)
                                  0.000000    0.000000   clock source latency
     1    0.038862    0.000000    0.000000    0.000000 ^ CLK_I (in)
                                                         CLK_I (net)
                      0.004005    0.001638    0.001638 ^ clkbuf_0_CLK_I/I (gf180mcu_fd_sc_mcu7t5v0__clkbuf_16)
     8    0.201827    0.438940    0.568479    0.570117 ^ clkbuf_0_CLK_I/Z (gf180mcu_fd_sc_mcu7t5v0__clkbuf_16)
                                                         clknet_0_CLK_I (net)
                      0.438951    0.003323    0.573440 ^ clkbuf_3_2__f_CLK_I/I (gf180mcu_fd_sc_mcu7t5v0__clkbuf_16)
    16    0.074359    0.242639    0.527880    1.101320 ^ clkbuf_3_2__f_CLK_I/Z (gf180mcu_fd_sc_mcu7t5v0__clkbuf_16)
                                                         clknet_3_2__leaf_CLK_I (net)
                      0.242639    0.000425    1.101746 ^ _834_/CLK (gf180mcu_fd_sc_mcu7t5v0__dffq_1)
     8    0.043759    0.763565    1.640385    2.742130 v _834_/Q (gf180mcu_fd_sc_mcu7t5v0__dffq_1)
                                                         iteration[2] (net)
                      0.763565    0.000458    2.742588 v _752_/A1 (gf180mcu_fd_sc_mcu7t5v0__nand3_1)
     2    0.011276    0.618549    0.567411    3.309999 ^ _752_/ZN (gf180mcu_fd_sc_mcu7t5v0__nand3_1)
                                                         _377_ (net)
                      0.618549    0.000093    3.310092 ^ _755_/C (gf180mcu_fd_sc_mcu7t5v0__oai221_1)
     1    0.005721    0.424184    0.363722    3.673815 v _755_/ZN (gf180mcu_fd_sc_mcu7t5v0__oai221_1)
                                                         _379_ (net)
                      0.424184    0.000059    3.673873 v _756_/B (gf180mcu_fd_sc_mcu7t5v0__oai21_1)
     1    0.009455    0.556467    0.467731    4.141604 ^ _756_/ZN (gf180mcu_fd_sc_mcu7t5v0__oai21_1)
                                                         _380_ (net)
                      0.556467    0.000227    4.141831 ^ _759_/A1 (gf180mcu_fd_sc_mcu7t5v0__aoi21_1)
     1    0.002994    0.267658    0.215820    4.357651 v _759_/ZN (gf180mcu_fd_sc_mcu7t5v0__aoi21_1)
                                                         _048_ (net)
                      0.267658    0.000030    4.357681 v _835_/D (gf180mcu_fd_sc_mcu7t5v0__dffq_1)
                                              4.357681   data arrival time

                                  0.000000    0.000000   clock system_clock (rise edge)
                                  0.000000    0.000000   clock source latency
     1    0.038862    0.000000    0.000000    0.000000 ^ CLK_I (in)
                                                         CLK_I (net)
                      0.004005    0.001638    0.001638 ^ clkbuf_0_CLK_I/I (gf180mcu_fd_sc_mcu7t5v0__clkbuf_16)
     8    0.201827    0.438940    0.568479    0.570117 ^ clkbuf_0_CLK_I/Z (gf180mcu_fd_sc_mcu7t5v0__clkbuf_16)
                                                         clknet_0_CLK_I (net)
                      0.438951    0.003323    0.573440 ^ clkbuf_3_2__f_CLK_I/I (gf180mcu_fd_sc_mcu7t5v0__clkbuf_16)
    16    0.074359    0.242639    0.527880    1.101320 ^ clkbuf_3_2__f_CLK_I/Z (gf180mcu_fd_sc_mcu7t5v0__clkbuf_16)
                                                         clknet_3_2__leaf_CLK_I (net)
                      0.242640    0.000946    1.102267 ^ _835_/CLK (gf180mcu_fd_sc_mcu7t5v0__dffq_1)
                                  0.500000    1.602267   clock uncertainty
                                  0.000000    1.602267   clock reconvergence pessimism
                                  0.131021    1.733288   library hold time
                                              1.733288   data required time
---------------------------------------------------------------------------------------------
                                              1.733288   data required time
                                             -4.357681   data arrival time
---------------------------------------------------------------------------------------------
                                              2.624393   slack (MET)


Startpoint: _844_ (rising edge-triggered flip-flop clocked by system_clock)
Endpoint: _832_ (rising edge-triggered flip-flop clocked by system_clock)
Path Group: system_clock
Path Type: min

Fanout         Cap        Slew       Delay        Time   Description
---------------------------------------------------------------------------------------------
                                  0.000000    0.000000   clock system_clock (rise edge)
                                  0.000000    0.000000   clock source latency
     1    0.038862    0.000000    0.000000    0.000000 ^ CLK_I (in)
                                                         CLK_I (net)
                      0.004005    0.001638    0.001638 ^ clkbuf_0_CLK_I/I (gf180mcu_fd_sc_mcu7t5v0__clkbuf_16)
     8    0.201827    0.438940    0.568479    0.570117 ^ clkbuf_0_CLK_I/Z (gf180mcu_fd_sc_mcu7t5v0__clkbuf_16)
                                                         clknet_0_CLK_I (net)
                      0.438947    0.002738    0.572854 ^ clkbuf_3_0__f_CLK_I/I (gf180mcu_fd_sc_mcu7t5v0__clkbuf_16)
     9    0.068831    0.234339    0.521291    1.094145 ^ clkbuf_3_0__f_CLK_I/Z (gf180mcu_fd_sc_mcu7t5v0__clkbuf_16)
                                                         clknet_3_0__leaf_CLK_I (net)
                      0.234341    0.001371    1.095516 ^ _844_/CLK (gf180mcu_fd_sc_mcu7t5v0__dffq_1)
     7    0.053008    1.523101    2.142541    3.238057 ^ _844_/Q (gf180mcu_fd_sc_mcu7t5v0__dffq_1)
                                                         i2c_state[0] (net)
                      1.523115    0.002620    3.240677 ^ _739_/A1 (gf180mcu_fd_sc_mcu7t5v0__aoi211_1)
     1    0.009956    0.628071    0.496593    3.737270 v _739_/ZN (gf180mcu_fd_sc_mcu7t5v0__aoi211_1)
                                                         _366_ (net)
                      0.628071    0.000168    3.737438 v _742_/A1 (gf180mcu_fd_sc_mcu7t5v0__aoi22_1)
     1    0.005721    0.453342    0.427115    4.164554 ^ _742_/ZN (gf180mcu_fd_sc_mcu7t5v0__aoi22_1)
                                                         _369_ (net)
                      0.453342    0.000108    4.164662 ^ _745_/A2 (gf180mcu_fd_sc_mcu7t5v0__aoi21_1)
     1    0.003396    0.241735    0.203290    4.367952 v _745_/ZN (gf180mcu_fd_sc_mcu7t5v0__aoi21_1)
                                                         _045_ (net)
                      0.241735    0.000035    4.367987 v _832_/D (gf180mcu_fd_sc_mcu7t5v0__dffq_1)
                                              4.367987   data arrival time

                                  0.000000    0.000000   clock system_clock (rise edge)
                                  0.000000    0.000000   clock source latency
     1    0.038862    0.000000    0.000000    0.000000 ^ CLK_I (in)
                                                         CLK_I (net)
                      0.004005    0.001638    0.001638 ^ clkbuf_0_CLK_I/I (gf180mcu_fd_sc_mcu7t5v0__clkbuf_16)
     8    0.201827    0.438940    0.568479    0.570117 ^ clkbuf_0_CLK_I/Z (gf180mcu_fd_sc_mcu7t5v0__clkbuf_16)
                                                         clknet_0_CLK_I (net)
                      0.438951    0.003323    0.573440 ^ clkbuf_3_2__f_CLK_I/I (gf180mcu_fd_sc_mcu7t5v0__clkbuf_16)
    16    0.074359    0.242639    0.527880    1.101320 ^ clkbuf_3_2__f_CLK_I/Z (gf180mcu_fd_sc_mcu7t5v0__clkbuf_16)
                                                         clknet_3_2__leaf_CLK_I (net)
                      0.242640    0.000881    1.102202 ^ _832_/CLK (gf180mcu_fd_sc_mcu7t5v0__dffq_1)
                                  0.500000    1.602202   clock uncertainty
                                  0.000000    1.602202   clock reconvergence pessimism
                                  0.138809    1.741010   library hold time
                                              1.741010   data required time
---------------------------------------------------------------------------------------------
                                              1.741010   data required time
                                             -4.367987   data arrival time
---------------------------------------------------------------------------------------------
                                              2.626977   slack (MET)


Startpoint: _824_ (rising edge-triggered flip-flop clocked by system_clock)
Endpoint: _862_ (rising edge-triggered flip-flop clocked by system_clock)
Path Group: system_clock
Path Type: min

Fanout         Cap        Slew       Delay        Time   Description
---------------------------------------------------------------------------------------------
                                  0.000000    0.000000   clock system_clock (rise edge)
                                  0.000000    0.000000   clock source latency
     1    0.038862    0.000000    0.000000    0.000000 ^ CLK_I (in)
                                                         CLK_I (net)
                      0.004005    0.001638    0.001638 ^ clkbuf_0_CLK_I/I (gf180mcu_fd_sc_mcu7t5v0__clkbuf_16)
     8    0.201827    0.438940    0.568479    0.570117 ^ clkbuf_0_CLK_I/Z (gf180mcu_fd_sc_mcu7t5v0__clkbuf_16)
                                                         clknet_0_CLK_I (net)
                      0.438946    0.002581    0.572697 ^ clkbuf_3_7__f_CLK_I/I (gf180mcu_fd_sc_mcu7t5v0__clkbuf_16)
    14    0.078122    0.248260    0.532247    1.104944 ^ clkbuf_3_7__f_CLK_I/Z (gf180mcu_fd_sc_mcu7t5v0__clkbuf_16)
                                                         clknet_3_7__leaf_CLK_I (net)
                      0.248262    0.001298    1.106242 ^ _824_/CLK (gf180mcu_fd_sc_mcu7t5v0__dffq_1)
     6    0.065660    1.100348    1.854676    2.960918 v _824_/Q (gf180mcu_fd_sc_mcu7t5v0__dffq_1)
                                                         recv_data_buffer[6] (net)
                      1.100348    0.000333    2.961251 v _805_/B2 (gf180mcu_fd_sc_mcu7t5v0__aoi22_1)
     1    0.016507    0.835803    0.904277    3.865528 ^ _805_/ZN (gf180mcu_fd_sc_mcu7t5v0__aoi22_1)
                                                         _402_ (net)
                      0.835803    0.000587    3.866116 ^ _806_/A2 (gf180mcu_fd_sc_mcu7t5v0__nor2_1)
     1    0.013845    0.555789    0.474577    4.340693 v _806_/ZN (gf180mcu_fd_sc_mcu7t5v0__nor2_1)
                                                         _075_ (net)
                      0.555789    0.000470    4.341163 v _862_/D (gf180mcu_fd_sc_mcu7t5v0__dffq_1)
                                              4.341163   data arrival time

                                  0.000000    0.000000   clock system_clock (rise edge)
                                  0.000000    0.000000   clock source latency
     1    0.038862    0.000000    0.000000    0.000000 ^ CLK_I (in)
                                                         CLK_I (net)
                      0.004005    0.001638    0.001638 ^ clkbuf_0_CLK_I/I (gf180mcu_fd_sc_mcu7t5v0__clkbuf_16)
     8    0.201827    0.438940    0.568479    0.570117 ^ clkbuf_0_CLK_I/Z (gf180mcu_fd_sc_mcu7t5v0__clkbuf_16)
                                                         clknet_0_CLK_I (net)
                      0.438946    0.002581    0.572697 ^ clkbuf_3_7__f_CLK_I/I (gf180mcu_fd_sc_mcu7t5v0__clkbuf_16)
    14    0.078122    0.248260    0.532247    1.104944 ^ clkbuf_3_7__f_CLK_I/Z (gf180mcu_fd_sc_mcu7t5v0__clkbuf_16)
                                                         clknet_3_7__leaf_CLK_I (net)
                      0.248263    0.001512    1.106456 ^ _862_/CLK (gf180mcu_fd_sc_mcu7t5v0__dffq_1)
                                  0.500000    1.606456   clock uncertainty
                                  0.000000    1.606456   clock reconvergence pessimism
                                  0.045668    1.652124   library hold time
                                              1.652124   data required time
---------------------------------------------------------------------------------------------
                                              1.652124   data required time
                                             -4.341163   data arrival time
---------------------------------------------------------------------------------------------
                                              2.689039   slack (MET)


Startpoint: _869_ (rising edge-triggered flip-flop clocked by system_clock)
Endpoint: _877_ (rising edge-triggered flip-flop clocked by system_clock)
Path Group: system_clock
Path Type: min

Fanout         Cap        Slew       Delay        Time   Description
---------------------------------------------------------------------------------------------
                                  0.000000    0.000000   clock system_clock (rise edge)
                                  0.000000    0.000000   clock source latency
     1    0.038862    0.000000    0.000000    0.000000 ^ CLK_I (in)
                                                         CLK_I (net)
                      0.004005    0.001638    0.001638 ^ clkbuf_0_CLK_I/I (gf180mcu_fd_sc_mcu7t5v0__clkbuf_16)
     8    0.201827    0.438940    0.568479    0.570117 ^ clkbuf_0_CLK_I/Z (gf180mcu_fd_sc_mcu7t5v0__clkbuf_16)
                                                         clknet_0_CLK_I (net)
                      0.438948    0.002894    0.573010 ^ clkbuf_3_6__f_CLK_I/I (gf180mcu_fd_sc_mcu7t5v0__clkbuf_16)
    13    0.082219    0.254303    0.536767    1.109777 ^ clkbuf_3_6__f_CLK_I/Z (gf180mcu_fd_sc_mcu7t5v0__clkbuf_16)
                                                         clknet_3_6__leaf_CLK_I (net)
                      0.254305    0.001520    1.111297 ^ _869_/CLK (gf180mcu_fd_sc_mcu7t5v0__dffq_1)
     4    0.025213    0.489691    1.457832    2.569129 v _869_/Q (gf180mcu_fd_sc_mcu7t5v0__dffq_1)
                                                         addr_set_register[3] (net)
                      0.489691    0.000338    2.569467 v _519_/A2 (gf180mcu_fd_sc_mcu7t5v0__nor2_1)
     1    0.023608    1.445827    0.977026    3.546492 ^ _519_/ZN (gf180mcu_fd_sc_mcu7t5v0__nor2_1)
                                                         _180_ (net)
                      1.445827    0.001023    3.547515 ^ _522_/A1 (gf180mcu_fd_sc_mcu7t5v0__oai21_1)
     1    0.011583    0.438808    0.454310    4.001825 v _522_/ZN (gf180mcu_fd_sc_mcu7t5v0__oai21_1)
                                                         _183_ (net)
                      0.438808    0.000499    4.002325 v _523_/I0 (gf180mcu_fd_sc_mcu7t5v0__mux2_2)
     1    0.005114    0.212094    0.698668    4.700992 v _523_/Z (gf180mcu_fd_sc_mcu7t5v0__mux2_2)
                                                         _011_ (net)
                      0.212094    0.000106    4.701098 v _877_/D (gf180mcu_fd_sc_mcu7t5v0__dffq_1)
                                              4.701098   data arrival time

                                  0.000000    0.000000   clock system_clock (rise edge)
                                  0.000000    0.000000   clock source latency
     1    0.038862    0.000000    0.000000    0.000000 ^ CLK_I (in)
                                                         CLK_I (net)
                      0.004005    0.001638    0.001638 ^ clkbuf_0_CLK_I/I (gf180mcu_fd_sc_mcu7t5v0__clkbuf_16)
     8    0.201827    0.438940    0.568479    0.570117 ^ clkbuf_0_CLK_I/Z (gf180mcu_fd_sc_mcu7t5v0__clkbuf_16)
                                                         clknet_0_CLK_I (net)
                      0.438948    0.002894    0.573010 ^ clkbuf_3_6__f_CLK_I/I (gf180mcu_fd_sc_mcu7t5v0__clkbuf_16)
    13    0.082219    0.254303    0.536767    1.109777 ^ clkbuf_3_6__f_CLK_I/Z (gf180mcu_fd_sc_mcu7t5v0__clkbuf_16)
                                                         clknet_3_6__leaf_CLK_I (net)
                      0.254305    0.001586    1.111363 ^ _877_/CLK (gf180mcu_fd_sc_mcu7t5v0__dffq_1)
                                  0.500000    1.611363   clock uncertainty
                                  0.000000    1.611363   clock reconvergence pessimism
                                  0.147254    1.758617   library hold time
                                              1.758617   data required time
---------------------------------------------------------------------------------------------
                                              1.758617   data required time
                                             -4.701098   data arrival time
---------------------------------------------------------------------------------------------
                                              2.942481   slack (MET)


Startpoint: _820_ (rising edge-triggered flip-flop clocked by system_clock)
Endpoint: _876_ (rising edge-triggered flip-flop clocked by system_clock)
Path Group: system_clock
Path Type: min

Fanout         Cap        Slew       Delay        Time   Description
---------------------------------------------------------------------------------------------
                                  0.000000    0.000000   clock system_clock (rise edge)
                                  0.000000    0.000000   clock source latency
     1    0.038862    0.000000    0.000000    0.000000 ^ CLK_I (in)
                                                         CLK_I (net)
                      0.004005    0.001638    0.001638 ^ clkbuf_0_CLK_I/I (gf180mcu_fd_sc_mcu7t5v0__clkbuf_16)
     8    0.201827    0.438940    0.568479    0.570117 ^ clkbuf_0_CLK_I/Z (gf180mcu_fd_sc_mcu7t5v0__clkbuf_16)
                                                         clknet_0_CLK_I (net)
                      0.438946    0.002581    0.572697 ^ clkbuf_3_7__f_CLK_I/I (gf180mcu_fd_sc_mcu7t5v0__clkbuf_16)
    14    0.078122    0.248260    0.532247    1.104944 ^ clkbuf_3_7__f_CLK_I/Z (gf180mcu_fd_sc_mcu7t5v0__clkbuf_16)
                                                         clknet_3_7__leaf_CLK_I (net)
                      0.248260    0.000046    1.104991 ^ _820_/CLK (gf180mcu_fd_sc_mcu7t5v0__dffq_1)
     6    0.053105    0.907191    1.732813    2.837803 v _820_/Q (gf180mcu_fd_sc_mcu7t5v0__dffq_1)
                                                         recv_data_buffer[2] (net)
                      0.907191    0.000554    2.838357 v _515_/A1 (gf180mcu_fd_sc_mcu7t5v0__oai22_1)
     1    0.011310    0.881866    0.763497    3.601854 ^ _515_/ZN (gf180mcu_fd_sc_mcu7t5v0__oai22_1)
                                                         _177_ (net)
                      0.881866    0.000303    3.602158 ^ _517_/A1 (gf180mcu_fd_sc_mcu7t5v0__oai21_1)
     1    0.012296    0.469606    0.429377    4.031534 v _517_/ZN (gf180mcu_fd_sc_mcu7t5v0__oai21_1)
                                                         _179_ (net)
                      0.469606    0.000346    4.031880 v _518_/I0 (gf180mcu_fd_sc_mcu7t5v0__mux2_2)
     1    0.004461    0.206397    0.698031    4.729911 v _518_/Z (gf180mcu_fd_sc_mcu7t5v0__mux2_2)
                                                         _010_ (net)
                      0.206397    0.000087    4.729998 v _876_/D (gf180mcu_fd_sc_mcu7t5v0__dffq_1)
                                              4.729998   data arrival time

                                  0.000000    0.000000   clock system_clock (rise edge)
                                  0.000000    0.000000   clock source latency
     1    0.038862    0.000000    0.000000    0.000000 ^ CLK_I (in)
                                                         CLK_I (net)
                      0.004005    0.001638    0.001638 ^ clkbuf_0_CLK_I/I (gf180mcu_fd_sc_mcu7t5v0__clkbuf_16)
     8    0.201827    0.438940    0.568479    0.570117 ^ clkbuf_0_CLK_I/Z (gf180mcu_fd_sc_mcu7t5v0__clkbuf_16)
                                                         clknet_0_CLK_I (net)
                      0.438948    0.002894    0.573010 ^ clkbuf_3_6__f_CLK_I/I (gf180mcu_fd_sc_mcu7t5v0__clkbuf_16)
    13    0.082219    0.254303    0.536767    1.109777 ^ clkbuf_3_6__f_CLK_I/Z (gf180mcu_fd_sc_mcu7t5v0__clkbuf_16)
                                                         clknet_3_6__leaf_CLK_I (net)
                      0.254305    0.001435    1.111212 ^ _876_/CLK (gf180mcu_fd_sc_mcu7t5v0__dffq_1)
                                  0.500000    1.611212   clock uncertainty
                                  0.000000    1.611212   clock reconvergence pessimism
                                  0.148298    1.759510   library hold time
                                              1.759510   data required time
---------------------------------------------------------------------------------------------
                                              1.759510   data required time
                                             -4.729998   data arrival time
---------------------------------------------------------------------------------------------
                                              2.970488   slack (MET)


Startpoint: _901_ (rising edge-triggered flip-flop clocked by system_clock)
Endpoint: _830_ (rising edge-triggered flip-flop clocked by system_clock)
Path Group: system_clock
Path Type: min

Fanout         Cap        Slew       Delay        Time   Description
---------------------------------------------------------------------------------------------
                                  0.000000    0.000000   clock system_clock (rise edge)
                                  0.000000    0.000000   clock source latency
     1    0.038862    0.000000    0.000000    0.000000 ^ CLK_I (in)
                                                         CLK_I (net)
                      0.004005    0.001638    0.001638 ^ clkbuf_0_CLK_I/I (gf180mcu_fd_sc_mcu7t5v0__clkbuf_16)
     8    0.201827    0.438940    0.568479    0.570117 ^ clkbuf_0_CLK_I/Z (gf180mcu_fd_sc_mcu7t5v0__clkbuf_16)
                                                         clknet_0_CLK_I (net)
                      0.438947    0.002738    0.572854 ^ clkbuf_3_0__f_CLK_I/I (gf180mcu_fd_sc_mcu7t5v0__clkbuf_16)
     9    0.068831    0.234339    0.521291    1.094145 ^ clkbuf_3_0__f_CLK_I/Z (gf180mcu_fd_sc_mcu7t5v0__clkbuf_16)
                                                         clknet_3_0__leaf_CLK_I (net)
                      0.234341    0.001463    1.095608 ^ _901_/CLK (gf180mcu_fd_sc_mcu7t5v0__dffq_1)
     8    0.055058    1.578824    2.174867    3.270475 ^ _901_/Q (gf180mcu_fd_sc_mcu7t5v0__dffq_1)
                                                         i2c_sda_in_synchronised_internal (net)
                      1.578824    0.001169    3.271644 ^ _728_/A2 (gf180mcu_fd_sc_mcu7t5v0__aoi211_1)
     2    0.010678    0.674735    0.431993    3.703637 v _728_/ZN (gf180mcu_fd_sc_mcu7t5v0__aoi211_1)
                                                         _357_ (net)
                      0.674735    0.000129    3.703766 v _729_/C (gf180mcu_fd_sc_mcu7t5v0__aoi211_1)
     1    0.008127    1.093273    0.803718    4.507485 ^ _729_/ZN (gf180mcu_fd_sc_mcu7t5v0__aoi211_1)
                                                         _358_ (net)
                      1.093273    0.000180    4.507665 ^ _730_/A2 (gf180mcu_fd_sc_mcu7t5v0__aoi21_1)
     1    0.003719    0.356491    0.210158    4.717822 v _730_/ZN (gf180mcu_fd_sc_mcu7t5v0__aoi21_1)
                                                         _359_ (net)
                      0.356491    0.000038    4.717860 v _731_/A1 (gf180mcu_fd_sc_mcu7t5v0__and2_1)
     1    0.003089    0.175225    0.469677    5.187538 v _731_/Z (gf180mcu_fd_sc_mcu7t5v0__and2_1)
                                                         _043_ (net)
                      0.175225    0.000056    5.187593 v _830_/D (gf180mcu_fd_sc_mcu7t5v0__dffq_1)
                                              5.187593   data arrival time

                                  0.000000    0.000000   clock system_clock (rise edge)
                                  0.000000    0.000000   clock source latency
     1    0.038862    0.000000    0.000000    0.000000 ^ CLK_I (in)
                                                         CLK_I (net)
                      0.004005    0.001638    0.001638 ^ clkbuf_0_CLK_I/I (gf180mcu_fd_sc_mcu7t5v0__clkbuf_16)
     8    0.201827    0.438940    0.568479    0.570117 ^ clkbuf_0_CLK_I/Z (gf180mcu_fd_sc_mcu7t5v0__clkbuf_16)
                                                         clknet_0_CLK_I (net)
                      0.438947    0.002738    0.572854 ^ clkbuf_3_0__f_CLK_I/I (gf180mcu_fd_sc_mcu7t5v0__clkbuf_16)
     9    0.068831    0.234339    0.521291    1.094145 ^ clkbuf_3_0__f_CLK_I/Z (gf180mcu_fd_sc_mcu7t5v0__clkbuf_16)
                                                         clknet_3_0__leaf_CLK_I (net)
                      0.234341    0.001561    1.095706 ^ _830_/CLK (gf180mcu_fd_sc_mcu7t5v0__dffq_1)
                                  0.500000    1.595706   clock uncertainty
                                  0.000000    1.595706   clock reconvergence pessimism
                                  0.149755    1.745461   library hold time
                                              1.745461   data required time
---------------------------------------------------------------------------------------------
                                              1.745461   data required time
                                             -5.187593   data arrival time
---------------------------------------------------------------------------------------------
                                              3.442132   slack (MET)


Startpoint: _898_ (rising edge-triggered flip-flop clocked by system_clock)
Endpoint: _899_ (rising edge-triggered flip-flop clocked by system_clock)
Path Group: system_clock
Path Type: min

Fanout         Cap        Slew       Delay        Time   Description
---------------------------------------------------------------------------------------------
                                  0.000000    0.000000   clock system_clock (rise edge)
                                  0.000000    0.000000   clock source latency
     1    0.038862    0.000000    0.000000    0.000000 ^ CLK_I (in)
                                                         CLK_I (net)
                      0.004005    0.001638    0.001638 ^ clkbuf_0_CLK_I/I (gf180mcu_fd_sc_mcu7t5v0__clkbuf_16)
     8    0.201827    0.438940    0.568479    0.570117 ^ clkbuf_0_CLK_I/Z (gf180mcu_fd_sc_mcu7t5v0__clkbuf_16)
                                                         clknet_0_CLK_I (net)
                      0.438951    0.003323    0.573440 ^ clkbuf_3_2__f_CLK_I/I (gf180mcu_fd_sc_mcu7t5v0__clkbuf_16)
    16    0.074359    0.242639    0.527880    1.101320 ^ clkbuf_3_2__f_CLK_I/Z (gf180mcu_fd_sc_mcu7t5v0__clkbuf_16)
                                                         clknet_3_2__leaf_CLK_I (net)
                      0.242640    0.000888    1.102208 ^ _898_/CLK (gf180mcu_fd_sc_mcu7t5v0__dffq_1)
     1    0.003518    0.178586    1.202627    2.304835 v _898_/Q (gf180mcu_fd_sc_mcu7t5v0__dffq_1)
                                                         scl_synchroniser_internal[0] (net)
                      0.178586    0.000036    2.304871 v hold37/I (gf180mcu_fd_sc_mcu7t5v0__dlyc_1)
     1    0.004125    0.369683    3.205825    5.510696 v hold37/Z (gf180mcu_fd_sc_mcu7t5v0__dlyc_1)
                                                         net37 (net)
                      0.369683    0.000076    5.510772 v _899_/D (gf180mcu_fd_sc_mcu7t5v0__dffq_1)
                                              5.510772   data arrival time

                                  0.000000    0.000000   clock system_clock (rise edge)
                                  0.000000    0.000000   clock source latency
     1    0.038862    0.000000    0.000000    0.000000 ^ CLK_I (in)
                                                         CLK_I (net)
                      0.004005    0.001638    0.001638 ^ clkbuf_0_CLK_I/I (gf180mcu_fd_sc_mcu7t5v0__clkbuf_16)
     8    0.201827    0.438940    0.568479    0.570117 ^ clkbuf_0_CLK_I/Z (gf180mcu_fd_sc_mcu7t5v0__clkbuf_16)
                                                         clknet_0_CLK_I (net)
                      0.438951    0.003323    0.573440 ^ clkbuf_3_2__f_CLK_I/I (gf180mcu_fd_sc_mcu7t5v0__clkbuf_16)
    16    0.074359    0.242639    0.527880    1.101320 ^ clkbuf_3_2__f_CLK_I/Z (gf180mcu_fd_sc_mcu7t5v0__clkbuf_16)
                                                         clknet_3_2__leaf_CLK_I (net)
                      0.242640    0.000943    1.102263 ^ _899_/CLK (gf180mcu_fd_sc_mcu7t5v0__dffq_1)
                                  0.500000    1.602263   clock uncertainty
                                  0.000000    1.602263   clock reconvergence pessimism
                                  0.100373    1.702636   library hold time
                                              1.702636   data required time
---------------------------------------------------------------------------------------------
                                              1.702636   data required time
                                             -5.510772   data arrival time
---------------------------------------------------------------------------------------------
                                              3.808136   slack (MET)


Startpoint: _900_ (rising edge-triggered flip-flop clocked by system_clock)
Endpoint: _901_ (rising edge-triggered flip-flop clocked by system_clock)
Path Group: system_clock
Path Type: min

Fanout         Cap        Slew       Delay        Time   Description
---------------------------------------------------------------------------------------------
                                  0.000000    0.000000   clock system_clock (rise edge)
                                  0.000000    0.000000   clock source latency
     1    0.038862    0.000000    0.000000    0.000000 ^ CLK_I (in)
                                                         CLK_I (net)
                      0.004005    0.001638    0.001638 ^ clkbuf_0_CLK_I/I (gf180mcu_fd_sc_mcu7t5v0__clkbuf_16)
     8    0.201827    0.438940    0.568479    0.570117 ^ clkbuf_0_CLK_I/Z (gf180mcu_fd_sc_mcu7t5v0__clkbuf_16)
                                                         clknet_0_CLK_I (net)
                      0.438947    0.002738    0.572854 ^ clkbuf_3_0__f_CLK_I/I (gf180mcu_fd_sc_mcu7t5v0__clkbuf_16)
     9    0.068831    0.234339    0.521291    1.094145 ^ clkbuf_3_0__f_CLK_I/Z (gf180mcu_fd_sc_mcu7t5v0__clkbuf_16)
                                                         clknet_3_0__leaf_CLK_I (net)
                      0.234341    0.001552    1.095697 ^ _900_/CLK (gf180mcu_fd_sc_mcu7t5v0__dffq_1)
     1    0.004400    0.191433    1.213072    2.308769 v _900_/Q (gf180mcu_fd_sc_mcu7t5v0__dffq_1)
                                                         sda_synchroniser_internal[0] (net)
                      0.191433    0.000086    2.308855 v hold36/I (gf180mcu_fd_sc_mcu7t5v0__dlyc_1)
     1    0.003786    0.363222    3.202689    5.511543 v hold36/Z (gf180mcu_fd_sc_mcu7t5v0__dlyc_1)
                                                         net36 (net)
                      0.363222    0.000071    5.511615 v _901_/D (gf180mcu_fd_sc_mcu7t5v0__dffq_1)
                                              5.511615   data arrival time

                                  0.000000    0.000000   clock system_clock (rise edge)
                                  0.000000    0.000000   clock source latency
     1    0.038862    0.000000    0.000000    0.000000 ^ CLK_I (in)
                                                         CLK_I (net)
                      0.004005    0.001638    0.001638 ^ clkbuf_0_CLK_I/I (gf180mcu_fd_sc_mcu7t5v0__clkbuf_16)
     8    0.201827    0.438940    0.568479    0.570117 ^ clkbuf_0_CLK_I/Z (gf180mcu_fd_sc_mcu7t5v0__clkbuf_16)
                                                         clknet_0_CLK_I (net)
                      0.438947    0.002738    0.572854 ^ clkbuf_3_0__f_CLK_I/I (gf180mcu_fd_sc_mcu7t5v0__clkbuf_16)
     9    0.068831    0.234339    0.521291    1.094145 ^ clkbuf_3_0__f_CLK_I/Z (gf180mcu_fd_sc_mcu7t5v0__clkbuf_16)
                                                         clknet_3_0__leaf_CLK_I (net)
                      0.234341    0.001463    1.095608 ^ _901_/CLK (gf180mcu_fd_sc_mcu7t5v0__dffq_1)
                                  0.500000    1.595608   clock uncertainty
                                  0.000000    1.595608   clock reconvergence pessimism
                                  0.100591    1.696199   library hold time
                                              1.696199   data required time
---------------------------------------------------------------------------------------------
                                              1.696199   data required time
                                             -5.511615   data arrival time
---------------------------------------------------------------------------------------------
                                              3.815417   slack (MET)


Startpoint: _891_ (rising edge-triggered flip-flop clocked by system_clock)
Endpoint: _895_ (rising edge-triggered flip-flop clocked by system_clock)
Path Group: system_clock
Path Type: min

Fanout         Cap        Slew       Delay        Time   Description
---------------------------------------------------------------------------------------------
                                  0.000000    0.000000   clock system_clock (rise edge)
                                  0.000000    0.000000   clock source latency
     1    0.038862    0.000000    0.000000    0.000000 ^ CLK_I (in)
                                                         CLK_I (net)
                      0.004005    0.001638    0.001638 ^ clkbuf_0_CLK_I/I (gf180mcu_fd_sc_mcu7t5v0__clkbuf_16)
     8    0.201827    0.438940    0.568479    0.570117 ^ clkbuf_0_CLK_I/Z (gf180mcu_fd_sc_mcu7t5v0__clkbuf_16)
                                                         clknet_0_CLK_I (net)
                      0.438947    0.002701    0.572817 ^ clkbuf_3_1__f_CLK_I/I (gf180mcu_fd_sc_mcu7t5v0__clkbuf_16)
    10    0.061202    0.222932    0.512369    1.085186 ^ clkbuf_3_1__f_CLK_I/Z (gf180mcu_fd_sc_mcu7t5v0__clkbuf_16)
                                                         clknet_3_1__leaf_CLK_I (net)
                      0.222933    0.001117    1.086303 ^ _891_/CLK (gf180mcu_fd_sc_mcu7t5v0__dffq_1)
     1    0.005196    0.203034    1.221681    2.307984 v _891_/Q (gf180mcu_fd_sc_mcu7t5v0__dffq_1)
                                                         wb_master_next_state[1] (net)
                      0.203034    0.000107    2.308091 v hold39/I (gf180mcu_fd_sc_mcu7t5v0__dlyc_1)
     1    0.004594    0.382257    3.223144    5.531235 v hold39/Z (gf180mcu_fd_sc_mcu7t5v0__dlyc_1)
                                                         net39 (net)
                      0.382257    0.000044    5.531279 v _417_/I (gf180mcu_fd_sc_mcu7t5v0__clkinv_1)
     2    0.011333    0.410343    0.343635    5.874914 ^ _417_/ZN (gf180mcu_fd_sc_mcu7t5v0__clkinv_1)
                                                         _090_ (net)
                      0.410343    0.000200    5.875114 ^ _600_/A1 (gf180mcu_fd_sc_mcu7t5v0__nor2_1)
     1    0.004436    0.234832    0.212774    6.087888 v _600_/ZN (gf180mcu_fd_sc_mcu7t5v0__nor2_1)
                                                         _029_ (net)
                      0.234832    0.000091    6.087979 v _895_/D (gf180mcu_fd_sc_mcu7t5v0__dffq_1)
                                              6.087979   data arrival time

                                  0.000000    0.000000   clock system_clock (rise edge)
                                  0.000000    0.000000   clock source latency
     1    0.038862    0.000000    0.000000    0.000000 ^ CLK_I (in)
                                                         CLK_I (net)
                      0.004005    0.001638    0.001638 ^ clkbuf_0_CLK_I/I (gf180mcu_fd_sc_mcu7t5v0__clkbuf_16)
     8    0.201827    0.438940    0.568479    0.570117 ^ clkbuf_0_CLK_I/Z (gf180mcu_fd_sc_mcu7t5v0__clkbuf_16)
                                                         clknet_0_CLK_I (net)
                      0.438949    0.003091    0.573207 ^ clkbuf_3_3__f_CLK_I/I (gf180mcu_fd_sc_mcu7t5v0__clkbuf_16)
    10    0.065340    0.229177    0.517455    1.090662 ^ clkbuf_3_3__f_CLK_I/Z (gf180mcu_fd_sc_mcu7t5v0__clkbuf_16)
                                                         clknet_3_3__leaf_CLK_I (net)
                      0.229177    0.000127    1.090789 ^ _895_/CLK (gf180mcu_fd_sc_mcu7t5v0__dffq_1)
                                  0.500000    1.590789   clock uncertainty
                                  0.000000    1.590789   clock reconvergence pessimism
                                  0.137724    1.728513   library hold time
                                              1.728513   data required time
---------------------------------------------------------------------------------------------
                                              1.728513   data required time
                                             -6.087979   data arrival time
---------------------------------------------------------------------------------------------
                                              4.359466   slack (MET)


Startpoint: _830_ (rising edge-triggered flip-flop clocked by system_clock)
Endpoint: _845_ (rising edge-triggered flip-flop clocked by system_clock)
Path Group: system_clock
Path Type: min

Fanout         Cap        Slew       Delay        Time   Description
---------------------------------------------------------------------------------------------
                                  0.000000    0.000000   clock system_clock (rise edge)
                                  0.000000    0.000000   clock source latency
     1    0.038862    0.000000    0.000000    0.000000 ^ CLK_I (in)
                                                         CLK_I (net)
                      0.004005    0.001638    0.001638 ^ clkbuf_0_CLK_I/I (gf180mcu_fd_sc_mcu7t5v0__clkbuf_16)
     8    0.201827    0.438940    0.568479    0.570117 ^ clkbuf_0_CLK_I/Z (gf180mcu_fd_sc_mcu7t5v0__clkbuf_16)
                                                         clknet_0_CLK_I (net)
                      0.438947    0.002738    0.572854 ^ clkbuf_3_0__f_CLK_I/I (gf180mcu_fd_sc_mcu7t5v0__clkbuf_16)
     9    0.068831    0.234339    0.521291    1.094145 ^ clkbuf_3_0__f_CLK_I/Z (gf180mcu_fd_sc_mcu7t5v0__clkbuf_16)
                                                         clknet_3_0__leaf_CLK_I (net)
                      0.234341    0.001561    1.095706 ^ _830_/CLK (gf180mcu_fd_sc_mcu7t5v0__dffq_1)
     1    0.006539    0.222592    1.242824    2.338530 v _830_/Q (gf180mcu_fd_sc_mcu7t5v0__dffq_1)
                                                         i2c_next_state[1] (net)
                      0.222592    0.000148    2.338678 v hold40/I (gf180mcu_fd_sc_mcu7t5v0__dlyc_1)
     1    0.005977    0.410856    3.258026    5.596704 v hold40/Z (gf180mcu_fd_sc_mcu7t5v0__dlyc_1)
                                                         net40 (net)
                      0.410856    0.000068    5.596772 v _415_/I (gf180mcu_fd_sc_mcu7t5v0__clkinv_1)
     2    0.013098    0.457509    0.380035    5.976807 ^ _415_/ZN (gf180mcu_fd_sc_mcu7t5v0__clkinv_1)
                                                         _088_ (net)
                      0.457509    0.000266    5.977073 ^ _772_/A1 (gf180mcu_fd_sc_mcu7t5v0__nor2_1)
     1    0.002874    0.217591    0.188555    6.165628 v _772_/ZN (gf180mcu_fd_sc_mcu7t5v0__nor2_1)
                                                         _058_ (net)
                      0.217591    0.000028    6.165657 v _845_/D (gf180mcu_fd_sc_mcu7t5v0__dffq_1)
                                              6.165657   data arrival time

                                  0.000000    0.000000   clock system_clock (rise edge)
                                  0.000000    0.000000   clock source latency
     1    0.038862    0.000000    0.000000    0.000000 ^ CLK_I (in)
                                                         CLK_I (net)
                      0.004005    0.001638    0.001638 ^ clkbuf_0_CLK_I/I (gf180mcu_fd_sc_mcu7t5v0__clkbuf_16)
     8    0.201827    0.438940    0.568479    0.570117 ^ clkbuf_0_CLK_I/Z (gf180mcu_fd_sc_mcu7t5v0__clkbuf_16)
                                                         clknet_0_CLK_I (net)
                      0.438947    0.002738    0.572854 ^ clkbuf_3_0__f_CLK_I/I (gf180mcu_fd_sc_mcu7t5v0__clkbuf_16)
     9    0.068831    0.234339    0.521291    1.094145 ^ clkbuf_3_0__f_CLK_I/Z (gf180mcu_fd_sc_mcu7t5v0__clkbuf_16)
                                                         clknet_3_0__leaf_CLK_I (net)
                      0.234342    0.001579    1.095724 ^ _845_/CLK (gf180mcu_fd_sc_mcu7t5v0__dffq_1)
                                  0.500000    1.595724   clock uncertainty
                                  0.000000    1.595724   clock reconvergence pessimism
                                  0.141985    1.737709   library hold time
                                              1.737709   data required time
---------------------------------------------------------------------------------------------
                                              1.737709   data required time
                                             -6.165657   data arrival time
---------------------------------------------------------------------------------------------
                                              4.427948   slack (MET)


Startpoint: _831_ (rising edge-triggered flip-flop clocked by system_clock)
Endpoint: _844_ (rising edge-triggered flip-flop clocked by system_clock)
Path Group: system_clock
Path Type: min

Fanout         Cap        Slew       Delay        Time   Description
---------------------------------------------------------------------------------------------
                                  0.000000    0.000000   clock system_clock (rise edge)
                                  0.000000    0.000000   clock source latency
     1    0.038862    0.000000    0.000000    0.000000 ^ CLK_I (in)
                                                         CLK_I (net)
                      0.004005    0.001638    0.001638 ^ clkbuf_0_CLK_I/I (gf180mcu_fd_sc_mcu7t5v0__clkbuf_16)
     8    0.201827    0.438940    0.568479    0.570117 ^ clkbuf_0_CLK_I/Z (gf180mcu_fd_sc_mcu7t5v0__clkbuf_16)
                                                         clknet_0_CLK_I (net)
                      0.438947    0.002738    0.572854 ^ clkbuf_3_0__f_CLK_I/I (gf180mcu_fd_sc_mcu7t5v0__clkbuf_16)
     9    0.068831    0.234339    0.521291    1.094145 ^ clkbuf_3_0__f_CLK_I/Z (gf180mcu_fd_sc_mcu7t5v0__clkbuf_16)
                                                         clknet_3_0__leaf_CLK_I (net)
                      0.234340    0.001119    1.095264 ^ _831_/CLK (gf180mcu_fd_sc_mcu7t5v0__dffq_1)
     1    0.004155    0.187860    1.209655    2.304920 v _831_/Q (gf180mcu_fd_sc_mcu7t5v0__dffq_1)
                                                         i2c_next_state[0] (net)
                      0.187860    0.000077    2.304997 v hold42/I (gf180mcu_fd_sc_mcu7t5v0__dlyc_1)
     2    0.010165    0.482428    3.327609    5.632607 v hold42/Z (gf180mcu_fd_sc_mcu7t5v0__dlyc_1)
                                                         net42 (net)
                      0.482428    0.000159    5.632765 v _771_/A2 (gf180mcu_fd_sc_mcu7t5v0__and2_1)
     1    0.002963    0.183221    0.539585    6.172351 v _771_/Z (gf180mcu_fd_sc_mcu7t5v0__and2_1)
                                                         _057_ (net)
                      0.183221    0.000029    6.172380 v _844_/D (gf180mcu_fd_sc_mcu7t5v0__dffq_1)
                                              6.172380   data arrival time

                                  0.000000    0.000000   clock system_clock (rise edge)
                                  0.000000    0.000000   clock source latency
     1    0.038862    0.000000    0.000000    0.000000 ^ CLK_I (in)
                                                         CLK_I (net)
                      0.004005    0.001638    0.001638 ^ clkbuf_0_CLK_I/I (gf180mcu_fd_sc_mcu7t5v0__clkbuf_16)
     8    0.201827    0.438940    0.568479    0.570117 ^ clkbuf_0_CLK_I/Z (gf180mcu_fd_sc_mcu7t5v0__clkbuf_16)
                                                         clknet_0_CLK_I (net)
                      0.438947    0.002738    0.572854 ^ clkbuf_3_0__f_CLK_I/I (gf180mcu_fd_sc_mcu7t5v0__clkbuf_16)
     9    0.068831    0.234339    0.521291    1.094145 ^ clkbuf_3_0__f_CLK_I/Z (gf180mcu_fd_sc_mcu7t5v0__clkbuf_16)
                                                         clknet_3_0__leaf_CLK_I (net)
                      0.234341    0.001371    1.095516 ^ _844_/CLK (gf180mcu_fd_sc_mcu7t5v0__dffq_1)
                                  0.500000    1.595516   clock uncertainty
                                  0.000000    1.595516   clock reconvergence pessimism
                                  0.148288    1.743804   library hold time
                                              1.743804   data required time
---------------------------------------------------------------------------------------------
                                              1.743804   data required time
                                             -6.172380   data arrival time
---------------------------------------------------------------------------------------------
                                              4.428576   slack (MET)


Startpoint: _890_ (rising edge-triggered flip-flop clocked by system_clock)
Endpoint: _894_ (rising edge-triggered flip-flop clocked by system_clock)
Path Group: system_clock
Path Type: min

Fanout         Cap        Slew       Delay        Time   Description
---------------------------------------------------------------------------------------------
                                  0.000000    0.000000   clock system_clock (rise edge)
                                  0.000000    0.000000   clock source latency
     1    0.038862    0.000000    0.000000    0.000000 ^ CLK_I (in)
                                                         CLK_I (net)
                      0.004005    0.001638    0.001638 ^ clkbuf_0_CLK_I/I (gf180mcu_fd_sc_mcu7t5v0__clkbuf_16)
     8    0.201827    0.438940    0.568479    0.570117 ^ clkbuf_0_CLK_I/Z (gf180mcu_fd_sc_mcu7t5v0__clkbuf_16)
                                                         clknet_0_CLK_I (net)
                      0.438947    0.002701    0.572817 ^ clkbuf_3_1__f_CLK_I/I (gf180mcu_fd_sc_mcu7t5v0__clkbuf_16)
    10    0.061202    0.222932    0.512369    1.085186 ^ clkbuf_3_1__f_CLK_I/Z (gf180mcu_fd_sc_mcu7t5v0__clkbuf_16)
                                                         clknet_3_1__leaf_CLK_I (net)
                      0.222933    0.001104    1.086290 ^ _890_/CLK (gf180mcu_fd_sc_mcu7t5v0__dffq_1)
     1    0.005027    0.200564    1.219327    2.305617 v _890_/Q (gf180mcu_fd_sc_mcu7t5v0__dffq_1)
                                                         wb_master_next_state[0] (net)
                      0.200564    0.000103    2.305720 v hold41/I (gf180mcu_fd_sc_mcu7t5v0__dlyc_1)
     1    0.005505    0.401068    3.241403    5.547123 v hold41/Z (gf180mcu_fd_sc_mcu7t5v0__dlyc_1)
                                                         net41 (net)
                      0.401068    0.000059    5.547182 v _418_/I (gf180mcu_fd_sc_mcu7t5v0__clkinv_1)
     2    0.013620    0.482467    0.385482    5.932664 ^ _418_/ZN (gf180mcu_fd_sc_mcu7t5v0__clkinv_1)
                                                         _091_ (net)
                      0.482467    0.000114    5.932778 ^ _596_/A1 (gf180mcu_fd_sc_mcu7t5v0__nor2_1)
     1    0.005347    0.269987    0.238831    6.171609 v _596_/ZN (gf180mcu_fd_sc_mcu7t5v0__nor2_1)
                                                         _028_ (net)
                      0.269987    0.000115    6.171725 v _894_/D (gf180mcu_fd_sc_mcu7t5v0__dffq_1)
                                              6.171725   data arrival time

                                  0.000000    0.000000   clock system_clock (rise edge)
                                  0.000000    0.000000   clock source latency
     1    0.038862    0.000000    0.000000    0.000000 ^ CLK_I (in)
                                                         CLK_I (net)
                      0.004005    0.001638    0.001638 ^ clkbuf_0_CLK_I/I (gf180mcu_fd_sc_mcu7t5v0__clkbuf_16)
     8    0.201827    0.438940    0.568479    0.570117 ^ clkbuf_0_CLK_I/Z (gf180mcu_fd_sc_mcu7t5v0__clkbuf_16)
                                                         clknet_0_CLK_I (net)
                      0.438947    0.002701    0.572817 ^ clkbuf_3_1__f_CLK_I/I (gf180mcu_fd_sc_mcu7t5v0__clkbuf_16)
    10    0.061202    0.222932    0.512369    1.085186 ^ clkbuf_3_1__f_CLK_I/Z (gf180mcu_fd_sc_mcu7t5v0__clkbuf_16)
                                                         clknet_3_1__leaf_CLK_I (net)
                      0.222932    0.000063    1.085249 ^ _894_/CLK (gf180mcu_fd_sc_mcu7t5v0__dffq_1)
                                  0.500000    1.585249   clock uncertainty
                                  0.000000    1.585249   clock reconvergence pessimism
                                  0.126183    1.711432   library hold time
                                              1.711432   data required time
---------------------------------------------------------------------------------------------
                                              1.711432   data required time
                                             -6.171725   data arrival time
---------------------------------------------------------------------------------------------
                                              4.460294   slack (MET)


Startpoint: i2c_scl_in (input port clocked by system_clock)
Endpoint: _898_ (rising edge-triggered flip-flop clocked by system_clock)
Path Group: system_clock
Path Type: min

Fanout         Cap        Slew       Delay        Time   Description
---------------------------------------------------------------------------------------------
                                  0.000000    0.000000   clock system_clock (rise edge)
                                  0.000000    0.000000   clock network delay (propagated)
                                 20.000000   20.000000 ^ input external delay
     1    0.003790    0.000000    0.000000   20.000000 ^ i2c_scl_in (in)
                                                         i2c_scl_in (net)
                      0.000068    0.000028   20.000029 ^ input11/I (gf180mcu_fd_sc_mcu7t5v0__dlyb_1)
     1    0.003369    0.262087    1.617426   21.617455 ^ input11/Z (gf180mcu_fd_sc_mcu7t5v0__dlyb_1)
                                                         net11 (net)
                      0.262087    0.000060   21.617516 ^ _898_/D (gf180mcu_fd_sc_mcu7t5v0__dffq_1)
                                             21.617516   data arrival time

                                  0.000000    0.000000   clock system_clock (rise edge)
                                  0.000000    0.000000   clock source latency
     1    0.038862    0.000000    0.000000    0.000000 ^ CLK_I (in)
                                                         CLK_I (net)
                      0.004005    0.001638    0.001638 ^ clkbuf_0_CLK_I/I (gf180mcu_fd_sc_mcu7t5v0__clkbuf_16)
     8    0.201827    0.438940    0.568479    0.570117 ^ clkbuf_0_CLK_I/Z (gf180mcu_fd_sc_mcu7t5v0__clkbuf_16)
                                                         clknet_0_CLK_I (net)
                      0.438951    0.003323    0.573440 ^ clkbuf_3_2__f_CLK_I/I (gf180mcu_fd_sc_mcu7t5v0__clkbuf_16)
    16    0.074359    0.242639    0.527880    1.101320 ^ clkbuf_3_2__f_CLK_I/Z (gf180mcu_fd_sc_mcu7t5v0__clkbuf_16)
                                                         clknet_3_2__leaf_CLK_I (net)
                      0.242640    0.000888    1.102208 ^ _898_/CLK (gf180mcu_fd_sc_mcu7t5v0__dffq_1)
                                  0.500000    1.602208   clock uncertainty
                                  0.000000    1.602208   clock reconvergence pessimism
                                  0.076850    1.679057   library hold time
                                              1.679057   data required time
---------------------------------------------------------------------------------------------
                                              1.679057   data required time
                                            -21.617516   data arrival time
---------------------------------------------------------------------------------------------
                                             19.938459   slack (MET)


Startpoint: i2c_sda_in (input port clocked by system_clock)
Endpoint: _900_ (rising edge-triggered flip-flop clocked by system_clock)
Path Group: system_clock
Path Type: min

Fanout         Cap        Slew       Delay        Time   Description
---------------------------------------------------------------------------------------------
                                  0.000000    0.000000   clock system_clock (rise edge)
                                  0.000000    0.000000   clock network delay (propagated)
                                 20.000000   20.000000 ^ input external delay
     1    0.004921    0.000000    0.000000   20.000000 ^ i2c_sda_in (in)
                                                         i2c_sda_in (net)
                      0.000105    0.000043   20.000044 ^ input12/I (gf180mcu_fd_sc_mcu7t5v0__dlyb_1)
     1    0.003673    0.272265    1.623125   21.623167 ^ input12/Z (gf180mcu_fd_sc_mcu7t5v0__dlyb_1)
                                                         net12 (net)
                      0.272265    0.000039   21.623207 ^ _900_/D (gf180mcu_fd_sc_mcu7t5v0__dffq_1)
                                             21.623207   data arrival time

                                  0.000000    0.000000   clock system_clock (rise edge)
                                  0.000000    0.000000   clock source latency
     1    0.038862    0.000000    0.000000    0.000000 ^ CLK_I (in)
                                                         CLK_I (net)
                      0.004005    0.001638    0.001638 ^ clkbuf_0_CLK_I/I (gf180mcu_fd_sc_mcu7t5v0__clkbuf_16)
     8    0.201827    0.438940    0.568479    0.570117 ^ clkbuf_0_CLK_I/Z (gf180mcu_fd_sc_mcu7t5v0__clkbuf_16)
                                                         clknet_0_CLK_I (net)
                      0.438947    0.002738    0.572854 ^ clkbuf_3_0__f_CLK_I/I (gf180mcu_fd_sc_mcu7t5v0__clkbuf_16)
     9    0.068831    0.234339    0.521291    1.094145 ^ clkbuf_3_0__f_CLK_I/Z (gf180mcu_fd_sc_mcu7t5v0__clkbuf_16)
                                                         clknet_3_0__leaf_CLK_I (net)
                      0.234341    0.001552    1.095697 ^ _900_/CLK (gf180mcu_fd_sc_mcu7t5v0__dffq_1)
                                  0.500000    1.595697   clock uncertainty
                                  0.000000    1.595697   clock reconvergence pessimism
                                  0.074690    1.670387   library hold time
                                              1.670387   data required time
---------------------------------------------------------------------------------------------
                                              1.670387   data required time
                                            -21.623207   data arrival time
---------------------------------------------------------------------------------------------
                                             19.952820   slack (MET)


Startpoint: _858_ (rising edge-triggered flip-flop clocked by system_clock)
Endpoint: DAT_O[2] (output port clocked by system_clock)
Path Group: system_clock
Path Type: min

Fanout         Cap        Slew       Delay        Time   Description
---------------------------------------------------------------------------------------------
                                  0.000000    0.000000   clock system_clock (rise edge)
                                  0.000000    0.000000   clock source latency
     1    0.038862    0.000000    0.000000    0.000000 ^ CLK_I (in)
                                                         CLK_I (net)
                      0.004005    0.001638    0.001638 ^ clkbuf_0_CLK_I/I (gf180mcu_fd_sc_mcu7t5v0__clkbuf_16)
     8    0.201827    0.438940    0.568479    0.570117 ^ clkbuf_0_CLK_I/Z (gf180mcu_fd_sc_mcu7t5v0__clkbuf_16)
                                                         clknet_0_CLK_I (net)
                      0.438946    0.002581    0.572697 ^ clkbuf_3_7__f_CLK_I/I (gf180mcu_fd_sc_mcu7t5v0__clkbuf_16)
    14    0.078122    0.248260    0.532247    1.104944 ^ clkbuf_3_7__f_CLK_I/Z (gf180mcu_fd_sc_mcu7t5v0__clkbuf_16)
                                                         clknet_3_7__leaf_CLK_I (net)
                      0.248260    0.000171    1.105115 ^ _858_/CLK (gf180mcu_fd_sc_mcu7t5v0__dffq_1)
     2    0.008680    0.255884    1.275665    2.380780 v _858_/Q (gf180mcu_fd_sc_mcu7t5v0__dffq_1)
                                                         net24 (net)
                      0.255884    0.000156    2.380937 v output24/I (gf180mcu_fd_sc_mcu7t5v0__dlyb_1)
     1    0.004008    0.358012    1.860802    4.241739 v output24/Z (gf180mcu_fd_sc_mcu7t5v0__dlyb_1)
                                                         DAT_O[2] (net)
                      0.358012    0.000055    4.241794 v DAT_O[2] (out)
                                              4.241794   data arrival time

                                  0.000000    0.000000   clock system_clock (rise edge)
                                  0.000000    0.000000   clock network delay (propagated)
                                  0.500000    0.500000   clock uncertainty
                                  0.000000    0.500000   clock reconvergence pessimism
                                -20.000000  -19.500000   output external delay
                                            -19.500000   data required time
---------------------------------------------------------------------------------------------
                                            -19.500000   data required time
                                             -4.241794   data arrival time
---------------------------------------------------------------------------------------------
                                             23.741795   slack (MET)


Startpoint: _817_ (rising edge-triggered flip-flop clocked by system_clock)
Endpoint: i2c_sda_out_pin_ctrl (output port clocked by system_clock)
Path Group: system_clock
Path Type: min

Fanout         Cap        Slew       Delay        Time   Description
---------------------------------------------------------------------------------------------
                                  0.000000    0.000000   clock system_clock (rise edge)
                                  0.000000    0.000000   clock source latency
     1    0.038862    0.000000    0.000000    0.000000 ^ CLK_I (in)
                                                         CLK_I (net)
                      0.004005    0.001638    0.001638 ^ clkbuf_0_CLK_I/I (gf180mcu_fd_sc_mcu7t5v0__clkbuf_16)
     8    0.201827    0.438940    0.568479    0.570117 ^ clkbuf_0_CLK_I/Z (gf180mcu_fd_sc_mcu7t5v0__clkbuf_16)
                                                         clknet_0_CLK_I (net)
                      0.438951    0.003323    0.573440 ^ clkbuf_3_2__f_CLK_I/I (gf180mcu_fd_sc_mcu7t5v0__clkbuf_16)
    16    0.074359    0.242639    0.527880    1.101320 ^ clkbuf_3_2__f_CLK_I/Z (gf180mcu_fd_sc_mcu7t5v0__clkbuf_16)
                                                         clknet_3_2__leaf_CLK_I (net)
                      0.242639    0.000724    1.102044 ^ _817_/CLK (gf180mcu_fd_sc_mcu7t5v0__dffq_1)
     2    0.013299    0.319946    1.326765    2.428809 v _817_/Q (gf180mcu_fd_sc_mcu7t5v0__dffq_1)
                                                         net32 (net)
                      0.319946    0.000198    2.429007 v output32/I (gf180mcu_fd_sc_mcu7t5v0__dlyb_1)
     1    0.001023    0.291151    1.814283    4.243290 v output32/Z (gf180mcu_fd_sc_mcu7t5v0__dlyb_1)
                                                         i2c_sda_out_pin_ctrl (net)
                      0.291151    0.000007    4.243297 v i2c_sda_out_pin_ctrl (out)
                                              4.243297   data arrival time

                                  0.000000    0.000000   clock system_clock (rise edge)
                                  0.000000    0.000000   clock network delay (propagated)
                                  0.500000    0.500000   clock uncertainty
                                  0.000000    0.500000   clock reconvergence pessimism
                                -20.000000  -19.500000   output external delay
                                            -19.500000   data required time
---------------------------------------------------------------------------------------------
                                            -19.500000   data required time
                                             -4.243297   data arrival time
---------------------------------------------------------------------------------------------
                                             23.743298   slack (MET)


Startpoint: _865_ (rising edge-triggered flip-flop clocked by system_clock)
Endpoint: WE_O (output port clocked by system_clock)
Path Group: system_clock
Path Type: min

Fanout         Cap        Slew       Delay        Time   Description
---------------------------------------------------------------------------------------------
                                  0.000000    0.000000   clock system_clock (rise edge)
                                  0.000000    0.000000   clock source latency
     1    0.038862    0.000000    0.000000    0.000000 ^ CLK_I (in)
                                                         CLK_I (net)
                      0.004005    0.001638    0.001638 ^ clkbuf_0_CLK_I/I (gf180mcu_fd_sc_mcu7t5v0__clkbuf_16)
     8    0.201827    0.438940    0.568479    0.570117 ^ clkbuf_0_CLK_I/Z (gf180mcu_fd_sc_mcu7t5v0__clkbuf_16)
                                                         clknet_0_CLK_I (net)
                      0.438946    0.002581    0.572697 ^ clkbuf_3_7__f_CLK_I/I (gf180mcu_fd_sc_mcu7t5v0__clkbuf_16)
    14    0.078122    0.248260    0.532247    1.104944 ^ clkbuf_3_7__f_CLK_I/Z (gf180mcu_fd_sc_mcu7t5v0__clkbuf_16)
                                                         clknet_3_7__leaf_CLK_I (net)
                      0.248262    0.001343    1.106288 ^ _865_/CLK (gf180mcu_fd_sc_mcu7t5v0__dffq_1)
     2    0.010398    0.279665    1.295159    2.401446 v _865_/Q (gf180mcu_fd_sc_mcu7t5v0__dffq_1)
                                                         net31 (net)
                      0.279665    0.000081    2.401527 v output31/I (gf180mcu_fd_sc_mcu7t5v0__dlyb_1)
     1    0.002940    0.338034    1.847286    4.248813 v output31/Z (gf180mcu_fd_sc_mcu7t5v0__dlyb_1)
                                                         WE_O (net)
                      0.338034    0.000036    4.248849 v WE_O (out)
                                              4.248849   data arrival time

                                  0.000000    0.000000   clock system_clock (rise edge)
                                  0.000000    0.000000   clock network delay (propagated)
                                  0.500000    0.500000   clock uncertainty
                                  0.000000    0.500000   clock reconvergence pessimism
                                -20.000000  -19.500000   output external delay
                                            -19.500000   data required time
---------------------------------------------------------------------------------------------
                                            -19.500000   data required time
                                             -4.248849   data arrival time
---------------------------------------------------------------------------------------------
                                             23.748848   slack (MET)


Startpoint: _857_ (rising edge-triggered flip-flop clocked by system_clock)
Endpoint: DAT_O[1] (output port clocked by system_clock)
Path Group: system_clock
Path Type: min

Fanout         Cap        Slew       Delay        Time   Description
---------------------------------------------------------------------------------------------
                                  0.000000    0.000000   clock system_clock (rise edge)
                                  0.000000    0.000000   clock source latency
     1    0.038862    0.000000    0.000000    0.000000 ^ CLK_I (in)
                                                         CLK_I (net)
                      0.004005    0.001638    0.001638 ^ clkbuf_0_CLK_I/I (gf180mcu_fd_sc_mcu7t5v0__clkbuf_16)
     8    0.201827    0.438940    0.568479    0.570117 ^ clkbuf_0_CLK_I/Z (gf180mcu_fd_sc_mcu7t5v0__clkbuf_16)
                                                         clknet_0_CLK_I (net)
                      0.438946    0.002581    0.572697 ^ clkbuf_3_7__f_CLK_I/I (gf180mcu_fd_sc_mcu7t5v0__clkbuf_16)
    14    0.078122    0.248260    0.532247    1.104944 ^ clkbuf_3_7__f_CLK_I/Z (gf180mcu_fd_sc_mcu7t5v0__clkbuf_16)
                                                         clknet_3_7__leaf_CLK_I (net)
                      0.248260    0.000188    1.105132 ^ _857_/CLK (gf180mcu_fd_sc_mcu7t5v0__dffq_1)
     2    0.008878    0.258633    1.277927    2.383060 v _857_/Q (gf180mcu_fd_sc_mcu7t5v0__dffq_1)
                                                         net23 (net)
                      0.258633    0.000108    2.383168 v output23/I (gf180mcu_fd_sc_mcu7t5v0__dlyb_1)
     1    0.004261    0.362760    1.867027    4.250195 v output23/Z (gf180mcu_fd_sc_mcu7t5v0__dlyb_1)
                                                         DAT_O[1] (net)
                      0.362760    0.000057    4.250252 v DAT_O[1] (out)
                                              4.250252   data arrival time

                                  0.000000    0.000000   clock system_clock (rise edge)
                                  0.000000    0.000000   clock network delay (propagated)
                                  0.500000    0.500000   clock uncertainty
                                  0.000000    0.500000   clock reconvergence pessimism
                                -20.000000  -19.500000   output external delay
                                            -19.500000   data required time
---------------------------------------------------------------------------------------------
                                            -19.500000   data required time
                                             -4.250252   data arrival time
---------------------------------------------------------------------------------------------
                                             23.750252   slack (MET)


Startpoint: _851_ (rising edge-triggered flip-flop clocked by system_clock)
Endpoint: ADDR_O[3] (output port clocked by system_clock)
Path Group: system_clock
Path Type: min

Fanout         Cap        Slew       Delay        Time   Description
---------------------------------------------------------------------------------------------
                                  0.000000    0.000000   clock system_clock (rise edge)
                                  0.000000    0.000000   clock source latency
     1    0.038862    0.000000    0.000000    0.000000 ^ CLK_I (in)
                                                         CLK_I (net)
                      0.004005    0.001638    0.001638 ^ clkbuf_0_CLK_I/I (gf180mcu_fd_sc_mcu7t5v0__clkbuf_16)
     8    0.201827    0.438940    0.568479    0.570117 ^ clkbuf_0_CLK_I/Z (gf180mcu_fd_sc_mcu7t5v0__clkbuf_16)
                                                         clknet_0_CLK_I (net)
                      0.438947    0.002656    0.572773 ^ clkbuf_3_5__f_CLK_I/I (gf180mcu_fd_sc_mcu7t5v0__clkbuf_16)
    11    0.066535    0.230976    0.518898    1.091671 ^ clkbuf_3_5__f_CLK_I/Z (gf180mcu_fd_sc_mcu7t5v0__clkbuf_16)
                                                         clknet_3_5__leaf_CLK_I (net)
                      0.230976    0.000555    1.092225 ^ _851_/CLK (gf180mcu_fd_sc_mcu7t5v0__dffq_1)
     2    0.011296    0.292100    1.301491    2.393716 v _851_/Q (gf180mcu_fd_sc_mcu7t5v0__dffq_1)
                                                         net16 (net)
                      0.292100    0.000070    2.393786 v output16/I (gf180mcu_fd_sc_mcu7t5v0__dlyb_1)
     1    0.003473    0.348076    1.862775    4.256561 v output16/Z (gf180mcu_fd_sc_mcu7t5v0__dlyb_1)
                                                         ADDR_O[3] (net)
                      0.348076    0.000041    4.256602 v ADDR_O[3] (out)
                                              4.256602   data arrival time

                                  0.000000    0.000000   clock system_clock (rise edge)
                                  0.000000    0.000000   clock network delay (propagated)
                                  0.500000    0.500000   clock uncertainty
                                  0.000000    0.500000   clock reconvergence pessimism
                                -20.000000  -19.500000   output external delay
                                            -19.500000   data required time
---------------------------------------------------------------------------------------------
                                            -19.500000   data required time
                                             -4.256602   data arrival time
---------------------------------------------------------------------------------------------
                                             23.756603   slack (MET)


Startpoint: _848_ (rising edge-triggered flip-flop clocked by system_clock)
Endpoint: ADDR_O[0] (output port clocked by system_clock)
Path Group: system_clock
Path Type: min

Fanout         Cap        Slew       Delay        Time   Description
---------------------------------------------------------------------------------------------
                                  0.000000    0.000000   clock system_clock (rise edge)
                                  0.000000    0.000000   clock source latency
     1    0.038862    0.000000    0.000000    0.000000 ^ CLK_I (in)
                                                         CLK_I (net)
                      0.004005    0.001638    0.001638 ^ clkbuf_0_CLK_I/I (gf180mcu_fd_sc_mcu7t5v0__clkbuf_16)
     8    0.201827    0.438940    0.568479    0.570117 ^ clkbuf_0_CLK_I/Z (gf180mcu_fd_sc_mcu7t5v0__clkbuf_16)
                                                         clknet_0_CLK_I (net)
                      0.438947    0.002656    0.572773 ^ clkbuf_3_5__f_CLK_I/I (gf180mcu_fd_sc_mcu7t5v0__clkbuf_16)
    11    0.066535    0.230976    0.518898    1.091671 ^ clkbuf_3_5__f_CLK_I/Z (gf180mcu_fd_sc_mcu7t5v0__clkbuf_16)
                                                         clknet_3_5__leaf_CLK_I (net)
                      0.230976    0.000478    1.092149 ^ _848_/CLK (gf180mcu_fd_sc_mcu7t5v0__dffq_1)
     2    0.011383    0.293308    1.302478    2.394627 v _848_/Q (gf180mcu_fd_sc_mcu7t5v0__dffq_1)
                                                         net13 (net)
                      0.293308    0.000070    2.394697 v output13/I (gf180mcu_fd_sc_mcu7t5v0__dlyb_1)
     1    0.005720    0.390020    1.909634    4.304331 v output13/Z (gf180mcu_fd_sc_mcu7t5v0__dlyb_1)
                                                         ADDR_O[0] (net)
                      0.390020    0.000095    4.304426 v ADDR_O[0] (out)
                                              4.304426   data arrival time

                                  0.000000    0.000000   clock system_clock (rise edge)
                                  0.000000    0.000000   clock network delay (propagated)
                                  0.500000    0.500000   clock uncertainty
                                  0.000000    0.500000   clock reconvergence pessimism
                                -20.000000  -19.500000   output external delay
                                            -19.500000   data required time
---------------------------------------------------------------------------------------------
                                            -19.500000   data required time
                                             -4.304426   data arrival time
---------------------------------------------------------------------------------------------
                                             23.804426   slack (MET)


Startpoint: _817_ (rising edge-triggered flip-flop clocked by system_clock)
Endpoint: i2c_sda_out_pin_ctrl_n (output port clocked by system_clock)
Path Group: system_clock
Path Type: min

Fanout         Cap        Slew       Delay        Time   Description
---------------------------------------------------------------------------------------------
                                  0.000000    0.000000   clock system_clock (rise edge)
                                  0.000000    0.000000   clock source latency
     1    0.038862    0.000000    0.000000    0.000000 ^ CLK_I (in)
                                                         CLK_I (net)
                      0.004005    0.001638    0.001638 ^ clkbuf_0_CLK_I/I (gf180mcu_fd_sc_mcu7t5v0__clkbuf_16)
     8    0.201827    0.438940    0.568479    0.570117 ^ clkbuf_0_CLK_I/Z (gf180mcu_fd_sc_mcu7t5v0__clkbuf_16)
                                                         clknet_0_CLK_I (net)
                      0.438951    0.003323    0.573440 ^ clkbuf_3_2__f_CLK_I/I (gf180mcu_fd_sc_mcu7t5v0__clkbuf_16)
    16    0.074359    0.242639    0.527880    1.101320 ^ clkbuf_3_2__f_CLK_I/Z (gf180mcu_fd_sc_mcu7t5v0__clkbuf_16)
                                                         clknet_3_2__leaf_CLK_I (net)
                      0.242639    0.000724    1.102044 ^ _817_/CLK (gf180mcu_fd_sc_mcu7t5v0__dffq_1)
     2    0.013299    0.319946    1.326765    2.428809 v _817_/Q (gf180mcu_fd_sc_mcu7t5v0__dffq_1)
                                                         net32 (net)
                      0.319946    0.000110    2.428919 v _437_/I (gf180mcu_fd_sc_mcu7t5v0__clkinv_1)
     2    0.006976    0.292183    0.255083    2.684002 ^ _437_/ZN (gf180mcu_fd_sc_mcu7t5v0__clkinv_1)
                                                         net33 (net)
                      0.292183    0.000102    2.684104 ^ output33/I (gf180mcu_fd_sc_mcu7t5v0__dlyb_1)
     1    0.001079    0.204638    1.625317    4.309422 ^ output33/Z (gf180mcu_fd_sc_mcu7t5v0__dlyb_1)
                                                         i2c_sda_out_pin_ctrl_n (net)
                      0.204638    0.000008    4.309429 ^ i2c_sda_out_pin_ctrl_n (out)
                                              4.309429   data arrival time

                                  0.000000    0.000000   clock system_clock (rise edge)
                                  0.000000    0.000000   clock network delay (propagated)
                                  0.500000    0.500000   clock uncertainty
                                  0.000000    0.500000   clock reconvergence pessimism
                                -20.000000  -19.500000   output external delay
                                            -19.500000   data required time
---------------------------------------------------------------------------------------------
                                            -19.500000   data required time
                                             -4.309429   data arrival time
---------------------------------------------------------------------------------------------
                                             23.809429   slack (MET)


Startpoint: _849_ (rising edge-triggered flip-flop clocked by system_clock)
Endpoint: ADDR_O[1] (output port clocked by system_clock)
Path Group: system_clock
Path Type: min

Fanout         Cap        Slew       Delay        Time   Description
---------------------------------------------------------------------------------------------
                                  0.000000    0.000000   clock system_clock (rise edge)
                                  0.000000    0.000000   clock source latency
     1    0.038862    0.000000    0.000000    0.000000 ^ CLK_I (in)
                                                         CLK_I (net)
                      0.004005    0.001638    0.001638 ^ clkbuf_0_CLK_I/I (gf180mcu_fd_sc_mcu7t5v0__clkbuf_16)
     8    0.201827    0.438940    0.568479    0.570117 ^ clkbuf_0_CLK_I/Z (gf180mcu_fd_sc_mcu7t5v0__clkbuf_16)
                                                         clknet_0_CLK_I (net)
                      0.438947    0.002656    0.572773 ^ clkbuf_3_5__f_CLK_I/I (gf180mcu_fd_sc_mcu7t5v0__clkbuf_16)
    11    0.066535    0.230976    0.518898    1.091671 ^ clkbuf_3_5__f_CLK_I/Z (gf180mcu_fd_sc_mcu7t5v0__clkbuf_16)
                                                         clknet_3_5__leaf_CLK_I (net)
                      0.230976    0.000457    1.092127 ^ _849_/CLK (gf180mcu_fd_sc_mcu7t5v0__dffq_1)
     2    0.013263    0.319449    1.323777    2.415904 v _849_/Q (gf180mcu_fd_sc_mcu7t5v0__dffq_1)
                                                         net14 (net)
                      0.319449    0.000226    2.416130 v output14/I (gf180mcu_fd_sc_mcu7t5v0__dlyb_1)
     1    0.004608    0.369403    1.896058    4.312189 v output14/Z (gf180mcu_fd_sc_mcu7t5v0__dlyb_1)
                                                         ADDR_O[1] (net)
                      0.369403    0.000068    4.312257 v ADDR_O[1] (out)
                                              4.312257   data arrival time

                                  0.000000    0.000000   clock system_clock (rise edge)
                                  0.000000    0.000000   clock network delay (propagated)
                                  0.500000    0.500000   clock uncertainty
                                  0.000000    0.500000   clock reconvergence pessimism
                                -20.000000  -19.500000   output external delay
                                            -19.500000   data required time
---------------------------------------------------------------------------------------------
                                            -19.500000   data required time
                                             -4.312257   data arrival time
---------------------------------------------------------------------------------------------
                                             23.812258   slack (MET)


Startpoint: _855_ (rising edge-triggered flip-flop clocked by system_clock)
Endpoint: ADDR_O[7] (output port clocked by system_clock)
Path Group: system_clock
Path Type: min

Fanout         Cap        Slew       Delay        Time   Description
---------------------------------------------------------------------------------------------
                                  0.000000    0.000000   clock system_clock (rise edge)
                                  0.000000    0.000000   clock source latency
     1    0.038862    0.000000    0.000000    0.000000 ^ CLK_I (in)
                                                         CLK_I (net)
                      0.004005    0.001638    0.001638 ^ clkbuf_0_CLK_I/I (gf180mcu_fd_sc_mcu7t5v0__clkbuf_16)
     8    0.201827    0.438940    0.568479    0.570117 ^ clkbuf_0_CLK_I/Z (gf180mcu_fd_sc_mcu7t5v0__clkbuf_16)
                                                         clknet_0_CLK_I (net)
                      0.438947    0.002656    0.572773 ^ clkbuf_3_5__f_CLK_I/I (gf180mcu_fd_sc_mcu7t5v0__clkbuf_16)
    11    0.066535    0.230976    0.518898    1.091671 ^ clkbuf_3_5__f_CLK_I/Z (gf180mcu_fd_sc_mcu7t5v0__clkbuf_16)
                                                         clknet_3_5__leaf_CLK_I (net)
                      0.230976    0.000245    1.091916 ^ _855_/CLK (gf180mcu_fd_sc_mcu7t5v0__dffq_1)
     2    0.013420    0.321622    1.325536    2.417452 v _855_/Q (gf180mcu_fd_sc_mcu7t5v0__dffq_1)
                                                         net20 (net)
                      0.321622    0.000257    2.417709 v output20/I (gf180mcu_fd_sc_mcu7t5v0__dlyb_1)
     1    0.004535    0.368047    1.895331    4.313041 v output20/Z (gf180mcu_fd_sc_mcu7t5v0__dlyb_1)
                                                         ADDR_O[7] (net)
                      0.368047    0.000064    4.313104 v ADDR_O[7] (out)
                                              4.313104   data arrival time

                                  0.000000    0.000000   clock system_clock (rise edge)
                                  0.000000    0.000000   clock network delay (propagated)
                                  0.500000    0.500000   clock uncertainty
                                  0.000000    0.500000   clock reconvergence pessimism
                                -20.000000  -19.500000   output external delay
                                            -19.500000   data required time
---------------------------------------------------------------------------------------------
                                            -19.500000   data required time
                                             -4.313104   data arrival time
---------------------------------------------------------------------------------------------
                                             23.813105   slack (MET)


Startpoint: _853_ (rising edge-triggered flip-flop clocked by system_clock)
Endpoint: ADDR_O[5] (output port clocked by system_clock)
Path Group: system_clock
Path Type: min

Fanout         Cap        Slew       Delay        Time   Description
---------------------------------------------------------------------------------------------
                                  0.000000    0.000000   clock system_clock (rise edge)
                                  0.000000    0.000000   clock source latency
     1    0.038862    0.000000    0.000000    0.000000 ^ CLK_I (in)
                                                         CLK_I (net)
                      0.004005    0.001638    0.001638 ^ clkbuf_0_CLK_I/I (gf180mcu_fd_sc_mcu7t5v0__clkbuf_16)
     8    0.201827    0.438940    0.568479    0.570117 ^ clkbuf_0_CLK_I/Z (gf180mcu_fd_sc_mcu7t5v0__clkbuf_16)
                                                         clknet_0_CLK_I (net)
                      0.438947    0.002656    0.572773 ^ clkbuf_3_5__f_CLK_I/I (gf180mcu_fd_sc_mcu7t5v0__clkbuf_16)
    11    0.066535    0.230976    0.518898    1.091671 ^ clkbuf_3_5__f_CLK_I/Z (gf180mcu_fd_sc_mcu7t5v0__clkbuf_16)
                                                         clknet_3_5__leaf_CLK_I (net)
                      0.230976    0.000368    1.092038 ^ _853_/CLK (gf180mcu_fd_sc_mcu7t5v0__dffq_1)
     2    0.011785    0.298861    1.306996    2.399034 v _853_/Q (gf180mcu_fd_sc_mcu7t5v0__dffq_1)
                                                         net18 (net)
                      0.298861    0.000238    2.399272 v output18/I (gf180mcu_fd_sc_mcu7t5v0__dlyb_1)
     1    0.005944    0.394197    1.916255    4.315527 v output18/Z (gf180mcu_fd_sc_mcu7t5v0__dlyb_1)
                                                         ADDR_O[5] (net)
                      0.394197    0.000099    4.315627 v ADDR_O[5] (out)
                                              4.315627   data arrival time

                                  0.000000    0.000000   clock system_clock (rise edge)
                                  0.000000    0.000000   clock network delay (propagated)
                                  0.500000    0.500000   clock uncertainty
                                  0.000000    0.500000   clock reconvergence pessimism
                                -20.000000  -19.500000   output external delay
                                            -19.500000   data required time
---------------------------------------------------------------------------------------------
                                            -19.500000   data required time
                                             -4.315627   data arrival time
---------------------------------------------------------------------------------------------
                                             23.815628   slack (MET)


Startpoint: _854_ (rising edge-triggered flip-flop clocked by system_clock)
Endpoint: ADDR_O[6] (output port clocked by system_clock)
Path Group: system_clock
Path Type: min

Fanout         Cap        Slew       Delay        Time   Description
---------------------------------------------------------------------------------------------
                                  0.000000    0.000000   clock system_clock (rise edge)
                                  0.000000    0.000000   clock source latency
     1    0.038862    0.000000    0.000000    0.000000 ^ CLK_I (in)
                                                         CLK_I (net)
                      0.004005    0.001638    0.001638 ^ clkbuf_0_CLK_I/I (gf180mcu_fd_sc_mcu7t5v0__clkbuf_16)
     8    0.201827    0.438940    0.568479    0.570117 ^ clkbuf_0_CLK_I/Z (gf180mcu_fd_sc_mcu7t5v0__clkbuf_16)
                                                         clknet_0_CLK_I (net)
                      0.438947    0.002656    0.572773 ^ clkbuf_3_5__f_CLK_I/I (gf180mcu_fd_sc_mcu7t5v0__clkbuf_16)
    11    0.066535    0.230976    0.518898    1.091671 ^ clkbuf_3_5__f_CLK_I/Z (gf180mcu_fd_sc_mcu7t5v0__clkbuf_16)
                                                         clknet_3_5__leaf_CLK_I (net)
                      0.230976    0.000311    1.091982 ^ _854_/CLK (gf180mcu_fd_sc_mcu7t5v0__dffq_1)
     2    0.013464    0.322235    1.326017    2.417998 v _854_/Q (gf180mcu_fd_sc_mcu7t5v0__dffq_1)
                                                         net19 (net)
                      0.322235    0.000263    2.418261 v output19/I (gf180mcu_fd_sc_mcu7t5v0__dlyb_1)
     1    0.006674    0.407848    1.939746    4.358007 v output19/Z (gf180mcu_fd_sc_mcu7t5v0__dlyb_1)
                                                         ADDR_O[6] (net)
                      0.407848    0.000121    4.358128 v ADDR_O[6] (out)
                                              4.358128   data arrival time

                                  0.000000    0.000000   clock system_clock (rise edge)
                                  0.000000    0.000000   clock network delay (propagated)
                                  0.500000    0.500000   clock uncertainty
                                  0.000000    0.500000   clock reconvergence pessimism
                                -20.000000  -19.500000   output external delay
                                            -19.500000   data required time
---------------------------------------------------------------------------------------------
                                            -19.500000   data required time
                                             -4.358128   data arrival time
---------------------------------------------------------------------------------------------
                                             23.858130   slack (MET)


Startpoint: _850_ (rising edge-triggered flip-flop clocked by system_clock)
Endpoint: ADDR_O[2] (output port clocked by system_clock)
Path Group: system_clock
Path Type: min

Fanout         Cap        Slew       Delay        Time   Description
---------------------------------------------------------------------------------------------
                                  0.000000    0.000000   clock system_clock (rise edge)
                                  0.000000    0.000000   clock source latency
     1    0.038862    0.000000    0.000000    0.000000 ^ CLK_I (in)
                                                         CLK_I (net)
                      0.004005    0.001638    0.001638 ^ clkbuf_0_CLK_I/I (gf180mcu_fd_sc_mcu7t5v0__clkbuf_16)
     8    0.201827    0.438940    0.568479    0.570117 ^ clkbuf_0_CLK_I/Z (gf180mcu_fd_sc_mcu7t5v0__clkbuf_16)
                                                         clknet_0_CLK_I (net)
                      0.438947    0.002656    0.572773 ^ clkbuf_3_5__f_CLK_I/I (gf180mcu_fd_sc_mcu7t5v0__clkbuf_16)
    11    0.066535    0.230976    0.518898    1.091671 ^ clkbuf_3_5__f_CLK_I/Z (gf180mcu_fd_sc_mcu7t5v0__clkbuf_16)
                                                         clknet_3_5__leaf_CLK_I (net)
                      0.230976    0.000566    1.092237 ^ _850_/CLK (gf180mcu_fd_sc_mcu7t5v0__dffq_1)
     2    0.015983    0.357239    1.354451    2.446687 v _850_/Q (gf180mcu_fd_sc_mcu7t5v0__dffq_1)
                                                         net15 (net)
                      0.357239    0.000489    2.447176 v output15/I (gf180mcu_fd_sc_mcu7t5v0__dlyb_1)
     1    0.004771    0.372519    1.912988    4.360164 v output15/Z (gf180mcu_fd_sc_mcu7t5v0__dlyb_1)
                                                         ADDR_O[2] (net)
                      0.372519    0.000070    4.360235 v ADDR_O[2] (out)
                                              4.360235   data arrival time

                                  0.000000    0.000000   clock system_clock (rise edge)
                                  0.000000    0.000000   clock network delay (propagated)
                                  0.500000    0.500000   clock uncertainty
                                  0.000000    0.500000   clock reconvergence pessimism
                                -20.000000  -19.500000   output external delay
                                            -19.500000   data required time
---------------------------------------------------------------------------------------------
                                            -19.500000   data required time
                                             -4.360235   data arrival time
---------------------------------------------------------------------------------------------
                                             23.860235   slack (MET)


Startpoint: _852_ (rising edge-triggered flip-flop clocked by system_clock)
Endpoint: ADDR_O[4] (output port clocked by system_clock)
Path Group: system_clock
Path Type: min

Fanout         Cap        Slew       Delay        Time   Description
---------------------------------------------------------------------------------------------
                                  0.000000    0.000000   clock system_clock (rise edge)
                                  0.000000    0.000000   clock source latency
     1    0.038862    0.000000    0.000000    0.000000 ^ CLK_I (in)
                                                         CLK_I (net)
                      0.004005    0.001638    0.001638 ^ clkbuf_0_CLK_I/I (gf180mcu_fd_sc_mcu7t5v0__clkbuf_16)
     8    0.201827    0.438940    0.568479    0.570117 ^ clkbuf_0_CLK_I/Z (gf180mcu_fd_sc_mcu7t5v0__clkbuf_16)
                                                         clknet_0_CLK_I (net)
                      0.438947    0.002656    0.572773 ^ clkbuf_3_5__f_CLK_I/I (gf180mcu_fd_sc_mcu7t5v0__clkbuf_16)
    11    0.066535    0.230976    0.518898    1.091671 ^ clkbuf_3_5__f_CLK_I/Z (gf180mcu_fd_sc_mcu7t5v0__clkbuf_16)
                                                         clknet_3_5__leaf_CLK_I (net)
                      0.230976    0.000421    1.092091 ^ _852_/CLK (gf180mcu_fd_sc_mcu7t5v0__dffq_1)
     2    0.015882    0.355839    1.353377    2.445468 v _852_/Q (gf180mcu_fd_sc_mcu7t5v0__dffq_1)
                                                         net17 (net)
                      0.355839    0.000338    2.445806 v output17/I (gf180mcu_fd_sc_mcu7t5v0__dlyb_1)
     1    0.006194    0.398971    1.941897    4.387704 v output17/Z (gf180mcu_fd_sc_mcu7t5v0__dlyb_1)
                                                         ADDR_O[4] (net)
                      0.398971    0.000105    4.387808 v ADDR_O[4] (out)
                                              4.387808   data arrival time

                                  0.000000    0.000000   clock system_clock (rise edge)
                                  0.000000    0.000000   clock network delay (propagated)
                                  0.500000    0.500000   clock uncertainty
                                  0.000000    0.500000   clock reconvergence pessimism
                                -20.000000  -19.500000   output external delay
                                            -19.500000   data required time
---------------------------------------------------------------------------------------------
                                            -19.500000   data required time
                                             -4.387808   data arrival time
---------------------------------------------------------------------------------------------
                                             23.887808   slack (MET)


Startpoint: _860_ (rising edge-triggered flip-flop clocked by system_clock)
Endpoint: DAT_O[4] (output port clocked by system_clock)
Path Group: system_clock
Path Type: min

Fanout         Cap        Slew       Delay        Time   Description
---------------------------------------------------------------------------------------------
                                  0.000000    0.000000   clock system_clock (rise edge)
                                  0.000000    0.000000   clock source latency
     1    0.038862    0.000000    0.000000    0.000000 ^ CLK_I (in)
                                                         CLK_I (net)
                      0.004005    0.001638    0.001638 ^ clkbuf_0_CLK_I/I (gf180mcu_fd_sc_mcu7t5v0__clkbuf_16)
     8    0.201827    0.438940    0.568479    0.570117 ^ clkbuf_0_CLK_I/Z (gf180mcu_fd_sc_mcu7t5v0__clkbuf_16)
                                                         clknet_0_CLK_I (net)
                      0.438946    0.002581    0.572697 ^ clkbuf_3_7__f_CLK_I/I (gf180mcu_fd_sc_mcu7t5v0__clkbuf_16)
    14    0.078122    0.248260    0.532247    1.104944 ^ clkbuf_3_7__f_CLK_I/Z (gf180mcu_fd_sc_mcu7t5v0__clkbuf_16)
                                                         clknet_3_7__leaf_CLK_I (net)
                      0.248263    0.001641    1.106585 ^ _860_/CLK (gf180mcu_fd_sc_mcu7t5v0__dffq_1)
     2    0.014646    0.338642    1.343157    2.449742 v _860_/Q (gf180mcu_fd_sc_mcu7t5v0__dffq_1)
                                                         net26 (net)
                      0.338642    0.000310    2.450052 v output26/I (gf180mcu_fd_sc_mcu7t5v0__dlyb_1)
     1    0.006662    0.407653    1.945393    4.395444 v output26/Z (gf180mcu_fd_sc_mcu7t5v0__dlyb_1)
                                                         DAT_O[4] (net)
                      0.407653    0.000119    4.395564 v DAT_O[4] (out)
                                              4.395564   data arrival time

                                  0.000000    0.000000   clock system_clock (rise edge)
                                  0.000000    0.000000   clock network delay (propagated)
                                  0.500000    0.500000   clock uncertainty
                                  0.000000    0.500000   clock reconvergence pessimism
                                -20.000000  -19.500000   output external delay
                                            -19.500000   data required time
---------------------------------------------------------------------------------------------
                                            -19.500000   data required time
                                             -4.395564   data arrival time
---------------------------------------------------------------------------------------------
                                             23.895563   slack (MET)


Startpoint: _856_ (rising edge-triggered flip-flop clocked by system_clock)
Endpoint: DAT_O[0] (output port clocked by system_clock)
Path Group: system_clock
Path Type: min

Fanout         Cap        Slew       Delay        Time   Description
---------------------------------------------------------------------------------------------
                                  0.000000    0.000000   clock system_clock (rise edge)
                                  0.000000    0.000000   clock source latency
     1    0.038862    0.000000    0.000000    0.000000 ^ CLK_I (in)
                                                         CLK_I (net)
                      0.004005    0.001638    0.001638 ^ clkbuf_0_CLK_I/I (gf180mcu_fd_sc_mcu7t5v0__clkbuf_16)
     8    0.201827    0.438940    0.568479    0.570117 ^ clkbuf_0_CLK_I/Z (gf180mcu_fd_sc_mcu7t5v0__clkbuf_16)
                                                         clknet_0_CLK_I (net)
                      0.438947    0.002656    0.572773 ^ clkbuf_3_5__f_CLK_I/I (gf180mcu_fd_sc_mcu7t5v0__clkbuf_16)
    11    0.066535    0.230976    0.518898    1.091671 ^ clkbuf_3_5__f_CLK_I/Z (gf180mcu_fd_sc_mcu7t5v0__clkbuf_16)
                                                         clknet_3_5__leaf_CLK_I (net)
                      0.230976    0.000263    1.091934 ^ _856_/CLK (gf180mcu_fd_sc_mcu7t5v0__dffq_1)
     2    0.013156    0.317939    1.322457    2.414391 v _856_/Q (gf180mcu_fd_sc_mcu7t5v0__dffq_1)
                                                         net22 (net)
                      0.317939    0.000403    2.414793 v output22/I (gf180mcu_fd_sc_mcu7t5v0__dlyb_1)
     1    0.009283    0.458172    1.989143    4.403936 v output22/Z (gf180mcu_fd_sc_mcu7t5v0__dlyb_1)
                                                         DAT_O[0] (net)
                      0.458172    0.000207    4.404143 v DAT_O[0] (out)
                                              4.404143   data arrival time

                                  0.000000    0.000000   clock system_clock (rise edge)
                                  0.000000    0.000000   clock network delay (propagated)
                                  0.500000    0.500000   clock uncertainty
                                  0.000000    0.500000   clock reconvergence pessimism
                                -20.000000  -19.500000   output external delay
                                            -19.500000   data required time
---------------------------------------------------------------------------------------------
                                            -19.500000   data required time
                                             -4.404143   data arrival time
---------------------------------------------------------------------------------------------
                                             23.904144   slack (MET)


Startpoint: _863_ (rising edge-triggered flip-flop clocked by system_clock)
Endpoint: DAT_O[7] (output port clocked by system_clock)
Path Group: system_clock
Path Type: min

Fanout         Cap        Slew       Delay        Time   Description
---------------------------------------------------------------------------------------------
                                  0.000000    0.000000   clock system_clock (rise edge)
                                  0.000000    0.000000   clock source latency
     1    0.038862    0.000000    0.000000    0.000000 ^ CLK_I (in)
                                                         CLK_I (net)
                      0.004005    0.001638    0.001638 ^ clkbuf_0_CLK_I/I (gf180mcu_fd_sc_mcu7t5v0__clkbuf_16)
     8    0.201827    0.438940    0.568479    0.570117 ^ clkbuf_0_CLK_I/Z (gf180mcu_fd_sc_mcu7t5v0__clkbuf_16)
                                                         clknet_0_CLK_I (net)
                      0.438946    0.002581    0.572697 ^ clkbuf_3_7__f_CLK_I/I (gf180mcu_fd_sc_mcu7t5v0__clkbuf_16)
    14    0.078122    0.248260    0.532247    1.104944 ^ clkbuf_3_7__f_CLK_I/Z (gf180mcu_fd_sc_mcu7t5v0__clkbuf_16)
                                                         clknet_3_7__leaf_CLK_I (net)
                      0.248263    0.001487    1.106431 ^ _863_/CLK (gf180mcu_fd_sc_mcu7t5v0__dffq_1)
     2    0.010039    0.274686    1.291062    2.397492 v _863_/Q (gf180mcu_fd_sc_mcu7t5v0__dffq_1)
                                                         net29 (net)
                      0.274686    0.000207    2.397700 v output29/I (gf180mcu_fd_sc_mcu7t5v0__dlyb_1)
     1    0.011582    0.493420    2.010400    4.408100 v output29/Z (gf180mcu_fd_sc_mcu7t5v0__dlyb_1)
                                                         DAT_O[7] (net)
                      0.493420    0.000299    4.408399 v DAT_O[7] (out)
                                              4.408399   data arrival time

                                  0.000000    0.000000   clock system_clock (rise edge)
                                  0.000000    0.000000   clock network delay (propagated)
                                  0.500000    0.500000   clock uncertainty
                                  0.000000    0.500000   clock reconvergence pessimism
                                -20.000000  -19.500000   output external delay
                                            -19.500000   data required time
---------------------------------------------------------------------------------------------
                                            -19.500000   data required time
                                             -4.408399   data arrival time
---------------------------------------------------------------------------------------------
                                             23.908400   slack (MET)


Startpoint: _861_ (rising edge-triggered flip-flop clocked by system_clock)
Endpoint: DAT_O[5] (output port clocked by system_clock)
Path Group: system_clock
Path Type: min

Fanout         Cap        Slew       Delay        Time   Description
---------------------------------------------------------------------------------------------
                                  0.000000    0.000000   clock system_clock (rise edge)
                                  0.000000    0.000000   clock source latency
     1    0.038862    0.000000    0.000000    0.000000 ^ CLK_I (in)
                                                         CLK_I (net)
                      0.004005    0.001638    0.001638 ^ clkbuf_0_CLK_I/I (gf180mcu_fd_sc_mcu7t5v0__clkbuf_16)
     8    0.201827    0.438940    0.568479    0.570117 ^ clkbuf_0_CLK_I/Z (gf180mcu_fd_sc_mcu7t5v0__clkbuf_16)
                                                         clknet_0_CLK_I (net)
                      0.438946    0.002581    0.572697 ^ clkbuf_3_7__f_CLK_I/I (gf180mcu_fd_sc_mcu7t5v0__clkbuf_16)
    14    0.078122    0.248260    0.532247    1.104944 ^ clkbuf_3_7__f_CLK_I/Z (gf180mcu_fd_sc_mcu7t5v0__clkbuf_16)
                                                         clknet_3_7__leaf_CLK_I (net)
                      0.248263    0.001625    1.106569 ^ _861_/CLK (gf180mcu_fd_sc_mcu7t5v0__dffq_1)
     2    0.017555    0.379196    1.376086    2.482655 v _861_/Q (gf180mcu_fd_sc_mcu7t5v0__dffq_1)
                                                         net27 (net)
                      0.379197    0.000496    2.483151 v output27/I (gf180mcu_fd_sc_mcu7t5v0__dlyb_1)
     1    0.006192    0.398989    1.950254    4.433404 v output27/Z (gf180mcu_fd_sc_mcu7t5v0__dlyb_1)
                                                         DAT_O[5] (net)
                      0.398989    0.000114    4.433518 v DAT_O[5] (out)
                                              4.433518   data arrival time

                                  0.000000    0.000000   clock system_clock (rise edge)
                                  0.000000    0.000000   clock network delay (propagated)
                                  0.500000    0.500000   clock uncertainty
                                  0.000000    0.500000   clock reconvergence pessimism
                                -20.000000  -19.500000   output external delay
                                            -19.500000   data required time
---------------------------------------------------------------------------------------------
                                            -19.500000   data required time
                                             -4.433518   data arrival time
---------------------------------------------------------------------------------------------
                                             23.933519   slack (MET)


Startpoint: _862_ (rising edge-triggered flip-flop clocked by system_clock)
Endpoint: DAT_O[6] (output port clocked by system_clock)
Path Group: system_clock
Path Type: min

Fanout         Cap        Slew       Delay        Time   Description
---------------------------------------------------------------------------------------------
                                  0.000000    0.000000   clock system_clock (rise edge)
                                  0.000000    0.000000   clock source latency
     1    0.038862    0.000000    0.000000    0.000000 ^ CLK_I (in)
                                                         CLK_I (net)
                      0.004005    0.001638    0.001638 ^ clkbuf_0_CLK_I/I (gf180mcu_fd_sc_mcu7t5v0__clkbuf_16)
     8    0.201827    0.438940    0.568479    0.570117 ^ clkbuf_0_CLK_I/Z (gf180mcu_fd_sc_mcu7t5v0__clkbuf_16)
                                                         clknet_0_CLK_I (net)
                      0.438946    0.002581    0.572697 ^ clkbuf_3_7__f_CLK_I/I (gf180mcu_fd_sc_mcu7t5v0__clkbuf_16)
    14    0.078122    0.248260    0.532247    1.104944 ^ clkbuf_3_7__f_CLK_I/Z (gf180mcu_fd_sc_mcu7t5v0__clkbuf_16)
                                                         clknet_3_7__leaf_CLK_I (net)
                      0.248263    0.001512    1.106456 ^ _862_/CLK (gf180mcu_fd_sc_mcu7t5v0__dffq_1)
     2    0.014908    0.342291    1.346141    2.452597 v _862_/Q (gf180mcu_fd_sc_mcu7t5v0__dffq_1)
                                                         net28 (net)
                      0.342291    0.000375    2.452973 v output28/I (gf180mcu_fd_sc_mcu7t5v0__dlyb_1)
     1    0.013628    0.524865    2.067493    4.520465 v output28/Z (gf180mcu_fd_sc_mcu7t5v0__dlyb_1)
                                                         DAT_O[6] (net)
                      0.524865    0.000405    4.520871 v DAT_O[6] (out)
                                              4.520871   data arrival time

                                  0.000000    0.000000   clock system_clock (rise edge)
                                  0.000000    0.000000   clock network delay (propagated)
                                  0.500000    0.500000   clock uncertainty
                                  0.000000    0.500000   clock reconvergence pessimism
                                -20.000000  -19.500000   output external delay
                                            -19.500000   data required time
---------------------------------------------------------------------------------------------
                                            -19.500000   data required time
                                             -4.520871   data arrival time
---------------------------------------------------------------------------------------------
                                             24.020872   slack (MET)


Startpoint: _859_ (rising edge-triggered flip-flop clocked by system_clock)
Endpoint: DAT_O[3] (output port clocked by system_clock)
Path Group: system_clock
Path Type: min

Fanout         Cap        Slew       Delay        Time   Description
---------------------------------------------------------------------------------------------
                                  0.000000    0.000000   clock system_clock (rise edge)
                                  0.000000    0.000000   clock source latency
     1    0.038862    0.000000    0.000000    0.000000 ^ CLK_I (in)
                                                         CLK_I (net)
                      0.004005    0.001638    0.001638 ^ clkbuf_0_CLK_I/I (gf180mcu_fd_sc_mcu7t5v0__clkbuf_16)
     8    0.201827    0.438940    0.568479    0.570117 ^ clkbuf_0_CLK_I/Z (gf180mcu_fd_sc_mcu7t5v0__clkbuf_16)
                                                         clknet_0_CLK_I (net)
                      0.438946    0.002581    0.572697 ^ clkbuf_3_7__f_CLK_I/I (gf180mcu_fd_sc_mcu7t5v0__clkbuf_16)
    14    0.078122    0.248260    0.532247    1.104944 ^ clkbuf_3_7__f_CLK_I/Z (gf180mcu_fd_sc_mcu7t5v0__clkbuf_16)
                                                         clknet_3_7__leaf_CLK_I (net)
                      0.248260    0.000296    1.105240 ^ _859_/CLK (gf180mcu_fd_sc_mcu7t5v0__dffq_1)
     2    0.024375    0.477601    1.447889    2.553128 v _859_/Q (gf180mcu_fd_sc_mcu7t5v0__dffq_1)
                                                         net25 (net)
                      0.477604    0.000764    2.553892 v output25/I (gf180mcu_fd_sc_mcu7t5v0__dlyb_1)
     1    0.009753    0.465494    2.054079    4.607971 v output25/Z (gf180mcu_fd_sc_mcu7t5v0__dlyb_1)
                                                         DAT_O[3] (net)
                      0.465494    0.000237    4.608208 v DAT_O[3] (out)
                                              4.608208   data arrival time

                                  0.000000    0.000000   clock system_clock (rise edge)
                                  0.000000    0.000000   clock network delay (propagated)
                                  0.500000    0.500000   clock uncertainty
                                  0.000000    0.500000   clock reconvergence pessimism
                                -20.000000  -19.500000   output external delay
                                            -19.500000   data required time
---------------------------------------------------------------------------------------------
                                            -19.500000   data required time
                                             -4.608208   data arrival time
---------------------------------------------------------------------------------------------
                                             24.108208   slack (MET)


Startpoint: _864_ (rising edge-triggered flip-flop clocked by system_clock)
Endpoint: CYC_O (output port clocked by system_clock)
Path Group: system_clock
Path Type: min

Fanout         Cap        Slew       Delay        Time   Description
---------------------------------------------------------------------------------------------
                                  0.000000    0.000000   clock system_clock (rise edge)
                                  0.000000    0.000000   clock source latency
     1    0.038862    0.000000    0.000000    0.000000 ^ CLK_I (in)
                                                         CLK_I (net)
                      0.004005    0.001638    0.001638 ^ clkbuf_0_CLK_I/I (gf180mcu_fd_sc_mcu7t5v0__clkbuf_16)
     8    0.201827    0.438940    0.568479    0.570117 ^ clkbuf_0_CLK_I/Z (gf180mcu_fd_sc_mcu7t5v0__clkbuf_16)
                                                         clknet_0_CLK_I (net)
                      0.438948    0.002917    0.573034 ^ clkbuf_3_4__f_CLK_I/I (gf180mcu_fd_sc_mcu7t5v0__clkbuf_16)
     9    0.078023    0.248065    0.531971    1.105005 ^ clkbuf_3_4__f_CLK_I/Z (gf180mcu_fd_sc_mcu7t5v0__clkbuf_16)
                                                         clknet_3_4__leaf_CLK_I (net)
                      0.248065    0.000059    1.105064 ^ _864_/CLK (gf180mcu_fd_sc_mcu7t5v0__dffq_1)
     3    0.042518    0.744345    1.628803    2.733866 v _864_/Q (gf180mcu_fd_sc_mcu7t5v0__dffq_1)
                                                         net21 (net)
                      0.744357    0.002050    2.735916 v output21/I (gf180mcu_fd_sc_mcu7t5v0__dlyb_1)
     1    0.016448    0.568049    2.259042    4.994959 v output21/Z (gf180mcu_fd_sc_mcu7t5v0__dlyb_1)
                                                         CYC_O (net)
                      0.568049    0.000650    4.995609 v CYC_O (out)
                                              4.995609   data arrival time

                                  0.000000    0.000000   clock system_clock (rise edge)
                                  0.000000    0.000000   clock network delay (propagated)
                                  0.500000    0.500000   clock uncertainty
                                  0.000000    0.500000   clock reconvergence pessimism
                                -20.000000  -19.500000   output external delay
                                            -19.500000   data required time
---------------------------------------------------------------------------------------------
                                            -19.500000   data required time
                                             -4.995609   data arrival time
---------------------------------------------------------------------------------------------
                                             24.495609   slack (MET)


Startpoint: _864_ (rising edge-triggered flip-flop clocked by system_clock)
Endpoint: STB_O (output port clocked by system_clock)
Path Group: system_clock
Path Type: min

Fanout         Cap        Slew       Delay        Time   Description
---------------------------------------------------------------------------------------------
                                  0.000000    0.000000   clock system_clock (rise edge)
                                  0.000000    0.000000   clock source latency
     1    0.038862    0.000000    0.000000    0.000000 ^ CLK_I (in)
                                                         CLK_I (net)
                      0.004005    0.001638    0.001638 ^ clkbuf_0_CLK_I/I (gf180mcu_fd_sc_mcu7t5v0__clkbuf_16)
     8    0.201827    0.438940    0.568479    0.570117 ^ clkbuf_0_CLK_I/Z (gf180mcu_fd_sc_mcu7t5v0__clkbuf_16)
                                                         clknet_0_CLK_I (net)
                      0.438948    0.002917    0.573034 ^ clkbuf_3_4__f_CLK_I/I (gf180mcu_fd_sc_mcu7t5v0__clkbuf_16)
     9    0.078023    0.248065    0.531971    1.105005 ^ clkbuf_3_4__f_CLK_I/Z (gf180mcu_fd_sc_mcu7t5v0__clkbuf_16)
                                                         clknet_3_4__leaf_CLK_I (net)
                      0.248065    0.000059    1.105064 ^ _864_/CLK (gf180mcu_fd_sc_mcu7t5v0__dffq_1)
     3    0.042518    0.744345    1.628803    2.733866 v _864_/Q (gf180mcu_fd_sc_mcu7t5v0__dffq_1)
                                                         net21 (net)
                      0.744358    0.002093    2.735959 v _902_/I (gf180mcu_fd_sc_mcu7t5v0__buf_1)
     1    0.012078    0.316067    0.712302    3.448261 v _902_/Z (gf180mcu_fd_sc_mcu7t5v0__buf_1)
                                                         net30 (net)
                      0.316067    0.000360    3.448622 v output30/I (gf180mcu_fd_sc_mcu7t5v0__dlyb_1)
     1    0.009529    0.461946    1.992378    5.441000 v output30/Z (gf180mcu_fd_sc_mcu7t5v0__dlyb_1)
                                                         STB_O (net)
                      0.461946    0.000298    5.441298 v STB_O (out)
                                              5.441298   data arrival time

                                  0.000000    0.000000   clock system_clock (rise edge)
                                  0.000000    0.000000   clock network delay (propagated)
                                  0.500000    0.500000   clock uncertainty
                                  0.000000    0.500000   clock reconvergence pessimism
                                -20.000000  -19.500000   output external delay
                                            -19.500000   data required time
---------------------------------------------------------------------------------------------
                                            -19.500000   data required time
                                             -5.441298   data arrival time
---------------------------------------------------------------------------------------------
                                             24.941298   slack (MET)



