
===========================================================================
report_checks -path_delay min (Hold)
============================================================================
======================= nom_tt_025C_5v00 Corner ===================================

Startpoint: _1420_ (rising edge-triggered flip-flop clocked by system_clock)
Endpoint: _1420_ (rising edge-triggered flip-flop clocked by system_clock)
Path Group: system_clock
Path Type: min

Fanout         Cap        Slew       Delay        Time   Description
---------------------------------------------------------------------------------------------
                      0.000000    0.000000    0.000000   clock system_clock (rise edge)
                                  0.000000    0.000000   clock network delay (ideal)
                      0.000000    0.000000    0.000000 ^ _1420_/CLK (gf180mcu_fd_sc_mcu7t5v0__dffq_1)
     2    0.004804    0.115012    0.629358    0.629358 v _1420_/Q (gf180mcu_fd_sc_mcu7t5v0__dffq_1)
                                                         DAT_O[7] (net)
                      0.115012    0.000000    0.629358 v _1239_/A1 (gf180mcu_fd_sc_mcu7t5v0__nand2_1)
     1    0.004870    0.152184    0.126742    0.756100 ^ _1239_/ZN (gf180mcu_fd_sc_mcu7t5v0__nand2_1)
                                                         _0609_ (net)
                      0.152184    0.000000    0.756100 ^ _1247_/A1 (gf180mcu_fd_sc_mcu7t5v0__aoi21_1)
     1    0.002389    0.107763    0.095654    0.851754 v _1247_/ZN (gf180mcu_fd_sc_mcu7t5v0__aoi21_1)
                                                         _0151_ (net)
                      0.107763    0.000000    0.851754 v _1420_/D (gf180mcu_fd_sc_mcu7t5v0__dffq_1)
                                              0.851754   data arrival time

                      0.000000    0.000000    0.000000   clock system_clock (rise edge)
                                  0.000000    0.000000   clock network delay (ideal)
                                  0.500000    0.500000   clock uncertainty
                                  0.000000    0.500000   clock reconvergence pessimism
                                              0.500000 ^ _1420_/CLK (gf180mcu_fd_sc_mcu7t5v0__dffq_1)
                                  0.063206    0.563206   library hold time
                                              0.563206   data required time
---------------------------------------------------------------------------------------------
                                              0.563206   data required time
                                             -0.851754   data arrival time
---------------------------------------------------------------------------------------------
                                              0.288548   slack (MET)


Startpoint: _1413_ (rising edge-triggered flip-flop clocked by system_clock)
Endpoint: _1413_ (rising edge-triggered flip-flop clocked by system_clock)
Path Group: system_clock
Path Type: min

Fanout         Cap        Slew       Delay        Time   Description
---------------------------------------------------------------------------------------------
                      0.000000    0.000000    0.000000   clock system_clock (rise edge)
                                  0.000000    0.000000   clock network delay (ideal)
                      0.000000    0.000000    0.000000 ^ _1413_/CLK (gf180mcu_fd_sc_mcu7t5v0__dffq_1)
     2    0.004949    0.116346    0.630522    0.630522 v _1413_/Q (gf180mcu_fd_sc_mcu7t5v0__dffq_1)
                                                         DAT_O[0] (net)
                      0.116346    0.000000    0.630522 v _1189_/A1 (gf180mcu_fd_sc_mcu7t5v0__aoi22_1)
     1    0.004243    0.194716    0.147311    0.777833 ^ _1189_/ZN (gf180mcu_fd_sc_mcu7t5v0__aoi22_1)
                                                         _0566_ (net)
                      0.194716    0.000000    0.777833 ^ _1190_/A2 (gf180mcu_fd_sc_mcu7t5v0__nor2_1)
     1    0.002389    0.077072    0.115539    0.893372 v _1190_/ZN (gf180mcu_fd_sc_mcu7t5v0__nor2_1)
                                                         _0144_ (net)
                      0.077072    0.000000    0.893372 v _1413_/D (gf180mcu_fd_sc_mcu7t5v0__dffq_1)
                                              0.893372   data arrival time

                      0.000000    0.000000    0.000000   clock system_clock (rise edge)
                                  0.000000    0.000000   clock network delay (ideal)
                                  0.500000    0.500000   clock uncertainty
                                  0.000000    0.500000   clock reconvergence pessimism
                                              0.500000 ^ _1413_/CLK (gf180mcu_fd_sc_mcu7t5v0__dffq_1)
                                  0.068790    0.568790   library hold time
                                              0.568790   data required time
---------------------------------------------------------------------------------------------
                                              0.568790   data required time
                                             -0.893372   data arrival time
---------------------------------------------------------------------------------------------
                                              0.324582   slack (MET)


Startpoint: _1414_ (rising edge-triggered flip-flop clocked by system_clock)
Endpoint: _1414_ (rising edge-triggered flip-flop clocked by system_clock)
Path Group: system_clock
Path Type: min

Fanout         Cap        Slew       Delay        Time   Description
---------------------------------------------------------------------------------------------
                      0.000000    0.000000    0.000000   clock system_clock (rise edge)
                                  0.000000    0.000000   clock network delay (ideal)
                      0.000000    0.000000    0.000000 ^ _1414_/CLK (gf180mcu_fd_sc_mcu7t5v0__dffq_1)
     2    0.004949    0.116346    0.630522    0.630522 v _1414_/Q (gf180mcu_fd_sc_mcu7t5v0__dffq_1)
                                                         DAT_O[1] (net)
                      0.116346    0.000000    0.630522 v _1197_/A1 (gf180mcu_fd_sc_mcu7t5v0__aoi22_1)
     1    0.004243    0.194716    0.147311    0.777833 ^ _1197_/ZN (gf180mcu_fd_sc_mcu7t5v0__aoi22_1)
                                                         _0573_ (net)
                      0.194716    0.000000    0.777833 ^ _1198_/A2 (gf180mcu_fd_sc_mcu7t5v0__nor2_1)
     1    0.002389    0.077072    0.115539    0.893372 v _1198_/ZN (gf180mcu_fd_sc_mcu7t5v0__nor2_1)
                                                         _0145_ (net)
                      0.077072    0.000000    0.893372 v _1414_/D (gf180mcu_fd_sc_mcu7t5v0__dffq_1)
                                              0.893372   data arrival time

                      0.000000    0.000000    0.000000   clock system_clock (rise edge)
                                  0.000000    0.000000   clock network delay (ideal)
                                  0.500000    0.500000   clock uncertainty
                                  0.000000    0.500000   clock reconvergence pessimism
                                              0.500000 ^ _1414_/CLK (gf180mcu_fd_sc_mcu7t5v0__dffq_1)
                                  0.068790    0.568790   library hold time
                                              0.568790   data required time
---------------------------------------------------------------------------------------------
                                              0.568790   data required time
                                             -0.893372   data arrival time
---------------------------------------------------------------------------------------------
                                              0.324582   slack (MET)


Startpoint: _1415_ (rising edge-triggered flip-flop clocked by system_clock)
Endpoint: _1415_ (rising edge-triggered flip-flop clocked by system_clock)
Path Group: system_clock
Path Type: min

Fanout         Cap        Slew       Delay        Time   Description
---------------------------------------------------------------------------------------------
                      0.000000    0.000000    0.000000   clock system_clock (rise edge)
                                  0.000000    0.000000   clock network delay (ideal)
                      0.000000    0.000000    0.000000 ^ _1415_/CLK (gf180mcu_fd_sc_mcu7t5v0__dffq_1)
     2    0.004949    0.116346    0.630522    0.630522 v _1415_/Q (gf180mcu_fd_sc_mcu7t5v0__dffq_1)
                                                         DAT_O[2] (net)
                      0.116346    0.000000    0.630522 v _1205_/A1 (gf180mcu_fd_sc_mcu7t5v0__aoi22_1)
     1    0.004243    0.194716    0.147311    0.777833 ^ _1205_/ZN (gf180mcu_fd_sc_mcu7t5v0__aoi22_1)
                                                         _0580_ (net)
                      0.194716    0.000000    0.777833 ^ _1206_/A2 (gf180mcu_fd_sc_mcu7t5v0__nor2_1)
     1    0.002389    0.077072    0.115539    0.893372 v _1206_/ZN (gf180mcu_fd_sc_mcu7t5v0__nor2_1)
                                                         _0146_ (net)
                      0.077072    0.000000    0.893372 v _1415_/D (gf180mcu_fd_sc_mcu7t5v0__dffq_1)
                                              0.893372   data arrival time

                      0.000000    0.000000    0.000000   clock system_clock (rise edge)
                                  0.000000    0.000000   clock network delay (ideal)
                                  0.500000    0.500000   clock uncertainty
                                  0.000000    0.500000   clock reconvergence pessimism
                                              0.500000 ^ _1415_/CLK (gf180mcu_fd_sc_mcu7t5v0__dffq_1)
                                  0.068790    0.568790   library hold time
                                              0.568790   data required time
---------------------------------------------------------------------------------------------
                                              0.568790   data required time
                                             -0.893372   data arrival time
---------------------------------------------------------------------------------------------
                                              0.324582   slack (MET)


Startpoint: _1416_ (rising edge-triggered flip-flop clocked by system_clock)
Endpoint: _1416_ (rising edge-triggered flip-flop clocked by system_clock)
Path Group: system_clock
Path Type: min

Fanout         Cap        Slew       Delay        Time   Description
---------------------------------------------------------------------------------------------
                      0.000000    0.000000    0.000000   clock system_clock (rise edge)
                                  0.000000    0.000000   clock network delay (ideal)
                      0.000000    0.000000    0.000000 ^ _1416_/CLK (gf180mcu_fd_sc_mcu7t5v0__dffq_1)
     2    0.004949    0.116346    0.630522    0.630522 v _1416_/Q (gf180mcu_fd_sc_mcu7t5v0__dffq_1)
                                                         DAT_O[3] (net)
                      0.116346    0.000000    0.630522 v _1213_/A1 (gf180mcu_fd_sc_mcu7t5v0__aoi22_1)
     1    0.004243    0.194716    0.147311    0.777833 ^ _1213_/ZN (gf180mcu_fd_sc_mcu7t5v0__aoi22_1)
                                                         _0587_ (net)
                      0.194716    0.000000    0.777833 ^ _1214_/A2 (gf180mcu_fd_sc_mcu7t5v0__nor2_1)
     1    0.002389    0.077072    0.115539    0.893372 v _1214_/ZN (gf180mcu_fd_sc_mcu7t5v0__nor2_1)
                                                         _0147_ (net)
                      0.077072    0.000000    0.893372 v _1416_/D (gf180mcu_fd_sc_mcu7t5v0__dffq_1)
                                              0.893372   data arrival time

                      0.000000    0.000000    0.000000   clock system_clock (rise edge)
                                  0.000000    0.000000   clock network delay (ideal)
                                  0.500000    0.500000   clock uncertainty
                                  0.000000    0.500000   clock reconvergence pessimism
                                              0.500000 ^ _1416_/CLK (gf180mcu_fd_sc_mcu7t5v0__dffq_1)
                                  0.068790    0.568790   library hold time
                                              0.568790   data required time
---------------------------------------------------------------------------------------------
                                              0.568790   data required time
                                             -0.893372   data arrival time
---------------------------------------------------------------------------------------------
                                              0.324582   slack (MET)


Startpoint: _1417_ (rising edge-triggered flip-flop clocked by system_clock)
Endpoint: _1417_ (rising edge-triggered flip-flop clocked by system_clock)
Path Group: system_clock
Path Type: min

Fanout         Cap        Slew       Delay        Time   Description
---------------------------------------------------------------------------------------------
                      0.000000    0.000000    0.000000   clock system_clock (rise edge)
                                  0.000000    0.000000   clock network delay (ideal)
                      0.000000    0.000000    0.000000 ^ _1417_/CLK (gf180mcu_fd_sc_mcu7t5v0__dffq_1)
     2    0.004949    0.116346    0.630522    0.630522 v _1417_/Q (gf180mcu_fd_sc_mcu7t5v0__dffq_1)
                                                         DAT_O[4] (net)
                      0.116346    0.000000    0.630522 v _1221_/A1 (gf180mcu_fd_sc_mcu7t5v0__aoi22_1)
     1    0.004243    0.194716    0.147311    0.777833 ^ _1221_/ZN (gf180mcu_fd_sc_mcu7t5v0__aoi22_1)
                                                         _0594_ (net)
                      0.194716    0.000000    0.777833 ^ _1222_/A2 (gf180mcu_fd_sc_mcu7t5v0__nor2_1)
     1    0.002389    0.077072    0.115539    0.893372 v _1222_/ZN (gf180mcu_fd_sc_mcu7t5v0__nor2_1)
                                                         _0148_ (net)
                      0.077072    0.000000    0.893372 v _1417_/D (gf180mcu_fd_sc_mcu7t5v0__dffq_1)
                                              0.893372   data arrival time

                      0.000000    0.000000    0.000000   clock system_clock (rise edge)
                                  0.000000    0.000000   clock network delay (ideal)
                                  0.500000    0.500000   clock uncertainty
                                  0.000000    0.500000   clock reconvergence pessimism
                                              0.500000 ^ _1417_/CLK (gf180mcu_fd_sc_mcu7t5v0__dffq_1)
                                  0.068790    0.568790   library hold time
                                              0.568790   data required time
---------------------------------------------------------------------------------------------
                                              0.568790   data required time
                                             -0.893372   data arrival time
---------------------------------------------------------------------------------------------
                                              0.324582   slack (MET)


Startpoint: _1418_ (rising edge-triggered flip-flop clocked by system_clock)
Endpoint: _1418_ (rising edge-triggered flip-flop clocked by system_clock)
Path Group: system_clock
Path Type: min

Fanout         Cap        Slew       Delay        Time   Description
---------------------------------------------------------------------------------------------
                      0.000000    0.000000    0.000000   clock system_clock (rise edge)
                                  0.000000    0.000000   clock network delay (ideal)
                      0.000000    0.000000    0.000000 ^ _1418_/CLK (gf180mcu_fd_sc_mcu7t5v0__dffq_1)
     2    0.004949    0.116346    0.630522    0.630522 v _1418_/Q (gf180mcu_fd_sc_mcu7t5v0__dffq_1)
                                                         DAT_O[5] (net)
                      0.116346    0.000000    0.630522 v _1229_/A1 (gf180mcu_fd_sc_mcu7t5v0__aoi22_1)
     1    0.004243    0.194716    0.147311    0.777833 ^ _1229_/ZN (gf180mcu_fd_sc_mcu7t5v0__aoi22_1)
                                                         _0601_ (net)
                      0.194716    0.000000    0.777833 ^ _1230_/A2 (gf180mcu_fd_sc_mcu7t5v0__nor2_1)
     1    0.002389    0.077072    0.115539    0.893372 v _1230_/ZN (gf180mcu_fd_sc_mcu7t5v0__nor2_1)
                                                         _0149_ (net)
                      0.077072    0.000000    0.893372 v _1418_/D (gf180mcu_fd_sc_mcu7t5v0__dffq_1)
                                              0.893372   data arrival time

                      0.000000    0.000000    0.000000   clock system_clock (rise edge)
                                  0.000000    0.000000   clock network delay (ideal)
                                  0.500000    0.500000   clock uncertainty
                                  0.000000    0.500000   clock reconvergence pessimism
                                              0.500000 ^ _1418_/CLK (gf180mcu_fd_sc_mcu7t5v0__dffq_1)
                                  0.068790    0.568790   library hold time
                                              0.568790   data required time
---------------------------------------------------------------------------------------------
                                              0.568790   data required time
                                             -0.893372   data arrival time
---------------------------------------------------------------------------------------------
                                              0.324582   slack (MET)


Startpoint: _1419_ (rising edge-triggered flip-flop clocked by system_clock)
Endpoint: _1419_ (rising edge-triggered flip-flop clocked by system_clock)
Path Group: system_clock
Path Type: min

Fanout         Cap        Slew       Delay        Time   Description
---------------------------------------------------------------------------------------------
                      0.000000    0.000000    0.000000   clock system_clock (rise edge)
                                  0.000000    0.000000   clock network delay (ideal)
                      0.000000    0.000000    0.000000 ^ _1419_/CLK (gf180mcu_fd_sc_mcu7t5v0__dffq_1)
     2    0.004949    0.116346    0.630522    0.630522 v _1419_/Q (gf180mcu_fd_sc_mcu7t5v0__dffq_1)
                                                         DAT_O[6] (net)
                      0.116346    0.000000    0.630522 v _1237_/A1 (gf180mcu_fd_sc_mcu7t5v0__aoi22_1)
     1    0.004243    0.194716    0.147311    0.777833 ^ _1237_/ZN (gf180mcu_fd_sc_mcu7t5v0__aoi22_1)
                                                         _0608_ (net)
                      0.194716    0.000000    0.777833 ^ _1238_/A2 (gf180mcu_fd_sc_mcu7t5v0__nor2_1)
     1    0.002389    0.077072    0.115539    0.893372 v _1238_/ZN (gf180mcu_fd_sc_mcu7t5v0__nor2_1)
                                                         _0150_ (net)
                      0.077072    0.000000    0.893372 v _1419_/D (gf180mcu_fd_sc_mcu7t5v0__dffq_1)
                                              0.893372   data arrival time

                      0.000000    0.000000    0.000000   clock system_clock (rise edge)
                                  0.000000    0.000000   clock network delay (ideal)
                                  0.500000    0.500000   clock uncertainty
                                  0.000000    0.500000   clock reconvergence pessimism
                                              0.500000 ^ _1419_/CLK (gf180mcu_fd_sc_mcu7t5v0__dffq_1)
                                  0.068790    0.568790   library hold time
                                              0.568790   data required time
---------------------------------------------------------------------------------------------
                                              0.568790   data required time
                                             -0.893372   data arrival time
---------------------------------------------------------------------------------------------
                                              0.324582   slack (MET)


Startpoint: _1319_ (rising edge-triggered flip-flop clocked by system_clock)
Endpoint: _1319_ (rising edge-triggered flip-flop clocked by system_clock)
Path Group: system_clock
Path Type: min

Fanout         Cap        Slew       Delay        Time   Description
---------------------------------------------------------------------------------------------
                      0.000000    0.000000    0.000000   clock system_clock (rise edge)
                                  0.000000    0.000000   clock network delay (ideal)
                      0.000000    0.000000    0.000000 ^ _1319_/CLK (gf180mcu_fd_sc_mcu7t5v0__dffq_1)
     2    0.008703    0.150748    0.660291    0.660291 v _1319_/Q (gf180mcu_fd_sc_mcu7t5v0__dffq_1)
                                                         range_timing_register[5] (net)
                      0.150748    0.000000    0.660291 v _0673_/I (gf180mcu_fd_sc_mcu7t5v0__clkinv_1)
     1    0.004697    0.134212    0.114349    0.774639 ^ _0673_/ZN (gf180mcu_fd_sc_mcu7t5v0__clkinv_1)
                                                         _0194_ (net)
                      0.134212    0.000000    0.774639 ^ _0839_/A1 (gf180mcu_fd_sc_mcu7t5v0__aoi211_1)
     1    0.002389    0.129615    0.115735    0.890375 v _0839_/ZN (gf180mcu_fd_sc_mcu7t5v0__aoi211_1)
                                                         _0050_ (net)
                      0.129615    0.000000    0.890375 v _1319_/D (gf180mcu_fd_sc_mcu7t5v0__dffq_1)
                                              0.890375   data arrival time

                      0.000000    0.000000    0.000000   clock system_clock (rise edge)
                                  0.000000    0.000000   clock network delay (ideal)
                                  0.500000    0.500000   clock uncertainty
                                  0.000000    0.500000   clock reconvergence pessimism
                                              0.500000 ^ _1319_/CLK (gf180mcu_fd_sc_mcu7t5v0__dffq_1)
                                  0.059230    0.559231   library hold time
                                              0.559231   data required time
---------------------------------------------------------------------------------------------
                                              0.559231   data required time
                                             -0.890375   data arrival time
---------------------------------------------------------------------------------------------
                                              0.331144   slack (MET)


Startpoint: _1331_ (rising edge-triggered flip-flop clocked by system_clock)
Endpoint: _1331_ (rising edge-triggered flip-flop clocked by system_clock)
Path Group: system_clock
Path Type: min

Fanout         Cap        Slew       Delay        Time   Description
---------------------------------------------------------------------------------------------
                      0.000000    0.000000    0.000000   clock system_clock (rise edge)
                                  0.000000    0.000000   clock network delay (ideal)
                      0.000000    0.000000    0.000000 ^ _1331_/CLK (gf180mcu_fd_sc_mcu7t5v0__dffq_1)
     2    0.008876    0.152255    0.661452    0.661452 v _1331_/Q (gf180mcu_fd_sc_mcu7t5v0__dffq_1)
                                                         range_timing_register[17] (net)
                      0.152255    0.000000    0.661452 v _0668_/I (gf180mcu_fd_sc_mcu7t5v0__clkinv_1)
     1    0.004697    0.134533    0.114691    0.776143 ^ _0668_/ZN (gf180mcu_fd_sc_mcu7t5v0__clkinv_1)
                                                         _0189_ (net)
                      0.134533    0.000000    0.776143 ^ _0863_/A1 (gf180mcu_fd_sc_mcu7t5v0__aoi211_1)
     1    0.002389    0.129636    0.115796    0.891939 v _0863_/ZN (gf180mcu_fd_sc_mcu7t5v0__aoi211_1)
                                                         _0062_ (net)
                      0.129636    0.000000    0.891939 v _1331_/D (gf180mcu_fd_sc_mcu7t5v0__dffq_1)
                                              0.891939   data arrival time

                      0.000000    0.000000    0.000000   clock system_clock (rise edge)
                                  0.000000    0.000000   clock network delay (ideal)
                                  0.500000    0.500000   clock uncertainty
                                  0.000000    0.500000   clock reconvergence pessimism
                                              0.500000 ^ _1331_/CLK (gf180mcu_fd_sc_mcu7t5v0__dffq_1)
                                  0.059227    0.559227   library hold time
                                              0.559227   data required time
---------------------------------------------------------------------------------------------
                                              0.559227   data required time
                                             -0.891939   data arrival time
---------------------------------------------------------------------------------------------
                                              0.332712   slack (MET)


Startpoint: _1332_ (rising edge-triggered flip-flop clocked by system_clock)
Endpoint: _1332_ (rising edge-triggered flip-flop clocked by system_clock)
Path Group: system_clock
Path Type: min

Fanout         Cap        Slew       Delay        Time   Description
---------------------------------------------------------------------------------------------
                      0.000000    0.000000    0.000000   clock system_clock (rise edge)
                                  0.000000    0.000000   clock network delay (ideal)
                      0.000000    0.000000    0.000000 ^ _1332_/CLK (gf180mcu_fd_sc_mcu7t5v0__dffq_1)
     2    0.008876    0.152255    0.661452    0.661452 v _1332_/Q (gf180mcu_fd_sc_mcu7t5v0__dffq_1)
                                                         range_timing_register[18] (net)
                      0.152255    0.000000    0.661452 v _0667_/I (gf180mcu_fd_sc_mcu7t5v0__clkinv_1)
     1    0.004697    0.134533    0.114691    0.776143 ^ _0667_/ZN (gf180mcu_fd_sc_mcu7t5v0__clkinv_1)
                                                         _0188_ (net)
                      0.134533    0.000000    0.776143 ^ _0865_/A1 (gf180mcu_fd_sc_mcu7t5v0__aoi211_1)
     1    0.002389    0.129636    0.115796    0.891939 v _0865_/ZN (gf180mcu_fd_sc_mcu7t5v0__aoi211_1)
                                                         _0063_ (net)
                      0.129636    0.000000    0.891939 v _1332_/D (gf180mcu_fd_sc_mcu7t5v0__dffq_1)
                                              0.891939   data arrival time

                      0.000000    0.000000    0.000000   clock system_clock (rise edge)
                                  0.000000    0.000000   clock network delay (ideal)
                                  0.500000    0.500000   clock uncertainty
                                  0.000000    0.500000   clock reconvergence pessimism
                                              0.500000 ^ _1332_/CLK (gf180mcu_fd_sc_mcu7t5v0__dffq_1)
                                  0.059227    0.559227   library hold time
                                              0.559227   data required time
---------------------------------------------------------------------------------------------
                                              0.559227   data required time
                                             -0.891939   data arrival time
---------------------------------------------------------------------------------------------
                                              0.332712   slack (MET)


Startpoint: _1334_ (rising edge-triggered flip-flop clocked by system_clock)
Endpoint: _1334_ (rising edge-triggered flip-flop clocked by system_clock)
Path Group: system_clock
Path Type: min

Fanout         Cap        Slew       Delay        Time   Description
---------------------------------------------------------------------------------------------
                      0.000000    0.000000    0.000000   clock system_clock (rise edge)
                                  0.000000    0.000000   clock network delay (ideal)
                      0.000000    0.000000    0.000000 ^ _1334_/CLK (gf180mcu_fd_sc_mcu7t5v0__dffq_1)
     2    0.008876    0.152255    0.661452    0.661452 v _1334_/Q (gf180mcu_fd_sc_mcu7t5v0__dffq_1)
                                                         range_timing_register[20] (net)
                      0.152255    0.000000    0.661452 v _0666_/I (gf180mcu_fd_sc_mcu7t5v0__clkinv_1)
     1    0.004697    0.134533    0.114691    0.776143 ^ _0666_/ZN (gf180mcu_fd_sc_mcu7t5v0__clkinv_1)
                                                         _0187_ (net)
                      0.134533    0.000000    0.776143 ^ _0869_/A1 (gf180mcu_fd_sc_mcu7t5v0__aoi211_1)
     1    0.002389    0.129636    0.115796    0.891939 v _0869_/ZN (gf180mcu_fd_sc_mcu7t5v0__aoi211_1)
                                                         _0065_ (net)
                      0.129636    0.000000    0.891939 v _1334_/D (gf180mcu_fd_sc_mcu7t5v0__dffq_1)
                                              0.891939   data arrival time

                      0.000000    0.000000    0.000000   clock system_clock (rise edge)
                                  0.000000    0.000000   clock network delay (ideal)
                                  0.500000    0.500000   clock uncertainty
                                  0.000000    0.500000   clock reconvergence pessimism
                                              0.500000 ^ _1334_/CLK (gf180mcu_fd_sc_mcu7t5v0__dffq_1)
                                  0.059227    0.559227   library hold time
                                              0.559227   data required time
---------------------------------------------------------------------------------------------
                                              0.559227   data required time
                                             -0.891939   data arrival time
---------------------------------------------------------------------------------------------
                                              0.332712   slack (MET)


Startpoint: _1335_ (rising edge-triggered flip-flop clocked by system_clock)
Endpoint: _1335_ (rising edge-triggered flip-flop clocked by system_clock)
Path Group: system_clock
Path Type: min

Fanout         Cap        Slew       Delay        Time   Description
---------------------------------------------------------------------------------------------
                      0.000000    0.000000    0.000000   clock system_clock (rise edge)
                                  0.000000    0.000000   clock network delay (ideal)
                      0.000000    0.000000    0.000000 ^ _1335_/CLK (gf180mcu_fd_sc_mcu7t5v0__dffq_1)
     2    0.008876    0.152255    0.661452    0.661452 v _1335_/Q (gf180mcu_fd_sc_mcu7t5v0__dffq_1)
                                                         range_timing_register[21] (net)
                      0.152255    0.000000    0.661452 v _0665_/I (gf180mcu_fd_sc_mcu7t5v0__clkinv_1)
     1    0.004697    0.134533    0.114691    0.776143 ^ _0665_/ZN (gf180mcu_fd_sc_mcu7t5v0__clkinv_1)
                                                         _0186_ (net)
                      0.134533    0.000000    0.776143 ^ _0871_/A1 (gf180mcu_fd_sc_mcu7t5v0__aoi211_1)
     1    0.002389    0.129636    0.115796    0.891939 v _0871_/ZN (gf180mcu_fd_sc_mcu7t5v0__aoi211_1)
                                                         _0066_ (net)
                      0.129636    0.000000    0.891939 v _1335_/D (gf180mcu_fd_sc_mcu7t5v0__dffq_1)
                                              0.891939   data arrival time

                      0.000000    0.000000    0.000000   clock system_clock (rise edge)
                                  0.000000    0.000000   clock network delay (ideal)
                                  0.500000    0.500000   clock uncertainty
                                  0.000000    0.500000   clock reconvergence pessimism
                                              0.500000 ^ _1335_/CLK (gf180mcu_fd_sc_mcu7t5v0__dffq_1)
                                  0.059227    0.559227   library hold time
                                              0.559227   data required time
---------------------------------------------------------------------------------------------
                                              0.559227   data required time
                                             -0.891939   data arrival time
---------------------------------------------------------------------------------------------
                                              0.332712   slack (MET)


Startpoint: _1336_ (rising edge-triggered flip-flop clocked by system_clock)
Endpoint: _1336_ (rising edge-triggered flip-flop clocked by system_clock)
Path Group: system_clock
Path Type: min

Fanout         Cap        Slew       Delay        Time   Description
---------------------------------------------------------------------------------------------
                      0.000000    0.000000    0.000000   clock system_clock (rise edge)
                                  0.000000    0.000000   clock network delay (ideal)
                      0.000000    0.000000    0.000000 ^ _1336_/CLK (gf180mcu_fd_sc_mcu7t5v0__dffq_1)
     2    0.008876    0.152255    0.661452    0.661452 v _1336_/Q (gf180mcu_fd_sc_mcu7t5v0__dffq_1)
                                                         range_timing_register[22] (net)
                      0.152255    0.000000    0.661452 v _0664_/I (gf180mcu_fd_sc_mcu7t5v0__clkinv_1)
     1    0.004697    0.134533    0.114691    0.776143 ^ _0664_/ZN (gf180mcu_fd_sc_mcu7t5v0__clkinv_1)
                                                         _0185_ (net)
                      0.134533    0.000000    0.776143 ^ _0873_/A1 (gf180mcu_fd_sc_mcu7t5v0__aoi211_1)
     1    0.002389    0.129636    0.115796    0.891939 v _0873_/ZN (gf180mcu_fd_sc_mcu7t5v0__aoi211_1)
                                                         _0067_ (net)
                      0.129636    0.000000    0.891939 v _1336_/D (gf180mcu_fd_sc_mcu7t5v0__dffq_1)
                                              0.891939   data arrival time

                      0.000000    0.000000    0.000000   clock system_clock (rise edge)
                                  0.000000    0.000000   clock network delay (ideal)
                                  0.500000    0.500000   clock uncertainty
                                  0.000000    0.500000   clock reconvergence pessimism
                                              0.500000 ^ _1336_/CLK (gf180mcu_fd_sc_mcu7t5v0__dffq_1)
                                  0.059227    0.559227   library hold time
                                              0.559227   data required time
---------------------------------------------------------------------------------------------
                                              0.559227   data required time
                                             -0.891939   data arrival time
---------------------------------------------------------------------------------------------
                                              0.332712   slack (MET)


Startpoint: _1337_ (rising edge-triggered flip-flop clocked by system_clock)
Endpoint: _1337_ (rising edge-triggered flip-flop clocked by system_clock)
Path Group: system_clock
Path Type: min

Fanout         Cap        Slew       Delay        Time   Description
---------------------------------------------------------------------------------------------
                      0.000000    0.000000    0.000000   clock system_clock (rise edge)
                                  0.000000    0.000000   clock network delay (ideal)
                      0.000000    0.000000    0.000000 ^ _1337_/CLK (gf180mcu_fd_sc_mcu7t5v0__dffq_1)
     2    0.008876    0.152255    0.661452    0.661452 v _1337_/Q (gf180mcu_fd_sc_mcu7t5v0__dffq_1)
                                                         range_timing_register[23] (net)
                      0.152255    0.000000    0.661452 v _0663_/I (gf180mcu_fd_sc_mcu7t5v0__clkinv_1)
     1    0.004697    0.134533    0.114691    0.776143 ^ _0663_/ZN (gf180mcu_fd_sc_mcu7t5v0__clkinv_1)
                                                         _0184_ (net)
                      0.134533    0.000000    0.776143 ^ _0875_/A1 (gf180mcu_fd_sc_mcu7t5v0__aoi211_1)
     1    0.002389    0.129636    0.115796    0.891939 v _0875_/ZN (gf180mcu_fd_sc_mcu7t5v0__aoi211_1)
                                                         _0068_ (net)
                      0.129636    0.000000    0.891939 v _1337_/D (gf180mcu_fd_sc_mcu7t5v0__dffq_1)
                                              0.891939   data arrival time

                      0.000000    0.000000    0.000000   clock system_clock (rise edge)
                                  0.000000    0.000000   clock network delay (ideal)
                                  0.500000    0.500000   clock uncertainty
                                  0.000000    0.500000   clock reconvergence pessimism
                                              0.500000 ^ _1337_/CLK (gf180mcu_fd_sc_mcu7t5v0__dffq_1)
                                  0.059227    0.559227   library hold time
                                              0.559227   data required time
---------------------------------------------------------------------------------------------
                                              0.559227   data required time
                                             -0.891939   data arrival time
---------------------------------------------------------------------------------------------
                                              0.332712   slack (MET)


Startpoint: _1323_ (rising edge-triggered flip-flop clocked by system_clock)
Endpoint: _1323_ (rising edge-triggered flip-flop clocked by system_clock)
Path Group: system_clock
Path Type: min

Fanout         Cap        Slew       Delay        Time   Description
---------------------------------------------------------------------------------------------
                      0.000000    0.000000    0.000000   clock system_clock (rise edge)
                                  0.000000    0.000000   clock network delay (ideal)
                      0.000000    0.000000    0.000000 ^ _1323_/CLK (gf180mcu_fd_sc_mcu7t5v0__dffq_1)
     2    0.009045    0.153728    0.662586    0.662586 v _1323_/Q (gf180mcu_fd_sc_mcu7t5v0__dffq_1)
                                                         range_timing_register[9] (net)
                      0.153728    0.000000    0.662586 v _0672_/I (gf180mcu_fd_sc_mcu7t5v0__clkinv_1)
     1    0.004697    0.134846    0.115026    0.777612 ^ _0672_/ZN (gf180mcu_fd_sc_mcu7t5v0__clkinv_1)
                                                         _0193_ (net)
                      0.134846    0.000000    0.777612 ^ _0847_/A1 (gf180mcu_fd_sc_mcu7t5v0__aoi211_1)
     1    0.002389    0.129656    0.115855    0.893467 v _0847_/ZN (gf180mcu_fd_sc_mcu7t5v0__aoi211_1)
                                                         _0054_ (net)
                      0.129656    0.000000    0.893467 v _1323_/D (gf180mcu_fd_sc_mcu7t5v0__dffq_1)
                                              0.893467   data arrival time

                      0.000000    0.000000    0.000000   clock system_clock (rise edge)
                                  0.000000    0.000000   clock network delay (ideal)
                                  0.500000    0.500000   clock uncertainty
                                  0.000000    0.500000   clock reconvergence pessimism
                                              0.500000 ^ _1323_/CLK (gf180mcu_fd_sc_mcu7t5v0__dffq_1)
                                  0.059223    0.559223   library hold time
                                              0.559223   data required time
---------------------------------------------------------------------------------------------
                                              0.559223   data required time
                                             -0.893467   data arrival time
---------------------------------------------------------------------------------------------
                                              0.334244   slack (MET)


Startpoint: _1325_ (rising edge-triggered flip-flop clocked by system_clock)
Endpoint: _1325_ (rising edge-triggered flip-flop clocked by system_clock)
Path Group: system_clock
Path Type: min

Fanout         Cap        Slew       Delay        Time   Description
---------------------------------------------------------------------------------------------
                      0.000000    0.000000    0.000000   clock system_clock (rise edge)
                                  0.000000    0.000000   clock network delay (ideal)
                      0.000000    0.000000    0.000000 ^ _1325_/CLK (gf180mcu_fd_sc_mcu7t5v0__dffq_1)
     2    0.009045    0.153728    0.662586    0.662586 v _1325_/Q (gf180mcu_fd_sc_mcu7t5v0__dffq_1)
                                                         range_timing_register[11] (net)
                      0.153728    0.000000    0.662586 v _0671_/I (gf180mcu_fd_sc_mcu7t5v0__clkinv_1)
     1    0.004697    0.134846    0.115026    0.777612 ^ _0671_/ZN (gf180mcu_fd_sc_mcu7t5v0__clkinv_1)
                                                         _0192_ (net)
                      0.134846    0.000000    0.777612 ^ _0851_/A1 (gf180mcu_fd_sc_mcu7t5v0__aoi211_1)
     1    0.002389    0.129656    0.115855    0.893467 v _0851_/ZN (gf180mcu_fd_sc_mcu7t5v0__aoi211_1)
                                                         _0056_ (net)
                      0.129656    0.000000    0.893467 v _1325_/D (gf180mcu_fd_sc_mcu7t5v0__dffq_1)
                                              0.893467   data arrival time

                      0.000000    0.000000    0.000000   clock system_clock (rise edge)
                                  0.000000    0.000000   clock network delay (ideal)
                                  0.500000    0.500000   clock uncertainty
                                  0.000000    0.500000   clock reconvergence pessimism
                                              0.500000 ^ _1325_/CLK (gf180mcu_fd_sc_mcu7t5v0__dffq_1)
                                  0.059223    0.559223   library hold time
                                              0.559223   data required time
---------------------------------------------------------------------------------------------
                                              0.559223   data required time
                                             -0.893467   data arrival time
---------------------------------------------------------------------------------------------
                                              0.334244   slack (MET)


Startpoint: _1326_ (rising edge-triggered flip-flop clocked by system_clock)
Endpoint: _1326_ (rising edge-triggered flip-flop clocked by system_clock)
Path Group: system_clock
Path Type: min

Fanout         Cap        Slew       Delay        Time   Description
---------------------------------------------------------------------------------------------
                      0.000000    0.000000    0.000000   clock system_clock (rise edge)
                                  0.000000    0.000000   clock network delay (ideal)
                      0.000000    0.000000    0.000000 ^ _1326_/CLK (gf180mcu_fd_sc_mcu7t5v0__dffq_1)
     2    0.009045    0.153728    0.662586    0.662586 v _1326_/Q (gf180mcu_fd_sc_mcu7t5v0__dffq_1)
                                                         range_timing_register[12] (net)
                      0.153728    0.000000    0.662586 v _0670_/I (gf180mcu_fd_sc_mcu7t5v0__clkinv_1)
     1    0.004697    0.134846    0.115026    0.777612 ^ _0670_/ZN (gf180mcu_fd_sc_mcu7t5v0__clkinv_1)
                                                         _0191_ (net)
                      0.134846    0.000000    0.777612 ^ _0853_/A1 (gf180mcu_fd_sc_mcu7t5v0__aoi211_1)
     1    0.002389    0.129656    0.115855    0.893467 v _0853_/ZN (gf180mcu_fd_sc_mcu7t5v0__aoi211_1)
                                                         _0057_ (net)
                      0.129656    0.000000    0.893467 v _1326_/D (gf180mcu_fd_sc_mcu7t5v0__dffq_1)
                                              0.893467   data arrival time

                      0.000000    0.000000    0.000000   clock system_clock (rise edge)
                                  0.000000    0.000000   clock network delay (ideal)
                                  0.500000    0.500000   clock uncertainty
                                  0.000000    0.500000   clock reconvergence pessimism
                                              0.500000 ^ _1326_/CLK (gf180mcu_fd_sc_mcu7t5v0__dffq_1)
                                  0.059223    0.559223   library hold time
                                              0.559223   data required time
---------------------------------------------------------------------------------------------
                                              0.559223   data required time
                                             -0.893467   data arrival time
---------------------------------------------------------------------------------------------
                                              0.334244   slack (MET)


Startpoint: _1329_ (rising edge-triggered flip-flop clocked by system_clock)
Endpoint: _1329_ (rising edge-triggered flip-flop clocked by system_clock)
Path Group: system_clock
Path Type: min

Fanout         Cap        Slew       Delay        Time   Description
---------------------------------------------------------------------------------------------
                      0.000000    0.000000    0.000000   clock system_clock (rise edge)
                                  0.000000    0.000000   clock network delay (ideal)
                      0.000000    0.000000    0.000000 ^ _1329_/CLK (gf180mcu_fd_sc_mcu7t5v0__dffq_1)
     2    0.009045    0.153728    0.662586    0.662586 v _1329_/Q (gf180mcu_fd_sc_mcu7t5v0__dffq_1)
                                                         range_timing_register[15] (net)
                      0.153728    0.000000    0.662586 v _0669_/I (gf180mcu_fd_sc_mcu7t5v0__clkinv_1)
     1    0.004697    0.134846    0.115026    0.777612 ^ _0669_/ZN (gf180mcu_fd_sc_mcu7t5v0__clkinv_1)
                                                         _0190_ (net)
                      0.134846    0.000000    0.777612 ^ _0859_/A1 (gf180mcu_fd_sc_mcu7t5v0__aoi211_1)
     1    0.002389    0.129656    0.115855    0.893467 v _0859_/ZN (gf180mcu_fd_sc_mcu7t5v0__aoi211_1)
                                                         _0060_ (net)
                      0.129656    0.000000    0.893467 v _1329_/D (gf180mcu_fd_sc_mcu7t5v0__dffq_1)
                                              0.893467   data arrival time

                      0.000000    0.000000    0.000000   clock system_clock (rise edge)
                                  0.000000    0.000000   clock network delay (ideal)
                                  0.500000    0.500000   clock uncertainty
                                  0.000000    0.500000   clock reconvergence pessimism
                                              0.500000 ^ _1329_/CLK (gf180mcu_fd_sc_mcu7t5v0__dffq_1)
                                  0.059223    0.559223   library hold time
                                              0.559223   data required time
---------------------------------------------------------------------------------------------
                                              0.559223   data required time
                                             -0.893467   data arrival time
---------------------------------------------------------------------------------------------
                                              0.334244   slack (MET)


Startpoint: _1421_ (rising edge-triggered flip-flop clocked by system_clock)
Endpoint: _1421_ (rising edge-triggered flip-flop clocked by system_clock)
Path Group: system_clock
Path Type: min

Fanout         Cap        Slew       Delay        Time   Description
---------------------------------------------------------------------------------------------
                      0.000000    0.000000    0.000000   clock system_clock (rise edge)
                                  0.000000    0.000000   clock network delay (ideal)
                      0.000000    0.000000    0.000000 ^ _1421_/CLK (gf180mcu_fd_sc_mcu7t5v0__dffq_1)
     4    0.012762    0.186112    0.687527    0.687527 v _1421_/Q (gf180mcu_fd_sc_mcu7t5v0__dffq_1)
                                                         ERR_O (net)
                      0.186112    0.000000    0.687527 v _1250_/A1 (gf180mcu_fd_sc_mcu7t5v0__nand2_1)
     1    0.004772    0.159925    0.145041    0.832569 ^ _1250_/ZN (gf180mcu_fd_sc_mcu7t5v0__nand2_1)
                                                         _0619_ (net)
                      0.159925    0.000000    0.832569 ^ _1251_/A2 (gf180mcu_fd_sc_mcu7t5v0__aoi21_1)
     1    0.002389    0.104568    0.096843    0.929412 v _1251_/ZN (gf180mcu_fd_sc_mcu7t5v0__aoi21_1)
                                                         _0152_ (net)
                      0.104568    0.000000    0.929412 v _1421_/D (gf180mcu_fd_sc_mcu7t5v0__dffq_1)
                                              0.929412   data arrival time

                      0.000000    0.000000    0.000000   clock system_clock (rise edge)
                                  0.000000    0.000000   clock network delay (ideal)
                                  0.500000    0.500000   clock uncertainty
                                  0.000000    0.500000   clock reconvergence pessimism
                                              0.500000 ^ _1421_/CLK (gf180mcu_fd_sc_mcu7t5v0__dffq_1)
                                  0.063787    0.563787   library hold time
                                              0.563787   data required time
---------------------------------------------------------------------------------------------
                                              0.563787   data required time
                                             -0.929412   data arrival time
---------------------------------------------------------------------------------------------
                                              0.365625   slack (MET)


Startpoint: _1411_ (rising edge-triggered flip-flop clocked by system_clock)
Endpoint: _1411_ (rising edge-triggered flip-flop clocked by system_clock)
Path Group: system_clock
Path Type: min

Fanout         Cap        Slew       Delay        Time   Description
---------------------------------------------------------------------------------------------
                      0.000000    0.000000    0.000000   clock system_clock (rise edge)
                                  0.000000    0.000000   clock network delay (ideal)
                      0.000000    0.000000    0.000000 ^ _1411_/CLK (gf180mcu_fd_sc_mcu7t5v0__dffq_1)
     4    0.018381    0.235068    0.725232    0.725232 v _1411_/Q (gf180mcu_fd_sc_mcu7t5v0__dffq_1)
                                                         trigger_timer_internal[5] (net)
                      0.235068    0.000000    0.725232 v _1164_/A1 (gf180mcu_fd_sc_mcu7t5v0__aoi21_1)
     1    0.002389    0.209419    0.178820    0.904052 ^ _1164_/ZN (gf180mcu_fd_sc_mcu7t5v0__aoi21_1)
                                                         _0142_ (net)
                      0.209419    0.000000    0.904052 ^ _1411_/D (gf180mcu_fd_sc_mcu7t5v0__dffq_1)
                                              0.904052   data arrival time

                      0.000000    0.000000    0.000000   clock system_clock (rise edge)
                                  0.000000    0.000000   clock network delay (ideal)
                                  0.500000    0.500000   clock uncertainty
                                  0.000000    0.500000   clock reconvergence pessimism
                                              0.500000 ^ _1411_/CLK (gf180mcu_fd_sc_mcu7t5v0__dffq_1)
                                  0.022673    0.522673   library hold time
                                              0.522673   data required time
---------------------------------------------------------------------------------------------
                                              0.522673   data required time
                                             -0.904052   data arrival time
---------------------------------------------------------------------------------------------
                                              0.381379   slack (MET)


Startpoint: _1407_ (rising edge-triggered flip-flop clocked by system_clock)
Endpoint: _1407_ (rising edge-triggered flip-flop clocked by system_clock)
Path Group: system_clock
Path Type: min

Fanout         Cap        Slew       Delay        Time   Description
---------------------------------------------------------------------------------------------
                      0.000000    0.000000    0.000000   clock system_clock (rise edge)
                                  0.000000    0.000000   clock network delay (ideal)
                      0.000000    0.000000    0.000000 ^ _1407_/CLK (gf180mcu_fd_sc_mcu7t5v0__dffq_1)
     3    0.012087    0.180231    0.682998    0.682998 v _1407_/Q (gf180mcu_fd_sc_mcu7t5v0__dffq_1)
                                                         trigger_timer_internal[1] (net)
                      0.180231    0.000000    0.682998 v _1150_/A1 (gf180mcu_fd_sc_mcu7t5v0__nand2_1)
     1    0.004823    0.159615    0.143996    0.826994 ^ _1150_/ZN (gf180mcu_fd_sc_mcu7t5v0__nand2_1)
                                                         _0533_ (net)
                      0.159615    0.000000    0.826994 ^ _1153_/A2 (gf180mcu_fd_sc_mcu7t5v0__oai21_1)
     1    0.002389    0.108857    0.118553    0.945547 v _1153_/ZN (gf180mcu_fd_sc_mcu7t5v0__oai21_1)
                                                         _0138_ (net)
                      0.108857    0.000000    0.945547 v _1407_/D (gf180mcu_fd_sc_mcu7t5v0__dffq_1)
                                              0.945547   data arrival time

                      0.000000    0.000000    0.000000   clock system_clock (rise edge)
                                  0.000000    0.000000   clock network delay (ideal)
                                  0.500000    0.500000   clock uncertainty
                                  0.000000    0.500000   clock reconvergence pessimism
                                              0.500000 ^ _1407_/CLK (gf180mcu_fd_sc_mcu7t5v0__dffq_1)
                                  0.063007    0.563007   library hold time
                                              0.563007   data required time
---------------------------------------------------------------------------------------------
                                              0.563007   data required time
                                             -0.945547   data arrival time
---------------------------------------------------------------------------------------------
                                              0.382540   slack (MET)


Startpoint: _1345_ (rising edge-triggered flip-flop clocked by system_clock)
Endpoint: _1297_ (rising edge-triggered flip-flop clocked by system_clock)
Path Group: system_clock
Path Type: min

Fanout         Cap        Slew       Delay        Time   Description
---------------------------------------------------------------------------------------------
                      0.000000    0.000000    0.000000   clock system_clock (rise edge)
                                  0.000000    0.000000   clock network delay (ideal)
                      0.000000    0.000000    0.000000 ^ _1345_/CLK (gf180mcu_fd_sc_mcu7t5v0__dffq_1)
     2    0.008700    0.150722    0.660271    0.660271 v _1345_/Q (gf180mcu_fd_sc_mcu7t5v0__dffq_1)
                                                         pulse_timing_internal[7] (net)
                      0.150722    0.000000    0.660271 v _0661_/I (gf180mcu_fd_sc_mcu7t5v0__clkinv_1)
     3    0.013125    0.264013    0.193142    0.853412 ^ _0661_/ZN (gf180mcu_fd_sc_mcu7t5v0__clkinv_1)
                                                         _0182_ (net)
                      0.264013    0.000000    0.853412 ^ _0775_/A1 (gf180mcu_fd_sc_mcu7t5v0__aoi21_1)
     1    0.002389    0.130307    0.103062    0.956475 v _0775_/ZN (gf180mcu_fd_sc_mcu7t5v0__aoi21_1)
                                                         _0028_ (net)
                      0.130307    0.000000    0.956475 v _1297_/D (gf180mcu_fd_sc_mcu7t5v0__dffq_1)
                                              0.956475   data arrival time

                      0.000000    0.000000    0.000000   clock system_clock (rise edge)
                                  0.000000    0.000000   clock network delay (ideal)
                                  0.500000    0.500000   clock uncertainty
                                  0.000000    0.500000   clock reconvergence pessimism
                                              0.500000 ^ _1297_/CLK (gf180mcu_fd_sc_mcu7t5v0__dffq_1)
                                  0.059105    0.559105   library hold time
                                              0.559105   data required time
---------------------------------------------------------------------------------------------
                                              0.559105   data required time
                                             -0.956475   data arrival time
---------------------------------------------------------------------------------------------
                                              0.397370   slack (MET)


Startpoint: _1423_ (rising edge-triggered flip-flop clocked by system_clock)
Endpoint: _1423_ (rising edge-triggered flip-flop clocked by system_clock)
Path Group: system_clock
Path Type: min

Fanout         Cap        Slew       Delay        Time   Description
---------------------------------------------------------------------------------------------
                      0.000000    0.000000    0.000000   clock system_clock (rise edge)
                                  0.000000    0.000000   clock network delay (ideal)
                      0.000000    0.000000    0.000000 ^ _1423_/CLK (gf180mcu_fd_sc_mcu7t5v0__dffq_1)
     3    0.016897    0.222139    0.715274    0.715274 v _1423_/Q (gf180mcu_fd_sc_mcu7t5v0__dffq_1)
                                                         pulse_count_threshold_register[8] (net)
                      0.222139    0.000000    0.715274 v _1257_/A1 (gf180mcu_fd_sc_mcu7t5v0__nand2_1)
     1    0.004804    0.167305    0.155043    0.870317 ^ _1257_/ZN (gf180mcu_fd_sc_mcu7t5v0__nand2_1)
                                                         _0624_ (net)
                      0.167305    0.000000    0.870317 ^ _1259_/A1 (gf180mcu_fd_sc_mcu7t5v0__nand2_1)
     1    0.002389    0.108765    0.090831    0.961148 v _1259_/ZN (gf180mcu_fd_sc_mcu7t5v0__nand2_1)
                                                         _0154_ (net)
                      0.108765    0.000000    0.961148 v _1423_/D (gf180mcu_fd_sc_mcu7t5v0__dffq_1)
                                              0.961148   data arrival time

                      0.000000    0.000000    0.000000   clock system_clock (rise edge)
                                  0.000000    0.000000   clock network delay (ideal)
                                  0.500000    0.500000   clock uncertainty
                                  0.000000    0.500000   clock reconvergence pessimism
                                              0.500000 ^ _1423_/CLK (gf180mcu_fd_sc_mcu7t5v0__dffq_1)
                                  0.063024    0.563024   library hold time
                                              0.563024   data required time
---------------------------------------------------------------------------------------------
                                              0.563024   data required time
                                             -0.961148   data arrival time
---------------------------------------------------------------------------------------------
                                              0.398124   slack (MET)


Startpoint: _1424_ (rising edge-triggered flip-flop clocked by system_clock)
Endpoint: _1424_ (rising edge-triggered flip-flop clocked by system_clock)
Path Group: system_clock
Path Type: min

Fanout         Cap        Slew       Delay        Time   Description
---------------------------------------------------------------------------------------------
                      0.000000    0.000000    0.000000   clock system_clock (rise edge)
                                  0.000000    0.000000   clock network delay (ideal)
                      0.000000    0.000000    0.000000 ^ _1424_/CLK (gf180mcu_fd_sc_mcu7t5v0__dffq_1)
     3    0.016897    0.222139    0.715274    0.715274 v _1424_/Q (gf180mcu_fd_sc_mcu7t5v0__dffq_1)
                                                         pulse_count_threshold_register[9] (net)
                      0.222139    0.000000    0.715274 v _1260_/A1 (gf180mcu_fd_sc_mcu7t5v0__nand2_1)
     1    0.004804    0.167305    0.155043    0.870317 ^ _1260_/ZN (gf180mcu_fd_sc_mcu7t5v0__nand2_1)
                                                         _0626_ (net)
                      0.167305    0.000000    0.870317 ^ _1262_/A1 (gf180mcu_fd_sc_mcu7t5v0__nand2_1)
     1    0.002389    0.108765    0.090831    0.961148 v _1262_/ZN (gf180mcu_fd_sc_mcu7t5v0__nand2_1)
                                                         _0155_ (net)
                      0.108765    0.000000    0.961148 v _1424_/D (gf180mcu_fd_sc_mcu7t5v0__dffq_1)
                                              0.961148   data arrival time

                      0.000000    0.000000    0.000000   clock system_clock (rise edge)
                                  0.000000    0.000000   clock network delay (ideal)
                                  0.500000    0.500000   clock uncertainty
                                  0.000000    0.500000   clock reconvergence pessimism
                                              0.500000 ^ _1424_/CLK (gf180mcu_fd_sc_mcu7t5v0__dffq_1)
                                  0.063024    0.563024   library hold time
                                              0.563024   data required time
---------------------------------------------------------------------------------------------
                                              0.563024   data required time
                                             -0.961148   data arrival time
---------------------------------------------------------------------------------------------
                                              0.398124   slack (MET)


Startpoint: _1354_ (rising edge-triggered flip-flop clocked by system_clock)
Endpoint: _1306_ (rising edge-triggered flip-flop clocked by system_clock)
Path Group: system_clock
Path Type: min

Fanout         Cap        Slew       Delay        Time   Description
---------------------------------------------------------------------------------------------
                      0.000000    0.000000    0.000000   clock system_clock (rise edge)
                                  0.000000    0.000000   clock network delay (ideal)
                      0.000000    0.000000    0.000000 ^ _1354_/CLK (gf180mcu_fd_sc_mcu7t5v0__dffq_1)
     3    0.011464    0.174803    0.678818    0.678818 v _1354_/Q (gf180mcu_fd_sc_mcu7t5v0__dffq_1)
                                                         pulse_timing_internal[16] (net)
                      0.174803    0.000000    0.678818 v _0800_/A1 (gf180mcu_fd_sc_mcu7t5v0__nor2_1)
     1    0.004482    0.252848    0.186081    0.864899 ^ _0800_/ZN (gf180mcu_fd_sc_mcu7t5v0__nor2_1)
                                                         _0284_ (net)
                      0.252848    0.000000    0.864899 ^ _0802_/A1 (gf180mcu_fd_sc_mcu7t5v0__nor2_1)
     1    0.002389    0.116391    0.096716    0.961614 v _0802_/ZN (gf180mcu_fd_sc_mcu7t5v0__nor2_1)
                                                         _0037_ (net)
                      0.116391    0.000000    0.961614 v _1306_/D (gf180mcu_fd_sc_mcu7t5v0__dffq_1)
                                              0.961614   data arrival time

                      0.000000    0.000000    0.000000   clock system_clock (rise edge)
                                  0.000000    0.000000   clock network delay (ideal)
                                  0.500000    0.500000   clock uncertainty
                                  0.000000    0.500000   clock reconvergence pessimism
                                              0.500000 ^ _1306_/CLK (gf180mcu_fd_sc_mcu7t5v0__dffq_1)
                                  0.061636    0.561636   library hold time
                                              0.561636   data required time
---------------------------------------------------------------------------------------------
                                              0.561636   data required time
                                             -0.961614   data arrival time
---------------------------------------------------------------------------------------------
                                              0.399978   slack (MET)


Startpoint: _1401_ (rising edge-triggered flip-flop clocked by system_clock)
Endpoint: _1401_ (rising edge-triggered flip-flop clocked by system_clock)
Path Group: system_clock
Path Type: min

Fanout         Cap        Slew       Delay        Time   Description
---------------------------------------------------------------------------------------------
                      0.000000    0.000000    0.000000   clock system_clock (rise edge)
                                  0.000000    0.000000   clock network delay (ideal)
                      0.000000    0.000000    0.000000 ^ _1401_/CLK (gf180mcu_fd_sc_mcu7t5v0__dffq_1)
     3    0.010953    0.170351    0.675389    0.675389 v _1401_/Q (gf180mcu_fd_sc_mcu7t5v0__dffq_1)
                                                         range_timing_internal[22] (net)
                      0.170351    0.000000    0.675389 v _1129_/A1 (gf180mcu_fd_sc_mcu7t5v0__and3_1)
     1    0.002389    0.108641    0.290740    0.966128 v _1129_/Z (gf180mcu_fd_sc_mcu7t5v0__and3_1)
                                                         _0132_ (net)
                      0.108641    0.000000    0.966128 v _1401_/D (gf180mcu_fd_sc_mcu7t5v0__dffq_1)
                                              0.966128   data arrival time

                      0.000000    0.000000    0.000000   clock system_clock (rise edge)
                                  0.000000    0.000000   clock network delay (ideal)
                                  0.500000    0.500000   clock uncertainty
                                  0.000000    0.500000   clock reconvergence pessimism
                                              0.500000 ^ _1401_/CLK (gf180mcu_fd_sc_mcu7t5v0__dffq_1)
                                  0.063046    0.563046   library hold time
                                              0.563046   data required time
---------------------------------------------------------------------------------------------
                                              0.563046   data required time
                                             -0.966128   data arrival time
---------------------------------------------------------------------------------------------
                                              0.403082   slack (MET)


Startpoint: _1400_ (rising edge-triggered flip-flop clocked by system_clock)
Endpoint: _1400_ (rising edge-triggered flip-flop clocked by system_clock)
Path Group: system_clock
Path Type: min

Fanout         Cap        Slew       Delay        Time   Description
---------------------------------------------------------------------------------------------
                      0.000000    0.000000    0.000000   clock system_clock (rise edge)
                                  0.000000    0.000000   clock network delay (ideal)
                      0.000000    0.000000    0.000000 ^ _1400_/CLK (gf180mcu_fd_sc_mcu7t5v0__dffq_1)
     3    0.011041    0.171118    0.675979    0.675979 v _1400_/Q (gf180mcu_fd_sc_mcu7t5v0__dffq_1)
                                                         range_timing_internal[21] (net)
                      0.171118    0.000000    0.675979 v _1128_/A1 (gf180mcu_fd_sc_mcu7t5v0__and3_1)
     1    0.002389    0.108646    0.290968    0.966947 v _1128_/Z (gf180mcu_fd_sc_mcu7t5v0__and3_1)
                                                         _0131_ (net)
                      0.108646    0.000000    0.966947 v _1400_/D (gf180mcu_fd_sc_mcu7t5v0__dffq_1)
                                              0.966947   data arrival time

                      0.000000    0.000000    0.000000   clock system_clock (rise edge)
                                  0.000000    0.000000   clock network delay (ideal)
                                  0.500000    0.500000   clock uncertainty
                                  0.000000    0.500000   clock reconvergence pessimism
                                              0.500000 ^ _1400_/CLK (gf180mcu_fd_sc_mcu7t5v0__dffq_1)
                                  0.063046    0.563046   library hold time
                                              0.563046   data required time
---------------------------------------------------------------------------------------------
                                              0.563046   data required time
                                             -0.966947   data arrival time
---------------------------------------------------------------------------------------------
                                              0.403902   slack (MET)


Startpoint: _1351_ (rising edge-triggered flip-flop clocked by system_clock)
Endpoint: _1303_ (rising edge-triggered flip-flop clocked by system_clock)
Path Group: system_clock
Path Type: min

Fanout         Cap        Slew       Delay        Time   Description
---------------------------------------------------------------------------------------------
                      0.000000    0.000000    0.000000   clock system_clock (rise edge)
                                  0.000000    0.000000   clock network delay (ideal)
                      0.000000    0.000000    0.000000 ^ _1351_/CLK (gf180mcu_fd_sc_mcu7t5v0__dffq_1)
     3    0.011935    0.178907    0.681978    0.681978 v _1351_/Q (gf180mcu_fd_sc_mcu7t5v0__dffq_1)
                                                         pulse_timing_internal[13] (net)
                      0.178907    0.000000    0.681978 v _0791_/A1 (gf180mcu_fd_sc_mcu7t5v0__nor2_1)
     1    0.004482    0.253280    0.187318    0.869296 ^ _0791_/ZN (gf180mcu_fd_sc_mcu7t5v0__nor2_1)
                                                         _0278_ (net)
                      0.253280    0.000000    0.869296 ^ _0793_/A1 (gf180mcu_fd_sc_mcu7t5v0__nor2_1)
     1    0.002389    0.116488    0.096746    0.966043 v _0793_/ZN (gf180mcu_fd_sc_mcu7t5v0__nor2_1)
                                                         _0034_ (net)
                      0.116488    0.000000    0.966043 v _1303_/D (gf180mcu_fd_sc_mcu7t5v0__dffq_1)
                                              0.966043   data arrival time

                      0.000000    0.000000    0.000000   clock system_clock (rise edge)
                                  0.000000    0.000000   clock network delay (ideal)
                                  0.500000    0.500000   clock uncertainty
                                  0.000000    0.500000   clock reconvergence pessimism
                                              0.500000 ^ _1303_/CLK (gf180mcu_fd_sc_mcu7t5v0__dffq_1)
                                  0.061619    0.561619   library hold time
                                              0.561619   data required time
---------------------------------------------------------------------------------------------
                                              0.561619   data required time
                                             -0.966043   data arrival time
---------------------------------------------------------------------------------------------
                                              0.404424   slack (MET)


Startpoint: _1357_ (rising edge-triggered flip-flop clocked by system_clock)
Endpoint: _1309_ (rising edge-triggered flip-flop clocked by system_clock)
Path Group: system_clock
Path Type: min

Fanout         Cap        Slew       Delay        Time   Description
---------------------------------------------------------------------------------------------
                      0.000000    0.000000    0.000000   clock system_clock (rise edge)
                                  0.000000    0.000000   clock network delay (ideal)
                      0.000000    0.000000    0.000000 ^ _1357_/CLK (gf180mcu_fd_sc_mcu7t5v0__dffq_1)
     3    0.011935    0.178907    0.681978    0.681978 v _1357_/Q (gf180mcu_fd_sc_mcu7t5v0__dffq_1)
                                                         pulse_timing_internal[19] (net)
                      0.178907    0.000000    0.681978 v _0809_/A1 (gf180mcu_fd_sc_mcu7t5v0__nor2_1)
     1    0.004482    0.253280    0.187318    0.869296 ^ _0809_/ZN (gf180mcu_fd_sc_mcu7t5v0__nor2_1)
                                                         _0290_ (net)
                      0.253280    0.000000    0.869296 ^ _0811_/A1 (gf180mcu_fd_sc_mcu7t5v0__nor2_1)
     1    0.002389    0.116488    0.096746    0.966043 v _0811_/ZN (gf180mcu_fd_sc_mcu7t5v0__nor2_1)
                                                         _0040_ (net)
                      0.116488    0.000000    0.966043 v _1309_/D (gf180mcu_fd_sc_mcu7t5v0__dffq_1)
                                              0.966043   data arrival time

                      0.000000    0.000000    0.000000   clock system_clock (rise edge)
                                  0.000000    0.000000   clock network delay (ideal)
                                  0.500000    0.500000   clock uncertainty
                                  0.000000    0.500000   clock reconvergence pessimism
                                              0.500000 ^ _1309_/CLK (gf180mcu_fd_sc_mcu7t5v0__dffq_1)
                                  0.061619    0.561619   library hold time
                                              0.561619   data required time
---------------------------------------------------------------------------------------------
                                              0.561619   data required time
                                             -0.966043   data arrival time
---------------------------------------------------------------------------------------------
                                              0.404424   slack (MET)


Startpoint: _1361_ (rising edge-triggered flip-flop clocked by system_clock)
Endpoint: _1313_ (rising edge-triggered flip-flop clocked by system_clock)
Path Group: system_clock
Path Type: min

Fanout         Cap        Slew       Delay        Time   Description
---------------------------------------------------------------------------------------------
                      0.000000    0.000000    0.000000   clock system_clock (rise edge)
                                  0.000000    0.000000   clock network delay (ideal)
                      0.000000    0.000000    0.000000 ^ _1361_/CLK (gf180mcu_fd_sc_mcu7t5v0__dffq_1)
     2    0.011981    0.179308    0.682287    0.682287 v _1361_/Q (gf180mcu_fd_sc_mcu7t5v0__dffq_1)
                                                         pulse_timing_internal[23] (net)
                      0.179308    0.000000    0.682287 v _0821_/A1 (gf180mcu_fd_sc_mcu7t5v0__nor2_1)
     1    0.004482    0.253322    0.187439    0.869726 ^ _0821_/ZN (gf180mcu_fd_sc_mcu7t5v0__nor2_1)
                                                         _0298_ (net)
                      0.253322    0.000000    0.869726 ^ _0823_/A1 (gf180mcu_fd_sc_mcu7t5v0__nor2_1)
     1    0.002389    0.116498    0.096749    0.966475 v _0823_/ZN (gf180mcu_fd_sc_mcu7t5v0__nor2_1)
                                                         _0044_ (net)
                      0.116498    0.000000    0.966475 v _1313_/D (gf180mcu_fd_sc_mcu7t5v0__dffq_1)
                                              0.966475   data arrival time

                      0.000000    0.000000    0.000000   clock system_clock (rise edge)
                                  0.000000    0.000000   clock network delay (ideal)
                                  0.500000    0.500000   clock uncertainty
                                  0.000000    0.500000   clock reconvergence pessimism
                                              0.500000 ^ _1313_/CLK (gf180mcu_fd_sc_mcu7t5v0__dffq_1)
                                  0.061617    0.561617   library hold time
                                              0.561617   data required time
---------------------------------------------------------------------------------------------
                                              0.561617   data required time
                                             -0.966475   data arrival time
---------------------------------------------------------------------------------------------
                                              0.404858   slack (MET)


Startpoint: _1399_ (rising edge-triggered flip-flop clocked by system_clock)
Endpoint: _1399_ (rising edge-triggered flip-flop clocked by system_clock)
Path Group: system_clock
Path Type: min

Fanout         Cap        Slew       Delay        Time   Description
---------------------------------------------------------------------------------------------
                      0.000000    0.000000    0.000000   clock system_clock (rise edge)
                                  0.000000    0.000000   clock network delay (ideal)
                      0.000000    0.000000    0.000000 ^ _1399_/CLK (gf180mcu_fd_sc_mcu7t5v0__dffq_1)
     3    0.011177    0.172303    0.676892    0.676892 v _1399_/Q (gf180mcu_fd_sc_mcu7t5v0__dffq_1)
                                                         range_timing_internal[20] (net)
                      0.172303    0.000000    0.676892 v _1127_/A1 (gf180mcu_fd_sc_mcu7t5v0__and3_1)
     1    0.002389    0.108653    0.291321    0.968213 v _1127_/Z (gf180mcu_fd_sc_mcu7t5v0__and3_1)
                                                         _0130_ (net)
                      0.108653    0.000000    0.968213 v _1399_/D (gf180mcu_fd_sc_mcu7t5v0__dffq_1)
                                              0.968213   data arrival time

                      0.000000    0.000000    0.000000   clock system_clock (rise edge)
                                  0.000000    0.000000   clock network delay (ideal)
                                  0.500000    0.500000   clock uncertainty
                                  0.000000    0.500000   clock reconvergence pessimism
                                              0.500000 ^ _1399_/CLK (gf180mcu_fd_sc_mcu7t5v0__dffq_1)
                                  0.063044    0.563044   library hold time
                                              0.563044   data required time
---------------------------------------------------------------------------------------------
                                              0.563044   data required time
                                             -0.968213   data arrival time
---------------------------------------------------------------------------------------------
                                              0.405168   slack (MET)


Startpoint: _1409_ (rising edge-triggered flip-flop clocked by system_clock)
Endpoint: _1409_ (rising edge-triggered flip-flop clocked by system_clock)
Path Group: system_clock
Path Type: min

Fanout         Cap        Slew       Delay        Time   Description
---------------------------------------------------------------------------------------------
                      0.000000    0.000000    0.000000   clock system_clock (rise edge)
                                  0.000000    0.000000   clock network delay (ideal)
                      0.000000    0.000000    0.000000 ^ _1409_/CLK (gf180mcu_fd_sc_mcu7t5v0__dffq_1)
     2    0.007038    0.135566    0.647294    0.647294 v _1409_/Q (gf180mcu_fd_sc_mcu7t5v0__dffq_1)
                                                         trigger_timer_internal[3] (net)
                      0.135566    0.000000    0.647294 v _0646_/I (gf180mcu_fd_sc_mcu7t5v0__clkinv_1)
     3    0.013882    0.275521    0.195987    0.843281 ^ _0646_/ZN (gf180mcu_fd_sc_mcu7t5v0__clkinv_1)
                                                         _0167_ (net)
                      0.275521    0.000000    0.843281 ^ _1158_/A1 (gf180mcu_fd_sc_mcu7t5v0__oai31_1)
     1    0.002389    0.120911    0.122851    0.966132 v _1158_/ZN (gf180mcu_fd_sc_mcu7t5v0__oai31_1)
                                                         _0140_ (net)
                      0.120911    0.000000    0.966132 v _1409_/D (gf180mcu_fd_sc_mcu7t5v0__dffq_1)
                                              0.966132   data arrival time

                      0.000000    0.000000    0.000000   clock system_clock (rise edge)
                                  0.000000    0.000000   clock network delay (ideal)
                                  0.500000    0.500000   clock uncertainty
                                  0.000000    0.500000   clock reconvergence pessimism
                                              0.500000 ^ _1409_/CLK (gf180mcu_fd_sc_mcu7t5v0__dffq_1)
                                  0.060814    0.560814   library hold time
                                              0.560814   data required time
---------------------------------------------------------------------------------------------
                                              0.560814   data required time
                                             -0.966132   data arrival time
---------------------------------------------------------------------------------------------
                                              0.405318   slack (MET)


Startpoint: _1402_ (rising edge-triggered flip-flop clocked by system_clock)
Endpoint: _1402_ (rising edge-triggered flip-flop clocked by system_clock)
Path Group: system_clock
Path Type: min

Fanout         Cap        Slew       Delay        Time   Description
---------------------------------------------------------------------------------------------
                      0.000000    0.000000    0.000000   clock system_clock (rise edge)
                                  0.000000    0.000000   clock network delay (ideal)
                      0.000000    0.000000    0.000000 ^ _1402_/CLK (gf180mcu_fd_sc_mcu7t5v0__dffq_1)
     3    0.011328    0.173619    0.677905    0.677905 v _1402_/Q (gf180mcu_fd_sc_mcu7t5v0__dffq_1)
                                                         range_timing_internal[23] (net)
                      0.173619    0.000000    0.677905 v _1130_/A1 (gf180mcu_fd_sc_mcu7t5v0__and3_1)
     1    0.002389    0.108661    0.291713    0.969618 v _1130_/Z (gf180mcu_fd_sc_mcu7t5v0__and3_1)
                                                         _0133_ (net)
                      0.108661    0.000000    0.969618 v _1402_/D (gf180mcu_fd_sc_mcu7t5v0__dffq_1)
                                              0.969618   data arrival time

                      0.000000    0.000000    0.000000   clock system_clock (rise edge)
                                  0.000000    0.000000   clock network delay (ideal)
                                  0.500000    0.500000   clock uncertainty
                                  0.000000    0.500000   clock reconvergence pessimism
                                              0.500000 ^ _1402_/CLK (gf180mcu_fd_sc_mcu7t5v0__dffq_1)
                                  0.063043    0.563043   library hold time
                                              0.563043   data required time
---------------------------------------------------------------------------------------------
                                              0.563043   data required time
                                             -0.969618   data arrival time
---------------------------------------------------------------------------------------------
                                              0.406575   slack (MET)


Startpoint: _1422_ (rising edge-triggered flip-flop clocked by system_clock)
Endpoint: _1422_ (rising edge-triggered flip-flop clocked by system_clock)
Path Group: system_clock
Path Type: min

Fanout         Cap        Slew       Delay        Time   Description
---------------------------------------------------------------------------------------------
                      0.000000    0.000000    0.000000   clock system_clock (rise edge)
                                  0.000000    0.000000   clock network delay (ideal)
                      0.000000    0.000000    0.000000 ^ _1422_/CLK (gf180mcu_fd_sc_mcu7t5v0__dffq_1)
     4    0.013407    0.191732    0.691856    0.691856 v _1422_/Q (gf180mcu_fd_sc_mcu7t5v0__dffq_1)
                                                         ACK_O (net)
                      0.191732    0.000000    0.691856 v _1253_/A1 (gf180mcu_fd_sc_mcu7t5v0__aoi22_1)
     1    0.004243    0.201689    0.168123    0.859979 ^ _1253_/ZN (gf180mcu_fd_sc_mcu7t5v0__aoi22_1)
                                                         _0621_ (net)
                      0.201689    0.000000    0.859979 ^ _1254_/A2 (gf180mcu_fd_sc_mcu7t5v0__nor2_1)
     1    0.002389    0.077072    0.116400    0.976379 v _1254_/ZN (gf180mcu_fd_sc_mcu7t5v0__nor2_1)
                                                         _0153_ (net)
                      0.077072    0.000000    0.976379 v _1422_/D (gf180mcu_fd_sc_mcu7t5v0__dffq_1)
                                              0.976379   data arrival time

                      0.000000    0.000000    0.000000   clock system_clock (rise edge)
                                  0.000000    0.000000   clock network delay (ideal)
                                  0.500000    0.500000   clock uncertainty
                                  0.000000    0.500000   clock reconvergence pessimism
                                              0.500000 ^ _1422_/CLK (gf180mcu_fd_sc_mcu7t5v0__dffq_1)
                                  0.068790    0.568790   library hold time
                                              0.568790   data required time
---------------------------------------------------------------------------------------------
                                              0.568790   data required time
                                             -0.976379   data arrival time
---------------------------------------------------------------------------------------------
                                              0.407589   slack (MET)


Startpoint: _1340_ (rising edge-triggered flip-flop clocked by system_clock)
Endpoint: _1292_ (rising edge-triggered flip-flop clocked by system_clock)
Path Group: system_clock
Path Type: min

Fanout         Cap        Slew       Delay        Time   Description
---------------------------------------------------------------------------------------------
                      0.000000    0.000000    0.000000   clock system_clock (rise edge)
                                  0.000000    0.000000   clock network delay (ideal)
                      0.000000    0.000000    0.000000 ^ _1340_/CLK (gf180mcu_fd_sc_mcu7t5v0__dffq_1)
     3    0.012488    0.183725    0.685689    0.685689 v _1340_/Q (gf180mcu_fd_sc_mcu7t5v0__dffq_1)
                                                         pulse_timing_internal[2] (net)
                      0.183725    0.000000    0.685689 v _0760_/A1 (gf180mcu_fd_sc_mcu7t5v0__nor2_1)
     1    0.004482    0.253786    0.188770    0.874459 ^ _0760_/ZN (gf180mcu_fd_sc_mcu7t5v0__nor2_1)
                                                         _0258_ (net)
                      0.253786    0.000000    0.874459 ^ _0762_/A1 (gf180mcu_fd_sc_mcu7t5v0__nor2_1)
     1    0.002389    0.116602    0.096783    0.971241 v _0762_/ZN (gf180mcu_fd_sc_mcu7t5v0__nor2_1)
                                                         _0023_ (net)
                      0.116602    0.000000    0.971241 v _1292_/D (gf180mcu_fd_sc_mcu7t5v0__dffq_1)
                                              0.971241   data arrival time

                      0.000000    0.000000    0.000000   clock system_clock (rise edge)
                                  0.000000    0.000000   clock network delay (ideal)
                                  0.500000    0.500000   clock uncertainty
                                  0.000000    0.500000   clock reconvergence pessimism
                                              0.500000 ^ _1292_/CLK (gf180mcu_fd_sc_mcu7t5v0__dffq_1)
                                  0.061598    0.561598   library hold time
                                              0.561598   data required time
---------------------------------------------------------------------------------------------
                                              0.561598   data required time
                                             -0.971241   data arrival time
---------------------------------------------------------------------------------------------
                                              0.409643   slack (MET)


Startpoint: _1360_ (rising edge-triggered flip-flop clocked by system_clock)
Endpoint: _1312_ (rising edge-triggered flip-flop clocked by system_clock)
Path Group: system_clock
Path Type: min

Fanout         Cap        Slew       Delay        Time   Description
---------------------------------------------------------------------------------------------
                      0.000000    0.000000    0.000000   clock system_clock (rise edge)
                                  0.000000    0.000000   clock network delay (ideal)
                      0.000000    0.000000    0.000000 ^ _1360_/CLK (gf180mcu_fd_sc_mcu7t5v0__dffq_1)
     3    0.012577    0.184500    0.686286    0.686286 v _1360_/Q (gf180mcu_fd_sc_mcu7t5v0__dffq_1)
                                                         pulse_timing_internal[22] (net)
                      0.184500    0.000000    0.686286 v _0818_/A1 (gf180mcu_fd_sc_mcu7t5v0__nor2_1)
     1    0.004482    0.253868    0.189004    0.875290 ^ _0818_/ZN (gf180mcu_fd_sc_mcu7t5v0__nor2_1)
                                                         _0296_ (net)
                      0.253868    0.000000    0.875290 ^ _0820_/A1 (gf180mcu_fd_sc_mcu7t5v0__nor2_1)
     1    0.002389    0.116621    0.096788    0.972078 v _0820_/ZN (gf180mcu_fd_sc_mcu7t5v0__nor2_1)
                                                         _0043_ (net)
                      0.116621    0.000000    0.972078 v _1312_/D (gf180mcu_fd_sc_mcu7t5v0__dffq_1)
                                              0.972078   data arrival time

                      0.000000    0.000000    0.000000   clock system_clock (rise edge)
                                  0.000000    0.000000   clock network delay (ideal)
                                  0.500000    0.500000   clock uncertainty
                                  0.000000    0.500000   clock reconvergence pessimism
                                              0.500000 ^ _1312_/CLK (gf180mcu_fd_sc_mcu7t5v0__dffq_1)
                                  0.061595    0.561595   library hold time
                                              0.561595   data required time
---------------------------------------------------------------------------------------------
                                              0.561595   data required time
                                             -0.972078   data arrival time
---------------------------------------------------------------------------------------------
                                              0.410484   slack (MET)


Startpoint: _1348_ (rising edge-triggered flip-flop clocked by system_clock)
Endpoint: _1300_ (rising edge-triggered flip-flop clocked by system_clock)
Path Group: system_clock
Path Type: min

Fanout         Cap        Slew       Delay        Time   Description
---------------------------------------------------------------------------------------------
                      0.000000    0.000000    0.000000   clock system_clock (rise edge)
                                  0.000000    0.000000   clock network delay (ideal)
                      0.000000    0.000000    0.000000 ^ _1348_/CLK (gf180mcu_fd_sc_mcu7t5v0__dffq_1)
     3    0.013366    0.191375    0.691580    0.691580 v _1348_/Q (gf180mcu_fd_sc_mcu7t5v0__dffq_1)
                                                         pulse_timing_internal[10] (net)
                      0.191375    0.000000    0.691580 v _0782_/A1 (gf180mcu_fd_sc_mcu7t5v0__nor2_1)
     1    0.004482    0.254590    0.191075    0.882656 ^ _0782_/ZN (gf180mcu_fd_sc_mcu7t5v0__nor2_1)
                                                         _0272_ (net)
                      0.254590    0.000000    0.882656 ^ _0784_/A1 (gf180mcu_fd_sc_mcu7t5v0__nor2_1)
     1    0.002389    0.116783    0.096840    0.979496 v _0784_/ZN (gf180mcu_fd_sc_mcu7t5v0__nor2_1)
                                                         _0031_ (net)
                      0.116783    0.000000    0.979496 v _1300_/D (gf180mcu_fd_sc_mcu7t5v0__dffq_1)
                                              0.979496   data arrival time

                      0.000000    0.000000    0.000000   clock system_clock (rise edge)
                                  0.000000    0.000000   clock network delay (ideal)
                                  0.500000    0.500000   clock uncertainty
                                  0.000000    0.500000   clock reconvergence pessimism
                                              0.500000 ^ _1300_/CLK (gf180mcu_fd_sc_mcu7t5v0__dffq_1)
                                  0.061565    0.561565   library hold time
                                              0.561565   data required time
---------------------------------------------------------------------------------------------
                                              0.561565   data required time
                                             -0.979496   data arrival time
---------------------------------------------------------------------------------------------
                                              0.417931   slack (MET)


Startpoint: _1434_ (rising edge-triggered flip-flop clocked by system_clock)
Endpoint: _1434_ (rising edge-triggered flip-flop clocked by system_clock)
Path Group: system_clock
Path Type: min

Fanout         Cap        Slew       Delay        Time   Description
---------------------------------------------------------------------------------------------
                      0.000000    0.000000    0.000000   clock system_clock (rise edge)
                                  0.000000    0.000000   clock network delay (ideal)
                      0.000000    0.000000    0.000000 ^ _1434_/CLK (gf180mcu_fd_sc_mcu7t5v0__dffq_1)
     2    0.009167    0.154791    0.663404    0.663404 v _1434_/Q (gf180mcu_fd_sc_mcu7t5v0__dffq_1)
                                                         pulse_count_threshold_register[3] (net)
                      0.154791    0.000000    0.663404 v _0675_/I (gf180mcu_fd_sc_mcu7t5v0__clkinv_1)
     3    0.014527    0.287291    0.207246    0.870651 ^ _0675_/ZN (gf180mcu_fd_sc_mcu7t5v0__clkinv_1)
                                                         _0196_ (net)
                      0.287291    0.000000    0.870651 ^ _0693_/A1 (gf180mcu_fd_sc_mcu7t5v0__oai21_1)
     1    0.002389    0.125041    0.107620    0.978270 v _0693_/ZN (gf180mcu_fd_sc_mcu7t5v0__oai21_1)
                                                         _0000_ (net)
                      0.125041    0.000000    0.978270 v _1434_/D (gf180mcu_fd_sc_mcu7t5v0__dffq_1)
                                              0.978270   data arrival time

                      0.000000    0.000000    0.000000   clock system_clock (rise edge)
                                  0.000000    0.000000   clock network delay (ideal)
                                  0.500000    0.500000   clock uncertainty
                                  0.000000    0.500000   clock reconvergence pessimism
                                              0.500000 ^ _1434_/CLK (gf180mcu_fd_sc_mcu7t5v0__dffq_1)
                                  0.060063    0.560063   library hold time
                                              0.560063   data required time
---------------------------------------------------------------------------------------------
                                              0.560063   data required time
                                             -0.978270   data arrival time
---------------------------------------------------------------------------------------------
                                              0.418208   slack (MET)


Startpoint: _1360_ (rising edge-triggered flip-flop clocked by system_clock)
Endpoint: _1360_ (rising edge-triggered flip-flop clocked by system_clock)
Path Group: system_clock
Path Type: min

Fanout         Cap        Slew       Delay        Time   Description
---------------------------------------------------------------------------------------------
                      0.000000    0.000000    0.000000   clock system_clock (rise edge)
                                  0.000000    0.000000   clock network delay (ideal)
                      0.000000    0.000000    0.000000 ^ _1360_/CLK (gf180mcu_fd_sc_mcu7t5v0__dffq_1)
     3    0.012577    0.184500    0.686286    0.686286 v _1360_/Q (gf180mcu_fd_sc_mcu7t5v0__dffq_1)
                                                         pulse_timing_internal[22] (net)
                      0.184500    0.000000    0.686286 v _0948_/B (gf180mcu_fd_sc_mcu7t5v0__aoi21_1)
     1    0.004482    0.243118    0.198644    0.884930 ^ _0948_/ZN (gf180mcu_fd_sc_mcu7t5v0__aoi21_1)
                                                         _0378_ (net)
                      0.243118    0.000000    0.884930 ^ _0951_/A1 (gf180mcu_fd_sc_mcu7t5v0__nor2_1)
     1    0.002389    0.114201    0.096020    0.980950 v _0951_/ZN (gf180mcu_fd_sc_mcu7t5v0__nor2_1)
                                                         _0091_ (net)
                      0.114201    0.000000    0.980950 v _1360_/D (gf180mcu_fd_sc_mcu7t5v0__dffq_1)
                                              0.980950   data arrival time

                      0.000000    0.000000    0.000000   clock system_clock (rise edge)
                                  0.000000    0.000000   clock network delay (ideal)
                                  0.500000    0.500000   clock uncertainty
                                  0.000000    0.500000   clock reconvergence pessimism
                                              0.500000 ^ _1360_/CLK (gf180mcu_fd_sc_mcu7t5v0__dffq_1)
                                  0.062035    0.562035   library hold time
                                              0.562035   data required time
---------------------------------------------------------------------------------------------
                                              0.562035   data required time
                                             -0.980950   data arrival time
---------------------------------------------------------------------------------------------
                                              0.418915   slack (MET)


Startpoint: _1408_ (rising edge-triggered flip-flop clocked by system_clock)
Endpoint: _1408_ (rising edge-triggered flip-flop clocked by system_clock)
Path Group: system_clock
Path Type: min

Fanout         Cap        Slew       Delay        Time   Description
---------------------------------------------------------------------------------------------
                      0.000000    0.000000    0.000000   clock system_clock (rise edge)
                                  0.000000    0.000000   clock network delay (ideal)
                      0.000000    0.000000    0.000000 ^ _1408_/CLK (gf180mcu_fd_sc_mcu7t5v0__dffq_1)
     5    0.018495    0.236061    0.725997    0.725997 v _1408_/Q (gf180mcu_fd_sc_mcu7t5v0__dffq_1)
                                                         trigger_timer_internal[2] (net)
                      0.236061    0.000000    0.725997 v _0647_/I (gf180mcu_fd_sc_mcu7t5v0__clkinv_1)
     1    0.004697    0.152355    0.133744    0.859741 ^ _0647_/ZN (gf180mcu_fd_sc_mcu7t5v0__clkinv_1)
                                                         _0168_ (net)
                      0.152355    0.000000    0.859741 ^ _1156_/A1 (gf180mcu_fd_sc_mcu7t5v0__aoi211_1)
     1    0.002389    0.132005    0.118449    0.978191 v _1156_/ZN (gf180mcu_fd_sc_mcu7t5v0__aoi211_1)
                                                         _0139_ (net)
                      0.132005    0.000000    0.978191 v _1408_/D (gf180mcu_fd_sc_mcu7t5v0__dffq_1)
                                              0.978191   data arrival time

                      0.000000    0.000000    0.000000   clock system_clock (rise edge)
                                  0.000000    0.000000   clock network delay (ideal)
                                  0.500000    0.500000   clock uncertainty
                                  0.000000    0.500000   clock reconvergence pessimism
                                              0.500000 ^ _1408_/CLK (gf180mcu_fd_sc_mcu7t5v0__dffq_1)
                                  0.058796    0.558796   library hold time
                                              0.558796   data required time
---------------------------------------------------------------------------------------------
                                              0.558796   data required time
                                             -0.978191   data arrival time
---------------------------------------------------------------------------------------------
                                              0.419395   slack (MET)


Startpoint: _1427_ (rising edge-triggered flip-flop clocked by system_clock)
Endpoint: _1427_ (rising edge-triggered flip-flop clocked by system_clock)
Path Group: system_clock
Path Type: min

Fanout         Cap        Slew       Delay        Time   Description
---------------------------------------------------------------------------------------------
                      0.000000    0.000000    0.000000   clock system_clock (rise edge)
                                  0.000000    0.000000   clock network delay (ideal)
                      0.000000    0.000000    0.000000 ^ _1427_/CLK (gf180mcu_fd_sc_mcu7t5v0__dffq_1)
     2    0.008812    0.151698    0.661022    0.661022 v _1427_/Q (gf180mcu_fd_sc_mcu7t5v0__dffq_1)
                                                         pulse_count_threshold_register[12] (net)
                      0.151698    0.000000    0.661022 v _0645_/I (gf180mcu_fd_sc_mcu7t5v0__clkinv_1)
     2    0.012196    0.249021    0.184837    0.845859 ^ _0645_/ZN (gf180mcu_fd_sc_mcu7t5v0__clkinv_1)
                                                         _0166_ (net)
                      0.249021    0.000000    0.845859 ^ _1270_/A1 (gf180mcu_fd_sc_mcu7t5v0__aoi211_1)
     1    0.002389    0.152191    0.128539    0.974398 v _1270_/ZN (gf180mcu_fd_sc_mcu7t5v0__aoi211_1)
                                                         _0158_ (net)
                      0.152191    0.000000    0.974398 v _1427_/D (gf180mcu_fd_sc_mcu7t5v0__dffq_1)
                                              0.974398   data arrival time

                      0.000000    0.000000    0.000000   clock system_clock (rise edge)
                                  0.000000    0.000000   clock network delay (ideal)
                                  0.500000    0.500000   clock uncertainty
                                  0.000000    0.500000   clock reconvergence pessimism
                                              0.500000 ^ _1427_/CLK (gf180mcu_fd_sc_mcu7t5v0__dffq_1)
                                  0.054499    0.554499   library hold time
                                              0.554499   data required time
---------------------------------------------------------------------------------------------
                                              0.554499   data required time
                                             -0.974398   data arrival time
---------------------------------------------------------------------------------------------
                                              0.419899   slack (MET)


Startpoint: _1344_ (rising edge-triggered flip-flop clocked by system_clock)
Endpoint: _1296_ (rising edge-triggered flip-flop clocked by system_clock)
Path Group: system_clock
Path Type: min

Fanout         Cap        Slew       Delay        Time   Description
---------------------------------------------------------------------------------------------
                      0.000000    0.000000    0.000000   clock system_clock (rise edge)
                                  0.000000    0.000000   clock network delay (ideal)
                      0.000000    0.000000    0.000000 ^ _1344_/CLK (gf180mcu_fd_sc_mcu7t5v0__dffq_1)
     1    0.004218    0.109620    0.624653    0.624653 v _1344_/Q (gf180mcu_fd_sc_mcu7t5v0__dffq_1)
                                                         pulse_timing_internal[6] (net)
                      0.109620    0.000000    0.624653 v _0662_/I (gf180mcu_fd_sc_mcu7t5v0__clkinv_1)
     5    0.019783    0.372773    0.243840    0.868493 ^ _0662_/ZN (gf180mcu_fd_sc_mcu7t5v0__clkinv_1)
                                                         _0183_ (net)
                      0.372773    0.000000    0.868493 ^ _0773_/A1 (gf180mcu_fd_sc_mcu7t5v0__aoi21_1)
     1    0.002389    0.151799    0.107181    0.975674 v _0773_/ZN (gf180mcu_fd_sc_mcu7t5v0__aoi21_1)
                                                         _0027_ (net)
                      0.151799    0.000000    0.975674 v _1296_/D (gf180mcu_fd_sc_mcu7t5v0__dffq_1)
                                              0.975674   data arrival time

                      0.000000    0.000000    0.000000   clock system_clock (rise edge)
                                  0.000000    0.000000   clock network delay (ideal)
                                  0.500000    0.500000   clock uncertainty
                                  0.000000    0.500000   clock reconvergence pessimism
                                              0.500000 ^ _1296_/CLK (gf180mcu_fd_sc_mcu7t5v0__dffq_1)
                                  0.054600    0.554600   library hold time
                                              0.554600   data required time
---------------------------------------------------------------------------------------------
                                              0.554600   data required time
                                             -0.975674   data arrival time
---------------------------------------------------------------------------------------------
                                              0.421075   slack (MET)


Startpoint: _1387_ (rising edge-triggered flip-flop clocked by system_clock)
Endpoint: _1387_ (rising edge-triggered flip-flop clocked by system_clock)
Path Group: system_clock
Path Type: min

Fanout         Cap        Slew       Delay        Time   Description
---------------------------------------------------------------------------------------------
                      0.000000    0.000000    0.000000   clock system_clock (rise edge)
                                  0.000000    0.000000   clock network delay (ideal)
                      0.000000    0.000000    0.000000 ^ _1387_/CLK (gf180mcu_fd_sc_mcu7t5v0__dffq_1)
     2    0.009167    0.154791    0.663404    0.663404 v _1387_/Q (gf180mcu_fd_sc_mcu7t5v0__dffq_1)
                                                         range_timing_internal[8] (net)
                      0.154791    0.000000    0.663404 v _1082_/A1 (gf180mcu_fd_sc_mcu7t5v0__aoi22_1)
     1    0.004045    0.192040    0.154945    0.818349 ^ _1082_/ZN (gf180mcu_fd_sc_mcu7t5v0__aoi22_1)
                                                         _0485_ (net)
                      0.192040    0.000000    0.818349 ^ _1083_/B (gf180mcu_fd_sc_mcu7t5v0__aoi211_1)
     1    0.002389    0.147457    0.161947    0.980296 v _1083_/ZN (gf180mcu_fd_sc_mcu7t5v0__aoi211_1)
                                                         _0118_ (net)
                      0.147457    0.000000    0.980296 v _1387_/D (gf180mcu_fd_sc_mcu7t5v0__dffq_1)
                                              0.980296   data arrival time

                      0.000000    0.000000    0.000000   clock system_clock (rise edge)
                                  0.000000    0.000000   clock network delay (ideal)
                                  0.500000    0.500000   clock uncertainty
                                  0.000000    0.500000   clock reconvergence pessimism
                                              0.500000 ^ _1387_/CLK (gf180mcu_fd_sc_mcu7t5v0__dffq_1)
                                  0.055717    0.555717   library hold time
                                              0.555717   data required time
---------------------------------------------------------------------------------------------
                                              0.555717   data required time
                                             -0.980296   data arrival time
---------------------------------------------------------------------------------------------
                                              0.424579   slack (MET)


Startpoint: _1345_ (rising edge-triggered flip-flop clocked by system_clock)
Endpoint: _1345_ (rising edge-triggered flip-flop clocked by system_clock)
Path Group: system_clock
Path Type: min

Fanout         Cap        Slew       Delay        Time   Description
---------------------------------------------------------------------------------------------
                      0.000000    0.000000    0.000000   clock system_clock (rise edge)
                                  0.000000    0.000000   clock network delay (ideal)
                      0.000000    0.000000    0.000000 ^ _1345_/CLK (gf180mcu_fd_sc_mcu7t5v0__dffq_1)
     2    0.008700    0.150722    0.660271    0.660271 v _1345_/Q (gf180mcu_fd_sc_mcu7t5v0__dffq_1)
                                                         pulse_timing_internal[7] (net)
                      0.150722    0.000000    0.660271 v _0902_/A1 (gf180mcu_fd_sc_mcu7t5v0__nor2_1)
     1    0.003979    0.235558    0.170554    0.830825 ^ _0902_/ZN (gf180mcu_fd_sc_mcu7t5v0__nor2_1)
                                                         _0347_ (net)
                      0.235558    0.000000    0.830825 ^ _0904_/A2 (gf180mcu_fd_sc_mcu7t5v0__nor3_1)
     1    0.002389    0.161358    0.146562    0.977387 v _0904_/ZN (gf180mcu_fd_sc_mcu7t5v0__nor3_1)
                                                         _0076_ (net)
                      0.161358    0.000000    0.977387 v _1345_/D (gf180mcu_fd_sc_mcu7t5v0__dffq_1)
                                              0.977387   data arrival time

                      0.000000    0.000000    0.000000   clock system_clock (rise edge)
                                  0.000000    0.000000   clock network delay (ideal)
                                  0.500000    0.500000   clock uncertainty
                                  0.000000    0.500000   clock reconvergence pessimism
                                              0.500000 ^ _1345_/CLK (gf180mcu_fd_sc_mcu7t5v0__dffq_1)
                                  0.052141    0.552141   library hold time
                                              0.552141   data required time
---------------------------------------------------------------------------------------------
                                              0.552141   data required time
                                             -0.977387   data arrival time
---------------------------------------------------------------------------------------------
                                              0.425246   slack (MET)


Startpoint: _1290_ (rising edge-triggered flip-flop clocked by system_clock)
Endpoint: _1290_ (rising edge-triggered flip-flop clocked by system_clock)
Path Group: system_clock
Path Type: min

Fanout         Cap        Slew       Delay        Time   Description
---------------------------------------------------------------------------------------------
                      0.000000    0.000000    0.000000   clock system_clock (rise edge)
                                  0.000000    0.000000   clock network delay (ideal)
                      0.000000    0.000000    0.000000 ^ _1290_/CLK (gf180mcu_fd_sc_mcu7t5v0__dffq_1)
     2    0.009453    0.157283    0.665323    0.665323 v _1290_/Q (gf180mcu_fd_sc_mcu7t5v0__dffq_1)
                                                         pulse_timing_register[0] (net)
                      0.157283    0.000000    0.665323 v _0755_/A1 (gf180mcu_fd_sc_mcu7t5v0__oai21_1)
     1    0.004243    0.268250    0.198138    0.863461 ^ _0755_/ZN (gf180mcu_fd_sc_mcu7t5v0__oai21_1)
                                                         _0255_ (net)
                      0.268250    0.000000    0.863461 ^ _0756_/A2 (gf180mcu_fd_sc_mcu7t5v0__nor2_1)
     1    0.002389    0.116990    0.124620    0.988082 v _0756_/ZN (gf180mcu_fd_sc_mcu7t5v0__nor2_1)
                                                         _0021_ (net)
                      0.116990    0.000000    0.988082 v _1290_/D (gf180mcu_fd_sc_mcu7t5v0__dffq_1)
                                              0.988082   data arrival time

                      0.000000    0.000000    0.000000   clock system_clock (rise edge)
                                  0.000000    0.000000   clock network delay (ideal)
                                  0.500000    0.500000   clock uncertainty
                                  0.000000    0.500000   clock reconvergence pessimism
                                              0.500000 ^ _1290_/CLK (gf180mcu_fd_sc_mcu7t5v0__dffq_1)
                                  0.061527    0.561527   library hold time
                                              0.561527   data required time
---------------------------------------------------------------------------------------------
                                              0.561527   data required time
                                             -0.988082   data arrival time
---------------------------------------------------------------------------------------------
                                              0.426554   slack (MET)


Startpoint: _1301_ (rising edge-triggered flip-flop clocked by system_clock)
Endpoint: _1301_ (rising edge-triggered flip-flop clocked by system_clock)
Path Group: system_clock
Path Type: min

Fanout         Cap        Slew       Delay        Time   Description
---------------------------------------------------------------------------------------------
                      0.000000    0.000000    0.000000   clock system_clock (rise edge)
                                  0.000000    0.000000   clock network delay (ideal)
                      0.000000    0.000000    0.000000 ^ _1301_/CLK (gf180mcu_fd_sc_mcu7t5v0__dffq_1)
     2    0.009453    0.157283    0.665323    0.665323 v _1301_/Q (gf180mcu_fd_sc_mcu7t5v0__dffq_1)
                                                         pulse_timing_register[11] (net)
                      0.157283    0.000000    0.665323 v _0786_/A1 (gf180mcu_fd_sc_mcu7t5v0__oai21_1)
     1    0.004243    0.268250    0.198138    0.863461 ^ _0786_/ZN (gf180mcu_fd_sc_mcu7t5v0__oai21_1)
                                                         _0275_ (net)
                      0.268250    0.000000    0.863461 ^ _0787_/A2 (gf180mcu_fd_sc_mcu7t5v0__nor2_1)
     1    0.002389    0.117065    0.124620    0.988082 v _0787_/ZN (gf180mcu_fd_sc_mcu7t5v0__nor2_1)
                                                         _0032_ (net)
                      0.117065    0.000000    0.988082 v _1301_/D (gf180mcu_fd_sc_mcu7t5v0__dffq_1)
                                              0.988082   data arrival time

                      0.000000    0.000000    0.000000   clock system_clock (rise edge)
                                  0.000000    0.000000   clock network delay (ideal)
                                  0.500000    0.500000   clock uncertainty
                                  0.000000    0.500000   clock reconvergence pessimism
                                              0.500000 ^ _1301_/CLK (gf180mcu_fd_sc_mcu7t5v0__dffq_1)
                                  0.061514    0.561514   library hold time
                                              0.561514   data required time
---------------------------------------------------------------------------------------------
                                              0.561514   data required time
                                             -0.988082   data arrival time
---------------------------------------------------------------------------------------------
                                              0.426568   slack (MET)


Startpoint: _1304_ (rising edge-triggered flip-flop clocked by system_clock)
Endpoint: _1304_ (rising edge-triggered flip-flop clocked by system_clock)
Path Group: system_clock
Path Type: min

Fanout         Cap        Slew       Delay        Time   Description
---------------------------------------------------------------------------------------------
                      0.000000    0.000000    0.000000   clock system_clock (rise edge)
                                  0.000000    0.000000   clock network delay (ideal)
                      0.000000    0.000000    0.000000 ^ _1304_/CLK (gf180mcu_fd_sc_mcu7t5v0__dffq_1)
     2    0.009453    0.157283    0.665323    0.665323 v _1304_/Q (gf180mcu_fd_sc_mcu7t5v0__dffq_1)
                                                         pulse_timing_register[14] (net)
                      0.157283    0.000000    0.665323 v _0795_/A1 (gf180mcu_fd_sc_mcu7t5v0__oai21_1)
     1    0.004243    0.268250    0.198138    0.863461 ^ _0795_/ZN (gf180mcu_fd_sc_mcu7t5v0__oai21_1)
                                                         _0281_ (net)
                      0.268250    0.000000    0.863461 ^ _0796_/A2 (gf180mcu_fd_sc_mcu7t5v0__nor2_1)
     1    0.002389    0.117065    0.124620    0.988082 v _0796_/ZN (gf180mcu_fd_sc_mcu7t5v0__nor2_1)
                                                         _0035_ (net)
                      0.117065    0.000000    0.988082 v _1304_/D (gf180mcu_fd_sc_mcu7t5v0__dffq_1)
                                              0.988082   data arrival time

                      0.000000    0.000000    0.000000   clock system_clock (rise edge)
                                  0.000000    0.000000   clock network delay (ideal)
                                  0.500000    0.500000   clock uncertainty
                                  0.000000    0.500000   clock reconvergence pessimism
                                              0.500000 ^ _1304_/CLK (gf180mcu_fd_sc_mcu7t5v0__dffq_1)
                                  0.061514    0.561514   library hold time
                                              0.561514   data required time
---------------------------------------------------------------------------------------------
                                              0.561514   data required time
                                             -0.988082   data arrival time
---------------------------------------------------------------------------------------------
                                              0.426568   slack (MET)


Startpoint: _1307_ (rising edge-triggered flip-flop clocked by system_clock)
Endpoint: _1307_ (rising edge-triggered flip-flop clocked by system_clock)
Path Group: system_clock
Path Type: min

Fanout         Cap        Slew       Delay        Time   Description
---------------------------------------------------------------------------------------------
                      0.000000    0.000000    0.000000   clock system_clock (rise edge)
                                  0.000000    0.000000   clock network delay (ideal)
                      0.000000    0.000000    0.000000 ^ _1307_/CLK (gf180mcu_fd_sc_mcu7t5v0__dffq_1)
     2    0.009453    0.157283    0.665323    0.665323 v _1307_/Q (gf180mcu_fd_sc_mcu7t5v0__dffq_1)
                                                         pulse_timing_register[17] (net)
                      0.157283    0.000000    0.665323 v _0804_/A1 (gf180mcu_fd_sc_mcu7t5v0__oai21_1)
     1    0.004243    0.268250    0.198138    0.863461 ^ _0804_/ZN (gf180mcu_fd_sc_mcu7t5v0__oai21_1)
                                                         _0287_ (net)
                      0.268250    0.000000    0.863461 ^ _0805_/A2 (gf180mcu_fd_sc_mcu7t5v0__nor2_1)
     1    0.002389    0.117065    0.124620    0.988082 v _0805_/ZN (gf180mcu_fd_sc_mcu7t5v0__nor2_1)
                                                         _0038_ (net)
                      0.117065    0.000000    0.988082 v _1307_/D (gf180mcu_fd_sc_mcu7t5v0__dffq_1)
                                              0.988082   data arrival time

                      0.000000    0.000000    0.000000   clock system_clock (rise edge)
                                  0.000000    0.000000   clock network delay (ideal)
                                  0.500000    0.500000   clock uncertainty
                                  0.000000    0.500000   clock reconvergence pessimism
                                              0.500000 ^ _1307_/CLK (gf180mcu_fd_sc_mcu7t5v0__dffq_1)
                                  0.061514    0.561514   library hold time
                                              0.561514   data required time
---------------------------------------------------------------------------------------------
                                              0.561514   data required time
                                             -0.988082   data arrival time
---------------------------------------------------------------------------------------------
                                              0.426568   slack (MET)


Startpoint: _1302_ (rising edge-triggered flip-flop clocked by system_clock)
Endpoint: _1302_ (rising edge-triggered flip-flop clocked by system_clock)
Path Group: system_clock
Path Type: min

Fanout         Cap        Slew       Delay        Time   Description
---------------------------------------------------------------------------------------------
                      0.000000    0.000000    0.000000   clock system_clock (rise edge)
                                  0.000000    0.000000   clock network delay (ideal)
                      0.000000    0.000000    0.000000 ^ _1302_/CLK (gf180mcu_fd_sc_mcu7t5v0__dffq_1)
     2    0.009453    0.157283    0.665323    0.665323 v _1302_/Q (gf180mcu_fd_sc_mcu7t5v0__dffq_1)
                                                         pulse_timing_register[12] (net)
                      0.157283    0.000000    0.665323 v _0789_/A1 (gf180mcu_fd_sc_mcu7t5v0__oai21_1)
     1    0.004243    0.268250    0.198138    0.863461 ^ _0789_/ZN (gf180mcu_fd_sc_mcu7t5v0__oai21_1)
                                                         _0277_ (net)
                      0.268250    0.000000    0.863461 ^ _0790_/A2 (gf180mcu_fd_sc_mcu7t5v0__nor2_1)
     1    0.002389    0.117079    0.124620    0.988082 v _0790_/ZN (gf180mcu_fd_sc_mcu7t5v0__nor2_1)
                                                         _0033_ (net)
                      0.117079    0.000000    0.988082 v _1302_/D (gf180mcu_fd_sc_mcu7t5v0__dffq_1)
                                              0.988082   data arrival time

                      0.000000    0.000000    0.000000   clock system_clock (rise edge)
                                  0.000000    0.000000   clock network delay (ideal)
                                  0.500000    0.500000   clock uncertainty
                                  0.000000    0.500000   clock reconvergence pessimism
                                              0.500000 ^ _1302_/CLK (gf180mcu_fd_sc_mcu7t5v0__dffq_1)
                                  0.061511    0.561511   library hold time
                                              0.561511   data required time
---------------------------------------------------------------------------------------------
                                              0.561511   data required time
                                             -0.988082   data arrival time
---------------------------------------------------------------------------------------------
                                              0.426571   slack (MET)


Startpoint: _1299_ (rising edge-triggered flip-flop clocked by system_clock)
Endpoint: _1299_ (rising edge-triggered flip-flop clocked by system_clock)
Path Group: system_clock
Path Type: min

Fanout         Cap        Slew       Delay        Time   Description
---------------------------------------------------------------------------------------------
                      0.000000    0.000000    0.000000   clock system_clock (rise edge)
                                  0.000000    0.000000   clock network delay (ideal)
                      0.000000    0.000000    0.000000 ^ _1299_/CLK (gf180mcu_fd_sc_mcu7t5v0__dffq_1)
     2    0.009453    0.157283    0.665323    0.665323 v _1299_/Q (gf180mcu_fd_sc_mcu7t5v0__dffq_1)
                                                         pulse_timing_register[9] (net)
                      0.157283    0.000000    0.665323 v _0780_/A1 (gf180mcu_fd_sc_mcu7t5v0__oai21_1)
     1    0.004243    0.268250    0.198138    0.863461 ^ _0780_/ZN (gf180mcu_fd_sc_mcu7t5v0__oai21_1)
                                                         _0271_ (net)
                      0.268250    0.000000    0.863461 ^ _0781_/A2 (gf180mcu_fd_sc_mcu7t5v0__nor2_1)
     1    0.002389    0.117222    0.124620    0.988082 v _0781_/ZN (gf180mcu_fd_sc_mcu7t5v0__nor2_1)
                                                         _0030_ (net)
                      0.117222    0.000000    0.988082 v _1299_/D (gf180mcu_fd_sc_mcu7t5v0__dffq_1)
                                              0.988082   data arrival time

                      0.000000    0.000000    0.000000   clock system_clock (rise edge)
                                  0.000000    0.000000   clock network delay (ideal)
                                  0.500000    0.500000   clock uncertainty
                                  0.000000    0.500000   clock reconvergence pessimism
                                              0.500000 ^ _1299_/CLK (gf180mcu_fd_sc_mcu7t5v0__dffq_1)
                                  0.061485    0.561485   library hold time
                                              0.561485   data required time
---------------------------------------------------------------------------------------------
                                              0.561485   data required time
                                             -0.988082   data arrival time
---------------------------------------------------------------------------------------------
                                              0.426597   slack (MET)


Startpoint: _1293_ (rising edge-triggered flip-flop clocked by system_clock)
Endpoint: _1293_ (rising edge-triggered flip-flop clocked by system_clock)
Path Group: system_clock
Path Type: min

Fanout         Cap        Slew       Delay        Time   Description
---------------------------------------------------------------------------------------------
                      0.000000    0.000000    0.000000   clock system_clock (rise edge)
                                  0.000000    0.000000   clock network delay (ideal)
                      0.000000    0.000000    0.000000 ^ _1293_/CLK (gf180mcu_fd_sc_mcu7t5v0__dffq_1)
     2    0.009453    0.157283    0.665323    0.665323 v _1293_/Q (gf180mcu_fd_sc_mcu7t5v0__dffq_1)
                                                         pulse_timing_register[3] (net)
                      0.157283    0.000000    0.665323 v _0764_/A1 (gf180mcu_fd_sc_mcu7t5v0__oai21_1)
     1    0.004243    0.268250    0.198138    0.863461 ^ _0764_/ZN (gf180mcu_fd_sc_mcu7t5v0__oai21_1)
                                                         _0261_ (net)
                      0.268250    0.000000    0.863461 ^ _0765_/A2 (gf180mcu_fd_sc_mcu7t5v0__nor2_1)
     1    0.002389    0.117267    0.124620    0.988082 v _0765_/ZN (gf180mcu_fd_sc_mcu7t5v0__nor2_1)
                                                         _0024_ (net)
                      0.117267    0.000000    0.988082 v _1293_/D (gf180mcu_fd_sc_mcu7t5v0__dffq_1)
                                              0.988082   data arrival time

                      0.000000    0.000000    0.000000   clock system_clock (rise edge)
                                  0.000000    0.000000   clock network delay (ideal)
                                  0.500000    0.500000   clock uncertainty
                                  0.000000    0.500000   clock reconvergence pessimism
                                              0.500000 ^ _1293_/CLK (gf180mcu_fd_sc_mcu7t5v0__dffq_1)
                                  0.061477    0.561477   library hold time
                                              0.561477   data required time
---------------------------------------------------------------------------------------------
                                              0.561477   data required time
                                             -0.988082   data arrival time
---------------------------------------------------------------------------------------------
                                              0.426605   slack (MET)


Startpoint: _1305_ (rising edge-triggered flip-flop clocked by system_clock)
Endpoint: _1305_ (rising edge-triggered flip-flop clocked by system_clock)
Path Group: system_clock
Path Type: min

Fanout         Cap        Slew       Delay        Time   Description
---------------------------------------------------------------------------------------------
                      0.000000    0.000000    0.000000   clock system_clock (rise edge)
                                  0.000000    0.000000   clock network delay (ideal)
                      0.000000    0.000000    0.000000 ^ _1305_/CLK (gf180mcu_fd_sc_mcu7t5v0__dffq_1)
     2    0.009453    0.157283    0.665323    0.665323 v _1305_/Q (gf180mcu_fd_sc_mcu7t5v0__dffq_1)
                                                         pulse_timing_register[15] (net)
                      0.157283    0.000000    0.665323 v _0798_/A1 (gf180mcu_fd_sc_mcu7t5v0__oai21_1)
     1    0.004243    0.268250    0.198138    0.863461 ^ _0798_/ZN (gf180mcu_fd_sc_mcu7t5v0__oai21_1)
                                                         _0283_ (net)
                      0.268250    0.000000    0.863461 ^ _0799_/A2 (gf180mcu_fd_sc_mcu7t5v0__nor2_1)
     1    0.002389    0.118639    0.124620    0.988082 v _0799_/ZN (gf180mcu_fd_sc_mcu7t5v0__nor2_1)
                                                         _0036_ (net)
                      0.118639    0.000000    0.988082 v _1305_/D (gf180mcu_fd_sc_mcu7t5v0__dffq_1)
                                              0.988082   data arrival time

                      0.000000    0.000000    0.000000   clock system_clock (rise edge)
                                  0.000000    0.000000   clock network delay (ideal)
                                  0.500000    0.500000   clock uncertainty
                                  0.000000    0.500000   clock reconvergence pessimism
                                              0.500000 ^ _1305_/CLK (gf180mcu_fd_sc_mcu7t5v0__dffq_1)
                                  0.061227    0.561227   library hold time
                                              0.561227   data required time
---------------------------------------------------------------------------------------------
                                              0.561227   data required time
                                             -0.988082   data arrival time
---------------------------------------------------------------------------------------------
                                              0.426854   slack (MET)


Startpoint: _1298_ (rising edge-triggered flip-flop clocked by system_clock)
Endpoint: _1298_ (rising edge-triggered flip-flop clocked by system_clock)
Path Group: system_clock
Path Type: min

Fanout         Cap        Slew       Delay        Time   Description
---------------------------------------------------------------------------------------------
                      0.000000    0.000000    0.000000   clock system_clock (rise edge)
                                  0.000000    0.000000   clock network delay (ideal)
                      0.000000    0.000000    0.000000 ^ _1298_/CLK (gf180mcu_fd_sc_mcu7t5v0__dffq_1)
     2    0.009453    0.157283    0.665323    0.665323 v _1298_/Q (gf180mcu_fd_sc_mcu7t5v0__dffq_1)
                                                         pulse_timing_register[8] (net)
                      0.157283    0.000000    0.665323 v _0777_/A1 (gf180mcu_fd_sc_mcu7t5v0__oai21_1)
     1    0.004243    0.268250    0.198138    0.863461 ^ _0777_/ZN (gf180mcu_fd_sc_mcu7t5v0__oai21_1)
                                                         _0269_ (net)
                      0.268250    0.000000    0.863461 ^ _0778_/A2 (gf180mcu_fd_sc_mcu7t5v0__nor2_1)
     1    0.002389    0.119505    0.124620    0.988082 v _0778_/ZN (gf180mcu_fd_sc_mcu7t5v0__nor2_1)
                                                         _0029_ (net)
                      0.119505    0.000000    0.988082 v _1298_/D (gf180mcu_fd_sc_mcu7t5v0__dffq_1)
                                              0.988082   data arrival time

                      0.000000    0.000000    0.000000   clock system_clock (rise edge)
                                  0.000000    0.000000   clock network delay (ideal)
                                  0.500000    0.500000   clock uncertainty
                                  0.000000    0.500000   clock reconvergence pessimism
                                              0.500000 ^ _1298_/CLK (gf180mcu_fd_sc_mcu7t5v0__dffq_1)
                                  0.061070    0.561070   library hold time
                                              0.561070   data required time
---------------------------------------------------------------------------------------------
                                              0.561070   data required time
                                             -0.988082   data arrival time
---------------------------------------------------------------------------------------------
                                              0.427012   slack (MET)


Startpoint: _1316_ (rising edge-triggered flip-flop clocked by system_clock)
Endpoint: _1316_ (rising edge-triggered flip-flop clocked by system_clock)
Path Group: system_clock
Path Type: min

Fanout         Cap        Slew       Delay        Time   Description
---------------------------------------------------------------------------------------------
                      0.000000    0.000000    0.000000   clock system_clock (rise edge)
                                  0.000000    0.000000   clock network delay (ideal)
                      0.000000    0.000000    0.000000 ^ _1316_/CLK (gf180mcu_fd_sc_mcu7t5v0__dffq_1)
     2    0.009453    0.157283    0.665323    0.665323 v _1316_/Q (gf180mcu_fd_sc_mcu7t5v0__dffq_1)
                                                         range_timing_register[2] (net)
                      0.157283    0.000000    0.665323 v _0831_/A1 (gf180mcu_fd_sc_mcu7t5v0__oai21_1)
     1    0.004243    0.268250    0.198138    0.863461 ^ _0831_/ZN (gf180mcu_fd_sc_mcu7t5v0__oai21_1)
                                                         _0305_ (net)
                      0.268250    0.000000    0.863461 ^ _0832_/A2 (gf180mcu_fd_sc_mcu7t5v0__nor2_1)
     1    0.002389    0.120027    0.124620    0.988082 v _0832_/ZN (gf180mcu_fd_sc_mcu7t5v0__nor2_1)
                                                         _0047_ (net)
                      0.120027    0.000000    0.988082 v _1316_/D (gf180mcu_fd_sc_mcu7t5v0__dffq_1)
                                              0.988082   data arrival time

                      0.000000    0.000000    0.000000   clock system_clock (rise edge)
                                  0.000000    0.000000   clock network delay (ideal)
                                  0.500000    0.500000   clock uncertainty
                                  0.000000    0.500000   clock reconvergence pessimism
                                              0.500000 ^ _1316_/CLK (gf180mcu_fd_sc_mcu7t5v0__dffq_1)
                                  0.060975    0.560975   library hold time
                                              0.560975   data required time
---------------------------------------------------------------------------------------------
                                              0.560975   data required time
                                             -0.988082   data arrival time
---------------------------------------------------------------------------------------------
                                              0.427107   slack (MET)


Startpoint: _1440_ (rising edge-triggered flip-flop clocked by system_clock)
Endpoint: _1440_ (rising edge-triggered flip-flop clocked by system_clock)
Path Group: system_clock
Path Type: min

Fanout         Cap        Slew       Delay        Time   Description
---------------------------------------------------------------------------------------------
                      0.000000    0.000000    0.000000   clock system_clock (rise edge)
                                  0.000000    0.000000   clock network delay (ideal)
                      0.000000    0.000000    0.000000 ^ _1440_/CLK (gf180mcu_fd_sc_mcu7t5v0__dffq_1)
     2    0.009562    0.158232    0.666055    0.666055 v _1440_/Q (gf180mcu_fd_sc_mcu7t5v0__dffq_1)
                                                         counter_control_status_register[1] (net)
                      0.158232    0.000000    0.666055 v _0715_/A1 (gf180mcu_fd_sc_mcu7t5v0__oai21_1)
     1    0.004243    0.268329    0.198420    0.864475 ^ _0715_/ZN (gf180mcu_fd_sc_mcu7t5v0__oai21_1)
                                                         _0230_ (net)
                      0.268329    0.000000    0.864475 ^ _0716_/A2 (gf180mcu_fd_sc_mcu7t5v0__nor2_1)
     1    0.002389    0.115802    0.124630    0.989105 v _0716_/ZN (gf180mcu_fd_sc_mcu7t5v0__nor2_1)
                                                         _0006_ (net)
                      0.115802    0.000000    0.989105 v _1440_/D (gf180mcu_fd_sc_mcu7t5v0__dffq_1)
                                              0.989105   data arrival time

                      0.000000    0.000000    0.000000   clock system_clock (rise edge)
                                  0.000000    0.000000   clock network delay (ideal)
                                  0.500000    0.500000   clock uncertainty
                                  0.000000    0.500000   clock reconvergence pessimism
                                              0.500000 ^ _1440_/CLK (gf180mcu_fd_sc_mcu7t5v0__dffq_1)
                                  0.061744    0.561743   library hold time
                                              0.561743   data required time
---------------------------------------------------------------------------------------------
                                              0.561743   data required time
                                             -0.989105   data arrival time
---------------------------------------------------------------------------------------------
                                              0.427361   slack (MET)


Startpoint: _1441_ (rising edge-triggered flip-flop clocked by system_clock)
Endpoint: _1441_ (rising edge-triggered flip-flop clocked by system_clock)
Path Group: system_clock
Path Type: min

Fanout         Cap        Slew       Delay        Time   Description
---------------------------------------------------------------------------------------------
                      0.000000    0.000000    0.000000   clock system_clock (rise edge)
                                  0.000000    0.000000   clock network delay (ideal)
                      0.000000    0.000000    0.000000 ^ _1441_/CLK (gf180mcu_fd_sc_mcu7t5v0__dffq_1)
     2    0.009562    0.158232    0.666055    0.666055 v _1441_/Q (gf180mcu_fd_sc_mcu7t5v0__dffq_1)
                                                         counter_control_status_register[2] (net)
                      0.158232    0.000000    0.666055 v _0718_/A1 (gf180mcu_fd_sc_mcu7t5v0__oai21_1)
     1    0.004243    0.268329    0.198420    0.864475 ^ _0718_/ZN (gf180mcu_fd_sc_mcu7t5v0__oai21_1)
                                                         _0232_ (net)
                      0.268329    0.000000    0.864475 ^ _0719_/A2 (gf180mcu_fd_sc_mcu7t5v0__nor2_1)
     1    0.002389    0.115802    0.124630    0.989105 v _0719_/ZN (gf180mcu_fd_sc_mcu7t5v0__nor2_1)
                                                         _0007_ (net)
                      0.115802    0.000000    0.989105 v _1441_/D (gf180mcu_fd_sc_mcu7t5v0__dffq_1)
                                              0.989105   data arrival time

                      0.000000    0.000000    0.000000   clock system_clock (rise edge)
                                  0.000000    0.000000   clock network delay (ideal)
                                  0.500000    0.500000   clock uncertainty
                                  0.000000    0.500000   clock reconvergence pessimism
                                              0.500000 ^ _1441_/CLK (gf180mcu_fd_sc_mcu7t5v0__dffq_1)
                                  0.061744    0.561743   library hold time
                                              0.561743   data required time
---------------------------------------------------------------------------------------------
                                              0.561743   data required time
                                             -0.989105   data arrival time
---------------------------------------------------------------------------------------------
                                              0.427361   slack (MET)


Startpoint: _1340_ (rising edge-triggered flip-flop clocked by system_clock)
Endpoint: _1340_ (rising edge-triggered flip-flop clocked by system_clock)
Path Group: system_clock
Path Type: min

Fanout         Cap        Slew       Delay        Time   Description
---------------------------------------------------------------------------------------------
                      0.000000    0.000000    0.000000   clock system_clock (rise edge)
                                  0.000000    0.000000   clock network delay (ideal)
                      0.000000    0.000000    0.000000 ^ _1340_/CLK (gf180mcu_fd_sc_mcu7t5v0__dffq_1)
     3    0.012488    0.183725    0.685689    0.685689 v _1340_/Q (gf180mcu_fd_sc_mcu7t5v0__dffq_1)
                                                         pulse_timing_internal[2] (net)
                      0.183725    0.000000    0.685689 v _0887_/A1 (gf180mcu_fd_sc_mcu7t5v0__oai21_1)
     1    0.004218    0.232878    0.205564    0.891253 ^ _0887_/ZN (gf180mcu_fd_sc_mcu7t5v0__oai21_1)
                                                         _0337_ (net)
                      0.232878    0.000000    0.891253 ^ _0888_/I (gf180mcu_fd_sc_mcu7t5v0__clkinv_1)
     1    0.002389    0.112073    0.098776    0.990029 v _0888_/ZN (gf180mcu_fd_sc_mcu7t5v0__clkinv_1)
                                                         _0071_ (net)
                      0.112073    0.000000    0.990029 v _1340_/D (gf180mcu_fd_sc_mcu7t5v0__dffq_1)
                                              0.990029   data arrival time

                      0.000000    0.000000    0.000000   clock system_clock (rise edge)
                                  0.000000    0.000000   clock network delay (ideal)
                                  0.500000    0.500000   clock uncertainty
                                  0.000000    0.500000   clock reconvergence pessimism
                                              0.500000 ^ _1340_/CLK (gf180mcu_fd_sc_mcu7t5v0__dffq_1)
                                  0.062422    0.562422   library hold time
                                              0.562422   data required time
---------------------------------------------------------------------------------------------
                                              0.562422   data required time
                                             -0.990029   data arrival time
---------------------------------------------------------------------------------------------
                                              0.427607   slack (MET)


Startpoint: _1291_ (rising edge-triggered flip-flop clocked by system_clock)
Endpoint: _1291_ (rising edge-triggered flip-flop clocked by system_clock)
Path Group: system_clock
Path Type: min

Fanout         Cap        Slew       Delay        Time   Description
---------------------------------------------------------------------------------------------
                      0.000000    0.000000    0.000000   clock system_clock (rise edge)
                                  0.000000    0.000000   clock network delay (ideal)
                      0.000000    0.000000    0.000000 ^ _1291_/CLK (gf180mcu_fd_sc_mcu7t5v0__dffq_1)
     2    0.009586    0.158441    0.666216    0.666216 v _1291_/Q (gf180mcu_fd_sc_mcu7t5v0__dffq_1)
                                                         pulse_timing_register[1] (net)
                      0.158441    0.000000    0.666216 v _0758_/A1 (gf180mcu_fd_sc_mcu7t5v0__oai21_1)
     1    0.004243    0.268347    0.198482    0.864698 ^ _0758_/ZN (gf180mcu_fd_sc_mcu7t5v0__oai21_1)
                                                         _0257_ (net)
                      0.268347    0.000000    0.864698 ^ _0759_/A2 (gf180mcu_fd_sc_mcu7t5v0__nor2_1)
     1    0.002389    0.117065    0.124632    0.989330 v _0759_/ZN (gf180mcu_fd_sc_mcu7t5v0__nor2_1)
                                                         _0022_ (net)
                      0.117065    0.000000    0.989330 v _1291_/D (gf180mcu_fd_sc_mcu7t5v0__dffq_1)
                                              0.989330   data arrival time

                      0.000000    0.000000    0.000000   clock system_clock (rise edge)
                                  0.000000    0.000000   clock network delay (ideal)
                                  0.500000    0.500000   clock uncertainty
                                  0.000000    0.500000   clock reconvergence pessimism
                                              0.500000 ^ _1291_/CLK (gf180mcu_fd_sc_mcu7t5v0__dffq_1)
                                  0.061514    0.561514   library hold time
                                              0.561514   data required time
---------------------------------------------------------------------------------------------
                                              0.561514   data required time
                                             -0.989330   data arrival time
---------------------------------------------------------------------------------------------
                                              0.427816   slack (MET)


Startpoint: _1308_ (rising edge-triggered flip-flop clocked by system_clock)
Endpoint: _1308_ (rising edge-triggered flip-flop clocked by system_clock)
Path Group: system_clock
Path Type: min

Fanout         Cap        Slew       Delay        Time   Description
---------------------------------------------------------------------------------------------
                      0.000000    0.000000    0.000000   clock system_clock (rise edge)
                                  0.000000    0.000000   clock network delay (ideal)
                      0.000000    0.000000    0.000000 ^ _1308_/CLK (gf180mcu_fd_sc_mcu7t5v0__dffq_1)
     2    0.009586    0.158441    0.666216    0.666216 v _1308_/Q (gf180mcu_fd_sc_mcu7t5v0__dffq_1)
                                                         pulse_timing_register[18] (net)
                      0.158441    0.000000    0.666216 v _0807_/A1 (gf180mcu_fd_sc_mcu7t5v0__oai21_1)
     1    0.004243    0.268347    0.198482    0.864698 ^ _0807_/ZN (gf180mcu_fd_sc_mcu7t5v0__oai21_1)
                                                         _0289_ (net)
                      0.268347    0.000000    0.864698 ^ _0808_/A2 (gf180mcu_fd_sc_mcu7t5v0__nor2_1)
     1    0.002389    0.117079    0.124632    0.989330 v _0808_/ZN (gf180mcu_fd_sc_mcu7t5v0__nor2_1)
                                                         _0039_ (net)
                      0.117079    0.000000    0.989330 v _1308_/D (gf180mcu_fd_sc_mcu7t5v0__dffq_1)
                                              0.989330   data arrival time

                      0.000000    0.000000    0.000000   clock system_clock (rise edge)
                                  0.000000    0.000000   clock network delay (ideal)
                                  0.500000    0.500000   clock uncertainty
                                  0.000000    0.500000   clock reconvergence pessimism
                                              0.500000 ^ _1308_/CLK (gf180mcu_fd_sc_mcu7t5v0__dffq_1)
                                  0.061511    0.561511   library hold time
                                              0.561511   data required time
---------------------------------------------------------------------------------------------
                                              0.561511   data required time
                                             -0.989330   data arrival time
---------------------------------------------------------------------------------------------
                                              0.427819   slack (MET)


Startpoint: _1310_ (rising edge-triggered flip-flop clocked by system_clock)
Endpoint: _1310_ (rising edge-triggered flip-flop clocked by system_clock)
Path Group: system_clock
Path Type: min

Fanout         Cap        Slew       Delay        Time   Description
---------------------------------------------------------------------------------------------
                      0.000000    0.000000    0.000000   clock system_clock (rise edge)
                                  0.000000    0.000000   clock network delay (ideal)
                      0.000000    0.000000    0.000000 ^ _1310_/CLK (gf180mcu_fd_sc_mcu7t5v0__dffq_1)
     2    0.009586    0.158441    0.666216    0.666216 v _1310_/Q (gf180mcu_fd_sc_mcu7t5v0__dffq_1)
                                                         pulse_timing_register[20] (net)
                      0.158441    0.000000    0.666216 v _0813_/A1 (gf180mcu_fd_sc_mcu7t5v0__oai21_1)
     1    0.004243    0.268347    0.198482    0.864698 ^ _0813_/ZN (gf180mcu_fd_sc_mcu7t5v0__oai21_1)
                                                         _0293_ (net)
                      0.268347    0.000000    0.864698 ^ _0814_/A2 (gf180mcu_fd_sc_mcu7t5v0__nor2_1)
     1    0.002389    0.117267    0.124632    0.989330 v _0814_/ZN (gf180mcu_fd_sc_mcu7t5v0__nor2_1)
                                                         _0041_ (net)
                      0.117267    0.000000    0.989330 v _1310_/D (gf180mcu_fd_sc_mcu7t5v0__dffq_1)
                                              0.989330   data arrival time

                      0.000000    0.000000    0.000000   clock system_clock (rise edge)
                                  0.000000    0.000000   clock network delay (ideal)
                                  0.500000    0.500000   clock uncertainty
                                  0.000000    0.500000   clock reconvergence pessimism
                                              0.500000 ^ _1310_/CLK (gf180mcu_fd_sc_mcu7t5v0__dffq_1)
                                  0.061477    0.561477   library hold time
                                              0.561477   data required time
---------------------------------------------------------------------------------------------
                                              0.561477   data required time
                                             -0.989330   data arrival time
---------------------------------------------------------------------------------------------
                                              0.427853   slack (MET)


Startpoint: _1311_ (rising edge-triggered flip-flop clocked by system_clock)
Endpoint: _1311_ (rising edge-triggered flip-flop clocked by system_clock)
Path Group: system_clock
Path Type: min

Fanout         Cap        Slew       Delay        Time   Description
---------------------------------------------------------------------------------------------
                      0.000000    0.000000    0.000000   clock system_clock (rise edge)
                                  0.000000    0.000000   clock network delay (ideal)
                      0.000000    0.000000    0.000000 ^ _1311_/CLK (gf180mcu_fd_sc_mcu7t5v0__dffq_1)
     2    0.009586    0.158441    0.666216    0.666216 v _1311_/Q (gf180mcu_fd_sc_mcu7t5v0__dffq_1)
                                                         pulse_timing_register[21] (net)
                      0.158441    0.000000    0.666216 v _0816_/A1 (gf180mcu_fd_sc_mcu7t5v0__oai21_1)
     1    0.004243    0.268347    0.198482    0.864698 ^ _0816_/ZN (gf180mcu_fd_sc_mcu7t5v0__oai21_1)
                                                         _0295_ (net)
                      0.268347    0.000000    0.864698 ^ _0817_/A2 (gf180mcu_fd_sc_mcu7t5v0__nor2_1)
     1    0.002389    0.118292    0.124632    0.989330 v _0817_/ZN (gf180mcu_fd_sc_mcu7t5v0__nor2_1)
                                                         _0042_ (net)
                      0.118292    0.000000    0.989330 v _1311_/D (gf180mcu_fd_sc_mcu7t5v0__dffq_1)
                                              0.989330   data arrival time

                      0.000000    0.000000    0.000000   clock system_clock (rise edge)
                                  0.000000    0.000000   clock network delay (ideal)
                                  0.500000    0.500000   clock uncertainty
                                  0.000000    0.500000   clock reconvergence pessimism
                                              0.500000 ^ _1311_/CLK (gf180mcu_fd_sc_mcu7t5v0__dffq_1)
                                  0.061290    0.561291   library hold time
                                              0.561291   data required time
---------------------------------------------------------------------------------------------
                                              0.561291   data required time
                                             -0.989330   data arrival time
---------------------------------------------------------------------------------------------
                                              0.428040   slack (MET)


Startpoint: _1294_ (rising edge-triggered flip-flop clocked by system_clock)
Endpoint: _1294_ (rising edge-triggered flip-flop clocked by system_clock)
Path Group: system_clock
Path Type: min

Fanout         Cap        Slew       Delay        Time   Description
---------------------------------------------------------------------------------------------
                      0.000000    0.000000    0.000000   clock system_clock (rise edge)
                                  0.000000    0.000000   clock network delay (ideal)
                      0.000000    0.000000    0.000000 ^ _1294_/CLK (gf180mcu_fd_sc_mcu7t5v0__dffq_1)
     2    0.009795    0.160262    0.667618    0.667618 v _1294_/Q (gf180mcu_fd_sc_mcu7t5v0__dffq_1)
                                                         pulse_timing_register[4] (net)
                      0.160262    0.000000    0.667618 v _0767_/A1 (gf180mcu_fd_sc_mcu7t5v0__oai21_1)
     1    0.004243    0.268499    0.199022    0.866641 ^ _0767_/ZN (gf180mcu_fd_sc_mcu7t5v0__oai21_1)
                                                         _0263_ (net)
                      0.268499    0.000000    0.866641 ^ _0768_/A2 (gf180mcu_fd_sc_mcu7t5v0__nor2_1)
     1    0.002389    0.117276    0.124651    0.991292 v _0768_/ZN (gf180mcu_fd_sc_mcu7t5v0__nor2_1)
                                                         _0025_ (net)
                      0.117276    0.000000    0.991292 v _1294_/D (gf180mcu_fd_sc_mcu7t5v0__dffq_1)
                                              0.991292   data arrival time

                      0.000000    0.000000    0.000000   clock system_clock (rise edge)
                                  0.000000    0.000000   clock network delay (ideal)
                                  0.500000    0.500000   clock uncertainty
                                  0.000000    0.500000   clock reconvergence pessimism
                                              0.500000 ^ _1294_/CLK (gf180mcu_fd_sc_mcu7t5v0__dffq_1)
                                  0.061475    0.561475   library hold time
                                              0.561475   data required time
---------------------------------------------------------------------------------------------
                                              0.561475   data required time
                                             -0.991292   data arrival time
---------------------------------------------------------------------------------------------
                                              0.429816   slack (MET)


Startpoint: _1295_ (rising edge-triggered flip-flop clocked by system_clock)
Endpoint: _1295_ (rising edge-triggered flip-flop clocked by system_clock)
Path Group: system_clock
Path Type: min

Fanout         Cap        Slew       Delay        Time   Description
---------------------------------------------------------------------------------------------
                      0.000000    0.000000    0.000000   clock system_clock (rise edge)
                                  0.000000    0.000000   clock network delay (ideal)
                      0.000000    0.000000    0.000000 ^ _1295_/CLK (gf180mcu_fd_sc_mcu7t5v0__dffq_1)
     2    0.009795    0.160262    0.667618    0.667618 v _1295_/Q (gf180mcu_fd_sc_mcu7t5v0__dffq_1)
                                                         pulse_timing_register[5] (net)
                      0.160262    0.000000    0.667618 v _0770_/A1 (gf180mcu_fd_sc_mcu7t5v0__oai21_1)
     1    0.004243    0.268499    0.199022    0.866641 ^ _0770_/ZN (gf180mcu_fd_sc_mcu7t5v0__oai21_1)
                                                         _0265_ (net)
                      0.268499    0.000000    0.866641 ^ _0771_/A2 (gf180mcu_fd_sc_mcu7t5v0__nor2_1)
     1    0.002389    0.117822    0.124651    0.991292 v _0771_/ZN (gf180mcu_fd_sc_mcu7t5v0__nor2_1)
                                                         _0026_ (net)
                      0.117822    0.000000    0.991292 v _1295_/D (gf180mcu_fd_sc_mcu7t5v0__dffq_1)
                                              0.991292   data arrival time

                      0.000000    0.000000    0.000000   clock system_clock (rise edge)
                                  0.000000    0.000000   clock network delay (ideal)
                                  0.500000    0.500000   clock uncertainty
                                  0.000000    0.500000   clock reconvergence pessimism
                                              0.500000 ^ _1295_/CLK (gf180mcu_fd_sc_mcu7t5v0__dffq_1)
                                  0.061376    0.561376   library hold time
                                              0.561376   data required time
---------------------------------------------------------------------------------------------
                                              0.561376   data required time
                                             -0.991292   data arrival time
---------------------------------------------------------------------------------------------
                                              0.429916   slack (MET)


Startpoint: _1317_ (rising edge-triggered flip-flop clocked by system_clock)
Endpoint: _1317_ (rising edge-triggered flip-flop clocked by system_clock)
Path Group: system_clock
Path Type: min

Fanout         Cap        Slew       Delay        Time   Description
---------------------------------------------------------------------------------------------
                      0.000000    0.000000    0.000000   clock system_clock (rise edge)
                                  0.000000    0.000000   clock network delay (ideal)
                      0.000000    0.000000    0.000000 ^ _1317_/CLK (gf180mcu_fd_sc_mcu7t5v0__dffq_1)
     2    0.009795    0.160262    0.667618    0.667618 v _1317_/Q (gf180mcu_fd_sc_mcu7t5v0__dffq_1)
                                                         range_timing_register[3] (net)
                      0.160262    0.000000    0.667618 v _0834_/A1 (gf180mcu_fd_sc_mcu7t5v0__oai21_1)
     1    0.004243    0.268499    0.199022    0.866641 ^ _0834_/ZN (gf180mcu_fd_sc_mcu7t5v0__oai21_1)
                                                         _0307_ (net)
                      0.268499    0.000000    0.866641 ^ _0835_/A2 (gf180mcu_fd_sc_mcu7t5v0__nor2_1)
     1    0.002389    0.119028    0.124651    0.991292 v _0835_/ZN (gf180mcu_fd_sc_mcu7t5v0__nor2_1)
                                                         _0048_ (net)
                      0.119028    0.000000    0.991292 v _1317_/D (gf180mcu_fd_sc_mcu7t5v0__dffq_1)
                                              0.991292   data arrival time

                      0.000000    0.000000    0.000000   clock system_clock (rise edge)
                                  0.000000    0.000000   clock network delay (ideal)
                                  0.500000    0.500000   clock uncertainty
                                  0.000000    0.500000   clock reconvergence pessimism
                                              0.500000 ^ _1317_/CLK (gf180mcu_fd_sc_mcu7t5v0__dffq_1)
                                  0.061157    0.561157   library hold time
                                              0.561157   data required time
---------------------------------------------------------------------------------------------
                                              0.561157   data required time
                                             -0.991292   data arrival time
---------------------------------------------------------------------------------------------
                                              0.430135   slack (MET)


Startpoint: _1315_ (rising edge-triggered flip-flop clocked by system_clock)
Endpoint: _1315_ (rising edge-triggered flip-flop clocked by system_clock)
Path Group: system_clock
Path Type: min

Fanout         Cap        Slew       Delay        Time   Description
---------------------------------------------------------------------------------------------
                      0.000000    0.000000    0.000000   clock system_clock (rise edge)
                                  0.000000    0.000000   clock network delay (ideal)
                      0.000000    0.000000    0.000000 ^ _1315_/CLK (gf180mcu_fd_sc_mcu7t5v0__dffq_1)
     2    0.009795    0.160262    0.667618    0.667618 v _1315_/Q (gf180mcu_fd_sc_mcu7t5v0__dffq_1)
                                                         range_timing_register[1] (net)
                      0.160262    0.000000    0.667618 v _0828_/A1 (gf180mcu_fd_sc_mcu7t5v0__oai21_1)
     1    0.004243    0.268499    0.199022    0.866641 ^ _0828_/ZN (gf180mcu_fd_sc_mcu7t5v0__oai21_1)
                                                         _0303_ (net)
                      0.268499    0.000000    0.866641 ^ _0829_/A2 (gf180mcu_fd_sc_mcu7t5v0__nor2_1)
     1    0.002389    0.121690    0.124651    0.991292 v _0829_/ZN (gf180mcu_fd_sc_mcu7t5v0__nor2_1)
                                                         _0046_ (net)
                      0.121690    0.000000    0.991292 v _1315_/D (gf180mcu_fd_sc_mcu7t5v0__dffq_1)
                                              0.991292   data arrival time

                      0.000000    0.000000    0.000000   clock system_clock (rise edge)
                                  0.000000    0.000000   clock network delay (ideal)
                                  0.500000    0.500000   clock uncertainty
                                  0.000000    0.500000   clock reconvergence pessimism
                                              0.500000 ^ _1315_/CLK (gf180mcu_fd_sc_mcu7t5v0__dffq_1)
                                  0.060672    0.560672   library hold time
                                              0.560672   data required time
---------------------------------------------------------------------------------------------
                                              0.560672   data required time
                                             -0.991292   data arrival time
---------------------------------------------------------------------------------------------
                                              0.430620   slack (MET)


Startpoint: _1442_ (rising edge-triggered flip-flop clocked by system_clock)
Endpoint: _1442_ (rising edge-triggered flip-flop clocked by system_clock)
Path Group: system_clock
Path Type: min

Fanout         Cap        Slew       Delay        Time   Description
---------------------------------------------------------------------------------------------
                      0.000000    0.000000    0.000000   clock system_clock (rise edge)
                                  0.000000    0.000000   clock network delay (ideal)
                      0.000000    0.000000    0.000000 ^ _1442_/CLK (gf180mcu_fd_sc_mcu7t5v0__dffq_1)
     2    0.009917    0.161325    0.668437    0.668437 v _1442_/Q (gf180mcu_fd_sc_mcu7t5v0__dffq_1)
                                                         counter_control_status_register[3] (net)
                      0.161325    0.000000    0.668437 v _0721_/A1 (gf180mcu_fd_sc_mcu7t5v0__oai21_1)
     1    0.004243    0.268589    0.199338    0.867775 ^ _0721_/ZN (gf180mcu_fd_sc_mcu7t5v0__oai21_1)
                                                         _0234_ (net)
                      0.268589    0.000000    0.867775 ^ _0722_/A2 (gf180mcu_fd_sc_mcu7t5v0__nor2_1)
     1    0.002389    0.115802    0.124662    0.992437 v _0722_/ZN (gf180mcu_fd_sc_mcu7t5v0__nor2_1)
                                                         _0008_ (net)
                      0.115802    0.000000    0.992437 v _1442_/D (gf180mcu_fd_sc_mcu7t5v0__dffq_1)
                                              0.992437   data arrival time

                      0.000000    0.000000    0.000000   clock system_clock (rise edge)
                                  0.000000    0.000000   clock network delay (ideal)
                                  0.500000    0.500000   clock uncertainty
                                  0.000000    0.500000   clock reconvergence pessimism
                                              0.500000 ^ _1442_/CLK (gf180mcu_fd_sc_mcu7t5v0__dffq_1)
                                  0.061744    0.561743   library hold time
                                              0.561743   data required time
---------------------------------------------------------------------------------------------
                                              0.561743   data required time
                                             -0.992437   data arrival time
---------------------------------------------------------------------------------------------
                                              0.430693   slack (MET)


Startpoint: _1314_ (rising edge-triggered flip-flop clocked by system_clock)
Endpoint: _1314_ (rising edge-triggered flip-flop clocked by system_clock)
Path Group: system_clock
Path Type: min

Fanout         Cap        Slew       Delay        Time   Description
---------------------------------------------------------------------------------------------
                      0.000000    0.000000    0.000000   clock system_clock (rise edge)
                                  0.000000    0.000000   clock network delay (ideal)
                      0.000000    0.000000    0.000000 ^ _1314_/CLK (gf180mcu_fd_sc_mcu7t5v0__dffq_1)
     2    0.009795    0.160262    0.667618    0.667618 v _1314_/Q (gf180mcu_fd_sc_mcu7t5v0__dffq_1)
                                                         range_timing_register[0] (net)
                      0.160262    0.000000    0.667618 v _0825_/A1 (gf180mcu_fd_sc_mcu7t5v0__oai21_1)
     1    0.004243    0.268499    0.199022    0.866641 ^ _0825_/ZN (gf180mcu_fd_sc_mcu7t5v0__oai21_1)
                                                         _0301_ (net)
                      0.268499    0.000000    0.866641 ^ _0826_/A2 (gf180mcu_fd_sc_mcu7t5v0__nor2_1)
     1    0.002389    0.123153    0.124651    0.991292 v _0826_/ZN (gf180mcu_fd_sc_mcu7t5v0__nor2_1)
                                                         _0045_ (net)
                      0.123153    0.000000    0.991292 v _1314_/D (gf180mcu_fd_sc_mcu7t5v0__dffq_1)
                                              0.991292   data arrival time

                      0.000000    0.000000    0.000000   clock system_clock (rise edge)
                                  0.000000    0.000000   clock network delay (ideal)
                                  0.500000    0.500000   clock uncertainty
                                  0.000000    0.500000   clock reconvergence pessimism
                                              0.500000 ^ _1314_/CLK (gf180mcu_fd_sc_mcu7t5v0__dffq_1)
                                  0.060406    0.560406   library hold time
                                              0.560406   data required time
---------------------------------------------------------------------------------------------
                                              0.560406   data required time
                                             -0.991292   data arrival time
---------------------------------------------------------------------------------------------
                                              0.430886   slack (MET)


Startpoint: _1438_ (rising edge-triggered flip-flop clocked by system_clock)
Endpoint: _1438_ (rising edge-triggered flip-flop clocked by system_clock)
Path Group: system_clock
Path Type: min

Fanout         Cap        Slew       Delay        Time   Description
---------------------------------------------------------------------------------------------
                      0.000000    0.000000    0.000000   clock system_clock (rise edge)
                                  0.000000    0.000000   clock network delay (ideal)
                      0.000000    0.000000    0.000000 ^ _1438_/CLK (gf180mcu_fd_sc_mcu7t5v0__dffq_1)
     3    0.017204    0.224813    0.717334    0.717334 v _1438_/Q (gf180mcu_fd_sc_mcu7t5v0__dffq_1)
                                                         pulse_count_threshold_register[7] (net)
                      0.224813    0.000000    0.717334 v _0702_/A1 (gf180mcu_fd_sc_mcu7t5v0__nand2_1)
     1    0.004183    0.158152    0.149021    0.866355 ^ _0702_/ZN (gf180mcu_fd_sc_mcu7t5v0__nand2_1)
                                                         _0219_ (net)
                      0.158152    0.000000    0.866355 ^ _0704_/A2 (gf180mcu_fd_sc_mcu7t5v0__nand3_1)
     1    0.002389    0.148312    0.128855    0.995211 v _0704_/ZN (gf180mcu_fd_sc_mcu7t5v0__nand3_1)
                                                         _0004_ (net)
                      0.148312    0.000000    0.995211 v _1438_/D (gf180mcu_fd_sc_mcu7t5v0__dffq_1)
                                              0.995211   data arrival time

                      0.000000    0.000000    0.000000   clock system_clock (rise edge)
                                  0.000000    0.000000   clock network delay (ideal)
                                  0.500000    0.500000   clock uncertainty
                                  0.000000    0.500000   clock reconvergence pessimism
                                              0.500000 ^ _1438_/CLK (gf180mcu_fd_sc_mcu7t5v0__dffq_1)
                                  0.055496    0.555497   library hold time
                                              0.555497   data required time
---------------------------------------------------------------------------------------------
                                              0.555497   data required time
                                             -0.995211   data arrival time
---------------------------------------------------------------------------------------------
                                              0.439714   slack (MET)


Startpoint: _1445_ (rising edge-triggered flip-flop clocked by system_clock)
Endpoint: _1445_ (rising edge-triggered flip-flop clocked by system_clock)
Path Group: system_clock
Path Type: min

Fanout         Cap        Slew       Delay        Time   Description
---------------------------------------------------------------------------------------------
                      0.000000    0.000000    0.000000   clock system_clock (rise edge)
                                  0.000000    0.000000   clock network delay (ideal)
                      0.000000    0.000000    0.000000 ^ _1445_/CLK (gf180mcu_fd_sc_mcu7t5v0__dffq_1)
     2    0.009322    0.156141    0.664444    0.664444 v _1445_/Q (gf180mcu_fd_sc_mcu7t5v0__dffq_1)
                                                         afe_config_bypass_control_register[0] (net)
                      0.156141    0.000000    0.664444 v _0732_/I0 (gf180mcu_fd_sc_mcu7t5v0__mux2_2)
     1    0.002389    0.103467    0.340541    1.004986 v _0732_/Z (gf180mcu_fd_sc_mcu7t5v0__mux2_2)
                                                         _0011_ (net)
                      0.103467    0.000000    1.004986 v _1445_/D (gf180mcu_fd_sc_mcu7t5v0__dffq_1)
                                              1.004986   data arrival time

                      0.000000    0.000000    0.000000   clock system_clock (rise edge)
                                  0.000000    0.000000   clock network delay (ideal)
                                  0.500000    0.500000   clock uncertainty
                                  0.000000    0.500000   clock reconvergence pessimism
                                              0.500000 ^ _1445_/CLK (gf180mcu_fd_sc_mcu7t5v0__dffq_1)
                                  0.063988    0.563988   library hold time
                                              0.563988   data required time
---------------------------------------------------------------------------------------------
                                              0.563988   data required time
                                             -1.004986   data arrival time
---------------------------------------------------------------------------------------------
                                              0.440998   slack (MET)


Startpoint: _1446_ (rising edge-triggered flip-flop clocked by system_clock)
Endpoint: _1446_ (rising edge-triggered flip-flop clocked by system_clock)
Path Group: system_clock
Path Type: min

Fanout         Cap        Slew       Delay        Time   Description
---------------------------------------------------------------------------------------------
                      0.000000    0.000000    0.000000   clock system_clock (rise edge)
                                  0.000000    0.000000   clock network delay (ideal)
                      0.000000    0.000000    0.000000 ^ _1446_/CLK (gf180mcu_fd_sc_mcu7t5v0__dffq_1)
     2    0.009677    0.159234    0.666827    0.666827 v _1446_/Q (gf180mcu_fd_sc_mcu7t5v0__dffq_1)
                                                         afe_config_bypass_control_register[1] (net)
                      0.159234    0.000000    0.666827 v _0733_/I0 (gf180mcu_fd_sc_mcu7t5v0__mux2_2)
     1    0.002389    0.103467    0.341118    1.007945 v _0733_/Z (gf180mcu_fd_sc_mcu7t5v0__mux2_2)
                                                         _0012_ (net)
                      0.103467    0.000000    1.007945 v _1446_/D (gf180mcu_fd_sc_mcu7t5v0__dffq_1)
                                              1.007945   data arrival time

                      0.000000    0.000000    0.000000   clock system_clock (rise edge)
                                  0.000000    0.000000   clock network delay (ideal)
                                  0.500000    0.500000   clock uncertainty
                                  0.000000    0.500000   clock reconvergence pessimism
                                              0.500000 ^ _1446_/CLK (gf180mcu_fd_sc_mcu7t5v0__dffq_1)
                                  0.063988    0.563988   library hold time
                                              0.563988   data required time
---------------------------------------------------------------------------------------------
                                              0.563988   data required time
                                             -1.007945   data arrival time
---------------------------------------------------------------------------------------------
                                              0.443957   slack (MET)


Startpoint: _1320_ (rising edge-triggered flip-flop clocked by system_clock)
Endpoint: _1320_ (rising edge-triggered flip-flop clocked by system_clock)
Path Group: system_clock
Path Type: min

Fanout         Cap        Slew       Delay        Time   Description
---------------------------------------------------------------------------------------------
                      0.000000    0.000000    0.000000   clock system_clock (rise edge)
                                  0.000000    0.000000   clock network delay (ideal)
                      0.000000    0.000000    0.000000 ^ _1320_/CLK (gf180mcu_fd_sc_mcu7t5v0__dffq_1)
     2    0.008967    0.153048    0.662062    0.662062 v _1320_/Q (gf180mcu_fd_sc_mcu7t5v0__dffq_1)
                                                         range_timing_register[6] (net)
                      0.153048    0.000000    0.662062 v _0840_/A1 (gf180mcu_fd_sc_mcu7t5v0__nor2_1)
     1    0.004045    0.237758    0.172334    0.834396 ^ _0840_/ZN (gf180mcu_fd_sc_mcu7t5v0__nor2_1)
                                                         _0310_ (net)
                      0.237758    0.000000    0.834396 ^ _0841_/B (gf180mcu_fd_sc_mcu7t5v0__aoi211_1)
     1    0.002389    0.145535    0.170386    1.004782 v _0841_/ZN (gf180mcu_fd_sc_mcu7t5v0__aoi211_1)
                                                         _0051_ (net)
                      0.145535    0.000000    1.004782 v _1320_/D (gf180mcu_fd_sc_mcu7t5v0__dffq_1)
                                              1.004782   data arrival time

                      0.000000    0.000000    0.000000   clock system_clock (rise edge)
                                  0.000000    0.000000   clock network delay (ideal)
                                  0.500000    0.500000   clock uncertainty
                                  0.000000    0.500000   clock reconvergence pessimism
                                              0.500000 ^ _1320_/CLK (gf180mcu_fd_sc_mcu7t5v0__dffq_1)
                                  0.056211    0.556211   library hold time
                                              0.556211   data required time
---------------------------------------------------------------------------------------------
                                              0.556211   data required time
                                             -1.004782   data arrival time
---------------------------------------------------------------------------------------------
                                              0.448571   slack (MET)


Startpoint: _1330_ (rising edge-triggered flip-flop clocked by system_clock)
Endpoint: _1330_ (rising edge-triggered flip-flop clocked by system_clock)
Path Group: system_clock
Path Type: min

Fanout         Cap        Slew       Delay        Time   Description
---------------------------------------------------------------------------------------------
                      0.000000    0.000000    0.000000   clock system_clock (rise edge)
                                  0.000000    0.000000   clock network delay (ideal)
                      0.000000    0.000000    0.000000 ^ _1330_/CLK (gf180mcu_fd_sc_mcu7t5v0__dffq_1)
     2    0.009140    0.154556    0.663223    0.663223 v _1330_/Q (gf180mcu_fd_sc_mcu7t5v0__dffq_1)
                                                         range_timing_register[16] (net)
                      0.154556    0.000000    0.663223 v _0860_/A1 (gf180mcu_fd_sc_mcu7t5v0__nor2_1)
     1    0.004045    0.237930    0.172784    0.836008 ^ _0860_/ZN (gf180mcu_fd_sc_mcu7t5v0__nor2_1)
                                                         _0320_ (net)
                      0.237930    0.000000    0.836008 ^ _0861_/B (gf180mcu_fd_sc_mcu7t5v0__aoi211_1)
     1    0.002389    0.146673    0.170417    1.006425 v _0861_/ZN (gf180mcu_fd_sc_mcu7t5v0__aoi211_1)
                                                         _0061_ (net)
                      0.146673    0.000000    1.006425 v _1330_/D (gf180mcu_fd_sc_mcu7t5v0__dffq_1)
                                              1.006425   data arrival time

                      0.000000    0.000000    0.000000   clock system_clock (rise edge)
                                  0.000000    0.000000   clock network delay (ideal)
                                  0.500000    0.500000   clock uncertainty
                                  0.000000    0.500000   clock reconvergence pessimism
                                              0.500000 ^ _1330_/CLK (gf180mcu_fd_sc_mcu7t5v0__dffq_1)
                                  0.055918    0.555918   library hold time
                                              0.555918   data required time
---------------------------------------------------------------------------------------------
                                              0.555918   data required time
                                             -1.006425   data arrival time
---------------------------------------------------------------------------------------------
                                              0.450507   slack (MET)


Startpoint: _1361_ (rising edge-triggered flip-flop clocked by system_clock)
Endpoint: _1361_ (rising edge-triggered flip-flop clocked by system_clock)
Path Group: system_clock
Path Type: min

Fanout         Cap        Slew       Delay        Time   Description
---------------------------------------------------------------------------------------------
                      0.000000    0.000000    0.000000   clock system_clock (rise edge)
                                  0.000000    0.000000   clock network delay (ideal)
                      0.000000    0.000000    0.000000 ^ _1361_/CLK (gf180mcu_fd_sc_mcu7t5v0__dffq_1)
     2    0.011981    0.179308    0.682287    0.682287 v _1361_/Q (gf180mcu_fd_sc_mcu7t5v0__dffq_1)
                                                         pulse_timing_internal[23] (net)
                      0.179308    0.000000    0.682287 v _0952_/A1 (gf180mcu_fd_sc_mcu7t5v0__xor2_1)
     1    0.004243    0.270577    0.198923    0.881210 ^ _0952_/Z (gf180mcu_fd_sc_mcu7t5v0__xor2_1)
                                                         _0381_ (net)
                      0.270577    0.000000    0.881210 ^ _0953_/A2 (gf180mcu_fd_sc_mcu7t5v0__nor2_1)
     1    0.002389    0.148639    0.124908    1.006118 v _0953_/ZN (gf180mcu_fd_sc_mcu7t5v0__nor2_1)
                                                         _0092_ (net)
                      0.148639    0.000000    1.006118 v _1361_/D (gf180mcu_fd_sc_mcu7t5v0__dffq_1)
                                              1.006118   data arrival time

                      0.000000    0.000000    0.000000   clock system_clock (rise edge)
                                  0.000000    0.000000   clock network delay (ideal)
                                  0.500000    0.500000   clock uncertainty
                                  0.000000    0.500000   clock reconvergence pessimism
                                              0.500000 ^ _1361_/CLK (gf180mcu_fd_sc_mcu7t5v0__dffq_1)
                                  0.055412    0.555412   library hold time
                                              0.555412   data required time
---------------------------------------------------------------------------------------------
                                              0.555412   data required time
                                             -1.006118   data arrival time
---------------------------------------------------------------------------------------------
                                              0.450705   slack (MET)


Startpoint: _1318_ (rising edge-triggered flip-flop clocked by system_clock)
Endpoint: _1318_ (rising edge-triggered flip-flop clocked by system_clock)
Path Group: system_clock
Path Type: min

Fanout         Cap        Slew       Delay        Time   Description
---------------------------------------------------------------------------------------------
                      0.000000    0.000000    0.000000   clock system_clock (rise edge)
                                  0.000000    0.000000   clock network delay (ideal)
                      0.000000    0.000000    0.000000 ^ _1318_/CLK (gf180mcu_fd_sc_mcu7t5v0__dffq_1)
     2    0.009453    0.157283    0.665323    0.665323 v _1318_/Q (gf180mcu_fd_sc_mcu7t5v0__dffq_1)
                                                         range_timing_register[4] (net)
                      0.157283    0.000000    0.665323 v _0836_/A1 (gf180mcu_fd_sc_mcu7t5v0__oai21_1)
     1    0.004011    0.261326    0.194234    0.859558 ^ _0836_/ZN (gf180mcu_fd_sc_mcu7t5v0__oai21_1)
                                                         _0308_ (net)
                      0.261326    0.000000    0.859558 ^ _0837_/B (gf180mcu_fd_sc_mcu7t5v0__aoi21_1)
     1    0.002389    0.125982    0.151332    1.010890 v _0837_/ZN (gf180mcu_fd_sc_mcu7t5v0__aoi21_1)
                                                         _0049_ (net)
                      0.125982    0.000000    1.010890 v _1318_/D (gf180mcu_fd_sc_mcu7t5v0__dffq_1)
                                              1.010890   data arrival time

                      0.000000    0.000000    0.000000   clock system_clock (rise edge)
                                  0.000000    0.000000   clock network delay (ideal)
                                  0.500000    0.500000   clock uncertainty
                                  0.000000    0.500000   clock reconvergence pessimism
                                              0.500000 ^ _1318_/CLK (gf180mcu_fd_sc_mcu7t5v0__dffq_1)
                                  0.059891    0.559891   library hold time
                                              0.559891   data required time
---------------------------------------------------------------------------------------------
                                              0.559891   data required time
                                             -1.010890   data arrival time
---------------------------------------------------------------------------------------------
                                              0.450999   slack (MET)


Startpoint: _1451_ (rising edge-triggered flip-flop clocked by system_clock)
Endpoint: _1451_ (rising edge-triggered flip-flop clocked by system_clock)
Path Group: system_clock
Path Type: min

Fanout         Cap        Slew       Delay        Time   Description
---------------------------------------------------------------------------------------------
                      0.000000    0.000000    0.000000   clock system_clock (rise edge)
                                  0.000000    0.000000   clock network delay (ideal)
                      0.000000    0.000000    0.000000 ^ _1451_/CLK (gf180mcu_fd_sc_mcu7t5v0__dffq_1)
     3    0.011682    0.176703    0.680281    0.680281 v _1451_/Q (gf180mcu_fd_sc_mcu7t5v0__dffq_1)
                                                         afe_config_bypass_control_register[6] (net)
                      0.176703    0.000000    0.680281 v _0738_/A1 (gf180mcu_fd_sc_mcu7t5v0__nor2_1)
     1    0.004011    0.239464    0.178837    0.859117 ^ _0738_/ZN (gf180mcu_fd_sc_mcu7t5v0__nor2_1)
                                                         _0242_ (net)
                      0.239464    0.000000    0.859117 ^ _0739_/B (gf180mcu_fd_sc_mcu7t5v0__aoi21_1)
     1    0.002389    0.149371    0.147583    1.006700 v _0739_/ZN (gf180mcu_fd_sc_mcu7t5v0__aoi21_1)
                                                         _0017_ (net)
                      0.149371    0.000000    1.006700 v _1451_/D (gf180mcu_fd_sc_mcu7t5v0__dffq_1)
                                              1.006700   data arrival time

                      0.000000    0.000000    0.000000   clock system_clock (rise edge)
                                  0.000000    0.000000   clock network delay (ideal)
                                  0.500000    0.500000   clock uncertainty
                                  0.000000    0.500000   clock reconvergence pessimism
                                              0.500000 ^ _1451_/CLK (gf180mcu_fd_sc_mcu7t5v0__dffq_1)
                                  0.055224    0.555224   library hold time
                                              0.555224   data required time
---------------------------------------------------------------------------------------------
                                              0.555224   data required time
                                             -1.006700   data arrival time
---------------------------------------------------------------------------------------------
                                              0.451476   slack (MET)


Startpoint: _1327_ (rising edge-triggered flip-flop clocked by system_clock)
Endpoint: _1327_ (rising edge-triggered flip-flop clocked by system_clock)
Path Group: system_clock
Path Type: min

Fanout         Cap        Slew       Delay        Time   Description
---------------------------------------------------------------------------------------------
                      0.000000    0.000000    0.000000   clock system_clock (rise edge)
                                  0.000000    0.000000   clock network delay (ideal)
                      0.000000    0.000000    0.000000 ^ _1327_/CLK (gf180mcu_fd_sc_mcu7t5v0__dffq_1)
     2    0.009309    0.156028    0.664357    0.664357 v _1327_/Q (gf180mcu_fd_sc_mcu7t5v0__dffq_1)
                                                         range_timing_register[13] (net)
                      0.156028    0.000000    0.664357 v _0854_/A1 (gf180mcu_fd_sc_mcu7t5v0__nor2_1)
     1    0.004045    0.238097    0.173224    0.837581 ^ _0854_/ZN (gf180mcu_fd_sc_mcu7t5v0__nor2_1)
                                                         _0317_ (net)
                      0.238097    0.000000    0.837581 ^ _0855_/B (gf180mcu_fd_sc_mcu7t5v0__aoi211_1)
     1    0.002389    0.145669    0.170448    1.008030 v _0855_/ZN (gf180mcu_fd_sc_mcu7t5v0__aoi211_1)
                                                         _0058_ (net)
                      0.145669    0.000000    1.008030 v _1327_/D (gf180mcu_fd_sc_mcu7t5v0__dffq_1)
                                              1.008030   data arrival time

                      0.000000    0.000000    0.000000   clock system_clock (rise edge)
                                  0.000000    0.000000   clock network delay (ideal)
                                  0.500000    0.500000   clock uncertainty
                                  0.000000    0.500000   clock reconvergence pessimism
                                              0.500000 ^ _1327_/CLK (gf180mcu_fd_sc_mcu7t5v0__dffq_1)
                                  0.056177    0.556177   library hold time
                                              0.556177   data required time
---------------------------------------------------------------------------------------------
                                              0.556177   data required time
                                             -1.008030   data arrival time
---------------------------------------------------------------------------------------------
                                              0.451853   slack (MET)


Startpoint: _1324_ (rising edge-triggered flip-flop clocked by system_clock)
Endpoint: _1324_ (rising edge-triggered flip-flop clocked by system_clock)
Path Group: system_clock
Path Type: min

Fanout         Cap        Slew       Delay        Time   Description
---------------------------------------------------------------------------------------------
                      0.000000    0.000000    0.000000   clock system_clock (rise edge)
                                  0.000000    0.000000   clock network delay (ideal)
                      0.000000    0.000000    0.000000 ^ _1324_/CLK (gf180mcu_fd_sc_mcu7t5v0__dffq_1)
     2    0.009309    0.156028    0.664357    0.664357 v _1324_/Q (gf180mcu_fd_sc_mcu7t5v0__dffq_1)
                                                         range_timing_register[10] (net)
                      0.156028    0.000000    0.664357 v _0848_/A1 (gf180mcu_fd_sc_mcu7t5v0__nor2_1)
     1    0.004045    0.238097    0.173224    0.837581 ^ _0848_/ZN (gf180mcu_fd_sc_mcu7t5v0__nor2_1)
                                                         _0314_ (net)
                      0.238097    0.000000    0.837581 ^ _0849_/B (gf180mcu_fd_sc_mcu7t5v0__aoi211_1)
     1    0.002389    0.145956    0.170448    1.008030 v _0849_/ZN (gf180mcu_fd_sc_mcu7t5v0__aoi211_1)
                                                         _0055_ (net)
                      0.145956    0.000000    1.008030 v _1324_/D (gf180mcu_fd_sc_mcu7t5v0__dffq_1)
                                              1.008030   data arrival time

                      0.000000    0.000000    0.000000   clock system_clock (rise edge)
                                  0.000000    0.000000   clock network delay (ideal)
                                  0.500000    0.500000   clock uncertainty
                                  0.000000    0.500000   clock reconvergence pessimism
                                              0.500000 ^ _1324_/CLK (gf180mcu_fd_sc_mcu7t5v0__dffq_1)
                                  0.056103    0.556103   library hold time
                                              0.556103   data required time
---------------------------------------------------------------------------------------------
                                              0.556103   data required time
                                             -1.008030   data arrival time
---------------------------------------------------------------------------------------------
                                              0.451927   slack (MET)


Startpoint: _1333_ (rising edge-triggered flip-flop clocked by system_clock)
Endpoint: _1333_ (rising edge-triggered flip-flop clocked by system_clock)
Path Group: system_clock
Path Type: min

Fanout         Cap        Slew       Delay        Time   Description
---------------------------------------------------------------------------------------------
                      0.000000    0.000000    0.000000   clock system_clock (rise edge)
                                  0.000000    0.000000   clock network delay (ideal)
                      0.000000    0.000000    0.000000 ^ _1333_/CLK (gf180mcu_fd_sc_mcu7t5v0__dffq_1)
     2    0.009140    0.154556    0.663223    0.663223 v _1333_/Q (gf180mcu_fd_sc_mcu7t5v0__dffq_1)
                                                         range_timing_register[19] (net)
                      0.154556    0.000000    0.663223 v _0866_/A1 (gf180mcu_fd_sc_mcu7t5v0__nor2_1)
     1    0.004045    0.237930    0.172784    0.836008 ^ _0866_/ZN (gf180mcu_fd_sc_mcu7t5v0__nor2_1)
                                                         _0323_ (net)
                      0.237930    0.000000    0.836008 ^ _0867_/B (gf180mcu_fd_sc_mcu7t5v0__aoi211_1)
     1    0.002389    0.153947    0.170417    1.006425 v _0867_/ZN (gf180mcu_fd_sc_mcu7t5v0__aoi211_1)
                                                         _0064_ (net)
                      0.153947    0.000000    1.006425 v _1333_/D (gf180mcu_fd_sc_mcu7t5v0__dffq_1)
                                              1.006425   data arrival time

                      0.000000    0.000000    0.000000   clock system_clock (rise edge)
                                  0.000000    0.000000   clock network delay (ideal)
                                  0.500000    0.500000   clock uncertainty
                                  0.000000    0.500000   clock reconvergence pessimism
                                              0.500000 ^ _1333_/CLK (gf180mcu_fd_sc_mcu7t5v0__dffq_1)
                                  0.054047    0.554047   library hold time
                                              0.554047   data required time
---------------------------------------------------------------------------------------------
                                              0.554047   data required time
                                             -1.006425   data arrival time
---------------------------------------------------------------------------------------------
                                              0.452378   slack (MET)


Startpoint: _1412_ (rising edge-triggered flip-flop clocked by system_clock)
Endpoint: _1412_ (rising edge-triggered flip-flop clocked by system_clock)
Path Group: system_clock
Path Type: min

Fanout         Cap        Slew       Delay        Time   Description
---------------------------------------------------------------------------------------------
                      0.000000    0.000000    0.000000   clock system_clock (rise edge)
                                  0.000000    0.000000   clock network delay (ideal)
                      0.000000    0.000000    0.000000 ^ _1412_/CLK (gf180mcu_fd_sc_mcu7t5v0__dffq_1)
     2    0.012303    0.182113    0.684448    0.684448 v _1412_/Q (gf180mcu_fd_sc_mcu7t5v0__dffq_1)
                                                         trigger_timer_internal[6] (net)
                      0.182113    0.000000    0.684448 v _1166_/A1 (gf180mcu_fd_sc_mcu7t5v0__xor2_1)
     1    0.004243    0.270790    0.199776    0.884223 ^ _1166_/Z (gf180mcu_fd_sc_mcu7t5v0__xor2_1)
                                                         _0544_ (net)
                      0.270790    0.000000    0.884223 ^ _1167_/A2 (gf180mcu_fd_sc_mcu7t5v0__nor2_1)
     1    0.002389    0.148694    0.124934    1.009157 v _1167_/ZN (gf180mcu_fd_sc_mcu7t5v0__nor2_1)
                                                         _0143_ (net)
                      0.148694    0.000000    1.009157 v _1412_/D (gf180mcu_fd_sc_mcu7t5v0__dffq_1)
                                              1.009157   data arrival time

                      0.000000    0.000000    0.000000   clock system_clock (rise edge)
                                  0.000000    0.000000   clock network delay (ideal)
                                  0.500000    0.500000   clock uncertainty
                                  0.000000    0.500000   clock reconvergence pessimism
                                              0.500000 ^ _1412_/CLK (gf180mcu_fd_sc_mcu7t5v0__dffq_1)
                                  0.055398    0.555398   library hold time
                                              0.555398   data required time
---------------------------------------------------------------------------------------------
                                              0.555398   data required time
                                             -1.009157   data arrival time
---------------------------------------------------------------------------------------------
                                              0.453759   slack (MET)


Startpoint: _1328_ (rising edge-triggered flip-flop clocked by system_clock)
Endpoint: _1328_ (rising edge-triggered flip-flop clocked by system_clock)
Path Group: system_clock
Path Type: min

Fanout         Cap        Slew       Delay        Time   Description
---------------------------------------------------------------------------------------------
                      0.000000    0.000000    0.000000   clock system_clock (rise edge)
                                  0.000000    0.000000   clock network delay (ideal)
                      0.000000    0.000000    0.000000 ^ _1328_/CLK (gf180mcu_fd_sc_mcu7t5v0__dffq_1)
     2    0.009309    0.156028    0.664357    0.664357 v _1328_/Q (gf180mcu_fd_sc_mcu7t5v0__dffq_1)
                                                         range_timing_register[14] (net)
                      0.156028    0.000000    0.664357 v _0856_/A1 (gf180mcu_fd_sc_mcu7t5v0__nor2_1)
     1    0.004045    0.238097    0.173224    0.837581 ^ _0856_/ZN (gf180mcu_fd_sc_mcu7t5v0__nor2_1)
                                                         _0318_ (net)
                      0.238097    0.000000    0.837581 ^ _0857_/B (gf180mcu_fd_sc_mcu7t5v0__aoi211_1)
     1    0.002389    0.158879    0.170448    1.008030 v _0857_/ZN (gf180mcu_fd_sc_mcu7t5v0__aoi211_1)
                                                         _0059_ (net)
                      0.158879    0.000000    1.008030 v _1328_/D (gf180mcu_fd_sc_mcu7t5v0__dffq_1)
                                              1.008030   data arrival time

                      0.000000    0.000000    0.000000   clock system_clock (rise edge)
                                  0.000000    0.000000   clock network delay (ideal)
                                  0.500000    0.500000   clock uncertainty
                                  0.000000    0.500000   clock reconvergence pessimism
                                              0.500000 ^ _1328_/CLK (gf180mcu_fd_sc_mcu7t5v0__dffq_1)
                                  0.052778    0.552778   library hold time
                                              0.552778   data required time
---------------------------------------------------------------------------------------------
                                              0.552778   data required time
                                             -1.008030   data arrival time
---------------------------------------------------------------------------------------------
                                              0.455251   slack (MET)


Startpoint: _1351_ (rising edge-triggered flip-flop clocked by system_clock)
Endpoint: _1351_ (rising edge-triggered flip-flop clocked by system_clock)
Path Group: system_clock
Path Type: min

Fanout         Cap        Slew       Delay        Time   Description
---------------------------------------------------------------------------------------------
                      0.000000    0.000000    0.000000   clock system_clock (rise edge)
                                  0.000000    0.000000   clock network delay (ideal)
                      0.000000    0.000000    0.000000 ^ _1351_/CLK (gf180mcu_fd_sc_mcu7t5v0__dffq_1)
     3    0.011935    0.178907    0.681978    0.681978 v _1351_/Q (gf180mcu_fd_sc_mcu7t5v0__dffq_1)
                                                         pulse_timing_internal[13] (net)
                      0.178907    0.000000    0.681978 v _0921_/A1 (gf180mcu_fd_sc_mcu7t5v0__nor2_1)
     1    0.003979    0.237868    0.178964    0.860942 ^ _0921_/ZN (gf180mcu_fd_sc_mcu7t5v0__nor2_1)
                                                         _0360_ (net)
                      0.237868    0.000000    0.860942 ^ _0923_/A2 (gf180mcu_fd_sc_mcu7t5v0__nor3_1)
     1    0.002389    0.161931    0.146916    1.007858 v _0923_/ZN (gf180mcu_fd_sc_mcu7t5v0__nor3_1)
                                                         _0082_ (net)
                      0.161931    0.000000    1.007858 v _1351_/D (gf180mcu_fd_sc_mcu7t5v0__dffq_1)
                                              1.007858   data arrival time

                      0.000000    0.000000    0.000000   clock system_clock (rise edge)
                                  0.000000    0.000000   clock network delay (ideal)
                                  0.500000    0.500000   clock uncertainty
                                  0.000000    0.500000   clock reconvergence pessimism
                                              0.500000 ^ _1351_/CLK (gf180mcu_fd_sc_mcu7t5v0__dffq_1)
                                  0.051993    0.551993   library hold time
                                              0.551993   data required time
---------------------------------------------------------------------------------------------
                                              0.551993   data required time
                                             -1.007858   data arrival time
---------------------------------------------------------------------------------------------
                                              0.455865   slack (MET)


Startpoint: _1357_ (rising edge-triggered flip-flop clocked by system_clock)
Endpoint: _1357_ (rising edge-triggered flip-flop clocked by system_clock)
Path Group: system_clock
Path Type: min

Fanout         Cap        Slew       Delay        Time   Description
---------------------------------------------------------------------------------------------
                      0.000000    0.000000    0.000000   clock system_clock (rise edge)
                                  0.000000    0.000000   clock network delay (ideal)
                      0.000000    0.000000    0.000000 ^ _1357_/CLK (gf180mcu_fd_sc_mcu7t5v0__dffq_1)
     3    0.011935    0.178907    0.681978    0.681978 v _1357_/Q (gf180mcu_fd_sc_mcu7t5v0__dffq_1)
                                                         pulse_timing_internal[19] (net)
                      0.178907    0.000000    0.681978 v _0939_/A1 (gf180mcu_fd_sc_mcu7t5v0__nor2_1)
     1    0.003979    0.237868    0.178964    0.860942 ^ _0939_/ZN (gf180mcu_fd_sc_mcu7t5v0__nor2_1)
                                                         _0372_ (net)
                      0.237868    0.000000    0.860942 ^ _0941_/A2 (gf180mcu_fd_sc_mcu7t5v0__nor3_1)
     1    0.002389    0.161931    0.146916    1.007858 v _0941_/ZN (gf180mcu_fd_sc_mcu7t5v0__nor3_1)
                                                         _0088_ (net)
                      0.161931    0.000000    1.007858 v _1357_/D (gf180mcu_fd_sc_mcu7t5v0__dffq_1)
                                              1.007858   data arrival time

                      0.000000    0.000000    0.000000   clock system_clock (rise edge)
                                  0.000000    0.000000   clock network delay (ideal)
                                  0.500000    0.500000   clock uncertainty
                                  0.000000    0.500000   clock reconvergence pessimism
                                              0.500000 ^ _1357_/CLK (gf180mcu_fd_sc_mcu7t5v0__dffq_1)
                                  0.051993    0.551993   library hold time
                                              0.551993   data required time
---------------------------------------------------------------------------------------------
                                              0.551993   data required time
                                             -1.007858   data arrival time
---------------------------------------------------------------------------------------------
                                              0.455865   slack (MET)


Startpoint: _1436_ (rising edge-triggered flip-flop clocked by system_clock)
Endpoint: _1436_ (rising edge-triggered flip-flop clocked by system_clock)
Path Group: system_clock
Path Type: min

Fanout         Cap        Slew       Delay        Time   Description
---------------------------------------------------------------------------------------------
                      0.000000    0.000000    0.000000   clock system_clock (rise edge)
                                  0.000000    0.000000   clock network delay (ideal)
                      0.000000    0.000000    0.000000 ^ _1436_/CLK (gf180mcu_fd_sc_mcu7t5v0__dffq_1)
     4    0.019041    0.240818    0.729661    0.729661 v _1436_/Q (gf180mcu_fd_sc_mcu7t5v0__dffq_1)
                                                         pulse_count_threshold_register[5] (net)
                      0.240818    0.000000    0.729661 v _0697_/A1 (gf180mcu_fd_sc_mcu7t5v0__nand2_1)
     1    0.004183    0.161294    0.153217    0.882877 ^ _0697_/ZN (gf180mcu_fd_sc_mcu7t5v0__nand2_1)
                                                         _0216_ (net)
                      0.161294    0.000000    0.882877 ^ _0699_/A2 (gf180mcu_fd_sc_mcu7t5v0__nand3_1)
     1    0.002389    0.148312    0.129031    1.011908 v _0699_/ZN (gf180mcu_fd_sc_mcu7t5v0__nand3_1)
                                                         _0002_ (net)
                      0.148312    0.000000    1.011908 v _1436_/D (gf180mcu_fd_sc_mcu7t5v0__dffq_1)
                                              1.011908   data arrival time

                      0.000000    0.000000    0.000000   clock system_clock (rise edge)
                                  0.000000    0.000000   clock network delay (ideal)
                                  0.500000    0.500000   clock uncertainty
                                  0.000000    0.500000   clock reconvergence pessimism
                                              0.500000 ^ _1436_/CLK (gf180mcu_fd_sc_mcu7t5v0__dffq_1)
                                  0.055496    0.555497   library hold time
                                              0.555497   data required time
---------------------------------------------------------------------------------------------
                                              0.555497   data required time
                                             -1.011908   data arrival time
---------------------------------------------------------------------------------------------
                                              0.456411   slack (MET)


Startpoint: _1321_ (rising edge-triggered flip-flop clocked by system_clock)
Endpoint: _1321_ (rising edge-triggered flip-flop clocked by system_clock)
Path Group: system_clock
Path Type: min

Fanout         Cap        Slew       Delay        Time   Description
---------------------------------------------------------------------------------------------
                      0.000000    0.000000    0.000000   clock system_clock (rise edge)
                                  0.000000    0.000000   clock network delay (ideal)
                      0.000000    0.000000    0.000000 ^ _1321_/CLK (gf180mcu_fd_sc_mcu7t5v0__dffq_1)
     2    0.009309    0.156028    0.664357    0.664357 v _1321_/Q (gf180mcu_fd_sc_mcu7t5v0__dffq_1)
                                                         range_timing_register[7] (net)
                      0.156028    0.000000    0.664357 v _0842_/A1 (gf180mcu_fd_sc_mcu7t5v0__nor2_1)
     1    0.004045    0.238097    0.173224    0.837581 ^ _0842_/ZN (gf180mcu_fd_sc_mcu7t5v0__nor2_1)
                                                         _0311_ (net)
                      0.238097    0.000000    0.837581 ^ _0843_/B (gf180mcu_fd_sc_mcu7t5v0__aoi211_1)
     1    0.002389    0.170683    0.170448    1.008030 v _0843_/ZN (gf180mcu_fd_sc_mcu7t5v0__aoi211_1)
                                                         _0052_ (net)
                      0.170683    0.000000    1.008030 v _1321_/D (gf180mcu_fd_sc_mcu7t5v0__dffq_1)
                                              1.008030   data arrival time

                      0.000000    0.000000    0.000000   clock system_clock (rise edge)
                                  0.000000    0.000000   clock network delay (ideal)
                                  0.500000    0.500000   clock uncertainty
                                  0.000000    0.500000   clock reconvergence pessimism
                                              0.500000 ^ _1321_/CLK (gf180mcu_fd_sc_mcu7t5v0__dffq_1)
                                  0.049742    0.549742   library hold time
                                              0.549742   data required time
---------------------------------------------------------------------------------------------
                                              0.549742   data required time
                                             -1.008030   data arrival time
---------------------------------------------------------------------------------------------
                                              0.458288   slack (MET)


Startpoint: _1354_ (rising edge-triggered flip-flop clocked by system_clock)
Endpoint: _1354_ (rising edge-triggered flip-flop clocked by system_clock)
Path Group: system_clock
Path Type: min

Fanout         Cap        Slew       Delay        Time   Description
---------------------------------------------------------------------------------------------
                      0.000000    0.000000    0.000000   clock system_clock (rise edge)
                                  0.000000    0.000000   clock network delay (ideal)
                      0.000000    0.000000    0.000000 ^ _1354_/CLK (gf180mcu_fd_sc_mcu7t5v0__dffq_1)
     3    0.011464    0.174803    0.678818    0.678818 v _1354_/Q (gf180mcu_fd_sc_mcu7t5v0__dffq_1)
                                                         pulse_timing_internal[16] (net)
                      0.174803    0.000000    0.678818 v _0930_/B (gf180mcu_fd_sc_mcu7t5v0__aoi21_1)
     1    0.003979    0.231297    0.189961    0.868779 ^ _0930_/ZN (gf180mcu_fd_sc_mcu7t5v0__aoi21_1)
                                                         _0366_ (net)
                      0.231297    0.000000    0.868779 ^ _0932_/A2 (gf180mcu_fd_sc_mcu7t5v0__nor3_1)
     1    0.002389    0.160302    0.145909    1.014688 v _0932_/ZN (gf180mcu_fd_sc_mcu7t5v0__nor3_1)
                                                         _0085_ (net)
                      0.160302    0.000000    1.014688 v _1354_/D (gf180mcu_fd_sc_mcu7t5v0__dffq_1)
                                              1.014688   data arrival time

                      0.000000    0.000000    0.000000   clock system_clock (rise edge)
                                  0.000000    0.000000   clock network delay (ideal)
                                  0.500000    0.500000   clock uncertainty
                                  0.000000    0.500000   clock reconvergence pessimism
                                              0.500000 ^ _1354_/CLK (gf180mcu_fd_sc_mcu7t5v0__dffq_1)
                                  0.052412    0.552412   library hold time
                                              0.552412   data required time
---------------------------------------------------------------------------------------------
                                              0.552412   data required time
                                             -1.014688   data arrival time
---------------------------------------------------------------------------------------------
                                              0.462276   slack (MET)


Startpoint: _1322_ (rising edge-triggered flip-flop clocked by system_clock)
Endpoint: _1322_ (rising edge-triggered flip-flop clocked by system_clock)
Path Group: system_clock
Path Type: min

Fanout         Cap        Slew       Delay        Time   Description
---------------------------------------------------------------------------------------------
                      0.000000    0.000000    0.000000   clock system_clock (rise edge)
                                  0.000000    0.000000   clock network delay (ideal)
                      0.000000    0.000000    0.000000 ^ _1322_/CLK (gf180mcu_fd_sc_mcu7t5v0__dffq_1)
     2    0.009309    0.156028    0.664357    0.664357 v _1322_/Q (gf180mcu_fd_sc_mcu7t5v0__dffq_1)
                                                         range_timing_register[8] (net)
                      0.156028    0.000000    0.664357 v _0844_/A1 (gf180mcu_fd_sc_mcu7t5v0__nor2_1)
     1    0.004045    0.238097    0.173224    0.837581 ^ _0844_/ZN (gf180mcu_fd_sc_mcu7t5v0__nor2_1)
                                                         _0312_ (net)
                      0.238097    0.000000    0.837581 ^ _0845_/B (gf180mcu_fd_sc_mcu7t5v0__aoi211_1)
     1    0.002389    0.187333    0.170448    1.008030 v _0845_/ZN (gf180mcu_fd_sc_mcu7t5v0__aoi211_1)
                                                         _0053_ (net)
                      0.187333    0.000000    1.008030 v _1322_/D (gf180mcu_fd_sc_mcu7t5v0__dffq_1)
                                              1.008030   data arrival time

                      0.000000    0.000000    0.000000   clock system_clock (rise edge)
                                  0.000000    0.000000   clock network delay (ideal)
                                  0.500000    0.500000   clock uncertainty
                                  0.000000    0.500000   clock reconvergence pessimism
                                              0.500000 ^ _1322_/CLK (gf180mcu_fd_sc_mcu7t5v0__dffq_1)
                                  0.045458    0.545458   library hold time
                                              0.545458   data required time
---------------------------------------------------------------------------------------------
                                              0.545458   data required time
                                             -1.008030   data arrival time
---------------------------------------------------------------------------------------------
                                              0.462571   slack (MET)


Startpoint: _1449_ (rising edge-triggered flip-flop clocked by system_clock)
Endpoint: _1449_ (rising edge-triggered flip-flop clocked by system_clock)
Path Group: system_clock
Path Type: min

Fanout         Cap        Slew       Delay        Time   Description
---------------------------------------------------------------------------------------------
                      0.000000    0.000000    0.000000   clock system_clock (rise edge)
                                  0.000000    0.000000   clock network delay (ideal)
                      0.000000    0.000000    0.000000 ^ _1449_/CLK (gf180mcu_fd_sc_mcu7t5v0__dffq_1)
     3    0.011928    0.178846    0.681931    0.681931 v _1449_/Q (gf180mcu_fd_sc_mcu7t5v0__dffq_1)
                                                         afe_config_bypass_control_register[4] (net)
                      0.178846    0.000000    0.681931 v _0736_/I0 (gf180mcu_fd_sc_mcu7t5v0__mux2_2)
     1    0.002389    0.103467    0.344774    1.026705 v _0736_/Z (gf180mcu_fd_sc_mcu7t5v0__mux2_2)
                                                         _0015_ (net)
                      0.103467    0.000000    1.026705 v _1449_/D (gf180mcu_fd_sc_mcu7t5v0__dffq_1)
                                              1.026705   data arrival time

                      0.000000    0.000000    0.000000   clock system_clock (rise edge)
                                  0.000000    0.000000   clock network delay (ideal)
                                  0.500000    0.500000   clock uncertainty
                                  0.000000    0.500000   clock reconvergence pessimism
                                              0.500000 ^ _1449_/CLK (gf180mcu_fd_sc_mcu7t5v0__dffq_1)
                                  0.063988    0.563988   library hold time
                                              0.563988   data required time
---------------------------------------------------------------------------------------------
                                              0.563988   data required time
                                             -1.026705   data arrival time
---------------------------------------------------------------------------------------------
                                              0.462717   slack (MET)


Startpoint: _1385_ (rising edge-triggered flip-flop clocked by system_clock)
Endpoint: _1385_ (rising edge-triggered flip-flop clocked by system_clock)
Path Group: system_clock
Path Type: min

Fanout         Cap        Slew       Delay        Time   Description
---------------------------------------------------------------------------------------------
                      0.000000    0.000000    0.000000   clock system_clock (rise edge)
                                  0.000000    0.000000   clock network delay (ideal)
                      0.000000    0.000000    0.000000 ^ _1385_/CLK (gf180mcu_fd_sc_mcu7t5v0__dffq_1)
     4    0.017150    0.224343    0.716972    0.716972 v _1385_/Q (gf180mcu_fd_sc_mcu7t5v0__dffq_1)
                                                         range_timing_internal[6] (net)
                      0.224343    0.000000    0.716972 v _0657_/I (gf180mcu_fd_sc_mcu7t5v0__clkinv_1)
     2    0.009394    0.217148    0.178914    0.895886 ^ _0657_/ZN (gf180mcu_fd_sc_mcu7t5v0__clkinv_1)
                                                         _0178_ (net)
                      0.217148    0.000000    0.895886 ^ _1075_/A1 (gf180mcu_fd_sc_mcu7t5v0__aoi211_1)
     1    0.002389    0.139676    0.125212    1.021098 v _1075_/ZN (gf180mcu_fd_sc_mcu7t5v0__aoi211_1)
                                                         _0116_ (net)
                      0.139676    0.000000    1.021098 v _1385_/D (gf180mcu_fd_sc_mcu7t5v0__dffq_1)
                                              1.021098   data arrival time

                      0.000000    0.000000    0.000000   clock system_clock (rise edge)
                                  0.000000    0.000000   clock network delay (ideal)
                                  0.500000    0.500000   clock uncertainty
                                  0.000000    0.500000   clock reconvergence pessimism
                                              0.500000 ^ _1385_/CLK (gf180mcu_fd_sc_mcu7t5v0__dffq_1)
                                  0.057400    0.557400   library hold time
                                              0.557400   data required time
---------------------------------------------------------------------------------------------
                                              0.557400   data required time
                                             -1.021098   data arrival time
---------------------------------------------------------------------------------------------
                                              0.463698   slack (MET)


Startpoint: _1448_ (rising edge-triggered flip-flop clocked by system_clock)
Endpoint: _1448_ (rising edge-triggered flip-flop clocked by system_clock)
Path Group: system_clock
Path Type: min

Fanout         Cap        Slew       Delay        Time   Description
---------------------------------------------------------------------------------------------
                      0.000000    0.000000    0.000000   clock system_clock (rise edge)
                                  0.000000    0.000000   clock network delay (ideal)
                      0.000000    0.000000    0.000000 ^ _1448_/CLK (gf180mcu_fd_sc_mcu7t5v0__dffq_1)
     3    0.012195    0.181172    0.683723    0.683723 v _1448_/Q (gf180mcu_fd_sc_mcu7t5v0__dffq_1)
                                                         afe_config_bypass_control_register[3] (net)
                      0.181172    0.000000    0.683723 v _0735_/I0 (gf180mcu_fd_sc_mcu7t5v0__mux2_2)
     1    0.002389    0.103467    0.345207    1.028930 v _0735_/Z (gf180mcu_fd_sc_mcu7t5v0__mux2_2)
                                                         _0014_ (net)
                      0.103467    0.000000    1.028930 v _1448_/D (gf180mcu_fd_sc_mcu7t5v0__dffq_1)
                                              1.028930   data arrival time

                      0.000000    0.000000    0.000000   clock system_clock (rise edge)
                                  0.000000    0.000000   clock network delay (ideal)
                                  0.500000    0.500000   clock uncertainty
                                  0.000000    0.500000   clock reconvergence pessimism
                                              0.500000 ^ _1448_/CLK (gf180mcu_fd_sc_mcu7t5v0__dffq_1)
                                  0.063988    0.563988   library hold time
                                              0.563988   data required time
---------------------------------------------------------------------------------------------
                                              0.563988   data required time
                                             -1.028930   data arrival time
---------------------------------------------------------------------------------------------
                                              0.464942   slack (MET)


Startpoint: _1450_ (rising edge-triggered flip-flop clocked by system_clock)
Endpoint: _1450_ (rising edge-triggered flip-flop clocked by system_clock)
Path Group: system_clock
Path Type: min

Fanout         Cap        Slew       Delay        Time   Description
---------------------------------------------------------------------------------------------
                      0.000000    0.000000    0.000000   clock system_clock (rise edge)
                                  0.000000    0.000000   clock network delay (ideal)
                      0.000000    0.000000    0.000000 ^ _1450_/CLK (gf180mcu_fd_sc_mcu7t5v0__dffq_1)
     3    0.012195    0.181172    0.683723    0.683723 v _1450_/Q (gf180mcu_fd_sc_mcu7t5v0__dffq_1)
                                                         afe_config_bypass_control_register[5] (net)
                      0.181172    0.000000    0.683723 v _0737_/I0 (gf180mcu_fd_sc_mcu7t5v0__mux2_2)
     1    0.002389    0.103467    0.345207    1.028930 v _0737_/Z (gf180mcu_fd_sc_mcu7t5v0__mux2_2)
                                                         _0016_ (net)
                      0.103467    0.000000    1.028930 v _1450_/D (gf180mcu_fd_sc_mcu7t5v0__dffq_1)
                                              1.028930   data arrival time

                      0.000000    0.000000    0.000000   clock system_clock (rise edge)
                                  0.000000    0.000000   clock network delay (ideal)
                                  0.500000    0.500000   clock uncertainty
                                  0.000000    0.500000   clock reconvergence pessimism
                                              0.500000 ^ _1450_/CLK (gf180mcu_fd_sc_mcu7t5v0__dffq_1)
                                  0.063988    0.563988   library hold time
                                              0.563988   data required time
---------------------------------------------------------------------------------------------
                                              0.563988   data required time
                                             -1.028930   data arrival time
---------------------------------------------------------------------------------------------
                                              0.464942   slack (MET)


Startpoint: _1452_ (rising edge-triggered flip-flop clocked by system_clock)
Endpoint: _1452_ (rising edge-triggered flip-flop clocked by system_clock)
Path Group: system_clock
Path Type: min

Fanout         Cap        Slew       Delay        Time   Description
---------------------------------------------------------------------------------------------
                      0.000000    0.000000    0.000000   clock system_clock (rise edge)
                                  0.000000    0.000000   clock network delay (ideal)
                      0.000000    0.000000    0.000000 ^ _1452_/CLK (gf180mcu_fd_sc_mcu7t5v0__dffq_1)
     3    0.012195    0.181172    0.683723    0.683723 v _1452_/Q (gf180mcu_fd_sc_mcu7t5v0__dffq_1)
                                                         afe_config_bypass_control_register[7] (net)
                      0.181172    0.000000    0.683723 v _0740_/I0 (gf180mcu_fd_sc_mcu7t5v0__mux2_2)
     1    0.002389    0.103467    0.345207    1.028930 v _0740_/Z (gf180mcu_fd_sc_mcu7t5v0__mux2_2)
                                                         _0018_ (net)
                      0.103467    0.000000    1.028930 v _1452_/D (gf180mcu_fd_sc_mcu7t5v0__dffq_1)
                                              1.028930   data arrival time

                      0.000000    0.000000    0.000000   clock system_clock (rise edge)
                                  0.000000    0.000000   clock network delay (ideal)
                                  0.500000    0.500000   clock uncertainty
                                  0.000000    0.500000   clock reconvergence pessimism
                                              0.500000 ^ _1452_/CLK (gf180mcu_fd_sc_mcu7t5v0__dffq_1)
                                  0.063988    0.563988   library hold time
                                              0.563988   data required time
---------------------------------------------------------------------------------------------
                                              0.563988   data required time
                                             -1.028930   data arrival time
---------------------------------------------------------------------------------------------
                                              0.464942   slack (MET)


Startpoint: _1398_ (rising edge-triggered flip-flop clocked by system_clock)
Endpoint: _1398_ (rising edge-triggered flip-flop clocked by system_clock)
Path Group: system_clock
Path Type: min

Fanout         Cap        Slew       Delay        Time   Description
---------------------------------------------------------------------------------------------
                      0.000000    0.000000    0.000000   clock system_clock (rise edge)
                                  0.000000    0.000000   clock network delay (ideal)
                      0.000000    0.000000    0.000000 ^ _1398_/CLK (gf180mcu_fd_sc_mcu7t5v0__dffq_1)
     3    0.013892    0.195957    0.695110    0.695110 v _1398_/Q (gf180mcu_fd_sc_mcu7t5v0__dffq_1)
                                                         range_timing_internal[19] (net)
                      0.195957    0.000000    0.695110 v _0650_/I (gf180mcu_fd_sc_mcu7t5v0__clkinv_1)
     3    0.012324    0.257426    0.198432    0.893542 ^ _0650_/ZN (gf180mcu_fd_sc_mcu7t5v0__clkinv_1)
                                                         _0171_ (net)
                      0.257426    0.000000    0.893542 ^ _1126_/A1 (gf180mcu_fd_sc_mcu7t5v0__aoi211_1)
     1    0.002389    0.144546    0.129416    1.022958 v _1126_/ZN (gf180mcu_fd_sc_mcu7t5v0__aoi211_1)
                                                         _0129_ (net)
                      0.144546    0.000000    1.022958 v _1398_/D (gf180mcu_fd_sc_mcu7t5v0__dffq_1)
                                              1.022958   data arrival time

                      0.000000    0.000000    0.000000   clock system_clock (rise edge)
                                  0.000000    0.000000   clock network delay (ideal)
                                  0.500000    0.500000   clock uncertainty
                                  0.000000    0.500000   clock reconvergence pessimism
                                              0.500000 ^ _1398_/CLK (gf180mcu_fd_sc_mcu7t5v0__dffq_1)
                                  0.056465    0.556465   library hold time
                                              0.556465   data required time
---------------------------------------------------------------------------------------------
                                              0.556465   data required time
                                             -1.022958   data arrival time
---------------------------------------------------------------------------------------------
                                              0.466493   slack (MET)


Startpoint: _1393_ (rising edge-triggered flip-flop clocked by system_clock)
Endpoint: _1393_ (rising edge-triggered flip-flop clocked by system_clock)
Path Group: system_clock
Path Type: min

Fanout         Cap        Slew       Delay        Time   Description
---------------------------------------------------------------------------------------------
                      0.000000    0.000000    0.000000   clock system_clock (rise edge)
                                  0.000000    0.000000   clock network delay (ideal)
                      0.000000    0.000000    0.000000 ^ _1393_/CLK (gf180mcu_fd_sc_mcu7t5v0__dffq_1)
     3    0.013350    0.191235    0.691473    0.691473 v _1393_/Q (gf180mcu_fd_sc_mcu7t5v0__dffq_1)
                                                         range_timing_internal[14] (net)
                      0.191235    0.000000    0.691473 v _1106_/A1 (gf180mcu_fd_sc_mcu7t5v0__aoi22_1)
     1    0.004045    0.197311    0.165397    0.856870 ^ _1106_/ZN (gf180mcu_fd_sc_mcu7t5v0__aoi22_1)
                                                         _0503_ (net)
                      0.197311    0.000000    0.856870 ^ _1107_/B (gf180mcu_fd_sc_mcu7t5v0__aoi211_1)
     1    0.002389    0.158879    0.162920    1.019790 v _1107_/ZN (gf180mcu_fd_sc_mcu7t5v0__aoi211_1)
                                                         _0124_ (net)
                      0.158879    0.000000    1.019790 v _1393_/D (gf180mcu_fd_sc_mcu7t5v0__dffq_1)
                                              1.019790   data arrival time

                      0.000000    0.000000    0.000000   clock system_clock (rise edge)
                                  0.000000    0.000000   clock network delay (ideal)
                                  0.500000    0.500000   clock uncertainty
                                  0.000000    0.500000   clock reconvergence pessimism
                                              0.500000 ^ _1393_/CLK (gf180mcu_fd_sc_mcu7t5v0__dffq_1)
                                  0.052778    0.552778   library hold time
                                              0.552778   data required time
---------------------------------------------------------------------------------------------
                                              0.552778   data required time
                                             -1.019790   data arrival time
---------------------------------------------------------------------------------------------
                                              0.467011   slack (MET)


Startpoint: _1447_ (rising edge-triggered flip-flop clocked by system_clock)
Endpoint: _1447_ (rising edge-triggered flip-flop clocked by system_clock)
Path Group: system_clock
Path Type: min

Fanout         Cap        Slew       Delay        Time   Description
---------------------------------------------------------------------------------------------
                      0.000000    0.000000    0.000000   clock system_clock (rise edge)
                                  0.000000    0.000000   clock network delay (ideal)
                      0.000000    0.000000    0.000000 ^ _1447_/CLK (gf180mcu_fd_sc_mcu7t5v0__dffq_1)
     3    0.012550    0.184265    0.686105    0.686105 v _1447_/Q (gf180mcu_fd_sc_mcu7t5v0__dffq_1)
                                                         afe_config_bypass_control_register[2] (net)
                      0.184265    0.000000    0.686105 v _0734_/I0 (gf180mcu_fd_sc_mcu7t5v0__mux2_2)
     1    0.002389    0.103467    0.345784    1.031889 v _0734_/Z (gf180mcu_fd_sc_mcu7t5v0__mux2_2)
                                                         _0013_ (net)
                      0.103467    0.000000    1.031889 v _1447_/D (gf180mcu_fd_sc_mcu7t5v0__dffq_1)
                                              1.031889   data arrival time

                      0.000000    0.000000    0.000000   clock system_clock (rise edge)
                                  0.000000    0.000000   clock network delay (ideal)
                                  0.500000    0.500000   clock uncertainty
                                  0.000000    0.500000   clock reconvergence pessimism
                                              0.500000 ^ _1447_/CLK (gf180mcu_fd_sc_mcu7t5v0__dffq_1)
                                  0.063988    0.563988   library hold time
                                              0.563988   data required time
---------------------------------------------------------------------------------------------
                                              0.563988   data required time
                                             -1.031889   data arrival time
---------------------------------------------------------------------------------------------
                                              0.467901   slack (MET)


Startpoint: _1392_ (rising edge-triggered flip-flop clocked by system_clock)
Endpoint: _1392_ (rising edge-triggered flip-flop clocked by system_clock)
Path Group: system_clock
Path Type: min

Fanout         Cap        Slew       Delay        Time   Description
---------------------------------------------------------------------------------------------
                      0.000000    0.000000    0.000000   clock system_clock (rise edge)
                                  0.000000    0.000000   clock network delay (ideal)
                      0.000000    0.000000    0.000000 ^ _1392_/CLK (gf180mcu_fd_sc_mcu7t5v0__dffq_1)
     4    0.017538    0.227723    0.719575    0.719575 v _1392_/Q (gf180mcu_fd_sc_mcu7t5v0__dffq_1)
                                                         range_timing_internal[13] (net)
                      0.227723    0.000000    0.719575 v _0653_/I (gf180mcu_fd_sc_mcu7t5v0__clkinv_1)
     2    0.009394    0.217787    0.179843    0.899418 ^ _0653_/ZN (gf180mcu_fd_sc_mcu7t5v0__clkinv_1)
                                                         _0174_ (net)
                      0.217787    0.000000    0.899418 ^ _1103_/A1 (gf180mcu_fd_sc_mcu7t5v0__aoi211_1)
     1    0.002389    0.144673    0.125279    1.024697 v _1103_/ZN (gf180mcu_fd_sc_mcu7t5v0__aoi211_1)
                                                         _0123_ (net)
                      0.144673    0.000000    1.024697 v _1392_/D (gf180mcu_fd_sc_mcu7t5v0__dffq_1)
                                              1.024697   data arrival time

                      0.000000    0.000000    0.000000   clock system_clock (rise edge)
                                  0.000000    0.000000   clock network delay (ideal)
                                  0.500000    0.500000   clock uncertainty
                                  0.000000    0.500000   clock reconvergence pessimism
                                              0.500000 ^ _1392_/CLK (gf180mcu_fd_sc_mcu7t5v0__dffq_1)
                                  0.056433    0.556433   library hold time
                                              0.556433   data required time
---------------------------------------------------------------------------------------------
                                              0.556433   data required time
                                             -1.024697   data arrival time
---------------------------------------------------------------------------------------------
                                              0.468264   slack (MET)


Startpoint: _1386_ (rising edge-triggered flip-flop clocked by system_clock)
Endpoint: _1386_ (rising edge-triggered flip-flop clocked by system_clock)
Path Group: system_clock
Path Type: min

Fanout         Cap        Slew       Delay        Time   Description
---------------------------------------------------------------------------------------------
                      0.000000    0.000000    0.000000   clock system_clock (rise edge)
                                  0.000000    0.000000   clock network delay (ideal)
                      0.000000    0.000000    0.000000 ^ _1386_/CLK (gf180mcu_fd_sc_mcu7t5v0__dffq_1)
     3    0.013212    0.190033    0.690547    0.690547 v _1386_/Q (gf180mcu_fd_sc_mcu7t5v0__dffq_1)
                                                         range_timing_internal[7] (net)
                      0.190033    0.000000    0.690547 v _1078_/A1 (gf180mcu_fd_sc_mcu7t5v0__aoi22_1)
     1    0.004045    0.197137    0.165052    0.855600 ^ _1078_/ZN (gf180mcu_fd_sc_mcu7t5v0__aoi22_1)
                                                         _0482_ (net)
                      0.197137    0.000000    0.855600 ^ _1079_/B (gf180mcu_fd_sc_mcu7t5v0__aoi211_1)
     1    0.002389    0.170683    0.162887    1.018487 v _1079_/ZN (gf180mcu_fd_sc_mcu7t5v0__aoi211_1)
                                                         _0117_ (net)
                      0.170683    0.000000    1.018487 v _1386_/D (gf180mcu_fd_sc_mcu7t5v0__dffq_1)
                                              1.018487   data arrival time

                      0.000000    0.000000    0.000000   clock system_clock (rise edge)
                                  0.000000    0.000000   clock network delay (ideal)
                                  0.500000    0.500000   clock uncertainty
                                  0.000000    0.500000   clock reconvergence pessimism
                                              0.500000 ^ _1386_/CLK (gf180mcu_fd_sc_mcu7t5v0__dffq_1)
                                  0.049742    0.549742   library hold time
                                              0.549742   data required time
---------------------------------------------------------------------------------------------
                                              0.549742   data required time
                                             -1.018487   data arrival time
---------------------------------------------------------------------------------------------
                                              0.468745   slack (MET)


Startpoint: _1348_ (rising edge-triggered flip-flop clocked by system_clock)
Endpoint: _1348_ (rising edge-triggered flip-flop clocked by system_clock)
Path Group: system_clock
Path Type: min

Fanout         Cap        Slew       Delay        Time   Description
---------------------------------------------------------------------------------------------
                      0.000000    0.000000    0.000000   clock system_clock (rise edge)
                                  0.000000    0.000000   clock network delay (ideal)
                      0.000000    0.000000    0.000000 ^ _1348_/CLK (gf180mcu_fd_sc_mcu7t5v0__dffq_1)
     3    0.013366    0.191375    0.691580    0.691580 v _1348_/Q (gf180mcu_fd_sc_mcu7t5v0__dffq_1)
                                                         pulse_timing_internal[10] (net)
                      0.191375    0.000000    0.691580 v _0911_/A1 (gf180mcu_fd_sc_mcu7t5v0__nor2_1)
     1    0.003979    0.240156    0.182684    0.874264 ^ _0911_/ZN (gf180mcu_fd_sc_mcu7t5v0__nor2_1)
                                                         _0353_ (net)
                      0.240156    0.000000    0.874264 ^ _0914_/A2 (gf180mcu_fd_sc_mcu7t5v0__nor3_1)
     1    0.002389    0.162498    0.147267    1.021531 v _0914_/ZN (gf180mcu_fd_sc_mcu7t5v0__nor3_1)
                                                         _0079_ (net)
                      0.162498    0.000000    1.021531 v _1348_/D (gf180mcu_fd_sc_mcu7t5v0__dffq_1)
                                              1.021531   data arrival time

                      0.000000    0.000000    0.000000   clock system_clock (rise edge)
                                  0.000000    0.000000   clock network delay (ideal)
                                  0.500000    0.500000   clock uncertainty
                                  0.000000    0.500000   clock reconvergence pessimism
                                              0.500000 ^ _1348_/CLK (gf180mcu_fd_sc_mcu7t5v0__dffq_1)
                                  0.051847    0.551847   library hold time
                                              0.551847   data required time
---------------------------------------------------------------------------------------------
                                              0.551847   data required time
                                             -1.021531   data arrival time
---------------------------------------------------------------------------------------------
                                              0.469684   slack (MET)


Startpoint: _1389_ (rising edge-triggered flip-flop clocked by system_clock)
Endpoint: _1389_ (rising edge-triggered flip-flop clocked by system_clock)
Path Group: system_clock
Path Type: min

Fanout         Cap        Slew       Delay        Time   Description
---------------------------------------------------------------------------------------------
                      0.000000    0.000000    0.000000   clock system_clock (rise edge)
                                  0.000000    0.000000   clock network delay (ideal)
                      0.000000    0.000000    0.000000 ^ _1389_/CLK (gf180mcu_fd_sc_mcu7t5v0__dffq_1)
     4    0.018373    0.234998    0.725178    0.725178 v _1389_/Q (gf180mcu_fd_sc_mcu7t5v0__dffq_1)
                                                         range_timing_internal[10] (net)
                      0.234998    0.000000    0.725178 v _0654_/I (gf180mcu_fd_sc_mcu7t5v0__clkinv_1)
     2    0.009394    0.219161    0.181842    0.907020 ^ _0654_/ZN (gf180mcu_fd_sc_mcu7t5v0__clkinv_1)
                                                         _0175_ (net)
                      0.219161    0.000000    0.907020 ^ _1091_/A1 (gf180mcu_fd_sc_mcu7t5v0__aoi211_1)
     1    0.002389    0.144681    0.125422    1.032442 v _1091_/ZN (gf180mcu_fd_sc_mcu7t5v0__aoi211_1)
                                                         _0120_ (net)
                      0.144681    0.000000    1.032442 v _1389_/D (gf180mcu_fd_sc_mcu7t5v0__dffq_1)
                                              1.032442   data arrival time

                      0.000000    0.000000    0.000000   clock system_clock (rise edge)
                                  0.000000    0.000000   clock network delay (ideal)
                                  0.500000    0.500000   clock uncertainty
                                  0.000000    0.500000   clock reconvergence pessimism
                                              0.500000 ^ _1389_/CLK (gf180mcu_fd_sc_mcu7t5v0__dffq_1)
                                  0.056431    0.556431   library hold time
                                              0.556431   data required time
---------------------------------------------------------------------------------------------
                                              0.556431   data required time
                                             -1.032442   data arrival time
---------------------------------------------------------------------------------------------
                                              0.476011   slack (MET)


Startpoint: _1343_ (rising edge-triggered flip-flop clocked by system_clock)
Endpoint: _1343_ (rising edge-triggered flip-flop clocked by system_clock)
Path Group: system_clock
Path Type: min

Fanout         Cap        Slew       Delay        Time   Description
---------------------------------------------------------------------------------------------
                      0.000000    0.000000    0.000000   clock system_clock (rise edge)
                                  0.000000    0.000000   clock network delay (ideal)
                      0.000000    0.000000    0.000000 ^ _1343_/CLK (gf180mcu_fd_sc_mcu7t5v0__dffq_1)
     4    0.018404    0.235268    0.725386    0.725386 v _1343_/Q (gf180mcu_fd_sc_mcu7t5v0__dffq_1)
                                                         pulse_timing_internal[5] (net)
                      0.235268    0.000000    0.725386 v _0897_/A1 (gf180mcu_fd_sc_mcu7t5v0__oai21_1)
     1    0.004218    0.228008    0.220860    0.946246 ^ _0897_/ZN (gf180mcu_fd_sc_mcu7t5v0__oai21_1)
                                                         _0344_ (net)
                      0.228008    0.000000    0.946246 ^ _0898_/I (gf180mcu_fd_sc_mcu7t5v0__clkinv_1)
     1    0.002389    0.111045    0.098238    1.044484 v _0898_/ZN (gf180mcu_fd_sc_mcu7t5v0__clkinv_1)
                                                         _0074_ (net)
                      0.111045    0.000000    1.044484 v _1343_/D (gf180mcu_fd_sc_mcu7t5v0__dffq_1)
                                              1.044484   data arrival time

                      0.000000    0.000000    0.000000   clock system_clock (rise edge)
                                  0.000000    0.000000   clock network delay (ideal)
                                  0.500000    0.500000   clock uncertainty
                                  0.000000    0.500000   clock reconvergence pessimism
                                              0.500000 ^ _1343_/CLK (gf180mcu_fd_sc_mcu7t5v0__dffq_1)
                                  0.062609    0.562609   library hold time
                                              0.562609   data required time
---------------------------------------------------------------------------------------------
                                              0.562609   data required time
                                             -1.044484   data arrival time
---------------------------------------------------------------------------------------------
                                              0.481875   slack (MET)


Startpoint: _1339_ (rising edge-triggered flip-flop clocked by system_clock)
Endpoint: _1339_ (rising edge-triggered flip-flop clocked by system_clock)
Path Group: system_clock
Path Type: min

Fanout         Cap        Slew       Delay        Time   Description
---------------------------------------------------------------------------------------------
                      0.000000    0.000000    0.000000   clock system_clock (rise edge)
                                  0.000000    0.000000   clock network delay (ideal)
                      0.000000    0.000000    0.000000 ^ _1339_/CLK (gf180mcu_fd_sc_mcu7t5v0__dffq_1)
     4    0.014732    0.203276    0.700747    0.700747 v _1339_/Q (gf180mcu_fd_sc_mcu7t5v0__dffq_1)
                                                         pulse_timing_internal[1] (net)
                      0.203276    0.000000    0.700747 v _0882_/A1 (gf180mcu_fd_sc_mcu7t5v0__nor2_1)
     1    0.003979    0.240985    0.186235    0.886981 ^ _0882_/ZN (gf180mcu_fd_sc_mcu7t5v0__nor2_1)
                                                         _0333_ (net)
                      0.240985    0.000000    0.886981 ^ _0884_/A2 (gf180mcu_fd_sc_mcu7t5v0__nor3_1)
     1    0.002389    0.162704    0.147394    1.034375 v _0884_/ZN (gf180mcu_fd_sc_mcu7t5v0__nor3_1)
                                                         _0070_ (net)
                      0.162704    0.000000    1.034375 v _1339_/D (gf180mcu_fd_sc_mcu7t5v0__dffq_1)
                                              1.034375   data arrival time

                      0.000000    0.000000    0.000000   clock system_clock (rise edge)
                                  0.000000    0.000000   clock network delay (ideal)
                                  0.500000    0.500000   clock uncertainty
                                  0.000000    0.500000   clock reconvergence pessimism
                                              0.500000 ^ _1339_/CLK (gf180mcu_fd_sc_mcu7t5v0__dffq_1)
                                  0.051794    0.551794   library hold time
                                              0.551794   data required time
---------------------------------------------------------------------------------------------
                                              0.551794   data required time
                                             -1.034375   data arrival time
---------------------------------------------------------------------------------------------
                                              0.482581   slack (MET)


Startpoint: _1349_ (rising edge-triggered flip-flop clocked by system_clock)
Endpoint: _1349_ (rising edge-triggered flip-flop clocked by system_clock)
Path Group: system_clock
Path Type: min

Fanout         Cap        Slew       Delay        Time   Description
---------------------------------------------------------------------------------------------
                      0.000000    0.000000    0.000000   clock system_clock (rise edge)
                                  0.000000    0.000000   clock network delay (ideal)
                      0.000000    0.000000    0.000000 ^ _1349_/CLK (gf180mcu_fd_sc_mcu7t5v0__dffq_1)
     4    0.014732    0.203276    0.700747    0.700747 v _1349_/Q (gf180mcu_fd_sc_mcu7t5v0__dffq_1)
                                                         pulse_timing_internal[11] (net)
                      0.203276    0.000000    0.700747 v _0915_/A1 (gf180mcu_fd_sc_mcu7t5v0__nor2_1)
     1    0.003979    0.241593    0.186235    0.886981 ^ _0915_/ZN (gf180mcu_fd_sc_mcu7t5v0__nor2_1)
                                                         _0356_ (net)
                      0.241593    0.000000    0.886981 ^ _0917_/A2 (gf180mcu_fd_sc_mcu7t5v0__nor3_1)
     1    0.002389    0.162855    0.147487    1.034469 v _0917_/ZN (gf180mcu_fd_sc_mcu7t5v0__nor3_1)
                                                         _0080_ (net)
                      0.162855    0.000000    1.034469 v _1349_/D (gf180mcu_fd_sc_mcu7t5v0__dffq_1)
                                              1.034469   data arrival time

                      0.000000    0.000000    0.000000   clock system_clock (rise edge)
                                  0.000000    0.000000   clock network delay (ideal)
                                  0.500000    0.500000   clock uncertainty
                                  0.000000    0.500000   clock reconvergence pessimism
                                              0.500000 ^ _1349_/CLK (gf180mcu_fd_sc_mcu7t5v0__dffq_1)
                                  0.051756    0.551756   library hold time
                                              0.551756   data required time
---------------------------------------------------------------------------------------------
                                              0.551756   data required time
                                             -1.034469   data arrival time
---------------------------------------------------------------------------------------------
                                              0.482713   slack (MET)


Startpoint: _1352_ (rising edge-triggered flip-flop clocked by system_clock)
Endpoint: _1352_ (rising edge-triggered flip-flop clocked by system_clock)
Path Group: system_clock
Path Type: min

Fanout         Cap        Slew       Delay        Time   Description
---------------------------------------------------------------------------------------------
                      0.000000    0.000000    0.000000   clock system_clock (rise edge)
                                  0.000000    0.000000   clock network delay (ideal)
                      0.000000    0.000000    0.000000 ^ _1352_/CLK (gf180mcu_fd_sc_mcu7t5v0__dffq_1)
     4    0.014732    0.203276    0.700747    0.700747 v _1352_/Q (gf180mcu_fd_sc_mcu7t5v0__dffq_1)
                                                         pulse_timing_internal[14] (net)
                      0.203276    0.000000    0.700747 v _0924_/A1 (gf180mcu_fd_sc_mcu7t5v0__nor2_1)
     1    0.003979    0.241593    0.186235    0.886981 ^ _0924_/ZN (gf180mcu_fd_sc_mcu7t5v0__nor2_1)
                                                         _0362_ (net)
                      0.241593    0.000000    0.886981 ^ _0926_/A2 (gf180mcu_fd_sc_mcu7t5v0__nor3_1)
     1    0.002389    0.162855    0.147487    1.034469 v _0926_/ZN (gf180mcu_fd_sc_mcu7t5v0__nor3_1)
                                                         _0083_ (net)
                      0.162855    0.000000    1.034469 v _1352_/D (gf180mcu_fd_sc_mcu7t5v0__dffq_1)
                                              1.034469   data arrival time

                      0.000000    0.000000    0.000000   clock system_clock (rise edge)
                                  0.000000    0.000000   clock network delay (ideal)
                                  0.500000    0.500000   clock uncertainty
                                  0.000000    0.500000   clock reconvergence pessimism
                                              0.500000 ^ _1352_/CLK (gf180mcu_fd_sc_mcu7t5v0__dffq_1)
                                  0.051756    0.551756   library hold time
                                              0.551756   data required time
---------------------------------------------------------------------------------------------
                                              0.551756   data required time
                                             -1.034469   data arrival time
---------------------------------------------------------------------------------------------
                                              0.482713   slack (MET)


Startpoint: _1355_ (rising edge-triggered flip-flop clocked by system_clock)
Endpoint: _1355_ (rising edge-triggered flip-flop clocked by system_clock)
Path Group: system_clock
Path Type: min

Fanout         Cap        Slew       Delay        Time   Description
---------------------------------------------------------------------------------------------
                      0.000000    0.000000    0.000000   clock system_clock (rise edge)
                                  0.000000    0.000000   clock network delay (ideal)
                      0.000000    0.000000    0.000000 ^ _1355_/CLK (gf180mcu_fd_sc_mcu7t5v0__dffq_1)
     4    0.014732    0.203276    0.700747    0.700747 v _1355_/Q (gf180mcu_fd_sc_mcu7t5v0__dffq_1)
                                                         pulse_timing_internal[17] (net)
                      0.203276    0.000000    0.700747 v _0933_/A1 (gf180mcu_fd_sc_mcu7t5v0__nor2_1)
     1    0.003979    0.241593    0.186235    0.886981 ^ _0933_/ZN (gf180mcu_fd_sc_mcu7t5v0__nor2_1)
                                                         _0368_ (net)
                      0.241593    0.000000    0.886981 ^ _0935_/A2 (gf180mcu_fd_sc_mcu7t5v0__nor3_1)
     1    0.002389    0.162855    0.147487    1.034469 v _0935_/ZN (gf180mcu_fd_sc_mcu7t5v0__nor3_1)
                                                         _0086_ (net)
                      0.162855    0.000000    1.034469 v _1355_/D (gf180mcu_fd_sc_mcu7t5v0__dffq_1)
                                              1.034469   data arrival time

                      0.000000    0.000000    0.000000   clock system_clock (rise edge)
                                  0.000000    0.000000   clock network delay (ideal)
                                  0.500000    0.500000   clock uncertainty
                                  0.000000    0.500000   clock reconvergence pessimism
                                              0.500000 ^ _1355_/CLK (gf180mcu_fd_sc_mcu7t5v0__dffq_1)
                                  0.051756    0.551756   library hold time
                                              0.551756   data required time
---------------------------------------------------------------------------------------------
                                              0.551756   data required time
                                             -1.034469   data arrival time
---------------------------------------------------------------------------------------------
                                              0.482713   slack (MET)


Startpoint: _1350_ (rising edge-triggered flip-flop clocked by system_clock)
Endpoint: _1350_ (rising edge-triggered flip-flop clocked by system_clock)
Path Group: system_clock
Path Type: min

Fanout         Cap        Slew       Delay        Time   Description
---------------------------------------------------------------------------------------------
                      0.000000    0.000000    0.000000   clock system_clock (rise edge)
                                  0.000000    0.000000   clock network delay (ideal)
                      0.000000    0.000000    0.000000 ^ _1350_/CLK (gf180mcu_fd_sc_mcu7t5v0__dffq_1)
     4    0.014803    0.203895    0.701223    0.701223 v _1350_/Q (gf180mcu_fd_sc_mcu7t5v0__dffq_1)
                                                         pulse_timing_internal[12] (net)
                      0.203895    0.000000    0.701223 v _0918_/A1 (gf180mcu_fd_sc_mcu7t5v0__nor2_1)
     1    0.003979    0.240754    0.186419    0.887642 ^ _0918_/ZN (gf180mcu_fd_sc_mcu7t5v0__nor2_1)
                                                         _0358_ (net)
                      0.240754    0.000000    0.887642 ^ _0920_/A2 (gf180mcu_fd_sc_mcu7t5v0__nor3_1)
     1    0.002389    0.162647    0.147359    1.035001 v _0920_/ZN (gf180mcu_fd_sc_mcu7t5v0__nor3_1)
                                                         _0081_ (net)
                      0.162647    0.000000    1.035001 v _1350_/D (gf180mcu_fd_sc_mcu7t5v0__dffq_1)
                                              1.035001   data arrival time

                      0.000000    0.000000    0.000000   clock system_clock (rise edge)
                                  0.000000    0.000000   clock network delay (ideal)
                                  0.500000    0.500000   clock uncertainty
                                  0.000000    0.500000   clock reconvergence pessimism
                                              0.500000 ^ _1350_/CLK (gf180mcu_fd_sc_mcu7t5v0__dffq_1)
                                  0.051809    0.551809   library hold time
                                              0.551809   data required time
---------------------------------------------------------------------------------------------
                                              0.551809   data required time
                                             -1.035001   data arrival time
---------------------------------------------------------------------------------------------
                                              0.483192   slack (MET)


Startpoint: _1356_ (rising edge-triggered flip-flop clocked by system_clock)
Endpoint: _1356_ (rising edge-triggered flip-flop clocked by system_clock)
Path Group: system_clock
Path Type: min

Fanout         Cap        Slew       Delay        Time   Description
---------------------------------------------------------------------------------------------
                      0.000000    0.000000    0.000000   clock system_clock (rise edge)
                                  0.000000    0.000000   clock network delay (ideal)
                      0.000000    0.000000    0.000000 ^ _1356_/CLK (gf180mcu_fd_sc_mcu7t5v0__dffq_1)
     4    0.014803    0.203895    0.701223    0.701223 v _1356_/Q (gf180mcu_fd_sc_mcu7t5v0__dffq_1)
                                                         pulse_timing_internal[18] (net)
                      0.203895    0.000000    0.701223 v _0936_/A1 (gf180mcu_fd_sc_mcu7t5v0__nor2_1)
     1    0.003979    0.240754    0.186419    0.887642 ^ _0936_/ZN (gf180mcu_fd_sc_mcu7t5v0__nor2_1)
                                                         _0370_ (net)
                      0.240754    0.000000    0.887642 ^ _0938_/A2 (gf180mcu_fd_sc_mcu7t5v0__nor3_1)
     1    0.002389    0.162647    0.147359    1.035001 v _0938_/ZN (gf180mcu_fd_sc_mcu7t5v0__nor3_1)
                                                         _0087_ (net)
                      0.162647    0.000000    1.035001 v _1356_/D (gf180mcu_fd_sc_mcu7t5v0__dffq_1)
                                              1.035001   data arrival time

                      0.000000    0.000000    0.000000   clock system_clock (rise edge)
                                  0.000000    0.000000   clock network delay (ideal)
                                  0.500000    0.500000   clock uncertainty
                                  0.000000    0.500000   clock reconvergence pessimism
                                              0.500000 ^ _1356_/CLK (gf180mcu_fd_sc_mcu7t5v0__dffq_1)
                                  0.051809    0.551809   library hold time
                                              0.551809   data required time
---------------------------------------------------------------------------------------------
                                              0.551809   data required time
                                             -1.035001   data arrival time
---------------------------------------------------------------------------------------------
                                              0.483192   slack (MET)


Startpoint: _1437_ (rising edge-triggered flip-flop clocked by system_clock)
Endpoint: _1437_ (rising edge-triggered flip-flop clocked by system_clock)
Path Group: system_clock
Path Type: min

Fanout         Cap        Slew       Delay        Time   Description
---------------------------------------------------------------------------------------------
                      0.000000    0.000000    0.000000   clock system_clock (rise edge)
                                  0.000000    0.000000   clock network delay (ideal)
                      0.000000    0.000000    0.000000 ^ _1437_/CLK (gf180mcu_fd_sc_mcu7t5v0__dffq_1)
     3    0.016826    0.221520    0.714798    0.714798 v _1437_/Q (gf180mcu_fd_sc_mcu7t5v0__dffq_1)
                                                         pulse_count_threshold_register[6] (net)
                      0.221520    0.000000    0.714798 v _0700_/A1 (gf180mcu_fd_sc_mcu7t5v0__nand2_1)
     1    0.004540    0.163071    0.152021    0.866818 ^ _0700_/ZN (gf180mcu_fd_sc_mcu7t5v0__nand2_1)
                                                         _0218_ (net)
                      0.163071    0.000000    0.866818 ^ _0701_/B (gf180mcu_fd_sc_mcu7t5v0__oai211_1)
     1    0.002389    0.186292    0.162795    1.029613 v _0701_/ZN (gf180mcu_fd_sc_mcu7t5v0__oai211_1)
                                                         _0003_ (net)
                      0.186292    0.000000    1.029613 v _1437_/D (gf180mcu_fd_sc_mcu7t5v0__dffq_1)
                                              1.029613   data arrival time

                      0.000000    0.000000    0.000000   clock system_clock (rise edge)
                                  0.000000    0.000000   clock network delay (ideal)
                                  0.500000    0.500000   clock uncertainty
                                  0.000000    0.500000   clock reconvergence pessimism
                                              0.500000 ^ _1437_/CLK (gf180mcu_fd_sc_mcu7t5v0__dffq_1)
                                  0.045726    0.545726   library hold time
                                              0.545726   data required time
---------------------------------------------------------------------------------------------
                                              0.545726   data required time
                                             -1.029613   data arrival time
---------------------------------------------------------------------------------------------
                                              0.483887   slack (MET)


Startpoint: _1338_ (rising edge-triggered flip-flop clocked by system_clock)
Endpoint: _1338_ (rising edge-triggered flip-flop clocked by system_clock)
Path Group: system_clock
Path Type: min

Fanout         Cap        Slew       Delay        Time   Description
---------------------------------------------------------------------------------------------
                      0.000000    0.000000    0.000000   clock system_clock (rise edge)
                                  0.000000    0.000000   clock network delay (ideal)
                      0.000000    0.000000    0.000000 ^ _1338_/CLK (gf180mcu_fd_sc_mcu7t5v0__dffq_1)
     4    0.014368    0.200105    0.698304    0.698304 v _1338_/Q (gf180mcu_fd_sc_mcu7t5v0__dffq_1)
                                                         pulse_timing_internal[0] (net)
                      0.200105    0.000000    0.698304 v _0879_/A2 (gf180mcu_fd_sc_mcu7t5v0__nor2_1)
     1    0.003979    0.243759    0.195036    0.893340 ^ _0879_/ZN (gf180mcu_fd_sc_mcu7t5v0__nor2_1)
                                                         _0331_ (net)
                      0.243759    0.000000    0.893340 ^ _0881_/A2 (gf180mcu_fd_sc_mcu7t5v0__nor3_1)
     1    0.002389    0.163392    0.147819    1.041160 v _0881_/ZN (gf180mcu_fd_sc_mcu7t5v0__nor3_1)
                                                         _0069_ (net)
                      0.163392    0.000000    1.041160 v _1338_/D (gf180mcu_fd_sc_mcu7t5v0__dffq_1)
                                              1.041160   data arrival time

                      0.000000    0.000000    0.000000   clock system_clock (rise edge)
                                  0.000000    0.000000   clock network delay (ideal)
                                  0.500000    0.500000   clock uncertainty
                                  0.000000    0.500000   clock reconvergence pessimism
                                              0.500000 ^ _1338_/CLK (gf180mcu_fd_sc_mcu7t5v0__dffq_1)
                                  0.051617    0.551617   library hold time
                                              0.551617   data required time
---------------------------------------------------------------------------------------------
                                              0.551617   data required time
                                             -1.041160   data arrival time
---------------------------------------------------------------------------------------------
                                              0.489543   slack (MET)


Startpoint: _1341_ (rising edge-triggered flip-flop clocked by system_clock)
Endpoint: _1341_ (rising edge-triggered flip-flop clocked by system_clock)
Path Group: system_clock
Path Type: min

Fanout         Cap        Slew       Delay        Time   Description
---------------------------------------------------------------------------------------------
                      0.000000    0.000000    0.000000   clock system_clock (rise edge)
                                  0.000000    0.000000   clock network delay (ideal)
                      0.000000    0.000000    0.000000 ^ _1341_/CLK (gf180mcu_fd_sc_mcu7t5v0__dffq_1)
     4    0.015714    0.211832    0.707336    0.707336 v _1341_/Q (gf180mcu_fd_sc_mcu7t5v0__dffq_1)
                                                         pulse_timing_internal[3] (net)
                      0.211832    0.000000    0.707336 v _0889_/A1 (gf180mcu_fd_sc_mcu7t5v0__nor2_1)
     1    0.003979    0.242576    0.188787    0.896123 ^ _0889_/ZN (gf180mcu_fd_sc_mcu7t5v0__nor2_1)
                                                         _0338_ (net)
                      0.242576    0.000000    0.896123 ^ _0891_/A2 (gf180mcu_fd_sc_mcu7t5v0__nor3_1)
     1    0.002389    0.163098    0.147638    1.043761 v _0891_/ZN (gf180mcu_fd_sc_mcu7t5v0__nor3_1)
                                                         _0072_ (net)
                      0.163098    0.000000    1.043761 v _1341_/D (gf180mcu_fd_sc_mcu7t5v0__dffq_1)
                                              1.043761   data arrival time

                      0.000000    0.000000    0.000000   clock system_clock (rise edge)
                                  0.000000    0.000000   clock network delay (ideal)
                                  0.500000    0.500000   clock uncertainty
                                  0.000000    0.500000   clock reconvergence pessimism
                                              0.500000 ^ _1341_/CLK (gf180mcu_fd_sc_mcu7t5v0__dffq_1)
                                  0.051693    0.551693   library hold time
                                              0.551693   data required time
---------------------------------------------------------------------------------------------
                                              0.551693   data required time
                                             -1.043761   data arrival time
---------------------------------------------------------------------------------------------
                                              0.492069   slack (MET)


Startpoint: _1358_ (rising edge-triggered flip-flop clocked by system_clock)
Endpoint: _1358_ (rising edge-triggered flip-flop clocked by system_clock)
Path Group: system_clock
Path Type: min

Fanout         Cap        Slew       Delay        Time   Description
---------------------------------------------------------------------------------------------
                      0.000000    0.000000    0.000000   clock system_clock (rise edge)
                                  0.000000    0.000000   clock network delay (ideal)
                      0.000000    0.000000    0.000000 ^ _1358_/CLK (gf180mcu_fd_sc_mcu7t5v0__dffq_1)
     4    0.015714    0.211832    0.707336    0.707336 v _1358_/Q (gf180mcu_fd_sc_mcu7t5v0__dffq_1)
                                                         pulse_timing_internal[20] (net)
                      0.211832    0.000000    0.707336 v _0942_/A1 (gf180mcu_fd_sc_mcu7t5v0__nor2_1)
     1    0.003979    0.242576    0.188787    0.896123 ^ _0942_/ZN (gf180mcu_fd_sc_mcu7t5v0__nor2_1)
                                                         _0374_ (net)
                      0.242576    0.000000    0.896123 ^ _0944_/A2 (gf180mcu_fd_sc_mcu7t5v0__nor3_1)
     1    0.002389    0.163098    0.147638    1.043761 v _0944_/ZN (gf180mcu_fd_sc_mcu7t5v0__nor3_1)
                                                         _0089_ (net)
                      0.163098    0.000000    1.043761 v _1358_/D (gf180mcu_fd_sc_mcu7t5v0__dffq_1)
                                              1.043761   data arrival time

                      0.000000    0.000000    0.000000   clock system_clock (rise edge)
                                  0.000000    0.000000   clock network delay (ideal)
                                  0.500000    0.500000   clock uncertainty
                                  0.000000    0.500000   clock reconvergence pessimism
                                              0.500000 ^ _1358_/CLK (gf180mcu_fd_sc_mcu7t5v0__dffq_1)
                                  0.051693    0.551693   library hold time
                                              0.551693   data required time
---------------------------------------------------------------------------------------------
                                              0.551693   data required time
                                             -1.043761   data arrival time
---------------------------------------------------------------------------------------------
                                              0.492069   slack (MET)


Startpoint: _1342_ (rising edge-triggered flip-flop clocked by system_clock)
Endpoint: _1342_ (rising edge-triggered flip-flop clocked by system_clock)
Path Group: system_clock
Path Type: min

Fanout         Cap        Slew       Delay        Time   Description
---------------------------------------------------------------------------------------------
                      0.000000    0.000000    0.000000   clock system_clock (rise edge)
                                  0.000000    0.000000   clock network delay (ideal)
                      0.000000    0.000000    0.000000 ^ _1342_/CLK (gf180mcu_fd_sc_mcu7t5v0__dffq_1)
     4    0.015757    0.212206    0.707625    0.707625 v _1342_/Q (gf180mcu_fd_sc_mcu7t5v0__dffq_1)
                                                         pulse_timing_internal[4] (net)
                      0.212206    0.000000    0.707625 v _0892_/A1 (gf180mcu_fd_sc_mcu7t5v0__nor2_1)
     1    0.003979    0.240766    0.188899    0.896524 ^ _0892_/ZN (gf180mcu_fd_sc_mcu7t5v0__nor2_1)
                                                         _0340_ (net)
                      0.240766    0.000000    0.896524 ^ _0894_/A2 (gf180mcu_fd_sc_mcu7t5v0__nor3_1)
     1    0.002389    0.162649    0.147361    1.043884 v _0894_/ZN (gf180mcu_fd_sc_mcu7t5v0__nor3_1)
                                                         _0073_ (net)
                      0.162649    0.000000    1.043884 v _1342_/D (gf180mcu_fd_sc_mcu7t5v0__dffq_1)
                                              1.043884   data arrival time

                      0.000000    0.000000    0.000000   clock system_clock (rise edge)
                                  0.000000    0.000000   clock network delay (ideal)
                                  0.500000    0.500000   clock uncertainty
                                  0.000000    0.500000   clock reconvergence pessimism
                                              0.500000 ^ _1342_/CLK (gf180mcu_fd_sc_mcu7t5v0__dffq_1)
                                  0.051808    0.551808   library hold time
                                              0.551808   data required time
---------------------------------------------------------------------------------------------
                                              0.551808   data required time
                                             -1.043884   data arrival time
---------------------------------------------------------------------------------------------
                                              0.492076   slack (MET)


Startpoint: _1410_ (rising edge-triggered flip-flop clocked by system_clock)
Endpoint: _1410_ (rising edge-triggered flip-flop clocked by system_clock)
Path Group: system_clock
Path Type: min

Fanout         Cap        Slew       Delay        Time   Description
---------------------------------------------------------------------------------------------
                      0.000000    0.000000    0.000000   clock system_clock (rise edge)
                                  0.000000    0.000000   clock network delay (ideal)
                      0.000000    0.000000    0.000000 ^ _1410_/CLK (gf180mcu_fd_sc_mcu7t5v0__dffq_1)
     4    0.015052    0.206064    0.702894    0.702894 v _1410_/Q (gf180mcu_fd_sc_mcu7t5v0__dffq_1)
                                                         trigger_timer_internal[4] (net)
                      0.206064    0.000000    0.702894 v _1160_/B (gf180mcu_fd_sc_mcu7t5v0__aoi21_1)
     1    0.003979    0.235999    0.196183    0.899077 ^ _1160_/ZN (gf180mcu_fd_sc_mcu7t5v0__aoi21_1)
                                                         _0540_ (net)
                      0.235999    0.000000    0.899077 ^ _1162_/A2 (gf180mcu_fd_sc_mcu7t5v0__nor3_1)
     1    0.002389    0.161468    0.146630    1.045707 v _1162_/ZN (gf180mcu_fd_sc_mcu7t5v0__nor3_1)
                                                         _0141_ (net)
                      0.161468    0.000000    1.045707 v _1410_/D (gf180mcu_fd_sc_mcu7t5v0__dffq_1)
                                              1.045707   data arrival time

                      0.000000    0.000000    0.000000   clock system_clock (rise edge)
                                  0.000000    0.000000   clock network delay (ideal)
                                  0.500000    0.500000   clock uncertainty
                                  0.000000    0.500000   clock reconvergence pessimism
                                              0.500000 ^ _1410_/CLK (gf180mcu_fd_sc_mcu7t5v0__dffq_1)
                                  0.052112    0.552112   library hold time
                                              0.552112   data required time
---------------------------------------------------------------------------------------------
                                              0.552112   data required time
                                             -1.045707   data arrival time
---------------------------------------------------------------------------------------------
                                              0.493594   slack (MET)


Startpoint: _1395_ (rising edge-triggered flip-flop clocked by system_clock)
Endpoint: _1395_ (rising edge-triggered flip-flop clocked by system_clock)
Path Group: system_clock
Path Type: min

Fanout         Cap        Slew       Delay        Time   Description
---------------------------------------------------------------------------------------------
                      0.000000    0.000000    0.000000   clock system_clock (rise edge)
                                  0.000000    0.000000   clock network delay (ideal)
                      0.000000    0.000000    0.000000 ^ _1395_/CLK (gf180mcu_fd_sc_mcu7t5v0__dffq_1)
     5    0.020410    0.253168    0.738256    0.738256 v _1395_/Q (gf180mcu_fd_sc_mcu7t5v0__dffq_1)
                                                         range_timing_internal[16] (net)
                      0.253168    0.000000    0.738256 v _0651_/I (gf180mcu_fd_sc_mcu7t5v0__clkinv_1)
     2    0.009394    0.222595    0.186833    0.925090 ^ _0651_/ZN (gf180mcu_fd_sc_mcu7t5v0__clkinv_1)
                                                         _0172_ (net)
                      0.222595    0.000000    0.925090 ^ _1115_/A1 (gf180mcu_fd_sc_mcu7t5v0__aoi211_1)
     1    0.002389    0.144368    0.125781    1.050870 v _1115_/ZN (gf180mcu_fd_sc_mcu7t5v0__aoi211_1)
                                                         _0126_ (net)
                      0.144368    0.000000    1.050870 v _1395_/D (gf180mcu_fd_sc_mcu7t5v0__dffq_1)
                                              1.050870   data arrival time

                      0.000000    0.000000    0.000000   clock system_clock (rise edge)
                                  0.000000    0.000000   clock network delay (ideal)
                                  0.500000    0.500000   clock uncertainty
                                  0.000000    0.500000   clock reconvergence pessimism
                                              0.500000 ^ _1395_/CLK (gf180mcu_fd_sc_mcu7t5v0__dffq_1)
                                  0.056511    0.556511   library hold time
                                              0.556511   data required time
---------------------------------------------------------------------------------------------
                                              0.556511   data required time
                                             -1.050870   data arrival time
---------------------------------------------------------------------------------------------
                                              0.494359   slack (MET)


Startpoint: _1435_ (rising edge-triggered flip-flop clocked by system_clock)
Endpoint: _1435_ (rising edge-triggered flip-flop clocked by system_clock)
Path Group: system_clock
Path Type: min

Fanout         Cap        Slew       Delay        Time   Description
---------------------------------------------------------------------------------------------
                      0.000000    0.000000    0.000000   clock system_clock (rise edge)
                                  0.000000    0.000000   clock network delay (ideal)
                      0.000000    0.000000    0.000000 ^ _1435_/CLK (gf180mcu_fd_sc_mcu7t5v0__dffq_1)
     3    0.016990    0.222949    0.715898    0.715898 v _1435_/Q (gf180mcu_fd_sc_mcu7t5v0__dffq_1)
                                                         pulse_count_threshold_register[4] (net)
                      0.222949    0.000000    0.715898 v _0695_/A1 (gf180mcu_fd_sc_mcu7t5v0__oai21_1)
     1    0.004243    0.273756    0.217627    0.933525 ^ _0695_/ZN (gf180mcu_fd_sc_mcu7t5v0__oai21_1)
                                                         _0215_ (net)
                      0.273756    0.000000    0.933525 ^ _0696_/A2 (gf180mcu_fd_sc_mcu7t5v0__nor2_1)
     1    0.002389    0.115802    0.125300    1.058825 v _0696_/ZN (gf180mcu_fd_sc_mcu7t5v0__nor2_1)
                                                         _0001_ (net)
                      0.115802    0.000000    1.058825 v _1435_/D (gf180mcu_fd_sc_mcu7t5v0__dffq_1)
                                              1.058825   data arrival time

                      0.000000    0.000000    0.000000   clock system_clock (rise edge)
                                  0.000000    0.000000   clock network delay (ideal)
                                  0.500000    0.500000   clock uncertainty
                                  0.000000    0.500000   clock reconvergence pessimism
                                              0.500000 ^ _1435_/CLK (gf180mcu_fd_sc_mcu7t5v0__dffq_1)
                                  0.061744    0.561743   library hold time
                                              0.561743   data required time
---------------------------------------------------------------------------------------------
                                              0.561743   data required time
                                             -1.058825   data arrival time
---------------------------------------------------------------------------------------------
                                              0.497082   slack (MET)


Startpoint: _1347_ (rising edge-triggered flip-flop clocked by system_clock)
Endpoint: _1347_ (rising edge-triggered flip-flop clocked by system_clock)
Path Group: system_clock
Path Type: min

Fanout         Cap        Slew       Delay        Time   Description
---------------------------------------------------------------------------------------------
                      0.000000    0.000000    0.000000   clock system_clock (rise edge)
                                  0.000000    0.000000   clock network delay (ideal)
                      0.000000    0.000000    0.000000 ^ _1347_/CLK (gf180mcu_fd_sc_mcu7t5v0__dffq_1)
     4    0.015496    0.209932    0.705873    0.705873 v _1347_/Q (gf180mcu_fd_sc_mcu7t5v0__dffq_1)
                                                         pulse_timing_internal[9] (net)
                      0.209932    0.000000    0.705873 v _0908_/B (gf180mcu_fd_sc_mcu7t5v0__aoi21_1)
     1    0.003979    0.236581    0.196953    0.902826 ^ _0908_/ZN (gf180mcu_fd_sc_mcu7t5v0__aoi21_1)
                                                         _0351_ (net)
                      0.236581    0.000000    0.902826 ^ _0910_/A2 (gf180mcu_fd_sc_mcu7t5v0__nor3_1)
     1    0.002389    0.161612    0.146719    1.049545 v _0910_/ZN (gf180mcu_fd_sc_mcu7t5v0__nor3_1)
                                                         _0078_ (net)
                      0.161612    0.000000    1.049545 v _1347_/D (gf180mcu_fd_sc_mcu7t5v0__dffq_1)
                                              1.049545   data arrival time

                      0.000000    0.000000    0.000000   clock system_clock (rise edge)
                                  0.000000    0.000000   clock network delay (ideal)
                                  0.500000    0.500000   clock uncertainty
                                  0.000000    0.500000   clock reconvergence pessimism
                                              0.500000 ^ _1347_/CLK (gf180mcu_fd_sc_mcu7t5v0__dffq_1)
                                  0.052075    0.552075   library hold time
                                              0.552075   data required time
---------------------------------------------------------------------------------------------
                                              0.552075   data required time
                                             -1.049545   data arrival time
---------------------------------------------------------------------------------------------
                                              0.497470   slack (MET)


Startpoint: _1425_ (rising edge-triggered flip-flop clocked by system_clock)
Endpoint: _1425_ (rising edge-triggered flip-flop clocked by system_clock)
Path Group: system_clock
Path Type: min

Fanout         Cap        Slew       Delay        Time   Description
---------------------------------------------------------------------------------------------
                      0.000000    0.000000    0.000000   clock system_clock (rise edge)
                                  0.000000    0.000000   clock network delay (ideal)
                      0.000000    0.000000    0.000000 ^ _1425_/CLK (gf180mcu_fd_sc_mcu7t5v0__dffq_1)
     3    0.016575    0.219333    0.713113    0.713113 v _1425_/Q (gf180mcu_fd_sc_mcu7t5v0__dffq_1)
                                                         pulse_count_threshold_register[10] (net)
                      0.219333    0.000000    0.713113 v _1264_/A1 (gf180mcu_fd_sc_mcu7t5v0__nor2_1)
     1    0.004090    0.246547    0.192896    0.906009 ^ _1264_/ZN (gf180mcu_fd_sc_mcu7t5v0__nor2_1)
                                                         _0629_ (net)
                      0.246547    0.000000    0.906009 ^ _1265_/A3 (gf180mcu_fd_sc_mcu7t5v0__nor3_1)
     1    0.002389    0.100053    0.159794    1.065804 v _1265_/ZN (gf180mcu_fd_sc_mcu7t5v0__nor3_1)
                                                         _0156_ (net)
                      0.100053    0.000000    1.065804 v _1425_/D (gf180mcu_fd_sc_mcu7t5v0__dffq_1)
                                              1.065804   data arrival time

                      0.000000    0.000000    0.000000   clock system_clock (rise edge)
                                  0.000000    0.000000   clock network delay (ideal)
                                  0.500000    0.500000   clock uncertainty
                                  0.000000    0.500000   clock reconvergence pessimism
                                              0.500000 ^ _1425_/CLK (gf180mcu_fd_sc_mcu7t5v0__dffq_1)
                                  0.064609    0.564609   library hold time
                                              0.564609   data required time
---------------------------------------------------------------------------------------------
                                              0.564609   data required time
                                             -1.065804   data arrival time
---------------------------------------------------------------------------------------------
                                              0.501195   slack (MET)


Startpoint: _1426_ (rising edge-triggered flip-flop clocked by system_clock)
Endpoint: _1426_ (rising edge-triggered flip-flop clocked by system_clock)
Path Group: system_clock
Path Type: min

Fanout         Cap        Slew       Delay        Time   Description
---------------------------------------------------------------------------------------------
                      0.000000    0.000000    0.000000   clock system_clock (rise edge)
                                  0.000000    0.000000   clock network delay (ideal)
                      0.000000    0.000000    0.000000 ^ _1426_/CLK (gf180mcu_fd_sc_mcu7t5v0__dffq_1)
     3    0.016575    0.219333    0.713113    0.713113 v _1426_/Q (gf180mcu_fd_sc_mcu7t5v0__dffq_1)
                                                         pulse_count_threshold_register[11] (net)
                      0.219333    0.000000    0.713113 v _1267_/A1 (gf180mcu_fd_sc_mcu7t5v0__nor2_1)
     1    0.004090    0.246547    0.192896    0.906009 ^ _1267_/ZN (gf180mcu_fd_sc_mcu7t5v0__nor2_1)
                                                         _0631_ (net)
                      0.246547    0.000000    0.906009 ^ _1268_/A3 (gf180mcu_fd_sc_mcu7t5v0__nor3_1)
     1    0.002389    0.100053    0.159794    1.065804 v _1268_/ZN (gf180mcu_fd_sc_mcu7t5v0__nor3_1)
                                                         _0157_ (net)
                      0.100053    0.000000    1.065804 v _1426_/D (gf180mcu_fd_sc_mcu7t5v0__dffq_1)
                                              1.065804   data arrival time

                      0.000000    0.000000    0.000000   clock system_clock (rise edge)
                                  0.000000    0.000000   clock network delay (ideal)
                                  0.500000    0.500000   clock uncertainty
                                  0.000000    0.500000   clock reconvergence pessimism
                                              0.500000 ^ _1426_/CLK (gf180mcu_fd_sc_mcu7t5v0__dffq_1)
                                  0.064609    0.564609   library hold time
                                              0.564609   data required time
---------------------------------------------------------------------------------------------
                                              0.564609   data required time
                                             -1.065804   data arrival time
---------------------------------------------------------------------------------------------
                                              0.501195   slack (MET)


Startpoint: _1428_ (rising edge-triggered flip-flop clocked by system_clock)
Endpoint: _1428_ (rising edge-triggered flip-flop clocked by system_clock)
Path Group: system_clock
Path Type: min

Fanout         Cap        Slew       Delay        Time   Description
---------------------------------------------------------------------------------------------
                      0.000000    0.000000    0.000000   clock system_clock (rise edge)
                                  0.000000    0.000000   clock network delay (ideal)
                      0.000000    0.000000    0.000000 ^ _1428_/CLK (gf180mcu_fd_sc_mcu7t5v0__dffq_1)
     3    0.016575    0.219333    0.713113    0.713113 v _1428_/Q (gf180mcu_fd_sc_mcu7t5v0__dffq_1)
                                                         pulse_count_threshold_register[13] (net)
                      0.219333    0.000000    0.713113 v _1272_/A1 (gf180mcu_fd_sc_mcu7t5v0__nor2_1)
     1    0.004090    0.246547    0.192896    0.906009 ^ _1272_/ZN (gf180mcu_fd_sc_mcu7t5v0__nor2_1)
                                                         _0634_ (net)
                      0.246547    0.000000    0.906009 ^ _1273_/A3 (gf180mcu_fd_sc_mcu7t5v0__nor3_1)
     1    0.002389    0.100053    0.159794    1.065804 v _1273_/ZN (gf180mcu_fd_sc_mcu7t5v0__nor3_1)
                                                         _0159_ (net)
                      0.100053    0.000000    1.065804 v _1428_/D (gf180mcu_fd_sc_mcu7t5v0__dffq_1)
                                              1.065804   data arrival time

                      0.000000    0.000000    0.000000   clock system_clock (rise edge)
                                  0.000000    0.000000   clock network delay (ideal)
                                  0.500000    0.500000   clock uncertainty
                                  0.000000    0.500000   clock reconvergence pessimism
                                              0.500000 ^ _1428_/CLK (gf180mcu_fd_sc_mcu7t5v0__dffq_1)
                                  0.064609    0.564609   library hold time
                                              0.564609   data required time
---------------------------------------------------------------------------------------------
                                              0.564609   data required time
                                             -1.065804   data arrival time
---------------------------------------------------------------------------------------------
                                              0.501195   slack (MET)


Startpoint: _1430_ (rising edge-triggered flip-flop clocked by system_clock)
Endpoint: _1430_ (rising edge-triggered flip-flop clocked by system_clock)
Path Group: system_clock
Path Type: min

Fanout         Cap        Slew       Delay        Time   Description
---------------------------------------------------------------------------------------------
                      0.000000    0.000000    0.000000   clock system_clock (rise edge)
                                  0.000000    0.000000   clock network delay (ideal)
                      0.000000    0.000000    0.000000 ^ _1430_/CLK (gf180mcu_fd_sc_mcu7t5v0__dffq_1)
     3    0.016575    0.219333    0.713113    0.713113 v _1430_/Q (gf180mcu_fd_sc_mcu7t5v0__dffq_1)
                                                         pulse_count_threshold_register[15] (net)
                      0.219333    0.000000    0.713113 v _1277_/A1 (gf180mcu_fd_sc_mcu7t5v0__nor2_1)
     1    0.004090    0.246547    0.192896    0.906009 ^ _1277_/ZN (gf180mcu_fd_sc_mcu7t5v0__nor2_1)
                                                         _0637_ (net)
                      0.246547    0.000000    0.906009 ^ _1278_/A3 (gf180mcu_fd_sc_mcu7t5v0__nor3_1)
     1    0.002389    0.100053    0.159794    1.065804 v _1278_/ZN (gf180mcu_fd_sc_mcu7t5v0__nor3_1)
                                                         _0161_ (net)
                      0.100053    0.000000    1.065804 v _1430_/D (gf180mcu_fd_sc_mcu7t5v0__dffq_1)
                                              1.065804   data arrival time

                      0.000000    0.000000    0.000000   clock system_clock (rise edge)
                                  0.000000    0.000000   clock network delay (ideal)
                                  0.500000    0.500000   clock uncertainty
                                  0.000000    0.500000   clock reconvergence pessimism
                                              0.500000 ^ _1430_/CLK (gf180mcu_fd_sc_mcu7t5v0__dffq_1)
                                  0.064609    0.564609   library hold time
                                              0.564609   data required time
---------------------------------------------------------------------------------------------
                                              0.564609   data required time
                                             -1.065804   data arrival time
---------------------------------------------------------------------------------------------
                                              0.501195   slack (MET)


Startpoint: _1390_ (rising edge-triggered flip-flop clocked by system_clock)
Endpoint: _1390_ (rising edge-triggered flip-flop clocked by system_clock)
Path Group: system_clock
Path Type: min

Fanout         Cap        Slew       Delay        Time   Description
---------------------------------------------------------------------------------------------
                      0.000000    0.000000    0.000000   clock system_clock (rise edge)
                                  0.000000    0.000000   clock network delay (ideal)
                      0.000000    0.000000    0.000000 ^ _1390_/CLK (gf180mcu_fd_sc_mcu7t5v0__dffq_1)
     6    0.025485    0.299619    0.769188    0.769188 v _1390_/Q (gf180mcu_fd_sc_mcu7t5v0__dffq_1)
                                                         range_timing_internal[11] (net)
                      0.299619    0.000000    0.769188 v _1094_/A1 (gf180mcu_fd_sc_mcu7t5v0__aoi22_1)
     1    0.004482    0.221721    0.202490    0.971679 ^ _1094_/ZN (gf180mcu_fd_sc_mcu7t5v0__aoi22_1)
                                                         _0494_ (net)
                      0.221721    0.000000    0.971679 ^ _1096_/A1 (gf180mcu_fd_sc_mcu7t5v0__nor2_1)
     1    0.002389    0.109384    0.094490    1.066169 v _1096_/ZN (gf180mcu_fd_sc_mcu7t5v0__nor2_1)
                                                         _0121_ (net)
                      0.109384    0.000000    1.066169 v _1390_/D (gf180mcu_fd_sc_mcu7t5v0__dffq_1)
                                              1.066169   data arrival time

                      0.000000    0.000000    0.000000   clock system_clock (rise edge)
                                  0.000000    0.000000   clock network delay (ideal)
                                  0.500000    0.500000   clock uncertainty
                                  0.000000    0.500000   clock reconvergence pessimism
                                              0.500000 ^ _1390_/CLK (gf180mcu_fd_sc_mcu7t5v0__dffq_1)
                                  0.062911    0.562911   library hold time
                                              0.562911   data required time
---------------------------------------------------------------------------------------------
                                              0.562911   data required time
                                             -1.066169   data arrival time
---------------------------------------------------------------------------------------------
                                              0.503257   slack (MET)


Startpoint: _1406_ (rising edge-triggered flip-flop clocked by system_clock)
Endpoint: _1406_ (rising edge-triggered flip-flop clocked by system_clock)
Path Group: system_clock
Path Type: min

Fanout         Cap        Slew       Delay        Time   Description
---------------------------------------------------------------------------------------------
                      0.000000    0.000000    0.000000   clock system_clock (rise edge)
                                  0.000000    0.000000   clock network delay (ideal)
                      0.000000    0.000000    0.000000 ^ _1406_/CLK (gf180mcu_fd_sc_mcu7t5v0__dffq_1)
     3    0.014111    0.197865    0.696580    0.696580 v _1406_/Q (gf180mcu_fd_sc_mcu7t5v0__dffq_1)
                                                         trigger_timer_internal[0] (net)
                      0.197865    0.000000    0.696580 v _1147_/A1 (gf180mcu_fd_sc_mcu7t5v0__xnor2_1)
     1    0.004243    0.267954    0.238472    0.935051 ^ _1147_/ZN (gf180mcu_fd_sc_mcu7t5v0__xnor2_1)
                                                         _0531_ (net)
                      0.267954    0.000000    0.935051 ^ _1149_/A2 (gf180mcu_fd_sc_mcu7t5v0__nor2_1)
     1    0.002389    0.147958    0.124584    1.059635 v _1149_/ZN (gf180mcu_fd_sc_mcu7t5v0__nor2_1)
                                                         _0137_ (net)
                      0.147958    0.000000    1.059635 v _1406_/D (gf180mcu_fd_sc_mcu7t5v0__dffq_1)
                                              1.059635   data arrival time

                      0.000000    0.000000    0.000000   clock system_clock (rise edge)
                                  0.000000    0.000000   clock network delay (ideal)
                                  0.500000    0.500000   clock uncertainty
                                  0.000000    0.500000   clock reconvergence pessimism
                                              0.500000 ^ _1406_/CLK (gf180mcu_fd_sc_mcu7t5v0__dffq_1)
                                  0.055588    0.555588   library hold time
                                              0.555588   data required time
---------------------------------------------------------------------------------------------
                                              0.555588   data required time
                                             -1.059635   data arrival time
---------------------------------------------------------------------------------------------
                                              0.504047   slack (MET)


Startpoint: _1431_ (rising edge-triggered flip-flop clocked by system_clock)
Endpoint: _1431_ (rising edge-triggered flip-flop clocked by system_clock)
Path Group: system_clock
Path Type: min

Fanout         Cap        Slew       Delay        Time   Description
---------------------------------------------------------------------------------------------
                      0.000000    0.000000    0.000000   clock system_clock (rise edge)
                                  0.000000    0.000000   clock network delay (ideal)
                      0.000000    0.000000    0.000000 ^ _1431_/CLK (gf180mcu_fd_sc_mcu7t5v0__dffq_1)
     3    0.016930    0.222426    0.715496    0.715496 v _1431_/Q (gf180mcu_fd_sc_mcu7t5v0__dffq_1)
                                                         pulse_count_threshold_register[0] (net)
                      0.222426    0.000000    0.715496 v _1280_/A1 (gf180mcu_fd_sc_mcu7t5v0__nor2_1)
     1    0.004090    0.246896    0.193821    0.909316 ^ _1280_/ZN (gf180mcu_fd_sc_mcu7t5v0__nor2_1)
                                                         _0639_ (net)
                      0.246896    0.000000    0.909316 ^ _1281_/A3 (gf180mcu_fd_sc_mcu7t5v0__nor3_1)
     1    0.002389    0.100053    0.159858    1.069174 v _1281_/ZN (gf180mcu_fd_sc_mcu7t5v0__nor3_1)
                                                         _0162_ (net)
                      0.100053    0.000000    1.069174 v _1431_/D (gf180mcu_fd_sc_mcu7t5v0__dffq_1)
                                              1.069174   data arrival time

                      0.000000    0.000000    0.000000   clock system_clock (rise edge)
                                  0.000000    0.000000   clock network delay (ideal)
                                  0.500000    0.500000   clock uncertainty
                                  0.000000    0.500000   clock reconvergence pessimism
                                              0.500000 ^ _1431_/CLK (gf180mcu_fd_sc_mcu7t5v0__dffq_1)
                                  0.064609    0.564609   library hold time
                                              0.564609   data required time
---------------------------------------------------------------------------------------------
                                              0.564609   data required time
                                             -1.069174   data arrival time
---------------------------------------------------------------------------------------------
                                              0.504566   slack (MET)


Startpoint: _1432_ (rising edge-triggered flip-flop clocked by system_clock)
Endpoint: _1432_ (rising edge-triggered flip-flop clocked by system_clock)
Path Group: system_clock
Path Type: min

Fanout         Cap        Slew       Delay        Time   Description
---------------------------------------------------------------------------------------------
                      0.000000    0.000000    0.000000   clock system_clock (rise edge)
                                  0.000000    0.000000   clock network delay (ideal)
                      0.000000    0.000000    0.000000 ^ _1432_/CLK (gf180mcu_fd_sc_mcu7t5v0__dffq_1)
     3    0.016930    0.222426    0.715496    0.715496 v _1432_/Q (gf180mcu_fd_sc_mcu7t5v0__dffq_1)
                                                         pulse_count_threshold_register[1] (net)
                      0.222426    0.000000    0.715496 v _1283_/A1 (gf180mcu_fd_sc_mcu7t5v0__nor2_1)
     1    0.004090    0.246896    0.193821    0.909316 ^ _1283_/ZN (gf180mcu_fd_sc_mcu7t5v0__nor2_1)
                                                         _0641_ (net)
                      0.246896    0.000000    0.909316 ^ _1284_/A3 (gf180mcu_fd_sc_mcu7t5v0__nor3_1)
     1    0.002389    0.100053    0.159858    1.069174 v _1284_/ZN (gf180mcu_fd_sc_mcu7t5v0__nor3_1)
                                                         _0163_ (net)
                      0.100053    0.000000    1.069174 v _1432_/D (gf180mcu_fd_sc_mcu7t5v0__dffq_1)
                                              1.069174   data arrival time

                      0.000000    0.000000    0.000000   clock system_clock (rise edge)
                                  0.000000    0.000000   clock network delay (ideal)
                                  0.500000    0.500000   clock uncertainty
                                  0.000000    0.500000   clock reconvergence pessimism
                                              0.500000 ^ _1432_/CLK (gf180mcu_fd_sc_mcu7t5v0__dffq_1)
                                  0.064609    0.564609   library hold time
                                              0.564609   data required time
---------------------------------------------------------------------------------------------
                                              0.564609   data required time
                                             -1.069174   data arrival time
---------------------------------------------------------------------------------------------
                                              0.504566   slack (MET)


Startpoint: _1433_ (rising edge-triggered flip-flop clocked by system_clock)
Endpoint: _1433_ (rising edge-triggered flip-flop clocked by system_clock)
Path Group: system_clock
Path Type: min

Fanout         Cap        Slew       Delay        Time   Description
---------------------------------------------------------------------------------------------
                      0.000000    0.000000    0.000000   clock system_clock (rise edge)
                                  0.000000    0.000000   clock network delay (ideal)
                      0.000000    0.000000    0.000000 ^ _1433_/CLK (gf180mcu_fd_sc_mcu7t5v0__dffq_1)
     3    0.016930    0.222426    0.715496    0.715496 v _1433_/Q (gf180mcu_fd_sc_mcu7t5v0__dffq_1)
                                                         pulse_count_threshold_register[2] (net)
                      0.222426    0.000000    0.715496 v _1286_/A1 (gf180mcu_fd_sc_mcu7t5v0__nor2_1)
     1    0.004090    0.246896    0.193821    0.909316 ^ _1286_/ZN (gf180mcu_fd_sc_mcu7t5v0__nor2_1)
                                                         _0643_ (net)
                      0.246896    0.000000    0.909316 ^ _1287_/A3 (gf180mcu_fd_sc_mcu7t5v0__nor3_1)
     1    0.002389    0.100053    0.159858    1.069174 v _1287_/ZN (gf180mcu_fd_sc_mcu7t5v0__nor3_1)
                                                         _0164_ (net)
                      0.100053    0.000000    1.069174 v _1433_/D (gf180mcu_fd_sc_mcu7t5v0__dffq_1)
                                              1.069174   data arrival time

                      0.000000    0.000000    0.000000   clock system_clock (rise edge)
                                  0.000000    0.000000   clock network delay (ideal)
                                  0.500000    0.500000   clock uncertainty
                                  0.000000    0.500000   clock reconvergence pessimism
                                              0.500000 ^ _1433_/CLK (gf180mcu_fd_sc_mcu7t5v0__dffq_1)
                                  0.064609    0.564609   library hold time
                                              0.564609   data required time
---------------------------------------------------------------------------------------------
                                              0.564609   data required time
                                             -1.069174   data arrival time
---------------------------------------------------------------------------------------------
                                              0.504566   slack (MET)


Startpoint: _1439_ (rising edge-triggered flip-flop clocked by system_clock)
Endpoint: _1439_ (rising edge-triggered flip-flop clocked by system_clock)
Path Group: system_clock
Path Type: min

Fanout         Cap        Slew       Delay        Time   Description
---------------------------------------------------------------------------------------------
                      0.000000    0.000000    0.000000   clock system_clock (rise edge)
                                  0.000000    0.000000   clock network delay (ideal)
                      0.000000    0.000000    0.000000 ^ _1439_/CLK (gf180mcu_fd_sc_mcu7t5v0__dffq_1)
     5    0.022101    0.268646    0.748563    0.748563 v _1439_/Q (gf180mcu_fd_sc_mcu7t5v0__dffq_1)
                                                         counter_control_status_register[0] (net)
                      0.268646    0.000000    0.748563 v _0711_/A1 (gf180mcu_fd_sc_mcu7t5v0__aoi21_1)
     1    0.004482    0.275641    0.224389    0.972952 ^ _0711_/ZN (gf180mcu_fd_sc_mcu7t5v0__aoi21_1)
                                                         _0227_ (net)
                      0.275641    0.000000    0.972952 ^ _0713_/A1 (gf180mcu_fd_sc_mcu7t5v0__nor2_1)
     1    0.002389    0.121522    0.098345    1.071297 v _0713_/ZN (gf180mcu_fd_sc_mcu7t5v0__nor2_1)
                                                         _0005_ (net)
                      0.121522    0.000000    1.071297 v _1439_/D (gf180mcu_fd_sc_mcu7t5v0__dffq_1)
                                              1.071297   data arrival time

                      0.000000    0.000000    0.000000   clock system_clock (rise edge)
                                  0.000000    0.000000   clock network delay (ideal)
                                  0.500000    0.500000   clock uncertainty
                                  0.000000    0.500000   clock reconvergence pessimism
                                              0.500000 ^ _1439_/CLK (gf180mcu_fd_sc_mcu7t5v0__dffq_1)
                                  0.060703    0.560703   library hold time
                                              0.560703   data required time
---------------------------------------------------------------------------------------------
                                              0.560703   data required time
                                             -1.071297   data arrival time
---------------------------------------------------------------------------------------------
                                              0.510594   slack (MET)


Startpoint: _1394_ (rising edge-triggered flip-flop clocked by system_clock)
Endpoint: _1394_ (rising edge-triggered flip-flop clocked by system_clock)
Path Group: system_clock
Path Type: min

Fanout         Cap        Slew       Delay        Time   Description
---------------------------------------------------------------------------------------------
                      0.000000    0.000000    0.000000   clock system_clock (rise edge)
                                  0.000000    0.000000   clock network delay (ideal)
                      0.000000    0.000000    0.000000 ^ _1394_/CLK (gf180mcu_fd_sc_mcu7t5v0__dffq_1)
     6    0.026353    0.307563    0.774479    0.774479 v _1394_/Q (gf180mcu_fd_sc_mcu7t5v0__dffq_1)
                                                         range_timing_internal[15] (net)
                      0.307563    0.000000    0.774479 v _1109_/A1 (gf180mcu_fd_sc_mcu7t5v0__aoi22_1)
     1    0.004482    0.222813    0.204791    0.979270 ^ _1109_/ZN (gf180mcu_fd_sc_mcu7t5v0__aoi22_1)
                                                         _0505_ (net)
                      0.222813    0.000000    0.979270 ^ _1111_/A1 (gf180mcu_fd_sc_mcu7t5v0__nor2_1)
     1    0.002389    0.109630    0.094568    1.073838 v _1111_/ZN (gf180mcu_fd_sc_mcu7t5v0__nor2_1)
                                                         _0125_ (net)
                      0.109630    0.000000    1.073838 v _1394_/D (gf180mcu_fd_sc_mcu7t5v0__dffq_1)
                                              1.073838   data arrival time

                      0.000000    0.000000    0.000000   clock system_clock (rise edge)
                                  0.000000    0.000000   clock network delay (ideal)
                                  0.500000    0.500000   clock uncertainty
                                  0.000000    0.500000   clock reconvergence pessimism
                                              0.500000 ^ _1394_/CLK (gf180mcu_fd_sc_mcu7t5v0__dffq_1)
                                  0.062867    0.562867   library hold time
                                              0.562867   data required time
---------------------------------------------------------------------------------------------
                                              0.562867   data required time
                                             -1.073838   data arrival time
---------------------------------------------------------------------------------------------
                                              0.510972   slack (MET)


Startpoint: _1396_ (rising edge-triggered flip-flop clocked by system_clock)
Endpoint: _1396_ (rising edge-triggered flip-flop clocked by system_clock)
Path Group: system_clock
Path Type: min

Fanout         Cap        Slew       Delay        Time   Description
---------------------------------------------------------------------------------------------
                      0.000000    0.000000    0.000000   clock system_clock (rise edge)
                                  0.000000    0.000000   clock network delay (ideal)
                      0.000000    0.000000    0.000000 ^ _1396_/CLK (gf180mcu_fd_sc_mcu7t5v0__dffq_1)
     6    0.026596    0.309788    0.775960    0.775960 v _1396_/Q (gf180mcu_fd_sc_mcu7t5v0__dffq_1)
                                                         range_timing_internal[17] (net)
                      0.309788    0.000000    0.775960 v _1118_/A1 (gf180mcu_fd_sc_mcu7t5v0__aoi22_1)
     1    0.004482    0.223119    0.205436    0.981396 ^ _1118_/ZN (gf180mcu_fd_sc_mcu7t5v0__aoi22_1)
                                                         _0512_ (net)
                      0.223119    0.000000    0.981396 ^ _1120_/A1 (gf180mcu_fd_sc_mcu7t5v0__nor2_1)
     1    0.002389    0.109698    0.094590    1.075986 v _1120_/ZN (gf180mcu_fd_sc_mcu7t5v0__nor2_1)
                                                         _0127_ (net)
                      0.109698    0.000000    1.075986 v _1396_/D (gf180mcu_fd_sc_mcu7t5v0__dffq_1)
                                              1.075986   data arrival time

                      0.000000    0.000000    0.000000   clock system_clock (rise edge)
                                  0.000000    0.000000   clock network delay (ideal)
                                  0.500000    0.500000   clock uncertainty
                                  0.000000    0.500000   clock reconvergence pessimism
                                              0.500000 ^ _1396_/CLK (gf180mcu_fd_sc_mcu7t5v0__dffq_1)
                                  0.062854    0.562854   library hold time
                                              0.562854   data required time
---------------------------------------------------------------------------------------------
                                              0.562854   data required time
                                             -1.075986   data arrival time
---------------------------------------------------------------------------------------------
                                              0.513132   slack (MET)


Startpoint: _1382_ (rising edge-triggered flip-flop clocked by system_clock)
Endpoint: _1382_ (rising edge-triggered flip-flop clocked by system_clock)
Path Group: system_clock
Path Type: min

Fanout         Cap        Slew       Delay        Time   Description
---------------------------------------------------------------------------------------------
                      0.000000    0.000000    0.000000   clock system_clock (rise edge)
                                  0.000000    0.000000   clock network delay (ideal)
                      0.000000    0.000000    0.000000 ^ _1382_/CLK (gf180mcu_fd_sc_mcu7t5v0__dffq_1)
     5    0.024021    0.286219    0.760265    0.760265 v _1382_/Q (gf180mcu_fd_sc_mcu7t5v0__dffq_1)
                                                         range_timing_internal[3] (net)
                      0.286219    0.000000    0.760265 v _1063_/A1 (gf180mcu_fd_sc_mcu7t5v0__aoi22_1)
     1    0.004243    0.215048    0.195344    0.955609 ^ _1063_/ZN (gf180mcu_fd_sc_mcu7t5v0__aoi22_1)
                                                         _0471_ (net)
                      0.215048    0.000000    0.955609 ^ _1064_/A2 (gf180mcu_fd_sc_mcu7t5v0__nor2_1)
     1    0.002389    0.134216    0.118050    1.073660 v _1064_/ZN (gf180mcu_fd_sc_mcu7t5v0__nor2_1)
                                                         _0113_ (net)
                      0.134216    0.000000    1.073660 v _1382_/D (gf180mcu_fd_sc_mcu7t5v0__dffq_1)
                                              1.073660   data arrival time

                      0.000000    0.000000    0.000000   clock system_clock (rise edge)
                                  0.000000    0.000000   clock network delay (ideal)
                                  0.500000    0.500000   clock uncertainty
                                  0.000000    0.500000   clock reconvergence pessimism
                                              0.500000 ^ _1382_/CLK (gf180mcu_fd_sc_mcu7t5v0__dffq_1)
                                  0.058393    0.558393   library hold time
                                              0.558393   data required time
---------------------------------------------------------------------------------------------
                                              0.558393   data required time
                                             -1.073660   data arrival time
---------------------------------------------------------------------------------------------
                                              0.515266   slack (MET)


Startpoint: _1288_ (rising edge-triggered flip-flop clocked by system_clock)
Endpoint: _1405_ (rising edge-triggered flip-flop clocked by system_clock)
Path Group: system_clock
Path Type: min

Fanout         Cap        Slew       Delay        Time   Description
---------------------------------------------------------------------------------------------
                      0.000000    0.000000    0.000000   clock system_clock (rise edge)
                                  0.000000    0.000000   clock network delay (ideal)
                      0.000000    0.000000    0.000000 ^ _1288_/CLK (gf180mcu_fd_sc_mcu7t5v0__dffq_1)
     7    0.028448    0.521710    0.929324    0.929324 ^ _1288_/Q (gf180mcu_fd_sc_mcu7t5v0__dffq_1)
                                                         counter_control_status_register[6] (net)
                      0.521710    0.000000    0.929324 ^ _1146_/A1 (gf180mcu_fd_sc_mcu7t5v0__nor3_1)
     1    0.002389    0.191548    0.131310    1.060633 v _1146_/ZN (gf180mcu_fd_sc_mcu7t5v0__nor3_1)
                                                         _0136_ (net)
                      0.191548    0.000000    1.060633 v _1405_/D (gf180mcu_fd_sc_mcu7t5v0__dffq_1)
                                              1.060633   data arrival time

                      0.000000    0.000000    0.000000   clock system_clock (rise edge)
                                  0.000000    0.000000   clock network delay (ideal)
                                  0.500000    0.500000   clock uncertainty
                                  0.000000    0.500000   clock reconvergence pessimism
                                              0.500000 ^ _1405_/CLK (gf180mcu_fd_sc_mcu7t5v0__dffq_1)
                                  0.044374    0.544374   library hold time
                                              0.544374   data required time
---------------------------------------------------------------------------------------------
                                              0.544374   data required time
                                             -1.060633   data arrival time
---------------------------------------------------------------------------------------------
                                              0.516259   slack (MET)


Startpoint: _1353_ (rising edge-triggered flip-flop clocked by system_clock)
Endpoint: _1353_ (rising edge-triggered flip-flop clocked by system_clock)
Path Group: system_clock
Path Type: min

Fanout         Cap        Slew       Delay        Time   Description
---------------------------------------------------------------------------------------------
                      0.000000    0.000000    0.000000   clock system_clock (rise edge)
                                  0.000000    0.000000   clock network delay (ideal)
                      0.000000    0.000000    0.000000 ^ _1353_/CLK (gf180mcu_fd_sc_mcu7t5v0__dffq_1)
     5    0.022228    0.269808    0.749337    0.749337 v _1353_/Q (gf180mcu_fd_sc_mcu7t5v0__dffq_1)
                                                         pulse_timing_internal[15] (net)
                      0.269808    0.000000    0.749337 v _0928_/A1 (gf180mcu_fd_sc_mcu7t5v0__oai21_1)
     1    0.004218    0.229484    0.231109    0.980447 ^ _0928_/ZN (gf180mcu_fd_sc_mcu7t5v0__oai21_1)
                                                         _0365_ (net)
                      0.229484    0.000000    0.980447 ^ _0929_/I (gf180mcu_fd_sc_mcu7t5v0__clkinv_1)
     1    0.002389    0.111356    0.098401    1.078848 v _0929_/ZN (gf180mcu_fd_sc_mcu7t5v0__clkinv_1)
                                                         _0084_ (net)
                      0.111356    0.000000    1.078848 v _1353_/D (gf180mcu_fd_sc_mcu7t5v0__dffq_1)
                                              1.078848   data arrival time

                      0.000000    0.000000    0.000000   clock system_clock (rise edge)
                                  0.000000    0.000000   clock network delay (ideal)
                                  0.500000    0.500000   clock uncertainty
                                  0.000000    0.500000   clock reconvergence pessimism
                                              0.500000 ^ _1353_/CLK (gf180mcu_fd_sc_mcu7t5v0__dffq_1)
                                  0.062552    0.562552   library hold time
                                              0.562552   data required time
---------------------------------------------------------------------------------------------
                                              0.562552   data required time
                                             -1.078848   data arrival time
---------------------------------------------------------------------------------------------
                                              0.516295   slack (MET)


Startpoint: _1397_ (rising edge-triggered flip-flop clocked by system_clock)
Endpoint: _1397_ (rising edge-triggered flip-flop clocked by system_clock)
Path Group: system_clock
Path Type: min

Fanout         Cap        Slew       Delay        Time   Description
---------------------------------------------------------------------------------------------
                      0.000000    0.000000    0.000000   clock system_clock (rise edge)
                                  0.000000    0.000000   clock network delay (ideal)
                      0.000000    0.000000    0.000000 ^ _1397_/CLK (gf180mcu_fd_sc_mcu7t5v0__dffq_1)
     6    0.027240    0.315682    0.779885    0.779885 v _1397_/Q (gf180mcu_fd_sc_mcu7t5v0__dffq_1)
                                                         range_timing_internal[18] (net)
                      0.315682    0.000000    0.779885 v _1122_/A1 (gf180mcu_fd_sc_mcu7t5v0__aoi22_1)
     1    0.004482    0.223929    0.207143    0.987028 ^ _1122_/ZN (gf180mcu_fd_sc_mcu7t5v0__aoi22_1)
                                                         _0515_ (net)
                      0.223929    0.000000    0.987028 ^ _1124_/A1 (gf180mcu_fd_sc_mcu7t5v0__nor2_1)
     1    0.002389    0.109881    0.094648    1.081676 v _1124_/ZN (gf180mcu_fd_sc_mcu7t5v0__nor2_1)
                                                         _0128_ (net)
                      0.109881    0.000000    1.081676 v _1397_/D (gf180mcu_fd_sc_mcu7t5v0__dffq_1)
                                              1.081676   data arrival time

                      0.000000    0.000000    0.000000   clock system_clock (rise edge)
                                  0.000000    0.000000   clock network delay (ideal)
                                  0.500000    0.500000   clock uncertainty
                                  0.000000    0.500000   clock reconvergence pessimism
                                              0.500000 ^ _1397_/CLK (gf180mcu_fd_sc_mcu7t5v0__dffq_1)
                                  0.062821    0.562821   library hold time
                                              0.562821   data required time
---------------------------------------------------------------------------------------------
                                              0.562821   data required time
                                             -1.081676   data arrival time
---------------------------------------------------------------------------------------------
                                              0.518855   slack (MET)


Startpoint: _1391_ (rising edge-triggered flip-flop clocked by system_clock)
Endpoint: _1391_ (rising edge-triggered flip-flop clocked by system_clock)
Path Group: system_clock
Path Type: min

Fanout         Cap        Slew       Delay        Time   Description
---------------------------------------------------------------------------------------------
                      0.000000    0.000000    0.000000   clock system_clock (rise edge)
                                  0.000000    0.000000   clock network delay (ideal)
                      0.000000    0.000000    0.000000 ^ _1391_/CLK (gf180mcu_fd_sc_mcu7t5v0__dffq_1)
     6    0.027871    0.321457    0.783731    0.783731 v _1391_/Q (gf180mcu_fd_sc_mcu7t5v0__dffq_1)
                                                         range_timing_internal[12] (net)
                      0.321457    0.000000    0.783731 v _1098_/A1 (gf180mcu_fd_sc_mcu7t5v0__aoi22_1)
     1    0.004482    0.224723    0.208816    0.992547 ^ _1098_/ZN (gf180mcu_fd_sc_mcu7t5v0__aoi22_1)
                                                         _0497_ (net)
                      0.224723    0.000000    0.992547 ^ _1100_/A1 (gf180mcu_fd_sc_mcu7t5v0__nor2_1)
     1    0.002389    0.110060    0.094705    1.087251 v _1100_/ZN (gf180mcu_fd_sc_mcu7t5v0__nor2_1)
                                                         _0122_ (net)
                      0.110060    0.000000    1.087251 v _1391_/D (gf180mcu_fd_sc_mcu7t5v0__dffq_1)
                                              1.087251   data arrival time

                      0.000000    0.000000    0.000000   clock system_clock (rise edge)
                                  0.000000    0.000000   clock network delay (ideal)
                                  0.500000    0.500000   clock uncertainty
                                  0.000000    0.500000   clock reconvergence pessimism
                                              0.500000 ^ _1391_/CLK (gf180mcu_fd_sc_mcu7t5v0__dffq_1)
                                  0.062788    0.562788   library hold time
                                              0.562788   data required time
---------------------------------------------------------------------------------------------
                                              0.562788   data required time
                                             -1.087251   data arrival time
---------------------------------------------------------------------------------------------
                                              0.524463   slack (MET)


Startpoint: _1388_ (rising edge-triggered flip-flop clocked by system_clock)
Endpoint: _1388_ (rising edge-triggered flip-flop clocked by system_clock)
Path Group: system_clock
Path Type: min

Fanout         Cap        Slew       Delay        Time   Description
---------------------------------------------------------------------------------------------
                      0.000000    0.000000    0.000000   clock system_clock (rise edge)
                                  0.000000    0.000000   clock network delay (ideal)
                      0.000000    0.000000    0.000000 ^ _1388_/CLK (gf180mcu_fd_sc_mcu7t5v0__dffq_1)
     6    0.027912    0.321833    0.783981    0.783981 v _1388_/Q (gf180mcu_fd_sc_mcu7t5v0__dffq_1)
                                                         range_timing_internal[9] (net)
                      0.321833    0.000000    0.783981 v _1085_/A1 (gf180mcu_fd_sc_mcu7t5v0__aoi22_1)
     1    0.004482    0.224775    0.208924    0.992905 ^ _1085_/ZN (gf180mcu_fd_sc_mcu7t5v0__aoi22_1)
                                                         _0487_ (net)
                      0.224775    0.000000    0.992905 ^ _1087_/A1 (gf180mcu_fd_sc_mcu7t5v0__nor2_1)
     1    0.002389    0.110071    0.094708    1.087614 v _1087_/ZN (gf180mcu_fd_sc_mcu7t5v0__nor2_1)
                                                         _0119_ (net)
                      0.110071    0.000000    1.087614 v _1388_/D (gf180mcu_fd_sc_mcu7t5v0__dffq_1)
                                              1.087614   data arrival time

                      0.000000    0.000000    0.000000   clock system_clock (rise edge)
                                  0.000000    0.000000   clock network delay (ideal)
                                  0.500000    0.500000   clock uncertainty
                                  0.000000    0.500000   clock reconvergence pessimism
                                              0.500000 ^ _1388_/CLK (gf180mcu_fd_sc_mcu7t5v0__dffq_1)
                                  0.062786    0.562786   library hold time
                                              0.562786   data required time
---------------------------------------------------------------------------------------------
                                              0.562786   data required time
                                             -1.087614   data arrival time
---------------------------------------------------------------------------------------------
                                              0.524828   slack (MET)


Startpoint: _1429_ (rising edge-triggered flip-flop clocked by system_clock)
Endpoint: _1429_ (rising edge-triggered flip-flop clocked by system_clock)
Path Group: system_clock
Path Type: min

Fanout         Cap        Slew       Delay        Time   Description
---------------------------------------------------------------------------------------------
                      0.000000    0.000000    0.000000   clock system_clock (rise edge)
                                  0.000000    0.000000   clock network delay (ideal)
                      0.000000    0.000000    0.000000 ^ _1429_/CLK (gf180mcu_fd_sc_mcu7t5v0__dffq_1)
     3    0.016575    0.219333    0.713113    0.713113 v _1429_/Q (gf180mcu_fd_sc_mcu7t5v0__dffq_1)
                                                         pulse_count_threshold_register[14] (net)
                      0.219333    0.000000    0.713113 v _1274_/A1 (gf180mcu_fd_sc_mcu7t5v0__nor2_1)
     1    0.004045    0.245286    0.192138    0.905251 ^ _1274_/ZN (gf180mcu_fd_sc_mcu7t5v0__nor2_1)
                                                         _0635_ (net)
                      0.245286    0.000000    0.905251 ^ _1275_/B (gf180mcu_fd_sc_mcu7t5v0__aoi211_1)
     1    0.002389    0.175031    0.171775    1.077026 v _1275_/ZN (gf180mcu_fd_sc_mcu7t5v0__aoi211_1)
                                                         _0160_ (net)
                      0.175031    0.000000    1.077026 v _1429_/D (gf180mcu_fd_sc_mcu7t5v0__dffq_1)
                                              1.077026   data arrival time

                      0.000000    0.000000    0.000000   clock system_clock (rise edge)
                                  0.000000    0.000000   clock network delay (ideal)
                                  0.500000    0.500000   clock uncertainty
                                  0.000000    0.500000   clock reconvergence pessimism
                                              0.500000 ^ _1429_/CLK (gf180mcu_fd_sc_mcu7t5v0__dffq_1)
                                  0.048623    0.548623   library hold time
                                              0.548623   data required time
---------------------------------------------------------------------------------------------
                                              0.548623   data required time
                                             -1.077026   data arrival time
---------------------------------------------------------------------------------------------
                                              0.528403   slack (MET)


Startpoint: _1443_ (rising edge-triggered flip-flop clocked by system_clock)
Endpoint: _1404_ (rising edge-triggered flip-flop clocked by system_clock)
Path Group: system_clock
Path Type: min

Fanout         Cap        Slew       Delay        Time   Description
---------------------------------------------------------------------------------------------
                      0.000000    0.000000    0.000000   clock system_clock (rise edge)
                                  0.000000    0.000000   clock network delay (ideal)
                      0.000000    0.000000    0.000000 ^ _1443_/CLK (gf180mcu_fd_sc_mcu7t5v0__dffq_1)
     6    0.028156    0.324066    0.785468    0.785468 v _1443_/Q (gf180mcu_fd_sc_mcu7t5v0__dffq_1)
                                                         counter_control_status_register[4] (net)
                      0.324066    0.000000    0.785468 v _1136_/A1 (gf180mcu_fd_sc_mcu7t5v0__aoi22_1)
     1    0.004772    0.230763    0.213604    0.999073 ^ _1136_/ZN (gf180mcu_fd_sc_mcu7t5v0__aoi22_1)
                                                         _0522_ (net)
                      0.230763    0.000000    0.999073 ^ _1138_/A2 (gf180mcu_fd_sc_mcu7t5v0__aoi21_1)
     1    0.002389    0.116725    0.098329    1.097402 v _1138_/ZN (gf180mcu_fd_sc_mcu7t5v0__aoi21_1)
                                                         _0135_ (net)
                      0.116725    0.000000    1.097402 v _1404_/D (gf180mcu_fd_sc_mcu7t5v0__dffq_1)
                                              1.097402   data arrival time

                      0.000000    0.000000    0.000000   clock system_clock (rise edge)
                                  0.000000    0.000000   clock network delay (ideal)
                                  0.500000    0.500000   clock uncertainty
                                  0.000000    0.500000   clock reconvergence pessimism
                                              0.500000 ^ _1404_/CLK (gf180mcu_fd_sc_mcu7t5v0__dffq_1)
                                  0.061576    0.561576   library hold time
                                              0.561576   data required time
---------------------------------------------------------------------------------------------
                                              0.561576   data required time
                                             -1.097402   data arrival time
---------------------------------------------------------------------------------------------
                                              0.535826   slack (MET)


Startpoint: _1359_ (rising edge-triggered flip-flop clocked by system_clock)
Endpoint: _1359_ (rising edge-triggered flip-flop clocked by system_clock)
Path Group: system_clock
Path Type: min

Fanout         Cap        Slew       Delay        Time   Description
---------------------------------------------------------------------------------------------
                      0.000000    0.000000    0.000000   clock system_clock (rise edge)
                                  0.000000    0.000000   clock network delay (ideal)
                      0.000000    0.000000    0.000000 ^ _1359_/CLK (gf180mcu_fd_sc_mcu7t5v0__dffq_1)
     5    0.020627    0.255154    0.739579    0.739579 v _1359_/Q (gf180mcu_fd_sc_mcu7t5v0__dffq_1)
                                                         pulse_timing_internal[21] (net)
                      0.255154    0.000000    0.739579 v _0945_/A1 (gf180mcu_fd_sc_mcu7t5v0__nor2_1)
     1    0.003979    0.245700    0.201714    0.941293 ^ _0945_/ZN (gf180mcu_fd_sc_mcu7t5v0__nor2_1)
                                                         _0376_ (net)
                      0.245700    0.000000    0.941293 ^ _0947_/A2 (gf180mcu_fd_sc_mcu7t5v0__nor3_1)
     1    0.002389    0.163873    0.148117    1.089410 v _0947_/ZN (gf180mcu_fd_sc_mcu7t5v0__nor3_1)
                                                         _0090_ (net)
                      0.163873    0.000000    1.089410 v _1359_/D (gf180mcu_fd_sc_mcu7t5v0__dffq_1)
                                              1.089410   data arrival time

                      0.000000    0.000000    0.000000   clock system_clock (rise edge)
                                  0.000000    0.000000   clock network delay (ideal)
                                  0.500000    0.500000   clock uncertainty
                                  0.000000    0.500000   clock reconvergence pessimism
                                              0.500000 ^ _1359_/CLK (gf180mcu_fd_sc_mcu7t5v0__dffq_1)
                                  0.051494    0.551494   library hold time
                                              0.551494   data required time
---------------------------------------------------------------------------------------------
                                              0.551494   data required time
                                             -1.089410   data arrival time
---------------------------------------------------------------------------------------------
                                              0.537916   slack (MET)


Startpoint: _1346_ (rising edge-triggered flip-flop clocked by system_clock)
Endpoint: _1346_ (rising edge-triggered flip-flop clocked by system_clock)
Path Group: system_clock
Path Type: min

Fanout         Cap        Slew       Delay        Time   Description
---------------------------------------------------------------------------------------------
                      0.000000    0.000000    0.000000   clock system_clock (rise edge)
                                  0.000000    0.000000   clock network delay (ideal)
                      0.000000    0.000000    0.000000 ^ _1346_/CLK (gf180mcu_fd_sc_mcu7t5v0__dffq_1)
     6    0.026225    0.306392    0.773699    0.773699 v _1346_/Q (gf180mcu_fd_sc_mcu7t5v0__dffq_1)
                                                         pulse_timing_internal[8] (net)
                      0.306392    0.000000    0.773699 v _0906_/A1 (gf180mcu_fd_sc_mcu7t5v0__oai21_1)
     1    0.004218    0.233852    0.241966    1.015665 ^ _0906_/ZN (gf180mcu_fd_sc_mcu7t5v0__oai21_1)
                                                         _0350_ (net)
                      0.233852    0.000000    1.015665 ^ _0907_/I (gf180mcu_fd_sc_mcu7t5v0__clkinv_1)
     1    0.002389    0.112279    0.098884    1.114549 v _0907_/ZN (gf180mcu_fd_sc_mcu7t5v0__clkinv_1)
                                                         _0077_ (net)
                      0.112279    0.000000    1.114549 v _1346_/D (gf180mcu_fd_sc_mcu7t5v0__dffq_1)
                                              1.114549   data arrival time

                      0.000000    0.000000    0.000000   clock system_clock (rise edge)
                                  0.000000    0.000000   clock network delay (ideal)
                                  0.500000    0.500000   clock uncertainty
                                  0.000000    0.500000   clock reconvergence pessimism
                                              0.500000 ^ _1346_/CLK (gf180mcu_fd_sc_mcu7t5v0__dffq_1)
                                  0.062385    0.562385   library hold time
                                              0.562385   data required time
---------------------------------------------------------------------------------------------
                                              0.562385   data required time
                                             -1.114549   data arrival time
---------------------------------------------------------------------------------------------
                                              0.552164   slack (MET)


Startpoint: _1379_ (rising edge-triggered flip-flop clocked by system_clock)
Endpoint: _1379_ (rising edge-triggered flip-flop clocked by system_clock)
Path Group: system_clock
Path Type: min

Fanout         Cap        Slew       Delay        Time   Description
---------------------------------------------------------------------------------------------
                      0.000000    0.000000    0.000000   clock system_clock (rise edge)
                                  0.000000    0.000000   clock network delay (ideal)
                      0.000000    0.000000    0.000000 ^ _1379_/CLK (gf180mcu_fd_sc_mcu7t5v0__dffq_1)
     8    0.038267    0.417163    0.846776    0.846776 v _1379_/Q (gf180mcu_fd_sc_mcu7t5v0__dffq_1)
                                                         range_timing_internal[0] (net)
                      0.417163    0.000000    0.846776 v _1052_/A1 (gf180mcu_fd_sc_mcu7t5v0__aoi21_1)
     1    0.002389    0.210827    0.231051    1.077826 ^ _1052_/ZN (gf180mcu_fd_sc_mcu7t5v0__aoi21_1)
                                                         _0110_ (net)
                      0.210827    0.000000    1.077826 ^ _1379_/D (gf180mcu_fd_sc_mcu7t5v0__dffq_1)
                                              1.077826   data arrival time

                      0.000000    0.000000    0.000000   clock system_clock (rise edge)
                                  0.000000    0.000000   clock network delay (ideal)
                                  0.500000    0.500000   clock uncertainty
                                  0.000000    0.500000   clock reconvergence pessimism
                                              0.500000 ^ _1379_/CLK (gf180mcu_fd_sc_mcu7t5v0__dffq_1)
                                  0.022584    0.522584   library hold time
                                              0.522584   data required time
---------------------------------------------------------------------------------------------
                                              0.522584   data required time
                                             -1.077826   data arrival time
---------------------------------------------------------------------------------------------
                                              0.555242   slack (MET)


Startpoint: _1381_ (rising edge-triggered flip-flop clocked by system_clock)
Endpoint: _1381_ (rising edge-triggered flip-flop clocked by system_clock)
Path Group: system_clock
Path Type: min

Fanout         Cap        Slew       Delay        Time   Description
---------------------------------------------------------------------------------------------
                      0.000000    0.000000    0.000000   clock system_clock (rise edge)
                                  0.000000    0.000000   clock network delay (ideal)
                      0.000000    0.000000    0.000000 ^ _1381_/CLK (gf180mcu_fd_sc_mcu7t5v0__dffq_1)
     6    0.028620    0.328313    0.788296    0.788296 v _1381_/Q (gf180mcu_fd_sc_mcu7t5v0__dffq_1)
                                                         range_timing_internal[2] (net)
                      0.328313    0.000000    0.788296 v _1059_/A1 (gf180mcu_fd_sc_mcu7t5v0__aoi22_1)
     1    0.004243    0.221013    0.207459    0.995755 ^ _1059_/ZN (gf180mcu_fd_sc_mcu7t5v0__aoi22_1)
                                                         _0468_ (net)
                      0.221013    0.000000    0.995755 ^ _1060_/A2 (gf180mcu_fd_sc_mcu7t5v0__nor2_1)
     1    0.002389    0.135766    0.118787    1.114542 v _1060_/ZN (gf180mcu_fd_sc_mcu7t5v0__nor2_1)
                                                         _0112_ (net)
                      0.135766    0.000000    1.114542 v _1381_/D (gf180mcu_fd_sc_mcu7t5v0__dffq_1)
                                              1.114542   data arrival time

                      0.000000    0.000000    0.000000   clock system_clock (rise edge)
                                  0.000000    0.000000   clock network delay (ideal)
                                  0.500000    0.500000   clock uncertainty
                                  0.000000    0.500000   clock reconvergence pessimism
                                              0.500000 ^ _1381_/CLK (gf180mcu_fd_sc_mcu7t5v0__dffq_1)
                                  0.058112    0.558111   library hold time
                                              0.558111   data required time
---------------------------------------------------------------------------------------------
                                              0.558111   data required time
                                             -1.114542   data arrival time
---------------------------------------------------------------------------------------------
                                              0.556430   slack (MET)


Startpoint: _1384_ (rising edge-triggered flip-flop clocked by system_clock)
Endpoint: _1384_ (rising edge-triggered flip-flop clocked by system_clock)
Path Group: system_clock
Path Type: min

Fanout         Cap        Slew       Delay        Time   Description
---------------------------------------------------------------------------------------------
                      0.000000    0.000000    0.000000   clock system_clock (rise edge)
                                  0.000000    0.000000   clock network delay (ideal)
                      0.000000    0.000000    0.000000 ^ _1384_/CLK (gf180mcu_fd_sc_mcu7t5v0__dffq_1)
     6    0.029601    0.337292    0.794275    0.794275 v _1384_/Q (gf180mcu_fd_sc_mcu7t5v0__dffq_1)
                                                         range_timing_internal[5] (net)
                      0.337292    0.000000    0.794275 v _1071_/A1 (gf180mcu_fd_sc_mcu7t5v0__aoi22_1)
     1    0.004243    0.222650    0.209699    1.003975 ^ _1071_/ZN (gf180mcu_fd_sc_mcu7t5v0__aoi22_1)
                                                         _0477_ (net)
                      0.222650    0.000000    1.003975 ^ _1072_/A2 (gf180mcu_fd_sc_mcu7t5v0__nor2_1)
     1    0.002389    0.136191    0.118989    1.122964 v _1072_/ZN (gf180mcu_fd_sc_mcu7t5v0__nor2_1)
                                                         _0115_ (net)
                      0.136191    0.000000    1.122964 v _1384_/D (gf180mcu_fd_sc_mcu7t5v0__dffq_1)
                                              1.122964   data arrival time

                      0.000000    0.000000    0.000000   clock system_clock (rise edge)
                                  0.000000    0.000000   clock network delay (ideal)
                                  0.500000    0.500000   clock uncertainty
                                  0.000000    0.500000   clock reconvergence pessimism
                                              0.500000 ^ _1384_/CLK (gf180mcu_fd_sc_mcu7t5v0__dffq_1)
                                  0.058034    0.558034   library hold time
                                              0.558034   data required time
---------------------------------------------------------------------------------------------
                                              0.558034   data required time
                                             -1.122964   data arrival time
---------------------------------------------------------------------------------------------
                                              0.564929   slack (MET)


Startpoint: _1383_ (rising edge-triggered flip-flop clocked by system_clock)
Endpoint: _1383_ (rising edge-triggered flip-flop clocked by system_clock)
Path Group: system_clock
Path Type: min

Fanout         Cap        Slew       Delay        Time   Description
---------------------------------------------------------------------------------------------
                      0.000000    0.000000    0.000000   clock system_clock (rise edge)
                                  0.000000    0.000000   clock network delay (ideal)
                      0.000000    0.000000    0.000000 ^ _1383_/CLK (gf180mcu_fd_sc_mcu7t5v0__dffq_1)
     6    0.029602    0.337301    0.794282    0.794282 v _1383_/Q (gf180mcu_fd_sc_mcu7t5v0__dffq_1)
                                                         range_timing_internal[4] (net)
                      0.337301    0.000000    0.794282 v _1067_/A1 (gf180mcu_fd_sc_mcu7t5v0__aoi22_1)
     1    0.004243    0.222651    0.209702    1.003983 ^ _1067_/ZN (gf180mcu_fd_sc_mcu7t5v0__aoi22_1)
                                                         _0474_ (net)
                      0.222651    0.000000    1.003983 ^ _1068_/A2 (gf180mcu_fd_sc_mcu7t5v0__nor2_1)
     1    0.002389    0.136191    0.118989    1.122972 v _1068_/ZN (gf180mcu_fd_sc_mcu7t5v0__nor2_1)
                                                         _0114_ (net)
                      0.136191    0.000000    1.122972 v _1383_/D (gf180mcu_fd_sc_mcu7t5v0__dffq_1)
                                              1.122972   data arrival time

                      0.000000    0.000000    0.000000   clock system_clock (rise edge)
                                  0.000000    0.000000   clock network delay (ideal)
                                  0.500000    0.500000   clock uncertainty
                                  0.000000    0.500000   clock reconvergence pessimism
                                              0.500000 ^ _1383_/CLK (gf180mcu_fd_sc_mcu7t5v0__dffq_1)
                                  0.058034    0.558034   library hold time
                                              0.558034   data required time
---------------------------------------------------------------------------------------------
                                              0.558034   data required time
                                             -1.122972   data arrival time
---------------------------------------------------------------------------------------------
                                              0.564938   slack (MET)


Startpoint: _1288_ (rising edge-triggered flip-flop clocked by system_clock)
Endpoint: _1288_ (rising edge-triggered flip-flop clocked by system_clock)
Path Group: system_clock
Path Type: min

Fanout         Cap        Slew       Delay        Time   Description
---------------------------------------------------------------------------------------------
                      0.000000    0.000000    0.000000   clock system_clock (rise edge)
                                  0.000000    0.000000   clock network delay (ideal)
                      0.000000    0.000000    0.000000 ^ _1288_/CLK (gf180mcu_fd_sc_mcu7t5v0__dffq_1)
     7    0.028448    0.326739    0.787248    0.787248 v _1288_/Q (gf180mcu_fd_sc_mcu7t5v0__dffq_1)
                                                         counter_control_status_register[6] (net)
                      0.326739    0.000000    0.787248 v _0674_/I (gf180mcu_fd_sc_mcu7t5v0__clkinv_1)
     2    0.007075    0.204745    0.182545    0.969793 ^ _0674_/ZN (gf180mcu_fd_sc_mcu7t5v0__clkinv_1)
                                                         _0195_ (net)
                      0.204745    0.000000    0.969793 ^ _0748_/B2 (gf180mcu_fd_sc_mcu7t5v0__aoi221_1)
     1    0.002389    0.173219    0.172106    1.141899 v _0748_/ZN (gf180mcu_fd_sc_mcu7t5v0__aoi221_1)
                                                         _0019_ (net)
                      0.173219    0.000000    1.141899 v _1288_/D (gf180mcu_fd_sc_mcu7t5v0__dffq_1)
                                              1.141899   data arrival time

                      0.000000    0.000000    0.000000   clock system_clock (rise edge)
                                  0.000000    0.000000   clock network delay (ideal)
                                  0.500000    0.500000   clock uncertainty
                                  0.000000    0.500000   clock reconvergence pessimism
                                              0.500000 ^ _1288_/CLK (gf180mcu_fd_sc_mcu7t5v0__dffq_1)
                                  0.049089    0.549089   library hold time
                                              0.549089   data required time
---------------------------------------------------------------------------------------------
                                              0.549089   data required time
                                             -1.141899   data arrival time
---------------------------------------------------------------------------------------------
                                              0.592810   slack (MET)


Startpoint: _1443_ (rising edge-triggered flip-flop clocked by system_clock)
Endpoint: _1443_ (rising edge-triggered flip-flop clocked by system_clock)
Path Group: system_clock
Path Type: min

Fanout         Cap        Slew       Delay        Time   Description
---------------------------------------------------------------------------------------------
                      0.000000    0.000000    0.000000   clock system_clock (rise edge)
                                  0.000000    0.000000   clock network delay (ideal)
                      0.000000    0.000000    0.000000 ^ _1443_/CLK (gf180mcu_fd_sc_mcu7t5v0__dffq_1)
     6    0.028156    0.324066    0.785468    0.785468 v _1443_/Q (gf180mcu_fd_sc_mcu7t5v0__dffq_1)
                                                         counter_control_status_register[4] (net)
                      0.324066    0.000000    0.785468 v _0724_/A1 (gf180mcu_fd_sc_mcu7t5v0__oai21_1)
     1    0.004243    0.282235    0.247637    1.033105 ^ _0724_/ZN (gf180mcu_fd_sc_mcu7t5v0__oai21_1)
                                                         _0236_ (net)
                      0.282235    0.000000    1.033105 ^ _0725_/A2 (gf180mcu_fd_sc_mcu7t5v0__nor2_1)
     1    0.002389    0.115802    0.126348    1.159453 v _0725_/ZN (gf180mcu_fd_sc_mcu7t5v0__nor2_1)
                                                         _0009_ (net)
                      0.115802    0.000000    1.159453 v _1443_/D (gf180mcu_fd_sc_mcu7t5v0__dffq_1)
                                              1.159453   data arrival time

                      0.000000    0.000000    0.000000   clock system_clock (rise edge)
                                  0.000000    0.000000   clock network delay (ideal)
                                  0.500000    0.500000   clock uncertainty
                                  0.000000    0.500000   clock reconvergence pessimism
                                              0.500000 ^ _1443_/CLK (gf180mcu_fd_sc_mcu7t5v0__dffq_1)
                                  0.061744    0.561743   library hold time
                                              0.561743   data required time
---------------------------------------------------------------------------------------------
                                              0.561743   data required time
                                             -1.159453   data arrival time
---------------------------------------------------------------------------------------------
                                              0.597710   slack (MET)


Startpoint: _1380_ (rising edge-triggered flip-flop clocked by system_clock)
Endpoint: _1380_ (rising edge-triggered flip-flop clocked by system_clock)
Path Group: system_clock
Path Type: min

Fanout         Cap        Slew       Delay        Time   Description
---------------------------------------------------------------------------------------------
                      0.000000    0.000000    0.000000   clock system_clock (rise edge)
                                  0.000000    0.000000   clock network delay (ideal)
                      0.000000    0.000000    0.000000 ^ _1380_/CLK (gf180mcu_fd_sc_mcu7t5v0__dffq_1)
     7    0.033785    0.375587    0.819777    0.819777 v _1380_/Q (gf180mcu_fd_sc_mcu7t5v0__dffq_1)
                                                         range_timing_internal[1] (net)
                      0.375587    0.000000    0.819777 v _1055_/A1 (gf180mcu_fd_sc_mcu7t5v0__aoi22_1)
     1    0.004243    0.229630    0.219256    1.039033 ^ _1055_/ZN (gf180mcu_fd_sc_mcu7t5v0__aoi22_1)
                                                         _0465_ (net)
                      0.229630    0.000000    1.039033 ^ _1056_/A2 (gf180mcu_fd_sc_mcu7t5v0__nor2_1)
     1    0.002389    0.138004    0.119851    1.158884 v _1056_/ZN (gf180mcu_fd_sc_mcu7t5v0__nor2_1)
                                                         _0111_ (net)
                      0.138004    0.000000    1.158884 v _1380_/D (gf180mcu_fd_sc_mcu7t5v0__dffq_1)
                                              1.158884   data arrival time

                      0.000000    0.000000    0.000000   clock system_clock (rise edge)
                                  0.000000    0.000000   clock network delay (ideal)
                                  0.500000    0.500000   clock uncertainty
                                  0.000000    0.500000   clock reconvergence pessimism
                                              0.500000 ^ _1380_/CLK (gf180mcu_fd_sc_mcu7t5v0__dffq_1)
                                  0.057704    0.557704   library hold time
                                              0.557704   data required time
---------------------------------------------------------------------------------------------
                                              0.557704   data required time
                                             -1.158884   data arrival time
---------------------------------------------------------------------------------------------
                                              0.601180   slack (MET)


Startpoint: _1444_ (rising edge-triggered flip-flop clocked by system_clock)
Endpoint: _1444_ (rising edge-triggered flip-flop clocked by system_clock)
Path Group: system_clock
Path Type: min

Fanout         Cap        Slew       Delay        Time   Description
---------------------------------------------------------------------------------------------
                      0.000000    0.000000    0.000000   clock system_clock (rise edge)
                                  0.000000    0.000000   clock network delay (ideal)
                      0.000000    0.000000    0.000000 ^ _1444_/CLK (gf180mcu_fd_sc_mcu7t5v0__dffq_1)
     6    0.028599    0.328121    0.788168    0.788168 v _1444_/Q (gf180mcu_fd_sc_mcu7t5v0__dffq_1)
                                                         counter_control_status_register[5] (net)
                      0.328121    0.000000    0.788168 v _0727_/A1 (gf180mcu_fd_sc_mcu7t5v0__oai21_1)
     1    0.004243    0.282583    0.248839    1.037007 ^ _0727_/ZN (gf180mcu_fd_sc_mcu7t5v0__oai21_1)
                                                         _0238_ (net)
                      0.282583    0.000000    1.037007 ^ _0728_/A2 (gf180mcu_fd_sc_mcu7t5v0__nor2_1)
     1    0.002389    0.115802    0.126391    1.163398 v _0728_/ZN (gf180mcu_fd_sc_mcu7t5v0__nor2_1)
                                                         _0010_ (net)
                      0.115802    0.000000    1.163398 v _1444_/D (gf180mcu_fd_sc_mcu7t5v0__dffq_1)
                                              1.163398   data arrival time

                      0.000000    0.000000    0.000000   clock system_clock (rise edge)
                                  0.000000    0.000000   clock network delay (ideal)
                                  0.500000    0.500000   clock uncertainty
                                  0.000000    0.500000   clock reconvergence pessimism
                                              0.500000 ^ _1444_/CLK (gf180mcu_fd_sc_mcu7t5v0__dffq_1)
                                  0.061744    0.561743   library hold time
                                              0.561743   data required time
---------------------------------------------------------------------------------------------
                                              0.561743   data required time
                                             -1.163398   data arrival time
---------------------------------------------------------------------------------------------
                                              0.601654   slack (MET)


Startpoint: _1289_ (rising edge-triggered flip-flop clocked by system_clock)
Endpoint: _1289_ (rising edge-triggered flip-flop clocked by system_clock)
Path Group: system_clock
Path Type: min

Fanout         Cap        Slew       Delay        Time   Description
---------------------------------------------------------------------------------------------
                      0.000000    0.000000    0.000000   clock system_clock (rise edge)
                                  0.000000    0.000000   clock network delay (ideal)
                      0.000000    0.000000    0.000000 ^ _1289_/CLK (gf180mcu_fd_sc_mcu7t5v0__dffq_1)
     8    0.035508    0.391357    0.830279    0.830279 v _1289_/Q (gf180mcu_fd_sc_mcu7t5v0__dffq_1)
                                                         counter_control_status_register[7] (net)
                      0.391357    0.000000    0.830279 v _0749_/B2 (gf180mcu_fd_sc_mcu7t5v0__aoi22_1)
     1    0.004243    0.194523    0.281758    1.112037 ^ _0749_/ZN (gf180mcu_fd_sc_mcu7t5v0__aoi22_1)
                                                         _0250_ (net)
                      0.194523    0.000000    1.112037 ^ _0750_/A2 (gf180mcu_fd_sc_mcu7t5v0__nor2_1)
     1    0.002389    0.077072    0.115515    1.227552 v _0750_/ZN (gf180mcu_fd_sc_mcu7t5v0__nor2_1)
                                                         _0020_ (net)
                      0.077072    0.000000    1.227552 v _1289_/D (gf180mcu_fd_sc_mcu7t5v0__dffq_1)
                                              1.227552   data arrival time

                      0.000000    0.000000    0.000000   clock system_clock (rise edge)
                                  0.000000    0.000000   clock network delay (ideal)
                                  0.500000    0.500000   clock uncertainty
                                  0.000000    0.500000   clock reconvergence pessimism
                                              0.500000 ^ _1289_/CLK (gf180mcu_fd_sc_mcu7t5v0__dffq_1)
                                  0.068790    0.568790   library hold time
                                              0.568790   data required time
---------------------------------------------------------------------------------------------
                                              0.568790   data required time
                                             -1.227552   data arrival time
---------------------------------------------------------------------------------------------
                                              0.658762   slack (MET)


Startpoint: _1344_ (rising edge-triggered flip-flop clocked by system_clock)
Endpoint: _1344_ (rising edge-triggered flip-flop clocked by system_clock)
Path Group: system_clock
Path Type: min

Fanout         Cap        Slew       Delay        Time   Description
---------------------------------------------------------------------------------------------
                      0.000000    0.000000    0.000000   clock system_clock (rise edge)
                                  0.000000    0.000000   clock network delay (ideal)
                      0.000000    0.000000    0.000000 ^ _1344_/CLK (gf180mcu_fd_sc_mcu7t5v0__dffq_1)
     1    0.004218    0.109620    0.624653    0.624653 v _1344_/Q (gf180mcu_fd_sc_mcu7t5v0__dffq_1)
                                                         pulse_timing_internal[6] (net)
                      0.109620    0.000000    0.624653 v _0662_/I (gf180mcu_fd_sc_mcu7t5v0__clkinv_1)
     5    0.019783    0.372773    0.243840    0.868493 ^ _0662_/ZN (gf180mcu_fd_sc_mcu7t5v0__clkinv_1)
                                                         _0183_ (net)
                      0.372773    0.000000    0.868493 ^ _0899_/A1 (gf180mcu_fd_sc_mcu7t5v0__and2_1)
     1    0.003979    0.144368    0.314673    1.183166 ^ _0899_/Z (gf180mcu_fd_sc_mcu7t5v0__and2_1)
                                                         _0345_ (net)
                      0.144368    0.000000    1.183166 ^ _0901_/A2 (gf180mcu_fd_sc_mcu7t5v0__nor3_1)
     1    0.002389    0.138748    0.132585    1.315751 v _0901_/ZN (gf180mcu_fd_sc_mcu7t5v0__nor3_1)
                                                         _0075_ (net)
                      0.138748    0.000000    1.315751 v _1344_/D (gf180mcu_fd_sc_mcu7t5v0__dffq_1)
                                              1.315751   data arrival time

                      0.000000    0.000000    0.000000   clock system_clock (rise edge)
                                  0.000000    0.000000   clock network delay (ideal)
                                  0.500000    0.500000   clock uncertainty
                                  0.000000    0.500000   clock reconvergence pessimism
                                              0.500000 ^ _1344_/CLK (gf180mcu_fd_sc_mcu7t5v0__dffq_1)
                                  0.057569    0.557569   library hold time
                                              0.557569   data required time
---------------------------------------------------------------------------------------------
                                              0.557569   data required time
                                             -1.315751   data arrival time
---------------------------------------------------------------------------------------------
                                              0.758182   slack (MET)


Startpoint: _1289_ (rising edge-triggered flip-flop clocked by system_clock)
Endpoint: _1403_ (rising edge-triggered flip-flop clocked by system_clock)
Path Group: system_clock
Path Type: min

Fanout         Cap        Slew       Delay        Time   Description
---------------------------------------------------------------------------------------------
                      0.000000    0.000000    0.000000   clock system_clock (rise edge)
                                  0.000000    0.000000   clock network delay (ideal)
                      0.000000    0.000000    0.000000 ^ _1289_/CLK (gf180mcu_fd_sc_mcu7t5v0__dffq_1)
     8    0.035508    0.637036    0.993991    0.993991 ^ _1289_/Q (gf180mcu_fd_sc_mcu7t5v0__dffq_1)
                                                         counter_control_status_register[7] (net)
                      0.637036    0.000000    0.993991 ^ _1132_/A1 (gf180mcu_fd_sc_mcu7t5v0__oai31_1)
     1    0.004243    0.167038    0.152698    1.146689 v _1132_/ZN (gf180mcu_fd_sc_mcu7t5v0__oai31_1)
                                                         _0519_ (net)
                      0.167038    0.000000    1.146689 v _1133_/A2 (gf180mcu_fd_sc_mcu7t5v0__nor2_1)
     1    0.002389    0.194503    0.162203    1.308892 ^ _1133_/ZN (gf180mcu_fd_sc_mcu7t5v0__nor2_1)
                                                         _0134_ (net)
                      0.194503    0.000000    1.308892 ^ _1403_/D (gf180mcu_fd_sc_mcu7t5v0__dffq_1)
                                              1.308892   data arrival time

                      0.000000    0.000000    0.000000   clock system_clock (rise edge)
                                  0.000000    0.000000   clock network delay (ideal)
                                  0.500000    0.500000   clock uncertainty
                                  0.000000    0.500000   clock reconvergence pessimism
                                              0.500000 ^ _1403_/CLK (gf180mcu_fd_sc_mcu7t5v0__dffq_1)
                                  0.023616    0.523616   library hold time
                                              0.523616   data required time
---------------------------------------------------------------------------------------------
                                              0.523616   data required time
                                             -1.308892   data arrival time
---------------------------------------------------------------------------------------------
                                              0.785275   slack (MET)


Startpoint: _1378_ (rising edge-triggered flip-flop clocked by signal_clock)
Endpoint: _1378_ (rising edge-triggered flip-flop clocked by signal_clock)
Path Group: signal_clock
Path Type: min

Fanout         Cap        Slew       Delay        Time   Description
---------------------------------------------------------------------------------------------
                      0.000000    0.000000    0.000000   clock signal_clock (rise edge)
                                  0.000000    0.000000   clock network delay (ideal)
                      0.000000    0.000000    0.000000 ^ _1378_/CLK (gf180mcu_fd_sc_mcu7t5v0__dffq_1)
     4    0.021315    0.261452    0.743772    0.743772 v _1378_/Q (gf180mcu_fd_sc_mcu7t5v0__dffq_1)
                                                         measurement_state_machine[15] (net)
                      0.261452    0.000000    0.743772 v _1028_/A1 (gf180mcu_fd_sc_mcu7t5v0__aoi21_1)
     1    0.002389    0.200503    0.186767    0.930539 ^ _1028_/ZN (gf180mcu_fd_sc_mcu7t5v0__aoi21_1)
                                                         _0109_ (net)
                      0.200503    0.000000    0.930539 ^ _1378_/D (gf180mcu_fd_sc_mcu7t5v0__dffq_1)
                                              0.930539   data arrival time

                      0.000000    0.000000    0.000000   clock signal_clock (rise edge)
                                  0.000000    0.000000   clock network delay (ideal)
                                  0.000000    0.000000   clock reconvergence pessimism
                                              0.000000 ^ _1378_/CLK (gf180mcu_fd_sc_mcu7t5v0__dffq_1)
                                  0.023237    0.023237   library hold time
                                              0.023237   data required time
---------------------------------------------------------------------------------------------
                                              0.023237   data required time
                                             -0.930539   data arrival time
---------------------------------------------------------------------------------------------
                                              0.907303   slack (MET)


Startpoint: _1368_ (rising edge-triggered flip-flop clocked by signal_clock)
Endpoint: _1368_ (rising edge-triggered flip-flop clocked by signal_clock)
Path Group: signal_clock
Path Type: min

Fanout         Cap        Slew       Delay        Time   Description
---------------------------------------------------------------------------------------------
                      0.000000    0.000000    0.000000   clock signal_clock (rise edge)
                                  0.000000    0.000000   clock network delay (ideal)
                      0.000000    0.000000    0.000000 ^ _1368_/CLK (gf180mcu_fd_sc_mcu7t5v0__dffq_1)
     6    0.025413    0.298960    0.768750    0.768750 v _1368_/Q (gf180mcu_fd_sc_mcu7t5v0__dffq_1)
                                                         measurement_state_machine[5] (net)
                      0.298960    0.000000    0.768750 v _1001_/A1 (gf180mcu_fd_sc_mcu7t5v0__aoi21_1)
     1    0.002389    0.203071    0.198065    0.966815 ^ _1001_/ZN (gf180mcu_fd_sc_mcu7t5v0__aoi21_1)
                                                         _0099_ (net)
                      0.203071    0.000000    0.966815 ^ _1368_/D (gf180mcu_fd_sc_mcu7t5v0__dffq_1)
                                              0.966815   data arrival time

                      0.000000    0.000000    0.000000   clock signal_clock (rise edge)
                                  0.000000    0.000000   clock network delay (ideal)
                                  0.000000    0.000000   clock reconvergence pessimism
                                              0.000000 ^ _1368_/CLK (gf180mcu_fd_sc_mcu7t5v0__dffq_1)
                                  0.023075    0.023075   library hold time
                                              0.023075   data required time
---------------------------------------------------------------------------------------------
                                              0.023075   data required time
                                             -0.966815   data arrival time
---------------------------------------------------------------------------------------------
                                              0.943740   slack (MET)


Startpoint: _1375_ (rising edge-triggered flip-flop clocked by signal_clock)
Endpoint: _1375_ (rising edge-triggered flip-flop clocked by signal_clock)
Path Group: signal_clock
Path Type: min

Fanout         Cap        Slew       Delay        Time   Description
---------------------------------------------------------------------------------------------
                      0.000000    0.000000    0.000000   clock signal_clock (rise edge)
                                  0.000000    0.000000   clock network delay (ideal)
                      0.000000    0.000000    0.000000 ^ _1375_/CLK (gf180mcu_fd_sc_mcu7t5v0__dffq_1)
     6    0.028782    0.329796    0.789284    0.789284 v _1375_/Q (gf180mcu_fd_sc_mcu7t5v0__dffq_1)
                                                         measurement_state_machine[12] (net)
                      0.329796    0.000000    0.789284 v _1020_/A1 (gf180mcu_fd_sc_mcu7t5v0__aoi21_1)
     1    0.002389    0.205182    0.207300    0.996584 ^ _1020_/ZN (gf180mcu_fd_sc_mcu7t5v0__aoi21_1)
                                                         _0106_ (net)
                      0.205182    0.000000    0.996584 ^ _1375_/D (gf180mcu_fd_sc_mcu7t5v0__dffq_1)
                                              0.996584   data arrival time

                      0.000000    0.000000    0.000000   clock signal_clock (rise edge)
                                  0.000000    0.000000   clock network delay (ideal)
                                  0.000000    0.000000   clock reconvergence pessimism
                                              0.000000 ^ _1375_/CLK (gf180mcu_fd_sc_mcu7t5v0__dffq_1)
                                  0.022941    0.022941   library hold time
                                              0.022941   data required time
---------------------------------------------------------------------------------------------
                                              0.022941   data required time
                                             -0.996584   data arrival time
---------------------------------------------------------------------------------------------
                                              0.973643   slack (MET)


Startpoint: _1370_ (rising edge-triggered flip-flop clocked by signal_clock)
Endpoint: _1370_ (rising edge-triggered flip-flop clocked by signal_clock)
Path Group: signal_clock
Path Type: min

Fanout         Cap        Slew       Delay        Time   Description
---------------------------------------------------------------------------------------------
                      0.000000    0.000000    0.000000   clock signal_clock (rise edge)
                                  0.000000    0.000000   clock network delay (ideal)
                      0.000000    0.000000    0.000000 ^ _1370_/CLK (gf180mcu_fd_sc_mcu7t5v0__dffq_1)
     6    0.028981    0.331617    0.790497    0.790497 v _1370_/Q (gf180mcu_fd_sc_mcu7t5v0__dffq_1)
                                                         measurement_state_machine[7] (net)
                      0.331617    0.000000    0.790497 v _1006_/A1 (gf180mcu_fd_sc_mcu7t5v0__aoi21_1)
     1    0.002389    0.205307    0.207795    0.998292 ^ _1006_/ZN (gf180mcu_fd_sc_mcu7t5v0__aoi21_1)
                                                         _0101_ (net)
                      0.205307    0.000000    0.998292 ^ _1370_/D (gf180mcu_fd_sc_mcu7t5v0__dffq_1)
                                              0.998292   data arrival time

                      0.000000    0.000000    0.000000   clock signal_clock (rise edge)
                                  0.000000    0.000000   clock network delay (ideal)
                                  0.000000    0.000000   clock reconvergence pessimism
                                              0.000000 ^ _1370_/CLK (gf180mcu_fd_sc_mcu7t5v0__dffq_1)
                                  0.022933    0.022933   library hold time
                                              0.022933   data required time
---------------------------------------------------------------------------------------------
                                              0.022933   data required time
                                             -0.998292   data arrival time
---------------------------------------------------------------------------------------------
                                              0.975359   slack (MET)


Startpoint: _1366_ (rising edge-triggered flip-flop clocked by signal_clock)
Endpoint: _1366_ (rising edge-triggered flip-flop clocked by signal_clock)
Path Group: signal_clock
Path Type: min

Fanout         Cap        Slew       Delay        Time   Description
---------------------------------------------------------------------------------------------
                      0.000000    0.000000    0.000000   clock signal_clock (rise edge)
                                  0.000000    0.000000   clock network delay (ideal)
                      0.000000    0.000000    0.000000 ^ _1366_/CLK (gf180mcu_fd_sc_mcu7t5v0__dffq_1)
     7    0.030848    0.348705    0.801876    0.801876 v _1366_/Q (gf180mcu_fd_sc_mcu7t5v0__dffq_1)
                                                         measurement_state_machine[3] (net)
                      0.348705    0.000000    0.801876 v _0996_/A1 (gf180mcu_fd_sc_mcu7t5v0__aoi21_1)
     1    0.002389    0.204809    0.212441    1.014317 ^ _0996_/ZN (gf180mcu_fd_sc_mcu7t5v0__aoi21_1)
                                                         _0097_ (net)
                      0.204809    0.000000    1.014317 ^ _1366_/D (gf180mcu_fd_sc_mcu7t5v0__dffq_1)
                                              1.014317   data arrival time

                      0.000000    0.000000    0.000000   clock signal_clock (rise edge)
                                  0.000000    0.000000   clock network delay (ideal)
                                  0.000000    0.000000   clock reconvergence pessimism
                                              0.000000 ^ _1366_/CLK (gf180mcu_fd_sc_mcu7t5v0__dffq_1)
                                  0.022965    0.022965   library hold time
                                              0.022965   data required time
---------------------------------------------------------------------------------------------
                                              0.022965   data required time
                                             -1.014317   data arrival time
---------------------------------------------------------------------------------------------
                                              0.991352   slack (MET)


Startpoint: _1377_ (rising edge-triggered flip-flop clocked by signal_clock)
Endpoint: _1377_ (rising edge-triggered flip-flop clocked by signal_clock)
Path Group: signal_clock
Path Type: min

Fanout         Cap        Slew       Delay        Time   Description
---------------------------------------------------------------------------------------------
                      0.000000    0.000000    0.000000   clock signal_clock (rise edge)
                                  0.000000    0.000000   clock network delay (ideal)
                      0.000000    0.000000    0.000000 ^ _1377_/CLK (gf180mcu_fd_sc_mcu7t5v0__dffq_1)
     4    0.018871    0.239337    0.728520    0.728520 v _1377_/Q (gf180mcu_fd_sc_mcu7t5v0__dffq_1)
                                                         measurement_state_machine[14] (net)
                      0.239337    0.000000    0.728520 v _1025_/A1 (gf180mcu_fd_sc_mcu7t5v0__oai21_1)
     1    0.004243    0.273702    0.222491    0.951011 ^ _1025_/ZN (gf180mcu_fd_sc_mcu7t5v0__oai21_1)
                                                         _0438_ (net)
                      0.273702    0.000000    0.951011 ^ _1026_/A2 (gf180mcu_fd_sc_mcu7t5v0__nor2_1)
     1    0.002389    0.127049    0.125294    1.076305 v _1026_/ZN (gf180mcu_fd_sc_mcu7t5v0__nor2_1)
                                                         _0108_ (net)
                      0.127049    0.000000    1.076305 v _1377_/D (gf180mcu_fd_sc_mcu7t5v0__dffq_1)
                                              1.076305   data arrival time

                      0.000000    0.000000    0.000000   clock signal_clock (rise edge)
                                  0.000000    0.000000   clock network delay (ideal)
                                  0.000000    0.000000   clock reconvergence pessimism
                                              0.000000 ^ _1377_/CLK (gf180mcu_fd_sc_mcu7t5v0__dffq_1)
                                  0.059697    0.059697   library hold time
                                              0.059697   data required time
---------------------------------------------------------------------------------------------
                                              0.059697   data required time
                                             -1.076305   data arrival time
---------------------------------------------------------------------------------------------
                                              1.016607   slack (MET)


Startpoint: _1376_ (rising edge-triggered flip-flop clocked by signal_clock)
Endpoint: _1376_ (rising edge-triggered flip-flop clocked by signal_clock)
Path Group: signal_clock
Path Type: min

Fanout         Cap        Slew       Delay        Time   Description
---------------------------------------------------------------------------------------------
                      0.000000    0.000000    0.000000   clock signal_clock (rise edge)
                                  0.000000    0.000000   clock network delay (ideal)
                      0.000000    0.000000    0.000000 ^ _1376_/CLK (gf180mcu_fd_sc_mcu7t5v0__dffq_1)
     4    0.018021    0.231931    0.722816    0.722816 v _1376_/Q (gf180mcu_fd_sc_mcu7t5v0__dffq_1)
                                                         measurement_state_machine[13] (net)
                      0.231931    0.000000    0.722816 v _1021_/B (gf180mcu_fd_sc_mcu7t5v0__aoi21_1)
     1    0.003979    0.239891    0.201331    0.924148 ^ _1021_/ZN (gf180mcu_fd_sc_mcu7t5v0__aoi21_1)
                                                         _0435_ (net)
                      0.239891    0.000000    0.924148 ^ _1023_/A2 (gf180mcu_fd_sc_mcu7t5v0__nor3_1)
     1    0.002389    0.162432    0.147226    1.071374 v _1023_/ZN (gf180mcu_fd_sc_mcu7t5v0__nor3_1)
                                                         _0107_ (net)
                      0.162432    0.000000    1.071374 v _1376_/D (gf180mcu_fd_sc_mcu7t5v0__dffq_1)
                                              1.071374   data arrival time

                      0.000000    0.000000    0.000000   clock signal_clock (rise edge)
                                  0.000000    0.000000   clock network delay (ideal)
                                  0.000000    0.000000   clock reconvergence pessimism
                                              0.000000 ^ _1376_/CLK (gf180mcu_fd_sc_mcu7t5v0__dffq_1)
                                  0.051864    0.051864   library hold time
                                              0.051864   data required time
---------------------------------------------------------------------------------------------
                                              0.051864   data required time
                                             -1.071374   data arrival time
---------------------------------------------------------------------------------------------
                                              1.019510   slack (MET)


Startpoint: _1371_ (rising edge-triggered flip-flop clocked by signal_clock)
Endpoint: _1371_ (rising edge-triggered flip-flop clocked by signal_clock)
Path Group: signal_clock
Path Type: min

Fanout         Cap        Slew       Delay        Time   Description
---------------------------------------------------------------------------------------------
                      0.000000    0.000000    0.000000   clock signal_clock (rise edge)
                                  0.000000    0.000000   clock network delay (ideal)
                      0.000000    0.000000    0.000000 ^ _1371_/CLK (gf180mcu_fd_sc_mcu7t5v0__dffq_1)
     4    0.018157    0.233116    0.723729    0.723729 v _1371_/Q (gf180mcu_fd_sc_mcu7t5v0__dffq_1)
                                                         measurement_state_machine[8] (net)
                      0.233116    0.000000    0.723729 v _1007_/B (gf180mcu_fd_sc_mcu7t5v0__aoi21_1)
     1    0.003979    0.240069    0.201567    0.925296 ^ _1007_/ZN (gf180mcu_fd_sc_mcu7t5v0__aoi21_1)
                                                         _0426_ (net)
                      0.240069    0.000000    0.925296 ^ _1009_/A2 (gf180mcu_fd_sc_mcu7t5v0__nor3_1)
     1    0.002389    0.162477    0.147254    1.072550 v _1009_/ZN (gf180mcu_fd_sc_mcu7t5v0__nor3_1)
                                                         _0102_ (net)
                      0.162477    0.000000    1.072550 v _1371_/D (gf180mcu_fd_sc_mcu7t5v0__dffq_1)
                                              1.072550   data arrival time

                      0.000000    0.000000    0.000000   clock signal_clock (rise edge)
                                  0.000000    0.000000   clock network delay (ideal)
                                  0.000000    0.000000   clock reconvergence pessimism
                                              0.000000 ^ _1371_/CLK (gf180mcu_fd_sc_mcu7t5v0__dffq_1)
                                  0.051853    0.051853   library hold time
                                              0.051853   data required time
---------------------------------------------------------------------------------------------
                                              0.051853   data required time
                                             -1.072550   data arrival time
---------------------------------------------------------------------------------------------
                                              1.020697   slack (MET)


Startpoint: _1374_ (rising edge-triggered flip-flop clocked by signal_clock)
Endpoint: _1374_ (rising edge-triggered flip-flop clocked by signal_clock)
Path Group: signal_clock
Path Type: min

Fanout         Cap        Slew       Delay        Time   Description
---------------------------------------------------------------------------------------------
                      0.000000    0.000000    0.000000   clock signal_clock (rise edge)
                                  0.000000    0.000000   clock network delay (ideal)
                      0.000000    0.000000    0.000000 ^ _1374_/CLK (gf180mcu_fd_sc_mcu7t5v0__dffq_1)
     4    0.019416    0.244085    0.732177    0.732177 v _1374_/Q (gf180mcu_fd_sc_mcu7t5v0__dffq_1)
                                                         measurement_state_machine[11] (net)
                      0.244085    0.000000    0.732177 v _1017_/A1 (gf180mcu_fd_sc_mcu7t5v0__oai21_1)
     1    0.004243    0.269293    0.223900    0.956077 ^ _1017_/ZN (gf180mcu_fd_sc_mcu7t5v0__oai21_1)
                                                         _0433_ (net)
                      0.269293    0.000000    0.956077 ^ _1018_/A2 (gf180mcu_fd_sc_mcu7t5v0__nor2_1)
     1    0.002389    0.148306    0.124749    1.080826 v _1018_/ZN (gf180mcu_fd_sc_mcu7t5v0__nor2_1)
                                                         _0105_ (net)
                      0.148306    0.000000    1.080826 v _1374_/D (gf180mcu_fd_sc_mcu7t5v0__dffq_1)
                                              1.080826   data arrival time

                      0.000000    0.000000    0.000000   clock signal_clock (rise edge)
                                  0.000000    0.000000   clock network delay (ideal)
                                  0.000000    0.000000   clock reconvergence pessimism
                                              0.000000 ^ _1374_/CLK (gf180mcu_fd_sc_mcu7t5v0__dffq_1)
                                  0.055498    0.055498   library hold time
                                              0.055498   data required time
---------------------------------------------------------------------------------------------
                                              0.055498   data required time
                                             -1.080826   data arrival time
---------------------------------------------------------------------------------------------
                                              1.025328   slack (MET)


Startpoint: _1362_ (rising edge-triggered flip-flop clocked by signal_clock)
Endpoint: _1362_ (rising edge-triggered flip-flop clocked by signal_clock)
Path Group: signal_clock
Path Type: min

Fanout         Cap        Slew       Delay        Time   Description
---------------------------------------------------------------------------------------------
                      0.000000    0.000000    0.000000   clock signal_clock (rise edge)
                                  0.000000    0.000000   clock network delay (ideal)
                      0.000000    0.000000    0.000000 ^ _1362_/CLK (gf180mcu_fd_sc_mcu7t5v0__dffq_1)
     4    0.017601    0.228272    0.719998    0.719998 v _1362_/Q (gf180mcu_fd_sc_mcu7t5v0__dffq_1)
                                                         measurement_pulse_done_internal_flag (net)
                      0.228272    0.000000    0.719998 v _0660_/I (gf180mcu_fd_sc_mcu7t5v0__clkinv_1)
     5    0.017978    0.347239    0.260564    0.980562 ^ _0660_/ZN (gf180mcu_fd_sc_mcu7t5v0__clkinv_1)
                                                         _0181_ (net)
                      0.347239    0.000000    0.980562 ^ _0982_/A1 (gf180mcu_fd_sc_mcu7t5v0__aoi21_1)
     1    0.002389    0.112455    0.107250    1.087812 v _0982_/ZN (gf180mcu_fd_sc_mcu7t5v0__aoi21_1)
                                                         _0093_ (net)
                      0.112455    0.000000    1.087812 v _1362_/D (gf180mcu_fd_sc_mcu7t5v0__dffq_1)
                                              1.087812   data arrival time

                      0.000000    0.000000    0.000000   clock signal_clock (rise edge)
                                  0.000000    0.000000   clock network delay (ideal)
                                  0.000000    0.000000   clock reconvergence pessimism
                                              0.000000 ^ _1362_/CLK (gf180mcu_fd_sc_mcu7t5v0__dffq_1)
                                  0.062353    0.062353   library hold time
                                              0.062353   data required time
---------------------------------------------------------------------------------------------
                                              0.062353   data required time
                                             -1.087812   data arrival time
---------------------------------------------------------------------------------------------
                                              1.025459   slack (MET)


Startpoint: _1364_ (rising edge-triggered flip-flop clocked by signal_clock)
Endpoint: _1364_ (rising edge-triggered flip-flop clocked by signal_clock)
Path Group: signal_clock
Path Type: min

Fanout         Cap        Slew       Delay        Time   Description
---------------------------------------------------------------------------------------------
                      0.000000    0.000000    0.000000   clock signal_clock (rise edge)
                                  0.000000    0.000000   clock network delay (ideal)
                      0.000000    0.000000    0.000000 ^ _1364_/CLK (gf180mcu_fd_sc_mcu7t5v0__dffq_1)
     4    0.018710    0.237934    0.727440    0.727440 v _1364_/Q (gf180mcu_fd_sc_mcu7t5v0__dffq_1)
                                                         measurement_state_machine[1] (net)
                      0.237934    0.000000    0.727440 v _0990_/A1 (gf180mcu_fd_sc_mcu7t5v0__nor2_1)
     1    0.004090    0.241156    0.198458    0.925898 ^ _0990_/ZN (gf180mcu_fd_sc_mcu7t5v0__nor2_1)
                                                         _0416_ (net)
                      0.241156    0.000000    0.925898 ^ _0991_/A3 (gf180mcu_fd_sc_mcu7t5v0__nor3_1)
     1    0.002389    0.187372    0.158808    1.084706 v _0991_/ZN (gf180mcu_fd_sc_mcu7t5v0__nor3_1)
                                                         _0095_ (net)
                      0.187372    0.000000    1.084706 v _1364_/D (gf180mcu_fd_sc_mcu7t5v0__dffq_1)
                                              1.084706   data arrival time

                      0.000000    0.000000    0.000000   clock signal_clock (rise edge)
                                  0.000000    0.000000   clock network delay (ideal)
                                  0.000000    0.000000   clock reconvergence pessimism
                                              0.000000 ^ _1364_/CLK (gf180mcu_fd_sc_mcu7t5v0__dffq_1)
                                  0.045448    0.045448   library hold time
                                              0.045448   data required time
---------------------------------------------------------------------------------------------
                                              0.045448   data required time
                                             -1.084706   data arrival time
---------------------------------------------------------------------------------------------
                                              1.039258   slack (MET)


Startpoint: _1369_ (rising edge-triggered flip-flop clocked by signal_clock)
Endpoint: _1369_ (rising edge-triggered flip-flop clocked by signal_clock)
Path Group: signal_clock
Path Type: min

Fanout         Cap        Slew       Delay        Time   Description
---------------------------------------------------------------------------------------------
                      0.000000    0.000000    0.000000   clock signal_clock (rise edge)
                                  0.000000    0.000000   clock network delay (ideal)
                      0.000000    0.000000    0.000000 ^ _1369_/CLK (gf180mcu_fd_sc_mcu7t5v0__dffq_1)
     4    0.017981    0.231583    0.722548    0.722548 v _1369_/Q (gf180mcu_fd_sc_mcu7t5v0__dffq_1)
                                                         measurement_state_machine[6] (net)
                      0.231583    0.000000    0.722548 v _1003_/B (gf180mcu_fd_sc_mcu7t5v0__aoi21_1)
     1    0.004090    0.242029    0.202781    0.925329 ^ _1003_/ZN (gf180mcu_fd_sc_mcu7t5v0__aoi21_1)
                                                         _0424_ (net)
                      0.242029    0.000000    0.925329 ^ _1004_/A3 (gf180mcu_fd_sc_mcu7t5v0__nor3_1)
     1    0.002389    0.189438    0.158968    1.084296 v _1004_/ZN (gf180mcu_fd_sc_mcu7t5v0__nor3_1)
                                                         _0100_ (net)
                      0.189438    0.000000    1.084296 v _1369_/D (gf180mcu_fd_sc_mcu7t5v0__dffq_1)
                                              1.084296   data arrival time

                      0.000000    0.000000    0.000000   clock signal_clock (rise edge)
                                  0.000000    0.000000   clock network delay (ideal)
                                  0.000000    0.000000   clock reconvergence pessimism
                                              0.000000 ^ _1369_/CLK (gf180mcu_fd_sc_mcu7t5v0__dffq_1)
                                  0.044917    0.044917   library hold time
                                              0.044917   data required time
---------------------------------------------------------------------------------------------
                                              0.044917   data required time
                                             -1.084296   data arrival time
---------------------------------------------------------------------------------------------
                                              1.039379   slack (MET)


Startpoint: _1367_ (rising edge-triggered flip-flop clocked by signal_clock)
Endpoint: _1367_ (rising edge-triggered flip-flop clocked by signal_clock)
Path Group: signal_clock
Path Type: min

Fanout         Cap        Slew       Delay        Time   Description
---------------------------------------------------------------------------------------------
                      0.000000    0.000000    0.000000   clock signal_clock (rise edge)
                                  0.000000    0.000000   clock network delay (ideal)
                      0.000000    0.000000    0.000000 ^ _1367_/CLK (gf180mcu_fd_sc_mcu7t5v0__dffq_1)
     4    0.018356    0.234850    0.725064    0.725064 v _1367_/Q (gf180mcu_fd_sc_mcu7t5v0__dffq_1)
                                                         measurement_state_machine[4] (net)
                      0.234850    0.000000    0.725064 v _0998_/B (gf180mcu_fd_sc_mcu7t5v0__aoi21_1)
     1    0.004090    0.242514    0.203433    0.928497 ^ _0998_/ZN (gf180mcu_fd_sc_mcu7t5v0__aoi21_1)
                                                         _0421_ (net)
                      0.242514    0.000000    0.928497 ^ _0999_/A3 (gf180mcu_fd_sc_mcu7t5v0__nor3_1)
     1    0.002389    0.189564    0.159056    1.087554 v _0999_/ZN (gf180mcu_fd_sc_mcu7t5v0__nor3_1)
                                                         _0098_ (net)
                      0.189564    0.000000    1.087554 v _1367_/D (gf180mcu_fd_sc_mcu7t5v0__dffq_1)
                                              1.087554   data arrival time

                      0.000000    0.000000    0.000000   clock signal_clock (rise edge)
                                  0.000000    0.000000   clock network delay (ideal)
                                  0.000000    0.000000   clock reconvergence pessimism
                                              0.000000 ^ _1367_/CLK (gf180mcu_fd_sc_mcu7t5v0__dffq_1)
                                  0.044885    0.044885   library hold time
                                              0.044885   data required time
---------------------------------------------------------------------------------------------
                                              0.044885   data required time
                                             -1.087554   data arrival time
---------------------------------------------------------------------------------------------
                                              1.042669   slack (MET)


Startpoint: _1373_ (rising edge-triggered flip-flop clocked by signal_clock)
Endpoint: _1373_ (rising edge-triggered flip-flop clocked by signal_clock)
Path Group: signal_clock
Path Type: min

Fanout         Cap        Slew       Delay        Time   Description
---------------------------------------------------------------------------------------------
                      0.000000    0.000000    0.000000   clock signal_clock (rise edge)
                                  0.000000    0.000000   clock network delay (ideal)
                      0.000000    0.000000    0.000000 ^ _1373_/CLK (gf180mcu_fd_sc_mcu7t5v0__dffq_1)
     5    0.021423    0.262440    0.744431    0.744431 v _1373_/Q (gf180mcu_fd_sc_mcu7t5v0__dffq_1)
                                                         measurement_state_machine[10] (net)
                      0.262440    0.000000    0.744431 v _1013_/A1 (gf180mcu_fd_sc_mcu7t5v0__nor2_1)
     1    0.003979    0.240834    0.203888    0.948318 ^ _1013_/ZN (gf180mcu_fd_sc_mcu7t5v0__nor2_1)
                                                         _0430_ (net)
                      0.240834    0.000000    0.948318 ^ _1015_/A2 (gf180mcu_fd_sc_mcu7t5v0__nor3_1)
     1    0.002389    0.162666    0.147371    1.095689 v _1015_/ZN (gf180mcu_fd_sc_mcu7t5v0__nor3_1)
                                                         _0104_ (net)
                      0.162666    0.000000    1.095689 v _1373_/D (gf180mcu_fd_sc_mcu7t5v0__dffq_1)
                                              1.095689   data arrival time

                      0.000000    0.000000    0.000000   clock signal_clock (rise edge)
                                  0.000000    0.000000   clock network delay (ideal)
                                  0.000000    0.000000   clock reconvergence pessimism
                                              0.000000 ^ _1373_/CLK (gf180mcu_fd_sc_mcu7t5v0__dffq_1)
                                  0.051804    0.051804   library hold time
                                              0.051804   data required time
---------------------------------------------------------------------------------------------
                                              0.051804   data required time
                                             -1.095689   data arrival time
---------------------------------------------------------------------------------------------
                                              1.043885   slack (MET)


Startpoint: _1372_ (rising edge-triggered flip-flop clocked by signal_clock)
Endpoint: _1372_ (rising edge-triggered flip-flop clocked by signal_clock)
Path Group: signal_clock
Path Type: min

Fanout         Cap        Slew       Delay        Time   Description
---------------------------------------------------------------------------------------------
                      0.000000    0.000000    0.000000   clock signal_clock (rise edge)
                                  0.000000    0.000000   clock network delay (ideal)
                      0.000000    0.000000    0.000000 ^ _1372_/CLK (gf180mcu_fd_sc_mcu7t5v0__dffq_1)
     5    0.021440    0.262596    0.744534    0.744534 v _1372_/Q (gf180mcu_fd_sc_mcu7t5v0__dffq_1)
                                                         measurement_state_machine[9] (net)
                      0.262596    0.000000    0.744534 v _1010_/A1 (gf180mcu_fd_sc_mcu7t5v0__nor2_1)
     1    0.003979    0.246294    0.203934    0.948468 ^ _1010_/ZN (gf180mcu_fd_sc_mcu7t5v0__nor2_1)
                                                         _0428_ (net)
                      0.246294    0.000000    0.948468 ^ _1012_/A2 (gf180mcu_fd_sc_mcu7t5v0__nor3_1)
     1    0.002389    0.164020    0.148208    1.096676 v _1012_/ZN (gf180mcu_fd_sc_mcu7t5v0__nor3_1)
                                                         _0103_ (net)
                      0.164020    0.000000    1.096676 v _1372_/D (gf180mcu_fd_sc_mcu7t5v0__dffq_1)
                                              1.096676   data arrival time

                      0.000000    0.000000    0.000000   clock signal_clock (rise edge)
                                  0.000000    0.000000   clock network delay (ideal)
                                  0.000000    0.000000   clock reconvergence pessimism
                                              0.000000 ^ _1372_/CLK (gf180mcu_fd_sc_mcu7t5v0__dffq_1)
                                  0.051456    0.051456   library hold time
                                              0.051456   data required time
---------------------------------------------------------------------------------------------
                                              0.051456   data required time
                                             -1.096676   data arrival time
---------------------------------------------------------------------------------------------
                                              1.045220   slack (MET)


Startpoint: _1363_ (rising edge-triggered flip-flop clocked by signal_clock)
Endpoint: _1363_ (rising edge-triggered flip-flop clocked by signal_clock)
Path Group: signal_clock
Path Type: min

Fanout         Cap        Slew       Delay        Time   Description
---------------------------------------------------------------------------------------------
                      0.000000    0.000000    0.000000   clock signal_clock (rise edge)
                                  0.000000    0.000000   clock network delay (ideal)
                      0.000000    0.000000    0.000000 ^ _1363_/CLK (gf180mcu_fd_sc_mcu7t5v0__dffq_1)
     5    0.021105    0.259529    0.742492    0.742492 v _1363_/Q (gf180mcu_fd_sc_mcu7t5v0__dffq_1)
                                                         measurement_state_machine[0] (net)
                      0.259529    0.000000    0.742492 v _0984_/B (gf180mcu_fd_sc_mcu7t5v0__aoi21_1)
     1    0.003979    0.244042    0.206824    0.949316 ^ _0984_/ZN (gf180mcu_fd_sc_mcu7t5v0__aoi21_1)
                                                         _0411_ (net)
                      0.244042    0.000000    0.949316 ^ _0986_/A2 (gf180mcu_fd_sc_mcu7t5v0__nor3_1)
     1    0.002389    0.163462    0.147863    1.097179 v _0986_/ZN (gf180mcu_fd_sc_mcu7t5v0__nor3_1)
                                                         _0094_ (net)
                      0.163462    0.000000    1.097179 v _1363_/D (gf180mcu_fd_sc_mcu7t5v0__dffq_1)
                                              1.097179   data arrival time

                      0.000000    0.000000    0.000000   clock signal_clock (rise edge)
                                  0.000000    0.000000   clock network delay (ideal)
                                  0.000000    0.000000   clock reconvergence pessimism
                                              0.000000 ^ _1363_/CLK (gf180mcu_fd_sc_mcu7t5v0__dffq_1)
                                  0.051599    0.051599   library hold time
                                              0.051599   data required time
---------------------------------------------------------------------------------------------
                                              0.051599   data required time
                                             -1.097179   data arrival time
---------------------------------------------------------------------------------------------
                                              1.045580   slack (MET)


Startpoint: _1365_ (rising edge-triggered flip-flop clocked by signal_clock)
Endpoint: _1365_ (rising edge-triggered flip-flop clocked by signal_clock)
Path Group: signal_clock
Path Type: min

Fanout         Cap        Slew       Delay        Time   Description
---------------------------------------------------------------------------------------------
                      0.000000    0.000000    0.000000   clock signal_clock (rise edge)
                                  0.000000    0.000000   clock network delay (ideal)
                      0.000000    0.000000    0.000000 ^ _1365_/CLK (gf180mcu_fd_sc_mcu7t5v0__dffq_1)
     5    0.021352    0.261790    0.743998    0.743998 v _1365_/Q (gf180mcu_fd_sc_mcu7t5v0__dffq_1)
                                                         measurement_state_machine[2] (net)
                      0.261790    0.000000    0.743998 v _0993_/A1 (gf180mcu_fd_sc_mcu7t5v0__nor2_1)
     1    0.004090    0.248471    0.205592    0.949590 ^ _0993_/ZN (gf180mcu_fd_sc_mcu7t5v0__nor2_1)
                                                         _0418_ (net)
                      0.248471    0.000000    0.949590 ^ _0994_/A3 (gf180mcu_fd_sc_mcu7t5v0__nor3_1)
     1    0.002389    0.191110    0.160146    1.109736 v _0994_/ZN (gf180mcu_fd_sc_mcu7t5v0__nor3_1)
                                                         _0096_ (net)
                      0.191110    0.000000    1.109736 v _1365_/D (gf180mcu_fd_sc_mcu7t5v0__dffq_1)
                                              1.109736   data arrival time

                      0.000000    0.000000    0.000000   clock signal_clock (rise edge)
                                  0.000000    0.000000   clock network delay (ideal)
                                  0.000000    0.000000   clock reconvergence pessimism
                                              0.000000 ^ _1365_/CLK (gf180mcu_fd_sc_mcu7t5v0__dffq_1)
                                  0.044487    0.044487   library hold time
                                              0.044487   data required time
---------------------------------------------------------------------------------------------
                                              0.044487   data required time
                                             -1.109736   data arrival time
---------------------------------------------------------------------------------------------
                                              1.065249   slack (MET)


Startpoint: signal_input (input port clocked by system_clock)
Endpoint: _1453_ (rising edge-triggered flip-flop clocked by system_clock)
Path Group: system_clock
Path Type: min

Fanout         Cap        Slew       Delay        Time   Description
---------------------------------------------------------------------------------------------
                      0.000000    0.000000    0.000000   clock system_clock (rise edge)
                                  0.000000    0.000000   clock network delay (ideal)
                                 20.000000   20.000000 v input external delay
    19    0.061806    0.000000    0.000000   20.000000 v signal_input (in)
                                                         signal_input (net)
                      0.000000    0.000000   20.000000 v _1453_/D (gf180mcu_fd_sc_mcu7t5v0__dffq_1)
                                             20.000000   data arrival time

                      0.000000    0.000000    0.000000   clock system_clock (rise edge)
                                  0.000000    0.000000   clock network delay (ideal)
                                  0.500000    0.500000   clock uncertainty
                                  0.000000    0.500000   clock reconvergence pessimism
                                              0.500000 ^ _1453_/CLK (gf180mcu_fd_sc_mcu7t5v0__dffq_1)
                                  0.090835    0.590835   library hold time
                                              0.590835   data required time
---------------------------------------------------------------------------------------------
                                              0.590835   data required time
                                            -20.000000   data arrival time
---------------------------------------------------------------------------------------------
                                             19.409166   slack (MET)


Startpoint: _1405_ (rising edge-triggered flip-flop clocked by system_clock)
Endpoint: trigger_signal_out (output port clocked by system_clock)
Path Group: system_clock
Path Type: min

Fanout         Cap        Slew       Delay        Time   Description
---------------------------------------------------------------------------------------------
                      0.000000    0.000000    0.000000   clock system_clock (rise edge)
                                  0.000000    0.000000   clock network delay (ideal)
                      0.000000    0.000000    0.000000 ^ _1405_/CLK (gf180mcu_fd_sc_mcu7t5v0__dffq_1)
     1    0.000000    0.067843    0.586751    0.586751 v _1405_/Q (gf180mcu_fd_sc_mcu7t5v0__dffq_1)
                                                         trigger_signal_out (net)
                      0.067843    0.000000    0.586751 v trigger_signal_out (out)
                                              0.586751   data arrival time

                      0.000000    0.000000    0.000000   clock system_clock (rise edge)
                                  0.000000    0.000000   clock network delay (ideal)
                                  0.500000    0.500000   clock uncertainty
                                  0.000000    0.500000   clock reconvergence pessimism
                                -20.000000  -19.500000   output external delay
                                            -19.500000   data required time
---------------------------------------------------------------------------------------------
                                            -19.500000   data required time
                                             -0.586751   data arrival time
---------------------------------------------------------------------------------------------
                                             20.086750   slack (MET)


Startpoint: _1420_ (rising edge-triggered flip-flop clocked by system_clock)
Endpoint: DAT_O[7] (output port clocked by system_clock)
Path Group: system_clock
Path Type: min

Fanout         Cap        Slew       Delay        Time   Description
---------------------------------------------------------------------------------------------
                      0.000000    0.000000    0.000000   clock system_clock (rise edge)
                                  0.000000    0.000000   clock network delay (ideal)
                      0.000000    0.000000    0.000000 ^ _1420_/CLK (gf180mcu_fd_sc_mcu7t5v0__dffq_1)
     2    0.004804    0.115012    0.629358    0.629358 v _1420_/Q (gf180mcu_fd_sc_mcu7t5v0__dffq_1)
                                                         DAT_O[7] (net)
                      0.115012    0.000000    0.629358 v DAT_O[7] (out)
                                              0.629358   data arrival time

                      0.000000    0.000000    0.000000   clock system_clock (rise edge)
                                  0.000000    0.000000   clock network delay (ideal)
                                  0.500000    0.500000   clock uncertainty
                                  0.000000    0.500000   clock reconvergence pessimism
                                -20.000000  -19.500000   output external delay
                                            -19.500000   data required time
---------------------------------------------------------------------------------------------
                                            -19.500000   data required time
                                             -0.629358   data arrival time
---------------------------------------------------------------------------------------------
                                             20.129358   slack (MET)


Startpoint: _1413_ (rising edge-triggered flip-flop clocked by system_clock)
Endpoint: DAT_O[0] (output port clocked by system_clock)
Path Group: system_clock
Path Type: min

Fanout         Cap        Slew       Delay        Time   Description
---------------------------------------------------------------------------------------------
                      0.000000    0.000000    0.000000   clock system_clock (rise edge)
                                  0.000000    0.000000   clock network delay (ideal)
                      0.000000    0.000000    0.000000 ^ _1413_/CLK (gf180mcu_fd_sc_mcu7t5v0__dffq_1)
     2    0.004949    0.116346    0.630522    0.630522 v _1413_/Q (gf180mcu_fd_sc_mcu7t5v0__dffq_1)
                                                         DAT_O[0] (net)
                      0.116346    0.000000    0.630522 v DAT_O[0] (out)
                                              0.630522   data arrival time

                      0.000000    0.000000    0.000000   clock system_clock (rise edge)
                                  0.000000    0.000000   clock network delay (ideal)
                                  0.500000    0.500000   clock uncertainty
                                  0.000000    0.500000   clock reconvergence pessimism
                                -20.000000  -19.500000   output external delay
                                            -19.500000   data required time
---------------------------------------------------------------------------------------------
                                            -19.500000   data required time
                                             -0.630522   data arrival time
---------------------------------------------------------------------------------------------
                                             20.130522   slack (MET)


Startpoint: _1414_ (rising edge-triggered flip-flop clocked by system_clock)
Endpoint: DAT_O[1] (output port clocked by system_clock)
Path Group: system_clock
Path Type: min

Fanout         Cap        Slew       Delay        Time   Description
---------------------------------------------------------------------------------------------
                      0.000000    0.000000    0.000000   clock system_clock (rise edge)
                                  0.000000    0.000000   clock network delay (ideal)
                      0.000000    0.000000    0.000000 ^ _1414_/CLK (gf180mcu_fd_sc_mcu7t5v0__dffq_1)
     2    0.004949    0.116346    0.630522    0.630522 v _1414_/Q (gf180mcu_fd_sc_mcu7t5v0__dffq_1)
                                                         DAT_O[1] (net)
                      0.116346    0.000000    0.630522 v DAT_O[1] (out)
                                              0.630522   data arrival time

                      0.000000    0.000000    0.000000   clock system_clock (rise edge)
                                  0.000000    0.000000   clock network delay (ideal)
                                  0.500000    0.500000   clock uncertainty
                                  0.000000    0.500000   clock reconvergence pessimism
                                -20.000000  -19.500000   output external delay
                                            -19.500000   data required time
---------------------------------------------------------------------------------------------
                                            -19.500000   data required time
                                             -0.630522   data arrival time
---------------------------------------------------------------------------------------------
                                             20.130522   slack (MET)


Startpoint: _1415_ (rising edge-triggered flip-flop clocked by system_clock)
Endpoint: DAT_O[2] (output port clocked by system_clock)
Path Group: system_clock
Path Type: min

Fanout         Cap        Slew       Delay        Time   Description
---------------------------------------------------------------------------------------------
                      0.000000    0.000000    0.000000   clock system_clock (rise edge)
                                  0.000000    0.000000   clock network delay (ideal)
                      0.000000    0.000000    0.000000 ^ _1415_/CLK (gf180mcu_fd_sc_mcu7t5v0__dffq_1)
     2    0.004949    0.116346    0.630522    0.630522 v _1415_/Q (gf180mcu_fd_sc_mcu7t5v0__dffq_1)
                                                         DAT_O[2] (net)
                      0.116346    0.000000    0.630522 v DAT_O[2] (out)
                                              0.630522   data arrival time

                      0.000000    0.000000    0.000000   clock system_clock (rise edge)
                                  0.000000    0.000000   clock network delay (ideal)
                                  0.500000    0.500000   clock uncertainty
                                  0.000000    0.500000   clock reconvergence pessimism
                                -20.000000  -19.500000   output external delay
                                            -19.500000   data required time
---------------------------------------------------------------------------------------------
                                            -19.500000   data required time
                                             -0.630522   data arrival time
---------------------------------------------------------------------------------------------
                                             20.130522   slack (MET)


Startpoint: _1416_ (rising edge-triggered flip-flop clocked by system_clock)
Endpoint: DAT_O[3] (output port clocked by system_clock)
Path Group: system_clock
Path Type: min

Fanout         Cap        Slew       Delay        Time   Description
---------------------------------------------------------------------------------------------
                      0.000000    0.000000    0.000000   clock system_clock (rise edge)
                                  0.000000    0.000000   clock network delay (ideal)
                      0.000000    0.000000    0.000000 ^ _1416_/CLK (gf180mcu_fd_sc_mcu7t5v0__dffq_1)
     2    0.004949    0.116346    0.630522    0.630522 v _1416_/Q (gf180mcu_fd_sc_mcu7t5v0__dffq_1)
                                                         DAT_O[3] (net)
                      0.116346    0.000000    0.630522 v DAT_O[3] (out)
                                              0.630522   data arrival time

                      0.000000    0.000000    0.000000   clock system_clock (rise edge)
                                  0.000000    0.000000   clock network delay (ideal)
                                  0.500000    0.500000   clock uncertainty
                                  0.000000    0.500000   clock reconvergence pessimism
                                -20.000000  -19.500000   output external delay
                                            -19.500000   data required time
---------------------------------------------------------------------------------------------
                                            -19.500000   data required time
                                             -0.630522   data arrival time
---------------------------------------------------------------------------------------------
                                             20.130522   slack (MET)


Startpoint: _1417_ (rising edge-triggered flip-flop clocked by system_clock)
Endpoint: DAT_O[4] (output port clocked by system_clock)
Path Group: system_clock
Path Type: min

Fanout         Cap        Slew       Delay        Time   Description
---------------------------------------------------------------------------------------------
                      0.000000    0.000000    0.000000   clock system_clock (rise edge)
                                  0.000000    0.000000   clock network delay (ideal)
                      0.000000    0.000000    0.000000 ^ _1417_/CLK (gf180mcu_fd_sc_mcu7t5v0__dffq_1)
     2    0.004949    0.116346    0.630522    0.630522 v _1417_/Q (gf180mcu_fd_sc_mcu7t5v0__dffq_1)
                                                         DAT_O[4] (net)
                      0.116346    0.000000    0.630522 v DAT_O[4] (out)
                                              0.630522   data arrival time

                      0.000000    0.000000    0.000000   clock system_clock (rise edge)
                                  0.000000    0.000000   clock network delay (ideal)
                                  0.500000    0.500000   clock uncertainty
                                  0.000000    0.500000   clock reconvergence pessimism
                                -20.000000  -19.500000   output external delay
                                            -19.500000   data required time
---------------------------------------------------------------------------------------------
                                            -19.500000   data required time
                                             -0.630522   data arrival time
---------------------------------------------------------------------------------------------
                                             20.130522   slack (MET)


Startpoint: _1418_ (rising edge-triggered flip-flop clocked by system_clock)
Endpoint: DAT_O[5] (output port clocked by system_clock)
Path Group: system_clock
Path Type: min

Fanout         Cap        Slew       Delay        Time   Description
---------------------------------------------------------------------------------------------
                      0.000000    0.000000    0.000000   clock system_clock (rise edge)
                                  0.000000    0.000000   clock network delay (ideal)
                      0.000000    0.000000    0.000000 ^ _1418_/CLK (gf180mcu_fd_sc_mcu7t5v0__dffq_1)
     2    0.004949    0.116346    0.630522    0.630522 v _1418_/Q (gf180mcu_fd_sc_mcu7t5v0__dffq_1)
                                                         DAT_O[5] (net)
                      0.116346    0.000000    0.630522 v DAT_O[5] (out)
                                              0.630522   data arrival time

                      0.000000    0.000000    0.000000   clock system_clock (rise edge)
                                  0.000000    0.000000   clock network delay (ideal)
                                  0.500000    0.500000   clock uncertainty
                                  0.000000    0.500000   clock reconvergence pessimism
                                -20.000000  -19.500000   output external delay
                                            -19.500000   data required time
---------------------------------------------------------------------------------------------
                                            -19.500000   data required time
                                             -0.630522   data arrival time
---------------------------------------------------------------------------------------------
                                             20.130522   slack (MET)


Startpoint: _1419_ (rising edge-triggered flip-flop clocked by system_clock)
Endpoint: DAT_O[6] (output port clocked by system_clock)
Path Group: system_clock
Path Type: min

Fanout         Cap        Slew       Delay        Time   Description
---------------------------------------------------------------------------------------------
                      0.000000    0.000000    0.000000   clock system_clock (rise edge)
                                  0.000000    0.000000   clock network delay (ideal)
                      0.000000    0.000000    0.000000 ^ _1419_/CLK (gf180mcu_fd_sc_mcu7t5v0__dffq_1)
     2    0.004949    0.116346    0.630522    0.630522 v _1419_/Q (gf180mcu_fd_sc_mcu7t5v0__dffq_1)
                                                         DAT_O[6] (net)
                      0.116346    0.000000    0.630522 v DAT_O[6] (out)
                                              0.630522   data arrival time

                      0.000000    0.000000    0.000000   clock system_clock (rise edge)
                                  0.000000    0.000000   clock network delay (ideal)
                                  0.500000    0.500000   clock uncertainty
                                  0.000000    0.500000   clock reconvergence pessimism
                                -20.000000  -19.500000   output external delay
                                            -19.500000   data required time
---------------------------------------------------------------------------------------------
                                            -19.500000   data required time
                                             -0.630522   data arrival time
---------------------------------------------------------------------------------------------
                                             20.130522   slack (MET)


Startpoint: _1421_ (rising edge-triggered flip-flop clocked by system_clock)
Endpoint: ERR_O (output port clocked by system_clock)
Path Group: system_clock
Path Type: min

Fanout         Cap        Slew       Delay        Time   Description
---------------------------------------------------------------------------------------------
                      0.000000    0.000000    0.000000   clock system_clock (rise edge)
                                  0.000000    0.000000   clock network delay (ideal)
                      0.000000    0.000000    0.000000 ^ _1421_/CLK (gf180mcu_fd_sc_mcu7t5v0__dffq_1)
     4    0.012762    0.186112    0.687527    0.687527 v _1421_/Q (gf180mcu_fd_sc_mcu7t5v0__dffq_1)
                                                         ERR_O (net)
                      0.186112    0.000000    0.687527 v ERR_O (out)
                                              0.687527   data arrival time

                      0.000000    0.000000    0.000000   clock system_clock (rise edge)
                                  0.000000    0.000000   clock network delay (ideal)
                                  0.500000    0.500000   clock uncertainty
                                  0.000000    0.500000   clock reconvergence pessimism
                                -20.000000  -19.500000   output external delay
                                            -19.500000   data required time
---------------------------------------------------------------------------------------------
                                            -19.500000   data required time
                                             -0.687527   data arrival time
---------------------------------------------------------------------------------------------
                                             20.187529   slack (MET)


Startpoint: _1422_ (rising edge-triggered flip-flop clocked by system_clock)
Endpoint: ACK_O (output port clocked by system_clock)
Path Group: system_clock
Path Type: min

Fanout         Cap        Slew       Delay        Time   Description
---------------------------------------------------------------------------------------------
                      0.000000    0.000000    0.000000   clock system_clock (rise edge)
                                  0.000000    0.000000   clock network delay (ideal)
                      0.000000    0.000000    0.000000 ^ _1422_/CLK (gf180mcu_fd_sc_mcu7t5v0__dffq_1)
     4    0.013407    0.191732    0.691856    0.691856 v _1422_/Q (gf180mcu_fd_sc_mcu7t5v0__dffq_1)
                                                         ACK_O (net)
                      0.191732    0.000000    0.691856 v ACK_O (out)
                                              0.691856   data arrival time

                      0.000000    0.000000    0.000000   clock system_clock (rise edge)
                                  0.000000    0.000000   clock network delay (ideal)
                                  0.500000    0.500000   clock uncertainty
                                  0.000000    0.500000   clock reconvergence pessimism
                                -20.000000  -19.500000   output external delay
                                            -19.500000   data required time
---------------------------------------------------------------------------------------------
                                            -19.500000   data required time
                                             -0.691856   data arrival time
---------------------------------------------------------------------------------------------
                                             20.191856   slack (MET)


Startpoint: _1451_ (rising edge-triggered flip-flop clocked by system_clock)
Endpoint: pga_gain_control[1] (output port clocked by system_clock)
Path Group: system_clock
Path Type: min

Fanout         Cap        Slew       Delay        Time   Description
---------------------------------------------------------------------------------------------
                      0.000000    0.000000    0.000000   clock system_clock (rise edge)
                                  0.000000    0.000000   clock network delay (ideal)
                      0.000000    0.000000    0.000000 ^ _1451_/CLK (gf180mcu_fd_sc_mcu7t5v0__dffq_1)
     3    0.011682    0.176703    0.680281    0.680281 v _1451_/Q (gf180mcu_fd_sc_mcu7t5v0__dffq_1)
                                                         afe_config_bypass_control_register[6] (net)
                      0.176703    0.000000    0.680281 v _1459_/I (gf180mcu_fd_sc_mcu7t5v0__buf_1)
     1    0.000000    0.069803    0.221563    0.901843 v _1459_/Z (gf180mcu_fd_sc_mcu7t5v0__buf_1)
                                                         pga_gain_control[1] (net)
                      0.069803    0.000000    0.901843 v pga_gain_control[1] (out)
                                              0.901843   data arrival time

                      0.000000    0.000000    0.000000   clock system_clock (rise edge)
                                  0.000000    0.000000   clock network delay (ideal)
                                  0.500000    0.500000   clock uncertainty
                                  0.000000    0.500000   clock reconvergence pessimism
                                -20.000000  -19.500000   output external delay
                                            -19.500000   data required time
---------------------------------------------------------------------------------------------
                                            -19.500000   data required time
                                             -0.901843   data arrival time
---------------------------------------------------------------------------------------------
                                             20.401844   slack (MET)


Startpoint: _1449_ (rising edge-triggered flip-flop clocked by system_clock)
Endpoint: bypass_pin_control[2] (output port clocked by system_clock)
Path Group: system_clock
Path Type: min

Fanout         Cap        Slew       Delay        Time   Description
---------------------------------------------------------------------------------------------
                      0.000000    0.000000    0.000000   clock system_clock (rise edge)
                                  0.000000    0.000000   clock network delay (ideal)
                      0.000000    0.000000    0.000000 ^ _1449_/CLK (gf180mcu_fd_sc_mcu7t5v0__dffq_1)
     3    0.011928    0.178846    0.681931    0.681931 v _1449_/Q (gf180mcu_fd_sc_mcu7t5v0__dffq_1)
                                                         afe_config_bypass_control_register[4] (net)
                      0.178846    0.000000    0.681931 v _1457_/I (gf180mcu_fd_sc_mcu7t5v0__buf_1)
     1    0.000000    0.069845    0.222266    0.904197 v _1457_/Z (gf180mcu_fd_sc_mcu7t5v0__buf_1)
                                                         bypass_pin_control[2] (net)
                      0.069845    0.000000    0.904197 v bypass_pin_control[2] (out)
                                              0.904197   data arrival time

                      0.000000    0.000000    0.000000   clock system_clock (rise edge)
                                  0.000000    0.000000   clock network delay (ideal)
                                  0.500000    0.500000   clock uncertainty
                                  0.000000    0.500000   clock reconvergence pessimism
                                -20.000000  -19.500000   output external delay
                                            -19.500000   data required time
---------------------------------------------------------------------------------------------
                                            -19.500000   data required time
                                             -0.904197   data arrival time
---------------------------------------------------------------------------------------------
                                             20.404198   slack (MET)


Startpoint: _1448_ (rising edge-triggered flip-flop clocked by system_clock)
Endpoint: bypass_pin_control[1] (output port clocked by system_clock)
Path Group: system_clock
Path Type: min

Fanout         Cap        Slew       Delay        Time   Description
---------------------------------------------------------------------------------------------
                      0.000000    0.000000    0.000000   clock system_clock (rise edge)
                                  0.000000    0.000000   clock network delay (ideal)
                      0.000000    0.000000    0.000000 ^ _1448_/CLK (gf180mcu_fd_sc_mcu7t5v0__dffq_1)
     3    0.012195    0.181172    0.683723    0.683723 v _1448_/Q (gf180mcu_fd_sc_mcu7t5v0__dffq_1)
                                                         afe_config_bypass_control_register[3] (net)
                      0.181172    0.000000    0.683723 v _1456_/I (gf180mcu_fd_sc_mcu7t5v0__buf_1)
     1    0.000000    0.069891    0.223030    0.906753 v _1456_/Z (gf180mcu_fd_sc_mcu7t5v0__buf_1)
                                                         bypass_pin_control[1] (net)
                      0.069891    0.000000    0.906753 v bypass_pin_control[1] (out)
                                              0.906753   data arrival time

                      0.000000    0.000000    0.000000   clock system_clock (rise edge)
                                  0.000000    0.000000   clock network delay (ideal)
                                  0.500000    0.500000   clock uncertainty
                                  0.000000    0.500000   clock reconvergence pessimism
                                -20.000000  -19.500000   output external delay
                                            -19.500000   data required time
---------------------------------------------------------------------------------------------
                                            -19.500000   data required time
                                             -0.906753   data arrival time
---------------------------------------------------------------------------------------------
                                             20.406752   slack (MET)


Startpoint: _1450_ (rising edge-triggered flip-flop clocked by system_clock)
Endpoint: pga_gain_control[0] (output port clocked by system_clock)
Path Group: system_clock
Path Type: min

Fanout         Cap        Slew       Delay        Time   Description
---------------------------------------------------------------------------------------------
                      0.000000    0.000000    0.000000   clock system_clock (rise edge)
                                  0.000000    0.000000   clock network delay (ideal)
                      0.000000    0.000000    0.000000 ^ _1450_/CLK (gf180mcu_fd_sc_mcu7t5v0__dffq_1)
     3    0.012195    0.181172    0.683723    0.683723 v _1450_/Q (gf180mcu_fd_sc_mcu7t5v0__dffq_1)
                                                         afe_config_bypass_control_register[5] (net)
                      0.181172    0.000000    0.683723 v _1458_/I (gf180mcu_fd_sc_mcu7t5v0__buf_1)
     1    0.000000    0.069891    0.223030    0.906753 v _1458_/Z (gf180mcu_fd_sc_mcu7t5v0__buf_1)
                                                         pga_gain_control[0] (net)
                      0.069891    0.000000    0.906753 v pga_gain_control[0] (out)
                                              0.906753   data arrival time

                      0.000000    0.000000    0.000000   clock system_clock (rise edge)
                                  0.000000    0.000000   clock network delay (ideal)
                                  0.500000    0.500000   clock uncertainty
                                  0.000000    0.500000   clock reconvergence pessimism
                                -20.000000  -19.500000   output external delay
                                            -19.500000   data required time
---------------------------------------------------------------------------------------------
                                            -19.500000   data required time
                                             -0.906753   data arrival time
---------------------------------------------------------------------------------------------
                                             20.406752   slack (MET)


Startpoint: _1452_ (rising edge-triggered flip-flop clocked by system_clock)
Endpoint: pga_gain_control[2] (output port clocked by system_clock)
Path Group: system_clock
Path Type: min

Fanout         Cap        Slew       Delay        Time   Description
---------------------------------------------------------------------------------------------
                      0.000000    0.000000    0.000000   clock system_clock (rise edge)
                                  0.000000    0.000000   clock network delay (ideal)
                      0.000000    0.000000    0.000000 ^ _1452_/CLK (gf180mcu_fd_sc_mcu7t5v0__dffq_1)
     3    0.012195    0.181172    0.683723    0.683723 v _1452_/Q (gf180mcu_fd_sc_mcu7t5v0__dffq_1)
                                                         afe_config_bypass_control_register[7] (net)
                      0.181172    0.000000    0.683723 v _1460_/I (gf180mcu_fd_sc_mcu7t5v0__buf_1)
     1    0.000000    0.069891    0.223030    0.906753 v _1460_/Z (gf180mcu_fd_sc_mcu7t5v0__buf_1)
                                                         pga_gain_control[2] (net)
                      0.069891    0.000000    0.906753 v pga_gain_control[2] (out)
                                              0.906753   data arrival time

                      0.000000    0.000000    0.000000   clock system_clock (rise edge)
                                  0.000000    0.000000   clock network delay (ideal)
                                  0.500000    0.500000   clock uncertainty
                                  0.000000    0.500000   clock reconvergence pessimism
                                -20.000000  -19.500000   output external delay
                                            -19.500000   data required time
---------------------------------------------------------------------------------------------
                                            -19.500000   data required time
                                             -0.906753   data arrival time
---------------------------------------------------------------------------------------------
                                             20.406752   slack (MET)


Startpoint: _1447_ (rising edge-triggered flip-flop clocked by system_clock)
Endpoint: bypass_pin_control[0] (output port clocked by system_clock)
Path Group: system_clock
Path Type: min

Fanout         Cap        Slew       Delay        Time   Description
---------------------------------------------------------------------------------------------
                      0.000000    0.000000    0.000000   clock system_clock (rise edge)
                                  0.000000    0.000000   clock network delay (ideal)
                      0.000000    0.000000    0.000000 ^ _1447_/CLK (gf180mcu_fd_sc_mcu7t5v0__dffq_1)
     3    0.012550    0.184265    0.686105    0.686105 v _1447_/Q (gf180mcu_fd_sc_mcu7t5v0__dffq_1)
                                                         afe_config_bypass_control_register[2] (net)
                      0.184265    0.000000    0.686105 v _1455_/I (gf180mcu_fd_sc_mcu7t5v0__buf_1)
     1    0.000000    0.069952    0.224045    0.910150 v _1455_/Z (gf180mcu_fd_sc_mcu7t5v0__buf_1)
                                                         bypass_pin_control[0] (net)
                      0.069952    0.000000    0.910150 v bypass_pin_control[0] (out)
                                              0.910150   data arrival time

                      0.000000    0.000000    0.000000   clock system_clock (rise edge)
                                  0.000000    0.000000   clock network delay (ideal)
                                  0.500000    0.500000   clock uncertainty
                                  0.000000    0.500000   clock reconvergence pessimism
                                -20.000000  -19.500000   output external delay
                                            -19.500000   data required time
---------------------------------------------------------------------------------------------
                                            -19.500000   data required time
                                             -0.910150   data arrival time
---------------------------------------------------------------------------------------------
                                             20.410151   slack (MET)



