+ define_corners min_tt_025C_5v00
Reading timing models for corner min_tt_025C_5v00…
Reading cell library for the 'min_tt_025C_5v00' corner at '/foss/pdks/gf180mcuD/libs.ref/gf180mcu_fd_sc_mcu7t5v0/lib/gf180mcu_fd_sc_mcu7t5v0__tt_025C_5v00.lib'…
Reading top-level netlist at '/foss/designs/acoustic-ranger-dvl-processor/layout/digital/i2c_wb_master/runs/RUN_2026-08-31_15-54-07/52-openroad-fillinsertion/i2c_controller.nl.v'…
Linking design 'i2c_controller' from netlist…
Reading design constraints file at '/foss/designs/acoustic-ranger-dvl-processor/layout/digital/i2c_wb_master/constraint.sdc'…
[INFO] No information on clock propagation in input SDC file-- propagating all clocks.
Reading top-level design parasitics for the 'min_tt_025C_5v00' corner at '/foss/designs/acoustic-ranger-dvl-processor/layout/digital/i2c_wb_master/runs/RUN_2026-08-31_15-54-07/54-openroad-rcx/min/i2c_controller.min.spef'…
%OL_CREATE_REPORT min.rpt

===========================================================================
report_checks -path_delay min (Hold)
============================================================================
======================= min_tt_025C_5v00 Corner ===================================

Startpoint: _841_ (rising edge-triggered flip-flop clocked by system_clock)
Endpoint: _841_ (rising edge-triggered flip-flop clocked by system_clock)
Path Group: system_clock
Path Type: min

Fanout         Cap        Slew       Delay        Time   Description
---------------------------------------------------------------------------------------------
                                  0.000000    0.000000   clock system_clock (rise edge)
                                  0.000000    0.000000   clock source latency
     1    0.036569    0.000000    0.000000    0.000000 ^ CLK_I (in)
                                                         CLK_I (net)
                      0.003416    0.001397    0.001397 ^ clkbuf_0_CLK_I/I (gf180mcu_fd_sc_mcu7t5v0__clkbuf_16)
     8    0.208905    0.257094    0.324176    0.325573 ^ clkbuf_0_CLK_I/Z (gf180mcu_fd_sc_mcu7t5v0__clkbuf_16)
                                                         clknet_0_CLK_I (net)
                      0.257120    0.003840    0.329414 ^ clkbuf_3_2__f_CLK_I/I (gf180mcu_fd_sc_mcu7t5v0__clkbuf_16)
    14    0.060173    0.124970    0.284893    0.614307 ^ clkbuf_3_2__f_CLK_I/Z (gf180mcu_fd_sc_mcu7t5v0__clkbuf_16)
                                                         clknet_3_2__leaf_CLK_I (net)
                      0.124971    0.000798    0.615105 ^ _841_/CLK (gf180mcu_fd_sc_mcu7t5v0__dffq_1)
     4    0.020428    0.245778    0.761959    1.377064 v _841_/Q (gf180mcu_fd_sc_mcu7t5v0__dffq_1)
                                                         address_data_buffer_internal[5] (net)
                      0.245778    0.000124    1.377188 v _768_/I0 (gf180mcu_fd_sc_mcu7t5v0__mux2_2)
     1    0.003027    0.110450    0.361837    1.739025 v _768_/Z (gf180mcu_fd_sc_mcu7t5v0__mux2_2)
                                                         _054_ (net)
                      0.110450    0.000055    1.739079 v _841_/D (gf180mcu_fd_sc_mcu7t5v0__dffq_1)
                                              1.739079   data arrival time

                                  0.000000    0.000000   clock system_clock (rise edge)
                                  0.000000    0.000000   clock source latency
     1    0.036569    0.000000    0.000000    0.000000 ^ CLK_I (in)
                                                         CLK_I (net)
                      0.003416    0.001397    0.001397 ^ clkbuf_0_CLK_I/I (gf180mcu_fd_sc_mcu7t5v0__clkbuf_16)
     8    0.208905    0.257094    0.324176    0.325573 ^ clkbuf_0_CLK_I/Z (gf180mcu_fd_sc_mcu7t5v0__clkbuf_16)
                                                         clknet_0_CLK_I (net)
                      0.257120    0.003840    0.329414 ^ clkbuf_3_2__f_CLK_I/I (gf180mcu_fd_sc_mcu7t5v0__clkbuf_16)
    14    0.060173    0.124970    0.284893    0.614307 ^ clkbuf_3_2__f_CLK_I/Z (gf180mcu_fd_sc_mcu7t5v0__clkbuf_16)
                                                         clknet_3_2__leaf_CLK_I (net)
                      0.124971    0.000798    0.615105 ^ _841_/CLK (gf180mcu_fd_sc_mcu7t5v0__dffq_1)
                                  0.500000    1.115105   clock uncertainty
                                  0.000000    1.115105   clock reconvergence pessimism
                                  0.087701    1.202806   library hold time
                                              1.202806   data required time
---------------------------------------------------------------------------------------------
                                              1.202806   data required time
                                             -1.739079   data arrival time
---------------------------------------------------------------------------------------------
                                              0.536273   slack (MET)


Startpoint: _841_ (rising edge-triggered flip-flop clocked by system_clock)
Endpoint: _842_ (rising edge-triggered flip-flop clocked by system_clock)
Path Group: system_clock
Path Type: min

Fanout         Cap        Slew       Delay        Time   Description
---------------------------------------------------------------------------------------------
                                  0.000000    0.000000   clock system_clock (rise edge)
                                  0.000000    0.000000   clock source latency
     1    0.036569    0.000000    0.000000    0.000000 ^ CLK_I (in)
                                                         CLK_I (net)
                      0.003416    0.001397    0.001397 ^ clkbuf_0_CLK_I/I (gf180mcu_fd_sc_mcu7t5v0__clkbuf_16)
     8    0.208905    0.257094    0.324176    0.325573 ^ clkbuf_0_CLK_I/Z (gf180mcu_fd_sc_mcu7t5v0__clkbuf_16)
                                                         clknet_0_CLK_I (net)
                      0.257120    0.003840    0.329414 ^ clkbuf_3_2__f_CLK_I/I (gf180mcu_fd_sc_mcu7t5v0__clkbuf_16)
    14    0.060173    0.124970    0.284893    0.614307 ^ clkbuf_3_2__f_CLK_I/Z (gf180mcu_fd_sc_mcu7t5v0__clkbuf_16)
                                                         clknet_3_2__leaf_CLK_I (net)
                      0.124971    0.000798    0.615105 ^ _841_/CLK (gf180mcu_fd_sc_mcu7t5v0__dffq_1)
     4    0.020428    0.245778    0.761959    1.377064 v _841_/Q (gf180mcu_fd_sc_mcu7t5v0__dffq_1)
                                                         address_data_buffer_internal[5] (net)
                      0.245778    0.000149    1.377213 v _769_/I1 (gf180mcu_fd_sc_mcu7t5v0__mux2_2)
     1    0.002711    0.108239    0.363691    1.740904 v _769_/Z (gf180mcu_fd_sc_mcu7t5v0__mux2_2)
                                                         _055_ (net)
                      0.108239    0.000026    1.740930 v _842_/D (gf180mcu_fd_sc_mcu7t5v0__dffq_1)
                                              1.740930   data arrival time

                                  0.000000    0.000000   clock system_clock (rise edge)
                                  0.000000    0.000000   clock source latency
     1    0.036569    0.000000    0.000000    0.000000 ^ CLK_I (in)
                                                         CLK_I (net)
                      0.003416    0.001397    0.001397 ^ clkbuf_0_CLK_I/I (gf180mcu_fd_sc_mcu7t5v0__clkbuf_16)
     8    0.208905    0.257094    0.324176    0.325573 ^ clkbuf_0_CLK_I/Z (gf180mcu_fd_sc_mcu7t5v0__clkbuf_16)
                                                         clknet_0_CLK_I (net)
                      0.257120    0.003840    0.329414 ^ clkbuf_3_2__f_CLK_I/I (gf180mcu_fd_sc_mcu7t5v0__clkbuf_16)
    14    0.060173    0.124970    0.284893    0.614307 ^ clkbuf_3_2__f_CLK_I/Z (gf180mcu_fd_sc_mcu7t5v0__clkbuf_16)
                                                         clknet_3_2__leaf_CLK_I (net)
                      0.124971    0.000732    0.615039 ^ _842_/CLK (gf180mcu_fd_sc_mcu7t5v0__dffq_1)
                                  0.500000    1.115039   clock uncertainty
                                  0.000000    1.115039   clock reconvergence pessimism
                                  0.088220    1.203259   library hold time
                                              1.203259   data required time
---------------------------------------------------------------------------------------------
                                              1.203259   data required time
                                             -1.740930   data arrival time
---------------------------------------------------------------------------------------------
                                              0.537671   slack (MET)


Startpoint: _852_ (rising edge-triggered flip-flop clocked by system_clock)
Endpoint: _852_ (rising edge-triggered flip-flop clocked by system_clock)
Path Group: system_clock
Path Type: min

Fanout         Cap        Slew       Delay        Time   Description
---------------------------------------------------------------------------------------------
                                  0.000000    0.000000   clock system_clock (rise edge)
                                  0.000000    0.000000   clock source latency
     1    0.036569    0.000000    0.000000    0.000000 ^ CLK_I (in)
                                                         CLK_I (net)
                      0.003416    0.001397    0.001397 ^ clkbuf_0_CLK_I/I (gf180mcu_fd_sc_mcu7t5v0__clkbuf_16)
     8    0.208905    0.257094    0.324176    0.325573 ^ clkbuf_0_CLK_I/Z (gf180mcu_fd_sc_mcu7t5v0__clkbuf_16)
                                                         clknet_0_CLK_I (net)
                      0.257108    0.002826    0.328399 ^ clkbuf_3_5__f_CLK_I/I (gf180mcu_fd_sc_mcu7t5v0__clkbuf_16)
    11    0.066470    0.130403    0.289224    0.617624 ^ clkbuf_3_5__f_CLK_I/Z (gf180mcu_fd_sc_mcu7t5v0__clkbuf_16)
                                                         clknet_3_5__leaf_CLK_I (net)
                      0.130403    0.000625    0.618248 ^ _852_/CLK (gf180mcu_fd_sc_mcu7t5v0__dffq_1)
     2    0.011961    0.174259    0.706847    1.325095 v _852_/Q (gf180mcu_fd_sc_mcu7t5v0__dffq_1)
                                                         net17 (net)
                      0.174259    0.000198    1.325294 v _784_/B2 (gf180mcu_fd_sc_mcu7t5v0__aoi22_1)
     1    0.007139    0.290929    0.272818    1.598112 ^ _784_/ZN (gf180mcu_fd_sc_mcu7t5v0__aoi22_1)
                                                         _391_ (net)
                      0.290929    0.000165    1.598276 ^ _785_/A2 (gf180mcu_fd_sc_mcu7t5v0__nor2_1)
     1    0.003215    0.162910    0.136421    1.734697 v _785_/ZN (gf180mcu_fd_sc_mcu7t5v0__nor2_1)
                                                         _065_ (net)
                      0.162910    0.000032    1.734729 v _852_/D (gf180mcu_fd_sc_mcu7t5v0__dffq_1)
                                              1.734729   data arrival time

                                  0.000000    0.000000   clock system_clock (rise edge)
                                  0.000000    0.000000   clock source latency
     1    0.036569    0.000000    0.000000    0.000000 ^ CLK_I (in)
                                                         CLK_I (net)
                      0.003416    0.001397    0.001397 ^ clkbuf_0_CLK_I/I (gf180mcu_fd_sc_mcu7t5v0__clkbuf_16)
     8    0.208905    0.257094    0.324176    0.325573 ^ clkbuf_0_CLK_I/Z (gf180mcu_fd_sc_mcu7t5v0__clkbuf_16)
                                                         clknet_0_CLK_I (net)
                      0.257108    0.002826    0.328399 ^ clkbuf_3_5__f_CLK_I/I (gf180mcu_fd_sc_mcu7t5v0__clkbuf_16)
    11    0.066470    0.130403    0.289224    0.617624 ^ clkbuf_3_5__f_CLK_I/Z (gf180mcu_fd_sc_mcu7t5v0__clkbuf_16)
                                                         clknet_3_5__leaf_CLK_I (net)
                      0.130403    0.000625    0.618248 ^ _852_/CLK (gf180mcu_fd_sc_mcu7t5v0__dffq_1)
                                  0.500000    1.118248   clock uncertainty
                                  0.000000    1.118248   clock reconvergence pessimism
                                  0.075245    1.193493   library hold time
                                              1.193493   data required time
---------------------------------------------------------------------------------------------
                                              1.193493   data required time
                                             -1.734729   data arrival time
---------------------------------------------------------------------------------------------
                                              0.541236   slack (MET)


Startpoint: _869_ (rising edge-triggered flip-flop clocked by system_clock)
Endpoint: _869_ (rising edge-triggered flip-flop clocked by system_clock)
Path Group: system_clock
Path Type: min

Fanout         Cap        Slew       Delay        Time   Description
---------------------------------------------------------------------------------------------
                                  0.000000    0.000000   clock system_clock (rise edge)
                                  0.000000    0.000000   clock source latency
     1    0.036569    0.000000    0.000000    0.000000 ^ CLK_I (in)
                                                         CLK_I (net)
                      0.003416    0.001397    0.001397 ^ clkbuf_0_CLK_I/I (gf180mcu_fd_sc_mcu7t5v0__clkbuf_16)
     8    0.208905    0.257094    0.324176    0.325573 ^ clkbuf_0_CLK_I/Z (gf180mcu_fd_sc_mcu7t5v0__clkbuf_16)
                                                         clknet_0_CLK_I (net)
                      0.257116    0.003554    0.329127 ^ clkbuf_3_3__f_CLK_I/I (gf180mcu_fd_sc_mcu7t5v0__clkbuf_16)
    10    0.068732    0.132332    0.290690    0.619817 ^ clkbuf_3_3__f_CLK_I/Z (gf180mcu_fd_sc_mcu7t5v0__clkbuf_16)
                                                         clknet_3_3__leaf_CLK_I (net)
                      0.132333    0.000530    0.620347 ^ _869_/CLK (gf180mcu_fd_sc_mcu7t5v0__dffq_1)
     4    0.023917    0.276120    0.784508    1.404855 v _869_/Q (gf180mcu_fd_sc_mcu7t5v0__dffq_1)
                                                         addr_set_register[3] (net)
                      0.276121    0.000355    1.405209 v _455_/A2 (gf180mcu_fd_sc_mcu7t5v0__nand2_1)
     1    0.005511    0.213853    0.199691    1.604901 ^ _455_/ZN (gf180mcu_fd_sc_mcu7t5v0__nand2_1)
                                                         _124_ (net)
                      0.213853    0.000059    1.604960 ^ _457_/A2 (gf180mcu_fd_sc_mcu7t5v0__nand3_1)
     1    0.003060    0.173375    0.140089    1.745049 v _457_/ZN (gf180mcu_fd_sc_mcu7t5v0__nand3_1)
                                                         _003_ (net)
                      0.173375    0.000031    1.745080 v _869_/D (gf180mcu_fd_sc_mcu7t5v0__dffq_1)
                                              1.745080   data arrival time

                                  0.000000    0.000000   clock system_clock (rise edge)
                                  0.000000    0.000000   clock source latency
     1    0.036569    0.000000    0.000000    0.000000 ^ CLK_I (in)
                                                         CLK_I (net)
                      0.003416    0.001397    0.001397 ^ clkbuf_0_CLK_I/I (gf180mcu_fd_sc_mcu7t5v0__clkbuf_16)
     8    0.208905    0.257094    0.324176    0.325573 ^ clkbuf_0_CLK_I/Z (gf180mcu_fd_sc_mcu7t5v0__clkbuf_16)
                                                         clknet_0_CLK_I (net)
                      0.257116    0.003554    0.329127 ^ clkbuf_3_3__f_CLK_I/I (gf180mcu_fd_sc_mcu7t5v0__clkbuf_16)
    10    0.068732    0.132332    0.290690    0.619817 ^ clkbuf_3_3__f_CLK_I/Z (gf180mcu_fd_sc_mcu7t5v0__clkbuf_16)
                                                         clknet_3_3__leaf_CLK_I (net)
                      0.132333    0.000530    0.620347 ^ _869_/CLK (gf180mcu_fd_sc_mcu7t5v0__dffq_1)
                                  0.500000    1.120347   clock uncertainty
                                  0.000000    1.120347   clock reconvergence pessimism
                                  0.072538    1.192885   library hold time
                                              1.192885   data required time
---------------------------------------------------------------------------------------------
                                              1.192885   data required time
                                             -1.745080   data arrival time
---------------------------------------------------------------------------------------------
                                              0.552195   slack (MET)


Startpoint: _842_ (rising edge-triggered flip-flop clocked by system_clock)
Endpoint: _843_ (rising edge-triggered flip-flop clocked by system_clock)
Path Group: system_clock
Path Type: min

Fanout         Cap        Slew       Delay        Time   Description
---------------------------------------------------------------------------------------------
                                  0.000000    0.000000   clock system_clock (rise edge)
                                  0.000000    0.000000   clock source latency
     1    0.036569    0.000000    0.000000    0.000000 ^ CLK_I (in)
                                                         CLK_I (net)
                      0.003416    0.001397    0.001397 ^ clkbuf_0_CLK_I/I (gf180mcu_fd_sc_mcu7t5v0__clkbuf_16)
     8    0.208905    0.257094    0.324176    0.325573 ^ clkbuf_0_CLK_I/Z (gf180mcu_fd_sc_mcu7t5v0__clkbuf_16)
                                                         clknet_0_CLK_I (net)
                      0.257120    0.003840    0.329414 ^ clkbuf_3_2__f_CLK_I/I (gf180mcu_fd_sc_mcu7t5v0__clkbuf_16)
    14    0.060173    0.124970    0.284893    0.614307 ^ clkbuf_3_2__f_CLK_I/Z (gf180mcu_fd_sc_mcu7t5v0__clkbuf_16)
                                                         clknet_3_2__leaf_CLK_I (net)
                      0.124971    0.000732    0.615039 ^ _842_/CLK (gf180mcu_fd_sc_mcu7t5v0__dffq_1)
     4    0.021649    0.256334    0.769276    1.384315 v _842_/Q (gf180mcu_fd_sc_mcu7t5v0__dffq_1)
                                                         address_data_buffer_internal[6] (net)
                      0.256335    0.000309    1.384624 v _770_/I1 (gf180mcu_fd_sc_mcu7t5v0__mux2_2)
     1    0.004314    0.119979    0.377053    1.761677 v _770_/Z (gf180mcu_fd_sc_mcu7t5v0__mux2_2)
                                                         _056_ (net)
                      0.119979    0.000084    1.761761 v _843_/D (gf180mcu_fd_sc_mcu7t5v0__dffq_1)
                                              1.761761   data arrival time

                                  0.000000    0.000000   clock system_clock (rise edge)
                                  0.000000    0.000000   clock source latency
     1    0.036569    0.000000    0.000000    0.000000 ^ CLK_I (in)
                                                         CLK_I (net)
                      0.003416    0.001397    0.001397 ^ clkbuf_0_CLK_I/I (gf180mcu_fd_sc_mcu7t5v0__clkbuf_16)
     8    0.208905    0.257094    0.324176    0.325573 ^ clkbuf_0_CLK_I/Z (gf180mcu_fd_sc_mcu7t5v0__clkbuf_16)
                                                         clknet_0_CLK_I (net)
                      0.257116    0.003554    0.329127 ^ clkbuf_3_3__f_CLK_I/I (gf180mcu_fd_sc_mcu7t5v0__clkbuf_16)
    10    0.068732    0.132332    0.290690    0.619817 ^ clkbuf_3_3__f_CLK_I/Z (gf180mcu_fd_sc_mcu7t5v0__clkbuf_16)
                                                         clknet_3_3__leaf_CLK_I (net)
                      0.132334    0.000806    0.620624 ^ _843_/CLK (gf180mcu_fd_sc_mcu7t5v0__dffq_1)
                                  0.500000    1.120623   clock uncertainty
                                  0.000000    1.120623   clock reconvergence pessimism
                                  0.086727    1.207350   library hold time
                                              1.207350   data required time
---------------------------------------------------------------------------------------------
                                              1.207350   data required time
                                             -1.761761   data arrival time
---------------------------------------------------------------------------------------------
                                              0.554411   slack (MET)


Startpoint: _872_ (rising edge-triggered flip-flop clocked by system_clock)
Endpoint: _872_ (rising edge-triggered flip-flop clocked by system_clock)
Path Group: system_clock
Path Type: min

Fanout         Cap        Slew       Delay        Time   Description
---------------------------------------------------------------------------------------------
                                  0.000000    0.000000   clock system_clock (rise edge)
                                  0.000000    0.000000   clock source latency
     1    0.036569    0.000000    0.000000    0.000000 ^ CLK_I (in)
                                                         CLK_I (net)
                      0.003416    0.001397    0.001397 ^ clkbuf_0_CLK_I/I (gf180mcu_fd_sc_mcu7t5v0__clkbuf_16)
     8    0.208905    0.257094    0.324176    0.325573 ^ clkbuf_0_CLK_I/Z (gf180mcu_fd_sc_mcu7t5v0__clkbuf_16)
                                                         clknet_0_CLK_I (net)
                      0.257129    0.004458    0.330031 ^ clkbuf_3_6__f_CLK_I/I (gf180mcu_fd_sc_mcu7t5v0__clkbuf_16)
    13    0.063776    0.128102    0.287481    0.617512 ^ clkbuf_3_6__f_CLK_I/Z (gf180mcu_fd_sc_mcu7t5v0__clkbuf_16)
                                                         clknet_3_6__leaf_CLK_I (net)
                      0.128103    0.000514    0.618026 ^ _872_/CLK (gf180mcu_fd_sc_mcu7t5v0__dffq_1)
     4    0.024840    0.284168    0.789131    1.407157 v _872_/Q (gf180mcu_fd_sc_mcu7t5v0__dffq_1)
                                                         addr_set_register[6] (net)
                      0.284170    0.000576    1.407734 v _463_/A1 (gf180mcu_fd_sc_mcu7t5v0__oai21_1)
     1    0.004764    0.292990    0.244661    1.652395 ^ _463_/ZN (gf180mcu_fd_sc_mcu7t5v0__oai21_1)
                                                         _129_ (net)
                      0.292990    0.000045    1.652440 ^ _465_/A1 (gf180mcu_fd_sc_mcu7t5v0__nor2_1)
     1    0.002858    0.129858    0.105227    1.757667 v _465_/ZN (gf180mcu_fd_sc_mcu7t5v0__nor2_1)
                                                         _006_ (net)
                      0.129858    0.000028    1.757695 v _872_/D (gf180mcu_fd_sc_mcu7t5v0__dffq_1)
                                              1.757695   data arrival time

                                  0.000000    0.000000   clock system_clock (rise edge)
                                  0.000000    0.000000   clock source latency
     1    0.036569    0.000000    0.000000    0.000000 ^ CLK_I (in)
                                                         CLK_I (net)
                      0.003416    0.001397    0.001397 ^ clkbuf_0_CLK_I/I (gf180mcu_fd_sc_mcu7t5v0__clkbuf_16)
     8    0.208905    0.257094    0.324176    0.325573 ^ clkbuf_0_CLK_I/Z (gf180mcu_fd_sc_mcu7t5v0__clkbuf_16)
                                                         clknet_0_CLK_I (net)
                      0.257129    0.004458    0.330031 ^ clkbuf_3_6__f_CLK_I/I (gf180mcu_fd_sc_mcu7t5v0__clkbuf_16)
    13    0.063776    0.128102    0.287481    0.617512 ^ clkbuf_3_6__f_CLK_I/Z (gf180mcu_fd_sc_mcu7t5v0__clkbuf_16)
                                                         clknet_3_6__leaf_CLK_I (net)
                      0.128103    0.000514    0.618026 ^ _872_/CLK (gf180mcu_fd_sc_mcu7t5v0__dffq_1)
                                  0.500000    1.118026   clock uncertainty
                                  0.000000    1.118026   clock reconvergence pessimism
                                  0.083680    1.201706   library hold time
                                              1.201706   data required time
---------------------------------------------------------------------------------------------
                                              1.201706   data required time
                                             -1.757695   data arrival time
---------------------------------------------------------------------------------------------
                                              0.555988   slack (MET)


Startpoint: _889_ (rising edge-triggered flip-flop clocked by system_clock)
Endpoint: _889_ (rising edge-triggered flip-flop clocked by system_clock)
Path Group: system_clock
Path Type: min

Fanout         Cap        Slew       Delay        Time   Description
---------------------------------------------------------------------------------------------
                                  0.000000    0.000000   clock system_clock (rise edge)
                                  0.000000    0.000000   clock source latency
     1    0.036569    0.000000    0.000000    0.000000 ^ CLK_I (in)
                                                         CLK_I (net)
                      0.003416    0.001397    0.001397 ^ clkbuf_0_CLK_I/I (gf180mcu_fd_sc_mcu7t5v0__clkbuf_16)
     8    0.208905    0.257094    0.324176    0.325573 ^ clkbuf_0_CLK_I/Z (gf180mcu_fd_sc_mcu7t5v0__clkbuf_16)
                                                         clknet_0_CLK_I (net)
                      0.257108    0.002826    0.328399 ^ clkbuf_3_5__f_CLK_I/I (gf180mcu_fd_sc_mcu7t5v0__clkbuf_16)
    11    0.066470    0.130403    0.289224    0.617624 ^ clkbuf_3_5__f_CLK_I/Z (gf180mcu_fd_sc_mcu7t5v0__clkbuf_16)
                                                         clknet_3_5__leaf_CLK_I (net)
                      0.130403    0.000581    0.618205 ^ _889_/CLK (gf180mcu_fd_sc_mcu7t5v0__dffq_1)
     4    0.027042    0.303586    0.803097    1.421301 v _889_/Q (gf180mcu_fd_sc_mcu7t5v0__dffq_1)
                                                         addr_pointer_register_internal[7] (net)
                      0.303587    0.000381    1.421682 v _588_/A1 (gf180mcu_fd_sc_mcu7t5v0__nor2_1)
     1    0.004935    0.278438    0.232661    1.654343 ^ _588_/ZN (gf180mcu_fd_sc_mcu7t5v0__nor2_1)
                                                         _237_ (net)
                      0.278438    0.000049    1.654392 ^ _591_/A1 (gf180mcu_fd_sc_mcu7t5v0__nor2_1)
     1    0.002939    0.127448    0.105018    1.759411 v _591_/ZN (gf180mcu_fd_sc_mcu7t5v0__nor2_1)
                                                         _023_ (net)
                      0.127448    0.000029    1.759440 v _889_/D (gf180mcu_fd_sc_mcu7t5v0__dffq_1)
                                              1.759440   data arrival time

                                  0.000000    0.000000   clock system_clock (rise edge)
                                  0.000000    0.000000   clock source latency
     1    0.036569    0.000000    0.000000    0.000000 ^ CLK_I (in)
                                                         CLK_I (net)
                      0.003416    0.001397    0.001397 ^ clkbuf_0_CLK_I/I (gf180mcu_fd_sc_mcu7t5v0__clkbuf_16)
     8    0.208905    0.257094    0.324176    0.325573 ^ clkbuf_0_CLK_I/Z (gf180mcu_fd_sc_mcu7t5v0__clkbuf_16)
                                                         clknet_0_CLK_I (net)
                      0.257108    0.002826    0.328399 ^ clkbuf_3_5__f_CLK_I/I (gf180mcu_fd_sc_mcu7t5v0__clkbuf_16)
    11    0.066470    0.130403    0.289224    0.617624 ^ clkbuf_3_5__f_CLK_I/Z (gf180mcu_fd_sc_mcu7t5v0__clkbuf_16)
                                                         clknet_3_5__leaf_CLK_I (net)
                      0.130403    0.000581    0.618205 ^ _889_/CLK (gf180mcu_fd_sc_mcu7t5v0__dffq_1)
                                  0.500000    1.118205   clock uncertainty
                                  0.000000    1.118205   clock reconvergence pessimism
                                  0.084637    1.202841   library hold time
                                              1.202841   data required time
---------------------------------------------------------------------------------------------
                                              1.202841   data required time
                                             -1.759440   data arrival time
---------------------------------------------------------------------------------------------
                                              0.556598   slack (MET)


Startpoint: _854_ (rising edge-triggered flip-flop clocked by system_clock)
Endpoint: _854_ (rising edge-triggered flip-flop clocked by system_clock)
Path Group: system_clock
Path Type: min

Fanout         Cap        Slew       Delay        Time   Description
---------------------------------------------------------------------------------------------
                                  0.000000    0.000000   clock system_clock (rise edge)
                                  0.000000    0.000000   clock source latency
     1    0.036569    0.000000    0.000000    0.000000 ^ CLK_I (in)
                                                         CLK_I (net)
                      0.003416    0.001397    0.001397 ^ clkbuf_0_CLK_I/I (gf180mcu_fd_sc_mcu7t5v0__clkbuf_16)
     8    0.208905    0.257094    0.324176    0.325573 ^ clkbuf_0_CLK_I/Z (gf180mcu_fd_sc_mcu7t5v0__clkbuf_16)
                                                         clknet_0_CLK_I (net)
                      0.257108    0.002826    0.328399 ^ clkbuf_3_5__f_CLK_I/I (gf180mcu_fd_sc_mcu7t5v0__clkbuf_16)
    11    0.066470    0.130403    0.289224    0.617624 ^ clkbuf_3_5__f_CLK_I/Z (gf180mcu_fd_sc_mcu7t5v0__clkbuf_16)
                                                         clknet_3_5__leaf_CLK_I (net)
                      0.130403    0.000509    0.618133 ^ _854_/CLK (gf180mcu_fd_sc_mcu7t5v0__dffq_1)
     2    0.012216    0.176371    0.708556    1.326688 v _854_/Q (gf180mcu_fd_sc_mcu7t5v0__dffq_1)
                                                         net19 (net)
                      0.176371    0.000217    1.326905 v _788_/B2 (gf180mcu_fd_sc_mcu7t5v0__aoi22_1)
     1    0.006069    0.245111    0.259463    1.586368 ^ _788_/ZN (gf180mcu_fd_sc_mcu7t5v0__aoi22_1)
                                                         _393_ (net)
                      0.245111    0.000173    1.586542 ^ _789_/A2 (gf180mcu_fd_sc_mcu7t5v0__nor2_1)
     1    0.006990    0.194023    0.166624    1.753166 v _789_/ZN (gf180mcu_fd_sc_mcu7t5v0__nor2_1)
                                                         _067_ (net)
                      0.194023    0.000162    1.753328 v _854_/D (gf180mcu_fd_sc_mcu7t5v0__dffq_1)
                                              1.753328   data arrival time

                                  0.000000    0.000000   clock system_clock (rise edge)
                                  0.000000    0.000000   clock source latency
     1    0.036569    0.000000    0.000000    0.000000 ^ CLK_I (in)
                                                         CLK_I (net)
                      0.003416    0.001397    0.001397 ^ clkbuf_0_CLK_I/I (gf180mcu_fd_sc_mcu7t5v0__clkbuf_16)
     8    0.208905    0.257094    0.324176    0.325573 ^ clkbuf_0_CLK_I/Z (gf180mcu_fd_sc_mcu7t5v0__clkbuf_16)
                                                         clknet_0_CLK_I (net)
                      0.257108    0.002826    0.328399 ^ clkbuf_3_5__f_CLK_I/I (gf180mcu_fd_sc_mcu7t5v0__clkbuf_16)
    11    0.066470    0.130403    0.289224    0.617624 ^ clkbuf_3_5__f_CLK_I/Z (gf180mcu_fd_sc_mcu7t5v0__clkbuf_16)
                                                         clknet_3_5__leaf_CLK_I (net)
                      0.130403    0.000509    0.618133 ^ _854_/CLK (gf180mcu_fd_sc_mcu7t5v0__dffq_1)
                                  0.500000    1.118133   clock uncertainty
                                  0.000000    1.118133   clock reconvergence pessimism
                                  0.066217    1.184349   library hold time
                                              1.184349   data required time
---------------------------------------------------------------------------------------------
                                              1.184349   data required time
                                             -1.753328   data arrival time
---------------------------------------------------------------------------------------------
                                              0.568979   slack (MET)


Startpoint: _850_ (rising edge-triggered flip-flop clocked by system_clock)
Endpoint: _850_ (rising edge-triggered flip-flop clocked by system_clock)
Path Group: system_clock
Path Type: min

Fanout         Cap        Slew       Delay        Time   Description
---------------------------------------------------------------------------------------------
                                  0.000000    0.000000   clock system_clock (rise edge)
                                  0.000000    0.000000   clock source latency
     1    0.036569    0.000000    0.000000    0.000000 ^ CLK_I (in)
                                                         CLK_I (net)
                      0.003416    0.001397    0.001397 ^ clkbuf_0_CLK_I/I (gf180mcu_fd_sc_mcu7t5v0__clkbuf_16)
     8    0.208905    0.257094    0.324176    0.325573 ^ clkbuf_0_CLK_I/Z (gf180mcu_fd_sc_mcu7t5v0__clkbuf_16)
                                                         clknet_0_CLK_I (net)
                      0.257111    0.003086    0.328659 ^ clkbuf_3_4__f_CLK_I/I (gf180mcu_fd_sc_mcu7t5v0__clkbuf_16)
    10    0.071121    0.134332    0.292100    0.620760 ^ clkbuf_3_4__f_CLK_I/Z (gf180mcu_fd_sc_mcu7t5v0__clkbuf_16)
                                                         clknet_3_4__leaf_CLK_I (net)
                      0.134335    0.001130    0.621889 ^ _850_/CLK (gf180mcu_fd_sc_mcu7t5v0__dffq_1)
     2    0.015496    0.203544    0.731286    1.353175 v _850_/Q (gf180mcu_fd_sc_mcu7t5v0__dffq_1)
                                                         net15 (net)
                      0.203544    0.000178    1.353353 v _780_/B2 (gf180mcu_fd_sc_mcu7t5v0__aoi22_1)
     1    0.006605    0.286348    0.272232    1.625585 ^ _780_/ZN (gf180mcu_fd_sc_mcu7t5v0__aoi22_1)
                                                         _389_ (net)
                      0.286348    0.000141    1.625726 ^ _781_/A2 (gf180mcu_fd_sc_mcu7t5v0__nor2_1)
     1    0.003791    0.168227    0.142029    1.767755 v _781_/ZN (gf180mcu_fd_sc_mcu7t5v0__nor2_1)
                                                         _063_ (net)
                      0.168227    0.000073    1.767828 v _850_/D (gf180mcu_fd_sc_mcu7t5v0__dffq_1)
                                              1.767828   data arrival time

                                  0.000000    0.000000   clock system_clock (rise edge)
                                  0.000000    0.000000   clock source latency
     1    0.036569    0.000000    0.000000    0.000000 ^ CLK_I (in)
                                                         CLK_I (net)
                      0.003416    0.001397    0.001397 ^ clkbuf_0_CLK_I/I (gf180mcu_fd_sc_mcu7t5v0__clkbuf_16)
     8    0.208905    0.257094    0.324176    0.325573 ^ clkbuf_0_CLK_I/Z (gf180mcu_fd_sc_mcu7t5v0__clkbuf_16)
                                                         clknet_0_CLK_I (net)
                      0.257111    0.003086    0.328659 ^ clkbuf_3_4__f_CLK_I/I (gf180mcu_fd_sc_mcu7t5v0__clkbuf_16)
    10    0.071121    0.134332    0.292100    0.620760 ^ clkbuf_3_4__f_CLK_I/Z (gf180mcu_fd_sc_mcu7t5v0__clkbuf_16)
                                                         clknet_3_4__leaf_CLK_I (net)
                      0.134335    0.001130    0.621889 ^ _850_/CLK (gf180mcu_fd_sc_mcu7t5v0__dffq_1)
                                  0.500000    1.121889   clock uncertainty
                                  0.000000    1.121889   clock reconvergence pessimism
                                  0.074370    1.196260   library hold time
                                              1.196260   data required time
---------------------------------------------------------------------------------------------
                                              1.196260   data required time
                                             -1.767828   data arrival time
---------------------------------------------------------------------------------------------
                                              0.571568   slack (MET)


Startpoint: _837_ (rising edge-triggered flip-flop clocked by system_clock)
Endpoint: _837_ (rising edge-triggered flip-flop clocked by system_clock)
Path Group: system_clock
Path Type: min

Fanout         Cap        Slew       Delay        Time   Description
---------------------------------------------------------------------------------------------
                                  0.000000    0.000000   clock system_clock (rise edge)
                                  0.000000    0.000000   clock source latency
     1    0.036569    0.000000    0.000000    0.000000 ^ CLK_I (in)
                                                         CLK_I (net)
                      0.003416    0.001397    0.001397 ^ clkbuf_0_CLK_I/I (gf180mcu_fd_sc_mcu7t5v0__clkbuf_16)
     8    0.208905    0.257094    0.324176    0.325573 ^ clkbuf_0_CLK_I/Z (gf180mcu_fd_sc_mcu7t5v0__clkbuf_16)
                                                         clknet_0_CLK_I (net)
                      0.257116    0.003554    0.329127 ^ clkbuf_3_3__f_CLK_I/I (gf180mcu_fd_sc_mcu7t5v0__clkbuf_16)
    10    0.068732    0.132332    0.290690    0.619817 ^ clkbuf_3_3__f_CLK_I/Z (gf180mcu_fd_sc_mcu7t5v0__clkbuf_16)
                                                         clknet_3_3__leaf_CLK_I (net)
                      0.132334    0.000764    0.620581 ^ _837_/CLK (gf180mcu_fd_sc_mcu7t5v0__dffq_1)
     3    0.015942    0.207274    0.733973    1.354554 v _837_/Q (gf180mcu_fd_sc_mcu7t5v0__dffq_1)
                                                         address_data_buffer_internal[1] (net)
                      0.207274    0.000097    1.354651 v _424_/I (gf180mcu_fd_sc_mcu7t5v0__clkinv_1)
     3    0.020336    0.372067    0.276119    1.630770 ^ _424_/ZN (gf180mcu_fd_sc_mcu7t5v0__clkinv_1)
                                                         _097_ (net)
                      0.372067    0.000214    1.630984 ^ _763_/A2 (gf180mcu_fd_sc_mcu7t5v0__oai21_1)
     1    0.003014    0.134532    0.147923    1.778907 v _763_/ZN (gf180mcu_fd_sc_mcu7t5v0__oai21_1)
                                                         _050_ (net)
                      0.134532    0.000030    1.778937 v _837_/D (gf180mcu_fd_sc_mcu7t5v0__dffq_1)
                                              1.778937   data arrival time

                                  0.000000    0.000000   clock system_clock (rise edge)
                                  0.000000    0.000000   clock source latency
     1    0.036569    0.000000    0.000000    0.000000 ^ CLK_I (in)
                                                         CLK_I (net)
                      0.003416    0.001397    0.001397 ^ clkbuf_0_CLK_I/I (gf180mcu_fd_sc_mcu7t5v0__clkbuf_16)
     8    0.208905    0.257094    0.324176    0.325573 ^ clkbuf_0_CLK_I/Z (gf180mcu_fd_sc_mcu7t5v0__clkbuf_16)
                                                         clknet_0_CLK_I (net)
                      0.257116    0.003554    0.329127 ^ clkbuf_3_3__f_CLK_I/I (gf180mcu_fd_sc_mcu7t5v0__clkbuf_16)
    10    0.068732    0.132332    0.290690    0.619817 ^ clkbuf_3_3__f_CLK_I/Z (gf180mcu_fd_sc_mcu7t5v0__clkbuf_16)
                                                         clknet_3_3__leaf_CLK_I (net)
                      0.132334    0.000764    0.620581 ^ _837_/CLK (gf180mcu_fd_sc_mcu7t5v0__dffq_1)
                                  0.500000    1.120581   clock uncertainty
                                  0.000000    1.120581   clock reconvergence pessimism
                                  0.083292    1.203873   library hold time
                                              1.203873   data required time
---------------------------------------------------------------------------------------------
                                              1.203873   data required time
                                             -1.778937   data arrival time
---------------------------------------------------------------------------------------------
                                              0.575063   slack (MET)


Startpoint: _868_ (rising edge-triggered flip-flop clocked by system_clock)
Endpoint: _868_ (rising edge-triggered flip-flop clocked by system_clock)
Path Group: system_clock
Path Type: min

Fanout         Cap        Slew       Delay        Time   Description
---------------------------------------------------------------------------------------------
                                  0.000000    0.000000   clock system_clock (rise edge)
                                  0.000000    0.000000   clock source latency
     1    0.036569    0.000000    0.000000    0.000000 ^ CLK_I (in)
                                                         CLK_I (net)
                      0.003416    0.001397    0.001397 ^ clkbuf_0_CLK_I/I (gf180mcu_fd_sc_mcu7t5v0__clkbuf_16)
     8    0.208905    0.257094    0.324176    0.325573 ^ clkbuf_0_CLK_I/Z (gf180mcu_fd_sc_mcu7t5v0__clkbuf_16)
                                                         clknet_0_CLK_I (net)
                      0.257129    0.004458    0.330031 ^ clkbuf_3_6__f_CLK_I/I (gf180mcu_fd_sc_mcu7t5v0__clkbuf_16)
    13    0.063776    0.128102    0.287481    0.617512 ^ clkbuf_3_6__f_CLK_I/Z (gf180mcu_fd_sc_mcu7t5v0__clkbuf_16)
                                                         clknet_3_6__leaf_CLK_I (net)
                      0.128103    0.000523    0.618035 ^ _868_/CLK (gf180mcu_fd_sc_mcu7t5v0__dffq_1)
     2    0.011394    0.169535    0.702626    1.320660 v _868_/Q (gf180mcu_fd_sc_mcu7t5v0__dffq_1)
                                                         addr_set_register[2] (net)
                      0.169535    0.000078    1.320738 v _420_/I (gf180mcu_fd_sc_mcu7t5v0__clkinv_1)
     4    0.026321    0.465708    0.320498    1.641236 ^ _420_/ZN (gf180mcu_fd_sc_mcu7t5v0__clkinv_1)
                                                         _093_ (net)
                      0.465708    0.000302    1.641538 ^ _454_/A1 (gf180mcu_fd_sc_mcu7t5v0__aoi21_1)
     1    0.003726    0.173834    0.125786    1.767324 v _454_/ZN (gf180mcu_fd_sc_mcu7t5v0__aoi21_1)
                                                         _002_ (net)
                      0.173834    0.000073    1.767397 v _868_/D (gf180mcu_fd_sc_mcu7t5v0__dffq_1)
                                              1.767397   data arrival time

                                  0.000000    0.000000   clock system_clock (rise edge)
                                  0.000000    0.000000   clock source latency
     1    0.036569    0.000000    0.000000    0.000000 ^ CLK_I (in)
                                                         CLK_I (net)
                      0.003416    0.001397    0.001397 ^ clkbuf_0_CLK_I/I (gf180mcu_fd_sc_mcu7t5v0__clkbuf_16)
     8    0.208905    0.257094    0.324176    0.325573 ^ clkbuf_0_CLK_I/Z (gf180mcu_fd_sc_mcu7t5v0__clkbuf_16)
                                                         clknet_0_CLK_I (net)
                      0.257129    0.004458    0.330031 ^ clkbuf_3_6__f_CLK_I/I (gf180mcu_fd_sc_mcu7t5v0__clkbuf_16)
    13    0.063776    0.128102    0.287481    0.617512 ^ clkbuf_3_6__f_CLK_I/Z (gf180mcu_fd_sc_mcu7t5v0__clkbuf_16)
                                                         clknet_3_6__leaf_CLK_I (net)
                      0.128103    0.000523    0.618035 ^ _868_/CLK (gf180mcu_fd_sc_mcu7t5v0__dffq_1)
                                  0.500000    1.118035   clock uncertainty
                                  0.000000    1.118035   clock reconvergence pessimism
                                  0.071681    1.189716   library hold time
                                              1.189716   data required time
---------------------------------------------------------------------------------------------
                                              1.189716   data required time
                                             -1.767397   data arrival time
---------------------------------------------------------------------------------------------
                                              0.577681   slack (MET)


Startpoint: _838_ (rising edge-triggered flip-flop clocked by system_clock)
Endpoint: _839_ (rising edge-triggered flip-flop clocked by system_clock)
Path Group: system_clock
Path Type: min

Fanout         Cap        Slew       Delay        Time   Description
---------------------------------------------------------------------------------------------
                                  0.000000    0.000000   clock system_clock (rise edge)
                                  0.000000    0.000000   clock source latency
     1    0.036569    0.000000    0.000000    0.000000 ^ CLK_I (in)
                                                         CLK_I (net)
                      0.003416    0.001397    0.001397 ^ clkbuf_0_CLK_I/I (gf180mcu_fd_sc_mcu7t5v0__clkbuf_16)
     8    0.208905    0.257094    0.324176    0.325573 ^ clkbuf_0_CLK_I/Z (gf180mcu_fd_sc_mcu7t5v0__clkbuf_16)
                                                         clknet_0_CLK_I (net)
                      0.257120    0.003840    0.329414 ^ clkbuf_3_2__f_CLK_I/I (gf180mcu_fd_sc_mcu7t5v0__clkbuf_16)
    14    0.060173    0.124970    0.284893    0.614307 ^ clkbuf_3_2__f_CLK_I/Z (gf180mcu_fd_sc_mcu7t5v0__clkbuf_16)
                                                         clknet_3_2__leaf_CLK_I (net)
                      0.124970    0.000035    0.614342 ^ _838_/CLK (gf180mcu_fd_sc_mcu7t5v0__dffq_1)
     4    0.025102    0.286546    0.790345    1.404687 v _838_/Q (gf180mcu_fd_sc_mcu7t5v0__dffq_1)
                                                         address_data_buffer_internal[2] (net)
                      0.286546    0.000184    1.404871 v _766_/I1 (gf180mcu_fd_sc_mcu7t5v0__mux2_2)
     1    0.003823    0.113440    0.378949    1.783820 v _766_/Z (gf180mcu_fd_sc_mcu7t5v0__mux2_2)
                                                         _052_ (net)
                      0.113440    0.000074    1.783894 v _839_/D (gf180mcu_fd_sc_mcu7t5v0__dffq_1)
                                              1.783894   data arrival time

                                  0.000000    0.000000   clock system_clock (rise edge)
                                  0.000000    0.000000   clock source latency
     1    0.036569    0.000000    0.000000    0.000000 ^ CLK_I (in)
                                                         CLK_I (net)
                      0.003416    0.001397    0.001397 ^ clkbuf_0_CLK_I/I (gf180mcu_fd_sc_mcu7t5v0__clkbuf_16)
     8    0.208905    0.257094    0.324176    0.325573 ^ clkbuf_0_CLK_I/Z (gf180mcu_fd_sc_mcu7t5v0__clkbuf_16)
                                                         clknet_0_CLK_I (net)
                      0.257120    0.003840    0.329414 ^ clkbuf_3_2__f_CLK_I/I (gf180mcu_fd_sc_mcu7t5v0__clkbuf_16)
    14    0.060173    0.124970    0.284893    0.614307 ^ clkbuf_3_2__f_CLK_I/Z (gf180mcu_fd_sc_mcu7t5v0__clkbuf_16)
                                                         clknet_3_2__leaf_CLK_I (net)
                      0.124970    0.000346    0.614652 ^ _839_/CLK (gf180mcu_fd_sc_mcu7t5v0__dffq_1)
                                  0.500000    1.114652   clock uncertainty
                                  0.000000    1.114652   clock reconvergence pessimism
                                  0.087000    1.201652   library hold time
                                              1.201652   data required time
---------------------------------------------------------------------------------------------
                                              1.201652   data required time
                                             -1.783894   data arrival time
---------------------------------------------------------------------------------------------
                                              0.582242   slack (MET)


Startpoint: _826_ (rising edge-triggered flip-flop clocked by system_clock)
Endpoint: _826_ (rising edge-triggered flip-flop clocked by system_clock)
Path Group: system_clock
Path Type: min

Fanout         Cap        Slew       Delay        Time   Description
---------------------------------------------------------------------------------------------
                                  0.000000    0.000000   clock system_clock (rise edge)
                                  0.000000    0.000000   clock source latency
     1    0.036569    0.000000    0.000000    0.000000 ^ CLK_I (in)
                                                         CLK_I (net)
                      0.003416    0.001397    0.001397 ^ clkbuf_0_CLK_I/I (gf180mcu_fd_sc_mcu7t5v0__clkbuf_16)
     8    0.208905    0.257094    0.324176    0.325573 ^ clkbuf_0_CLK_I/Z (gf180mcu_fd_sc_mcu7t5v0__clkbuf_16)
                                                         clknet_0_CLK_I (net)
                      0.257110    0.003015    0.328588 ^ clkbuf_3_1__f_CLK_I/I (gf180mcu_fd_sc_mcu7t5v0__clkbuf_16)
    12    0.063772    0.128092    0.287445    0.616033 ^ clkbuf_3_1__f_CLK_I/Z (gf180mcu_fd_sc_mcu7t5v0__clkbuf_16)
                                                         clknet_3_1__leaf_CLK_I (net)
                      0.128092    0.000441    0.616475 ^ _826_/CLK (gf180mcu_fd_sc_mcu7t5v0__dffq_1)
     5    0.025893    0.293481    0.795705    1.412180 v _826_/Q (gf180mcu_fd_sc_mcu7t5v0__dffq_1)
                                                         write_request_internal_flag (net)
                      0.293482    0.000400    1.412580 v _706_/I1 (gf180mcu_fd_sc_mcu7t5v0__mux2_2)
     1    0.003003    0.111845    0.374310    1.786890 v _706_/Z (gf180mcu_fd_sc_mcu7t5v0__mux2_2)
                                                         _039_ (net)
                      0.111845    0.000030    1.786920 v _826_/D (gf180mcu_fd_sc_mcu7t5v0__dffq_1)
                                              1.786920   data arrival time

                                  0.000000    0.000000   clock system_clock (rise edge)
                                  0.000000    0.000000   clock source latency
     1    0.036569    0.000000    0.000000    0.000000 ^ CLK_I (in)
                                                         CLK_I (net)
                      0.003416    0.001397    0.001397 ^ clkbuf_0_CLK_I/I (gf180mcu_fd_sc_mcu7t5v0__clkbuf_16)
     8    0.208905    0.257094    0.324176    0.325573 ^ clkbuf_0_CLK_I/Z (gf180mcu_fd_sc_mcu7t5v0__clkbuf_16)
                                                         clknet_0_CLK_I (net)
                      0.257110    0.003015    0.328588 ^ clkbuf_3_1__f_CLK_I/I (gf180mcu_fd_sc_mcu7t5v0__clkbuf_16)
    12    0.063772    0.128092    0.287445    0.616033 ^ clkbuf_3_1__f_CLK_I/Z (gf180mcu_fd_sc_mcu7t5v0__clkbuf_16)
                                                         clknet_3_1__leaf_CLK_I (net)
                      0.128092    0.000441    0.616475 ^ _826_/CLK (gf180mcu_fd_sc_mcu7t5v0__dffq_1)
                                  0.500000    1.116475   clock uncertainty
                                  0.000000    1.116475   clock reconvergence pessimism
                                  0.087914    1.204389   library hold time
                                              1.204389   data required time
---------------------------------------------------------------------------------------------
                                              1.204389   data required time
                                             -1.786920   data arrival time
---------------------------------------------------------------------------------------------
                                              0.582531   slack (MET)


Startpoint: _828_ (rising edge-triggered flip-flop clocked by system_clock)
Endpoint: _829_ (rising edge-triggered flip-flop clocked by system_clock)
Path Group: system_clock
Path Type: min

Fanout         Cap        Slew       Delay        Time   Description
---------------------------------------------------------------------------------------------
                                  0.000000    0.000000   clock system_clock (rise edge)
                                  0.000000    0.000000   clock source latency
     1    0.036569    0.000000    0.000000    0.000000 ^ CLK_I (in)
                                                         CLK_I (net)
                      0.003416    0.001397    0.001397 ^ clkbuf_0_CLK_I/I (gf180mcu_fd_sc_mcu7t5v0__clkbuf_16)
     8    0.208905    0.257094    0.324176    0.325573 ^ clkbuf_0_CLK_I/Z (gf180mcu_fd_sc_mcu7t5v0__clkbuf_16)
                                                         clknet_0_CLK_I (net)
                      0.257110    0.003015    0.328588 ^ clkbuf_3_1__f_CLK_I/I (gf180mcu_fd_sc_mcu7t5v0__clkbuf_16)
    12    0.063772    0.128092    0.287445    0.616033 ^ clkbuf_3_1__f_CLK_I/Z (gf180mcu_fd_sc_mcu7t5v0__clkbuf_16)
                                                         clknet_3_1__leaf_CLK_I (net)
                      0.128093    0.000582    0.616616 ^ _828_/CLK (gf180mcu_fd_sc_mcu7t5v0__dffq_1)
     5    0.026768    0.301179    0.801013    1.417629 v _828_/Q (gf180mcu_fd_sc_mcu7t5v0__dffq_1)
                                                         register_addr_data_flag (net)
                      0.301180    0.000407    1.418036 v _711_/A1 (gf180mcu_fd_sc_mcu7t5v0__nand4_1)
     1    0.005190    0.251081    0.236159    1.654195 ^ _711_/ZN (gf180mcu_fd_sc_mcu7t5v0__nand4_1)
                                                         _341_ (net)
                      0.251081    0.000053    1.654248 ^ _712_/A2 (gf180mcu_fd_sc_mcu7t5v0__aoi211_1)
     1    0.002886    0.151389    0.128167    1.782415 v _712_/ZN (gf180mcu_fd_sc_mcu7t5v0__aoi211_1)
                                                         _042_ (net)
                      0.151389    0.000028    1.782443 v _829_/D (gf180mcu_fd_sc_mcu7t5v0__dffq_1)
                                              1.782443   data arrival time

                                  0.000000    0.000000   clock system_clock (rise edge)
                                  0.000000    0.000000   clock source latency
     1    0.036569    0.000000    0.000000    0.000000 ^ CLK_I (in)
                                                         CLK_I (net)
                      0.003416    0.001397    0.001397 ^ clkbuf_0_CLK_I/I (gf180mcu_fd_sc_mcu7t5v0__clkbuf_16)
     8    0.208905    0.257094    0.324176    0.325573 ^ clkbuf_0_CLK_I/Z (gf180mcu_fd_sc_mcu7t5v0__clkbuf_16)
                                                         clknet_0_CLK_I (net)
                      0.257110    0.003015    0.328588 ^ clkbuf_3_1__f_CLK_I/I (gf180mcu_fd_sc_mcu7t5v0__clkbuf_16)
    12    0.063772    0.128092    0.287445    0.616033 ^ clkbuf_3_1__f_CLK_I/Z (gf180mcu_fd_sc_mcu7t5v0__clkbuf_16)
                                                         clknet_3_1__leaf_CLK_I (net)
                      0.128092    0.000255    0.616288 ^ _829_/CLK (gf180mcu_fd_sc_mcu7t5v0__dffq_1)
                                  0.500000    1.116288   clock uncertainty
                                  0.000000    1.116288   clock reconvergence pessimism
                                  0.078201    1.194490   library hold time
                                              1.194490   data required time
---------------------------------------------------------------------------------------------
                                              1.194490   data required time
                                             -1.782443   data arrival time
---------------------------------------------------------------------------------------------
                                              0.587954   slack (MET)


Startpoint: _871_ (rising edge-triggered flip-flop clocked by system_clock)
Endpoint: _871_ (rising edge-triggered flip-flop clocked by system_clock)
Path Group: system_clock
Path Type: min

Fanout         Cap        Slew       Delay        Time   Description
---------------------------------------------------------------------------------------------
                                  0.000000    0.000000   clock system_clock (rise edge)
                                  0.000000    0.000000   clock source latency
     1    0.036569    0.000000    0.000000    0.000000 ^ CLK_I (in)
                                                         CLK_I (net)
                      0.003416    0.001397    0.001397 ^ clkbuf_0_CLK_I/I (gf180mcu_fd_sc_mcu7t5v0__clkbuf_16)
     8    0.208905    0.257094    0.324176    0.325573 ^ clkbuf_0_CLK_I/Z (gf180mcu_fd_sc_mcu7t5v0__clkbuf_16)
                                                         clknet_0_CLK_I (net)
                      0.257129    0.004458    0.330031 ^ clkbuf_3_6__f_CLK_I/I (gf180mcu_fd_sc_mcu7t5v0__clkbuf_16)
    13    0.063776    0.128102    0.287481    0.617512 ^ clkbuf_3_6__f_CLK_I/Z (gf180mcu_fd_sc_mcu7t5v0__clkbuf_16)
                                                         clknet_3_6__leaf_CLK_I (net)
                      0.128103    0.000512    0.618024 ^ _871_/CLK (gf180mcu_fd_sc_mcu7t5v0__dffq_1)
     4    0.028953    0.320463    0.814222    1.432246 v _871_/Q (gf180mcu_fd_sc_mcu7t5v0__dffq_1)
                                                         addr_set_register[5] (net)
                      0.320463    0.000364    1.432610 v _460_/A2 (gf180mcu_fd_sc_mcu7t5v0__nand2_1)
     1    0.005314    0.217905    0.211106    1.643716 ^ _460_/ZN (gf180mcu_fd_sc_mcu7t5v0__nand2_1)
                                                         _127_ (net)
                      0.217905    0.000058    1.643774 ^ _462_/A2 (gf180mcu_fd_sc_mcu7t5v0__nand3_1)
     1    0.002760    0.167774    0.136687    1.780461 v _462_/ZN (gf180mcu_fd_sc_mcu7t5v0__nand3_1)
                                                         _005_ (net)
                      0.167774    0.000026    1.780487 v _871_/D (gf180mcu_fd_sc_mcu7t5v0__dffq_1)
                                              1.780487   data arrival time

                                  0.000000    0.000000   clock system_clock (rise edge)
                                  0.000000    0.000000   clock source latency
     1    0.036569    0.000000    0.000000    0.000000 ^ CLK_I (in)
                                                         CLK_I (net)
                      0.003416    0.001397    0.001397 ^ clkbuf_0_CLK_I/I (gf180mcu_fd_sc_mcu7t5v0__clkbuf_16)
     8    0.208905    0.257094    0.324176    0.325573 ^ clkbuf_0_CLK_I/Z (gf180mcu_fd_sc_mcu7t5v0__clkbuf_16)
                                                         clknet_0_CLK_I (net)
                      0.257129    0.004458    0.330031 ^ clkbuf_3_6__f_CLK_I/I (gf180mcu_fd_sc_mcu7t5v0__clkbuf_16)
    13    0.063776    0.128102    0.287481    0.617512 ^ clkbuf_3_6__f_CLK_I/Z (gf180mcu_fd_sc_mcu7t5v0__clkbuf_16)
                                                         clknet_3_6__leaf_CLK_I (net)
                      0.128103    0.000512    0.618024 ^ _871_/CLK (gf180mcu_fd_sc_mcu7t5v0__dffq_1)
                                  0.500000    1.118024   clock uncertainty
                                  0.000000    1.118024   clock reconvergence pessimism
                                  0.073442    1.191466   library hold time
                                              1.191466   data required time
---------------------------------------------------------------------------------------------
                                              1.191466   data required time
                                             -1.780487   data arrival time
---------------------------------------------------------------------------------------------
                                              0.589021   slack (MET)


Startpoint: _855_ (rising edge-triggered flip-flop clocked by system_clock)
Endpoint: _855_ (rising edge-triggered flip-flop clocked by system_clock)
Path Group: system_clock
Path Type: min

Fanout         Cap        Slew       Delay        Time   Description
---------------------------------------------------------------------------------------------
                                  0.000000    0.000000   clock system_clock (rise edge)
                                  0.000000    0.000000   clock source latency
     1    0.036569    0.000000    0.000000    0.000000 ^ CLK_I (in)
                                                         CLK_I (net)
                      0.003416    0.001397    0.001397 ^ clkbuf_0_CLK_I/I (gf180mcu_fd_sc_mcu7t5v0__clkbuf_16)
     8    0.208905    0.257094    0.324176    0.325573 ^ clkbuf_0_CLK_I/Z (gf180mcu_fd_sc_mcu7t5v0__clkbuf_16)
                                                         clknet_0_CLK_I (net)
                      0.257108    0.002826    0.328399 ^ clkbuf_3_5__f_CLK_I/I (gf180mcu_fd_sc_mcu7t5v0__clkbuf_16)
    11    0.066470    0.130403    0.289224    0.617624 ^ clkbuf_3_5__f_CLK_I/Z (gf180mcu_fd_sc_mcu7t5v0__clkbuf_16)
                                                         clknet_3_5__leaf_CLK_I (net)
                      0.130403    0.000477    0.618100 ^ _855_/CLK (gf180mcu_fd_sc_mcu7t5v0__dffq_1)
     2    0.012183    0.176088    0.708314    1.326414 v _855_/Q (gf180mcu_fd_sc_mcu7t5v0__dffq_1)
                                                         net20 (net)
                      0.176088    0.000258    1.326672 v _790_/B2 (gf180mcu_fd_sc_mcu7t5v0__aoi22_1)
     1    0.009376    0.317063    0.302032    1.628705 ^ _790_/ZN (gf180mcu_fd_sc_mcu7t5v0__aoi22_1)
                                                         _394_ (net)
                      0.317063    0.000236    1.628941 ^ _791_/A2 (gf180mcu_fd_sc_mcu7t5v0__nor2_1)
     1    0.004204    0.181004    0.151110    1.780051 v _791_/ZN (gf180mcu_fd_sc_mcu7t5v0__nor2_1)
                                                         _068_ (net)
                      0.181004    0.000084    1.780135 v _855_/D (gf180mcu_fd_sc_mcu7t5v0__dffq_1)
                                              1.780135   data arrival time

                                  0.000000    0.000000   clock system_clock (rise edge)
                                  0.000000    0.000000   clock source latency
     1    0.036569    0.000000    0.000000    0.000000 ^ CLK_I (in)
                                                         CLK_I (net)
                      0.003416    0.001397    0.001397 ^ clkbuf_0_CLK_I/I (gf180mcu_fd_sc_mcu7t5v0__clkbuf_16)
     8    0.208905    0.257094    0.324176    0.325573 ^ clkbuf_0_CLK_I/Z (gf180mcu_fd_sc_mcu7t5v0__clkbuf_16)
                                                         clknet_0_CLK_I (net)
                      0.257108    0.002826    0.328399 ^ clkbuf_3_5__f_CLK_I/I (gf180mcu_fd_sc_mcu7t5v0__clkbuf_16)
    11    0.066470    0.130403    0.289224    0.617624 ^ clkbuf_3_5__f_CLK_I/Z (gf180mcu_fd_sc_mcu7t5v0__clkbuf_16)
                                                         clknet_3_5__leaf_CLK_I (net)
                      0.130403    0.000477    0.618100 ^ _855_/CLK (gf180mcu_fd_sc_mcu7t5v0__dffq_1)
                                  0.500000    1.118100   clock uncertainty
                                  0.000000    1.118100   clock reconvergence pessimism
                                  0.069994    1.188094   library hold time
                                              1.188094   data required time
---------------------------------------------------------------------------------------------
                                              1.188094   data required time
                                             -1.780135   data arrival time
---------------------------------------------------------------------------------------------
                                              0.592041   slack (MET)


Startpoint: _887_ (rising edge-triggered flip-flop clocked by system_clock)
Endpoint: _887_ (rising edge-triggered flip-flop clocked by system_clock)
Path Group: system_clock
Path Type: min

Fanout         Cap        Slew       Delay        Time   Description
---------------------------------------------------------------------------------------------
                                  0.000000    0.000000   clock system_clock (rise edge)
                                  0.000000    0.000000   clock source latency
     1    0.036569    0.000000    0.000000    0.000000 ^ CLK_I (in)
                                                         CLK_I (net)
                      0.003416    0.001397    0.001397 ^ clkbuf_0_CLK_I/I (gf180mcu_fd_sc_mcu7t5v0__clkbuf_16)
     8    0.208905    0.257094    0.324176    0.325573 ^ clkbuf_0_CLK_I/Z (gf180mcu_fd_sc_mcu7t5v0__clkbuf_16)
                                                         clknet_0_CLK_I (net)
                      0.257111    0.003086    0.328659 ^ clkbuf_3_4__f_CLK_I/I (gf180mcu_fd_sc_mcu7t5v0__clkbuf_16)
    10    0.071121    0.134332    0.292100    0.620760 ^ clkbuf_3_4__f_CLK_I/Z (gf180mcu_fd_sc_mcu7t5v0__clkbuf_16)
                                                         clknet_3_4__leaf_CLK_I (net)
                      0.134334    0.000842    0.621602 ^ _887_/CLK (gf180mcu_fd_sc_mcu7t5v0__dffq_1)
     5    0.028150    0.313380    0.810635    1.432237 v _887_/Q (gf180mcu_fd_sc_mcu7t5v0__dffq_1)
                                                         addr_pointer_register_internal[5] (net)
                      0.313381    0.000420    1.432657 v _581_/A1 (gf180mcu_fd_sc_mcu7t5v0__nor2_1)
     1    0.006597    0.308501    0.262444    1.695101 ^ _581_/ZN (gf180mcu_fd_sc_mcu7t5v0__nor2_1)
                                                         _232_ (net)
                      0.308501    0.000136    1.695236 ^ _582_/A2 (gf180mcu_fd_sc_mcu7t5v0__aoi22_1)
     1    0.002749    0.134918    0.104840    1.800076 v _582_/ZN (gf180mcu_fd_sc_mcu7t5v0__aoi22_1)
                                                         _021_ (net)
                      0.134918    0.000026    1.800102 v _887_/D (gf180mcu_fd_sc_mcu7t5v0__dffq_1)
                                              1.800102   data arrival time

                                  0.000000    0.000000   clock system_clock (rise edge)
                                  0.000000    0.000000   clock source latency
     1    0.036569    0.000000    0.000000    0.000000 ^ CLK_I (in)
                                                         CLK_I (net)
                      0.003416    0.001397    0.001397 ^ clkbuf_0_CLK_I/I (gf180mcu_fd_sc_mcu7t5v0__clkbuf_16)
     8    0.208905    0.257094    0.324176    0.325573 ^ clkbuf_0_CLK_I/Z (gf180mcu_fd_sc_mcu7t5v0__clkbuf_16)
                                                         clknet_0_CLK_I (net)
                      0.257111    0.003086    0.328659 ^ clkbuf_3_4__f_CLK_I/I (gf180mcu_fd_sc_mcu7t5v0__clkbuf_16)
    10    0.071121    0.134332    0.292100    0.620760 ^ clkbuf_3_4__f_CLK_I/Z (gf180mcu_fd_sc_mcu7t5v0__clkbuf_16)
                                                         clknet_3_4__leaf_CLK_I (net)
                      0.134334    0.000842    0.621602 ^ _887_/CLK (gf180mcu_fd_sc_mcu7t5v0__dffq_1)
                                  0.500000    1.121602   clock uncertainty
                                  0.000000    1.121602   clock reconvergence pessimism
                                  0.083536    1.205138   library hold time
                                              1.205138   data required time
---------------------------------------------------------------------------------------------
                                              1.205138   data required time
                                             -1.800102   data arrival time
---------------------------------------------------------------------------------------------
                                              0.594964   slack (MET)


Startpoint: _826_ (rising edge-triggered flip-flop clocked by system_clock)
Endpoint: _890_ (rising edge-triggered flip-flop clocked by system_clock)
Path Group: system_clock
Path Type: min

Fanout         Cap        Slew       Delay        Time   Description
---------------------------------------------------------------------------------------------
                                  0.000000    0.000000   clock system_clock (rise edge)
                                  0.000000    0.000000   clock source latency
     1    0.036569    0.000000    0.000000    0.000000 ^ CLK_I (in)
                                                         CLK_I (net)
                      0.003416    0.001397    0.001397 ^ clkbuf_0_CLK_I/I (gf180mcu_fd_sc_mcu7t5v0__clkbuf_16)
     8    0.208905    0.257094    0.324176    0.325573 ^ clkbuf_0_CLK_I/Z (gf180mcu_fd_sc_mcu7t5v0__clkbuf_16)
                                                         clknet_0_CLK_I (net)
                      0.257110    0.003015    0.328588 ^ clkbuf_3_1__f_CLK_I/I (gf180mcu_fd_sc_mcu7t5v0__clkbuf_16)
    12    0.063772    0.128092    0.287445    0.616033 ^ clkbuf_3_1__f_CLK_I/Z (gf180mcu_fd_sc_mcu7t5v0__clkbuf_16)
                                                         clknet_3_1__leaf_CLK_I (net)
                      0.128092    0.000441    0.616475 ^ _826_/CLK (gf180mcu_fd_sc_mcu7t5v0__dffq_1)
     5    0.025893    0.293481    0.795705    1.412180 v _826_/Q (gf180mcu_fd_sc_mcu7t5v0__dffq_1)
                                                         write_request_internal_flag (net)
                      0.293481    0.000326    1.412506 v _598_/A1 (gf180mcu_fd_sc_mcu7t5v0__nand4_1)
     1    0.005780    0.262241    0.242057    1.654563 ^ _598_/ZN (gf180mcu_fd_sc_mcu7t5v0__nand4_1)
                                                         _245_ (net)
                      0.262241    0.000111    1.654674 ^ _599_/B2 (gf180mcu_fd_sc_mcu7t5v0__oai32_1)
     1    0.005241    0.161830    0.132778    1.787453 v _599_/ZN (gf180mcu_fd_sc_mcu7t5v0__oai32_1)
                                                         _024_ (net)
                      0.161830    0.000110    1.787563 v _890_/D (gf180mcu_fd_sc_mcu7t5v0__dffq_1)
                                              1.787563   data arrival time

                                  0.000000    0.000000   clock system_clock (rise edge)
                                  0.000000    0.000000   clock source latency
     1    0.036569    0.000000    0.000000    0.000000 ^ CLK_I (in)
                                                         CLK_I (net)
                      0.003416    0.001397    0.001397 ^ clkbuf_0_CLK_I/I (gf180mcu_fd_sc_mcu7t5v0__clkbuf_16)
     8    0.208905    0.257094    0.324176    0.325573 ^ clkbuf_0_CLK_I/Z (gf180mcu_fd_sc_mcu7t5v0__clkbuf_16)
                                                         clknet_0_CLK_I (net)
                      0.257110    0.003015    0.328588 ^ clkbuf_3_1__f_CLK_I/I (gf180mcu_fd_sc_mcu7t5v0__clkbuf_16)
    12    0.063772    0.128092    0.287445    0.616033 ^ clkbuf_3_1__f_CLK_I/Z (gf180mcu_fd_sc_mcu7t5v0__clkbuf_16)
                                                         clknet_3_1__leaf_CLK_I (net)
                      0.128093    0.000571    0.616605 ^ _890_/CLK (gf180mcu_fd_sc_mcu7t5v0__dffq_1)
                                  0.500000    1.116605   clock uncertainty
                                  0.000000    1.116605   clock reconvergence pessimism
                                  0.075167    1.191772   library hold time
                                              1.191772   data required time
---------------------------------------------------------------------------------------------
                                              1.191772   data required time
                                             -1.787563   data arrival time
---------------------------------------------------------------------------------------------
                                              0.595791   slack (MET)


Startpoint: _888_ (rising edge-triggered flip-flop clocked by system_clock)
Endpoint: _888_ (rising edge-triggered flip-flop clocked by system_clock)
Path Group: system_clock
Path Type: min

Fanout         Cap        Slew       Delay        Time   Description
---------------------------------------------------------------------------------------------
                                  0.000000    0.000000   clock system_clock (rise edge)
                                  0.000000    0.000000   clock source latency
     1    0.036569    0.000000    0.000000    0.000000 ^ CLK_I (in)
                                                         CLK_I (net)
                      0.003416    0.001397    0.001397 ^ clkbuf_0_CLK_I/I (gf180mcu_fd_sc_mcu7t5v0__clkbuf_16)
     8    0.208905    0.257094    0.324176    0.325573 ^ clkbuf_0_CLK_I/Z (gf180mcu_fd_sc_mcu7t5v0__clkbuf_16)
                                                         clknet_0_CLK_I (net)
                      0.257111    0.003086    0.328659 ^ clkbuf_3_4__f_CLK_I/I (gf180mcu_fd_sc_mcu7t5v0__clkbuf_16)
    10    0.071121    0.134332    0.292100    0.620760 ^ clkbuf_3_4__f_CLK_I/Z (gf180mcu_fd_sc_mcu7t5v0__clkbuf_16)
                                                         clknet_3_4__leaf_CLK_I (net)
                      0.134332    0.000314    0.621074 ^ _888_/CLK (gf180mcu_fd_sc_mcu7t5v0__dffq_1)
     4    0.021988    0.259309    0.773253    1.394326 v _888_/Q (gf180mcu_fd_sc_mcu7t5v0__dffq_1)
                                                         addr_pointer_register_internal[6] (net)
                      0.259310    0.000293    1.394620 v _586_/A1 (gf180mcu_fd_sc_mcu7t5v0__nor2_1)
     1    0.005972    0.298769    0.236103    1.630723 ^ _586_/ZN (gf180mcu_fd_sc_mcu7t5v0__nor2_1)
                                                         _236_ (net)
                      0.298769    0.000122    1.630845 ^ _587_/B (gf180mcu_fd_sc_mcu7t5v0__aoi21_1)
     1    0.003397    0.137207    0.169181    1.800025 v _587_/ZN (gf180mcu_fd_sc_mcu7t5v0__aoi21_1)
                                                         _022_ (net)
                      0.137207    0.000036    1.800061 v _888_/D (gf180mcu_fd_sc_mcu7t5v0__dffq_1)
                                              1.800061   data arrival time

                                  0.000000    0.000000   clock system_clock (rise edge)
                                  0.000000    0.000000   clock source latency
     1    0.036569    0.000000    0.000000    0.000000 ^ CLK_I (in)
                                                         CLK_I (net)
                      0.003416    0.001397    0.001397 ^ clkbuf_0_CLK_I/I (gf180mcu_fd_sc_mcu7t5v0__clkbuf_16)
     8    0.208905    0.257094    0.324176    0.325573 ^ clkbuf_0_CLK_I/Z (gf180mcu_fd_sc_mcu7t5v0__clkbuf_16)
                                                         clknet_0_CLK_I (net)
                      0.257111    0.003086    0.328659 ^ clkbuf_3_4__f_CLK_I/I (gf180mcu_fd_sc_mcu7t5v0__clkbuf_16)
    10    0.071121    0.134332    0.292100    0.620760 ^ clkbuf_3_4__f_CLK_I/Z (gf180mcu_fd_sc_mcu7t5v0__clkbuf_16)
                                                         clknet_3_4__leaf_CLK_I (net)
                      0.134332    0.000314    0.621074 ^ _888_/CLK (gf180mcu_fd_sc_mcu7t5v0__dffq_1)
                                  0.500000    1.121074   clock uncertainty
                                  0.000000    1.121074   clock reconvergence pessimism
                                  0.082995    1.204069   library hold time
                                              1.204069   data required time
---------------------------------------------------------------------------------------------
                                              1.204069   data required time
                                             -1.800061   data arrival time
---------------------------------------------------------------------------------------------
                                              0.595993   slack (MET)


Startpoint: _860_ (rising edge-triggered flip-flop clocked by system_clock)
Endpoint: _860_ (rising edge-triggered flip-flop clocked by system_clock)
Path Group: system_clock
Path Type: min

Fanout         Cap        Slew       Delay        Time   Description
---------------------------------------------------------------------------------------------
                                  0.000000    0.000000   clock system_clock (rise edge)
                                  0.000000    0.000000   clock source latency
     1    0.036569    0.000000    0.000000    0.000000 ^ CLK_I (in)
                                                         CLK_I (net)
                      0.003416    0.001397    0.001397 ^ clkbuf_0_CLK_I/I (gf180mcu_fd_sc_mcu7t5v0__clkbuf_16)
     8    0.208905    0.257094    0.324176    0.325573 ^ clkbuf_0_CLK_I/Z (gf180mcu_fd_sc_mcu7t5v0__clkbuf_16)
                                                         clknet_0_CLK_I (net)
                      0.257138    0.004969    0.330543 ^ clkbuf_3_7__f_CLK_I/I (gf180mcu_fd_sc_mcu7t5v0__clkbuf_16)
    13    0.062541    0.127021    0.286568    0.617111 ^ clkbuf_3_7__f_CLK_I/Z (gf180mcu_fd_sc_mcu7t5v0__clkbuf_16)
                                                         clknet_3_7__leaf_CLK_I (net)
                      0.127021    0.000068    0.617179 ^ _860_/CLK (gf180mcu_fd_sc_mcu7t5v0__dffq_1)
     2    0.017370    0.219198    0.742226    1.359405 v _860_/Q (gf180mcu_fd_sc_mcu7t5v0__dffq_1)
                                                         net26 (net)
                      0.219202    0.000615    1.360020 v _801_/A1 (gf180mcu_fd_sc_mcu7t5v0__aoi22_1)
     1    0.006815    0.256438    0.209702    1.569721 ^ _801_/ZN (gf180mcu_fd_sc_mcu7t5v0__aoi22_1)
                                                         _400_ (net)
                      0.256438    0.000089    1.569810 ^ _802_/A2 (gf180mcu_fd_sc_mcu7t5v0__nor2_1)
     1    0.010175    0.232292    0.198182    1.767992 v _802_/ZN (gf180mcu_fd_sc_mcu7t5v0__nor2_1)
                                                         _073_ (net)
                      0.232292    0.000289    1.768281 v _860_/D (gf180mcu_fd_sc_mcu7t5v0__dffq_1)
                                              1.768281   data arrival time

                                  0.000000    0.000000   clock system_clock (rise edge)
                                  0.000000    0.000000   clock source latency
     1    0.036569    0.000000    0.000000    0.000000 ^ CLK_I (in)
                                                         CLK_I (net)
                      0.003416    0.001397    0.001397 ^ clkbuf_0_CLK_I/I (gf180mcu_fd_sc_mcu7t5v0__clkbuf_16)
     8    0.208905    0.257094    0.324176    0.325573 ^ clkbuf_0_CLK_I/Z (gf180mcu_fd_sc_mcu7t5v0__clkbuf_16)
                                                         clknet_0_CLK_I (net)
                      0.257138    0.004969    0.330543 ^ clkbuf_3_7__f_CLK_I/I (gf180mcu_fd_sc_mcu7t5v0__clkbuf_16)
    13    0.062541    0.127021    0.286568    0.617111 ^ clkbuf_3_7__f_CLK_I/Z (gf180mcu_fd_sc_mcu7t5v0__clkbuf_16)
                                                         clknet_3_7__leaf_CLK_I (net)
                      0.127021    0.000068    0.617179 ^ _860_/CLK (gf180mcu_fd_sc_mcu7t5v0__dffq_1)
                                  0.500000    1.117179   clock uncertainty
                                  0.000000    1.117179   clock reconvergence pessimism
                                  0.054500    1.171680   library hold time
                                              1.171680   data required time
---------------------------------------------------------------------------------------------
                                              1.171680   data required time
                                             -1.768281   data arrival time
---------------------------------------------------------------------------------------------
                                              0.596602   slack (MET)


Startpoint: _840_ (rising edge-triggered flip-flop clocked by system_clock)
Endpoint: _840_ (rising edge-triggered flip-flop clocked by system_clock)
Path Group: system_clock
Path Type: min

Fanout         Cap        Slew       Delay        Time   Description
---------------------------------------------------------------------------------------------
                                  0.000000    0.000000   clock system_clock (rise edge)
                                  0.000000    0.000000   clock source latency
     1    0.036569    0.000000    0.000000    0.000000 ^ CLK_I (in)
                                                         CLK_I (net)
                      0.003416    0.001397    0.001397 ^ clkbuf_0_CLK_I/I (gf180mcu_fd_sc_mcu7t5v0__clkbuf_16)
     8    0.208905    0.257094    0.324176    0.325573 ^ clkbuf_0_CLK_I/Z (gf180mcu_fd_sc_mcu7t5v0__clkbuf_16)
                                                         clknet_0_CLK_I (net)
                      0.257120    0.003840    0.329414 ^ clkbuf_3_2__f_CLK_I/I (gf180mcu_fd_sc_mcu7t5v0__clkbuf_16)
    14    0.060173    0.124970    0.284893    0.614307 ^ clkbuf_3_2__f_CLK_I/Z (gf180mcu_fd_sc_mcu7t5v0__clkbuf_16)
                                                         clknet_3_2__leaf_CLK_I (net)
                      0.124971    0.000803    0.615110 ^ _840_/CLK (gf180mcu_fd_sc_mcu7t5v0__dffq_1)
     4    0.026571    0.299455    0.799234    1.414344 v _840_/Q (gf180mcu_fd_sc_mcu7t5v0__dffq_1)
                                                         address_data_buffer_internal[4] (net)
                      0.299455    0.000186    1.414530 v _767_/I0 (gf180mcu_fd_sc_mcu7t5v0__mux2_2)
     1    0.005089    0.124011    0.385261    1.799791 v _767_/Z (gf180mcu_fd_sc_mcu7t5v0__mux2_2)
                                                         _053_ (net)
                      0.124011    0.000100    1.799891 v _840_/D (gf180mcu_fd_sc_mcu7t5v0__dffq_1)
                                              1.799891   data arrival time

                                  0.000000    0.000000   clock system_clock (rise edge)
                                  0.000000    0.000000   clock source latency
     1    0.036569    0.000000    0.000000    0.000000 ^ CLK_I (in)
                                                         CLK_I (net)
                      0.003416    0.001397    0.001397 ^ clkbuf_0_CLK_I/I (gf180mcu_fd_sc_mcu7t5v0__clkbuf_16)
     8    0.208905    0.257094    0.324176    0.325573 ^ clkbuf_0_CLK_I/Z (gf180mcu_fd_sc_mcu7t5v0__clkbuf_16)
                                                         clknet_0_CLK_I (net)
                      0.257120    0.003840    0.329414 ^ clkbuf_3_2__f_CLK_I/I (gf180mcu_fd_sc_mcu7t5v0__clkbuf_16)
    14    0.060173    0.124970    0.284893    0.614307 ^ clkbuf_3_2__f_CLK_I/Z (gf180mcu_fd_sc_mcu7t5v0__clkbuf_16)
                                                         clknet_3_2__leaf_CLK_I (net)
                      0.124971    0.000803    0.615110 ^ _840_/CLK (gf180mcu_fd_sc_mcu7t5v0__dffq_1)
                                  0.500000    1.115110   clock uncertainty
                                  0.000000    1.115110   clock reconvergence pessimism
                                  0.084522    1.199632   library hold time
                                              1.199632   data required time
---------------------------------------------------------------------------------------------
                                              1.199632   data required time
                                             -1.799891   data arrival time
---------------------------------------------------------------------------------------------
                                              0.600260   slack (MET)


Startpoint: _893_ (rising edge-triggered flip-flop clocked by system_clock)
Endpoint: _893_ (rising edge-triggered flip-flop clocked by system_clock)
Path Group: system_clock
Path Type: min

Fanout         Cap        Slew       Delay        Time   Description
---------------------------------------------------------------------------------------------
                                  0.000000    0.000000   clock system_clock (rise edge)
                                  0.000000    0.000000   clock source latency
     1    0.036569    0.000000    0.000000    0.000000 ^ CLK_I (in)
                                                         CLK_I (net)
                      0.003416    0.001397    0.001397 ^ clkbuf_0_CLK_I/I (gf180mcu_fd_sc_mcu7t5v0__clkbuf_16)
     8    0.208905    0.257094    0.324176    0.325573 ^ clkbuf_0_CLK_I/Z (gf180mcu_fd_sc_mcu7t5v0__clkbuf_16)
                                                         clknet_0_CLK_I (net)
                      0.257108    0.002826    0.328399 ^ clkbuf_3_5__f_CLK_I/I (gf180mcu_fd_sc_mcu7t5v0__clkbuf_16)
    11    0.066470    0.130403    0.289224    0.617624 ^ clkbuf_3_5__f_CLK_I/Z (gf180mcu_fd_sc_mcu7t5v0__clkbuf_16)
                                                         clknet_3_5__leaf_CLK_I (net)
                      0.130403    0.000341    0.617964 ^ _893_/CLK (gf180mcu_fd_sc_mcu7t5v0__dffq_1)
     5    0.030555    0.334663    0.824415    1.442380 v _893_/Q (gf180mcu_fd_sc_mcu7t5v0__dffq_1)
                                                         wb_master_subroutine_iteration[1] (net)
                      0.334664    0.000440    1.442820 v _604_/A1 (gf180mcu_fd_sc_mcu7t5v0__nand3_1)
     1    0.006167    0.240268    0.230648    1.673468 ^ _604_/ZN (gf180mcu_fd_sc_mcu7t5v0__nand3_1)
                                                         _247_ (net)
                      0.240268    0.000068    1.673536 ^ _605_/A2 (gf180mcu_fd_sc_mcu7t5v0__aoi21_1)
     1    0.004979    0.149165    0.124898    1.798434 v _605_/ZN (gf180mcu_fd_sc_mcu7t5v0__aoi21_1)
                                                         _027_ (net)
                      0.149165    0.000104    1.798537 v _893_/D (gf180mcu_fd_sc_mcu7t5v0__dffq_1)
                                              1.798537   data arrival time

                                  0.000000    0.000000   clock system_clock (rise edge)
                                  0.000000    0.000000   clock source latency
     1    0.036569    0.000000    0.000000    0.000000 ^ CLK_I (in)
                                                         CLK_I (net)
                      0.003416    0.001397    0.001397 ^ clkbuf_0_CLK_I/I (gf180mcu_fd_sc_mcu7t5v0__clkbuf_16)
     8    0.208905    0.257094    0.324176    0.325573 ^ clkbuf_0_CLK_I/Z (gf180mcu_fd_sc_mcu7t5v0__clkbuf_16)
                                                         clknet_0_CLK_I (net)
                      0.257108    0.002826    0.328399 ^ clkbuf_3_5__f_CLK_I/I (gf180mcu_fd_sc_mcu7t5v0__clkbuf_16)
    11    0.066470    0.130403    0.289224    0.617624 ^ clkbuf_3_5__f_CLK_I/Z (gf180mcu_fd_sc_mcu7t5v0__clkbuf_16)
                                                         clknet_3_5__leaf_CLK_I (net)
                      0.130403    0.000341    0.617964 ^ _893_/CLK (gf180mcu_fd_sc_mcu7t5v0__dffq_1)
                                  0.500000    1.117964   clock uncertainty
                                  0.000000    1.117964   clock reconvergence pessimism
                                  0.079233    1.197197   library hold time
                                              1.197197   data required time
---------------------------------------------------------------------------------------------
                                              1.197197   data required time
                                             -1.798537   data arrival time
---------------------------------------------------------------------------------------------
                                              0.601340   slack (MET)


Startpoint: _873_ (rising edge-triggered flip-flop clocked by system_clock)
Endpoint: _873_ (rising edge-triggered flip-flop clocked by system_clock)
Path Group: system_clock
Path Type: min

Fanout         Cap        Slew       Delay        Time   Description
---------------------------------------------------------------------------------------------
                                  0.000000    0.000000   clock system_clock (rise edge)
                                  0.000000    0.000000   clock source latency
     1    0.036569    0.000000    0.000000    0.000000 ^ CLK_I (in)
                                                         CLK_I (net)
                      0.003416    0.001397    0.001397 ^ clkbuf_0_CLK_I/I (gf180mcu_fd_sc_mcu7t5v0__clkbuf_16)
     8    0.208905    0.257094    0.324176    0.325573 ^ clkbuf_0_CLK_I/Z (gf180mcu_fd_sc_mcu7t5v0__clkbuf_16)
                                                         clknet_0_CLK_I (net)
                      0.257129    0.004458    0.330031 ^ clkbuf_3_6__f_CLK_I/I (gf180mcu_fd_sc_mcu7t5v0__clkbuf_16)
    13    0.063776    0.128102    0.287481    0.617512 ^ clkbuf_3_6__f_CLK_I/Z (gf180mcu_fd_sc_mcu7t5v0__clkbuf_16)
                                                         clknet_3_6__leaf_CLK_I (net)
                      0.128103    0.000517    0.618029 ^ _873_/CLK (gf180mcu_fd_sc_mcu7t5v0__dffq_1)
     4    0.026642    0.300060    0.800212    1.418241 v _873_/Q (gf180mcu_fd_sc_mcu7t5v0__dffq_1)
                                                         addr_set_register[7] (net)
                      0.300061    0.000442    1.418683 v _466_/A2 (gf180mcu_fd_sc_mcu7t5v0__nand2_1)
     1    0.007555    0.246879    0.228875    1.647558 ^ _466_/ZN (gf180mcu_fd_sc_mcu7t5v0__nand2_1)
                                                         _131_ (net)
                      0.246879    0.000171    1.647729 ^ _468_/A2 (gf180mcu_fd_sc_mcu7t5v0__nand3_1)
     1    0.003231    0.172277    0.144185    1.791914 v _468_/ZN (gf180mcu_fd_sc_mcu7t5v0__nand3_1)
                                                         _007_ (net)
                      0.172277    0.000033    1.791947 v _873_/D (gf180mcu_fd_sc_mcu7t5v0__dffq_1)
                                              1.791947   data arrival time

                                  0.000000    0.000000   clock system_clock (rise edge)
                                  0.000000    0.000000   clock source latency
     1    0.036569    0.000000    0.000000    0.000000 ^ CLK_I (in)
                                                         CLK_I (net)
                      0.003416    0.001397    0.001397 ^ clkbuf_0_CLK_I/I (gf180mcu_fd_sc_mcu7t5v0__clkbuf_16)
     8    0.208905    0.257094    0.324176    0.325573 ^ clkbuf_0_CLK_I/Z (gf180mcu_fd_sc_mcu7t5v0__clkbuf_16)
                                                         clknet_0_CLK_I (net)
                      0.257129    0.004458    0.330031 ^ clkbuf_3_6__f_CLK_I/I (gf180mcu_fd_sc_mcu7t5v0__clkbuf_16)
    13    0.063776    0.128102    0.287481    0.617512 ^ clkbuf_3_6__f_CLK_I/Z (gf180mcu_fd_sc_mcu7t5v0__clkbuf_16)
                                                         clknet_3_6__leaf_CLK_I (net)
                      0.128103    0.000517    0.618029 ^ _873_/CLK (gf180mcu_fd_sc_mcu7t5v0__dffq_1)
                                  0.500000    1.118029   clock uncertainty
                                  0.000000    1.118029   clock reconvergence pessimism
                                  0.072134    1.190163   library hold time
                                              1.190163   data required time
---------------------------------------------------------------------------------------------
                                              1.190163   data required time
                                             -1.791947   data arrival time
---------------------------------------------------------------------------------------------
                                              0.601784   slack (MET)


Startpoint: _851_ (rising edge-triggered flip-flop clocked by system_clock)
Endpoint: _851_ (rising edge-triggered flip-flop clocked by system_clock)
Path Group: system_clock
Path Type: min

Fanout         Cap        Slew       Delay        Time   Description
---------------------------------------------------------------------------------------------
                                  0.000000    0.000000   clock system_clock (rise edge)
                                  0.000000    0.000000   clock source latency
     1    0.036569    0.000000    0.000000    0.000000 ^ CLK_I (in)
                                                         CLK_I (net)
                      0.003416    0.001397    0.001397 ^ clkbuf_0_CLK_I/I (gf180mcu_fd_sc_mcu7t5v0__clkbuf_16)
     8    0.208905    0.257094    0.324176    0.325573 ^ clkbuf_0_CLK_I/Z (gf180mcu_fd_sc_mcu7t5v0__clkbuf_16)
                                                         clknet_0_CLK_I (net)
                      0.257111    0.003086    0.328659 ^ clkbuf_3_4__f_CLK_I/I (gf180mcu_fd_sc_mcu7t5v0__clkbuf_16)
    10    0.071121    0.134332    0.292100    0.620760 ^ clkbuf_3_4__f_CLK_I/Z (gf180mcu_fd_sc_mcu7t5v0__clkbuf_16)
                                                         clknet_3_4__leaf_CLK_I (net)
                      0.134332    0.000073    0.620833 ^ _851_/CLK (gf180mcu_fd_sc_mcu7t5v0__dffq_1)
     2    0.011214    0.168034    0.702624    1.323457 v _851_/Q (gf180mcu_fd_sc_mcu7t5v0__dffq_1)
                                                         net16 (net)
                      0.168034    0.000220    1.323676 v _782_/B2 (gf180mcu_fd_sc_mcu7t5v0__aoi22_1)
     1    0.010001    0.372018    0.308378    1.632054 ^ _782_/ZN (gf180mcu_fd_sc_mcu7t5v0__aoi22_1)
                                                         _390_ (net)
                      0.372018    0.000269    1.632323 ^ _783_/A2 (gf180mcu_fd_sc_mcu7t5v0__nor2_1)
     1    0.005622    0.210160    0.171376    1.803699 v _783_/ZN (gf180mcu_fd_sc_mcu7t5v0__nor2_1)
                                                         _064_ (net)
                      0.210160    0.000121    1.803821 v _851_/D (gf180mcu_fd_sc_mcu7t5v0__dffq_1)
                                              1.803821   data arrival time

                                  0.000000    0.000000   clock system_clock (rise edge)
                                  0.000000    0.000000   clock source latency
     1    0.036569    0.000000    0.000000    0.000000 ^ CLK_I (in)
                                                         CLK_I (net)
                      0.003416    0.001397    0.001397 ^ clkbuf_0_CLK_I/I (gf180mcu_fd_sc_mcu7t5v0__clkbuf_16)
     8    0.208905    0.257094    0.324176    0.325573 ^ clkbuf_0_CLK_I/Z (gf180mcu_fd_sc_mcu7t5v0__clkbuf_16)
                                                         clknet_0_CLK_I (net)
                      0.257111    0.003086    0.328659 ^ clkbuf_3_4__f_CLK_I/I (gf180mcu_fd_sc_mcu7t5v0__clkbuf_16)
    10    0.071121    0.134332    0.292100    0.620760 ^ clkbuf_3_4__f_CLK_I/Z (gf180mcu_fd_sc_mcu7t5v0__clkbuf_16)
                                                         clknet_3_4__leaf_CLK_I (net)
                      0.134332    0.000073    0.620833 ^ _851_/CLK (gf180mcu_fd_sc_mcu7t5v0__dffq_1)
                                  0.500000    1.120833   clock uncertainty
                                  0.000000    1.120833   clock reconvergence pessimism
                                  0.062230    1.183063   library hold time
                                              1.183063   data required time
---------------------------------------------------------------------------------------------
                                              1.183063   data required time
                                             -1.803821   data arrival time
---------------------------------------------------------------------------------------------
                                              0.620758   slack (MET)


Startpoint: _864_ (rising edge-triggered flip-flop clocked by system_clock)
Endpoint: _864_ (rising edge-triggered flip-flop clocked by system_clock)
Path Group: system_clock
Path Type: min

Fanout         Cap        Slew       Delay        Time   Description
---------------------------------------------------------------------------------------------
                                  0.000000    0.000000   clock system_clock (rise edge)
                                  0.000000    0.000000   clock source latency
     1    0.036569    0.000000    0.000000    0.000000 ^ CLK_I (in)
                                                         CLK_I (net)
                      0.003416    0.001397    0.001397 ^ clkbuf_0_CLK_I/I (gf180mcu_fd_sc_mcu7t5v0__clkbuf_16)
     8    0.208905    0.257094    0.324176    0.325573 ^ clkbuf_0_CLK_I/Z (gf180mcu_fd_sc_mcu7t5v0__clkbuf_16)
                                                         clknet_0_CLK_I (net)
                      0.257108    0.002826    0.328399 ^ clkbuf_3_5__f_CLK_I/I (gf180mcu_fd_sc_mcu7t5v0__clkbuf_16)
    11    0.066470    0.130403    0.289224    0.617624 ^ clkbuf_3_5__f_CLK_I/Z (gf180mcu_fd_sc_mcu7t5v0__clkbuf_16)
                                                         clknet_3_5__leaf_CLK_I (net)
                      0.130403    0.000370    0.617994 ^ _864_/CLK (gf180mcu_fd_sc_mcu7t5v0__dffq_1)
     3    0.028407    0.315537    0.810962    1.428956 v _864_/Q (gf180mcu_fd_sc_mcu7t5v0__dffq_1)
                                                         net21 (net)
                      0.315539    0.000619    1.429575 v _809_/B (gf180mcu_fd_sc_mcu7t5v0__oai21_1)
     1    0.005749    0.268499    0.249383    1.678959 ^ _809_/ZN (gf180mcu_fd_sc_mcu7t5v0__oai21_1)
                                                         _404_ (net)
                      0.268499    0.000112    1.679071 ^ _810_/A2 (gf180mcu_fd_sc_mcu7t5v0__aoi21_1)
     1    0.005896    0.165105    0.134810    1.813881 v _810_/ZN (gf180mcu_fd_sc_mcu7t5v0__aoi21_1)
                                                         _077_ (net)
                      0.165105    0.000133    1.814014 v _864_/D (gf180mcu_fd_sc_mcu7t5v0__dffq_1)
                                              1.814014   data arrival time

                                  0.000000    0.000000   clock system_clock (rise edge)
                                  0.000000    0.000000   clock source latency
     1    0.036569    0.000000    0.000000    0.000000 ^ CLK_I (in)
                                                         CLK_I (net)
                      0.003416    0.001397    0.001397 ^ clkbuf_0_CLK_I/I (gf180mcu_fd_sc_mcu7t5v0__clkbuf_16)
     8    0.208905    0.257094    0.324176    0.325573 ^ clkbuf_0_CLK_I/Z (gf180mcu_fd_sc_mcu7t5v0__clkbuf_16)
                                                         clknet_0_CLK_I (net)
                      0.257108    0.002826    0.328399 ^ clkbuf_3_5__f_CLK_I/I (gf180mcu_fd_sc_mcu7t5v0__clkbuf_16)
    11    0.066470    0.130403    0.289224    0.617624 ^ clkbuf_3_5__f_CLK_I/Z (gf180mcu_fd_sc_mcu7t5v0__clkbuf_16)
                                                         clknet_3_5__leaf_CLK_I (net)
                      0.130403    0.000370    0.617994 ^ _864_/CLK (gf180mcu_fd_sc_mcu7t5v0__dffq_1)
                                  0.500000    1.117994   clock uncertainty
                                  0.000000    1.117994   clock reconvergence pessimism
                                  0.074607    1.192601   library hold time
                                              1.192601   data required time
---------------------------------------------------------------------------------------------
                                              1.192601   data required time
                                             -1.814014   data arrival time
---------------------------------------------------------------------------------------------
                                              0.621413   slack (MET)


Startpoint: _838_ (rising edge-triggered flip-flop clocked by system_clock)
Endpoint: _838_ (rising edge-triggered flip-flop clocked by system_clock)
Path Group: system_clock
Path Type: min

Fanout         Cap        Slew       Delay        Time   Description
---------------------------------------------------------------------------------------------
                                  0.000000    0.000000   clock system_clock (rise edge)
                                  0.000000    0.000000   clock source latency
     1    0.036569    0.000000    0.000000    0.000000 ^ CLK_I (in)
                                                         CLK_I (net)
                      0.003416    0.001397    0.001397 ^ clkbuf_0_CLK_I/I (gf180mcu_fd_sc_mcu7t5v0__clkbuf_16)
     8    0.208905    0.257094    0.324176    0.325573 ^ clkbuf_0_CLK_I/Z (gf180mcu_fd_sc_mcu7t5v0__clkbuf_16)
                                                         clknet_0_CLK_I (net)
                      0.257120    0.003840    0.329414 ^ clkbuf_3_2__f_CLK_I/I (gf180mcu_fd_sc_mcu7t5v0__clkbuf_16)
    14    0.060173    0.124970    0.284893    0.614307 ^ clkbuf_3_2__f_CLK_I/Z (gf180mcu_fd_sc_mcu7t5v0__clkbuf_16)
                                                         clknet_3_2__leaf_CLK_I (net)
                      0.124970    0.000035    0.614342 ^ _838_/CLK (gf180mcu_fd_sc_mcu7t5v0__dffq_1)
     4    0.025102    0.286546    0.790345    1.404687 v _838_/Q (gf180mcu_fd_sc_mcu7t5v0__dffq_1)
                                                         address_data_buffer_internal[2] (net)
                      0.286546    0.000274    1.404961 v _425_/I (gf180mcu_fd_sc_mcu7t5v0__clkinv_1)
     2    0.014474    0.292102    0.244112    1.649072 ^ _425_/ZN (gf180mcu_fd_sc_mcu7t5v0__clkinv_1)
                                                         _098_ (net)
                      0.292102    0.000222    1.649295 ^ _765_/A2 (gf180mcu_fd_sc_mcu7t5v0__oai21_1)
     1    0.005130    0.157551    0.163466    1.812761 v _765_/ZN (gf180mcu_fd_sc_mcu7t5v0__oai21_1)
                                                         _051_ (net)
                      0.157551    0.000111    1.812872 v _838_/D (gf180mcu_fd_sc_mcu7t5v0__dffq_1)
                                              1.812872   data arrival time

                                  0.000000    0.000000   clock system_clock (rise edge)
                                  0.000000    0.000000   clock source latency
     1    0.036569    0.000000    0.000000    0.000000 ^ CLK_I (in)
                                                         CLK_I (net)
                      0.003416    0.001397    0.001397 ^ clkbuf_0_CLK_I/I (gf180mcu_fd_sc_mcu7t5v0__clkbuf_16)
     8    0.208905    0.257094    0.324176    0.325573 ^ clkbuf_0_CLK_I/Z (gf180mcu_fd_sc_mcu7t5v0__clkbuf_16)
                                                         clknet_0_CLK_I (net)
                      0.257120    0.003840    0.329414 ^ clkbuf_3_2__f_CLK_I/I (gf180mcu_fd_sc_mcu7t5v0__clkbuf_16)
    14    0.060173    0.124970    0.284893    0.614307 ^ clkbuf_3_2__f_CLK_I/Z (gf180mcu_fd_sc_mcu7t5v0__clkbuf_16)
                                                         clknet_3_2__leaf_CLK_I (net)
                      0.124970    0.000035    0.614342 ^ _838_/CLK (gf180mcu_fd_sc_mcu7t5v0__dffq_1)
                                  0.500000    1.114341   clock uncertainty
                                  0.000000    1.114341   clock reconvergence pessimism
                                  0.075885    1.190227   library hold time
                                              1.190227   data required time
---------------------------------------------------------------------------------------------
                                              1.190227   data required time
                                             -1.812872   data arrival time
---------------------------------------------------------------------------------------------
                                              0.622645   slack (MET)


Startpoint: _870_ (rising edge-triggered flip-flop clocked by system_clock)
Endpoint: _870_ (rising edge-triggered flip-flop clocked by system_clock)
Path Group: system_clock
Path Type: min

Fanout         Cap        Slew       Delay        Time   Description
---------------------------------------------------------------------------------------------
                                  0.000000    0.000000   clock system_clock (rise edge)
                                  0.000000    0.000000   clock source latency
     1    0.036569    0.000000    0.000000    0.000000 ^ CLK_I (in)
                                                         CLK_I (net)
                      0.003416    0.001397    0.001397 ^ clkbuf_0_CLK_I/I (gf180mcu_fd_sc_mcu7t5v0__clkbuf_16)
     8    0.208905    0.257094    0.324176    0.325573 ^ clkbuf_0_CLK_I/Z (gf180mcu_fd_sc_mcu7t5v0__clkbuf_16)
                                                         clknet_0_CLK_I (net)
                      0.257116    0.003554    0.329127 ^ clkbuf_3_3__f_CLK_I/I (gf180mcu_fd_sc_mcu7t5v0__clkbuf_16)
    10    0.068732    0.132332    0.290690    0.619817 ^ clkbuf_3_3__f_CLK_I/Z (gf180mcu_fd_sc_mcu7t5v0__clkbuf_16)
                                                         clknet_3_3__leaf_CLK_I (net)
                      0.132333    0.000384    0.620201 ^ _870_/CLK (gf180mcu_fd_sc_mcu7t5v0__dffq_1)
     4    0.025923    0.293708    0.796604    1.416805 v _870_/Q (gf180mcu_fd_sc_mcu7t5v0__dffq_1)
                                                         addr_set_register[4] (net)
                      0.293709    0.000433    1.417238 v _458_/A1 (gf180mcu_fd_sc_mcu7t5v0__oai21_1)
     1    0.004363    0.280040    0.240648    1.657887 ^ _458_/ZN (gf180mcu_fd_sc_mcu7t5v0__oai21_1)
                                                         _126_ (net)
                      0.280040    0.000080    1.657967 ^ _459_/B (gf180mcu_fd_sc_mcu7t5v0__aoi21_1)
     1    0.002750    0.181997    0.158571    1.816538 v _459_/ZN (gf180mcu_fd_sc_mcu7t5v0__aoi21_1)
                                                         _004_ (net)
                      0.181997    0.000026    1.816564 v _870_/D (gf180mcu_fd_sc_mcu7t5v0__dffq_1)
                                              1.816564   data arrival time

                                  0.000000    0.000000   clock system_clock (rise edge)
                                  0.000000    0.000000   clock source latency
     1    0.036569    0.000000    0.000000    0.000000 ^ CLK_I (in)
                                                         CLK_I (net)
                      0.003416    0.001397    0.001397 ^ clkbuf_0_CLK_I/I (gf180mcu_fd_sc_mcu7t5v0__clkbuf_16)
     8    0.208905    0.257094    0.324176    0.325573 ^ clkbuf_0_CLK_I/Z (gf180mcu_fd_sc_mcu7t5v0__clkbuf_16)
                                                         clknet_0_CLK_I (net)
                      0.257116    0.003554    0.329127 ^ clkbuf_3_3__f_CLK_I/I (gf180mcu_fd_sc_mcu7t5v0__clkbuf_16)
    10    0.068732    0.132332    0.290690    0.619817 ^ clkbuf_3_3__f_CLK_I/Z (gf180mcu_fd_sc_mcu7t5v0__clkbuf_16)
                                                         clknet_3_3__leaf_CLK_I (net)
                      0.132333    0.000384    0.620201 ^ _870_/CLK (gf180mcu_fd_sc_mcu7t5v0__dffq_1)
                                  0.500000    1.120201   clock uncertainty
                                  0.000000    1.120201   clock reconvergence pessimism
                                  0.070039    1.190240   library hold time
                                              1.190240   data required time
---------------------------------------------------------------------------------------------
                                              1.190240   data required time
                                             -1.816564   data arrival time
---------------------------------------------------------------------------------------------
                                              0.626325   slack (MET)


Startpoint: _818_ (rising edge-triggered flip-flop clocked by system_clock)
Endpoint: _819_ (rising edge-triggered flip-flop clocked by system_clock)
Path Group: system_clock
Path Type: min

Fanout         Cap        Slew       Delay        Time   Description
---------------------------------------------------------------------------------------------
                                  0.000000    0.000000   clock system_clock (rise edge)
                                  0.000000    0.000000   clock source latency
     1    0.036569    0.000000    0.000000    0.000000 ^ CLK_I (in)
                                                         CLK_I (net)
                      0.003416    0.001397    0.001397 ^ clkbuf_0_CLK_I/I (gf180mcu_fd_sc_mcu7t5v0__clkbuf_16)
     8    0.208905    0.257094    0.324176    0.325573 ^ clkbuf_0_CLK_I/Z (gf180mcu_fd_sc_mcu7t5v0__clkbuf_16)
                                                         clknet_0_CLK_I (net)
                      0.257110    0.003015    0.328588 ^ clkbuf_3_1__f_CLK_I/I (gf180mcu_fd_sc_mcu7t5v0__clkbuf_16)
    12    0.063772    0.128092    0.287445    0.616033 ^ clkbuf_3_1__f_CLK_I/Z (gf180mcu_fd_sc_mcu7t5v0__clkbuf_16)
                                                         clknet_3_1__leaf_CLK_I (net)
                      0.128093    0.000656    0.616690 ^ _818_/CLK (gf180mcu_fd_sc_mcu7t5v0__dffq_1)
     4    0.031539    0.343397    0.829908    1.446598 v _818_/Q (gf180mcu_fd_sc_mcu7t5v0__dffq_1)
                                                         recv_data_buffer[0] (net)
                      0.343398    0.000412    1.447010 v _684_/A1 (gf180mcu_fd_sc_mcu7t5v0__nand4_1)
     1    0.005978    0.273086    0.258861    1.705871 ^ _684_/ZN (gf180mcu_fd_sc_mcu7t5v0__nand4_1)
                                                         _324_ (net)
                      0.273086    0.000065    1.705935 ^ _685_/B (gf180mcu_fd_sc_mcu7t5v0__oai21_1)
     1    0.003107    0.138179    0.123807    1.829742 v _685_/ZN (gf180mcu_fd_sc_mcu7t5v0__oai21_1)
                                                         _032_ (net)
                      0.138179    0.000031    1.829773 v _819_/D (gf180mcu_fd_sc_mcu7t5v0__dffq_1)
                                              1.829773   data arrival time

                                  0.000000    0.000000   clock system_clock (rise edge)
                                  0.000000    0.000000   clock source latency
     1    0.036569    0.000000    0.000000    0.000000 ^ CLK_I (in)
                                                         CLK_I (net)
                      0.003416    0.001397    0.001397 ^ clkbuf_0_CLK_I/I (gf180mcu_fd_sc_mcu7t5v0__clkbuf_16)
     8    0.208905    0.257094    0.324176    0.325573 ^ clkbuf_0_CLK_I/Z (gf180mcu_fd_sc_mcu7t5v0__clkbuf_16)
                                                         clknet_0_CLK_I (net)
                      0.257116    0.003554    0.329127 ^ clkbuf_3_3__f_CLK_I/I (gf180mcu_fd_sc_mcu7t5v0__clkbuf_16)
    10    0.068732    0.132332    0.290690    0.619817 ^ clkbuf_3_3__f_CLK_I/Z (gf180mcu_fd_sc_mcu7t5v0__clkbuf_16)
                                                         clknet_3_3__leaf_CLK_I (net)
                      0.132332    0.000181    0.619998 ^ _819_/CLK (gf180mcu_fd_sc_mcu7t5v0__dffq_1)
                                  0.500000    1.119998   clock uncertainty
                                  0.000000    1.119998   clock reconvergence pessimism
                                  0.082431    1.202429   library hold time
                                              1.202429   data required time
---------------------------------------------------------------------------------------------
                                              1.202429   data required time
                                             -1.829773   data arrival time
---------------------------------------------------------------------------------------------
                                              0.627344   slack (MET)


Startpoint: _836_ (rising edge-triggered flip-flop clocked by system_clock)
Endpoint: _836_ (rising edge-triggered flip-flop clocked by system_clock)
Path Group: system_clock
Path Type: min

Fanout         Cap        Slew       Delay        Time   Description
---------------------------------------------------------------------------------------------
                                  0.000000    0.000000   clock system_clock (rise edge)
                                  0.000000    0.000000   clock source latency
     1    0.036569    0.000000    0.000000    0.000000 ^ CLK_I (in)
                                                         CLK_I (net)
                      0.003416    0.001397    0.001397 ^ clkbuf_0_CLK_I/I (gf180mcu_fd_sc_mcu7t5v0__clkbuf_16)
     8    0.208905    0.257094    0.324176    0.325573 ^ clkbuf_0_CLK_I/Z (gf180mcu_fd_sc_mcu7t5v0__clkbuf_16)
                                                         clknet_0_CLK_I (net)
                      0.257119    0.003750    0.329323 ^ clkbuf_3_0__f_CLK_I/I (gf180mcu_fd_sc_mcu7t5v0__clkbuf_16)
     9    0.058179    0.123285    0.283678    0.613001 ^ clkbuf_3_0__f_CLK_I/Z (gf180mcu_fd_sc_mcu7t5v0__clkbuf_16)
                                                         clknet_3_0__leaf_CLK_I (net)
                      0.123287    0.001034    0.614035 ^ _836_/CLK (gf180mcu_fd_sc_mcu7t5v0__dffq_1)
     4    0.031350    0.341663    0.827553    1.441588 v _836_/Q (gf180mcu_fd_sc_mcu7t5v0__dffq_1)
                                                         address_data_buffer_internal[0] (net)
                      0.341663    0.000414    1.442002 v _761_/I0 (gf180mcu_fd_sc_mcu7t5v0__mux2_2)
     1    0.004954    0.120259    0.392888    1.834890 v _761_/Z (gf180mcu_fd_sc_mcu7t5v0__mux2_2)
                                                         _049_ (net)
                      0.120259    0.000103    1.834993 v _836_/D (gf180mcu_fd_sc_mcu7t5v0__dffq_1)
                                              1.834993   data arrival time

                                  0.000000    0.000000   clock system_clock (rise edge)
                                  0.000000    0.000000   clock source latency
     1    0.036569    0.000000    0.000000    0.000000 ^ CLK_I (in)
                                                         CLK_I (net)
                      0.003416    0.001397    0.001397 ^ clkbuf_0_CLK_I/I (gf180mcu_fd_sc_mcu7t5v0__clkbuf_16)
     8    0.208905    0.257094    0.324176    0.325573 ^ clkbuf_0_CLK_I/Z (gf180mcu_fd_sc_mcu7t5v0__clkbuf_16)
                                                         clknet_0_CLK_I (net)
                      0.257119    0.003750    0.329323 ^ clkbuf_3_0__f_CLK_I/I (gf180mcu_fd_sc_mcu7t5v0__clkbuf_16)
     9    0.058179    0.123285    0.283678    0.613001 ^ clkbuf_3_0__f_CLK_I/Z (gf180mcu_fd_sc_mcu7t5v0__clkbuf_16)
                                                         clknet_3_0__leaf_CLK_I (net)
                      0.123287    0.001034    0.614035 ^ _836_/CLK (gf180mcu_fd_sc_mcu7t5v0__dffq_1)
                                  0.500000    1.114035   clock uncertainty
                                  0.000000    1.114035   clock reconvergence pessimism
                                  0.085114    1.199149   library hold time
                                              1.199149   data required time
---------------------------------------------------------------------------------------------
                                              1.199149   data required time
                                             -1.834993   data arrival time
---------------------------------------------------------------------------------------------
                                              0.635844   slack (MET)


Startpoint: _867_ (rising edge-triggered flip-flop clocked by system_clock)
Endpoint: _867_ (rising edge-triggered flip-flop clocked by system_clock)
Path Group: system_clock
Path Type: min

Fanout         Cap        Slew       Delay        Time   Description
---------------------------------------------------------------------------------------------
                                  0.000000    0.000000   clock system_clock (rise edge)
                                  0.000000    0.000000   clock source latency
     1    0.036569    0.000000    0.000000    0.000000 ^ CLK_I (in)
                                                         CLK_I (net)
                      0.003416    0.001397    0.001397 ^ clkbuf_0_CLK_I/I (gf180mcu_fd_sc_mcu7t5v0__clkbuf_16)
     8    0.208905    0.257094    0.324176    0.325573 ^ clkbuf_0_CLK_I/Z (gf180mcu_fd_sc_mcu7t5v0__clkbuf_16)
                                                         clknet_0_CLK_I (net)
                      0.257116    0.003554    0.329127 ^ clkbuf_3_3__f_CLK_I/I (gf180mcu_fd_sc_mcu7t5v0__clkbuf_16)
    10    0.068732    0.132332    0.290690    0.619817 ^ clkbuf_3_3__f_CLK_I/Z (gf180mcu_fd_sc_mcu7t5v0__clkbuf_16)
                                                         clknet_3_3__leaf_CLK_I (net)
                      0.132332    0.000034    0.619852 ^ _867_/CLK (gf180mcu_fd_sc_mcu7t5v0__dffq_1)
     3    0.017170    0.217530    0.742069    1.361920 v _867_/Q (gf180mcu_fd_sc_mcu7t5v0__dffq_1)
                                                         addr_set_register[1] (net)
                      0.217531    0.000365    1.362285 v _408_/I (gf180mcu_fd_sc_mcu7t5v0__clkinv_1)
     3    0.019300    0.356152    0.269534    1.631819 ^ _408_/ZN (gf180mcu_fd_sc_mcu7t5v0__clkinv_1)
                                                         _081_ (net)
                      0.356152    0.000266    1.632085 ^ _816_/A1 (gf180mcu_fd_sc_mcu7t5v0__oai211_1)
     1    0.004384    0.228084    0.181045    1.813130 v _816_/ZN (gf180mcu_fd_sc_mcu7t5v0__oai211_1)
                                                         _080_ (net)
                      0.228084    0.000086    1.813216 v _867_/D (gf180mcu_fd_sc_mcu7t5v0__dffq_1)
                                              1.813216   data arrival time

                                  0.000000    0.000000   clock system_clock (rise edge)
                                  0.000000    0.000000   clock source latency
     1    0.036569    0.000000    0.000000    0.000000 ^ CLK_I (in)
                                                         CLK_I (net)
                      0.003416    0.001397    0.001397 ^ clkbuf_0_CLK_I/I (gf180mcu_fd_sc_mcu7t5v0__clkbuf_16)
     8    0.208905    0.257094    0.324176    0.325573 ^ clkbuf_0_CLK_I/Z (gf180mcu_fd_sc_mcu7t5v0__clkbuf_16)
                                                         clknet_0_CLK_I (net)
                      0.257116    0.003554    0.329127 ^ clkbuf_3_3__f_CLK_I/I (gf180mcu_fd_sc_mcu7t5v0__clkbuf_16)
    10    0.068732    0.132332    0.290690    0.619817 ^ clkbuf_3_3__f_CLK_I/Z (gf180mcu_fd_sc_mcu7t5v0__clkbuf_16)
                                                         clknet_3_3__leaf_CLK_I (net)
                      0.132332    0.000034    0.619852 ^ _867_/CLK (gf180mcu_fd_sc_mcu7t5v0__dffq_1)
                                  0.500000    1.119852   clock uncertainty
                                  0.000000    1.119852   clock reconvergence pessimism
                                  0.056681    1.176532   library hold time
                                              1.176532   data required time
---------------------------------------------------------------------------------------------
                                              1.176532   data required time
                                             -1.813216   data arrival time
---------------------------------------------------------------------------------------------
                                              0.636684   slack (MET)


Startpoint: _853_ (rising edge-triggered flip-flop clocked by system_clock)
Endpoint: _853_ (rising edge-triggered flip-flop clocked by system_clock)
Path Group: system_clock
Path Type: min

Fanout         Cap        Slew       Delay        Time   Description
---------------------------------------------------------------------------------------------
                                  0.000000    0.000000   clock system_clock (rise edge)
                                  0.000000    0.000000   clock source latency
     1    0.036569    0.000000    0.000000    0.000000 ^ CLK_I (in)
                                                         CLK_I (net)
                      0.003416    0.001397    0.001397 ^ clkbuf_0_CLK_I/I (gf180mcu_fd_sc_mcu7t5v0__clkbuf_16)
     8    0.208905    0.257094    0.324176    0.325573 ^ clkbuf_0_CLK_I/Z (gf180mcu_fd_sc_mcu7t5v0__clkbuf_16)
                                                         clknet_0_CLK_I (net)
                      0.257108    0.002826    0.328399 ^ clkbuf_3_5__f_CLK_I/I (gf180mcu_fd_sc_mcu7t5v0__clkbuf_16)
    11    0.066470    0.130403    0.289224    0.617624 ^ clkbuf_3_5__f_CLK_I/Z (gf180mcu_fd_sc_mcu7t5v0__clkbuf_16)
                                                         clknet_3_5__leaf_CLK_I (net)
                      0.130403    0.000520    0.618144 ^ _853_/CLK (gf180mcu_fd_sc_mcu7t5v0__dffq_1)
     2    0.011642    0.171565    0.704704    1.322848 v _853_/Q (gf180mcu_fd_sc_mcu7t5v0__dffq_1)
                                                         net18 (net)
                      0.171565    0.000234    1.323082 v _786_/B2 (gf180mcu_fd_sc_mcu7t5v0__aoi22_1)
     1    0.009168    0.313569    0.298385    1.621466 ^ _786_/ZN (gf180mcu_fd_sc_mcu7t5v0__aoi22_1)
                                                         _392_ (net)
                      0.313569    0.000233    1.621700 ^ _787_/A2 (gf180mcu_fd_sc_mcu7t5v0__nor2_1)
     1    0.008958    0.229551    0.197767    1.819467 v _787_/ZN (gf180mcu_fd_sc_mcu7t5v0__nor2_1)
                                                         _066_ (net)
                      0.229551    0.000299    1.819766 v _853_/D (gf180mcu_fd_sc_mcu7t5v0__dffq_1)
                                              1.819766   data arrival time

                                  0.000000    0.000000   clock system_clock (rise edge)
                                  0.000000    0.000000   clock source latency
     1    0.036569    0.000000    0.000000    0.000000 ^ CLK_I (in)
                                                         CLK_I (net)
                      0.003416    0.001397    0.001397 ^ clkbuf_0_CLK_I/I (gf180mcu_fd_sc_mcu7t5v0__clkbuf_16)
     8    0.208905    0.257094    0.324176    0.325573 ^ clkbuf_0_CLK_I/Z (gf180mcu_fd_sc_mcu7t5v0__clkbuf_16)
                                                         clknet_0_CLK_I (net)
                      0.257108    0.002826    0.328399 ^ clkbuf_3_5__f_CLK_I/I (gf180mcu_fd_sc_mcu7t5v0__clkbuf_16)
    11    0.066470    0.130403    0.289224    0.617624 ^ clkbuf_3_5__f_CLK_I/Z (gf180mcu_fd_sc_mcu7t5v0__clkbuf_16)
                                                         clknet_3_5__leaf_CLK_I (net)
                      0.130403    0.000520    0.618144 ^ _853_/CLK (gf180mcu_fd_sc_mcu7t5v0__dffq_1)
                                  0.500000    1.118144   clock uncertainty
                                  0.000000    1.118144   clock reconvergence pessimism
                                  0.055907    1.174051   library hold time
                                              1.174051   data required time
---------------------------------------------------------------------------------------------
                                              1.174051   data required time
                                             -1.819766   data arrival time
---------------------------------------------------------------------------------------------
                                              0.645715   slack (MET)


Startpoint: _849_ (rising edge-triggered flip-flop clocked by system_clock)
Endpoint: _849_ (rising edge-triggered flip-flop clocked by system_clock)
Path Group: system_clock
Path Type: min

Fanout         Cap        Slew       Delay        Time   Description
---------------------------------------------------------------------------------------------
                                  0.000000    0.000000   clock system_clock (rise edge)
                                  0.000000    0.000000   clock source latency
     1    0.036569    0.000000    0.000000    0.000000 ^ CLK_I (in)
                                                         CLK_I (net)
                      0.003416    0.001397    0.001397 ^ clkbuf_0_CLK_I/I (gf180mcu_fd_sc_mcu7t5v0__clkbuf_16)
     8    0.208905    0.257094    0.324176    0.325573 ^ clkbuf_0_CLK_I/Z (gf180mcu_fd_sc_mcu7t5v0__clkbuf_16)
                                                         clknet_0_CLK_I (net)
                      0.257111    0.003086    0.328659 ^ clkbuf_3_4__f_CLK_I/I (gf180mcu_fd_sc_mcu7t5v0__clkbuf_16)
    10    0.071121    0.134332    0.292100    0.620760 ^ clkbuf_3_4__f_CLK_I/Z (gf180mcu_fd_sc_mcu7t5v0__clkbuf_16)
                                                         clknet_3_4__leaf_CLK_I (net)
                      0.134334    0.000966    0.621726 ^ _849_/CLK (gf180mcu_fd_sc_mcu7t5v0__dffq_1)
     2    0.010628    0.163197    0.698717    1.320442 v _849_/Q (gf180mcu_fd_sc_mcu7t5v0__dffq_1)
                                                         net14 (net)
                      0.163197    0.000181    1.320623 v _778_/B2 (gf180mcu_fd_sc_mcu7t5v0__aoi22_1)
     1    0.009607    0.356827    0.302275    1.622899 ^ _778_/ZN (gf180mcu_fd_sc_mcu7t5v0__aoi22_1)
                                                         _388_ (net)
                      0.356827    0.000243    1.623141 ^ _779_/A2 (gf180mcu_fd_sc_mcu7t5v0__nor2_1)
     1    0.008600    0.236319    0.200127    1.823268 v _779_/ZN (gf180mcu_fd_sc_mcu7t5v0__nor2_1)
                                                         _062_ (net)
                      0.236319    0.000220    1.823488 v _849_/D (gf180mcu_fd_sc_mcu7t5v0__dffq_1)
                                              1.823488   data arrival time

                                  0.000000    0.000000   clock system_clock (rise edge)
                                  0.000000    0.000000   clock source latency
     1    0.036569    0.000000    0.000000    0.000000 ^ CLK_I (in)
                                                         CLK_I (net)
                      0.003416    0.001397    0.001397 ^ clkbuf_0_CLK_I/I (gf180mcu_fd_sc_mcu7t5v0__clkbuf_16)
     8    0.208905    0.257094    0.324176    0.325573 ^ clkbuf_0_CLK_I/Z (gf180mcu_fd_sc_mcu7t5v0__clkbuf_16)
                                                         clknet_0_CLK_I (net)
                      0.257111    0.003086    0.328659 ^ clkbuf_3_4__f_CLK_I/I (gf180mcu_fd_sc_mcu7t5v0__clkbuf_16)
    10    0.071121    0.134332    0.292100    0.620760 ^ clkbuf_3_4__f_CLK_I/Z (gf180mcu_fd_sc_mcu7t5v0__clkbuf_16)
                                                         clknet_3_4__leaf_CLK_I (net)
                      0.134334    0.000966    0.621726 ^ _849_/CLK (gf180mcu_fd_sc_mcu7t5v0__dffq_1)
                                  0.500000    1.121726   clock uncertainty
                                  0.000000    1.121726   clock reconvergence pessimism
                                  0.054657    1.176383   library hold time
                                              1.176383   data required time
---------------------------------------------------------------------------------------------
                                              1.176383   data required time
                                             -1.823488   data arrival time
---------------------------------------------------------------------------------------------
                                              0.647105   slack (MET)


Startpoint: _817_ (rising edge-triggered flip-flop clocked by system_clock)
Endpoint: _817_ (rising edge-triggered flip-flop clocked by system_clock)
Path Group: system_clock
Path Type: min

Fanout         Cap        Slew       Delay        Time   Description
---------------------------------------------------------------------------------------------
                                  0.000000    0.000000   clock system_clock (rise edge)
                                  0.000000    0.000000   clock source latency
     1    0.036569    0.000000    0.000000    0.000000 ^ CLK_I (in)
                                                         CLK_I (net)
                      0.003416    0.001397    0.001397 ^ clkbuf_0_CLK_I/I (gf180mcu_fd_sc_mcu7t5v0__clkbuf_16)
     8    0.208905    0.257094    0.324176    0.325573 ^ clkbuf_0_CLK_I/Z (gf180mcu_fd_sc_mcu7t5v0__clkbuf_16)
                                                         clknet_0_CLK_I (net)
                      0.257120    0.003840    0.329414 ^ clkbuf_3_2__f_CLK_I/I (gf180mcu_fd_sc_mcu7t5v0__clkbuf_16)
    14    0.060173    0.124970    0.284893    0.614307 ^ clkbuf_3_2__f_CLK_I/Z (gf180mcu_fd_sc_mcu7t5v0__clkbuf_16)
                                                         clknet_3_2__leaf_CLK_I (net)
                      0.124973    0.001227    0.615533 ^ _817_/CLK (gf180mcu_fd_sc_mcu7t5v0__dffq_1)
     2    0.014815    0.197884    0.724790    1.340323 v _817_/Q (gf180mcu_fd_sc_mcu7t5v0__dffq_1)
                                                         net32 (net)
                      0.197884    0.000251    1.340574 v _437_/I (gf180mcu_fd_sc_mcu7t5v0__clkinv_1)
     2    0.007112    0.173824    0.149533    1.490107 ^ _437_/ZN (gf180mcu_fd_sc_mcu7t5v0__clkinv_1)
                                                         net33 (net)
                      0.173824    0.000099    1.490207 ^ _674_/A2 (gf180mcu_fd_sc_mcu7t5v0__or2_1)
     1    0.006450    0.164628    0.267748    1.757954 ^ _674_/Z (gf180mcu_fd_sc_mcu7t5v0__or2_1)
                                                         _316_ (net)
                      0.164628    0.000079    1.758033 ^ _675_/A2 (gf180mcu_fd_sc_mcu7t5v0__nand2_1)
     1    0.003020    0.110194    0.096784    1.854817 v _675_/ZN (gf180mcu_fd_sc_mcu7t5v0__nand2_1)
                                                         _030_ (net)
                      0.110194    0.000030    1.854847 v _817_/D (gf180mcu_fd_sc_mcu7t5v0__dffq_1)
                                              1.854847   data arrival time

                                  0.000000    0.000000   clock system_clock (rise edge)
                                  0.000000    0.000000   clock source latency
     1    0.036569    0.000000    0.000000    0.000000 ^ CLK_I (in)
                                                         CLK_I (net)
                      0.003416    0.001397    0.001397 ^ clkbuf_0_CLK_I/I (gf180mcu_fd_sc_mcu7t5v0__clkbuf_16)
     8    0.208905    0.257094    0.324176    0.325573 ^ clkbuf_0_CLK_I/Z (gf180mcu_fd_sc_mcu7t5v0__clkbuf_16)
                                                         clknet_0_CLK_I (net)
                      0.257120    0.003840    0.329414 ^ clkbuf_3_2__f_CLK_I/I (gf180mcu_fd_sc_mcu7t5v0__clkbuf_16)
    14    0.060173    0.124970    0.284893    0.614307 ^ clkbuf_3_2__f_CLK_I/Z (gf180mcu_fd_sc_mcu7t5v0__clkbuf_16)
                                                         clknet_3_2__leaf_CLK_I (net)
                      0.124973    0.001227    0.615533 ^ _817_/CLK (gf180mcu_fd_sc_mcu7t5v0__dffq_1)
                                  0.500000    1.115533   clock uncertainty
                                  0.000000    1.115533   clock reconvergence pessimism
                                  0.087762    1.203295   library hold time
                                              1.203295   data required time
---------------------------------------------------------------------------------------------
                                              1.203295   data required time
                                             -1.854847   data arrival time
---------------------------------------------------------------------------------------------
                                              0.651552   slack (MET)


Startpoint: _899_ (rising edge-triggered flip-flop clocked by system_clock)
Endpoint: _846_ (rising edge-triggered flip-flop clocked by system_clock)
Path Group: system_clock
Path Type: min

Fanout         Cap        Slew       Delay        Time   Description
---------------------------------------------------------------------------------------------
                                  0.000000    0.000000   clock system_clock (rise edge)
                                  0.000000    0.000000   clock source latency
     1    0.036569    0.000000    0.000000    0.000000 ^ CLK_I (in)
                                                         CLK_I (net)
                      0.003416    0.001397    0.001397 ^ clkbuf_0_CLK_I/I (gf180mcu_fd_sc_mcu7t5v0__clkbuf_16)
     8    0.208905    0.257094    0.324176    0.325573 ^ clkbuf_0_CLK_I/Z (gf180mcu_fd_sc_mcu7t5v0__clkbuf_16)
                                                         clknet_0_CLK_I (net)
                      0.257120    0.003840    0.329414 ^ clkbuf_3_2__f_CLK_I/I (gf180mcu_fd_sc_mcu7t5v0__clkbuf_16)
    14    0.060173    0.124970    0.284893    0.614307 ^ clkbuf_3_2__f_CLK_I/Z (gf180mcu_fd_sc_mcu7t5v0__clkbuf_16)
                                                         clknet_3_2__leaf_CLK_I (net)
                      0.124972    0.001071    0.615378 ^ _899_/CLK (gf180mcu_fd_sc_mcu7t5v0__dffq_1)
     3    0.035081    0.374810    0.850025    1.465402 v _899_/Q (gf180mcu_fd_sc_mcu7t5v0__dffq_1)
                                                         i2c_scl_in_synchronised_internal (net)
                      0.374811    0.000658    1.466061 v _421_/I (gf180mcu_fd_sc_mcu7t5v0__clkinv_1)
     3    0.016227    0.328932    0.284815    1.750876 ^ _421_/ZN (gf180mcu_fd_sc_mcu7t5v0__clkinv_1)
                                                         _094_ (net)
                      0.328932    0.000251    1.751126 ^ _773_/A1 (gf180mcu_fd_sc_mcu7t5v0__nor2_1)
     1    0.002715    0.136357    0.106216    1.857342 v _773_/ZN (gf180mcu_fd_sc_mcu7t5v0__nor2_1)
                                                         _059_ (net)
                      0.136357    0.000026    1.857368 v _846_/D (gf180mcu_fd_sc_mcu7t5v0__dffq_1)
                                              1.857368   data arrival time

                                  0.000000    0.000000   clock system_clock (rise edge)
                                  0.000000    0.000000   clock source latency
     1    0.036569    0.000000    0.000000    0.000000 ^ CLK_I (in)
                                                         CLK_I (net)
                      0.003416    0.001397    0.001397 ^ clkbuf_0_CLK_I/I (gf180mcu_fd_sc_mcu7t5v0__clkbuf_16)
     8    0.208905    0.257094    0.324176    0.325573 ^ clkbuf_0_CLK_I/Z (gf180mcu_fd_sc_mcu7t5v0__clkbuf_16)
                                                         clknet_0_CLK_I (net)
                      0.257120    0.003840    0.329414 ^ clkbuf_3_2__f_CLK_I/I (gf180mcu_fd_sc_mcu7t5v0__clkbuf_16)
    14    0.060173    0.124970    0.284893    0.614307 ^ clkbuf_3_2__f_CLK_I/Z (gf180mcu_fd_sc_mcu7t5v0__clkbuf_16)
                                                         clknet_3_2__leaf_CLK_I (net)
                      0.124972    0.001090    0.615396 ^ _846_/CLK (gf180mcu_fd_sc_mcu7t5v0__dffq_1)
                                  0.500000    1.115396   clock uncertainty
                                  0.000000    1.115396   clock reconvergence pessimism
                                  0.081628    1.197024   library hold time
                                              1.197024   data required time
---------------------------------------------------------------------------------------------
                                              1.197024   data required time
                                             -1.857368   data arrival time
---------------------------------------------------------------------------------------------
                                              0.660343   slack (MET)


Startpoint: _899_ (rising edge-triggered flip-flop clocked by system_clock)
Endpoint: _896_ (rising edge-triggered flip-flop clocked by system_clock)
Path Group: system_clock
Path Type: min

Fanout         Cap        Slew       Delay        Time   Description
---------------------------------------------------------------------------------------------
                                  0.000000    0.000000   clock system_clock (rise edge)
                                  0.000000    0.000000   clock source latency
     1    0.036569    0.000000    0.000000    0.000000 ^ CLK_I (in)
                                                         CLK_I (net)
                      0.003416    0.001397    0.001397 ^ clkbuf_0_CLK_I/I (gf180mcu_fd_sc_mcu7t5v0__clkbuf_16)
     8    0.208905    0.257094    0.324176    0.325573 ^ clkbuf_0_CLK_I/Z (gf180mcu_fd_sc_mcu7t5v0__clkbuf_16)
                                                         clknet_0_CLK_I (net)
                      0.257120    0.003840    0.329414 ^ clkbuf_3_2__f_CLK_I/I (gf180mcu_fd_sc_mcu7t5v0__clkbuf_16)
    14    0.060173    0.124970    0.284893    0.614307 ^ clkbuf_3_2__f_CLK_I/Z (gf180mcu_fd_sc_mcu7t5v0__clkbuf_16)
                                                         clknet_3_2__leaf_CLK_I (net)
                      0.124972    0.001071    0.615378 ^ _899_/CLK (gf180mcu_fd_sc_mcu7t5v0__dffq_1)
     3    0.035081    0.374810    0.850025    1.465402 v _899_/Q (gf180mcu_fd_sc_mcu7t5v0__dffq_1)
                                                         i2c_scl_in_synchronised_internal (net)
                      0.374811    0.000658    1.466061 v _421_/I (gf180mcu_fd_sc_mcu7t5v0__clkinv_1)
     3    0.016227    0.328932    0.284815    1.750876 ^ _421_/ZN (gf180mcu_fd_sc_mcu7t5v0__clkinv_1)
                                                         _094_ (net)
                      0.328932    0.000241    1.751117 ^ _438_/A1 (gf180mcu_fd_sc_mcu7t5v0__nor2_1)
     1    0.003562    0.146307    0.116947    1.868064 v _438_/ZN (gf180mcu_fd_sc_mcu7t5v0__nor2_1)
                                                         _001_ (net)
                      0.146307    0.000039    1.868104 v _896_/D (gf180mcu_fd_sc_mcu7t5v0__dffq_1)
                                              1.868104   data arrival time

                                  0.000000    0.000000   clock system_clock (rise edge)
                                  0.000000    0.000000   clock source latency
     1    0.036569    0.000000    0.000000    0.000000 ^ CLK_I (in)
                                                         CLK_I (net)
                      0.003416    0.001397    0.001397 ^ clkbuf_0_CLK_I/I (gf180mcu_fd_sc_mcu7t5v0__clkbuf_16)
     8    0.208905    0.257094    0.324176    0.325573 ^ clkbuf_0_CLK_I/Z (gf180mcu_fd_sc_mcu7t5v0__clkbuf_16)
                                                         clknet_0_CLK_I (net)
                      0.257120    0.003840    0.329414 ^ clkbuf_3_2__f_CLK_I/I (gf180mcu_fd_sc_mcu7t5v0__clkbuf_16)
    14    0.060173    0.124970    0.284893    0.614307 ^ clkbuf_3_2__f_CLK_I/Z (gf180mcu_fd_sc_mcu7t5v0__clkbuf_16)
                                                         clknet_3_2__leaf_CLK_I (net)
                      0.124973    0.001150    0.615456 ^ _896_/CLK (gf180mcu_fd_sc_mcu7t5v0__dffq_1)
                                  0.500000    1.115456   clock uncertainty
                                  0.000000    1.115456   clock reconvergence pessimism
                                  0.079159    1.194615   library hold time
                                              1.194615   data required time
---------------------------------------------------------------------------------------------
                                              1.194615   data required time
                                             -1.868104   data arrival time
---------------------------------------------------------------------------------------------
                                              0.673488   slack (MET)


Startpoint: _886_ (rising edge-triggered flip-flop clocked by system_clock)
Endpoint: _886_ (rising edge-triggered flip-flop clocked by system_clock)
Path Group: system_clock
Path Type: min

Fanout         Cap        Slew       Delay        Time   Description
---------------------------------------------------------------------------------------------
                                  0.000000    0.000000   clock system_clock (rise edge)
                                  0.000000    0.000000   clock source latency
     1    0.036569    0.000000    0.000000    0.000000 ^ CLK_I (in)
                                                         CLK_I (net)
                      0.003416    0.001397    0.001397 ^ clkbuf_0_CLK_I/I (gf180mcu_fd_sc_mcu7t5v0__clkbuf_16)
     8    0.208905    0.257094    0.324176    0.325573 ^ clkbuf_0_CLK_I/Z (gf180mcu_fd_sc_mcu7t5v0__clkbuf_16)
                                                         clknet_0_CLK_I (net)
                      0.257111    0.003086    0.328659 ^ clkbuf_3_4__f_CLK_I/I (gf180mcu_fd_sc_mcu7t5v0__clkbuf_16)
    10    0.071121    0.134332    0.292100    0.620760 ^ clkbuf_3_4__f_CLK_I/Z (gf180mcu_fd_sc_mcu7t5v0__clkbuf_16)
                                                         clknet_3_4__leaf_CLK_I (net)
                      0.134336    0.001213    0.621973 ^ _886_/CLK (gf180mcu_fd_sc_mcu7t5v0__dffq_1)
     7    0.040255    0.421649    0.882698    1.504671 v _886_/Q (gf180mcu_fd_sc_mcu7t5v0__dffq_1)
                                                         addr_pointer_register_internal[4] (net)
                      0.421665    0.001470    1.506141 v _573_/B (gf180mcu_fd_sc_mcu7t5v0__aoi21_1)
     1    0.006671    0.320702    0.274566    1.780707 ^ _573_/ZN (gf180mcu_fd_sc_mcu7t5v0__aoi21_1)
                                                         _225_ (net)
                      0.320702    0.000134    1.780841 ^ _577_/B1 (gf180mcu_fd_sc_mcu7t5v0__oai32_1)
     1    0.004047    0.143055    0.107247    1.888088 v _577_/ZN (gf180mcu_fd_sc_mcu7t5v0__oai32_1)
                                                         _020_ (net)
                      0.143055    0.000047    1.888135 v _886_/D (gf180mcu_fd_sc_mcu7t5v0__dffq_1)
                                              1.888135   data arrival time

                                  0.000000    0.000000   clock system_clock (rise edge)
                                  0.000000    0.000000   clock source latency
     1    0.036569    0.000000    0.000000    0.000000 ^ CLK_I (in)
                                                         CLK_I (net)
                      0.003416    0.001397    0.001397 ^ clkbuf_0_CLK_I/I (gf180mcu_fd_sc_mcu7t5v0__clkbuf_16)
     8    0.208905    0.257094    0.324176    0.325573 ^ clkbuf_0_CLK_I/Z (gf180mcu_fd_sc_mcu7t5v0__clkbuf_16)
                                                         clknet_0_CLK_I (net)
                      0.257111    0.003086    0.328659 ^ clkbuf_3_4__f_CLK_I/I (gf180mcu_fd_sc_mcu7t5v0__clkbuf_16)
    10    0.071121    0.134332    0.292100    0.620760 ^ clkbuf_3_4__f_CLK_I/Z (gf180mcu_fd_sc_mcu7t5v0__clkbuf_16)
                                                         clknet_3_4__leaf_CLK_I (net)
                      0.134336    0.001213    0.621973 ^ _886_/CLK (gf180mcu_fd_sc_mcu7t5v0__dffq_1)
                                  0.500000    1.121973   clock uncertainty
                                  0.000000    1.121973   clock reconvergence pessimism
                                  0.081613    1.203586   library hold time
                                              1.203586   data required time
---------------------------------------------------------------------------------------------
                                              1.203586   data required time
                                             -1.888135   data arrival time
---------------------------------------------------------------------------------------------
                                              0.684550   slack (MET)


Startpoint: _892_ (rising edge-triggered flip-flop clocked by system_clock)
Endpoint: _892_ (rising edge-triggered flip-flop clocked by system_clock)
Path Group: system_clock
Path Type: min

Fanout         Cap        Slew       Delay        Time   Description
---------------------------------------------------------------------------------------------
                                  0.000000    0.000000   clock system_clock (rise edge)
                                  0.000000    0.000000   clock source latency
     1    0.036569    0.000000    0.000000    0.000000 ^ CLK_I (in)
                                                         CLK_I (net)
                      0.003416    0.001397    0.001397 ^ clkbuf_0_CLK_I/I (gf180mcu_fd_sc_mcu7t5v0__clkbuf_16)
     8    0.208905    0.257094    0.324176    0.325573 ^ clkbuf_0_CLK_I/Z (gf180mcu_fd_sc_mcu7t5v0__clkbuf_16)
                                                         clknet_0_CLK_I (net)
                      0.257108    0.002826    0.328399 ^ clkbuf_3_5__f_CLK_I/I (gf180mcu_fd_sc_mcu7t5v0__clkbuf_16)
    11    0.066470    0.130403    0.289224    0.617624 ^ clkbuf_3_5__f_CLK_I/Z (gf180mcu_fd_sc_mcu7t5v0__clkbuf_16)
                                                         clknet_3_5__leaf_CLK_I (net)
                      0.130403    0.000145    0.617769 ^ _892_/CLK (gf180mcu_fd_sc_mcu7t5v0__dffq_1)
     7    0.042201    0.439927    0.894082    1.511851 v _892_/Q (gf180mcu_fd_sc_mcu7t5v0__dffq_1)
                                                         wb_master_subroutine_iteration[0] (net)
                      0.439929    0.000537    1.512387 v _603_/A1 (gf180mcu_fd_sc_mcu7t5v0__aoi211_1)
     1    0.003937    0.435367    0.335202    1.847590 ^ _603_/ZN (gf180mcu_fd_sc_mcu7t5v0__aoi211_1)
                                                         _026_ (net)
                      0.435367    0.000078    1.847668 ^ _892_/D (gf180mcu_fd_sc_mcu7t5v0__dffq_1)
                                              1.847668   data arrival time

                                  0.000000    0.000000   clock system_clock (rise edge)
                                  0.000000    0.000000   clock source latency
     1    0.036569    0.000000    0.000000    0.000000 ^ CLK_I (in)
                                                         CLK_I (net)
                      0.003416    0.001397    0.001397 ^ clkbuf_0_CLK_I/I (gf180mcu_fd_sc_mcu7t5v0__clkbuf_16)
     8    0.208905    0.257094    0.324176    0.325573 ^ clkbuf_0_CLK_I/Z (gf180mcu_fd_sc_mcu7t5v0__clkbuf_16)
                                                         clknet_0_CLK_I (net)
                      0.257108    0.002826    0.328399 ^ clkbuf_3_5__f_CLK_I/I (gf180mcu_fd_sc_mcu7t5v0__clkbuf_16)
    11    0.066470    0.130403    0.289224    0.617624 ^ clkbuf_3_5__f_CLK_I/Z (gf180mcu_fd_sc_mcu7t5v0__clkbuf_16)
                                                         clknet_3_5__leaf_CLK_I (net)
                      0.130403    0.000145    0.617769 ^ _892_/CLK (gf180mcu_fd_sc_mcu7t5v0__dffq_1)
                                  0.500000    1.117769   clock uncertainty
                                  0.000000    1.117769   clock reconvergence pessimism
                                  0.042597    1.160365   library hold time
                                              1.160365   data required time
---------------------------------------------------------------------------------------------
                                              1.160365   data required time
                                             -1.847668   data arrival time
---------------------------------------------------------------------------------------------
                                              0.687302   slack (MET)


Startpoint: _819_ (rising edge-triggered flip-flop clocked by system_clock)
Endpoint: _820_ (rising edge-triggered flip-flop clocked by system_clock)
Path Group: system_clock
Path Type: min

Fanout         Cap        Slew       Delay        Time   Description
---------------------------------------------------------------------------------------------
                                  0.000000    0.000000   clock system_clock (rise edge)
                                  0.000000    0.000000   clock source latency
     1    0.036569    0.000000    0.000000    0.000000 ^ CLK_I (in)
                                                         CLK_I (net)
                      0.003416    0.001397    0.001397 ^ clkbuf_0_CLK_I/I (gf180mcu_fd_sc_mcu7t5v0__clkbuf_16)
     8    0.208905    0.257094    0.324176    0.325573 ^ clkbuf_0_CLK_I/Z (gf180mcu_fd_sc_mcu7t5v0__clkbuf_16)
                                                         clknet_0_CLK_I (net)
                      0.257116    0.003554    0.329127 ^ clkbuf_3_3__f_CLK_I/I (gf180mcu_fd_sc_mcu7t5v0__clkbuf_16)
    10    0.068732    0.132332    0.290690    0.619817 ^ clkbuf_3_3__f_CLK_I/Z (gf180mcu_fd_sc_mcu7t5v0__clkbuf_16)
                                                         clknet_3_3__leaf_CLK_I (net)
                      0.132332    0.000181    0.619998 ^ _819_/CLK (gf180mcu_fd_sc_mcu7t5v0__dffq_1)
     5    0.039003    0.410138    0.875632    1.495631 v _819_/Q (gf180mcu_fd_sc_mcu7t5v0__dffq_1)
                                                         recv_data_buffer[1] (net)
                      0.410228    0.000814    1.496444 v _686_/I1 (gf180mcu_fd_sc_mcu7t5v0__mux2_2)
     1    0.003274    0.109725    0.400429    1.896874 v _686_/Z (gf180mcu_fd_sc_mcu7t5v0__mux2_2)
                                                         _033_ (net)
                      0.109725    0.000033    1.896907 v _820_/D (gf180mcu_fd_sc_mcu7t5v0__dffq_1)
                                              1.896907   data arrival time

                                  0.000000    0.000000   clock system_clock (rise edge)
                                  0.000000    0.000000   clock source latency
     1    0.036569    0.000000    0.000000    0.000000 ^ CLK_I (in)
                                                         CLK_I (net)
                      0.003416    0.001397    0.001397 ^ clkbuf_0_CLK_I/I (gf180mcu_fd_sc_mcu7t5v0__clkbuf_16)
     8    0.208905    0.257094    0.324176    0.325573 ^ clkbuf_0_CLK_I/Z (gf180mcu_fd_sc_mcu7t5v0__clkbuf_16)
                                                         clknet_0_CLK_I (net)
                      0.257138    0.004969    0.330543 ^ clkbuf_3_7__f_CLK_I/I (gf180mcu_fd_sc_mcu7t5v0__clkbuf_16)
    13    0.062541    0.127021    0.286568    0.617111 ^ clkbuf_3_7__f_CLK_I/Z (gf180mcu_fd_sc_mcu7t5v0__clkbuf_16)
                                                         clknet_3_7__leaf_CLK_I (net)
                      0.127023    0.000824    0.617935 ^ _820_/CLK (gf180mcu_fd_sc_mcu7t5v0__dffq_1)
                                  0.500000    1.117935   clock uncertainty
                                  0.000000    1.117935   clock reconvergence pessimism
                                  0.088227    1.206162   library hold time
                                              1.206162   data required time
---------------------------------------------------------------------------------------------
                                              1.206162   data required time
                                             -1.896907   data arrival time
---------------------------------------------------------------------------------------------
                                              0.690745   slack (MET)


Startpoint: _822_ (rising edge-triggered flip-flop clocked by system_clock)
Endpoint: _823_ (rising edge-triggered flip-flop clocked by system_clock)
Path Group: system_clock
Path Type: min

Fanout         Cap        Slew       Delay        Time   Description
---------------------------------------------------------------------------------------------
                                  0.000000    0.000000   clock system_clock (rise edge)
                                  0.000000    0.000000   clock source latency
     1    0.036569    0.000000    0.000000    0.000000 ^ CLK_I (in)
                                                         CLK_I (net)
                      0.003416    0.001397    0.001397 ^ clkbuf_0_CLK_I/I (gf180mcu_fd_sc_mcu7t5v0__clkbuf_16)
     8    0.208905    0.257094    0.324176    0.325573 ^ clkbuf_0_CLK_I/Z (gf180mcu_fd_sc_mcu7t5v0__clkbuf_16)
                                                         clknet_0_CLK_I (net)
                      0.257116    0.003554    0.329127 ^ clkbuf_3_3__f_CLK_I/I (gf180mcu_fd_sc_mcu7t5v0__clkbuf_16)
    10    0.068732    0.132332    0.290690    0.619817 ^ clkbuf_3_3__f_CLK_I/Z (gf180mcu_fd_sc_mcu7t5v0__clkbuf_16)
                                                         clknet_3_3__leaf_CLK_I (net)
                      0.132332    0.000084    0.619902 ^ _822_/CLK (gf180mcu_fd_sc_mcu7t5v0__dffq_1)
     4    0.038462    0.404989    0.872015    1.491917 v _822_/Q (gf180mcu_fd_sc_mcu7t5v0__dffq_1)
                                                         recv_data_buffer[4] (net)
                      0.405081    0.001112    1.493029 v _690_/I1 (gf180mcu_fd_sc_mcu7t5v0__mux2_2)
     1    0.004554    0.121199    0.408033    1.901063 v _690_/Z (gf180mcu_fd_sc_mcu7t5v0__mux2_2)
                                                         _036_ (net)
                      0.121199    0.000091    1.901154 v _823_/D (gf180mcu_fd_sc_mcu7t5v0__dffq_1)
                                              1.901154   data arrival time

                                  0.000000    0.000000   clock system_clock (rise edge)
                                  0.000000    0.000000   clock source latency
     1    0.036569    0.000000    0.000000    0.000000 ^ CLK_I (in)
                                                         CLK_I (net)
                      0.003416    0.001397    0.001397 ^ clkbuf_0_CLK_I/I (gf180mcu_fd_sc_mcu7t5v0__clkbuf_16)
     8    0.208905    0.257094    0.324176    0.325573 ^ clkbuf_0_CLK_I/Z (gf180mcu_fd_sc_mcu7t5v0__clkbuf_16)
                                                         clknet_0_CLK_I (net)
                      0.257129    0.004458    0.330031 ^ clkbuf_3_6__f_CLK_I/I (gf180mcu_fd_sc_mcu7t5v0__clkbuf_16)
    13    0.063776    0.128102    0.287481    0.617512 ^ clkbuf_3_6__f_CLK_I/Z (gf180mcu_fd_sc_mcu7t5v0__clkbuf_16)
                                                         clknet_3_6__leaf_CLK_I (net)
                      0.128102    0.000132    0.617644 ^ _823_/CLK (gf180mcu_fd_sc_mcu7t5v0__dffq_1)
                                  0.500000    1.117644   clock uncertainty
                                  0.000000    1.117644   clock reconvergence pessimism
                                  0.085716    1.203360   library hold time
                                              1.203360   data required time
---------------------------------------------------------------------------------------------
                                              1.203360   data required time
                                             -1.901154   data arrival time
---------------------------------------------------------------------------------------------
                                              0.697794   slack (MET)


Startpoint: _828_ (rising edge-triggered flip-flop clocked by system_clock)
Endpoint: _828_ (rising edge-triggered flip-flop clocked by system_clock)
Path Group: system_clock
Path Type: min

Fanout         Cap        Slew       Delay        Time   Description
---------------------------------------------------------------------------------------------
                                  0.000000    0.000000   clock system_clock (rise edge)
                                  0.000000    0.000000   clock source latency
     1    0.036569    0.000000    0.000000    0.000000 ^ CLK_I (in)
                                                         CLK_I (net)
                      0.003416    0.001397    0.001397 ^ clkbuf_0_CLK_I/I (gf180mcu_fd_sc_mcu7t5v0__clkbuf_16)
     8    0.208905    0.257094    0.324176    0.325573 ^ clkbuf_0_CLK_I/Z (gf180mcu_fd_sc_mcu7t5v0__clkbuf_16)
                                                         clknet_0_CLK_I (net)
                      0.257110    0.003015    0.328588 ^ clkbuf_3_1__f_CLK_I/I (gf180mcu_fd_sc_mcu7t5v0__clkbuf_16)
    12    0.063772    0.128092    0.287445    0.616033 ^ clkbuf_3_1__f_CLK_I/Z (gf180mcu_fd_sc_mcu7t5v0__clkbuf_16)
                                                         clknet_3_1__leaf_CLK_I (net)
                      0.128093    0.000582    0.616616 ^ _828_/CLK (gf180mcu_fd_sc_mcu7t5v0__dffq_1)
     5    0.026768    0.301179    0.801013    1.417629 v _828_/Q (gf180mcu_fd_sc_mcu7t5v0__dffq_1)
                                                         register_addr_data_flag (net)
                      0.301179    0.000218    1.417847 v _709_/B (gf180mcu_fd_sc_mcu7t5v0__aoi21_1)
     1    0.005270    0.272275    0.232799    1.650646 ^ _709_/ZN (gf180mcu_fd_sc_mcu7t5v0__aoi21_1)
                                                         _340_ (net)
                      0.272275    0.000103    1.650749 ^ _710_/A4 (gf180mcu_fd_sc_mcu7t5v0__nor4_1)
     1    0.002858    0.263463    0.214218    1.864967 v _710_/ZN (gf180mcu_fd_sc_mcu7t5v0__nor4_1)
                                                         _041_ (net)
                      0.263463    0.000027    1.864995 v _828_/D (gf180mcu_fd_sc_mcu7t5v0__dffq_1)
                                              1.864995   data arrival time

                                  0.000000    0.000000   clock system_clock (rise edge)
                                  0.000000    0.000000   clock source latency
     1    0.036569    0.000000    0.000000    0.000000 ^ CLK_I (in)
                                                         CLK_I (net)
                      0.003416    0.001397    0.001397 ^ clkbuf_0_CLK_I/I (gf180mcu_fd_sc_mcu7t5v0__clkbuf_16)
     8    0.208905    0.257094    0.324176    0.325573 ^ clkbuf_0_CLK_I/Z (gf180mcu_fd_sc_mcu7t5v0__clkbuf_16)
                                                         clknet_0_CLK_I (net)
                      0.257110    0.003015    0.328588 ^ clkbuf_3_1__f_CLK_I/I (gf180mcu_fd_sc_mcu7t5v0__clkbuf_16)
    12    0.063772    0.128092    0.287445    0.616033 ^ clkbuf_3_1__f_CLK_I/Z (gf180mcu_fd_sc_mcu7t5v0__clkbuf_16)
                                                         clknet_3_1__leaf_CLK_I (net)
                      0.128093    0.000582    0.616616 ^ _828_/CLK (gf180mcu_fd_sc_mcu7t5v0__dffq_1)
                                  0.500000    1.116616   clock uncertainty
                                  0.000000    1.116616   clock reconvergence pessimism
                                  0.045637    1.162253   library hold time
                                              1.162253   data required time
---------------------------------------------------------------------------------------------
                                              1.162253   data required time
                                             -1.864995   data arrival time
---------------------------------------------------------------------------------------------
                                              0.702742   slack (MET)


Startpoint: _825_ (rising edge-triggered flip-flop clocked by system_clock)
Endpoint: _825_ (rising edge-triggered flip-flop clocked by system_clock)
Path Group: system_clock
Path Type: min

Fanout         Cap        Slew       Delay        Time   Description
---------------------------------------------------------------------------------------------
                                  0.000000    0.000000   clock system_clock (rise edge)
                                  0.000000    0.000000   clock source latency
     1    0.036569    0.000000    0.000000    0.000000 ^ CLK_I (in)
                                                         CLK_I (net)
                      0.003416    0.001397    0.001397 ^ clkbuf_0_CLK_I/I (gf180mcu_fd_sc_mcu7t5v0__clkbuf_16)
     8    0.208905    0.257094    0.324176    0.325573 ^ clkbuf_0_CLK_I/Z (gf180mcu_fd_sc_mcu7t5v0__clkbuf_16)
                                                         clknet_0_CLK_I (net)
                      0.257129    0.004458    0.330031 ^ clkbuf_3_6__f_CLK_I/I (gf180mcu_fd_sc_mcu7t5v0__clkbuf_16)
    13    0.063776    0.128102    0.287481    0.617512 ^ clkbuf_3_6__f_CLK_I/Z (gf180mcu_fd_sc_mcu7t5v0__clkbuf_16)
                                                         clknet_3_6__leaf_CLK_I (net)
                      0.128102    0.000138    0.617649 ^ _825_/CLK (gf180mcu_fd_sc_mcu7t5v0__dffq_1)
     5    0.042423    0.442000    0.894985    1.512635 v _825_/Q (gf180mcu_fd_sc_mcu7t5v0__dffq_1)
                                                         recv_data_buffer[7] (net)
                      0.442002    0.000461    1.513096 v _692_/I0 (gf180mcu_fd_sc_mcu7t5v0__mux2_2)
     1    0.003562    0.114289    0.406510    1.919606 v _692_/Z (gf180mcu_fd_sc_mcu7t5v0__mux2_2)
                                                         _038_ (net)
                      0.114289    0.000070    1.919676 v _825_/D (gf180mcu_fd_sc_mcu7t5v0__dffq_1)
                                              1.919676   data arrival time

                                  0.000000    0.000000   clock system_clock (rise edge)
                                  0.000000    0.000000   clock source latency
     1    0.036569    0.000000    0.000000    0.000000 ^ CLK_I (in)
                                                         CLK_I (net)
                      0.003416    0.001397    0.001397 ^ clkbuf_0_CLK_I/I (gf180mcu_fd_sc_mcu7t5v0__clkbuf_16)
     8    0.208905    0.257094    0.324176    0.325573 ^ clkbuf_0_CLK_I/Z (gf180mcu_fd_sc_mcu7t5v0__clkbuf_16)
                                                         clknet_0_CLK_I (net)
                      0.257129    0.004458    0.330031 ^ clkbuf_3_6__f_CLK_I/I (gf180mcu_fd_sc_mcu7t5v0__clkbuf_16)
    13    0.063776    0.128102    0.287481    0.617512 ^ clkbuf_3_6__f_CLK_I/Z (gf180mcu_fd_sc_mcu7t5v0__clkbuf_16)
                                                         clknet_3_6__leaf_CLK_I (net)
                      0.128102    0.000138    0.617649 ^ _825_/CLK (gf180mcu_fd_sc_mcu7t5v0__dffq_1)
                                  0.500000    1.117649   clock uncertainty
                                  0.000000    1.117649   clock reconvergence pessimism
                                  0.087341    1.204990   library hold time
                                              1.204990   data required time
---------------------------------------------------------------------------------------------
                                              1.204990   data required time
                                             -1.919676   data arrival time
---------------------------------------------------------------------------------------------
                                              0.714686   slack (MET)


Startpoint: _818_ (rising edge-triggered flip-flop clocked by system_clock)
Endpoint: _818_ (rising edge-triggered flip-flop clocked by system_clock)
Path Group: system_clock
Path Type: min

Fanout         Cap        Slew       Delay        Time   Description
---------------------------------------------------------------------------------------------
                                  0.000000    0.000000   clock system_clock (rise edge)
                                  0.000000    0.000000   clock source latency
     1    0.036569    0.000000    0.000000    0.000000 ^ CLK_I (in)
                                                         CLK_I (net)
                      0.003416    0.001397    0.001397 ^ clkbuf_0_CLK_I/I (gf180mcu_fd_sc_mcu7t5v0__clkbuf_16)
     8    0.208905    0.257094    0.324176    0.325573 ^ clkbuf_0_CLK_I/Z (gf180mcu_fd_sc_mcu7t5v0__clkbuf_16)
                                                         clknet_0_CLK_I (net)
                      0.257110    0.003015    0.328588 ^ clkbuf_3_1__f_CLK_I/I (gf180mcu_fd_sc_mcu7t5v0__clkbuf_16)
    12    0.063772    0.128092    0.287445    0.616033 ^ clkbuf_3_1__f_CLK_I/Z (gf180mcu_fd_sc_mcu7t5v0__clkbuf_16)
                                                         clknet_3_1__leaf_CLK_I (net)
                      0.128093    0.000656    0.616690 ^ _818_/CLK (gf180mcu_fd_sc_mcu7t5v0__dffq_1)
     4    0.031539    0.343397    0.829908    1.446598 v _818_/Q (gf180mcu_fd_sc_mcu7t5v0__dffq_1)
                                                         recv_data_buffer[0] (net)
                      0.343397    0.000398    1.446995 v _410_/I (gf180mcu_fd_sc_mcu7t5v0__clkinv_1)
     3    0.025540    0.459505    0.363025    1.810020 ^ _410_/ZN (gf180mcu_fd_sc_mcu7t5v0__clkinv_1)
                                                         _083_ (net)
                      0.459505    0.000266    1.810286 ^ _683_/A1 (gf180mcu_fd_sc_mcu7t5v0__oai21_1)
     1    0.002816    0.140410    0.116764    1.927051 v _683_/ZN (gf180mcu_fd_sc_mcu7t5v0__oai21_1)
                                                         _031_ (net)
                      0.140410    0.000028    1.927078 v _818_/D (gf180mcu_fd_sc_mcu7t5v0__dffq_1)
                                              1.927078   data arrival time

                                  0.000000    0.000000   clock system_clock (rise edge)
                                  0.000000    0.000000   clock source latency
     1    0.036569    0.000000    0.000000    0.000000 ^ CLK_I (in)
                                                         CLK_I (net)
                      0.003416    0.001397    0.001397 ^ clkbuf_0_CLK_I/I (gf180mcu_fd_sc_mcu7t5v0__clkbuf_16)
     8    0.208905    0.257094    0.324176    0.325573 ^ clkbuf_0_CLK_I/Z (gf180mcu_fd_sc_mcu7t5v0__clkbuf_16)
                                                         clknet_0_CLK_I (net)
                      0.257110    0.003015    0.328588 ^ clkbuf_3_1__f_CLK_I/I (gf180mcu_fd_sc_mcu7t5v0__clkbuf_16)
    12    0.063772    0.128092    0.287445    0.616033 ^ clkbuf_3_1__f_CLK_I/Z (gf180mcu_fd_sc_mcu7t5v0__clkbuf_16)
                                                         clknet_3_1__leaf_CLK_I (net)
                      0.128093    0.000656    0.616690 ^ _818_/CLK (gf180mcu_fd_sc_mcu7t5v0__dffq_1)
                                  0.500000    1.116689   clock uncertainty
                                  0.000000    1.116689   clock reconvergence pessimism
                                  0.081198    1.197887   library hold time
                                              1.197887   data required time
---------------------------------------------------------------------------------------------
                                              1.197887   data required time
                                             -1.927078   data arrival time
---------------------------------------------------------------------------------------------
                                              0.729191   slack (MET)


Startpoint: _818_ (rising edge-triggered flip-flop clocked by system_clock)
Endpoint: _866_ (rising edge-triggered flip-flop clocked by system_clock)
Path Group: system_clock
Path Type: min

Fanout         Cap        Slew       Delay        Time   Description
---------------------------------------------------------------------------------------------
                                  0.000000    0.000000   clock system_clock (rise edge)
                                  0.000000    0.000000   clock source latency
     1    0.036569    0.000000    0.000000    0.000000 ^ CLK_I (in)
                                                         CLK_I (net)
                      0.003416    0.001397    0.001397 ^ clkbuf_0_CLK_I/I (gf180mcu_fd_sc_mcu7t5v0__clkbuf_16)
     8    0.208905    0.257094    0.324176    0.325573 ^ clkbuf_0_CLK_I/Z (gf180mcu_fd_sc_mcu7t5v0__clkbuf_16)
                                                         clknet_0_CLK_I (net)
                      0.257110    0.003015    0.328588 ^ clkbuf_3_1__f_CLK_I/I (gf180mcu_fd_sc_mcu7t5v0__clkbuf_16)
    12    0.063772    0.128092    0.287445    0.616033 ^ clkbuf_3_1__f_CLK_I/Z (gf180mcu_fd_sc_mcu7t5v0__clkbuf_16)
                                                         clknet_3_1__leaf_CLK_I (net)
                      0.128093    0.000656    0.616690 ^ _818_/CLK (gf180mcu_fd_sc_mcu7t5v0__dffq_1)
     4    0.031539    0.343397    0.829908    1.446598 v _818_/Q (gf180mcu_fd_sc_mcu7t5v0__dffq_1)
                                                         recv_data_buffer[0] (net)
                      0.343397    0.000398    1.446995 v _410_/I (gf180mcu_fd_sc_mcu7t5v0__clkinv_1)
     3    0.025540    0.459505    0.363025    1.810020 ^ _410_/ZN (gf180mcu_fd_sc_mcu7t5v0__clkinv_1)
                                                         _083_ (net)
                      0.459505    0.000144    1.810164 ^ _814_/A1 (gf180mcu_fd_sc_mcu7t5v0__aoi21_1)
     1    0.002740    0.172460    0.111874    1.922038 v _814_/ZN (gf180mcu_fd_sc_mcu7t5v0__aoi21_1)
                                                         _079_ (net)
                      0.172460    0.000026    1.922064 v _866_/D (gf180mcu_fd_sc_mcu7t5v0__dffq_1)
                                              1.922064   data arrival time

                                  0.000000    0.000000   clock system_clock (rise edge)
                                  0.000000    0.000000   clock source latency
     1    0.036569    0.000000    0.000000    0.000000 ^ CLK_I (in)
                                                         CLK_I (net)
                      0.003416    0.001397    0.001397 ^ clkbuf_0_CLK_I/I (gf180mcu_fd_sc_mcu7t5v0__clkbuf_16)
     8    0.208905    0.257094    0.324176    0.325573 ^ clkbuf_0_CLK_I/Z (gf180mcu_fd_sc_mcu7t5v0__clkbuf_16)
                                                         clknet_0_CLK_I (net)
                      0.257116    0.003554    0.329127 ^ clkbuf_3_3__f_CLK_I/I (gf180mcu_fd_sc_mcu7t5v0__clkbuf_16)
    10    0.068732    0.132332    0.290690    0.619817 ^ clkbuf_3_3__f_CLK_I/Z (gf180mcu_fd_sc_mcu7t5v0__clkbuf_16)
                                                         clknet_3_3__leaf_CLK_I (net)
                      0.132332    0.000180    0.619997 ^ _866_/CLK (gf180mcu_fd_sc_mcu7t5v0__dffq_1)
                                  0.500000    1.119998   clock uncertainty
                                  0.000000    1.119998   clock reconvergence pessimism
                                  0.072803    1.192800   library hold time
                                              1.192800   data required time
---------------------------------------------------------------------------------------------
                                              1.192800   data required time
                                             -1.922064   data arrival time
---------------------------------------------------------------------------------------------
                                              0.729264   slack (MET)


Startpoint: _901_ (rising edge-triggered flip-flop clocked by system_clock)
Endpoint: _847_ (rising edge-triggered flip-flop clocked by system_clock)
Path Group: system_clock
Path Type: min

Fanout         Cap        Slew       Delay        Time   Description
---------------------------------------------------------------------------------------------
                                  0.000000    0.000000   clock system_clock (rise edge)
                                  0.000000    0.000000   clock source latency
     1    0.036569    0.000000    0.000000    0.000000 ^ CLK_I (in)
                                                         CLK_I (net)
                      0.003416    0.001397    0.001397 ^ clkbuf_0_CLK_I/I (gf180mcu_fd_sc_mcu7t5v0__clkbuf_16)
     8    0.208905    0.257094    0.324176    0.325573 ^ clkbuf_0_CLK_I/Z (gf180mcu_fd_sc_mcu7t5v0__clkbuf_16)
                                                         clknet_0_CLK_I (net)
                      0.257119    0.003750    0.329323 ^ clkbuf_3_0__f_CLK_I/I (gf180mcu_fd_sc_mcu7t5v0__clkbuf_16)
     9    0.058179    0.123285    0.283678    0.613001 ^ clkbuf_3_0__f_CLK_I/Z (gf180mcu_fd_sc_mcu7t5v0__clkbuf_16)
                                                         clknet_3_0__leaf_CLK_I (net)
                      0.123287    0.000965    0.613966 ^ _901_/CLK (gf180mcu_fd_sc_mcu7t5v0__dffq_1)
     8    0.052179    0.532694    0.951003    1.564969 v _901_/Q (gf180mcu_fd_sc_mcu7t5v0__dffq_1)
                                                         i2c_sda_in_synchronised_internal (net)
                      0.532704    0.001336    1.566304 v _774_/A2 (gf180mcu_fd_sc_mcu7t5v0__and2_1)
     1    0.003175    0.116110    0.374149    1.940453 v _774_/Z (gf180mcu_fd_sc_mcu7t5v0__and2_1)
                                                         _060_ (net)
                      0.116110    0.000058    1.940511 v _847_/D (gf180mcu_fd_sc_mcu7t5v0__dffq_1)
                                              1.940511   data arrival time

                                  0.000000    0.000000   clock system_clock (rise edge)
                                  0.000000    0.000000   clock source latency
     1    0.036569    0.000000    0.000000    0.000000 ^ CLK_I (in)
                                                         CLK_I (net)
                      0.003416    0.001397    0.001397 ^ clkbuf_0_CLK_I/I (gf180mcu_fd_sc_mcu7t5v0__clkbuf_16)
     8    0.208905    0.257094    0.324176    0.325573 ^ clkbuf_0_CLK_I/Z (gf180mcu_fd_sc_mcu7t5v0__clkbuf_16)
                                                         clknet_0_CLK_I (net)
                      0.257110    0.003015    0.328588 ^ clkbuf_3_1__f_CLK_I/I (gf180mcu_fd_sc_mcu7t5v0__clkbuf_16)
    12    0.063772    0.128092    0.287445    0.616033 ^ clkbuf_3_1__f_CLK_I/Z (gf180mcu_fd_sc_mcu7t5v0__clkbuf_16)
                                                         clknet_3_1__leaf_CLK_I (net)
                      0.128093    0.000562    0.616595 ^ _847_/CLK (gf180mcu_fd_sc_mcu7t5v0__dffq_1)
                                  0.500000    1.116595   clock uncertainty
                                  0.000000    1.116595   clock reconvergence pessimism
                                  0.086911    1.203506   library hold time
                                              1.203506   data required time
---------------------------------------------------------------------------------------------
                                              1.203506   data required time
                                             -1.940511   data arrival time
---------------------------------------------------------------------------------------------
                                              0.737005   slack (MET)


Startpoint: _847_ (rising edge-triggered flip-flop clocked by system_clock)
Endpoint: _831_ (rising edge-triggered flip-flop clocked by system_clock)
Path Group: system_clock
Path Type: min

Fanout         Cap        Slew       Delay        Time   Description
---------------------------------------------------------------------------------------------
                                  0.000000    0.000000   clock system_clock (rise edge)
                                  0.000000    0.000000   clock source latency
     1    0.036569    0.000000    0.000000    0.000000 ^ CLK_I (in)
                                                         CLK_I (net)
                      0.003416    0.001397    0.001397 ^ clkbuf_0_CLK_I/I (gf180mcu_fd_sc_mcu7t5v0__clkbuf_16)
     8    0.208905    0.257094    0.324176    0.325573 ^ clkbuf_0_CLK_I/Z (gf180mcu_fd_sc_mcu7t5v0__clkbuf_16)
                                                         clknet_0_CLK_I (net)
                      0.257110    0.003015    0.328588 ^ clkbuf_3_1__f_CLK_I/I (gf180mcu_fd_sc_mcu7t5v0__clkbuf_16)
    12    0.063772    0.128092    0.287445    0.616033 ^ clkbuf_3_1__f_CLK_I/Z (gf180mcu_fd_sc_mcu7t5v0__clkbuf_16)
                                                         clknet_3_1__leaf_CLK_I (net)
                      0.128093    0.000562    0.616595 ^ _847_/CLK (gf180mcu_fd_sc_mcu7t5v0__dffq_1)
     4    0.021030    0.250994    0.766213    1.382808 v _847_/Q (gf180mcu_fd_sc_mcu7t5v0__dffq_1)
                                                         sda_previous_state (net)
                      0.250994    0.000135    1.382943 v _678_/A2 (gf180mcu_fd_sc_mcu7t5v0__oai21_1)
     2    0.011835    0.486126    0.354967    1.737910 ^ _678_/ZN (gf180mcu_fd_sc_mcu7t5v0__oai21_1)
                                                         _319_ (net)
                      0.486126    0.000186    1.738096 ^ _735_/B (gf180mcu_fd_sc_mcu7t5v0__aoi21_1)
     1    0.004025    0.149783    0.198033    1.936129 v _735_/ZN (gf180mcu_fd_sc_mcu7t5v0__aoi21_1)
                                                         _044_ (net)
                      0.149783    0.000079    1.936208 v _831_/D (gf180mcu_fd_sc_mcu7t5v0__dffq_1)
                                              1.936208   data arrival time

                                  0.000000    0.000000   clock system_clock (rise edge)
                                  0.000000    0.000000   clock source latency
     1    0.036569    0.000000    0.000000    0.000000 ^ CLK_I (in)
                                                         CLK_I (net)
                      0.003416    0.001397    0.001397 ^ clkbuf_0_CLK_I/I (gf180mcu_fd_sc_mcu7t5v0__clkbuf_16)
     8    0.208905    0.257094    0.324176    0.325573 ^ clkbuf_0_CLK_I/Z (gf180mcu_fd_sc_mcu7t5v0__clkbuf_16)
                                                         clknet_0_CLK_I (net)
                      0.257119    0.003750    0.329323 ^ clkbuf_3_0__f_CLK_I/I (gf180mcu_fd_sc_mcu7t5v0__clkbuf_16)
     9    0.058179    0.123285    0.283678    0.613001 ^ clkbuf_3_0__f_CLK_I/Z (gf180mcu_fd_sc_mcu7t5v0__clkbuf_16)
                                                         clknet_3_0__leaf_CLK_I (net)
                      0.123286    0.000749    0.613750 ^ _831_/CLK (gf180mcu_fd_sc_mcu7t5v0__dffq_1)
                                  0.500000    1.113750   clock uncertainty
                                  0.000000    1.113750   clock reconvergence pessimism
                                  0.077865    1.191615   library hold time
                                              1.191615   data required time
---------------------------------------------------------------------------------------------
                                              1.191615   data required time
                                             -1.936208   data arrival time
---------------------------------------------------------------------------------------------
                                              0.744593   slack (MET)


Startpoint: _883_ (rising edge-triggered flip-flop clocked by system_clock)
Endpoint: _883_ (rising edge-triggered flip-flop clocked by system_clock)
Path Group: system_clock
Path Type: min

Fanout         Cap        Slew       Delay        Time   Description
---------------------------------------------------------------------------------------------
                                  0.000000    0.000000   clock system_clock (rise edge)
                                  0.000000    0.000000   clock source latency
     1    0.036569    0.000000    0.000000    0.000000 ^ CLK_I (in)
                                                         CLK_I (net)
                      0.003416    0.001397    0.001397 ^ clkbuf_0_CLK_I/I (gf180mcu_fd_sc_mcu7t5v0__clkbuf_16)
     8    0.208905    0.257094    0.324176    0.325573 ^ clkbuf_0_CLK_I/Z (gf180mcu_fd_sc_mcu7t5v0__clkbuf_16)
                                                         clknet_0_CLK_I (net)
                      0.257110    0.003015    0.328588 ^ clkbuf_3_1__f_CLK_I/I (gf180mcu_fd_sc_mcu7t5v0__clkbuf_16)
    12    0.063772    0.128092    0.287445    0.616033 ^ clkbuf_3_1__f_CLK_I/Z (gf180mcu_fd_sc_mcu7t5v0__clkbuf_16)
                                                         clknet_3_1__leaf_CLK_I (net)
                      0.128092    0.000546    0.616580 ^ _883_/CLK (gf180mcu_fd_sc_mcu7t5v0__dffq_1)
     9    0.052104    0.532079    0.951947    1.568527 v _883_/Q (gf180mcu_fd_sc_mcu7t5v0__dffq_1)
                                                         addr_pointer_register_internal[1] (net)
                      0.532084    0.001002    1.569528 v _562_/A1 (gf180mcu_fd_sc_mcu7t5v0__nand2_1)
     1    0.005039    0.216815    0.231001    1.800529 ^ _562_/ZN (gf180mcu_fd_sc_mcu7t5v0__nand2_1)
                                                         _217_ (net)
                      0.216815    0.000051    1.800580 ^ _563_/C (gf180mcu_fd_sc_mcu7t5v0__oai221_1)
     1    0.003731    0.184921    0.160128    1.960708 v _563_/ZN (gf180mcu_fd_sc_mcu7t5v0__oai221_1)
                                                         _017_ (net)
                      0.184921    0.000041    1.960750 v _883_/D (gf180mcu_fd_sc_mcu7t5v0__dffq_1)
                                              1.960750   data arrival time

                                  0.000000    0.000000   clock system_clock (rise edge)
                                  0.000000    0.000000   clock source latency
     1    0.036569    0.000000    0.000000    0.000000 ^ CLK_I (in)
                                                         CLK_I (net)
                      0.003416    0.001397    0.001397 ^ clkbuf_0_CLK_I/I (gf180mcu_fd_sc_mcu7t5v0__clkbuf_16)
     8    0.208905    0.257094    0.324176    0.325573 ^ clkbuf_0_CLK_I/Z (gf180mcu_fd_sc_mcu7t5v0__clkbuf_16)
                                                         clknet_0_CLK_I (net)
                      0.257110    0.003015    0.328588 ^ clkbuf_3_1__f_CLK_I/I (gf180mcu_fd_sc_mcu7t5v0__clkbuf_16)
    12    0.063772    0.128092    0.287445    0.616033 ^ clkbuf_3_1__f_CLK_I/Z (gf180mcu_fd_sc_mcu7t5v0__clkbuf_16)
                                                         clknet_3_1__leaf_CLK_I (net)
                      0.128092    0.000546    0.616580 ^ _883_/CLK (gf180mcu_fd_sc_mcu7t5v0__dffq_1)
                                  0.500000    1.116580   clock uncertainty
                                  0.000000    1.116580   clock reconvergence pessimism
                                  0.068458    1.185038   library hold time
                                              1.185038   data required time
---------------------------------------------------------------------------------------------
                                              1.185038   data required time
                                             -1.960750   data arrival time
---------------------------------------------------------------------------------------------
                                              0.775712   slack (MET)


Startpoint: _827_ (rising edge-triggered flip-flop clocked by system_clock)
Endpoint: _827_ (rising edge-triggered flip-flop clocked by system_clock)
Path Group: system_clock
Path Type: min

Fanout         Cap        Slew       Delay        Time   Description
---------------------------------------------------------------------------------------------
                                  0.000000    0.000000   clock system_clock (rise edge)
                                  0.000000    0.000000   clock source latency
     1    0.036569    0.000000    0.000000    0.000000 ^ CLK_I (in)
                                                         CLK_I (net)
                      0.003416    0.001397    0.001397 ^ clkbuf_0_CLK_I/I (gf180mcu_fd_sc_mcu7t5v0__clkbuf_16)
     8    0.208905    0.257094    0.324176    0.325573 ^ clkbuf_0_CLK_I/Z (gf180mcu_fd_sc_mcu7t5v0__clkbuf_16)
                                                         clknet_0_CLK_I (net)
                      0.257119    0.003750    0.329323 ^ clkbuf_3_0__f_CLK_I/I (gf180mcu_fd_sc_mcu7t5v0__clkbuf_16)
     9    0.058179    0.123285    0.283678    0.613001 ^ clkbuf_3_0__f_CLK_I/Z (gf180mcu_fd_sc_mcu7t5v0__clkbuf_16)
                                                         clknet_3_0__leaf_CLK_I (net)
                      0.123285    0.000048    0.613049 ^ _827_/CLK (gf180mcu_fd_sc_mcu7t5v0__dffq_1)
     9    0.051136    0.523051    0.945248    1.558297 v _827_/Q (gf180mcu_fd_sc_mcu7t5v0__dffq_1)
                                                         received_data_internal_flag (net)
                      0.523051    0.000325    1.558622 v _708_/I1 (gf180mcu_fd_sc_mcu7t5v0__mux2_2)
     1    0.003456    0.114193    0.426394    1.985016 v _708_/Z (gf180mcu_fd_sc_mcu7t5v0__mux2_2)
                                                         _040_ (net)
                      0.114193    0.000065    1.985081 v _827_/D (gf180mcu_fd_sc_mcu7t5v0__dffq_1)
                                              1.985081   data arrival time

                                  0.000000    0.000000   clock system_clock (rise edge)
                                  0.000000    0.000000   clock source latency
     1    0.036569    0.000000    0.000000    0.000000 ^ CLK_I (in)
                                                         CLK_I (net)
                      0.003416    0.001397    0.001397 ^ clkbuf_0_CLK_I/I (gf180mcu_fd_sc_mcu7t5v0__clkbuf_16)
     8    0.208905    0.257094    0.324176    0.325573 ^ clkbuf_0_CLK_I/Z (gf180mcu_fd_sc_mcu7t5v0__clkbuf_16)
                                                         clknet_0_CLK_I (net)
                      0.257119    0.003750    0.329323 ^ clkbuf_3_0__f_CLK_I/I (gf180mcu_fd_sc_mcu7t5v0__clkbuf_16)
     9    0.058179    0.123285    0.283678    0.613001 ^ clkbuf_3_0__f_CLK_I/Z (gf180mcu_fd_sc_mcu7t5v0__clkbuf_16)
                                                         clknet_3_0__leaf_CLK_I (net)
                      0.123285    0.000048    0.613049 ^ _827_/CLK (gf180mcu_fd_sc_mcu7t5v0__dffq_1)
                                  0.500000    1.113050   clock uncertainty
                                  0.000000    1.113050   clock reconvergence pessimism
                                  0.086533    1.199583   library hold time
                                              1.199583   data required time
---------------------------------------------------------------------------------------------
                                              1.199583   data required time
                                             -1.985081   data arrival time
---------------------------------------------------------------------------------------------
                                              0.785498   slack (MET)


Startpoint: _818_ (rising edge-triggered flip-flop clocked by system_clock)
Endpoint: _874_ (rising edge-triggered flip-flop clocked by system_clock)
Path Group: system_clock
Path Type: min

Fanout         Cap        Slew       Delay        Time   Description
---------------------------------------------------------------------------------------------
                                  0.000000    0.000000   clock system_clock (rise edge)
                                  0.000000    0.000000   clock source latency
     1    0.036569    0.000000    0.000000    0.000000 ^ CLK_I (in)
                                                         CLK_I (net)
                      0.003416    0.001397    0.001397 ^ clkbuf_0_CLK_I/I (gf180mcu_fd_sc_mcu7t5v0__clkbuf_16)
     8    0.208905    0.257094    0.324176    0.325573 ^ clkbuf_0_CLK_I/Z (gf180mcu_fd_sc_mcu7t5v0__clkbuf_16)
                                                         clknet_0_CLK_I (net)
                      0.257110    0.003015    0.328588 ^ clkbuf_3_1__f_CLK_I/I (gf180mcu_fd_sc_mcu7t5v0__clkbuf_16)
    12    0.063772    0.128092    0.287445    0.616033 ^ clkbuf_3_1__f_CLK_I/Z (gf180mcu_fd_sc_mcu7t5v0__clkbuf_16)
                                                         clknet_3_1__leaf_CLK_I (net)
                      0.128093    0.000656    0.616690 ^ _818_/CLK (gf180mcu_fd_sc_mcu7t5v0__dffq_1)
     4    0.031539    0.343397    0.829908    1.446598 v _818_/Q (gf180mcu_fd_sc_mcu7t5v0__dffq_1)
                                                         recv_data_buffer[0] (net)
                      0.343398    0.000488    1.447086 v _480_/B2 (gf180mcu_fd_sc_mcu7t5v0__oai221_1)
     1    0.005593    0.349863    0.435098    1.882184 ^ _480_/ZN (gf180mcu_fd_sc_mcu7t5v0__oai221_1)
                                                         _144_ (net)
                      0.349863    0.000058    1.882242 ^ _508_/A2 (gf180mcu_fd_sc_mcu7t5v0__aoi22_1)
     1    0.002897    0.143944    0.106722    1.988964 v _508_/ZN (gf180mcu_fd_sc_mcu7t5v0__aoi22_1)
                                                         _008_ (net)
                      0.143944    0.000028    1.988992 v _874_/D (gf180mcu_fd_sc_mcu7t5v0__dffq_1)
                                              1.988992   data arrival time

                                  0.000000    0.000000   clock system_clock (rise edge)
                                  0.000000    0.000000   clock source latency
     1    0.036569    0.000000    0.000000    0.000000 ^ CLK_I (in)
                                                         CLK_I (net)
                      0.003416    0.001397    0.001397 ^ clkbuf_0_CLK_I/I (gf180mcu_fd_sc_mcu7t5v0__clkbuf_16)
     8    0.208905    0.257094    0.324176    0.325573 ^ clkbuf_0_CLK_I/Z (gf180mcu_fd_sc_mcu7t5v0__clkbuf_16)
                                                         clknet_0_CLK_I (net)
                      0.257129    0.004458    0.330031 ^ clkbuf_3_6__f_CLK_I/I (gf180mcu_fd_sc_mcu7t5v0__clkbuf_16)
    13    0.063776    0.128102    0.287481    0.617512 ^ clkbuf_3_6__f_CLK_I/Z (gf180mcu_fd_sc_mcu7t5v0__clkbuf_16)
                                                         clknet_3_6__leaf_CLK_I (net)
                      0.128103    0.000533    0.618044 ^ _874_/CLK (gf180mcu_fd_sc_mcu7t5v0__dffq_1)
                                  0.500000    1.118045   clock uncertainty
                                  0.000000    1.118045   clock reconvergence pessimism
                                  0.080366    1.198411   library hold time
                                              1.198411   data required time
---------------------------------------------------------------------------------------------
                                              1.198411   data required time
                                             -1.988992   data arrival time
---------------------------------------------------------------------------------------------
                                              0.790581   slack (MET)


Startpoint: _824_ (rising edge-triggered flip-flop clocked by system_clock)
Endpoint: _824_ (rising edge-triggered flip-flop clocked by system_clock)
Path Group: system_clock
Path Type: min

Fanout         Cap        Slew       Delay        Time   Description
---------------------------------------------------------------------------------------------
                                  0.000000    0.000000   clock system_clock (rise edge)
                                  0.000000    0.000000   clock source latency
     1    0.036569    0.000000    0.000000    0.000000 ^ CLK_I (in)
                                                         CLK_I (net)
                      0.003416    0.001397    0.001397 ^ clkbuf_0_CLK_I/I (gf180mcu_fd_sc_mcu7t5v0__clkbuf_16)
     8    0.208905    0.257094    0.324176    0.325573 ^ clkbuf_0_CLK_I/Z (gf180mcu_fd_sc_mcu7t5v0__clkbuf_16)
                                                         clknet_0_CLK_I (net)
                      0.257138    0.004969    0.330543 ^ clkbuf_3_7__f_CLK_I/I (gf180mcu_fd_sc_mcu7t5v0__clkbuf_16)
    13    0.062541    0.127021    0.286568    0.617111 ^ clkbuf_3_7__f_CLK_I/Z (gf180mcu_fd_sc_mcu7t5v0__clkbuf_16)
                                                         clknet_3_7__leaf_CLK_I (net)
                      0.127023    0.000964    0.618075 ^ _824_/CLK (gf180mcu_fd_sc_mcu7t5v0__dffq_1)
     6    0.053018    0.540411    0.956244    1.574319 v _824_/Q (gf180mcu_fd_sc_mcu7t5v0__dffq_1)
                                                         recv_data_buffer[6] (net)
                      0.540425    0.001559    1.575877 v _691_/I0 (gf180mcu_fd_sc_mcu7t5v0__mux2_2)
     1    0.006816    0.132734    0.447639    2.023516 v _691_/Z (gf180mcu_fd_sc_mcu7t5v0__mux2_2)
                                                         _037_ (net)
                      0.132734    0.000165    2.023681 v _824_/D (gf180mcu_fd_sc_mcu7t5v0__dffq_1)
                                              2.023681   data arrival time

                                  0.000000    0.000000   clock system_clock (rise edge)
                                  0.000000    0.000000   clock source latency
     1    0.036569    0.000000    0.000000    0.000000 ^ CLK_I (in)
                                                         CLK_I (net)
                      0.003416    0.001397    0.001397 ^ clkbuf_0_CLK_I/I (gf180mcu_fd_sc_mcu7t5v0__clkbuf_16)
     8    0.208905    0.257094    0.324176    0.325573 ^ clkbuf_0_CLK_I/Z (gf180mcu_fd_sc_mcu7t5v0__clkbuf_16)
                                                         clknet_0_CLK_I (net)
                      0.257138    0.004969    0.330543 ^ clkbuf_3_7__f_CLK_I/I (gf180mcu_fd_sc_mcu7t5v0__clkbuf_16)
    13    0.062541    0.127021    0.286568    0.617111 ^ clkbuf_3_7__f_CLK_I/Z (gf180mcu_fd_sc_mcu7t5v0__clkbuf_16)
                                                         clknet_3_7__leaf_CLK_I (net)
                      0.127023    0.000964    0.618075 ^ _824_/CLK (gf180mcu_fd_sc_mcu7t5v0__dffq_1)
                                  0.500000    1.118075   clock uncertainty
                                  0.000000    1.118075   clock reconvergence pessimism
                                  0.082822    1.200898   library hold time
                                              1.200898   data required time
---------------------------------------------------------------------------------------------
                                              1.200898   data required time
                                             -2.023681   data arrival time
---------------------------------------------------------------------------------------------
                                              0.822784   slack (MET)


Startpoint: _818_ (rising edge-triggered flip-flop clocked by system_clock)
Endpoint: _856_ (rising edge-triggered flip-flop clocked by system_clock)
Path Group: system_clock
Path Type: min

Fanout         Cap        Slew       Delay        Time   Description
---------------------------------------------------------------------------------------------
                                  0.000000    0.000000   clock system_clock (rise edge)
                                  0.000000    0.000000   clock source latency
     1    0.036569    0.000000    0.000000    0.000000 ^ CLK_I (in)
                                                         CLK_I (net)
                      0.003416    0.001397    0.001397 ^ clkbuf_0_CLK_I/I (gf180mcu_fd_sc_mcu7t5v0__clkbuf_16)
     8    0.208905    0.257094    0.324176    0.325573 ^ clkbuf_0_CLK_I/Z (gf180mcu_fd_sc_mcu7t5v0__clkbuf_16)
                                                         clknet_0_CLK_I (net)
                      0.257110    0.003015    0.328588 ^ clkbuf_3_1__f_CLK_I/I (gf180mcu_fd_sc_mcu7t5v0__clkbuf_16)
    12    0.063772    0.128092    0.287445    0.616033 ^ clkbuf_3_1__f_CLK_I/Z (gf180mcu_fd_sc_mcu7t5v0__clkbuf_16)
                                                         clknet_3_1__leaf_CLK_I (net)
                      0.128093    0.000656    0.616690 ^ _818_/CLK (gf180mcu_fd_sc_mcu7t5v0__dffq_1)
     4    0.031539    0.343397    0.829908    1.446598 v _818_/Q (gf180mcu_fd_sc_mcu7t5v0__dffq_1)
                                                         recv_data_buffer[0] (net)
                      0.343399    0.000666    1.447263 v _793_/B2 (gf180mcu_fd_sc_mcu7t5v0__aoi22_1)
     1    0.011535    0.357454    0.365286    1.812549 ^ _793_/ZN (gf180mcu_fd_sc_mcu7t5v0__aoi22_1)
                                                         _396_ (net)
                      0.357454    0.000318    1.812867 ^ _794_/A2 (gf180mcu_fd_sc_mcu7t5v0__nor2_1)
     1    0.009468    0.245216    0.208925    2.021792 v _794_/ZN (gf180mcu_fd_sc_mcu7t5v0__nor2_1)
                                                         _069_ (net)
                      0.245216    0.000255    2.022048 v _856_/D (gf180mcu_fd_sc_mcu7t5v0__dffq_1)
                                              2.022048   data arrival time

                                  0.000000    0.000000   clock system_clock (rise edge)
                                  0.000000    0.000000   clock source latency
     1    0.036569    0.000000    0.000000    0.000000 ^ CLK_I (in)
                                                         CLK_I (net)
                      0.003416    0.001397    0.001397 ^ clkbuf_0_CLK_I/I (gf180mcu_fd_sc_mcu7t5v0__clkbuf_16)
     8    0.208905    0.257094    0.324176    0.325573 ^ clkbuf_0_CLK_I/Z (gf180mcu_fd_sc_mcu7t5v0__clkbuf_16)
                                                         clknet_0_CLK_I (net)
                      0.257108    0.002826    0.328399 ^ clkbuf_3_5__f_CLK_I/I (gf180mcu_fd_sc_mcu7t5v0__clkbuf_16)
    11    0.066470    0.130403    0.289224    0.617624 ^ clkbuf_3_5__f_CLK_I/Z (gf180mcu_fd_sc_mcu7t5v0__clkbuf_16)
                                                         clknet_3_5__leaf_CLK_I (net)
                      0.130403    0.000467    0.618091 ^ _856_/CLK (gf180mcu_fd_sc_mcu7t5v0__dffq_1)
                                  0.500000    1.118091   clock uncertainty
                                  0.000000    1.118091   clock reconvergence pessimism
                                  0.051362    1.169453   library hold time
                                              1.169453   data required time
---------------------------------------------------------------------------------------------
                                              1.169453   data required time
                                             -2.022048   data arrival time
---------------------------------------------------------------------------------------------
                                              0.852595   slack (MET)


Startpoint: _818_ (rising edge-triggered flip-flop clocked by system_clock)
Endpoint: _882_ (rising edge-triggered flip-flop clocked by system_clock)
Path Group: system_clock
Path Type: min

Fanout         Cap        Slew       Delay        Time   Description
---------------------------------------------------------------------------------------------
                                  0.000000    0.000000   clock system_clock (rise edge)
                                  0.000000    0.000000   clock source latency
     1    0.036569    0.000000    0.000000    0.000000 ^ CLK_I (in)
                                                         CLK_I (net)
                      0.003416    0.001397    0.001397 ^ clkbuf_0_CLK_I/I (gf180mcu_fd_sc_mcu7t5v0__clkbuf_16)
     8    0.208905    0.257094    0.324176    0.325573 ^ clkbuf_0_CLK_I/Z (gf180mcu_fd_sc_mcu7t5v0__clkbuf_16)
                                                         clknet_0_CLK_I (net)
                      0.257110    0.003015    0.328588 ^ clkbuf_3_1__f_CLK_I/I (gf180mcu_fd_sc_mcu7t5v0__clkbuf_16)
    12    0.063772    0.128092    0.287445    0.616033 ^ clkbuf_3_1__f_CLK_I/Z (gf180mcu_fd_sc_mcu7t5v0__clkbuf_16)
                                                         clknet_3_1__leaf_CLK_I (net)
                      0.128093    0.000656    0.616690 ^ _818_/CLK (gf180mcu_fd_sc_mcu7t5v0__dffq_1)
     4    0.031539    0.343397    0.829908    1.446598 v _818_/Q (gf180mcu_fd_sc_mcu7t5v0__dffq_1)
                                                         recv_data_buffer[0] (net)
                      0.343397    0.000398    1.446995 v _410_/I (gf180mcu_fd_sc_mcu7t5v0__clkinv_1)
     3    0.025540    0.459505    0.363025    1.810020 ^ _410_/ZN (gf180mcu_fd_sc_mcu7t5v0__clkinv_1)
                                                         _083_ (net)
                      0.459506    0.000546    1.810567 ^ _560_/B2 (gf180mcu_fd_sc_mcu7t5v0__oai221_1)
     1    0.003925    0.187498    0.233306    2.043872 v _560_/ZN (gf180mcu_fd_sc_mcu7t5v0__oai221_1)
                                                         _016_ (net)
                      0.187498    0.000043    2.043916 v _882_/D (gf180mcu_fd_sc_mcu7t5v0__dffq_1)
                                              2.043916   data arrival time

                                  0.000000    0.000000   clock system_clock (rise edge)
                                  0.000000    0.000000   clock source latency
     1    0.036569    0.000000    0.000000    0.000000 ^ CLK_I (in)
                                                         CLK_I (net)
                      0.003416    0.001397    0.001397 ^ clkbuf_0_CLK_I/I (gf180mcu_fd_sc_mcu7t5v0__clkbuf_16)
     8    0.208905    0.257094    0.324176    0.325573 ^ clkbuf_0_CLK_I/Z (gf180mcu_fd_sc_mcu7t5v0__clkbuf_16)
                                                         clknet_0_CLK_I (net)
                      0.257110    0.003015    0.328588 ^ clkbuf_3_1__f_CLK_I/I (gf180mcu_fd_sc_mcu7t5v0__clkbuf_16)
    12    0.063772    0.128092    0.287445    0.616033 ^ clkbuf_3_1__f_CLK_I/Z (gf180mcu_fd_sc_mcu7t5v0__clkbuf_16)
                                                         clknet_3_1__leaf_CLK_I (net)
                      0.128093    0.000553    0.616587 ^ _882_/CLK (gf180mcu_fd_sc_mcu7t5v0__dffq_1)
                                  0.500000    1.116587   clock uncertainty
                                  0.000000    1.116587   clock reconvergence pessimism
                                  0.067709    1.184296   library hold time
                                              1.184296   data required time
---------------------------------------------------------------------------------------------
                                              1.184296   data required time
                                             -2.043916   data arrival time
---------------------------------------------------------------------------------------------
                                              0.859619   slack (MET)


Startpoint: _822_ (rising edge-triggered flip-flop clocked by system_clock)
Endpoint: _822_ (rising edge-triggered flip-flop clocked by system_clock)
Path Group: system_clock
Path Type: min

Fanout         Cap        Slew       Delay        Time   Description
---------------------------------------------------------------------------------------------
                                  0.000000    0.000000   clock system_clock (rise edge)
                                  0.000000    0.000000   clock source latency
     1    0.036569    0.000000    0.000000    0.000000 ^ CLK_I (in)
                                                         CLK_I (net)
                      0.003416    0.001397    0.001397 ^ clkbuf_0_CLK_I/I (gf180mcu_fd_sc_mcu7t5v0__clkbuf_16)
     8    0.208905    0.257094    0.324176    0.325573 ^ clkbuf_0_CLK_I/Z (gf180mcu_fd_sc_mcu7t5v0__clkbuf_16)
                                                         clknet_0_CLK_I (net)
                      0.257116    0.003554    0.329127 ^ clkbuf_3_3__f_CLK_I/I (gf180mcu_fd_sc_mcu7t5v0__clkbuf_16)
    10    0.068732    0.132332    0.290690    0.619817 ^ clkbuf_3_3__f_CLK_I/Z (gf180mcu_fd_sc_mcu7t5v0__clkbuf_16)
                                                         clknet_3_3__leaf_CLK_I (net)
                      0.132332    0.000084    0.619902 ^ _822_/CLK (gf180mcu_fd_sc_mcu7t5v0__dffq_1)
     4    0.038462    0.404989    0.872015    1.491917 v _822_/Q (gf180mcu_fd_sc_mcu7t5v0__dffq_1)
                                                         recv_data_buffer[4] (net)
                      0.404990    0.000649    1.492566 v _419_/I (gf180mcu_fd_sc_mcu7t5v0__clkinv_1)
     3    0.031402    0.555145    0.434391    1.926958 ^ _419_/ZN (gf180mcu_fd_sc_mcu7t5v0__clkinv_1)
                                                         _092_ (net)
                      0.555145    0.000436    1.927394 ^ _689_/A1 (gf180mcu_fd_sc_mcu7t5v0__oai21_1)
     1    0.003770    0.155204    0.131594    2.058988 v _689_/ZN (gf180mcu_fd_sc_mcu7t5v0__oai21_1)
                                                         _035_ (net)
                      0.155204    0.000041    2.059029 v _822_/D (gf180mcu_fd_sc_mcu7t5v0__dffq_1)
                                              2.059029   data arrival time

                                  0.000000    0.000000   clock system_clock (rise edge)
                                  0.000000    0.000000   clock source latency
     1    0.036569    0.000000    0.000000    0.000000 ^ CLK_I (in)
                                                         CLK_I (net)
                      0.003416    0.001397    0.001397 ^ clkbuf_0_CLK_I/I (gf180mcu_fd_sc_mcu7t5v0__clkbuf_16)
     8    0.208905    0.257094    0.324176    0.325573 ^ clkbuf_0_CLK_I/Z (gf180mcu_fd_sc_mcu7t5v0__clkbuf_16)
                                                         clknet_0_CLK_I (net)
                      0.257116    0.003554    0.329127 ^ clkbuf_3_3__f_CLK_I/I (gf180mcu_fd_sc_mcu7t5v0__clkbuf_16)
    10    0.068732    0.132332    0.290690    0.619817 ^ clkbuf_3_3__f_CLK_I/Z (gf180mcu_fd_sc_mcu7t5v0__clkbuf_16)
                                                         clknet_3_3__leaf_CLK_I (net)
                      0.132332    0.000084    0.619902 ^ _822_/CLK (gf180mcu_fd_sc_mcu7t5v0__dffq_1)
                                  0.500000    1.119902   clock uncertainty
                                  0.000000    1.119902   clock reconvergence pessimism
                                  0.077804    1.197706   library hold time
                                              1.197706   data required time
---------------------------------------------------------------------------------------------
                                              1.197706   data required time
                                             -2.059029   data arrival time
---------------------------------------------------------------------------------------------
                                              0.861323   slack (MET)


Startpoint: _820_ (rising edge-triggered flip-flop clocked by system_clock)
Endpoint: _821_ (rising edge-triggered flip-flop clocked by system_clock)
Path Group: system_clock
Path Type: min

Fanout         Cap        Slew       Delay        Time   Description
---------------------------------------------------------------------------------------------
                                  0.000000    0.000000   clock system_clock (rise edge)
                                  0.000000    0.000000   clock source latency
     1    0.036569    0.000000    0.000000    0.000000 ^ CLK_I (in)
                                                         CLK_I (net)
                      0.003416    0.001397    0.001397 ^ clkbuf_0_CLK_I/I (gf180mcu_fd_sc_mcu7t5v0__clkbuf_16)
     8    0.208905    0.257094    0.324176    0.325573 ^ clkbuf_0_CLK_I/Z (gf180mcu_fd_sc_mcu7t5v0__clkbuf_16)
                                                         clknet_0_CLK_I (net)
                      0.257138    0.004969    0.330543 ^ clkbuf_3_7__f_CLK_I/I (gf180mcu_fd_sc_mcu7t5v0__clkbuf_16)
    13    0.062541    0.127021    0.286568    0.617111 ^ clkbuf_3_7__f_CLK_I/Z (gf180mcu_fd_sc_mcu7t5v0__clkbuf_16)
                                                         clknet_3_7__leaf_CLK_I (net)
                      0.127023    0.000824    0.617935 ^ _820_/CLK (gf180mcu_fd_sc_mcu7t5v0__dffq_1)
     6    0.058803    0.594408    0.990576    1.608512 v _820_/Q (gf180mcu_fd_sc_mcu7t5v0__dffq_1)
                                                         recv_data_buffer[2] (net)
                      0.594416    0.001197    1.609709 v _687_/I1 (gf180mcu_fd_sc_mcu7t5v0__mux2_2)
     1    0.005787    0.127567    0.456244    2.065953 v _687_/Z (gf180mcu_fd_sc_mcu7t5v0__mux2_2)
                                                         _034_ (net)
                      0.127567    0.000085    2.066038 v _821_/D (gf180mcu_fd_sc_mcu7t5v0__dffq_1)
                                              2.066038   data arrival time

                                  0.000000    0.000000   clock system_clock (rise edge)
                                  0.000000    0.000000   clock source latency
     1    0.036569    0.000000    0.000000    0.000000 ^ CLK_I (in)
                                                         CLK_I (net)
                      0.003416    0.001397    0.001397 ^ clkbuf_0_CLK_I/I (gf180mcu_fd_sc_mcu7t5v0__clkbuf_16)
     8    0.208905    0.257094    0.324176    0.325573 ^ clkbuf_0_CLK_I/Z (gf180mcu_fd_sc_mcu7t5v0__clkbuf_16)
                                                         clknet_0_CLK_I (net)
                      0.257138    0.004969    0.330543 ^ clkbuf_3_7__f_CLK_I/I (gf180mcu_fd_sc_mcu7t5v0__clkbuf_16)
    13    0.062541    0.127021    0.286568    0.617111 ^ clkbuf_3_7__f_CLK_I/Z (gf180mcu_fd_sc_mcu7t5v0__clkbuf_16)
                                                         clknet_3_7__leaf_CLK_I (net)
                      0.127023    0.000846    0.617958 ^ _821_/CLK (gf180mcu_fd_sc_mcu7t5v0__dffq_1)
                                  0.500000    1.117958   clock uncertainty
                                  0.000000    1.117958   clock reconvergence pessimism
                                  0.084036    1.201994   library hold time
                                              1.201994   data required time
---------------------------------------------------------------------------------------------
                                              1.201994   data required time
                                             -2.066038   data arrival time
---------------------------------------------------------------------------------------------
                                              0.864044   slack (MET)


Startpoint: _819_ (rising edge-triggered flip-flop clocked by system_clock)
Endpoint: _857_ (rising edge-triggered flip-flop clocked by system_clock)
Path Group: system_clock
Path Type: min

Fanout         Cap        Slew       Delay        Time   Description
---------------------------------------------------------------------------------------------
                                  0.000000    0.000000   clock system_clock (rise edge)
                                  0.000000    0.000000   clock source latency
     1    0.036569    0.000000    0.000000    0.000000 ^ CLK_I (in)
                                                         CLK_I (net)
                      0.003416    0.001397    0.001397 ^ clkbuf_0_CLK_I/I (gf180mcu_fd_sc_mcu7t5v0__clkbuf_16)
     8    0.208905    0.257094    0.324176    0.325573 ^ clkbuf_0_CLK_I/Z (gf180mcu_fd_sc_mcu7t5v0__clkbuf_16)
                                                         clknet_0_CLK_I (net)
                      0.257116    0.003554    0.329127 ^ clkbuf_3_3__f_CLK_I/I (gf180mcu_fd_sc_mcu7t5v0__clkbuf_16)
    10    0.068732    0.132332    0.290690    0.619817 ^ clkbuf_3_3__f_CLK_I/Z (gf180mcu_fd_sc_mcu7t5v0__clkbuf_16)
                                                         clknet_3_3__leaf_CLK_I (net)
                      0.132332    0.000181    0.619998 ^ _819_/CLK (gf180mcu_fd_sc_mcu7t5v0__dffq_1)
     5    0.039003    0.410138    0.875632    1.495631 v _819_/Q (gf180mcu_fd_sc_mcu7t5v0__dffq_1)
                                                         recv_data_buffer[1] (net)
                      0.410231    0.001026    1.496656 v _795_/B2 (gf180mcu_fd_sc_mcu7t5v0__aoi22_1)
     1    0.009083    0.306217    0.349306    1.845963 ^ _795_/ZN (gf180mcu_fd_sc_mcu7t5v0__aoi22_1)
                                                         _397_ (net)
                      0.306217    0.000220    1.846183 ^ _796_/A2 (gf180mcu_fd_sc_mcu7t5v0__nor2_1)
     1    0.008946    0.227983    0.196254    2.042436 v _796_/ZN (gf180mcu_fd_sc_mcu7t5v0__nor2_1)
                                                         _070_ (net)
                      0.227983    0.000236    2.042672 v _857_/D (gf180mcu_fd_sc_mcu7t5v0__dffq_1)
                                              2.042672   data arrival time

                                  0.000000    0.000000   clock system_clock (rise edge)
                                  0.000000    0.000000   clock source latency
     1    0.036569    0.000000    0.000000    0.000000 ^ CLK_I (in)
                                                         CLK_I (net)
                      0.003416    0.001397    0.001397 ^ clkbuf_0_CLK_I/I (gf180mcu_fd_sc_mcu7t5v0__clkbuf_16)
     8    0.208905    0.257094    0.324176    0.325573 ^ clkbuf_0_CLK_I/Z (gf180mcu_fd_sc_mcu7t5v0__clkbuf_16)
                                                         clknet_0_CLK_I (net)
                      0.257138    0.004969    0.330543 ^ clkbuf_3_7__f_CLK_I/I (gf180mcu_fd_sc_mcu7t5v0__clkbuf_16)
    13    0.062541    0.127021    0.286568    0.617111 ^ clkbuf_3_7__f_CLK_I/Z (gf180mcu_fd_sc_mcu7t5v0__clkbuf_16)
                                                         clknet_3_7__leaf_CLK_I (net)
                      0.127021    0.000404    0.617515 ^ _857_/CLK (gf180mcu_fd_sc_mcu7t5v0__dffq_1)
                                  0.500000    1.117515   clock uncertainty
                                  0.000000    1.117515   clock reconvergence pessimism
                                  0.055753    1.173268   library hold time
                                              1.173268   data required time
---------------------------------------------------------------------------------------------
                                              1.173268   data required time
                                             -2.042672   data arrival time
---------------------------------------------------------------------------------------------
                                              0.869404   slack (MET)


Startpoint: _884_ (rising edge-triggered flip-flop clocked by system_clock)
Endpoint: _884_ (rising edge-triggered flip-flop clocked by system_clock)
Path Group: system_clock
Path Type: min

Fanout         Cap        Slew       Delay        Time   Description
---------------------------------------------------------------------------------------------
                                  0.000000    0.000000   clock system_clock (rise edge)
                                  0.000000    0.000000   clock source latency
     1    0.036569    0.000000    0.000000    0.000000 ^ CLK_I (in)
                                                         CLK_I (net)
                      0.003416    0.001397    0.001397 ^ clkbuf_0_CLK_I/I (gf180mcu_fd_sc_mcu7t5v0__clkbuf_16)
     8    0.208905    0.257094    0.324176    0.325573 ^ clkbuf_0_CLK_I/Z (gf180mcu_fd_sc_mcu7t5v0__clkbuf_16)
                                                         clknet_0_CLK_I (net)
                      0.257110    0.003015    0.328588 ^ clkbuf_3_1__f_CLK_I/I (gf180mcu_fd_sc_mcu7t5v0__clkbuf_16)
    12    0.063772    0.128092    0.287445    0.616033 ^ clkbuf_3_1__f_CLK_I/Z (gf180mcu_fd_sc_mcu7t5v0__clkbuf_16)
                                                         clknet_3_1__leaf_CLK_I (net)
                      0.128092    0.000348    0.616382 ^ _884_/CLK (gf180mcu_fd_sc_mcu7t5v0__dffq_1)
     7    0.043666    0.453559    0.902323    1.518704 v _884_/Q (gf180mcu_fd_sc_mcu7t5v0__dffq_1)
                                                         addr_pointer_register_internal[2] (net)
                      0.453562    0.000759    1.519464 v _434_/I (gf180mcu_fd_sc_mcu7t5v0__clkinv_1)
     5    0.026456    0.489348    0.402788    1.922252 ^ _434_/ZN (gf180mcu_fd_sc_mcu7t5v0__clkinv_1)
                                                         _107_ (net)
                      0.489348    0.000303    1.922555 ^ _568_/A1 (gf180mcu_fd_sc_mcu7t5v0__aoi211_1)
     1    0.003466    0.183035    0.156003    2.078558 v _568_/ZN (gf180mcu_fd_sc_mcu7t5v0__aoi211_1)
                                                         _018_ (net)
                      0.183035    0.000036    2.078595 v _884_/D (gf180mcu_fd_sc_mcu7t5v0__dffq_1)
                                              2.078595   data arrival time

                                  0.000000    0.000000   clock system_clock (rise edge)
                                  0.000000    0.000000   clock source latency
     1    0.036569    0.000000    0.000000    0.000000 ^ CLK_I (in)
                                                         CLK_I (net)
                      0.003416    0.001397    0.001397 ^ clkbuf_0_CLK_I/I (gf180mcu_fd_sc_mcu7t5v0__clkbuf_16)
     8    0.208905    0.257094    0.324176    0.325573 ^ clkbuf_0_CLK_I/Z (gf180mcu_fd_sc_mcu7t5v0__clkbuf_16)
                                                         clknet_0_CLK_I (net)
                      0.257110    0.003015    0.328588 ^ clkbuf_3_1__f_CLK_I/I (gf180mcu_fd_sc_mcu7t5v0__clkbuf_16)
    12    0.063772    0.128092    0.287445    0.616033 ^ clkbuf_3_1__f_CLK_I/Z (gf180mcu_fd_sc_mcu7t5v0__clkbuf_16)
                                                         clknet_3_1__leaf_CLK_I (net)
                      0.128092    0.000348    0.616382 ^ _884_/CLK (gf180mcu_fd_sc_mcu7t5v0__dffq_1)
                                  0.500000    1.116382   clock uncertainty
                                  0.000000    1.116382   clock reconvergence pessimism
                                  0.069006    1.185388   library hold time
                                              1.185388   data required time
---------------------------------------------------------------------------------------------
                                              1.185388   data required time
                                             -2.078595   data arrival time
---------------------------------------------------------------------------------------------
                                              0.893207   slack (MET)


Startpoint: _899_ (rising edge-triggered flip-flop clocked by system_clock)
Endpoint: _897_ (rising edge-triggered flip-flop clocked by system_clock)
Path Group: system_clock
Path Type: min

Fanout         Cap        Slew       Delay        Time   Description
---------------------------------------------------------------------------------------------
                                  0.000000    0.000000   clock system_clock (rise edge)
                                  0.000000    0.000000   clock source latency
     1    0.036569    0.000000    0.000000    0.000000 ^ CLK_I (in)
                                                         CLK_I (net)
                      0.003416    0.001397    0.001397 ^ clkbuf_0_CLK_I/I (gf180mcu_fd_sc_mcu7t5v0__clkbuf_16)
     8    0.208905    0.257094    0.324176    0.325573 ^ clkbuf_0_CLK_I/Z (gf180mcu_fd_sc_mcu7t5v0__clkbuf_16)
                                                         clknet_0_CLK_I (net)
                      0.257120    0.003840    0.329414 ^ clkbuf_3_2__f_CLK_I/I (gf180mcu_fd_sc_mcu7t5v0__clkbuf_16)
    14    0.060173    0.124970    0.284893    0.614307 ^ clkbuf_3_2__f_CLK_I/Z (gf180mcu_fd_sc_mcu7t5v0__clkbuf_16)
                                                         clknet_3_2__leaf_CLK_I (net)
                      0.124972    0.001071    0.615378 ^ _899_/CLK (gf180mcu_fd_sc_mcu7t5v0__dffq_1)
     3    0.035081    0.374810    0.850025    1.465402 v _899_/Q (gf180mcu_fd_sc_mcu7t5v0__dffq_1)
                                                         i2c_scl_in_synchronised_internal (net)
                      0.374811    0.000658    1.466061 v _421_/I (gf180mcu_fd_sc_mcu7t5v0__clkinv_1)
     3    0.016227    0.328932    0.284815    1.750876 ^ _421_/ZN (gf180mcu_fd_sc_mcu7t5v0__clkinv_1)
                                                         _094_ (net)
                      0.328932    0.000251    1.751127 ^ _439_/A1 (gf180mcu_fd_sc_mcu7t5v0__and2_1)
     1    0.003477    0.133696    0.304091    2.055218 ^ _439_/Z (gf180mcu_fd_sc_mcu7t5v0__and2_1)
                                                         _000_ (net)
                      0.133696    0.000036    2.055254 ^ _897_/D (gf180mcu_fd_sc_mcu7t5v0__dffq_1)
                                              2.055254   data arrival time

                                  0.000000    0.000000   clock system_clock (rise edge)
                                  0.000000    0.000000   clock source latency
     1    0.036569    0.000000    0.000000    0.000000 ^ CLK_I (in)
                                                         CLK_I (net)
                      0.003416    0.001397    0.001397 ^ clkbuf_0_CLK_I/I (gf180mcu_fd_sc_mcu7t5v0__clkbuf_16)
     8    0.208905    0.257094    0.324176    0.325573 ^ clkbuf_0_CLK_I/Z (gf180mcu_fd_sc_mcu7t5v0__clkbuf_16)
                                                         clknet_0_CLK_I (net)
                      0.257120    0.003840    0.329414 ^ clkbuf_3_2__f_CLK_I/I (gf180mcu_fd_sc_mcu7t5v0__clkbuf_16)
    14    0.060173    0.124970    0.284893    0.614307 ^ clkbuf_3_2__f_CLK_I/Z (gf180mcu_fd_sc_mcu7t5v0__clkbuf_16)
                                                         clknet_3_2__leaf_CLK_I (net)
                      0.124973    0.001157    0.615463 ^ _897_/CLK (gf180mcu_fd_sc_mcu7t5v0__dffq_1)
                                  0.500000    1.115463   clock uncertainty
                                  0.000000    1.115463   clock reconvergence pessimism
                                  0.045604    1.161067   library hold time
                                              1.161067   data required time
---------------------------------------------------------------------------------------------
                                              1.161067   data required time
                                             -2.055254   data arrival time
---------------------------------------------------------------------------------------------
                                              0.894187   slack (MET)


Startpoint: _825_ (rising edge-triggered flip-flop clocked by system_clock)
Endpoint: _863_ (rising edge-triggered flip-flop clocked by system_clock)
Path Group: system_clock
Path Type: min

Fanout         Cap        Slew       Delay        Time   Description
---------------------------------------------------------------------------------------------
                                  0.000000    0.000000   clock system_clock (rise edge)
                                  0.000000    0.000000   clock source latency
     1    0.036569    0.000000    0.000000    0.000000 ^ CLK_I (in)
                                                         CLK_I (net)
                      0.003416    0.001397    0.001397 ^ clkbuf_0_CLK_I/I (gf180mcu_fd_sc_mcu7t5v0__clkbuf_16)
     8    0.208905    0.257094    0.324176    0.325573 ^ clkbuf_0_CLK_I/Z (gf180mcu_fd_sc_mcu7t5v0__clkbuf_16)
                                                         clknet_0_CLK_I (net)
                      0.257129    0.004458    0.330031 ^ clkbuf_3_6__f_CLK_I/I (gf180mcu_fd_sc_mcu7t5v0__clkbuf_16)
    13    0.063776    0.128102    0.287481    0.617512 ^ clkbuf_3_6__f_CLK_I/Z (gf180mcu_fd_sc_mcu7t5v0__clkbuf_16)
                                                         clknet_3_6__leaf_CLK_I (net)
                      0.128102    0.000138    0.617649 ^ _825_/CLK (gf180mcu_fd_sc_mcu7t5v0__dffq_1)
     5    0.042423    0.442000    0.894985    1.512635 v _825_/Q (gf180mcu_fd_sc_mcu7t5v0__dffq_1)
                                                         recv_data_buffer[7] (net)
                      0.442002    0.000533    1.513167 v _807_/B2 (gf180mcu_fd_sc_mcu7t5v0__aoi22_1)
     1    0.007457    0.277853    0.335526    1.848693 ^ _807_/ZN (gf180mcu_fd_sc_mcu7t5v0__aoi22_1)
                                                         _403_ (net)
                      0.277853    0.000166    1.848859 ^ _808_/A2 (gf180mcu_fd_sc_mcu7t5v0__nor2_1)
     1    0.011515    0.251620    0.214192    2.063051 v _808_/ZN (gf180mcu_fd_sc_mcu7t5v0__nor2_1)
                                                         _076_ (net)
                      0.251620    0.000370    2.063421 v _863_/D (gf180mcu_fd_sc_mcu7t5v0__dffq_1)
                                              2.063421   data arrival time

                                  0.000000    0.000000   clock system_clock (rise edge)
                                  0.000000    0.000000   clock source latency
     1    0.036569    0.000000    0.000000    0.000000 ^ CLK_I (in)
                                                         CLK_I (net)
                      0.003416    0.001397    0.001397 ^ clkbuf_0_CLK_I/I (gf180mcu_fd_sc_mcu7t5v0__clkbuf_16)
     8    0.208905    0.257094    0.324176    0.325573 ^ clkbuf_0_CLK_I/Z (gf180mcu_fd_sc_mcu7t5v0__clkbuf_16)
                                                         clknet_0_CLK_I (net)
                      0.257138    0.004969    0.330543 ^ clkbuf_3_7__f_CLK_I/I (gf180mcu_fd_sc_mcu7t5v0__clkbuf_16)
    13    0.062541    0.127021    0.286568    0.617111 ^ clkbuf_3_7__f_CLK_I/Z (gf180mcu_fd_sc_mcu7t5v0__clkbuf_16)
                                                         clknet_3_7__leaf_CLK_I (net)
                      0.127023    0.000873    0.617984 ^ _863_/CLK (gf180mcu_fd_sc_mcu7t5v0__dffq_1)
                                  0.500000    1.117984   clock uncertainty
                                  0.000000    1.117984   clock reconvergence pessimism
                                  0.048881    1.166865   library hold time
                                              1.166865   data required time
---------------------------------------------------------------------------------------------
                                              1.166865   data required time
                                             -2.063421   data arrival time
---------------------------------------------------------------------------------------------
                                              0.896556   slack (MET)


Startpoint: _826_ (rising edge-triggered flip-flop clocked by system_clock)
Endpoint: _891_ (rising edge-triggered flip-flop clocked by system_clock)
Path Group: system_clock
Path Type: min

Fanout         Cap        Slew       Delay        Time   Description
---------------------------------------------------------------------------------------------
                                  0.000000    0.000000   clock system_clock (rise edge)
                                  0.000000    0.000000   clock source latency
     1    0.036569    0.000000    0.000000    0.000000 ^ CLK_I (in)
                                                         CLK_I (net)
                      0.003416    0.001397    0.001397 ^ clkbuf_0_CLK_I/I (gf180mcu_fd_sc_mcu7t5v0__clkbuf_16)
     8    0.208905    0.257094    0.324176    0.325573 ^ clkbuf_0_CLK_I/Z (gf180mcu_fd_sc_mcu7t5v0__clkbuf_16)
                                                         clknet_0_CLK_I (net)
                      0.257110    0.003015    0.328588 ^ clkbuf_3_1__f_CLK_I/I (gf180mcu_fd_sc_mcu7t5v0__clkbuf_16)
    12    0.063772    0.128092    0.287445    0.616033 ^ clkbuf_3_1__f_CLK_I/Z (gf180mcu_fd_sc_mcu7t5v0__clkbuf_16)
                                                         clknet_3_1__leaf_CLK_I (net)
                      0.128092    0.000441    0.616475 ^ _826_/CLK (gf180mcu_fd_sc_mcu7t5v0__dffq_1)
     5    0.025893    0.293481    0.795705    1.412180 v _826_/Q (gf180mcu_fd_sc_mcu7t5v0__dffq_1)
                                                         write_request_internal_flag (net)
                      0.293481    0.000298    1.412478 v _495_/A2 (gf180mcu_fd_sc_mcu7t5v0__nand2_1)
     1    0.006145    0.224185    0.211748    1.624225 ^ _495_/ZN (gf180mcu_fd_sc_mcu7t5v0__nand2_1)
                                                         _159_ (net)
                      0.224185    0.000124    1.624349 ^ _496_/A2 (gf180mcu_fd_sc_mcu7t5v0__aoi21_1)
     2    0.013906    0.264351    0.205250    1.829600 v _496_/ZN (gf180mcu_fd_sc_mcu7t5v0__aoi21_1)
                                                         _160_ (net)
                      0.264351    0.000205    1.829805 v _597_/A1 (gf180mcu_fd_sc_mcu7t5v0__nand2_1)
     1    0.006765    0.200957    0.188360    2.018166 ^ _597_/ZN (gf180mcu_fd_sc_mcu7t5v0__nand2_1)
                                                         _244_ (net)
                      0.200957    0.000138    2.018304 ^ _601_/A3 (gf180mcu_fd_sc_mcu7t5v0__oai33_1)
     1    0.003375    0.165260    0.128907    2.147211 v _601_/ZN (gf180mcu_fd_sc_mcu7t5v0__oai33_1)
                                                         _025_ (net)
                      0.165260    0.000063    2.147273 v _891_/D (gf180mcu_fd_sc_mcu7t5v0__dffq_1)
                                              2.147273   data arrival time

                                  0.000000    0.000000   clock system_clock (rise edge)
                                  0.000000    0.000000   clock source latency
     1    0.036569    0.000000    0.000000    0.000000 ^ CLK_I (in)
                                                         CLK_I (net)
                      0.003416    0.001397    0.001397 ^ clkbuf_0_CLK_I/I (gf180mcu_fd_sc_mcu7t5v0__clkbuf_16)
     8    0.208905    0.257094    0.324176    0.325573 ^ clkbuf_0_CLK_I/Z (gf180mcu_fd_sc_mcu7t5v0__clkbuf_16)
                                                         clknet_0_CLK_I (net)
                      0.257110    0.003015    0.328588 ^ clkbuf_3_1__f_CLK_I/I (gf180mcu_fd_sc_mcu7t5v0__clkbuf_16)
    12    0.063772    0.128092    0.287445    0.616033 ^ clkbuf_3_1__f_CLK_I/Z (gf180mcu_fd_sc_mcu7t5v0__clkbuf_16)
                                                         clknet_3_1__leaf_CLK_I (net)
                      0.128092    0.000541    0.616574 ^ _891_/CLK (gf180mcu_fd_sc_mcu7t5v0__dffq_1)
                                  0.500000    1.116574   clock uncertainty
                                  0.000000    1.116574   clock reconvergence pessimism
                                  0.074171    1.190745   library hold time
                                              1.190745   data required time
---------------------------------------------------------------------------------------------
                                              1.190745   data required time
                                             -2.147273   data arrival time
---------------------------------------------------------------------------------------------
                                              0.956528   slack (MET)


Startpoint: _824_ (rising edge-triggered flip-flop clocked by system_clock)
Endpoint: _862_ (rising edge-triggered flip-flop clocked by system_clock)
Path Group: system_clock
Path Type: min

Fanout         Cap        Slew       Delay        Time   Description
---------------------------------------------------------------------------------------------
                                  0.000000    0.000000   clock system_clock (rise edge)
                                  0.000000    0.000000   clock source latency
     1    0.036569    0.000000    0.000000    0.000000 ^ CLK_I (in)
                                                         CLK_I (net)
                      0.003416    0.001397    0.001397 ^ clkbuf_0_CLK_I/I (gf180mcu_fd_sc_mcu7t5v0__clkbuf_16)
     8    0.208905    0.257094    0.324176    0.325573 ^ clkbuf_0_CLK_I/Z (gf180mcu_fd_sc_mcu7t5v0__clkbuf_16)
                                                         clknet_0_CLK_I (net)
                      0.257138    0.004969    0.330543 ^ clkbuf_3_7__f_CLK_I/I (gf180mcu_fd_sc_mcu7t5v0__clkbuf_16)
    13    0.062541    0.127021    0.286568    0.617111 ^ clkbuf_3_7__f_CLK_I/Z (gf180mcu_fd_sc_mcu7t5v0__clkbuf_16)
                                                         clknet_3_7__leaf_CLK_I (net)
                      0.127023    0.000964    0.618075 ^ _824_/CLK (gf180mcu_fd_sc_mcu7t5v0__dffq_1)
     6    0.053018    0.540411    0.956244    1.574319 v _824_/Q (gf180mcu_fd_sc_mcu7t5v0__dffq_1)
                                                         recv_data_buffer[6] (net)
                      0.540431    0.001882    1.576201 v _805_/B2 (gf180mcu_fd_sc_mcu7t5v0__aoi22_1)
     1    0.008693    0.296442    0.373921    1.950122 ^ _805_/ZN (gf180mcu_fd_sc_mcu7t5v0__aoi22_1)
                                                         _402_ (net)
                      0.296442    0.000278    1.950400 ^ _806_/A2 (gf180mcu_fd_sc_mcu7t5v0__nor2_1)
     1    0.010160    0.239329    0.206025    2.156425 v _806_/ZN (gf180mcu_fd_sc_mcu7t5v0__nor2_1)
                                                         _075_ (net)
                      0.239330    0.000285    2.156710 v _862_/D (gf180mcu_fd_sc_mcu7t5v0__dffq_1)
                                              2.156710   data arrival time

                                  0.000000    0.000000   clock system_clock (rise edge)
                                  0.000000    0.000000   clock source latency
     1    0.036569    0.000000    0.000000    0.000000 ^ CLK_I (in)
                                                         CLK_I (net)
                      0.003416    0.001397    0.001397 ^ clkbuf_0_CLK_I/I (gf180mcu_fd_sc_mcu7t5v0__clkbuf_16)
     8    0.208905    0.257094    0.324176    0.325573 ^ clkbuf_0_CLK_I/Z (gf180mcu_fd_sc_mcu7t5v0__clkbuf_16)
                                                         clknet_0_CLK_I (net)
                      0.257138    0.004969    0.330543 ^ clkbuf_3_7__f_CLK_I/I (gf180mcu_fd_sc_mcu7t5v0__clkbuf_16)
    13    0.062541    0.127021    0.286568    0.617111 ^ clkbuf_3_7__f_CLK_I/Z (gf180mcu_fd_sc_mcu7t5v0__clkbuf_16)
                                                         clknet_3_7__leaf_CLK_I (net)
                      0.127023    0.000842    0.617953 ^ _862_/CLK (gf180mcu_fd_sc_mcu7t5v0__dffq_1)
                                  0.500000    1.117953   clock uncertainty
                                  0.000000    1.117953   clock reconvergence pessimism
                                  0.052455    1.170408   library hold time
                                              1.170408   data required time
---------------------------------------------------------------------------------------------
                                              1.170408   data required time
                                             -2.156710   data arrival time
---------------------------------------------------------------------------------------------
                                              0.986302   slack (MET)


Startpoint: _885_ (rising edge-triggered flip-flop clocked by system_clock)
Endpoint: _885_ (rising edge-triggered flip-flop clocked by system_clock)
Path Group: system_clock
Path Type: min

Fanout         Cap        Slew       Delay        Time   Description
---------------------------------------------------------------------------------------------
                                  0.000000    0.000000   clock system_clock (rise edge)
                                  0.000000    0.000000   clock source latency
     1    0.036569    0.000000    0.000000    0.000000 ^ CLK_I (in)
                                                         CLK_I (net)
                      0.003416    0.001397    0.001397 ^ clkbuf_0_CLK_I/I (gf180mcu_fd_sc_mcu7t5v0__clkbuf_16)
     8    0.208905    0.257094    0.324176    0.325573 ^ clkbuf_0_CLK_I/Z (gf180mcu_fd_sc_mcu7t5v0__clkbuf_16)
                                                         clknet_0_CLK_I (net)
                      0.257111    0.003086    0.328659 ^ clkbuf_3_4__f_CLK_I/I (gf180mcu_fd_sc_mcu7t5v0__clkbuf_16)
    10    0.071121    0.134332    0.292100    0.620760 ^ clkbuf_3_4__f_CLK_I/Z (gf180mcu_fd_sc_mcu7t5v0__clkbuf_16)
                                                         clknet_3_4__leaf_CLK_I (net)
                      0.134335    0.001171    0.621931 ^ _885_/CLK (gf180mcu_fd_sc_mcu7t5v0__dffq_1)
    11    0.057669    0.583946    0.985917    1.607848 v _885_/Q (gf180mcu_fd_sc_mcu7t5v0__dffq_1)
                                                         addr_pointer_register_internal[3] (net)
                      0.583949    0.000771    1.608619 v _569_/C (gf180mcu_fd_sc_mcu7t5v0__aoi221_1)
     1    0.005162    0.430001    0.352848    1.961467 ^ _569_/ZN (gf180mcu_fd_sc_mcu7t5v0__aoi221_1)
                                                         _222_ (net)
                      0.430001    0.000100    1.961567 ^ _572_/C (gf180mcu_fd_sc_mcu7t5v0__aoi211_1)
     1    0.003165    0.180469    0.219775    2.181342 v _572_/ZN (gf180mcu_fd_sc_mcu7t5v0__aoi211_1)
                                                         _019_ (net)
                      0.180469    0.000031    2.181373 v _885_/D (gf180mcu_fd_sc_mcu7t5v0__dffq_1)
                                              2.181373   data arrival time

                                  0.000000    0.000000   clock system_clock (rise edge)
                                  0.000000    0.000000   clock source latency
     1    0.036569    0.000000    0.000000    0.000000 ^ CLK_I (in)
                                                         CLK_I (net)
                      0.003416    0.001397    0.001397 ^ clkbuf_0_CLK_I/I (gf180mcu_fd_sc_mcu7t5v0__clkbuf_16)
     8    0.208905    0.257094    0.324176    0.325573 ^ clkbuf_0_CLK_I/Z (gf180mcu_fd_sc_mcu7t5v0__clkbuf_16)
                                                         clknet_0_CLK_I (net)
                      0.257111    0.003086    0.328659 ^ clkbuf_3_4__f_CLK_I/I (gf180mcu_fd_sc_mcu7t5v0__clkbuf_16)
    10    0.071121    0.134332    0.292100    0.620760 ^ clkbuf_3_4__f_CLK_I/Z (gf180mcu_fd_sc_mcu7t5v0__clkbuf_16)
                                                         clknet_3_4__leaf_CLK_I (net)
                      0.134335    0.001171    0.621931 ^ _885_/CLK (gf180mcu_fd_sc_mcu7t5v0__dffq_1)
                                  0.500000    1.121931   clock uncertainty
                                  0.000000    1.121931   clock reconvergence pessimism
                                  0.070826    1.192757   library hold time
                                              1.192757   data required time
---------------------------------------------------------------------------------------------
                                              1.192757   data required time
                                             -2.181373   data arrival time
---------------------------------------------------------------------------------------------
                                              0.988616   slack (MET)


Startpoint: _871_ (rising edge-triggered flip-flop clocked by system_clock)
Endpoint: _879_ (rising edge-triggered flip-flop clocked by system_clock)
Path Group: system_clock
Path Type: min

Fanout         Cap        Slew       Delay        Time   Description
---------------------------------------------------------------------------------------------
                                  0.000000    0.000000   clock system_clock (rise edge)
                                  0.000000    0.000000   clock source latency
     1    0.036569    0.000000    0.000000    0.000000 ^ CLK_I (in)
                                                         CLK_I (net)
                      0.003416    0.001397    0.001397 ^ clkbuf_0_CLK_I/I (gf180mcu_fd_sc_mcu7t5v0__clkbuf_16)
     8    0.208905    0.257094    0.324176    0.325573 ^ clkbuf_0_CLK_I/Z (gf180mcu_fd_sc_mcu7t5v0__clkbuf_16)
                                                         clknet_0_CLK_I (net)
                      0.257129    0.004458    0.330031 ^ clkbuf_3_6__f_CLK_I/I (gf180mcu_fd_sc_mcu7t5v0__clkbuf_16)
    13    0.063776    0.128102    0.287481    0.617512 ^ clkbuf_3_6__f_CLK_I/Z (gf180mcu_fd_sc_mcu7t5v0__clkbuf_16)
                                                         clknet_3_6__leaf_CLK_I (net)
                      0.128103    0.000512    0.618024 ^ _871_/CLK (gf180mcu_fd_sc_mcu7t5v0__dffq_1)
     4    0.028953    0.320463    0.814222    1.432246 v _871_/Q (gf180mcu_fd_sc_mcu7t5v0__dffq_1)
                                                         addr_set_register[5] (net)
                      0.320464    0.000469    1.432715 v _529_/A2 (gf180mcu_fd_sc_mcu7t5v0__nand2_1)
     1    0.004516    0.206940    0.202470    1.635185 ^ _529_/ZN (gf180mcu_fd_sc_mcu7t5v0__nand2_1)
                                                         _188_ (net)
                      0.206940    0.000042    1.635228 ^ _530_/A3 (gf180mcu_fd_sc_mcu7t5v0__nand3_1)
     1    0.005854    0.218534    0.175193    1.810420 v _530_/ZN (gf180mcu_fd_sc_mcu7t5v0__nand3_1)
                                                         _189_ (net)
                      0.218534    0.000116    1.810536 v _531_/C (gf180mcu_fd_sc_mcu7t5v0__oai221_1)
     1    0.005940    0.357372    0.279955    2.090491 ^ _531_/ZN (gf180mcu_fd_sc_mcu7t5v0__oai221_1)
                                                         _190_ (net)
                      0.357372    0.000063    2.090554 ^ _534_/A2 (gf180mcu_fd_sc_mcu7t5v0__aoi22_1)
     1    0.004884    0.168409    0.128301    2.218855 v _534_/ZN (gf180mcu_fd_sc_mcu7t5v0__aoi22_1)
                                                         _013_ (net)
                      0.168409    0.000101    2.218956 v _879_/D (gf180mcu_fd_sc_mcu7t5v0__dffq_1)
                                              2.218956   data arrival time

                                  0.000000    0.000000   clock system_clock (rise edge)
                                  0.000000    0.000000   clock source latency
     1    0.036569    0.000000    0.000000    0.000000 ^ CLK_I (in)
                                                         CLK_I (net)
                      0.003416    0.001397    0.001397 ^ clkbuf_0_CLK_I/I (gf180mcu_fd_sc_mcu7t5v0__clkbuf_16)
     8    0.208905    0.257094    0.324176    0.325573 ^ clkbuf_0_CLK_I/Z (gf180mcu_fd_sc_mcu7t5v0__clkbuf_16)
                                                         clknet_0_CLK_I (net)
                      0.257129    0.004458    0.330031 ^ clkbuf_3_6__f_CLK_I/I (gf180mcu_fd_sc_mcu7t5v0__clkbuf_16)
    13    0.063776    0.128102    0.287481    0.617512 ^ clkbuf_3_6__f_CLK_I/Z (gf180mcu_fd_sc_mcu7t5v0__clkbuf_16)
                                                         clknet_3_6__leaf_CLK_I (net)
                      0.128103    0.000468    0.617980 ^ _879_/CLK (gf180mcu_fd_sc_mcu7t5v0__dffq_1)
                                  0.500000    1.117980   clock uncertainty
                                  0.000000    1.117980   clock reconvergence pessimism
                                  0.073258    1.191237   library hold time
                                              1.191237   data required time
---------------------------------------------------------------------------------------------
                                              1.191237   data required time
                                             -2.218956   data arrival time
---------------------------------------------------------------------------------------------
                                              1.027719   slack (MET)


Startpoint: _834_ (rising edge-triggered flip-flop clocked by system_clock)
Endpoint: _834_ (rising edge-triggered flip-flop clocked by system_clock)
Path Group: system_clock
Path Type: min

Fanout         Cap        Slew       Delay        Time   Description
---------------------------------------------------------------------------------------------
                                  0.000000    0.000000   clock system_clock (rise edge)
                                  0.000000    0.000000   clock source latency
     1    0.036569    0.000000    0.000000    0.000000 ^ CLK_I (in)
                                                         CLK_I (net)
                      0.003416    0.001397    0.001397 ^ clkbuf_0_CLK_I/I (gf180mcu_fd_sc_mcu7t5v0__clkbuf_16)
     8    0.208905    0.257094    0.324176    0.325573 ^ clkbuf_0_CLK_I/Z (gf180mcu_fd_sc_mcu7t5v0__clkbuf_16)
                                                         clknet_0_CLK_I (net)
                      0.257116    0.003554    0.329127 ^ clkbuf_3_3__f_CLK_I/I (gf180mcu_fd_sc_mcu7t5v0__clkbuf_16)
    10    0.068732    0.132332    0.290690    0.619817 ^ clkbuf_3_3__f_CLK_I/Z (gf180mcu_fd_sc_mcu7t5v0__clkbuf_16)
                                                         clknet_3_3__leaf_CLK_I (net)
                      0.132334    0.000811    0.620629 ^ _834_/CLK (gf180mcu_fd_sc_mcu7t5v0__dffq_1)
     8    0.043700    0.453851    0.903260    1.523889 v _834_/Q (gf180mcu_fd_sc_mcu7t5v0__dffq_1)
                                                         iteration[2] (net)
                      0.453854    0.000641    1.524530 v _412_/I (gf180mcu_fd_sc_mcu7t5v0__clkinv_1)
     7    0.045341    0.773264    0.576533    2.101063 ^ _412_/ZN (gf180mcu_fd_sc_mcu7t5v0__clkinv_1)
                                                         _085_ (net)
                      0.773264    0.000376    2.101439 ^ _754_/A1 (gf180mcu_fd_sc_mcu7t5v0__aoi21_1)
     1    0.004545    0.141857    0.137264    2.238703 v _754_/ZN (gf180mcu_fd_sc_mcu7t5v0__aoi21_1)
                                                         _047_ (net)
                      0.141857    0.000093    2.238796 v _834_/D (gf180mcu_fd_sc_mcu7t5v0__dffq_1)
                                              2.238796   data arrival time

                                  0.000000    0.000000   clock system_clock (rise edge)
                                  0.000000    0.000000   clock source latency
     1    0.036569    0.000000    0.000000    0.000000 ^ CLK_I (in)
                                                         CLK_I (net)
                      0.003416    0.001397    0.001397 ^ clkbuf_0_CLK_I/I (gf180mcu_fd_sc_mcu7t5v0__clkbuf_16)
     8    0.208905    0.257094    0.324176    0.325573 ^ clkbuf_0_CLK_I/Z (gf180mcu_fd_sc_mcu7t5v0__clkbuf_16)
                                                         clknet_0_CLK_I (net)
                      0.257116    0.003554    0.329127 ^ clkbuf_3_3__f_CLK_I/I (gf180mcu_fd_sc_mcu7t5v0__clkbuf_16)
    10    0.068732    0.132332    0.290690    0.619817 ^ clkbuf_3_3__f_CLK_I/Z (gf180mcu_fd_sc_mcu7t5v0__clkbuf_16)
                                                         clknet_3_3__leaf_CLK_I (net)
                      0.132334    0.000811    0.620629 ^ _834_/CLK (gf180mcu_fd_sc_mcu7t5v0__dffq_1)
                                  0.500000    1.120629   clock uncertainty
                                  0.000000    1.120629   clock reconvergence pessimism
                                  0.081563    1.202192   library hold time
                                              1.202192   data required time
---------------------------------------------------------------------------------------------
                                              1.202192   data required time
                                             -2.238796   data arrival time
---------------------------------------------------------------------------------------------
                                              1.036604   slack (MET)


Startpoint: _870_ (rising edge-triggered flip-flop clocked by system_clock)
Endpoint: _878_ (rising edge-triggered flip-flop clocked by system_clock)
Path Group: system_clock
Path Type: min

Fanout         Cap        Slew       Delay        Time   Description
---------------------------------------------------------------------------------------------
                                  0.000000    0.000000   clock system_clock (rise edge)
                                  0.000000    0.000000   clock source latency
     1    0.036569    0.000000    0.000000    0.000000 ^ CLK_I (in)
                                                         CLK_I (net)
                      0.003416    0.001397    0.001397 ^ clkbuf_0_CLK_I/I (gf180mcu_fd_sc_mcu7t5v0__clkbuf_16)
     8    0.208905    0.257094    0.324176    0.325573 ^ clkbuf_0_CLK_I/Z (gf180mcu_fd_sc_mcu7t5v0__clkbuf_16)
                                                         clknet_0_CLK_I (net)
                      0.257116    0.003554    0.329127 ^ clkbuf_3_3__f_CLK_I/I (gf180mcu_fd_sc_mcu7t5v0__clkbuf_16)
    10    0.068732    0.132332    0.290690    0.619817 ^ clkbuf_3_3__f_CLK_I/Z (gf180mcu_fd_sc_mcu7t5v0__clkbuf_16)
                                                         clknet_3_3__leaf_CLK_I (net)
                      0.132333    0.000384    0.620201 ^ _870_/CLK (gf180mcu_fd_sc_mcu7t5v0__dffq_1)
     4    0.025923    0.293708    0.796604    1.416805 v _870_/Q (gf180mcu_fd_sc_mcu7t5v0__dffq_1)
                                                         addr_set_register[4] (net)
                      0.293708    0.000333    1.417138 v _524_/A2 (gf180mcu_fd_sc_mcu7t5v0__nor2_1)
     1    0.009476    0.398427    0.303273    1.720411 ^ _524_/ZN (gf180mcu_fd_sc_mcu7t5v0__nor2_1)
                                                         _184_ (net)
                      0.398427    0.000236    1.720647 ^ _527_/A1 (gf180mcu_fd_sc_mcu7t5v0__oai21_1)
     1    0.007023    0.221168    0.166902    1.887548 v _527_/ZN (gf180mcu_fd_sc_mcu7t5v0__oai21_1)
                                                         _187_ (net)
                      0.221168    0.000091    1.887639 v _528_/I0 (gf180mcu_fd_sc_mcu7t5v0__mux2_2)
     1    0.003886    0.113473    0.363450    2.251090 v _528_/Z (gf180mcu_fd_sc_mcu7t5v0__mux2_2)
                                                         _012_ (net)
                      0.113473    0.000075    2.251165 v _878_/D (gf180mcu_fd_sc_mcu7t5v0__dffq_1)
                                              2.251165   data arrival time

                                  0.000000    0.000000   clock system_clock (rise edge)
                                  0.000000    0.000000   clock source latency
     1    0.036569    0.000000    0.000000    0.000000 ^ CLK_I (in)
                                                         CLK_I (net)
                      0.003416    0.001397    0.001397 ^ clkbuf_0_CLK_I/I (gf180mcu_fd_sc_mcu7t5v0__clkbuf_16)
     8    0.208905    0.257094    0.324176    0.325573 ^ clkbuf_0_CLK_I/Z (gf180mcu_fd_sc_mcu7t5v0__clkbuf_16)
                                                         clknet_0_CLK_I (net)
                      0.257129    0.004458    0.330031 ^ clkbuf_3_6__f_CLK_I/I (gf180mcu_fd_sc_mcu7t5v0__clkbuf_16)
    13    0.063776    0.128102    0.287481    0.617512 ^ clkbuf_3_6__f_CLK_I/Z (gf180mcu_fd_sc_mcu7t5v0__clkbuf_16)
                                                         clknet_3_6__leaf_CLK_I (net)
                      0.128103    0.000318    0.617830 ^ _878_/CLK (gf180mcu_fd_sc_mcu7t5v0__dffq_1)
                                  0.500000    1.117830   clock uncertainty
                                  0.000000    1.117830   clock reconvergence pessimism
                                  0.087533    1.205363   library hold time
                                              1.205363   data required time
---------------------------------------------------------------------------------------------
                                              1.205363   data required time
                                             -2.251165   data arrival time
---------------------------------------------------------------------------------------------
                                              1.045803   slack (MET)


Startpoint: _821_ (rising edge-triggered flip-flop clocked by system_clock)
Endpoint: _859_ (rising edge-triggered flip-flop clocked by system_clock)
Path Group: system_clock
Path Type: min

Fanout         Cap        Slew       Delay        Time   Description
---------------------------------------------------------------------------------------------
                                  0.000000    0.000000   clock system_clock (rise edge)
                                  0.000000    0.000000   clock source latency
     1    0.036569    0.000000    0.000000    0.000000 ^ CLK_I (in)
                                                         CLK_I (net)
                      0.003416    0.001397    0.001397 ^ clkbuf_0_CLK_I/I (gf180mcu_fd_sc_mcu7t5v0__clkbuf_16)
     8    0.208905    0.257094    0.324176    0.325573 ^ clkbuf_0_CLK_I/Z (gf180mcu_fd_sc_mcu7t5v0__clkbuf_16)
                                                         clknet_0_CLK_I (net)
                      0.257138    0.004969    0.330543 ^ clkbuf_3_7__f_CLK_I/I (gf180mcu_fd_sc_mcu7t5v0__clkbuf_16)
    13    0.062541    0.127021    0.286568    0.617111 ^ clkbuf_3_7__f_CLK_I/Z (gf180mcu_fd_sc_mcu7t5v0__clkbuf_16)
                                                         clknet_3_7__leaf_CLK_I (net)
                      0.127023    0.000846    0.617958 ^ _821_/CLK (gf180mcu_fd_sc_mcu7t5v0__dffq_1)
     6    0.062912    0.632604    1.014662    1.632619 v _821_/Q (gf180mcu_fd_sc_mcu7t5v0__dffq_1)
                                                         recv_data_buffer[3] (net)
                      0.632631    0.002392    1.635011 v _799_/B2 (gf180mcu_fd_sc_mcu7t5v0__aoi22_1)
     1    0.010323    0.333508    0.416570    2.051581 ^ _799_/ZN (gf180mcu_fd_sc_mcu7t5v0__aoi22_1)
                                                         _399_ (net)
                      0.333508    0.000347    2.051928 ^ _800_/A2 (gf180mcu_fd_sc_mcu7t5v0__nor2_1)
     1    0.006630    0.210645    0.178158    2.230085 v _800_/ZN (gf180mcu_fd_sc_mcu7t5v0__nor2_1)
                                                         _072_ (net)
                      0.210645    0.000157    2.230242 v _859_/D (gf180mcu_fd_sc_mcu7t5v0__dffq_1)
                                              2.230242   data arrival time

                                  0.000000    0.000000   clock system_clock (rise edge)
                                  0.000000    0.000000   clock source latency
     1    0.036569    0.000000    0.000000    0.000000 ^ CLK_I (in)
                                                         CLK_I (net)
                      0.003416    0.001397    0.001397 ^ clkbuf_0_CLK_I/I (gf180mcu_fd_sc_mcu7t5v0__clkbuf_16)
     8    0.208905    0.257094    0.324176    0.325573 ^ clkbuf_0_CLK_I/Z (gf180mcu_fd_sc_mcu7t5v0__clkbuf_16)
                                                         clknet_0_CLK_I (net)
                      0.257138    0.004969    0.330543 ^ clkbuf_3_7__f_CLK_I/I (gf180mcu_fd_sc_mcu7t5v0__clkbuf_16)
    13    0.062541    0.127021    0.286568    0.617111 ^ clkbuf_3_7__f_CLK_I/Z (gf180mcu_fd_sc_mcu7t5v0__clkbuf_16)
                                                         clknet_3_7__leaf_CLK_I (net)
                      0.127021    0.000344    0.617455 ^ _859_/CLK (gf180mcu_fd_sc_mcu7t5v0__dffq_1)
                                  0.500000    1.117455   clock uncertainty
                                  0.000000    1.117455   clock reconvergence pessimism
                                  0.060794    1.178249   library hold time
                                              1.178249   data required time
---------------------------------------------------------------------------------------------
                                              1.178249   data required time
                                             -2.230242   data arrival time
---------------------------------------------------------------------------------------------
                                              1.051993   slack (MET)


Startpoint: _833_ (rising edge-triggered flip-flop clocked by system_clock)
Endpoint: _833_ (rising edge-triggered flip-flop clocked by system_clock)
Path Group: system_clock
Path Type: min

Fanout         Cap        Slew       Delay        Time   Description
---------------------------------------------------------------------------------------------
                                  0.000000    0.000000   clock system_clock (rise edge)
                                  0.000000    0.000000   clock source latency
     1    0.036569    0.000000    0.000000    0.000000 ^ CLK_I (in)
                                                         CLK_I (net)
                      0.003416    0.001397    0.001397 ^ clkbuf_0_CLK_I/I (gf180mcu_fd_sc_mcu7t5v0__clkbuf_16)
     8    0.208905    0.257094    0.324176    0.325573 ^ clkbuf_0_CLK_I/Z (gf180mcu_fd_sc_mcu7t5v0__clkbuf_16)
                                                         clknet_0_CLK_I (net)
                      0.257120    0.003840    0.329414 ^ clkbuf_3_2__f_CLK_I/I (gf180mcu_fd_sc_mcu7t5v0__clkbuf_16)
    14    0.060173    0.124970    0.284893    0.614307 ^ clkbuf_3_2__f_CLK_I/Z (gf180mcu_fd_sc_mcu7t5v0__clkbuf_16)
                                                         clknet_3_2__leaf_CLK_I (net)
                      0.124973    0.001191    0.615498 ^ _833_/CLK (gf180mcu_fd_sc_mcu7t5v0__dffq_1)
     9    0.079930    0.794147    1.113824    1.729322 v _833_/Q (gf180mcu_fd_sc_mcu7t5v0__dffq_1)
                                                         iteration[1] (net)
                      0.794157    0.001575    1.730897 v _749_/A1 (gf180mcu_fd_sc_mcu7t5v0__nor2_1)
     1    0.004832    0.307450    0.361778    2.092675 ^ _749_/ZN (gf180mcu_fd_sc_mcu7t5v0__nor2_1)
                                                         _375_ (net)
                      0.307450    0.000048    2.092723 ^ _750_/A1 (gf180mcu_fd_sc_mcu7t5v0__nor3_1)
     1    0.004969    0.180330    0.158314    2.251037 v _750_/ZN (gf180mcu_fd_sc_mcu7t5v0__nor3_1)
                                                         _046_ (net)
                      0.180330    0.000096    2.251133 v _833_/D (gf180mcu_fd_sc_mcu7t5v0__dffq_1)
                                              2.251133   data arrival time

                                  0.000000    0.000000   clock system_clock (rise edge)
                                  0.000000    0.000000   clock source latency
     1    0.036569    0.000000    0.000000    0.000000 ^ CLK_I (in)
                                                         CLK_I (net)
                      0.003416    0.001397    0.001397 ^ clkbuf_0_CLK_I/I (gf180mcu_fd_sc_mcu7t5v0__clkbuf_16)
     8    0.208905    0.257094    0.324176    0.325573 ^ clkbuf_0_CLK_I/Z (gf180mcu_fd_sc_mcu7t5v0__clkbuf_16)
                                                         clknet_0_CLK_I (net)
                      0.257120    0.003840    0.329414 ^ clkbuf_3_2__f_CLK_I/I (gf180mcu_fd_sc_mcu7t5v0__clkbuf_16)
    14    0.060173    0.124970    0.284893    0.614307 ^ clkbuf_3_2__f_CLK_I/Z (gf180mcu_fd_sc_mcu7t5v0__clkbuf_16)
                                                         clknet_3_2__leaf_CLK_I (net)
                      0.124973    0.001191    0.615498 ^ _833_/CLK (gf180mcu_fd_sc_mcu7t5v0__dffq_1)
                                  0.500000    1.115498   clock uncertainty
                                  0.000000    1.115498   clock reconvergence pessimism
                                  0.069255    1.184753   library hold time
                                              1.184753   data required time
---------------------------------------------------------------------------------------------
                                              1.184753   data required time
                                             -2.251133   data arrival time
---------------------------------------------------------------------------------------------
                                              1.066379   slack (MET)


Startpoint: _872_ (rising edge-triggered flip-flop clocked by system_clock)
Endpoint: _880_ (rising edge-triggered flip-flop clocked by system_clock)
Path Group: system_clock
Path Type: min

Fanout         Cap        Slew       Delay        Time   Description
---------------------------------------------------------------------------------------------
                                  0.000000    0.000000   clock system_clock (rise edge)
                                  0.000000    0.000000   clock source latency
     1    0.036569    0.000000    0.000000    0.000000 ^ CLK_I (in)
                                                         CLK_I (net)
                      0.003416    0.001397    0.001397 ^ clkbuf_0_CLK_I/I (gf180mcu_fd_sc_mcu7t5v0__clkbuf_16)
     8    0.208905    0.257094    0.324176    0.325573 ^ clkbuf_0_CLK_I/Z (gf180mcu_fd_sc_mcu7t5v0__clkbuf_16)
                                                         clknet_0_CLK_I (net)
                      0.257129    0.004458    0.330031 ^ clkbuf_3_6__f_CLK_I/I (gf180mcu_fd_sc_mcu7t5v0__clkbuf_16)
    13    0.063776    0.128102    0.287481    0.617512 ^ clkbuf_3_6__f_CLK_I/Z (gf180mcu_fd_sc_mcu7t5v0__clkbuf_16)
                                                         clknet_3_6__leaf_CLK_I (net)
                      0.128103    0.000514    0.618026 ^ _872_/CLK (gf180mcu_fd_sc_mcu7t5v0__dffq_1)
     4    0.024840    0.284168    0.789131    1.407157 v _872_/Q (gf180mcu_fd_sc_mcu7t5v0__dffq_1)
                                                         addr_set_register[6] (net)
                      0.284169    0.000398    1.407555 v _535_/A2 (gf180mcu_fd_sc_mcu7t5v0__nor2_1)
     1    0.011457    0.452944    0.334486    1.742041 ^ _535_/ZN (gf180mcu_fd_sc_mcu7t5v0__nor2_1)
                                                         _193_ (net)
                      0.452944    0.000315    1.742356 ^ _538_/A1 (gf180mcu_fd_sc_mcu7t5v0__oai21_1)
     1    0.007740    0.237660    0.177972    1.920328 v _538_/ZN (gf180mcu_fd_sc_mcu7t5v0__oai21_1)
                                                         _196_ (net)
                      0.237660    0.000169    1.920496 v _539_/I0 (gf180mcu_fd_sc_mcu7t5v0__mux2_2)
     1    0.006457    0.127356    0.381193    2.301690 v _539_/Z (gf180mcu_fd_sc_mcu7t5v0__mux2_2)
                                                         _014_ (net)
                      0.127356    0.000201    2.301891 v _880_/D (gf180mcu_fd_sc_mcu7t5v0__dffq_1)
                                              2.301891   data arrival time

                                  0.000000    0.000000   clock system_clock (rise edge)
                                  0.000000    0.000000   clock source latency
     1    0.036569    0.000000    0.000000    0.000000 ^ CLK_I (in)
                                                         CLK_I (net)
                      0.003416    0.001397    0.001397 ^ clkbuf_0_CLK_I/I (gf180mcu_fd_sc_mcu7t5v0__clkbuf_16)
     8    0.208905    0.257094    0.324176    0.325573 ^ clkbuf_0_CLK_I/Z (gf180mcu_fd_sc_mcu7t5v0__clkbuf_16)
                                                         clknet_0_CLK_I (net)
                      0.257129    0.004458    0.330031 ^ clkbuf_3_6__f_CLK_I/I (gf180mcu_fd_sc_mcu7t5v0__clkbuf_16)
    13    0.063776    0.128102    0.287481    0.617512 ^ clkbuf_3_6__f_CLK_I/Z (gf180mcu_fd_sc_mcu7t5v0__clkbuf_16)
                                                         clknet_3_6__leaf_CLK_I (net)
                      0.128102    0.000113    0.617624 ^ _880_/CLK (gf180mcu_fd_sc_mcu7t5v0__dffq_1)
                                  0.500000    1.117625   clock uncertainty
                                  0.000000    1.117625   clock reconvergence pessimism
                                  0.084269    1.201893   library hold time
                                              1.201893   data required time
---------------------------------------------------------------------------------------------
                                              1.201893   data required time
                                             -2.301891   data arrival time
---------------------------------------------------------------------------------------------
                                              1.099998   slack (MET)


Startpoint: _819_ (rising edge-triggered flip-flop clocked by system_clock)
Endpoint: _875_ (rising edge-triggered flip-flop clocked by system_clock)
Path Group: system_clock
Path Type: min

Fanout         Cap        Slew       Delay        Time   Description
---------------------------------------------------------------------------------------------
                                  0.000000    0.000000   clock system_clock (rise edge)
                                  0.000000    0.000000   clock source latency
     1    0.036569    0.000000    0.000000    0.000000 ^ CLK_I (in)
                                                         CLK_I (net)
                      0.003416    0.001397    0.001397 ^ clkbuf_0_CLK_I/I (gf180mcu_fd_sc_mcu7t5v0__clkbuf_16)
     8    0.208905    0.257094    0.324176    0.325573 ^ clkbuf_0_CLK_I/Z (gf180mcu_fd_sc_mcu7t5v0__clkbuf_16)
                                                         clknet_0_CLK_I (net)
                      0.257116    0.003554    0.329127 ^ clkbuf_3_3__f_CLK_I/I (gf180mcu_fd_sc_mcu7t5v0__clkbuf_16)
    10    0.068732    0.132332    0.290690    0.619817 ^ clkbuf_3_3__f_CLK_I/Z (gf180mcu_fd_sc_mcu7t5v0__clkbuf_16)
                                                         clknet_3_3__leaf_CLK_I (net)
                      0.132332    0.000181    0.619998 ^ _819_/CLK (gf180mcu_fd_sc_mcu7t5v0__dffq_1)
     5    0.039003    0.410138    0.875632    1.495631 v _819_/Q (gf180mcu_fd_sc_mcu7t5v0__dffq_1)
                                                         recv_data_buffer[1] (net)
                      0.410226    0.000632    1.496263 v _510_/A1 (gf180mcu_fd_sc_mcu7t5v0__oai22_1)
     1    0.005979    0.332229    0.299029    1.795292 ^ _510_/ZN (gf180mcu_fd_sc_mcu7t5v0__oai22_1)
                                                         _173_ (net)
                      0.332229    0.000116    1.795409 ^ _512_/A1 (gf180mcu_fd_sc_mcu7t5v0__oai21_1)
     1    0.005549    0.188999    0.148082    1.943490 v _512_/ZN (gf180mcu_fd_sc_mcu7t5v0__oai21_1)
                                                         _175_ (net)
                      0.188999    0.000056    1.943546 v _513_/I0 (gf180mcu_fd_sc_mcu7t5v0__mux2_2)
     1    0.005415    0.122124    0.366517    2.310063 v _513_/Z (gf180mcu_fd_sc_mcu7t5v0__mux2_2)
                                                         _009_ (net)
                      0.122124    0.000116    2.310179 v _875_/D (gf180mcu_fd_sc_mcu7t5v0__dffq_1)
                                              2.310179   data arrival time

                                  0.000000    0.000000   clock system_clock (rise edge)
                                  0.000000    0.000000   clock source latency
     1    0.036569    0.000000    0.000000    0.000000 ^ CLK_I (in)
                                                         CLK_I (net)
                      0.003416    0.001397    0.001397 ^ clkbuf_0_CLK_I/I (gf180mcu_fd_sc_mcu7t5v0__clkbuf_16)
     8    0.208905    0.257094    0.324176    0.325573 ^ clkbuf_0_CLK_I/Z (gf180mcu_fd_sc_mcu7t5v0__clkbuf_16)
                                                         clknet_0_CLK_I (net)
                      0.257129    0.004458    0.330031 ^ clkbuf_3_6__f_CLK_I/I (gf180mcu_fd_sc_mcu7t5v0__clkbuf_16)
    13    0.063776    0.128102    0.287481    0.617512 ^ clkbuf_3_6__f_CLK_I/Z (gf180mcu_fd_sc_mcu7t5v0__clkbuf_16)
                                                         clknet_3_6__leaf_CLK_I (net)
                      0.128103    0.000511    0.618023 ^ _875_/CLK (gf180mcu_fd_sc_mcu7t5v0__dffq_1)
                                  0.500000    1.118023   clock uncertainty
                                  0.000000    1.118023   clock reconvergence pessimism
                                  0.085499    1.203522   library hold time
                                              1.203522   data required time
---------------------------------------------------------------------------------------------
                                              1.203522   data required time
                                             -2.310179   data arrival time
---------------------------------------------------------------------------------------------
                                              1.106657   slack (MET)


Startpoint: _823_ (rising edge-triggered flip-flop clocked by system_clock)
Endpoint: _861_ (rising edge-triggered flip-flop clocked by system_clock)
Path Group: system_clock
Path Type: min

Fanout         Cap        Slew       Delay        Time   Description
---------------------------------------------------------------------------------------------
                                  0.000000    0.000000   clock system_clock (rise edge)
                                  0.000000    0.000000   clock source latency
     1    0.036569    0.000000    0.000000    0.000000 ^ CLK_I (in)
                                                         CLK_I (net)
                      0.003416    0.001397    0.001397 ^ clkbuf_0_CLK_I/I (gf180mcu_fd_sc_mcu7t5v0__clkbuf_16)
     8    0.208905    0.257094    0.324176    0.325573 ^ clkbuf_0_CLK_I/Z (gf180mcu_fd_sc_mcu7t5v0__clkbuf_16)
                                                         clknet_0_CLK_I (net)
                      0.257129    0.004458    0.330031 ^ clkbuf_3_6__f_CLK_I/I (gf180mcu_fd_sc_mcu7t5v0__clkbuf_16)
    13    0.063776    0.128102    0.287481    0.617512 ^ clkbuf_3_6__f_CLK_I/Z (gf180mcu_fd_sc_mcu7t5v0__clkbuf_16)
                                                         clknet_3_6__leaf_CLK_I (net)
                      0.128102    0.000132    0.617644 ^ _823_/CLK (gf180mcu_fd_sc_mcu7t5v0__dffq_1)
     6    0.058051    0.587515    0.986965    1.604609 v _823_/Q (gf180mcu_fd_sc_mcu7t5v0__dffq_1)
                                                         recv_data_buffer[5] (net)
                      0.587526    0.001454    1.606064 v _803_/B2 (gf180mcu_fd_sc_mcu7t5v0__aoi22_1)
     1    0.010084    0.331473    0.403047    2.009110 ^ _803_/ZN (gf180mcu_fd_sc_mcu7t5v0__aoi22_1)
                                                         _401_ (net)
                      0.331473    0.000264    2.009375 ^ _804_/A2 (gf180mcu_fd_sc_mcu7t5v0__nor2_1)
     1    0.014878    0.297022    0.253467    2.262842 v _804_/ZN (gf180mcu_fd_sc_mcu7t5v0__nor2_1)
                                                         _074_ (net)
                      0.297023    0.000552    2.263394 v _861_/D (gf180mcu_fd_sc_mcu7t5v0__dffq_1)
                                              2.263394   data arrival time

                                  0.000000    0.000000   clock system_clock (rise edge)
                                  0.000000    0.000000   clock source latency
     1    0.036569    0.000000    0.000000    0.000000 ^ CLK_I (in)
                                                         CLK_I (net)
                      0.003416    0.001397    0.001397 ^ clkbuf_0_CLK_I/I (gf180mcu_fd_sc_mcu7t5v0__clkbuf_16)
     8    0.208905    0.257094    0.324176    0.325573 ^ clkbuf_0_CLK_I/Z (gf180mcu_fd_sc_mcu7t5v0__clkbuf_16)
                                                         clknet_0_CLK_I (net)
                      0.257138    0.004969    0.330543 ^ clkbuf_3_7__f_CLK_I/I (gf180mcu_fd_sc_mcu7t5v0__clkbuf_16)
    13    0.062541    0.127021    0.286568    0.617111 ^ clkbuf_3_7__f_CLK_I/Z (gf180mcu_fd_sc_mcu7t5v0__clkbuf_16)
                                                         clknet_3_7__leaf_CLK_I (net)
                      0.127022    0.000803    0.617914 ^ _861_/CLK (gf180mcu_fd_sc_mcu7t5v0__dffq_1)
                                  0.500000    1.117914   clock uncertainty
                                  0.000000    1.117914   clock reconvergence pessimism
                                  0.035681    1.153595   library hold time
                                              1.153595   data required time
---------------------------------------------------------------------------------------------
                                              1.153595   data required time
                                             -2.263394   data arrival time
---------------------------------------------------------------------------------------------
                                              1.109799   slack (MET)


Startpoint: _882_ (rising edge-triggered flip-flop clocked by system_clock)
Endpoint: _848_ (rising edge-triggered flip-flop clocked by system_clock)
Path Group: system_clock
Path Type: min

Fanout         Cap        Slew       Delay        Time   Description
---------------------------------------------------------------------------------------------
                                  0.000000    0.000000   clock system_clock (rise edge)
                                  0.000000    0.000000   clock source latency
     1    0.036569    0.000000    0.000000    0.000000 ^ CLK_I (in)
                                                         CLK_I (net)
                      0.003416    0.001397    0.001397 ^ clkbuf_0_CLK_I/I (gf180mcu_fd_sc_mcu7t5v0__clkbuf_16)
     8    0.208905    0.257094    0.324176    0.325573 ^ clkbuf_0_CLK_I/Z (gf180mcu_fd_sc_mcu7t5v0__clkbuf_16)
                                                         clknet_0_CLK_I (net)
                      0.257110    0.003015    0.328588 ^ clkbuf_3_1__f_CLK_I/I (gf180mcu_fd_sc_mcu7t5v0__clkbuf_16)
    12    0.063772    0.128092    0.287445    0.616033 ^ clkbuf_3_1__f_CLK_I/Z (gf180mcu_fd_sc_mcu7t5v0__clkbuf_16)
                                                         clknet_3_1__leaf_CLK_I (net)
                      0.128093    0.000553    0.616587 ^ _882_/CLK (gf180mcu_fd_sc_mcu7t5v0__dffq_1)
    13    0.081827    0.812035    1.124880    1.741466 v _882_/Q (gf180mcu_fd_sc_mcu7t5v0__dffq_1)
                                                         addr_pointer_register_internal[0] (net)
                      0.812086    0.003682    1.745149 v _776_/A1 (gf180mcu_fd_sc_mcu7t5v0__aoi22_1)
     1    0.007843    0.329223    0.381108    2.126256 ^ _776_/ZN (gf180mcu_fd_sc_mcu7t5v0__aoi22_1)
                                                         _387_ (net)
                      0.329223    0.000184    2.126440 ^ _777_/A2 (gf180mcu_fd_sc_mcu7t5v0__nor2_1)
     1    0.007230    0.215526    0.183673    2.310113 v _777_/ZN (gf180mcu_fd_sc_mcu7t5v0__nor2_1)
                                                         _061_ (net)
                      0.215526    0.000173    2.310286 v _848_/D (gf180mcu_fd_sc_mcu7t5v0__dffq_1)
                                              2.310286   data arrival time

                                  0.000000    0.000000   clock system_clock (rise edge)
                                  0.000000    0.000000   clock source latency
     1    0.036569    0.000000    0.000000    0.000000 ^ CLK_I (in)
                                                         CLK_I (net)
                      0.003416    0.001397    0.001397 ^ clkbuf_0_CLK_I/I (gf180mcu_fd_sc_mcu7t5v0__clkbuf_16)
     8    0.208905    0.257094    0.324176    0.325573 ^ clkbuf_0_CLK_I/Z (gf180mcu_fd_sc_mcu7t5v0__clkbuf_16)
                                                         clknet_0_CLK_I (net)
                      0.257111    0.003086    0.328659 ^ clkbuf_3_4__f_CLK_I/I (gf180mcu_fd_sc_mcu7t5v0__clkbuf_16)
    10    0.071121    0.134332    0.292100    0.620760 ^ clkbuf_3_4__f_CLK_I/Z (gf180mcu_fd_sc_mcu7t5v0__clkbuf_16)
                                                         clknet_3_4__leaf_CLK_I (net)
                      0.134335    0.001080    0.621840 ^ _848_/CLK (gf180mcu_fd_sc_mcu7t5v0__dffq_1)
                                  0.500000    1.121840   clock uncertainty
                                  0.000000    1.121840   clock reconvergence pessimism
                                  0.060677    1.182517   library hold time
                                              1.182517   data required time
---------------------------------------------------------------------------------------------
                                              1.182517   data required time
                                             -2.310286   data arrival time
---------------------------------------------------------------------------------------------
                                              1.127769   slack (MET)


Startpoint: _844_ (rising edge-triggered flip-flop clocked by system_clock)
Endpoint: _832_ (rising edge-triggered flip-flop clocked by system_clock)
Path Group: system_clock
Path Type: min

Fanout         Cap        Slew       Delay        Time   Description
---------------------------------------------------------------------------------------------
                                  0.000000    0.000000   clock system_clock (rise edge)
                                  0.000000    0.000000   clock source latency
     1    0.036569    0.000000    0.000000    0.000000 ^ CLK_I (in)
                                                         CLK_I (net)
                      0.003416    0.001397    0.001397 ^ clkbuf_0_CLK_I/I (gf180mcu_fd_sc_mcu7t5v0__clkbuf_16)
     8    0.208905    0.257094    0.324176    0.325573 ^ clkbuf_0_CLK_I/Z (gf180mcu_fd_sc_mcu7t5v0__clkbuf_16)
                                                         clknet_0_CLK_I (net)
                      0.257119    0.003750    0.329323 ^ clkbuf_3_0__f_CLK_I/I (gf180mcu_fd_sc_mcu7t5v0__clkbuf_16)
     9    0.058179    0.123285    0.283678    0.613001 ^ clkbuf_3_0__f_CLK_I/Z (gf180mcu_fd_sc_mcu7t5v0__clkbuf_16)
                                                         clknet_3_0__leaf_CLK_I (net)
                      0.123286    0.000763    0.613764 ^ _844_/CLK (gf180mcu_fd_sc_mcu7t5v0__dffq_1)
     7    0.053278    0.899532    1.179970    1.793734 ^ _844_/Q (gf180mcu_fd_sc_mcu7t5v0__dffq_1)
                                                         i2c_state[0] (net)
                      0.899556    0.002581    1.796315 ^ _739_/A1 (gf180mcu_fd_sc_mcu7t5v0__aoi211_1)
     1    0.008134    0.337586    0.232597    2.028912 v _739_/ZN (gf180mcu_fd_sc_mcu7t5v0__aoi211_1)
                                                         _366_ (net)
                      0.337586    0.000114    2.029026 v _742_/A1 (gf180mcu_fd_sc_mcu7t5v0__aoi22_1)
     1    0.005699    0.247594    0.230161    2.259187 ^ _742_/ZN (gf180mcu_fd_sc_mcu7t5v0__aoi22_1)
                                                         _369_ (net)
                      0.247594    0.000061    2.259249 ^ _745_/A2 (gf180mcu_fd_sc_mcu7t5v0__aoi21_1)
     1    0.003070    0.127078    0.105699    2.364948 v _745_/ZN (gf180mcu_fd_sc_mcu7t5v0__aoi21_1)
                                                         _045_ (net)
                      0.127078    0.000031    2.364979 v _832_/D (gf180mcu_fd_sc_mcu7t5v0__dffq_1)
                                              2.364979   data arrival time

                                  0.000000    0.000000   clock system_clock (rise edge)
                                  0.000000    0.000000   clock source latency
     1    0.036569    0.000000    0.000000    0.000000 ^ CLK_I (in)
                                                         CLK_I (net)
                      0.003416    0.001397    0.001397 ^ clkbuf_0_CLK_I/I (gf180mcu_fd_sc_mcu7t5v0__clkbuf_16)
     8    0.208905    0.257094    0.324176    0.325573 ^ clkbuf_0_CLK_I/Z (gf180mcu_fd_sc_mcu7t5v0__clkbuf_16)
                                                         clknet_0_CLK_I (net)
                      0.257120    0.003840    0.329414 ^ clkbuf_3_2__f_CLK_I/I (gf180mcu_fd_sc_mcu7t5v0__clkbuf_16)
    14    0.060173    0.124970    0.284893    0.614307 ^ clkbuf_3_2__f_CLK_I/Z (gf180mcu_fd_sc_mcu7t5v0__clkbuf_16)
                                                         clknet_3_2__leaf_CLK_I (net)
                      0.124973    0.001214    0.615520 ^ _832_/CLK (gf180mcu_fd_sc_mcu7t5v0__dffq_1)
                                  0.500000    1.115520   clock uncertainty
                                  0.000000    1.115520   clock reconvergence pessimism
                                  0.083803    1.199324   library hold time
                                              1.199324   data required time
---------------------------------------------------------------------------------------------
                                              1.199324   data required time
                                             -2.364979   data arrival time
---------------------------------------------------------------------------------------------
                                              1.165655   slack (MET)


Startpoint: _820_ (rising edge-triggered flip-flop clocked by system_clock)
Endpoint: _858_ (rising edge-triggered flip-flop clocked by system_clock)
Path Group: system_clock
Path Type: min

Fanout         Cap        Slew       Delay        Time   Description
---------------------------------------------------------------------------------------------
                                  0.000000    0.000000   clock system_clock (rise edge)
                                  0.000000    0.000000   clock source latency
     1    0.036569    0.000000    0.000000    0.000000 ^ CLK_I (in)
                                                         CLK_I (net)
                      0.003416    0.001397    0.001397 ^ clkbuf_0_CLK_I/I (gf180mcu_fd_sc_mcu7t5v0__clkbuf_16)
     8    0.208905    0.257094    0.324176    0.325573 ^ clkbuf_0_CLK_I/Z (gf180mcu_fd_sc_mcu7t5v0__clkbuf_16)
                                                         clknet_0_CLK_I (net)
                      0.257138    0.004969    0.330543 ^ clkbuf_3_7__f_CLK_I/I (gf180mcu_fd_sc_mcu7t5v0__clkbuf_16)
    13    0.062541    0.127021    0.286568    0.617111 ^ clkbuf_3_7__f_CLK_I/Z (gf180mcu_fd_sc_mcu7t5v0__clkbuf_16)
                                                         clknet_3_7__leaf_CLK_I (net)
                      0.127023    0.000824    0.617935 ^ _820_/CLK (gf180mcu_fd_sc_mcu7t5v0__dffq_1)
     6    0.058803    0.594408    0.990576    1.608512 v _820_/Q (gf180mcu_fd_sc_mcu7t5v0__dffq_1)
                                                         recv_data_buffer[2] (net)
                      0.594424    0.001755    1.610267 v _797_/B2 (gf180mcu_fd_sc_mcu7t5v0__aoi22_1)
     1    0.016385    0.463311    0.485822    2.096089 ^ _797_/ZN (gf180mcu_fd_sc_mcu7t5v0__aoi22_1)
                                                         _398_ (net)
                      0.463311    0.000556    2.096645 ^ _798_/A2 (gf180mcu_fd_sc_mcu7t5v0__nor2_1)
     1    0.010151    0.281166    0.228625    2.325270 v _798_/ZN (gf180mcu_fd_sc_mcu7t5v0__nor2_1)
                                                         _071_ (net)
                      0.281166    0.000290    2.325560 v _858_/D (gf180mcu_fd_sc_mcu7t5v0__dffq_1)
                                              2.325560   data arrival time

                                  0.000000    0.000000   clock system_clock (rise edge)
                                  0.000000    0.000000   clock source latency
     1    0.036569    0.000000    0.000000    0.000000 ^ CLK_I (in)
                                                         CLK_I (net)
                      0.003416    0.001397    0.001397 ^ clkbuf_0_CLK_I/I (gf180mcu_fd_sc_mcu7t5v0__clkbuf_16)
     8    0.208905    0.257094    0.324176    0.325573 ^ clkbuf_0_CLK_I/Z (gf180mcu_fd_sc_mcu7t5v0__clkbuf_16)
                                                         clknet_0_CLK_I (net)
                      0.257138    0.004969    0.330543 ^ clkbuf_3_7__f_CLK_I/I (gf180mcu_fd_sc_mcu7t5v0__clkbuf_16)
    13    0.062541    0.127021    0.286568    0.617111 ^ clkbuf_3_7__f_CLK_I/Z (gf180mcu_fd_sc_mcu7t5v0__clkbuf_16)
                                                         clknet_3_7__leaf_CLK_I (net)
                      0.127021    0.000367    0.617478 ^ _858_/CLK (gf180mcu_fd_sc_mcu7t5v0__dffq_1)
                                  0.500000    1.117478   clock uncertainty
                                  0.000000    1.117478   clock reconvergence pessimism
                                  0.040291    1.157769   library hold time
                                              1.157769   data required time
---------------------------------------------------------------------------------------------
                                              1.157769   data required time
                                             -2.325560   data arrival time
---------------------------------------------------------------------------------------------
                                              1.167791   slack (MET)


Startpoint: _869_ (rising edge-triggered flip-flop clocked by system_clock)
Endpoint: _877_ (rising edge-triggered flip-flop clocked by system_clock)
Path Group: system_clock
Path Type: min

Fanout         Cap        Slew       Delay        Time   Description
---------------------------------------------------------------------------------------------
                                  0.000000    0.000000   clock system_clock (rise edge)
                                  0.000000    0.000000   clock source latency
     1    0.036569    0.000000    0.000000    0.000000 ^ CLK_I (in)
                                                         CLK_I (net)
                      0.003416    0.001397    0.001397 ^ clkbuf_0_CLK_I/I (gf180mcu_fd_sc_mcu7t5v0__clkbuf_16)
     8    0.208905    0.257094    0.324176    0.325573 ^ clkbuf_0_CLK_I/Z (gf180mcu_fd_sc_mcu7t5v0__clkbuf_16)
                                                         clknet_0_CLK_I (net)
                      0.257116    0.003554    0.329127 ^ clkbuf_3_3__f_CLK_I/I (gf180mcu_fd_sc_mcu7t5v0__clkbuf_16)
    10    0.068732    0.132332    0.290690    0.619817 ^ clkbuf_3_3__f_CLK_I/Z (gf180mcu_fd_sc_mcu7t5v0__clkbuf_16)
                                                         clknet_3_3__leaf_CLK_I (net)
                      0.132333    0.000530    0.620347 ^ _869_/CLK (gf180mcu_fd_sc_mcu7t5v0__dffq_1)
     4    0.023917    0.276120    0.784508    1.404855 v _869_/Q (gf180mcu_fd_sc_mcu7t5v0__dffq_1)
                                                         addr_set_register[3] (net)
                      0.276120    0.000216    1.405071 v _519_/A2 (gf180mcu_fd_sc_mcu7t5v0__nor2_1)
     1    0.018374    0.650202    0.447446    1.852516 ^ _519_/ZN (gf180mcu_fd_sc_mcu7t5v0__nor2_1)
                                                         _180_ (net)
                      0.650202    0.000684    1.853200 ^ _522_/A1 (gf180mcu_fd_sc_mcu7t5v0__oai21_1)
     1    0.007969    0.229772    0.190548    2.043749 v _522_/ZN (gf180mcu_fd_sc_mcu7t5v0__oai21_1)
                                                         _183_ (net)
                      0.229772    0.000175    2.043924 v _523_/I0 (gf180mcu_fd_sc_mcu7t5v0__mux2_2)
     1    0.003381    0.109854    0.361408    2.405332 v _523_/Z (gf180mcu_fd_sc_mcu7t5v0__mux2_2)
                                                         _011_ (net)
                      0.109854    0.000065    2.405397 v _877_/D (gf180mcu_fd_sc_mcu7t5v0__dffq_1)
                                              2.405397   data arrival time

                                  0.000000    0.000000   clock system_clock (rise edge)
                                  0.000000    0.000000   clock source latency
     1    0.036569    0.000000    0.000000    0.000000 ^ CLK_I (in)
                                                         CLK_I (net)
                      0.003416    0.001397    0.001397 ^ clkbuf_0_CLK_I/I (gf180mcu_fd_sc_mcu7t5v0__clkbuf_16)
     8    0.208905    0.257094    0.324176    0.325573 ^ clkbuf_0_CLK_I/Z (gf180mcu_fd_sc_mcu7t5v0__clkbuf_16)
                                                         clknet_0_CLK_I (net)
                      0.257108    0.002826    0.328399 ^ clkbuf_3_5__f_CLK_I/I (gf180mcu_fd_sc_mcu7t5v0__clkbuf_16)
    11    0.066470    0.130403    0.289224    0.617624 ^ clkbuf_3_5__f_CLK_I/Z (gf180mcu_fd_sc_mcu7t5v0__clkbuf_16)
                                                         clknet_3_5__leaf_CLK_I (net)
                      0.130403    0.000467    0.618090 ^ _877_/CLK (gf180mcu_fd_sc_mcu7t5v0__dffq_1)
                                  0.500000    1.118090   clock uncertainty
                                  0.000000    1.118090   clock reconvergence pessimism
                                  0.088782    1.206872   library hold time
                                              1.206872   data required time
---------------------------------------------------------------------------------------------
                                              1.206872   data required time
                                             -2.405397   data arrival time
---------------------------------------------------------------------------------------------
                                              1.198525   slack (MET)


Startpoint: _834_ (rising edge-triggered flip-flop clocked by system_clock)
Endpoint: _835_ (rising edge-triggered flip-flop clocked by system_clock)
Path Group: system_clock
Path Type: min

Fanout         Cap        Slew       Delay        Time   Description
---------------------------------------------------------------------------------------------
                                  0.000000    0.000000   clock system_clock (rise edge)
                                  0.000000    0.000000   clock source latency
     1    0.036569    0.000000    0.000000    0.000000 ^ CLK_I (in)
                                                         CLK_I (net)
                      0.003416    0.001397    0.001397 ^ clkbuf_0_CLK_I/I (gf180mcu_fd_sc_mcu7t5v0__clkbuf_16)
     8    0.208905    0.257094    0.324176    0.325573 ^ clkbuf_0_CLK_I/Z (gf180mcu_fd_sc_mcu7t5v0__clkbuf_16)
                                                         clknet_0_CLK_I (net)
                      0.257116    0.003554    0.329127 ^ clkbuf_3_3__f_CLK_I/I (gf180mcu_fd_sc_mcu7t5v0__clkbuf_16)
    10    0.068732    0.132332    0.290690    0.619817 ^ clkbuf_3_3__f_CLK_I/Z (gf180mcu_fd_sc_mcu7t5v0__clkbuf_16)
                                                         clknet_3_3__leaf_CLK_I (net)
                      0.132334    0.000811    0.620629 ^ _834_/CLK (gf180mcu_fd_sc_mcu7t5v0__dffq_1)
     8    0.043700    0.453851    0.903260    1.523889 v _834_/Q (gf180mcu_fd_sc_mcu7t5v0__dffq_1)
                                                         iteration[2] (net)
                      0.453853    0.000535    1.524424 v _752_/A1 (gf180mcu_fd_sc_mcu7t5v0__nand3_1)
     2    0.011254    0.350024    0.322740    1.847163 ^ _752_/ZN (gf180mcu_fd_sc_mcu7t5v0__nand3_1)
                                                         _377_ (net)
                      0.350024    0.000059    1.847223 ^ _755_/C (gf180mcu_fd_sc_mcu7t5v0__oai221_1)
     1    0.005655    0.231967    0.192289    2.039512 v _755_/ZN (gf180mcu_fd_sc_mcu7t5v0__oai221_1)
                                                         _379_ (net)
                      0.231967    0.000108    2.039619 v _756_/B (gf180mcu_fd_sc_mcu7t5v0__oai21_1)
     1    0.007919    0.296764    0.245105    2.284725 ^ _756_/ZN (gf180mcu_fd_sc_mcu7t5v0__oai21_1)
                                                         _380_ (net)
                      0.296764    0.000171    2.284896 ^ _759_/A1 (gf180mcu_fd_sc_mcu7t5v0__aoi21_1)
     1    0.005036    0.169992    0.136479    2.421375 v _759_/ZN (gf180mcu_fd_sc_mcu7t5v0__aoi21_1)
                                                         _048_ (net)
                      0.169992    0.000100    2.421475 v _835_/D (gf180mcu_fd_sc_mcu7t5v0__dffq_1)
                                              2.421475   data arrival time

                                  0.000000    0.000000   clock system_clock (rise edge)
                                  0.000000    0.000000   clock source latency
     1    0.036569    0.000000    0.000000    0.000000 ^ CLK_I (in)
                                                         CLK_I (net)
                      0.003416    0.001397    0.001397 ^ clkbuf_0_CLK_I/I (gf180mcu_fd_sc_mcu7t5v0__clkbuf_16)
     8    0.208905    0.257094    0.324176    0.325573 ^ clkbuf_0_CLK_I/Z (gf180mcu_fd_sc_mcu7t5v0__clkbuf_16)
                                                         clknet_0_CLK_I (net)
                      0.257120    0.003840    0.329414 ^ clkbuf_3_2__f_CLK_I/I (gf180mcu_fd_sc_mcu7t5v0__clkbuf_16)
    14    0.060173    0.124970    0.284893    0.614307 ^ clkbuf_3_2__f_CLK_I/Z (gf180mcu_fd_sc_mcu7t5v0__clkbuf_16)
                                                         clknet_3_2__leaf_CLK_I (net)
                      0.124973    0.001254    0.615561 ^ _835_/CLK (gf180mcu_fd_sc_mcu7t5v0__dffq_1)
                                  0.500000    1.115561   clock uncertainty
                                  0.000000    1.115561   clock reconvergence pessimism
                                  0.072265    1.187826   library hold time
                                              1.187826   data required time
---------------------------------------------------------------------------------------------
                                              1.187826   data required time
                                             -2.421475   data arrival time
---------------------------------------------------------------------------------------------
                                              1.233649   slack (MET)


Startpoint: _873_ (rising edge-triggered flip-flop clocked by system_clock)
Endpoint: _881_ (rising edge-triggered flip-flop clocked by system_clock)
Path Group: system_clock
Path Type: min

Fanout         Cap        Slew       Delay        Time   Description
---------------------------------------------------------------------------------------------
                                  0.000000    0.000000   clock system_clock (rise edge)
                                  0.000000    0.000000   clock source latency
     1    0.036569    0.000000    0.000000    0.000000 ^ CLK_I (in)
                                                         CLK_I (net)
                      0.003416    0.001397    0.001397 ^ clkbuf_0_CLK_I/I (gf180mcu_fd_sc_mcu7t5v0__clkbuf_16)
     8    0.208905    0.257094    0.324176    0.325573 ^ clkbuf_0_CLK_I/Z (gf180mcu_fd_sc_mcu7t5v0__clkbuf_16)
                                                         clknet_0_CLK_I (net)
                      0.257129    0.004458    0.330031 ^ clkbuf_3_6__f_CLK_I/I (gf180mcu_fd_sc_mcu7t5v0__clkbuf_16)
    13    0.063776    0.128102    0.287481    0.617512 ^ clkbuf_3_6__f_CLK_I/Z (gf180mcu_fd_sc_mcu7t5v0__clkbuf_16)
                                                         clknet_3_6__leaf_CLK_I (net)
                      0.128103    0.000517    0.618029 ^ _873_/CLK (gf180mcu_fd_sc_mcu7t5v0__dffq_1)
     4    0.026642    0.300060    0.800212    1.418241 v _873_/Q (gf180mcu_fd_sc_mcu7t5v0__dffq_1)
                                                         addr_set_register[7] (net)
                      0.300060    0.000169    1.418410 v _540_/A2 (gf180mcu_fd_sc_mcu7t5v0__nor2_1)
     1    0.017677    0.630553    0.439602    1.858012 ^ _540_/ZN (gf180mcu_fd_sc_mcu7t5v0__nor2_1)
                                                         _197_ (net)
                      0.630553    0.000630    1.858642 ^ _543_/A1 (gf180mcu_fd_sc_mcu7t5v0__oai21_1)
     1    0.014282    0.282712    0.265634    2.124276 v _543_/ZN (gf180mcu_fd_sc_mcu7t5v0__oai21_1)
                                                         _200_ (net)
                      0.282712    0.000583    2.124859 v _544_/I0 (gf180mcu_fd_sc_mcu7t5v0__mux2_2)
     1    0.007060    0.130366    0.392820    2.517679 v _544_/Z (gf180mcu_fd_sc_mcu7t5v0__mux2_2)
                                                         _015_ (net)
                      0.130366    0.000171    2.517850 v _881_/D (gf180mcu_fd_sc_mcu7t5v0__dffq_1)
                                              2.517850   data arrival time

                                  0.000000    0.000000   clock system_clock (rise edge)
                                  0.000000    0.000000   clock source latency
     1    0.036569    0.000000    0.000000    0.000000 ^ CLK_I (in)
                                                         CLK_I (net)
                      0.003416    0.001397    0.001397 ^ clkbuf_0_CLK_I/I (gf180mcu_fd_sc_mcu7t5v0__clkbuf_16)
     8    0.208905    0.257094    0.324176    0.325573 ^ clkbuf_0_CLK_I/Z (gf180mcu_fd_sc_mcu7t5v0__clkbuf_16)
                                                         clknet_0_CLK_I (net)
                      0.257138    0.004969    0.330543 ^ clkbuf_3_7__f_CLK_I/I (gf180mcu_fd_sc_mcu7t5v0__clkbuf_16)
    13    0.062541    0.127021    0.286568    0.617111 ^ clkbuf_3_7__f_CLK_I/Z (gf180mcu_fd_sc_mcu7t5v0__clkbuf_16)
                                                         clknet_3_7__leaf_CLK_I (net)
                      0.127022    0.000670    0.617781 ^ _881_/CLK (gf180mcu_fd_sc_mcu7t5v0__dffq_1)
                                  0.500000    1.117781   clock uncertainty
                                  0.000000    1.117781   clock reconvergence pessimism
                                  0.083379    1.201159   library hold time
                                              1.201159   data required time
---------------------------------------------------------------------------------------------
                                              1.201159   data required time
                                             -2.517850   data arrival time
---------------------------------------------------------------------------------------------
                                              1.316690   slack (MET)


Startpoint: _820_ (rising edge-triggered flip-flop clocked by system_clock)
Endpoint: _876_ (rising edge-triggered flip-flop clocked by system_clock)
Path Group: system_clock
Path Type: min

Fanout         Cap        Slew       Delay        Time   Description
---------------------------------------------------------------------------------------------
                                  0.000000    0.000000   clock system_clock (rise edge)
                                  0.000000    0.000000   clock source latency
     1    0.036569    0.000000    0.000000    0.000000 ^ CLK_I (in)
                                                         CLK_I (net)
                      0.003416    0.001397    0.001397 ^ clkbuf_0_CLK_I/I (gf180mcu_fd_sc_mcu7t5v0__clkbuf_16)
     8    0.208905    0.257094    0.324176    0.325573 ^ clkbuf_0_CLK_I/Z (gf180mcu_fd_sc_mcu7t5v0__clkbuf_16)
                                                         clknet_0_CLK_I (net)
                      0.257138    0.004969    0.330543 ^ clkbuf_3_7__f_CLK_I/I (gf180mcu_fd_sc_mcu7t5v0__clkbuf_16)
    13    0.062541    0.127021    0.286568    0.617111 ^ clkbuf_3_7__f_CLK_I/Z (gf180mcu_fd_sc_mcu7t5v0__clkbuf_16)
                                                         clknet_3_7__leaf_CLK_I (net)
                      0.127023    0.000824    0.617935 ^ _820_/CLK (gf180mcu_fd_sc_mcu7t5v0__dffq_1)
     6    0.058803    0.594408    0.990576    1.608512 v _820_/Q (gf180mcu_fd_sc_mcu7t5v0__dffq_1)
                                                         recv_data_buffer[2] (net)
                      0.594426    0.001844    1.610356 v _515_/A1 (gf180mcu_fd_sc_mcu7t5v0__oai22_1)
     1    0.012496    0.524712    0.463067    2.073423 ^ _515_/ZN (gf180mcu_fd_sc_mcu7t5v0__oai22_1)
                                                         _177_ (net)
                      0.524712    0.000344    2.073766 ^ _517_/A1 (gf180mcu_fd_sc_mcu7t5v0__oai21_1)
     1    0.008448    0.233392    0.190794    2.264560 v _517_/ZN (gf180mcu_fd_sc_mcu7t5v0__oai21_1)
                                                         _179_ (net)
                      0.233392    0.000200    2.264760 v _518_/I0 (gf180mcu_fd_sc_mcu7t5v0__mux2_2)
     1    0.004041    0.114599    0.366841    2.631602 v _518_/Z (gf180mcu_fd_sc_mcu7t5v0__mux2_2)
                                                         _010_ (net)
                      0.114599    0.000079    2.631681 v _876_/D (gf180mcu_fd_sc_mcu7t5v0__dffq_1)
                                              2.631681   data arrival time

                                  0.000000    0.000000   clock system_clock (rise edge)
                                  0.000000    0.000000   clock source latency
     1    0.036569    0.000000    0.000000    0.000000 ^ CLK_I (in)
                                                         CLK_I (net)
                      0.003416    0.001397    0.001397 ^ clkbuf_0_CLK_I/I (gf180mcu_fd_sc_mcu7t5v0__clkbuf_16)
     8    0.208905    0.257094    0.324176    0.325573 ^ clkbuf_0_CLK_I/Z (gf180mcu_fd_sc_mcu7t5v0__clkbuf_16)
                                                         clknet_0_CLK_I (net)
                      0.257129    0.004458    0.330031 ^ clkbuf_3_6__f_CLK_I/I (gf180mcu_fd_sc_mcu7t5v0__clkbuf_16)
    13    0.063776    0.128102    0.287481    0.617512 ^ clkbuf_3_6__f_CLK_I/Z (gf180mcu_fd_sc_mcu7t5v0__clkbuf_16)
                                                         clknet_3_6__leaf_CLK_I (net)
                      0.128103    0.000467    0.617979 ^ _876_/CLK (gf180mcu_fd_sc_mcu7t5v0__dffq_1)
                                  0.500000    1.117979   clock uncertainty
                                  0.000000    1.117979   clock reconvergence pessimism
                                  0.087268    1.205247   library hold time
                                              1.205247   data required time
---------------------------------------------------------------------------------------------
                                              1.205247   data required time
                                             -2.631681   data arrival time
---------------------------------------------------------------------------------------------
                                              1.426434   slack (MET)


Startpoint: _901_ (rising edge-triggered flip-flop clocked by system_clock)
Endpoint: _830_ (rising edge-triggered flip-flop clocked by system_clock)
Path Group: system_clock
Path Type: min

Fanout         Cap        Slew       Delay        Time   Description
---------------------------------------------------------------------------------------------
                                  0.000000    0.000000   clock system_clock (rise edge)
                                  0.000000    0.000000   clock source latency
     1    0.036569    0.000000    0.000000    0.000000 ^ CLK_I (in)
                                                         CLK_I (net)
                      0.003416    0.001397    0.001397 ^ clkbuf_0_CLK_I/I (gf180mcu_fd_sc_mcu7t5v0__clkbuf_16)
     8    0.208905    0.257094    0.324176    0.325573 ^ clkbuf_0_CLK_I/Z (gf180mcu_fd_sc_mcu7t5v0__clkbuf_16)
                                                         clknet_0_CLK_I (net)
                      0.257119    0.003750    0.329323 ^ clkbuf_3_0__f_CLK_I/I (gf180mcu_fd_sc_mcu7t5v0__clkbuf_16)
     9    0.058179    0.123285    0.283678    0.613001 ^ clkbuf_3_0__f_CLK_I/Z (gf180mcu_fd_sc_mcu7t5v0__clkbuf_16)
                                                         clknet_3_0__leaf_CLK_I (net)
                      0.123287    0.000965    0.613966 ^ _901_/CLK (gf180mcu_fd_sc_mcu7t5v0__dffq_1)
     8    0.052179    0.882205    1.170257    1.784223 ^ _901_/Q (gf180mcu_fd_sc_mcu7t5v0__dffq_1)
                                                         i2c_sda_in_synchronised_internal (net)
                      0.882208    0.000972    1.785195 ^ _728_/A2 (gf180mcu_fd_sc_mcu7t5v0__aoi211_1)
     2    0.010740    0.366612    0.227338    2.012533 v _728_/ZN (gf180mcu_fd_sc_mcu7t5v0__aoi211_1)
                                                         _357_ (net)
                      0.366612    0.000163    2.012696 v _729_/C (gf180mcu_fd_sc_mcu7t5v0__aoi211_1)
     1    0.008957    0.615001    0.436105    2.448801 ^ _729_/ZN (gf180mcu_fd_sc_mcu7t5v0__aoi211_1)
                                                         _358_ (net)
                      0.615001    0.000210    2.449011 ^ _730_/A2 (gf180mcu_fd_sc_mcu7t5v0__aoi21_1)
     1    0.004306    0.202993    0.117396    2.566407 v _730_/ZN (gf180mcu_fd_sc_mcu7t5v0__aoi21_1)
                                                         _359_ (net)
                      0.202993    0.000083    2.566490 v _731_/A1 (gf180mcu_fd_sc_mcu7t5v0__and2_1)
     1    0.003210    0.100870    0.259026    2.825516 v _731_/Z (gf180mcu_fd_sc_mcu7t5v0__and2_1)
                                                         _043_ (net)
                      0.100870    0.000060    2.825576 v _830_/D (gf180mcu_fd_sc_mcu7t5v0__dffq_1)
                                              2.825576   data arrival time

                                  0.000000    0.000000   clock system_clock (rise edge)
                                  0.000000    0.000000   clock source latency
     1    0.036569    0.000000    0.000000    0.000000 ^ CLK_I (in)
                                                         CLK_I (net)
                      0.003416    0.001397    0.001397 ^ clkbuf_0_CLK_I/I (gf180mcu_fd_sc_mcu7t5v0__clkbuf_16)
     8    0.208905    0.257094    0.324176    0.325573 ^ clkbuf_0_CLK_I/Z (gf180mcu_fd_sc_mcu7t5v0__clkbuf_16)
                                                         clknet_0_CLK_I (net)
                      0.257119    0.003750    0.329323 ^ clkbuf_3_0__f_CLK_I/I (gf180mcu_fd_sc_mcu7t5v0__clkbuf_16)
     9    0.058179    0.123285    0.283678    0.613001 ^ clkbuf_3_0__f_CLK_I/Z (gf180mcu_fd_sc_mcu7t5v0__clkbuf_16)
                                                         clknet_3_0__leaf_CLK_I (net)
                      0.123287    0.001027    0.614028 ^ _830_/CLK (gf180mcu_fd_sc_mcu7t5v0__dffq_1)
                                  0.500000    1.114028   clock uncertainty
                                  0.000000    1.114028   clock reconvergence pessimism
                                  0.089652    1.203681   library hold time
                                              1.203681   data required time
---------------------------------------------------------------------------------------------
                                              1.203681   data required time
                                             -2.825576   data arrival time
---------------------------------------------------------------------------------------------
                                              1.621895   slack (MET)


Startpoint: _898_ (rising edge-triggered flip-flop clocked by system_clock)
Endpoint: _899_ (rising edge-triggered flip-flop clocked by system_clock)
Path Group: system_clock
Path Type: min

Fanout         Cap        Slew       Delay        Time   Description
---------------------------------------------------------------------------------------------
                                  0.000000    0.000000   clock system_clock (rise edge)
                                  0.000000    0.000000   clock source latency
     1    0.036569    0.000000    0.000000    0.000000 ^ CLK_I (in)
                                                         CLK_I (net)
                      0.003416    0.001397    0.001397 ^ clkbuf_0_CLK_I/I (gf180mcu_fd_sc_mcu7t5v0__clkbuf_16)
     8    0.208905    0.257094    0.324176    0.325573 ^ clkbuf_0_CLK_I/Z (gf180mcu_fd_sc_mcu7t5v0__clkbuf_16)
                                                         clknet_0_CLK_I (net)
                      0.257120    0.003840    0.329414 ^ clkbuf_3_2__f_CLK_I/I (gf180mcu_fd_sc_mcu7t5v0__clkbuf_16)
    14    0.060173    0.124970    0.284893    0.614307 ^ clkbuf_3_2__f_CLK_I/Z (gf180mcu_fd_sc_mcu7t5v0__clkbuf_16)
                                                         clknet_3_2__leaf_CLK_I (net)
                      0.124971    0.000806    0.615112 ^ _898_/CLK (gf180mcu_fd_sc_mcu7t5v0__dffq_1)
     1    0.004145    0.107403    0.647840    1.262953 v _898_/Q (gf180mcu_fd_sc_mcu7t5v0__dffq_1)
                                                         scl_synchroniser_internal[0] (net)
                      0.107403    0.000078    1.263031 v hold37/I (gf180mcu_fd_sc_mcu7t5v0__dlyc_1)
     1    0.003049    0.189770    1.638146    2.901177 v hold37/Z (gf180mcu_fd_sc_mcu7t5v0__dlyc_1)
                                                         net37 (net)
                      0.189770    0.000030    2.901207 v _899_/D (gf180mcu_fd_sc_mcu7t5v0__dffq_1)
                                              2.901207   data arrival time

                                  0.000000    0.000000   clock system_clock (rise edge)
                                  0.000000    0.000000   clock source latency
     1    0.036569    0.000000    0.000000    0.000000 ^ CLK_I (in)
                                                         CLK_I (net)
                      0.003416    0.001397    0.001397 ^ clkbuf_0_CLK_I/I (gf180mcu_fd_sc_mcu7t5v0__clkbuf_16)
     8    0.208905    0.257094    0.324176    0.325573 ^ clkbuf_0_CLK_I/Z (gf180mcu_fd_sc_mcu7t5v0__clkbuf_16)
                                                         clknet_0_CLK_I (net)
                      0.257120    0.003840    0.329414 ^ clkbuf_3_2__f_CLK_I/I (gf180mcu_fd_sc_mcu7t5v0__clkbuf_16)
    14    0.060173    0.124970    0.284893    0.614307 ^ clkbuf_3_2__f_CLK_I/Z (gf180mcu_fd_sc_mcu7t5v0__clkbuf_16)
                                                         clknet_3_2__leaf_CLK_I (net)
                      0.124972    0.001071    0.615378 ^ _899_/CLK (gf180mcu_fd_sc_mcu7t5v0__dffq_1)
                                  0.500000    1.115378   clock uncertainty
                                  0.000000    1.115378   clock reconvergence pessimism
                                  0.066507    1.181885   library hold time
                                              1.181885   data required time
---------------------------------------------------------------------------------------------
                                              1.181885   data required time
                                             -2.901207   data arrival time
---------------------------------------------------------------------------------------------
                                              1.719322   slack (MET)


Startpoint: _900_ (rising edge-triggered flip-flop clocked by system_clock)
Endpoint: _901_ (rising edge-triggered flip-flop clocked by system_clock)
Path Group: system_clock
Path Type: min

Fanout         Cap        Slew       Delay        Time   Description
---------------------------------------------------------------------------------------------
                                  0.000000    0.000000   clock system_clock (rise edge)
                                  0.000000    0.000000   clock source latency
     1    0.036569    0.000000    0.000000    0.000000 ^ CLK_I (in)
                                                         CLK_I (net)
                      0.003416    0.001397    0.001397 ^ clkbuf_0_CLK_I/I (gf180mcu_fd_sc_mcu7t5v0__clkbuf_16)
     8    0.208905    0.257094    0.324176    0.325573 ^ clkbuf_0_CLK_I/Z (gf180mcu_fd_sc_mcu7t5v0__clkbuf_16)
                                                         clknet_0_CLK_I (net)
                      0.257119    0.003750    0.329323 ^ clkbuf_3_0__f_CLK_I/I (gf180mcu_fd_sc_mcu7t5v0__clkbuf_16)
     9    0.058179    0.123285    0.283678    0.613001 ^ clkbuf_3_0__f_CLK_I/Z (gf180mcu_fd_sc_mcu7t5v0__clkbuf_16)
                                                         clknet_3_0__leaf_CLK_I (net)
                      0.123287    0.001044    0.614045 ^ _900_/CLK (gf180mcu_fd_sc_mcu7t5v0__dffq_1)
     1    0.004371    0.109333    0.649312    1.263357 v _900_/Q (gf180mcu_fd_sc_mcu7t5v0__dffq_1)
                                                         sda_synchroniser_internal[0] (net)
                      0.109333    0.000084    1.263442 v hold38/I (gf180mcu_fd_sc_mcu7t5v0__dlyc_1)
     1    0.003789    0.197843    1.647304    2.910745 v hold38/Z (gf180mcu_fd_sc_mcu7t5v0__dlyc_1)
                                                         net38 (net)
                      0.197843    0.000071    2.910816 v _901_/D (gf180mcu_fd_sc_mcu7t5v0__dffq_1)
                                              2.910816   data arrival time

                                  0.000000    0.000000   clock system_clock (rise edge)
                                  0.000000    0.000000   clock source latency
     1    0.036569    0.000000    0.000000    0.000000 ^ CLK_I (in)
                                                         CLK_I (net)
                      0.003416    0.001397    0.001397 ^ clkbuf_0_CLK_I/I (gf180mcu_fd_sc_mcu7t5v0__clkbuf_16)
     8    0.208905    0.257094    0.324176    0.325573 ^ clkbuf_0_CLK_I/Z (gf180mcu_fd_sc_mcu7t5v0__clkbuf_16)
                                                         clknet_0_CLK_I (net)
                      0.257119    0.003750    0.329323 ^ clkbuf_3_0__f_CLK_I/I (gf180mcu_fd_sc_mcu7t5v0__clkbuf_16)
     9    0.058179    0.123285    0.283678    0.613001 ^ clkbuf_3_0__f_CLK_I/Z (gf180mcu_fd_sc_mcu7t5v0__clkbuf_16)
                                                         clknet_3_0__leaf_CLK_I (net)
                      0.123287    0.000965    0.613966 ^ _901_/CLK (gf180mcu_fd_sc_mcu7t5v0__dffq_1)
                                  0.500000    1.113966   clock uncertainty
                                  0.000000    1.113966   clock reconvergence pessimism
                                  0.063862    1.177828   library hold time
                                              1.177828   data required time
---------------------------------------------------------------------------------------------
                                              1.177828   data required time
                                             -2.910816   data arrival time
---------------------------------------------------------------------------------------------
                                              1.732988   slack (MET)


Startpoint: _893_ (rising edge-triggered flip-flop clocked by system_clock)
Endpoint: _865_ (rising edge-triggered flip-flop clocked by system_clock)
Path Group: system_clock
Path Type: min

Fanout         Cap        Slew       Delay        Time   Description
---------------------------------------------------------------------------------------------
                                  0.000000    0.000000   clock system_clock (rise edge)
                                  0.000000    0.000000   clock source latency
     1    0.036569    0.000000    0.000000    0.000000 ^ CLK_I (in)
                                                         CLK_I (net)
                      0.003416    0.001397    0.001397 ^ clkbuf_0_CLK_I/I (gf180mcu_fd_sc_mcu7t5v0__clkbuf_16)
     8    0.208905    0.257094    0.324176    0.325573 ^ clkbuf_0_CLK_I/Z (gf180mcu_fd_sc_mcu7t5v0__clkbuf_16)
                                                         clknet_0_CLK_I (net)
                      0.257108    0.002826    0.328399 ^ clkbuf_3_5__f_CLK_I/I (gf180mcu_fd_sc_mcu7t5v0__clkbuf_16)
    11    0.066470    0.130403    0.289224    0.617624 ^ clkbuf_3_5__f_CLK_I/Z (gf180mcu_fd_sc_mcu7t5v0__clkbuf_16)
                                                         clknet_3_5__leaf_CLK_I (net)
                      0.130403    0.000341    0.617964 ^ _893_/CLK (gf180mcu_fd_sc_mcu7t5v0__dffq_1)
     5    0.030555    0.538412    0.972590    1.590554 ^ _893_/Q (gf180mcu_fd_sc_mcu7t5v0__dffq_1)
                                                         wb_master_subroutine_iteration[1] (net)
                      0.538412    0.000193    1.590747 ^ _792_/A3 (gf180mcu_fd_sc_mcu7t5v0__nor3_1)
     9    0.068971    1.220528    0.884700    2.475447 v _792_/ZN (gf180mcu_fd_sc_mcu7t5v0__nor3_1)
                                                         _395_ (net)
                      1.220555    0.003223    2.478670 v _811_/B (gf180mcu_fd_sc_mcu7t5v0__aoi21_1)
     1    0.006397    0.324483    0.406026    2.884696 ^ _811_/ZN (gf180mcu_fd_sc_mcu7t5v0__aoi21_1)
                                                         _405_ (net)
                      0.324483    0.000131    2.884828 ^ _812_/A2 (gf180mcu_fd_sc_mcu7t5v0__nor2_1)
     1    0.011328    0.257254    0.222132    3.106959 v _812_/ZN (gf180mcu_fd_sc_mcu7t5v0__nor2_1)
                                                         _078_ (net)
                      0.257255    0.000343    3.107302 v _865_/D (gf180mcu_fd_sc_mcu7t5v0__dffq_1)
                                              3.107302   data arrival time

                                  0.000000    0.000000   clock system_clock (rise edge)
                                  0.000000    0.000000   clock source latency
     1    0.036569    0.000000    0.000000    0.000000 ^ CLK_I (in)
                                                         CLK_I (net)
                      0.003416    0.001397    0.001397 ^ clkbuf_0_CLK_I/I (gf180mcu_fd_sc_mcu7t5v0__clkbuf_16)
     8    0.208905    0.257094    0.324176    0.325573 ^ clkbuf_0_CLK_I/Z (gf180mcu_fd_sc_mcu7t5v0__clkbuf_16)
                                                         clknet_0_CLK_I (net)
                      0.257138    0.004969    0.330543 ^ clkbuf_3_7__f_CLK_I/I (gf180mcu_fd_sc_mcu7t5v0__clkbuf_16)
    13    0.062541    0.127021    0.286568    0.617111 ^ clkbuf_3_7__f_CLK_I/Z (gf180mcu_fd_sc_mcu7t5v0__clkbuf_16)
                                                         clknet_3_7__leaf_CLK_I (net)
                      0.127023    0.000966    0.618077 ^ _865_/CLK (gf180mcu_fd_sc_mcu7t5v0__dffq_1)
                                  0.500000    1.118077   clock uncertainty
                                  0.000000    1.118077   clock reconvergence pessimism
                                  0.047243    1.165321   library hold time
                                              1.165321   data required time
---------------------------------------------------------------------------------------------
                                              1.165321   data required time
                                             -3.107302   data arrival time
---------------------------------------------------------------------------------------------
                                              1.941982   slack (MET)


Startpoint: _891_ (rising edge-triggered flip-flop clocked by system_clock)
Endpoint: _895_ (rising edge-triggered flip-flop clocked by system_clock)
Path Group: system_clock
Path Type: min

Fanout         Cap        Slew       Delay        Time   Description
---------------------------------------------------------------------------------------------
                                  0.000000    0.000000   clock system_clock (rise edge)
                                  0.000000    0.000000   clock source latency
     1    0.036569    0.000000    0.000000    0.000000 ^ CLK_I (in)
                                                         CLK_I (net)
                      0.003416    0.001397    0.001397 ^ clkbuf_0_CLK_I/I (gf180mcu_fd_sc_mcu7t5v0__clkbuf_16)
     8    0.208905    0.257094    0.324176    0.325573 ^ clkbuf_0_CLK_I/Z (gf180mcu_fd_sc_mcu7t5v0__clkbuf_16)
                                                         clknet_0_CLK_I (net)
                      0.257110    0.003015    0.328588 ^ clkbuf_3_1__f_CLK_I/I (gf180mcu_fd_sc_mcu7t5v0__clkbuf_16)
    12    0.063772    0.128092    0.287445    0.616033 ^ clkbuf_3_1__f_CLK_I/Z (gf180mcu_fd_sc_mcu7t5v0__clkbuf_16)
                                                         clknet_3_1__leaf_CLK_I (net)
                      0.128092    0.000541    0.616574 ^ _891_/CLK (gf180mcu_fd_sc_mcu7t5v0__dffq_1)
     1    0.004042    0.106522    0.647630    1.264205 v _891_/Q (gf180mcu_fd_sc_mcu7t5v0__dffq_1)
                                                         wb_master_next_state[1] (net)
                      0.106522    0.000078    1.264282 v hold40/I (gf180mcu_fd_sc_mcu7t5v0__dlyc_1)
     1    0.004804    0.208888    1.658299    2.922582 v hold40/Z (gf180mcu_fd_sc_mcu7t5v0__dlyc_1)
                                                         net40 (net)
                      0.208888    0.000049    2.922631 v _417_/I (gf180mcu_fd_sc_mcu7t5v0__clkinv_1)
     2    0.012621    0.256418    0.204694    3.127325 ^ _417_/ZN (gf180mcu_fd_sc_mcu7t5v0__clkinv_1)
                                                         _090_ (net)
                      0.256418    0.000253    3.127578 ^ _600_/A1 (gf180mcu_fd_sc_mcu7t5v0__nor2_1)
     1    0.003264    0.126016    0.106924    3.234502 v _600_/ZN (gf180mcu_fd_sc_mcu7t5v0__nor2_1)
                                                         _029_ (net)
                      0.126016    0.000060    3.234563 v _895_/D (gf180mcu_fd_sc_mcu7t5v0__dffq_1)
                                              3.234563   data arrival time

                                  0.000000    0.000000   clock system_clock (rise edge)
                                  0.000000    0.000000   clock source latency
     1    0.036569    0.000000    0.000000    0.000000 ^ CLK_I (in)
                                                         CLK_I (net)
                      0.003416    0.001397    0.001397 ^ clkbuf_0_CLK_I/I (gf180mcu_fd_sc_mcu7t5v0__clkbuf_16)
     8    0.208905    0.257094    0.324176    0.325573 ^ clkbuf_0_CLK_I/Z (gf180mcu_fd_sc_mcu7t5v0__clkbuf_16)
                                                         clknet_0_CLK_I (net)
                      0.257110    0.003015    0.328588 ^ clkbuf_3_1__f_CLK_I/I (gf180mcu_fd_sc_mcu7t5v0__clkbuf_16)
    12    0.063772    0.128092    0.287445    0.616033 ^ clkbuf_3_1__f_CLK_I/Z (gf180mcu_fd_sc_mcu7t5v0__clkbuf_16)
                                                         clknet_3_1__leaf_CLK_I (net)
                      0.128093    0.000676    0.616709 ^ _895_/CLK (gf180mcu_fd_sc_mcu7t5v0__dffq_1)
                                  0.500000    1.116709   clock uncertainty
                                  0.000000    1.116709   clock reconvergence pessimism
                                  0.084582    1.201291   library hold time
                                              1.201291   data required time
---------------------------------------------------------------------------------------------
                                              1.201291   data required time
                                             -3.234563   data arrival time
---------------------------------------------------------------------------------------------
                                              2.033271   slack (MET)


Startpoint: _890_ (rising edge-triggered flip-flop clocked by system_clock)
Endpoint: _894_ (rising edge-triggered flip-flop clocked by system_clock)
Path Group: system_clock
Path Type: min

Fanout         Cap        Slew       Delay        Time   Description
---------------------------------------------------------------------------------------------
                                  0.000000    0.000000   clock system_clock (rise edge)
                                  0.000000    0.000000   clock source latency
     1    0.036569    0.000000    0.000000    0.000000 ^ CLK_I (in)
                                                         CLK_I (net)
                      0.003416    0.001397    0.001397 ^ clkbuf_0_CLK_I/I (gf180mcu_fd_sc_mcu7t5v0__clkbuf_16)
     8    0.208905    0.257094    0.324176    0.325573 ^ clkbuf_0_CLK_I/Z (gf180mcu_fd_sc_mcu7t5v0__clkbuf_16)
                                                         clknet_0_CLK_I (net)
                      0.257110    0.003015    0.328588 ^ clkbuf_3_1__f_CLK_I/I (gf180mcu_fd_sc_mcu7t5v0__clkbuf_16)
    12    0.063772    0.128092    0.287445    0.616033 ^ clkbuf_3_1__f_CLK_I/Z (gf180mcu_fd_sc_mcu7t5v0__clkbuf_16)
                                                         clknet_3_1__leaf_CLK_I (net)
                      0.128093    0.000571    0.616605 ^ _890_/CLK (gf180mcu_fd_sc_mcu7t5v0__dffq_1)
     1    0.004360    0.109240    0.650181    1.266786 v _890_/Q (gf180mcu_fd_sc_mcu7t5v0__dffq_1)
                                                         wb_master_next_state[0] (net)
                      0.109240    0.000081    1.266867 v hold42/I (gf180mcu_fd_sc_mcu7t5v0__dlyc_1)
     1    0.004711    0.207874    1.658001    2.924868 v hold42/Z (gf180mcu_fd_sc_mcu7t5v0__dlyc_1)
                                                         net42 (net)
                      0.207874    0.000046    2.924914 v _418_/I (gf180mcu_fd_sc_mcu7t5v0__clkinv_1)
     2    0.013944    0.275825    0.216815    3.141729 ^ _418_/ZN (gf180mcu_fd_sc_mcu7t5v0__clkinv_1)
                                                         _091_ (net)
                      0.275825    0.000105    3.141834 ^ _596_/A1 (gf180mcu_fd_sc_mcu7t5v0__nor2_1)
     1    0.003285    0.130750    0.108864    3.250698 v _596_/ZN (gf180mcu_fd_sc_mcu7t5v0__nor2_1)
                                                         _028_ (net)
                      0.130750    0.000034    3.250732 v _894_/D (gf180mcu_fd_sc_mcu7t5v0__dffq_1)
                                              3.250732   data arrival time

                                  0.000000    0.000000   clock system_clock (rise edge)
                                  0.000000    0.000000   clock source latency
     1    0.036569    0.000000    0.000000    0.000000 ^ CLK_I (in)
                                                         CLK_I (net)
                      0.003416    0.001397    0.001397 ^ clkbuf_0_CLK_I/I (gf180mcu_fd_sc_mcu7t5v0__clkbuf_16)
     8    0.208905    0.257094    0.324176    0.325573 ^ clkbuf_0_CLK_I/Z (gf180mcu_fd_sc_mcu7t5v0__clkbuf_16)
                                                         clknet_0_CLK_I (net)
                      0.257111    0.003086    0.328659 ^ clkbuf_3_4__f_CLK_I/I (gf180mcu_fd_sc_mcu7t5v0__clkbuf_16)
    10    0.071121    0.134332    0.292100    0.620760 ^ clkbuf_3_4__f_CLK_I/Z (gf180mcu_fd_sc_mcu7t5v0__clkbuf_16)
                                                         clknet_3_4__leaf_CLK_I (net)
                      0.134336    0.001278    0.622038 ^ _894_/CLK (gf180mcu_fd_sc_mcu7t5v0__dffq_1)
                                  0.500000    1.122038   clock uncertainty
                                  0.000000    1.122038   clock reconvergence pessimism
                                  0.084522    1.206561   library hold time
                                              1.206561   data required time
---------------------------------------------------------------------------------------------
                                              1.206561   data required time
                                             -3.250732   data arrival time
---------------------------------------------------------------------------------------------
                                              2.044171   slack (MET)


Startpoint: _830_ (rising edge-triggered flip-flop clocked by system_clock)
Endpoint: _845_ (rising edge-triggered flip-flop clocked by system_clock)
Path Group: system_clock
Path Type: min

Fanout         Cap        Slew       Delay        Time   Description
---------------------------------------------------------------------------------------------
                                  0.000000    0.000000   clock system_clock (rise edge)
                                  0.000000    0.000000   clock source latency
     1    0.036569    0.000000    0.000000    0.000000 ^ CLK_I (in)
                                                         CLK_I (net)
                      0.003416    0.001397    0.001397 ^ clkbuf_0_CLK_I/I (gf180mcu_fd_sc_mcu7t5v0__clkbuf_16)
     8    0.208905    0.257094    0.324176    0.325573 ^ clkbuf_0_CLK_I/Z (gf180mcu_fd_sc_mcu7t5v0__clkbuf_16)
                                                         clknet_0_CLK_I (net)
                      0.257119    0.003750    0.329323 ^ clkbuf_3_0__f_CLK_I/I (gf180mcu_fd_sc_mcu7t5v0__clkbuf_16)
     9    0.058179    0.123285    0.283678    0.613001 ^ clkbuf_3_0__f_CLK_I/Z (gf180mcu_fd_sc_mcu7t5v0__clkbuf_16)
                                                         clknet_3_0__leaf_CLK_I (net)
                      0.123287    0.001027    0.614028 ^ _830_/CLK (gf180mcu_fd_sc_mcu7t5v0__dffq_1)
     1    0.005611    0.119921    0.659223    1.273251 v _830_/Q (gf180mcu_fd_sc_mcu7t5v0__dffq_1)
                                                         i2c_next_state[1] (net)
                      0.119921    0.000121    1.273372 v hold41/I (gf180mcu_fd_sc_mcu7t5v0__dlyc_1)
     1    0.006889    0.231473    1.686409    2.959781 v hold41/Z (gf180mcu_fd_sc_mcu7t5v0__dlyc_1)
                                                         net41 (net)
                      0.231473    0.000146    2.959927 v _415_/I (gf180mcu_fd_sc_mcu7t5v0__clkinv_1)
     2    0.011992    0.250482    0.205133    3.165060 ^ _415_/ZN (gf180mcu_fd_sc_mcu7t5v0__clkinv_1)
                                                         _088_ (net)
                      0.250482    0.000217    3.165277 ^ _772_/A1 (gf180mcu_fd_sc_mcu7t5v0__nor2_1)
     1    0.002954    0.121212    0.102921    3.268199 v _772_/ZN (gf180mcu_fd_sc_mcu7t5v0__nor2_1)
                                                         _058_ (net)
                      0.121212    0.000028    3.268227 v _845_/D (gf180mcu_fd_sc_mcu7t5v0__dffq_1)
                                              3.268227   data arrival time

                                  0.000000    0.000000   clock system_clock (rise edge)
                                  0.000000    0.000000   clock source latency
     1    0.036569    0.000000    0.000000    0.000000 ^ CLK_I (in)
                                                         CLK_I (net)
                      0.003416    0.001397    0.001397 ^ clkbuf_0_CLK_I/I (gf180mcu_fd_sc_mcu7t5v0__clkbuf_16)
     8    0.208905    0.257094    0.324176    0.325573 ^ clkbuf_0_CLK_I/Z (gf180mcu_fd_sc_mcu7t5v0__clkbuf_16)
                                                         clknet_0_CLK_I (net)
                      0.257119    0.003750    0.329323 ^ clkbuf_3_0__f_CLK_I/I (gf180mcu_fd_sc_mcu7t5v0__clkbuf_16)
     9    0.058179    0.123285    0.283678    0.613001 ^ clkbuf_3_0__f_CLK_I/Z (gf180mcu_fd_sc_mcu7t5v0__clkbuf_16)
                                                         clknet_3_0__leaf_CLK_I (net)
                      0.123287    0.001024    0.614025 ^ _845_/CLK (gf180mcu_fd_sc_mcu7t5v0__dffq_1)
                                  0.500000    1.114025   clock uncertainty
                                  0.000000    1.114025   clock reconvergence pessimism
                                  0.084891    1.198916   library hold time
                                              1.198916   data required time
---------------------------------------------------------------------------------------------
                                              1.198916   data required time
                                             -3.268227   data arrival time
---------------------------------------------------------------------------------------------
                                              2.069311   slack (MET)


Startpoint: _831_ (rising edge-triggered flip-flop clocked by system_clock)
Endpoint: _844_ (rising edge-triggered flip-flop clocked by system_clock)
Path Group: system_clock
Path Type: min

Fanout         Cap        Slew       Delay        Time   Description
---------------------------------------------------------------------------------------------
                                  0.000000    0.000000   clock system_clock (rise edge)
                                  0.000000    0.000000   clock source latency
     1    0.036569    0.000000    0.000000    0.000000 ^ CLK_I (in)
                                                         CLK_I (net)
                      0.003416    0.001397    0.001397 ^ clkbuf_0_CLK_I/I (gf180mcu_fd_sc_mcu7t5v0__clkbuf_16)
     8    0.208905    0.257094    0.324176    0.325573 ^ clkbuf_0_CLK_I/Z (gf180mcu_fd_sc_mcu7t5v0__clkbuf_16)
                                                         clknet_0_CLK_I (net)
                      0.257119    0.003750    0.329323 ^ clkbuf_3_0__f_CLK_I/I (gf180mcu_fd_sc_mcu7t5v0__clkbuf_16)
     9    0.058179    0.123285    0.283678    0.613001 ^ clkbuf_3_0__f_CLK_I/Z (gf180mcu_fd_sc_mcu7t5v0__clkbuf_16)
                                                         clknet_3_0__leaf_CLK_I (net)
                      0.123286    0.000749    0.613750 ^ _831_/CLK (gf180mcu_fd_sc_mcu7t5v0__dffq_1)
     1    0.003183    0.099183    0.639809    1.253559 v _831_/Q (gf180mcu_fd_sc_mcu7t5v0__dffq_1)
                                                         i2c_next_state[0] (net)
                      0.099183    0.000031    1.253590 v hold45/I (gf180mcu_fd_sc_mcu7t5v0__dlyc_1)
     2    0.010889    0.271973    1.720818    2.974408 v hold45/Z (gf180mcu_fd_sc_mcu7t5v0__dlyc_1)
                                                         net45 (net)
                      0.271973    0.000143    2.974551 v _771_/A2 (gf180mcu_fd_sc_mcu7t5v0__and2_1)
     1    0.004155    0.115280    0.306244    3.280795 v _771_/Z (gf180mcu_fd_sc_mcu7t5v0__and2_1)
                                                         _057_ (net)
                      0.115280    0.000079    3.280874 v _844_/D (gf180mcu_fd_sc_mcu7t5v0__dffq_1)
                                              3.280874   data arrival time

                                  0.000000    0.000000   clock system_clock (rise edge)
                                  0.000000    0.000000   clock source latency
     1    0.036569    0.000000    0.000000    0.000000 ^ CLK_I (in)
                                                         CLK_I (net)
                      0.003416    0.001397    0.001397 ^ clkbuf_0_CLK_I/I (gf180mcu_fd_sc_mcu7t5v0__clkbuf_16)
     8    0.208905    0.257094    0.324176    0.325573 ^ clkbuf_0_CLK_I/Z (gf180mcu_fd_sc_mcu7t5v0__clkbuf_16)
                                                         clknet_0_CLK_I (net)
                      0.257119    0.003750    0.329323 ^ clkbuf_3_0__f_CLK_I/I (gf180mcu_fd_sc_mcu7t5v0__clkbuf_16)
     9    0.058179    0.123285    0.283678    0.613001 ^ clkbuf_3_0__f_CLK_I/Z (gf180mcu_fd_sc_mcu7t5v0__clkbuf_16)
                                                         clknet_3_0__leaf_CLK_I (net)
                      0.123286    0.000763    0.613764 ^ _844_/CLK (gf180mcu_fd_sc_mcu7t5v0__dffq_1)
                                  0.500000    1.113764   clock uncertainty
                                  0.000000    1.113764   clock reconvergence pessimism
                                  0.086279    1.200043   library hold time
                                              1.200043   data required time
---------------------------------------------------------------------------------------------
                                              1.200043   data required time
                                             -3.280874   data arrival time
---------------------------------------------------------------------------------------------
                                              2.080831   slack (MET)


Startpoint: i2c_scl_in (input port clocked by system_clock)
Endpoint: _898_ (rising edge-triggered flip-flop clocked by system_clock)
Path Group: system_clock
Path Type: min

Fanout         Cap        Slew       Delay        Time   Description
---------------------------------------------------------------------------------------------
                                  0.000000    0.000000   clock system_clock (rise edge)
                                  0.000000    0.000000   clock network delay (propagated)
                                 20.000000   20.000000 ^ input external delay
     1    0.004494    0.000000    0.000000   20.000000 ^ i2c_scl_in (in)
                                                         i2c_scl_in (net)
                      0.000090    0.000037   20.000038 ^ input11/I (gf180mcu_fd_sc_mcu7t5v0__dlyb_1)
     1    0.003337    0.143220    0.840492   20.840530 ^ input11/Z (gf180mcu_fd_sc_mcu7t5v0__dlyb_1)
                                                         net11 (net)
                      0.143220    0.000060   20.840590 ^ _898_/D (gf180mcu_fd_sc_mcu7t5v0__dffq_1)
                                             20.840590   data arrival time

                                  0.000000    0.000000   clock system_clock (rise edge)
                                  0.000000    0.000000   clock source latency
     1    0.036569    0.000000    0.000000    0.000000 ^ CLK_I (in)
                                                         CLK_I (net)
                      0.003416    0.001397    0.001397 ^ clkbuf_0_CLK_I/I (gf180mcu_fd_sc_mcu7t5v0__clkbuf_16)
     8    0.208905    0.257094    0.324176    0.325573 ^ clkbuf_0_CLK_I/Z (gf180mcu_fd_sc_mcu7t5v0__clkbuf_16)
                                                         clknet_0_CLK_I (net)
                      0.257120    0.003840    0.329414 ^ clkbuf_3_2__f_CLK_I/I (gf180mcu_fd_sc_mcu7t5v0__clkbuf_16)
    14    0.060173    0.124970    0.284893    0.614307 ^ clkbuf_3_2__f_CLK_I/Z (gf180mcu_fd_sc_mcu7t5v0__clkbuf_16)
                                                         clknet_3_2__leaf_CLK_I (net)
                      0.124971    0.000806    0.615112 ^ _898_/CLK (gf180mcu_fd_sc_mcu7t5v0__dffq_1)
                                  0.500000    1.115112   clock uncertainty
                                  0.000000    1.115112   clock reconvergence pessimism
                                  0.044159    1.159271   library hold time
                                              1.159271   data required time
---------------------------------------------------------------------------------------------
                                              1.159271   data required time
                                            -20.840590   data arrival time
---------------------------------------------------------------------------------------------
                                             19.681318   slack (MET)


Startpoint: i2c_sda_in (input port clocked by system_clock)
Endpoint: _900_ (rising edge-triggered flip-flop clocked by system_clock)
Path Group: system_clock
Path Type: min

Fanout         Cap        Slew       Delay        Time   Description
---------------------------------------------------------------------------------------------
                                  0.000000    0.000000   clock system_clock (rise edge)
                                  0.000000    0.000000   clock network delay (propagated)
                                 20.000000   20.000000 ^ input external delay
     1    0.003715    0.000000    0.000000   20.000000 ^ i2c_sda_in (in)
                                                         i2c_sda_in (net)
                      0.000066    0.000027   20.000027 ^ input12/I (gf180mcu_fd_sc_mcu7t5v0__dlyb_1)
     1    0.003741    0.148899    0.844661   20.844688 ^ input12/Z (gf180mcu_fd_sc_mcu7t5v0__dlyb_1)
                                                         net12 (net)
                      0.148899    0.000041   20.844728 ^ _900_/D (gf180mcu_fd_sc_mcu7t5v0__dffq_1)
                                             20.844728   data arrival time

                                  0.000000    0.000000   clock system_clock (rise edge)
                                  0.000000    0.000000   clock source latency
     1    0.036569    0.000000    0.000000    0.000000 ^ CLK_I (in)
                                                         CLK_I (net)
                      0.003416    0.001397    0.001397 ^ clkbuf_0_CLK_I/I (gf180mcu_fd_sc_mcu7t5v0__clkbuf_16)
     8    0.208905    0.257094    0.324176    0.325573 ^ clkbuf_0_CLK_I/Z (gf180mcu_fd_sc_mcu7t5v0__clkbuf_16)
                                                         clknet_0_CLK_I (net)
                      0.257119    0.003750    0.329323 ^ clkbuf_3_0__f_CLK_I/I (gf180mcu_fd_sc_mcu7t5v0__clkbuf_16)
     9    0.058179    0.123285    0.283678    0.613001 ^ clkbuf_3_0__f_CLK_I/Z (gf180mcu_fd_sc_mcu7t5v0__clkbuf_16)
                                                         clknet_3_0__leaf_CLK_I (net)
                      0.123287    0.001044    0.614045 ^ _900_/CLK (gf180mcu_fd_sc_mcu7t5v0__dffq_1)
                                  0.500000    1.114045   clock uncertainty
                                  0.000000    1.114045   clock reconvergence pessimism
                                  0.043712    1.157757   library hold time
                                              1.157757   data required time
---------------------------------------------------------------------------------------------
                                              1.157757   data required time
                                            -20.844728   data arrival time
---------------------------------------------------------------------------------------------
                                             19.686972   slack (MET)


Startpoint: _856_ (rising edge-triggered flip-flop clocked by system_clock)
Endpoint: DAT_O[0] (output port clocked by system_clock)
Path Group: system_clock
Path Type: min

Fanout         Cap        Slew       Delay        Time   Description
---------------------------------------------------------------------------------------------
                                  0.000000    0.000000   clock system_clock (rise edge)
                                  0.000000    0.000000   clock source latency
     1    0.036569    0.000000    0.000000    0.000000 ^ CLK_I (in)
                                                         CLK_I (net)
                      0.003416    0.001397    0.001397 ^ clkbuf_0_CLK_I/I (gf180mcu_fd_sc_mcu7t5v0__clkbuf_16)
     8    0.208905    0.257094    0.324176    0.325573 ^ clkbuf_0_CLK_I/Z (gf180mcu_fd_sc_mcu7t5v0__clkbuf_16)
                                                         clknet_0_CLK_I (net)
                      0.257108    0.002826    0.328399 ^ clkbuf_3_5__f_CLK_I/I (gf180mcu_fd_sc_mcu7t5v0__clkbuf_16)
    11    0.066470    0.130403    0.289224    0.617624 ^ clkbuf_3_5__f_CLK_I/Z (gf180mcu_fd_sc_mcu7t5v0__clkbuf_16)
                                                         clknet_3_5__leaf_CLK_I (net)
                      0.130403    0.000467    0.618091 ^ _856_/CLK (gf180mcu_fd_sc_mcu7t5v0__dffq_1)
     2    0.007027    0.132047    0.671996    1.290087 v _856_/Q (gf180mcu_fd_sc_mcu7t5v0__dffq_1)
                                                         net22 (net)
                      0.132047    0.000049    1.290136 v output22/I (gf180mcu_fd_sc_mcu7t5v0__dlyb_1)
     1    0.000671    0.152497    0.921272    2.211408 v output22/Z (gf180mcu_fd_sc_mcu7t5v0__dlyb_1)
                                                         DAT_O[0] (net)
                      0.152497    0.000004    2.211412 v DAT_O[0] (out)
                                              2.211412   data arrival time

                                  0.000000    0.000000   clock system_clock (rise edge)
                                  0.000000    0.000000   clock network delay (propagated)
                                  0.500000    0.500000   clock uncertainty
                                  0.000000    0.500000   clock reconvergence pessimism
                                -20.000000  -19.500000   output external delay
                                            -19.500000   data required time
---------------------------------------------------------------------------------------------
                                            -19.500000   data required time
                                             -2.211412   data arrival time
---------------------------------------------------------------------------------------------
                                             21.711412   slack (MET)


Startpoint: _857_ (rising edge-triggered flip-flop clocked by system_clock)
Endpoint: DAT_O[1] (output port clocked by system_clock)
Path Group: system_clock
Path Type: min

Fanout         Cap        Slew       Delay        Time   Description
---------------------------------------------------------------------------------------------
                                  0.000000    0.000000   clock system_clock (rise edge)
                                  0.000000    0.000000   clock source latency
     1    0.036569    0.000000    0.000000    0.000000 ^ CLK_I (in)
                                                         CLK_I (net)
                      0.003416    0.001397    0.001397 ^ clkbuf_0_CLK_I/I (gf180mcu_fd_sc_mcu7t5v0__clkbuf_16)
     8    0.208905    0.257094    0.324176    0.325573 ^ clkbuf_0_CLK_I/Z (gf180mcu_fd_sc_mcu7t5v0__clkbuf_16)
                                                         clknet_0_CLK_I (net)
                      0.257138    0.004969    0.330543 ^ clkbuf_3_7__f_CLK_I/I (gf180mcu_fd_sc_mcu7t5v0__clkbuf_16)
    13    0.062541    0.127021    0.286568    0.617111 ^ clkbuf_3_7__f_CLK_I/Z (gf180mcu_fd_sc_mcu7t5v0__clkbuf_16)
                                                         clknet_3_7__leaf_CLK_I (net)
                      0.127021    0.000404    0.617515 ^ _857_/CLK (gf180mcu_fd_sc_mcu7t5v0__dffq_1)
     2    0.007139    0.133012    0.672224    1.289739 v _857_/Q (gf180mcu_fd_sc_mcu7t5v0__dffq_1)
                                                         net23 (net)
                      0.133012    0.000086    1.289825 v output23/I (gf180mcu_fd_sc_mcu7t5v0__dlyb_1)
     1    0.001117    0.159128    0.927962    2.217787 v output23/Z (gf180mcu_fd_sc_mcu7t5v0__dlyb_1)
                                                         DAT_O[1] (net)
                      0.159128    0.000008    2.217795 v DAT_O[1] (out)
                                              2.217795   data arrival time

                                  0.000000    0.000000   clock system_clock (rise edge)
                                  0.000000    0.000000   clock network delay (propagated)
                                  0.500000    0.500000   clock uncertainty
                                  0.000000    0.500000   clock reconvergence pessimism
                                -20.000000  -19.500000   output external delay
                                            -19.500000   data required time
---------------------------------------------------------------------------------------------
                                            -19.500000   data required time
                                             -2.217795   data arrival time
---------------------------------------------------------------------------------------------
                                             21.717796   slack (MET)


Startpoint: _858_ (rising edge-triggered flip-flop clocked by system_clock)
Endpoint: DAT_O[2] (output port clocked by system_clock)
Path Group: system_clock
Path Type: min

Fanout         Cap        Slew       Delay        Time   Description
---------------------------------------------------------------------------------------------
                                  0.000000    0.000000   clock system_clock (rise edge)
                                  0.000000    0.000000   clock source latency
     1    0.036569    0.000000    0.000000    0.000000 ^ CLK_I (in)
                                                         CLK_I (net)
                      0.003416    0.001397    0.001397 ^ clkbuf_0_CLK_I/I (gf180mcu_fd_sc_mcu7t5v0__clkbuf_16)
     8    0.208905    0.257094    0.324176    0.325573 ^ clkbuf_0_CLK_I/Z (gf180mcu_fd_sc_mcu7t5v0__clkbuf_16)
                                                         clknet_0_CLK_I (net)
                      0.257138    0.004969    0.330543 ^ clkbuf_3_7__f_CLK_I/I (gf180mcu_fd_sc_mcu7t5v0__clkbuf_16)
    13    0.062541    0.127021    0.286568    0.617111 ^ clkbuf_3_7__f_CLK_I/Z (gf180mcu_fd_sc_mcu7t5v0__clkbuf_16)
                                                         clknet_3_7__leaf_CLK_I (net)
                      0.127021    0.000367    0.617478 ^ _858_/CLK (gf180mcu_fd_sc_mcu7t5v0__dffq_1)
     2    0.008404    0.144810    0.682303    1.299781 v _858_/Q (gf180mcu_fd_sc_mcu7t5v0__dffq_1)
                                                         net24 (net)
                      0.144810    0.000145    1.299926 v output24/I (gf180mcu_fd_sc_mcu7t5v0__dlyb_1)
     1    0.001203    0.160387    0.932732    2.232658 v output24/Z (gf180mcu_fd_sc_mcu7t5v0__dlyb_1)
                                                         DAT_O[2] (net)
                      0.160387    0.000008    2.232666 v DAT_O[2] (out)
                                              2.232666   data arrival time

                                  0.000000    0.000000   clock system_clock (rise edge)
                                  0.000000    0.000000   clock network delay (propagated)
                                  0.500000    0.500000   clock uncertainty
                                  0.000000    0.500000   clock reconvergence pessimism
                                -20.000000  -19.500000   output external delay
                                            -19.500000   data required time
---------------------------------------------------------------------------------------------
                                            -19.500000   data required time
                                             -2.232666   data arrival time
---------------------------------------------------------------------------------------------
                                             21.732666   slack (MET)


Startpoint: _848_ (rising edge-triggered flip-flop clocked by system_clock)
Endpoint: ADDR_O[0] (output port clocked by system_clock)
Path Group: system_clock
Path Type: min

Fanout         Cap        Slew       Delay        Time   Description
---------------------------------------------------------------------------------------------
                                  0.000000    0.000000   clock system_clock (rise edge)
                                  0.000000    0.000000   clock source latency
     1    0.036569    0.000000    0.000000    0.000000 ^ CLK_I (in)
                                                         CLK_I (net)
                      0.003416    0.001397    0.001397 ^ clkbuf_0_CLK_I/I (gf180mcu_fd_sc_mcu7t5v0__clkbuf_16)
     8    0.208905    0.257094    0.324176    0.325573 ^ clkbuf_0_CLK_I/Z (gf180mcu_fd_sc_mcu7t5v0__clkbuf_16)
                                                         clknet_0_CLK_I (net)
                      0.257111    0.003086    0.328659 ^ clkbuf_3_4__f_CLK_I/I (gf180mcu_fd_sc_mcu7t5v0__clkbuf_16)
    10    0.071121    0.134332    0.292100    0.620760 ^ clkbuf_3_4__f_CLK_I/Z (gf180mcu_fd_sc_mcu7t5v0__clkbuf_16)
                                                         clknet_3_4__leaf_CLK_I (net)
                      0.134335    0.001080    0.621840 ^ _848_/CLK (gf180mcu_fd_sc_mcu7t5v0__dffq_1)
     2    0.006233    0.166140    0.750454    1.372294 ^ _848_/Q (gf180mcu_fd_sc_mcu7t5v0__dffq_1)
                                                         net13 (net)
                      0.166140    0.000103    1.372396 ^ output13/I (gf180mcu_fd_sc_mcu7t5v0__dlyb_1)
     1    0.002946    0.138021    0.863080    2.235476 ^ output13/Z (gf180mcu_fd_sc_mcu7t5v0__dlyb_1)
                                                         ADDR_O[0] (net)
                      0.138021    0.000032    2.235508 ^ ADDR_O[0] (out)
                                              2.235508   data arrival time

                                  0.000000    0.000000   clock system_clock (rise edge)
                                  0.000000    0.000000   clock network delay (propagated)
                                  0.500000    0.500000   clock uncertainty
                                  0.000000    0.500000   clock reconvergence pessimism
                                -20.000000  -19.500000   output external delay
                                            -19.500000   data required time
---------------------------------------------------------------------------------------------
                                            -19.500000   data required time
                                             -2.235508   data arrival time
---------------------------------------------------------------------------------------------
                                             21.735508   slack (MET)


Startpoint: _865_ (rising edge-triggered flip-flop clocked by system_clock)
Endpoint: WE_O (output port clocked by system_clock)
Path Group: system_clock
Path Type: min

Fanout         Cap        Slew       Delay        Time   Description
---------------------------------------------------------------------------------------------
                                  0.000000    0.000000   clock system_clock (rise edge)
                                  0.000000    0.000000   clock source latency
     1    0.036569    0.000000    0.000000    0.000000 ^ CLK_I (in)
                                                         CLK_I (net)
                      0.003416    0.001397    0.001397 ^ clkbuf_0_CLK_I/I (gf180mcu_fd_sc_mcu7t5v0__clkbuf_16)
     8    0.208905    0.257094    0.324176    0.325573 ^ clkbuf_0_CLK_I/Z (gf180mcu_fd_sc_mcu7t5v0__clkbuf_16)
                                                         clknet_0_CLK_I (net)
                      0.257138    0.004969    0.330543 ^ clkbuf_3_7__f_CLK_I/I (gf180mcu_fd_sc_mcu7t5v0__clkbuf_16)
    13    0.062541    0.127021    0.286568    0.617111 ^ clkbuf_3_7__f_CLK_I/Z (gf180mcu_fd_sc_mcu7t5v0__clkbuf_16)
                                                         clknet_3_7__leaf_CLK_I (net)
                      0.127023    0.000966    0.618077 ^ _865_/CLK (gf180mcu_fd_sc_mcu7t5v0__dffq_1)
     2    0.008828    0.148342    0.685199    1.303276 v _865_/Q (gf180mcu_fd_sc_mcu7t5v0__dffq_1)
                                                         net31 (net)
                      0.148342    0.000128    1.303404 v output31/I (gf180mcu_fd_sc_mcu7t5v0__dlyb_1)
     1    0.001110    0.159025    0.932660    2.236063 v output31/Z (gf180mcu_fd_sc_mcu7t5v0__dlyb_1)
                                                         WE_O (net)
                      0.159025    0.000008    2.236071 v WE_O (out)
                                              2.236071   data arrival time

                                  0.000000    0.000000   clock system_clock (rise edge)
                                  0.000000    0.000000   clock network delay (propagated)
                                  0.500000    0.500000   clock uncertainty
                                  0.000000    0.500000   clock reconvergence pessimism
                                -20.000000  -19.500000   output external delay
                                            -19.500000   data required time
---------------------------------------------------------------------------------------------
                                            -19.500000   data required time
                                             -2.236071   data arrival time
---------------------------------------------------------------------------------------------
                                             21.736071   slack (MET)


Startpoint: _859_ (rising edge-triggered flip-flop clocked by system_clock)
Endpoint: DAT_O[3] (output port clocked by system_clock)
Path Group: system_clock
Path Type: min

Fanout         Cap        Slew       Delay        Time   Description
---------------------------------------------------------------------------------------------
                                  0.000000    0.000000   clock system_clock (rise edge)
                                  0.000000    0.000000   clock source latency
     1    0.036569    0.000000    0.000000    0.000000 ^ CLK_I (in)
                                                         CLK_I (net)
                      0.003416    0.001397    0.001397 ^ clkbuf_0_CLK_I/I (gf180mcu_fd_sc_mcu7t5v0__clkbuf_16)
     8    0.208905    0.257094    0.324176    0.325573 ^ clkbuf_0_CLK_I/Z (gf180mcu_fd_sc_mcu7t5v0__clkbuf_16)
                                                         clknet_0_CLK_I (net)
                      0.257138    0.004969    0.330543 ^ clkbuf_3_7__f_CLK_I/I (gf180mcu_fd_sc_mcu7t5v0__clkbuf_16)
    13    0.062541    0.127021    0.286568    0.617111 ^ clkbuf_3_7__f_CLK_I/Z (gf180mcu_fd_sc_mcu7t5v0__clkbuf_16)
                                                         clknet_3_7__leaf_CLK_I (net)
                      0.127021    0.000344    0.617455 ^ _859_/CLK (gf180mcu_fd_sc_mcu7t5v0__dffq_1)
     2    0.010115    0.158959    0.693809    1.311265 v _859_/Q (gf180mcu_fd_sc_mcu7t5v0__dffq_1)
                                                         net25 (net)
                      0.158959    0.000142    1.311407 v output25/I (gf180mcu_fd_sc_mcu7t5v0__dlyb_1)
     1    0.001615    0.166402    0.943651    2.255057 v output25/Z (gf180mcu_fd_sc_mcu7t5v0__dlyb_1)
                                                         DAT_O[3] (net)
                      0.166402    0.000013    2.255070 v DAT_O[3] (out)
                                              2.255070   data arrival time

                                  0.000000    0.000000   clock system_clock (rise edge)
                                  0.000000    0.000000   clock network delay (propagated)
                                  0.500000    0.500000   clock uncertainty
                                  0.000000    0.500000   clock reconvergence pessimism
                                -20.000000  -19.500000   output external delay
                                            -19.500000   data required time
---------------------------------------------------------------------------------------------
                                            -19.500000   data required time
                                             -2.255070   data arrival time
---------------------------------------------------------------------------------------------
                                             21.755072   slack (MET)


Startpoint: _861_ (rising edge-triggered flip-flop clocked by system_clock)
Endpoint: DAT_O[5] (output port clocked by system_clock)
Path Group: system_clock
Path Type: min

Fanout         Cap        Slew       Delay        Time   Description
---------------------------------------------------------------------------------------------
                                  0.000000    0.000000   clock system_clock (rise edge)
                                  0.000000    0.000000   clock source latency
     1    0.036569    0.000000    0.000000    0.000000 ^ CLK_I (in)
                                                         CLK_I (net)
                      0.003416    0.001397    0.001397 ^ clkbuf_0_CLK_I/I (gf180mcu_fd_sc_mcu7t5v0__clkbuf_16)
     8    0.208905    0.257094    0.324176    0.325573 ^ clkbuf_0_CLK_I/Z (gf180mcu_fd_sc_mcu7t5v0__clkbuf_16)
                                                         clknet_0_CLK_I (net)
                      0.257138    0.004969    0.330543 ^ clkbuf_3_7__f_CLK_I/I (gf180mcu_fd_sc_mcu7t5v0__clkbuf_16)
    13    0.062541    0.127021    0.286568    0.617111 ^ clkbuf_3_7__f_CLK_I/Z (gf180mcu_fd_sc_mcu7t5v0__clkbuf_16)
                                                         clknet_3_7__leaf_CLK_I (net)
                      0.127022    0.000803    0.617914 ^ _861_/CLK (gf180mcu_fd_sc_mcu7t5v0__dffq_1)
     2    0.008897    0.204384    0.774442    1.392356 ^ _861_/Q (gf180mcu_fd_sc_mcu7t5v0__dffq_1)
                                                         net27 (net)
                      0.204384    0.000150    1.392506 ^ output27/I (gf180mcu_fd_sc_mcu7t5v0__dlyb_1)
     1    0.002795    0.135864    0.865698    2.258204 ^ output27/Z (gf180mcu_fd_sc_mcu7t5v0__dlyb_1)
                                                         DAT_O[5] (net)
                      0.135864    0.000033    2.258237 ^ DAT_O[5] (out)
                                              2.258237   data arrival time

                                  0.000000    0.000000   clock system_clock (rise edge)
                                  0.000000    0.000000   clock network delay (propagated)
                                  0.500000    0.500000   clock uncertainty
                                  0.000000    0.500000   clock reconvergence pessimism
                                -20.000000  -19.500000   output external delay
                                            -19.500000   data required time
---------------------------------------------------------------------------------------------
                                            -19.500000   data required time
                                             -2.258237   data arrival time
---------------------------------------------------------------------------------------------
                                             21.758236   slack (MET)


Startpoint: _853_ (rising edge-triggered flip-flop clocked by system_clock)
Endpoint: ADDR_O[5] (output port clocked by system_clock)
Path Group: system_clock
Path Type: min

Fanout         Cap        Slew       Delay        Time   Description
---------------------------------------------------------------------------------------------
                                  0.000000    0.000000   clock system_clock (rise edge)
                                  0.000000    0.000000   clock source latency
     1    0.036569    0.000000    0.000000    0.000000 ^ CLK_I (in)
                                                         CLK_I (net)
                      0.003416    0.001397    0.001397 ^ clkbuf_0_CLK_I/I (gf180mcu_fd_sc_mcu7t5v0__clkbuf_16)
     8    0.208905    0.257094    0.324176    0.325573 ^ clkbuf_0_CLK_I/Z (gf180mcu_fd_sc_mcu7t5v0__clkbuf_16)
                                                         clknet_0_CLK_I (net)
                      0.257108    0.002826    0.328399 ^ clkbuf_3_5__f_CLK_I/I (gf180mcu_fd_sc_mcu7t5v0__clkbuf_16)
    11    0.066470    0.130403    0.289224    0.617624 ^ clkbuf_3_5__f_CLK_I/Z (gf180mcu_fd_sc_mcu7t5v0__clkbuf_16)
                                                         clknet_3_5__leaf_CLK_I (net)
                      0.130403    0.000520    0.618144 ^ _853_/CLK (gf180mcu_fd_sc_mcu7t5v0__dffq_1)
     2    0.011642    0.171565    0.704704    1.322848 v _853_/Q (gf180mcu_fd_sc_mcu7t5v0__dffq_1)
                                                         net18 (net)
                      0.171565    0.000198    1.323046 v output18/I (gf180mcu_fd_sc_mcu7t5v0__dlyb_1)
     1    0.000946    0.156619    0.938543    2.261589 v output18/Z (gf180mcu_fd_sc_mcu7t5v0__dlyb_1)
                                                         ADDR_O[5] (net)
                      0.156619    0.000007    2.261595 v ADDR_O[5] (out)
                                              2.261595   data arrival time

                                  0.000000    0.000000   clock system_clock (rise edge)
                                  0.000000    0.000000   clock network delay (propagated)
                                  0.500000    0.500000   clock uncertainty
                                  0.000000    0.500000   clock reconvergence pessimism
                                -20.000000  -19.500000   output external delay
                                            -19.500000   data required time
---------------------------------------------------------------------------------------------
                                            -19.500000   data required time
                                             -2.261595   data arrival time
---------------------------------------------------------------------------------------------
                                             21.761597   slack (MET)


Startpoint: _849_ (rising edge-triggered flip-flop clocked by system_clock)
Endpoint: ADDR_O[1] (output port clocked by system_clock)
Path Group: system_clock
Path Type: min

Fanout         Cap        Slew       Delay        Time   Description
---------------------------------------------------------------------------------------------
                                  0.000000    0.000000   clock system_clock (rise edge)
                                  0.000000    0.000000   clock source latency
     1    0.036569    0.000000    0.000000    0.000000 ^ CLK_I (in)
                                                         CLK_I (net)
                      0.003416    0.001397    0.001397 ^ clkbuf_0_CLK_I/I (gf180mcu_fd_sc_mcu7t5v0__clkbuf_16)
     8    0.208905    0.257094    0.324176    0.325573 ^ clkbuf_0_CLK_I/Z (gf180mcu_fd_sc_mcu7t5v0__clkbuf_16)
                                                         clknet_0_CLK_I (net)
                      0.257111    0.003086    0.328659 ^ clkbuf_3_4__f_CLK_I/I (gf180mcu_fd_sc_mcu7t5v0__clkbuf_16)
    10    0.071121    0.134332    0.292100    0.620760 ^ clkbuf_3_4__f_CLK_I/Z (gf180mcu_fd_sc_mcu7t5v0__clkbuf_16)
                                                         clknet_3_4__leaf_CLK_I (net)
                      0.134334    0.000966    0.621726 ^ _849_/CLK (gf180mcu_fd_sc_mcu7t5v0__dffq_1)
     2    0.010628    0.163197    0.698717    1.320442 v _849_/Q (gf180mcu_fd_sc_mcu7t5v0__dffq_1)
                                                         net14 (net)
                      0.163197    0.000066    1.320508 v output14/I (gf180mcu_fd_sc_mcu7t5v0__dlyb_1)
     1    0.001489    0.164580    0.943350    2.263858 v output14/Z (gf180mcu_fd_sc_mcu7t5v0__dlyb_1)
                                                         ADDR_O[1] (net)
                      0.164580    0.000011    2.263869 v ADDR_O[1] (out)
                                              2.263869   data arrival time

                                  0.000000    0.000000   clock system_clock (rise edge)
                                  0.000000    0.000000   clock network delay (propagated)
                                  0.500000    0.500000   clock uncertainty
                                  0.000000    0.500000   clock reconvergence pessimism
                                -20.000000  -19.500000   output external delay
                                            -19.500000   data required time
---------------------------------------------------------------------------------------------
                                            -19.500000   data required time
                                             -2.263869   data arrival time
---------------------------------------------------------------------------------------------
                                             21.763870   slack (MET)


Startpoint: _854_ (rising edge-triggered flip-flop clocked by system_clock)
Endpoint: ADDR_O[6] (output port clocked by system_clock)
Path Group: system_clock
Path Type: min

Fanout         Cap        Slew       Delay        Time   Description
---------------------------------------------------------------------------------------------
                                  0.000000    0.000000   clock system_clock (rise edge)
                                  0.000000    0.000000   clock source latency
     1    0.036569    0.000000    0.000000    0.000000 ^ CLK_I (in)
                                                         CLK_I (net)
                      0.003416    0.001397    0.001397 ^ clkbuf_0_CLK_I/I (gf180mcu_fd_sc_mcu7t5v0__clkbuf_16)
     8    0.208905    0.257094    0.324176    0.325573 ^ clkbuf_0_CLK_I/Z (gf180mcu_fd_sc_mcu7t5v0__clkbuf_16)
                                                         clknet_0_CLK_I (net)
                      0.257108    0.002826    0.328399 ^ clkbuf_3_5__f_CLK_I/I (gf180mcu_fd_sc_mcu7t5v0__clkbuf_16)
    11    0.066470    0.130403    0.289224    0.617624 ^ clkbuf_3_5__f_CLK_I/Z (gf180mcu_fd_sc_mcu7t5v0__clkbuf_16)
                                                         clknet_3_5__leaf_CLK_I (net)
                      0.130403    0.000509    0.618133 ^ _854_/CLK (gf180mcu_fd_sc_mcu7t5v0__dffq_1)
     2    0.012216    0.176371    0.708556    1.326688 v _854_/Q (gf180mcu_fd_sc_mcu7t5v0__dffq_1)
                                                         net19 (net)
                      0.176371    0.000196    1.326884 v output19/I (gf180mcu_fd_sc_mcu7t5v0__dlyb_1)
     1    0.000930    0.156377    0.940009    2.266893 v output19/Z (gf180mcu_fd_sc_mcu7t5v0__dlyb_1)
                                                         ADDR_O[6] (net)
                      0.156377    0.000006    2.266899 v ADDR_O[6] (out)
                                              2.266899   data arrival time

                                  0.000000    0.000000   clock system_clock (rise edge)
                                  0.000000    0.000000   clock network delay (propagated)
                                  0.500000    0.500000   clock uncertainty
                                  0.000000    0.500000   clock reconvergence pessimism
                                -20.000000  -19.500000   output external delay
                                            -19.500000   data required time
---------------------------------------------------------------------------------------------
                                            -19.500000   data required time
                                             -2.266899   data arrival time
---------------------------------------------------------------------------------------------
                                             21.766899   slack (MET)


Startpoint: _855_ (rising edge-triggered flip-flop clocked by system_clock)
Endpoint: ADDR_O[7] (output port clocked by system_clock)
Path Group: system_clock
Path Type: min

Fanout         Cap        Slew       Delay        Time   Description
---------------------------------------------------------------------------------------------
                                  0.000000    0.000000   clock system_clock (rise edge)
                                  0.000000    0.000000   clock source latency
     1    0.036569    0.000000    0.000000    0.000000 ^ CLK_I (in)
                                                         CLK_I (net)
                      0.003416    0.001397    0.001397 ^ clkbuf_0_CLK_I/I (gf180mcu_fd_sc_mcu7t5v0__clkbuf_16)
     8    0.208905    0.257094    0.324176    0.325573 ^ clkbuf_0_CLK_I/Z (gf180mcu_fd_sc_mcu7t5v0__clkbuf_16)
                                                         clknet_0_CLK_I (net)
                      0.257108    0.002826    0.328399 ^ clkbuf_3_5__f_CLK_I/I (gf180mcu_fd_sc_mcu7t5v0__clkbuf_16)
    11    0.066470    0.130403    0.289224    0.617624 ^ clkbuf_3_5__f_CLK_I/Z (gf180mcu_fd_sc_mcu7t5v0__clkbuf_16)
                                                         clknet_3_5__leaf_CLK_I (net)
                      0.130403    0.000477    0.618100 ^ _855_/CLK (gf180mcu_fd_sc_mcu7t5v0__dffq_1)
     2    0.012183    0.176088    0.708314    1.326414 v _855_/Q (gf180mcu_fd_sc_mcu7t5v0__dffq_1)
                                                         net20 (net)
                      0.176088    0.000208    1.326622 v output20/I (gf180mcu_fd_sc_mcu7t5v0__dlyb_1)
     1    0.001417    0.163534    0.946884    2.273506 v output20/Z (gf180mcu_fd_sc_mcu7t5v0__dlyb_1)
                                                         ADDR_O[7] (net)
                      0.163534    0.000013    2.273519 v ADDR_O[7] (out)
                                              2.273519   data arrival time

                                  0.000000    0.000000   clock system_clock (rise edge)
                                  0.000000    0.000000   clock network delay (propagated)
                                  0.500000    0.500000   clock uncertainty
                                  0.000000    0.500000   clock reconvergence pessimism
                                -20.000000  -19.500000   output external delay
                                            -19.500000   data required time
---------------------------------------------------------------------------------------------
                                            -19.500000   data required time
                                             -2.273519   data arrival time
---------------------------------------------------------------------------------------------
                                             21.773521   slack (MET)


Startpoint: _852_ (rising edge-triggered flip-flop clocked by system_clock)
Endpoint: ADDR_O[4] (output port clocked by system_clock)
Path Group: system_clock
Path Type: min

Fanout         Cap        Slew       Delay        Time   Description
---------------------------------------------------------------------------------------------
                                  0.000000    0.000000   clock system_clock (rise edge)
                                  0.000000    0.000000   clock source latency
     1    0.036569    0.000000    0.000000    0.000000 ^ CLK_I (in)
                                                         CLK_I (net)
                      0.003416    0.001397    0.001397 ^ clkbuf_0_CLK_I/I (gf180mcu_fd_sc_mcu7t5v0__clkbuf_16)
     8    0.208905    0.257094    0.324176    0.325573 ^ clkbuf_0_CLK_I/Z (gf180mcu_fd_sc_mcu7t5v0__clkbuf_16)
                                                         clknet_0_CLK_I (net)
                      0.257108    0.002826    0.328399 ^ clkbuf_3_5__f_CLK_I/I (gf180mcu_fd_sc_mcu7t5v0__clkbuf_16)
    11    0.066470    0.130403    0.289224    0.617624 ^ clkbuf_3_5__f_CLK_I/Z (gf180mcu_fd_sc_mcu7t5v0__clkbuf_16)
                                                         clknet_3_5__leaf_CLK_I (net)
                      0.130403    0.000625    0.618248 ^ _852_/CLK (gf180mcu_fd_sc_mcu7t5v0__dffq_1)
     2    0.011961    0.174259    0.706847    1.325095 v _852_/Q (gf180mcu_fd_sc_mcu7t5v0__dffq_1)
                                                         net17 (net)
                      0.174259    0.000211    1.325307 v output17/I (gf180mcu_fd_sc_mcu7t5v0__dlyb_1)
     1    0.001556    0.165550    0.948227    2.273533 v output17/Z (gf180mcu_fd_sc_mcu7t5v0__dlyb_1)
                                                         ADDR_O[4] (net)
                      0.165550    0.000014    2.273548 v ADDR_O[4] (out)
                                              2.273548   data arrival time

                                  0.000000    0.000000   clock system_clock (rise edge)
                                  0.000000    0.000000   clock network delay (propagated)
                                  0.500000    0.500000   clock uncertainty
                                  0.000000    0.500000   clock reconvergence pessimism
                                -20.000000  -19.500000   output external delay
                                            -19.500000   data required time
---------------------------------------------------------------------------------------------
                                            -19.500000   data required time
                                             -2.273548   data arrival time
---------------------------------------------------------------------------------------------
                                             21.773548   slack (MET)


Startpoint: _851_ (rising edge-triggered flip-flop clocked by system_clock)
Endpoint: ADDR_O[3] (output port clocked by system_clock)
Path Group: system_clock
Path Type: min

Fanout         Cap        Slew       Delay        Time   Description
---------------------------------------------------------------------------------------------
                                  0.000000    0.000000   clock system_clock (rise edge)
                                  0.000000    0.000000   clock source latency
     1    0.036569    0.000000    0.000000    0.000000 ^ CLK_I (in)
                                                         CLK_I (net)
                      0.003416    0.001397    0.001397 ^ clkbuf_0_CLK_I/I (gf180mcu_fd_sc_mcu7t5v0__clkbuf_16)
     8    0.208905    0.257094    0.324176    0.325573 ^ clkbuf_0_CLK_I/Z (gf180mcu_fd_sc_mcu7t5v0__clkbuf_16)
                                                         clknet_0_CLK_I (net)
                      0.257111    0.003086    0.328659 ^ clkbuf_3_4__f_CLK_I/I (gf180mcu_fd_sc_mcu7t5v0__clkbuf_16)
    10    0.071121    0.134332    0.292100    0.620760 ^ clkbuf_3_4__f_CLK_I/Z (gf180mcu_fd_sc_mcu7t5v0__clkbuf_16)
                                                         clknet_3_4__leaf_CLK_I (net)
                      0.134332    0.000073    0.620833 ^ _851_/CLK (gf180mcu_fd_sc_mcu7t5v0__dffq_1)
     2    0.011214    0.168034    0.702624    1.323457 v _851_/Q (gf180mcu_fd_sc_mcu7t5v0__dffq_1)
                                                         net16 (net)
                      0.168034    0.000167    1.323623 v output16/I (gf180mcu_fd_sc_mcu7t5v0__dlyb_1)
     1    0.001951    0.171298    0.951677    2.275301 v output16/Z (gf180mcu_fd_sc_mcu7t5v0__dlyb_1)
                                                         ADDR_O[3] (net)
                      0.171298    0.000020    2.275321 v ADDR_O[3] (out)
                                              2.275321   data arrival time

                                  0.000000    0.000000   clock system_clock (rise edge)
                                  0.000000    0.000000   clock network delay (propagated)
                                  0.500000    0.500000   clock uncertainty
                                  0.000000    0.500000   clock reconvergence pessimism
                                -20.000000  -19.500000   output external delay
                                            -19.500000   data required time
---------------------------------------------------------------------------------------------
                                            -19.500000   data required time
                                             -2.275321   data arrival time
---------------------------------------------------------------------------------------------
                                             21.775322   slack (MET)


Startpoint: _817_ (rising edge-triggered flip-flop clocked by system_clock)
Endpoint: i2c_sda_out_pin_ctrl (output port clocked by system_clock)
Path Group: system_clock
Path Type: min

Fanout         Cap        Slew       Delay        Time   Description
---------------------------------------------------------------------------------------------
                                  0.000000    0.000000   clock system_clock (rise edge)
                                  0.000000    0.000000   clock source latency
     1    0.036569    0.000000    0.000000    0.000000 ^ CLK_I (in)
                                                         CLK_I (net)
                      0.003416    0.001397    0.001397 ^ clkbuf_0_CLK_I/I (gf180mcu_fd_sc_mcu7t5v0__clkbuf_16)
     8    0.208905    0.257094    0.324176    0.325573 ^ clkbuf_0_CLK_I/Z (gf180mcu_fd_sc_mcu7t5v0__clkbuf_16)
                                                         clknet_0_CLK_I (net)
                      0.257120    0.003840    0.329414 ^ clkbuf_3_2__f_CLK_I/I (gf180mcu_fd_sc_mcu7t5v0__clkbuf_16)
    14    0.060173    0.124970    0.284893    0.614307 ^ clkbuf_3_2__f_CLK_I/Z (gf180mcu_fd_sc_mcu7t5v0__clkbuf_16)
                                                         clknet_3_2__leaf_CLK_I (net)
                      0.124973    0.001227    0.615533 ^ _817_/CLK (gf180mcu_fd_sc_mcu7t5v0__dffq_1)
     2    0.014815    0.197884    0.724790    1.340323 v _817_/Q (gf180mcu_fd_sc_mcu7t5v0__dffq_1)
                                                         net32 (net)
                      0.197884    0.000450    1.340773 v output32/I (gf180mcu_fd_sc_mcu7t5v0__dlyb_1)
     1    0.001146    0.159582    0.950729    2.291502 v output32/Z (gf180mcu_fd_sc_mcu7t5v0__dlyb_1)
                                                         i2c_sda_out_pin_ctrl (net)
                      0.159582    0.000008    2.291510 v i2c_sda_out_pin_ctrl (out)
                                              2.291510   data arrival time

                                  0.000000    0.000000   clock system_clock (rise edge)
                                  0.000000    0.000000   clock network delay (propagated)
                                  0.500000    0.500000   clock uncertainty
                                  0.000000    0.500000   clock reconvergence pessimism
                                -20.000000  -19.500000   output external delay
                                            -19.500000   data required time
---------------------------------------------------------------------------------------------
                                            -19.500000   data required time
                                             -2.291510   data arrival time
---------------------------------------------------------------------------------------------
                                             21.791510   slack (MET)


Startpoint: _862_ (rising edge-triggered flip-flop clocked by system_clock)
Endpoint: DAT_O[6] (output port clocked by system_clock)
Path Group: system_clock
Path Type: min

Fanout         Cap        Slew       Delay        Time   Description
---------------------------------------------------------------------------------------------
                                  0.000000    0.000000   clock system_clock (rise edge)
                                  0.000000    0.000000   clock source latency
     1    0.036569    0.000000    0.000000    0.000000 ^ CLK_I (in)
                                                         CLK_I (net)
                      0.003416    0.001397    0.001397 ^ clkbuf_0_CLK_I/I (gf180mcu_fd_sc_mcu7t5v0__clkbuf_16)
     8    0.208905    0.257094    0.324176    0.325573 ^ clkbuf_0_CLK_I/Z (gf180mcu_fd_sc_mcu7t5v0__clkbuf_16)
                                                         clknet_0_CLK_I (net)
                      0.257138    0.004969    0.330543 ^ clkbuf_3_7__f_CLK_I/I (gf180mcu_fd_sc_mcu7t5v0__clkbuf_16)
    13    0.062541    0.127021    0.286568    0.617111 ^ clkbuf_3_7__f_CLK_I/Z (gf180mcu_fd_sc_mcu7t5v0__clkbuf_16)
                                                         clknet_3_7__leaf_CLK_I (net)
                      0.127023    0.000842    0.617953 ^ _862_/CLK (gf180mcu_fd_sc_mcu7t5v0__dffq_1)
     2    0.013112    0.183786    0.713856    1.331809 v _862_/Q (gf180mcu_fd_sc_mcu7t5v0__dffq_1)
                                                         net28 (net)
                      0.183786    0.000168    1.331978 v output28/I (gf180mcu_fd_sc_mcu7t5v0__dlyb_1)
     1    0.002575    0.180402    0.966176    2.298153 v output28/Z (gf180mcu_fd_sc_mcu7t5v0__dlyb_1)
                                                         DAT_O[6] (net)
                      0.180402    0.000029    2.298182 v DAT_O[6] (out)
                                              2.298182   data arrival time

                                  0.000000    0.000000   clock system_clock (rise edge)
                                  0.000000    0.000000   clock network delay (propagated)
                                  0.500000    0.500000   clock uncertainty
                                  0.000000    0.500000   clock reconvergence pessimism
                                -20.000000  -19.500000   output external delay
                                            -19.500000   data required time
---------------------------------------------------------------------------------------------
                                            -19.500000   data required time
                                             -2.298182   data arrival time
---------------------------------------------------------------------------------------------
                                             21.798182   slack (MET)


Startpoint: _863_ (rising edge-triggered flip-flop clocked by system_clock)
Endpoint: DAT_O[7] (output port clocked by system_clock)
Path Group: system_clock
Path Type: min

Fanout         Cap        Slew       Delay        Time   Description
---------------------------------------------------------------------------------------------
                                  0.000000    0.000000   clock system_clock (rise edge)
                                  0.000000    0.000000   clock source latency
     1    0.036569    0.000000    0.000000    0.000000 ^ CLK_I (in)
                                                         CLK_I (net)
                      0.003416    0.001397    0.001397 ^ clkbuf_0_CLK_I/I (gf180mcu_fd_sc_mcu7t5v0__clkbuf_16)
     8    0.208905    0.257094    0.324176    0.325573 ^ clkbuf_0_CLK_I/Z (gf180mcu_fd_sc_mcu7t5v0__clkbuf_16)
                                                         clknet_0_CLK_I (net)
                      0.257138    0.004969    0.330543 ^ clkbuf_3_7__f_CLK_I/I (gf180mcu_fd_sc_mcu7t5v0__clkbuf_16)
    13    0.062541    0.127021    0.286568    0.617111 ^ clkbuf_3_7__f_CLK_I/Z (gf180mcu_fd_sc_mcu7t5v0__clkbuf_16)
                                                         clknet_3_7__leaf_CLK_I (net)
                      0.127023    0.000873    0.617984 ^ _863_/CLK (gf180mcu_fd_sc_mcu7t5v0__dffq_1)
     2    0.013270    0.185096    0.714950    1.332934 v _863_/Q (gf180mcu_fd_sc_mcu7t5v0__dffq_1)
                                                         net29 (net)
                      0.185096    0.000228    1.333163 v output29/I (gf180mcu_fd_sc_mcu7t5v0__dlyb_1)
     1    0.004996    0.206576    0.994887    2.328049 v output29/Z (gf180mcu_fd_sc_mcu7t5v0__dlyb_1)
                                                         DAT_O[7] (net)
                      0.206576    0.000082    2.328132 v DAT_O[7] (out)
                                              2.328132   data arrival time

                                  0.000000    0.000000   clock system_clock (rise edge)
                                  0.000000    0.000000   clock network delay (propagated)
                                  0.500000    0.500000   clock uncertainty
                                  0.000000    0.500000   clock reconvergence pessimism
                                -20.000000  -19.500000   output external delay
                                            -19.500000   data required time
---------------------------------------------------------------------------------------------
                                            -19.500000   data required time
                                             -2.328132   data arrival time
---------------------------------------------------------------------------------------------
                                             21.828133   slack (MET)


Startpoint: _860_ (rising edge-triggered flip-flop clocked by system_clock)
Endpoint: DAT_O[4] (output port clocked by system_clock)
Path Group: system_clock
Path Type: min

Fanout         Cap        Slew       Delay        Time   Description
---------------------------------------------------------------------------------------------
                                  0.000000    0.000000   clock system_clock (rise edge)
                                  0.000000    0.000000   clock source latency
     1    0.036569    0.000000    0.000000    0.000000 ^ CLK_I (in)
                                                         CLK_I (net)
                      0.003416    0.001397    0.001397 ^ clkbuf_0_CLK_I/I (gf180mcu_fd_sc_mcu7t5v0__clkbuf_16)
     8    0.208905    0.257094    0.324176    0.325573 ^ clkbuf_0_CLK_I/Z (gf180mcu_fd_sc_mcu7t5v0__clkbuf_16)
                                                         clknet_0_CLK_I (net)
                      0.257138    0.004969    0.330543 ^ clkbuf_3_7__f_CLK_I/I (gf180mcu_fd_sc_mcu7t5v0__clkbuf_16)
    13    0.062541    0.127021    0.286568    0.617111 ^ clkbuf_3_7__f_CLK_I/Z (gf180mcu_fd_sc_mcu7t5v0__clkbuf_16)
                                                         clknet_3_7__leaf_CLK_I (net)
                      0.127021    0.000068    0.617179 ^ _860_/CLK (gf180mcu_fd_sc_mcu7t5v0__dffq_1)
     2    0.017370    0.219198    0.742226    1.359405 v _860_/Q (gf180mcu_fd_sc_mcu7t5v0__dffq_1)
                                                         net26 (net)
                      0.219199    0.000358    1.359763 v output26/I (gf180mcu_fd_sc_mcu7t5v0__dlyb_1)
     1    0.001931    0.170946    0.969484    2.329247 v output26/Z (gf180mcu_fd_sc_mcu7t5v0__dlyb_1)
                                                         DAT_O[4] (net)
                      0.170946    0.000018    2.329265 v DAT_O[4] (out)
                                              2.329265   data arrival time

                                  0.000000    0.000000   clock system_clock (rise edge)
                                  0.000000    0.000000   clock network delay (propagated)
                                  0.500000    0.500000   clock uncertainty
                                  0.000000    0.500000   clock reconvergence pessimism
                                -20.000000  -19.500000   output external delay
                                            -19.500000   data required time
---------------------------------------------------------------------------------------------
                                            -19.500000   data required time
                                             -2.329265   data arrival time
---------------------------------------------------------------------------------------------
                                             21.829264   slack (MET)


Startpoint: _817_ (rising edge-triggered flip-flop clocked by system_clock)
Endpoint: i2c_sda_out_pin_ctrl_n (output port clocked by system_clock)
Path Group: system_clock
Path Type: min

Fanout         Cap        Slew       Delay        Time   Description
---------------------------------------------------------------------------------------------
                                  0.000000    0.000000   clock system_clock (rise edge)
                                  0.000000    0.000000   clock source latency
     1    0.036569    0.000000    0.000000    0.000000 ^ CLK_I (in)
                                                         CLK_I (net)
                      0.003416    0.001397    0.001397 ^ clkbuf_0_CLK_I/I (gf180mcu_fd_sc_mcu7t5v0__clkbuf_16)
     8    0.208905    0.257094    0.324176    0.325573 ^ clkbuf_0_CLK_I/Z (gf180mcu_fd_sc_mcu7t5v0__clkbuf_16)
                                                         clknet_0_CLK_I (net)
                      0.257120    0.003840    0.329414 ^ clkbuf_3_2__f_CLK_I/I (gf180mcu_fd_sc_mcu7t5v0__clkbuf_16)
    14    0.060173    0.124970    0.284893    0.614307 ^ clkbuf_3_2__f_CLK_I/Z (gf180mcu_fd_sc_mcu7t5v0__clkbuf_16)
                                                         clknet_3_2__leaf_CLK_I (net)
                      0.124973    0.001227    0.615533 ^ _817_/CLK (gf180mcu_fd_sc_mcu7t5v0__dffq_1)
     2    0.014815    0.197884    0.724790    1.340323 v _817_/Q (gf180mcu_fd_sc_mcu7t5v0__dffq_1)
                                                         net32 (net)
                      0.197884    0.000251    1.340574 v _437_/I (gf180mcu_fd_sc_mcu7t5v0__clkinv_1)
     2    0.007112    0.173824    0.149533    1.490107 ^ _437_/ZN (gf180mcu_fd_sc_mcu7t5v0__clkinv_1)
                                                         net33 (net)
                      0.173824    0.000049    1.490156 ^ output33/I (gf180mcu_fd_sc_mcu7t5v0__dlyb_1)
     1    0.000870    0.107560    0.839633    2.329789 ^ output33/Z (gf180mcu_fd_sc_mcu7t5v0__dlyb_1)
                                                         i2c_sda_out_pin_ctrl_n (net)
                      0.107560    0.000006    2.329794 ^ i2c_sda_out_pin_ctrl_n (out)
                                              2.329794   data arrival time

                                  0.000000    0.000000   clock system_clock (rise edge)
                                  0.000000    0.000000   clock network delay (propagated)
                                  0.500000    0.500000   clock uncertainty
                                  0.000000    0.500000   clock reconvergence pessimism
                                -20.000000  -19.500000   output external delay
                                            -19.500000   data required time
---------------------------------------------------------------------------------------------
                                            -19.500000   data required time
                                             -2.329794   data arrival time
---------------------------------------------------------------------------------------------
                                             21.829796   slack (MET)


Startpoint: _850_ (rising edge-triggered flip-flop clocked by system_clock)
Endpoint: ADDR_O[2] (output port clocked by system_clock)
Path Group: system_clock
Path Type: min

Fanout         Cap        Slew       Delay        Time   Description
---------------------------------------------------------------------------------------------
                                  0.000000    0.000000   clock system_clock (rise edge)
                                  0.000000    0.000000   clock source latency
     1    0.036569    0.000000    0.000000    0.000000 ^ CLK_I (in)
                                                         CLK_I (net)
                      0.003416    0.001397    0.001397 ^ clkbuf_0_CLK_I/I (gf180mcu_fd_sc_mcu7t5v0__clkbuf_16)
     8    0.208905    0.257094    0.324176    0.325573 ^ clkbuf_0_CLK_I/Z (gf180mcu_fd_sc_mcu7t5v0__clkbuf_16)
                                                         clknet_0_CLK_I (net)
                      0.257111    0.003086    0.328659 ^ clkbuf_3_4__f_CLK_I/I (gf180mcu_fd_sc_mcu7t5v0__clkbuf_16)
    10    0.071121    0.134332    0.292100    0.620760 ^ clkbuf_3_4__f_CLK_I/Z (gf180mcu_fd_sc_mcu7t5v0__clkbuf_16)
                                                         clknet_3_4__leaf_CLK_I (net)
                      0.134335    0.001130    0.621889 ^ _850_/CLK (gf180mcu_fd_sc_mcu7t5v0__dffq_1)
     2    0.015496    0.203544    0.731286    1.353175 v _850_/Q (gf180mcu_fd_sc_mcu7t5v0__dffq_1)
                                                         net15 (net)
                      0.203544    0.000335    1.353510 v output15/I (gf180mcu_fd_sc_mcu7t5v0__dlyb_1)
     1    0.003511    0.190706    0.984172    2.337682 v output15/Z (gf180mcu_fd_sc_mcu7t5v0__dlyb_1)
                                                         ADDR_O[2] (net)
                      0.190706    0.000046    2.337729 v ADDR_O[2] (out)
                                              2.337729   data arrival time

                                  0.000000    0.000000   clock system_clock (rise edge)
                                  0.000000    0.000000   clock network delay (propagated)
                                  0.500000    0.500000   clock uncertainty
                                  0.000000    0.500000   clock reconvergence pessimism
                                -20.000000  -19.500000   output external delay
                                            -19.500000   data required time
---------------------------------------------------------------------------------------------
                                            -19.500000   data required time
                                             -2.337729   data arrival time
---------------------------------------------------------------------------------------------
                                             21.837729   slack (MET)


Startpoint: _864_ (rising edge-triggered flip-flop clocked by system_clock)
Endpoint: CYC_O (output port clocked by system_clock)
Path Group: system_clock
Path Type: min

Fanout         Cap        Slew       Delay        Time   Description
---------------------------------------------------------------------------------------------
                                  0.000000    0.000000   clock system_clock (rise edge)
                                  0.000000    0.000000   clock source latency
     1    0.036569    0.000000    0.000000    0.000000 ^ CLK_I (in)
                                                         CLK_I (net)
                      0.003416    0.001397    0.001397 ^ clkbuf_0_CLK_I/I (gf180mcu_fd_sc_mcu7t5v0__clkbuf_16)
     8    0.208905    0.257094    0.324176    0.325573 ^ clkbuf_0_CLK_I/Z (gf180mcu_fd_sc_mcu7t5v0__clkbuf_16)
                                                         clknet_0_CLK_I (net)
                      0.257108    0.002826    0.328399 ^ clkbuf_3_5__f_CLK_I/I (gf180mcu_fd_sc_mcu7t5v0__clkbuf_16)
    11    0.066470    0.130403    0.289224    0.617624 ^ clkbuf_3_5__f_CLK_I/Z (gf180mcu_fd_sc_mcu7t5v0__clkbuf_16)
                                                         clknet_3_5__leaf_CLK_I (net)
                      0.130403    0.000370    0.617994 ^ _864_/CLK (gf180mcu_fd_sc_mcu7t5v0__dffq_1)
     3    0.028407    0.315537    0.810962    1.428956 v _864_/Q (gf180mcu_fd_sc_mcu7t5v0__dffq_1)
                                                         net21 (net)
                      0.315551    0.001335    1.430291 v output21/I (gf180mcu_fd_sc_mcu7t5v0__dlyb_1)
     1    0.006526    0.223256    1.058633    2.488924 v output21/Z (gf180mcu_fd_sc_mcu7t5v0__dlyb_1)
                                                         CYC_O (net)
                      0.223256    0.000165    2.489089 v CYC_O (out)
                                              2.489089   data arrival time

                                  0.000000    0.000000   clock system_clock (rise edge)
                                  0.000000    0.000000   clock network delay (propagated)
                                  0.500000    0.500000   clock uncertainty
                                  0.000000    0.500000   clock reconvergence pessimism
                                -20.000000  -19.500000   output external delay
                                            -19.500000   data required time
---------------------------------------------------------------------------------------------
                                            -19.500000   data required time
                                             -2.489089   data arrival time
---------------------------------------------------------------------------------------------
                                             21.989088   slack (MET)


Startpoint: _864_ (rising edge-triggered flip-flop clocked by system_clock)
Endpoint: STB_O (output port clocked by system_clock)
Path Group: system_clock
Path Type: min

Fanout         Cap        Slew       Delay        Time   Description
---------------------------------------------------------------------------------------------
                                  0.000000    0.000000   clock system_clock (rise edge)
                                  0.000000    0.000000   clock source latency
     1    0.036569    0.000000    0.000000    0.000000 ^ CLK_I (in)
                                                         CLK_I (net)
                      0.003416    0.001397    0.001397 ^ clkbuf_0_CLK_I/I (gf180mcu_fd_sc_mcu7t5v0__clkbuf_16)
     8    0.208905    0.257094    0.324176    0.325573 ^ clkbuf_0_CLK_I/Z (gf180mcu_fd_sc_mcu7t5v0__clkbuf_16)
                                                         clknet_0_CLK_I (net)
                      0.257108    0.002826    0.328399 ^ clkbuf_3_5__f_CLK_I/I (gf180mcu_fd_sc_mcu7t5v0__clkbuf_16)
    11    0.066470    0.130403    0.289224    0.617624 ^ clkbuf_3_5__f_CLK_I/Z (gf180mcu_fd_sc_mcu7t5v0__clkbuf_16)
                                                         clknet_3_5__leaf_CLK_I (net)
                      0.130403    0.000370    0.617994 ^ _864_/CLK (gf180mcu_fd_sc_mcu7t5v0__dffq_1)
     3    0.028407    0.504313    0.952627    1.570621 ^ _864_/Q (gf180mcu_fd_sc_mcu7t5v0__dffq_1)
                                                         net21 (net)
                      0.504324    0.001344    1.571965 ^ _902_/I (gf180mcu_fd_sc_mcu7t5v0__buf_1)
     1    0.005047    0.147383    0.261886    1.833851 ^ _902_/Z (gf180mcu_fd_sc_mcu7t5v0__buf_1)
                                                         net30 (net)
                      0.147383    0.000103    1.833954 ^ output30/I (gf180mcu_fd_sc_mcu7t5v0__dlyb_1)
     1    0.009322    0.228652    0.926372    2.760326 ^ output30/Z (gf180mcu_fd_sc_mcu7t5v0__dlyb_1)
                                                         STB_O (net)
                      0.228652    0.000297    2.760623 ^ STB_O (out)
                                              2.760623   data arrival time

                                  0.000000    0.000000   clock system_clock (rise edge)
                                  0.000000    0.000000   clock network delay (propagated)
                                  0.500000    0.500000   clock uncertainty
                                  0.000000    0.500000   clock reconvergence pessimism
                                -20.000000  -19.500000   output external delay
                                            -19.500000   data required time
---------------------------------------------------------------------------------------------
                                            -19.500000   data required time
                                             -2.760623   data arrival time
---------------------------------------------------------------------------------------------
                                             22.260624   slack (MET)



%OL_END_REPORT
%OL_CREATE_REPORT max.rpt

===========================================================================
report_checks -path_delay max (Setup)
============================================================================
======================= min_tt_025C_5v00 Corner ===================================

Startpoint: RST_I (input port clocked by system_clock)
Endpoint: _879_ (rising edge-triggered flip-flop clocked by system_clock)
Path Group: system_clock
Path Type: max

Fanout         Cap        Slew       Delay        Time   Description
---------------------------------------------------------------------------------------------
                                  0.000000    0.000000   clock system_clock (rise edge)
                                  0.000000    0.000000   clock network delay (propagated)
                                 20.000000   20.000000 ^ input external delay
     1    0.007682    0.000000    0.000000   20.000000 ^ RST_I (in)
                                                         RST_I (net)
                      0.000227    0.000092   20.000093 ^ input10/I (gf180mcu_fd_sc_mcu7t5v0__dlyb_1)
    31    0.227300    3.684509    2.917146   22.917238 ^ input10/Z (gf180mcu_fd_sc_mcu7t5v0__dlyb_1)
                                                         net10 (net)
                      3.684667    0.013745   22.930984 ^ _430_/I (gf180mcu_fd_sc_mcu7t5v0__clkinv_1)
    16    0.124396    2.440044    1.985994   24.916977 v _430_/ZN (gf180mcu_fd_sc_mcu7t5v0__clkinv_1)
                                                         _103_ (net)
                      2.440068    0.004333   24.921310 v _491_/A1 (gf180mcu_fd_sc_mcu7t5v0__nand2_1)
     2    0.009497    0.624845    0.630745   25.552055 ^ _491_/ZN (gf180mcu_fd_sc_mcu7t5v0__nand2_1)
                                                         _155_ (net)
                      0.624845    0.000126   25.552181 ^ _502_/C (gf180mcu_fd_sc_mcu7t5v0__aoi211_1)
     5    0.035742    0.847388    0.626045   26.178226 v _502_/ZN (gf180mcu_fd_sc_mcu7t5v0__aoi211_1)
                                                         _166_ (net)
                      0.847388    0.000281   26.178507 v _505_/B (gf180mcu_fd_sc_mcu7t5v0__oai211_1)
     8    0.092220    2.861718    1.462192   27.640699 ^ _505_/ZN (gf180mcu_fd_sc_mcu7t5v0__oai211_1)
                                                         _169_ (net)
                      2.861734    0.003764   27.644463 ^ _534_/B1 (gf180mcu_fd_sc_mcu7t5v0__aoi22_1)
     1    0.004884    0.848815    0.279039   27.923502 v _534_/ZN (gf180mcu_fd_sc_mcu7t5v0__aoi22_1)
                                                         _013_ (net)
                      0.848815    0.000101   27.923603 v _879_/D (gf180mcu_fd_sc_mcu7t5v0__dffq_1)
                                             27.923603   data arrival time

                                100.000000  100.000000   clock system_clock (rise edge)
                                  0.000000  100.000000   clock source latency
     1    0.036569    0.000000    0.000000  100.000000 ^ CLK_I (in)
                                                         CLK_I (net)
                      0.003416    0.001400  100.001396 ^ clkbuf_0_CLK_I/I (gf180mcu_fd_sc_mcu7t5v0__clkbuf_16)
     8    0.208905    0.257094    0.324171  100.325569 ^ clkbuf_0_CLK_I/Z (gf180mcu_fd_sc_mcu7t5v0__clkbuf_16)
                                                         clknet_0_CLK_I (net)
                      0.257129    0.004462  100.330032 ^ clkbuf_3_6__f_CLK_I/I (gf180mcu_fd_sc_mcu7t5v0__clkbuf_16)
    13    0.063776    0.128102    0.287479  100.617508 ^ clkbuf_3_6__f_CLK_I/Z (gf180mcu_fd_sc_mcu7t5v0__clkbuf_16)
                                                         clknet_3_6__leaf_CLK_I (net)
                      0.128103    0.000469  100.617981 ^ _879_/CLK (gf180mcu_fd_sc_mcu7t5v0__dffq_1)
                                 -0.500000  100.117973   clock uncertainty
                                  0.000000  100.117973   clock reconvergence pessimism
                                 -0.480973   99.637001   library setup time
                                             99.637001   data required time
---------------------------------------------------------------------------------------------
                                             99.637001   data required time
                                            -27.923603   data arrival time
---------------------------------------------------------------------------------------------
                                             71.713394   slack (MET)


Startpoint: RST_I (input port clocked by system_clock)
Endpoint: _881_ (rising edge-triggered flip-flop clocked by system_clock)
Path Group: system_clock
Path Type: max

Fanout         Cap        Slew       Delay        Time   Description
---------------------------------------------------------------------------------------------
                                  0.000000    0.000000   clock system_clock (rise edge)
                                  0.000000    0.000000   clock network delay (propagated)
                                 20.000000   20.000000 ^ input external delay
     1    0.007682    0.000000    0.000000   20.000000 ^ RST_I (in)
                                                         RST_I (net)
                      0.000227    0.000092   20.000093 ^ input10/I (gf180mcu_fd_sc_mcu7t5v0__dlyb_1)
    31    0.227300    3.684509    2.917146   22.917238 ^ input10/Z (gf180mcu_fd_sc_mcu7t5v0__dlyb_1)
                                                         net10 (net)
                      3.684667    0.013745   22.930984 ^ _430_/I (gf180mcu_fd_sc_mcu7t5v0__clkinv_1)
    16    0.124396    2.440044    1.985994   24.916977 v _430_/ZN (gf180mcu_fd_sc_mcu7t5v0__clkinv_1)
                                                         _103_ (net)
                      2.440068    0.004333   24.921310 v _491_/A1 (gf180mcu_fd_sc_mcu7t5v0__nand2_1)
     2    0.009497    0.624845    0.630745   25.552055 ^ _491_/ZN (gf180mcu_fd_sc_mcu7t5v0__nand2_1)
                                                         _155_ (net)
                      0.624845    0.000126   25.552181 ^ _502_/C (gf180mcu_fd_sc_mcu7t5v0__aoi211_1)
     5    0.035742    0.847388    0.626045   26.178226 v _502_/ZN (gf180mcu_fd_sc_mcu7t5v0__aoi211_1)
                                                         _166_ (net)
                      0.847388    0.000281   26.178507 v _505_/B (gf180mcu_fd_sc_mcu7t5v0__oai211_1)
     8    0.092220    2.861718    1.462192   27.640699 ^ _505_/ZN (gf180mcu_fd_sc_mcu7t5v0__oai211_1)
                                                         _169_ (net)
                      2.861733    0.003633   27.644333 ^ _544_/S (gf180mcu_fd_sc_mcu7t5v0__mux2_2)
     1    0.007060    0.189309    0.369500   28.013832 v _544_/Z (gf180mcu_fd_sc_mcu7t5v0__mux2_2)
                                                         _015_ (net)
                      0.189309    0.000171   28.014002 v _881_/D (gf180mcu_fd_sc_mcu7t5v0__dffq_1)
                                             28.014002   data arrival time

                                100.000000  100.000000   clock system_clock (rise edge)
                                  0.000000  100.000000   clock source latency
     1    0.036569    0.000000    0.000000  100.000000 ^ CLK_I (in)
                                                         CLK_I (net)
                      0.003416    0.001400  100.001396 ^ clkbuf_0_CLK_I/I (gf180mcu_fd_sc_mcu7t5v0__clkbuf_16)
     8    0.208905    0.257094    0.324171  100.325569 ^ clkbuf_0_CLK_I/Z (gf180mcu_fd_sc_mcu7t5v0__clkbuf_16)
                                                         clknet_0_CLK_I (net)
                      0.257138    0.004974  100.330544 ^ clkbuf_3_7__f_CLK_I/I (gf180mcu_fd_sc_mcu7t5v0__clkbuf_16)
    13    0.062541    0.127021    0.286569  100.617111 ^ clkbuf_3_7__f_CLK_I/Z (gf180mcu_fd_sc_mcu7t5v0__clkbuf_16)
                                                         clknet_3_7__leaf_CLK_I (net)
                      0.127022    0.000668  100.617775 ^ _881_/CLK (gf180mcu_fd_sc_mcu7t5v0__dffq_1)
                                 -0.500000  100.117775   clock uncertainty
                                  0.000000  100.117775   clock reconvergence pessimism
                                 -0.247274   99.870499   library setup time
                                             99.870499   data required time
---------------------------------------------------------------------------------------------
                                             99.870499   data required time
                                            -28.014002   data arrival time
---------------------------------------------------------------------------------------------
                                             71.856499   slack (MET)


Startpoint: RST_I (input port clocked by system_clock)
Endpoint: _880_ (rising edge-triggered flip-flop clocked by system_clock)
Path Group: system_clock
Path Type: max

Fanout         Cap        Slew       Delay        Time   Description
---------------------------------------------------------------------------------------------
                                  0.000000    0.000000   clock system_clock (rise edge)
                                  0.000000    0.000000   clock network delay (propagated)
                                 20.000000   20.000000 ^ input external delay
     1    0.007682    0.000000    0.000000   20.000000 ^ RST_I (in)
                                                         RST_I (net)
                      0.000227    0.000092   20.000093 ^ input10/I (gf180mcu_fd_sc_mcu7t5v0__dlyb_1)
    31    0.227300    3.684509    2.917146   22.917238 ^ input10/Z (gf180mcu_fd_sc_mcu7t5v0__dlyb_1)
                                                         net10 (net)
                      3.684667    0.013745   22.930984 ^ _430_/I (gf180mcu_fd_sc_mcu7t5v0__clkinv_1)
    16    0.124396    2.440044    1.985994   24.916977 v _430_/ZN (gf180mcu_fd_sc_mcu7t5v0__clkinv_1)
                                                         _103_ (net)
                      2.440068    0.004333   24.921310 v _491_/A1 (gf180mcu_fd_sc_mcu7t5v0__nand2_1)
     2    0.009497    0.624845    0.630745   25.552055 ^ _491_/ZN (gf180mcu_fd_sc_mcu7t5v0__nand2_1)
                                                         _155_ (net)
                      0.624845    0.000126   25.552181 ^ _502_/C (gf180mcu_fd_sc_mcu7t5v0__aoi211_1)
     5    0.035742    0.847388    0.626045   26.178226 v _502_/ZN (gf180mcu_fd_sc_mcu7t5v0__aoi211_1)
                                                         _166_ (net)
                      0.847388    0.000281   26.178507 v _505_/B (gf180mcu_fd_sc_mcu7t5v0__oai211_1)
     8    0.092220    2.861718    1.462192   27.640699 ^ _505_/ZN (gf180mcu_fd_sc_mcu7t5v0__oai211_1)
                                                         _169_ (net)
                      2.861732    0.003533   27.644232 ^ _539_/S (gf180mcu_fd_sc_mcu7t5v0__mux2_2)
     1    0.006457    0.186195    0.366365   28.010597 v _539_/Z (gf180mcu_fd_sc_mcu7t5v0__mux2_2)
                                                         _014_ (net)
                      0.186195    0.000201   28.010798 v _880_/D (gf180mcu_fd_sc_mcu7t5v0__dffq_1)
                                             28.010798   data arrival time

                                100.000000  100.000000   clock system_clock (rise edge)
                                  0.000000  100.000000   clock source latency
     1    0.036569    0.000000    0.000000  100.000000 ^ CLK_I (in)
                                                         CLK_I (net)
                      0.003416    0.001400  100.001396 ^ clkbuf_0_CLK_I/I (gf180mcu_fd_sc_mcu7t5v0__clkbuf_16)
     8    0.208905    0.257094    0.324171  100.325569 ^ clkbuf_0_CLK_I/Z (gf180mcu_fd_sc_mcu7t5v0__clkbuf_16)
                                                         clknet_0_CLK_I (net)
                      0.257129    0.004462  100.330032 ^ clkbuf_3_6__f_CLK_I/I (gf180mcu_fd_sc_mcu7t5v0__clkbuf_16)
    13    0.063776    0.128102    0.287479  100.617508 ^ clkbuf_3_6__f_CLK_I/Z (gf180mcu_fd_sc_mcu7t5v0__clkbuf_16)
                                                         clknet_3_6__leaf_CLK_I (net)
                      0.128102    0.000114  100.617622 ^ _880_/CLK (gf180mcu_fd_sc_mcu7t5v0__dffq_1)
                                 -0.500000  100.117622   clock uncertainty
                                  0.000000  100.117622   clock reconvergence pessimism
                                 -0.246046   99.871574   library setup time
                                             99.871574   data required time
---------------------------------------------------------------------------------------------
                                             99.871574   data required time
                                            -28.010798   data arrival time
---------------------------------------------------------------------------------------------
                                             71.860779   slack (MET)


Startpoint: RST_I (input port clocked by system_clock)
Endpoint: _875_ (rising edge-triggered flip-flop clocked by system_clock)
Path Group: system_clock
Path Type: max

Fanout         Cap        Slew       Delay        Time   Description
---------------------------------------------------------------------------------------------
                                  0.000000    0.000000   clock system_clock (rise edge)
                                  0.000000    0.000000   clock network delay (propagated)
                                 20.000000   20.000000 ^ input external delay
     1    0.007682    0.000000    0.000000   20.000000 ^ RST_I (in)
                                                         RST_I (net)
                      0.000227    0.000092   20.000093 ^ input10/I (gf180mcu_fd_sc_mcu7t5v0__dlyb_1)
    31    0.227300    3.684509    2.917146   22.917238 ^ input10/Z (gf180mcu_fd_sc_mcu7t5v0__dlyb_1)
                                                         net10 (net)
                      3.684667    0.013745   22.930984 ^ _430_/I (gf180mcu_fd_sc_mcu7t5v0__clkinv_1)
    16    0.124396    2.440044    1.985994   24.916977 v _430_/ZN (gf180mcu_fd_sc_mcu7t5v0__clkinv_1)
                                                         _103_ (net)
                      2.440068    0.004333   24.921310 v _491_/A1 (gf180mcu_fd_sc_mcu7t5v0__nand2_1)
     2    0.009497    0.624845    0.630745   25.552055 ^ _491_/ZN (gf180mcu_fd_sc_mcu7t5v0__nand2_1)
                                                         _155_ (net)
                      0.624845    0.000126   25.552181 ^ _502_/C (gf180mcu_fd_sc_mcu7t5v0__aoi211_1)
     5    0.035742    0.847388    0.626045   26.178226 v _502_/ZN (gf180mcu_fd_sc_mcu7t5v0__aoi211_1)
                                                         _166_ (net)
                      0.847388    0.000281   26.178507 v _505_/B (gf180mcu_fd_sc_mcu7t5v0__oai211_1)
     8    0.092220    2.861718    1.462192   27.640699 ^ _505_/ZN (gf180mcu_fd_sc_mcu7t5v0__oai211_1)
                                                         _169_ (net)
                      2.861731    0.003320   27.644020 ^ _513_/S (gf180mcu_fd_sc_mcu7t5v0__mux2_2)
     1    0.005415    0.180826    0.360961   28.004980 v _513_/Z (gf180mcu_fd_sc_mcu7t5v0__mux2_2)
                                                         _009_ (net)
                      0.180826    0.000115   28.005096 v _875_/D (gf180mcu_fd_sc_mcu7t5v0__dffq_1)
                                             28.005096   data arrival time

                                100.000000  100.000000   clock system_clock (rise edge)
                                  0.000000  100.000000   clock source latency
     1    0.036569    0.000000    0.000000  100.000000 ^ CLK_I (in)
                                                         CLK_I (net)
                      0.003416    0.001400  100.001396 ^ clkbuf_0_CLK_I/I (gf180mcu_fd_sc_mcu7t5v0__clkbuf_16)
     8    0.208905    0.257094    0.324171  100.325569 ^ clkbuf_0_CLK_I/Z (gf180mcu_fd_sc_mcu7t5v0__clkbuf_16)
                                                         clknet_0_CLK_I (net)
                      0.257129    0.004462  100.330032 ^ clkbuf_3_6__f_CLK_I/I (gf180mcu_fd_sc_mcu7t5v0__clkbuf_16)
    13    0.063776    0.128102    0.287479  100.617508 ^ clkbuf_3_6__f_CLK_I/Z (gf180mcu_fd_sc_mcu7t5v0__clkbuf_16)
                                                         clknet_3_6__leaf_CLK_I (net)
                      0.128103    0.000512  100.618019 ^ _875_/CLK (gf180mcu_fd_sc_mcu7t5v0__dffq_1)
                                 -0.500000  100.118019   clock uncertainty
                                  0.000000  100.118019   clock reconvergence pessimism
                                 -0.244339   99.873680   library setup time
                                             99.873680   data required time
---------------------------------------------------------------------------------------------
                                             99.873680   data required time
                                            -28.005096   data arrival time
---------------------------------------------------------------------------------------------
                                             71.868576   slack (MET)


Startpoint: RST_I (input port clocked by system_clock)
Endpoint: _876_ (rising edge-triggered flip-flop clocked by system_clock)
Path Group: system_clock
Path Type: max

Fanout         Cap        Slew       Delay        Time   Description
---------------------------------------------------------------------------------------------
                                  0.000000    0.000000   clock system_clock (rise edge)
                                  0.000000    0.000000   clock network delay (propagated)
                                 20.000000   20.000000 ^ input external delay
     1    0.007682    0.000000    0.000000   20.000000 ^ RST_I (in)
                                                         RST_I (net)
                      0.000227    0.000092   20.000093 ^ input10/I (gf180mcu_fd_sc_mcu7t5v0__dlyb_1)
    31    0.227300    3.684509    2.917146   22.917238 ^ input10/Z (gf180mcu_fd_sc_mcu7t5v0__dlyb_1)
                                                         net10 (net)
                      3.684667    0.013745   22.930984 ^ _430_/I (gf180mcu_fd_sc_mcu7t5v0__clkinv_1)
    16    0.124396    2.440044    1.985994   24.916977 v _430_/ZN (gf180mcu_fd_sc_mcu7t5v0__clkinv_1)
                                                         _103_ (net)
                      2.440068    0.004333   24.921310 v _491_/A1 (gf180mcu_fd_sc_mcu7t5v0__nand2_1)
     2    0.009497    0.624845    0.630745   25.552055 ^ _491_/ZN (gf180mcu_fd_sc_mcu7t5v0__nand2_1)
                                                         _155_ (net)
                      0.624845    0.000126   25.552181 ^ _502_/C (gf180mcu_fd_sc_mcu7t5v0__aoi211_1)
     5    0.035742    0.847388    0.626045   26.178226 v _502_/ZN (gf180mcu_fd_sc_mcu7t5v0__aoi211_1)
                                                         _166_ (net)
                      0.847388    0.000281   26.178507 v _505_/B (gf180mcu_fd_sc_mcu7t5v0__oai211_1)
     8    0.092220    2.861718    1.462192   27.640699 ^ _505_/ZN (gf180mcu_fd_sc_mcu7t5v0__oai211_1)
                                                         _169_ (net)
                      2.861732    0.003455   27.644154 ^ _518_/S (gf180mcu_fd_sc_mcu7t5v0__mux2_2)
     1    0.004041    0.172711    0.353392   27.997547 v _518_/Z (gf180mcu_fd_sc_mcu7t5v0__mux2_2)
                                                         _010_ (net)
                      0.172711    0.000080   27.997627 v _876_/D (gf180mcu_fd_sc_mcu7t5v0__dffq_1)
                                             27.997627   data arrival time

                                100.000000  100.000000   clock system_clock (rise edge)
                                  0.000000  100.000000   clock source latency
     1    0.036569    0.000000    0.000000  100.000000 ^ CLK_I (in)
                                                         CLK_I (net)
                      0.003416    0.001400  100.001396 ^ clkbuf_0_CLK_I/I (gf180mcu_fd_sc_mcu7t5v0__clkbuf_16)
     8    0.208905    0.257094    0.324171  100.325569 ^ clkbuf_0_CLK_I/Z (gf180mcu_fd_sc_mcu7t5v0__clkbuf_16)
                                                         clknet_0_CLK_I (net)
                      0.257129    0.004462  100.330032 ^ clkbuf_3_6__f_CLK_I/I (gf180mcu_fd_sc_mcu7t5v0__clkbuf_16)
    13    0.063776    0.128102    0.287479  100.617508 ^ clkbuf_3_6__f_CLK_I/Z (gf180mcu_fd_sc_mcu7t5v0__clkbuf_16)
                                                         clknet_3_6__leaf_CLK_I (net)
                      0.128103    0.000469  100.617981 ^ _876_/CLK (gf180mcu_fd_sc_mcu7t5v0__dffq_1)
                                 -0.500000  100.117973   clock uncertainty
                                  0.000000  100.117973   clock reconvergence pessimism
                                 -0.241760   99.876213   library setup time
                                             99.876213   data required time
---------------------------------------------------------------------------------------------
                                             99.876213   data required time
                                            -27.997627   data arrival time
---------------------------------------------------------------------------------------------
                                             71.878593   slack (MET)


Startpoint: RST_I (input port clocked by system_clock)
Endpoint: _878_ (rising edge-triggered flip-flop clocked by system_clock)
Path Group: system_clock
Path Type: max

Fanout         Cap        Slew       Delay        Time   Description
---------------------------------------------------------------------------------------------
                                  0.000000    0.000000   clock system_clock (rise edge)
                                  0.000000    0.000000   clock network delay (propagated)
                                 20.000000   20.000000 ^ input external delay
     1    0.007682    0.000000    0.000000   20.000000 ^ RST_I (in)
                                                         RST_I (net)
                      0.000227    0.000092   20.000093 ^ input10/I (gf180mcu_fd_sc_mcu7t5v0__dlyb_1)
    31    0.227300    3.684509    2.917146   22.917238 ^ input10/Z (gf180mcu_fd_sc_mcu7t5v0__dlyb_1)
                                                         net10 (net)
                      3.684667    0.013745   22.930984 ^ _430_/I (gf180mcu_fd_sc_mcu7t5v0__clkinv_1)
    16    0.124396    2.440044    1.985994   24.916977 v _430_/ZN (gf180mcu_fd_sc_mcu7t5v0__clkinv_1)
                                                         _103_ (net)
                      2.440068    0.004333   24.921310 v _491_/A1 (gf180mcu_fd_sc_mcu7t5v0__nand2_1)
     2    0.009497    0.624845    0.630745   25.552055 ^ _491_/ZN (gf180mcu_fd_sc_mcu7t5v0__nand2_1)
                                                         _155_ (net)
                      0.624845    0.000126   25.552181 ^ _502_/C (gf180mcu_fd_sc_mcu7t5v0__aoi211_1)
     5    0.035742    0.847388    0.626045   26.178226 v _502_/ZN (gf180mcu_fd_sc_mcu7t5v0__aoi211_1)
                                                         _166_ (net)
                      0.847388    0.000281   26.178507 v _505_/B (gf180mcu_fd_sc_mcu7t5v0__oai211_1)
     8    0.092220    2.861718    1.462192   27.640699 ^ _505_/ZN (gf180mcu_fd_sc_mcu7t5v0__oai211_1)
                                                         _169_ (net)
                      2.861735    0.003851   27.644550 ^ _528_/S (gf180mcu_fd_sc_mcu7t5v0__mux2_2)
     1    0.003886    0.171411    0.352328   27.996878 v _528_/Z (gf180mcu_fd_sc_mcu7t5v0__mux2_2)
                                                         _012_ (net)
                      0.171411    0.000076   27.996954 v _878_/D (gf180mcu_fd_sc_mcu7t5v0__dffq_1)
                                             27.996954   data arrival time

                                100.000000  100.000000   clock system_clock (rise edge)
                                  0.000000  100.000000   clock source latency
     1    0.036569    0.000000    0.000000  100.000000 ^ CLK_I (in)
                                                         CLK_I (net)
                      0.003416    0.001400  100.001396 ^ clkbuf_0_CLK_I/I (gf180mcu_fd_sc_mcu7t5v0__clkbuf_16)
     8    0.208905    0.257094    0.324171  100.325569 ^ clkbuf_0_CLK_I/Z (gf180mcu_fd_sc_mcu7t5v0__clkbuf_16)
                                                         clknet_0_CLK_I (net)
                      0.257129    0.004462  100.330032 ^ clkbuf_3_6__f_CLK_I/I (gf180mcu_fd_sc_mcu7t5v0__clkbuf_16)
    13    0.063776    0.128102    0.287479  100.617508 ^ clkbuf_3_6__f_CLK_I/Z (gf180mcu_fd_sc_mcu7t5v0__clkbuf_16)
                                                         clknet_3_6__leaf_CLK_I (net)
                      0.128103    0.000320  100.617828 ^ _878_/CLK (gf180mcu_fd_sc_mcu7t5v0__dffq_1)
                                 -0.500000  100.117828   clock uncertainty
                                  0.000000  100.117828   clock reconvergence pessimism
                                 -0.241347   99.876472   library setup time
                                             99.876472   data required time
---------------------------------------------------------------------------------------------
                                             99.876472   data required time
                                            -27.996954   data arrival time
---------------------------------------------------------------------------------------------
                                             71.879524   slack (MET)


Startpoint: RST_I (input port clocked by system_clock)
Endpoint: _877_ (rising edge-triggered flip-flop clocked by system_clock)
Path Group: system_clock
Path Type: max

Fanout         Cap        Slew       Delay        Time   Description
---------------------------------------------------------------------------------------------
                                  0.000000    0.000000   clock system_clock (rise edge)
                                  0.000000    0.000000   clock network delay (propagated)
                                 20.000000   20.000000 ^ input external delay
     1    0.007682    0.000000    0.000000   20.000000 ^ RST_I (in)
                                                         RST_I (net)
                      0.000227    0.000092   20.000093 ^ input10/I (gf180mcu_fd_sc_mcu7t5v0__dlyb_1)
    31    0.227300    3.684509    2.917146   22.917238 ^ input10/Z (gf180mcu_fd_sc_mcu7t5v0__dlyb_1)
                                                         net10 (net)
                      3.684667    0.013745   22.930984 ^ _430_/I (gf180mcu_fd_sc_mcu7t5v0__clkinv_1)
    16    0.124396    2.440044    1.985994   24.916977 v _430_/ZN (gf180mcu_fd_sc_mcu7t5v0__clkinv_1)
                                                         _103_ (net)
                      2.440068    0.004333   24.921310 v _491_/A1 (gf180mcu_fd_sc_mcu7t5v0__nand2_1)
     2    0.009497    0.624845    0.630745   25.552055 ^ _491_/ZN (gf180mcu_fd_sc_mcu7t5v0__nand2_1)
                                                         _155_ (net)
                      0.624845    0.000126   25.552181 ^ _502_/C (gf180mcu_fd_sc_mcu7t5v0__aoi211_1)
     5    0.035742    0.847388    0.626045   26.178226 v _502_/ZN (gf180mcu_fd_sc_mcu7t5v0__aoi211_1)
                                                         _166_ (net)
                      0.847388    0.000281   26.178507 v _505_/B (gf180mcu_fd_sc_mcu7t5v0__oai211_1)
     8    0.092220    2.861718    1.462192   27.640699 ^ _505_/ZN (gf180mcu_fd_sc_mcu7t5v0__oai211_1)
                                                         _169_ (net)
                      2.861731    0.003377   27.644075 ^ _523_/S (gf180mcu_fd_sc_mcu7t5v0__mux2_2)
     1    0.003381    0.167222    0.348862   27.992939 v _523_/Z (gf180mcu_fd_sc_mcu7t5v0__mux2_2)
                                                         _011_ (net)
                      0.167222    0.000066   27.993004 v _877_/D (gf180mcu_fd_sc_mcu7t5v0__dffq_1)
                                             27.993004   data arrival time

                                100.000000  100.000000   clock system_clock (rise edge)
                                  0.000000  100.000000   clock source latency
     1    0.036569    0.000000    0.000000  100.000000 ^ CLK_I (in)
                                                         CLK_I (net)
                      0.003416    0.001400  100.001396 ^ clkbuf_0_CLK_I/I (gf180mcu_fd_sc_mcu7t5v0__clkbuf_16)
     8    0.208905    0.257094    0.324171  100.325569 ^ clkbuf_0_CLK_I/Z (gf180mcu_fd_sc_mcu7t5v0__clkbuf_16)
                                                         clknet_0_CLK_I (net)
                      0.257108    0.002828  100.328392 ^ clkbuf_3_5__f_CLK_I/I (gf180mcu_fd_sc_mcu7t5v0__clkbuf_16)
    11    0.066470    0.130403    0.289226  100.617622 ^ clkbuf_3_5__f_CLK_I/Z (gf180mcu_fd_sc_mcu7t5v0__clkbuf_16)
                                                         clknet_3_5__leaf_CLK_I (net)
                      0.130403    0.000462  100.618080 ^ _877_/CLK (gf180mcu_fd_sc_mcu7t5v0__dffq_1)
                                 -0.500000  100.118080   clock uncertainty
                                  0.000000  100.118080   clock reconvergence pessimism
                                 -0.239500   99.878578   library setup time
                                             99.878578   data required time
---------------------------------------------------------------------------------------------
                                             99.878578   data required time
                                            -27.993004   data arrival time
---------------------------------------------------------------------------------------------
                                             71.885574   slack (MET)


Startpoint: RST_I (input port clocked by system_clock)
Endpoint: _874_ (rising edge-triggered flip-flop clocked by system_clock)
Path Group: system_clock
Path Type: max

Fanout         Cap        Slew       Delay        Time   Description
---------------------------------------------------------------------------------------------
                                  0.000000    0.000000   clock system_clock (rise edge)
                                  0.000000    0.000000   clock network delay (propagated)
                                 20.000000   20.000000 ^ input external delay
     1    0.007682    0.000000    0.000000   20.000000 ^ RST_I (in)
                                                         RST_I (net)
                      0.000227    0.000092   20.000093 ^ input10/I (gf180mcu_fd_sc_mcu7t5v0__dlyb_1)
    31    0.227300    3.684509    2.917146   22.917238 ^ input10/Z (gf180mcu_fd_sc_mcu7t5v0__dlyb_1)
                                                         net10 (net)
                      3.684667    0.013745   22.930984 ^ _430_/I (gf180mcu_fd_sc_mcu7t5v0__clkinv_1)
    16    0.124396    2.440044    1.985994   24.916977 v _430_/ZN (gf180mcu_fd_sc_mcu7t5v0__clkinv_1)
                                                         _103_ (net)
                      2.440068    0.004333   24.921310 v _491_/A1 (gf180mcu_fd_sc_mcu7t5v0__nand2_1)
     2    0.009497    0.624845    0.630745   25.552055 ^ _491_/ZN (gf180mcu_fd_sc_mcu7t5v0__nand2_1)
                                                         _155_ (net)
                      0.624845    0.000126   25.552181 ^ _502_/C (gf180mcu_fd_sc_mcu7t5v0__aoi211_1)
     5    0.035742    0.847388    0.626045   26.178226 v _502_/ZN (gf180mcu_fd_sc_mcu7t5v0__aoi211_1)
                                                         _166_ (net)
                      0.847388    0.000281   26.178507 v _505_/B (gf180mcu_fd_sc_mcu7t5v0__oai211_1)
     8    0.092220    2.861718    1.462192   27.640699 ^ _505_/ZN (gf180mcu_fd_sc_mcu7t5v0__oai211_1)
                                                         _169_ (net)
                      2.861718    0.002810   27.643509 ^ _508_/B2 (gf180mcu_fd_sc_mcu7t5v0__aoi22_1)
     1    0.002897    0.754879    0.116453   27.759962 v _508_/ZN (gf180mcu_fd_sc_mcu7t5v0__aoi22_1)
                                                         _008_ (net)
                      0.754879    0.000028   27.759991 v _874_/D (gf180mcu_fd_sc_mcu7t5v0__dffq_1)
                                             27.759991   data arrival time

                                100.000000  100.000000   clock system_clock (rise edge)
                                  0.000000  100.000000   clock source latency
     1    0.036569    0.000000    0.000000  100.000000 ^ CLK_I (in)
                                                         CLK_I (net)
                      0.003416    0.001400  100.001396 ^ clkbuf_0_CLK_I/I (gf180mcu_fd_sc_mcu7t5v0__clkbuf_16)
     8    0.208905    0.257094    0.324171  100.325569 ^ clkbuf_0_CLK_I/Z (gf180mcu_fd_sc_mcu7t5v0__clkbuf_16)
                                                         clknet_0_CLK_I (net)
                      0.257129    0.004462  100.330032 ^ clkbuf_3_6__f_CLK_I/I (gf180mcu_fd_sc_mcu7t5v0__clkbuf_16)
    13    0.063776    0.128102    0.287479  100.617508 ^ clkbuf_3_6__f_CLK_I/Z (gf180mcu_fd_sc_mcu7t5v0__clkbuf_16)
                                                         clknet_3_6__leaf_CLK_I (net)
                      0.128103    0.000533  100.618042 ^ _874_/CLK (gf180mcu_fd_sc_mcu7t5v0__dffq_1)
                                 -0.500000  100.118042   clock uncertainty
                                  0.000000  100.118042   clock reconvergence pessimism
                                 -0.448034   99.670006   library setup time
                                             99.670006   data required time
---------------------------------------------------------------------------------------------
                                             99.670006   data required time
                                            -27.759991   data arrival time
---------------------------------------------------------------------------------------------
                                             71.910019   slack (MET)


Startpoint: RST_I (input port clocked by system_clock)
Endpoint: _840_ (rising edge-triggered flip-flop clocked by system_clock)
Path Group: system_clock
Path Type: max

Fanout         Cap        Slew       Delay        Time   Description
---------------------------------------------------------------------------------------------
                                  0.000000    0.000000   clock system_clock (rise edge)
                                  0.000000    0.000000   clock network delay (propagated)
                                 20.000000   20.000000 ^ input external delay
     1    0.007682    0.000000    0.000000   20.000000 ^ RST_I (in)
                                                         RST_I (net)
                      0.000227    0.000092   20.000093 ^ input10/I (gf180mcu_fd_sc_mcu7t5v0__dlyb_1)
    31    0.227300    3.684509    2.917146   22.917238 ^ input10/Z (gf180mcu_fd_sc_mcu7t5v0__dlyb_1)
                                                         net10 (net)
                      3.684667    0.013745   22.930984 ^ _430_/I (gf180mcu_fd_sc_mcu7t5v0__clkinv_1)
    16    0.124396    2.440044    1.985994   24.916977 v _430_/ZN (gf180mcu_fd_sc_mcu7t5v0__clkinv_1)
                                                         _103_ (net)
                      2.440052    0.002498   24.919476 v _680_/A2 (gf180mcu_fd_sc_mcu7t5v0__nand2_1)
     3    0.028463    0.965347    1.014904   25.934380 ^ _680_/ZN (gf180mcu_fd_sc_mcu7t5v0__nand2_1)
                                                         _321_ (net)
                      0.965347    0.000158   25.934538 ^ _760_/A2 (gf180mcu_fd_sc_mcu7t5v0__nor4_1)
     5    0.049720    1.191998    0.894886   26.829424 v _760_/ZN (gf180mcu_fd_sc_mcu7t5v0__nor4_1)
                                                         _383_ (net)
                      1.191998    0.001842   26.831264 v max_cap35/I (gf180mcu_fd_sc_mcu7t5v0__buf_2)
     4    0.046684    0.280863    0.617307   27.448572 v max_cap35/Z (gf180mcu_fd_sc_mcu7t5v0__buf_2)
                                                         net35 (net)
                      0.280868    0.001302   27.449875 v _767_/S (gf180mcu_fd_sc_mcu7t5v0__mux2_2)
     1    0.005089    0.109306    0.411790   27.861664 ^ _767_/Z (gf180mcu_fd_sc_mcu7t5v0__mux2_2)
                                                         _053_ (net)
                      0.109306    0.000101   27.861765 ^ _840_/D (gf180mcu_fd_sc_mcu7t5v0__dffq_1)
                                             27.861765   data arrival time

                                100.000000  100.000000   clock system_clock (rise edge)
                                  0.000000  100.000000   clock source latency
     1    0.036569    0.000000    0.000000  100.000000 ^ CLK_I (in)
                                                         CLK_I (net)
                      0.003416    0.001400  100.001396 ^ clkbuf_0_CLK_I/I (gf180mcu_fd_sc_mcu7t5v0__clkbuf_16)
     8    0.208905    0.257094    0.324171  100.325569 ^ clkbuf_0_CLK_I/Z (gf180mcu_fd_sc_mcu7t5v0__clkbuf_16)
                                                         clknet_0_CLK_I (net)
                      0.257120    0.003844  100.329414 ^ clkbuf_3_2__f_CLK_I/I (gf180mcu_fd_sc_mcu7t5v0__clkbuf_16)
    14    0.060173    0.124970    0.284892  100.614304 ^ clkbuf_3_2__f_CLK_I/Z (gf180mcu_fd_sc_mcu7t5v0__clkbuf_16)
                                                         clknet_3_2__leaf_CLK_I (net)
                      0.124971    0.000803  100.615105 ^ _840_/CLK (gf180mcu_fd_sc_mcu7t5v0__dffq_1)
                                 -0.500000  100.115105   clock uncertainty
                                  0.000000  100.115105   clock reconvergence pessimism
                                 -0.210735   99.904373   library setup time
                                             99.904373   data required time
---------------------------------------------------------------------------------------------
                                             99.904373   data required time
                                            -27.861765   data arrival time
---------------------------------------------------------------------------------------------
                                             72.042603   slack (MET)


Startpoint: RST_I (input port clocked by system_clock)
Endpoint: _843_ (rising edge-triggered flip-flop clocked by system_clock)
Path Group: system_clock
Path Type: max

Fanout         Cap        Slew       Delay        Time   Description
---------------------------------------------------------------------------------------------
                                  0.000000    0.000000   clock system_clock (rise edge)
                                  0.000000    0.000000   clock network delay (propagated)
                                 20.000000   20.000000 ^ input external delay
     1    0.007682    0.000000    0.000000   20.000000 ^ RST_I (in)
                                                         RST_I (net)
                      0.000227    0.000092   20.000093 ^ input10/I (gf180mcu_fd_sc_mcu7t5v0__dlyb_1)
    31    0.227300    3.684509    2.917146   22.917238 ^ input10/Z (gf180mcu_fd_sc_mcu7t5v0__dlyb_1)
                                                         net10 (net)
                      3.684667    0.013745   22.930984 ^ _430_/I (gf180mcu_fd_sc_mcu7t5v0__clkinv_1)
    16    0.124396    2.440044    1.985994   24.916977 v _430_/ZN (gf180mcu_fd_sc_mcu7t5v0__clkinv_1)
                                                         _103_ (net)
                      2.440052    0.002498   24.919476 v _680_/A2 (gf180mcu_fd_sc_mcu7t5v0__nand2_1)
     3    0.028463    0.965347    1.014904   25.934380 ^ _680_/ZN (gf180mcu_fd_sc_mcu7t5v0__nand2_1)
                                                         _321_ (net)
                      0.965347    0.000158   25.934538 ^ _760_/A2 (gf180mcu_fd_sc_mcu7t5v0__nor4_1)
     5    0.049720    1.191998    0.894886   26.829424 v _760_/ZN (gf180mcu_fd_sc_mcu7t5v0__nor4_1)
                                                         _383_ (net)
                      1.191998    0.001842   26.831264 v max_cap35/I (gf180mcu_fd_sc_mcu7t5v0__buf_2)
     4    0.046684    0.280863    0.617307   27.448572 v max_cap35/Z (gf180mcu_fd_sc_mcu7t5v0__buf_2)
                                                         net35 (net)
                      0.280863    0.000703   27.449276 v _770_/S (gf180mcu_fd_sc_mcu7t5v0__mux2_2)
     1    0.004314    0.103649    0.407754   27.857029 ^ _770_/Z (gf180mcu_fd_sc_mcu7t5v0__mux2_2)
                                                         _056_ (net)
                      0.103649    0.000083   27.857113 ^ _843_/D (gf180mcu_fd_sc_mcu7t5v0__dffq_1)
                                             27.857113   data arrival time

                                100.000000  100.000000   clock system_clock (rise edge)
                                  0.000000  100.000000   clock source latency
     1    0.036569    0.000000    0.000000  100.000000 ^ CLK_I (in)
                                                         CLK_I (net)
                      0.003416    0.001400  100.001396 ^ clkbuf_0_CLK_I/I (gf180mcu_fd_sc_mcu7t5v0__clkbuf_16)
     8    0.208905    0.257094    0.324171  100.325569 ^ clkbuf_0_CLK_I/Z (gf180mcu_fd_sc_mcu7t5v0__clkbuf_16)
                                                         clknet_0_CLK_I (net)
                      0.257116    0.003553  100.329117 ^ clkbuf_3_3__f_CLK_I/I (gf180mcu_fd_sc_mcu7t5v0__clkbuf_16)
    10    0.068732    0.132332    0.290697  100.619820 ^ clkbuf_3_3__f_CLK_I/Z (gf180mcu_fd_sc_mcu7t5v0__clkbuf_16)
                                                         clknet_3_3__leaf_CLK_I (net)
                      0.132334    0.000803  100.620621 ^ _843_/CLK (gf180mcu_fd_sc_mcu7t5v0__dffq_1)
                                 -0.500000  100.120621   clock uncertainty
                                  0.000000  100.120621   clock reconvergence pessimism
                                 -0.208055   99.912567   library setup time
                                             99.912567   data required time
---------------------------------------------------------------------------------------------
                                             99.912567   data required time
                                            -27.857113   data arrival time
---------------------------------------------------------------------------------------------
                                             72.055450   slack (MET)


Startpoint: RST_I (input port clocked by system_clock)
Endpoint: _841_ (rising edge-triggered flip-flop clocked by system_clock)
Path Group: system_clock
Path Type: max

Fanout         Cap        Slew       Delay        Time   Description
---------------------------------------------------------------------------------------------
                                  0.000000    0.000000   clock system_clock (rise edge)
                                  0.000000    0.000000   clock network delay (propagated)
                                 20.000000   20.000000 ^ input external delay
     1    0.007682    0.000000    0.000000   20.000000 ^ RST_I (in)
                                                         RST_I (net)
                      0.000227    0.000092   20.000093 ^ input10/I (gf180mcu_fd_sc_mcu7t5v0__dlyb_1)
    31    0.227300    3.684509    2.917146   22.917238 ^ input10/Z (gf180mcu_fd_sc_mcu7t5v0__dlyb_1)
                                                         net10 (net)
                      3.684667    0.013745   22.930984 ^ _430_/I (gf180mcu_fd_sc_mcu7t5v0__clkinv_1)
    16    0.124396    2.440044    1.985994   24.916977 v _430_/ZN (gf180mcu_fd_sc_mcu7t5v0__clkinv_1)
                                                         _103_ (net)
                      2.440052    0.002498   24.919476 v _680_/A2 (gf180mcu_fd_sc_mcu7t5v0__nand2_1)
     3    0.028463    0.965347    1.014904   25.934380 ^ _680_/ZN (gf180mcu_fd_sc_mcu7t5v0__nand2_1)
                                                         _321_ (net)
                      0.965347    0.000158   25.934538 ^ _760_/A2 (gf180mcu_fd_sc_mcu7t5v0__nor4_1)
     5    0.049720    1.191998    0.894886   26.829424 v _760_/ZN (gf180mcu_fd_sc_mcu7t5v0__nor4_1)
                                                         _383_ (net)
                      1.191998    0.001842   26.831264 v max_cap35/I (gf180mcu_fd_sc_mcu7t5v0__buf_2)
     4    0.046684    0.280863    0.617307   27.448572 v max_cap35/Z (gf180mcu_fd_sc_mcu7t5v0__buf_2)
                                                         net35 (net)
                      0.280867    0.001195   27.449768 v _768_/S (gf180mcu_fd_sc_mcu7t5v0__mux2_2)
     1    0.003027    0.094128    0.399741   27.849508 ^ _768_/Z (gf180mcu_fd_sc_mcu7t5v0__mux2_2)
                                                         _054_ (net)
                      0.094128    0.000055   27.849564 ^ _841_/D (gf180mcu_fd_sc_mcu7t5v0__dffq_1)
                                             27.849564   data arrival time

                                100.000000  100.000000   clock system_clock (rise edge)
                                  0.000000  100.000000   clock source latency
     1    0.036569    0.000000    0.000000  100.000000 ^ CLK_I (in)
                                                         CLK_I (net)
                      0.003416    0.001400  100.001396 ^ clkbuf_0_CLK_I/I (gf180mcu_fd_sc_mcu7t5v0__clkbuf_16)
     8    0.208905    0.257094    0.324171  100.325569 ^ clkbuf_0_CLK_I/Z (gf180mcu_fd_sc_mcu7t5v0__clkbuf_16)
                                                         clknet_0_CLK_I (net)
                      0.257120    0.003844  100.329414 ^ clkbuf_3_2__f_CLK_I/I (gf180mcu_fd_sc_mcu7t5v0__clkbuf_16)
    14    0.060173    0.124970    0.284892  100.614304 ^ clkbuf_3_2__f_CLK_I/Z (gf180mcu_fd_sc_mcu7t5v0__clkbuf_16)
                                                         clknet_3_2__leaf_CLK_I (net)
                      0.124971    0.000796  100.615097 ^ _841_/CLK (gf180mcu_fd_sc_mcu7t5v0__dffq_1)
                                 -0.500000  100.115097   clock uncertainty
                                  0.000000  100.115097   clock reconvergence pessimism
                                 -0.207933   99.907166   library setup time
                                             99.907166   data required time
---------------------------------------------------------------------------------------------
                                             99.907166   data required time
                                            -27.849564   data arrival time
---------------------------------------------------------------------------------------------
                                             72.057602   slack (MET)


Startpoint: RST_I (input port clocked by system_clock)
Endpoint: _842_ (rising edge-triggered flip-flop clocked by system_clock)
Path Group: system_clock
Path Type: max

Fanout         Cap        Slew       Delay        Time   Description
---------------------------------------------------------------------------------------------
                                  0.000000    0.000000   clock system_clock (rise edge)
                                  0.000000    0.000000   clock network delay (propagated)
                                 20.000000   20.000000 ^ input external delay
     1    0.007682    0.000000    0.000000   20.000000 ^ RST_I (in)
                                                         RST_I (net)
                      0.000227    0.000092   20.000093 ^ input10/I (gf180mcu_fd_sc_mcu7t5v0__dlyb_1)
    31    0.227300    3.684509    2.917146   22.917238 ^ input10/Z (gf180mcu_fd_sc_mcu7t5v0__dlyb_1)
                                                         net10 (net)
                      3.684667    0.013745   22.930984 ^ _430_/I (gf180mcu_fd_sc_mcu7t5v0__clkinv_1)
    16    0.124396    2.440044    1.985994   24.916977 v _430_/ZN (gf180mcu_fd_sc_mcu7t5v0__clkinv_1)
                                                         _103_ (net)
                      2.440052    0.002498   24.919476 v _680_/A2 (gf180mcu_fd_sc_mcu7t5v0__nand2_1)
     3    0.028463    0.965347    1.014904   25.934380 ^ _680_/ZN (gf180mcu_fd_sc_mcu7t5v0__nand2_1)
                                                         _321_ (net)
                      0.965347    0.000158   25.934538 ^ _760_/A2 (gf180mcu_fd_sc_mcu7t5v0__nor4_1)
     5    0.049720    1.191998    0.894886   26.829424 v _760_/ZN (gf180mcu_fd_sc_mcu7t5v0__nor4_1)
                                                         _383_ (net)
                      1.191998    0.001842   26.831264 v max_cap35/I (gf180mcu_fd_sc_mcu7t5v0__buf_2)
     4    0.046684    0.280863    0.617307   27.448572 v max_cap35/Z (gf180mcu_fd_sc_mcu7t5v0__buf_2)
                                                         net35 (net)
                      0.280864    0.000888   27.449461 v _769_/S (gf180mcu_fd_sc_mcu7t5v0__mux2_2)
     1    0.002711    0.091886    0.397776   27.847237 ^ _769_/Z (gf180mcu_fd_sc_mcu7t5v0__mux2_2)
                                                         _055_ (net)
                      0.091886    0.000025   27.847261 ^ _842_/D (gf180mcu_fd_sc_mcu7t5v0__dffq_1)
                                             27.847261   data arrival time

                                100.000000  100.000000   clock system_clock (rise edge)
                                  0.000000  100.000000   clock source latency
     1    0.036569    0.000000    0.000000  100.000000 ^ CLK_I (in)
                                                         CLK_I (net)
                      0.003416    0.001400  100.001396 ^ clkbuf_0_CLK_I/I (gf180mcu_fd_sc_mcu7t5v0__clkbuf_16)
     8    0.208905    0.257094    0.324171  100.325569 ^ clkbuf_0_CLK_I/Z (gf180mcu_fd_sc_mcu7t5v0__clkbuf_16)
                                                         clknet_0_CLK_I (net)
                      0.257120    0.003844  100.329414 ^ clkbuf_3_2__f_CLK_I/I (gf180mcu_fd_sc_mcu7t5v0__clkbuf_16)
    14    0.060173    0.124970    0.284892  100.614304 ^ clkbuf_3_2__f_CLK_I/Z (gf180mcu_fd_sc_mcu7t5v0__clkbuf_16)
                                                         clknet_3_2__leaf_CLK_I (net)
                      0.124971    0.000732  100.615036 ^ _842_/CLK (gf180mcu_fd_sc_mcu7t5v0__dffq_1)
                                 -0.500000  100.115036   clock uncertainty
                                  0.000000  100.115036   clock reconvergence pessimism
                                 -0.207519   99.907509   library setup time
                                             99.907509   data required time
---------------------------------------------------------------------------------------------
                                             99.907509   data required time
                                            -27.847261   data arrival time
---------------------------------------------------------------------------------------------
                                             72.060249   slack (MET)


Startpoint: RST_I (input port clocked by system_clock)
Endpoint: _824_ (rising edge-triggered flip-flop clocked by system_clock)
Path Group: system_clock
Path Type: max

Fanout         Cap        Slew       Delay        Time   Description
---------------------------------------------------------------------------------------------
                                  0.000000    0.000000   clock system_clock (rise edge)
                                  0.000000    0.000000   clock network delay (propagated)
                                 20.000000   20.000000 ^ input external delay
     1    0.007682    0.000000    0.000000   20.000000 ^ RST_I (in)
                                                         RST_I (net)
                      0.000227    0.000092   20.000093 ^ input10/I (gf180mcu_fd_sc_mcu7t5v0__dlyb_1)
    31    0.227300    3.684509    2.917146   22.917238 ^ input10/Z (gf180mcu_fd_sc_mcu7t5v0__dlyb_1)
                                                         net10 (net)
                      3.684667    0.013745   22.930984 ^ _430_/I (gf180mcu_fd_sc_mcu7t5v0__clkinv_1)
    16    0.124396    2.440044    1.985994   24.916977 v _430_/ZN (gf180mcu_fd_sc_mcu7t5v0__clkinv_1)
                                                         _103_ (net)
                      2.440053    0.002702   24.919680 v _678_/B (gf180mcu_fd_sc_mcu7t5v0__oai21_1)
     2    0.011835    0.838466    0.862791   25.782471 ^ _678_/ZN (gf180mcu_fd_sc_mcu7t5v0__oai21_1)
                                                         _319_ (net)
                      0.838466    0.000083   25.782555 ^ _681_/A3 (gf180mcu_fd_sc_mcu7t5v0__nor4_1)
     5    0.054020    1.262656    0.946869   26.729424 v _681_/ZN (gf180mcu_fd_sc_mcu7t5v0__nor4_1)
                                                         _322_ (net)
                      1.262676    0.002791   26.732214 v max_cap36/I (gf180mcu_fd_sc_mcu7t5v0__buf_2)
     4    0.054160    0.313696    0.655128   27.387341 v max_cap36/Z (gf180mcu_fd_sc_mcu7t5v0__buf_2)
                                                         net36 (net)
                      0.313716    0.001506   27.388847 v _691_/S (gf180mcu_fd_sc_mcu7t5v0__mux2_2)
     1    0.006816    0.131768    0.430386   27.819235 ^ _691_/Z (gf180mcu_fd_sc_mcu7t5v0__mux2_2)
                                                         _037_ (net)
                      0.131768    0.000165   27.819399 ^ _824_/D (gf180mcu_fd_sc_mcu7t5v0__dffq_1)
                                             27.819399   data arrival time

                                100.000000  100.000000   clock system_clock (rise edge)
                                  0.000000  100.000000   clock source latency
     1    0.036569    0.000000    0.000000  100.000000 ^ CLK_I (in)
                                                         CLK_I (net)
                      0.003416    0.001400  100.001396 ^ clkbuf_0_CLK_I/I (gf180mcu_fd_sc_mcu7t5v0__clkbuf_16)
     8    0.208905    0.257094    0.324171  100.325569 ^ clkbuf_0_CLK_I/Z (gf180mcu_fd_sc_mcu7t5v0__clkbuf_16)
                                                         clknet_0_CLK_I (net)
                      0.257138    0.004974  100.330544 ^ clkbuf_3_7__f_CLK_I/I (gf180mcu_fd_sc_mcu7t5v0__clkbuf_16)
    13    0.062541    0.127021    0.286569  100.617111 ^ clkbuf_3_7__f_CLK_I/Z (gf180mcu_fd_sc_mcu7t5v0__clkbuf_16)
                                                         clknet_3_7__leaf_CLK_I (net)
                      0.127023    0.000959  100.618073 ^ _824_/CLK (gf180mcu_fd_sc_mcu7t5v0__dffq_1)
                                 -0.500000  100.118065   clock uncertainty
                                  0.000000  100.118065   clock reconvergence pessimism
                                 -0.214433   99.903633   library setup time
                                             99.903633   data required time
---------------------------------------------------------------------------------------------
                                             99.903633   data required time
                                            -27.819399   data arrival time
---------------------------------------------------------------------------------------------
                                             72.084236   slack (MET)


Startpoint: RST_I (input port clocked by system_clock)
Endpoint: _821_ (rising edge-triggered flip-flop clocked by system_clock)
Path Group: system_clock
Path Type: max

Fanout         Cap        Slew       Delay        Time   Description
---------------------------------------------------------------------------------------------
                                  0.000000    0.000000   clock system_clock (rise edge)
                                  0.000000    0.000000   clock network delay (propagated)
                                 20.000000   20.000000 ^ input external delay
     1    0.007682    0.000000    0.000000   20.000000 ^ RST_I (in)
                                                         RST_I (net)
                      0.000227    0.000092   20.000093 ^ input10/I (gf180mcu_fd_sc_mcu7t5v0__dlyb_1)
    31    0.227300    3.684509    2.917146   22.917238 ^ input10/Z (gf180mcu_fd_sc_mcu7t5v0__dlyb_1)
                                                         net10 (net)
                      3.684667    0.013745   22.930984 ^ _430_/I (gf180mcu_fd_sc_mcu7t5v0__clkinv_1)
    16    0.124396    2.440044    1.985994   24.916977 v _430_/ZN (gf180mcu_fd_sc_mcu7t5v0__clkinv_1)
                                                         _103_ (net)
                      2.440053    0.002702   24.919680 v _678_/B (gf180mcu_fd_sc_mcu7t5v0__oai21_1)
     2    0.011835    0.838466    0.862791   25.782471 ^ _678_/ZN (gf180mcu_fd_sc_mcu7t5v0__oai21_1)
                                                         _319_ (net)
                      0.838466    0.000083   25.782555 ^ _681_/A3 (gf180mcu_fd_sc_mcu7t5v0__nor4_1)
     5    0.054020    1.262656    0.946869   26.729424 v _681_/ZN (gf180mcu_fd_sc_mcu7t5v0__nor4_1)
                                                         _322_ (net)
                      1.262676    0.002791   26.732214 v max_cap36/I (gf180mcu_fd_sc_mcu7t5v0__buf_2)
     4    0.054160    0.313696    0.655128   27.387341 v max_cap36/Z (gf180mcu_fd_sc_mcu7t5v0__buf_2)
                                                         net36 (net)
                      0.313705    0.001037   27.388378 v _687_/S (gf180mcu_fd_sc_mcu7t5v0__mux2_2)
     1    0.005787    0.127048    0.425047   27.813425 ^ _687_/Z (gf180mcu_fd_sc_mcu7t5v0__mux2_2)
                                                         _034_ (net)
                      0.127048    0.000085   27.813511 ^ _821_/D (gf180mcu_fd_sc_mcu7t5v0__dffq_1)
                                             27.813511   data arrival time

                                100.000000  100.000000   clock system_clock (rise edge)
                                  0.000000  100.000000   clock source latency
     1    0.036569    0.000000    0.000000  100.000000 ^ CLK_I (in)
                                                         CLK_I (net)
                      0.003416    0.001400  100.001396 ^ clkbuf_0_CLK_I/I (gf180mcu_fd_sc_mcu7t5v0__clkbuf_16)
     8    0.208905    0.257094    0.324171  100.325569 ^ clkbuf_0_CLK_I/Z (gf180mcu_fd_sc_mcu7t5v0__clkbuf_16)
                                                         clknet_0_CLK_I (net)
                      0.257138    0.004974  100.330544 ^ clkbuf_3_7__f_CLK_I/I (gf180mcu_fd_sc_mcu7t5v0__clkbuf_16)
    13    0.062541    0.127021    0.286569  100.617111 ^ clkbuf_3_7__f_CLK_I/Z (gf180mcu_fd_sc_mcu7t5v0__clkbuf_16)
                                                         clknet_3_7__leaf_CLK_I (net)
                      0.127023    0.000846  100.617958 ^ _821_/CLK (gf180mcu_fd_sc_mcu7t5v0__dffq_1)
                                 -0.500000  100.117950   clock uncertainty
                                  0.000000  100.117950   clock reconvergence pessimism
                                 -0.213560   99.904396   library setup time
                                             99.904396   data required time
---------------------------------------------------------------------------------------------
                                             99.904396   data required time
                                            -27.813511   data arrival time
---------------------------------------------------------------------------------------------
                                             72.090889   slack (MET)


Startpoint: RST_I (input port clocked by system_clock)
Endpoint: _823_ (rising edge-triggered flip-flop clocked by system_clock)
Path Group: system_clock
Path Type: max

Fanout         Cap        Slew       Delay        Time   Description
---------------------------------------------------------------------------------------------
                                  0.000000    0.000000   clock system_clock (rise edge)
                                  0.000000    0.000000   clock network delay (propagated)
                                 20.000000   20.000000 ^ input external delay
     1    0.007682    0.000000    0.000000   20.000000 ^ RST_I (in)
                                                         RST_I (net)
                      0.000227    0.000092   20.000093 ^ input10/I (gf180mcu_fd_sc_mcu7t5v0__dlyb_1)
    31    0.227300    3.684509    2.917146   22.917238 ^ input10/Z (gf180mcu_fd_sc_mcu7t5v0__dlyb_1)
                                                         net10 (net)
                      3.684667    0.013745   22.930984 ^ _430_/I (gf180mcu_fd_sc_mcu7t5v0__clkinv_1)
    16    0.124396    2.440044    1.985994   24.916977 v _430_/ZN (gf180mcu_fd_sc_mcu7t5v0__clkinv_1)
                                                         _103_ (net)
                      2.440053    0.002702   24.919680 v _678_/B (gf180mcu_fd_sc_mcu7t5v0__oai21_1)
     2    0.011835    0.838466    0.862791   25.782471 ^ _678_/ZN (gf180mcu_fd_sc_mcu7t5v0__oai21_1)
                                                         _319_ (net)
                      0.838466    0.000083   25.782555 ^ _681_/A3 (gf180mcu_fd_sc_mcu7t5v0__nor4_1)
     5    0.054020    1.262656    0.946869   26.729424 v _681_/ZN (gf180mcu_fd_sc_mcu7t5v0__nor4_1)
                                                         _322_ (net)
                      1.262676    0.002791   26.732214 v max_cap36/I (gf180mcu_fd_sc_mcu7t5v0__buf_2)
     4    0.054160    0.313696    0.655128   27.387341 v max_cap36/Z (gf180mcu_fd_sc_mcu7t5v0__buf_2)
                                                         net36 (net)
                      0.313715    0.001457   27.388798 v _690_/S (gf180mcu_fd_sc_mcu7t5v0__mux2_2)
     1    0.004554    0.116762    0.418620   27.807417 ^ _690_/Z (gf180mcu_fd_sc_mcu7t5v0__mux2_2)
                                                         _036_ (net)
                      0.116762    0.000092   27.807510 ^ _823_/D (gf180mcu_fd_sc_mcu7t5v0__dffq_1)
                                             27.807510   data arrival time

                                100.000000  100.000000   clock system_clock (rise edge)
                                  0.000000  100.000000   clock source latency
     1    0.036569    0.000000    0.000000  100.000000 ^ CLK_I (in)
                                                         CLK_I (net)
                      0.003416    0.001400  100.001396 ^ clkbuf_0_CLK_I/I (gf180mcu_fd_sc_mcu7t5v0__clkbuf_16)
     8    0.208905    0.257094    0.324171  100.325569 ^ clkbuf_0_CLK_I/Z (gf180mcu_fd_sc_mcu7t5v0__clkbuf_16)
                                                         clknet_0_CLK_I (net)
                      0.257129    0.004462  100.330032 ^ clkbuf_3_6__f_CLK_I/I (gf180mcu_fd_sc_mcu7t5v0__clkbuf_16)
    13    0.063776    0.128102    0.287479  100.617508 ^ clkbuf_3_6__f_CLK_I/Z (gf180mcu_fd_sc_mcu7t5v0__clkbuf_16)
                                                         clknet_3_6__leaf_CLK_I (net)
                      0.128102    0.000135  100.617645 ^ _823_/CLK (gf180mcu_fd_sc_mcu7t5v0__dffq_1)
                                 -0.500000  100.117645   clock uncertainty
                                  0.000000  100.117645   clock reconvergence pessimism
                                 -0.211421   99.906219   library setup time
                                             99.906219   data required time
---------------------------------------------------------------------------------------------
                                             99.906219   data required time
                                            -27.807510   data arrival time
---------------------------------------------------------------------------------------------
                                             72.098709   slack (MET)


Startpoint: RST_I (input port clocked by system_clock)
Endpoint: _825_ (rising edge-triggered flip-flop clocked by system_clock)
Path Group: system_clock
Path Type: max

Fanout         Cap        Slew       Delay        Time   Description
---------------------------------------------------------------------------------------------
                                  0.000000    0.000000   clock system_clock (rise edge)
                                  0.000000    0.000000   clock network delay (propagated)
                                 20.000000   20.000000 ^ input external delay
     1    0.007682    0.000000    0.000000   20.000000 ^ RST_I (in)
                                                         RST_I (net)
                      0.000227    0.000092   20.000093 ^ input10/I (gf180mcu_fd_sc_mcu7t5v0__dlyb_1)
    31    0.227300    3.684509    2.917146   22.917238 ^ input10/Z (gf180mcu_fd_sc_mcu7t5v0__dlyb_1)
                                                         net10 (net)
                      3.684667    0.013745   22.930984 ^ _430_/I (gf180mcu_fd_sc_mcu7t5v0__clkinv_1)
    16    0.124396    2.440044    1.985994   24.916977 v _430_/ZN (gf180mcu_fd_sc_mcu7t5v0__clkinv_1)
                                                         _103_ (net)
                      2.440053    0.002702   24.919680 v _678_/B (gf180mcu_fd_sc_mcu7t5v0__oai21_1)
     2    0.011835    0.838466    0.862791   25.782471 ^ _678_/ZN (gf180mcu_fd_sc_mcu7t5v0__oai21_1)
                                                         _319_ (net)
                      0.838466    0.000083   25.782555 ^ _681_/A3 (gf180mcu_fd_sc_mcu7t5v0__nor4_1)
     5    0.054020    1.262656    0.946869   26.729424 v _681_/ZN (gf180mcu_fd_sc_mcu7t5v0__nor4_1)
                                                         _322_ (net)
                      1.262676    0.002791   26.732214 v max_cap36/I (gf180mcu_fd_sc_mcu7t5v0__buf_2)
     4    0.054160    0.313696    0.655128   27.387341 v max_cap36/Z (gf180mcu_fd_sc_mcu7t5v0__buf_2)
                                                         net36 (net)
                      0.313717    0.001535   27.388876 v _692_/S (gf180mcu_fd_sc_mcu7t5v0__mux2_2)
     1    0.003562    0.106746    0.412696   27.801571 ^ _692_/Z (gf180mcu_fd_sc_mcu7t5v0__mux2_2)
                                                         _038_ (net)
                      0.106746    0.000071   27.801643 ^ _825_/D (gf180mcu_fd_sc_mcu7t5v0__dffq_1)
                                             27.801643   data arrival time

                                100.000000  100.000000   clock system_clock (rise edge)
                                  0.000000  100.000000   clock source latency
     1    0.036569    0.000000    0.000000  100.000000 ^ CLK_I (in)
                                                         CLK_I (net)
                      0.003416    0.001400  100.001396 ^ clkbuf_0_CLK_I/I (gf180mcu_fd_sc_mcu7t5v0__clkbuf_16)
     8    0.208905    0.257094    0.324171  100.325569 ^ clkbuf_0_CLK_I/Z (gf180mcu_fd_sc_mcu7t5v0__clkbuf_16)
                                                         clknet_0_CLK_I (net)
                      0.257129    0.004462  100.330032 ^ clkbuf_3_6__f_CLK_I/I (gf180mcu_fd_sc_mcu7t5v0__clkbuf_16)
    13    0.063776    0.128102    0.287479  100.617508 ^ clkbuf_3_6__f_CLK_I/Z (gf180mcu_fd_sc_mcu7t5v0__clkbuf_16)
                                                         clknet_3_6__leaf_CLK_I (net)
                      0.128102    0.000135  100.617645 ^ _825_/CLK (gf180mcu_fd_sc_mcu7t5v0__dffq_1)
                                 -0.500000  100.117645   clock uncertainty
                                  0.000000  100.117645   clock reconvergence pessimism
                                 -0.209568   99.908073   library setup time
                                             99.908073   data required time
---------------------------------------------------------------------------------------------
                                             99.908073   data required time
                                            -27.801643   data arrival time
---------------------------------------------------------------------------------------------
                                             72.106430   slack (MET)


Startpoint: RST_I (input port clocked by system_clock)
Endpoint: _888_ (rising edge-triggered flip-flop clocked by system_clock)
Path Group: system_clock
Path Type: max

Fanout         Cap        Slew       Delay        Time   Description
---------------------------------------------------------------------------------------------
                                  0.000000    0.000000   clock system_clock (rise edge)
                                  0.000000    0.000000   clock network delay (propagated)
                                 20.000000   20.000000 ^ input external delay
     1    0.007682    0.000000    0.000000   20.000000 ^ RST_I (in)
                                                         RST_I (net)
                      0.000227    0.000092   20.000093 ^ input10/I (gf180mcu_fd_sc_mcu7t5v0__dlyb_1)
    31    0.227300    3.684509    2.917146   22.917238 ^ input10/Z (gf180mcu_fd_sc_mcu7t5v0__dlyb_1)
                                                         net10 (net)
                      3.684667    0.013745   22.930984 ^ _430_/I (gf180mcu_fd_sc_mcu7t5v0__clkinv_1)
    16    0.124396    2.440044    1.985994   24.916977 v _430_/ZN (gf180mcu_fd_sc_mcu7t5v0__clkinv_1)
                                                         _103_ (net)
                      2.440068    0.004333   24.921310 v _491_/A1 (gf180mcu_fd_sc_mcu7t5v0__nand2_1)
     2    0.009497    0.624845    0.630745   25.552055 ^ _491_/ZN (gf180mcu_fd_sc_mcu7t5v0__nand2_1)
                                                         _155_ (net)
                      0.624845    0.000146   25.552200 ^ _492_/A2 (gf180mcu_fd_sc_mcu7t5v0__nor2_1)
     3    0.018009    0.483728    0.330056   25.882257 v _492_/ZN (gf180mcu_fd_sc_mcu7t5v0__nor2_1)
                                                         _156_ (net)
                      0.483728    0.000288   25.882545 v _503_/B (gf180mcu_fd_sc_mcu7t5v0__oai21_1)
     6    0.036392    1.197065    0.620657   26.503202 ^ _503_/ZN (gf180mcu_fd_sc_mcu7t5v0__oai21_1)
                                                         _167_ (net)
                      1.197065    0.000629   26.503832 ^ _579_/B (gf180mcu_fd_sc_mcu7t5v0__aoi211_1)
     2    0.012540    0.610430    0.427621   26.931452 v _579_/ZN (gf180mcu_fd_sc_mcu7t5v0__aoi211_1)
                                                         _230_ (net)
                      0.610430    0.000169   26.931620 v _586_/A2 (gf180mcu_fd_sc_mcu7t5v0__nor2_1)
     1    0.005972    0.351962    0.304418   27.236038 ^ _586_/ZN (gf180mcu_fd_sc_mcu7t5v0__nor2_1)
                                                         _236_ (net)
                      0.351962    0.000123   27.236160 ^ _587_/B (gf180mcu_fd_sc_mcu7t5v0__aoi21_1)
     1    0.003397    0.254222    0.201922   27.438084 v _587_/ZN (gf180mcu_fd_sc_mcu7t5v0__aoi21_1)
                                                         _022_ (net)
                      0.254222    0.000036   27.438118 v _888_/D (gf180mcu_fd_sc_mcu7t5v0__dffq_1)
                                             27.438118   data arrival time

                                100.000000  100.000000   clock system_clock (rise edge)
                                  0.000000  100.000000   clock source latency
     1    0.036569    0.000000    0.000000  100.000000 ^ CLK_I (in)
                                                         CLK_I (net)
                      0.003416    0.001400  100.001396 ^ clkbuf_0_CLK_I/I (gf180mcu_fd_sc_mcu7t5v0__clkbuf_16)
     8    0.208905    0.257094    0.324171  100.325569 ^ clkbuf_0_CLK_I/Z (gf180mcu_fd_sc_mcu7t5v0__clkbuf_16)
                                                         clknet_0_CLK_I (net)
                      0.257111    0.003091  100.328659 ^ clkbuf_3_4__f_CLK_I/I (gf180mcu_fd_sc_mcu7t5v0__clkbuf_16)
    10    0.071121    0.134332    0.292097  100.620758 ^ clkbuf_3_4__f_CLK_I/Z (gf180mcu_fd_sc_mcu7t5v0__clkbuf_16)
                                                         clknet_3_4__leaf_CLK_I (net)
                      0.134332    0.000313  100.621071 ^ _888_/CLK (gf180mcu_fd_sc_mcu7t5v0__dffq_1)
                                 -0.500000  100.121063   clock uncertainty
                                  0.000000  100.121063   clock reconvergence pessimism
                                 -0.266360   99.854706   library setup time
                                             99.854706   data required time
---------------------------------------------------------------------------------------------
                                             99.854706   data required time
                                            -27.438118   data arrival time
---------------------------------------------------------------------------------------------
                                             72.416588   slack (MET)


Startpoint: RST_I (input port clocked by system_clock)
Endpoint: _836_ (rising edge-triggered flip-flop clocked by system_clock)
Path Group: system_clock
Path Type: max

Fanout         Cap        Slew       Delay        Time   Description
---------------------------------------------------------------------------------------------
                                  0.000000    0.000000   clock system_clock (rise edge)
                                  0.000000    0.000000   clock network delay (propagated)
                                 20.000000   20.000000 ^ input external delay
     1    0.007682    0.000000    0.000000   20.000000 ^ RST_I (in)
                                                         RST_I (net)
                      0.000227    0.000092   20.000093 ^ input10/I (gf180mcu_fd_sc_mcu7t5v0__dlyb_1)
    31    0.227300    3.684509    2.917146   22.917238 ^ input10/Z (gf180mcu_fd_sc_mcu7t5v0__dlyb_1)
                                                         net10 (net)
                      3.684667    0.013745   22.930984 ^ _430_/I (gf180mcu_fd_sc_mcu7t5v0__clkinv_1)
    16    0.124396    2.440044    1.985994   24.916977 v _430_/ZN (gf180mcu_fd_sc_mcu7t5v0__clkinv_1)
                                                         _103_ (net)
                      2.440052    0.002498   24.919476 v _680_/A2 (gf180mcu_fd_sc_mcu7t5v0__nand2_1)
     3    0.028463    0.965347    1.014904   25.934380 ^ _680_/ZN (gf180mcu_fd_sc_mcu7t5v0__nand2_1)
                                                         _321_ (net)
                      0.965347    0.000158   25.934538 ^ _760_/A2 (gf180mcu_fd_sc_mcu7t5v0__nor4_1)
     5    0.049720    1.191998    0.894886   26.829424 v _760_/ZN (gf180mcu_fd_sc_mcu7t5v0__nor4_1)
                                                         _383_ (net)
                      1.191998    0.000105   26.829527 v _761_/S (gf180mcu_fd_sc_mcu7t5v0__mux2_2)
     1    0.004954    0.149879    0.602444   27.431973 v _761_/Z (gf180mcu_fd_sc_mcu7t5v0__mux2_2)
                                                         _049_ (net)
                      0.149879    0.000103   27.432076 v _836_/D (gf180mcu_fd_sc_mcu7t5v0__dffq_1)
                                             27.432076   data arrival time

                                100.000000  100.000000   clock system_clock (rise edge)
                                  0.000000  100.000000   clock source latency
     1    0.036569    0.000000    0.000000  100.000000 ^ CLK_I (in)
                                                         CLK_I (net)
                      0.003416    0.001400  100.001396 ^ clkbuf_0_CLK_I/I (gf180mcu_fd_sc_mcu7t5v0__clkbuf_16)
     8    0.208905    0.257094    0.324171  100.325569 ^ clkbuf_0_CLK_I/Z (gf180mcu_fd_sc_mcu7t5v0__clkbuf_16)
                                                         clknet_0_CLK_I (net)
                      0.257119    0.003752  100.329323 ^ clkbuf_3_0__f_CLK_I/I (gf180mcu_fd_sc_mcu7t5v0__clkbuf_16)
     9    0.058179    0.123285    0.283677  100.612999 ^ clkbuf_3_0__f_CLK_I/Z (gf180mcu_fd_sc_mcu7t5v0__clkbuf_16)
                                                         clknet_3_0__leaf_CLK_I (net)
                      0.123287    0.001037  100.614037 ^ _836_/CLK (gf180mcu_fd_sc_mcu7t5v0__dffq_1)
                                 -0.500000  100.114029   clock uncertainty
                                  0.000000  100.114029   clock reconvergence pessimism
                                 -0.235598   99.878441   library setup time
                                             99.878441   data required time
---------------------------------------------------------------------------------------------
                                             99.878441   data required time
                                            -27.432076   data arrival time
---------------------------------------------------------------------------------------------
                                             72.446365   slack (MET)


Startpoint: RST_I (input port clocked by system_clock)
Endpoint: _839_ (rising edge-triggered flip-flop clocked by system_clock)
Path Group: system_clock
Path Type: max

Fanout         Cap        Slew       Delay        Time   Description
---------------------------------------------------------------------------------------------
                                  0.000000    0.000000   clock system_clock (rise edge)
                                  0.000000    0.000000   clock network delay (propagated)
                                 20.000000   20.000000 ^ input external delay
     1    0.007682    0.000000    0.000000   20.000000 ^ RST_I (in)
                                                         RST_I (net)
                      0.000227    0.000092   20.000093 ^ input10/I (gf180mcu_fd_sc_mcu7t5v0__dlyb_1)
    31    0.227300    3.684509    2.917146   22.917238 ^ input10/Z (gf180mcu_fd_sc_mcu7t5v0__dlyb_1)
                                                         net10 (net)
                      3.684667    0.013745   22.930984 ^ _430_/I (gf180mcu_fd_sc_mcu7t5v0__clkinv_1)
    16    0.124396    2.440044    1.985994   24.916977 v _430_/ZN (gf180mcu_fd_sc_mcu7t5v0__clkinv_1)
                                                         _103_ (net)
                      2.440052    0.002498   24.919476 v _680_/A2 (gf180mcu_fd_sc_mcu7t5v0__nand2_1)
     3    0.028463    0.965347    1.014904   25.934380 ^ _680_/ZN (gf180mcu_fd_sc_mcu7t5v0__nand2_1)
                                                         _321_ (net)
                      0.965347    0.000158   25.934538 ^ _760_/A2 (gf180mcu_fd_sc_mcu7t5v0__nor4_1)
     5    0.049720    1.191998    0.894886   26.829424 v _760_/ZN (gf180mcu_fd_sc_mcu7t5v0__nor4_1)
                                                         _383_ (net)
                      1.191999    0.001878   26.831301 v _766_/S (gf180mcu_fd_sc_mcu7t5v0__mux2_2)
     1    0.003823    0.156254    0.611436   27.442738 ^ _766_/Z (gf180mcu_fd_sc_mcu7t5v0__mux2_2)
                                                         _052_ (net)
                      0.156254    0.000075   27.442812 ^ _839_/D (gf180mcu_fd_sc_mcu7t5v0__dffq_1)
                                             27.442812   data arrival time

                                100.000000  100.000000   clock system_clock (rise edge)
                                  0.000000  100.000000   clock source latency
     1    0.036569    0.000000    0.000000  100.000000 ^ CLK_I (in)
                                                         CLK_I (net)
                      0.003416    0.001400  100.001396 ^ clkbuf_0_CLK_I/I (gf180mcu_fd_sc_mcu7t5v0__clkbuf_16)
     8    0.208905    0.257094    0.324171  100.325569 ^ clkbuf_0_CLK_I/Z (gf180mcu_fd_sc_mcu7t5v0__clkbuf_16)
                                                         clknet_0_CLK_I (net)
                      0.257120    0.003844  100.329414 ^ clkbuf_3_2__f_CLK_I/I (gf180mcu_fd_sc_mcu7t5v0__clkbuf_16)
    14    0.060173    0.124970    0.284892  100.614304 ^ clkbuf_3_2__f_CLK_I/Z (gf180mcu_fd_sc_mcu7t5v0__clkbuf_16)
                                                         clknet_3_2__leaf_CLK_I (net)
                      0.124970    0.000348  100.614655 ^ _839_/CLK (gf180mcu_fd_sc_mcu7t5v0__dffq_1)
                                 -0.500000  100.114647   clock uncertainty
                                  0.000000  100.114647   clock reconvergence pessimism
                                 -0.218451   99.896202   library setup time
                                             99.896202   data required time
---------------------------------------------------------------------------------------------
                                             99.896202   data required time
                                            -27.442812   data arrival time
---------------------------------------------------------------------------------------------
                                             72.453392   slack (MET)


Startpoint: RST_I (input port clocked by system_clock)
Endpoint: _889_ (rising edge-triggered flip-flop clocked by system_clock)
Path Group: system_clock
Path Type: max

Fanout         Cap        Slew       Delay        Time   Description
---------------------------------------------------------------------------------------------
                                  0.000000    0.000000   clock system_clock (rise edge)
                                  0.000000    0.000000   clock network delay (propagated)
                                 20.000000   20.000000 ^ input external delay
     1    0.007682    0.000000    0.000000   20.000000 ^ RST_I (in)
                                                         RST_I (net)
                      0.000227    0.000092   20.000093 ^ input10/I (gf180mcu_fd_sc_mcu7t5v0__dlyb_1)
    31    0.227300    3.684509    2.917146   22.917238 ^ input10/Z (gf180mcu_fd_sc_mcu7t5v0__dlyb_1)
                                                         net10 (net)
                      3.684667    0.013745   22.930984 ^ _430_/I (gf180mcu_fd_sc_mcu7t5v0__clkinv_1)
    16    0.124396    2.440044    1.985994   24.916977 v _430_/ZN (gf180mcu_fd_sc_mcu7t5v0__clkinv_1)
                                                         _103_ (net)
                      2.440068    0.004333   24.921310 v _491_/A1 (gf180mcu_fd_sc_mcu7t5v0__nand2_1)
     2    0.009497    0.624845    0.630745   25.552055 ^ _491_/ZN (gf180mcu_fd_sc_mcu7t5v0__nand2_1)
                                                         _155_ (net)
                      0.624845    0.000146   25.552200 ^ _492_/A2 (gf180mcu_fd_sc_mcu7t5v0__nor2_1)
     3    0.018009    0.483728    0.330056   25.882257 v _492_/ZN (gf180mcu_fd_sc_mcu7t5v0__nor2_1)
                                                         _156_ (net)
                      0.483728    0.000288   25.882545 v _503_/B (gf180mcu_fd_sc_mcu7t5v0__oai21_1)
     6    0.036392    1.197065    0.620657   26.503202 ^ _503_/ZN (gf180mcu_fd_sc_mcu7t5v0__oai21_1)
                                                         _167_ (net)
                      1.197065    0.000600   26.503803 ^ _584_/B (gf180mcu_fd_sc_mcu7t5v0__aoi211_1)
     2    0.010904    0.589097    0.403331   26.907133 v _584_/ZN (gf180mcu_fd_sc_mcu7t5v0__aoi211_1)
                                                         _234_ (net)
                      0.589097    0.000163   26.907297 v _588_/A2 (gf180mcu_fd_sc_mcu7t5v0__nor2_1)
     1    0.004935    0.326659    0.282734   27.190031 ^ _588_/ZN (gf180mcu_fd_sc_mcu7t5v0__nor2_1)
                                                         _237_ (net)
                      0.326659    0.000048   27.190079 ^ _591_/A1 (gf180mcu_fd_sc_mcu7t5v0__nor2_1)
     1    0.002939    0.287481    0.108935   27.299013 v _591_/ZN (gf180mcu_fd_sc_mcu7t5v0__nor2_1)
                                                         _023_ (net)
                      0.287481    0.000028   27.299042 v _889_/D (gf180mcu_fd_sc_mcu7t5v0__dffq_1)
                                             27.299042   data arrival time

                                100.000000  100.000000   clock system_clock (rise edge)
                                  0.000000  100.000000   clock source latency
     1    0.036569    0.000000    0.000000  100.000000 ^ CLK_I (in)
                                                         CLK_I (net)
                      0.003416    0.001400  100.001396 ^ clkbuf_0_CLK_I/I (gf180mcu_fd_sc_mcu7t5v0__clkbuf_16)
     8    0.208905    0.257094    0.324171  100.325569 ^ clkbuf_0_CLK_I/Z (gf180mcu_fd_sc_mcu7t5v0__clkbuf_16)
                                                         clknet_0_CLK_I (net)
                      0.257108    0.002828  100.328392 ^ clkbuf_3_5__f_CLK_I/I (gf180mcu_fd_sc_mcu7t5v0__clkbuf_16)
    11    0.066470    0.130403    0.289226  100.617622 ^ clkbuf_3_5__f_CLK_I/Z (gf180mcu_fd_sc_mcu7t5v0__clkbuf_16)
                                                         clknet_3_5__leaf_CLK_I (net)
                      0.130403    0.000583  100.618202 ^ _889_/CLK (gf180mcu_fd_sc_mcu7t5v0__dffq_1)
                                 -0.500000  100.118202   clock uncertainty
                                  0.000000  100.118202   clock reconvergence pessimism
                                 -0.277766   99.840439   library setup time
                                             99.840439   data required time
---------------------------------------------------------------------------------------------
                                             99.840439   data required time
                                            -27.299042   data arrival time
---------------------------------------------------------------------------------------------
                                             72.541397   slack (MET)


Startpoint: RST_I (input port clocked by system_clock)
Endpoint: _838_ (rising edge-triggered flip-flop clocked by system_clock)
Path Group: system_clock
Path Type: max

Fanout         Cap        Slew       Delay        Time   Description
---------------------------------------------------------------------------------------------
                                  0.000000    0.000000   clock system_clock (rise edge)
                                  0.000000    0.000000   clock network delay (propagated)
                                 20.000000   20.000000 ^ input external delay
     1    0.007682    0.000000    0.000000   20.000000 ^ RST_I (in)
                                                         RST_I (net)
                      0.000227    0.000092   20.000093 ^ input10/I (gf180mcu_fd_sc_mcu7t5v0__dlyb_1)
    31    0.227300    3.684509    2.917146   22.917238 ^ input10/Z (gf180mcu_fd_sc_mcu7t5v0__dlyb_1)
                                                         net10 (net)
                      3.684667    0.013745   22.930984 ^ _430_/I (gf180mcu_fd_sc_mcu7t5v0__clkinv_1)
    16    0.124396    2.440044    1.985994   24.916977 v _430_/ZN (gf180mcu_fd_sc_mcu7t5v0__clkinv_1)
                                                         _103_ (net)
                      2.440052    0.002498   24.919476 v _680_/A2 (gf180mcu_fd_sc_mcu7t5v0__nand2_1)
     3    0.028463    0.965347    1.014904   25.934380 ^ _680_/ZN (gf180mcu_fd_sc_mcu7t5v0__nand2_1)
                                                         _321_ (net)
                      0.965347    0.000158   25.934538 ^ _760_/A2 (gf180mcu_fd_sc_mcu7t5v0__nor4_1)
     5    0.049720    1.191998    0.894886   26.829424 v _760_/ZN (gf180mcu_fd_sc_mcu7t5v0__nor4_1)
                                                         _383_ (net)
                      1.191998    0.001586   26.831009 v _765_/A1 (gf180mcu_fd_sc_mcu7t5v0__oai21_1)
     1    0.005130    0.439727    0.495016   27.326025 ^ _765_/ZN (gf180mcu_fd_sc_mcu7t5v0__oai21_1)
                                                         _051_ (net)
                      0.439727    0.000110   27.326136 ^ _838_/D (gf180mcu_fd_sc_mcu7t5v0__dffq_1)
                                             27.326136   data arrival time

                                100.000000  100.000000   clock system_clock (rise edge)
                                  0.000000  100.000000   clock source latency
     1    0.036569    0.000000    0.000000  100.000000 ^ CLK_I (in)
                                                         CLK_I (net)
                      0.003416    0.001400  100.001396 ^ clkbuf_0_CLK_I/I (gf180mcu_fd_sc_mcu7t5v0__clkbuf_16)
     8    0.208905    0.257094    0.324171  100.325569 ^ clkbuf_0_CLK_I/Z (gf180mcu_fd_sc_mcu7t5v0__clkbuf_16)
                                                         clknet_0_CLK_I (net)
                      0.257120    0.003844  100.329414 ^ clkbuf_3_2__f_CLK_I/I (gf180mcu_fd_sc_mcu7t5v0__clkbuf_16)
    14    0.060173    0.124970    0.284892  100.614304 ^ clkbuf_3_2__f_CLK_I/Z (gf180mcu_fd_sc_mcu7t5v0__clkbuf_16)
                                                         clknet_3_2__leaf_CLK_I (net)
                      0.124970    0.000036  100.614342 ^ _838_/CLK (gf180mcu_fd_sc_mcu7t5v0__dffq_1)
                                 -0.500000  100.114334   clock uncertainty
                                  0.000000  100.114334   clock reconvergence pessimism
                                 -0.244555   99.869781   library setup time
                                             99.869781   data required time
---------------------------------------------------------------------------------------------
                                             99.869781   data required time
                                            -27.326136   data arrival time
---------------------------------------------------------------------------------------------
                                             72.543648   slack (MET)


Startpoint: RST_I (input port clocked by system_clock)
Endpoint: _820_ (rising edge-triggered flip-flop clocked by system_clock)
Path Group: system_clock
Path Type: max

Fanout         Cap        Slew       Delay        Time   Description
---------------------------------------------------------------------------------------------
                                  0.000000    0.000000   clock system_clock (rise edge)
                                  0.000000    0.000000   clock network delay (propagated)
                                 20.000000   20.000000 ^ input external delay
     1    0.007682    0.000000    0.000000   20.000000 ^ RST_I (in)
                                                         RST_I (net)
                      0.000227    0.000092   20.000093 ^ input10/I (gf180mcu_fd_sc_mcu7t5v0__dlyb_1)
    31    0.227300    3.684509    2.917146   22.917238 ^ input10/Z (gf180mcu_fd_sc_mcu7t5v0__dlyb_1)
                                                         net10 (net)
                      3.684667    0.013745   22.930984 ^ _430_/I (gf180mcu_fd_sc_mcu7t5v0__clkinv_1)
    16    0.124396    2.440044    1.985994   24.916977 v _430_/ZN (gf180mcu_fd_sc_mcu7t5v0__clkinv_1)
                                                         _103_ (net)
                      2.440053    0.002702   24.919680 v _678_/B (gf180mcu_fd_sc_mcu7t5v0__oai21_1)
     2    0.011835    0.838466    0.862791   25.782471 ^ _678_/ZN (gf180mcu_fd_sc_mcu7t5v0__oai21_1)
                                                         _319_ (net)
                      0.838466    0.000083   25.782555 ^ _681_/A3 (gf180mcu_fd_sc_mcu7t5v0__nor4_1)
     5    0.054020    1.262656    0.946869   26.729424 v _681_/ZN (gf180mcu_fd_sc_mcu7t5v0__nor4_1)
                                                         _322_ (net)
                      1.262678    0.003007   26.732430 v _686_/S (gf180mcu_fd_sc_mcu7t5v0__mux2_2)
     1    0.003274    0.141231    0.608646   27.341076 v _686_/Z (gf180mcu_fd_sc_mcu7t5v0__mux2_2)
                                                         _033_ (net)
                      0.141231    0.000034   27.341110 v _820_/D (gf180mcu_fd_sc_mcu7t5v0__dffq_1)
                                             27.341110   data arrival time

                                100.000000  100.000000   clock system_clock (rise edge)
                                  0.000000  100.000000   clock source latency
     1    0.036569    0.000000    0.000000  100.000000 ^ CLK_I (in)
                                                         CLK_I (net)
                      0.003416    0.001400  100.001396 ^ clkbuf_0_CLK_I/I (gf180mcu_fd_sc_mcu7t5v0__clkbuf_16)
     8    0.208905    0.257094    0.324171  100.325569 ^ clkbuf_0_CLK_I/Z (gf180mcu_fd_sc_mcu7t5v0__clkbuf_16)
                                                         clknet_0_CLK_I (net)
                      0.257138    0.004974  100.330544 ^ clkbuf_3_7__f_CLK_I/I (gf180mcu_fd_sc_mcu7t5v0__clkbuf_16)
    13    0.062541    0.127021    0.286569  100.617111 ^ clkbuf_3_7__f_CLK_I/Z (gf180mcu_fd_sc_mcu7t5v0__clkbuf_16)
                                                         clknet_3_7__leaf_CLK_I (net)
                      0.127023    0.000824  100.617935 ^ _820_/CLK (gf180mcu_fd_sc_mcu7t5v0__dffq_1)
                                 -0.500000  100.117935   clock uncertainty
                                  0.000000  100.117935   clock reconvergence pessimism
                                 -0.232361   99.885574   library setup time
                                             99.885574   data required time
---------------------------------------------------------------------------------------------
                                             99.885574   data required time
                                            -27.341110   data arrival time
---------------------------------------------------------------------------------------------
                                             72.544464   slack (MET)


Startpoint: RST_I (input port clocked by system_clock)
Endpoint: _887_ (rising edge-triggered flip-flop clocked by system_clock)
Path Group: system_clock
Path Type: max

Fanout         Cap        Slew       Delay        Time   Description
---------------------------------------------------------------------------------------------
                                  0.000000    0.000000   clock system_clock (rise edge)
                                  0.000000    0.000000   clock network delay (propagated)
                                 20.000000   20.000000 ^ input external delay
     1    0.007682    0.000000    0.000000   20.000000 ^ RST_I (in)
                                                         RST_I (net)
                      0.000227    0.000092   20.000093 ^ input10/I (gf180mcu_fd_sc_mcu7t5v0__dlyb_1)
    31    0.227300    3.684509    2.917146   22.917238 ^ input10/Z (gf180mcu_fd_sc_mcu7t5v0__dlyb_1)
                                                         net10 (net)
                      3.684667    0.013745   22.930984 ^ _430_/I (gf180mcu_fd_sc_mcu7t5v0__clkinv_1)
    16    0.124396    2.440044    1.985994   24.916977 v _430_/ZN (gf180mcu_fd_sc_mcu7t5v0__clkinv_1)
                                                         _103_ (net)
                      2.440068    0.004333   24.921310 v _491_/A1 (gf180mcu_fd_sc_mcu7t5v0__nand2_1)
     2    0.009497    0.624845    0.630745   25.552055 ^ _491_/ZN (gf180mcu_fd_sc_mcu7t5v0__nand2_1)
                                                         _155_ (net)
                      0.624845    0.000146   25.552200 ^ _492_/A2 (gf180mcu_fd_sc_mcu7t5v0__nor2_1)
     3    0.018009    0.483728    0.330056   25.882257 v _492_/ZN (gf180mcu_fd_sc_mcu7t5v0__nor2_1)
                                                         _156_ (net)
                      0.483728    0.000288   25.882545 v _503_/B (gf180mcu_fd_sc_mcu7t5v0__oai21_1)
     6    0.036392    1.197065    0.620657   26.503202 ^ _503_/ZN (gf180mcu_fd_sc_mcu7t5v0__oai21_1)
                                                         _167_ (net)
                      1.197065    0.000629   26.503832 ^ _579_/B (gf180mcu_fd_sc_mcu7t5v0__aoi211_1)
     2    0.012540    0.610430    0.427621   26.931452 v _579_/ZN (gf180mcu_fd_sc_mcu7t5v0__aoi211_1)
                                                         _230_ (net)
                      0.610430    0.000224   26.931675 v _582_/B2 (gf180mcu_fd_sc_mcu7t5v0__aoi22_1)
     1    0.002749    0.416785    0.372811   27.304487 ^ _582_/ZN (gf180mcu_fd_sc_mcu7t5v0__aoi22_1)
                                                         _021_ (net)
                      0.416785    0.000027   27.304514 ^ _887_/D (gf180mcu_fd_sc_mcu7t5v0__dffq_1)
                                             27.304514   data arrival time

                                100.000000  100.000000   clock system_clock (rise edge)
                                  0.000000  100.000000   clock source latency
     1    0.036569    0.000000    0.000000  100.000000 ^ CLK_I (in)
                                                         CLK_I (net)
                      0.003416    0.001400  100.001396 ^ clkbuf_0_CLK_I/I (gf180mcu_fd_sc_mcu7t5v0__clkbuf_16)
     8    0.208905    0.257094    0.324171  100.325569 ^ clkbuf_0_CLK_I/Z (gf180mcu_fd_sc_mcu7t5v0__clkbuf_16)
                                                         clknet_0_CLK_I (net)
                      0.257111    0.003091  100.328659 ^ clkbuf_3_4__f_CLK_I/I (gf180mcu_fd_sc_mcu7t5v0__clkbuf_16)
    10    0.071121    0.134332    0.292097  100.620758 ^ clkbuf_3_4__f_CLK_I/Z (gf180mcu_fd_sc_mcu7t5v0__clkbuf_16)
                                                         clknet_3_4__leaf_CLK_I (net)
                      0.134334    0.000846  100.621597 ^ _887_/CLK (gf180mcu_fd_sc_mcu7t5v0__dffq_1)
                                 -0.500000  100.121597   clock uncertainty
                                  0.000000  100.121597   clock reconvergence pessimism
                                 -0.240956   99.880638   library setup time
                                             99.880638   data required time
---------------------------------------------------------------------------------------------
                                             99.880638   data required time
                                            -27.304514   data arrival time
---------------------------------------------------------------------------------------------
                                             72.576134   slack (MET)


Startpoint: RST_I (input port clocked by system_clock)
Endpoint: _837_ (rising edge-triggered flip-flop clocked by system_clock)
Path Group: system_clock
Path Type: max

Fanout         Cap        Slew       Delay        Time   Description
---------------------------------------------------------------------------------------------
                                  0.000000    0.000000   clock system_clock (rise edge)
                                  0.000000    0.000000   clock network delay (propagated)
                                 20.000000   20.000000 ^ input external delay
     1    0.007682    0.000000    0.000000   20.000000 ^ RST_I (in)
                                                         RST_I (net)
                      0.000227    0.000092   20.000093 ^ input10/I (gf180mcu_fd_sc_mcu7t5v0__dlyb_1)
    31    0.227300    3.684509    2.917146   22.917238 ^ input10/Z (gf180mcu_fd_sc_mcu7t5v0__dlyb_1)
                                                         net10 (net)
                      3.684667    0.013745   22.930984 ^ _430_/I (gf180mcu_fd_sc_mcu7t5v0__clkinv_1)
    16    0.124396    2.440044    1.985994   24.916977 v _430_/ZN (gf180mcu_fd_sc_mcu7t5v0__clkinv_1)
                                                         _103_ (net)
                      2.440052    0.002498   24.919476 v _680_/A2 (gf180mcu_fd_sc_mcu7t5v0__nand2_1)
     3    0.028463    0.965347    1.014904   25.934380 ^ _680_/ZN (gf180mcu_fd_sc_mcu7t5v0__nand2_1)
                                                         _321_ (net)
                      0.965347    0.000158   25.934538 ^ _760_/A2 (gf180mcu_fd_sc_mcu7t5v0__nor4_1)
     5    0.049720    1.191998    0.894886   26.829424 v _760_/ZN (gf180mcu_fd_sc_mcu7t5v0__nor4_1)
                                                         _383_ (net)
                      1.191998    0.001473   26.830896 v _763_/A1 (gf180mcu_fd_sc_mcu7t5v0__oai21_1)
     1    0.003014    0.385084    0.446015   27.276911 ^ _763_/ZN (gf180mcu_fd_sc_mcu7t5v0__oai21_1)
                                                         _050_ (net)
                      0.385084    0.000030   27.276941 ^ _837_/D (gf180mcu_fd_sc_mcu7t5v0__dffq_1)
                                             27.276941   data arrival time

                                100.000000  100.000000   clock system_clock (rise edge)
                                  0.000000  100.000000   clock source latency
     1    0.036569    0.000000    0.000000  100.000000 ^ CLK_I (in)
                                                         CLK_I (net)
                      0.003416    0.001400  100.001396 ^ clkbuf_0_CLK_I/I (gf180mcu_fd_sc_mcu7t5v0__clkbuf_16)
     8    0.208905    0.257094    0.324171  100.325569 ^ clkbuf_0_CLK_I/Z (gf180mcu_fd_sc_mcu7t5v0__clkbuf_16)
                                                         clknet_0_CLK_I (net)
                      0.257116    0.003553  100.329117 ^ clkbuf_3_3__f_CLK_I/I (gf180mcu_fd_sc_mcu7t5v0__clkbuf_16)
    10    0.068732    0.132332    0.290697  100.619820 ^ clkbuf_3_3__f_CLK_I/Z (gf180mcu_fd_sc_mcu7t5v0__clkbuf_16)
                                                         clknet_3_3__leaf_CLK_I (net)
                      0.132334    0.000760  100.620575 ^ _837_/CLK (gf180mcu_fd_sc_mcu7t5v0__dffq_1)
                                 -0.500000  100.120575   clock uncertainty
                                  0.000000  100.120575   clock reconvergence pessimism
                                 -0.239251   99.881325   library setup time
                                             99.881325   data required time
---------------------------------------------------------------------------------------------
                                             99.881325   data required time
                                            -27.276941   data arrival time
---------------------------------------------------------------------------------------------
                                             72.604378   slack (MET)


Startpoint: RST_I (input port clocked by system_clock)
Endpoint: _885_ (rising edge-triggered flip-flop clocked by system_clock)
Path Group: system_clock
Path Type: max

Fanout         Cap        Slew       Delay        Time   Description
---------------------------------------------------------------------------------------------
                                  0.000000    0.000000   clock system_clock (rise edge)
                                  0.000000    0.000000   clock network delay (propagated)
                                 20.000000   20.000000 ^ input external delay
     1    0.007682    0.000000    0.000000   20.000000 ^ RST_I (in)
                                                         RST_I (net)
                      0.000227    0.000092   20.000093 ^ input10/I (gf180mcu_fd_sc_mcu7t5v0__dlyb_1)
    31    0.227300    3.684509    2.917146   22.917238 ^ input10/Z (gf180mcu_fd_sc_mcu7t5v0__dlyb_1)
                                                         net10 (net)
                      3.684667    0.013745   22.930984 ^ _430_/I (gf180mcu_fd_sc_mcu7t5v0__clkinv_1)
    16    0.124396    2.440044    1.985994   24.916977 v _430_/ZN (gf180mcu_fd_sc_mcu7t5v0__clkinv_1)
                                                         _103_ (net)
                      2.440069    0.004405   24.921383 v _493_/C (gf180mcu_fd_sc_mcu7t5v0__oai211_1)
     1    0.004968    0.863948    0.885594   25.806976 ^ _493_/ZN (gf180mcu_fd_sc_mcu7t5v0__oai211_1)
                                                         _157_ (net)
                      0.863948    0.000094   25.807072 ^ _547_/A1 (gf180mcu_fd_sc_mcu7t5v0__nor3_1)
     5    0.029890    0.682232    0.512438   26.319510 v _547_/ZN (gf180mcu_fd_sc_mcu7t5v0__nor3_1)
                                                         _203_ (net)
                      0.682232    0.000917   26.320425 v _569_/B2 (gf180mcu_fd_sc_mcu7t5v0__aoi221_1)
     1    0.005162    0.668164    0.566684   26.887110 ^ _569_/ZN (gf180mcu_fd_sc_mcu7t5v0__aoi221_1)
                                                         _222_ (net)
                      0.668164    0.000099   26.887209 ^ _572_/C (gf180mcu_fd_sc_mcu7t5v0__aoi211_1)
     1    0.003165    0.392139    0.283915   27.171125 v _572_/ZN (gf180mcu_fd_sc_mcu7t5v0__aoi211_1)
                                                         _019_ (net)
                      0.392139    0.000030   27.171156 v _885_/D (gf180mcu_fd_sc_mcu7t5v0__dffq_1)
                                             27.171156   data arrival time

                                100.000000  100.000000   clock system_clock (rise edge)
                                  0.000000  100.000000   clock source latency
     1    0.036569    0.000000    0.000000  100.000000 ^ CLK_I (in)
                                                         CLK_I (net)
                      0.003416    0.001400  100.001396 ^ clkbuf_0_CLK_I/I (gf180mcu_fd_sc_mcu7t5v0__clkbuf_16)
     8    0.208905    0.257094    0.324171  100.325569 ^ clkbuf_0_CLK_I/Z (gf180mcu_fd_sc_mcu7t5v0__clkbuf_16)
                                                         clknet_0_CLK_I (net)
                      0.257111    0.003091  100.328659 ^ clkbuf_3_4__f_CLK_I/I (gf180mcu_fd_sc_mcu7t5v0__clkbuf_16)
    10    0.071121    0.134332    0.292097  100.620758 ^ clkbuf_3_4__f_CLK_I/Z (gf180mcu_fd_sc_mcu7t5v0__clkbuf_16)
                                                         clknet_3_4__leaf_CLK_I (net)
                      0.134335    0.001172  100.621925 ^ _885_/CLK (gf180mcu_fd_sc_mcu7t5v0__dffq_1)
                                 -0.500000  100.121925   clock uncertainty
                                  0.000000  100.121925   clock reconvergence pessimism
                                 -0.314007   99.807915   library setup time
                                             99.807915   data required time
---------------------------------------------------------------------------------------------
                                             99.807915   data required time
                                            -27.171156   data arrival time
---------------------------------------------------------------------------------------------
                                             72.636765   slack (MET)


Startpoint: RST_I (input port clocked by system_clock)
Endpoint: _884_ (rising edge-triggered flip-flop clocked by system_clock)
Path Group: system_clock
Path Type: max

Fanout         Cap        Slew       Delay        Time   Description
---------------------------------------------------------------------------------------------
                                  0.000000    0.000000   clock system_clock (rise edge)
                                  0.000000    0.000000   clock network delay (propagated)
                                 20.000000   20.000000 ^ input external delay
     1    0.007682    0.000000    0.000000   20.000000 ^ RST_I (in)
                                                         RST_I (net)
                      0.000227    0.000092   20.000093 ^ input10/I (gf180mcu_fd_sc_mcu7t5v0__dlyb_1)
    31    0.227300    3.684509    2.917146   22.917238 ^ input10/Z (gf180mcu_fd_sc_mcu7t5v0__dlyb_1)
                                                         net10 (net)
                      3.684667    0.013745   22.930984 ^ _430_/I (gf180mcu_fd_sc_mcu7t5v0__clkinv_1)
    16    0.124396    2.440044    1.985994   24.916977 v _430_/ZN (gf180mcu_fd_sc_mcu7t5v0__clkinv_1)
                                                         _103_ (net)
                      2.440068    0.004333   24.921310 v _491_/A1 (gf180mcu_fd_sc_mcu7t5v0__nand2_1)
     2    0.009497    0.624845    0.630745   25.552055 ^ _491_/ZN (gf180mcu_fd_sc_mcu7t5v0__nand2_1)
                                                         _155_ (net)
                      0.624845    0.000146   25.552200 ^ _492_/A2 (gf180mcu_fd_sc_mcu7t5v0__nor2_1)
     3    0.018009    0.483728    0.330056   25.882257 v _492_/ZN (gf180mcu_fd_sc_mcu7t5v0__nor2_1)
                                                         _156_ (net)
                      0.483728    0.000288   25.882545 v _503_/B (gf180mcu_fd_sc_mcu7t5v0__oai21_1)
     6    0.036392    1.197065    0.620657   26.503202 ^ _503_/ZN (gf180mcu_fd_sc_mcu7t5v0__oai21_1)
                                                         _167_ (net)
                      1.197065    0.000524   26.503727 ^ _567_/A1 (gf180mcu_fd_sc_mcu7t5v0__nor4_1)
     1    0.007608    0.553453    0.275076   26.778803 v _567_/ZN (gf180mcu_fd_sc_mcu7t5v0__nor4_1)
                                                         _221_ (net)
                      0.553453    0.000176   26.778978 v _568_/C (gf180mcu_fd_sc_mcu7t5v0__aoi211_1)
     1    0.003466    0.516559    0.425830   27.204807 ^ _568_/ZN (gf180mcu_fd_sc_mcu7t5v0__aoi211_1)
                                                         _018_ (net)
                      0.516559    0.000036   27.204844 ^ _884_/D (gf180mcu_fd_sc_mcu7t5v0__dffq_1)
                                             27.204844   data arrival time

                                100.000000  100.000000   clock system_clock (rise edge)
                                  0.000000  100.000000   clock source latency
     1    0.036569    0.000000    0.000000  100.000000 ^ CLK_I (in)
                                                         CLK_I (net)
                      0.003416    0.001400  100.001396 ^ clkbuf_0_CLK_I/I (gf180mcu_fd_sc_mcu7t5v0__clkbuf_16)
     8    0.208905    0.257094    0.324171  100.325569 ^ clkbuf_0_CLK_I/Z (gf180mcu_fd_sc_mcu7t5v0__clkbuf_16)
                                                         clknet_0_CLK_I (net)
                      0.257110    0.003020  100.328590 ^ clkbuf_3_1__f_CLK_I/I (gf180mcu_fd_sc_mcu7t5v0__clkbuf_16)
    12    0.063772    0.128092    0.287443  100.616028 ^ clkbuf_3_1__f_CLK_I/Z (gf180mcu_fd_sc_mcu7t5v0__clkbuf_16)
                                                         clknet_3_1__leaf_CLK_I (net)
                      0.128092    0.000348  100.616379 ^ _884_/CLK (gf180mcu_fd_sc_mcu7t5v0__dffq_1)
                                 -0.500000  100.116379   clock uncertainty
                                  0.000000  100.116379   clock reconvergence pessimism
                                 -0.249089   99.867287   library setup time
                                             99.867287   data required time
---------------------------------------------------------------------------------------------
                                             99.867287   data required time
                                            -27.204844   data arrival time
---------------------------------------------------------------------------------------------
                                             72.662445   slack (MET)


Startpoint: RST_I (input port clocked by system_clock)
Endpoint: _883_ (rising edge-triggered flip-flop clocked by system_clock)
Path Group: system_clock
Path Type: max

Fanout         Cap        Slew       Delay        Time   Description
---------------------------------------------------------------------------------------------
                                  0.000000    0.000000   clock system_clock (rise edge)
                                  0.000000    0.000000   clock network delay (propagated)
                                 20.000000   20.000000 ^ input external delay
     1    0.007682    0.000000    0.000000   20.000000 ^ RST_I (in)
                                                         RST_I (net)
                      0.000227    0.000092   20.000093 ^ input10/I (gf180mcu_fd_sc_mcu7t5v0__dlyb_1)
    31    0.227300    3.684509    2.917146   22.917238 ^ input10/Z (gf180mcu_fd_sc_mcu7t5v0__dlyb_1)
                                                         net10 (net)
                      3.684667    0.013745   22.930984 ^ _430_/I (gf180mcu_fd_sc_mcu7t5v0__clkinv_1)
    16    0.124396    2.440044    1.985994   24.916977 v _430_/ZN (gf180mcu_fd_sc_mcu7t5v0__clkinv_1)
                                                         _103_ (net)
                      2.440068    0.004333   24.921310 v _491_/A1 (gf180mcu_fd_sc_mcu7t5v0__nand2_1)
     2    0.009497    0.624845    0.630745   25.552055 ^ _491_/ZN (gf180mcu_fd_sc_mcu7t5v0__nand2_1)
                                                         _155_ (net)
                      0.624845    0.000146   25.552200 ^ _492_/A2 (gf180mcu_fd_sc_mcu7t5v0__nor2_1)
     3    0.018009    0.483728    0.330056   25.882257 v _492_/ZN (gf180mcu_fd_sc_mcu7t5v0__nor2_1)
                                                         _156_ (net)
                      0.483728    0.000295   25.882551 v _555_/A4 (gf180mcu_fd_sc_mcu7t5v0__nand4_1)
     5    0.041216    1.204109    0.846782   26.729334 ^ _555_/ZN (gf180mcu_fd_sc_mcu7t5v0__nand4_1)
                                                         _211_ (net)
                      1.204109    0.001183   26.730516 ^ _563_/A2 (gf180mcu_fd_sc_mcu7t5v0__oai221_1)
     1    0.003731    0.490605    0.323288   27.053804 v _563_/ZN (gf180mcu_fd_sc_mcu7t5v0__oai221_1)
                                                         _017_ (net)
                      0.490605    0.000041   27.053846 v _883_/D (gf180mcu_fd_sc_mcu7t5v0__dffq_1)
                                             27.053846   data arrival time

                                100.000000  100.000000   clock system_clock (rise edge)
                                  0.000000  100.000000   clock source latency
     1    0.036569    0.000000    0.000000  100.000000 ^ CLK_I (in)
                                                         CLK_I (net)
                      0.003416    0.001400  100.001396 ^ clkbuf_0_CLK_I/I (gf180mcu_fd_sc_mcu7t5v0__clkbuf_16)
     8    0.208905    0.257094    0.324171  100.325569 ^ clkbuf_0_CLK_I/Z (gf180mcu_fd_sc_mcu7t5v0__clkbuf_16)
                                                         clknet_0_CLK_I (net)
                      0.257110    0.003020  100.328590 ^ clkbuf_3_1__f_CLK_I/I (gf180mcu_fd_sc_mcu7t5v0__clkbuf_16)
    12    0.063772    0.128092    0.287443  100.616028 ^ clkbuf_3_1__f_CLK_I/Z (gf180mcu_fd_sc_mcu7t5v0__clkbuf_16)
                                                         clknet_3_1__leaf_CLK_I (net)
                      0.128092    0.000547  100.616577 ^ _883_/CLK (gf180mcu_fd_sc_mcu7t5v0__dffq_1)
                                 -0.500000  100.116577   clock uncertainty
                                  0.000000  100.116577   clock reconvergence pessimism
                                 -0.352232   99.764343   library setup time
                                             99.764343   data required time
---------------------------------------------------------------------------------------------
                                             99.764343   data required time
                                            -27.053846   data arrival time
---------------------------------------------------------------------------------------------
                                             72.710503   slack (MET)


Startpoint: RST_I (input port clocked by system_clock)
Endpoint: _882_ (rising edge-triggered flip-flop clocked by system_clock)
Path Group: system_clock
Path Type: max

Fanout         Cap        Slew       Delay        Time   Description
---------------------------------------------------------------------------------------------
                                  0.000000    0.000000   clock system_clock (rise edge)
                                  0.000000    0.000000   clock network delay (propagated)
                                 20.000000   20.000000 ^ input external delay
     1    0.007682    0.000000    0.000000   20.000000 ^ RST_I (in)
                                                         RST_I (net)
                      0.000227    0.000092   20.000093 ^ input10/I (gf180mcu_fd_sc_mcu7t5v0__dlyb_1)
    31    0.227300    3.684509    2.917146   22.917238 ^ input10/Z (gf180mcu_fd_sc_mcu7t5v0__dlyb_1)
                                                         net10 (net)
                      3.684667    0.013745   22.930984 ^ _430_/I (gf180mcu_fd_sc_mcu7t5v0__clkinv_1)
    16    0.124396    2.440044    1.985994   24.916977 v _430_/ZN (gf180mcu_fd_sc_mcu7t5v0__clkinv_1)
                                                         _103_ (net)
                      2.440068    0.004333   24.921310 v _491_/A1 (gf180mcu_fd_sc_mcu7t5v0__nand2_1)
     2    0.009497    0.624845    0.630745   25.552055 ^ _491_/ZN (gf180mcu_fd_sc_mcu7t5v0__nand2_1)
                                                         _155_ (net)
                      0.624845    0.000126   25.552181 ^ _502_/C (gf180mcu_fd_sc_mcu7t5v0__aoi211_1)
     5    0.035742    0.847388    0.626045   26.178226 v _502_/ZN (gf180mcu_fd_sc_mcu7t5v0__aoi211_1)
                                                         _166_ (net)
                      0.847388    0.000851   26.179077 v _558_/A2 (gf180mcu_fd_sc_mcu7t5v0__nand2_1)
     3    0.018745    0.513979    0.503237   26.682314 ^ _558_/ZN (gf180mcu_fd_sc_mcu7t5v0__nand2_1)
                                                         _214_ (net)
                      0.513979    0.000290   26.682604 ^ _559_/A2 (gf180mcu_fd_sc_mcu7t5v0__nand2_1)
     1    0.005167    0.363418    0.126917   26.809521 v _559_/ZN (gf180mcu_fd_sc_mcu7t5v0__nand2_1)
                                                         _215_ (net)
                      0.363418    0.000052   26.809572 v _560_/C (gf180mcu_fd_sc_mcu7t5v0__oai221_1)
     1    0.003925    0.754172    0.327356   27.136929 ^ _560_/ZN (gf180mcu_fd_sc_mcu7t5v0__oai221_1)
                                                         _016_ (net)
                      0.754172    0.000043   27.136971 ^ _882_/D (gf180mcu_fd_sc_mcu7t5v0__dffq_1)
                                             27.136971   data arrival time

                                100.000000  100.000000   clock system_clock (rise edge)
                                  0.000000  100.000000   clock source latency
     1    0.036569    0.000000    0.000000  100.000000 ^ CLK_I (in)
                                                         CLK_I (net)
                      0.003416    0.001400  100.001396 ^ clkbuf_0_CLK_I/I (gf180mcu_fd_sc_mcu7t5v0__clkbuf_16)
     8    0.208905    0.257094    0.324171  100.325569 ^ clkbuf_0_CLK_I/Z (gf180mcu_fd_sc_mcu7t5v0__clkbuf_16)
                                                         clknet_0_CLK_I (net)
                      0.257110    0.003020  100.328590 ^ clkbuf_3_1__f_CLK_I/I (gf180mcu_fd_sc_mcu7t5v0__clkbuf_16)
    12    0.063772    0.128092    0.287443  100.616028 ^ clkbuf_3_1__f_CLK_I/Z (gf180mcu_fd_sc_mcu7t5v0__clkbuf_16)
                                                         clknet_3_1__leaf_CLK_I (net)
                      0.128093    0.000554  100.616585 ^ _882_/CLK (gf180mcu_fd_sc_mcu7t5v0__dffq_1)
                                 -0.500000  100.116585   clock uncertainty
                                  0.000000  100.116585   clock reconvergence pessimism
                                 -0.254794   99.861786   library setup time
                                             99.861786   data required time
---------------------------------------------------------------------------------------------
                                             99.861786   data required time
                                            -27.136971   data arrival time
---------------------------------------------------------------------------------------------
                                             72.724815   slack (MET)


Startpoint: RST_I (input port clocked by system_clock)
Endpoint: _886_ (rising edge-triggered flip-flop clocked by system_clock)
Path Group: system_clock
Path Type: max

Fanout         Cap        Slew       Delay        Time   Description
---------------------------------------------------------------------------------------------
                                  0.000000    0.000000   clock system_clock (rise edge)
                                  0.000000    0.000000   clock network delay (propagated)
                                 20.000000   20.000000 ^ input external delay
     1    0.007682    0.000000    0.000000   20.000000 ^ RST_I (in)
                                                         RST_I (net)
                      0.000227    0.000092   20.000093 ^ input10/I (gf180mcu_fd_sc_mcu7t5v0__dlyb_1)
    31    0.227300    3.684509    2.917146   22.917238 ^ input10/Z (gf180mcu_fd_sc_mcu7t5v0__dlyb_1)
                                                         net10 (net)
                      3.684667    0.013745   22.930984 ^ _430_/I (gf180mcu_fd_sc_mcu7t5v0__clkinv_1)
    16    0.124396    2.440044    1.985994   24.916977 v _430_/ZN (gf180mcu_fd_sc_mcu7t5v0__clkinv_1)
                                                         _103_ (net)
                      2.440068    0.004333   24.921310 v _491_/A1 (gf180mcu_fd_sc_mcu7t5v0__nand2_1)
     2    0.009497    0.624845    0.630745   25.552055 ^ _491_/ZN (gf180mcu_fd_sc_mcu7t5v0__nand2_1)
                                                         _155_ (net)
                      0.624845    0.000146   25.552200 ^ _492_/A2 (gf180mcu_fd_sc_mcu7t5v0__nor2_1)
     3    0.018009    0.483728    0.330056   25.882257 v _492_/ZN (gf180mcu_fd_sc_mcu7t5v0__nor2_1)
                                                         _156_ (net)
                      0.483728    0.000295   25.882551 v _555_/A4 (gf180mcu_fd_sc_mcu7t5v0__nand4_1)
     5    0.041216    1.204109    0.846782   26.729334 ^ _555_/ZN (gf180mcu_fd_sc_mcu7t5v0__nand4_1)
                                                         _211_ (net)
                      1.204109    0.000854   26.730188 ^ _576_/A1 (gf180mcu_fd_sc_mcu7t5v0__nand2_1)
     1    0.005247    0.340837    0.157984   26.888172 v _576_/ZN (gf180mcu_fd_sc_mcu7t5v0__nand2_1)
                                                         _228_ (net)
                      0.340837    0.000052   26.888224 v _577_/B2 (gf180mcu_fd_sc_mcu7t5v0__oai32_1)
     1    0.004047    0.803942    0.250232   27.138456 ^ _577_/ZN (gf180mcu_fd_sc_mcu7t5v0__oai32_1)
                                                         _020_ (net)
                      0.803942    0.000048   27.138504 ^ _886_/D (gf180mcu_fd_sc_mcu7t5v0__dffq_1)
                                             27.138504   data arrival time

                                100.000000  100.000000   clock system_clock (rise edge)
                                  0.000000  100.000000   clock source latency
     1    0.036569    0.000000    0.000000  100.000000 ^ CLK_I (in)
                                                         CLK_I (net)
                      0.003416    0.001400  100.001396 ^ clkbuf_0_CLK_I/I (gf180mcu_fd_sc_mcu7t5v0__clkbuf_16)
     8    0.208905    0.257094    0.324171  100.325569 ^ clkbuf_0_CLK_I/Z (gf180mcu_fd_sc_mcu7t5v0__clkbuf_16)
                                                         clknet_0_CLK_I (net)
                      0.257111    0.003091  100.328659 ^ clkbuf_3_4__f_CLK_I/I (gf180mcu_fd_sc_mcu7t5v0__clkbuf_16)
    10    0.071121    0.134332    0.292097  100.620758 ^ clkbuf_3_4__f_CLK_I/Z (gf180mcu_fd_sc_mcu7t5v0__clkbuf_16)
                                                         clknet_3_4__leaf_CLK_I (net)
                      0.134336    0.001215  100.621971 ^ _886_/CLK (gf180mcu_fd_sc_mcu7t5v0__dffq_1)
                                 -0.500000  100.121971   clock uncertainty
                                  0.000000  100.121971   clock reconvergence pessimism
                                 -0.253108   99.868858   library setup time
                                             99.868858   data required time
---------------------------------------------------------------------------------------------
                                             99.868858   data required time
                                            -27.138504   data arrival time
---------------------------------------------------------------------------------------------
                                             72.730354   slack (MET)


Startpoint: RST_I (input port clocked by system_clock)
Endpoint: _822_ (rising edge-triggered flip-flop clocked by system_clock)
Path Group: system_clock
Path Type: max

Fanout         Cap        Slew       Delay        Time   Description
---------------------------------------------------------------------------------------------
                                  0.000000    0.000000   clock system_clock (rise edge)
                                  0.000000    0.000000   clock network delay (propagated)
                                 20.000000   20.000000 ^ input external delay
     1    0.007682    0.000000    0.000000   20.000000 ^ RST_I (in)
                                                         RST_I (net)
                      0.000227    0.000092   20.000093 ^ input10/I (gf180mcu_fd_sc_mcu7t5v0__dlyb_1)
    31    0.227300    3.684509    2.917146   22.917238 ^ input10/Z (gf180mcu_fd_sc_mcu7t5v0__dlyb_1)
                                                         net10 (net)
                      3.684667    0.013745   22.930984 ^ _430_/I (gf180mcu_fd_sc_mcu7t5v0__clkinv_1)
    16    0.124396    2.440044    1.985994   24.916977 v _430_/ZN (gf180mcu_fd_sc_mcu7t5v0__clkinv_1)
                                                         _103_ (net)
                      2.440053    0.002702   24.919680 v _678_/B (gf180mcu_fd_sc_mcu7t5v0__oai21_1)
     2    0.011835    0.838466    0.862791   25.782471 ^ _678_/ZN (gf180mcu_fd_sc_mcu7t5v0__oai21_1)
                                                         _319_ (net)
                      0.838466    0.000083   25.782555 ^ _681_/A3 (gf180mcu_fd_sc_mcu7t5v0__nor4_1)
     5    0.054020    1.262656    0.946869   26.729424 v _681_/ZN (gf180mcu_fd_sc_mcu7t5v0__nor4_1)
                                                         _322_ (net)
                      1.262672    0.002430   26.731853 v _689_/A2 (gf180mcu_fd_sc_mcu7t5v0__oai21_1)
     1    0.003770    0.442344    0.399217   27.131069 ^ _689_/ZN (gf180mcu_fd_sc_mcu7t5v0__oai21_1)
                                                         _035_ (net)
                      0.442344    0.000041   27.131111 ^ _822_/D (gf180mcu_fd_sc_mcu7t5v0__dffq_1)
                                             27.131111   data arrival time

                                100.000000  100.000000   clock system_clock (rise edge)
                                  0.000000  100.000000   clock source latency
     1    0.036569    0.000000    0.000000  100.000000 ^ CLK_I (in)
                                                         CLK_I (net)
                      0.003416    0.001400  100.001396 ^ clkbuf_0_CLK_I/I (gf180mcu_fd_sc_mcu7t5v0__clkbuf_16)
     8    0.208905    0.257094    0.324171  100.325569 ^ clkbuf_0_CLK_I/Z (gf180mcu_fd_sc_mcu7t5v0__clkbuf_16)
                                                         clknet_0_CLK_I (net)
                      0.257116    0.003553  100.329117 ^ clkbuf_3_3__f_CLK_I/I (gf180mcu_fd_sc_mcu7t5v0__clkbuf_16)
    10    0.068732    0.132332    0.290697  100.619820 ^ clkbuf_3_3__f_CLK_I/Z (gf180mcu_fd_sc_mcu7t5v0__clkbuf_16)
                                                         clknet_3_3__leaf_CLK_I (net)
                      0.132332    0.000078  100.619896 ^ _822_/CLK (gf180mcu_fd_sc_mcu7t5v0__dffq_1)
                                 -0.500000  100.119896   clock uncertainty
                                  0.000000  100.119896   clock reconvergence pessimism
                                 -0.243115   99.876785   library setup time
                                             99.876785   data required time
---------------------------------------------------------------------------------------------
                                             99.876785   data required time
                                            -27.131111   data arrival time
---------------------------------------------------------------------------------------------
                                             72.745674   slack (MET)


Startpoint: RST_I (input port clocked by system_clock)
Endpoint: _819_ (rising edge-triggered flip-flop clocked by system_clock)
Path Group: system_clock
Path Type: max

Fanout         Cap        Slew       Delay        Time   Description
---------------------------------------------------------------------------------------------
                                  0.000000    0.000000   clock system_clock (rise edge)
                                  0.000000    0.000000   clock network delay (propagated)
                                 20.000000   20.000000 ^ input external delay
     1    0.007682    0.000000    0.000000   20.000000 ^ RST_I (in)
                                                         RST_I (net)
                      0.000227    0.000092   20.000093 ^ input10/I (gf180mcu_fd_sc_mcu7t5v0__dlyb_1)
    31    0.227300    3.684509    2.917146   22.917238 ^ input10/Z (gf180mcu_fd_sc_mcu7t5v0__dlyb_1)
                                                         net10 (net)
                      3.684667    0.013745   22.930984 ^ _430_/I (gf180mcu_fd_sc_mcu7t5v0__clkinv_1)
    16    0.124396    2.440044    1.985994   24.916977 v _430_/ZN (gf180mcu_fd_sc_mcu7t5v0__clkinv_1)
                                                         _103_ (net)
                      2.440053    0.002702   24.919680 v _678_/B (gf180mcu_fd_sc_mcu7t5v0__oai21_1)
     2    0.011835    0.838466    0.862791   25.782471 ^ _678_/ZN (gf180mcu_fd_sc_mcu7t5v0__oai21_1)
                                                         _319_ (net)
                      0.838466    0.000083   25.782555 ^ _681_/A3 (gf180mcu_fd_sc_mcu7t5v0__nor4_1)
     5    0.054020    1.262656    0.946869   26.729424 v _681_/ZN (gf180mcu_fd_sc_mcu7t5v0__nor4_1)
                                                         _322_ (net)
                      1.262671    0.002371   26.731794 v _685_/A2 (gf180mcu_fd_sc_mcu7t5v0__oai21_1)
     1    0.003107    0.425543    0.384338   27.116133 ^ _685_/ZN (gf180mcu_fd_sc_mcu7t5v0__oai21_1)
                                                         _032_ (net)
                      0.425543    0.000030   27.116163 ^ _819_/D (gf180mcu_fd_sc_mcu7t5v0__dffq_1)
                                             27.116163   data arrival time

                                100.000000  100.000000   clock system_clock (rise edge)
                                  0.000000  100.000000   clock source latency
     1    0.036569    0.000000    0.000000  100.000000 ^ CLK_I (in)
                                                         CLK_I (net)
                      0.003416    0.001400  100.001396 ^ clkbuf_0_CLK_I/I (gf180mcu_fd_sc_mcu7t5v0__clkbuf_16)
     8    0.208905    0.257094    0.324171  100.325569 ^ clkbuf_0_CLK_I/Z (gf180mcu_fd_sc_mcu7t5v0__clkbuf_16)
                                                         clknet_0_CLK_I (net)
                      0.257116    0.003553  100.329117 ^ clkbuf_3_3__f_CLK_I/I (gf180mcu_fd_sc_mcu7t5v0__clkbuf_16)
    10    0.068732    0.132332    0.290697  100.619820 ^ clkbuf_3_3__f_CLK_I/Z (gf180mcu_fd_sc_mcu7t5v0__clkbuf_16)
                                                         clknet_3_3__leaf_CLK_I (net)
                      0.132332    0.000178  100.619995 ^ _819_/CLK (gf180mcu_fd_sc_mcu7t5v0__dffq_1)
                                 -0.500000  100.119995   clock uncertainty
                                  0.000000  100.119995   clock reconvergence pessimism
                                 -0.241981   99.878014   library setup time
                                             99.878014   data required time
---------------------------------------------------------------------------------------------
                                             99.878014   data required time
                                            -27.116163   data arrival time
---------------------------------------------------------------------------------------------
                                             72.761848   slack (MET)


Startpoint: RST_I (input port clocked by system_clock)
Endpoint: _818_ (rising edge-triggered flip-flop clocked by system_clock)
Path Group: system_clock
Path Type: max

Fanout         Cap        Slew       Delay        Time   Description
---------------------------------------------------------------------------------------------
                                  0.000000    0.000000   clock system_clock (rise edge)
                                  0.000000    0.000000   clock network delay (propagated)
                                 20.000000   20.000000 ^ input external delay
     1    0.007682    0.000000    0.000000   20.000000 ^ RST_I (in)
                                                         RST_I (net)
                      0.000227    0.000092   20.000093 ^ input10/I (gf180mcu_fd_sc_mcu7t5v0__dlyb_1)
    31    0.227300    3.684509    2.917146   22.917238 ^ input10/Z (gf180mcu_fd_sc_mcu7t5v0__dlyb_1)
                                                         net10 (net)
                      3.684667    0.013745   22.930984 ^ _430_/I (gf180mcu_fd_sc_mcu7t5v0__clkinv_1)
    16    0.124396    2.440044    1.985994   24.916977 v _430_/ZN (gf180mcu_fd_sc_mcu7t5v0__clkinv_1)
                                                         _103_ (net)
                      2.440053    0.002702   24.919680 v _678_/B (gf180mcu_fd_sc_mcu7t5v0__oai21_1)
     2    0.011835    0.838466    0.862791   25.782471 ^ _678_/ZN (gf180mcu_fd_sc_mcu7t5v0__oai21_1)
                                                         _319_ (net)
                      0.838466    0.000083   25.782555 ^ _681_/A3 (gf180mcu_fd_sc_mcu7t5v0__nor4_1)
     5    0.054020    1.262656    0.946869   26.729424 v _681_/ZN (gf180mcu_fd_sc_mcu7t5v0__nor4_1)
                                                         _322_ (net)
                      1.262670    0.002219   26.731642 v _683_/A2 (gf180mcu_fd_sc_mcu7t5v0__oai21_1)
     1    0.002816    0.418164    0.377804   27.109446 ^ _683_/ZN (gf180mcu_fd_sc_mcu7t5v0__oai21_1)
                                                         _031_ (net)
                      0.418164    0.000027   27.109472 ^ _818_/D (gf180mcu_fd_sc_mcu7t5v0__dffq_1)
                                             27.109472   data arrival time

                                100.000000  100.000000   clock system_clock (rise edge)
                                  0.000000  100.000000   clock source latency
     1    0.036569    0.000000    0.000000  100.000000 ^ CLK_I (in)
                                                         CLK_I (net)
                      0.003416    0.001400  100.001396 ^ clkbuf_0_CLK_I/I (gf180mcu_fd_sc_mcu7t5v0__clkbuf_16)
     8    0.208905    0.257094    0.324171  100.325569 ^ clkbuf_0_CLK_I/Z (gf180mcu_fd_sc_mcu7t5v0__clkbuf_16)
                                                         clknet_0_CLK_I (net)
                      0.257110    0.003020  100.328590 ^ clkbuf_3_1__f_CLK_I/I (gf180mcu_fd_sc_mcu7t5v0__clkbuf_16)
    12    0.063772    0.128092    0.287443  100.616028 ^ clkbuf_3_1__f_CLK_I/Z (gf180mcu_fd_sc_mcu7t5v0__clkbuf_16)
                                                         clknet_3_1__leaf_CLK_I (net)
                      0.128093    0.000654  100.616684 ^ _818_/CLK (gf180mcu_fd_sc_mcu7t5v0__dffq_1)
                                 -0.500000  100.116684   clock uncertainty
                                  0.000000  100.116684   clock reconvergence pessimism
                                 -0.242404   99.874283   library setup time
                                             99.874283   data required time
---------------------------------------------------------------------------------------------
                                             99.874283   data required time
                                            -27.109472   data arrival time
---------------------------------------------------------------------------------------------
                                             72.764809   slack (MET)


Startpoint: RST_I (input port clocked by system_clock)
Endpoint: _830_ (rising edge-triggered flip-flop clocked by system_clock)
Path Group: system_clock
Path Type: max

Fanout         Cap        Slew       Delay        Time   Description
---------------------------------------------------------------------------------------------
                                  0.000000    0.000000   clock system_clock (rise edge)
                                  0.000000    0.000000   clock network delay (propagated)
                                 20.000000   20.000000 ^ input external delay
     1    0.007682    0.000000    0.000000   20.000000 ^ RST_I (in)
                                                         RST_I (net)
                      0.000227    0.000092   20.000093 ^ input10/I (gf180mcu_fd_sc_mcu7t5v0__dlyb_1)
    31    0.227300    3.684509    2.917146   22.917238 ^ input10/Z (gf180mcu_fd_sc_mcu7t5v0__dlyb_1)
                                                         net10 (net)
                      3.684667    0.013745   22.930984 ^ _430_/I (gf180mcu_fd_sc_mcu7t5v0__clkinv_1)
    16    0.124396    2.440044    1.985994   24.916977 v _430_/ZN (gf180mcu_fd_sc_mcu7t5v0__clkinv_1)
                                                         _103_ (net)
                      2.440052    0.002498   24.919476 v _680_/A2 (gf180mcu_fd_sc_mcu7t5v0__nand2_1)
     3    0.028463    0.965347    1.014904   25.934380 ^ _680_/ZN (gf180mcu_fd_sc_mcu7t5v0__nand2_1)
                                                         _321_ (net)
                      0.965347    0.000274   25.934652 ^ _730_/B (gf180mcu_fd_sc_mcu7t5v0__aoi21_1)
     1    0.004306    0.425808    0.274321   26.208973 v _730_/ZN (gf180mcu_fd_sc_mcu7t5v0__aoi21_1)
                                                         _359_ (net)
                      0.425808    0.000083   26.209057 v _731_/A1 (gf180mcu_fd_sc_mcu7t5v0__and2_1)
     1    0.003210    0.107490    0.321545   26.530603 v _731_/Z (gf180mcu_fd_sc_mcu7t5v0__and2_1)
                                                         _043_ (net)
                      0.107490    0.000060   26.530663 v _830_/D (gf180mcu_fd_sc_mcu7t5v0__dffq_1)
                                             26.530663   data arrival time

                                100.000000  100.000000   clock system_clock (rise edge)
                                  0.000000  100.000000   clock source latency
     1    0.036569    0.000000    0.000000  100.000000 ^ CLK_I (in)
                                                         CLK_I (net)
                      0.003416    0.001400  100.001396 ^ clkbuf_0_CLK_I/I (gf180mcu_fd_sc_mcu7t5v0__clkbuf_16)
     8    0.208905    0.257094    0.324171  100.325569 ^ clkbuf_0_CLK_I/Z (gf180mcu_fd_sc_mcu7t5v0__clkbuf_16)
                                                         clknet_0_CLK_I (net)
                      0.257119    0.003752  100.329323 ^ clkbuf_3_0__f_CLK_I/I (gf180mcu_fd_sc_mcu7t5v0__clkbuf_16)
     9    0.058179    0.123285    0.283677  100.612999 ^ clkbuf_3_0__f_CLK_I/Z (gf180mcu_fd_sc_mcu7t5v0__clkbuf_16)
                                                         clknet_3_0__leaf_CLK_I (net)
                      0.123287    0.001030  100.614029 ^ _830_/CLK (gf180mcu_fd_sc_mcu7t5v0__dffq_1)
                                 -0.500000  100.114021   clock uncertainty
                                  0.000000  100.114021   clock reconvergence pessimism
                                 -0.226961   99.887062   library setup time
                                             99.887062   data required time
---------------------------------------------------------------------------------------------
                                             99.887062   data required time
                                            -26.530663   data arrival time
---------------------------------------------------------------------------------------------
                                             73.356400   slack (MET)


Startpoint: RST_I (input port clocked by system_clock)
Endpoint: _890_ (rising edge-triggered flip-flop clocked by system_clock)
Path Group: system_clock
Path Type: max

Fanout         Cap        Slew       Delay        Time   Description
---------------------------------------------------------------------------------------------
                                  0.000000    0.000000   clock system_clock (rise edge)
                                  0.000000    0.000000   clock network delay (propagated)
                                 20.000000   20.000000 ^ input external delay
     1    0.007682    0.000000    0.000000   20.000000 ^ RST_I (in)
                                                         RST_I (net)
                      0.000227    0.000092   20.000093 ^ input10/I (gf180mcu_fd_sc_mcu7t5v0__dlyb_1)
    31    0.227300    3.684509    2.917146   22.917238 ^ input10/Z (gf180mcu_fd_sc_mcu7t5v0__dlyb_1)
                                                         net10 (net)
                      3.684667    0.013745   22.930984 ^ _430_/I (gf180mcu_fd_sc_mcu7t5v0__clkinv_1)
    16    0.124396    2.440044    1.985994   24.916977 v _430_/ZN (gf180mcu_fd_sc_mcu7t5v0__clkinv_1)
                                                         _103_ (net)
                      2.440066    0.004151   24.921129 v _598_/A4 (gf180mcu_fd_sc_mcu7t5v0__nand4_1)
     1    0.005780    0.801293    0.883796   25.804926 ^ _598_/ZN (gf180mcu_fd_sc_mcu7t5v0__nand4_1)
                                                         _245_ (net)
                      0.801293    0.000112   25.805037 ^ _599_/B2 (gf180mcu_fd_sc_mcu7t5v0__oai32_1)
     1    0.005241    1.045929    0.264206   26.069244 v _599_/ZN (gf180mcu_fd_sc_mcu7t5v0__oai32_1)
                                                         _024_ (net)
                      1.045929    0.000110   26.069353 v _890_/D (gf180mcu_fd_sc_mcu7t5v0__dffq_1)
                                             26.069353   data arrival time

                                100.000000  100.000000   clock system_clock (rise edge)
                                  0.000000  100.000000   clock source latency
     1    0.036569    0.000000    0.000000  100.000000 ^ CLK_I (in)
                                                         CLK_I (net)
                      0.003416    0.001400  100.001396 ^ clkbuf_0_CLK_I/I (gf180mcu_fd_sc_mcu7t5v0__clkbuf_16)
     8    0.208905    0.257094    0.324171  100.325569 ^ clkbuf_0_CLK_I/Z (gf180mcu_fd_sc_mcu7t5v0__clkbuf_16)
                                                         clknet_0_CLK_I (net)
                      0.257110    0.003020  100.328590 ^ clkbuf_3_1__f_CLK_I/I (gf180mcu_fd_sc_mcu7t5v0__clkbuf_16)
    12    0.063772    0.128092    0.287443  100.616028 ^ clkbuf_3_1__f_CLK_I/Z (gf180mcu_fd_sc_mcu7t5v0__clkbuf_16)
                                                         clknet_3_1__leaf_CLK_I (net)
                      0.128093    0.000568  100.616600 ^ _890_/CLK (gf180mcu_fd_sc_mcu7t5v0__dffq_1)
                                 -0.500000  100.116600   clock uncertainty
                                  0.000000  100.116600   clock reconvergence pessimism
                                 -0.550130   99.566467   library setup time
                                             99.566467   data required time
---------------------------------------------------------------------------------------------
                                             99.566467   data required time
                                            -26.069353   data arrival time
---------------------------------------------------------------------------------------------
                                             73.497116   slack (MET)


Startpoint: RST_I (input port clocked by system_clock)
Endpoint: _833_ (rising edge-triggered flip-flop clocked by system_clock)
Path Group: system_clock
Path Type: max

Fanout         Cap        Slew       Delay        Time   Description
---------------------------------------------------------------------------------------------
                                  0.000000    0.000000   clock system_clock (rise edge)
                                  0.000000    0.000000   clock network delay (propagated)
                                 20.000000   20.000000 ^ input external delay
     1    0.007682    0.000000    0.000000   20.000000 ^ RST_I (in)
                                                         RST_I (net)
                      0.000227    0.000092   20.000093 ^ input10/I (gf180mcu_fd_sc_mcu7t5v0__dlyb_1)
    31    0.227300    3.684509    2.917146   22.917238 ^ input10/Z (gf180mcu_fd_sc_mcu7t5v0__dlyb_1)
                                                         net10 (net)
                      3.684667    0.013745   22.930984 ^ _430_/I (gf180mcu_fd_sc_mcu7t5v0__clkinv_1)
    16    0.124396    2.440044    1.985994   24.916977 v _430_/ZN (gf180mcu_fd_sc_mcu7t5v0__clkinv_1)
                                                         _103_ (net)
                      2.440052    0.002498   24.919476 v _680_/A2 (gf180mcu_fd_sc_mcu7t5v0__nand2_1)
     3    0.028463    0.965347    1.014904   25.934380 ^ _680_/ZN (gf180mcu_fd_sc_mcu7t5v0__nand2_1)
                                                         _321_ (net)
                      0.965347    0.000794   25.935173 ^ _750_/A2 (gf180mcu_fd_sc_mcu7t5v0__nor3_1)
     1    0.004969    0.370384    0.228299   26.163471 v _750_/ZN (gf180mcu_fd_sc_mcu7t5v0__nor3_1)
                                                         _046_ (net)
                      0.370384    0.000096   26.163568 v _833_/D (gf180mcu_fd_sc_mcu7t5v0__dffq_1)
                                             26.163568   data arrival time

                                100.000000  100.000000   clock system_clock (rise edge)
                                  0.000000  100.000000   clock source latency
     1    0.036569    0.000000    0.000000  100.000000 ^ CLK_I (in)
                                                         CLK_I (net)
                      0.003416    0.001400  100.001396 ^ clkbuf_0_CLK_I/I (gf180mcu_fd_sc_mcu7t5v0__clkbuf_16)
     8    0.208905    0.257094    0.324171  100.325569 ^ clkbuf_0_CLK_I/Z (gf180mcu_fd_sc_mcu7t5v0__clkbuf_16)
                                                         clknet_0_CLK_I (net)
                      0.257120    0.003844  100.329414 ^ clkbuf_3_2__f_CLK_I/I (gf180mcu_fd_sc_mcu7t5v0__clkbuf_16)
    14    0.060173    0.124970    0.284892  100.614304 ^ clkbuf_3_2__f_CLK_I/Z (gf180mcu_fd_sc_mcu7t5v0__clkbuf_16)
                                                         clknet_3_2__leaf_CLK_I (net)
                      0.124973    0.001194  100.615494 ^ _833_/CLK (gf180mcu_fd_sc_mcu7t5v0__dffq_1)
                                 -0.500000  100.115494   clock uncertainty
                                  0.000000  100.115494   clock reconvergence pessimism
                                 -0.307655   99.807838   library setup time
                                             99.807838   data required time
---------------------------------------------------------------------------------------------
                                             99.807838   data required time
                                            -26.163568   data arrival time
---------------------------------------------------------------------------------------------
                                             73.644264   slack (MET)


Startpoint: RST_I (input port clocked by system_clock)
Endpoint: _891_ (rising edge-triggered flip-flop clocked by system_clock)
Path Group: system_clock
Path Type: max

Fanout         Cap        Slew       Delay        Time   Description
---------------------------------------------------------------------------------------------
                                  0.000000    0.000000   clock system_clock (rise edge)
                                  0.000000    0.000000   clock network delay (propagated)
                                 20.000000   20.000000 ^ input external delay
     1    0.007682    0.000000    0.000000   20.000000 ^ RST_I (in)
                                                         RST_I (net)
                      0.000227    0.000092   20.000093 ^ input10/I (gf180mcu_fd_sc_mcu7t5v0__dlyb_1)
    31    0.227300    3.684509    2.917146   22.917238 ^ input10/Z (gf180mcu_fd_sc_mcu7t5v0__dlyb_1)
                                                         net10 (net)
                      3.684667    0.013745   22.930984 ^ _430_/I (gf180mcu_fd_sc_mcu7t5v0__clkinv_1)
    16    0.124396    2.440044    1.985994   24.916977 v _430_/ZN (gf180mcu_fd_sc_mcu7t5v0__clkinv_1)
                                                         _103_ (net)
                      2.440065    0.004050   24.921028 v _597_/A2 (gf180mcu_fd_sc_mcu7t5v0__nand2_1)
     1    0.006765    0.594045    0.674119   25.595146 ^ _597_/ZN (gf180mcu_fd_sc_mcu7t5v0__nand2_1)
                                                         _244_ (net)
                      0.594045    0.000139   25.595285 ^ _601_/A3 (gf180mcu_fd_sc_mcu7t5v0__oai33_1)
     1    0.003375    0.959256    0.251832   25.847116 v _601_/ZN (gf180mcu_fd_sc_mcu7t5v0__oai33_1)
                                                         _025_ (net)
                      0.959256    0.000062   25.847179 v _891_/D (gf180mcu_fd_sc_mcu7t5v0__dffq_1)
                                             25.847179   data arrival time

                                100.000000  100.000000   clock system_clock (rise edge)
                                  0.000000  100.000000   clock source latency
     1    0.036569    0.000000    0.000000  100.000000 ^ CLK_I (in)
                                                         CLK_I (net)
                      0.003416    0.001400  100.001396 ^ clkbuf_0_CLK_I/I (gf180mcu_fd_sc_mcu7t5v0__clkbuf_16)
     8    0.208905    0.257094    0.324171  100.325569 ^ clkbuf_0_CLK_I/Z (gf180mcu_fd_sc_mcu7t5v0__clkbuf_16)
                                                         clknet_0_CLK_I (net)
                      0.257110    0.003020  100.328590 ^ clkbuf_3_1__f_CLK_I/I (gf180mcu_fd_sc_mcu7t5v0__clkbuf_16)
    12    0.063772    0.128092    0.287443  100.616028 ^ clkbuf_3_1__f_CLK_I/Z (gf180mcu_fd_sc_mcu7t5v0__clkbuf_16)
                                                         clknet_3_1__leaf_CLK_I (net)
                      0.128092    0.000540  100.616570 ^ _891_/CLK (gf180mcu_fd_sc_mcu7t5v0__dffq_1)
                                 -0.500000  100.116570   clock uncertainty
                                  0.000000  100.116570   clock reconvergence pessimism
                                 -0.519702   99.596863   library setup time
                                             99.596863   data required time
---------------------------------------------------------------------------------------------
                                             99.596863   data required time
                                            -25.847179   data arrival time
---------------------------------------------------------------------------------------------
                                             73.749687   slack (MET)


Startpoint: RST_I (input port clocked by system_clock)
Endpoint: _831_ (rising edge-triggered flip-flop clocked by system_clock)
Path Group: system_clock
Path Type: max

Fanout         Cap        Slew       Delay        Time   Description
---------------------------------------------------------------------------------------------
                                  0.000000    0.000000   clock system_clock (rise edge)
                                  0.000000    0.000000   clock network delay (propagated)
                                 20.000000   20.000000 ^ input external delay
     1    0.007682    0.000000    0.000000   20.000000 ^ RST_I (in)
                                                         RST_I (net)
                      0.000227    0.000092   20.000093 ^ input10/I (gf180mcu_fd_sc_mcu7t5v0__dlyb_1)
    31    0.227300    3.684509    2.917146   22.917238 ^ input10/Z (gf180mcu_fd_sc_mcu7t5v0__dlyb_1)
                                                         net10 (net)
                      3.684667    0.013745   22.930984 ^ _430_/I (gf180mcu_fd_sc_mcu7t5v0__clkinv_1)
    16    0.124396    2.440044    1.985994   24.916977 v _430_/ZN (gf180mcu_fd_sc_mcu7t5v0__clkinv_1)
                                                         _103_ (net)
                      2.440053    0.002702   24.919680 v _678_/B (gf180mcu_fd_sc_mcu7t5v0__oai21_1)
     2    0.011835    0.838466    0.862791   25.782471 ^ _678_/ZN (gf180mcu_fd_sc_mcu7t5v0__oai21_1)
                                                         _319_ (net)
                      0.838466    0.000187   25.782658 ^ _735_/B (gf180mcu_fd_sc_mcu7t5v0__aoi21_1)
     1    0.004025    0.389524    0.260224   26.042881 v _735_/ZN (gf180mcu_fd_sc_mcu7t5v0__aoi21_1)
                                                         _044_ (net)
                      0.389524    0.000080   26.042961 v _831_/D (gf180mcu_fd_sc_mcu7t5v0__dffq_1)
                                             26.042961   data arrival time

                                100.000000  100.000000   clock system_clock (rise edge)
                                  0.000000  100.000000   clock source latency
     1    0.036569    0.000000    0.000000  100.000000 ^ CLK_I (in)
                                                         CLK_I (net)
                      0.003416    0.001400  100.001396 ^ clkbuf_0_CLK_I/I (gf180mcu_fd_sc_mcu7t5v0__clkbuf_16)
     8    0.208905    0.257094    0.324171  100.325569 ^ clkbuf_0_CLK_I/Z (gf180mcu_fd_sc_mcu7t5v0__clkbuf_16)
                                                         clknet_0_CLK_I (net)
                      0.257119    0.003752  100.329323 ^ clkbuf_3_0__f_CLK_I/I (gf180mcu_fd_sc_mcu7t5v0__clkbuf_16)
     9    0.058179    0.123285    0.283677  100.612999 ^ clkbuf_3_0__f_CLK_I/Z (gf180mcu_fd_sc_mcu7t5v0__clkbuf_16)
                                                         clknet_3_0__leaf_CLK_I (net)
                      0.123286    0.000753  100.613747 ^ _831_/CLK (gf180mcu_fd_sc_mcu7t5v0__dffq_1)
                                 -0.500000  100.113747   clock uncertainty
                                  0.000000  100.113747   clock reconvergence pessimism
                                 -0.315176   99.798569   library setup time
                                             99.798569   data required time
---------------------------------------------------------------------------------------------
                                             99.798569   data required time
                                            -26.042961   data arrival time
---------------------------------------------------------------------------------------------
                                             73.755608   slack (MET)


Startpoint: RST_I (input port clocked by system_clock)
Endpoint: _866_ (rising edge-triggered flip-flop clocked by system_clock)
Path Group: system_clock
Path Type: max

Fanout         Cap        Slew       Delay        Time   Description
---------------------------------------------------------------------------------------------
                                  0.000000    0.000000   clock system_clock (rise edge)
                                  0.000000    0.000000   clock network delay (propagated)
                                 20.000000   20.000000 ^ input external delay
     1    0.007682    0.000000    0.000000   20.000000 ^ RST_I (in)
                                                         RST_I (net)
                      0.000227    0.000092   20.000093 ^ input10/I (gf180mcu_fd_sc_mcu7t5v0__dlyb_1)
    31    0.227300    3.684509    2.917146   22.917238 ^ input10/Z (gf180mcu_fd_sc_mcu7t5v0__dlyb_1)
                                                         net10 (net)
                      3.684667    0.013745   22.930984 ^ _430_/I (gf180mcu_fd_sc_mcu7t5v0__clkinv_1)
    16    0.124396    2.440044    1.985994   24.916977 v _430_/ZN (gf180mcu_fd_sc_mcu7t5v0__clkinv_1)
                                                         _103_ (net)
                      2.440062    0.003755   24.920732 v _813_/B (gf180mcu_fd_sc_mcu7t5v0__oai21_1)
     1    0.004421    0.707482    0.736087   25.656820 ^ _813_/ZN (gf180mcu_fd_sc_mcu7t5v0__oai21_1)
                                                         _406_ (net)
                      0.707482    0.000082   25.656900 ^ _814_/B (gf180mcu_fd_sc_mcu7t5v0__aoi21_1)
     1    0.002740    0.466471    0.232538   25.889439 v _814_/ZN (gf180mcu_fd_sc_mcu7t5v0__aoi21_1)
                                                         _079_ (net)
                      0.466471    0.000025   25.889463 v _866_/D (gf180mcu_fd_sc_mcu7t5v0__dffq_1)
                                             25.889463   data arrival time

                                100.000000  100.000000   clock system_clock (rise edge)
                                  0.000000  100.000000   clock source latency
     1    0.036569    0.000000    0.000000  100.000000 ^ CLK_I (in)
                                                         CLK_I (net)
                      0.003416    0.001400  100.001396 ^ clkbuf_0_CLK_I/I (gf180mcu_fd_sc_mcu7t5v0__clkbuf_16)
     8    0.208905    0.257094    0.324171  100.325569 ^ clkbuf_0_CLK_I/Z (gf180mcu_fd_sc_mcu7t5v0__clkbuf_16)
                                                         clknet_0_CLK_I (net)
                      0.257116    0.003553  100.329117 ^ clkbuf_3_3__f_CLK_I/I (gf180mcu_fd_sc_mcu7t5v0__clkbuf_16)
    10    0.068732    0.132332    0.290697  100.619820 ^ clkbuf_3_3__f_CLK_I/Z (gf180mcu_fd_sc_mcu7t5v0__clkbuf_16)
                                                         clknet_3_3__leaf_CLK_I (net)
                      0.132332    0.000178  100.619995 ^ _866_/CLK (gf180mcu_fd_sc_mcu7t5v0__dffq_1)
                                 -0.500000  100.119995   clock uncertainty
                                  0.000000  100.119995   clock reconvergence pessimism
                                 -0.342347   99.777649   library setup time
                                             99.777649   data required time
---------------------------------------------------------------------------------------------
                                             99.777649   data required time
                                            -25.889463   data arrival time
---------------------------------------------------------------------------------------------
                                             73.888184   slack (MET)


Startpoint: RST_I (input port clocked by system_clock)
Endpoint: _870_ (rising edge-triggered flip-flop clocked by system_clock)
Path Group: system_clock
Path Type: max

Fanout         Cap        Slew       Delay        Time   Description
---------------------------------------------------------------------------------------------
                                  0.000000    0.000000   clock system_clock (rise edge)
                                  0.000000    0.000000   clock network delay (propagated)
                                 20.000000   20.000000 ^ input external delay
     1    0.007682    0.000000    0.000000   20.000000 ^ RST_I (in)
                                                         RST_I (net)
                      0.000227    0.000092   20.000093 ^ input10/I (gf180mcu_fd_sc_mcu7t5v0__dlyb_1)
    31    0.227300    3.684509    2.917146   22.917238 ^ input10/Z (gf180mcu_fd_sc_mcu7t5v0__dlyb_1)
                                                         net10 (net)
                      3.684667    0.013745   22.930984 ^ _430_/I (gf180mcu_fd_sc_mcu7t5v0__clkinv_1)
    16    0.124396    2.440044    1.985994   24.916977 v _430_/ZN (gf180mcu_fd_sc_mcu7t5v0__clkinv_1)
                                                         _103_ (net)
                      2.440055    0.002881   24.919859 v _458_/B (gf180mcu_fd_sc_mcu7t5v0__oai21_1)
     1    0.004363    0.706265    0.734966   25.654825 ^ _458_/ZN (gf180mcu_fd_sc_mcu7t5v0__oai21_1)
                                                         _126_ (net)
                      0.706265    0.000080   25.654905 ^ _459_/B (gf180mcu_fd_sc_mcu7t5v0__aoi21_1)
     1    0.002750    0.466693    0.232591   25.887495 v _459_/ZN (gf180mcu_fd_sc_mcu7t5v0__aoi21_1)
                                                         _004_ (net)
                      0.466693    0.000027   25.887522 v _870_/D (gf180mcu_fd_sc_mcu7t5v0__dffq_1)
                                             25.887522   data arrival time

                                100.000000  100.000000   clock system_clock (rise edge)
                                  0.000000  100.000000   clock source latency
     1    0.036569    0.000000    0.000000  100.000000 ^ CLK_I (in)
                                                         CLK_I (net)
                      0.003416    0.001400  100.001396 ^ clkbuf_0_CLK_I/I (gf180mcu_fd_sc_mcu7t5v0__clkbuf_16)
     8    0.208905    0.257094    0.324171  100.325569 ^ clkbuf_0_CLK_I/Z (gf180mcu_fd_sc_mcu7t5v0__clkbuf_16)
                                                         clknet_0_CLK_I (net)
                      0.257116    0.003553  100.329117 ^ clkbuf_3_3__f_CLK_I/I (gf180mcu_fd_sc_mcu7t5v0__clkbuf_16)
    10    0.068732    0.132332    0.290697  100.619820 ^ clkbuf_3_3__f_CLK_I/Z (gf180mcu_fd_sc_mcu7t5v0__clkbuf_16)
                                                         clknet_3_3__leaf_CLK_I (net)
                      0.132333    0.000384  100.620201 ^ _870_/CLK (gf180mcu_fd_sc_mcu7t5v0__dffq_1)
                                 -0.500000  100.120201   clock uncertainty
                                  0.000000  100.120201   clock reconvergence pessimism
                                 -0.342430   99.777771   library setup time
                                             99.777771   data required time
---------------------------------------------------------------------------------------------
                                             99.777771   data required time
                                            -25.887522   data arrival time
---------------------------------------------------------------------------------------------
                                             73.890244   slack (MET)


Startpoint: RST_I (input port clocked by system_clock)
Endpoint: _868_ (rising edge-triggered flip-flop clocked by system_clock)
Path Group: system_clock
Path Type: max

Fanout         Cap        Slew       Delay        Time   Description
---------------------------------------------------------------------------------------------
                                  0.000000    0.000000   clock system_clock (rise edge)
                                  0.000000    0.000000   clock network delay (propagated)
                                 20.000000   20.000000 ^ input external delay
     1    0.007682    0.000000    0.000000   20.000000 ^ RST_I (in)
                                                         RST_I (net)
                      0.000227    0.000092   20.000093 ^ input10/I (gf180mcu_fd_sc_mcu7t5v0__dlyb_1)
    31    0.227300    3.684509    2.917146   22.917238 ^ input10/Z (gf180mcu_fd_sc_mcu7t5v0__dlyb_1)
                                                         net10 (net)
                      3.684667    0.013745   22.930984 ^ _430_/I (gf180mcu_fd_sc_mcu7t5v0__clkinv_1)
    16    0.124396    2.440044    1.985994   24.916977 v _430_/ZN (gf180mcu_fd_sc_mcu7t5v0__clkinv_1)
                                                         _103_ (net)
                      2.440058    0.003318   24.920296 v _453_/B (gf180mcu_fd_sc_mcu7t5v0__oai21_1)
     1    0.004851    0.716566    0.744448   25.664743 ^ _453_/ZN (gf180mcu_fd_sc_mcu7t5v0__oai21_1)
                                                         _123_ (net)
                      0.716566    0.000092   25.664837 ^ _454_/B (gf180mcu_fd_sc_mcu7t5v0__aoi21_1)
     1    0.003726    0.354614    0.246679   25.911516 v _454_/ZN (gf180mcu_fd_sc_mcu7t5v0__aoi21_1)
                                                         _002_ (net)
                      0.354614    0.000073   25.911589 v _868_/D (gf180mcu_fd_sc_mcu7t5v0__dffq_1)
                                             25.911589   data arrival time

                                100.000000  100.000000   clock system_clock (rise edge)
                                  0.000000  100.000000   clock source latency
     1    0.036569    0.000000    0.000000  100.000000 ^ CLK_I (in)
                                                         CLK_I (net)
                      0.003416    0.001400  100.001396 ^ clkbuf_0_CLK_I/I (gf180mcu_fd_sc_mcu7t5v0__clkbuf_16)
     8    0.208905    0.257094    0.324171  100.325569 ^ clkbuf_0_CLK_I/Z (gf180mcu_fd_sc_mcu7t5v0__clkbuf_16)
                                                         clknet_0_CLK_I (net)
                      0.257129    0.004462  100.330032 ^ clkbuf_3_6__f_CLK_I/I (gf180mcu_fd_sc_mcu7t5v0__clkbuf_16)
    13    0.063776    0.128102    0.287479  100.617508 ^ clkbuf_3_6__f_CLK_I/Z (gf180mcu_fd_sc_mcu7t5v0__clkbuf_16)
                                                         clknet_3_6__leaf_CLK_I (net)
                      0.128103    0.000526  100.618034 ^ _868_/CLK (gf180mcu_fd_sc_mcu7t5v0__dffq_1)
                                 -0.500000  100.118034   clock uncertainty
                                  0.000000  100.118034   clock reconvergence pessimism
                                 -0.301116   99.816917   library setup time
                                             99.816917   data required time
---------------------------------------------------------------------------------------------
                                             99.816917   data required time
                                            -25.911589   data arrival time
---------------------------------------------------------------------------------------------
                                             73.905327   slack (MET)


Startpoint: RST_I (input port clocked by system_clock)
Endpoint: _867_ (rising edge-triggered flip-flop clocked by system_clock)
Path Group: system_clock
Path Type: max

Fanout         Cap        Slew       Delay        Time   Description
---------------------------------------------------------------------------------------------
                                  0.000000    0.000000   clock system_clock (rise edge)
                                  0.000000    0.000000   clock network delay (propagated)
                                 20.000000   20.000000 ^ input external delay
     1    0.007682    0.000000    0.000000   20.000000 ^ RST_I (in)
                                                         RST_I (net)
                      0.000227    0.000092   20.000093 ^ input10/I (gf180mcu_fd_sc_mcu7t5v0__dlyb_1)
    31    0.227300    3.684509    2.917146   22.917238 ^ input10/Z (gf180mcu_fd_sc_mcu7t5v0__dlyb_1)
                                                         net10 (net)
                      3.684667    0.013745   22.930984 ^ _430_/I (gf180mcu_fd_sc_mcu7t5v0__clkinv_1)
    16    0.124396    2.440044    1.985994   24.916977 v _430_/ZN (gf180mcu_fd_sc_mcu7t5v0__clkinv_1)
                                                         _103_ (net)
                      2.440061    0.003626   24.920603 v _816_/C (gf180mcu_fd_sc_mcu7t5v0__oai211_1)
     1    0.004384    0.852145    0.875147   25.795750 ^ _816_/ZN (gf180mcu_fd_sc_mcu7t5v0__oai211_1)
                                                         _080_ (net)
                      0.852145    0.000085   25.795835 ^ _867_/D (gf180mcu_fd_sc_mcu7t5v0__dffq_1)
                                             25.795835   data arrival time

                                100.000000  100.000000   clock system_clock (rise edge)
                                  0.000000  100.000000   clock source latency
     1    0.036569    0.000000    0.000000  100.000000 ^ CLK_I (in)
                                                         CLK_I (net)
                      0.003416    0.001400  100.001396 ^ clkbuf_0_CLK_I/I (gf180mcu_fd_sc_mcu7t5v0__clkbuf_16)
     8    0.208905    0.257094    0.324171  100.325569 ^ clkbuf_0_CLK_I/Z (gf180mcu_fd_sc_mcu7t5v0__clkbuf_16)
                                                         clknet_0_CLK_I (net)
                      0.257116    0.003553  100.329117 ^ clkbuf_3_3__f_CLK_I/I (gf180mcu_fd_sc_mcu7t5v0__clkbuf_16)
    10    0.068732    0.132332    0.290697  100.619820 ^ clkbuf_3_3__f_CLK_I/Z (gf180mcu_fd_sc_mcu7t5v0__clkbuf_16)
                                                         clknet_3_3__leaf_CLK_I (net)
                      0.132332    0.000028  100.619843 ^ _867_/CLK (gf180mcu_fd_sc_mcu7t5v0__dffq_1)
                                 -0.500000  100.119843   clock uncertainty
                                  0.000000  100.119843   clock reconvergence pessimism
                                 -0.253225   99.866623   library setup time
                                             99.866623   data required time
---------------------------------------------------------------------------------------------
                                             99.866623   data required time
                                            -25.795835   data arrival time
---------------------------------------------------------------------------------------------
                                             74.070786   slack (MET)


Startpoint: RST_I (input port clocked by system_clock)
Endpoint: _872_ (rising edge-triggered flip-flop clocked by system_clock)
Path Group: system_clock
Path Type: max

Fanout         Cap        Slew       Delay        Time   Description
---------------------------------------------------------------------------------------------
                                  0.000000    0.000000   clock system_clock (rise edge)
                                  0.000000    0.000000   clock network delay (propagated)
                                 20.000000   20.000000 ^ input external delay
     1    0.007682    0.000000    0.000000   20.000000 ^ RST_I (in)
                                                         RST_I (net)
                      0.000227    0.000092   20.000093 ^ input10/I (gf180mcu_fd_sc_mcu7t5v0__dlyb_1)
    31    0.227300    3.684509    2.917146   22.917238 ^ input10/Z (gf180mcu_fd_sc_mcu7t5v0__dlyb_1)
                                                         net10 (net)
                      3.684667    0.013745   22.930984 ^ _430_/I (gf180mcu_fd_sc_mcu7t5v0__clkinv_1)
    16    0.124396    2.440044    1.985994   24.916977 v _430_/ZN (gf180mcu_fd_sc_mcu7t5v0__clkinv_1)
                                                         _103_ (net)
                      2.440058    0.003347   24.920324 v _463_/B (gf180mcu_fd_sc_mcu7t5v0__oai21_1)
     1    0.004764    0.715128    0.742778   25.663103 ^ _463_/ZN (gf180mcu_fd_sc_mcu7t5v0__oai21_1)
                                                         _129_ (net)
                      0.715128    0.000046   25.663149 ^ _465_/A1 (gf180mcu_fd_sc_mcu7t5v0__nor2_1)
     1    0.002858    0.214125    0.107649   25.770798 v _465_/ZN (gf180mcu_fd_sc_mcu7t5v0__nor2_1)
                                                         _006_ (net)
                      0.214125    0.000028   25.770826 v _872_/D (gf180mcu_fd_sc_mcu7t5v0__dffq_1)
                                             25.770826   data arrival time

                                100.000000  100.000000   clock system_clock (rise edge)
                                  0.000000  100.000000   clock source latency
     1    0.036569    0.000000    0.000000  100.000000 ^ CLK_I (in)
                                                         CLK_I (net)
                      0.003416    0.001400  100.001396 ^ clkbuf_0_CLK_I/I (gf180mcu_fd_sc_mcu7t5v0__clkbuf_16)
     8    0.208905    0.257094    0.324171  100.325569 ^ clkbuf_0_CLK_I/Z (gf180mcu_fd_sc_mcu7t5v0__clkbuf_16)
                                                         clknet_0_CLK_I (net)
                      0.257129    0.004462  100.330032 ^ clkbuf_3_6__f_CLK_I/I (gf180mcu_fd_sc_mcu7t5v0__clkbuf_16)
    13    0.063776    0.128102    0.287479  100.617508 ^ clkbuf_3_6__f_CLK_I/Z (gf180mcu_fd_sc_mcu7t5v0__clkbuf_16)
                                                         clknet_3_6__leaf_CLK_I (net)
                      0.128103    0.000512  100.618019 ^ _872_/CLK (gf180mcu_fd_sc_mcu7t5v0__dffq_1)
                                 -0.500000  100.118019   clock uncertainty
                                  0.000000  100.118019   clock reconvergence pessimism
                                 -0.254922   99.863098   library setup time
                                             99.863098   data required time
---------------------------------------------------------------------------------------------
                                             99.863098   data required time
                                            -25.770826   data arrival time
---------------------------------------------------------------------------------------------
                                             74.092270   slack (MET)


Startpoint: RST_I (input port clocked by system_clock)
Endpoint: _827_ (rising edge-triggered flip-flop clocked by system_clock)
Path Group: system_clock
Path Type: max

Fanout         Cap        Slew       Delay        Time   Description
---------------------------------------------------------------------------------------------
                                  0.000000    0.000000   clock system_clock (rise edge)
                                  0.000000    0.000000   clock network delay (propagated)
                                 20.000000   20.000000 v input external delay
     1    0.007682    0.000000    0.000000   20.000000 v RST_I (in)
                                                         RST_I (net)
                      0.000227    0.000092   20.000093 v input10/I (gf180mcu_fd_sc_mcu7t5v0__dlyb_1)
    31    0.227300    2.219176    2.358316   22.358410 v input10/Z (gf180mcu_fd_sc_mcu7t5v0__dlyb_1)
                                                         net10 (net)
                      2.219238    0.006766   22.365175 v _679_/A1 (gf180mcu_fd_sc_mcu7t5v0__nor3_1)
    10    0.067535    3.075329    2.331289   24.696465 ^ _679_/ZN (gf180mcu_fd_sc_mcu7t5v0__nor3_1)
                                                         _320_ (net)
                      3.075329    0.000632   24.697096 ^ _707_/A1 (gf180mcu_fd_sc_mcu7t5v0__nand4_1)
     1    0.011068    0.926833    0.448297   25.145393 v _707_/ZN (gf180mcu_fd_sc_mcu7t5v0__nand4_1)
                                                         _339_ (net)
                      0.926833    0.000218   25.145613 v _708_/S (gf180mcu_fd_sc_mcu7t5v0__mux2_2)
     1    0.003456    0.121973    0.555881   25.701492 ^ _708_/Z (gf180mcu_fd_sc_mcu7t5v0__mux2_2)
                                                         _040_ (net)
                      0.121973    0.000066   25.701559 ^ _827_/D (gf180mcu_fd_sc_mcu7t5v0__dffq_1)
                                             25.701559   data arrival time

                                100.000000  100.000000   clock system_clock (rise edge)
                                  0.000000  100.000000   clock source latency
     1    0.036569    0.000000    0.000000  100.000000 ^ CLK_I (in)
                                                         CLK_I (net)
                      0.003416    0.001400  100.001396 ^ clkbuf_0_CLK_I/I (gf180mcu_fd_sc_mcu7t5v0__clkbuf_16)
     8    0.208905    0.257094    0.324171  100.325569 ^ clkbuf_0_CLK_I/Z (gf180mcu_fd_sc_mcu7t5v0__clkbuf_16)
                                                         clknet_0_CLK_I (net)
                      0.257119    0.003752  100.329323 ^ clkbuf_3_0__f_CLK_I/I (gf180mcu_fd_sc_mcu7t5v0__clkbuf_16)
     9    0.058179    0.123285    0.283677  100.612999 ^ clkbuf_3_0__f_CLK_I/Z (gf180mcu_fd_sc_mcu7t5v0__clkbuf_16)
                                                         clknet_3_0__leaf_CLK_I (net)
                      0.123285    0.000050  100.613045 ^ _827_/CLK (gf180mcu_fd_sc_mcu7t5v0__dffq_1)
                                 -0.500000  100.113045   clock uncertainty
                                  0.000000  100.113045   clock reconvergence pessimism
                                 -0.213445   99.899597   library setup time
                                             99.899597   data required time
---------------------------------------------------------------------------------------------
                                             99.899597   data required time
                                            -25.701559   data arrival time
---------------------------------------------------------------------------------------------
                                             74.198036   slack (MET)


Startpoint: RST_I (input port clocked by system_clock)
Endpoint: _844_ (rising edge-triggered flip-flop clocked by system_clock)
Path Group: system_clock
Path Type: max

Fanout         Cap        Slew       Delay        Time   Description
---------------------------------------------------------------------------------------------
                                  0.000000    0.000000   clock system_clock (rise edge)
                                  0.000000    0.000000   clock network delay (propagated)
                                 20.000000   20.000000 ^ input external delay
     1    0.007682    0.000000    0.000000   20.000000 ^ RST_I (in)
                                                         RST_I (net)
                      0.000227    0.000092   20.000093 ^ input10/I (gf180mcu_fd_sc_mcu7t5v0__dlyb_1)
    31    0.227300    3.684509    2.917146   22.917238 ^ input10/Z (gf180mcu_fd_sc_mcu7t5v0__dlyb_1)
                                                         net10 (net)
                      3.684667    0.013745   22.930984 ^ _430_/I (gf180mcu_fd_sc_mcu7t5v0__clkinv_1)
    16    0.124396    2.440044    1.985994   24.916977 v _430_/ZN (gf180mcu_fd_sc_mcu7t5v0__clkinv_1)
                                                         _103_ (net)
                      2.440053    0.002698   24.919676 v _771_/A1 (gf180mcu_fd_sc_mcu7t5v0__and2_1)
     1    0.004155    0.190456    0.695371   25.615047 v _771_/Z (gf180mcu_fd_sc_mcu7t5v0__and2_1)
                                                         _057_ (net)
                      0.190456    0.000078   25.615126 v _844_/D (gf180mcu_fd_sc_mcu7t5v0__dffq_1)
                                             25.615126   data arrival time

                                100.000000  100.000000   clock system_clock (rise edge)
                                  0.000000  100.000000   clock source latency
     1    0.036569    0.000000    0.000000  100.000000 ^ CLK_I (in)
                                                         CLK_I (net)
                      0.003416    0.001400  100.001396 ^ clkbuf_0_CLK_I/I (gf180mcu_fd_sc_mcu7t5v0__clkbuf_16)
     8    0.208905    0.257094    0.324171  100.325569 ^ clkbuf_0_CLK_I/Z (gf180mcu_fd_sc_mcu7t5v0__clkbuf_16)
                                                         clknet_0_CLK_I (net)
                      0.257119    0.003752  100.329323 ^ clkbuf_3_0__f_CLK_I/I (gf180mcu_fd_sc_mcu7t5v0__clkbuf_16)
     9    0.058179    0.123285    0.283677  100.612999 ^ clkbuf_3_0__f_CLK_I/Z (gf180mcu_fd_sc_mcu7t5v0__clkbuf_16)
                                                         clknet_3_0__leaf_CLK_I (net)
                      0.123286    0.000767  100.613762 ^ _844_/CLK (gf180mcu_fd_sc_mcu7t5v0__dffq_1)
                                 -0.500000  100.113762   clock uncertainty
                                  0.000000  100.113762   clock reconvergence pessimism
                                 -0.248461   99.865303   library setup time
                                             99.865303   data required time
---------------------------------------------------------------------------------------------
                                             99.865303   data required time
                                            -25.615126   data arrival time
---------------------------------------------------------------------------------------------
                                             74.250175   slack (MET)


Startpoint: RST_I (input port clocked by system_clock)
Endpoint: _847_ (rising edge-triggered flip-flop clocked by system_clock)
Path Group: system_clock
Path Type: max

Fanout         Cap        Slew       Delay        Time   Description
---------------------------------------------------------------------------------------------
                                  0.000000    0.000000   clock system_clock (rise edge)
                                  0.000000    0.000000   clock network delay (propagated)
                                 20.000000   20.000000 ^ input external delay
     1    0.007682    0.000000    0.000000   20.000000 ^ RST_I (in)
                                                         RST_I (net)
                      0.000227    0.000092   20.000093 ^ input10/I (gf180mcu_fd_sc_mcu7t5v0__dlyb_1)
    31    0.227300    3.684509    2.917146   22.917238 ^ input10/Z (gf180mcu_fd_sc_mcu7t5v0__dlyb_1)
                                                         net10 (net)
                      3.684667    0.013745   22.930984 ^ _430_/I (gf180mcu_fd_sc_mcu7t5v0__clkinv_1)
    16    0.124396    2.440044    1.985994   24.916977 v _430_/ZN (gf180mcu_fd_sc_mcu7t5v0__clkinv_1)
                                                         _103_ (net)
                      2.440053    0.002721   24.919699 v _774_/A1 (gf180mcu_fd_sc_mcu7t5v0__and2_1)
     1    0.003175    0.181853    0.684958   25.604656 v _774_/Z (gf180mcu_fd_sc_mcu7t5v0__and2_1)
                                                         _060_ (net)
                      0.181853    0.000059   25.604715 v _847_/D (gf180mcu_fd_sc_mcu7t5v0__dffq_1)
                                             25.604715   data arrival time

                                100.000000  100.000000   clock system_clock (rise edge)
                                  0.000000  100.000000   clock source latency
     1    0.036569    0.000000    0.000000  100.000000 ^ CLK_I (in)
                                                         CLK_I (net)
                      0.003416    0.001400  100.001396 ^ clkbuf_0_CLK_I/I (gf180mcu_fd_sc_mcu7t5v0__clkbuf_16)
     8    0.208905    0.257094    0.324171  100.325569 ^ clkbuf_0_CLK_I/Z (gf180mcu_fd_sc_mcu7t5v0__clkbuf_16)
                                                         clknet_0_CLK_I (net)
                      0.257110    0.003020  100.328590 ^ clkbuf_3_1__f_CLK_I/I (gf180mcu_fd_sc_mcu7t5v0__clkbuf_16)
    12    0.063772    0.128092    0.287443  100.616028 ^ clkbuf_3_1__f_CLK_I/Z (gf180mcu_fd_sc_mcu7t5v0__clkbuf_16)
                                                         clknet_3_1__leaf_CLK_I (net)
                      0.128093    0.000561  100.616592 ^ _847_/CLK (gf180mcu_fd_sc_mcu7t5v0__dffq_1)
                                 -0.500000  100.116592   clock uncertainty
                                  0.000000  100.116592   clock reconvergence pessimism
                                 -0.244668   99.871925   library setup time
                                             99.871925   data required time
---------------------------------------------------------------------------------------------
                                             99.871925   data required time
                                            -25.604715   data arrival time
---------------------------------------------------------------------------------------------
                                             74.267204   slack (MET)


Startpoint: RST_I (input port clocked by system_clock)
Endpoint: _873_ (rising edge-triggered flip-flop clocked by system_clock)
Path Group: system_clock
Path Type: max

Fanout         Cap        Slew       Delay        Time   Description
---------------------------------------------------------------------------------------------
                                  0.000000    0.000000   clock system_clock (rise edge)
                                  0.000000    0.000000   clock network delay (propagated)
                                 20.000000   20.000000 ^ input external delay
     1    0.007682    0.000000    0.000000   20.000000 ^ RST_I (in)
                                                         RST_I (net)
                      0.000227    0.000092   20.000093 ^ input10/I (gf180mcu_fd_sc_mcu7t5v0__dlyb_1)
    31    0.227300    3.684509    2.917146   22.917238 ^ input10/Z (gf180mcu_fd_sc_mcu7t5v0__dlyb_1)
                                                         net10 (net)
                      3.684667    0.013745   22.930984 ^ _430_/I (gf180mcu_fd_sc_mcu7t5v0__clkinv_1)
    16    0.124396    2.440044    1.985994   24.916977 v _430_/ZN (gf180mcu_fd_sc_mcu7t5v0__clkinv_1)
                                                         _103_ (net)
                      2.440053    0.002707   24.919685 v _468_/A1 (gf180mcu_fd_sc_mcu7t5v0__nand3_1)
     1    0.003231    0.547073    0.518179   25.437864 ^ _468_/ZN (gf180mcu_fd_sc_mcu7t5v0__nand3_1)
                                                         _007_ (net)
                      0.547073    0.000034   25.437899 ^ _873_/D (gf180mcu_fd_sc_mcu7t5v0__dffq_1)
                                             25.437899   data arrival time

                                100.000000  100.000000   clock system_clock (rise edge)
                                  0.000000  100.000000   clock source latency
     1    0.036569    0.000000    0.000000  100.000000 ^ CLK_I (in)
                                                         CLK_I (net)
                      0.003416    0.001400  100.001396 ^ clkbuf_0_CLK_I/I (gf180mcu_fd_sc_mcu7t5v0__clkbuf_16)
     8    0.208905    0.257094    0.324171  100.325569 ^ clkbuf_0_CLK_I/Z (gf180mcu_fd_sc_mcu7t5v0__clkbuf_16)
                                                         clknet_0_CLK_I (net)
                      0.257129    0.004462  100.330032 ^ clkbuf_3_6__f_CLK_I/I (gf180mcu_fd_sc_mcu7t5v0__clkbuf_16)
    13    0.063776    0.128102    0.287479  100.617508 ^ clkbuf_3_6__f_CLK_I/Z (gf180mcu_fd_sc_mcu7t5v0__clkbuf_16)
                                                         clknet_3_6__leaf_CLK_I (net)
                      0.128103    0.000519  100.618027 ^ _873_/CLK (gf180mcu_fd_sc_mcu7t5v0__dffq_1)
                                 -0.500000  100.118027   clock uncertainty
                                  0.000000  100.118027   clock reconvergence pessimism
                                 -0.251160   99.866859   library setup time
                                             99.866859   data required time
---------------------------------------------------------------------------------------------
                                             99.866859   data required time
                                            -25.437899   data arrival time
---------------------------------------------------------------------------------------------
                                             74.428963   slack (MET)


Startpoint: RST_I (input port clocked by system_clock)
Endpoint: _869_ (rising edge-triggered flip-flop clocked by system_clock)
Path Group: system_clock
Path Type: max

Fanout         Cap        Slew       Delay        Time   Description
---------------------------------------------------------------------------------------------
                                  0.000000    0.000000   clock system_clock (rise edge)
                                  0.000000    0.000000   clock network delay (propagated)
                                 20.000000   20.000000 ^ input external delay
     1    0.007682    0.000000    0.000000   20.000000 ^ RST_I (in)
                                                         RST_I (net)
                      0.000227    0.000092   20.000093 ^ input10/I (gf180mcu_fd_sc_mcu7t5v0__dlyb_1)
    31    0.227300    3.684509    2.917146   22.917238 ^ input10/Z (gf180mcu_fd_sc_mcu7t5v0__dlyb_1)
                                                         net10 (net)
                      3.684667    0.013745   22.930984 ^ _430_/I (gf180mcu_fd_sc_mcu7t5v0__clkinv_1)
    16    0.124396    2.440044    1.985994   24.916977 v _430_/ZN (gf180mcu_fd_sc_mcu7t5v0__clkinv_1)
                                                         _103_ (net)
                      2.440053    0.002588   24.919565 v _457_/A1 (gf180mcu_fd_sc_mcu7t5v0__nand3_1)
     1    0.003060    0.541997    0.513507   25.433073 ^ _457_/ZN (gf180mcu_fd_sc_mcu7t5v0__nand3_1)
                                                         _003_ (net)
                      0.541997    0.000030   25.433104 ^ _869_/D (gf180mcu_fd_sc_mcu7t5v0__dffq_1)
                                             25.433104   data arrival time

                                100.000000  100.000000   clock system_clock (rise edge)
                                  0.000000  100.000000   clock source latency
     1    0.036569    0.000000    0.000000  100.000000 ^ CLK_I (in)
                                                         CLK_I (net)
                      0.003416    0.001400  100.001396 ^ clkbuf_0_CLK_I/I (gf180mcu_fd_sc_mcu7t5v0__clkbuf_16)
     8    0.208905    0.257094    0.324171  100.325569 ^ clkbuf_0_CLK_I/Z (gf180mcu_fd_sc_mcu7t5v0__clkbuf_16)
                                                         clknet_0_CLK_I (net)
                      0.257116    0.003553  100.329117 ^ clkbuf_3_3__f_CLK_I/I (gf180mcu_fd_sc_mcu7t5v0__clkbuf_16)
    10    0.068732    0.132332    0.290697  100.619820 ^ clkbuf_3_3__f_CLK_I/Z (gf180mcu_fd_sc_mcu7t5v0__clkbuf_16)
                                                         clknet_3_3__leaf_CLK_I (net)
                      0.132333    0.000526  100.620346 ^ _869_/CLK (gf180mcu_fd_sc_mcu7t5v0__dffq_1)
                                 -0.500000  100.120338   clock uncertainty
                                  0.000000  100.120338   clock reconvergence pessimism
                                 -0.249839   99.870499   library setup time
                                             99.870499   data required time
---------------------------------------------------------------------------------------------
                                             99.870499   data required time
                                            -25.433104   data arrival time
---------------------------------------------------------------------------------------------
                                             74.437401   slack (MET)


Startpoint: RST_I (input port clocked by system_clock)
Endpoint: _871_ (rising edge-triggered flip-flop clocked by system_clock)
Path Group: system_clock
Path Type: max

Fanout         Cap        Slew       Delay        Time   Description
---------------------------------------------------------------------------------------------
                                  0.000000    0.000000   clock system_clock (rise edge)
                                  0.000000    0.000000   clock network delay (propagated)
                                 20.000000   20.000000 ^ input external delay
     1    0.007682    0.000000    0.000000   20.000000 ^ RST_I (in)
                                                         RST_I (net)
                      0.000227    0.000092   20.000093 ^ input10/I (gf180mcu_fd_sc_mcu7t5v0__dlyb_1)
    31    0.227300    3.684509    2.917146   22.917238 ^ input10/Z (gf180mcu_fd_sc_mcu7t5v0__dlyb_1)
                                                         net10 (net)
                      3.684667    0.013745   22.930984 ^ _430_/I (gf180mcu_fd_sc_mcu7t5v0__clkinv_1)
    16    0.124396    2.440044    1.985994   24.916977 v _430_/ZN (gf180mcu_fd_sc_mcu7t5v0__clkinv_1)
                                                         _103_ (net)
                      2.440053    0.002689   24.919666 v _462_/A1 (gf180mcu_fd_sc_mcu7t5v0__nand3_1)
     1    0.002760    0.533132    0.505345   25.425013 ^ _462_/ZN (gf180mcu_fd_sc_mcu7t5v0__nand3_1)
                                                         _005_ (net)
                      0.533132    0.000027   25.425039 ^ _871_/D (gf180mcu_fd_sc_mcu7t5v0__dffq_1)
                                             25.425039   data arrival time

                                100.000000  100.000000   clock system_clock (rise edge)
                                  0.000000  100.000000   clock source latency
     1    0.036569    0.000000    0.000000  100.000000 ^ CLK_I (in)
                                                         CLK_I (net)
                      0.003416    0.001400  100.001396 ^ clkbuf_0_CLK_I/I (gf180mcu_fd_sc_mcu7t5v0__clkbuf_16)
     8    0.208905    0.257094    0.324171  100.325569 ^ clkbuf_0_CLK_I/Z (gf180mcu_fd_sc_mcu7t5v0__clkbuf_16)
                                                         clknet_0_CLK_I (net)
                      0.257129    0.004462  100.330032 ^ clkbuf_3_6__f_CLK_I/I (gf180mcu_fd_sc_mcu7t5v0__clkbuf_16)
    13    0.063776    0.128102    0.287479  100.617508 ^ clkbuf_3_6__f_CLK_I/Z (gf180mcu_fd_sc_mcu7t5v0__clkbuf_16)
                                                         clknet_3_6__leaf_CLK_I (net)
                      0.128103    0.000512  100.618019 ^ _871_/CLK (gf180mcu_fd_sc_mcu7t5v0__dffq_1)
                                 -0.500000  100.118019   clock uncertainty
                                  0.000000  100.118019   clock reconvergence pessimism
                                 -0.250213   99.867805   library setup time
                                             99.867805   data required time
---------------------------------------------------------------------------------------------
                                             99.867805   data required time
                                            -25.425039   data arrival time
---------------------------------------------------------------------------------------------
                                             74.442772   slack (MET)


Startpoint: RST_I (input port clocked by system_clock)
Endpoint: _826_ (rising edge-triggered flip-flop clocked by system_clock)
Path Group: system_clock
Path Type: max

Fanout         Cap        Slew       Delay        Time   Description
---------------------------------------------------------------------------------------------
                                  0.000000    0.000000   clock system_clock (rise edge)
                                  0.000000    0.000000   clock network delay (propagated)
                                 20.000000   20.000000 ^ input external delay
     1    0.007682    0.000000    0.000000   20.000000 ^ RST_I (in)
                                                         RST_I (net)
                      0.000227    0.000092   20.000093 ^ input10/I (gf180mcu_fd_sc_mcu7t5v0__dlyb_1)
    31    0.227300    3.684509    2.917146   22.917238 ^ input10/Z (gf180mcu_fd_sc_mcu7t5v0__dlyb_1)
                                                         net10 (net)
                      3.684547    0.006768   22.924006 ^ _679_/A1 (gf180mcu_fd_sc_mcu7t5v0__nor3_1)
    10    0.067535    1.839773    1.231179   24.155186 v _679_/ZN (gf180mcu_fd_sc_mcu7t5v0__nor3_1)
                                                         _320_ (net)
                      1.839773    0.001547   24.156733 v _702_/A4 (gf180mcu_fd_sc_mcu7t5v0__nand4_1)
     1    0.011355    0.797589    0.840524   24.997257 ^ _702_/ZN (gf180mcu_fd_sc_mcu7t5v0__nand4_1)
                                                         _335_ (net)
                      0.797589    0.000226   24.997482 ^ _706_/S (gf180mcu_fd_sc_mcu7t5v0__mux2_2)
     1    0.003003    0.125201    0.403468   25.400949 v _706_/Z (gf180mcu_fd_sc_mcu7t5v0__mux2_2)
                                                         _039_ (net)
                      0.125201    0.000030   25.400980 v _826_/D (gf180mcu_fd_sc_mcu7t5v0__dffq_1)
                                             25.400980   data arrival time

                                100.000000  100.000000   clock system_clock (rise edge)
                                  0.000000  100.000000   clock source latency
     1    0.036569    0.000000    0.000000  100.000000 ^ CLK_I (in)
                                                         CLK_I (net)
                      0.003416    0.001400  100.001396 ^ clkbuf_0_CLK_I/I (gf180mcu_fd_sc_mcu7t5v0__clkbuf_16)
     8    0.208905    0.257094    0.324171  100.325569 ^ clkbuf_0_CLK_I/Z (gf180mcu_fd_sc_mcu7t5v0__clkbuf_16)
                                                         clknet_0_CLK_I (net)
                      0.257110    0.003020  100.328590 ^ clkbuf_3_1__f_CLK_I/I (gf180mcu_fd_sc_mcu7t5v0__clkbuf_16)
    12    0.063772    0.128092    0.287443  100.616028 ^ clkbuf_3_1__f_CLK_I/Z (gf180mcu_fd_sc_mcu7t5v0__clkbuf_16)
                                                         clknet_3_1__leaf_CLK_I (net)
                      0.128092    0.000441  100.616470 ^ _826_/CLK (gf180mcu_fd_sc_mcu7t5v0__dffq_1)
                                 -0.500000  100.116470   clock uncertainty
                                  0.000000  100.116470   clock reconvergence pessimism
                                 -0.229183   99.887283   library setup time
                                             99.887283   data required time
---------------------------------------------------------------------------------------------
                                             99.887283   data required time
                                            -25.400980   data arrival time
---------------------------------------------------------------------------------------------
                                             74.486305   slack (MET)


Startpoint: RST_I (input port clocked by system_clock)
Endpoint: _834_ (rising edge-triggered flip-flop clocked by system_clock)
Path Group: system_clock
Path Type: max

Fanout         Cap        Slew       Delay        Time   Description
---------------------------------------------------------------------------------------------
                                  0.000000    0.000000   clock system_clock (rise edge)
                                  0.000000    0.000000   clock network delay (propagated)
                                 20.000000   20.000000 v input external delay
     1    0.007682    0.000000    0.000000   20.000000 v RST_I (in)
                                                         RST_I (net)
                      0.000227    0.000092   20.000093 v input10/I (gf180mcu_fd_sc_mcu7t5v0__dlyb_1)
    31    0.227300    2.219176    2.358316   22.358410 v input10/Z (gf180mcu_fd_sc_mcu7t5v0__dlyb_1)
                                                         net10 (net)
                      2.219238    0.006766   22.365175 v _679_/A1 (gf180mcu_fd_sc_mcu7t5v0__nor3_1)
    10    0.067535    3.075329    2.331289   24.696465 ^ _679_/ZN (gf180mcu_fd_sc_mcu7t5v0__nor3_1)
                                                         _320_ (net)
                      3.075330    0.003210   24.699675 ^ _753_/B (gf180mcu_fd_sc_mcu7t5v0__oai31_1)
     1    0.004435    0.728703    0.169049   24.868723 v _753_/ZN (gf180mcu_fd_sc_mcu7t5v0__oai31_1)
                                                         _378_ (net)
                      0.728703    0.000043   24.868765 v _754_/B (gf180mcu_fd_sc_mcu7t5v0__aoi21_1)
     1    0.004545    0.400517    0.360901   25.229666 ^ _754_/ZN (gf180mcu_fd_sc_mcu7t5v0__aoi21_1)
                                                         _047_ (net)
                      0.400517    0.000094   25.229761 ^ _834_/D (gf180mcu_fd_sc_mcu7t5v0__dffq_1)
                                             25.229761   data arrival time

                                100.000000  100.000000   clock system_clock (rise edge)
                                  0.000000  100.000000   clock source latency
     1    0.036569    0.000000    0.000000  100.000000 ^ CLK_I (in)
                                                         CLK_I (net)
                      0.003416    0.001400  100.001396 ^ clkbuf_0_CLK_I/I (gf180mcu_fd_sc_mcu7t5v0__clkbuf_16)
     8    0.208905    0.257094    0.324171  100.325569 ^ clkbuf_0_CLK_I/Z (gf180mcu_fd_sc_mcu7t5v0__clkbuf_16)
                                                         clknet_0_CLK_I (net)
                      0.257116    0.003553  100.329117 ^ clkbuf_3_3__f_CLK_I/I (gf180mcu_fd_sc_mcu7t5v0__clkbuf_16)
    10    0.068732    0.132332    0.290697  100.619820 ^ clkbuf_3_3__f_CLK_I/Z (gf180mcu_fd_sc_mcu7t5v0__clkbuf_16)
                                                         clknet_3_3__leaf_CLK_I (net)
                      0.132334    0.000810  100.620628 ^ _834_/CLK (gf180mcu_fd_sc_mcu7t5v0__dffq_1)
                                 -0.500000  100.120628   clock uncertainty
                                  0.000000  100.120628   clock reconvergence pessimism
                                 -0.240292   99.880333   library setup time
                                             99.880333   data required time
---------------------------------------------------------------------------------------------
                                             99.880333   data required time
                                            -25.229761   data arrival time
---------------------------------------------------------------------------------------------
                                             74.650574   slack (MET)


Startpoint: RST_I (input port clocked by system_clock)
Endpoint: _835_ (rising edge-triggered flip-flop clocked by system_clock)
Path Group: system_clock
Path Type: max

Fanout         Cap        Slew       Delay        Time   Description
---------------------------------------------------------------------------------------------
                                  0.000000    0.000000   clock system_clock (rise edge)
                                  0.000000    0.000000   clock network delay (propagated)
                                 20.000000   20.000000 v input external delay
     1    0.007682    0.000000    0.000000   20.000000 v RST_I (in)
                                                         RST_I (net)
                      0.000227    0.000092   20.000093 v input10/I (gf180mcu_fd_sc_mcu7t5v0__dlyb_1)
    31    0.227300    2.219176    2.358316   22.358410 v input10/Z (gf180mcu_fd_sc_mcu7t5v0__dlyb_1)
                                                         net10 (net)
                      2.219238    0.006766   22.365175 v _679_/A1 (gf180mcu_fd_sc_mcu7t5v0__nor3_1)
    10    0.067535    3.075329    2.331289   24.696465 ^ _679_/ZN (gf180mcu_fd_sc_mcu7t5v0__nor3_1)
                                                         _320_ (net)
                      3.075330    0.003080   24.699545 ^ _758_/A2 (gf180mcu_fd_sc_mcu7t5v0__nand2_1)
     1    0.004908    0.570090    0.001730   24.701275 v _758_/ZN (gf180mcu_fd_sc_mcu7t5v0__nand2_1)
                                                         _382_ (net)
                      0.570090    0.000052   24.701326 v _759_/B (gf180mcu_fd_sc_mcu7t5v0__aoi21_1)
     1    0.005036    0.411256    0.342789   25.044115 ^ _759_/ZN (gf180mcu_fd_sc_mcu7t5v0__aoi21_1)
                                                         _048_ (net)
                      0.411256    0.000099   25.044214 ^ _835_/D (gf180mcu_fd_sc_mcu7t5v0__dffq_1)
                                             25.044214   data arrival time

                                100.000000  100.000000   clock system_clock (rise edge)
                                  0.000000  100.000000   clock source latency
     1    0.036569    0.000000    0.000000  100.000000 ^ CLK_I (in)
                                                         CLK_I (net)
                      0.003416    0.001400  100.001396 ^ clkbuf_0_CLK_I/I (gf180mcu_fd_sc_mcu7t5v0__clkbuf_16)
     8    0.208905    0.257094    0.324171  100.325569 ^ clkbuf_0_CLK_I/Z (gf180mcu_fd_sc_mcu7t5v0__clkbuf_16)
                                                         clknet_0_CLK_I (net)
                      0.257120    0.003844  100.329414 ^ clkbuf_3_2__f_CLK_I/I (gf180mcu_fd_sc_mcu7t5v0__clkbuf_16)
    14    0.060173    0.124970    0.284892  100.614304 ^ clkbuf_3_2__f_CLK_I/Z (gf180mcu_fd_sc_mcu7t5v0__clkbuf_16)
                                                         clknet_3_2__leaf_CLK_I (net)
                      0.124973    0.001251  100.615555 ^ _835_/CLK (gf180mcu_fd_sc_mcu7t5v0__dffq_1)
                                 -0.500000  100.115555   clock uncertainty
                                  0.000000  100.115555   clock reconvergence pessimism
                                 -0.242610   99.872948   library setup time
                                             99.872948   data required time
---------------------------------------------------------------------------------------------
                                             99.872948   data required time
                                            -25.044214   data arrival time
---------------------------------------------------------------------------------------------
                                             74.828728   slack (MET)


Startpoint: RST_I (input port clocked by system_clock)
Endpoint: _832_ (rising edge-triggered flip-flop clocked by system_clock)
Path Group: system_clock
Path Type: max

Fanout         Cap        Slew       Delay        Time   Description
---------------------------------------------------------------------------------------------
                                  0.000000    0.000000   clock system_clock (rise edge)
                                  0.000000    0.000000   clock network delay (propagated)
                                 20.000000   20.000000 v input external delay
     1    0.007682    0.000000    0.000000   20.000000 v RST_I (in)
                                                         RST_I (net)
                      0.000227    0.000092   20.000093 v input10/I (gf180mcu_fd_sc_mcu7t5v0__dlyb_1)
    31    0.227300    2.219176    2.358316   22.358410 v input10/Z (gf180mcu_fd_sc_mcu7t5v0__dlyb_1)
                                                         net10 (net)
                      2.219238    0.006766   22.365175 v _679_/A1 (gf180mcu_fd_sc_mcu7t5v0__nor3_1)
    10    0.067535    3.075329    2.331289   24.696465 ^ _679_/ZN (gf180mcu_fd_sc_mcu7t5v0__nor3_1)
                                                         _320_ (net)
                      3.075330    0.003343   24.699808 ^ _744_/A2 (gf180mcu_fd_sc_mcu7t5v0__nand2_1)
     1    0.005650    0.582530    0.018604   24.718410 v _744_/ZN (gf180mcu_fd_sc_mcu7t5v0__nand2_1)
                                                         _371_ (net)
                      0.582530    0.000115   24.718527 v _745_/B (gf180mcu_fd_sc_mcu7t5v0__aoi21_1)
     1    0.003070    0.351938    0.310047   25.028574 ^ _745_/ZN (gf180mcu_fd_sc_mcu7t5v0__aoi21_1)
                                                         _045_ (net)
                      0.351938    0.000030   25.028605 ^ _832_/D (gf180mcu_fd_sc_mcu7t5v0__dffq_1)
                                             25.028605   data arrival time

                                100.000000  100.000000   clock system_clock (rise edge)
                                  0.000000  100.000000   clock source latency
     1    0.036569    0.000000    0.000000  100.000000 ^ CLK_I (in)
                                                         CLK_I (net)
                      0.003416    0.001400  100.001396 ^ clkbuf_0_CLK_I/I (gf180mcu_fd_sc_mcu7t5v0__clkbuf_16)
     8    0.208905    0.257094    0.324171  100.325569 ^ clkbuf_0_CLK_I/Z (gf180mcu_fd_sc_mcu7t5v0__clkbuf_16)
                                                         clknet_0_CLK_I (net)
                      0.257120    0.003844  100.329414 ^ clkbuf_3_2__f_CLK_I/I (gf180mcu_fd_sc_mcu7t5v0__clkbuf_16)
    14    0.060173    0.124970    0.284892  100.614304 ^ clkbuf_3_2__f_CLK_I/Z (gf180mcu_fd_sc_mcu7t5v0__clkbuf_16)
                                                         clknet_3_2__leaf_CLK_I (net)
                      0.124973    0.001215  100.615517 ^ _832_/CLK (gf180mcu_fd_sc_mcu7t5v0__dffq_1)
                                 -0.500000  100.115517   clock uncertainty
                                  0.000000  100.115517   clock reconvergence pessimism
                                 -0.238560   99.876961   library setup time
                                             99.876961   data required time
---------------------------------------------------------------------------------------------
                                             99.876961   data required time
                                            -25.028605   data arrival time
---------------------------------------------------------------------------------------------
                                             74.848351   slack (MET)


Startpoint: RST_I (input port clocked by system_clock)
Endpoint: _817_ (rising edge-triggered flip-flop clocked by system_clock)
Path Group: system_clock
Path Type: max

Fanout         Cap        Slew       Delay        Time   Description
---------------------------------------------------------------------------------------------
                                  0.000000    0.000000   clock system_clock (rise edge)
                                  0.000000    0.000000   clock network delay (propagated)
                                 20.000000   20.000000 ^ input external delay
     1    0.007682    0.000000    0.000000   20.000000 ^ RST_I (in)
                                                         RST_I (net)
                      0.000227    0.000092   20.000093 ^ input10/I (gf180mcu_fd_sc_mcu7t5v0__dlyb_1)
    31    0.227300    3.684509    2.917146   22.917238 ^ input10/Z (gf180mcu_fd_sc_mcu7t5v0__dlyb_1)
                                                         net10 (net)
                      3.684672    0.013932   22.931171 ^ _641_/B (gf180mcu_fd_sc_mcu7t5v0__aoi21_1)
     2    0.009268    1.073774    0.440229   23.371399 v _641_/ZN (gf180mcu_fd_sc_mcu7t5v0__aoi21_1)
                                                         _283_ (net)
                      1.073774    0.000147   23.371548 v _674_/A1 (gf180mcu_fd_sc_mcu7t5v0__or2_1)
     1    0.006450    0.194537    0.714813   24.086361 v _674_/Z (gf180mcu_fd_sc_mcu7t5v0__or2_1)
                                                         _316_ (net)
                      0.194537    0.000078   24.086439 v _675_/A2 (gf180mcu_fd_sc_mcu7t5v0__nand2_1)
     1    0.003020    0.161905    0.149456   24.235893 ^ _675_/ZN (gf180mcu_fd_sc_mcu7t5v0__nand2_1)
                                                         _030_ (net)
                      0.161905    0.000030   24.235924 ^ _817_/D (gf180mcu_fd_sc_mcu7t5v0__dffq_1)
                                             24.235924   data arrival time

                                100.000000  100.000000   clock system_clock (rise edge)
                                  0.000000  100.000000   clock source latency
     1    0.036569    0.000000    0.000000  100.000000 ^ CLK_I (in)
                                                         CLK_I (net)
                      0.003416    0.001400  100.001396 ^ clkbuf_0_CLK_I/I (gf180mcu_fd_sc_mcu7t5v0__clkbuf_16)
     8    0.208905    0.257094    0.324171  100.325569 ^ clkbuf_0_CLK_I/Z (gf180mcu_fd_sc_mcu7t5v0__clkbuf_16)
                                                         clknet_0_CLK_I (net)
                      0.257120    0.003844  100.329414 ^ clkbuf_3_2__f_CLK_I/I (gf180mcu_fd_sc_mcu7t5v0__clkbuf_16)
    14    0.060173    0.124970    0.284892  100.614304 ^ clkbuf_3_2__f_CLK_I/Z (gf180mcu_fd_sc_mcu7t5v0__clkbuf_16)
                                                         clknet_3_2__leaf_CLK_I (net)
                      0.124973    0.001229  100.615532 ^ _817_/CLK (gf180mcu_fd_sc_mcu7t5v0__dffq_1)
                                 -0.500000  100.115532   clock uncertainty
                                  0.000000  100.115532   clock reconvergence pessimism
                                 -0.219059   99.896469   library setup time
                                             99.896469   data required time
---------------------------------------------------------------------------------------------
                                             99.896469   data required time
                                            -24.235924   data arrival time
---------------------------------------------------------------------------------------------
                                             75.660545   slack (MET)


Startpoint: RST_I (input port clocked by system_clock)
Endpoint: _892_ (rising edge-triggered flip-flop clocked by system_clock)
Path Group: system_clock
Path Type: max

Fanout         Cap        Slew       Delay        Time   Description
---------------------------------------------------------------------------------------------
                                  0.000000    0.000000   clock system_clock (rise edge)
                                  0.000000    0.000000   clock network delay (propagated)
                                 20.000000   20.000000 ^ input external delay
     1    0.007682    0.000000    0.000000   20.000000 ^ RST_I (in)
                                                         RST_I (net)
                      0.000227    0.000092   20.000093 ^ input10/I (gf180mcu_fd_sc_mcu7t5v0__dlyb_1)
    31    0.227300    3.684509    2.917146   22.917238 ^ input10/Z (gf180mcu_fd_sc_mcu7t5v0__dlyb_1)
                                                         net10 (net)
                      3.684528    0.004787   22.922026 ^ _603_/C (gf180mcu_fd_sc_mcu7t5v0__aoi211_1)
     1    0.003937    1.161264    0.370234   23.292259 v _603_/ZN (gf180mcu_fd_sc_mcu7t5v0__aoi211_1)
                                                         _026_ (net)
                      1.161264    0.000078   23.292337 v _892_/D (gf180mcu_fd_sc_mcu7t5v0__dffq_1)
                                             23.292337   data arrival time

                                100.000000  100.000000   clock system_clock (rise edge)
                                  0.000000  100.000000   clock source latency
     1    0.036569    0.000000    0.000000  100.000000 ^ CLK_I (in)
                                                         CLK_I (net)
                      0.003416    0.001400  100.001396 ^ clkbuf_0_CLK_I/I (gf180mcu_fd_sc_mcu7t5v0__clkbuf_16)
     8    0.208905    0.257094    0.324171  100.325569 ^ clkbuf_0_CLK_I/Z (gf180mcu_fd_sc_mcu7t5v0__clkbuf_16)
                                                         clknet_0_CLK_I (net)
                      0.257108    0.002828  100.328392 ^ clkbuf_3_5__f_CLK_I/I (gf180mcu_fd_sc_mcu7t5v0__clkbuf_16)
    11    0.066470    0.130403    0.289226  100.617622 ^ clkbuf_3_5__f_CLK_I/Z (gf180mcu_fd_sc_mcu7t5v0__clkbuf_16)
                                                         clknet_3_5__leaf_CLK_I (net)
                      0.130403    0.000142  100.617767 ^ _892_/CLK (gf180mcu_fd_sc_mcu7t5v0__dffq_1)
                                 -0.500000  100.117760   clock uncertainty
                                  0.000000  100.117760   clock reconvergence pessimism
                                 -0.590262   99.527504   library setup time
                                             99.527504   data required time
---------------------------------------------------------------------------------------------
                                             99.527504   data required time
                                            -23.292337   data arrival time
---------------------------------------------------------------------------------------------
                                             76.235161   slack (MET)


Startpoint: RST_I (input port clocked by system_clock)
Endpoint: _829_ (rising edge-triggered flip-flop clocked by system_clock)
Path Group: system_clock
Path Type: max

Fanout         Cap        Slew       Delay        Time   Description
---------------------------------------------------------------------------------------------
                                  0.000000    0.000000   clock system_clock (rise edge)
                                  0.000000    0.000000   clock network delay (propagated)
                                 20.000000   20.000000 ^ input external delay
     1    0.007682    0.000000    0.000000   20.000000 ^ RST_I (in)
                                                         RST_I (net)
                      0.000227    0.000092   20.000093 ^ input10/I (gf180mcu_fd_sc_mcu7t5v0__dlyb_1)
    31    0.227300    3.684509    2.917146   22.917238 ^ input10/Z (gf180mcu_fd_sc_mcu7t5v0__dlyb_1)
                                                         net10 (net)
                      3.684549    0.006974   22.924213 ^ _712_/C (gf180mcu_fd_sc_mcu7t5v0__aoi211_1)
     1    0.002886    1.137971    0.344304   23.268517 v _712_/ZN (gf180mcu_fd_sc_mcu7t5v0__aoi211_1)
                                                         _042_ (net)
                      1.137971    0.000028   23.268545 v _829_/D (gf180mcu_fd_sc_mcu7t5v0__dffq_1)
                                             23.268545   data arrival time

                                100.000000  100.000000   clock system_clock (rise edge)
                                  0.000000  100.000000   clock source latency
     1    0.036569    0.000000    0.000000  100.000000 ^ CLK_I (in)
                                                         CLK_I (net)
                      0.003416    0.001400  100.001396 ^ clkbuf_0_CLK_I/I (gf180mcu_fd_sc_mcu7t5v0__clkbuf_16)
     8    0.208905    0.257094    0.324171  100.325569 ^ clkbuf_0_CLK_I/Z (gf180mcu_fd_sc_mcu7t5v0__clkbuf_16)
                                                         clknet_0_CLK_I (net)
                      0.257110    0.003020  100.328590 ^ clkbuf_3_1__f_CLK_I/I (gf180mcu_fd_sc_mcu7t5v0__clkbuf_16)
    12    0.063772    0.128092    0.287443  100.616028 ^ clkbuf_3_1__f_CLK_I/Z (gf180mcu_fd_sc_mcu7t5v0__clkbuf_16)
                                                         clknet_3_1__leaf_CLK_I (net)
                      0.128092    0.000256  100.616287 ^ _829_/CLK (gf180mcu_fd_sc_mcu7t5v0__dffq_1)
                                 -0.500000  100.116287   clock uncertainty
                                  0.000000  100.116287   clock reconvergence pessimism
                                 -0.582517   99.533768   library setup time
                                             99.533768   data required time
---------------------------------------------------------------------------------------------
                                             99.533768   data required time
                                            -23.268545   data arrival time
---------------------------------------------------------------------------------------------
                                             76.265228   slack (MET)


Startpoint: RST_I (input port clocked by system_clock)
Endpoint: _864_ (rising edge-triggered flip-flop clocked by system_clock)
Path Group: system_clock
Path Type: max

Fanout         Cap        Slew       Delay        Time   Description
---------------------------------------------------------------------------------------------
                                  0.000000    0.000000   clock system_clock (rise edge)
                                  0.000000    0.000000   clock network delay (propagated)
                                 20.000000   20.000000 ^ input external delay
     1    0.007682    0.000000    0.000000   20.000000 ^ RST_I (in)
                                                         RST_I (net)
                      0.000227    0.000092   20.000093 ^ input10/I (gf180mcu_fd_sc_mcu7t5v0__dlyb_1)
    31    0.227300    3.684509    2.917146   22.917238 ^ input10/Z (gf180mcu_fd_sc_mcu7t5v0__dlyb_1)
                                                         net10 (net)
                      3.684528    0.004876   22.922115 ^ _810_/B (gf180mcu_fd_sc_mcu7t5v0__aoi21_1)
     1    0.005896    1.007016    0.366400   23.288515 v _810_/ZN (gf180mcu_fd_sc_mcu7t5v0__aoi21_1)
                                                         _077_ (net)
                      1.007016    0.000133   23.288649 v _864_/D (gf180mcu_fd_sc_mcu7t5v0__dffq_1)
                                             23.288649   data arrival time

                                100.000000  100.000000   clock system_clock (rise edge)
                                  0.000000  100.000000   clock source latency
     1    0.036569    0.000000    0.000000  100.000000 ^ CLK_I (in)
                                                         CLK_I (net)
                      0.003416    0.001400  100.001396 ^ clkbuf_0_CLK_I/I (gf180mcu_fd_sc_mcu7t5v0__clkbuf_16)
     8    0.208905    0.257094    0.324171  100.325569 ^ clkbuf_0_CLK_I/Z (gf180mcu_fd_sc_mcu7t5v0__clkbuf_16)
                                                         clknet_0_CLK_I (net)
                      0.257108    0.002828  100.328392 ^ clkbuf_3_5__f_CLK_I/I (gf180mcu_fd_sc_mcu7t5v0__clkbuf_16)
    11    0.066470    0.130403    0.289226  100.617622 ^ clkbuf_3_5__f_CLK_I/Z (gf180mcu_fd_sc_mcu7t5v0__clkbuf_16)
                                                         clknet_3_5__leaf_CLK_I (net)
                      0.130403    0.000369  100.617989 ^ _864_/CLK (gf180mcu_fd_sc_mcu7t5v0__dffq_1)
                                 -0.500000  100.117989   clock uncertainty
                                  0.000000  100.117989   clock reconvergence pessimism
                                 -0.536018   99.581970   library setup time
                                             99.581970   data required time
---------------------------------------------------------------------------------------------
                                             99.581970   data required time
                                            -23.288649   data arrival time
---------------------------------------------------------------------------------------------
                                             76.293320   slack (MET)


Startpoint: RST_I (input port clocked by system_clock)
Endpoint: _893_ (rising edge-triggered flip-flop clocked by system_clock)
Path Group: system_clock
Path Type: max

Fanout         Cap        Slew       Delay        Time   Description
---------------------------------------------------------------------------------------------
                                  0.000000    0.000000   clock system_clock (rise edge)
                                  0.000000    0.000000   clock network delay (propagated)
                                 20.000000   20.000000 ^ input external delay
     1    0.007682    0.000000    0.000000   20.000000 ^ RST_I (in)
                                                         RST_I (net)
                      0.000227    0.000092   20.000093 ^ input10/I (gf180mcu_fd_sc_mcu7t5v0__dlyb_1)
    31    0.227300    3.684509    2.917146   22.917238 ^ input10/Z (gf180mcu_fd_sc_mcu7t5v0__dlyb_1)
                                                         net10 (net)
                      3.684544    0.006525   22.923763 ^ _605_/B (gf180mcu_fd_sc_mcu7t5v0__aoi21_1)
     1    0.004979    0.988360    0.346308   23.270071 v _605_/ZN (gf180mcu_fd_sc_mcu7t5v0__aoi21_1)
                                                         _027_ (net)
                      0.988360    0.000103   23.270174 v _893_/D (gf180mcu_fd_sc_mcu7t5v0__dffq_1)
                                             23.270174   data arrival time

                                100.000000  100.000000   clock system_clock (rise edge)
                                  0.000000  100.000000   clock source latency
     1    0.036569    0.000000    0.000000  100.000000 ^ CLK_I (in)
                                                         CLK_I (net)
                      0.003416    0.001400  100.001396 ^ clkbuf_0_CLK_I/I (gf180mcu_fd_sc_mcu7t5v0__clkbuf_16)
     8    0.208905    0.257094    0.324171  100.325569 ^ clkbuf_0_CLK_I/Z (gf180mcu_fd_sc_mcu7t5v0__clkbuf_16)
                                                         clknet_0_CLK_I (net)
                      0.257108    0.002828  100.328392 ^ clkbuf_3_5__f_CLK_I/I (gf180mcu_fd_sc_mcu7t5v0__clkbuf_16)
    11    0.066470    0.130403    0.289226  100.617622 ^ clkbuf_3_5__f_CLK_I/Z (gf180mcu_fd_sc_mcu7t5v0__clkbuf_16)
                                                         clknet_3_5__leaf_CLK_I (net)
                      0.130403    0.000341  100.617966 ^ _893_/CLK (gf180mcu_fd_sc_mcu7t5v0__dffq_1)
                                 -0.500000  100.117958   clock uncertainty
                                  0.000000  100.117958   clock reconvergence pessimism
                                 -0.529477   99.588486   library setup time
                                             99.588486   data required time
---------------------------------------------------------------------------------------------
                                             99.588486   data required time
                                            -23.270174   data arrival time
---------------------------------------------------------------------------------------------
                                             76.318314   slack (MET)


Startpoint: RST_I (input port clocked by system_clock)
Endpoint: _861_ (rising edge-triggered flip-flop clocked by system_clock)
Path Group: system_clock
Path Type: max

Fanout         Cap        Slew       Delay        Time   Description
---------------------------------------------------------------------------------------------
                                  0.000000    0.000000   clock system_clock (rise edge)
                                  0.000000    0.000000   clock network delay (propagated)
                                 20.000000   20.000000 ^ input external delay
     1    0.007682    0.000000    0.000000   20.000000 ^ RST_I (in)
                                                         RST_I (net)
                      0.000227    0.000092   20.000093 ^ input10/I (gf180mcu_fd_sc_mcu7t5v0__dlyb_1)
    31    0.227300    3.684509    2.917146   22.917238 ^ input10/Z (gf180mcu_fd_sc_mcu7t5v0__dlyb_1)
                                                         net10 (net)
                      3.684654    0.013141   22.930380 ^ _804_/A1 (gf180mcu_fd_sc_mcu7t5v0__nor2_1)
     1    0.014878    0.923569    0.229299   23.159679 v _804_/ZN (gf180mcu_fd_sc_mcu7t5v0__nor2_1)
                                                         _074_ (net)
                      0.923569    0.000552   23.160233 v _861_/D (gf180mcu_fd_sc_mcu7t5v0__dffq_1)
                                             23.160233   data arrival time

                                100.000000  100.000000   clock system_clock (rise edge)
                                  0.000000  100.000000   clock source latency
     1    0.036569    0.000000    0.000000  100.000000 ^ CLK_I (in)
                                                         CLK_I (net)
                      0.003416    0.001400  100.001396 ^ clkbuf_0_CLK_I/I (gf180mcu_fd_sc_mcu7t5v0__clkbuf_16)
     8    0.208905    0.257094    0.324171  100.325569 ^ clkbuf_0_CLK_I/Z (gf180mcu_fd_sc_mcu7t5v0__clkbuf_16)
                                                         clknet_0_CLK_I (net)
                      0.257138    0.004974  100.330544 ^ clkbuf_3_7__f_CLK_I/I (gf180mcu_fd_sc_mcu7t5v0__clkbuf_16)
    13    0.062541    0.127021    0.286569  100.617111 ^ clkbuf_3_7__f_CLK_I/Z (gf180mcu_fd_sc_mcu7t5v0__clkbuf_16)
                                                         clknet_3_7__leaf_CLK_I (net)
                      0.127022    0.000803  100.617912 ^ _861_/CLK (gf180mcu_fd_sc_mcu7t5v0__dffq_1)
                                 -0.500000  100.117912   clock uncertainty
                                  0.000000  100.117912   clock reconvergence pessimism
                                 -0.507388   99.610519   library setup time
                                             99.610519   data required time
---------------------------------------------------------------------------------------------
                                             99.610519   data required time
                                            -23.160233   data arrival time
---------------------------------------------------------------------------------------------
                                             76.450287   slack (MET)


Startpoint: RST_I (input port clocked by system_clock)
Endpoint: _863_ (rising edge-triggered flip-flop clocked by system_clock)
Path Group: system_clock
Path Type: max

Fanout         Cap        Slew       Delay        Time   Description
---------------------------------------------------------------------------------------------
                                  0.000000    0.000000   clock system_clock (rise edge)
                                  0.000000    0.000000   clock network delay (propagated)
                                 20.000000   20.000000 ^ input external delay
     1    0.007682    0.000000    0.000000   20.000000 ^ RST_I (in)
                                                         RST_I (net)
                      0.000227    0.000092   20.000093 ^ input10/I (gf180mcu_fd_sc_mcu7t5v0__dlyb_1)
    31    0.227300    3.684509    2.917146   22.917238 ^ input10/Z (gf180mcu_fd_sc_mcu7t5v0__dlyb_1)
                                                         net10 (net)
                      3.684643    0.012628   22.929867 ^ _808_/A1 (gf180mcu_fd_sc_mcu7t5v0__nor2_1)
     1    0.011515    0.857670    0.154536   23.084402 v _808_/ZN (gf180mcu_fd_sc_mcu7t5v0__nor2_1)
                                                         _076_ (net)
                      0.857670    0.000369   23.084772 v _863_/D (gf180mcu_fd_sc_mcu7t5v0__dffq_1)
                                             23.084772   data arrival time

                                100.000000  100.000000   clock system_clock (rise edge)
                                  0.000000  100.000000   clock source latency
     1    0.036569    0.000000    0.000000  100.000000 ^ CLK_I (in)
                                                         CLK_I (net)
                      0.003416    0.001400  100.001396 ^ clkbuf_0_CLK_I/I (gf180mcu_fd_sc_mcu7t5v0__clkbuf_16)
     8    0.208905    0.257094    0.324171  100.325569 ^ clkbuf_0_CLK_I/Z (gf180mcu_fd_sc_mcu7t5v0__clkbuf_16)
                                                         clknet_0_CLK_I (net)
                      0.257138    0.004974  100.330544 ^ clkbuf_3_7__f_CLK_I/I (gf180mcu_fd_sc_mcu7t5v0__clkbuf_16)
    13    0.062541    0.127021    0.286569  100.617111 ^ clkbuf_3_7__f_CLK_I/Z (gf180mcu_fd_sc_mcu7t5v0__clkbuf_16)
                                                         clknet_3_7__leaf_CLK_I (net)
                      0.127023    0.000874  100.617981 ^ _863_/CLK (gf180mcu_fd_sc_mcu7t5v0__dffq_1)
                                 -0.500000  100.117981   clock uncertainty
                                  0.000000  100.117981   clock reconvergence pessimism
                                 -0.484280   99.633705   library setup time
                                             99.633705   data required time
---------------------------------------------------------------------------------------------
                                             99.633705   data required time
                                            -23.084772   data arrival time
---------------------------------------------------------------------------------------------
                                             76.548935   slack (MET)


Startpoint: RST_I (input port clocked by system_clock)
Endpoint: _865_ (rising edge-triggered flip-flop clocked by system_clock)
Path Group: system_clock
Path Type: max

Fanout         Cap        Slew       Delay        Time   Description
---------------------------------------------------------------------------------------------
                                  0.000000    0.000000   clock system_clock (rise edge)
                                  0.000000    0.000000   clock network delay (propagated)
                                 20.000000   20.000000 ^ input external delay
     1    0.007682    0.000000    0.000000   20.000000 ^ RST_I (in)
                                                         RST_I (net)
                      0.000227    0.000092   20.000093 ^ input10/I (gf180mcu_fd_sc_mcu7t5v0__dlyb_1)
    31    0.227300    3.684509    2.917146   22.917238 ^ input10/Z (gf180mcu_fd_sc_mcu7t5v0__dlyb_1)
                                                         net10 (net)
                      3.684649    0.012912   22.930151 ^ _812_/A1 (gf180mcu_fd_sc_mcu7t5v0__nor2_1)
     1    0.011328    0.854010    0.150386   23.080538 v _812_/ZN (gf180mcu_fd_sc_mcu7t5v0__nor2_1)
                                                         _078_ (net)
                      0.854010    0.000343   23.080879 v _865_/D (gf180mcu_fd_sc_mcu7t5v0__dffq_1)
                                             23.080879   data arrival time

                                100.000000  100.000000   clock system_clock (rise edge)
                                  0.000000  100.000000   clock source latency
     1    0.036569    0.000000    0.000000  100.000000 ^ CLK_I (in)
                                                         CLK_I (net)
                      0.003416    0.001400  100.001396 ^ clkbuf_0_CLK_I/I (gf180mcu_fd_sc_mcu7t5v0__clkbuf_16)
     8    0.208905    0.257094    0.324171  100.325569 ^ clkbuf_0_CLK_I/Z (gf180mcu_fd_sc_mcu7t5v0__clkbuf_16)
                                                         clknet_0_CLK_I (net)
                      0.257138    0.004974  100.330544 ^ clkbuf_3_7__f_CLK_I/I (gf180mcu_fd_sc_mcu7t5v0__clkbuf_16)
    13    0.062541    0.127021    0.286569  100.617111 ^ clkbuf_3_7__f_CLK_I/Z (gf180mcu_fd_sc_mcu7t5v0__clkbuf_16)
                                                         clknet_3_7__leaf_CLK_I (net)
                      0.127023    0.000966  100.618080 ^ _865_/CLK (gf180mcu_fd_sc_mcu7t5v0__dffq_1)
                                 -0.500000  100.118073   clock uncertainty
                                  0.000000  100.118073   clock reconvergence pessimism
                                 -0.482997   99.635078   library setup time
                                             99.635078   data required time
---------------------------------------------------------------------------------------------
                                             99.635078   data required time
                                            -23.080879   data arrival time
---------------------------------------------------------------------------------------------
                                             76.554199   slack (MET)


Startpoint: RST_I (input port clocked by system_clock)
Endpoint: _862_ (rising edge-triggered flip-flop clocked by system_clock)
Path Group: system_clock
Path Type: max

Fanout         Cap        Slew       Delay        Time   Description
---------------------------------------------------------------------------------------------
                                  0.000000    0.000000   clock system_clock (rise edge)
                                  0.000000    0.000000   clock network delay (propagated)
                                 20.000000   20.000000 ^ input external delay
     1    0.007682    0.000000    0.000000   20.000000 ^ RST_I (in)
                                                         RST_I (net)
                      0.000227    0.000092   20.000093 ^ input10/I (gf180mcu_fd_sc_mcu7t5v0__dlyb_1)
    31    0.227300    3.684509    2.917146   22.917238 ^ input10/Z (gf180mcu_fd_sc_mcu7t5v0__dlyb_1)
                                                         net10 (net)
                      3.684633    0.012172   22.929411 ^ _806_/A1 (gf180mcu_fd_sc_mcu7t5v0__nor2_1)
     1    0.010160    0.826143    0.122272   23.051682 v _806_/ZN (gf180mcu_fd_sc_mcu7t5v0__nor2_1)
                                                         _075_ (net)
                      0.826143    0.000284   23.051966 v _862_/D (gf180mcu_fd_sc_mcu7t5v0__dffq_1)
                                             23.051966   data arrival time

                                100.000000  100.000000   clock system_clock (rise edge)
                                  0.000000  100.000000   clock source latency
     1    0.036569    0.000000    0.000000  100.000000 ^ CLK_I (in)
                                                         CLK_I (net)
                      0.003416    0.001400  100.001396 ^ clkbuf_0_CLK_I/I (gf180mcu_fd_sc_mcu7t5v0__clkbuf_16)
     8    0.208905    0.257094    0.324171  100.325569 ^ clkbuf_0_CLK_I/Z (gf180mcu_fd_sc_mcu7t5v0__clkbuf_16)
                                                         clknet_0_CLK_I (net)
                      0.257138    0.004974  100.330544 ^ clkbuf_3_7__f_CLK_I/I (gf180mcu_fd_sc_mcu7t5v0__clkbuf_16)
    13    0.062541    0.127021    0.286569  100.617111 ^ clkbuf_3_7__f_CLK_I/Z (gf180mcu_fd_sc_mcu7t5v0__clkbuf_16)
                                                         clknet_3_7__leaf_CLK_I (net)
                      0.127023    0.000838  100.617950 ^ _862_/CLK (gf180mcu_fd_sc_mcu7t5v0__dffq_1)
                                 -0.500000  100.117950   clock uncertainty
                                  0.000000  100.117950   clock reconvergence pessimism
                                 -0.473225   99.644722   library setup time
                                             99.644722   data required time
---------------------------------------------------------------------------------------------
                                             99.644722   data required time
                                            -23.051966   data arrival time
---------------------------------------------------------------------------------------------
                                             76.592758   slack (MET)


Startpoint: RST_I (input port clocked by system_clock)
Endpoint: _858_ (rising edge-triggered flip-flop clocked by system_clock)
Path Group: system_clock
Path Type: max

Fanout         Cap        Slew       Delay        Time   Description
---------------------------------------------------------------------------------------------
                                  0.000000    0.000000   clock system_clock (rise edge)
                                  0.000000    0.000000   clock network delay (propagated)
                                 20.000000   20.000000 ^ input external delay
     1    0.007682    0.000000    0.000000   20.000000 ^ RST_I (in)
                                                         RST_I (net)
                      0.000227    0.000092   20.000093 ^ input10/I (gf180mcu_fd_sc_mcu7t5v0__dlyb_1)
    31    0.227300    3.684509    2.917146   22.917238 ^ input10/Z (gf180mcu_fd_sc_mcu7t5v0__dlyb_1)
                                                         net10 (net)
                      3.684593    0.010038   22.927277 ^ _798_/A1 (gf180mcu_fd_sc_mcu7t5v0__nor2_1)
     1    0.010151    0.825867    0.122043   23.049320 v _798_/ZN (gf180mcu_fd_sc_mcu7t5v0__nor2_1)
                                                         _071_ (net)
                      0.825867    0.000291   23.049610 v _858_/D (gf180mcu_fd_sc_mcu7t5v0__dffq_1)
                                             23.049610   data arrival time

                                100.000000  100.000000   clock system_clock (rise edge)
                                  0.000000  100.000000   clock source latency
     1    0.036569    0.000000    0.000000  100.000000 ^ CLK_I (in)
                                                         CLK_I (net)
                      0.003416    0.001400  100.001396 ^ clkbuf_0_CLK_I/I (gf180mcu_fd_sc_mcu7t5v0__clkbuf_16)
     8    0.208905    0.257094    0.324171  100.325569 ^ clkbuf_0_CLK_I/Z (gf180mcu_fd_sc_mcu7t5v0__clkbuf_16)
                                                         clknet_0_CLK_I (net)
                      0.257138    0.004974  100.330544 ^ clkbuf_3_7__f_CLK_I/I (gf180mcu_fd_sc_mcu7t5v0__clkbuf_16)
    13    0.062541    0.127021    0.286569  100.617111 ^ clkbuf_3_7__f_CLK_I/Z (gf180mcu_fd_sc_mcu7t5v0__clkbuf_16)
                                                         clknet_3_7__leaf_CLK_I (net)
                      0.127021    0.000362  100.617470 ^ _858_/CLK (gf180mcu_fd_sc_mcu7t5v0__dffq_1)
                                 -0.500000  100.117470   clock uncertainty
                                  0.000000  100.117470   clock reconvergence pessimism
                                 -0.473128   99.644341   library setup time
                                             99.644341   data required time
---------------------------------------------------------------------------------------------
                                             99.644341   data required time
                                            -23.049610   data arrival time
---------------------------------------------------------------------------------------------
                                             76.594734   slack (MET)


Startpoint: RST_I (input port clocked by system_clock)
Endpoint: _860_ (rising edge-triggered flip-flop clocked by system_clock)
Path Group: system_clock
Path Type: max

Fanout         Cap        Slew       Delay        Time   Description
---------------------------------------------------------------------------------------------
                                  0.000000    0.000000   clock system_clock (rise edge)
                                  0.000000    0.000000   clock network delay (propagated)
                                 20.000000   20.000000 ^ input external delay
     1    0.007682    0.000000    0.000000   20.000000 ^ RST_I (in)
                                                         RST_I (net)
                      0.000227    0.000092   20.000093 ^ input10/I (gf180mcu_fd_sc_mcu7t5v0__dlyb_1)
    31    0.227300    3.684509    2.917146   22.917238 ^ input10/Z (gf180mcu_fd_sc_mcu7t5v0__dlyb_1)
                                                         net10 (net)
                      3.684569    0.008528   22.925766 ^ _802_/A1 (gf180mcu_fd_sc_mcu7t5v0__nor2_1)
     1    0.010175    0.826609    0.122700   23.048468 v _802_/ZN (gf180mcu_fd_sc_mcu7t5v0__nor2_1)
                                                         _073_ (net)
                      0.826609    0.000290   23.048756 v _860_/D (gf180mcu_fd_sc_mcu7t5v0__dffq_1)
                                             23.048756   data arrival time

                                100.000000  100.000000   clock system_clock (rise edge)
                                  0.000000  100.000000   clock source latency
     1    0.036569    0.000000    0.000000  100.000000 ^ CLK_I (in)
                                                         CLK_I (net)
                      0.003416    0.001400  100.001396 ^ clkbuf_0_CLK_I/I (gf180mcu_fd_sc_mcu7t5v0__clkbuf_16)
     8    0.208905    0.257094    0.324171  100.325569 ^ clkbuf_0_CLK_I/Z (gf180mcu_fd_sc_mcu7t5v0__clkbuf_16)
                                                         clknet_0_CLK_I (net)
                      0.257138    0.004974  100.330544 ^ clkbuf_3_7__f_CLK_I/I (gf180mcu_fd_sc_mcu7t5v0__clkbuf_16)
    13    0.062541    0.127021    0.286569  100.617111 ^ clkbuf_3_7__f_CLK_I/Z (gf180mcu_fd_sc_mcu7t5v0__clkbuf_16)
                                                         clknet_3_7__leaf_CLK_I (net)
                      0.127021    0.000064  100.617172 ^ _860_/CLK (gf180mcu_fd_sc_mcu7t5v0__dffq_1)
                                 -0.500000  100.117172   clock uncertainty
                                  0.000000  100.117172   clock reconvergence pessimism
                                 -0.473389   99.643784   library setup time
                                             99.643784   data required time
---------------------------------------------------------------------------------------------
                                             99.643784   data required time
                                            -23.048756   data arrival time
---------------------------------------------------------------------------------------------
                                             76.595024   slack (MET)


Startpoint: RST_I (input port clocked by system_clock)
Endpoint: _856_ (rising edge-triggered flip-flop clocked by system_clock)
Path Group: system_clock
Path Type: max

Fanout         Cap        Slew       Delay        Time   Description
---------------------------------------------------------------------------------------------
                                  0.000000    0.000000   clock system_clock (rise edge)
                                  0.000000    0.000000   clock network delay (propagated)
                                 20.000000   20.000000 ^ input external delay
     1    0.007682    0.000000    0.000000   20.000000 ^ RST_I (in)
                                                         RST_I (net)
                      0.000227    0.000092   20.000093 ^ input10/I (gf180mcu_fd_sc_mcu7t5v0__dlyb_1)
    31    0.227300    3.684509    2.917146   22.917238 ^ input10/Z (gf180mcu_fd_sc_mcu7t5v0__dlyb_1)
                                                         net10 (net)
                      3.684578    0.009134   22.926373 ^ _794_/A1 (gf180mcu_fd_sc_mcu7t5v0__nor2_1)
     1    0.009468    0.805744    0.103553   23.029924 v _794_/ZN (gf180mcu_fd_sc_mcu7t5v0__nor2_1)
                                                         _069_ (net)
                      0.805744    0.000256   23.030182 v _856_/D (gf180mcu_fd_sc_mcu7t5v0__dffq_1)
                                             23.030182   data arrival time

                                100.000000  100.000000   clock system_clock (rise edge)
                                  0.000000  100.000000   clock source latency
     1    0.036569    0.000000    0.000000  100.000000 ^ CLK_I (in)
                                                         CLK_I (net)
                      0.003416    0.001400  100.001396 ^ clkbuf_0_CLK_I/I (gf180mcu_fd_sc_mcu7t5v0__clkbuf_16)
     8    0.208905    0.257094    0.324171  100.325569 ^ clkbuf_0_CLK_I/Z (gf180mcu_fd_sc_mcu7t5v0__clkbuf_16)
                                                         clknet_0_CLK_I (net)
                      0.257108    0.002828  100.328392 ^ clkbuf_3_5__f_CLK_I/I (gf180mcu_fd_sc_mcu7t5v0__clkbuf_16)
    11    0.066470    0.130403    0.289226  100.617622 ^ clkbuf_3_5__f_CLK_I/Z (gf180mcu_fd_sc_mcu7t5v0__clkbuf_16)
                                                         clknet_3_5__leaf_CLK_I (net)
                      0.130403    0.000469  100.618088 ^ _856_/CLK (gf180mcu_fd_sc_mcu7t5v0__dffq_1)
                                 -0.500000  100.118088   clock uncertainty
                                  0.000000  100.118088   clock reconvergence pessimism
                                 -0.465441   99.652649   library setup time
                                             99.652649   data required time
---------------------------------------------------------------------------------------------
                                             99.652649   data required time
                                            -23.030182   data arrival time
---------------------------------------------------------------------------------------------
                                             76.622467   slack (MET)


Startpoint: RST_I (input port clocked by system_clock)
Endpoint: _895_ (rising edge-triggered flip-flop clocked by system_clock)
Path Group: system_clock
Path Type: max

Fanout         Cap        Slew       Delay        Time   Description
---------------------------------------------------------------------------------------------
                                  0.000000    0.000000   clock system_clock (rise edge)
                                  0.000000    0.000000   clock network delay (propagated)
                                 20.000000   20.000000 ^ input external delay
     1    0.007682    0.000000    0.000000   20.000000 ^ RST_I (in)
                                                         RST_I (net)
                      0.000227    0.000092   20.000093 ^ input10/I (gf180mcu_fd_sc_mcu7t5v0__dlyb_1)
    31    0.227300    3.684509    2.917146   22.917238 ^ input10/Z (gf180mcu_fd_sc_mcu7t5v0__dlyb_1)
                                                         net10 (net)
                      3.684554    0.007390   22.924627 ^ _600_/A2 (gf180mcu_fd_sc_mcu7t5v0__nor2_1)
     1    0.003264    0.774291    0.101101   23.025730 v _600_/ZN (gf180mcu_fd_sc_mcu7t5v0__nor2_1)
                                                         _029_ (net)
                      0.774291    0.000060   23.025789 v _895_/D (gf180mcu_fd_sc_mcu7t5v0__dffq_1)
                                             23.025789   data arrival time

                                100.000000  100.000000   clock system_clock (rise edge)
                                  0.000000  100.000000   clock source latency
     1    0.036569    0.000000    0.000000  100.000000 ^ CLK_I (in)
                                                         CLK_I (net)
                      0.003416    0.001400  100.001396 ^ clkbuf_0_CLK_I/I (gf180mcu_fd_sc_mcu7t5v0__clkbuf_16)
     8    0.208905    0.257094    0.324171  100.325569 ^ clkbuf_0_CLK_I/Z (gf180mcu_fd_sc_mcu7t5v0__clkbuf_16)
                                                         clknet_0_CLK_I (net)
                      0.257110    0.003020  100.328590 ^ clkbuf_3_1__f_CLK_I/I (gf180mcu_fd_sc_mcu7t5v0__clkbuf_16)
    12    0.063772    0.128092    0.287443  100.616028 ^ clkbuf_3_1__f_CLK_I/Z (gf180mcu_fd_sc_mcu7t5v0__clkbuf_16)
                                                         clknet_3_1__leaf_CLK_I (net)
                      0.128093    0.000675  100.616707 ^ _895_/CLK (gf180mcu_fd_sc_mcu7t5v0__dffq_1)
                                 -0.500000  100.116707   clock uncertainty
                                  0.000000  100.116707   clock reconvergence pessimism
                                 -0.454843   99.661865   library setup time
                                             99.661865   data required time
---------------------------------------------------------------------------------------------
                                             99.661865   data required time
                                            -23.025789   data arrival time
---------------------------------------------------------------------------------------------
                                             76.636070   slack (MET)


Startpoint: RST_I (input port clocked by system_clock)
Endpoint: _857_ (rising edge-triggered flip-flop clocked by system_clock)
Path Group: system_clock
Path Type: max

Fanout         Cap        Slew       Delay        Time   Description
---------------------------------------------------------------------------------------------
                                  0.000000    0.000000   clock system_clock (rise edge)
                                  0.000000    0.000000   clock network delay (propagated)
                                 20.000000   20.000000 ^ input external delay
     1    0.007682    0.000000    0.000000   20.000000 ^ RST_I (in)
                                                         RST_I (net)
                      0.000227    0.000092   20.000093 ^ input10/I (gf180mcu_fd_sc_mcu7t5v0__dlyb_1)
    31    0.227300    3.684509    2.917146   22.917238 ^ input10/Z (gf180mcu_fd_sc_mcu7t5v0__dlyb_1)
                                                         net10 (net)
                      3.684561    0.007924   22.925163 ^ _796_/A1 (gf180mcu_fd_sc_mcu7t5v0__nor2_1)
     1    0.008946    0.792376    0.089429   23.014591 v _796_/ZN (gf180mcu_fd_sc_mcu7t5v0__nor2_1)
                                                         _070_ (net)
                      0.792376    0.000236   23.014828 v _857_/D (gf180mcu_fd_sc_mcu7t5v0__dffq_1)
                                             23.014828   data arrival time

                                100.000000  100.000000   clock system_clock (rise edge)
                                  0.000000  100.000000   clock source latency
     1    0.036569    0.000000    0.000000  100.000000 ^ CLK_I (in)
                                                         CLK_I (net)
                      0.003416    0.001400  100.001396 ^ clkbuf_0_CLK_I/I (gf180mcu_fd_sc_mcu7t5v0__clkbuf_16)
     8    0.208905    0.257094    0.324171  100.325569 ^ clkbuf_0_CLK_I/Z (gf180mcu_fd_sc_mcu7t5v0__clkbuf_16)
                                                         clknet_0_CLK_I (net)
                      0.257138    0.004974  100.330544 ^ clkbuf_3_7__f_CLK_I/I (gf180mcu_fd_sc_mcu7t5v0__clkbuf_16)
    13    0.062541    0.127021    0.286569  100.617111 ^ clkbuf_3_7__f_CLK_I/Z (gf180mcu_fd_sc_mcu7t5v0__clkbuf_16)
                                                         clknet_3_7__leaf_CLK_I (net)
                      0.127021    0.000398  100.617508 ^ _857_/CLK (gf180mcu_fd_sc_mcu7t5v0__dffq_1)
                                 -0.500000  100.117508   clock uncertainty
                                  0.000000  100.117508   clock reconvergence pessimism
                                 -0.461384   99.656120   library setup time
                                             99.656120   data required time
---------------------------------------------------------------------------------------------
                                             99.656120   data required time
                                            -23.014828   data arrival time
---------------------------------------------------------------------------------------------
                                             76.641296   slack (MET)


Startpoint: RST_I (input port clocked by system_clock)
Endpoint: _894_ (rising edge-triggered flip-flop clocked by system_clock)
Path Group: system_clock
Path Type: max

Fanout         Cap        Slew       Delay        Time   Description
---------------------------------------------------------------------------------------------
                                  0.000000    0.000000   clock system_clock (rise edge)
                                  0.000000    0.000000   clock network delay (propagated)
                                 20.000000   20.000000 ^ input external delay
     1    0.007682    0.000000    0.000000   20.000000 ^ RST_I (in)
                                                         RST_I (net)
                      0.000227    0.000092   20.000093 ^ input10/I (gf180mcu_fd_sc_mcu7t5v0__dlyb_1)
    31    0.227300    3.684509    2.917146   22.917238 ^ input10/Z (gf180mcu_fd_sc_mcu7t5v0__dlyb_1)
                                                         net10 (net)
                      3.684554    0.007400   22.924639 ^ _596_/A2 (gf180mcu_fd_sc_mcu7t5v0__nor2_1)
     1    0.003285    0.775274    0.101663   23.026302 v _596_/ZN (gf180mcu_fd_sc_mcu7t5v0__nor2_1)
                                                         _028_ (net)
                      0.775274    0.000034   23.026335 v _894_/D (gf180mcu_fd_sc_mcu7t5v0__dffq_1)
                                             23.026335   data arrival time

                                100.000000  100.000000   clock system_clock (rise edge)
                                  0.000000  100.000000   clock source latency
     1    0.036569    0.000000    0.000000  100.000000 ^ CLK_I (in)
                                                         CLK_I (net)
                      0.003416    0.001400  100.001396 ^ clkbuf_0_CLK_I/I (gf180mcu_fd_sc_mcu7t5v0__clkbuf_16)
     8    0.208905    0.257094    0.324171  100.325569 ^ clkbuf_0_CLK_I/Z (gf180mcu_fd_sc_mcu7t5v0__clkbuf_16)
                                                         clknet_0_CLK_I (net)
                      0.257111    0.003091  100.328659 ^ clkbuf_3_4__f_CLK_I/I (gf180mcu_fd_sc_mcu7t5v0__clkbuf_16)
    10    0.071121    0.134332    0.292097  100.620758 ^ clkbuf_3_4__f_CLK_I/Z (gf180mcu_fd_sc_mcu7t5v0__clkbuf_16)
                                                         clknet_3_4__leaf_CLK_I (net)
                      0.134336    0.001279  100.622032 ^ _894_/CLK (gf180mcu_fd_sc_mcu7t5v0__dffq_1)
                                 -0.500000  100.122032   clock uncertainty
                                  0.000000  100.122032   clock reconvergence pessimism
                                 -0.454022   99.668007   library setup time
                                             99.668007   data required time
---------------------------------------------------------------------------------------------
                                             99.668007   data required time
                                            -23.026335   data arrival time
---------------------------------------------------------------------------------------------
                                             76.641670   slack (MET)


Startpoint: RST_I (input port clocked by system_clock)
Endpoint: _845_ (rising edge-triggered flip-flop clocked by system_clock)
Path Group: system_clock
Path Type: max

Fanout         Cap        Slew       Delay        Time   Description
---------------------------------------------------------------------------------------------
                                  0.000000    0.000000   clock system_clock (rise edge)
                                  0.000000    0.000000   clock network delay (propagated)
                                 20.000000   20.000000 ^ input external delay
     1    0.007682    0.000000    0.000000   20.000000 ^ RST_I (in)
                                                         RST_I (net)
                      0.000227    0.000092   20.000093 ^ input10/I (gf180mcu_fd_sc_mcu7t5v0__dlyb_1)
    31    0.227300    3.684509    2.917146   22.917238 ^ input10/Z (gf180mcu_fd_sc_mcu7t5v0__dlyb_1)
                                                         net10 (net)
                      3.684550    0.007033   22.924271 ^ _772_/A2 (gf180mcu_fd_sc_mcu7t5v0__nor2_1)
     1    0.002954    0.764967    0.092864   23.017136 v _772_/ZN (gf180mcu_fd_sc_mcu7t5v0__nor2_1)
                                                         _058_ (net)
                      0.764967    0.000028   23.017164 v _845_/D (gf180mcu_fd_sc_mcu7t5v0__dffq_1)
                                             23.017164   data arrival time

                                100.000000  100.000000   clock system_clock (rise edge)
                                  0.000000  100.000000   clock source latency
     1    0.036569    0.000000    0.000000  100.000000 ^ CLK_I (in)
                                                         CLK_I (net)
                      0.003416    0.001400  100.001396 ^ clkbuf_0_CLK_I/I (gf180mcu_fd_sc_mcu7t5v0__clkbuf_16)
     8    0.208905    0.257094    0.324171  100.325569 ^ clkbuf_0_CLK_I/Z (gf180mcu_fd_sc_mcu7t5v0__clkbuf_16)
                                                         clknet_0_CLK_I (net)
                      0.257119    0.003752  100.329323 ^ clkbuf_3_0__f_CLK_I/I (gf180mcu_fd_sc_mcu7t5v0__clkbuf_16)
     9    0.058179    0.123285    0.283677  100.612999 ^ clkbuf_3_0__f_CLK_I/Z (gf180mcu_fd_sc_mcu7t5v0__clkbuf_16)
                                                         clknet_3_0__leaf_CLK_I (net)
                      0.123287    0.001023  100.614021 ^ _845_/CLK (gf180mcu_fd_sc_mcu7t5v0__dffq_1)
                                 -0.500000  100.114021   clock uncertainty
                                  0.000000  100.114021   clock reconvergence pessimism
                                 -0.452470   99.661552   library setup time
                                             99.661552   data required time
---------------------------------------------------------------------------------------------
                                             99.661552   data required time
                                            -23.017164   data arrival time
---------------------------------------------------------------------------------------------
                                             76.644386   slack (MET)


Startpoint: RST_I (input port clocked by system_clock)
Endpoint: _853_ (rising edge-triggered flip-flop clocked by system_clock)
Path Group: system_clock
Path Type: max

Fanout         Cap        Slew       Delay        Time   Description
---------------------------------------------------------------------------------------------
                                  0.000000    0.000000   clock system_clock (rise edge)
                                  0.000000    0.000000   clock network delay (propagated)
                                 20.000000   20.000000 ^ input external delay
     1    0.007682    0.000000    0.000000   20.000000 ^ RST_I (in)
                                                         RST_I (net)
                      0.000227    0.000092   20.000093 ^ input10/I (gf180mcu_fd_sc_mcu7t5v0__dlyb_1)
    31    0.227300    3.684509    2.917146   22.917238 ^ input10/Z (gf180mcu_fd_sc_mcu7t5v0__dlyb_1)
                                                         net10 (net)
                      3.684527    0.004745   22.921984 ^ _787_/A1 (gf180mcu_fd_sc_mcu7t5v0__nor2_1)
     1    0.008958    0.792687    0.089759   23.011742 v _787_/ZN (gf180mcu_fd_sc_mcu7t5v0__nor2_1)
                                                         _066_ (net)
                      0.792687    0.000298   23.012041 v _853_/D (gf180mcu_fd_sc_mcu7t5v0__dffq_1)
                                             23.012041   data arrival time

                                100.000000  100.000000   clock system_clock (rise edge)
                                  0.000000  100.000000   clock source latency
     1    0.036569    0.000000    0.000000  100.000000 ^ CLK_I (in)
                                                         CLK_I (net)
                      0.003416    0.001400  100.001396 ^ clkbuf_0_CLK_I/I (gf180mcu_fd_sc_mcu7t5v0__clkbuf_16)
     8    0.208905    0.257094    0.324171  100.325569 ^ clkbuf_0_CLK_I/Z (gf180mcu_fd_sc_mcu7t5v0__clkbuf_16)
                                                         clknet_0_CLK_I (net)
                      0.257108    0.002828  100.328392 ^ clkbuf_3_5__f_CLK_I/I (gf180mcu_fd_sc_mcu7t5v0__clkbuf_16)
    11    0.066470    0.130403    0.289226  100.617622 ^ clkbuf_3_5__f_CLK_I/Z (gf180mcu_fd_sc_mcu7t5v0__clkbuf_16)
                                                         clknet_3_5__leaf_CLK_I (net)
                      0.130403    0.000519  100.618141 ^ _853_/CLK (gf180mcu_fd_sc_mcu7t5v0__dffq_1)
                                 -0.500000  100.118141   clock uncertainty
                                  0.000000  100.118141   clock reconvergence pessimism
                                 -0.460862   99.657272   library setup time
                                             99.657272   data required time
---------------------------------------------------------------------------------------------
                                             99.657272   data required time
                                            -23.012041   data arrival time
---------------------------------------------------------------------------------------------
                                             76.645233   slack (MET)


Startpoint: RST_I (input port clocked by system_clock)
Endpoint: _846_ (rising edge-triggered flip-flop clocked by system_clock)
Path Group: system_clock
Path Type: max

Fanout         Cap        Slew       Delay        Time   Description
---------------------------------------------------------------------------------------------
                                  0.000000    0.000000   clock system_clock (rise edge)
                                  0.000000    0.000000   clock network delay (propagated)
                                 20.000000   20.000000 ^ input external delay
     1    0.007682    0.000000    0.000000   20.000000 ^ RST_I (in)
                                                         RST_I (net)
                      0.000227    0.000092   20.000093 ^ input10/I (gf180mcu_fd_sc_mcu7t5v0__dlyb_1)
    31    0.227300    3.684509    2.917146   22.917238 ^ input10/Z (gf180mcu_fd_sc_mcu7t5v0__dlyb_1)
                                                         net10 (net)
                      3.684669    0.013809   22.931047 ^ _773_/A2 (gf180mcu_fd_sc_mcu7t5v0__nor2_1)
     1    0.002715    0.757526    0.086494   23.017542 v _773_/ZN (gf180mcu_fd_sc_mcu7t5v0__nor2_1)
                                                         _059_ (net)
                      0.757526    0.000027   23.017569 v _846_/D (gf180mcu_fd_sc_mcu7t5v0__dffq_1)
                                             23.017569   data arrival time

                                100.000000  100.000000   clock system_clock (rise edge)
                                  0.000000  100.000000   clock source latency
     1    0.036569    0.000000    0.000000  100.000000 ^ CLK_I (in)
                                                         CLK_I (net)
                      0.003416    0.001400  100.001396 ^ clkbuf_0_CLK_I/I (gf180mcu_fd_sc_mcu7t5v0__clkbuf_16)
     8    0.208905    0.257094    0.324171  100.325569 ^ clkbuf_0_CLK_I/Z (gf180mcu_fd_sc_mcu7t5v0__clkbuf_16)
                                                         clknet_0_CLK_I (net)
                      0.257120    0.003844  100.329414 ^ clkbuf_3_2__f_CLK_I/I (gf180mcu_fd_sc_mcu7t5v0__clkbuf_16)
    14    0.060173    0.124970    0.284892  100.614304 ^ clkbuf_3_2__f_CLK_I/Z (gf180mcu_fd_sc_mcu7t5v0__clkbuf_16)
                                                         clknet_3_2__leaf_CLK_I (net)
                      0.124972    0.001087  100.615395 ^ _846_/CLK (gf180mcu_fd_sc_mcu7t5v0__dffq_1)
                                 -0.500000  100.115387   clock uncertainty
                                  0.000000  100.115387   clock reconvergence pessimism
                                 -0.449546   99.665840   library setup time
                                             99.665840   data required time
---------------------------------------------------------------------------------------------
                                             99.665840   data required time
                                            -23.017569   data arrival time
---------------------------------------------------------------------------------------------
                                             76.648270   slack (MET)


Startpoint: RST_I (input port clocked by system_clock)
Endpoint: _849_ (rising edge-triggered flip-flop clocked by system_clock)
Path Group: system_clock
Path Type: max

Fanout         Cap        Slew       Delay        Time   Description
---------------------------------------------------------------------------------------------
                                  0.000000    0.000000   clock system_clock (rise edge)
                                  0.000000    0.000000   clock network delay (propagated)
                                 20.000000   20.000000 ^ input external delay
     1    0.007682    0.000000    0.000000   20.000000 ^ RST_I (in)
                                                         RST_I (net)
                      0.000227    0.000092   20.000093 ^ input10/I (gf180mcu_fd_sc_mcu7t5v0__dlyb_1)
    31    0.227300    3.684509    2.917146   22.917238 ^ input10/Z (gf180mcu_fd_sc_mcu7t5v0__dlyb_1)
                                                         net10 (net)
                      3.684541    0.006237   22.923475 ^ _779_/A1 (gf180mcu_fd_sc_mcu7t5v0__nor2_1)
     1    0.008600    0.783536    0.080092   23.003569 v _779_/ZN (gf180mcu_fd_sc_mcu7t5v0__nor2_1)
                                                         _062_ (net)
                      0.783536    0.000220   23.003788 v _849_/D (gf180mcu_fd_sc_mcu7t5v0__dffq_1)
                                             23.003788   data arrival time

                                100.000000  100.000000   clock system_clock (rise edge)
                                  0.000000  100.000000   clock source latency
     1    0.036569    0.000000    0.000000  100.000000 ^ CLK_I (in)
                                                         CLK_I (net)
                      0.003416    0.001400  100.001396 ^ clkbuf_0_CLK_I/I (gf180mcu_fd_sc_mcu7t5v0__clkbuf_16)
     8    0.208905    0.257094    0.324171  100.325569 ^ clkbuf_0_CLK_I/Z (gf180mcu_fd_sc_mcu7t5v0__clkbuf_16)
                                                         clknet_0_CLK_I (net)
                      0.257111    0.003091  100.328659 ^ clkbuf_3_4__f_CLK_I/I (gf180mcu_fd_sc_mcu7t5v0__clkbuf_16)
    10    0.071121    0.134332    0.292097  100.620758 ^ clkbuf_3_4__f_CLK_I/Z (gf180mcu_fd_sc_mcu7t5v0__clkbuf_16)
                                                         clknet_3_4__leaf_CLK_I (net)
                      0.134334    0.000966  100.621719 ^ _849_/CLK (gf180mcu_fd_sc_mcu7t5v0__dffq_1)
                                 -0.500000  100.121719   clock uncertainty
                                  0.000000  100.121719   clock reconvergence pessimism
                                 -0.456919   99.664795   library setup time
                                             99.664795   data required time
---------------------------------------------------------------------------------------------
                                             99.664795   data required time
                                            -23.003788   data arrival time
---------------------------------------------------------------------------------------------
                                             76.661011   slack (MET)


Startpoint: RST_I (input port clocked by system_clock)
Endpoint: _828_ (rising edge-triggered flip-flop clocked by system_clock)
Path Group: system_clock
Path Type: max

Fanout         Cap        Slew       Delay        Time   Description
---------------------------------------------------------------------------------------------
                                  0.000000    0.000000   clock system_clock (rise edge)
                                  0.000000    0.000000   clock network delay (propagated)
                                 20.000000   20.000000 v input external delay
     1    0.007682    0.000000    0.000000   20.000000 v RST_I (in)
                                                         RST_I (net)
                      0.000227    0.000092   20.000093 v input10/I (gf180mcu_fd_sc_mcu7t5v0__dlyb_1)
    31    0.227300    2.219176    2.358316   22.358410 v input10/Z (gf180mcu_fd_sc_mcu7t5v0__dlyb_1)
                                                         net10 (net)
                      2.219238    0.006727   22.365137 v _710_/A1 (gf180mcu_fd_sc_mcu7t5v0__nor4_1)
     1    0.002858    0.727891    0.823263   23.188400 ^ _710_/ZN (gf180mcu_fd_sc_mcu7t5v0__nor4_1)
                                                         _041_ (net)
                      0.727891    0.000027   23.188427 ^ _828_/D (gf180mcu_fd_sc_mcu7t5v0__dffq_1)
                                             23.188427   data arrival time

                                100.000000  100.000000   clock system_clock (rise edge)
                                  0.000000  100.000000   clock source latency
     1    0.036569    0.000000    0.000000  100.000000 ^ CLK_I (in)
                                                         CLK_I (net)
                      0.003416    0.001400  100.001396 ^ clkbuf_0_CLK_I/I (gf180mcu_fd_sc_mcu7t5v0__clkbuf_16)
     8    0.208905    0.257094    0.324171  100.325569 ^ clkbuf_0_CLK_I/Z (gf180mcu_fd_sc_mcu7t5v0__clkbuf_16)
                                                         clknet_0_CLK_I (net)
                      0.257110    0.003020  100.328590 ^ clkbuf_3_1__f_CLK_I/I (gf180mcu_fd_sc_mcu7t5v0__clkbuf_16)
    12    0.063772    0.128092    0.287443  100.616028 ^ clkbuf_3_1__f_CLK_I/Z (gf180mcu_fd_sc_mcu7t5v0__clkbuf_16)
                                                         clknet_3_1__leaf_CLK_I (net)
                      0.128093    0.000583  100.616615 ^ _828_/CLK (gf180mcu_fd_sc_mcu7t5v0__dffq_1)
                                 -0.500000  100.116608   clock uncertainty
                                  0.000000  100.116608   clock reconvergence pessimism
                                 -0.254978   99.861633   library setup time
                                             99.861633   data required time
---------------------------------------------------------------------------------------------
                                             99.861633   data required time
                                            -23.188427   data arrival time
---------------------------------------------------------------------------------------------
                                             76.673203   slack (MET)


Startpoint: RST_I (input port clocked by system_clock)
Endpoint: _848_ (rising edge-triggered flip-flop clocked by system_clock)
Path Group: system_clock
Path Type: max

Fanout         Cap        Slew       Delay        Time   Description
---------------------------------------------------------------------------------------------
                                  0.000000    0.000000   clock system_clock (rise edge)
                                  0.000000    0.000000   clock network delay (propagated)
                                 20.000000   20.000000 ^ input external delay
     1    0.007682    0.000000    0.000000   20.000000 ^ RST_I (in)
                                                         RST_I (net)
                      0.000227    0.000092   20.000093 ^ input10/I (gf180mcu_fd_sc_mcu7t5v0__dlyb_1)
    31    0.227300    3.684509    2.917146   22.917238 ^ input10/Z (gf180mcu_fd_sc_mcu7t5v0__dlyb_1)
                                                         net10 (net)
                      3.684541    0.006251   22.923489 ^ _777_/A1 (gf180mcu_fd_sc_mcu7t5v0__nor2_1)
     1    0.007230    0.748440    0.043018   22.966507 v _777_/ZN (gf180mcu_fd_sc_mcu7t5v0__nor2_1)
                                                         _061_ (net)
                      0.748440    0.000172   22.966681 v _848_/D (gf180mcu_fd_sc_mcu7t5v0__dffq_1)
                                             22.966681   data arrival time

                                100.000000  100.000000   clock system_clock (rise edge)
                                  0.000000  100.000000   clock source latency
     1    0.036569    0.000000    0.000000  100.000000 ^ CLK_I (in)
                                                         CLK_I (net)
                      0.003416    0.001400  100.001396 ^ clkbuf_0_CLK_I/I (gf180mcu_fd_sc_mcu7t5v0__clkbuf_16)
     8    0.208905    0.257094    0.324171  100.325569 ^ clkbuf_0_CLK_I/Z (gf180mcu_fd_sc_mcu7t5v0__clkbuf_16)
                                                         clknet_0_CLK_I (net)
                      0.257111    0.003091  100.328659 ^ clkbuf_3_4__f_CLK_I/I (gf180mcu_fd_sc_mcu7t5v0__clkbuf_16)
    10    0.071121    0.134332    0.292097  100.620758 ^ clkbuf_3_4__f_CLK_I/Z (gf180mcu_fd_sc_mcu7t5v0__clkbuf_16)
                                                         clknet_3_4__leaf_CLK_I (net)
                      0.134335    0.001080  100.621834 ^ _848_/CLK (gf180mcu_fd_sc_mcu7t5v0__dffq_1)
                                 -0.500000  100.121834   clock uncertainty
                                  0.000000  100.121834   clock reconvergence pessimism
                                 -0.444612   99.677216   library setup time
                                             99.677216   data required time
---------------------------------------------------------------------------------------------
                                             99.677216   data required time
                                            -22.966681   data arrival time
---------------------------------------------------------------------------------------------
                                             76.710541   slack (MET)


Startpoint: RST_I (input port clocked by system_clock)
Endpoint: _854_ (rising edge-triggered flip-flop clocked by system_clock)
Path Group: system_clock
Path Type: max

Fanout         Cap        Slew       Delay        Time   Description
---------------------------------------------------------------------------------------------
                                  0.000000    0.000000   clock system_clock (rise edge)
                                  0.000000    0.000000   clock network delay (propagated)
                                 20.000000   20.000000 ^ input external delay
     1    0.007682    0.000000    0.000000   20.000000 ^ RST_I (in)
                                                         RST_I (net)
                      0.000227    0.000092   20.000093 ^ input10/I (gf180mcu_fd_sc_mcu7t5v0__dlyb_1)
    31    0.227300    3.684509    2.917146   22.917238 ^ input10/Z (gf180mcu_fd_sc_mcu7t5v0__dlyb_1)
                                                         net10 (net)
                      3.684509    0.003604   22.920843 ^ _789_/A1 (gf180mcu_fd_sc_mcu7t5v0__nor2_1)
     1    0.006990    0.742279    0.036527   22.957371 v _789_/ZN (gf180mcu_fd_sc_mcu7t5v0__nor2_1)
                                                         _067_ (net)
                      0.742279    0.000162   22.957531 v _854_/D (gf180mcu_fd_sc_mcu7t5v0__dffq_1)
                                             22.957531   data arrival time

                                100.000000  100.000000   clock system_clock (rise edge)
                                  0.000000  100.000000   clock source latency
     1    0.036569    0.000000    0.000000  100.000000 ^ CLK_I (in)
                                                         CLK_I (net)
                      0.003416    0.001400  100.001396 ^ clkbuf_0_CLK_I/I (gf180mcu_fd_sc_mcu7t5v0__clkbuf_16)
     8    0.208905    0.257094    0.324171  100.325569 ^ clkbuf_0_CLK_I/Z (gf180mcu_fd_sc_mcu7t5v0__clkbuf_16)
                                                         clknet_0_CLK_I (net)
                      0.257108    0.002828  100.328392 ^ clkbuf_3_5__f_CLK_I/I (gf180mcu_fd_sc_mcu7t5v0__clkbuf_16)
    11    0.066470    0.130403    0.289226  100.617622 ^ clkbuf_3_5__f_CLK_I/Z (gf180mcu_fd_sc_mcu7t5v0__clkbuf_16)
                                                         clknet_3_5__leaf_CLK_I (net)
                      0.130403    0.000504  100.618126 ^ _854_/CLK (gf180mcu_fd_sc_mcu7t5v0__dffq_1)
                                 -0.500000  100.118126   clock uncertainty
                                  0.000000  100.118126   clock reconvergence pessimism
                                 -0.443186   99.674934   library setup time
                                             99.674934   data required time
---------------------------------------------------------------------------------------------
                                             99.674934   data required time
                                            -22.957531   data arrival time
---------------------------------------------------------------------------------------------
                                             76.717407   slack (MET)


Startpoint: RST_I (input port clocked by system_clock)
Endpoint: _859_ (rising edge-triggered flip-flop clocked by system_clock)
Path Group: system_clock
Path Type: max

Fanout         Cap        Slew       Delay        Time   Description
---------------------------------------------------------------------------------------------
                                  0.000000    0.000000   clock system_clock (rise edge)
                                  0.000000    0.000000   clock network delay (propagated)
                                 20.000000   20.000000 ^ input external delay
     1    0.007682    0.000000    0.000000   20.000000 ^ RST_I (in)
                                                         RST_I (net)
                      0.000227    0.000092   20.000093 ^ input10/I (gf180mcu_fd_sc_mcu7t5v0__dlyb_1)
    31    0.227300    3.684509    2.917146   22.917238 ^ input10/Z (gf180mcu_fd_sc_mcu7t5v0__dlyb_1)
                                                         net10 (net)
                      3.684614    0.011227   22.928465 ^ _800_/A1 (gf180mcu_fd_sc_mcu7t5v0__nor2_1)
     1    0.006630    0.733035    0.026764   22.955229 v _800_/ZN (gf180mcu_fd_sc_mcu7t5v0__nor2_1)
                                                         _072_ (net)
                      0.733035    0.000156   22.955385 v _859_/D (gf180mcu_fd_sc_mcu7t5v0__dffq_1)
                                             22.955385   data arrival time

                                100.000000  100.000000   clock system_clock (rise edge)
                                  0.000000  100.000000   clock source latency
     1    0.036569    0.000000    0.000000  100.000000 ^ CLK_I (in)
                                                         CLK_I (net)
                      0.003416    0.001400  100.001396 ^ clkbuf_0_CLK_I/I (gf180mcu_fd_sc_mcu7t5v0__clkbuf_16)
     8    0.208905    0.257094    0.324171  100.325569 ^ clkbuf_0_CLK_I/Z (gf180mcu_fd_sc_mcu7t5v0__clkbuf_16)
                                                         clknet_0_CLK_I (net)
                      0.257138    0.004974  100.330544 ^ clkbuf_3_7__f_CLK_I/I (gf180mcu_fd_sc_mcu7t5v0__clkbuf_16)
    13    0.062541    0.127021    0.286569  100.617111 ^ clkbuf_3_7__f_CLK_I/Z (gf180mcu_fd_sc_mcu7t5v0__clkbuf_16)
                                                         clknet_3_7__leaf_CLK_I (net)
                      0.127021    0.000341  100.617455 ^ _859_/CLK (gf180mcu_fd_sc_mcu7t5v0__dffq_1)
                                 -0.500000  100.117447   clock uncertainty
                                  0.000000  100.117447   clock reconvergence pessimism
                                 -0.440576   99.676872   library setup time
                                             99.676872   data required time
---------------------------------------------------------------------------------------------
                                             99.676872   data required time
                                            -22.955385   data arrival time
---------------------------------------------------------------------------------------------
                                             76.721489   slack (MET)


Startpoint: _864_ (rising edge-triggered flip-flop clocked by system_clock)
Endpoint: STB_O (output port clocked by system_clock)
Path Group: system_clock
Path Type: max

Fanout         Cap        Slew       Delay        Time   Description
---------------------------------------------------------------------------------------------
                                  0.000000    0.000000   clock system_clock (rise edge)
                                  0.000000    0.000000   clock source latency
     1    0.036569    0.000000    0.000000    0.000000 ^ CLK_I (in)
                                                         CLK_I (net)
                      0.003416    0.001397    0.001397 ^ clkbuf_0_CLK_I/I (gf180mcu_fd_sc_mcu7t5v0__clkbuf_16)
     8    0.208905    0.257094    0.324176    0.325573 ^ clkbuf_0_CLK_I/Z (gf180mcu_fd_sc_mcu7t5v0__clkbuf_16)
                                                         clknet_0_CLK_I (net)
                      0.257108    0.002826    0.328399 ^ clkbuf_3_5__f_CLK_I/I (gf180mcu_fd_sc_mcu7t5v0__clkbuf_16)
    11    0.066470    0.130403    0.289224    0.617624 ^ clkbuf_3_5__f_CLK_I/Z (gf180mcu_fd_sc_mcu7t5v0__clkbuf_16)
                                                         clknet_3_5__leaf_CLK_I (net)
                      0.130403    0.000370    0.617994 ^ _864_/CLK (gf180mcu_fd_sc_mcu7t5v0__dffq_1)
     3    0.028407    0.315537    0.810962    1.428956 v _864_/Q (gf180mcu_fd_sc_mcu7t5v0__dffq_1)
                                                         net21 (net)
                      0.315552    0.001344    1.430300 v _902_/I (gf180mcu_fd_sc_mcu7t5v0__buf_1)
     1    0.005047    0.119141    0.311453    1.741752 v _902_/Z (gf180mcu_fd_sc_mcu7t5v0__buf_1)
                                                         net30 (net)
                      0.119141    0.000103    1.741855 v output30/I (gf180mcu_fd_sc_mcu7t5v0__dlyb_1)
     1    0.009322    0.252797    1.020680    2.762535 v output30/Z (gf180mcu_fd_sc_mcu7t5v0__dlyb_1)
                                                         STB_O (net)
                      0.252797    0.000297    2.762832 v STB_O (out)
                                              2.762832   data arrival time

                                100.000000  100.000000   clock system_clock (rise edge)
                                  0.000000  100.000000   clock network delay (propagated)
                                 -0.500000   99.499992   clock uncertainty
                                  0.000000   99.499992   clock reconvergence pessimism
                                -20.000000   79.499992   output external delay
                                             79.499992   data required time
---------------------------------------------------------------------------------------------
                                             79.499992   data required time
                                             -2.762832   data arrival time
---------------------------------------------------------------------------------------------
                                             76.737160   slack (MET)


Startpoint: RST_I (input port clocked by system_clock)
Endpoint: _851_ (rising edge-triggered flip-flop clocked by system_clock)
Path Group: system_clock
Path Type: max

Fanout         Cap        Slew       Delay        Time   Description
---------------------------------------------------------------------------------------------
                                  0.000000    0.000000   clock system_clock (rise edge)
                                  0.000000    0.000000   clock network delay (propagated)
                                 20.000000   20.000000 ^ input external delay
     1    0.007682    0.000000    0.000000   20.000000 ^ RST_I (in)
                                                         RST_I (net)
                      0.000227    0.000092   20.000093 ^ input10/I (gf180mcu_fd_sc_mcu7t5v0__dlyb_1)
    31    0.227300    3.684509    2.917146   22.917238 ^ input10/Z (gf180mcu_fd_sc_mcu7t5v0__dlyb_1)
                                                         net10 (net)
                      3.684523    0.004128   22.921368 ^ _783_/A1 (gf180mcu_fd_sc_mcu7t5v0__nor2_1)
     1    0.005622    0.707052   -0.000503   22.920864 v _783_/ZN (gf180mcu_fd_sc_mcu7t5v0__nor2_1)
                                                         _064_ (net)
                      0.707052    0.000121   22.920984 v _851_/D (gf180mcu_fd_sc_mcu7t5v0__dffq_1)
                                             22.920984   data arrival time

                                100.000000  100.000000   clock system_clock (rise edge)
                                  0.000000  100.000000   clock source latency
     1    0.036569    0.000000    0.000000  100.000000 ^ CLK_I (in)
                                                         CLK_I (net)
                      0.003416    0.001400  100.001396 ^ clkbuf_0_CLK_I/I (gf180mcu_fd_sc_mcu7t5v0__clkbuf_16)
     8    0.208905    0.257094    0.324171  100.325569 ^ clkbuf_0_CLK_I/Z (gf180mcu_fd_sc_mcu7t5v0__clkbuf_16)
                                                         clknet_0_CLK_I (net)
                      0.257111    0.003091  100.328659 ^ clkbuf_3_4__f_CLK_I/I (gf180mcu_fd_sc_mcu7t5v0__clkbuf_16)
    10    0.071121    0.134332    0.292097  100.620758 ^ clkbuf_3_4__f_CLK_I/Z (gf180mcu_fd_sc_mcu7t5v0__clkbuf_16)
                                                         clknet_3_4__leaf_CLK_I (net)
                      0.134332    0.000071  100.620827 ^ _851_/CLK (gf180mcu_fd_sc_mcu7t5v0__dffq_1)
                                 -0.500000  100.120827   clock uncertainty
                                  0.000000  100.120827   clock reconvergence pessimism
                                 -0.430100   99.690727   library setup time
                                             99.690727   data required time
---------------------------------------------------------------------------------------------
                                             99.690727   data required time
                                            -22.920984   data arrival time
---------------------------------------------------------------------------------------------
                                             76.769737   slack (MET)


Startpoint: RST_I (input port clocked by system_clock)
Endpoint: _855_ (rising edge-triggered flip-flop clocked by system_clock)
Path Group: system_clock
Path Type: max

Fanout         Cap        Slew       Delay        Time   Description
---------------------------------------------------------------------------------------------
                                  0.000000    0.000000   clock system_clock (rise edge)
                                  0.000000    0.000000   clock network delay (propagated)
                                 20.000000   20.000000 ^ input external delay
     1    0.007682    0.000000    0.000000   20.000000 ^ RST_I (in)
                                                         RST_I (net)
                      0.000227    0.000092   20.000093 ^ input10/I (gf180mcu_fd_sc_mcu7t5v0__dlyb_1)
    31    0.227300    3.684509    2.917146   22.917238 ^ input10/Z (gf180mcu_fd_sc_mcu7t5v0__dlyb_1)
                                                         net10 (net)
                      3.684509    0.001645   22.918884 ^ _791_/A1 (gf180mcu_fd_sc_mcu7t5v0__nor2_1)
     1    0.004204    0.666126   -0.042926   22.875957 v _791_/ZN (gf180mcu_fd_sc_mcu7t5v0__nor2_1)
                                                         _068_ (net)
                      0.666126    0.000083   22.876041 v _855_/D (gf180mcu_fd_sc_mcu7t5v0__dffq_1)
                                             22.876041   data arrival time

                                100.000000  100.000000   clock system_clock (rise edge)
                                  0.000000  100.000000   clock source latency
     1    0.036569    0.000000    0.000000  100.000000 ^ CLK_I (in)
                                                         CLK_I (net)
                      0.003416    0.001400  100.001396 ^ clkbuf_0_CLK_I/I (gf180mcu_fd_sc_mcu7t5v0__clkbuf_16)
     8    0.208905    0.257094    0.324171  100.325569 ^ clkbuf_0_CLK_I/Z (gf180mcu_fd_sc_mcu7t5v0__clkbuf_16)
                                                         clknet_0_CLK_I (net)
                      0.257108    0.002828  100.328392 ^ clkbuf_3_5__f_CLK_I/I (gf180mcu_fd_sc_mcu7t5v0__clkbuf_16)
    11    0.066470    0.130403    0.289226  100.617622 ^ clkbuf_3_5__f_CLK_I/Z (gf180mcu_fd_sc_mcu7t5v0__clkbuf_16)
                                                         clknet_3_5__leaf_CLK_I (net)
                      0.130403    0.000476  100.618095 ^ _855_/CLK (gf180mcu_fd_sc_mcu7t5v0__dffq_1)
                                 -0.500000  100.118095   clock uncertainty
                                  0.000000  100.118095   clock reconvergence pessimism
                                 -0.416482   99.701614   library setup time
                                             99.701614   data required time
---------------------------------------------------------------------------------------------
                                             99.701614   data required time
                                            -22.876041   data arrival time
---------------------------------------------------------------------------------------------
                                             76.825577   slack (MET)


Startpoint: RST_I (input port clocked by system_clock)
Endpoint: _850_ (rising edge-triggered flip-flop clocked by system_clock)
Path Group: system_clock
Path Type: max

Fanout         Cap        Slew       Delay        Time   Description
---------------------------------------------------------------------------------------------
                                  0.000000    0.000000   clock system_clock (rise edge)
                                  0.000000    0.000000   clock network delay (propagated)
                                 20.000000   20.000000 ^ input external delay
     1    0.007682    0.000000    0.000000   20.000000 ^ RST_I (in)
                                                         RST_I (net)
                      0.000227    0.000092   20.000093 ^ input10/I (gf180mcu_fd_sc_mcu7t5v0__dlyb_1)
    31    0.227300    3.684509    2.917146   22.917238 ^ input10/Z (gf180mcu_fd_sc_mcu7t5v0__dlyb_1)
                                                         net10 (net)
                      3.684537    0.005834   22.923073 ^ _781_/A1 (gf180mcu_fd_sc_mcu7t5v0__nor2_1)
     1    0.003791    0.650936   -0.056675   22.866398 v _781_/ZN (gf180mcu_fd_sc_mcu7t5v0__nor2_1)
                                                         _063_ (net)
                      0.650936    0.000073   22.866470 v _850_/D (gf180mcu_fd_sc_mcu7t5v0__dffq_1)
                                             22.866470   data arrival time

                                100.000000  100.000000   clock system_clock (rise edge)
                                  0.000000  100.000000   clock source latency
     1    0.036569    0.000000    0.000000  100.000000 ^ CLK_I (in)
                                                         CLK_I (net)
                      0.003416    0.001400  100.001396 ^ clkbuf_0_CLK_I/I (gf180mcu_fd_sc_mcu7t5v0__clkbuf_16)
     8    0.208905    0.257094    0.324171  100.325569 ^ clkbuf_0_CLK_I/Z (gf180mcu_fd_sc_mcu7t5v0__clkbuf_16)
                                                         clknet_0_CLK_I (net)
                      0.257111    0.003091  100.328659 ^ clkbuf_3_4__f_CLK_I/I (gf180mcu_fd_sc_mcu7t5v0__clkbuf_16)
    10    0.071121    0.134332    0.292097  100.620758 ^ clkbuf_3_4__f_CLK_I/Z (gf180mcu_fd_sc_mcu7t5v0__clkbuf_16)
                                                         clknet_3_4__leaf_CLK_I (net)
                      0.134335    0.001130  100.621887 ^ _850_/CLK (gf180mcu_fd_sc_mcu7t5v0__dffq_1)
                                 -0.500000  100.121887   clock uncertainty
                                  0.000000  100.121887   clock reconvergence pessimism
                                 -0.410422   99.711456   library setup time
                                             99.711456   data required time
---------------------------------------------------------------------------------------------
                                             99.711456   data required time
                                            -22.866470   data arrival time
---------------------------------------------------------------------------------------------
                                             76.844986   slack (MET)


Startpoint: RST_I (input port clocked by system_clock)
Endpoint: _852_ (rising edge-triggered flip-flop clocked by system_clock)
Path Group: system_clock
Path Type: max

Fanout         Cap        Slew       Delay        Time   Description
---------------------------------------------------------------------------------------------
                                  0.000000    0.000000   clock system_clock (rise edge)
                                  0.000000    0.000000   clock network delay (propagated)
                                 20.000000   20.000000 ^ input external delay
     1    0.007682    0.000000    0.000000   20.000000 ^ RST_I (in)
                                                         RST_I (net)
                      0.000227    0.000092   20.000093 ^ input10/I (gf180mcu_fd_sc_mcu7t5v0__dlyb_1)
    31    0.227300    3.684509    2.917146   22.917238 ^ input10/Z (gf180mcu_fd_sc_mcu7t5v0__dlyb_1)
                                                         net10 (net)
                      3.684530    0.005141   22.922379 ^ _785_/A1 (gf180mcu_fd_sc_mcu7t5v0__nor2_1)
     1    0.003215    0.629750   -0.075843   22.846537 v _785_/ZN (gf180mcu_fd_sc_mcu7t5v0__nor2_1)
                                                         _065_ (net)
                      0.629750    0.000032   22.846567 v _852_/D (gf180mcu_fd_sc_mcu7t5v0__dffq_1)
                                             22.846567   data arrival time

                                100.000000  100.000000   clock system_clock (rise edge)
                                  0.000000  100.000000   clock source latency
     1    0.036569    0.000000    0.000000  100.000000 ^ CLK_I (in)
                                                         CLK_I (net)
                      0.003416    0.001400  100.001396 ^ clkbuf_0_CLK_I/I (gf180mcu_fd_sc_mcu7t5v0__clkbuf_16)
     8    0.208905    0.257094    0.324171  100.325569 ^ clkbuf_0_CLK_I/Z (gf180mcu_fd_sc_mcu7t5v0__clkbuf_16)
                                                         clknet_0_CLK_I (net)
                      0.257108    0.002828  100.328392 ^ clkbuf_3_5__f_CLK_I/I (gf180mcu_fd_sc_mcu7t5v0__clkbuf_16)
    11    0.066470    0.130403    0.289226  100.617622 ^ clkbuf_3_5__f_CLK_I/Z (gf180mcu_fd_sc_mcu7t5v0__clkbuf_16)
                                                         clknet_3_5__leaf_CLK_I (net)
                      0.130403    0.000625  100.618248 ^ _852_/CLK (gf180mcu_fd_sc_mcu7t5v0__dffq_1)
                                 -0.500000  100.118248   clock uncertainty
                                  0.000000  100.118248   clock reconvergence pessimism
                                 -0.403727   99.714523   library setup time
                                             99.714523   data required time
---------------------------------------------------------------------------------------------
                                             99.714523   data required time
                                            -22.846567   data arrival time
---------------------------------------------------------------------------------------------
                                             76.867950   slack (MET)


Startpoint: _817_ (rising edge-triggered flip-flop clocked by system_clock)
Endpoint: i2c_sda_out_pin_ctrl_n (output port clocked by system_clock)
Path Group: system_clock
Path Type: max

Fanout         Cap        Slew       Delay        Time   Description
---------------------------------------------------------------------------------------------
                                  0.000000    0.000000   clock system_clock (rise edge)
                                  0.000000    0.000000   clock source latency
     1    0.036569    0.000000    0.000000    0.000000 ^ CLK_I (in)
                                                         CLK_I (net)
                      0.003416    0.001397    0.001397 ^ clkbuf_0_CLK_I/I (gf180mcu_fd_sc_mcu7t5v0__clkbuf_16)
     8    0.208905    0.257094    0.324176    0.325573 ^ clkbuf_0_CLK_I/Z (gf180mcu_fd_sc_mcu7t5v0__clkbuf_16)
                                                         clknet_0_CLK_I (net)
                      0.257120    0.003840    0.329414 ^ clkbuf_3_2__f_CLK_I/I (gf180mcu_fd_sc_mcu7t5v0__clkbuf_16)
    14    0.060173    0.124970    0.284893    0.614307 ^ clkbuf_3_2__f_CLK_I/Z (gf180mcu_fd_sc_mcu7t5v0__clkbuf_16)
                                                         clknet_3_2__leaf_CLK_I (net)
                      0.124973    0.001227    0.615533 ^ _817_/CLK (gf180mcu_fd_sc_mcu7t5v0__dffq_1)
     2    0.014815    0.293493    0.827943    1.443476 ^ _817_/Q (gf180mcu_fd_sc_mcu7t5v0__dffq_1)
                                                         net32 (net)
                      0.293493    0.000251    1.443727 ^ _437_/I (gf180mcu_fd_sc_mcu7t5v0__clkinv_1)
     2    0.007112    0.184750    0.162261    1.605987 v _437_/ZN (gf180mcu_fd_sc_mcu7t5v0__clkinv_1)
                                                         net33 (net)
                      0.184750    0.000049    1.606036 v output33/I (gf180mcu_fd_sc_mcu7t5v0__dlyb_1)
     1    0.000870    0.155506    0.942129    2.548165 v output33/Z (gf180mcu_fd_sc_mcu7t5v0__dlyb_1)
                                                         i2c_sda_out_pin_ctrl_n (net)
                      0.155506    0.000006    2.548170 v i2c_sda_out_pin_ctrl_n (out)
                                              2.548170   data arrival time

                                100.000000  100.000000   clock system_clock (rise edge)
                                  0.000000  100.000000   clock network delay (propagated)
                                 -0.500000   99.499992   clock uncertainty
                                  0.000000   99.499992   clock reconvergence pessimism
                                -20.000000   79.499992   output external delay
                                             79.499992   data required time
---------------------------------------------------------------------------------------------
                                             79.499992   data required time
                                             -2.548170   data arrival time
---------------------------------------------------------------------------------------------
                                             76.951820   slack (MET)


Startpoint: _864_ (rising edge-triggered flip-flop clocked by system_clock)
Endpoint: CYC_O (output port clocked by system_clock)
Path Group: system_clock
Path Type: max

Fanout         Cap        Slew       Delay        Time   Description
---------------------------------------------------------------------------------------------
                                  0.000000    0.000000   clock system_clock (rise edge)
                                  0.000000    0.000000   clock source latency
     1    0.036569    0.000000    0.000000    0.000000 ^ CLK_I (in)
                                                         CLK_I (net)
                      0.003416    0.001397    0.001397 ^ clkbuf_0_CLK_I/I (gf180mcu_fd_sc_mcu7t5v0__clkbuf_16)
     8    0.208905    0.257094    0.324176    0.325573 ^ clkbuf_0_CLK_I/Z (gf180mcu_fd_sc_mcu7t5v0__clkbuf_16)
                                                         clknet_0_CLK_I (net)
                      0.257108    0.002826    0.328399 ^ clkbuf_3_5__f_CLK_I/I (gf180mcu_fd_sc_mcu7t5v0__clkbuf_16)
    11    0.066470    0.130403    0.289224    0.617624 ^ clkbuf_3_5__f_CLK_I/Z (gf180mcu_fd_sc_mcu7t5v0__clkbuf_16)
                                                         clknet_3_5__leaf_CLK_I (net)
                      0.130403    0.000370    0.617994 ^ _864_/CLK (gf180mcu_fd_sc_mcu7t5v0__dffq_1)
     3    0.028407    0.504313    0.952627    1.570621 ^ _864_/Q (gf180mcu_fd_sc_mcu7t5v0__dffq_1)
                                                         net21 (net)
                      0.504324    0.001335    1.571957 ^ output21/I (gf180mcu_fd_sc_mcu7t5v0__dlyb_1)
     1    0.006526    0.188073    0.923939    2.495895 ^ output21/Z (gf180mcu_fd_sc_mcu7t5v0__dlyb_1)
                                                         CYC_O (net)
                      0.188073    0.000165    2.496060 ^ CYC_O (out)
                                              2.496060   data arrival time

                                100.000000  100.000000   clock system_clock (rise edge)
                                  0.000000  100.000000   clock network delay (propagated)
                                 -0.500000   99.499992   clock uncertainty
                                  0.000000   99.499992   clock reconvergence pessimism
                                -20.000000   79.499992   output external delay
                                             79.499992   data required time
---------------------------------------------------------------------------------------------
                                             79.499992   data required time
                                             -2.496060   data arrival time
---------------------------------------------------------------------------------------------
                                             77.003937   slack (MET)


Startpoint: _850_ (rising edge-triggered flip-flop clocked by system_clock)
Endpoint: ADDR_O[2] (output port clocked by system_clock)
Path Group: system_clock
Path Type: max

Fanout         Cap        Slew       Delay        Time   Description
---------------------------------------------------------------------------------------------
                                  0.000000    0.000000   clock system_clock (rise edge)
                                  0.000000    0.000000   clock source latency
     1    0.036569    0.000000    0.000000    0.000000 ^ CLK_I (in)
                                                         CLK_I (net)
                      0.003416    0.001397    0.001397 ^ clkbuf_0_CLK_I/I (gf180mcu_fd_sc_mcu7t5v0__clkbuf_16)
     8    0.208905    0.257094    0.324176    0.325573 ^ clkbuf_0_CLK_I/Z (gf180mcu_fd_sc_mcu7t5v0__clkbuf_16)
                                                         clknet_0_CLK_I (net)
                      0.257111    0.003086    0.328659 ^ clkbuf_3_4__f_CLK_I/I (gf180mcu_fd_sc_mcu7t5v0__clkbuf_16)
    10    0.071121    0.134332    0.292100    0.620760 ^ clkbuf_3_4__f_CLK_I/Z (gf180mcu_fd_sc_mcu7t5v0__clkbuf_16)
                                                         clknet_3_4__leaf_CLK_I (net)
                      0.134335    0.001130    0.621889 ^ _850_/CLK (gf180mcu_fd_sc_mcu7t5v0__dffq_1)
     2    0.015496    0.303875    0.836053    1.457942 ^ _850_/Q (gf180mcu_fd_sc_mcu7t5v0__dffq_1)
                                                         net15 (net)
                      0.303875    0.000335    1.458278 ^ output15/I (gf180mcu_fd_sc_mcu7t5v0__dlyb_1)
     1    0.003511    0.145895    0.884069    2.342346 ^ output15/Z (gf180mcu_fd_sc_mcu7t5v0__dlyb_1)
                                                         ADDR_O[2] (net)
                      0.145895    0.000046    2.342393 ^ ADDR_O[2] (out)
                                              2.342393   data arrival time

                                100.000000  100.000000   clock system_clock (rise edge)
                                  0.000000  100.000000   clock network delay (propagated)
                                 -0.500000   99.499992   clock uncertainty
                                  0.000000   99.499992   clock reconvergence pessimism
                                -20.000000   79.499992   output external delay
                                             79.499992   data required time
---------------------------------------------------------------------------------------------
                                             79.499992   data required time
                                             -2.342393   data arrival time
---------------------------------------------------------------------------------------------
                                             77.157600   slack (MET)


Startpoint: _860_ (rising edge-triggered flip-flop clocked by system_clock)
Endpoint: DAT_O[4] (output port clocked by system_clock)
Path Group: system_clock
Path Type: max

Fanout         Cap        Slew       Delay        Time   Description
---------------------------------------------------------------------------------------------
                                  0.000000    0.000000   clock system_clock (rise edge)
                                  0.000000    0.000000   clock source latency
     1    0.036569    0.000000    0.000000    0.000000 ^ CLK_I (in)
                                                         CLK_I (net)
                      0.003416    0.001397    0.001397 ^ clkbuf_0_CLK_I/I (gf180mcu_fd_sc_mcu7t5v0__clkbuf_16)
     8    0.208905    0.257094    0.324176    0.325573 ^ clkbuf_0_CLK_I/Z (gf180mcu_fd_sc_mcu7t5v0__clkbuf_16)
                                                         clknet_0_CLK_I (net)
                      0.257138    0.004969    0.330543 ^ clkbuf_3_7__f_CLK_I/I (gf180mcu_fd_sc_mcu7t5v0__clkbuf_16)
    13    0.062541    0.127021    0.286568    0.617111 ^ clkbuf_3_7__f_CLK_I/Z (gf180mcu_fd_sc_mcu7t5v0__clkbuf_16)
                                                         clknet_3_7__leaf_CLK_I (net)
                      0.127021    0.000068    0.617179 ^ _860_/CLK (gf180mcu_fd_sc_mcu7t5v0__dffq_1)
     2    0.017370    0.332092    0.851573    1.468752 ^ _860_/Q (gf180mcu_fd_sc_mcu7t5v0__dffq_1)
                                                         net26 (net)
                      0.332092    0.000358    1.469110 ^ output26/I (gf180mcu_fd_sc_mcu7t5v0__dlyb_1)
     1    0.001931    0.123332    0.869339    2.338449 ^ output26/Z (gf180mcu_fd_sc_mcu7t5v0__dlyb_1)
                                                         DAT_O[4] (net)
                      0.123332    0.000018    2.338468 ^ DAT_O[4] (out)
                                              2.338468   data arrival time

                                100.000000  100.000000   clock system_clock (rise edge)
                                  0.000000  100.000000   clock network delay (propagated)
                                 -0.500000   99.499992   clock uncertainty
                                  0.000000   99.499992   clock reconvergence pessimism
                                -20.000000   79.499992   output external delay
                                             79.499992   data required time
---------------------------------------------------------------------------------------------
                                             79.499992   data required time
                                             -2.338468   data arrival time
---------------------------------------------------------------------------------------------
                                             77.161522   slack (MET)


Startpoint: _863_ (rising edge-triggered flip-flop clocked by system_clock)
Endpoint: DAT_O[7] (output port clocked by system_clock)
Path Group: system_clock
Path Type: max

Fanout         Cap        Slew       Delay        Time   Description
---------------------------------------------------------------------------------------------
                                  0.000000    0.000000   clock system_clock (rise edge)
                                  0.000000    0.000000   clock source latency
     1    0.036569    0.000000    0.000000    0.000000 ^ CLK_I (in)
                                                         CLK_I (net)
                      0.003416    0.001397    0.001397 ^ clkbuf_0_CLK_I/I (gf180mcu_fd_sc_mcu7t5v0__clkbuf_16)
     8    0.208905    0.257094    0.324176    0.325573 ^ clkbuf_0_CLK_I/Z (gf180mcu_fd_sc_mcu7t5v0__clkbuf_16)
                                                         clknet_0_CLK_I (net)
                      0.257138    0.004969    0.330543 ^ clkbuf_3_7__f_CLK_I/I (gf180mcu_fd_sc_mcu7t5v0__clkbuf_16)
    13    0.062541    0.127021    0.286568    0.617111 ^ clkbuf_3_7__f_CLK_I/Z (gf180mcu_fd_sc_mcu7t5v0__clkbuf_16)
                                                         clknet_3_7__leaf_CLK_I (net)
                      0.127023    0.000873    0.617984 ^ _863_/CLK (gf180mcu_fd_sc_mcu7t5v0__dffq_1)
     2    0.013270    0.270270    0.814336    1.432320 ^ _863_/Q (gf180mcu_fd_sc_mcu7t5v0__dffq_1)
                                                         net29 (net)
                      0.270270    0.000228    1.432548 ^ output29/I (gf180mcu_fd_sc_mcu7t5v0__dlyb_1)
     1    0.004996    0.166751    0.895833    2.328381 ^ output29/Z (gf180mcu_fd_sc_mcu7t5v0__dlyb_1)
                                                         DAT_O[7] (net)
                      0.166751    0.000082    2.328464 ^ DAT_O[7] (out)
                                              2.328464   data arrival time

                                100.000000  100.000000   clock system_clock (rise edge)
                                  0.000000  100.000000   clock network delay (propagated)
                                 -0.500000   99.499992   clock uncertainty
                                  0.000000   99.499992   clock reconvergence pessimism
                                -20.000000   79.499992   output external delay
                                             79.499992   data required time
---------------------------------------------------------------------------------------------
                                             79.499992   data required time
                                             -2.328464   data arrival time
---------------------------------------------------------------------------------------------
                                             77.171532   slack (MET)


Startpoint: _862_ (rising edge-triggered flip-flop clocked by system_clock)
Endpoint: DAT_O[6] (output port clocked by system_clock)
Path Group: system_clock
Path Type: max

Fanout         Cap        Slew       Delay        Time   Description
---------------------------------------------------------------------------------------------
                                  0.000000    0.000000   clock system_clock (rise edge)
                                  0.000000    0.000000   clock source latency
     1    0.036569    0.000000    0.000000    0.000000 ^ CLK_I (in)
                                                         CLK_I (net)
                      0.003416    0.001397    0.001397 ^ clkbuf_0_CLK_I/I (gf180mcu_fd_sc_mcu7t5v0__clkbuf_16)
     8    0.208905    0.257094    0.324176    0.325573 ^ clkbuf_0_CLK_I/Z (gf180mcu_fd_sc_mcu7t5v0__clkbuf_16)
                                                         clknet_0_CLK_I (net)
                      0.257138    0.004969    0.330543 ^ clkbuf_3_7__f_CLK_I/I (gf180mcu_fd_sc_mcu7t5v0__clkbuf_16)
    13    0.062541    0.127021    0.286568    0.617111 ^ clkbuf_3_7__f_CLK_I/Z (gf180mcu_fd_sc_mcu7t5v0__clkbuf_16)
                                                         clknet_3_7__leaf_CLK_I (net)
                      0.127023    0.000842    0.617953 ^ _862_/CLK (gf180mcu_fd_sc_mcu7t5v0__dffq_1)
     2    0.013112    0.267868    0.812865    1.430819 ^ _862_/Q (gf180mcu_fd_sc_mcu7t5v0__dffq_1)
                                                         net28 (net)
                      0.267868    0.000168    1.430987 ^ output28/I (gf180mcu_fd_sc_mcu7t5v0__dlyb_1)
     1    0.002575    0.132694    0.870280    2.301267 ^ output28/Z (gf180mcu_fd_sc_mcu7t5v0__dlyb_1)
                                                         DAT_O[6] (net)
                      0.132694    0.000029    2.301296 ^ DAT_O[6] (out)
                                              2.301296   data arrival time

                                100.000000  100.000000   clock system_clock (rise edge)
                                  0.000000  100.000000   clock network delay (propagated)
                                 -0.500000   99.499992   clock uncertainty
                                  0.000000   99.499992   clock reconvergence pessimism
                                -20.000000   79.499992   output external delay
                                             79.499992   data required time
---------------------------------------------------------------------------------------------
                                             79.499992   data required time
                                             -2.301296   data arrival time
---------------------------------------------------------------------------------------------
                                             77.198692   slack (MET)


Startpoint: _817_ (rising edge-triggered flip-flop clocked by system_clock)
Endpoint: i2c_sda_out_pin_ctrl (output port clocked by system_clock)
Path Group: system_clock
Path Type: max

Fanout         Cap        Slew       Delay        Time   Description
---------------------------------------------------------------------------------------------
                                  0.000000    0.000000   clock system_clock (rise edge)
                                  0.000000    0.000000   clock source latency
     1    0.036569    0.000000    0.000000    0.000000 ^ CLK_I (in)
                                                         CLK_I (net)
                      0.003416    0.001397    0.001397 ^ clkbuf_0_CLK_I/I (gf180mcu_fd_sc_mcu7t5v0__clkbuf_16)
     8    0.208905    0.257094    0.324176    0.325573 ^ clkbuf_0_CLK_I/Z (gf180mcu_fd_sc_mcu7t5v0__clkbuf_16)
                                                         clknet_0_CLK_I (net)
                      0.257120    0.003840    0.329414 ^ clkbuf_3_2__f_CLK_I/I (gf180mcu_fd_sc_mcu7t5v0__clkbuf_16)
    14    0.060173    0.124970    0.284893    0.614307 ^ clkbuf_3_2__f_CLK_I/Z (gf180mcu_fd_sc_mcu7t5v0__clkbuf_16)
                                                         clknet_3_2__leaf_CLK_I (net)
                      0.124973    0.001227    0.615533 ^ _817_/CLK (gf180mcu_fd_sc_mcu7t5v0__dffq_1)
     2    0.014815    0.293493    0.827943    1.443476 ^ _817_/Q (gf180mcu_fd_sc_mcu7t5v0__dffq_1)
                                                         net32 (net)
                      0.293493    0.000450    1.443926 ^ output32/I (gf180mcu_fd_sc_mcu7t5v0__dlyb_1)
     1    0.001146    0.111864    0.856050    2.299976 ^ output32/Z (gf180mcu_fd_sc_mcu7t5v0__dlyb_1)
                                                         i2c_sda_out_pin_ctrl (net)
                      0.111864    0.000008    2.299984 ^ i2c_sda_out_pin_ctrl (out)
                                              2.299984   data arrival time

                                100.000000  100.000000   clock system_clock (rise edge)
                                  0.000000  100.000000   clock network delay (propagated)
                                 -0.500000   99.499992   clock uncertainty
                                  0.000000   99.499992   clock reconvergence pessimism
                                -20.000000   79.499992   output external delay
                                             79.499992   data required time
---------------------------------------------------------------------------------------------
                                             79.499992   data required time
                                             -2.299984   data arrival time
---------------------------------------------------------------------------------------------
                                             77.200012   slack (MET)


Startpoint: _855_ (rising edge-triggered flip-flop clocked by system_clock)
Endpoint: ADDR_O[7] (output port clocked by system_clock)
Path Group: system_clock
Path Type: max

Fanout         Cap        Slew       Delay        Time   Description
---------------------------------------------------------------------------------------------
                                  0.000000    0.000000   clock system_clock (rise edge)
                                  0.000000    0.000000   clock source latency
     1    0.036569    0.000000    0.000000    0.000000 ^ CLK_I (in)
                                                         CLK_I (net)
                      0.003416    0.001397    0.001397 ^ clkbuf_0_CLK_I/I (gf180mcu_fd_sc_mcu7t5v0__clkbuf_16)
     8    0.208905    0.257094    0.324176    0.325573 ^ clkbuf_0_CLK_I/Z (gf180mcu_fd_sc_mcu7t5v0__clkbuf_16)
                                                         clknet_0_CLK_I (net)
                      0.257108    0.002826    0.328399 ^ clkbuf_3_5__f_CLK_I/I (gf180mcu_fd_sc_mcu7t5v0__clkbuf_16)
    11    0.066470    0.130403    0.289224    0.617624 ^ clkbuf_3_5__f_CLK_I/Z (gf180mcu_fd_sc_mcu7t5v0__clkbuf_16)
                                                         clknet_3_5__leaf_CLK_I (net)
                      0.130403    0.000477    0.618100 ^ _855_/CLK (gf180mcu_fd_sc_mcu7t5v0__dffq_1)
     2    0.012183    0.253844    0.805060    1.423160 ^ _855_/Q (gf180mcu_fd_sc_mcu7t5v0__dffq_1)
                                                         net20 (net)
                      0.253844    0.000208    1.423368 ^ output20/I (gf180mcu_fd_sc_mcu7t5v0__dlyb_1)
     1    0.001417    0.115799    0.854934    2.278302 ^ output20/Z (gf180mcu_fd_sc_mcu7t5v0__dlyb_1)
                                                         ADDR_O[7] (net)
                      0.115799    0.000013    2.278315 ^ ADDR_O[7] (out)
                                              2.278315   data arrival time

                                100.000000  100.000000   clock system_clock (rise edge)
                                  0.000000  100.000000   clock network delay (propagated)
                                 -0.500000   99.499992   clock uncertainty
                                  0.000000   99.499992   clock reconvergence pessimism
                                -20.000000   79.499992   output external delay
                                             79.499992   data required time
---------------------------------------------------------------------------------------------
                                             79.499992   data required time
                                             -2.278315   data arrival time
---------------------------------------------------------------------------------------------
                                             77.221680   slack (MET)


Startpoint: _851_ (rising edge-triggered flip-flop clocked by system_clock)
Endpoint: ADDR_O[3] (output port clocked by system_clock)
Path Group: system_clock
Path Type: max

Fanout         Cap        Slew       Delay        Time   Description
---------------------------------------------------------------------------------------------
                                  0.000000    0.000000   clock system_clock (rise edge)
                                  0.000000    0.000000   clock source latency
     1    0.036569    0.000000    0.000000    0.000000 ^ CLK_I (in)
                                                         CLK_I (net)
                      0.003416    0.001397    0.001397 ^ clkbuf_0_CLK_I/I (gf180mcu_fd_sc_mcu7t5v0__clkbuf_16)
     8    0.208905    0.257094    0.324176    0.325573 ^ clkbuf_0_CLK_I/Z (gf180mcu_fd_sc_mcu7t5v0__clkbuf_16)
                                                         clknet_0_CLK_I (net)
                      0.257111    0.003086    0.328659 ^ clkbuf_3_4__f_CLK_I/I (gf180mcu_fd_sc_mcu7t5v0__clkbuf_16)
    10    0.071121    0.134332    0.292100    0.620760 ^ clkbuf_3_4__f_CLK_I/Z (gf180mcu_fd_sc_mcu7t5v0__clkbuf_16)
                                                         clknet_3_4__leaf_CLK_I (net)
                      0.134332    0.000073    0.620833 ^ _851_/CLK (gf180mcu_fd_sc_mcu7t5v0__dffq_1)
     2    0.011214    0.239231    0.797010    1.417843 ^ _851_/Q (gf180mcu_fd_sc_mcu7t5v0__dffq_1)
                                                         net16 (net)
                      0.239231    0.000167    1.418009 ^ output16/I (gf180mcu_fd_sc_mcu7t5v0__dlyb_1)
     1    0.001951    0.123592    0.859693    2.277703 ^ output16/Z (gf180mcu_fd_sc_mcu7t5v0__dlyb_1)
                                                         ADDR_O[3] (net)
                      0.123592    0.000020    2.277723 ^ ADDR_O[3] (out)
                                              2.277723   data arrival time

                                100.000000  100.000000   clock system_clock (rise edge)
                                  0.000000  100.000000   clock network delay (propagated)
                                 -0.500000   99.499992   clock uncertainty
                                  0.000000   99.499992   clock reconvergence pessimism
                                -20.000000   79.499992   output external delay
                                             79.499992   data required time
---------------------------------------------------------------------------------------------
                                             79.499992   data required time
                                             -2.277723   data arrival time
---------------------------------------------------------------------------------------------
                                             77.222267   slack (MET)


Startpoint: _852_ (rising edge-triggered flip-flop clocked by system_clock)
Endpoint: ADDR_O[4] (output port clocked by system_clock)
Path Group: system_clock
Path Type: max

Fanout         Cap        Slew       Delay        Time   Description
---------------------------------------------------------------------------------------------
                                  0.000000    0.000000   clock system_clock (rise edge)
                                  0.000000    0.000000   clock source latency
     1    0.036569    0.000000    0.000000    0.000000 ^ CLK_I (in)
                                                         CLK_I (net)
                      0.003416    0.001397    0.001397 ^ clkbuf_0_CLK_I/I (gf180mcu_fd_sc_mcu7t5v0__clkbuf_16)
     8    0.208905    0.257094    0.324176    0.325573 ^ clkbuf_0_CLK_I/Z (gf180mcu_fd_sc_mcu7t5v0__clkbuf_16)
                                                         clknet_0_CLK_I (net)
                      0.257108    0.002826    0.328399 ^ clkbuf_3_5__f_CLK_I/I (gf180mcu_fd_sc_mcu7t5v0__clkbuf_16)
    11    0.066470    0.130403    0.289224    0.617624 ^ clkbuf_3_5__f_CLK_I/Z (gf180mcu_fd_sc_mcu7t5v0__clkbuf_16)
                                                         clknet_3_5__leaf_CLK_I (net)
                      0.130403    0.000625    0.618248 ^ _852_/CLK (gf180mcu_fd_sc_mcu7t5v0__dffq_1)
     2    0.011961    0.250521    0.803055    1.421304 ^ _852_/Q (gf180mcu_fd_sc_mcu7t5v0__dffq_1)
                                                         net17 (net)
                      0.250521    0.000211    1.421515 ^ output17/I (gf180mcu_fd_sc_mcu7t5v0__dlyb_1)
     1    0.001556    0.117825    0.856226    2.277741 ^ output17/Z (gf180mcu_fd_sc_mcu7t5v0__dlyb_1)
                                                         ADDR_O[4] (net)
                      0.117825    0.000014    2.277755 ^ ADDR_O[4] (out)
                                              2.277755   data arrival time

                                100.000000  100.000000   clock system_clock (rise edge)
                                  0.000000  100.000000   clock network delay (propagated)
                                 -0.500000   99.499992   clock uncertainty
                                  0.000000   99.499992   clock reconvergence pessimism
                                -20.000000   79.499992   output external delay
                                             79.499992   data required time
---------------------------------------------------------------------------------------------
                                             79.499992   data required time
                                             -2.277755   data arrival time
---------------------------------------------------------------------------------------------
                                             77.222237   slack (MET)


Startpoint: _854_ (rising edge-triggered flip-flop clocked by system_clock)
Endpoint: ADDR_O[6] (output port clocked by system_clock)
Path Group: system_clock
Path Type: max

Fanout         Cap        Slew       Delay        Time   Description
---------------------------------------------------------------------------------------------
                                  0.000000    0.000000   clock system_clock (rise edge)
                                  0.000000    0.000000   clock source latency
     1    0.036569    0.000000    0.000000    0.000000 ^ CLK_I (in)
                                                         CLK_I (net)
                      0.003416    0.001397    0.001397 ^ clkbuf_0_CLK_I/I (gf180mcu_fd_sc_mcu7t5v0__clkbuf_16)
     8    0.208905    0.257094    0.324176    0.325573 ^ clkbuf_0_CLK_I/Z (gf180mcu_fd_sc_mcu7t5v0__clkbuf_16)
                                                         clknet_0_CLK_I (net)
                      0.257108    0.002826    0.328399 ^ clkbuf_3_5__f_CLK_I/I (gf180mcu_fd_sc_mcu7t5v0__clkbuf_16)
    11    0.066470    0.130403    0.289224    0.617624 ^ clkbuf_3_5__f_CLK_I/Z (gf180mcu_fd_sc_mcu7t5v0__clkbuf_16)
                                                         clknet_3_5__leaf_CLK_I (net)
                      0.130403    0.000509    0.618133 ^ _854_/CLK (gf180mcu_fd_sc_mcu7t5v0__dffq_1)
     2    0.012216    0.254367    0.805382    1.423515 ^ _854_/Q (gf180mcu_fd_sc_mcu7t5v0__dffq_1)
                                                         net19 (net)
                      0.254367    0.000196    1.423711 ^ output19/I (gf180mcu_fd_sc_mcu7t5v0__dlyb_1)
     1    0.000930    0.108596    0.849180    2.272891 ^ output19/Z (gf180mcu_fd_sc_mcu7t5v0__dlyb_1)
                                                         ADDR_O[6] (net)
                      0.108596    0.000006    2.272898 ^ ADDR_O[6] (out)
                                              2.272898   data arrival time

                                100.000000  100.000000   clock system_clock (rise edge)
                                  0.000000  100.000000   clock network delay (propagated)
                                 -0.500000   99.499992   clock uncertainty
                                  0.000000   99.499992   clock reconvergence pessimism
                                -20.000000   79.499992   output external delay
                                             79.499992   data required time
---------------------------------------------------------------------------------------------
                                             79.499992   data required time
                                             -2.272898   data arrival time
---------------------------------------------------------------------------------------------
                                             77.227097   slack (MET)


Startpoint: _853_ (rising edge-triggered flip-flop clocked by system_clock)
Endpoint: ADDR_O[5] (output port clocked by system_clock)
Path Group: system_clock
Path Type: max

Fanout         Cap        Slew       Delay        Time   Description
---------------------------------------------------------------------------------------------
                                  0.000000    0.000000   clock system_clock (rise edge)
                                  0.000000    0.000000   clock source latency
     1    0.036569    0.000000    0.000000    0.000000 ^ CLK_I (in)
                                                         CLK_I (net)
                      0.003416    0.001397    0.001397 ^ clkbuf_0_CLK_I/I (gf180mcu_fd_sc_mcu7t5v0__clkbuf_16)
     8    0.208905    0.257094    0.324176    0.325573 ^ clkbuf_0_CLK_I/Z (gf180mcu_fd_sc_mcu7t5v0__clkbuf_16)
                                                         clknet_0_CLK_I (net)
                      0.257108    0.002826    0.328399 ^ clkbuf_3_5__f_CLK_I/I (gf180mcu_fd_sc_mcu7t5v0__clkbuf_16)
    11    0.066470    0.130403    0.289224    0.617624 ^ clkbuf_3_5__f_CLK_I/Z (gf180mcu_fd_sc_mcu7t5v0__clkbuf_16)
                                                         clknet_3_5__leaf_CLK_I (net)
                      0.130403    0.000520    0.618144 ^ _853_/CLK (gf180mcu_fd_sc_mcu7t5v0__dffq_1)
     2    0.011642    0.245699    0.800134    1.418278 ^ _853_/Q (gf180mcu_fd_sc_mcu7t5v0__dffq_1)
                                                         net18 (net)
                      0.245699    0.000198    1.418476 ^ output18/I (gf180mcu_fd_sc_mcu7t5v0__dlyb_1)
     1    0.000946    0.108830    0.848428    2.266904 ^ output18/Z (gf180mcu_fd_sc_mcu7t5v0__dlyb_1)
                                                         ADDR_O[5] (net)
                      0.108830    0.000007    2.266911 ^ ADDR_O[5] (out)
                                              2.266911   data arrival time

                                100.000000  100.000000   clock system_clock (rise edge)
                                  0.000000  100.000000   clock network delay (propagated)
                                 -0.500000   99.499992   clock uncertainty
                                  0.000000   99.499992   clock reconvergence pessimism
                                -20.000000   79.499992   output external delay
                                             79.499992   data required time
---------------------------------------------------------------------------------------------
                                             79.499992   data required time
                                             -2.266911   data arrival time
---------------------------------------------------------------------------------------------
                                             77.233086   slack (MET)


Startpoint: _849_ (rising edge-triggered flip-flop clocked by system_clock)
Endpoint: ADDR_O[1] (output port clocked by system_clock)
Path Group: system_clock
Path Type: max

Fanout         Cap        Slew       Delay        Time   Description
---------------------------------------------------------------------------------------------
                                  0.000000    0.000000   clock system_clock (rise edge)
                                  0.000000    0.000000   clock source latency
     1    0.036569    0.000000    0.000000    0.000000 ^ CLK_I (in)
                                                         CLK_I (net)
                      0.003416    0.001397    0.001397 ^ clkbuf_0_CLK_I/I (gf180mcu_fd_sc_mcu7t5v0__clkbuf_16)
     8    0.208905    0.257094    0.324176    0.325573 ^ clkbuf_0_CLK_I/Z (gf180mcu_fd_sc_mcu7t5v0__clkbuf_16)
                                                         clknet_0_CLK_I (net)
                      0.257111    0.003086    0.328659 ^ clkbuf_3_4__f_CLK_I/I (gf180mcu_fd_sc_mcu7t5v0__clkbuf_16)
    10    0.071121    0.134332    0.292100    0.620760 ^ clkbuf_3_4__f_CLK_I/Z (gf180mcu_fd_sc_mcu7t5v0__clkbuf_16)
                                                         clknet_3_4__leaf_CLK_I (net)
                      0.134334    0.000966    0.621726 ^ _849_/CLK (gf180mcu_fd_sc_mcu7t5v0__dffq_1)
     2    0.010628    0.230406    0.791680    1.413406 ^ _849_/Q (gf180mcu_fd_sc_mcu7t5v0__dffq_1)
                                                         net14 (net)
                      0.230406    0.000066    1.413471 ^ output14/I (gf180mcu_fd_sc_mcu7t5v0__dlyb_1)
     1    0.001489    0.116827    0.853220    2.266691 ^ output14/Z (gf180mcu_fd_sc_mcu7t5v0__dlyb_1)
                                                         ADDR_O[1] (net)
                      0.116827    0.000011    2.266702 ^ ADDR_O[1] (out)
                                              2.266702   data arrival time

                                100.000000  100.000000   clock system_clock (rise edge)
                                  0.000000  100.000000   clock network delay (propagated)
                                 -0.500000   99.499992   clock uncertainty
                                  0.000000   99.499992   clock reconvergence pessimism
                                -20.000000   79.499992   output external delay
                                             79.499992   data required time
---------------------------------------------------------------------------------------------
                                             79.499992   data required time
                                             -2.266702   data arrival time
---------------------------------------------------------------------------------------------
                                             77.233292   slack (MET)


Startpoint: _861_ (rising edge-triggered flip-flop clocked by system_clock)
Endpoint: DAT_O[5] (output port clocked by system_clock)
Path Group: system_clock
Path Type: max

Fanout         Cap        Slew       Delay        Time   Description
---------------------------------------------------------------------------------------------
                                  0.000000    0.000000   clock system_clock (rise edge)
                                  0.000000    0.000000   clock source latency
     1    0.036569    0.000000    0.000000    0.000000 ^ CLK_I (in)
                                                         CLK_I (net)
                      0.003416    0.001397    0.001397 ^ clkbuf_0_CLK_I/I (gf180mcu_fd_sc_mcu7t5v0__clkbuf_16)
     8    0.208905    0.257094    0.324176    0.325573 ^ clkbuf_0_CLK_I/Z (gf180mcu_fd_sc_mcu7t5v0__clkbuf_16)
                                                         clknet_0_CLK_I (net)
                      0.257138    0.004969    0.330543 ^ clkbuf_3_7__f_CLK_I/I (gf180mcu_fd_sc_mcu7t5v0__clkbuf_16)
    13    0.062541    0.127021    0.286568    0.617111 ^ clkbuf_3_7__f_CLK_I/Z (gf180mcu_fd_sc_mcu7t5v0__clkbuf_16)
                                                         clknet_3_7__leaf_CLK_I (net)
                      0.127022    0.000803    0.617914 ^ _861_/CLK (gf180mcu_fd_sc_mcu7t5v0__dffq_1)
     2    0.008897    0.148910    0.685656    1.303570 v _861_/Q (gf180mcu_fd_sc_mcu7t5v0__dffq_1)
                                                         net27 (net)
                      0.148910    0.000150    1.303720 v output27/I (gf180mcu_fd_sc_mcu7t5v0__dlyb_1)
     1    0.002795    0.183168    0.956608    2.260328 v output27/Z (gf180mcu_fd_sc_mcu7t5v0__dlyb_1)
                                                         DAT_O[5] (net)
                      0.183168    0.000033    2.260361 v DAT_O[5] (out)
                                              2.260361   data arrival time

                                100.000000  100.000000   clock system_clock (rise edge)
                                  0.000000  100.000000   clock network delay (propagated)
                                 -0.500000   99.499992   clock uncertainty
                                  0.000000   99.499992   clock reconvergence pessimism
                                -20.000000   79.499992   output external delay
                                             79.499992   data required time
---------------------------------------------------------------------------------------------
                                             79.499992   data required time
                                             -2.260361   data arrival time
---------------------------------------------------------------------------------------------
                                             77.239632   slack (MET)


Startpoint: _859_ (rising edge-triggered flip-flop clocked by system_clock)
Endpoint: DAT_O[3] (output port clocked by system_clock)
Path Group: system_clock
Path Type: max

Fanout         Cap        Slew       Delay        Time   Description
---------------------------------------------------------------------------------------------
                                  0.000000    0.000000   clock system_clock (rise edge)
                                  0.000000    0.000000   clock source latency
     1    0.036569    0.000000    0.000000    0.000000 ^ CLK_I (in)
                                                         CLK_I (net)
                      0.003416    0.001397    0.001397 ^ clkbuf_0_CLK_I/I (gf180mcu_fd_sc_mcu7t5v0__clkbuf_16)
     8    0.208905    0.257094    0.324176    0.325573 ^ clkbuf_0_CLK_I/Z (gf180mcu_fd_sc_mcu7t5v0__clkbuf_16)
                                                         clknet_0_CLK_I (net)
                      0.257138    0.004969    0.330543 ^ clkbuf_3_7__f_CLK_I/I (gf180mcu_fd_sc_mcu7t5v0__clkbuf_16)
    13    0.062541    0.127021    0.286568    0.617111 ^ clkbuf_3_7__f_CLK_I/Z (gf180mcu_fd_sc_mcu7t5v0__clkbuf_16)
                                                         clknet_3_7__leaf_CLK_I (net)
                      0.127021    0.000344    0.617455 ^ _859_/CLK (gf180mcu_fd_sc_mcu7t5v0__dffq_1)
     2    0.010115    0.222725    0.785547    1.403002 ^ _859_/Q (gf180mcu_fd_sc_mcu7t5v0__dffq_1)
                                                         net25 (net)
                      0.222725    0.000142    1.403144 ^ output25/I (gf180mcu_fd_sc_mcu7t5v0__dlyb_1)
     1    0.001615    0.118653    0.853875    2.257019 ^ output25/Z (gf180mcu_fd_sc_mcu7t5v0__dlyb_1)
                                                         DAT_O[3] (net)
                      0.118653    0.000013    2.257032 ^ DAT_O[3] (out)
                                              2.257032   data arrival time

                                100.000000  100.000000   clock system_clock (rise edge)
                                  0.000000  100.000000   clock network delay (propagated)
                                 -0.500000   99.499992   clock uncertainty
                                  0.000000   99.499992   clock reconvergence pessimism
                                -20.000000   79.499992   output external delay
                                             79.499992   data required time
---------------------------------------------------------------------------------------------
                                             79.499992   data required time
                                             -2.257032   data arrival time
---------------------------------------------------------------------------------------------
                                             77.242958   slack (MET)


Startpoint: _848_ (rising edge-triggered flip-flop clocked by system_clock)
Endpoint: ADDR_O[0] (output port clocked by system_clock)
Path Group: system_clock
Path Type: max

Fanout         Cap        Slew       Delay        Time   Description
---------------------------------------------------------------------------------------------
                                  0.000000    0.000000   clock system_clock (rise edge)
                                  0.000000    0.000000   clock source latency
     1    0.036569    0.000000    0.000000    0.000000 ^ CLK_I (in)
                                                         CLK_I (net)
                      0.003416    0.001397    0.001397 ^ clkbuf_0_CLK_I/I (gf180mcu_fd_sc_mcu7t5v0__clkbuf_16)
     8    0.208905    0.257094    0.324176    0.325573 ^ clkbuf_0_CLK_I/Z (gf180mcu_fd_sc_mcu7t5v0__clkbuf_16)
                                                         clknet_0_CLK_I (net)
                      0.257111    0.003086    0.328659 ^ clkbuf_3_4__f_CLK_I/I (gf180mcu_fd_sc_mcu7t5v0__clkbuf_16)
    10    0.071121    0.134332    0.292100    0.620760 ^ clkbuf_3_4__f_CLK_I/Z (gf180mcu_fd_sc_mcu7t5v0__clkbuf_16)
                                                         clknet_3_4__leaf_CLK_I (net)
                      0.134335    0.001080    0.621840 ^ _848_/CLK (gf180mcu_fd_sc_mcu7t5v0__dffq_1)
     2    0.006233    0.125238    0.666399    1.288239 v _848_/Q (gf180mcu_fd_sc_mcu7t5v0__dffq_1)
                                                         net13 (net)
                      0.125238    0.000103    1.288342 v output13/I (gf180mcu_fd_sc_mcu7t5v0__dlyb_1)
     1    0.002946    0.184755    0.951064    2.239405 v output13/Z (gf180mcu_fd_sc_mcu7t5v0__dlyb_1)
                                                         ADDR_O[0] (net)
                      0.184755    0.000032    2.239437 v ADDR_O[0] (out)
                                              2.239437   data arrival time

                                100.000000  100.000000   clock system_clock (rise edge)
                                  0.000000  100.000000   clock network delay (propagated)
                                 -0.500000   99.499992   clock uncertainty
                                  0.000000   99.499992   clock reconvergence pessimism
                                -20.000000   79.499992   output external delay
                                             79.499992   data required time
---------------------------------------------------------------------------------------------
                                             79.499992   data required time
                                             -2.239437   data arrival time
---------------------------------------------------------------------------------------------
                                             77.260551   slack (MET)


Startpoint: _865_ (rising edge-triggered flip-flop clocked by system_clock)
Endpoint: WE_O (output port clocked by system_clock)
Path Group: system_clock
Path Type: max

Fanout         Cap        Slew       Delay        Time   Description
---------------------------------------------------------------------------------------------
                                  0.000000    0.000000   clock system_clock (rise edge)
                                  0.000000    0.000000   clock source latency
     1    0.036569    0.000000    0.000000    0.000000 ^ CLK_I (in)
                                                         CLK_I (net)
                      0.003416    0.001397    0.001397 ^ clkbuf_0_CLK_I/I (gf180mcu_fd_sc_mcu7t5v0__clkbuf_16)
     8    0.208905    0.257094    0.324176    0.325573 ^ clkbuf_0_CLK_I/Z (gf180mcu_fd_sc_mcu7t5v0__clkbuf_16)
                                                         clknet_0_CLK_I (net)
                      0.257138    0.004969    0.330543 ^ clkbuf_3_7__f_CLK_I/I (gf180mcu_fd_sc_mcu7t5v0__clkbuf_16)
    13    0.062541    0.127021    0.286568    0.617111 ^ clkbuf_3_7__f_CLK_I/Z (gf180mcu_fd_sc_mcu7t5v0__clkbuf_16)
                                                         clknet_3_7__leaf_CLK_I (net)
                      0.127023    0.000966    0.618077 ^ _865_/CLK (gf180mcu_fd_sc_mcu7t5v0__dffq_1)
     2    0.008828    0.203348    0.773817    1.391895 ^ _865_/Q (gf180mcu_fd_sc_mcu7t5v0__dffq_1)
                                                         net31 (net)
                      0.203348    0.000128    1.392022 ^ output31/I (gf180mcu_fd_sc_mcu7t5v0__dlyb_1)
     1    0.001110    0.111210    0.845739    2.237761 ^ output31/Z (gf180mcu_fd_sc_mcu7t5v0__dlyb_1)
                                                         WE_O (net)
                      0.111210    0.000008    2.237769 ^ WE_O (out)
                                              2.237769   data arrival time

                                100.000000  100.000000   clock system_clock (rise edge)
                                  0.000000  100.000000   clock network delay (propagated)
                                 -0.500000   99.499992   clock uncertainty
                                  0.000000   99.499992   clock reconvergence pessimism
                                -20.000000   79.499992   output external delay
                                             79.499992   data required time
---------------------------------------------------------------------------------------------
                                             79.499992   data required time
                                             -2.237769   data arrival time
---------------------------------------------------------------------------------------------
                                             77.262222   slack (MET)


Startpoint: _858_ (rising edge-triggered flip-flop clocked by system_clock)
Endpoint: DAT_O[2] (output port clocked by system_clock)
Path Group: system_clock
Path Type: max

Fanout         Cap        Slew       Delay        Time   Description
---------------------------------------------------------------------------------------------
                                  0.000000    0.000000   clock system_clock (rise edge)
                                  0.000000    0.000000   clock source latency
     1    0.036569    0.000000    0.000000    0.000000 ^ CLK_I (in)
                                                         CLK_I (net)
                      0.003416    0.001397    0.001397 ^ clkbuf_0_CLK_I/I (gf180mcu_fd_sc_mcu7t5v0__clkbuf_16)
     8    0.208905    0.257094    0.324176    0.325573 ^ clkbuf_0_CLK_I/Z (gf180mcu_fd_sc_mcu7t5v0__clkbuf_16)
                                                         clknet_0_CLK_I (net)
                      0.257138    0.004969    0.330543 ^ clkbuf_3_7__f_CLK_I/I (gf180mcu_fd_sc_mcu7t5v0__clkbuf_16)
    13    0.062541    0.127021    0.286568    0.617111 ^ clkbuf_3_7__f_CLK_I/Z (gf180mcu_fd_sc_mcu7t5v0__clkbuf_16)
                                                         clknet_3_7__leaf_CLK_I (net)
                      0.127021    0.000367    0.617478 ^ _858_/CLK (gf180mcu_fd_sc_mcu7t5v0__dffq_1)
     2    0.008404    0.196974    0.769920    1.387398 ^ _858_/Q (gf180mcu_fd_sc_mcu7t5v0__dffq_1)
                                                         net24 (net)
                      0.196974    0.000145    1.387543 ^ output24/I (gf180mcu_fd_sc_mcu7t5v0__dlyb_1)
     1    0.001203    0.112573    0.846140    2.233683 ^ output24/Z (gf180mcu_fd_sc_mcu7t5v0__dlyb_1)
                                                         DAT_O[2] (net)
                      0.112573    0.000008    2.233691 ^ DAT_O[2] (out)
                                              2.233691   data arrival time

                                100.000000  100.000000   clock system_clock (rise edge)
                                  0.000000  100.000000   clock network delay (propagated)
                                 -0.500000   99.499992   clock uncertainty
                                  0.000000   99.499992   clock reconvergence pessimism
                                -20.000000   79.499992   output external delay
                                             79.499992   data required time
---------------------------------------------------------------------------------------------
                                             79.499992   data required time
                                             -2.233691   data arrival time
---------------------------------------------------------------------------------------------
                                             77.266304   slack (MET)


Startpoint: _857_ (rising edge-triggered flip-flop clocked by system_clock)
Endpoint: DAT_O[1] (output port clocked by system_clock)
Path Group: system_clock
Path Type: max

Fanout         Cap        Slew       Delay        Time   Description
---------------------------------------------------------------------------------------------
                                  0.000000    0.000000   clock system_clock (rise edge)
                                  0.000000    0.000000   clock source latency
     1    0.036569    0.000000    0.000000    0.000000 ^ CLK_I (in)
                                                         CLK_I (net)
                      0.003416    0.001397    0.001397 ^ clkbuf_0_CLK_I/I (gf180mcu_fd_sc_mcu7t5v0__clkbuf_16)
     8    0.208905    0.257094    0.324176    0.325573 ^ clkbuf_0_CLK_I/Z (gf180mcu_fd_sc_mcu7t5v0__clkbuf_16)
                                                         clknet_0_CLK_I (net)
                      0.257138    0.004969    0.330543 ^ clkbuf_3_7__f_CLK_I/I (gf180mcu_fd_sc_mcu7t5v0__clkbuf_16)
    13    0.062541    0.127021    0.286568    0.617111 ^ clkbuf_3_7__f_CLK_I/Z (gf180mcu_fd_sc_mcu7t5v0__clkbuf_16)
                                                         clknet_3_7__leaf_CLK_I (net)
                      0.127021    0.000404    0.617515 ^ _857_/CLK (gf180mcu_fd_sc_mcu7t5v0__dffq_1)
     2    0.007139    0.178879    0.757768    1.375283 ^ _857_/Q (gf180mcu_fd_sc_mcu7t5v0__dffq_1)
                                                         net23 (net)
                      0.178879    0.000086    1.375369 ^ output23/I (gf180mcu_fd_sc_mcu7t5v0__dlyb_1)
     1    0.001117    0.111273    0.843134    2.218503 ^ output23/Z (gf180mcu_fd_sc_mcu7t5v0__dlyb_1)
                                                         DAT_O[1] (net)
                      0.111273    0.000008    2.218511 ^ DAT_O[1] (out)
                                              2.218511   data arrival time

                                100.000000  100.000000   clock system_clock (rise edge)
                                  0.000000  100.000000   clock network delay (propagated)
                                 -0.500000   99.499992   clock uncertainty
                                  0.000000   99.499992   clock reconvergence pessimism
                                -20.000000   79.499992   output external delay
                                             79.499992   data required time
---------------------------------------------------------------------------------------------
                                             79.499992   data required time
                                             -2.218511   data arrival time
---------------------------------------------------------------------------------------------
                                             77.281479   slack (MET)


Startpoint: _856_ (rising edge-triggered flip-flop clocked by system_clock)
Endpoint: DAT_O[0] (output port clocked by system_clock)
Path Group: system_clock
Path Type: max

Fanout         Cap        Slew       Delay        Time   Description
---------------------------------------------------------------------------------------------
                                  0.000000    0.000000   clock system_clock (rise edge)
                                  0.000000    0.000000   clock source latency
     1    0.036569    0.000000    0.000000    0.000000 ^ CLK_I (in)
                                                         CLK_I (net)
                      0.003416    0.001397    0.001397 ^ clkbuf_0_CLK_I/I (gf180mcu_fd_sc_mcu7t5v0__clkbuf_16)
     8    0.208905    0.257094    0.324176    0.325573 ^ clkbuf_0_CLK_I/Z (gf180mcu_fd_sc_mcu7t5v0__clkbuf_16)
                                                         clknet_0_CLK_I (net)
                      0.257108    0.002826    0.328399 ^ clkbuf_3_5__f_CLK_I/I (gf180mcu_fd_sc_mcu7t5v0__clkbuf_16)
    11    0.066470    0.130403    0.289224    0.617624 ^ clkbuf_3_5__f_CLK_I/Z (gf180mcu_fd_sc_mcu7t5v0__clkbuf_16)
                                                         clknet_3_5__leaf_CLK_I (net)
                      0.130403    0.000467    0.618091 ^ _856_/CLK (gf180mcu_fd_sc_mcu7t5v0__dffq_1)
     2    0.007027    0.177284    0.757352    1.375443 ^ _856_/Q (gf180mcu_fd_sc_mcu7t5v0__dffq_1)
                                                         net22 (net)
                      0.177284    0.000049    1.375491 ^ output22/I (gf180mcu_fd_sc_mcu7t5v0__dlyb_1)
     1    0.000671    0.104559    0.837637    2.213129 ^ output22/Z (gf180mcu_fd_sc_mcu7t5v0__dlyb_1)
                                                         DAT_O[0] (net)
                      0.104559    0.000004    2.213132 ^ DAT_O[0] (out)
                                              2.213132   data arrival time

                                100.000000  100.000000   clock system_clock (rise edge)
                                  0.000000  100.000000   clock network delay (propagated)
                                 -0.500000   99.499992   clock uncertainty
                                  0.000000   99.499992   clock reconvergence pessimism
                                -20.000000   79.499992   output external delay
                                             79.499992   data required time
---------------------------------------------------------------------------------------------
                                             79.499992   data required time
                                             -2.213132   data arrival time
---------------------------------------------------------------------------------------------
                                             77.286858   slack (MET)


Startpoint: i2c_sda_in (input port clocked by system_clock)
Endpoint: _900_ (rising edge-triggered flip-flop clocked by system_clock)
Path Group: system_clock
Path Type: max

Fanout         Cap        Slew       Delay        Time   Description
---------------------------------------------------------------------------------------------
                                  0.000000    0.000000   clock system_clock (rise edge)
                                  0.000000    0.000000   clock network delay (propagated)
                                 20.000000   20.000000 v input external delay
     1    0.003715    0.000000    0.000000   20.000000 v i2c_sda_in (in)
                                                         i2c_sda_in (net)
                      0.000066    0.000027   20.000027 v input12/I (gf180mcu_fd_sc_mcu7t5v0__dlyb_1)
     1    0.003741    0.192905    0.927297   20.927324 v input12/Z (gf180mcu_fd_sc_mcu7t5v0__dlyb_1)
                                                         net12 (net)
                      0.192905    0.000041   20.927366 v _900_/D (gf180mcu_fd_sc_mcu7t5v0__dffq_1)
                                             20.927366   data arrival time

                                100.000000  100.000000   clock system_clock (rise edge)
                                  0.000000  100.000000   clock source latency
     1    0.036569    0.000000    0.000000  100.000000 ^ CLK_I (in)
                                                         CLK_I (net)
                      0.003416    0.001400  100.001396 ^ clkbuf_0_CLK_I/I (gf180mcu_fd_sc_mcu7t5v0__clkbuf_16)
     8    0.208905    0.257094    0.324171  100.325569 ^ clkbuf_0_CLK_I/Z (gf180mcu_fd_sc_mcu7t5v0__clkbuf_16)
                                                         clknet_0_CLK_I (net)
                      0.257119    0.003752  100.329323 ^ clkbuf_3_0__f_CLK_I/I (gf180mcu_fd_sc_mcu7t5v0__clkbuf_16)
     9    0.058179    0.123285    0.283677  100.612999 ^ clkbuf_3_0__f_CLK_I/Z (gf180mcu_fd_sc_mcu7t5v0__clkbuf_16)
                                                         clknet_3_0__leaf_CLK_I (net)
                      0.123287    0.001044  100.614044 ^ _900_/CLK (gf180mcu_fd_sc_mcu7t5v0__dffq_1)
                                 -0.500000  100.114037   clock uncertainty
                                  0.000000  100.114037   clock reconvergence pessimism
                                 -0.249237   99.864799   library setup time
                                             99.864799   data required time
---------------------------------------------------------------------------------------------
                                             99.864799   data required time
                                            -20.927366   data arrival time
---------------------------------------------------------------------------------------------
                                             78.937431   slack (MET)


Startpoint: i2c_scl_in (input port clocked by system_clock)
Endpoint: _898_ (rising edge-triggered flip-flop clocked by system_clock)
Path Group: system_clock
Path Type: max

Fanout         Cap        Slew       Delay        Time   Description
---------------------------------------------------------------------------------------------
                                  0.000000    0.000000   clock system_clock (rise edge)
                                  0.000000    0.000000   clock network delay (propagated)
                                 20.000000   20.000000 v input external delay
     1    0.004494    0.000000    0.000000   20.000000 v i2c_scl_in (in)
                                                         i2c_scl_in (net)
                      0.000090    0.000037   20.000038 v input11/I (gf180mcu_fd_sc_mcu7t5v0__dlyb_1)
     1    0.003337    0.188530    0.922652   20.922689 v input11/Z (gf180mcu_fd_sc_mcu7t5v0__dlyb_1)
                                                         net11 (net)
                      0.188530    0.000060   20.922750 v _898_/D (gf180mcu_fd_sc_mcu7t5v0__dffq_1)
                                             20.922750   data arrival time

                                100.000000  100.000000   clock system_clock (rise edge)
                                  0.000000  100.000000   clock source latency
     1    0.036569    0.000000    0.000000  100.000000 ^ CLK_I (in)
                                                         CLK_I (net)
                      0.003416    0.001400  100.001396 ^ clkbuf_0_CLK_I/I (gf180mcu_fd_sc_mcu7t5v0__clkbuf_16)
     8    0.208905    0.257094    0.324171  100.325569 ^ clkbuf_0_CLK_I/Z (gf180mcu_fd_sc_mcu7t5v0__clkbuf_16)
                                                         clknet_0_CLK_I (net)
                      0.257120    0.003844  100.329414 ^ clkbuf_3_2__f_CLK_I/I (gf180mcu_fd_sc_mcu7t5v0__clkbuf_16)
    14    0.060173    0.124970    0.284892  100.614304 ^ clkbuf_3_2__f_CLK_I/Z (gf180mcu_fd_sc_mcu7t5v0__clkbuf_16)
                                                         clknet_3_2__leaf_CLK_I (net)
                      0.124971    0.000803  100.615105 ^ _898_/CLK (gf180mcu_fd_sc_mcu7t5v0__dffq_1)
                                 -0.500000  100.115105   clock uncertainty
                                  0.000000  100.115105   clock reconvergence pessimism
                                 -0.247479   99.867622   library setup time
                                             99.867622   data required time
---------------------------------------------------------------------------------------------
                                             99.867622   data required time
                                            -20.922750   data arrival time
---------------------------------------------------------------------------------------------
                                             78.944878   slack (MET)


Startpoint: _846_ (rising edge-triggered flip-flop clocked by system_clock)
Endpoint: _897_ (rising edge-triggered flip-flop clocked by system_clock)
Path Group: system_clock
Path Type: max

Fanout         Cap        Slew       Delay        Time   Description
---------------------------------------------------------------------------------------------
                                  0.000000    0.000000   clock system_clock (rise edge)
                                  0.000000    0.000000   clock source latency
     1    0.036569    0.000000    0.000000    0.000000 ^ CLK_I (in)
                                                         CLK_I (net)
                      0.003416    0.001397    0.001397 ^ clkbuf_0_CLK_I/I (gf180mcu_fd_sc_mcu7t5v0__clkbuf_16)
     8    0.208905    0.257094    0.324176    0.325573 ^ clkbuf_0_CLK_I/Z (gf180mcu_fd_sc_mcu7t5v0__clkbuf_16)
                                                         clknet_0_CLK_I (net)
                      0.257120    0.003840    0.329414 ^ clkbuf_3_2__f_CLK_I/I (gf180mcu_fd_sc_mcu7t5v0__clkbuf_16)
    14    0.060173    0.124970    0.284893    0.614307 ^ clkbuf_3_2__f_CLK_I/Z (gf180mcu_fd_sc_mcu7t5v0__clkbuf_16)
                                                         clknet_3_2__leaf_CLK_I (net)
                      0.124972    0.001090    0.615396 ^ _846_/CLK (gf180mcu_fd_sc_mcu7t5v0__dffq_1)
     1    0.004442    0.109935    0.650210    1.265607 v _846_/Q (gf180mcu_fd_sc_mcu7t5v0__dffq_1)
                                                         previous_state (net)
                      0.109935    0.000086    1.265693 v hold39/I (gf180mcu_fd_sc_mcu7t5v0__dlyc_1)
     2    0.010858    0.271658    1.723622    2.989316 v hold39/Z (gf180mcu_fd_sc_mcu7t5v0__dlyc_1)
                                                         net39 (net)
                      0.271658    0.000213    2.989529 v _439_/A2 (gf180mcu_fd_sc_mcu7t5v0__and2_1)
     1    0.003477    0.109470    0.300499    3.290027 v _439_/Z (gf180mcu_fd_sc_mcu7t5v0__and2_1)
                                                         _000_ (net)
                      0.109470    0.000036    3.290064 v _897_/D (gf180mcu_fd_sc_mcu7t5v0__dffq_1)
                                              3.290064   data arrival time

                                100.000000  100.000000   clock system_clock (rise edge)
                                  0.000000  100.000000   clock source latency
     1    0.036569    0.000000    0.000000  100.000000 ^ CLK_I (in)
                                                         CLK_I (net)
                      0.003416    0.001400  100.001396 ^ clkbuf_0_CLK_I/I (gf180mcu_fd_sc_mcu7t5v0__clkbuf_16)
     8    0.208905    0.257094    0.324171  100.325569 ^ clkbuf_0_CLK_I/Z (gf180mcu_fd_sc_mcu7t5v0__clkbuf_16)
                                                         clknet_0_CLK_I (net)
                      0.257120    0.003844  100.329414 ^ clkbuf_3_2__f_CLK_I/I (gf180mcu_fd_sc_mcu7t5v0__clkbuf_16)
    14    0.060173    0.124970    0.284892  100.614304 ^ clkbuf_3_2__f_CLK_I/Z (gf180mcu_fd_sc_mcu7t5v0__clkbuf_16)
                                                         clknet_3_2__leaf_CLK_I (net)
                      0.124973    0.001158  100.615463 ^ _897_/CLK (gf180mcu_fd_sc_mcu7t5v0__dffq_1)
                                 -0.500000  100.115463   clock uncertainty
                                  0.000000  100.115463   clock reconvergence pessimism
                                 -0.226968   99.888489   library setup time
                                             99.888489   data required time
---------------------------------------------------------------------------------------------
                                             99.888489   data required time
                                             -3.290064   data arrival time
---------------------------------------------------------------------------------------------
                                             96.598427   slack (MET)


Startpoint: _846_ (rising edge-triggered flip-flop clocked by system_clock)
Endpoint: _896_ (rising edge-triggered flip-flop clocked by system_clock)
Path Group: system_clock
Path Type: max

Fanout         Cap        Slew       Delay        Time   Description
---------------------------------------------------------------------------------------------
                                  0.000000    0.000000   clock system_clock (rise edge)
                                  0.000000    0.000000   clock source latency
     1    0.036569    0.000000    0.000000    0.000000 ^ CLK_I (in)
                                                         CLK_I (net)
                      0.003416    0.001397    0.001397 ^ clkbuf_0_CLK_I/I (gf180mcu_fd_sc_mcu7t5v0__clkbuf_16)
     8    0.208905    0.257094    0.324176    0.325573 ^ clkbuf_0_CLK_I/Z (gf180mcu_fd_sc_mcu7t5v0__clkbuf_16)
                                                         clknet_0_CLK_I (net)
                      0.257120    0.003840    0.329414 ^ clkbuf_3_2__f_CLK_I/I (gf180mcu_fd_sc_mcu7t5v0__clkbuf_16)
    14    0.060173    0.124970    0.284893    0.614307 ^ clkbuf_3_2__f_CLK_I/Z (gf180mcu_fd_sc_mcu7t5v0__clkbuf_16)
                                                         clknet_3_2__leaf_CLK_I (net)
                      0.124972    0.001090    0.615396 ^ _846_/CLK (gf180mcu_fd_sc_mcu7t5v0__dffq_1)
     1    0.004442    0.109935    0.650210    1.265607 v _846_/Q (gf180mcu_fd_sc_mcu7t5v0__dffq_1)
                                                         previous_state (net)
                      0.109935    0.000086    1.265693 v hold39/I (gf180mcu_fd_sc_mcu7t5v0__dlyc_1)
     2    0.010858    0.271658    1.723622    2.989316 v hold39/Z (gf180mcu_fd_sc_mcu7t5v0__dlyc_1)
                                                         net39 (net)
                      0.271658    0.000196    2.989512 v _438_/A2 (gf180mcu_fd_sc_mcu7t5v0__nor2_1)
     1    0.003562    0.251713    0.200423    3.189935 ^ _438_/ZN (gf180mcu_fd_sc_mcu7t5v0__nor2_1)
                                                         _001_ (net)
                      0.251713    0.000039    3.189974 ^ _896_/D (gf180mcu_fd_sc_mcu7t5v0__dffq_1)
                                              3.189974   data arrival time

                                100.000000  100.000000   clock system_clock (rise edge)
                                  0.000000  100.000000   clock source latency
     1    0.036569    0.000000    0.000000  100.000000 ^ CLK_I (in)
                                                         CLK_I (net)
                      0.003416    0.001400  100.001396 ^ clkbuf_0_CLK_I/I (gf180mcu_fd_sc_mcu7t5v0__clkbuf_16)
     8    0.208905    0.257094    0.324171  100.325569 ^ clkbuf_0_CLK_I/Z (gf180mcu_fd_sc_mcu7t5v0__clkbuf_16)
                                                         clknet_0_CLK_I (net)
                      0.257120    0.003844  100.329414 ^ clkbuf_3_2__f_CLK_I/I (gf180mcu_fd_sc_mcu7t5v0__clkbuf_16)
    14    0.060173    0.124970    0.284892  100.614304 ^ clkbuf_3_2__f_CLK_I/Z (gf180mcu_fd_sc_mcu7t5v0__clkbuf_16)
                                                         clknet_3_2__leaf_CLK_I (net)
                      0.124973    0.001151  100.615456 ^ _896_/CLK (gf180mcu_fd_sc_mcu7t5v0__dffq_1)
                                 -0.500000  100.115456   clock uncertainty
                                  0.000000  100.115456   clock reconvergence pessimism
                                 -0.228719   99.886734   library setup time
                                             99.886734   data required time
---------------------------------------------------------------------------------------------
                                             99.886734   data required time
                                             -3.189974   data arrival time
---------------------------------------------------------------------------------------------
                                             96.696762   slack (MET)


Startpoint: _900_ (rising edge-triggered flip-flop clocked by system_clock)
Endpoint: _901_ (rising edge-triggered flip-flop clocked by system_clock)
Path Group: system_clock
Path Type: max

Fanout         Cap        Slew       Delay        Time   Description
---------------------------------------------------------------------------------------------
                                  0.000000    0.000000   clock system_clock (rise edge)
                                  0.000000    0.000000   clock source latency
     1    0.036569    0.000000    0.000000    0.000000 ^ CLK_I (in)
                                                         CLK_I (net)
                      0.003416    0.001397    0.001397 ^ clkbuf_0_CLK_I/I (gf180mcu_fd_sc_mcu7t5v0__clkbuf_16)
     8    0.208905    0.257094    0.324176    0.325573 ^ clkbuf_0_CLK_I/Z (gf180mcu_fd_sc_mcu7t5v0__clkbuf_16)
                                                         clknet_0_CLK_I (net)
                      0.257119    0.003750    0.329323 ^ clkbuf_3_0__f_CLK_I/I (gf180mcu_fd_sc_mcu7t5v0__clkbuf_16)
     9    0.058179    0.123285    0.283678    0.613001 ^ clkbuf_3_0__f_CLK_I/Z (gf180mcu_fd_sc_mcu7t5v0__clkbuf_16)
                                                         clknet_3_0__leaf_CLK_I (net)
                      0.123287    0.001044    0.614045 ^ _900_/CLK (gf180mcu_fd_sc_mcu7t5v0__dffq_1)
     1    0.004371    0.109333    0.649312    1.263357 v _900_/Q (gf180mcu_fd_sc_mcu7t5v0__dffq_1)
                                                         sda_synchroniser_internal[0] (net)
                      0.109333    0.000084    1.263442 v hold38/I (gf180mcu_fd_sc_mcu7t5v0__dlyc_1)
     1    0.003789    0.197843    1.647304    2.910745 v hold38/Z (gf180mcu_fd_sc_mcu7t5v0__dlyc_1)
                                                         net38 (net)
                      0.197843    0.000071    2.910816 v _901_/D (gf180mcu_fd_sc_mcu7t5v0__dffq_1)
                                              2.910816   data arrival time

                                100.000000  100.000000   clock system_clock (rise edge)
                                  0.000000  100.000000   clock source latency
     1    0.036569    0.000000    0.000000  100.000000 ^ CLK_I (in)
                                                         CLK_I (net)
                      0.003416    0.001400  100.001396 ^ clkbuf_0_CLK_I/I (gf180mcu_fd_sc_mcu7t5v0__clkbuf_16)
     8    0.208905    0.257094    0.324171  100.325569 ^ clkbuf_0_CLK_I/Z (gf180mcu_fd_sc_mcu7t5v0__clkbuf_16)
                                                         clknet_0_CLK_I (net)
                      0.257119    0.003752  100.329323 ^ clkbuf_3_0__f_CLK_I/I (gf180mcu_fd_sc_mcu7t5v0__clkbuf_16)
     9    0.058179    0.123285    0.283677  100.612999 ^ clkbuf_3_0__f_CLK_I/Z (gf180mcu_fd_sc_mcu7t5v0__clkbuf_16)
                                                         clknet_3_0__leaf_CLK_I (net)
                      0.123287    0.000966  100.613960 ^ _901_/CLK (gf180mcu_fd_sc_mcu7t5v0__dffq_1)
                                 -0.500000  100.113960   clock uncertainty
                                  0.000000  100.113960   clock reconvergence pessimism
                                 -0.250803   99.863159   library setup time
                                             99.863159   data required time
---------------------------------------------------------------------------------------------
                                             99.863159   data required time
                                             -2.910816   data arrival time
---------------------------------------------------------------------------------------------
                                             96.952347   slack (MET)


Startpoint: _898_ (rising edge-triggered flip-flop clocked by system_clock)
Endpoint: _899_ (rising edge-triggered flip-flop clocked by system_clock)
Path Group: system_clock
Path Type: max

Fanout         Cap        Slew       Delay        Time   Description
---------------------------------------------------------------------------------------------
                                  0.000000    0.000000   clock system_clock (rise edge)
                                  0.000000    0.000000   clock source latency
     1    0.036569    0.000000    0.000000    0.000000 ^ CLK_I (in)
                                                         CLK_I (net)
                      0.003416    0.001397    0.001397 ^ clkbuf_0_CLK_I/I (gf180mcu_fd_sc_mcu7t5v0__clkbuf_16)
     8    0.208905    0.257094    0.324176    0.325573 ^ clkbuf_0_CLK_I/Z (gf180mcu_fd_sc_mcu7t5v0__clkbuf_16)
                                                         clknet_0_CLK_I (net)
                      0.257120    0.003840    0.329414 ^ clkbuf_3_2__f_CLK_I/I (gf180mcu_fd_sc_mcu7t5v0__clkbuf_16)
    14    0.060173    0.124970    0.284893    0.614307 ^ clkbuf_3_2__f_CLK_I/Z (gf180mcu_fd_sc_mcu7t5v0__clkbuf_16)
                                                         clknet_3_2__leaf_CLK_I (net)
                      0.124971    0.000806    0.615112 ^ _898_/CLK (gf180mcu_fd_sc_mcu7t5v0__dffq_1)
     1    0.004145    0.107403    0.647840    1.262953 v _898_/Q (gf180mcu_fd_sc_mcu7t5v0__dffq_1)
                                                         scl_synchroniser_internal[0] (net)
                      0.107403    0.000078    1.263031 v hold37/I (gf180mcu_fd_sc_mcu7t5v0__dlyc_1)
     1    0.003049    0.189770    1.638146    2.901177 v hold37/Z (gf180mcu_fd_sc_mcu7t5v0__dlyc_1)
                                                         net37 (net)
                      0.189770    0.000030    2.901207 v _899_/D (gf180mcu_fd_sc_mcu7t5v0__dffq_1)
                                              2.901207   data arrival time

                                100.000000  100.000000   clock system_clock (rise edge)
                                  0.000000  100.000000   clock source latency
     1    0.036569    0.000000    0.000000  100.000000 ^ CLK_I (in)
                                                         CLK_I (net)
                      0.003416    0.001400  100.001396 ^ clkbuf_0_CLK_I/I (gf180mcu_fd_sc_mcu7t5v0__clkbuf_16)
     8    0.208905    0.257094    0.324171  100.325569 ^ clkbuf_0_CLK_I/Z (gf180mcu_fd_sc_mcu7t5v0__clkbuf_16)
                                                         clknet_0_CLK_I (net)
                      0.257120    0.003844  100.329414 ^ clkbuf_3_2__f_CLK_I/I (gf180mcu_fd_sc_mcu7t5v0__clkbuf_16)
    14    0.060173    0.124970    0.284892  100.614304 ^ clkbuf_3_2__f_CLK_I/Z (gf180mcu_fd_sc_mcu7t5v0__clkbuf_16)
                                                         clknet_3_2__leaf_CLK_I (net)
                      0.124972    0.001073  100.615379 ^ _899_/CLK (gf180mcu_fd_sc_mcu7t5v0__dffq_1)
                                 -0.500000  100.115372   clock uncertainty
                                  0.000000  100.115372   clock reconvergence pessimism
                                 -0.247872   99.867500   library setup time
                                             99.867500   data required time
---------------------------------------------------------------------------------------------
                                             99.867500   data required time
                                             -2.901207   data arrival time
---------------------------------------------------------------------------------------------
                                             96.966293   slack (MET)



%OL_END_REPORT
%OL_CREATE_REPORT checks.rpt

===========================================================================
report_checks -unconstrained
===========================================================================
======================= min_tt_025C_5v00 Corner ===================================

Startpoint: RST_I (input port clocked by system_clock)
Endpoint: _879_ (rising edge-triggered flip-flop clocked by system_clock)
Path Group: system_clock
Path Type: max

Fanout         Cap        Slew       Delay        Time   Description
---------------------------------------------------------------------------------------------
                                  0.000000    0.000000   clock system_clock (rise edge)
                                  0.000000    0.000000   clock network delay (propagated)
                                 20.000000   20.000000 ^ input external delay
     1    0.007682    0.000000    0.000000   20.000000 ^ RST_I (in)
                                                         RST_I (net)
                      0.000227    0.000092   20.000093 ^ input10/I (gf180mcu_fd_sc_mcu7t5v0__dlyb_1)
    31    0.227300    3.684509    2.917146   22.917238 ^ input10/Z (gf180mcu_fd_sc_mcu7t5v0__dlyb_1)
                                                         net10 (net)
                      3.684667    0.013745   22.930984 ^ _430_/I (gf180mcu_fd_sc_mcu7t5v0__clkinv_1)
    16    0.124396    2.440044    1.985994   24.916977 v _430_/ZN (gf180mcu_fd_sc_mcu7t5v0__clkinv_1)
                                                         _103_ (net)
                      2.440068    0.004333   24.921310 v _491_/A1 (gf180mcu_fd_sc_mcu7t5v0__nand2_1)
     2    0.009497    0.624845    0.630745   25.552055 ^ _491_/ZN (gf180mcu_fd_sc_mcu7t5v0__nand2_1)
                                                         _155_ (net)
                      0.624845    0.000126   25.552181 ^ _502_/C (gf180mcu_fd_sc_mcu7t5v0__aoi211_1)
     5    0.035742    0.847388    0.626045   26.178226 v _502_/ZN (gf180mcu_fd_sc_mcu7t5v0__aoi211_1)
                                                         _166_ (net)
                      0.847388    0.000281   26.178507 v _505_/B (gf180mcu_fd_sc_mcu7t5v0__oai211_1)
     8    0.092220    2.861718    1.462192   27.640699 ^ _505_/ZN (gf180mcu_fd_sc_mcu7t5v0__oai211_1)
                                                         _169_ (net)
                      2.861734    0.003764   27.644463 ^ _534_/B1 (gf180mcu_fd_sc_mcu7t5v0__aoi22_1)
     1    0.004884    0.848815    0.279039   27.923502 v _534_/ZN (gf180mcu_fd_sc_mcu7t5v0__aoi22_1)
                                                         _013_ (net)
                      0.848815    0.000101   27.923603 v _879_/D (gf180mcu_fd_sc_mcu7t5v0__dffq_1)
                                             27.923603   data arrival time

                                100.000000  100.000000   clock system_clock (rise edge)
                                  0.000000  100.000000   clock source latency
     1    0.036569    0.000000    0.000000  100.000000 ^ CLK_I (in)
                                                         CLK_I (net)
                      0.003416    0.001400  100.001396 ^ clkbuf_0_CLK_I/I (gf180mcu_fd_sc_mcu7t5v0__clkbuf_16)
     8    0.208905    0.257094    0.324171  100.325569 ^ clkbuf_0_CLK_I/Z (gf180mcu_fd_sc_mcu7t5v0__clkbuf_16)
                                                         clknet_0_CLK_I (net)
                      0.257129    0.004462  100.330032 ^ clkbuf_3_6__f_CLK_I/I (gf180mcu_fd_sc_mcu7t5v0__clkbuf_16)
    13    0.063776    0.128102    0.287479  100.617508 ^ clkbuf_3_6__f_CLK_I/Z (gf180mcu_fd_sc_mcu7t5v0__clkbuf_16)
                                                         clknet_3_6__leaf_CLK_I (net)
                      0.128103    0.000469  100.617981 ^ _879_/CLK (gf180mcu_fd_sc_mcu7t5v0__dffq_1)
                                 -0.500000  100.117973   clock uncertainty
                                  0.000000  100.117973   clock reconvergence pessimism
                                 -0.480973   99.637001   library setup time
                                             99.637001   data required time
---------------------------------------------------------------------------------------------
                                             99.637001   data required time
                                            -27.923603   data arrival time
---------------------------------------------------------------------------------------------
                                             71.713394   slack (MET)




===========================================================================
report_checks --slack_max -0.01
============================================================================
======================= min_tt_025C_5v00 Corner ===================================

No paths found.


===========================================================================
 report_check_types -max_slew -max_cap -max_fanout -violators
============================================================================
======================= min_tt_025C_5v00 Corner ===================================



===========================================================================
report_parasitic_annotation -report_unannotated
============================================================================
Found 9 unannotated drivers.
 ERR_I
 RTY_I
 clkload0/ZN
 clkload1/ZN
 clkload2/ZN
 clkload3/ZN
 clkload4/ZN
 clkload5/Z
 clkload6/Z
Found 0 partially unannotated drivers.

===========================================================================
max slew violation count 0
%OL_METRIC_I design__max_slew_violation__count__corner:min_tt_025C_5v00 0
max fanout violation count 0
%OL_METRIC_I design__max_fanout_violation__count__corner:min_tt_025C_5v00 0
max cap violation count 0
%OL_METRIC_I design__max_cap_violation__count__corner:min_tt_025C_5v00 0
============================================================================

===========================================================================
check_setup -verbose -unconstrained_endpoints -multiple_clock -no_clock -no_input_delay -loops -generated_clocks
===========================================================================
%OL_END_REPORT
%OL_CREATE_REPORT power.rpt

===========================================================================
 report_power
============================================================================
======================= min_tt_025C_5v00 Corner ===================================

Group                    Internal    Switching      Leakage        Total
                            Power        Power        Power        Power (Watts)
------------------------------------------------------------------------
Sequential           4.564931e-04 3.612463e-05 3.395683e-08 4.926516e-04  43.7%
Combinational        6.755535e-05 4.639507e-05 5.822215e-08 1.140086e-04  10.1%
Clock                3.397660e-04 1.809169e-04 4.749027e-08 5.207304e-04  46.2%
Macro                0.000000e+00 0.000000e+00 0.000000e+00 0.000000e+00   0.0%
Pad                  0.000000e+00 0.000000e+00 0.000000e+00 0.000000e+00   0.0%
------------------------------------------------------------------------
Total                8.638141e-04 2.634365e-04 1.396694e-07 1.127390e-03 100.0%
                            76.6%        23.4%         0.0%
%OL_METRIC_F power__internal__total 0.0008638141443952918
%OL_METRIC_F power__switching__total 0.00026343652280047536
%OL_METRIC_F power__leakage__total 1.3966935341613862e-7
%OL_METRIC_F power__total 0.0011273904237896204

%OL_END_REPORT
%OL_CREATE_REPORT skew.min.rpt

===========================================================================
Clock Skew (Hold)
============================================================================
%OL_METRIC_F clock__skew__worst_hold__corner:min_tt_025C_5v00 -0.5089233623016434
======================= min_tt_025C_5v00 Corner ===================================

Clock system_clock
0.613049 source latency _827_/CLK ^
-0.621973 target latency _886_/CLK ^
-0.500000 clock uncertainty
0.000000 CRPR
--------------
-0.508923 hold skew

%OL_END_REPORT
%OL_CREATE_REPORT skew.max.rpt

===========================================================================
Clock Skew (Setup)
============================================================================
%OL_METRIC_F clock__skew__worst_setup__corner:min_tt_025C_5v00 0.5075793262700202
======================= min_tt_025C_5v00 Corner ===================================

Clock system_clock
0.620629 source latency _834_/CLK ^
-0.613049 target latency _827_/CLK ^
0.500000 clock uncertainty
0.000000 CRPR
--------------
0.507579 setup skew

%OL_END_REPORT
%OL_CREATE_REPORT ws.min.rpt

===========================================================================
Worst Slack (Hold)
============================================================================
%OL_METRIC_F timing__hold__ws__corner:min_tt_025C_5v00 0.5362731521752767
min_tt_025C_5v00: 0.5362731521752767
%OL_END_REPORT
%OL_CREATE_REPORT ws.max.rpt

===========================================================================
Worst Slack (Setup)
============================================================================
%OL_METRIC_F timing__setup__ws__corner:min_tt_025C_5v00 71.71339636217652
min_tt_025C_5v00: 71.71339636217652
%OL_END_REPORT
%OL_CREATE_REPORT tns.min.rpt

===========================================================================
Total Negative Slack (Hold)
============================================================================
%OL_METRIC_F timing__hold__tns__corner:min_tt_025C_5v00 0.0
min_tt_025C_5v00: 0.0
%OL_END_REPORT
%OL_CREATE_REPORT tns.max.rpt

===========================================================================
Total Negative Slack (Setup)
============================================================================
%OL_METRIC_F timing__setup__tns__corner:min_tt_025C_5v00 0.0
min_tt_025C_5v00: 0.0
%OL_END_REPORT
%OL_CREATE_REPORT wns.min.rpt

===========================================================================
Worst Negative Slack (Hold)
============================================================================
%OL_METRIC_F timing__hold__wns__corner:min_tt_025C_5v00 0
min_tt_025C_5v00: 0
%OL_END_REPORT
%OL_CREATE_REPORT wns.max.rpt

===========================================================================
Worst Negative Slack (Setup)
============================================================================
%OL_METRIC_F timing__setup__wns__corner:min_tt_025C_5v00 0.0
min_tt_025C_5v00: 0.0
%OL_END_REPORT
%OL_CREATE_REPORT violator_list.rpt

===========================================================================
Violator List
============================================================================
%OL_METRIC_I timing__hold_vio__count__corner:min_tt_025C_5v00 0
%OL_METRIC_F timing__hold_r2r__ws__corner:min_tt_025C_5v00 0.536273
%OL_METRIC_I timing__hold_r2r_vio__count__corner:min_tt_025C_5v00 0
%OL_METRIC_I timing__setup_vio__count__corner:min_tt_025C_5v00 0
%OL_METRIC_F timing__setup_r2r__ws__corner:min_tt_025C_5v00 96.598427
%OL_METRIC_I timing__setup_r2r_vio__count__corner:min_tt_025C_5v00 0
%OL_END_REPORT
%OL_CREATE_REPORT unpropagated.rpt
%OL_END_REPORT
%OL_CREATE_REPORT clock.rpt
Clock: system_clock
Sources: CLK_I 
Generated: no
Virtual: yes
Propagated: no
Period: 100.000000

===========================================================================
report_clock_properties
============================================================================
Clock                   Period          Waveform
----------------------------------------------------
system_clock        100.000000    0.000000 50.000000

===========================================================================
report_clock_latency
============================================================================
Clock system_clock
rise -> rise
    min     max
0.000000 0.000000 source latency
0.613049         network latency _827_/CLK
        0.622038 network latency _894_/CLK
---------------
0.613049 0.622038 latency
        0.008989 skew

fall -> fall
    min     max
0.000000 0.000000 source latency
0.618538         network latency _827_/CLK
        0.628280 network latency _894_/CLK
---------------
0.618538 0.628280 latency
        0.009742 skew



===========================================================================
report_clock_min_period
============================================================================
system_clock period_min = 8.35 fmax = 119.80
%OL_END_REPORT
Writing SDF files for all corners…
Removing Clock latencies before writing libs…
Writing timing models for all corners…
Writing timing models for the min_tt_025C_5v00 corner to /foss/designs/acoustic-ranger-dvl-processor/layout/digital/i2c_wb_master/runs/RUN_2026-08-31_15-54-07/55-openroad-stapostpnr/min_tt_025C_5v00/i2c_controller__min_tt_025C_5v00.lib…
