Instance,Terminal,Layer,X location,Y location,Voltage
FILLER_49_350,VSS,Metal1,203.0000,211.6800,0.000003
FILLER_49_295,VSS,Metal1,172.2000,211.6800,0.000003
FILLER_49_293,VSS,Metal1,171.3600,211.6800,0.000004
FILLER_49_274,VSS,Metal1,160.4400,211.6800,0.000004
FILLER_49_264,VSS,Metal1,155.3000,211.3310,0.000003
FILLER_49_256,VSS,Metal1,151.8130,211.2180,0.000003
FILLER_49_240,VSS,Metal1,144.9920,211.1320,0.000003
FILLER_49_206,VSS,Metal1,130.3640,211.0820,0.000003
FILLER_49_203,VSS,Metal1,120.6800,211.6800,0.000003
FILLER_49_199,VSS,Metal1,118.9000,211.3310,0.000003
FILLER_49_183,VSS,Metal1,113.0720,211.1320,0.000003
FILLER_49_178,VSS,Metal1,106.6800,211.6800,0.000003
FILLER_49_176,VSS,Metal1,105.8400,211.6800,0.000002
FILLER_49_172,VSS,Metal1,103.7800,211.3310,0.000002
FILLER_49_138,VSS,Metal1,92.2840,211.0820,0.000002
FILLER_49_104,VSS,Metal1,73.2440,211.0820,0.000002
FILLER_49_70,VSS,Metal1,54.2040,211.0820,0.000002
FILLER_49_36,VSS,Metal1,35.1640,211.0820,0.000002
FILLER_49_2,VSS,Metal1,16.1240,211.0820,0.000002
FILLER_48_346,VSS,Metal1,200.7600,203.8400,0.000020
FILLER_48_306,VSS,Metal1,178.3600,203.8400,0.000021
FILLER_48_257,VSS,Metal1,152.3730,204.3015,0.000025
FILLER_48_244,VSS,Metal1,143.6400,203.8400,0.000025
FILLER_48_240,VSS,Metal1,141.8600,204.1885,0.000025
FILLER_48_232,VSS,Metal1,138.3730,204.3015,0.000025
FILLER_48_177,VSS,Metal1,106.1200,203.8400,0.000025
FILLER_48_171,VSS,Metal1,103.2200,204.1885,0.000025
FILLER_48_163,VSS,Metal1,99.7330,204.3015,0.000025
FILLER_48_147,VSS,Metal1,92.9120,204.3880,0.000024
FILLER_48_138,VSS,Metal1,84.2800,203.8400,0.000024
FILLER_48_134,VSS,Metal1,82.5000,204.1885,0.000024
FILLER_48_126,VSS,Metal1,79.0130,204.3015,0.000024
FILLER_48_115,VSS,Metal1,71.6800,203.8400,0.000024
FILLER_48_107,VSS,Metal1,68.3730,204.3015,0.000024
FILLER_48_104,VSS,Metal1,65.2400,203.8400,0.000024
FILLER_48_96,VSS,Metal1,62.2130,204.3015,0.000023
FILLER_48_80,VSS,Metal1,55.3920,204.3880,0.000023
FILLER_48_49,VSS,Metal1,34.7200,203.8400,0.000022
FILLER_48_45,VSS,Metal1,32.6600,204.1885,0.000022
FILLER_48_37,VSS,Metal1,29.1730,204.3015,0.000022
FILLER_48_34,VSS,Metal1,26.0400,203.8400,0.000022
FILLER_48_2,VSS,Metal1,16.1240,204.4375,0.000022
FILLER_47_272,VSS,Metal1,159.6000,203.8400,0.000024
FILLER_47_236,VSS,Metal1,139.1600,203.8400,0.000025
FILLER_47_234,VSS,Metal1,138.3200,203.8400,0.000025
FILLER_47_218,VSS,Metal1,132.6720,203.2920,0.000025
FILLER_47_209,VSS,Metal1,124.0400,203.8400,0.000025
FILLER_47_197,VSS,Metal1,117.7800,203.4910,0.000025
FILLER_47_157,VSS,Metal1,94.9200,203.8400,0.000024
FILLER_47_155,VSS,Metal1,94.0800,203.8400,0.000024
FILLER_47_151,VSS,Metal1,92.0200,203.4910,0.000024
FILLER_47_133,VSS,Metal1,81.4800,203.8400,0.000024
FILLER_47_131,VSS,Metal1,80.6400,203.8400,0.000024
FILLER_47_72,VSS,Metal1,47.3200,203.8400,0.000023
FILLER_47_54,VSS,Metal1,37.2400,203.8400,0.000023
FILLER_47_52,VSS,Metal1,36.4000,203.8400,0.000022
FILLER_47_22,VSS,Metal1,19.3200,203.8400,0.000022
FILLER_47_18,VSS,Metal1,17.5400,203.4910,0.000022
FILLER_47_2,VSS,Metal1,11.7120,203.2920,0.000022
FILLER_46_303,VSS,Metal1,176.9600,196.0000,0.000035
FILLER_46_273,VSS,Metal1,159.8800,196.0000,0.000036
FILLER_46_269,VSS,Metal1,158.1000,196.3485,0.000036
FILLER_46_164,VSS,Metal1,98.8400,196.0000,0.000038
FILLER_46_162,VSS,Metal1,98.0000,196.0000,0.000038
FILLER_46_127,VSS,Metal1,78.1200,196.0000,0.000037
FILLER_46_107,VSS,Metal1,67.3800,196.3485,0.000036
FILLER_46_99,VSS,Metal1,62.7200,196.0000,0.000020
FILLER_46_87,VSS,Metal1,56.0000,196.0000,0.000019
FILLER_46_79,VSS,Metal1,51.2400,196.0000,0.000019
FILLER_46_46,VSS,Metal1,33.2200,196.3485,0.000017
FILLER_46_37,VSS,Metal1,27.7200,196.0000,0.000017
FILLER_46_25,VSS,Metal1,21.2800,196.0000,0.000016
FILLER_46_14,VSS,Metal1,14.8400,196.0000,0.000016
FILLER_46_10,VSS,Metal1,13.0600,196.3485,0.000016
FILLER_46_2,VSS,Metal1,9.5730,196.4615,0.000016
FILLER_45_311,VSS,Metal1,181.1600,196.0000,0.000035
FILLER_45_272,VSS,Metal1,159.7800,195.6510,0.000036
FILLER_45_228,VSS,Metal1,134.6800,196.0000,0.000037
FILLER_45_226,VSS,Metal1,133.8400,196.0000,0.000037
FILLER_45_194,VSS,Metal1,115.9200,196.0000,0.000037
FILLER_45_175,VSS,Metal1,105.2800,196.0000,0.000038
FILLER_45_171,VSS,Metal1,103.2200,195.6510,0.000038
FILLER_45_131,VSS,Metal1,80.6400,196.0000,0.000037
FILLER_45_122,VSS,Metal1,75.3200,196.0000,0.000037
FILLER_45_83,VSS,Metal1,53.4800,196.0000,0.000019
FILLER_45_81,VSS,Metal1,52.6400,196.0000,0.000019
FILLER_45_35,VSS,Metal1,30.1920,195.4520,0.000017
FILLER_45_2,VSS,Metal1,8.5800,195.6510,0.000016
FILLER_44_317,VSS,Metal1,184.8000,188.1600,0.000010
FILLER_44_244,VSS,Metal1,143.6400,188.1600,0.000010
FILLER_44_236,VSS,Metal1,140.6130,188.6215,0.000010
FILLER_44_220,VSS,Metal1,133.7920,188.7080,0.000010
FILLER_44_210,VSS,Metal1,124.6000,188.1600,0.000009
FILLER_44_208,VSS,Metal1,123.7600,188.1600,0.000009
FILLER_44_198,VSS,Metal1,117.8800,188.1600,0.000009
FILLER_44_188,VSS,Metal1,112.5600,188.1600,0.000009
FILLER_44_181,VSS,Metal1,108.3600,188.1600,0.000009
FILLER_44_177,VSS,Metal1,106.5800,188.5085,0.000009
FILLER_44_174,VSS,Metal1,104.4400,188.1600,0.000009
FILLER_44_158,VSS,Metal1,99.0720,188.7080,0.000009
FILLER_44_142,VSS,Metal1,86.8000,188.1600,0.000009
FILLER_44_136,VSS,Metal1,83.1600,188.1600,0.000009
FILLER_44_134,VSS,Metal1,82.3200,188.1600,0.000009
FILLER_44_126,VSS,Metal1,79.0130,188.6215,0.000009
FILLER_44_94,VSS,Metal1,59.6400,188.1600,0.000009
FILLER_44_78,VSS,Metal1,54.2720,188.7080,0.000008
FILLER_44_60,VSS,Metal1,40.6000,188.1600,0.000008
FILLER_44_58,VSS,Metal1,39.7600,188.1600,0.000008
FILLER_44_54,VSS,Metal1,37.7000,188.5085,0.000008
FILLER_44_46,VSS,Metal1,34.2130,188.6215,0.000008
FILLER_44_18,VSS,Metal1,17.5400,188.5085,0.000007
FILLER_43_319,VSS,Metal1,185.6400,188.1600,0.000010
FILLER_43_317,VSS,Metal1,184.8000,188.1600,0.000010
FILLER_43_263,VSS,Metal1,154.2800,188.1600,0.000010
FILLER_43_261,VSS,Metal1,153.4400,188.1600,0.000010
FILLER_43_253,VSS,Metal1,150.1330,187.6980,0.000010
FILLER_43_237,VSS,Metal1,140.0000,188.1600,0.000010
FILLER_43_229,VSS,Metal1,136.6930,187.6980,0.000010
FILLER_43_224,VSS,Metal1,132.4400,188.1600,0.000010
FILLER_43_214,VSS,Metal1,126.8400,188.1600,0.000010
FILLER_43_212,VSS,Metal1,126.0000,188.1600,0.000010
FILLER_43_209,VSS,Metal1,124.0400,188.1600,0.000009
FILLER_43_193,VSS,Metal1,118.6720,187.6120,0.000009
FILLER_43_161,VSS,Metal1,105.1640,187.5620,0.000009
FILLER_43_142,VSS,Metal1,86.9800,187.8110,0.000009
FILLER_43_136,VSS,Metal1,83.6200,187.8110,0.000009
FILLER_43_128,VSS,Metal1,80.1330,187.6980,0.000009
FILLER_43_84,VSS,Metal1,54.3200,188.1600,0.000008
FILLER_43_80,VSS,Metal1,52.2600,187.8110,0.000008
FILLER_43_72,VSS,Metal1,48.7730,187.6980,0.000008
FILLER_43_69,VSS,Metal1,45.6400,188.1600,0.000008
FILLER_43_67,VSS,Metal1,44.8000,188.1600,0.000008
FILLER_43_63,VSS,Metal1,42.7400,187.8110,0.000008
FILLER_43_50,VSS,Metal1,35.2800,188.1600,0.000008
FILLER_43_46,VSS,Metal1,33.2200,187.8110,0.000008
FILLER_43_19,VSS,Metal1,17.9200,188.1600,0.000007
FILLER_43_12,VSS,Metal1,13.7200,188.1600,0.000007
FILLER_43_10,VSS,Metal1,12.8800,188.1600,0.000007
FILLER_43_2,VSS,Metal1,9.5730,187.6980,0.000007
FILLER_42_303,VSS,Metal1,176.9600,180.3200,0.000015
FILLER_42_257,VSS,Metal1,150.9200,180.3200,0.000017
FILLER_42_255,VSS,Metal1,150.0800,180.3200,0.000017
FILLER_42_247,VSS,Metal1,146.7730,180.7815,0.000017
FILLER_42_244,VSS,Metal1,143.6400,180.3200,0.000017
FILLER_42_242,VSS,Metal1,142.8000,180.3200,0.000017
FILLER_42_234,VSS,Metal1,139.4930,180.7815,0.000017
FILLER_42_203,VSS,Metal1,120.9600,180.3200,0.000018
FILLER_42_195,VSS,Metal1,117.6530,180.7815,0.000018
FILLER_42_177,VSS,Metal1,106.1200,180.3200,0.000018
FILLER_42_167,VSS,Metal1,101.9730,180.7815,0.000018
FILLER_42_137,VSS,Metal1,83.7200,180.3200,0.000018
FILLER_42_135,VSS,Metal1,82.8800,180.3200,0.000018
FILLER_42_131,VSS,Metal1,80.8200,180.6685,0.000018
FILLER_42_115,VSS,Metal1,74.9920,180.8680,0.000018
FILLER_42_107,VSS,Metal1,67.3800,180.6685,0.000018
FILLER_42_104,VSS,Metal1,65.2400,180.3200,0.000018
FILLER_42_102,VSS,Metal1,64.4000,180.3200,0.000018
FILLER_42_94,VSS,Metal1,61.0930,180.7815,0.000018
FILLER_42_82,VSS,Metal1,54.3730,180.7815,0.000017
FILLER_42_66,VSS,Metal1,47.5520,180.8680,0.000017
FILLER_42_55,VSS,Metal1,37.8000,180.3200,0.000017
FILLER_42_53,VSS,Metal1,36.9600,180.3200,0.000017
FILLER_42_49,VSS,Metal1,34.9000,180.6685,0.000017
FILLER_42_33,VSS,Metal1,25.7600,180.3200,0.000016
FILLER_42_2,VSS,Metal1,8.4000,180.3200,0.000016
FILLER_41_311,VSS,Metal1,181.4400,180.3200,0.000015
FILLER_41_232,VSS,Metal1,137.2000,180.3200,0.000017
FILLER_41_208,VSS,Metal1,123.7600,180.3200,0.000018
FILLER_41_204,VSS,Metal1,121.7000,179.9710,0.000018
FILLER_41_196,VSS,Metal1,118.2130,179.8580,0.000018
FILLER_41_144,VSS,Metal1,87.6400,180.3200,0.000018
FILLER_41_142,VSS,Metal1,86.8000,180.3200,0.000018
FILLER_41_136,VSS,Metal1,83.6200,179.9710,0.000018
FILLER_41_128,VSS,Metal1,78.9600,180.3200,0.000018
FILLER_41_124,VSS,Metal1,76.9000,179.9710,0.000018
FILLER_41_116,VSS,Metal1,73.4130,179.8580,0.000018
FILLER_41_86,VSS,Metal1,55.1600,180.3200,0.000017
FILLER_41_78,VSS,Metal1,52.1330,179.8580,0.000017
FILLER_41_51,VSS,Metal1,35.5600,180.3200,0.000017
FILLER_41_47,VSS,Metal1,33.7800,179.9710,0.000016
FILLER_41_8,VSS,Metal1,11.4800,180.3200,0.000016
FILLER_41_6,VSS,Metal1,10.6400,180.3200,0.000016
FILLER_41_2,VSS,Metal1,8.5800,179.9710,0.000016
FILLER_40_347,VSS,Metal1,201.7800,172.8285,0.000015
FILLER_40_241,VSS,Metal1,142.4200,172.8285,0.000016
FILLER_40_233,VSS,Metal1,138.9330,172.9415,0.000016
FILLER_40_224,VSS,Metal1,132.4400,172.4800,0.000017
FILLER_40_222,VSS,Metal1,131.6000,172.4800,0.000017
FILLER_40_213,VSS,Metal1,126.5600,172.4800,0.000018
FILLER_40_209,VSS,Metal1,124.5000,172.8285,0.000018
FILLER_40_177,VSS,Metal1,114.1240,173.0775,0.000018
FILLER_40_133,VSS,Metal1,81.7600,172.4800,0.000017
FILLER_40_107,VSS,Metal1,66.9200,172.4800,0.000017
FILLER_40_95,VSS,Metal1,60.4800,172.4800,0.000017
FILLER_40_85,VSS,Metal1,55.0600,172.8285,0.000015
FILLER_40_49,VSS,Metal1,34.4400,172.4800,0.000014
FILLER_40_45,VSS,Metal1,32.6600,172.8285,0.000014
FILLER_40_37,VSS,Metal1,29.1730,172.9415,0.000014
FILLER_40_10,VSS,Metal1,13.0600,172.8285,0.000014
FILLER_40_2,VSS,Metal1,9.5730,172.9415,0.000014
FILLER_39_314,VSS,Metal1,183.1200,172.4800,0.000015
FILLER_39_288,VSS,Metal1,168.2800,172.4800,0.000015
FILLER_39_278,VSS,Metal1,162.9600,172.4800,0.000016
FILLER_39_248,VSS,Metal1,145.8800,172.4800,0.000016
FILLER_39_246,VSS,Metal1,145.0400,172.4800,0.000016
FILLER_39_238,VSS,Metal1,141.7330,172.0180,0.000016
FILLER_39_212,VSS,Metal1,126.0000,172.4800,0.000018
FILLER_39_200,VSS,Metal1,119.2800,172.4800,0.000018
FILLER_39_160,VSS,Metal1,96.6000,172.4800,0.000018
FILLER_39_156,VSS,Metal1,94.8200,172.1310,0.000018
FILLER_39_135,VSS,Metal1,82.6000,172.4800,0.000017
FILLER_39_133,VSS,Metal1,81.7600,172.4800,0.000017
FILLER_39_121,VSS,Metal1,75.0400,172.4800,0.000017
FILLER_39_88,VSS,Metal1,56.7400,172.1310,0.000016
FILLER_39_80,VSS,Metal1,53.2530,172.0180,0.000015
FILLER_39_54,VSS,Metal1,37.5200,172.4800,0.000015
FILLER_39_50,VSS,Metal1,35.4600,172.1310,0.000014
FILLER_39_18,VSS,Metal1,25.0840,171.8820,0.000014
FILLER_39_10,VSS,Metal1,13.0600,172.1310,0.000014
FILLER_39_2,VSS,Metal1,9.5730,172.0180,0.000014
FILLER_38_317,VSS,Metal1,184.5200,164.6400,0.000072
FILLER_38_262,VSS,Metal1,153.7200,164.6400,0.000075
FILLER_38_253,VSS,Metal1,148.6800,164.6400,0.000076
FILLER_38_251,VSS,Metal1,147.8400,164.6400,0.000076
FILLER_38_247,VSS,Metal1,145.7800,164.9885,0.000076
FILLER_38_244,VSS,Metal1,143.6400,164.6400,0.000076
FILLER_38_242,VSS,Metal1,142.8000,164.6400,0.000076
FILLER_38_238,VSS,Metal1,140.7400,164.9885,0.000076
FILLER_38_204,VSS,Metal1,121.5200,164.6400,0.000075
FILLER_38_183,VSS,Metal1,109.4800,164.6400,0.000071
FILLER_38_157,VSS,Metal1,94.9200,164.6400,0.000065
FILLER_38_153,VSS,Metal1,93.1400,164.9885,0.000065
FILLER_38_119,VSS,Metal1,73.6400,164.6400,0.000064
FILLER_38_115,VSS,Metal1,71.8600,164.9885,0.000064
FILLER_38_101,VSS,Metal1,64.0200,164.9885,0.000061
FILLER_38_86,VSS,Metal1,55.1600,164.6400,0.000061
FILLER_38_53,VSS,Metal1,37.1400,164.9885,0.000060
FILLER_38_37,VSS,Metal1,31.3120,165.1880,0.000058
FILLER_38_33,VSS,Metal1,25.7600,164.6400,0.000055
FILLER_38_29,VSS,Metal1,23.7000,164.9885,0.000055
FILLER_38_20,VSS,Metal1,18.2000,164.6400,0.000055
FILLER_38_18,VSS,Metal1,17.3600,164.6400,0.000055
FILLER_37_345,VSS,Metal1,200.6600,164.2910,0.000072
FILLER_37_310,VSS,Metal1,180.6000,164.6400,0.000072
FILLER_37_308,VSS,Metal1,179.7600,164.6400,0.000072
FILLER_37_256,VSS,Metal1,151.8130,164.1780,0.000075
FILLER_37_226,VSS,Metal1,133.5600,164.6400,0.000076
FILLER_37_191,VSS,Metal1,114.2400,164.6400,0.000072
FILLER_37_156,VSS,Metal1,94.3600,164.6400,0.000065
FILLER_37_148,VSS,Metal1,91.3330,164.1780,0.000064
FILLER_37_109,VSS,Metal1,68.3200,164.6400,0.000064
FILLER_37_105,VSS,Metal1,66.2600,164.2910,0.000064
FILLER_37_68,VSS,Metal1,45.3600,164.6400,0.000060
FILLER_37_52,VSS,Metal1,39.7120,164.0920,0.000060
FILLER_37_43,VSS,Metal1,31.0800,164.6400,0.000058
FILLER_37_41,VSS,Metal1,30.2400,164.6400,0.000058
FILLER_37_37,VSS,Metal1,28.1800,164.2910,0.000058
FILLER_36_298,VSS,Metal1,173.8800,156.8000,0.000058
FILLER_36_247,VSS,Metal1,145.6000,156.8000,0.000060
FILLER_36_243,VSS,Metal1,143.3600,156.8000,0.000063
FILLER_36_239,VSS,Metal1,141.3000,157.1485,0.000063
FILLER_36_189,VSS,Metal1,112.8400,156.8000,0.000064
FILLER_36_185,VSS,Metal1,111.0600,157.1485,0.000064
FILLER_36_164,VSS,Metal1,98.8400,156.8000,0.000064
FILLER_36_162,VSS,Metal1,98.0000,156.8000,0.000064
FILLER_36_158,VSS,Metal1,95.9400,157.1485,0.000064
FILLER_36_95,VSS,Metal1,60.4800,156.8000,0.000061
FILLER_36_2,VSS,Metal1,8.5800,157.1485,0.000050
FILLER_35_282,VSS,Metal1,165.2000,156.8000,0.000058
FILLER_35_250,VSS,Metal1,147.0000,156.8000,0.000059
FILLER_35_246,VSS,Metal1,145.2200,156.4510,0.000060
FILLER_35_238,VSS,Metal1,141.7330,156.3380,0.000063
FILLER_35_194,VSS,Metal1,115.9200,156.8000,0.000064
FILLER_35_190,VSS,Metal1,113.8600,156.4510,0.000064
FILLER_35_182,VSS,Metal1,110.3730,156.3380,0.000064
FILLER_35_160,VSS,Metal1,96.8800,156.8000,0.000064
FILLER_35_156,VSS,Metal1,94.8200,156.4510,0.000064
FILLER_35_148,VSS,Metal1,91.3330,156.3380,0.000064
FILLER_35_139,VSS,Metal1,84.8400,156.8000,0.000064
FILLER_35_137,VSS,Metal1,84.0000,156.8000,0.000064
FILLER_35_106,VSS,Metal1,66.6400,156.8000,0.000063
FILLER_35_102,VSS,Metal1,64.5800,156.4510,0.000061
FILLER_35_72,VSS,Metal1,47.3200,156.8000,0.000059
FILLER_35_68,VSS,Metal1,45.3600,156.8000,0.000057
FILLER_35_62,VSS,Metal1,42.0000,156.8000,0.000055
FILLER_35_58,VSS,Metal1,39.9400,156.4510,0.000055
FILLER_35_8,VSS,Metal1,11.4800,156.8000,0.000050
FILLER_35_6,VSS,Metal1,10.6400,156.8000,0.000050
FILLER_35_2,VSS,Metal1,8.5800,156.4510,0.000050
FILLER_34_297,VSS,Metal1,173.6000,148.9600,0.000035
FILLER_34_271,VSS,Metal1,158.7600,148.9600,0.000035
FILLER_34_267,VSS,Metal1,156.9800,149.3085,0.000035
FILLER_34_247,VSS,Metal1,148.9120,149.5080,0.000036
FILLER_34_229,VSS,Metal1,138.8320,149.5080,0.000037
FILLER_34_199,VSS,Metal1,118.4400,148.9600,0.000037
FILLER_34_195,VSS,Metal1,116.6600,149.3085,0.000037
FILLER_34_177,VSS,Metal1,106.5800,149.3085,0.000038
FILLER_34_161,VSS,Metal1,97.6200,149.3085,0.000039
FILLER_34_145,VSS,Metal1,91.7920,149.5080,0.000039
FILLER_34_109,VSS,Metal1,68.0400,148.9600,0.000040
FILLER_34_107,VSS,Metal1,67.2000,148.9600,0.000040
FILLER_34_93,VSS,Metal1,59.3600,148.9600,0.000040
FILLER_34_55,VSS,Metal1,37.8000,148.9600,0.000040
FILLER_34_51,VSS,Metal1,36.0200,149.3085,0.000040
FILLER_34_34,VSS,Metal1,26.0400,148.9600,0.000035
FILLER_34_4,VSS,Metal1,9.2400,148.9600,0.000035
FILLER_34_2,VSS,Metal1,8.4000,148.9600,0.000035
FILLER_33_332,VSS,Metal1,192.9200,148.9600,0.000034
FILLER_33_330,VSS,Metal1,192.0800,148.9600,0.000034
FILLER_33_290,VSS,Metal1,169.6800,148.9600,0.000035
FILLER_33_262,VSS,Metal1,154.1800,148.6110,0.000036
FILLER_33_255,VSS,Metal1,149.8000,148.9600,0.000036
FILLER_33_253,VSS,Metal1,148.9600,148.9600,0.000036
FILLER_33_221,VSS,Metal1,138.7640,148.3620,0.000037
FILLER_33_206,VSS,Metal1,122.8200,148.6110,0.000037
FILLER_33_72,VSS,Metal1,47.6000,148.9600,0.000040
FILLER_33_33,VSS,Metal1,25.4800,148.9600,0.000035
FILLER_33_31,VSS,Metal1,24.6400,148.9600,0.000035
FILLER_33_4,VSS,Metal1,9.2400,148.9600,0.000035
FILLER_33_2,VSS,Metal1,8.4000,148.9600,0.000035
FILLER_32_321,VSS,Metal1,186.7600,141.1200,0.000034
FILLER_32_317,VSS,Metal1,184.9800,141.4685,0.000034
FILLER_32_305,VSS,Metal1,177.8000,141.1200,0.000034
FILLER_32_243,VSS,Metal1,143.3600,141.1200,0.000037
FILLER_32_211,VSS,Metal1,133.1640,141.7175,0.000038
FILLER_32_181,VSS,Metal1,108.3600,141.1200,0.000038
FILLER_32_167,VSS,Metal1,101.9730,141.5815,0.000038
FILLER_32_138,VSS,Metal1,84.7400,141.4685,0.000039
FILLER_32_111,VSS,Metal1,69.1600,141.1200,0.000039
FILLER_32_107,VSS,Metal1,67.3800,141.4685,0.000039
FILLER_32_103,VSS,Metal1,64.9600,141.1200,0.000038
FILLER_32_89,VSS,Metal1,58.2930,141.5815,0.000038
FILLER_32_59,VSS,Metal1,40.0400,141.1200,0.000038
FILLER_32_44,VSS,Metal1,31.6400,141.1200,0.000036
FILLER_32_31,VSS,Metal1,24.8200,141.4685,0.000034
FILLER_32_24,VSS,Metal1,20.4400,141.1200,0.000034
FILLER_32_22,VSS,Metal1,19.6000,141.1200,0.000034
FILLER_32_18,VSS,Metal1,17.5400,141.4685,0.000034
FILLER_31_331,VSS,Metal1,192.6400,141.1200,0.000035
FILLER_31_299,VSS,Metal1,174.4400,141.1200,0.000035
FILLER_31_297,VSS,Metal1,173.6000,141.1200,0.000035
FILLER_31_216,VSS,Metal1,128.2400,141.1200,0.000038
FILLER_31_212,VSS,Metal1,126.1800,140.7710,0.000038
FILLER_31_209,VSS,Metal1,124.0400,141.1200,0.000038
FILLER_31_205,VSS,Metal1,122.2600,140.7710,0.000038
FILLER_31_156,VSS,Metal1,94.8200,140.7710,0.000038
FILLER_31_139,VSS,Metal1,84.8400,141.1200,0.000039
FILLER_31_137,VSS,Metal1,84.0000,141.1200,0.000039
FILLER_31_126,VSS,Metal1,77.5600,141.1200,0.000039
FILLER_31_82,VSS,Metal1,52.9200,141.1200,0.000038
FILLER_31_72,VSS,Metal1,47.6000,141.1200,0.000038
FILLER_31_51,VSS,Metal1,35.5600,141.1200,0.000037
FILLER_31_49,VSS,Metal1,34.7200,141.1200,0.000036
FILLER_31_41,VSS,Metal1,31.4130,140.6580,0.000036
FILLER_31_2,VSS,Metal1,8.5800,140.7710,0.000034
FILLER_30_273,VSS,Metal1,161.3330,133.7415,0.000023
FILLER_30_247,VSS,Metal1,145.6000,133.2800,0.000024
FILLER_30_241,VSS,Metal1,142.4200,133.6285,0.000024
FILLER_30_225,VSS,Metal1,133.0000,133.2800,0.000025
FILLER_30_223,VSS,Metal1,132.1600,133.2800,0.000025
FILLER_30_215,VSS,Metal1,128.8530,133.7415,0.000025
FILLER_30_197,VSS,Metal1,117.3200,133.2800,0.000030
FILLER_30_193,VSS,Metal1,115.5400,133.6285,0.000030
FILLER_30_177,VSS,Metal1,109.7120,133.8280,0.000034
FILLER_30_160,VSS,Metal1,96.6000,133.2800,0.000034
FILLER_30_158,VSS,Metal1,95.7600,133.2800,0.000034
FILLER_30_154,VSS,Metal1,93.7000,133.6285,0.000034
FILLER_30_123,VSS,Metal1,76.1600,133.2800,0.000034
FILLER_30_107,VSS,Metal1,70.5120,133.8280,0.000034
FILLER_30_37,VSS,Metal1,29.1730,133.7415,0.000031
FILLER_30_33,VSS,Metal1,25.7600,133.2800,0.000030
FILLER_30_29,VSS,Metal1,23.7000,133.6285,0.000030
FILLER_30_19,VSS,Metal1,17.9200,133.2800,0.000030
FILLER_30_12,VSS,Metal1,13.7200,133.2800,0.000030
FILLER_30_10,VSS,Metal1,12.8800,133.2800,0.000030
FILLER_30_2,VSS,Metal1,9.5730,133.7415,0.000030
FILLER_29_273,VSS,Metal1,159.8800,133.2800,0.000023
FILLER_29_226,VSS,Metal1,133.8400,133.2800,0.000024
FILLER_29_198,VSS,Metal1,118.3400,132.9310,0.000025
FILLER_29_192,VSS,Metal1,114.5200,133.2800,0.000034
FILLER_29_190,VSS,Metal1,113.6800,133.2800,0.000034
FILLER_29_186,VSS,Metal1,111.6200,132.9310,0.000034
FILLER_29_178,VSS,Metal1,108.1330,132.8180,0.000034
FILLER_29_168,VSS,Metal1,101.3600,133.2800,0.000034
FILLER_29_160,VSS,Metal1,98.0530,132.8180,0.000034
FILLER_29_142,VSS,Metal1,86.9800,132.9310,0.000034
FILLER_29_138,VSS,Metal1,84.5600,133.2800,0.000034
FILLER_29_130,VSS,Metal1,81.2530,132.8180,0.000034
FILLER_29_114,VSS,Metal1,71.1200,133.2800,0.000034
FILLER_29_110,VSS,Metal1,69.0600,132.9310,0.000034
FILLER_29_78,VSS,Metal1,50.6800,133.2800,0.000034
FILLER_29_76,VSS,Metal1,49.8400,133.2800,0.000033
FILLER_29_72,VSS,Metal1,47.7800,132.9310,0.000033
FILLER_29_44,VSS,Metal1,31.6400,133.2800,0.000031
FILLER_29_36,VSS,Metal1,28.6130,132.8180,0.000031
FILLER_29_10,VSS,Metal1,13.0600,132.9310,0.000030
FILLER_29_2,VSS,Metal1,9.5730,132.8180,0.000030
FILLER_28_321,VSS,Metal1,186.7600,125.4400,0.000021
FILLER_28_317,VSS,Metal1,184.9800,125.7885,0.000021
FILLER_28_304,VSS,Metal1,177.5200,125.4400,0.000023
FILLER_28_300,VSS,Metal1,175.4600,125.7885,0.000023
FILLER_28_280,VSS,Metal1,163.8000,125.4400,0.000025
FILLER_28_272,VSS,Metal1,160.7730,125.9015,0.000025
FILLER_28_181,VSS,Metal1,108.6400,125.4400,0.000026
FILLER_28_177,VSS,Metal1,106.5800,125.7885,0.000026
FILLER_28_173,VSS,Metal1,104.1600,125.4400,0.000026
FILLER_28_169,VSS,Metal1,102.1000,125.7885,0.000026
FILLER_28_161,VSS,Metal1,98.6130,125.9015,0.000026
FILLER_28_144,VSS,Metal1,87.6400,125.4400,0.000026
FILLER_28_118,VSS,Metal1,73.0800,125.4400,0.000025
FILLER_28_116,VSS,Metal1,72.2400,125.4400,0.000025
FILLER_28_107,VSS,Metal1,66.9200,125.4400,0.000025
FILLER_28_103,VSS,Metal1,64.9600,125.4400,0.000025
FILLER_28_99,VSS,Metal1,62.9000,125.7885,0.000025
FILLER_28_83,VSS,Metal1,57.0720,125.9880,0.000024
FILLER_28_52,VSS,Metal1,36.4000,125.4400,0.000024
FILLER_28_45,VSS,Metal1,32.2000,125.4400,0.000023
FILLER_28_37,VSS,Metal1,29.1730,125.9015,0.000022
FILLER_28_2,VSS,Metal1,8.5800,125.7885,0.000022
FILLER_27_310,VSS,Metal1,180.6000,125.4400,0.000021
FILLER_27_306,VSS,Metal1,178.8200,125.0910,0.000021
FILLER_27_290,VSS,Metal1,169.6800,125.4400,0.000024
FILLER_27_279,VSS,Metal1,163.2400,125.4400,0.000025
FILLER_27_277,VSS,Metal1,162.4000,125.4400,0.000025
FILLER_27_273,VSS,Metal1,160.3400,125.0910,0.000025
FILLER_27_265,VSS,Metal1,156.8530,124.9780,0.000026
FILLER_27_214,VSS,Metal1,126.8400,125.4400,0.000026
FILLER_27_212,VSS,Metal1,126.0000,125.4400,0.000026
FILLER_27_208,VSS,Metal1,123.7600,125.4400,0.000026
FILLER_27_144,VSS,Metal1,87.6400,125.4400,0.000026
FILLER_27_142,VSS,Metal1,86.8000,125.4400,0.000026
FILLER_27_136,VSS,Metal1,83.6200,125.0910,0.000025
FILLER_27_128,VSS,Metal1,80.1330,124.9780,0.000025
FILLER_27_98,VSS,Metal1,61.8800,125.4400,0.000025
FILLER_27_96,VSS,Metal1,61.0400,125.4400,0.000025
FILLER_27_80,VSS,Metal1,55.3920,124.8920,0.000024
FILLER_27_54,VSS,Metal1,37.5200,125.4400,0.000024
FILLER_27_46,VSS,Metal1,33.0400,125.4400,0.000023
FILLER_27_42,VSS,Metal1,30.9800,125.0910,0.000023
FILLER_27_6,VSS,Metal1,10.3600,125.4400,0.000022
FILLER_27_2,VSS,Metal1,8.5800,125.0910,0.000022
FILLER_26_325,VSS,Metal1,189.0000,117.6000,0.000009
FILLER_26_323,VSS,Metal1,188.1600,117.6000,0.000009
FILLER_26_303,VSS,Metal1,176.6800,117.6000,0.000009
FILLER_26_301,VSS,Metal1,175.8400,117.6000,0.000009
FILLER_26_297,VSS,Metal1,173.7800,117.9485,0.000009
FILLER_26_265,VSS,Metal1,163.4040,118.1975,0.000009
FILLER_26_244,VSS,Metal1,143.6400,117.6000,0.000010
FILLER_26_242,VSS,Metal1,142.8000,117.6000,0.000010
FILLER_26_226,VSS,Metal1,137.1520,118.1480,0.000010
FILLER_26_216,VSS,Metal1,128.2400,117.6000,0.000011
FILLER_26_212,VSS,Metal1,126.1800,117.9485,0.000012
FILLER_26_202,VSS,Metal1,120.4000,117.6000,0.000012
FILLER_26_177,VSS,Metal1,106.1200,117.6000,0.000013
FILLER_26_164,VSS,Metal1,98.8400,117.6000,0.000013
FILLER_26_162,VSS,Metal1,98.0000,117.6000,0.000013
FILLER_26_158,VSS,Metal1,95.9400,117.9485,0.000013
FILLER_26_150,VSS,Metal1,91.2800,117.6000,0.000013
FILLER_26_146,VSS,Metal1,89.2200,117.9485,0.000013
FILLER_26_89,VSS,Metal1,57.1200,117.6000,0.000013
FILLER_26_81,VSS,Metal1,52.6400,117.6000,0.000013
FILLER_26_45,VSS,Metal1,32.2000,117.6000,0.000012
FILLER_26_43,VSS,Metal1,31.3600,117.6000,0.000012
FILLER_26_6,VSS,Metal1,10.6400,117.6000,0.000012
FILLER_26_2,VSS,Metal1,8.5800,117.9485,0.000012
FILLER_25_317,VSS,Metal1,184.5200,117.6000,0.000009
FILLER_25_315,VSS,Metal1,183.6800,117.6000,0.000009
FILLER_25_308,VSS,Metal1,179.4800,117.6000,0.000009
FILLER_25_306,VSS,Metal1,178.6400,117.6000,0.000009
FILLER_25_264,VSS,Metal1,156.2930,117.1380,0.000009
FILLER_25_255,VSS,Metal1,149.8000,117.6000,0.000010
FILLER_25_253,VSS,Metal1,148.9600,117.6000,0.000010
FILLER_25_223,VSS,Metal1,131.8800,117.6000,0.000011
FILLER_25_221,VSS,Metal1,131.0400,117.6000,0.000011
FILLER_25_214,VSS,Metal1,126.8400,117.6000,0.000012
FILLER_25_212,VSS,Metal1,126.0000,117.6000,0.000012
FILLER_25_209,VSS,Metal1,124.0400,117.6000,0.000012
FILLER_25_207,VSS,Metal1,123.2000,117.6000,0.000012
FILLER_25_203,VSS,Metal1,121.1400,117.2510,0.000012
FILLER_25_195,VSS,Metal1,117.6530,117.1380,0.000012
FILLER_25_171,VSS,Metal1,102.7600,117.6000,0.000013
FILLER_25_150,VSS,Metal1,91.2800,117.6000,0.000013
FILLER_25_142,VSS,Metal1,87.9730,117.1380,0.000013
FILLER_25_136,VSS,Metal1,83.6200,117.2510,0.000013
FILLER_25_128,VSS,Metal1,80.1330,117.1380,0.000013
FILLER_25_97,VSS,Metal1,61.6000,117.6000,0.000013
FILLER_25_43,VSS,Metal1,31.3600,117.6000,0.000012
FILLER_25_10,VSS,Metal1,13.0600,117.2510,0.000012
FILLER_25_2,VSS,Metal1,9.5730,117.1380,0.000012
FILLER_24_271,VSS,Metal1,159.2200,110.1085,0.000078
FILLER_24_263,VSS,Metal1,155.7330,110.2215,0.000079
FILLER_24_247,VSS,Metal1,148.9120,110.3080,0.000080
FILLER_24_241,VSS,Metal1,142.4200,110.1085,0.000083
FILLER_24_153,VSS,Metal1,94.1330,110.2215,0.000078
FILLER_24_111,VSS,Metal1,69.1600,109.7600,0.000072
FILLER_24_107,VSS,Metal1,67.3800,110.1085,0.000072
FILLER_24_45,VSS,Metal1,32.4800,109.7600,0.000067
FILLER_24_37,VSS,Metal1,29.1730,110.2215,0.000066
FILLER_24_33,VSS,Metal1,25.7600,109.7600,0.000063
FILLER_24_29,VSS,Metal1,23.7000,110.1085,0.000063
FILLER_24_20,VSS,Metal1,18.2000,109.7600,0.000063
FILLER_24_18,VSS,Metal1,17.3600,109.7600,0.000063
FILLER_23_316,VSS,Metal1,183.9600,109.7600,0.000032
FILLER_23_290,VSS,Metal1,169.4000,109.7600,0.000034
FILLER_23_273,VSS,Metal1,159.8800,109.7600,0.000078
FILLER_23_265,VSS,Metal1,156.8530,109.2980,0.000079
FILLER_23_254,VSS,Metal1,149.2400,109.7600,0.000080
FILLER_23_252,VSS,Metal1,148.4000,109.7600,0.000080
FILLER_23_243,VSS,Metal1,143.0800,109.7600,0.000083
FILLER_23_241,VSS,Metal1,142.2400,109.7600,0.000083
FILLER_23_208,VSS,Metal1,123.7600,109.7600,0.000084
FILLER_23_200,VSS,Metal1,120.4530,109.2980,0.000084
FILLER_23_185,VSS,Metal1,111.0600,109.4110,0.000084
FILLER_23_176,VSS,Metal1,105.5600,109.7600,0.000082
FILLER_23_174,VSS,Metal1,104.7200,109.7600,0.000080
FILLER_23_165,VSS,Metal1,99.4000,109.7600,0.000078
FILLER_23_150,VSS,Metal1,91.0000,109.7600,0.000076
FILLER_23_139,VSS,Metal1,84.8400,109.7600,0.000075
FILLER_23_124,VSS,Metal1,76.4400,109.7600,0.000073
FILLER_23_84,VSS,Metal1,54.0400,109.7600,0.000072
FILLER_23_80,VSS,Metal1,52.2600,109.4110,0.000072
FILLER_23_37,VSS,Metal1,28.0000,109.7600,0.000066
FILLER_23_19,VSS,Metal1,17.9200,109.7600,0.000063
FILLER_23_8,VSS,Metal1,11.4800,109.7600,0.000063
FILLER_23_6,VSS,Metal1,10.6400,109.7600,0.000063
FILLER_23_2,VSS,Metal1,8.5800,109.4110,0.000063
FILLER_22_333,VSS,Metal1,193.7600,101.9200,0.000054
FILLER_22_314,VSS,Metal1,182.8400,101.9200,0.000053
FILLER_22_268,VSS,Metal1,157.3600,101.9200,0.000054
FILLER_22_255,VSS,Metal1,150.2600,102.2685,0.000054
FILLER_22_244,VSS,Metal1,143.6400,101.9200,0.000054
FILLER_22_242,VSS,Metal1,142.8000,101.9200,0.000054
FILLER_22_228,VSS,Metal1,134.6800,101.9200,0.000056
FILLER_22_226,VSS,Metal1,133.8400,101.9200,0.000056
FILLER_22_210,VSS,Metal1,124.8800,101.9200,0.000055
FILLER_22_194,VSS,Metal1,119.2320,102.4680,0.000054
FILLER_22_174,VSS,Metal1,104.4400,101.9200,0.000052
FILLER_22_161,VSS,Metal1,97.6200,102.2685,0.000052
FILLER_22_97,VSS,Metal1,61.6000,101.9200,0.000049
FILLER_22_45,VSS,Metal1,32.2000,101.9200,0.000044
FILLER_22_37,VSS,Metal1,29.1730,102.3815,0.000044
FILLER_22_31,VSS,Metal1,24.8200,102.2685,0.000044
FILLER_21_318,VSS,Metal1,185.3600,101.9200,0.000054
FILLER_21_242,VSS,Metal1,150.5240,101.3220,0.000054
FILLER_21_212,VSS,Metal1,126.1800,101.5710,0.000055
FILLER_21_180,VSS,Metal1,107.8000,101.9200,0.000053
FILLER_21_178,VSS,Metal1,106.9600,101.9200,0.000053
FILLER_21_148,VSS,Metal1,89.8800,101.9200,0.000052
FILLER_21_146,VSS,Metal1,89.0400,101.9200,0.000052
FILLER_21_142,VSS,Metal1,86.9800,101.5710,0.000052
FILLER_21_128,VSS,Metal1,79.1400,101.5710,0.000051
FILLER_21_72,VSS,Metal1,47.6000,101.9200,0.000048
FILLER_21_44,VSS,Metal1,31.6400,101.9200,0.000044
FILLER_21_40,VSS,Metal1,29.8600,101.5710,0.000044
FILLER_21_2,VSS,Metal1,8.1200,101.9200,0.000044
FILLER_20_349,VSS,Metal1,202.7200,94.0800,0.000058
FILLER_20_308,VSS,Metal1,179.4800,94.0800,0.000057
FILLER_20_268,VSS,Metal1,157.3600,94.0800,0.000059
FILLER_20_264,VSS,Metal1,155.3000,94.4285,0.000060
FILLER_20_256,VSS,Metal1,151.8130,94.5415,0.000061
FILLER_20_215,VSS,Metal1,127.4000,94.0800,0.000061
FILLER_20_213,VSS,Metal1,126.5600,94.0800,0.000061
FILLER_20_209,VSS,Metal1,124.5000,94.4285,0.000060
FILLER_20_187,VSS,Metal1,111.7200,94.0800,0.000059
FILLER_20_185,VSS,Metal1,110.8800,94.0800,0.000059
FILLER_20_177,VSS,Metal1,107.5730,94.5415,0.000059
FILLER_20_174,VSS,Metal1,104.4400,94.0800,0.000056
FILLER_20_172,VSS,Metal1,103.6000,94.0800,0.000056
FILLER_20_163,VSS,Metal1,98.2800,94.0800,0.000056
FILLER_20_159,VSS,Metal1,96.5000,94.4285,0.000056
FILLER_20_128,VSS,Metal1,78.9600,94.0800,0.000052
FILLER_20_120,VSS,Metal1,75.6530,94.5415,0.000052
FILLER_20_111,VSS,Metal1,69.1600,94.0800,0.000051
FILLER_20_107,VSS,Metal1,67.3800,94.4285,0.000051
FILLER_20_39,VSS,Metal1,28.8400,94.0800,0.000046
FILLER_20_37,VSS,Metal1,28.0000,94.0800,0.000046
FILLER_20_2,VSS,Metal1,8.5800,94.4285,0.000043
FILLER_19_318,VSS,Metal1,185.3600,94.0800,0.000058
FILLER_19_279,VSS,Metal1,163.2400,94.0800,0.000058
FILLER_19_275,VSS,Metal1,161.4600,93.7310,0.000058
FILLER_19_266,VSS,Metal1,156.4200,93.7310,0.000059
FILLER_19_258,VSS,Metal1,152.9330,93.6180,0.000061
FILLER_19_248,VSS,Metal1,145.8800,94.0800,0.000061
FILLER_19_180,VSS,Metal1,107.8000,94.0800,0.000059
FILLER_19_142,VSS,Metal1,94.5240,93.4820,0.000056
FILLER_19_133,VSS,Metal1,81.4800,94.0800,0.000056
FILLER_19_129,VSS,Metal1,79.7000,93.7310,0.000054
FILLER_19_121,VSS,Metal1,76.2130,93.6180,0.000052
FILLER_19_88,VSS,Metal1,56.7400,93.7310,0.000050
FILLER_19_35,VSS,Metal1,26.8800,94.0800,0.000045
FILLER_18_289,VSS,Metal1,169.1200,86.2400,0.000027
FILLER_18_285,VSS,Metal1,167.0600,86.5885,0.000027
FILLER_18_267,VSS,Metal1,156.5200,86.2400,0.000028
FILLER_18_265,VSS,Metal1,155.6800,86.2400,0.000028
FILLER_18_252,VSS,Metal1,148.5800,86.5885,0.000028
FILLER_18_241,VSS,Metal1,142.4200,86.5885,0.000030
FILLER_18_185,VSS,Metal1,111.0600,86.5885,0.000030
FILLER_18_177,VSS,Metal1,107.5730,86.7015,0.000030
FILLER_18_167,VSS,Metal1,101.9730,86.7015,0.000029
FILLER_18_151,VSS,Metal1,95.1520,86.7880,0.000029
FILLER_18_121,VSS,Metal1,74.7600,86.2400,0.000029
FILLER_18_119,VSS,Metal1,73.9200,86.2400,0.000029
FILLER_18_115,VSS,Metal1,71.8600,86.5885,0.000029
FILLER_18_107,VSS,Metal1,68.3730,86.7015,0.000028
FILLER_18_97,VSS,Metal1,61.6000,86.2400,0.000028
FILLER_18_89,VSS,Metal1,57.1200,86.2400,0.000026
FILLER_18_81,VSS,Metal1,53.8130,86.7015,0.000026
FILLER_18_39,VSS,Metal1,28.8400,86.2400,0.000025
FILLER_18_37,VSS,Metal1,28.0000,86.2400,0.000025
FILLER_18_28,VSS,Metal1,22.6800,86.2400,0.000025
FILLER_18_26,VSS,Metal1,21.8400,86.2400,0.000025
FILLER_18_2,VSS,Metal1,11.7120,86.7880,0.000025
FILLER_17_347,VSS,Metal1,201.6000,86.2400,0.000027
FILLER_17_282,VSS,Metal1,164.9200,86.2400,0.000028
FILLER_17_279,VSS,Metal1,163.2400,86.2400,0.000028
FILLER_17_214,VSS,Metal1,126.8400,86.2400,0.000030
FILLER_17_212,VSS,Metal1,126.0000,86.2400,0.000030
FILLER_17_173,VSS,Metal1,104.1600,86.2400,0.000029
FILLER_17_157,VSS,Metal1,98.5120,85.6920,0.000029
FILLER_17_150,VSS,Metal1,91.0000,86.2400,0.000029
FILLER_17_102,VSS,Metal1,64.1200,86.2400,0.000028
FILLER_17_100,VSS,Metal1,63.2800,86.2400,0.000028
FILLER_17_90,VSS,Metal1,57.6800,86.2400,0.000026
FILLER_17_86,VSS,Metal1,55.6200,85.8910,0.000026
FILLER_17_69,VSS,Metal1,45.6400,86.2400,0.000026
FILLER_17_65,VSS,Metal1,43.8600,85.8910,0.000026
FILLER_17_33,VSS,Metal1,25.4800,86.2400,0.000025
FILLER_17_29,VSS,Metal1,23.7000,85.8910,0.000025
FILLER_17_14,VSS,Metal1,14.8400,86.2400,0.000025
FILLER_17_10,VSS,Metal1,13.0600,85.8910,0.000025
FILLER_17_2,VSS,Metal1,9.5730,85.7780,0.000025
FILLER_16_334,VSS,Metal1,194.0400,78.4000,0.000023
FILLER_16_332,VSS,Metal1,193.2000,78.4000,0.000023
FILLER_16_317,VSS,Metal1,184.5200,78.4000,0.000023
FILLER_16_305,VSS,Metal1,178.2600,78.7485,0.000023
FILLER_16_294,VSS,Metal1,171.6400,78.4000,0.000024
FILLER_16_292,VSS,Metal1,170.8000,78.4000,0.000024
FILLER_16_259,VSS,Metal1,152.5000,78.7485,0.000026
FILLER_16_217,VSS,Metal1,128.9800,78.7485,0.000028
FILLER_16_201,VSS,Metal1,123.1520,78.9480,0.000028
FILLER_16_177,VSS,Metal1,106.5800,78.7485,0.000031
FILLER_16_171,VSS,Metal1,103.2200,78.7485,0.000031
FILLER_16_135,VSS,Metal1,82.6000,78.4000,0.000032
FILLER_16_109,VSS,Metal1,68.0400,78.4000,0.000032
FILLER_16_107,VSS,Metal1,67.2000,78.4000,0.000032
FILLER_16_37,VSS,Metal1,28.1800,78.7485,0.000030
FILLER_16_33,VSS,Metal1,25.7600,78.4000,0.000028
FILLER_16_6,VSS,Metal1,10.6400,78.4000,0.000028
FILLER_16_2,VSS,Metal1,8.5800,78.7485,0.000028
FILLER_15_313,VSS,Metal1,182.2800,78.4000,0.000023
FILLER_15_311,VSS,Metal1,181.4400,78.4000,0.000023
FILLER_15_304,VSS,Metal1,177.2400,78.4000,0.000024
FILLER_15_302,VSS,Metal1,176.4000,78.4000,0.000024
FILLER_15_298,VSS,Metal1,174.3400,78.0510,0.000024
FILLER_15_282,VSS,Metal1,168.5120,77.8520,0.000024
FILLER_15_266,VSS,Metal1,156.2400,78.4000,0.000025
FILLER_15_262,VSS,Metal1,154.1800,78.0510,0.000025
FILLER_15_230,VSS,Metal1,143.8040,77.8020,0.000026
FILLER_15_220,VSS,Metal1,130.6600,78.0510,0.000027
FILLER_15_212,VSS,Metal1,127.1730,77.9380,0.000028
FILLER_15_209,VSS,Metal1,124.0400,78.4000,0.000028
FILLER_15_207,VSS,Metal1,123.2000,78.4000,0.000028
FILLER_15_203,VSS,Metal1,121.1400,78.0510,0.000028
FILLER_15_167,VSS,Metal1,100.5200,78.4000,0.000032
FILLER_15_165,VSS,Metal1,99.6800,78.4000,0.000032
FILLER_15_161,VSS,Metal1,97.6200,78.0510,0.000032
FILLER_15_152,VSS,Metal1,92.1200,78.4000,0.000032
FILLER_15_150,VSS,Metal1,91.2800,78.4000,0.000032
FILLER_15_119,VSS,Metal1,73.6400,78.4000,0.000032
FILLER_15_88,VSS,Metal1,56.5600,78.4000,0.000032
FILLER_15_40,VSS,Metal1,29.4000,78.4000,0.000030
FILLER_15_36,VSS,Metal1,27.6200,78.0510,0.000030
FILLER_15_6,VSS,Metal1,10.3600,78.4000,0.000028
FILLER_15_2,VSS,Metal1,8.5800,78.0510,0.000028
FILLER_14_323,VSS,Metal1,188.3400,70.9085,0.000048
FILLER_14_306,VSS,Metal1,178.8200,70.9085,0.000048
FILLER_14_298,VSS,Metal1,175.3330,71.0215,0.000055
FILLER_14_282,VSS,Metal1,168.5120,71.1080,0.000058
FILLER_14_267,VSS,Metal1,156.5200,70.5600,0.000070
FILLER_14_259,VSS,Metal1,153.4930,71.0215,0.000070
FILLER_14_237,VSS,Metal1,141.1730,71.0215,0.000071
FILLER_14_214,VSS,Metal1,127.1200,70.5600,0.000072
FILLER_14_206,VSS,Metal1,123.8130,71.0215,0.000085
FILLER_14_174,VSS,Metal1,104.4400,70.5600,0.000093
FILLER_14_158,VSS,Metal1,99.0720,71.1080,0.000093
FILLER_14_122,VSS,Metal1,75.7800,70.9085,0.000093
FILLER_14_107,VSS,Metal1,66.9200,70.5600,0.000092
FILLER_14_83,VSS,Metal1,53.9400,70.9085,0.000082
FILLER_14_39,VSS,Metal1,28.8400,70.5600,0.000081
FILLER_14_37,VSS,Metal1,28.0000,70.5600,0.000077
FILLER_14_2,VSS,Metal1,8.5800,70.9085,0.000076
FILLER_13_319,VSS,Metal1,185.9200,70.5600,0.000048
FILLER_13_302,VSS,Metal1,176.1200,70.5600,0.000055
FILLER_13_300,VSS,Metal1,175.2800,70.5600,0.000055
FILLER_13_296,VSS,Metal1,173.2200,70.2110,0.000056
FILLER_13_288,VSS,Metal1,169.7330,70.0980,0.000058
FILLER_13_279,VSS,Metal1,163.2400,70.5600,0.000068
FILLER_13_270,VSS,Metal1,158.2000,70.5600,0.000069
FILLER_13_206,VSS,Metal1,122.8200,70.2110,0.000085
FILLER_13_198,VSS,Metal1,119.3330,70.0980,0.000088
FILLER_13_182,VSS,Metal1,112.5120,70.0120,0.000088
FILLER_13_173,VSS,Metal1,103.8800,70.5600,0.000093
FILLER_13_171,VSS,Metal1,103.0400,70.5600,0.000093
FILLER_13_167,VSS,Metal1,100.9800,70.2110,0.000093
FILLER_13_106,VSS,Metal1,66.6400,70.5600,0.000092
FILLER_13_98,VSS,Metal1,63.3330,70.0980,0.000090
FILLER_13_88,VSS,Metal1,56.7400,70.2110,0.000083
FILLER_13_80,VSS,Metal1,53.2530,70.0980,0.000082
FILLER_13_8,VSS,Metal1,11.4800,70.5600,0.000076
FILLER_13_6,VSS,Metal1,10.6400,70.5600,0.000076
FILLER_13_2,VSS,Metal1,8.5800,70.2110,0.000076
FILLER_12_317,VSS,Metal1,184.8000,62.7200,0.000022
FILLER_12_314,VSS,Metal1,182.8400,62.7200,0.000022
FILLER_12_312,VSS,Metal1,182.0000,62.7200,0.000022
FILLER_12_295,VSS,Metal1,172.6600,63.0685,0.000022
FILLER_12_265,VSS,Metal1,155.4000,62.7200,0.000023
FILLER_12_263,VSS,Metal1,154.5600,62.7200,0.000023
FILLER_12_255,VSS,Metal1,151.2530,63.1815,0.000023
FILLER_12_243,VSS,Metal1,143.3600,62.7200,0.000025
FILLER_12_239,VSS,Metal1,141.3000,63.0685,0.000025
FILLER_12_206,VSS,Metal1,122.8200,63.0685,0.000026
FILLER_12_190,VSS,Metal1,116.9920,63.2680,0.000026
FILLER_12_181,VSS,Metal1,108.3600,62.7200,0.000028
FILLER_12_167,VSS,Metal1,101.9730,63.1815,0.000028
FILLER_12_117,VSS,Metal1,72.5200,62.7200,0.000029
FILLER_12_115,VSS,Metal1,71.6800,62.7200,0.000029
FILLER_12_107,VSS,Metal1,68.3730,63.1815,0.000029
FILLER_12_43,VSS,Metal1,31.0800,62.7200,0.000028
FILLER_12_34,VSS,Metal1,26.0400,62.7200,0.000028
FILLER_11_323,VSS,Metal1,188.3400,62.3710,0.000022
FILLER_11_288,VSS,Metal1,168.2800,62.7200,0.000023
FILLER_11_286,VSS,Metal1,167.4400,62.7200,0.000023
FILLER_11_282,VSS,Metal1,165.3800,62.3710,0.000023
FILLER_11_279,VSS,Metal1,163.2400,62.7200,0.000023
FILLER_11_277,VSS,Metal1,162.4000,62.7200,0.000023
FILLER_11_269,VSS,Metal1,159.0930,62.2580,0.000023
FILLER_11_253,VSS,Metal1,152.2720,62.1720,0.000023
FILLER_11_243,VSS,Metal1,143.0800,62.7200,0.000025
FILLER_11_227,VSS,Metal1,137.7120,62.1720,0.000025
FILLER_11_218,VSS,Metal1,129.0800,62.7200,0.000025
FILLER_11_216,VSS,Metal1,128.2400,62.7200,0.000025
FILLER_11_212,VSS,Metal1,126.1800,62.3710,0.000025
FILLER_11_206,VSS,Metal1,122.8200,62.3710,0.000026
FILLER_11_190,VSS,Metal1,116.9920,62.1720,0.000026
FILLER_11_153,VSS,Metal1,93.1400,62.3710,0.000028
FILLER_11_120,VSS,Metal1,74.4800,62.7200,0.000029
FILLER_11_116,VSS,Metal1,72.4200,62.3710,0.000029
FILLER_11_72,VSS,Metal1,47.3200,62.7200,0.000029
FILLER_11_29,VSS,Metal1,23.7000,62.3710,0.000028
FILLER_11_14,VSS,Metal1,14.8400,62.7200,0.000028
FILLER_11_10,VSS,Metal1,13.0600,62.3710,0.000028
FILLER_11_2,VSS,Metal1,9.5730,62.2580,0.000028
FILLER_10_285,VSS,Metal1,166.6000,54.8800,0.000024
FILLER_10_277,VSS,Metal1,163.5730,55.3415,0.000024
FILLER_10_263,VSS,Metal1,154.5600,54.8800,0.000025
FILLER_10_259,VSS,Metal1,152.5000,55.2285,0.000025
FILLER_10_244,VSS,Metal1,143.6400,54.8800,0.000026
FILLER_10_236,VSS,Metal1,140.6130,55.3415,0.000026
FILLER_10_208,VSS,Metal1,127.0720,55.4280,0.000027
FILLER_10_177,VSS,Metal1,106.4000,54.8800,0.000028
FILLER_10_161,VSS,Metal1,97.6200,55.2285,0.000029
FILLER_10_117,VSS,Metal1,72.5200,54.8800,0.000029
FILLER_10_115,VSS,Metal1,71.6800,54.8800,0.000029
FILLER_10_104,VSS,Metal1,65.2400,54.8800,0.000029
FILLER_10_100,VSS,Metal1,63.4600,55.2285,0.000029
FILLER_10_69,VSS,Metal1,45.9200,54.8800,0.000027
FILLER_10_55,VSS,Metal1,38.0800,54.8800,0.000027
FILLER_10_47,VSS,Metal1,33.3200,54.8800,0.000027
FILLER_10_45,VSS,Metal1,32.4800,54.8800,0.000027
FILLER_10_34,VSS,Metal1,26.0400,54.8800,0.000027
FILLER_10_30,VSS,Metal1,24.2600,55.2285,0.000027
FILLER_10_10,VSS,Metal1,13.0600,55.2285,0.000027
FILLER_10_2,VSS,Metal1,9.5730,55.3415,0.000027
FILLER_9_318,VSS,Metal1,185.3600,54.8800,0.000024
FILLER_9_314,VSS,Metal1,183.3000,54.5310,0.000024
FILLER_9_288,VSS,Metal1,168.2800,54.8800,0.000024
FILLER_9_279,VSS,Metal1,163.2400,54.8800,0.000024
FILLER_9_238,VSS,Metal1,140.5600,54.8800,0.000026
FILLER_9_222,VSS,Metal1,131.7800,54.5310,0.000027
FILLER_9_212,VSS,Metal1,126.0000,54.8800,0.000027
FILLER_9_206,VSS,Metal1,122.8200,54.5310,0.000027
FILLER_9_142,VSS,Metal1,86.8000,54.8800,0.000029
FILLER_9_77,VSS,Metal1,50.4000,54.8800,0.000029
FILLER_9_2,VSS,Metal1,8.4000,54.8800,0.000027
FILLER_8_333,VSS,Metal1,193.7600,47.0400,0.000031
FILLER_8_317,VSS,Metal1,188.1120,47.5880,0.000031
FILLER_8_307,VSS,Metal1,180.3730,47.5015,0.000031
FILLER_8_244,VSS,Metal1,143.6400,47.0400,0.000034
FILLER_8_227,VSS,Metal1,134.1200,47.0400,0.000034
FILLER_8_225,VSS,Metal1,133.2800,47.0400,0.000034
FILLER_8_214,VSS,Metal1,126.8400,47.0400,0.000034
FILLER_8_210,VSS,Metal1,125.0600,47.3885,0.000033
FILLER_8_194,VSS,Metal1,119.2320,47.5880,0.000033
FILLER_8_158,VSS,Metal1,95.4800,47.0400,0.000032
FILLER_8_156,VSS,Metal1,94.6400,47.0400,0.000031
FILLER_8_152,VSS,Metal1,92.5800,47.3885,0.000031
FILLER_8_107,VSS,Metal1,70.5120,47.5880,0.000031
FILLER_8_50,VSS,Metal1,35.0000,47.0400,0.000028
FILLER_8_46,VSS,Metal1,33.2200,47.3885,0.000028
FILLER_8_34,VSS,Metal1,26.0400,47.0400,0.000026
FILLER_8_4,VSS,Metal1,9.2400,47.0400,0.000027
FILLER_8_2,VSS,Metal1,8.4000,47.0400,0.000027
FILLER_7_319,VSS,Metal1,185.9200,47.0400,0.000031
FILLER_7_282,VSS,Metal1,164.9200,47.0400,0.000034
FILLER_7_209,VSS,Metal1,124.0400,47.0400,0.000033
FILLER_7_201,VSS,Metal1,121.0130,46.5780,0.000033
FILLER_7_185,VSS,Metal1,114.1920,46.4920,0.000033
FILLER_7_170,VSS,Metal1,102.6600,46.6910,0.000032
FILLER_7_158,VSS,Metal1,96.9330,46.5780,0.000032
FILLER_7_142,VSS,Metal1,90.1120,46.4920,0.000031
FILLER_7_136,VSS,Metal1,83.6200,46.6910,0.000031
FILLER_7_104,VSS,Metal1,73.2440,46.4420,0.000031
FILLER_7_88,VSS,Metal1,56.5600,47.0400,0.000030
FILLER_7_72,VSS,Metal1,50.9120,46.4920,0.000030
FILLER_7_69,VSS,Metal1,45.6400,47.0400,0.000030
FILLER_7_65,VSS,Metal1,43.8600,46.6910,0.000030
FILLER_7_52,VSS,Metal1,36.1200,47.0400,0.000030
FILLER_7_50,VSS,Metal1,35.2800,47.0400,0.000028
FILLER_7_42,VSS,Metal1,31.9730,46.5780,0.000028
FILLER_7_32,VSS,Metal1,25.3800,46.6910,0.000026
FILLER_7_2,VSS,Metal1,8.1200,47.0400,0.000027
FILLER_6_319,VSS,Metal1,185.6400,39.2000,0.000079
FILLER_6_317,VSS,Metal1,184.8000,39.2000,0.000079
FILLER_6_284,VSS,Metal1,166.0400,39.2000,0.000082
FILLER_6_261,VSS,Metal1,153.1600,39.2000,0.000085
FILLER_6_257,VSS,Metal1,151.3800,39.5485,0.000085
FILLER_6_193,VSS,Metal1,115.3600,39.2000,0.000085
FILLER_6_185,VSS,Metal1,112.0530,39.6615,0.000085
FILLER_6_147,VSS,Metal1,90.7730,39.6615,0.000082
FILLER_6_107,VSS,Metal1,67.2000,39.2000,0.000077
FILLER_6_104,VSS,Metal1,65.2400,39.2000,0.000077
FILLER_6_96,VSS,Metal1,62.2130,39.6615,0.000077
FILLER_6_80,VSS,Metal1,55.3920,39.7480,0.000075
FILLER_6_69,VSS,Metal1,46.1000,39.5485,0.000068
FILLER_6_37,VSS,Metal1,35.7240,39.7975,0.000056
FILLER_6_34,VSS,Metal1,26.0400,39.2000,0.000050
FILLER_6_26,VSS,Metal1,23.0130,39.6615,0.000050
FILLER_5_348,VSS,Metal1,201.8800,39.2000,0.000079
FILLER_5_346,VSS,Metal1,201.0400,39.2000,0.000079
FILLER_5_323,VSS,Metal1,187.8800,39.2000,0.000079
FILLER_5_290,VSS,Metal1,169.8600,38.8510,0.000082
FILLER_5_282,VSS,Metal1,165.2000,39.2000,0.000084
FILLER_5_229,VSS,Metal1,135.2400,39.2000,0.000085
FILLER_5_225,VSS,Metal1,133.4600,38.8510,0.000085
FILLER_5_214,VSS,Metal1,126.8400,39.2000,0.000085
FILLER_5_212,VSS,Metal1,126.0000,39.2000,0.000085
FILLER_5_201,VSS,Metal1,119.5600,39.2000,0.000085
FILLER_5_150,VSS,Metal1,91.0000,39.2000,0.000082
FILLER_5_142,VSS,Metal1,87.9730,38.7380,0.000081
FILLER_5_135,VSS,Metal1,82.6000,39.2000,0.000081
FILLER_5_91,VSS,Metal1,57.9600,39.2000,0.000075
FILLER_5_87,VSS,Metal1,56.1800,38.8510,0.000075
FILLER_5_60,VSS,Metal1,40.6000,39.2000,0.000056
FILLER_5_56,VSS,Metal1,38.8200,38.8510,0.000056
FILLER_5_35,VSS,Metal1,26.6000,39.2000,0.000050
FILLER_5_31,VSS,Metal1,24.8200,38.8510,0.000050
FILLER_5_23,VSS,Metal1,21.3330,38.7380,0.000050
FILLER_5_16,VSS,Metal1,15.9600,39.2000,0.000050
FILLER_5_14,VSS,Metal1,15.1200,39.2000,0.000050
FILLER_5_10,VSS,Metal1,13.0600,38.8510,0.000050
FILLER_5_2,VSS,Metal1,9.5730,38.7380,0.000050
FILLER_4_255,VSS,Metal1,150.2600,31.7085,0.000065
FILLER_4_244,VSS,Metal1,143.6400,31.3600,0.000065
FILLER_4_198,VSS,Metal1,117.8800,31.3600,0.000067
FILLER_4_190,VSS,Metal1,114.8530,31.8215,0.000067
FILLER_4_177,VSS,Metal1,106.4000,31.3600,0.000067
FILLER_4_171,VSS,Metal1,103.2200,31.7085,0.000067
FILLER_4_140,VSS,Metal1,85.6800,31.3600,0.000066
FILLER_4_136,VSS,Metal1,83.6200,31.7085,0.000065
FILLER_4_107,VSS,Metal1,66.9200,31.3600,0.000062
FILLER_4_103,VSS,Metal1,64.9600,31.3600,0.000062
FILLER_4_99,VSS,Metal1,62.9000,31.7085,0.000060
FILLER_4_63,VSS,Metal1,42.2800,31.3600,0.000059
FILLER_4_61,VSS,Metal1,41.4400,31.3600,0.000059
FILLER_4_37,VSS,Metal1,28.1800,31.7085,0.000052
FILLER_4_31,VSS,Metal1,24.8200,31.7085,0.000050
FILLER_3_331,VSS,Metal1,192.6400,31.3600,0.000062
FILLER_3_282,VSS,Metal1,165.3800,31.0110,0.000062
FILLER_3_260,VSS,Metal1,152.6000,31.3600,0.000065
FILLER_3_258,VSS,Metal1,151.7600,31.3600,0.000065
FILLER_3_228,VSS,Metal1,134.6800,31.3600,0.000066
FILLER_3_226,VSS,Metal1,133.8400,31.3600,0.000066
FILLER_3_222,VSS,Metal1,131.7800,31.0110,0.000067
FILLER_3_206,VSS,Metal1,122.8200,31.0110,0.000067
FILLER_3_196,VSS,Metal1,117.0400,31.3600,0.000067
FILLER_3_101,VSS,Metal1,63.5600,31.3600,0.000060
FILLER_3_22,VSS,Metal1,19.3200,31.3600,0.000052
FILLER_3_18,VSS,Metal1,17.5400,31.0110,0.000052
FILLER_3_2,VSS,Metal1,11.7120,30.8120,0.000052
FILLER_2_350,VSS,Metal1,203.0000,23.5200,0.000035
FILLER_2_313,VSS,Metal1,182.5600,23.5200,0.000034
FILLER_2_247,VSS,Metal1,146.7730,23.9815,0.000037
FILLER_2_231,VSS,Metal1,136.8200,23.8685,0.000039
FILLER_2_222,VSS,Metal1,131.3200,23.5200,0.000039
FILLER_2_220,VSS,Metal1,130.4800,23.5200,0.000039
FILLER_2_189,VSS,Metal1,113.1200,23.5200,0.000039
FILLER_2_185,VSS,Metal1,111.0600,23.8685,0.000039
FILLER_2_144,VSS,Metal1,87.9200,23.5200,0.000039
FILLER_2_136,VSS,Metal1,84.6130,23.9815,0.000036
FILLER_2_93,VSS,Metal1,59.5400,23.8685,0.000032
FILLER_2_37,VSS,Metal1,28.0000,23.5200,0.000025
FILLER_2_34,VSS,Metal1,26.0400,23.5200,0.000025
FILLER_2_2,VSS,Metal1,16.1240,24.1175,0.000025
FILLER_1_348,VSS,Metal1,201.8800,23.5200,0.000035
FILLER_1_346,VSS,Metal1,201.0400,23.5200,0.000035
FILLER_1_313,VSS,Metal1,182.7400,23.1710,0.000034
FILLER_1_294,VSS,Metal1,171.6400,23.5200,0.000034
FILLER_1_290,VSS,Metal1,169.8600,23.1710,0.000034
FILLER_1_249,VSS,Metal1,146.7200,23.5200,0.000037
FILLER_1_245,VSS,Metal1,144.6600,23.1710,0.000037
FILLER_1_212,VSS,Metal1,126.1800,23.1710,0.000039
FILLER_1_209,VSS,Metal1,124.0400,23.5200,0.000039
FILLER_1_200,VSS,Metal1,119.0000,23.5200,0.000039
FILLER_1_192,VSS,Metal1,115.9730,23.0580,0.000039
FILLER_1_154,VSS,Metal1,93.2400,23.5200,0.000039
FILLER_1_150,VSS,Metal1,91.4600,23.1710,0.000039
FILLER_1_142,VSS,Metal1,87.9730,23.0580,0.000039
FILLER_1_138,VSS,Metal1,84.5600,23.5200,0.000036
FILLER_1_134,VSS,Metal1,82.5000,23.1710,0.000036
FILLER_1_96,VSS,Metal1,60.7600,23.5200,0.000032
FILLER_1_94,VSS,Metal1,59.9200,23.5200,0.000032
FILLER_1_90,VSS,Metal1,57.8600,23.1710,0.000032
FILLER_1_82,VSS,Metal1,54.3730,23.0580,0.000031
FILLER_1_64,VSS,Metal1,42.8400,23.5200,0.000029
FILLER_1_18,VSS,Metal1,17.3600,23.5200,0.000025
FILLER_1_2,VSS,Metal1,11.7120,22.9720,0.000025
FILLER_0_350,VSS,Metal1,203.0000,15.6800,0.000004
FILLER_0_288,VSS,Metal1,168.5600,15.6800,0.000004
FILLER_0_271,VSS,Metal1,158.7600,15.6800,0.000004
FILLER_0_269,VSS,Metal1,157.9200,15.6800,0.000004
FILLER_0_252,VSS,Metal1,148.1200,15.6800,0.000005
FILLER_0_248,VSS,Metal1,146.3400,16.0285,0.000005
FILLER_0_240,VSS,Metal1,142.8530,16.1415,0.000005
FILLER_0_206,VSS,Metal1,130.3640,16.2775,0.000005
FILLER_0_203,VSS,Metal1,120.6800,15.6800,0.000005
FILLER_0_201,VSS,Metal1,119.8400,15.6800,0.000005
FILLER_0_197,VSS,Metal1,117.7800,16.0285,0.000005
FILLER_0_189,VSS,Metal1,114.2930,16.1415,0.000006
FILLER_0_180,VSS,Metal1,107.8000,15.6800,0.000006
FILLER_0_140,VSS,Metal1,85.4000,15.6800,0.000006
FILLER_0_138,VSS,Metal1,84.5600,15.6800,0.000006
FILLER_0_132,VSS,Metal1,81.3800,16.0285,0.000006
FILLER_0_124,VSS,Metal1,77.8930,16.1415,0.000005
FILLER_0_110,VSS,Metal1,68.6000,15.6800,0.000005
FILLER_0_108,VSS,Metal1,67.7600,15.6800,0.000005
FILLER_0_104,VSS,Metal1,65.7000,16.0285,0.000005
FILLER_0_70,VSS,Metal1,54.2040,16.2775,0.000005
FILLER_0_67,VSS,Metal1,44.5200,15.6800,0.000005
FILLER_0_65,VSS,Metal1,43.6800,15.6800,0.000004
FILLER_0_61,VSS,Metal1,41.6200,16.0285,0.000004
FILLER_0_36,VSS,Metal1,27.6200,16.0285,0.000003
FILLER_0_2,VSS,Metal1,16.1240,16.2775,0.000003
hold103,VSS,Metal1,42.3375,47.3975,0.000030
hold102,VSS,Metal1,101.6975,62.3625,0.000028
hold101,VSS,Metal1,58.5775,164.2825,0.000061
hold100,VSS,Metal1,103.9375,179.9625,0.000018
hold99,VSS,Metal1,89.9375,102.2775,0.000052
hold98,VSS,Metal1,52.9775,157.1575,0.000060
hold97,VSS,Metal1,49.6175,31.7175,0.000059
hold96,VSS,Metal1,75.3775,78.7575,0.000032
hold95,VSS,Metal1,175.6175,54.5225,0.000024
hold94,VSS,Metal1,156.5775,140.7625,0.000036
hold93,VSS,Metal1,176.1775,110.1175,0.000032
hold92,VSS,Metal1,38.9775,62.3625,0.000029
hold91,VSS,Metal1,38.8625,93.7225,0.000047
hold90,VSS,Metal1,36.1775,85.8825,0.000026
hold89,VSS,Metal1,75.3775,149.3175,0.000039
hold88,VSS,Metal1,38.8625,132.9225,0.000033
hold87,VSS,Metal1,58.0175,132.9225,0.000034
hold86,VSS,Metal1,80.4175,125.7975,0.000025
hold85,VSS,Metal1,181.7775,140.7625,0.000034
hold84,VSS,Metal1,81.5375,117.9575,0.000013
hold83,VSS,Metal1,93.2975,70.2025,0.000093
hold82,VSS,Metal1,74.2575,172.8375,0.000017
hold81,VSS,Metal1,176.7375,109.4025,0.000032
hold80,VSS,Metal1,56.7825,62.3625,0.000029
hold79,VSS,Metal1,152.0975,125.7975,0.000026
hold78,VSS,Metal1,38.8625,101.5625,0.000047
hold77,VSS,Metal1,55.2175,101.5625,0.000049
hold76,VSS,Metal1,60.2575,140.7625,0.000038
hold75,VSS,Metal1,32.2575,156.4425,0.000055
hold74,VSS,Metal1,85.4575,110.1175,0.000075
hold73,VSS,Metal1,69.2175,109.4025,0.000072
hold72,VSS,Metal1,35.5025,23.8775,0.000026
hold71,VSS,Metal1,65.2975,38.8425,0.000077
hold70,VSS,Metal1,196.3375,180.6775,0.000015
hold69,VSS,Metal1,54.0975,117.2425,0.000013
hold68,VSS,Metal1,38.8625,109.4025,0.000071
hold67,VSS,Metal1,46.2575,102.2775,0.000048
hold66,VSS,Metal1,38.8625,117.2425,0.000013
hold65,VSS,Metal1,196.3375,117.9575,0.000009
hold64,VSS,Metal1,82.0975,39.5575,0.000081
hold63,VSS,Metal1,195.2175,117.2425,0.000009
hold62,VSS,Metal1,195.2175,172.1225,0.000015
hold61,VSS,Metal1,196.3375,133.6375,0.000022
hold60,VSS,Metal1,192.9775,164.2825,0.000072
hold59,VSS,Metal1,196.3375,164.9975,0.000072
hold58,VSS,Metal1,195.2175,179.9625,0.000015
hold57,VSS,Metal1,113.4575,204.1975,0.000025
hold56,VSS,Metal1,171.6975,203.4825,0.000021
hold55,VSS,Metal1,88.2575,157.1575,0.000064
hold54,VSS,Metal1,169.4575,180.6775,0.000015
hold53,VSS,Metal1,171.1375,204.1975,0.000021
hold52,VSS,Metal1,94.9775,172.8375,0.000018
hold51,VSS,Metal1,175.5025,172.1225,0.000015
hold50,VSS,Metal1,115.1375,148.6025,0.000037
hold49,VSS,Metal1,93.1825,141.4775,0.000038
hold48,VSS,Metal1,166.0975,149.3175,0.000035
hold47,VSS,Metal1,171.6975,187.8025,0.000010
hold46,VSS,Metal1,194.0975,172.8375,0.000015
clkload14,VSS,Metal1,181.3065,31.8065,0.000062
clkbuf_1_1__f_signal_input_regs,VSS,Metal1,166.7335,31.9580,0.000062
clkbuf_1_0__f_signal_input_regs,VSS,Metal1,128.9460,39.7980,0.000085
clkbuf_0_signal_input_regs,VSS,Metal1,148.5460,38.6015,0.000085
clkbuf_1_0__f_signal_input,VSS,Metal1,99.2660,30.7615,0.000067
clkbuf_0_signal_input,VSS,Metal1,106.2535,38.6015,0.000085
clkload13,VSS,Metal1,155.7330,165.1090,0.000075
clkload12,VSS,Metal1,129.3080,164.1205,0.000076
clkload11,VSS,Metal1,118.0100,157.2955,0.000064
clkload10,VSS,Metal1,167.2900,101.4675,0.000054
clkload9,VSS,Metal1,186.9865,102.3890,0.000054
clkload8,VSS,Metal1,132.5530,94.6245,0.000061
clkload7,VSS,Metal1,128.3900,93.6275,0.000061
clkload6,VSS,Metal1,62.7730,157.2690,0.000061
clkload5,VSS,Metal1,62.5700,149.4125,0.000040
clkload4,VSS,Metal1,37.0130,141.5890,0.000037
clkload3,VSS,Metal1,81.1480,77.8805,0.000032
clkload2,VSS,Metal1,73.3065,71.0290,0.000093
clkload1,VSS,Metal1,32.9880,71.0795,0.000081
clkload0,VSS,Metal1,50.9080,85.7205,0.000026
clkbuf_4_15_0_CLK_I,VSS,Metal1,171.8575,164.0665,0.000073
clkbuf_4_14_0_CLK_I,VSS,Metal1,171.2975,165.2130,0.000073
clkbuf_4_13_0_CLK_I,VSS,Metal1,129.4225,165.2130,0.000076
clkbuf_4_12_0_CLK_I,VSS,Metal1,132.6575,156.2265,0.000063
clkbuf_4_11_0_CLK_I,VSS,Metal1,177.4575,101.3465,0.000054
clkbuf_4_10_0_CLK_I,VSS,Metal1,177.4575,93.5065,0.000057
clkbuf_4_9_0_CLK_I,VSS,Metal1,135.0225,101.3465,0.000056
clkbuf_4_8_0_CLK_I,VSS,Metal1,138.2575,93.5065,0.000061
clkbuf_4_7_0_CLK_I,VSS,Metal1,73.8575,157.3730,0.000064
clkbuf_4_6_0_CLK_I,VSS,Metal1,76.6575,141.6930,0.000039
clkbuf_4_5_0_CLK_I,VSS,Metal1,38.7025,148.3865,0.000040
clkbuf_4_4_0_CLK_I,VSS,Metal1,42.4975,133.8530,0.000033
clkbuf_4_3_0_CLK_I,VSS,Metal1,84.4975,71.1330,0.000093
clkbuf_4_2_0_CLK_I,VSS,Metal1,77.7775,69.9865,0.000093
clkbuf_4_1_0_CLK_I,VSS,Metal1,38.7025,69.9865,0.000081
clkbuf_4_0_0_CLK_I,VSS,Metal1,45.4225,63.2930,0.000029
clkbuf_0_CLK_I,VSS,Metal1,118.8660,110.3580,0.000084
_0680__44,VSS,Metal1,101.1800,46.7050,0.000032
clkbuf_regs_0_signal_clock,VSS,Metal1,150.4935,46.4415,0.000034
_1049__45,VSS,Metal1,15.8600,196.3350,0.000016
frequency_counter,VSS,Metal1,201.7800,204.2050,0.000020
max_cap43,VSS,Metal1,129.2000,132.8540,0.000025
wire42,VSS,Metal1,179.2520,133.7940,0.000022
wire41,VSS,Metal1,190.4520,110.2740,0.000032
wire40,VSS,Metal1,110.4800,118.0260,0.000012
max_cap39,VSS,Metal1,112.1600,149.3860,0.000037
load_slew38,VSS,Metal1,111.6150,124.9740,0.000026
output37,VSS,Metal1,12.4430,39.5205,0.000050
output36,VSS,Metal1,12.4430,110.0805,0.000063
output35,VSS,Metal1,12.4430,93.7590,0.000043
output34,VSS,Metal1,12.4430,63.0405,0.000028
output33,VSS,Metal1,12.4430,188.4805,0.000007
output32,VSS,Metal1,12.4430,164.9605,0.000055
output31,VSS,Metal1,12.4430,141.4405,0.000034
output30,VSS,Metal1,178.5165,188.4805,0.000010
output29,VSS,Metal1,198.6765,188.4805,0.000011
output28,VSS,Metal1,178.5165,157.1205,0.000055
output27,VSS,Metal1,178.5165,149.2805,0.000034
output26,VSS,Metal1,197.5565,156.4790,0.000055
output25,VSS,Metal1,197.5565,148.6390,0.000034
output24,VSS,Metal1,197.5565,140.7990,0.000035
output23,VSS,Metal1,198.6765,110.0805,0.000032
output22,VSS,Metal1,197.5565,109.4390,0.000032
output21,VSS,Metal1,183.5565,211.3590,0.000003
input20,VSS,Metal1,189.9630,188.4805,0.000011
input19,VSS,Metal1,169.8030,188.4805,0.000010
input18,VSS,Metal1,162.6250,211.3250,0.000004
input17,VSS,Metal1,198.9230,102.2405,0.000054
input16,VSS,Metal1,197.8030,101.5990,0.000054
input15,VSS,Metal1,197.8030,94.4005,0.000058
input14,VSS,Metal1,198.9230,86.5605,0.000027
input13,VSS,Metal1,198.9230,78.7205,0.000023
input12,VSS,Metal1,198.9230,70.8805,0.000049
input11,VSS,Metal1,197.8030,70.2390,0.000049
input10,VSS,Metal1,198.9230,63.0405,0.000022
input9,VSS,Metal1,192.7630,211.3590,0.000003
input8,VSS,Metal1,197.8030,62.3990,0.000022
input7,VSS,Metal1,198.9230,47.3605,0.000032
input6,VSS,Metal1,197.8030,46.7190,0.000032
input5,VSS,Metal1,198.9230,39.5205,0.000079
input4,VSS,Metal1,198.9230,31.6805,0.000063
input3,VSS,Metal1,197.8030,31.0390,0.000063
input2,VSS,Metal1,192.7630,16.0005,0.000004
input1,VSS,Metal1,183.8030,16.0005,0.000003
TAP_TAPCELL_ROW_49_359,VSS,Metal1,197.6800,211.2105,0.000003
TAP_TAPCELL_ROW_49_358,VSS,Metal1,178.6400,211.2105,0.000003
TAP_TAPCELL_ROW_49_357,VSS,Metal1,159.6000,211.2105,0.000004
TAP_TAPCELL_ROW_49_356,VSS,Metal1,140.5600,211.2105,0.000003
TAP_TAPCELL_ROW_49_355,VSS,Metal1,121.5200,211.2105,0.000003
TAP_TAPCELL_ROW_49_354,VSS,Metal1,102.4800,211.2105,0.000002
TAP_TAPCELL_ROW_49_353,VSS,Metal1,83.4400,211.2105,0.000002
TAP_TAPCELL_ROW_49_352,VSS,Metal1,64.4000,211.2105,0.000002
TAP_TAPCELL_ROW_49_351,VSS,Metal1,45.3600,211.2105,0.000002
TAP_TAPCELL_ROW_49_350,VSS,Metal1,26.3200,211.2105,0.000002
TAP_TAPCELL_ROW_48_349,VSS,Metal1,183.6800,204.3090,0.000020
TAP_TAPCELL_ROW_48_348,VSS,Metal1,144.4800,204.3090,0.000025
TAP_TAPCELL_ROW_48_347,VSS,Metal1,105.2800,204.3090,0.000025
TAP_TAPCELL_ROW_48_346,VSS,Metal1,66.0800,204.3090,0.000024
TAP_TAPCELL_ROW_48_345,VSS,Metal1,26.8800,204.3090,0.000022
TAP_TAPCELL_ROW_47_344,VSS,Metal1,202.7200,203.3705,0.000020
TAP_TAPCELL_ROW_47_343,VSS,Metal1,164.0800,203.3705,0.000022
TAP_TAPCELL_ROW_47_342,VSS,Metal1,124.8800,203.3705,0.000025
TAP_TAPCELL_ROW_47_341,VSS,Metal1,85.6800,203.3705,0.000024
TAP_TAPCELL_ROW_47_340,VSS,Metal1,46.4800,203.3705,0.000023
TAP_TAPCELL_ROW_46_339,VSS,Metal1,183.6800,196.4690,0.000035
TAP_TAPCELL_ROW_46_338,VSS,Metal1,144.4800,196.4690,0.000037
TAP_TAPCELL_ROW_46_337,VSS,Metal1,105.2800,196.4690,0.000038
TAP_TAPCELL_ROW_46_336,VSS,Metal1,66.0800,196.4690,0.000036
TAP_TAPCELL_ROW_46_335,VSS,Metal1,26.8800,196.4690,0.000017
TAP_TAPCELL_ROW_45_334,VSS,Metal1,202.7200,195.5305,0.000035
TAP_TAPCELL_ROW_45_333,VSS,Metal1,164.0800,195.5305,0.000035
TAP_TAPCELL_ROW_45_332,VSS,Metal1,124.8800,195.5305,0.000037
TAP_TAPCELL_ROW_45_331,VSS,Metal1,85.6800,195.5305,0.000038
TAP_TAPCELL_ROW_45_330,VSS,Metal1,46.4800,195.5305,0.000019
TAP_TAPCELL_ROW_44_329,VSS,Metal1,183.6800,188.6290,0.000010
TAP_TAPCELL_ROW_44_328,VSS,Metal1,144.4800,188.6290,0.000010
TAP_TAPCELL_ROW_44_327,VSS,Metal1,105.2800,188.6290,0.000009
TAP_TAPCELL_ROW_44_326,VSS,Metal1,66.0800,188.6290,0.000009
TAP_TAPCELL_ROW_44_325,VSS,Metal1,26.8800,188.6290,0.000007
TAP_TAPCELL_ROW_43_324,VSS,Metal1,202.7200,187.6905,0.000011
TAP_TAPCELL_ROW_43_323,VSS,Metal1,164.0800,187.6905,0.000010
TAP_TAPCELL_ROW_43_322,VSS,Metal1,124.8800,187.6905,0.000010
TAP_TAPCELL_ROW_43_321,VSS,Metal1,85.6800,187.6905,0.000009
TAP_TAPCELL_ROW_43_320,VSS,Metal1,46.4800,187.6905,0.000008
TAP_TAPCELL_ROW_42_319,VSS,Metal1,183.6800,180.7890,0.000015
TAP_TAPCELL_ROW_42_318,VSS,Metal1,144.4800,180.7890,0.000017
TAP_TAPCELL_ROW_42_317,VSS,Metal1,105.2800,180.7890,0.000018
TAP_TAPCELL_ROW_42_316,VSS,Metal1,66.0800,180.7890,0.000018
TAP_TAPCELL_ROW_42_315,VSS,Metal1,26.8800,180.7890,0.000016
TAP_TAPCELL_ROW_41_314,VSS,Metal1,202.7200,179.8505,0.000015
TAP_TAPCELL_ROW_41_313,VSS,Metal1,164.0800,179.8505,0.000015
TAP_TAPCELL_ROW_41_312,VSS,Metal1,124.8800,179.8505,0.000018
TAP_TAPCELL_ROW_41_311,VSS,Metal1,85.6800,179.8505,0.000018
TAP_TAPCELL_ROW_41_310,VSS,Metal1,46.4800,179.8505,0.000017
TAP_TAPCELL_ROW_40_309,VSS,Metal1,183.6800,172.9490,0.000015
TAP_TAPCELL_ROW_40_308,VSS,Metal1,144.4800,172.9490,0.000016
TAP_TAPCELL_ROW_40_307,VSS,Metal1,105.2800,172.9490,0.000018
TAP_TAPCELL_ROW_40_306,VSS,Metal1,66.0800,172.9490,0.000017
TAP_TAPCELL_ROW_40_305,VSS,Metal1,26.8800,172.9490,0.000013
TAP_TAPCELL_ROW_39_304,VSS,Metal1,202.7200,172.0105,0.000015
TAP_TAPCELL_ROW_39_303,VSS,Metal1,164.0800,172.0105,0.000016
TAP_TAPCELL_ROW_39_302,VSS,Metal1,124.8800,172.0105,0.000018
TAP_TAPCELL_ROW_39_301,VSS,Metal1,85.6800,172.0105,0.000017
TAP_TAPCELL_ROW_39_300,VSS,Metal1,46.4800,172.0105,0.000015
TAP_TAPCELL_ROW_38_299,VSS,Metal1,183.6800,165.1090,0.000072
TAP_TAPCELL_ROW_38_298,VSS,Metal1,144.4800,165.1090,0.000076
TAP_TAPCELL_ROW_38_297,VSS,Metal1,105.2800,165.1090,0.000071
TAP_TAPCELL_ROW_38_296,VSS,Metal1,66.0800,165.1090,0.000064
TAP_TAPCELL_ROW_38_295,VSS,Metal1,26.8800,165.1090,0.000055
TAP_TAPCELL_ROW_37_294,VSS,Metal1,202.7200,164.1705,0.000072
TAP_TAPCELL_ROW_37_293,VSS,Metal1,164.0800,164.1705,0.000073
TAP_TAPCELL_ROW_37_292,VSS,Metal1,124.8800,164.1705,0.000076
TAP_TAPCELL_ROW_37_291,VSS,Metal1,85.6800,164.1705,0.000064
TAP_TAPCELL_ROW_37_290,VSS,Metal1,46.4800,164.1705,0.000061
TAP_TAPCELL_ROW_36_289,VSS,Metal1,183.6800,157.2690,0.000055
TAP_TAPCELL_ROW_36_288,VSS,Metal1,144.4800,157.2690,0.000061
TAP_TAPCELL_ROW_36_287,VSS,Metal1,105.2800,157.2690,0.000064
TAP_TAPCELL_ROW_36_286,VSS,Metal1,66.0800,157.2690,0.000063
TAP_TAPCELL_ROW_36_285,VSS,Metal1,26.8800,157.2690,0.000055
TAP_TAPCELL_ROW_35_284,VSS,Metal1,202.7200,156.3305,0.000055
TAP_TAPCELL_ROW_35_283,VSS,Metal1,164.0800,156.3305,0.000058
TAP_TAPCELL_ROW_35_282,VSS,Metal1,124.8800,156.3305,0.000063
TAP_TAPCELL_ROW_35_281,VSS,Metal1,85.6800,156.3305,0.000064
TAP_TAPCELL_ROW_35_280,VSS,Metal1,46.4800,156.3305,0.000059
TAP_TAPCELL_ROW_34_279,VSS,Metal1,183.6800,149.4290,0.000034
TAP_TAPCELL_ROW_34_278,VSS,Metal1,144.4800,149.4290,0.000037
TAP_TAPCELL_ROW_34_277,VSS,Metal1,105.2800,149.4290,0.000039
TAP_TAPCELL_ROW_34_276,VSS,Metal1,66.0800,149.4290,0.000040
TAP_TAPCELL_ROW_34_275,VSS,Metal1,26.8800,149.4290,0.000038
TAP_TAPCELL_ROW_33_274,VSS,Metal1,202.7200,148.4905,0.000034
TAP_TAPCELL_ROW_33_273,VSS,Metal1,164.0800,148.4905,0.000035
TAP_TAPCELL_ROW_33_272,VSS,Metal1,124.8800,148.4905,0.000037
TAP_TAPCELL_ROW_33_271,VSS,Metal1,85.6800,148.4905,0.000039
TAP_TAPCELL_ROW_33_270,VSS,Metal1,46.4800,148.4905,0.000040
TAP_TAPCELL_ROW_32_269,VSS,Metal1,183.6800,141.5890,0.000034
TAP_TAPCELL_ROW_32_268,VSS,Metal1,144.4800,141.5890,0.000037
TAP_TAPCELL_ROW_32_267,VSS,Metal1,105.2800,141.5890,0.000038
TAP_TAPCELL_ROW_32_266,VSS,Metal1,66.0800,141.5890,0.000038
TAP_TAPCELL_ROW_32_265,VSS,Metal1,26.8800,141.5890,0.000034
TAP_TAPCELL_ROW_31_264,VSS,Metal1,202.7200,140.6505,0.000035
TAP_TAPCELL_ROW_31_263,VSS,Metal1,164.0800,140.6505,0.000035
TAP_TAPCELL_ROW_31_262,VSS,Metal1,124.8800,140.6505,0.000038
TAP_TAPCELL_ROW_31_261,VSS,Metal1,85.6800,140.6505,0.000039
TAP_TAPCELL_ROW_31_260,VSS,Metal1,46.4800,140.6505,0.000038
TAP_TAPCELL_ROW_30_259,VSS,Metal1,183.6800,133.7490,0.000022
TAP_TAPCELL_ROW_30_258,VSS,Metal1,144.4800,133.7490,0.000024
TAP_TAPCELL_ROW_30_257,VSS,Metal1,105.2800,133.7490,0.000034
TAP_TAPCELL_ROW_30_256,VSS,Metal1,66.0800,133.7490,0.000034
TAP_TAPCELL_ROW_30_255,VSS,Metal1,26.8800,133.7490,0.000031
TAP_TAPCELL_ROW_29_254,VSS,Metal1,202.7200,132.8105,0.000022
TAP_TAPCELL_ROW_29_253,VSS,Metal1,164.0800,132.8105,0.000022
TAP_TAPCELL_ROW_29_252,VSS,Metal1,124.8800,132.8105,0.000025
TAP_TAPCELL_ROW_29_251,VSS,Metal1,85.6800,132.8105,0.000034
TAP_TAPCELL_ROW_29_250,VSS,Metal1,46.4800,132.8105,0.000033
TAP_TAPCELL_ROW_28_249,VSS,Metal1,183.6800,125.9090,0.000021
TAP_TAPCELL_ROW_28_248,VSS,Metal1,144.4800,125.9090,0.000026
TAP_TAPCELL_ROW_28_247,VSS,Metal1,105.2800,125.9090,0.000026
TAP_TAPCELL_ROW_28_246,VSS,Metal1,66.0800,125.9090,0.000025
TAP_TAPCELL_ROW_28_245,VSS,Metal1,26.8800,125.9090,0.000022
TAP_TAPCELL_ROW_27_244,VSS,Metal1,202.7200,124.9705,0.000021
TAP_TAPCELL_ROW_27_243,VSS,Metal1,164.0800,124.9705,0.000024
TAP_TAPCELL_ROW_27_242,VSS,Metal1,124.8800,124.9705,0.000026
TAP_TAPCELL_ROW_27_241,VSS,Metal1,85.6800,124.9705,0.000025
TAP_TAPCELL_ROW_27_240,VSS,Metal1,46.4800,124.9705,0.000024
TAP_TAPCELL_ROW_26_239,VSS,Metal1,183.6800,118.0690,0.000009
TAP_TAPCELL_ROW_26_238,VSS,Metal1,144.4800,118.0690,0.000010
TAP_TAPCELL_ROW_26_237,VSS,Metal1,105.2800,118.0690,0.000013
TAP_TAPCELL_ROW_26_236,VSS,Metal1,66.0800,118.0690,0.000013
TAP_TAPCELL_ROW_26_235,VSS,Metal1,26.8800,118.0690,0.000011
TAP_TAPCELL_ROW_25_234,VSS,Metal1,202.7200,117.1305,0.000009
TAP_TAPCELL_ROW_25_233,VSS,Metal1,164.0800,117.1305,0.000009
TAP_TAPCELL_ROW_25_232,VSS,Metal1,124.8800,117.1305,0.000012
TAP_TAPCELL_ROW_25_231,VSS,Metal1,85.6800,117.1305,0.000013
TAP_TAPCELL_ROW_25_230,VSS,Metal1,46.4800,117.1305,0.000013
TAP_TAPCELL_ROW_24_229,VSS,Metal1,183.6800,110.2290,0.000032
TAP_TAPCELL_ROW_24_228,VSS,Metal1,144.4800,110.2290,0.000080
TAP_TAPCELL_ROW_24_227,VSS,Metal1,105.2800,110.2290,0.000082
TAP_TAPCELL_ROW_24_226,VSS,Metal1,66.0800,110.2290,0.000072
TAP_TAPCELL_ROW_24_225,VSS,Metal1,26.8800,110.2290,0.000065
TAP_TAPCELL_ROW_23_224,VSS,Metal1,202.7200,109.2905,0.000032
TAP_TAPCELL_ROW_23_223,VSS,Metal1,164.0800,109.2905,0.000034
TAP_TAPCELL_ROW_23_222,VSS,Metal1,124.8800,109.2905,0.000084
TAP_TAPCELL_ROW_23_221,VSS,Metal1,85.6800,109.2905,0.000075
TAP_TAPCELL_ROW_23_220,VSS,Metal1,46.4800,109.2905,0.000072
TAP_TAPCELL_ROW_22_219,VSS,Metal1,183.6800,102.3890,0.000054
TAP_TAPCELL_ROW_22_218,VSS,Metal1,144.4800,102.3890,0.000054
TAP_TAPCELL_ROW_22_217,VSS,Metal1,105.2800,102.3890,0.000052
TAP_TAPCELL_ROW_22_216,VSS,Metal1,66.0800,102.3890,0.000051
TAP_TAPCELL_ROW_22_215,VSS,Metal1,26.8800,102.3890,0.000044
TAP_TAPCELL_ROW_21_214,VSS,Metal1,202.7200,101.4505,0.000054
TAP_TAPCELL_ROW_21_213,VSS,Metal1,164.0800,101.4505,0.000054
TAP_TAPCELL_ROW_21_212,VSS,Metal1,124.8800,101.4505,0.000055
TAP_TAPCELL_ROW_21_211,VSS,Metal1,85.6800,101.4505,0.000052
TAP_TAPCELL_ROW_21_210,VSS,Metal1,46.4800,101.4505,0.000048
TAP_TAPCELL_ROW_20_209,VSS,Metal1,183.6800,94.5490,0.000057
TAP_TAPCELL_ROW_20_208,VSS,Metal1,144.4800,94.5490,0.000061
TAP_TAPCELL_ROW_20_207,VSS,Metal1,105.2800,94.5490,0.000058
TAP_TAPCELL_ROW_20_206,VSS,Metal1,66.0800,94.5490,0.000051
TAP_TAPCELL_ROW_20_205,VSS,Metal1,26.8800,94.5490,0.000045
TAP_TAPCELL_ROW_19_204,VSS,Metal1,202.7200,93.6105,0.000058
TAP_TAPCELL_ROW_19_203,VSS,Metal1,164.0800,93.6105,0.000058
TAP_TAPCELL_ROW_19_202,VSS,Metal1,124.8800,93.6105,0.000060
TAP_TAPCELL_ROW_19_201,VSS,Metal1,85.6800,93.6105,0.000056
TAP_TAPCELL_ROW_19_200,VSS,Metal1,46.4800,93.6105,0.000048
TAP_TAPCELL_ROW_18_199,VSS,Metal1,183.6800,86.7090,0.000027
TAP_TAPCELL_ROW_18_198,VSS,Metal1,144.4800,86.7090,0.000030
TAP_TAPCELL_ROW_18_197,VSS,Metal1,105.2800,86.7090,0.000029
TAP_TAPCELL_ROW_18_196,VSS,Metal1,66.0800,86.7090,0.000028
TAP_TAPCELL_ROW_18_195,VSS,Metal1,26.8800,86.7090,0.000025
TAP_TAPCELL_ROW_17_194,VSS,Metal1,202.7200,85.7705,0.000027
TAP_TAPCELL_ROW_17_193,VSS,Metal1,164.0800,85.7705,0.000028
TAP_TAPCELL_ROW_17_192,VSS,Metal1,124.8800,85.7705,0.000030
TAP_TAPCELL_ROW_17_191,VSS,Metal1,85.6800,85.7705,0.000029
TAP_TAPCELL_ROW_17_190,VSS,Metal1,46.4800,85.7705,0.000026
TAP_TAPCELL_ROW_16_189,VSS,Metal1,183.6800,78.8690,0.000023
TAP_TAPCELL_ROW_16_188,VSS,Metal1,144.4800,78.8690,0.000026
TAP_TAPCELL_ROW_16_187,VSS,Metal1,105.2800,78.8690,0.000031
TAP_TAPCELL_ROW_16_186,VSS,Metal1,66.0800,78.8690,0.000032
TAP_TAPCELL_ROW_16_185,VSS,Metal1,26.8800,78.8690,0.000029
TAP_TAPCELL_ROW_15_184,VSS,Metal1,202.7200,77.9305,0.000023
TAP_TAPCELL_ROW_15_183,VSS,Metal1,164.0800,77.9305,0.000024
TAP_TAPCELL_ROW_15_182,VSS,Metal1,124.8800,77.9305,0.000028
TAP_TAPCELL_ROW_15_181,VSS,Metal1,85.6800,77.9305,0.000032
TAP_TAPCELL_ROW_15_180,VSS,Metal1,46.4800,77.9305,0.000032
TAP_TAPCELL_ROW_14_179,VSS,Metal1,183.6800,71.0290,0.000048
TAP_TAPCELL_ROW_14_178,VSS,Metal1,144.4800,71.0290,0.000070
TAP_TAPCELL_ROW_14_177,VSS,Metal1,105.2800,71.0290,0.000090
TAP_TAPCELL_ROW_14_176,VSS,Metal1,66.0800,71.0290,0.000091
TAP_TAPCELL_ROW_14_175,VSS,Metal1,26.8800,71.0290,0.000077
TAP_TAPCELL_ROW_13_174,VSS,Metal1,202.7200,70.0905,0.000049
TAP_TAPCELL_ROW_13_173,VSS,Metal1,164.0800,70.0905,0.000061
TAP_TAPCELL_ROW_13_172,VSS,Metal1,124.8800,70.0905,0.000075
TAP_TAPCELL_ROW_13_171,VSS,Metal1,85.6800,70.0905,0.000093
TAP_TAPCELL_ROW_13_170,VSS,Metal1,46.4800,70.0905,0.000081
TAP_TAPCELL_ROW_12_169,VSS,Metal1,183.6800,63.1890,0.000022
TAP_TAPCELL_ROW_12_168,VSS,Metal1,144.4800,63.1890,0.000023
TAP_TAPCELL_ROW_12_167,VSS,Metal1,105.2800,63.1890,0.000028
TAP_TAPCELL_ROW_12_166,VSS,Metal1,66.0800,63.1890,0.000029
TAP_TAPCELL_ROW_12_165,VSS,Metal1,26.8800,63.1890,0.000028
TAP_TAPCELL_ROW_11_164,VSS,Metal1,202.7200,62.2505,0.000022
TAP_TAPCELL_ROW_11_163,VSS,Metal1,164.0800,62.2505,0.000023
TAP_TAPCELL_ROW_11_162,VSS,Metal1,124.8800,62.2505,0.000026
TAP_TAPCELL_ROW_11_161,VSS,Metal1,85.6800,62.2505,0.000029
TAP_TAPCELL_ROW_11_160,VSS,Metal1,46.4800,62.2505,0.000029
TAP_TAPCELL_ROW_10_159,VSS,Metal1,183.6800,55.3490,0.000024
TAP_TAPCELL_ROW_10_158,VSS,Metal1,144.4800,55.3490,0.000026
TAP_TAPCELL_ROW_10_157,VSS,Metal1,105.2800,55.3490,0.000028
TAP_TAPCELL_ROW_10_156,VSS,Metal1,66.0800,55.3490,0.000029
TAP_TAPCELL_ROW_10_155,VSS,Metal1,26.8800,55.3490,0.000027
TAP_TAPCELL_ROW_9_154,VSS,Metal1,202.7200,54.4105,0.000024
TAP_TAPCELL_ROW_9_153,VSS,Metal1,164.0800,54.4105,0.000024
TAP_TAPCELL_ROW_9_152,VSS,Metal1,124.8800,54.4105,0.000027
TAP_TAPCELL_ROW_9_151,VSS,Metal1,85.6800,54.4105,0.000029
TAP_TAPCELL_ROW_9_150,VSS,Metal1,46.4800,54.4105,0.000028
TAP_TAPCELL_ROW_8_149,VSS,Metal1,183.6800,47.5090,0.000031
TAP_TAPCELL_ROW_8_148,VSS,Metal1,144.4800,47.5090,0.000034
TAP_TAPCELL_ROW_8_147,VSS,Metal1,105.2800,47.5090,0.000032
TAP_TAPCELL_ROW_8_146,VSS,Metal1,66.0800,47.5090,0.000031
TAP_TAPCELL_ROW_8_145,VSS,Metal1,26.8800,47.5090,0.000027
TAP_TAPCELL_ROW_7_144,VSS,Metal1,202.7200,46.5705,0.000032
TAP_TAPCELL_ROW_7_143,VSS,Metal1,164.0800,46.5705,0.000034
TAP_TAPCELL_ROW_7_142,VSS,Metal1,124.8800,46.5705,0.000033
TAP_TAPCELL_ROW_7_141,VSS,Metal1,85.6800,46.5705,0.000031
TAP_TAPCELL_ROW_7_140,VSS,Metal1,46.4800,46.5705,0.000030
TAP_TAPCELL_ROW_6_139,VSS,Metal1,183.6800,39.6690,0.000078
TAP_TAPCELL_ROW_6_138,VSS,Metal1,144.4800,39.6690,0.000085
TAP_TAPCELL_ROW_6_137,VSS,Metal1,105.2800,39.6690,0.000085
TAP_TAPCELL_ROW_6_136,VSS,Metal1,66.0800,39.6690,0.000077
TAP_TAPCELL_ROW_6_135,VSS,Metal1,26.8800,39.6690,0.000053
TAP_TAPCELL_ROW_5_134,VSS,Metal1,202.7200,38.7305,0.000079
TAP_TAPCELL_ROW_5_133,VSS,Metal1,164.0800,38.7305,0.000085
TAP_TAPCELL_ROW_5_132,VSS,Metal1,124.8800,38.7305,0.000085
TAP_TAPCELL_ROW_5_131,VSS,Metal1,85.6800,38.7305,0.000081
TAP_TAPCELL_ROW_5_130,VSS,Metal1,46.4800,38.7305,0.000068
TAP_TAPCELL_ROW_4_129,VSS,Metal1,183.6800,31.8290,0.000062
TAP_TAPCELL_ROW_4_128,VSS,Metal1,144.4800,31.8290,0.000065
TAP_TAPCELL_ROW_4_127,VSS,Metal1,105.2800,31.8290,0.000067
TAP_TAPCELL_ROW_4_126,VSS,Metal1,66.0800,31.8290,0.000062
TAP_TAPCELL_ROW_4_125,VSS,Metal1,26.8800,31.8290,0.000052
TAP_TAPCELL_ROW_3_124,VSS,Metal1,202.7200,30.8905,0.000063
TAP_TAPCELL_ROW_3_123,VSS,Metal1,164.0800,30.8905,0.000062
TAP_TAPCELL_ROW_3_122,VSS,Metal1,124.8800,30.8905,0.000067
TAP_TAPCELL_ROW_3_121,VSS,Metal1,85.6800,30.8905,0.000066
TAP_TAPCELL_ROW_3_120,VSS,Metal1,46.4800,30.8905,0.000059
TAP_TAPCELL_ROW_2_119,VSS,Metal1,183.6800,23.9890,0.000035
TAP_TAPCELL_ROW_2_118,VSS,Metal1,144.4800,23.9890,0.000037
TAP_TAPCELL_ROW_2_117,VSS,Metal1,105.2800,23.9890,0.000039
TAP_TAPCELL_ROW_2_116,VSS,Metal1,66.0800,23.9890,0.000036
TAP_TAPCELL_ROW_2_115,VSS,Metal1,26.8800,23.9890,0.000025
TAP_TAPCELL_ROW_1_114,VSS,Metal1,202.7200,23.0505,0.000035
TAP_TAPCELL_ROW_1_113,VSS,Metal1,164.0800,23.0505,0.000037
TAP_TAPCELL_ROW_1_112,VSS,Metal1,124.8800,23.0505,0.000039
TAP_TAPCELL_ROW_1_111,VSS,Metal1,85.6800,23.0505,0.000038
TAP_TAPCELL_ROW_1_110,VSS,Metal1,46.4800,23.0505,0.000031
TAP_TAPCELL_ROW_0_109,VSS,Metal1,197.6800,16.1490,0.000004
TAP_TAPCELL_ROW_0_108,VSS,Metal1,178.6400,16.1490,0.000003
TAP_TAPCELL_ROW_0_107,VSS,Metal1,159.6000,16.1490,0.000004
TAP_TAPCELL_ROW_0_106,VSS,Metal1,140.5600,16.1490,0.000005
TAP_TAPCELL_ROW_0_105,VSS,Metal1,121.5200,16.1490,0.000005
TAP_TAPCELL_ROW_0_104,VSS,Metal1,102.4800,16.1490,0.000006
TAP_TAPCELL_ROW_0_103,VSS,Metal1,83.4400,16.1490,0.000006
TAP_TAPCELL_ROW_0_102,VSS,Metal1,64.4000,16.1490,0.000005
TAP_TAPCELL_ROW_0_101,VSS,Metal1,45.3600,16.1490,0.000005
TAP_TAPCELL_ROW_0_100,VSS,Metal1,26.3200,16.1490,0.000003
PHY_EDGE_ROW_49_Left_99,VSS,Metal1,7.2730,211.2100,0.000002
PHY_EDGE_ROW_48_Left_98,VSS,Metal1,7.2730,204.3100,0.000022
PHY_EDGE_ROW_47_Left_97,VSS,Metal1,7.2730,203.3700,0.000022
PHY_EDGE_ROW_46_Left_96,VSS,Metal1,7.2730,196.4700,0.000016
PHY_EDGE_ROW_45_Left_95,VSS,Metal1,7.2730,195.5300,0.000016
PHY_EDGE_ROW_44_Left_94,VSS,Metal1,7.2730,188.6300,0.000007
PHY_EDGE_ROW_43_Left_93,VSS,Metal1,7.2730,187.6900,0.000007
PHY_EDGE_ROW_42_Left_92,VSS,Metal1,7.2730,180.7900,0.000016
PHY_EDGE_ROW_41_Left_91,VSS,Metal1,7.2730,179.8500,0.000016
PHY_EDGE_ROW_40_Left_90,VSS,Metal1,7.2730,172.9500,0.000014
PHY_EDGE_ROW_39_Left_89,VSS,Metal1,7.2730,172.0100,0.000014
PHY_EDGE_ROW_38_Left_88,VSS,Metal1,7.2730,165.1100,0.000055
PHY_EDGE_ROW_37_Left_87,VSS,Metal1,7.2730,164.1700,0.000055
PHY_EDGE_ROW_36_Left_86,VSS,Metal1,7.2730,157.2700,0.000050
PHY_EDGE_ROW_35_Left_85,VSS,Metal1,7.2730,156.3300,0.000050
PHY_EDGE_ROW_34_Left_84,VSS,Metal1,7.2730,149.4300,0.000035
PHY_EDGE_ROW_33_Left_83,VSS,Metal1,7.2730,148.4900,0.000035
PHY_EDGE_ROW_32_Left_82,VSS,Metal1,7.2730,141.5900,0.000034
PHY_EDGE_ROW_31_Left_81,VSS,Metal1,7.2730,140.6500,0.000034
PHY_EDGE_ROW_30_Left_80,VSS,Metal1,7.2730,133.7500,0.000030
PHY_EDGE_ROW_29_Left_79,VSS,Metal1,7.2730,132.8100,0.000030
PHY_EDGE_ROW_28_Left_78,VSS,Metal1,7.2730,125.9100,0.000022
PHY_EDGE_ROW_27_Left_77,VSS,Metal1,7.2730,124.9700,0.000022
PHY_EDGE_ROW_26_Left_76,VSS,Metal1,7.2730,118.0700,0.000012
PHY_EDGE_ROW_25_Left_75,VSS,Metal1,7.2730,117.1300,0.000012
PHY_EDGE_ROW_24_Left_74,VSS,Metal1,7.2730,110.2300,0.000063
PHY_EDGE_ROW_23_Left_73,VSS,Metal1,7.2730,109.2900,0.000063
PHY_EDGE_ROW_22_Left_72,VSS,Metal1,7.2730,102.3900,0.000044
PHY_EDGE_ROW_21_Left_71,VSS,Metal1,7.2730,101.4500,0.000044
PHY_EDGE_ROW_20_Left_70,VSS,Metal1,7.2730,94.5500,0.000043
PHY_EDGE_ROW_19_Left_69,VSS,Metal1,7.2730,93.6100,0.000043
PHY_EDGE_ROW_18_Left_68,VSS,Metal1,7.2730,86.7100,0.000025
PHY_EDGE_ROW_17_Left_67,VSS,Metal1,7.2730,85.7700,0.000025
PHY_EDGE_ROW_16_Left_66,VSS,Metal1,7.2730,78.8700,0.000028
PHY_EDGE_ROW_15_Left_65,VSS,Metal1,7.2730,77.9300,0.000028
PHY_EDGE_ROW_14_Left_64,VSS,Metal1,7.2730,71.0300,0.000076
PHY_EDGE_ROW_13_Left_63,VSS,Metal1,7.2730,70.0900,0.000076
PHY_EDGE_ROW_12_Left_62,VSS,Metal1,7.2730,63.1900,0.000028
PHY_EDGE_ROW_11_Left_61,VSS,Metal1,7.2730,62.2500,0.000028
PHY_EDGE_ROW_10_Left_60,VSS,Metal1,7.2730,55.3500,0.000027
PHY_EDGE_ROW_9_Left_59,VSS,Metal1,7.2730,54.4100,0.000027
PHY_EDGE_ROW_8_Left_58,VSS,Metal1,7.2730,47.5100,0.000027
PHY_EDGE_ROW_7_Left_57,VSS,Metal1,7.2730,46.5700,0.000027
PHY_EDGE_ROW_6_Left_56,VSS,Metal1,7.2730,39.6700,0.000050
PHY_EDGE_ROW_5_Left_55,VSS,Metal1,7.2730,38.7300,0.000050
PHY_EDGE_ROW_4_Left_54,VSS,Metal1,7.2730,31.8300,0.000052
PHY_EDGE_ROW_3_Left_53,VSS,Metal1,7.2730,30.8900,0.000052
PHY_EDGE_ROW_2_Left_52,VSS,Metal1,7.2730,23.9900,0.000025
PHY_EDGE_ROW_1_Left_51,VSS,Metal1,7.2730,23.0500,0.000025
PHY_EDGE_ROW_0_Left_50,VSS,Metal1,7.2730,16.1500,0.000003
PHY_EDGE_ROW_49_Right_49,VSS,Metal1,203.8465,211.2100,0.000003
PHY_EDGE_ROW_48_Right_48,VSS,Metal1,203.8465,204.3100,0.000020
PHY_EDGE_ROW_47_Right_47,VSS,Metal1,203.8465,203.3700,0.000020
PHY_EDGE_ROW_46_Right_46,VSS,Metal1,203.8465,196.4700,0.000035
PHY_EDGE_ROW_45_Right_45,VSS,Metal1,203.8465,195.5300,0.000035
PHY_EDGE_ROW_44_Right_44,VSS,Metal1,203.8465,188.6300,0.000011
PHY_EDGE_ROW_43_Right_43,VSS,Metal1,203.8465,187.6900,0.000011
PHY_EDGE_ROW_42_Right_42,VSS,Metal1,203.8465,180.7900,0.000015
PHY_EDGE_ROW_41_Right_41,VSS,Metal1,203.8465,179.8500,0.000015
PHY_EDGE_ROW_40_Right_40,VSS,Metal1,203.8465,172.9500,0.000015
PHY_EDGE_ROW_39_Right_39,VSS,Metal1,203.8465,172.0100,0.000015
PHY_EDGE_ROW_38_Right_38,VSS,Metal1,203.8465,165.1100,0.000072
PHY_EDGE_ROW_37_Right_37,VSS,Metal1,203.8465,164.1700,0.000072
PHY_EDGE_ROW_36_Right_36,VSS,Metal1,203.8465,157.2700,0.000055
PHY_EDGE_ROW_35_Right_35,VSS,Metal1,203.8465,156.3300,0.000055
PHY_EDGE_ROW_34_Right_34,VSS,Metal1,203.8465,149.4300,0.000034
PHY_EDGE_ROW_33_Right_33,VSS,Metal1,203.8465,148.4900,0.000034
PHY_EDGE_ROW_32_Right_32,VSS,Metal1,203.8465,141.5900,0.000035
PHY_EDGE_ROW_31_Right_31,VSS,Metal1,203.8465,140.6500,0.000035
PHY_EDGE_ROW_30_Right_30,VSS,Metal1,203.8465,133.7500,0.000022
PHY_EDGE_ROW_29_Right_29,VSS,Metal1,203.8465,132.8100,0.000022
PHY_EDGE_ROW_28_Right_28,VSS,Metal1,203.8465,125.9100,0.000021
PHY_EDGE_ROW_27_Right_27,VSS,Metal1,203.8465,124.9700,0.000021
PHY_EDGE_ROW_26_Right_26,VSS,Metal1,203.8465,118.0700,0.000009
PHY_EDGE_ROW_25_Right_25,VSS,Metal1,203.8465,117.1300,0.000009
PHY_EDGE_ROW_24_Right_24,VSS,Metal1,203.8465,110.2300,0.000032
PHY_EDGE_ROW_23_Right_23,VSS,Metal1,203.8465,109.2900,0.000032
PHY_EDGE_ROW_22_Right_22,VSS,Metal1,203.8465,102.3900,0.000054
PHY_EDGE_ROW_21_Right_21,VSS,Metal1,203.8465,101.4500,0.000054
PHY_EDGE_ROW_20_Right_20,VSS,Metal1,203.8465,94.5500,0.000058
PHY_EDGE_ROW_19_Right_19,VSS,Metal1,203.8465,93.6100,0.000058
PHY_EDGE_ROW_18_Right_18,VSS,Metal1,203.8465,86.7100,0.000027
PHY_EDGE_ROW_17_Right_17,VSS,Metal1,203.8465,85.7700,0.000027
PHY_EDGE_ROW_16_Right_16,VSS,Metal1,203.8465,78.8700,0.000023
PHY_EDGE_ROW_15_Right_15,VSS,Metal1,203.8465,77.9300,0.000023
PHY_EDGE_ROW_14_Right_14,VSS,Metal1,203.8465,71.0300,0.000049
PHY_EDGE_ROW_13_Right_13,VSS,Metal1,203.8465,70.0900,0.000049
PHY_EDGE_ROW_12_Right_12,VSS,Metal1,203.8465,63.1900,0.000022
PHY_EDGE_ROW_11_Right_11,VSS,Metal1,203.8465,62.2500,0.000022
PHY_EDGE_ROW_10_Right_10,VSS,Metal1,203.8465,55.3500,0.000024
PHY_EDGE_ROW_9_Right_9,VSS,Metal1,203.8465,54.4100,0.000024
PHY_EDGE_ROW_8_Right_8,VSS,Metal1,203.8465,47.5100,0.000032
PHY_EDGE_ROW_7_Right_7,VSS,Metal1,203.8465,46.5700,0.000032
PHY_EDGE_ROW_6_Right_6,VSS,Metal1,203.8465,39.6700,0.000079
PHY_EDGE_ROW_5_Right_5,VSS,Metal1,203.8465,38.7300,0.000079
PHY_EDGE_ROW_4_Right_4,VSS,Metal1,203.8465,31.8300,0.000063
PHY_EDGE_ROW_3_Right_3,VSS,Metal1,203.8465,30.8900,0.000063
PHY_EDGE_ROW_2_Right_2,VSS,Metal1,203.8465,23.9900,0.000035
PHY_EDGE_ROW_1_Right_1,VSS,Metal1,203.8465,23.0500,0.000035
PHY_EDGE_ROW_0_Right_0,VSS,Metal1,203.8465,16.1500,0.000004
_1460_,VSS,Metal1,15.6700,109.4685,0.000063
_1459_,VSS,Metal1,105.8300,93.7885,0.000058
_1458_,VSS,Metal1,102.4700,78.1085,0.000031
_1457_,VSS,Metal1,15.6700,187.8685,0.000007
_1456_,VSS,Metal1,11.7500,140.8285,0.000034
_1455_,VSS,Metal1,15.6700,133.5710,0.000030
_1453_,VSS,Metal1,94.2430,31.8780,0.000067
_1452_,VSS,Metal1,116.3165,101.4015,0.000054
_1451_,VSS,Metal1,116.3165,93.5615,0.000059
_1450_,VSS,Metal1,116.3165,85.7215,0.000030
_1449_,VSS,Metal1,136.8030,140.6015,0.000037
_1448_,VSS,Metal1,169.2830,141.6380,0.000035
_1447_,VSS,Metal1,153.0430,141.6380,0.000036
_1446_,VSS,Metal1,165.9230,94.5980,0.000058
_1445_,VSS,Metal1,135.1230,124.9215,0.000026
_1444_,VSS,Metal1,133.4430,109.2415,0.000084
_1443_,VSS,Metal1,140.1630,117.0815,0.000010
_1442_,VSS,Metal1,172.6430,132.7615,0.000022
_1441_,VSS,Metal1,145.7630,132.7615,0.000024
_1440_,VSS,Metal1,165.9230,102.4380,0.000054
_1439_,VSS,Metal1,127.2830,125.9580,0.000026
_1438_,VSS,Metal1,138.4830,85.7215,0.000030
_1437_,VSS,Metal1,133.4430,70.0415,0.000072
_1436_,VSS,Metal1,154.7230,85.7215,0.000028
_1435_,VSS,Metal1,133.4430,86.7580,0.000030
_1434_,VSS,Metal1,162.0030,78.9180,0.000025
_1433_,VSS,Metal1,149.6830,70.0415,0.000070
_1432_,VSS,Metal1,163.6830,63.2380,0.000023
_1431_,VSS,Metal1,132.3230,63.2380,0.000025
_1430_,VSS,Metal1,193.9230,77.8815,0.000023
_1429_,VSS,Metal1,179.3630,62.2015,0.000022
_1428_,VSS,Metal1,193.9230,93.5615,0.000058
_1427_,VSS,Metal1,173.4365,85.7215,0.000027
_1426_,VSS,Metal1,192.8030,85.7215,0.000027
_1425_,VSS,Metal1,195.0430,55.3980,0.000024
_1424_,VSS,Metal1,175.1165,55.3980,0.000024
_1423_,VSS,Metal1,193.9230,54.3615,0.000024
_1422_,VSS,Metal1,193.9230,195.4815,0.000035
_1421_,VSS,Metal1,193.9230,187.6415,0.000011
_1420_,VSS,Metal1,181.6030,156.2815,0.000055
_1419_,VSS,Metal1,195.0430,157.3180,0.000055
_1418_,VSS,Metal1,195.0430,149.4780,0.000034
_1417_,VSS,Metal1,183.2830,148.4415,0.000034
_1416_,VSS,Metal1,195.0430,141.6380,0.000035
_1415_,VSS,Metal1,193.9230,132.7615,0.000022
_1414_,VSS,Metal1,195.0430,125.9580,0.000021
_1413_,VSS,Metal1,193.9230,124.9215,0.000021
_1412_,VSS,Metal1,73.5230,23.0015,0.000036
_1411_,VSS,Metal1,77.1165,30.8415,0.000064
_1410_,VSS,Metal1,74.6430,24.0380,0.000036
_1409_,VSS,Metal1,55.0430,30.8415,0.000059
_1408_,VSS,Metal1,50.7965,24.0380,0.000031
_1407_,VSS,Metal1,27.6030,30.8415,0.000052
_1406_,VSS,Metal1,25.9230,23.0015,0.000025
_1405_,VSS,Metal1,16.0765,31.8780,0.000052
_1404_,VSS,Metal1,98.1630,101.4015,0.000052
_1403_,VSS,Metal1,95.9230,124.9215,0.000026
_1402_,VSS,Metal1,172.6430,172.9980,0.000015
_1401_,VSS,Metal1,192.2430,204.3580,0.000020
_1400_,VSS,Metal1,192.2430,196.5180,0.000035
_1399_,VSS,Metal1,186.6430,203.3215,0.000020
_1398_,VSS,Metal1,102.6430,164.1215,0.000071
_1397_,VSS,Metal1,105.1165,171.9615,0.000018
_1396_,VSS,Metal1,129.1965,157.3180,0.000064
_1395_,VSS,Metal1,126.7230,149.4780,0.000037
_1394_,VSS,Metal1,141.8430,164.1215,0.000076
_1393_,VSS,Metal1,129.5230,180.8380,0.000018
_1392_,VSS,Metal1,130.3165,196.5180,0.000037
_1391_,VSS,Metal1,128.4030,204.3580,0.000025
_1390_,VSS,Metal1,113.8430,196.5180,0.000037
_1389_,VSS,Metal1,94.4765,195.4815,0.000038
_1388_,VSS,Metal1,89.4365,196.5180,0.000038
_1387_,VSS,Metal1,71.8430,203.3215,0.000024
_1386_,VSS,Metal1,65.6830,187.6415,0.000009
_1385_,VSS,Metal1,55.6030,203.3215,0.000023
_1384_,VSS,Metal1,43.2830,204.3580,0.000023
_1383_,VSS,Metal1,42.7230,196.5180,0.000019
_1382_,VSS,Metal1,19.7630,179.8015,0.000016
_1381_,VSS,Metal1,18.0830,195.4815,0.000016
_1380_,VSS,Metal1,16.9630,180.8380,0.000016
_1379_,VSS,Metal1,27.6030,203.3215,0.000022
_1378_,VSS,Metal1,192.2430,23.0015,0.000035
_1377_,VSS,Metal1,192.2430,24.0380,0.000035
_1376_,VSS,Metal1,179.3630,38.6815,0.000079
_1375_,VSS,Metal1,174.8830,30.8415,0.000062
_1374_,VSS,Metal1,173.9965,24.0380,0.000034
_1373_,VSS,Metal1,155.5165,23.0015,0.000037
_1372_,VSS,Metal1,157.5230,24.0380,0.000037
_1371_,VSS,Metal1,143.1965,30.8415,0.000065
_1370_,VSS,Metal1,135.6830,23.0015,0.000039
_1369_,VSS,Metal1,126.1630,31.8780,0.000067
_1368_,VSS,Metal1,121.6830,24.0380,0.000039
_1367_,VSS,Metal1,106.0030,23.0015,0.000039
_1366_,VSS,Metal1,93.6830,16.1980,0.000006
_1365_,VSS,Metal1,96.4830,24.0380,0.000039
_1364_,VSS,Metal1,111.6030,54.3615,0.000028
_1363_,VSS,Metal1,114.9630,55.3980,0.000028
_1362_,VSS,Metal1,95.3630,54.3615,0.000029
_1361_,VSS,Metal1,37.6830,54.3615,0.000027
_1360_,VSS,Metal1,21.4430,54.3615,0.000027
_1359_,VSS,Metal1,16.4030,46.5215,0.000027
_1358_,VSS,Metal1,17.5230,47.5580,0.000026
_1357_,VSS,Metal1,19.7630,70.0415,0.000076
_1356_,VSS,Metal1,18.0830,71.0780,0.000076
_1355_,VSS,Metal1,18.6430,77.8815,0.000028
_1354_,VSS,Metal1,20.8830,101.4015,0.000044
_1353_,VSS,Metal1,15.8430,102.4380,0.000044
_1352_,VSS,Metal1,18.0830,94.5980,0.000043
_1351_,VSS,Metal1,22.5630,117.0815,0.000012
_1350_,VSS,Metal1,18.6430,124.9215,0.000022
_1349_,VSS,Metal1,18.0830,125.9580,0.000022
_1348_,VSS,Metal1,21.4430,140.6015,0.000034
_1347_,VSS,Metal1,17.5230,149.4780,0.000035
_1346_,VSS,Metal1,15.8430,164.1215,0.000055
_1345_,VSS,Metal1,18.0830,157.3180,0.000050
_1344_,VSS,Metal1,37.6830,157.3180,0.000055
_1343_,VSS,Metal1,54.4830,55.3980,0.000029
_1342_,VSS,Metal1,57.2830,47.5580,0.000031
_1341_,VSS,Metal1,67.9230,54.3615,0.000029
_1340_,VSS,Metal1,80.8030,63.2380,0.000029
_1339_,VSS,Metal1,83.6030,47.5580,0.000031
_1338_,VSS,Metal1,88.6430,55.3980,0.000029
_1337_,VSS,Metal1,163.1230,157.3180,0.000058
_1336_,VSS,Metal1,172.6430,195.4815,0.000035
_1335_,VSS,Metal1,168.3965,196.5180,0.000035
_1334_,VSS,Metal1,172.6430,179.8015,0.000015
_1333_,VSS,Metal1,100.0765,148.4415,0.000039
_1332_,VSS,Metal1,84.1630,165.1580,0.000064
_1331_,VSS,Metal1,76.8830,148.4415,0.000039
_1330_,VSS,Metal1,116.8765,141.6380,0.000038
_1329_,VSS,Metal1,155.2830,156.2815,0.000059
_1328_,VSS,Metal1,153.0430,188.6780,0.000010
_1327_,VSS,Metal1,142.9630,195.4815,0.000037
_1326_,VSS,Metal1,154.1630,171.9615,0.000016
_1325_,VSS,Metal1,104.3230,140.6015,0.000038
_1324_,VSS,Metal1,92.0030,180.8380,0.000018
_1323_,VSS,Metal1,76.8830,164.1215,0.000064
_1322_,VSS,Metal1,84.7230,133.7980,0.000034
_1321_,VSS,Metal1,75.2030,156.2815,0.000064
_1320_,VSS,Metal1,150.8030,203.3215,0.000025
_1319_,VSS,Metal1,106.5630,203.3215,0.000025
_1318_,VSS,Metal1,153.0430,172.9980,0.000016
_1317_,VSS,Metal1,46.6430,165.1580,0.000061
_1316_,VSS,Metal1,63.4430,179.8015,0.000018
_1315_,VSS,Metal1,66.2430,171.9615,0.000017
_1314_,VSS,Metal1,46.0830,172.9980,0.000015
_1313_,VSS,Metal1,65.1230,77.8815,0.000032
_1312_,VSS,Metal1,41.0430,78.9180,0.000032
_1311_,VSS,Metal1,37.6830,77.8815,0.000032
_1310_,VSS,Metal1,44.9630,71.0780,0.000081
_1309_,VSS,Metal1,43.8430,86.7580,0.000026
_1308_,VSS,Metal1,70.1630,101.4015,0.000051
_1307_,VSS,Metal1,74.6430,102.4380,0.000051
_1306_,VSS,Metal1,43.8430,118.1180,0.000013
_1305_,VSS,Metal1,70.1630,117.0815,0.000013
_1304_,VSS,Metal1,44.9630,94.5980,0.000048
_1303_,VSS,Metal1,41.0430,110.2780,0.000072
_1302_,VSS,Metal1,57.2830,110.2780,0.000072
_1301_,VSS,Metal1,44.9630,125.9580,0.000024
_1300_,VSS,Metal1,70.1630,124.9215,0.000025
_1299_,VSS,Metal1,60.6430,148.4415,0.000040
_1298_,VSS,Metal1,48.3230,141.6380,0.000038
_1297_,VSS,Metal1,55.6030,156.2815,0.000061
_1296_,VSS,Metal1,50.5630,149.4780,0.000040
_1295_,VSS,Metal1,57.2830,78.9180,0.000032
_1294_,VSS,Metal1,66.2430,93.5615,0.000051
_1293_,VSS,Metal1,87.5230,94.5980,0.000056
_1292_,VSS,Metal1,83.0430,86.7580,0.000029
_1291_,VSS,Metal1,76.8830,85.7215,0.000029
_1290_,VSS,Metal1,94.4765,78.9180,0.000032
_1289_,VSS,Metal1,113.8430,71.0780,0.000088
_1288_,VSS,Metal1,112.1630,77.8815,0.000031
_1287_,VSS,Metal1,147.7865,63.0930,0.000023
_1286_,VSS,Metal1,146.5865,70.9990,0.000070
_1285_,VSS,Metal1,150.2130,70.9990,0.000070
_1284_,VSS,Metal1,160.2130,70.1865,0.000068
_1283_,VSS,Metal1,158.3465,70.9990,0.000069
_1282_,VSS,Metal1,166.1865,70.1205,0.000058
_1281_,VSS,Metal1,132.1065,62.3465,0.000025
_1280_,VSS,Metal1,133.9730,77.9605,0.000027
_1279_,VSS,Metal1,135.0930,70.9990,0.000072
_1278_,VSS,Metal1,191.5730,70.9330,0.000048
_1277_,VSS,Metal1,185.7865,70.9990,0.000048
_1276_,VSS,Metal1,188.0265,70.1205,0.000048
_1275_,VSS,Metal1,179.7365,70.1790,0.000048
_1274_,VSS,Metal1,183.8130,70.1205,0.000048
_1273_,VSS,Metal1,185.9730,94.4530,0.000058
_1272_,VSS,Metal1,182.9865,85.8005,0.000027
_1271_,VSS,Metal1,186.6130,78.8390,0.000023
_1270_,VSS,Metal1,174.1830,78.7805,0.000024
_1269_,VSS,Metal1,179.3330,77.9605,0.000023
_1268_,VSS,Metal1,189.8930,78.7730,0.000023
_1267_,VSS,Metal1,181.3065,78.8390,0.000023
_1266_,VSS,Metal1,184.1065,77.9605,0.000023
_1265_,VSS,Metal1,188.1065,63.0930,0.000022
_1264_,VSS,Metal1,191.3865,62.2805,0.000022
_1263_,VSS,Metal1,191.3865,70.1205,0.000048
_1262_,VSS,Metal1,176.0775,62.9960,0.000022
_1261_,VSS,Metal1,179.3265,63.0750,0.000022
_1260_,VSS,Metal1,169.4425,62.4435,0.000023
_1259_,VSS,Metal1,181.2025,70.8360,0.000048
_1258_,VSS,Metal1,191.9530,63.0750,0.000022
_1257_,VSS,Metal1,186.1575,55.1560,0.000024
_1256_,VSS,Metal1,168.3225,93.8035,0.000058
_1255_,VSS,Metal1,186.6700,86.5060,0.000027
_1254_,VSS,Metal1,159.1730,204.2790,0.000024
_1253_,VSS,Metal1,186.7230,180.6915,0.000015
_1252_,VSS,Metal1,184.4200,195.6925,0.000035
_1251_,VSS,Metal1,181.0065,204.1950,0.000020
_1250_,VSS,Metal1,186.1575,172.7560,0.000015
_1249_,VSS,Metal1,186.4400,180.0085,0.000015
_1248_,VSS,Metal1,161.7865,179.9465,0.000016
_1247_,VSS,Metal1,180.7530,164.9950,0.000072
_1246_,VSS,Metal1,172.1000,156.4925,0.000058
_1245_,VSS,Metal1,166.7530,148.6050,0.000035
_1244_,VSS,Metal1,74.9565,132.9230,0.000034
_1243_,VSS,Metal1,158.9565,148.6030,0.000035
_1242_,VSS,Metal1,165.5225,93.8035,0.000058
_1241_,VSS,Metal1,163.8365,86.6115,0.000028
_1240_,VSS,Metal1,147.5230,94.4515,0.000061
_1239_,VSS,Metal1,186.1575,149.2360,0.000034
_1238_,VSS,Metal1,156.3730,164.2005,0.000075
_1237_,VSS,Metal1,183.4365,164.2680,0.000072
_1236_,VSS,Metal1,192.3175,101.6435,0.000054
_1235_,VSS,Metal1,140.1865,94.4400,0.000061
_1234_,VSS,Metal1,177.2765,86.6115,0.000027
_1233_,VSS,Metal1,147.1530,102.2750,0.000054
_1232_,VSS,Metal1,155.7630,195.6430,0.000036
_1231_,VSS,Metal1,56.4765,102.2765,0.000049
_1230_,VSS,Metal1,191.3865,156.3605,0.000055
_1229_,VSS,Metal1,172.7230,148.5880,0.000035
_1228_,VSS,Metal1,153.3400,109.4625,0.000079
_1227_,VSS,Metal1,154.3165,102.2915,0.000054
_1226_,VSS,Metal1,148.6430,93.7080,0.000061
_1225_,VSS,Metal1,145.7900,109.4935,0.000080
_1224_,VSS,Metal1,56.4765,94.4365,0.000050
_1223_,VSS,Metal1,145.1230,187.8030,0.000010
_1222_,VSS,Metal1,167.5730,156.3605,0.000058
_1221_,VSS,Metal1,180.5630,141.4915,0.000034
_1220_,VSS,Metal1,176.1625,125.1635,0.000023
_1219_,VSS,Metal1,145.7865,125.0800,0.000026
_1218_,VSS,Metal1,175.5965,117.2280,0.000009
_1217_,VSS,Metal1,152.1930,117.2450,0.000010
_1216_,VSS,Metal1,57.5965,109.4030,0.000072
_1215_,VSS,Metal1,155.7630,179.9630,0.000016
_1214_,VSS,Metal1,190.2665,140.6805,0.000035
_1213_,VSS,Metal1,186.7230,133.6515,0.000022
_1212_,VSS,Metal1,172.9400,125.7375,0.000023
_1211_,VSS,Metal1,172.7230,125.0680,0.000023
_1210_,VSS,Metal1,166.5630,125.8115,0.000024
_1209_,VSS,Metal1,104.3500,133.0135,0.000034
_1208_,VSS,Metal1,53.1165,133.6365,0.000034
_1207_,VSS,Metal1,100.1565,133.6365,0.000034
_1206_,VSS,Metal1,173.7330,133.7190,0.000022
_1205_,VSS,Metal1,183.3630,132.9080,0.000022
_1204_,VSS,Metal1,157.8200,132.9825,0.000024
_1203_,VSS,Metal1,157.0430,133.6515,0.000024
_1202_,VSS,Metal1,152.5630,117.9715,0.000010
_1201_,VSS,Metal1,90.3500,125.7060,0.000026
_1200_,VSS,Metal1,69.9165,117.9565,0.000013
_1199_,VSS,Metal1,89.5165,172.1230,0.000018
_1198_,VSS,Metal1,181.3065,118.0390,0.000009
_1197_,VSS,Metal1,180.5630,125.8115,0.000021
_1196_,VSS,Metal1,167.3400,110.0575,0.000034
_1195_,VSS,Metal1,176.6430,102.2915,0.000054
_1194_,VSS,Metal1,176.6430,94.4515,0.000057
_1193_,VSS,Metal1,88.6700,109.4935,0.000075
_1192_,VSS,Metal1,81.2830,109.4030,0.000075
_1191_,VSS,Metal1,90.8030,140.7630,0.000038
_1190_,VSS,Metal1,186.3465,117.1605,0.000009
_1189_,VSS,Metal1,183.3630,125.0680,0.000021
_1188_,VSS,Metal1,153.3400,125.1425,0.000026
_1187_,VSS,Metal1,152.6365,86.6115,0.000028
_1186_,VSS,Metal1,188.6665,101.5465,0.000054
_1185_,VSS,Metal1,147.5230,117.9715,0.000010
_1184_,VSS,Metal1,94.8300,125.7060,0.000026
_1183_,VSS,Metal1,60.9565,133.6365,0.000034
_1182_,VSS,Metal1,181.5730,94.5190,0.000057
_1181_,VSS,Metal1,181.0130,102.3590,0.000052
_1180_,VSS,Metal1,191.4665,102.2930,0.000054
_1179_,VSS,Metal1,93.0430,132.9230,0.000034
_1178_,VSS,Metal1,190.5330,86.6790,0.000027
_1177_,VSS,Metal1,182.3800,172.8150,0.000015
_1176_,VSS,Metal1,191.5930,31.7050,0.000062
_1175_,VSS,Metal1,190.4530,94.4530,0.000058
_1174_,VSS,Metal1,191.4665,109.3865,0.000032
_1173_,VSS,Metal1,186.8025,39.4760,0.000079
_1172_,VSS,Metal1,190.2750,46.6305,0.000031
_1171_,VSS,Metal1,186.8500,164.9060,0.000072
_1170_,VSS,Metal1,186.1575,157.0760,0.000055
_1169_,VSS,Metal1,202.3975,196.2760,0.000035
_1168_,VSS,Metal1,196.6130,203.4665,0.000020
_1167_,VSS,Metal1,69.0130,31.7990,0.000064
_1166_,VSS,Metal1,74.1700,31.7415,0.000064
_1165_,VSS,Metal1,65.3575,31.0400,0.000062
_1164_,VSS,Metal1,79.9530,38.8450,0.000081
_1163_,VSS,Metal1,81.1000,31.6575,0.000064
_1162_,VSS,Metal1,71.6265,16.0530,0.000005
_1161_,VSS,Metal1,74.5600,38.8525,0.000078
_1160_,VSS,Metal1,63.1530,23.1650,0.000035
_1159_,VSS,Metal1,59.8400,31.7075,0.000059
_1158_,VSS,Metal1,48.7600,38.8885,0.000069
_1157_,VSS,Metal1,42.1250,30.9505,0.000059
_1156_,VSS,Metal1,49.3030,23.1390,0.000031
_1155_,VSS,Metal1,40.2400,23.1725,0.000026
_1154_,VSS,Metal1,45.0375,23.2435,0.000031
_1153_,VSS,Metal1,36.5800,38.8925,0.000056
_1152_,VSS,Metal1,37.0850,31.7690,0.000053
_1151_,VSS,Metal1,38.8300,15.9460,0.000004
_1150_,VSS,Metal1,36.0775,23.2435,0.000026
_1149_,VSS,Metal1,28.6930,38.7605,0.000055
_1148_,VSS,Metal1,70.7400,39.5075,0.000077
_1147_,VSS,Metal1,33.3100,15.9450,0.000004
_1146_,VSS,Metal1,32.4265,31.7330,0.000052
_1145_,VSS,Metal1,37.6530,30.9205,0.000053
_1144_,VSS,Metal1,74.1575,39.4760,0.000078
_1143_,VSS,Metal1,62.7730,23.8930,0.000035
_1142_,VSS,Metal1,48.8275,39.4760,0.000069
_1141_,VSS,Metal1,32.0530,38.7605,0.000056
_1140_,VSS,Metal1,45.0375,38.9235,0.000056
_1139_,VSS,Metal1,75.2775,15.9560,0.000005
_1138_,VSS,Metal1,96.7530,109.4050,0.000078
_1137_,VSS,Metal1,101.5400,94.3875,0.000056
_1136_,VSS,Metal1,101.6030,102.2915,0.000052
_1135_,VSS,Metal1,110.7465,102.3590,0.000054
_1134_,VSS,Metal1,93.0930,109.3205,0.000078
_1133_,VSS,Metal1,93.6530,118.0390,0.000013
_1132_,VSS,Metal1,96.2800,117.2885,0.000013
_1131_,VSS,Metal1,100.9800,117.2925,0.000013
_1130_,VSS,Metal1,161.7600,164.9875,0.000074
_1129_,VSS,Metal1,180.8000,180.6675,0.000015
_1128_,VSS,Metal1,175.7600,211.3325,0.000003
_1127_,VSS,Metal1,180.8000,196.3475,0.000035
_1126_,VSS,Metal1,101.3830,157.1805,0.000064
_1125_,VSS,Metal1,107.9530,157.1550,0.000064
_1124_,VSS,Metal1,107.3865,165.0790,0.000071
_1123_,VSS,Metal1,96.7000,164.9475,0.000070
_1122_,VSS,Metal1,102.1630,165.0115,0.000071
_1121_,VSS,Metal1,103.8375,172.7560,0.000018
_1120_,VSS,Metal1,138.1865,165.0790,0.000076
_1119_,VSS,Metal1,121.3400,172.1725,0.000018
_1118_,VSS,Metal1,121.7630,164.2680,0.000075
_1117_,VSS,Metal1,119.4600,164.9750,0.000075
_1116_,VSS,Metal1,116.8500,164.3735,0.000073
_1115_,VSS,Metal1,122.0565,156.4190,0.000064
_1114_,VSS,Metal1,127.9230,148.5880,0.000037
_1113_,VSS,Metal1,113.8600,157.1350,0.000064
_1112_,VSS,Metal1,128.8800,172.1325,0.000017
_1111_,VSS,Metal1,138.7465,157.2390,0.000063
_1110_,VSS,Metal1,134.2200,172.7875,0.000017
_1109_,VSS,Metal1,134.6430,172.1080,0.000017
_1108_,VSS,Metal1,138.0825,172.2035,0.000016
_1107_,VSS,Metal1,128.7765,179.9390,0.000018
_1106_,VSS,Metal1,129.6765,187.7880,0.000010
_1105_,VSS,Metal1,135.9000,179.9850,0.000017
_1104_,VSS,Metal1,132.5865,179.8805,0.000018
_1103_,VSS,Metal1,128.7765,195.6190,0.000037
_1102_,VSS,Metal1,127.3630,188.5315,0.000010
_1101_,VSS,Metal1,119.6775,188.4800,0.000009
_1100_,VSS,Metal1,126.9865,203.4005,0.000025
_1099_,VSS,Metal1,122.2600,203.5325,0.000025
_1098_,VSS,Metal1,121.7630,195.6280,0.000037
_1097_,VSS,Metal1,117.3625,195.7235,0.000037
_1096_,VSS,Metal1,110.1865,188.5990,0.000009
_1095_,VSS,Metal1,107.3400,195.6925,0.000037
_1094_,VSS,Metal1,112.8765,195.6280,0.000037
_1093_,VSS,Metal1,116.3000,203.5050,0.000025
_1092_,VSS,Metal1,115.5500,188.4260,0.000009
_1091_,VSS,Metal1,89.6230,188.5405,0.000009
_1090_,VSS,Metal1,90.9630,187.7880,0.000009
_1089_,VSS,Metal1,82.4275,195.7235,0.000038
_1088_,VSS,Metal1,74.3300,188.5875,0.000009
_1087_,VSS,Metal1,83.5730,203.4005,0.000024
_1086_,VSS,Metal1,87.5400,204.1475,0.000024
_1085_,VSS,Metal1,88.7230,203.4680,0.000024
_1084_,VSS,Metal1,79.2825,196.2760,0.000037
_1083_,VSS,Metal1,72.2165,196.3805,0.000037
_1082_,VSS,Metal1,74.7965,204.2115,0.000024
_1081_,VSS,Metal1,79.3400,195.6650,0.000037
_1080_,VSS,Metal1,76.0265,196.4390,0.000037
_1079_,VSS,Metal1,63.2565,188.5405,0.000009
_1078_,VSS,Metal1,69.1965,188.5315,0.000009
_1077_,VSS,Metal1,73.5400,195.6650,0.000037
_1076_,VSS,Metal1,70.9865,195.5605,0.000037
_1075_,VSS,Metal1,58.8230,196.3805,0.000020
_1074_,VSS,Metal1,61.3565,195.6280,0.000020
_1073_,VSS,Metal1,55.2775,195.6800,0.000019
_1072_,VSS,Metal1,37.0930,195.5605,0.000018
_1071_,VSS,Metal1,43.3630,203.4680,0.000023
_1070_,VSS,Metal1,42.8300,195.7350,0.000019
_1069_,VSS,Metal1,52.7475,196.2760,0.000019
_1068_,VSS,Metal1,39.3330,203.4005,0.000023
_1067_,VSS,Metal1,49.5230,195.6280,0.000019
_1066_,VSS,Metal1,43.9900,188.5415,0.000008
_1065_,VSS,Metal1,49.5175,188.4360,0.000008
_1064_,VSS,Metal1,19.7330,172.9190,0.000014
_1063_,VSS,Metal1,30.4830,179.9480,0.000016
_1062_,VSS,Metal1,25.4900,187.8950,0.000007
_1061_,VSS,Metal1,39.7175,187.8260,0.000008
_1060_,VSS,Metal1,19.1730,196.4390,0.000016
_1059_,VSS,Metal1,29.9230,188.5315,0.000007
_1058_,VSS,Metal1,22.1300,188.4250,0.000007
_1057_,VSS,Metal1,19.7075,187.8835,0.000007
_1056_,VSS,Metal1,16.3730,172.9190,0.000014
_1055_,VSS,Metal1,23.8365,172.8515,0.000014
_1054_,VSS,Metal1,31.0500,180.7015,0.000016
_1053_,VSS,Metal1,31.5975,187.8835,0.000007
_1052_,VSS,Metal1,23.9530,196.3550,0.000016
_1051_,VSS,Metal1,30.9800,196.3075,0.000017
_1050_,VSS,Metal1,107.8900,117.3335,0.000012
_1048_,VSS,Metal1,102.3530,110.1150,0.000080
_1047_,VSS,Metal1,108.2065,109.4050,0.000084
_1046_,VSS,Metal1,107.6530,102.3590,0.000053
_1045_,VSS,Metal1,113.2000,179.9725,0.000018
_1044_,VSS,Metal1,116.0900,165.0190,0.000073
_1043_,VSS,Metal1,112.1265,164.9950,0.000072
_1042_,VSS,Metal1,181.5900,187.7325,0.000010
_1041_,VSS,Metal1,114.2000,180.6310,0.000018
_1040_,VSS,Metal1,116.0700,172.0525,0.000018
_1039_,VSS,Metal1,128.3475,172.7560,0.000017
_1038_,VSS,Metal1,111.7625,164.3635,0.000072
_1037_,VSS,Metal1,76.0330,187.8050,0.000009
_1036_,VSS,Metal1,66.1030,195.6190,0.000036
_1035_,VSS,Metal1,55.7625,187.8835,0.000008
_1034_,VSS,Metal1,41.9000,180.6175,0.000017
_1033_,VSS,Metal1,85.3575,188.4360,0.000009
_1032_,VSS,Metal1,98.6930,39.6390,0.000085
_1031_,VSS,Metal1,103.9225,117.3235,0.000013
_1030_,VSS,Metal1,102.1100,109.4935,0.000080
_1029_,VSS,Metal1,98.4265,110.1990,0.000078
_1028_,VSS,Metal1,200.3530,16.0350,0.000004
_1027_,VSS,Metal1,175.1000,15.9875,0.000004
_1026_,VSS,Metal1,189.7065,38.7605,0.000079
_1025_,VSS,Metal1,190.5800,31.0525,0.000062
_1024_,VSS,Metal1,171.1700,15.9460,0.000004
_1023_,VSS,Metal1,174.6665,23.1465,0.000034
_1022_,VSS,Metal1,178.7200,23.1725,0.000034
_1021_,VSS,Metal1,186.3530,31.7150,0.000062
_1020_,VSS,Metal1,168.4330,39.5550,0.000082
_1019_,VSS,Metal1,186.1000,31.0525,0.000062
_1018_,VSS,Metal1,167.3065,38.7605,0.000082
_1017_,VSS,Metal1,167.6200,23.2125,0.000034
_1016_,VSS,Metal1,161.2375,31.0260,0.000062
_1015_,VSS,Metal1,162.9065,16.0530,0.000004
_1014_,VSS,Metal1,155.3100,31.0935,0.000062
_1013_,VSS,Metal1,166.1865,16.1190,0.000004
_1012_,VSS,Metal1,151.1465,16.0530,0.000005
_1011_,VSS,Metal1,154.9300,15.9460,0.000004
_1010_,VSS,Metal1,166.1865,54.4405,0.000024
_1009_,VSS,Metal1,141.6265,31.7330,0.000065
_1008_,VSS,Metal1,141.6000,23.8675,0.000039
_1007_,VSS,Metal1,147.1530,31.7150,0.000065
_1006_,VSS,Metal1,133.7130,23.8750,0.000039
_1005_,VSS,Metal1,137.3800,31.6675,0.000065
_1004_,VSS,Metal1,127.1730,46.6665,0.000034
_1003_,VSS,Metal1,121.9530,38.8450,0.000085
_1002_,VSS,Metal1,128.7200,31.0125,0.000067
_1001_,VSS,Metal1,119.7130,31.0050,0.000067
_1000_,VSS,Metal1,122.2600,23.2125,0.000039
_0999_,VSS,Metal1,108.5865,39.5730,0.000085
_0998_,VSS,Metal1,107.9530,23.8750,0.000039
_0997_,VSS,Metal1,109.2425,31.6935,0.000067
_0996_,VSS,Metal1,105.1530,16.0350,0.000006
_0995_,VSS,Metal1,111.0600,15.9875,0.000006
_0994_,VSS,Metal1,95.2530,23.1465,0.000039
_0993_,VSS,Metal1,95.3330,39.6390,0.000085
_0992_,VSS,Metal1,102.2900,39.4660,0.000085
_0991_,VSS,Metal1,102.9865,47.4130,0.000032
_0990_,VSS,Metal1,107.6530,47.4790,0.000032
_0989_,VSS,Metal1,108.0375,46.7060,0.000032
_0988_,VSS,Metal1,114.9800,31.0250,0.000067
_0987_,VSS,Metal1,110.9200,47.3510,0.000033
_0986_,VSS,Metal1,110.3730,62.3465,0.000027
_0985_,VSS,Metal1,106.2100,70.2935,0.000089
_0984_,VSS,Metal1,110.7530,63.0750,0.000027
_0983_,VSS,Metal1,103.1730,55.3190,0.000028
_0982_,VSS,Metal1,98.1265,47.3950,0.000032
_0981_,VSS,Metal1,121.3400,54.5450,0.000028
_0980_,VSS,Metal1,128.9265,54.5250,0.000027
_0979_,VSS,Metal1,132.2400,46.6925,0.000034
_0978_,VSS,Metal1,129.7700,47.4675,0.000034
_0977_,VSS,Metal1,129.7700,38.7725,0.000085
_0976_,VSS,Metal1,173.7500,39.6275,0.000079
_0975_,VSS,Metal1,162.8100,39.6275,0.000085
_0974_,VSS,Metal1,146.8825,62.4000,0.000023
_0973_,VSS,Metal1,147.6900,39.6275,0.000085
_0972_,VSS,Metal1,160.3100,54.4525,0.000024
_0971_,VSS,Metal1,162.2750,47.4490,0.000034
_0970_,VSS,Metal1,168.8100,47.4215,0.000033
_0969_,VSS,Metal1,135.2700,55.2615,0.000027
_0968_,VSS,Metal1,142.9330,54.4405,0.000026
_0967_,VSS,Metal1,155.3700,47.4215,0.000034
_0966_,VSS,Metal1,136.3900,54.4980,0.000026
_0965_,VSS,Metal1,137.5100,47.4215,0.000034
_0964_,VSS,Metal1,156.5500,39.5815,0.000085
_0963_,VSS,Metal1,146.9065,54.5200,0.000026
_0962_,VSS,Metal1,148.6500,55.2615,0.000026
_0961_,VSS,Metal1,168.8100,46.6580,0.000033
_0960_,VSS,Metal1,158.2300,55.2615,0.000024
_0959_,VSS,Metal1,175.5300,46.6580,0.000032
_0958_,VSS,Metal1,180.0100,39.5815,0.000078
_0957_,VSS,Metal1,148.1500,47.4215,0.000034
_0956_,VSS,Metal1,182.2500,46.6580,0.000031
_0955_,VSS,Metal1,153.0600,54.6460,0.000025
_0954_,VSS,Metal1,175.5300,47.4215,0.000032
_0953_,VSS,Metal1,43.5465,55.3190,0.000027
_0952_,VSS,Metal1,39.5100,46.6580,0.000030
_0951_,VSS,Metal1,28.6930,46.6005,0.000027
_0950_,VSS,Metal1,34.8275,55.1560,0.000027
_0949_,VSS,Metal1,28.9575,47.3600,0.000028
_0948_,VSS,Metal1,29.5530,55.2350,0.000027
_0947_,VSS,Metal1,18.5330,39.5730,0.000050
_0946_,VSS,Metal1,16.6100,55.1460,0.000027
_0945_,VSS,Metal1,17.7865,38.7605,0.000050
_0944_,VSS,Metal1,10.6930,54.5065,0.000027
_0943_,VSS,Metal1,21.0900,55.1460,0.000027
_0942_,VSS,Metal1,21.4130,62.2805,0.000028
_0941_,VSS,Metal1,24.0265,63.0930,0.000028
_0940_,VSS,Metal1,21.3225,78.7335,0.000028
_0939_,VSS,Metal1,28.9865,63.1590,0.000028
_0938_,VSS,Metal1,17.8665,62.3465,0.000028
_0937_,VSS,Metal1,19.2300,62.9860,0.000028
_0936_,VSS,Metal1,13.0130,78.8390,0.000028
_0935_,VSS,Metal1,17.8665,85.8665,0.000025
_0934_,VSS,Metal1,16.6100,78.6660,0.000028
_0933_,VSS,Metal1,21.4130,85.8005,0.000025
_0932_,VSS,Metal1,29.1730,93.7065,0.000046
_0931_,VSS,Metal1,22.4425,93.7460,0.000043
_0930_,VSS,Metal1,31.2330,94.4350,0.000046
_0929_,VSS,Metal1,13.2600,109.4250,0.000063
_0928_,VSS,Metal1,9.9000,101.6125,0.000044
_0927_,VSS,Metal1,20.5930,109.4050,0.000063
_0926_,VSS,Metal1,19.5465,86.6130,0.000025
_0925_,VSS,Metal1,25.3900,109.4935,0.000063
_0924_,VSS,Metal1,18.6130,93.6405,0.000043
_0923_,VSS,Metal1,21.2265,110.1330,0.000063
_0922_,VSS,Metal1,22.4425,117.9335,0.000012
_0921_,VSS,Metal1,28.9865,118.0390,0.000012
_0920_,VSS,Metal1,13.9465,117.9730,0.000012
_0919_,VSS,Metal1,17.7300,117.8660,0.000012
_0918_,VSS,Metal1,28.4265,125.0005,0.000022
_0917_,VSS,Metal1,17.3065,132.9065,0.000030
_0916_,VSS,Metal1,21.0900,133.0135,0.000030
_0915_,VSS,Metal1,25.3330,132.8405,0.000030
_0914_,VSS,Metal1,21.2265,133.6530,0.000030
_0913_,VSS,Metal1,28.7100,148.5325,0.000038
_0912_,VSS,Metal1,28.6675,141.3960,0.000034
_0911_,VSS,Metal1,22.2665,141.5590,0.000034
_0910_,VSS,Metal1,16.7465,148.5865,0.000035
_0909_,VSS,Metal1,20.8000,148.6125,0.000035
_0908_,VSS,Metal1,18.3530,156.4450,0.000050
_0907_,VSS,Metal1,16.0600,172.1450,0.000014
_0906_,VSS,Metal1,11.0200,148.6525,0.000035
_0905_,VSS,Metal1,20.5930,164.9950,0.000055
_0904_,VSS,Metal1,13.4930,156.4265,0.000050
_0903_,VSS,Metal1,23.4665,156.4265,0.000050
_0902_,VSS,Metal1,25.8930,164.2005,0.000055
_0901_,VSS,Metal1,32.5330,149.3330,0.000040
_0900_,VSS,Metal1,29.2530,149.3990,0.000038
_0899_,VSS,Metal1,33.4100,164.3735,0.000058
_0898_,VSS,Metal1,48.3400,62.3850,0.000029
_0897_,VSS,Metal1,57.5000,63.0275,0.000029
_0896_,VSS,Metal1,53.3265,54.5250,0.000029
_0895_,VSS,Metal1,64.0025,63.0400,0.000029
_0894_,VSS,Metal1,59.8665,46.6665,0.000031
_0893_,VSS,Metal1,57.4900,54.6135,0.000029
_0892_,VSS,Metal1,63.4130,46.6005,0.000031
_0891_,VSS,Metal1,66.5865,62.3465,0.000029
_0890_,VSS,Metal1,68.6900,55.1460,0.000029
_0889_,VSS,Metal1,70.1330,62.2805,0.000029
_0888_,VSS,Metal1,75.7800,62.3850,0.000029
_0887_,VSS,Metal1,79.1400,55.1875,0.000029
_0886_,VSS,Metal1,78.8265,62.2805,0.000029
_0885_,VSS,Metal1,88.5225,62.3860,0.000029
_0884_,VSS,Metal1,77.8930,54.5065,0.000029
_0883_,VSS,Metal1,82.6900,62.4535,0.000029
_0882_,VSS,Metal1,74.6130,55.3190,0.000029
_0881_,VSS,Metal1,82.3730,54.5065,0.000029
_0880_,VSS,Metal1,94.4500,62.9860,0.000028
_0879_,VSS,Metal1,98.4265,63.1590,0.000028
_0878_,VSS,Metal1,47.9225,54.6035,0.000028
_0877_,VSS,Metal1,122.4700,132.9005,0.000025
_0876_,VSS,Metal1,122.2130,133.7190,0.000025
_0875_,VSS,Metal1,161.2565,164.2590,0.000074
_0874_,VSS,Metal1,166.1865,172.0405,0.000015
_0873_,VSS,Metal1,160.1830,187.7790,0.000010
_0872_,VSS,Metal1,162.2665,204.2790,0.000022
_0871_,VSS,Metal1,167.4630,211.2990,0.000004
_0870_,VSS,Metal1,161.7065,203.4005,0.000022
_0869_,VSS,Metal1,160.1365,180.7005,0.000016
_0868_,VSS,Metal1,156.1065,187.7205,0.000010
_0867_,VSS,Metal1,99.7030,156.4190,0.000064
_0866_,VSS,Metal1,104.8530,156.3605,0.000064
_0865_,VSS,Metal1,84.5830,172.8605,0.000017
_0864_,VSS,Metal1,95.0665,179.8805,0.000018
_0863_,VSS,Metal1,85.6565,149.3405,0.000039
_0862_,VSS,Metal1,87.7865,156.3605,0.000064
_0861_,VSS,Metal1,119.2565,140.7390,0.000038
_0860_,VSS,Metal1,114.3730,140.6805,0.000038
_0859_,VSS,Metal1,152.8565,157.1805,0.000059
_0858_,VSS,Metal1,147.7065,157.2390,0.000059
_0857_,VSS,Metal1,147.3030,196.3805,0.000037
_0856_,VSS,Metal1,152.4530,196.4390,0.000036
_0855_,VSS,Metal1,140.5830,196.3805,0.000037
_0854_,VSS,Metal1,140.9865,203.4005,0.000025
_0853_,VSS,Metal1,148.9365,179.9390,0.000017
_0852_,VSS,Metal1,139.5730,179.8805,0.000017
_0851_,VSS,Metal1,102.4565,149.3405,0.000039
_0850_,VSS,Metal1,107.9465,180.7590,0.000018
_0849_,VSS,Metal1,91.2565,179.9390,0.000018
_0848_,VSS,Metal1,95.0665,187.7205,0.000009
_0847_,VSS,Metal1,77.8630,172.0990,0.000017
_0846_,VSS,Metal1,81.3330,179.8805,0.000018
_0845_,VSS,Metal1,80.1030,140.7390,0.000039
_0844_,VSS,Metal1,87.7865,148.5205,0.000039
_0843_,VSS,Metal1,73.9430,140.7390,0.000039
_0842_,VSS,Metal1,88.0530,164.2005,0.000064
_0841_,VSS,Metal1,147.3030,204.2205,0.000025
_0840_,VSS,Metal1,155.5465,196.4390,0.000036
_0839_,VSS,Metal1,102.4565,196.3805,0.000038
_0838_,VSS,Metal1,97.0130,203.4005,0.000024
_0837_,VSS,Metal1,143.2330,179.9650,0.000017
_0836_,VSS,Metal1,151.9400,164.9475,0.000075
_0835_,VSS,Metal1,39.8930,172.0405,0.000015
_0834_,VSS,Metal1,50.0200,172.1725,0.000015
_0833_,VSS,Metal1,36.2665,172.9190,0.000014
_0832_,VSS,Metal1,58.3730,172.9190,0.000016
_0831_,VSS,Metal1,64.0200,172.7875,0.000017
_0830_,VSS,Metal1,48.8530,179.8805,0.000017
_0829_,VSS,Metal1,61.7330,165.0790,0.000061
_0828_,VSS,Metal1,69.6200,164.9475,0.000064
_0827_,VSS,Metal1,44.3730,179.8805,0.000017
_0826_,VSS,Metal1,41.0130,179.8805,0.000017
_0825_,VSS,Metal1,44.4200,172.1725,0.000015
_0824_,VSS,Metal1,37.3865,179.8805,0.000017
_0823_,VSS,Metal1,60.6130,70.9990,0.000084
_0822_,VSS,Metal1,67.3800,85.9325,0.000028
_0821_,VSS,Metal1,54.1865,63.1590,0.000029
_0820_,VSS,Metal1,40.4530,55.3190,0.000027
_0819_,VSS,Metal1,50.0200,70.2525,0.000081
_0818_,VSS,Metal1,30.1065,62.2805,0.000028
_0817_,VSS,Metal1,29.8130,70.1205,0.000081
_0816_,VSS,Metal1,54.5000,78.0925,0.000032
_0815_,VSS,Metal1,27.0130,62.2805,0.000028
_0814_,VSS,Metal1,36.5330,63.1590,0.000029
_0813_,VSS,Metal1,50.0200,78.0925,0.000032
_0812_,VSS,Metal1,33.1730,63.1590,0.000029
_0811_,VSS,Metal1,34.2930,86.6790,0.000026
_0810_,VSS,Metal1,54.5000,93.7725,0.000050
_0809_,VSS,Metal1,27.3065,85.8005,0.000025
_0808_,VSS,Metal1,59.4930,86.6790,0.000028
_0807_,VSS,Metal1,72.4200,94.3875,0.000051
_0806_,VSS,Metal1,31.4930,78.8390,0.000031
_0805_,VSS,Metal1,63.9730,102.3590,0.000051
_0804_,VSS,Metal1,76.9000,110.0675,0.000073
_0803_,VSS,Metal1,24.7730,86.6790,0.000025
_0802_,VSS,Metal1,39.8930,125.0005,0.000024
_0801_,VSS,Metal1,44.4200,125.1325,0.000024
_0800_,VSS,Metal1,34.0265,102.3590,0.000047
_0799_,VSS,Metal1,63.9730,118.0390,0.000013
_0798_,VSS,Metal1,72.4200,110.0675,0.000072
_0797_,VSS,Metal1,30.1065,109.3205,0.000067
_0796_,VSS,Metal1,35.4130,94.5190,0.000047
_0795_,VSS,Metal1,50.0200,93.7725,0.000048
_0794_,VSS,Metal1,30.9330,86.6790,0.000026
_0793_,VSS,Metal1,37.6530,102.3590,0.000047
_0792_,VSS,Metal1,50.0200,109.4525,0.000072
_0791_,VSS,Metal1,35.1465,125.0005,0.000024
_0790_,VSS,Metal1,55.0130,118.0390,0.000013
_0789_,VSS,Metal1,60.6600,117.9075,0.000013
_0788_,VSS,Metal1,34.2930,118.0390,0.000013
_0787_,VSS,Metal1,41.0130,140.6805,0.000038
_0786_,VSS,Metal1,50.0200,125.1325,0.000024
_0785_,VSS,Metal1,34.2930,125.8790,0.000024
_0784_,VSS,Metal1,66.7730,132.8405,0.000034
_0783_,VSS,Metal1,70.1800,125.7475,0.000025
_0782_,VSS,Metal1,33.7330,133.7190,0.000033
_0781_,VSS,Metal1,62.8530,141.5590,0.000038
_0780_,VSS,Metal1,70.1800,140.8125,0.000039
_0779_,VSS,Metal1,37.6530,140.6805,0.000037
_0778_,VSS,Metal1,44.3730,140.6805,0.000038
_0777_,VSS,Metal1,51.1400,140.8125,0.000038
_0776_,VSS,Metal1,33.7330,141.5590,0.000036
_0775_,VSS,Metal1,49.1530,164.2850,0.000061
_0774_,VSS,Metal1,58.4200,164.9475,0.000061
_0773_,VSS,Metal1,40.4465,149.3150,0.000040
_0772_,VSS,Metal1,51.1400,148.6525,0.000040
_0771_,VSS,Metal1,57.2530,70.9990,0.000083
_0770_,VSS,Metal1,61.2200,85.9325,0.000028
_0769_,VSS,Metal1,60.0530,70.1205,0.000084
_0768_,VSS,Metal1,63.7065,86.6790,0.000028
_0767_,VSS,Metal1,64.0200,94.3875,0.000051
_0766_,VSS,Metal1,63.7065,70.9990,0.000090
_0765_,VSS,Metal1,83.3065,93.6405,0.000056
_0764_,VSS,Metal1,83.6200,101.6125,0.000052
_0763_,VSS,Metal1,68.7465,70.1205,0.000093
_0762_,VSS,Metal1,75.7330,77.9605,0.000032
_0761_,VSS,Metal1,89.2200,85.9325,0.000029
_0760_,VSS,Metal1,68.7465,70.9990,0.000093
_0759_,VSS,Metal1,84.6930,78.8390,0.000032
_0758_,VSS,Metal1,89.2200,78.0925,0.000032
_0757_,VSS,Metal1,90.8530,63.1590,0.000028
_0756_,VSS,Metal1,93.0930,85.8005,0.000029
_0755_,VSS,Metal1,95.3800,78.0925,0.000032
_0754_,VSS,Metal1,93.3865,70.9990,0.000093
_0753_,VSS,Metal1,116.8900,118.0015,0.000012
_0752_,VSS,Metal1,111.0130,125.8790,0.000026
_0751_,VSS,Metal1,114.0025,117.3235,0.000012
_0750_,VSS,Metal1,106.5330,85.8005,0.000030
_0749_,VSS,Metal1,116.7230,78.7715,0.000031
_0748_,VSS,Metal1,110.5065,78.7600,0.000031
_0747_,VSS,Metal1,116.8600,125.6735,0.000026
_0746_,VSS,Metal1,115.6825,133.0035,0.000030
_0745_,VSS,Metal1,102.9065,118.0390,0.000013
_0744_,VSS,Metal1,112.2375,117.3235,0.000012
_0743_,VSS,Metal1,114.4775,102.1960,0.000054
_0742_,VSS,Metal1,117.8375,109.4835,0.000084
_0741_,VSS,Metal1,120.8330,125.0850,0.000026
_0740_,VSS,Metal1,118.8400,94.5055,0.000059
_0739_,VSS,Metal1,114.9265,86.5950,0.000030
_0738_,VSS,Metal1,113.8130,94.5190,0.000059
_0737_,VSS,Metal1,120.5200,86.6655,0.000030
_0736_,VSS,Metal1,136.7600,133.7055,0.000024
_0735_,VSS,Metal1,168.1200,140.6940,0.000035
_0734_,VSS,Metal1,149.6400,133.7055,0.000024
_0733_,VSS,Metal1,168.1200,117.1740,0.000009
_0732_,VSS,Metal1,139.0000,125.8655,0.000026
_0731_,VSS,Metal1,167.0700,125.1735,0.000024
_0730_,VSS,Metal1,181.3065,117.1605,0.000009
_0729_,VSS,Metal1,178.8775,117.8760,0.000009
_0728_,VSS,Metal1,128.6665,117.1605,0.000011
_0727_,VSS,Metal1,126.9400,102.2275,0.000055
_0726_,VSS,Metal1,131.7330,102.3590,0.000056
_0725_,VSS,Metal1,139.8665,110.1990,0.000084
_0724_,VSS,Metal1,135.3400,110.0675,0.000084
_0723_,VSS,Metal1,140.6930,102.3590,0.000056
_0722_,VSS,Metal1,165.8930,133.7190,0.000022
_0721_,VSS,Metal1,170.4200,133.5875,0.000022
_0720_,VSS,Metal1,161.7065,132.8405,0.000023
_0719_,VSS,Metal1,151.6265,148.5205,0.000036
_0718_,VSS,Metal1,146.5400,140.8125,0.000036
_0717_,VSS,Metal1,135.9465,132.8405,0.000024
_0716_,VSS,Metal1,161.9730,109.3205,0.000076
_0715_,VSS,Metal1,167.6200,109.4525,0.000034
_0714_,VSS,Metal1,161.7065,101.4805,0.000054
_0713_,VSS,Metal1,125.5730,133.7190,0.000025
_0712_,VSS,Metal1,130.3000,117.9075,0.000011
_0711_,VSS,Metal1,123.0730,117.9550,0.000012
_0710_,VSS,Metal1,118.4825,133.5560,0.000025
_0709_,VSS,Metal1,114.3730,109.3205,0.000084
_0708_,VSS,Metal1,162.6375,110.0360,0.000076
_0707_,VSS,Metal1,161.4700,117.3335,0.000009
_0706_,VSS,Metal1,181.5730,86.6790,0.000027
_0705_,VSS,Metal1,186.0900,109.3805,0.000032
_0704_,VSS,Metal1,137.6525,102.1960,0.000056
_0703_,VSS,Metal1,140.2375,78.6760,0.000026
_0702_,VSS,Metal1,143.0375,78.6760,0.000026
_0701_,VSS,Metal1,129.4600,70.8575,0.000072
_0700_,VSS,Metal1,138.5575,70.8360,0.000072
_0699_,VSS,Metal1,146.2675,78.6760,0.000026
_0698_,VSS,Metal1,146.9575,86.5160,0.000030
_0697_,VSS,Metal1,150.8775,78.6760,0.000026
_0696_,VSS,Metal1,128.9330,85.8005,0.000030
_0695_,VSS,Metal1,136.8200,78.7075,0.000026
_0694_,VSS,Metal1,132.0265,78.8390,0.000027
_0693_,VSS,Metal1,159.7800,78.0925,0.000025
_0692_,VSS,Metal1,162.2730,70.9150,0.000068
_0691_,VSS,Metal1,159.8375,93.8035,0.000058
_0690_,VSS,Metal1,158.8500,86.5060,0.000028
_0689_,VSS,Metal1,185.7300,172.2135,0.000015
_0688_,VSS,Metal1,199.9730,211.3065,0.000003
_0687_,VSS,Metal1,163.9725,188.4360,0.000010
_0686_,VSS,Metal1,163.0930,172.9190,0.000016
_0685_,VSS,Metal1,201.2775,203.5635,0.000020
_0684_,VSS,Metal1,186.0530,118.0390,0.000009
_0683_,VSS,Metal1,191.5930,39.5450,0.000079
_0682_,VSS,Metal1,195.3150,38.7905,0.000079
_0681_,VSS,Metal1,172.8025,86.5160,0.000027
_0679_,VSS,Metal1,154.9865,180.7665,0.000016
_0678_,VSS,Metal1,201.9800,23.8550,0.000035
_0677_,VSS,Metal1,199.7400,38.8650,0.000079
_0676_,VSS,Metal1,185.7400,110.0950,0.000032
_0675_,VSS,Metal1,162.7800,78.0650,0.000025
_0674_,VSS,Metal1,84.3800,38.8650,0.000081
_0673_,VSS,Metal1,108.4600,211.3450,0.000003
_0672_,VSS,Metal1,74.6600,164.9750,0.000064
_0671_,VSS,Metal1,107.3400,141.4550,0.000038
_0670_,VSS,Metal1,152.7000,180.6550,0.000017
_0669_,VSS,Metal1,155.5000,149.2950,0.000035
_0668_,VSS,Metal1,91.1000,148.6250,0.000039
_0667_,VSS,Metal1,83.6200,172.1450,0.000017
_0666_,VSS,Metal1,162.7800,195.6650,0.000035
_0665_,VSS,Metal1,155.8600,204.1750,0.000025
_0664_,VSS,Metal1,157.5400,211.3450,0.000004
_0663_,VSS,Metal1,172.8600,157.1350,0.000058
_0662_,VSS,Metal1,44.0600,156.4650,0.000055
_0661_,VSS,Metal1,28.1800,157.1350,0.000055
_0660_,VSS,Metal1,106.5800,63.0550,0.000028
_0659_,VSS,Metal1,141.8600,47.3750,0.000034
_0658_,VSS,Metal1,57.8600,180.6550,0.000018
_0657_,VSS,Metal1,64.0200,196.3350,0.000036
_0656_,VSS,Metal1,70.3800,180.6550,0.000018
_0655_,VSS,Metal1,77.1000,195.6650,0.000037
_0654_,VSS,Metal1,94.4600,188.4950,0.000009
_0653_,VSS,Metal1,131.7800,195.6650,0.000037
_0652_,VSS,Metal1,133.4600,187.8250,0.000010
_0651_,VSS,Metal1,117.2200,156.4650,0.000064
_0650_,VSS,Metal1,107.9000,156.4650,0.000064
_0649_,VSS,Metal1,100.6200,117.9350,0.000013
_0648_,VSS,Metal1,99.8600,55.2150,0.000029
_0647_,VSS,Metal1,41.6200,38.8650,0.000056
_0646_,VSS,Metal1,54.7000,38.8650,0.000075
_0645_,VSS,Metal1,170.4200,86.5750,0.000027
_0644_,VSS,Metal1,193.5800,86.5750,0.000027
