Instance,Terminal,Layer,X location,Y location,Voltage
FILLER_49_350,VDD,Metal1,203.0000,207.7600,4.999990
FILLER_49_295,VDD,Metal1,172.2000,207.7600,4.999990
FILLER_49_293,VDD,Metal1,171.3600,207.7600,4.999990
FILLER_49_274,VDD,Metal1,160.4400,207.7600,4.999989
FILLER_49_264,VDD,Metal1,156.0600,208.1925,4.999989
FILLER_49_256,VDD,Metal1,152.8265,208.3365,4.999989
FILLER_49_240,VDD,Metal1,146.2080,208.4520,4.999989
FILLER_49_206,VDD,Metal1,131.7155,208.5285,4.999989
FILLER_49_203,VDD,Metal1,120.6800,207.7600,4.999989
FILLER_49_199,VDD,Metal1,119.6600,208.1925,4.999989
FILLER_49_183,VDD,Metal1,114.2880,208.4520,4.999989
FILLER_49_178,VDD,Metal1,106.6800,207.7600,4.999989
FILLER_49_176,VDD,Metal1,105.8400,207.7600,4.999989
FILLER_49_172,VDD,Metal1,104.5400,208.1925,4.999989
FILLER_49_138,VDD,Metal1,93.6355,208.5285,4.999989
FILLER_49_104,VDD,Metal1,74.5955,208.5285,4.999990
FILLER_49_70,VDD,Metal1,55.5555,208.5285,4.999991
FILLER_49_36,VDD,Metal1,36.5155,208.5285,4.999991
FILLER_49_2,VDD,Metal1,17.4755,208.5285,4.999991
FILLER_48_346,VDD,Metal1,200.7600,207.7600,4.999990
FILLER_48_306,VDD,Metal1,178.3600,207.7600,4.999990
FILLER_48_257,VDD,Metal1,153.3865,207.1830,4.999989
FILLER_48_244,VDD,Metal1,143.6400,207.7600,4.999989
FILLER_48_240,VDD,Metal1,142.6200,207.3275,4.999989
FILLER_48_232,VDD,Metal1,139.3865,207.1830,4.999989
FILLER_48_177,VDD,Metal1,106.1200,207.7600,4.999989
FILLER_48_171,VDD,Metal1,103.9800,207.3275,4.999989
FILLER_48_163,VDD,Metal1,100.7465,207.1830,4.999989
FILLER_48_147,VDD,Metal1,94.1280,207.0680,4.999989
FILLER_48_138,VDD,Metal1,84.2800,207.7600,4.999990
FILLER_48_134,VDD,Metal1,83.2600,207.3275,4.999990
FILLER_48_126,VDD,Metal1,80.0265,207.1830,4.999990
FILLER_48_115,VDD,Metal1,71.6800,207.7600,4.999990
FILLER_48_107,VDD,Metal1,69.3865,207.1830,4.999990
FILLER_48_104,VDD,Metal1,65.2400,207.7600,4.999990
FILLER_48_96,VDD,Metal1,63.2265,207.1830,4.999990
FILLER_48_80,VDD,Metal1,56.6080,207.0680,4.999991
FILLER_48_49,VDD,Metal1,34.7200,207.7600,4.999991
FILLER_48_45,VDD,Metal1,33.4200,207.3275,4.999991
FILLER_48_37,VDD,Metal1,30.1865,207.1830,4.999991
FILLER_48_34,VDD,Metal1,26.0400,207.7600,4.999991
FILLER_48_2,VDD,Metal1,17.4755,206.9910,4.999991
FILLER_47_272,VDD,Metal1,159.6000,199.9200,4.999971
FILLER_47_236,VDD,Metal1,139.1600,199.9200,4.999969
FILLER_47_234,VDD,Metal1,138.3200,199.9200,4.999969
FILLER_47_218,VDD,Metal1,133.8880,200.6120,4.999969
FILLER_47_209,VDD,Metal1,124.0400,199.9200,4.999969
FILLER_47_197,VDD,Metal1,118.5400,200.3525,4.999969
FILLER_47_157,VDD,Metal1,94.9200,199.9200,4.999970
FILLER_47_155,VDD,Metal1,94.0800,199.9200,4.999970
FILLER_47_151,VDD,Metal1,92.7800,200.3525,4.999970
FILLER_47_133,VDD,Metal1,81.4800,199.9200,4.999970
FILLER_47_131,VDD,Metal1,80.6400,199.9200,4.999970
FILLER_47_72,VDD,Metal1,47.3200,199.9200,4.999972
FILLER_47_54,VDD,Metal1,37.2400,199.9200,4.999972
FILLER_47_52,VDD,Metal1,36.4000,199.9200,4.999972
FILLER_47_22,VDD,Metal1,19.3200,199.9200,4.999973
FILLER_47_18,VDD,Metal1,18.3000,200.3525,4.999973
FILLER_47_2,VDD,Metal1,12.9280,200.6120,4.999973
FILLER_46_303,VDD,Metal1,176.9600,199.9200,4.999971
FILLER_46_273,VDD,Metal1,159.8800,199.9200,4.999971
FILLER_46_269,VDD,Metal1,158.8600,199.4875,4.999970
FILLER_46_164,VDD,Metal1,98.8400,199.9200,4.999970
FILLER_46_162,VDD,Metal1,98.0000,199.9200,4.999970
FILLER_46_127,VDD,Metal1,78.1200,199.9200,4.999970
FILLER_46_107,VDD,Metal1,68.1400,199.4875,4.999970
FILLER_46_99,VDD,Metal1,62.7200,199.9200,4.999972
FILLER_46_87,VDD,Metal1,56.0000,199.9200,4.999972
FILLER_46_79,VDD,Metal1,51.2400,199.9200,4.999972
FILLER_46_46,VDD,Metal1,33.9800,199.4875,4.999973
FILLER_46_37,VDD,Metal1,27.7200,199.9200,4.999973
FILLER_46_25,VDD,Metal1,21.2800,199.9200,4.999973
FILLER_46_14,VDD,Metal1,14.8400,199.9200,4.999973
FILLER_46_10,VDD,Metal1,13.8200,199.4875,4.999973
FILLER_46_2,VDD,Metal1,10.5865,199.3430,4.999973
FILLER_45_311,VDD,Metal1,181.1600,192.0800,4.999981
FILLER_45_272,VDD,Metal1,160.5400,192.5125,4.999981
FILLER_45_228,VDD,Metal1,134.6800,192.0800,4.999981
FILLER_45_226,VDD,Metal1,133.8400,192.0800,4.999981
FILLER_45_194,VDD,Metal1,115.9200,192.0800,4.999982
FILLER_45_175,VDD,Metal1,105.2800,192.0800,4.999983
FILLER_45_171,VDD,Metal1,103.9800,192.5125,4.999983
FILLER_45_131,VDD,Metal1,80.6400,192.0800,4.999984
FILLER_45_122,VDD,Metal1,75.3200,192.0800,4.999985
FILLER_45_83,VDD,Metal1,53.4800,192.0800,4.999986
FILLER_45_81,VDD,Metal1,52.6400,192.0800,4.999986
FILLER_45_35,VDD,Metal1,31.4080,192.7720,4.999988
FILLER_45_2,VDD,Metal1,9.3400,192.5125,4.999988
FILLER_44_317,VDD,Metal1,184.8000,192.0800,4.999981
FILLER_44_244,VDD,Metal1,143.6400,192.0800,4.999981
FILLER_44_236,VDD,Metal1,141.6265,191.5030,4.999981
FILLER_44_220,VDD,Metal1,135.0080,191.3880,4.999981
FILLER_44_210,VDD,Metal1,124.6000,192.0800,4.999982
FILLER_44_208,VDD,Metal1,123.7600,192.0800,4.999982
FILLER_44_198,VDD,Metal1,117.8800,192.0800,4.999982
FILLER_44_188,VDD,Metal1,112.5600,192.0800,4.999983
FILLER_44_181,VDD,Metal1,108.3600,192.0800,4.999983
FILLER_44_177,VDD,Metal1,107.3400,191.6475,4.999983
FILLER_44_174,VDD,Metal1,104.4400,192.0800,4.999983
FILLER_44_158,VDD,Metal1,100.2880,191.3880,4.999983
FILLER_44_142,VDD,Metal1,86.8000,192.0800,4.999983
FILLER_44_136,VDD,Metal1,83.1600,192.0800,4.999984
FILLER_44_134,VDD,Metal1,82.3200,192.0800,4.999984
FILLER_44_126,VDD,Metal1,80.0265,191.5030,4.999984
FILLER_44_94,VDD,Metal1,59.6400,192.0800,4.999986
FILLER_44_78,VDD,Metal1,55.4880,191.3880,4.999986
FILLER_44_60,VDD,Metal1,40.6000,192.0800,4.999987
FILLER_44_58,VDD,Metal1,39.7600,192.0800,4.999987
FILLER_44_54,VDD,Metal1,38.4600,191.6475,4.999988
FILLER_44_46,VDD,Metal1,35.2265,191.5030,4.999988
FILLER_44_18,VDD,Metal1,18.3000,191.6475,4.999988
FILLER_43_319,VDD,Metal1,185.6400,184.2400,4.999982
FILLER_43_317,VDD,Metal1,184.8000,184.2400,4.999983
FILLER_43_263,VDD,Metal1,154.2800,184.2400,4.999982
FILLER_43_261,VDD,Metal1,153.4400,184.2400,4.999982
FILLER_43_253,VDD,Metal1,151.1465,184.8165,4.999982
FILLER_43_237,VDD,Metal1,140.0000,184.2400,4.999981
FILLER_43_229,VDD,Metal1,137.7065,184.8165,4.999981
FILLER_43_224,VDD,Metal1,132.4400,184.2400,4.999981
FILLER_43_214,VDD,Metal1,126.8400,184.2400,4.999981
FILLER_43_212,VDD,Metal1,126.0000,184.2400,4.999981
FILLER_43_209,VDD,Metal1,124.0400,184.2400,4.999981
FILLER_43_193,VDD,Metal1,119.8880,184.9320,4.999981
FILLER_43_161,VDD,Metal1,106.5155,185.0085,4.999981
FILLER_43_142,VDD,Metal1,87.7400,184.6725,4.999981
FILLER_43_136,VDD,Metal1,84.3800,184.6725,4.999981
FILLER_43_128,VDD,Metal1,81.1465,184.8165,4.999981
FILLER_43_84,VDD,Metal1,54.3200,184.2400,4.999986
FILLER_43_80,VDD,Metal1,53.0200,184.6725,4.999986
FILLER_43_72,VDD,Metal1,49.7865,184.8165,4.999986
FILLER_43_69,VDD,Metal1,45.6400,184.2400,4.999986
FILLER_43_67,VDD,Metal1,44.8000,184.2400,4.999986
FILLER_43_63,VDD,Metal1,43.5000,184.6725,4.999986
FILLER_43_50,VDD,Metal1,35.2800,184.2400,4.999988
FILLER_43_46,VDD,Metal1,33.9800,184.6725,4.999988
FILLER_43_19,VDD,Metal1,17.9200,184.2400,4.999989
FILLER_43_12,VDD,Metal1,13.7200,184.2400,4.999989
FILLER_43_10,VDD,Metal1,12.8800,184.2400,4.999989
FILLER_43_2,VDD,Metal1,10.5865,184.8165,4.999989
FILLER_42_303,VDD,Metal1,176.9600,184.2400,4.999985
FILLER_42_257,VDD,Metal1,150.9200,184.2400,4.999982
FILLER_42_255,VDD,Metal1,150.0800,184.2400,4.999982
FILLER_42_247,VDD,Metal1,147.7865,183.6630,4.999982
FILLER_42_244,VDD,Metal1,143.6400,184.2400,4.999981
FILLER_42_242,VDD,Metal1,142.8000,184.2400,4.999981
FILLER_42_234,VDD,Metal1,140.5065,183.6630,4.999981
FILLER_42_203,VDD,Metal1,120.9600,184.2400,4.999981
FILLER_42_195,VDD,Metal1,118.6665,183.6630,4.999981
FILLER_42_177,VDD,Metal1,106.1200,184.2400,4.999981
FILLER_42_167,VDD,Metal1,102.9865,183.6630,4.999981
FILLER_42_137,VDD,Metal1,83.7200,184.2400,4.999981
FILLER_42_135,VDD,Metal1,82.8800,184.2400,4.999981
FILLER_42_131,VDD,Metal1,81.5800,183.8075,4.999981
FILLER_42_115,VDD,Metal1,76.2080,183.5480,4.999981
FILLER_42_107,VDD,Metal1,68.1400,183.8075,4.999981
FILLER_42_104,VDD,Metal1,65.2400,184.2400,4.999981
FILLER_42_102,VDD,Metal1,64.4000,184.2400,4.999981
FILLER_42_94,VDD,Metal1,62.1065,183.6630,4.999981
FILLER_42_82,VDD,Metal1,55.3865,183.6630,4.999986
FILLER_42_66,VDD,Metal1,48.7680,183.5480,4.999986
FILLER_42_55,VDD,Metal1,37.8000,184.2400,4.999986
FILLER_42_53,VDD,Metal1,36.9600,184.2400,4.999986
FILLER_42_49,VDD,Metal1,35.6600,183.8075,4.999988
FILLER_42_33,VDD,Metal1,25.7600,184.2400,4.999989
FILLER_42_2,VDD,Metal1,8.4000,184.2400,4.999989
FILLER_41_311,VDD,Metal1,181.4400,176.4000,4.999984
FILLER_41_232,VDD,Metal1,137.2000,176.4000,4.999983
FILLER_41_208,VDD,Metal1,123.7600,176.4000,4.999983
FILLER_41_204,VDD,Metal1,122.4600,176.8325,4.999983
FILLER_41_196,VDD,Metal1,119.2265,176.9765,4.999983
FILLER_41_144,VDD,Metal1,87.6400,176.4000,4.999983
FILLER_41_142,VDD,Metal1,86.8000,176.4000,4.999983
FILLER_41_136,VDD,Metal1,84.3800,176.8325,4.999983
FILLER_41_128,VDD,Metal1,78.9600,176.4000,4.999983
FILLER_41_124,VDD,Metal1,77.6600,176.8325,4.999983
FILLER_41_116,VDD,Metal1,74.4265,176.9765,4.999983
FILLER_41_86,VDD,Metal1,55.1600,176.4000,4.999983
FILLER_41_78,VDD,Metal1,53.1465,176.9765,4.999983
FILLER_41_51,VDD,Metal1,35.5600,176.4000,4.999984
FILLER_41_47,VDD,Metal1,34.5400,176.8325,4.999987
FILLER_41_8,VDD,Metal1,11.4800,176.4000,4.999987
FILLER_41_6,VDD,Metal1,10.6400,176.4000,4.999987
FILLER_41_2,VDD,Metal1,9.3400,176.8325,4.999987
FILLER_40_347,VDD,Metal1,202.5400,175.9675,4.999984
FILLER_40_241,VDD,Metal1,143.1800,175.9675,4.999983
FILLER_40_233,VDD,Metal1,139.9465,175.8230,4.999983
FILLER_40_224,VDD,Metal1,132.4400,176.4000,4.999983
FILLER_40_222,VDD,Metal1,131.6000,176.4000,4.999983
FILLER_40_213,VDD,Metal1,126.5600,176.4000,4.999983
FILLER_40_209,VDD,Metal1,125.2600,175.9675,4.999983
FILLER_40_177,VDD,Metal1,115.4755,175.6310,4.999983
FILLER_40_133,VDD,Metal1,81.7600,176.4000,4.999983
FILLER_40_107,VDD,Metal1,66.9200,176.4000,4.999983
FILLER_40_95,VDD,Metal1,60.4800,176.4000,4.999983
FILLER_40_85,VDD,Metal1,55.8200,175.9675,4.999983
FILLER_40_49,VDD,Metal1,34.4400,176.4000,4.999987
FILLER_40_45,VDD,Metal1,33.4200,175.9675,4.999987
FILLER_40_37,VDD,Metal1,30.1865,175.8230,4.999987
FILLER_40_10,VDD,Metal1,13.8200,175.9675,4.999987
FILLER_40_2,VDD,Metal1,10.5865,175.8230,4.999987
FILLER_39_314,VDD,Metal1,183.1200,168.5600,4.999943
FILLER_39_288,VDD,Metal1,168.2800,168.5600,4.999943
FILLER_39_278,VDD,Metal1,162.9600,168.5600,4.999942
FILLER_39_248,VDD,Metal1,145.8800,168.5600,4.999941
FILLER_39_246,VDD,Metal1,145.0400,168.5600,4.999941
FILLER_39_238,VDD,Metal1,142.7465,169.1365,4.999941
FILLER_39_212,VDD,Metal1,126.0000,168.5600,4.999941
FILLER_39_200,VDD,Metal1,119.2800,168.5600,4.999941
FILLER_39_160,VDD,Metal1,96.6000,168.5600,4.999944
FILLER_39_156,VDD,Metal1,95.5800,168.9925,4.999944
FILLER_39_135,VDD,Metal1,82.6000,168.5600,4.999944
FILLER_39_133,VDD,Metal1,81.7600,168.5600,4.999944
FILLER_39_121,VDD,Metal1,75.0400,168.5600,4.999946
FILLER_39_88,VDD,Metal1,57.5000,168.9925,4.999947
FILLER_39_80,VDD,Metal1,54.2665,169.1365,4.999970
FILLER_39_54,VDD,Metal1,37.5200,168.5600,4.999971
FILLER_39_50,VDD,Metal1,36.2200,168.9925,4.999971
FILLER_39_18,VDD,Metal1,26.4355,169.3285,4.999971
FILLER_39_10,VDD,Metal1,13.8200,168.9925,4.999971
FILLER_39_2,VDD,Metal1,10.5865,169.1365,4.999971
FILLER_38_317,VDD,Metal1,184.5200,168.5600,4.999943
FILLER_38_262,VDD,Metal1,153.7200,168.5600,4.999942
FILLER_38_253,VDD,Metal1,148.6800,168.5600,4.999942
FILLER_38_251,VDD,Metal1,147.8400,168.5600,4.999942
FILLER_38_247,VDD,Metal1,146.5400,168.1275,4.999941
FILLER_38_244,VDD,Metal1,143.6400,168.5600,4.999941
FILLER_38_242,VDD,Metal1,142.8000,168.5600,4.999941
FILLER_38_238,VDD,Metal1,141.5000,168.1275,4.999941
FILLER_38_204,VDD,Metal1,121.5200,168.5600,4.999941
FILLER_38_183,VDD,Metal1,109.4800,168.5600,4.999943
FILLER_38_157,VDD,Metal1,94.9200,168.5600,4.999944
FILLER_38_153,VDD,Metal1,93.9000,168.1275,4.999944
FILLER_38_119,VDD,Metal1,73.6400,168.5600,4.999946
FILLER_38_115,VDD,Metal1,72.6200,168.1275,4.999946
FILLER_38_101,VDD,Metal1,64.7800,168.1275,4.999946
FILLER_38_86,VDD,Metal1,55.1600,168.5600,4.999970
FILLER_38_53,VDD,Metal1,37.9000,168.1275,4.999971
FILLER_38_37,VDD,Metal1,32.5280,167.8680,4.999971
FILLER_38_33,VDD,Metal1,25.7600,168.5600,4.999971
FILLER_38_29,VDD,Metal1,24.4600,168.1275,4.999971
FILLER_38_20,VDD,Metal1,18.2000,168.5600,4.999971
FILLER_38_18,VDD,Metal1,17.3600,168.5600,4.999971
FILLER_37_345,VDD,Metal1,201.4200,161.1525,4.999936
FILLER_37_310,VDD,Metal1,180.6000,160.7200,4.999938
FILLER_37_308,VDD,Metal1,179.7600,160.7200,4.999938
FILLER_37_256,VDD,Metal1,152.8265,161.2965,4.999937
FILLER_37_226,VDD,Metal1,133.5600,160.7200,4.999936
FILLER_37_191,VDD,Metal1,114.2400,160.7200,4.999935
FILLER_37_156,VDD,Metal1,94.3600,160.7200,4.999934
FILLER_37_148,VDD,Metal1,92.3465,161.2965,4.999934
FILLER_37_109,VDD,Metal1,68.3200,160.7200,4.999934
FILLER_37_105,VDD,Metal1,67.0200,161.1525,4.999934
FILLER_37_68,VDD,Metal1,45.3600,160.7200,4.999941
FILLER_37_52,VDD,Metal1,40.9280,161.4120,4.999941
FILLER_37_43,VDD,Metal1,31.0800,160.7200,4.999941
FILLER_37_41,VDD,Metal1,30.2400,160.7200,4.999944
FILLER_37_37,VDD,Metal1,28.9400,161.1525,4.999944
FILLER_36_298,VDD,Metal1,173.8800,160.7200,4.999938
FILLER_36_247,VDD,Metal1,145.6000,160.7200,4.999936
FILLER_36_243,VDD,Metal1,143.3600,160.7200,4.999936
FILLER_36_239,VDD,Metal1,142.0600,160.2875,4.999936
FILLER_36_189,VDD,Metal1,112.8400,160.7200,4.999934
FILLER_36_185,VDD,Metal1,111.8200,160.2875,4.999934
FILLER_36_164,VDD,Metal1,98.8400,160.7200,4.999934
FILLER_36_162,VDD,Metal1,98.0000,160.7200,4.999934
FILLER_36_158,VDD,Metal1,96.7000,160.2875,4.999934
FILLER_36_95,VDD,Metal1,60.4800,160.7200,4.999937
FILLER_36_2,VDD,Metal1,9.3400,160.2875,4.999948
FILLER_35_282,VDD,Metal1,165.2000,152.8800,4.999961
FILLER_35_250,VDD,Metal1,147.0000,152.8800,4.999960
FILLER_35_246,VDD,Metal1,145.9800,153.3125,4.999960
FILLER_35_238,VDD,Metal1,142.7465,153.4565,4.999960
FILLER_35_194,VDD,Metal1,115.9200,152.8800,4.999961
FILLER_35_190,VDD,Metal1,114.6200,153.3125,4.999961
FILLER_35_182,VDD,Metal1,111.3865,153.4565,4.999961
FILLER_35_160,VDD,Metal1,96.8800,152.8800,4.999961
FILLER_35_156,VDD,Metal1,95.5800,153.3125,4.999961
FILLER_35_148,VDD,Metal1,92.3465,153.4565,4.999961
FILLER_35_139,VDD,Metal1,84.8400,152.8800,4.999963
FILLER_35_137,VDD,Metal1,84.0000,152.8800,4.999963
FILLER_35_106,VDD,Metal1,66.6400,152.8800,4.999965
FILLER_35_102,VDD,Metal1,65.3400,153.3125,4.999965
FILLER_35_72,VDD,Metal1,47.3200,152.8800,4.999965
FILLER_35_68,VDD,Metal1,45.3600,152.8800,4.999965
FILLER_35_62,VDD,Metal1,42.0000,152.8800,4.999965
FILLER_35_58,VDD,Metal1,40.7000,153.3125,4.999965
FILLER_35_8,VDD,Metal1,11.4800,152.8800,4.999968
FILLER_35_6,VDD,Metal1,10.6400,152.8800,4.999968
FILLER_35_2,VDD,Metal1,9.3400,153.3125,4.999968
FILLER_34_297,VDD,Metal1,173.6000,152.8800,4.999961
FILLER_34_271,VDD,Metal1,158.7600,152.8800,4.999960
FILLER_34_267,VDD,Metal1,157.7400,152.4475,4.999960
FILLER_34_247,VDD,Metal1,150.1280,152.1880,4.999960
FILLER_34_229,VDD,Metal1,140.0480,152.1880,4.999960
FILLER_34_199,VDD,Metal1,118.4400,152.8800,4.999960
FILLER_34_195,VDD,Metal1,117.4200,152.4475,4.999960
FILLER_34_177,VDD,Metal1,107.3400,152.4475,4.999961
FILLER_34_161,VDD,Metal1,98.3800,152.4475,4.999961
FILLER_34_145,VDD,Metal1,93.0080,152.1880,4.999961
FILLER_34_109,VDD,Metal1,68.0400,152.8800,4.999965
FILLER_34_107,VDD,Metal1,67.2000,152.8800,4.999965
FILLER_34_93,VDD,Metal1,59.3600,152.8800,4.999965
FILLER_34_55,VDD,Metal1,37.8000,152.8800,4.999966
FILLER_34_51,VDD,Metal1,36.7800,152.4475,4.999966
FILLER_34_34,VDD,Metal1,26.0400,152.8800,4.999968
FILLER_34_4,VDD,Metal1,9.2400,152.8800,4.999968
FILLER_34_2,VDD,Metal1,8.4000,152.8800,4.999968
FILLER_33_332,VDD,Metal1,192.9200,145.0400,4.999954
FILLER_33_330,VDD,Metal1,192.0800,145.0400,4.999954
FILLER_33_290,VDD,Metal1,169.6800,145.0400,4.999953
FILLER_33_262,VDD,Metal1,154.9400,145.4725,4.999950
FILLER_33_255,VDD,Metal1,149.8000,145.0400,4.999950
FILLER_33_253,VDD,Metal1,148.9600,145.0400,4.999950
FILLER_33_221,VDD,Metal1,140.1155,145.8085,4.999950
FILLER_33_206,VDD,Metal1,123.5800,145.4725,4.999948
FILLER_33_72,VDD,Metal1,47.6000,145.0400,4.999940
FILLER_33_33,VDD,Metal1,25.4800,145.0400,4.999945
FILLER_33_31,VDD,Metal1,24.6400,145.0400,4.999945
FILLER_33_4,VDD,Metal1,9.2400,145.0400,4.999945
FILLER_33_2,VDD,Metal1,8.4000,145.0400,4.999945
FILLER_32_321,VDD,Metal1,186.7600,145.0400,4.999954
FILLER_32_317,VDD,Metal1,185.7400,144.6075,4.999954
FILLER_32_305,VDD,Metal1,177.8000,145.0400,4.999954
FILLER_32_243,VDD,Metal1,143.3600,145.0400,4.999950
FILLER_32_211,VDD,Metal1,134.5155,144.2710,4.999950
FILLER_32_181,VDD,Metal1,108.3600,145.0400,4.999946
FILLER_32_167,VDD,Metal1,102.9865,144.4630,4.999946
FILLER_32_138,VDD,Metal1,85.5000,144.6075,4.999944
FILLER_32_111,VDD,Metal1,69.1600,145.0400,4.999940
FILLER_32_107,VDD,Metal1,68.1400,144.6075,4.999940
FILLER_32_103,VDD,Metal1,64.9600,145.0400,4.999940
FILLER_32_89,VDD,Metal1,59.3065,144.4630,4.999940
FILLER_32_59,VDD,Metal1,40.0400,145.0400,4.999940
FILLER_32_44,VDD,Metal1,31.6400,145.0400,4.999942
FILLER_32_31,VDD,Metal1,25.5800,144.6075,4.999945
FILLER_32_24,VDD,Metal1,20.4400,145.0400,4.999945
FILLER_32_22,VDD,Metal1,19.6000,145.0400,4.999945
FILLER_32_18,VDD,Metal1,18.3000,144.6075,4.999945
FILLER_31_331,VDD,Metal1,192.6400,137.2000,4.999982
FILLER_31_299,VDD,Metal1,174.4400,137.2000,4.999981
FILLER_31_297,VDD,Metal1,173.6000,137.2000,4.999981
FILLER_31_216,VDD,Metal1,128.2400,137.2000,4.999978
FILLER_31_212,VDD,Metal1,126.9400,137.6325,4.999978
FILLER_31_209,VDD,Metal1,124.0400,137.2000,4.999977
FILLER_31_205,VDD,Metal1,123.0200,137.6325,4.999977
FILLER_31_156,VDD,Metal1,95.5800,137.6325,4.999969
FILLER_31_139,VDD,Metal1,84.8400,137.2000,4.999968
FILLER_31_137,VDD,Metal1,84.0000,137.2000,4.999968
FILLER_31_126,VDD,Metal1,77.5600,137.2000,4.999968
FILLER_31_82,VDD,Metal1,52.9200,137.2000,4.999968
FILLER_31_72,VDD,Metal1,47.6000,137.2000,4.999968
FILLER_31_51,VDD,Metal1,35.5600,137.2000,4.999968
FILLER_31_49,VDD,Metal1,34.7200,137.2000,4.999968
FILLER_31_41,VDD,Metal1,32.4265,137.7765,4.999968
FILLER_31_2,VDD,Metal1,9.3400,137.6325,4.999970
FILLER_30_273,VDD,Metal1,162.3465,136.6230,4.999980
FILLER_30_247,VDD,Metal1,145.6000,137.2000,4.999979
FILLER_30_241,VDD,Metal1,143.1800,136.7675,4.999979
FILLER_30_225,VDD,Metal1,133.0000,137.2000,4.999979
FILLER_30_223,VDD,Metal1,132.1600,137.2000,4.999979
FILLER_30_215,VDD,Metal1,129.8665,136.6230,4.999978
FILLER_30_197,VDD,Metal1,117.3200,137.2000,4.999977
FILLER_30_193,VDD,Metal1,116.3000,136.7675,4.999969
FILLER_30_177,VDD,Metal1,110.9280,136.5080,4.999969
FILLER_30_160,VDD,Metal1,96.6000,137.2000,4.999969
FILLER_30_158,VDD,Metal1,95.7600,137.2000,4.999969
FILLER_30_154,VDD,Metal1,94.4600,136.7675,4.999969
FILLER_30_123,VDD,Metal1,76.1600,137.2000,4.999968
FILLER_30_107,VDD,Metal1,71.7280,136.5080,4.999968
FILLER_30_37,VDD,Metal1,30.1865,136.6230,4.999968
FILLER_30_33,VDD,Metal1,25.7600,137.2000,4.999970
FILLER_30_29,VDD,Metal1,24.4600,136.7675,4.999970
FILLER_30_19,VDD,Metal1,17.9200,137.2000,4.999970
FILLER_30_12,VDD,Metal1,13.7200,137.2000,4.999970
FILLER_30_10,VDD,Metal1,12.8800,137.2000,4.999970
FILLER_30_2,VDD,Metal1,10.5865,136.6230,4.999970
FILLER_29_273,VDD,Metal1,159.8800,129.3600,4.999977
FILLER_29_226,VDD,Metal1,133.8400,129.3600,4.999977
FILLER_29_198,VDD,Metal1,119.1000,129.7925,4.999977
FILLER_29_192,VDD,Metal1,114.5200,129.3600,4.999978
FILLER_29_190,VDD,Metal1,113.6800,129.3600,4.999978
FILLER_29_186,VDD,Metal1,112.3800,129.7925,4.999978
FILLER_29_178,VDD,Metal1,109.1465,129.9365,4.999978
FILLER_29_168,VDD,Metal1,101.3600,129.3600,4.999978
FILLER_29_160,VDD,Metal1,99.0665,129.9365,4.999978
FILLER_29_142,VDD,Metal1,87.7400,129.7925,4.999981
FILLER_29_138,VDD,Metal1,84.5600,129.3600,4.999982
FILLER_29_130,VDD,Metal1,82.2665,129.9365,4.999982
FILLER_29_114,VDD,Metal1,71.1200,129.3600,4.999982
FILLER_29_110,VDD,Metal1,69.8200,129.7925,4.999982
FILLER_29_78,VDD,Metal1,50.6800,129.3600,4.999983
FILLER_29_76,VDD,Metal1,49.8400,129.3600,4.999983
FILLER_29_72,VDD,Metal1,48.5400,129.7925,4.999983
FILLER_29_44,VDD,Metal1,31.6400,129.3600,4.999983
FILLER_29_36,VDD,Metal1,29.6265,129.9365,4.999983
FILLER_29_10,VDD,Metal1,13.8200,129.7925,4.999984
FILLER_29_2,VDD,Metal1,10.5865,129.9365,4.999984
FILLER_28_321,VDD,Metal1,186.7600,129.3600,4.999977
FILLER_28_317,VDD,Metal1,185.7400,128.9275,4.999977
FILLER_28_304,VDD,Metal1,177.5200,129.3600,4.999979
FILLER_28_300,VDD,Metal1,176.2200,128.9275,4.999979
FILLER_28_280,VDD,Metal1,163.8000,129.3600,4.999978
FILLER_28_272,VDD,Metal1,161.7865,128.7830,4.999978
FILLER_28_181,VDD,Metal1,108.6400,129.3600,4.999978
FILLER_28_177,VDD,Metal1,107.3400,128.9275,4.999978
FILLER_28_173,VDD,Metal1,104.1600,129.3600,4.999978
FILLER_28_169,VDD,Metal1,102.8600,128.9275,4.999978
FILLER_28_161,VDD,Metal1,99.6265,128.7830,4.999978
FILLER_28_144,VDD,Metal1,87.6400,129.3600,4.999981
FILLER_28_118,VDD,Metal1,73.0800,129.3600,4.999982
FILLER_28_116,VDD,Metal1,72.2400,129.3600,4.999982
FILLER_28_107,VDD,Metal1,66.9200,129.3600,4.999982
FILLER_28_103,VDD,Metal1,64.9600,129.3600,4.999982
FILLER_28_99,VDD,Metal1,63.6600,128.9275,4.999982
FILLER_28_83,VDD,Metal1,58.2880,128.6680,4.999982
FILLER_28_52,VDD,Metal1,36.4000,129.3600,4.999983
FILLER_28_45,VDD,Metal1,32.2000,129.3600,4.999983
FILLER_28_37,VDD,Metal1,30.1865,128.7830,4.999983
FILLER_28_2,VDD,Metal1,9.3400,128.9275,4.999984
FILLER_27_310,VDD,Metal1,180.6000,121.5200,4.999986
FILLER_27_306,VDD,Metal1,179.5800,121.9525,4.999988
FILLER_27_290,VDD,Metal1,169.6800,121.5200,4.999988
FILLER_27_279,VDD,Metal1,163.2400,121.5200,4.999988
FILLER_27_277,VDD,Metal1,162.4000,121.5200,4.999988
FILLER_27_273,VDD,Metal1,161.1000,121.9525,4.999988
FILLER_27_265,VDD,Metal1,157.8665,122.0965,4.999988
FILLER_27_214,VDD,Metal1,126.8400,121.5200,4.999986
FILLER_27_212,VDD,Metal1,126.0000,121.5200,4.999986
FILLER_27_208,VDD,Metal1,123.7600,121.5200,4.999978
FILLER_27_144,VDD,Metal1,87.6400,121.5200,4.999978
FILLER_27_142,VDD,Metal1,86.8000,121.5200,4.999978
FILLER_27_136,VDD,Metal1,84.3800,121.9525,4.999978
FILLER_27_128,VDD,Metal1,81.1465,122.0965,4.999978
FILLER_27_98,VDD,Metal1,61.8800,121.5200,4.999978
FILLER_27_96,VDD,Metal1,61.0400,121.5200,4.999979
FILLER_27_80,VDD,Metal1,56.6080,122.2120,4.999979
FILLER_27_54,VDD,Metal1,37.5200,121.5200,4.999979
FILLER_27_46,VDD,Metal1,33.0400,121.5200,4.999981
FILLER_27_42,VDD,Metal1,31.7400,121.9525,4.999981
FILLER_27_6,VDD,Metal1,10.3600,121.5200,4.999983
FILLER_27_2,VDD,Metal1,9.3400,121.9525,4.999983
FILLER_26_325,VDD,Metal1,189.0000,121.5200,4.999985
FILLER_26_323,VDD,Metal1,188.1600,121.5200,4.999985
FILLER_26_303,VDD,Metal1,176.6800,121.5200,4.999988
FILLER_26_301,VDD,Metal1,175.8400,121.5200,4.999988
FILLER_26_297,VDD,Metal1,174.5400,121.0875,4.999988
FILLER_26_265,VDD,Metal1,164.7555,120.7510,4.999988
FILLER_26_244,VDD,Metal1,143.6400,121.5200,4.999986
FILLER_26_242,VDD,Metal1,142.8000,121.5200,4.999986
FILLER_26_226,VDD,Metal1,138.3680,120.8280,4.999986
FILLER_26_216,VDD,Metal1,128.2400,121.5200,4.999986
FILLER_26_212,VDD,Metal1,126.9400,121.0875,4.999986
FILLER_26_202,VDD,Metal1,120.4000,121.5200,4.999978
FILLER_26_177,VDD,Metal1,106.1200,121.5200,4.999978
FILLER_26_164,VDD,Metal1,98.8400,121.5200,4.999978
FILLER_26_162,VDD,Metal1,98.0000,121.5200,4.999978
FILLER_26_158,VDD,Metal1,96.7000,121.0875,4.999978
FILLER_26_150,VDD,Metal1,91.2800,121.5200,4.999978
FILLER_26_146,VDD,Metal1,89.9800,121.0875,4.999978
FILLER_26_89,VDD,Metal1,57.1200,121.5200,4.999979
FILLER_26_81,VDD,Metal1,52.6400,121.5200,4.999979
FILLER_26_45,VDD,Metal1,32.2000,121.5200,4.999981
FILLER_26_43,VDD,Metal1,31.3600,121.5200,4.999981
FILLER_26_6,VDD,Metal1,10.6400,121.5200,4.999983
FILLER_26_2,VDD,Metal1,9.3400,121.0875,4.999983
FILLER_25_317,VDD,Metal1,184.5200,113.6800,4.999950
FILLER_25_315,VDD,Metal1,183.6800,113.6800,4.999950
FILLER_25_308,VDD,Metal1,179.4800,113.6800,4.999950
FILLER_25_306,VDD,Metal1,178.6400,113.6800,4.999950
FILLER_25_264,VDD,Metal1,157.3065,114.2565,4.999942
FILLER_25_255,VDD,Metal1,149.8000,113.6800,4.999926
FILLER_25_253,VDD,Metal1,148.9600,113.6800,4.999926
FILLER_25_223,VDD,Metal1,131.8800,113.6800,4.999922
FILLER_25_221,VDD,Metal1,131.0400,113.6800,4.999922
FILLER_25_214,VDD,Metal1,126.8400,113.6800,4.999922
FILLER_25_212,VDD,Metal1,126.0000,113.6800,4.999922
FILLER_25_209,VDD,Metal1,124.0400,113.6800,4.999922
FILLER_25_207,VDD,Metal1,123.2000,113.6800,4.999922
FILLER_25_203,VDD,Metal1,121.9000,114.1125,4.999922
FILLER_25_195,VDD,Metal1,118.6665,114.2565,4.999922
FILLER_25_171,VDD,Metal1,102.7600,113.6800,4.999934
FILLER_25_150,VDD,Metal1,91.2800,113.6800,4.999937
FILLER_25_142,VDD,Metal1,88.9865,114.2565,4.999937
FILLER_25_136,VDD,Metal1,84.3800,114.1125,4.999937
FILLER_25_128,VDD,Metal1,81.1465,114.2565,4.999937
FILLER_25_97,VDD,Metal1,61.6000,113.6800,4.999941
FILLER_25_43,VDD,Metal1,31.3600,113.6800,4.999946
FILLER_25_10,VDD,Metal1,13.8200,114.1125,4.999947
FILLER_25_2,VDD,Metal1,10.5865,114.2565,4.999947
FILLER_24_271,VDD,Metal1,159.9800,113.2475,4.999943
FILLER_24_263,VDD,Metal1,156.7465,113.1030,4.999941
FILLER_24_247,VDD,Metal1,150.1280,112.9880,4.999926
FILLER_24_241,VDD,Metal1,143.1800,113.2475,4.999926
FILLER_24_153,VDD,Metal1,95.1465,113.1030,4.999935
FILLER_24_111,VDD,Metal1,69.1600,113.6800,4.999940
FILLER_24_107,VDD,Metal1,68.1400,113.2475,4.999940
FILLER_24_45,VDD,Metal1,32.4800,113.6800,4.999946
FILLER_24_37,VDD,Metal1,30.1865,113.1030,4.999946
FILLER_24_33,VDD,Metal1,25.7600,113.6800,4.999947
FILLER_24_29,VDD,Metal1,24.4600,113.2475,4.999947
FILLER_24_20,VDD,Metal1,18.2000,113.6800,4.999947
FILLER_24_18,VDD,Metal1,17.3600,113.6800,4.999947
FILLER_23_316,VDD,Metal1,183.9600,105.8400,4.999986
FILLER_23_290,VDD,Metal1,169.4000,105.8400,4.999987
FILLER_23_273,VDD,Metal1,159.8800,105.8400,4.999987
FILLER_23_265,VDD,Metal1,157.8665,106.4165,4.999987
FILLER_23_254,VDD,Metal1,149.2400,105.8400,4.999987
FILLER_23_252,VDD,Metal1,148.4000,105.8400,4.999987
FILLER_23_243,VDD,Metal1,143.0800,105.8400,4.999986
FILLER_23_241,VDD,Metal1,142.2400,105.8400,4.999986
FILLER_23_208,VDD,Metal1,123.7600,105.8400,4.999986
FILLER_23_200,VDD,Metal1,121.4665,106.4165,4.999986
FILLER_23_185,VDD,Metal1,111.8200,106.2725,4.999986
FILLER_23_176,VDD,Metal1,105.5600,105.8400,4.999986
FILLER_23_174,VDD,Metal1,104.7200,105.8400,4.999987
FILLER_23_165,VDD,Metal1,99.4000,105.8400,4.999987
FILLER_23_150,VDD,Metal1,91.0000,105.8400,4.999987
FILLER_23_139,VDD,Metal1,84.8400,105.8400,4.999987
FILLER_23_124,VDD,Metal1,76.4400,105.8400,4.999987
FILLER_23_84,VDD,Metal1,54.0400,105.8400,4.999988
FILLER_23_80,VDD,Metal1,53.0200,106.2725,4.999988
FILLER_23_37,VDD,Metal1,28.0000,105.8400,4.999989
FILLER_23_19,VDD,Metal1,17.9200,105.8400,4.999989
FILLER_23_8,VDD,Metal1,11.4800,105.8400,4.999989
FILLER_23_6,VDD,Metal1,10.6400,105.8400,4.999989
FILLER_23_2,VDD,Metal1,9.3400,106.2725,4.999989
FILLER_22_333,VDD,Metal1,193.7600,105.8400,4.999986
FILLER_22_314,VDD,Metal1,182.8400,105.8400,4.999986
FILLER_22_268,VDD,Metal1,157.3600,105.8400,4.999987
FILLER_22_255,VDD,Metal1,151.0200,105.4075,4.999987
FILLER_22_244,VDD,Metal1,143.6400,105.8400,4.999986
FILLER_22_242,VDD,Metal1,142.8000,105.8400,4.999986
FILLER_22_228,VDD,Metal1,134.6800,105.8400,4.999986
FILLER_22_226,VDD,Metal1,133.8400,105.8400,4.999986
FILLER_22_210,VDD,Metal1,124.8800,105.8400,4.999986
FILLER_22_194,VDD,Metal1,120.4480,105.1480,4.999986
FILLER_22_174,VDD,Metal1,104.4400,105.8400,4.999987
FILLER_22_161,VDD,Metal1,98.3800,105.4075,4.999987
FILLER_22_97,VDD,Metal1,61.6000,105.8400,4.999987
FILLER_22_45,VDD,Metal1,32.2000,105.8400,4.999989
FILLER_22_37,VDD,Metal1,30.1865,105.2630,4.999989
FILLER_22_31,VDD,Metal1,25.5800,105.4075,4.999989
FILLER_21_318,VDD,Metal1,185.3600,98.0000,4.999943
FILLER_21_242,VDD,Metal1,151.8755,98.7685,4.999943
FILLER_21_212,VDD,Metal1,126.9400,98.4325,4.999942
FILLER_21_180,VDD,Metal1,107.8000,98.0000,4.999944
FILLER_21_178,VDD,Metal1,106.9600,98.0000,4.999945
FILLER_21_148,VDD,Metal1,89.8800,98.0000,4.999946
FILLER_21_146,VDD,Metal1,89.0400,98.0000,4.999946
FILLER_21_142,VDD,Metal1,87.7400,98.4325,4.999946
FILLER_21_128,VDD,Metal1,79.9000,98.4325,4.999948
FILLER_21_72,VDD,Metal1,47.6000,98.0000,4.999950
FILLER_21_44,VDD,Metal1,31.6400,98.0000,4.999951
FILLER_21_40,VDD,Metal1,30.6200,98.4325,4.999951
FILLER_21_2,VDD,Metal1,8.1200,98.0000,4.999952
FILLER_20_349,VDD,Metal1,202.7200,98.0000,4.999943
FILLER_20_308,VDD,Metal1,179.4800,98.0000,4.999943
FILLER_20_268,VDD,Metal1,157.3600,98.0000,4.999943
FILLER_20_264,VDD,Metal1,156.0600,97.5675,4.999943
FILLER_20_256,VDD,Metal1,152.8265,97.4230,4.999943
FILLER_20_215,VDD,Metal1,127.4000,98.0000,4.999942
FILLER_20_213,VDD,Metal1,126.5600,98.0000,4.999942
FILLER_20_209,VDD,Metal1,125.2600,97.5675,4.999942
FILLER_20_187,VDD,Metal1,111.7200,98.0000,4.999943
FILLER_20_185,VDD,Metal1,110.8800,98.0000,4.999943
FILLER_20_177,VDD,Metal1,108.5865,97.4230,4.999944
FILLER_20_174,VDD,Metal1,104.4400,98.0000,4.999946
FILLER_20_172,VDD,Metal1,103.6000,98.0000,4.999946
FILLER_20_163,VDD,Metal1,98.2800,98.0000,4.999946
FILLER_20_159,VDD,Metal1,97.2600,97.5675,4.999946
FILLER_20_128,VDD,Metal1,78.9600,98.0000,4.999948
FILLER_20_120,VDD,Metal1,76.6665,97.4230,4.999948
FILLER_20_111,VDD,Metal1,69.1600,98.0000,4.999949
FILLER_20_107,VDD,Metal1,68.1400,97.5675,4.999949
FILLER_20_39,VDD,Metal1,28.8400,98.0000,4.999951
FILLER_20_37,VDD,Metal1,28.0000,98.0000,4.999951
FILLER_20_2,VDD,Metal1,9.3400,97.5675,4.999952
FILLER_19_318,VDD,Metal1,185.3600,90.1600,4.999937
FILLER_19_279,VDD,Metal1,163.2400,90.1600,4.999912
FILLER_19_275,VDD,Metal1,162.2200,90.5925,4.999911
FILLER_19_266,VDD,Metal1,157.1800,90.5925,4.999911
FILLER_19_258,VDD,Metal1,153.9465,90.7365,4.999911
FILLER_19_248,VDD,Metal1,145.8800,90.1600,4.999903
FILLER_19_180,VDD,Metal1,107.8000,90.1600,4.999904
FILLER_19_142,VDD,Metal1,95.8755,90.9285,4.999905
FILLER_19_133,VDD,Metal1,81.4800,90.1600,4.999906
FILLER_19_129,VDD,Metal1,80.4600,90.5925,4.999906
FILLER_19_121,VDD,Metal1,77.2265,90.7365,4.999906
FILLER_19_88,VDD,Metal1,57.5000,90.5925,4.999910
FILLER_19_35,VDD,Metal1,26.8800,90.1600,4.999913
FILLER_18_289,VDD,Metal1,169.1200,90.1600,4.999918
FILLER_18_285,VDD,Metal1,167.8200,89.7275,4.999918
FILLER_18_267,VDD,Metal1,156.5200,90.1600,4.999911
FILLER_18_265,VDD,Metal1,155.6800,90.1600,4.999911
FILLER_18_252,VDD,Metal1,149.3400,89.7275,4.999910
FILLER_18_241,VDD,Metal1,143.1800,89.7275,4.999903
FILLER_18_185,VDD,Metal1,111.8200,89.7275,4.999904
FILLER_18_177,VDD,Metal1,108.5865,89.5830,4.999904
FILLER_18_167,VDD,Metal1,102.9865,89.5830,4.999905
FILLER_18_151,VDD,Metal1,96.3680,89.4680,4.999905
FILLER_18_121,VDD,Metal1,74.7600,90.1600,4.999909
FILLER_18_119,VDD,Metal1,73.9200,90.1600,4.999909
FILLER_18_115,VDD,Metal1,72.6200,89.7275,4.999909
FILLER_18_107,VDD,Metal1,69.3865,89.5830,4.999910
FILLER_18_97,VDD,Metal1,61.6000,90.1600,4.999910
FILLER_18_89,VDD,Metal1,57.1200,90.1600,4.999910
FILLER_18_81,VDD,Metal1,54.8265,89.5830,4.999910
FILLER_18_39,VDD,Metal1,28.8400,90.1600,4.999912
FILLER_18_37,VDD,Metal1,28.0000,90.1600,4.999912
FILLER_18_28,VDD,Metal1,22.6800,90.1600,4.999973
FILLER_18_26,VDD,Metal1,21.8400,90.1600,4.999973
FILLER_18_2,VDD,Metal1,12.9280,89.4680,4.999973
FILLER_17_347,VDD,Metal1,201.6000,82.3200,4.999958
FILLER_17_282,VDD,Metal1,164.9200,82.3200,4.999956
FILLER_17_279,VDD,Metal1,163.2400,82.3200,4.999956
FILLER_17_214,VDD,Metal1,126.8400,82.3200,4.999955
FILLER_17_212,VDD,Metal1,126.0000,82.3200,4.999955
FILLER_17_173,VDD,Metal1,104.1600,82.3200,4.999954
FILLER_17_157,VDD,Metal1,99.7280,83.0120,4.999954
FILLER_17_150,VDD,Metal1,91.0000,82.3200,4.999954
FILLER_17_102,VDD,Metal1,64.1200,82.3200,4.999952
FILLER_17_100,VDD,Metal1,63.2800,82.3200,4.999952
FILLER_17_90,VDD,Metal1,57.6800,82.3200,4.999952
FILLER_17_86,VDD,Metal1,56.3800,82.7525,4.999952
FILLER_17_69,VDD,Metal1,45.6400,82.3200,4.999953
FILLER_17_65,VDD,Metal1,44.6200,82.7525,4.999953
FILLER_17_33,VDD,Metal1,25.4800,82.3200,4.999954
FILLER_17_29,VDD,Metal1,24.4600,82.7525,4.999986
FILLER_17_14,VDD,Metal1,14.8400,82.3200,4.999986
FILLER_17_10,VDD,Metal1,13.8200,82.7525,4.999986
FILLER_17_2,VDD,Metal1,10.5865,82.8965,4.999986
FILLER_16_334,VDD,Metal1,194.0400,82.3200,4.999958
FILLER_16_332,VDD,Metal1,193.2000,82.3200,4.999958
FILLER_16_317,VDD,Metal1,184.5200,82.3200,4.999958
FILLER_16_305,VDD,Metal1,179.0200,81.8875,4.999959
FILLER_16_294,VDD,Metal1,171.6400,82.3200,4.999959
FILLER_16_292,VDD,Metal1,170.8000,82.3200,4.999959
FILLER_16_259,VDD,Metal1,153.2600,81.8875,4.999956
FILLER_16_217,VDD,Metal1,129.7400,81.8875,4.999955
FILLER_16_201,VDD,Metal1,124.3680,81.6280,4.999955
FILLER_16_177,VDD,Metal1,107.3400,81.8875,4.999954
FILLER_16_171,VDD,Metal1,103.9800,81.8875,4.999954
FILLER_16_135,VDD,Metal1,82.6000,82.3200,4.999953
FILLER_16_109,VDD,Metal1,68.0400,82.3200,4.999953
FILLER_16_107,VDD,Metal1,67.2000,82.3200,4.999953
FILLER_16_37,VDD,Metal1,28.9400,81.8875,4.999953
FILLER_16_33,VDD,Metal1,25.7600,82.3200,4.999954
FILLER_16_6,VDD,Metal1,10.6400,82.3200,4.999986
FILLER_16_2,VDD,Metal1,9.3400,81.8875,4.999986
FILLER_15_313,VDD,Metal1,182.2800,74.4800,4.999981
FILLER_15_311,VDD,Metal1,181.4400,74.4800,4.999981
FILLER_15_304,VDD,Metal1,177.2400,74.4800,4.999983
FILLER_15_302,VDD,Metal1,176.4000,74.4800,4.999983
FILLER_15_298,VDD,Metal1,175.1000,74.9125,4.999983
FILLER_15_282,VDD,Metal1,169.7280,75.1720,4.999983
FILLER_15_266,VDD,Metal1,156.2400,74.4800,4.999918
FILLER_15_262,VDD,Metal1,154.9400,74.9125,4.999918
FILLER_15_230,VDD,Metal1,145.1555,75.2485,4.999917
FILLER_15_220,VDD,Metal1,131.4200,74.9125,4.999917
FILLER_15_212,VDD,Metal1,128.1865,75.0565,4.999917
FILLER_15_209,VDD,Metal1,124.0400,74.4800,4.999917
FILLER_15_207,VDD,Metal1,123.2000,74.4800,4.999916
FILLER_15_203,VDD,Metal1,121.9000,74.9125,4.999916
FILLER_15_167,VDD,Metal1,100.5200,74.4800,4.999916
FILLER_15_165,VDD,Metal1,99.6800,74.4800,4.999916
FILLER_15_161,VDD,Metal1,98.3800,74.9125,4.999916
FILLER_15_152,VDD,Metal1,92.1200,74.4800,4.999916
FILLER_15_150,VDD,Metal1,91.2800,74.4800,4.999916
FILLER_15_119,VDD,Metal1,73.6400,74.4800,4.999917
FILLER_15_88,VDD,Metal1,56.5600,74.4800,4.999924
FILLER_15_40,VDD,Metal1,29.4000,74.4800,4.999927
FILLER_15_36,VDD,Metal1,28.3800,74.9125,4.999928
FILLER_15_6,VDD,Metal1,10.3600,74.4800,4.999931
FILLER_15_2,VDD,Metal1,9.3400,74.9125,4.999931
FILLER_14_323,VDD,Metal1,189.1000,74.0475,4.999977
FILLER_14_306,VDD,Metal1,179.5800,74.0475,4.999983
FILLER_14_298,VDD,Metal1,176.3465,73.9030,4.999983
FILLER_14_282,VDD,Metal1,169.7280,73.7880,4.999983
FILLER_14_267,VDD,Metal1,156.5200,74.4800,4.999918
FILLER_14_259,VDD,Metal1,154.5065,73.9030,4.999918
FILLER_14_237,VDD,Metal1,142.1865,73.9030,4.999917
FILLER_14_214,VDD,Metal1,127.1200,74.4800,4.999917
FILLER_14_206,VDD,Metal1,124.8265,73.9030,4.999917
FILLER_14_174,VDD,Metal1,104.4400,74.4800,4.999916
FILLER_14_158,VDD,Metal1,100.2880,73.7880,4.999916
FILLER_14_122,VDD,Metal1,76.5400,74.0475,4.999917
FILLER_14_107,VDD,Metal1,66.9200,74.4800,4.999918
FILLER_14_83,VDD,Metal1,54.7000,74.0475,4.999926
FILLER_14_39,VDD,Metal1,28.8400,74.4800,4.999928
FILLER_14_37,VDD,Metal1,28.0000,74.4800,4.999928
FILLER_14_2,VDD,Metal1,9.3400,74.0475,4.999931
FILLER_13_319,VDD,Metal1,185.9200,66.6400,4.999956
FILLER_13_302,VDD,Metal1,176.1200,66.6400,4.999956
FILLER_13_300,VDD,Metal1,175.2800,66.6400,4.999956
FILLER_13_296,VDD,Metal1,173.9800,67.0725,4.999928
FILLER_13_288,VDD,Metal1,170.7465,67.2165,4.999927
FILLER_13_279,VDD,Metal1,163.2400,66.6400,4.999927
FILLER_13_270,VDD,Metal1,158.2000,66.6400,4.999927
FILLER_13_206,VDD,Metal1,123.5800,67.0725,4.999925
FILLER_13_198,VDD,Metal1,120.3465,67.2165,4.999925
FILLER_13_182,VDD,Metal1,113.7280,67.3320,4.999925
FILLER_13_173,VDD,Metal1,103.8800,66.6400,4.999922
FILLER_13_171,VDD,Metal1,103.0400,66.6400,4.999922
FILLER_13_167,VDD,Metal1,101.7400,67.0725,4.999922
FILLER_13_106,VDD,Metal1,66.6400,66.6400,4.999924
FILLER_13_98,VDD,Metal1,64.3465,67.2165,4.999924
FILLER_13_88,VDD,Metal1,57.5000,67.0725,4.999924
FILLER_13_80,VDD,Metal1,54.2665,67.2165,4.999925
FILLER_13_8,VDD,Metal1,11.4800,66.6400,4.999929
FILLER_13_6,VDD,Metal1,10.6400,66.6400,4.999929
FILLER_13_2,VDD,Metal1,9.3400,67.0725,4.999929
FILLER_12_317,VDD,Metal1,184.8000,66.6400,4.999956
FILLER_12_314,VDD,Metal1,182.8400,66.6400,4.999956
FILLER_12_312,VDD,Metal1,182.0000,66.6400,4.999956
FILLER_12_295,VDD,Metal1,173.4200,66.2075,4.999928
FILLER_12_265,VDD,Metal1,155.4000,66.6400,4.999926
FILLER_12_263,VDD,Metal1,154.5600,66.6400,4.999926
FILLER_12_255,VDD,Metal1,152.2665,66.0630,4.999926
FILLER_12_243,VDD,Metal1,143.3600,66.6400,4.999926
FILLER_12_239,VDD,Metal1,142.0600,66.2075,4.999926
FILLER_12_206,VDD,Metal1,123.5800,66.2075,4.999925
FILLER_12_190,VDD,Metal1,118.2080,65.9480,4.999925
FILLER_12_181,VDD,Metal1,108.3600,66.6400,4.999923
FILLER_12_167,VDD,Metal1,102.9865,66.0630,4.999922
FILLER_12_117,VDD,Metal1,72.5200,66.6400,4.999921
FILLER_12_115,VDD,Metal1,71.6800,66.6400,4.999921
FILLER_12_107,VDD,Metal1,69.3865,66.0630,4.999924
FILLER_12_43,VDD,Metal1,31.0800,66.6400,4.999927
FILLER_12_34,VDD,Metal1,26.0400,66.6400,4.999929
FILLER_11_323,VDD,Metal1,189.1000,59.2325,4.999983
FILLER_11_288,VDD,Metal1,168.2800,58.8000,4.999983
FILLER_11_286,VDD,Metal1,167.4400,58.8000,4.999983
FILLER_11_282,VDD,Metal1,166.1400,59.2325,4.999983
FILLER_11_279,VDD,Metal1,163.2400,58.8000,4.999983
FILLER_11_277,VDD,Metal1,162.4000,58.8000,4.999983
FILLER_11_269,VDD,Metal1,160.1065,59.3765,4.999983
FILLER_11_253,VDD,Metal1,153.4880,59.4920,4.999983
FILLER_11_243,VDD,Metal1,143.0800,58.8000,4.999983
FILLER_11_227,VDD,Metal1,138.9280,59.4920,4.999983
FILLER_11_218,VDD,Metal1,129.0800,58.8000,4.999983
FILLER_11_216,VDD,Metal1,128.2400,58.8000,4.999983
FILLER_11_212,VDD,Metal1,126.9400,59.2325,4.999983
FILLER_11_206,VDD,Metal1,123.5800,59.2325,4.999982
FILLER_11_190,VDD,Metal1,118.2080,59.4920,4.999982
FILLER_11_153,VDD,Metal1,93.9000,59.2325,4.999982
FILLER_11_120,VDD,Metal1,74.4800,58.8000,4.999983
FILLER_11_116,VDD,Metal1,73.1800,59.2325,4.999983
FILLER_11_72,VDD,Metal1,47.3200,58.8000,4.999985
FILLER_11_29,VDD,Metal1,24.4600,59.2325,4.999988
FILLER_11_14,VDD,Metal1,14.8400,58.8000,4.999988
FILLER_11_10,VDD,Metal1,13.8200,59.2325,4.999988
FILLER_11_2,VDD,Metal1,10.5865,59.3765,4.999988
FILLER_10_285,VDD,Metal1,166.6000,58.8000,4.999983
FILLER_10_277,VDD,Metal1,164.5865,58.2230,4.999983
FILLER_10_263,VDD,Metal1,154.5600,58.8000,4.999983
FILLER_10_259,VDD,Metal1,153.2600,58.3675,4.999983
FILLER_10_244,VDD,Metal1,143.6400,58.8000,4.999983
FILLER_10_236,VDD,Metal1,141.6265,58.2230,4.999983
FILLER_10_208,VDD,Metal1,128.2880,58.1080,4.999983
FILLER_10_177,VDD,Metal1,106.4000,58.8000,4.999982
FILLER_10_161,VDD,Metal1,98.3800,58.3675,4.999982
FILLER_10_117,VDD,Metal1,72.5200,58.8000,4.999983
FILLER_10_115,VDD,Metal1,71.6800,58.8000,4.999983
FILLER_10_104,VDD,Metal1,65.2400,58.8000,4.999983
FILLER_10_100,VDD,Metal1,64.2200,58.3675,4.999983
FILLER_10_69,VDD,Metal1,45.9200,58.8000,4.999986
FILLER_10_55,VDD,Metal1,38.0800,58.8000,4.999986
FILLER_10_47,VDD,Metal1,33.3200,58.8000,4.999988
FILLER_10_45,VDD,Metal1,32.4800,58.8000,4.999988
FILLER_10_34,VDD,Metal1,26.0400,58.8000,4.999988
FILLER_10_30,VDD,Metal1,25.0200,58.3675,4.999988
FILLER_10_10,VDD,Metal1,13.8200,58.3675,4.999988
FILLER_10_2,VDD,Metal1,10.5865,58.2230,4.999988
FILLER_9_318,VDD,Metal1,185.3600,50.9600,4.999984
FILLER_9_314,VDD,Metal1,184.0600,51.3925,4.999984
FILLER_9_288,VDD,Metal1,168.2800,50.9600,4.999984
FILLER_9_279,VDD,Metal1,163.2400,50.9600,4.999981
FILLER_9_238,VDD,Metal1,140.5600,50.9600,4.999978
FILLER_9_222,VDD,Metal1,132.5400,51.3925,4.999975
FILLER_9_212,VDD,Metal1,126.0000,50.9600,4.999973
FILLER_9_206,VDD,Metal1,123.5800,51.3925,4.999972
FILLER_9_142,VDD,Metal1,86.8000,50.9600,4.999972
FILLER_9_77,VDD,Metal1,50.4000,50.9600,4.999973
FILLER_9_2,VDD,Metal1,8.4000,50.9600,4.999973
FILLER_8_333,VDD,Metal1,193.7600,50.9600,4.999984
FILLER_8_317,VDD,Metal1,189.3280,50.2680,4.999984
FILLER_8_307,VDD,Metal1,181.3865,50.3830,4.999984
FILLER_8_244,VDD,Metal1,143.6400,50.9600,4.999978
FILLER_8_227,VDD,Metal1,134.1200,50.9600,4.999975
FILLER_8_225,VDD,Metal1,133.2800,50.9600,4.999975
FILLER_8_214,VDD,Metal1,126.8400,50.9600,4.999973
FILLER_8_210,VDD,Metal1,125.8200,50.5275,4.999973
FILLER_8_194,VDD,Metal1,120.4480,50.2680,4.999972
FILLER_8_158,VDD,Metal1,95.4800,50.9600,4.999972
FILLER_8_156,VDD,Metal1,94.6400,50.9600,4.999972
FILLER_8_152,VDD,Metal1,93.3400,50.5275,4.999972
FILLER_8_107,VDD,Metal1,71.7280,50.2680,4.999972
FILLER_8_50,VDD,Metal1,35.0000,50.9600,4.999973
FILLER_8_46,VDD,Metal1,33.9800,50.5275,4.999973
FILLER_8_34,VDD,Metal1,26.0400,50.9600,4.999973
FILLER_8_4,VDD,Metal1,9.2400,50.9600,4.999973
FILLER_8_2,VDD,Metal1,8.4000,50.9600,4.999973
FILLER_7_319,VDD,Metal1,185.9200,43.1200,4.999956
FILLER_7_282,VDD,Metal1,164.9200,43.1200,4.999938
FILLER_7_209,VDD,Metal1,124.0400,43.1200,4.999936
FILLER_7_201,VDD,Metal1,122.0265,43.6965,4.999936
FILLER_7_185,VDD,Metal1,115.4080,43.8120,4.999936
FILLER_7_170,VDD,Metal1,103.4200,43.5525,4.999944
FILLER_7_158,VDD,Metal1,97.9465,43.6965,4.999944
FILLER_7_142,VDD,Metal1,91.3280,43.8120,4.999945
FILLER_7_136,VDD,Metal1,84.3800,43.5525,4.999946
FILLER_7_104,VDD,Metal1,74.5955,43.8885,4.999946
FILLER_7_88,VDD,Metal1,56.5600,43.1200,4.999950
FILLER_7_72,VDD,Metal1,52.1280,43.8120,4.999950
FILLER_7_69,VDD,Metal1,45.6400,43.1200,4.999953
FILLER_7_65,VDD,Metal1,44.6200,43.5525,4.999953
FILLER_7_52,VDD,Metal1,36.1200,43.1200,4.999953
FILLER_7_50,VDD,Metal1,35.2800,43.1200,4.999953
FILLER_7_42,VDD,Metal1,32.9865,43.6965,4.999953
FILLER_7_32,VDD,Metal1,26.1400,43.5525,4.999953
FILLER_7_2,VDD,Metal1,8.1200,43.1200,4.999954
FILLER_6_319,VDD,Metal1,185.6400,43.1200,4.999956
FILLER_6_317,VDD,Metal1,184.8000,43.1200,4.999956
FILLER_6_284,VDD,Metal1,166.0400,43.1200,4.999938
FILLER_6_261,VDD,Metal1,153.1600,43.1200,4.999936
FILLER_6_257,VDD,Metal1,152.1400,42.6875,4.999936
FILLER_6_193,VDD,Metal1,115.3600,43.1200,4.999936
FILLER_6_185,VDD,Metal1,113.0665,42.5430,4.999936
FILLER_6_147,VDD,Metal1,91.7865,42.5430,4.999945
FILLER_6_107,VDD,Metal1,67.2000,43.1200,4.999946
FILLER_6_104,VDD,Metal1,65.2400,43.1200,4.999948
FILLER_6_96,VDD,Metal1,63.2265,42.5430,4.999948
FILLER_6_80,VDD,Metal1,56.6080,42.4280,4.999950
FILLER_6_69,VDD,Metal1,46.8600,42.6875,4.999951
FILLER_6_37,VDD,Metal1,37.0755,42.3510,4.999953
FILLER_6_34,VDD,Metal1,26.0400,43.1200,4.999953
FILLER_6_26,VDD,Metal1,24.0265,42.5430,4.999954
FILLER_5_348,VDD,Metal1,201.8800,35.2800,4.999914
FILLER_5_346,VDD,Metal1,201.0400,35.2800,4.999914
FILLER_5_323,VDD,Metal1,187.8800,35.2800,4.999914
FILLER_5_290,VDD,Metal1,170.6200,35.7125,4.999914
FILLER_5_282,VDD,Metal1,165.2000,35.2800,4.999914
FILLER_5_229,VDD,Metal1,135.2400,35.2800,4.999914
FILLER_5_225,VDD,Metal1,134.2200,35.7125,4.999916
FILLER_5_214,VDD,Metal1,126.8400,35.2800,4.999916
FILLER_5_212,VDD,Metal1,126.0000,35.2800,4.999916
FILLER_5_201,VDD,Metal1,119.5600,35.2800,4.999916
FILLER_5_150,VDD,Metal1,91.0000,35.2800,4.999916
FILLER_5_142,VDD,Metal1,88.9865,35.8565,4.999916
FILLER_5_135,VDD,Metal1,82.6000,35.2800,4.999920
FILLER_5_91,VDD,Metal1,57.9600,35.2800,4.999928
FILLER_5_87,VDD,Metal1,56.9400,35.7125,4.999928
FILLER_5_60,VDD,Metal1,40.6000,35.2800,4.999945
FILLER_5_56,VDD,Metal1,39.5800,35.7125,4.999945
FILLER_5_35,VDD,Metal1,26.6000,35.2800,4.999947
FILLER_5_31,VDD,Metal1,25.5800,35.7125,4.999947
FILLER_5_23,VDD,Metal1,22.3465,35.8565,4.999947
FILLER_5_16,VDD,Metal1,15.9600,35.2800,4.999947
FILLER_5_14,VDD,Metal1,15.1200,35.2800,4.999947
FILLER_5_10,VDD,Metal1,13.8200,35.7125,4.999947
FILLER_5_2,VDD,Metal1,10.5865,35.8565,4.999947
FILLER_4_255,VDD,Metal1,151.0200,34.8475,4.999914
FILLER_4_244,VDD,Metal1,143.6400,35.2800,4.999914
FILLER_4_198,VDD,Metal1,117.8800,35.2800,4.999916
FILLER_4_190,VDD,Metal1,115.8665,34.7030,4.999916
FILLER_4_177,VDD,Metal1,106.4000,35.2800,4.999916
FILLER_4_171,VDD,Metal1,103.9800,34.8475,4.999916
FILLER_4_140,VDD,Metal1,85.6800,35.2800,4.999919
FILLER_4_136,VDD,Metal1,84.3800,34.8475,4.999920
FILLER_4_107,VDD,Metal1,66.9200,35.2800,4.999928
FILLER_4_103,VDD,Metal1,64.9600,35.2800,4.999928
FILLER_4_99,VDD,Metal1,63.6600,34.8475,4.999928
FILLER_4_63,VDD,Metal1,42.2800,35.2800,4.999943
FILLER_4_61,VDD,Metal1,41.4400,35.2800,4.999943
FILLER_4_37,VDD,Metal1,28.9400,34.8475,4.999945
FILLER_4_31,VDD,Metal1,25.5800,34.8475,4.999947
FILLER_3_331,VDD,Metal1,192.6400,27.4400,4.999958
FILLER_3_282,VDD,Metal1,166.1400,27.8725,4.999958
FILLER_3_260,VDD,Metal1,152.6000,27.4400,4.999951
FILLER_3_258,VDD,Metal1,151.7600,27.4400,4.999951
FILLER_3_228,VDD,Metal1,134.6800,27.4400,4.999949
FILLER_3_226,VDD,Metal1,133.8400,27.4400,4.999949
FILLER_3_222,VDD,Metal1,132.5400,27.8725,4.999949
FILLER_3_206,VDD,Metal1,123.5800,27.8725,4.999949
FILLER_3_196,VDD,Metal1,117.0400,27.4400,4.999949
FILLER_3_101,VDD,Metal1,63.5600,27.4400,4.999952
FILLER_3_22,VDD,Metal1,19.3200,27.4400,4.999954
FILLER_3_18,VDD,Metal1,18.3000,27.8725,4.999954
FILLER_3_2,VDD,Metal1,12.9280,28.1320,4.999954
FILLER_2_350,VDD,Metal1,203.0000,27.4400,4.999958
FILLER_2_313,VDD,Metal1,182.5600,27.4400,4.999959
FILLER_2_247,VDD,Metal1,147.7865,26.8630,4.999950
FILLER_2_231,VDD,Metal1,137.5800,27.0075,4.999950
FILLER_2_222,VDD,Metal1,131.3200,27.4400,4.999949
FILLER_2_220,VDD,Metal1,130.4800,27.4400,4.999949
FILLER_2_189,VDD,Metal1,113.1200,27.4400,4.999949
FILLER_2_185,VDD,Metal1,111.8200,27.0075,4.999949
FILLER_2_144,VDD,Metal1,87.9200,27.4400,4.999949
FILLER_2_136,VDD,Metal1,85.6265,26.8630,4.999949
FILLER_2_93,VDD,Metal1,60.3000,27.0075,4.999953
FILLER_2_37,VDD,Metal1,28.0000,27.4400,4.999954
FILLER_2_34,VDD,Metal1,26.0400,27.4400,4.999954
FILLER_2_2,VDD,Metal1,17.4755,26.6710,4.999954
FILLER_1_348,VDD,Metal1,201.8800,19.6000,4.999983
FILLER_1_346,VDD,Metal1,201.0400,19.6000,4.999983
FILLER_1_313,VDD,Metal1,183.5000,20.0325,4.999983
FILLER_1_294,VDD,Metal1,171.6400,19.6000,4.999983
FILLER_1_290,VDD,Metal1,170.6200,20.0325,4.999982
FILLER_1_249,VDD,Metal1,146.7200,19.6000,4.999975
FILLER_1_245,VDD,Metal1,145.4200,20.0325,4.999975
FILLER_1_212,VDD,Metal1,126.9400,20.0325,4.999975
FILLER_1_209,VDD,Metal1,124.0400,19.6000,4.999975
FILLER_1_200,VDD,Metal1,119.0000,19.6000,4.999975
FILLER_1_192,VDD,Metal1,116.9865,20.1765,4.999975
FILLER_1_154,VDD,Metal1,93.2400,19.6000,4.999975
FILLER_1_150,VDD,Metal1,92.2200,20.0325,4.999975
FILLER_1_142,VDD,Metal1,88.9865,20.1765,4.999975
FILLER_1_138,VDD,Metal1,84.5600,19.6000,4.999975
FILLER_1_134,VDD,Metal1,83.2600,20.0325,4.999976
FILLER_1_96,VDD,Metal1,60.7600,19.6000,4.999978
FILLER_1_94,VDD,Metal1,59.9200,19.6000,4.999978
FILLER_1_90,VDD,Metal1,58.6200,20.0325,4.999978
FILLER_1_82,VDD,Metal1,55.3865,20.1765,4.999978
FILLER_1_64,VDD,Metal1,42.8400,19.6000,4.999980
FILLER_1_18,VDD,Metal1,17.3600,19.6000,4.999984
FILLER_1_2,VDD,Metal1,12.9280,20.2920,4.999984
FILLER_0_350,VDD,Metal1,203.0000,19.6000,4.999983
FILLER_0_288,VDD,Metal1,168.5600,19.6000,4.999982
FILLER_0_271,VDD,Metal1,158.7600,19.6000,4.999975
FILLER_0_269,VDD,Metal1,157.9200,19.6000,4.999975
FILLER_0_252,VDD,Metal1,148.1200,19.6000,4.999975
FILLER_0_248,VDD,Metal1,147.1000,19.1675,4.999975
FILLER_0_240,VDD,Metal1,143.8665,19.0230,4.999975
FILLER_0_206,VDD,Metal1,131.7155,18.8310,4.999975
FILLER_0_203,VDD,Metal1,120.6800,19.6000,4.999975
FILLER_0_201,VDD,Metal1,119.8400,19.6000,4.999975
FILLER_0_197,VDD,Metal1,118.5400,19.1675,4.999975
FILLER_0_189,VDD,Metal1,115.3065,19.0230,4.999975
FILLER_0_180,VDD,Metal1,107.8000,19.6000,4.999975
FILLER_0_140,VDD,Metal1,85.4000,19.6000,4.999975
FILLER_0_138,VDD,Metal1,84.5600,19.6000,4.999975
FILLER_0_132,VDD,Metal1,82.1400,19.1675,4.999976
FILLER_0_124,VDD,Metal1,78.9065,19.0230,4.999976
FILLER_0_110,VDD,Metal1,68.6000,19.6000,4.999976
FILLER_0_108,VDD,Metal1,67.7600,19.6000,4.999976
FILLER_0_104,VDD,Metal1,66.4600,19.1675,4.999978
FILLER_0_70,VDD,Metal1,55.5555,18.8310,4.999978
FILLER_0_67,VDD,Metal1,44.5200,19.6000,4.999980
FILLER_0_65,VDD,Metal1,43.6800,19.6000,4.999980
FILLER_0_61,VDD,Metal1,42.3800,19.1675,4.999980
FILLER_0_36,VDD,Metal1,28.3800,19.1675,4.999984
FILLER_0_2,VDD,Metal1,17.4755,18.8310,4.999984
hold103,VDD,Metal1,42.4975,50.5955,4.999973
hold102,VDD,Metal1,101.8575,59.1640,4.999982
hold101,VDD,Metal1,58.7375,161.0840,4.999937
hold100,VDD,Metal1,104.0975,176.7640,4.999983
hold99,VDD,Metal1,90.0975,105.4755,4.999987
hold98,VDD,Metal1,53.1375,160.3555,4.999937
hold97,VDD,Metal1,49.7775,34.9155,4.999940
hold96,VDD,Metal1,75.5375,81.9555,4.999953
hold95,VDD,Metal1,175.7775,51.3240,4.999984
hold94,VDD,Metal1,156.7375,137.5640,4.999980
hold93,VDD,Metal1,176.3375,113.3155,4.999950
hold92,VDD,Metal1,39.1375,59.1640,4.999986
hold91,VDD,Metal1,38.7025,90.5240,4.999911
hold90,VDD,Metal1,36.3375,82.6840,4.999953
hold89,VDD,Metal1,75.5375,152.5155,4.999964
hold88,VDD,Metal1,38.7025,129.7240,4.999983
hold87,VDD,Metal1,58.1775,129.7240,4.999982
hold86,VDD,Metal1,80.5775,128.9955,4.999982
hold85,VDD,Metal1,181.9375,137.5640,4.999982
hold84,VDD,Metal1,81.6975,121.1555,4.999978
hold83,VDD,Metal1,93.4575,67.0040,4.999922
hold82,VDD,Metal1,74.4175,176.0355,4.999983
hold81,VDD,Metal1,176.8975,106.2040,4.999987
hold80,VDD,Metal1,56.6225,59.1640,4.999983
hold79,VDD,Metal1,152.2575,128.9955,4.999977
hold78,VDD,Metal1,38.7025,98.3640,4.999950
hold77,VDD,Metal1,55.3775,98.3640,4.999950
hold76,VDD,Metal1,60.4175,137.5640,4.999968
hold75,VDD,Metal1,32.4175,153.2440,4.999966
hold74,VDD,Metal1,85.6175,113.3155,4.999937
hold73,VDD,Metal1,69.3775,106.2040,4.999987
hold72,VDD,Metal1,35.3425,27.0755,4.999953
hold71,VDD,Metal1,65.4575,35.6440,4.999928
hold70,VDD,Metal1,196.4975,183.8755,4.999982
hold69,VDD,Metal1,54.2575,114.0440,4.999941
hold68,VDD,Metal1,38.7025,106.2040,4.999988
hold67,VDD,Metal1,46.4175,105.4755,4.999988
hold66,VDD,Metal1,38.7025,114.0440,4.999943
hold65,VDD,Metal1,196.4975,121.1555,4.999985
hold64,VDD,Metal1,82.2575,42.7555,4.999946
hold63,VDD,Metal1,195.3775,114.0440,4.999950
hold62,VDD,Metal1,195.3775,168.9240,4.999943
hold61,VDD,Metal1,196.4975,136.8355,4.999982
hold60,VDD,Metal1,193.1375,161.0840,4.999936
hold59,VDD,Metal1,196.4975,168.1955,4.999943
hold58,VDD,Metal1,195.3775,176.7640,4.999984
hold57,VDD,Metal1,113.6175,207.3955,4.999989
hold56,VDD,Metal1,171.8575,200.2840,4.999971
hold55,VDD,Metal1,88.4175,160.3555,4.999934
hold54,VDD,Metal1,169.6175,183.8755,4.999985
hold53,VDD,Metal1,171.2975,207.3955,4.999990
hold52,VDD,Metal1,95.1375,176.0355,4.999983
hold51,VDD,Metal1,175.3425,168.9240,4.999943
hold50,VDD,Metal1,115.2975,145.4040,4.999947
hold49,VDD,Metal1,93.0225,144.6755,4.999945
hold48,VDD,Metal1,166.2575,152.5155,4.999961
hold47,VDD,Metal1,171.8575,184.6040,4.999985
hold46,VDD,Metal1,194.2575,176.0355,4.999984
clkload14,VDD,Metal1,181.2730,34.7890,4.999914
clkbuf_1_1__f_signal_input_regs,VDD,Metal1,165.6110,34.7825,4.999914
clkbuf_1_0__f_signal_input_regs,VDD,Metal1,130.0685,42.6225,4.999936
clkbuf_0_signal_input_regs,VDD,Metal1,149.6685,35.7770,4.999914
clkbuf_1_0__f_signal_input,VDD,Metal1,100.3885,27.9370,4.999949
clkbuf_0_signal_input,VDD,Metal1,105.1310,35.7770,4.999916
clkload13,VDD,Metal1,155.7330,168.0725,4.999942
clkload12,VDD,Metal1,129.2120,161.1880,4.999936
clkload11,VDD,Metal1,118.0100,160.1555,4.999935
clkload10,VDD,Metal1,167.2900,98.5365,4.999943
clkload9,VDD,Metal1,186.9865,105.3525,4.999986
clkload8,VDD,Metal1,132.4865,97.4075,4.999942
clkload7,VDD,Metal1,128.3900,90.6965,4.999903
clkload6,VDD,Metal1,62.7730,160.2325,4.999937
clkload5,VDD,Metal1,62.5700,152.3430,4.999965
clkload4,VDD,Metal1,37.0130,144.5525,4.999940
clkload3,VDD,Metal1,81.0520,74.9480,4.999916
clkload2,VDD,Metal1,73.3065,73.9925,4.999917
clkload1,VDD,Metal1,32.8920,74.0120,4.999927
clkload0,VDD,Metal1,50.8120,82.7880,4.999952
clkbuf_4_15_0_CLK_I,VDD,Metal1,171.8575,161.2275,4.999938
clkbuf_4_14_0_CLK_I,VDD,Metal1,171.2975,168.0525,4.999943
clkbuf_4_13_0_CLK_I,VDD,Metal1,129.4225,168.0525,4.999941
clkbuf_4_12_0_CLK_I,VDD,Metal1,132.6575,153.3875,4.999960
clkbuf_4_11_0_CLK_I,VDD,Metal1,177.4575,98.5075,4.999943
clkbuf_4_10_0_CLK_I,VDD,Metal1,177.4575,90.6675,4.999937
clkbuf_4_9_0_CLK_I,VDD,Metal1,135.0225,98.5075,4.999942
clkbuf_4_8_0_CLK_I,VDD,Metal1,138.2575,90.6675,4.999903
clkbuf_4_7_0_CLK_I,VDD,Metal1,73.8575,160.2125,4.999934
clkbuf_4_6_0_CLK_I,VDD,Metal1,76.6575,144.5325,4.999939
clkbuf_4_5_0_CLK_I,VDD,Metal1,38.7025,145.5475,4.999940
clkbuf_4_4_0_CLK_I,VDD,Metal1,42.4975,136.6925,4.999968
clkbuf_4_3_0_CLK_I,VDD,Metal1,84.4975,73.9725,4.999916
clkbuf_4_2_0_CLK_I,VDD,Metal1,77.7775,67.1475,4.999921
clkbuf_4_1_0_CLK_I,VDD,Metal1,38.7025,67.1475,4.999925
clkbuf_4_0_0_CLK_I,VDD,Metal1,45.4225,66.1325,4.999925
clkbuf_0_CLK_I,VDD,Metal1,119.9885,113.1825,4.999922
_0680__44,VDD,Metal1,101.1800,43.5550,4.999944
clkbuf_regs_0_signal_clock,VDD,Metal1,149.3710,43.6170,4.999936
_1049__45,VDD,Metal1,15.8600,199.4850,4.999973
frequency_counter,VDD,Metal1,201.8300,207.2910,4.999990
max_cap43,VDD,Metal1,129.1400,129.9290,4.999977
wire42,VDD,Metal1,179.3480,136.7260,4.999982
wire41,VDD,Metal1,190.5480,113.2060,4.999950
wire40,VDD,Metal1,110.5400,120.9510,4.999978
max_cap39,VDD,Metal1,112.2200,152.3110,4.999961
load_slew38,VDD,Metal1,111.6900,122.1240,4.999978
output37,VDD,Metal1,12.5100,42.7900,4.999954
output36,VDD,Metal1,12.5100,113.3500,4.999947
output35,VDD,Metal1,12.5100,90.4900,4.999973
output34,VDD,Metal1,12.5100,66.3100,4.999929
output33,VDD,Metal1,12.5100,191.7500,4.999988
output32,VDD,Metal1,12.5100,168.2300,4.999971
output31,VDD,Metal1,12.5100,144.7100,4.999945
output30,VDD,Metal1,178.4500,191.7500,4.999981
output29,VDD,Metal1,198.6100,191.7500,4.999981
output28,VDD,Metal1,178.4500,160.3900,4.999938
output27,VDD,Metal1,178.4500,152.5500,4.999963
output26,VDD,Metal1,197.4900,153.2100,4.999963
output25,VDD,Metal1,197.4900,145.3700,4.999954
output24,VDD,Metal1,197.4900,137.5300,4.999982
output23,VDD,Metal1,198.6100,113.3500,4.999950
output22,VDD,Metal1,197.4900,106.1700,4.999986
output21,VDD,Metal1,183.4900,208.0900,4.999990
input20,VDD,Metal1,190.0300,191.7500,4.999981
input19,VDD,Metal1,169.8700,191.7500,4.999981
input18,VDD,Metal1,162.6580,208.1630,4.999989
input17,VDD,Metal1,198.9900,105.5100,4.999986
input16,VDD,Metal1,197.8700,98.3300,4.999943
input15,VDD,Metal1,197.8700,97.6700,4.999943
input14,VDD,Metal1,198.9900,89.8300,4.999937
input13,VDD,Metal1,198.9900,81.9900,4.999958
input12,VDD,Metal1,198.9900,74.1500,4.999977
input11,VDD,Metal1,197.8700,66.9700,4.999956
input10,VDD,Metal1,198.9900,66.3100,4.999956
input9,VDD,Metal1,192.8300,208.0900,4.999990
input8,VDD,Metal1,197.8700,59.1300,4.999983
input7,VDD,Metal1,198.9900,50.6300,4.999984
input6,VDD,Metal1,197.8700,43.4500,4.999955
input5,VDD,Metal1,198.9900,42.7900,4.999955
input4,VDD,Metal1,198.9900,34.9500,4.999914
input3,VDD,Metal1,197.8700,27.7700,4.999958
input2,VDD,Metal1,192.8300,19.2700,4.999983
input1,VDD,Metal1,183.8700,19.2700,4.999983
TAP_TAPCELL_ROW_49_359,VDD,Metal1,197.6800,208.4300,4.999990
TAP_TAPCELL_ROW_49_358,VDD,Metal1,178.6400,208.4300,4.999990
TAP_TAPCELL_ROW_49_357,VDD,Metal1,159.6000,208.4300,4.999989
TAP_TAPCELL_ROW_49_356,VDD,Metal1,140.5600,208.4300,4.999989
TAP_TAPCELL_ROW_49_355,VDD,Metal1,121.5200,208.4300,4.999989
TAP_TAPCELL_ROW_49_354,VDD,Metal1,102.4800,208.4300,4.999989
TAP_TAPCELL_ROW_49_353,VDD,Metal1,83.4400,208.4300,4.999990
TAP_TAPCELL_ROW_49_352,VDD,Metal1,64.4000,208.4300,4.999991
TAP_TAPCELL_ROW_49_351,VDD,Metal1,45.3600,208.4300,4.999991
TAP_TAPCELL_ROW_49_350,VDD,Metal1,26.3200,208.4300,4.999991
TAP_TAPCELL_ROW_48_349,VDD,Metal1,183.6800,207.0900,4.999990
TAP_TAPCELL_ROW_48_348,VDD,Metal1,144.4800,207.0900,4.999989
TAP_TAPCELL_ROW_48_347,VDD,Metal1,105.2800,207.0900,4.999989
TAP_TAPCELL_ROW_48_346,VDD,Metal1,66.0800,207.0900,4.999990
TAP_TAPCELL_ROW_48_345,VDD,Metal1,26.8800,207.0900,4.999991
TAP_TAPCELL_ROW_47_344,VDD,Metal1,202.7200,200.5900,4.999970
TAP_TAPCELL_ROW_47_343,VDD,Metal1,164.0800,200.5900,4.999971
TAP_TAPCELL_ROW_47_342,VDD,Metal1,124.8800,200.5900,4.999969
TAP_TAPCELL_ROW_47_341,VDD,Metal1,85.6800,200.5900,4.999970
TAP_TAPCELL_ROW_47_340,VDD,Metal1,46.4800,200.5900,4.999972
TAP_TAPCELL_ROW_46_339,VDD,Metal1,183.6800,199.2500,4.999970
TAP_TAPCELL_ROW_46_338,VDD,Metal1,144.4800,199.2500,4.999970
TAP_TAPCELL_ROW_46_337,VDD,Metal1,105.2800,199.2500,4.999969
TAP_TAPCELL_ROW_46_336,VDD,Metal1,66.0800,199.2500,4.999970
TAP_TAPCELL_ROW_46_335,VDD,Metal1,26.8800,199.2500,4.999973
TAP_TAPCELL_ROW_45_334,VDD,Metal1,202.7200,192.7500,4.999981
TAP_TAPCELL_ROW_45_333,VDD,Metal1,164.0800,192.7500,4.999981
TAP_TAPCELL_ROW_45_332,VDD,Metal1,124.8800,192.7500,4.999982
TAP_TAPCELL_ROW_45_331,VDD,Metal1,85.6800,192.7500,4.999984
TAP_TAPCELL_ROW_45_330,VDD,Metal1,46.4800,192.7500,4.999987
TAP_TAPCELL_ROW_44_329,VDD,Metal1,183.6800,191.4100,4.999981
TAP_TAPCELL_ROW_44_328,VDD,Metal1,144.4800,191.4100,4.999981
TAP_TAPCELL_ROW_44_327,VDD,Metal1,105.2800,191.4100,4.999983
TAP_TAPCELL_ROW_44_326,VDD,Metal1,66.0800,191.4100,4.999985
TAP_TAPCELL_ROW_44_325,VDD,Metal1,26.8800,191.4100,4.999988
TAP_TAPCELL_ROW_43_324,VDD,Metal1,202.7200,184.9100,4.999982
TAP_TAPCELL_ROW_43_323,VDD,Metal1,164.0800,184.9100,4.999985
TAP_TAPCELL_ROW_43_322,VDD,Metal1,124.8800,184.9100,4.999981
TAP_TAPCELL_ROW_43_321,VDD,Metal1,85.6800,184.9100,4.999981
TAP_TAPCELL_ROW_43_320,VDD,Metal1,46.4800,184.9100,4.999986
TAP_TAPCELL_ROW_42_319,VDD,Metal1,183.6800,183.5700,4.999984
TAP_TAPCELL_ROW_42_318,VDD,Metal1,144.4800,183.5700,4.999982
TAP_TAPCELL_ROW_42_317,VDD,Metal1,105.2800,183.5700,4.999981
TAP_TAPCELL_ROW_42_316,VDD,Metal1,66.0800,183.5700,4.999981
TAP_TAPCELL_ROW_42_315,VDD,Metal1,26.8800,183.5700,4.999989
TAP_TAPCELL_ROW_41_314,VDD,Metal1,202.7200,177.0700,4.999984
TAP_TAPCELL_ROW_41_313,VDD,Metal1,164.0800,177.0700,4.999984
TAP_TAPCELL_ROW_41_312,VDD,Metal1,124.8800,177.0700,4.999983
TAP_TAPCELL_ROW_41_311,VDD,Metal1,85.6800,177.0700,4.999983
TAP_TAPCELL_ROW_41_310,VDD,Metal1,46.4800,177.0700,4.999983
TAP_TAPCELL_ROW_40_309,VDD,Metal1,183.6800,175.7300,4.999984
TAP_TAPCELL_ROW_40_308,VDD,Metal1,144.4800,175.7300,4.999983
TAP_TAPCELL_ROW_40_307,VDD,Metal1,105.2800,175.7300,4.999983
TAP_TAPCELL_ROW_40_306,VDD,Metal1,66.0800,175.7300,4.999983
TAP_TAPCELL_ROW_40_305,VDD,Metal1,26.8800,175.7300,4.999987
TAP_TAPCELL_ROW_39_304,VDD,Metal1,202.7200,169.2300,4.999943
TAP_TAPCELL_ROW_39_303,VDD,Metal1,164.0800,169.2300,4.999943
TAP_TAPCELL_ROW_39_302,VDD,Metal1,124.8800,169.2300,4.999941
TAP_TAPCELL_ROW_39_301,VDD,Metal1,85.6800,169.2300,4.999944
TAP_TAPCELL_ROW_39_300,VDD,Metal1,46.4800,169.2300,4.999970
TAP_TAPCELL_ROW_38_299,VDD,Metal1,183.6800,167.8900,4.999943
TAP_TAPCELL_ROW_38_298,VDD,Metal1,144.4800,167.8900,4.999941
TAP_TAPCELL_ROW_38_297,VDD,Metal1,105.2800,167.8900,4.999943
TAP_TAPCELL_ROW_38_296,VDD,Metal1,66.0800,167.8900,4.999946
TAP_TAPCELL_ROW_38_295,VDD,Metal1,26.8800,167.8900,4.999971
TAP_TAPCELL_ROW_37_294,VDD,Metal1,202.7200,161.3900,4.999936
TAP_TAPCELL_ROW_37_293,VDD,Metal1,164.0800,161.3900,4.999938
TAP_TAPCELL_ROW_37_292,VDD,Metal1,124.8800,161.3900,4.999936
TAP_TAPCELL_ROW_37_291,VDD,Metal1,85.6800,161.3900,4.999934
TAP_TAPCELL_ROW_37_290,VDD,Metal1,46.4800,161.3900,4.999939
TAP_TAPCELL_ROW_36_289,VDD,Metal1,183.6800,160.0500,4.999938
TAP_TAPCELL_ROW_36_288,VDD,Metal1,144.4800,160.0500,4.999936
TAP_TAPCELL_ROW_36_287,VDD,Metal1,105.2800,160.0500,4.999934
TAP_TAPCELL_ROW_36_286,VDD,Metal1,66.0800,160.0500,4.999935
TAP_TAPCELL_ROW_36_285,VDD,Metal1,26.8800,160.0500,4.999948
TAP_TAPCELL_ROW_35_284,VDD,Metal1,202.7200,153.5500,4.999963
TAP_TAPCELL_ROW_35_283,VDD,Metal1,164.0800,153.5500,4.999961
TAP_TAPCELL_ROW_35_282,VDD,Metal1,124.8800,153.5500,4.999960
TAP_TAPCELL_ROW_35_281,VDD,Metal1,85.6800,153.5500,4.999962
TAP_TAPCELL_ROW_35_280,VDD,Metal1,46.4800,153.5500,4.999965
TAP_TAPCELL_ROW_34_279,VDD,Metal1,183.6800,152.2100,4.999963
TAP_TAPCELL_ROW_34_278,VDD,Metal1,144.4800,152.2100,4.999960
TAP_TAPCELL_ROW_34_277,VDD,Metal1,105.2800,152.2100,4.999961
TAP_TAPCELL_ROW_34_276,VDD,Metal1,66.0800,152.2100,4.999965
TAP_TAPCELL_ROW_34_275,VDD,Metal1,26.8800,152.2100,4.999966
TAP_TAPCELL_ROW_33_274,VDD,Metal1,202.7200,145.7100,4.999954
TAP_TAPCELL_ROW_33_273,VDD,Metal1,164.0800,145.7100,4.999953
TAP_TAPCELL_ROW_33_272,VDD,Metal1,124.8800,145.7100,4.999948
TAP_TAPCELL_ROW_33_271,VDD,Metal1,85.6800,145.7100,4.999944
TAP_TAPCELL_ROW_33_270,VDD,Metal1,46.4800,145.7100,4.999940
TAP_TAPCELL_ROW_32_269,VDD,Metal1,183.6800,144.3700,4.999954
TAP_TAPCELL_ROW_32_268,VDD,Metal1,144.4800,144.3700,4.999950
TAP_TAPCELL_ROW_32_267,VDD,Metal1,105.2800,144.3700,4.999946
TAP_TAPCELL_ROW_32_266,VDD,Metal1,66.0800,144.3700,4.999940
TAP_TAPCELL_ROW_32_265,VDD,Metal1,26.8800,144.3700,4.999943
TAP_TAPCELL_ROW_31_264,VDD,Metal1,202.7200,137.8700,4.999982
TAP_TAPCELL_ROW_31_263,VDD,Metal1,164.0800,137.8700,4.999980
TAP_TAPCELL_ROW_31_262,VDD,Metal1,124.8800,137.8700,4.999978
TAP_TAPCELL_ROW_31_261,VDD,Metal1,85.6800,137.8700,4.999968
TAP_TAPCELL_ROW_31_260,VDD,Metal1,46.4800,137.8700,4.999968
TAP_TAPCELL_ROW_30_259,VDD,Metal1,183.6800,136.5300,4.999982
TAP_TAPCELL_ROW_30_258,VDD,Metal1,144.4800,136.5300,4.999979
TAP_TAPCELL_ROW_30_257,VDD,Metal1,105.2800,136.5300,4.999969
TAP_TAPCELL_ROW_30_256,VDD,Metal1,66.0800,136.5300,4.999968
TAP_TAPCELL_ROW_30_255,VDD,Metal1,26.8800,136.5300,4.999970
TAP_TAPCELL_ROW_29_254,VDD,Metal1,202.7200,130.0300,4.999977
TAP_TAPCELL_ROW_29_253,VDD,Metal1,164.0800,130.0300,4.999978
TAP_TAPCELL_ROW_29_252,VDD,Metal1,124.8800,130.0300,4.999977
TAP_TAPCELL_ROW_29_251,VDD,Metal1,85.6800,130.0300,4.999982
TAP_TAPCELL_ROW_29_250,VDD,Metal1,46.4800,130.0300,4.999983
TAP_TAPCELL_ROW_28_249,VDD,Metal1,183.6800,128.6900,4.999977
TAP_TAPCELL_ROW_28_248,VDD,Metal1,144.4800,128.6900,4.999977
TAP_TAPCELL_ROW_28_247,VDD,Metal1,105.2800,128.6900,4.999978
TAP_TAPCELL_ROW_28_246,VDD,Metal1,66.0800,128.6900,4.999982
TAP_TAPCELL_ROW_28_245,VDD,Metal1,26.8800,128.6900,4.999984
TAP_TAPCELL_ROW_27_244,VDD,Metal1,202.7200,122.1900,4.999985
TAP_TAPCELL_ROW_27_243,VDD,Metal1,164.0800,122.1900,4.999988
TAP_TAPCELL_ROW_27_242,VDD,Metal1,124.8800,122.1900,4.999986
TAP_TAPCELL_ROW_27_241,VDD,Metal1,85.6800,122.1900,4.999978
TAP_TAPCELL_ROW_27_240,VDD,Metal1,46.4800,122.1900,4.999979
TAP_TAPCELL_ROW_26_239,VDD,Metal1,183.6800,120.8500,4.999986
TAP_TAPCELL_ROW_26_238,VDD,Metal1,144.4800,120.8500,4.999986
TAP_TAPCELL_ROW_26_237,VDD,Metal1,105.2800,120.8500,4.999978
TAP_TAPCELL_ROW_26_236,VDD,Metal1,66.0800,120.8500,4.999978
TAP_TAPCELL_ROW_26_235,VDD,Metal1,26.8800,120.8500,4.999982
TAP_TAPCELL_ROW_25_234,VDD,Metal1,202.7200,114.3500,4.999950
TAP_TAPCELL_ROW_25_233,VDD,Metal1,164.0800,114.3500,4.999947
TAP_TAPCELL_ROW_25_232,VDD,Metal1,124.8800,114.3500,4.999922
TAP_TAPCELL_ROW_25_231,VDD,Metal1,85.6800,114.3500,4.999937
TAP_TAPCELL_ROW_25_230,VDD,Metal1,46.4800,114.3500,4.999943
TAP_TAPCELL_ROW_24_229,VDD,Metal1,183.6800,113.0100,4.999950
TAP_TAPCELL_ROW_24_228,VDD,Metal1,144.4800,113.0100,4.999926
TAP_TAPCELL_ROW_24_227,VDD,Metal1,105.2800,113.0100,4.999934
TAP_TAPCELL_ROW_24_226,VDD,Metal1,66.0800,113.0100,4.999940
TAP_TAPCELL_ROW_24_225,VDD,Metal1,26.8800,113.0100,4.999947
TAP_TAPCELL_ROW_23_224,VDD,Metal1,202.7200,106.5100,4.999986
TAP_TAPCELL_ROW_23_223,VDD,Metal1,164.0800,106.5100,4.999987
TAP_TAPCELL_ROW_23_222,VDD,Metal1,124.8800,106.5100,4.999986
TAP_TAPCELL_ROW_23_221,VDD,Metal1,85.6800,106.5100,4.999987
TAP_TAPCELL_ROW_23_220,VDD,Metal1,46.4800,106.5100,4.999988
TAP_TAPCELL_ROW_22_219,VDD,Metal1,183.6800,105.1700,4.999986
TAP_TAPCELL_ROW_22_218,VDD,Metal1,144.4800,105.1700,4.999986
TAP_TAPCELL_ROW_22_217,VDD,Metal1,105.2800,105.1700,4.999986
TAP_TAPCELL_ROW_22_216,VDD,Metal1,66.0800,105.1700,4.999987
TAP_TAPCELL_ROW_22_215,VDD,Metal1,26.8800,105.1700,4.999989
TAP_TAPCELL_ROW_21_214,VDD,Metal1,202.7200,98.6700,4.999943
TAP_TAPCELL_ROW_21_213,VDD,Metal1,164.0800,98.6700,4.999943
TAP_TAPCELL_ROW_21_212,VDD,Metal1,124.8800,98.6700,4.999942
TAP_TAPCELL_ROW_21_211,VDD,Metal1,85.6800,98.6700,4.999946
TAP_TAPCELL_ROW_21_210,VDD,Metal1,46.4800,98.6700,4.999950
TAP_TAPCELL_ROW_20_209,VDD,Metal1,183.6800,97.3300,4.999943
TAP_TAPCELL_ROW_20_208,VDD,Metal1,144.4800,97.3300,4.999943
TAP_TAPCELL_ROW_20_207,VDD,Metal1,105.2800,97.3300,4.999945
TAP_TAPCELL_ROW_20_206,VDD,Metal1,66.0800,97.3300,4.999949
TAP_TAPCELL_ROW_20_205,VDD,Metal1,26.8800,97.3300,4.999951
TAP_TAPCELL_ROW_19_204,VDD,Metal1,202.7200,90.8300,4.999937
TAP_TAPCELL_ROW_19_203,VDD,Metal1,164.0800,90.8300,4.999912
TAP_TAPCELL_ROW_19_202,VDD,Metal1,124.8800,90.8300,4.999903
TAP_TAPCELL_ROW_19_201,VDD,Metal1,85.6800,90.8300,4.999905
TAP_TAPCELL_ROW_19_200,VDD,Metal1,46.4800,90.8300,4.999911
TAP_TAPCELL_ROW_18_199,VDD,Metal1,183.6800,89.4900,4.999937
TAP_TAPCELL_ROW_18_198,VDD,Metal1,144.4800,89.4900,4.999903
TAP_TAPCELL_ROW_18_197,VDD,Metal1,105.2800,89.4900,4.999905
TAP_TAPCELL_ROW_18_196,VDD,Metal1,66.0800,89.4900,4.999910
TAP_TAPCELL_ROW_18_195,VDD,Metal1,26.8800,89.4900,4.999913
TAP_TAPCELL_ROW_17_194,VDD,Metal1,202.7200,82.9900,4.999958
TAP_TAPCELL_ROW_17_193,VDD,Metal1,164.0800,82.9900,4.999956
TAP_TAPCELL_ROW_17_192,VDD,Metal1,124.8800,82.9900,4.999955
TAP_TAPCELL_ROW_17_191,VDD,Metal1,85.6800,82.9900,4.999953
TAP_TAPCELL_ROW_17_190,VDD,Metal1,46.4800,82.9900,4.999953
TAP_TAPCELL_ROW_16_189,VDD,Metal1,183.6800,81.6500,4.999958
TAP_TAPCELL_ROW_16_188,VDD,Metal1,144.4800,81.6500,4.999955
TAP_TAPCELL_ROW_16_187,VDD,Metal1,105.2800,81.6500,4.999954
TAP_TAPCELL_ROW_16_186,VDD,Metal1,66.0800,81.6500,4.999953
TAP_TAPCELL_ROW_16_185,VDD,Metal1,26.8800,81.6500,4.999953
TAP_TAPCELL_ROW_15_184,VDD,Metal1,202.7200,75.1500,4.999977
TAP_TAPCELL_ROW_15_183,VDD,Metal1,164.0800,75.1500,4.999982
TAP_TAPCELL_ROW_15_182,VDD,Metal1,124.8800,75.1500,4.999917
TAP_TAPCELL_ROW_15_181,VDD,Metal1,85.6800,75.1500,4.999916
TAP_TAPCELL_ROW_15_180,VDD,Metal1,46.4800,75.1500,4.999926
TAP_TAPCELL_ROW_14_179,VDD,Metal1,183.6800,73.8100,4.999977
TAP_TAPCELL_ROW_14_178,VDD,Metal1,144.4800,73.8100,4.999917
TAP_TAPCELL_ROW_14_177,VDD,Metal1,105.2800,73.8100,4.999916
TAP_TAPCELL_ROW_14_176,VDD,Metal1,66.0800,73.8100,4.999918
TAP_TAPCELL_ROW_14_175,VDD,Metal1,26.8800,73.8100,4.999928
TAP_TAPCELL_ROW_13_174,VDD,Metal1,202.7200,67.3100,4.999956
TAP_TAPCELL_ROW_13_173,VDD,Metal1,164.0800,67.3100,4.999927
TAP_TAPCELL_ROW_13_172,VDD,Metal1,124.8800,67.3100,4.999925
TAP_TAPCELL_ROW_13_171,VDD,Metal1,85.6800,67.3100,4.999921
TAP_TAPCELL_ROW_13_170,VDD,Metal1,46.4800,67.3100,4.999925
TAP_TAPCELL_ROW_12_169,VDD,Metal1,183.6800,65.9700,4.999956
TAP_TAPCELL_ROW_12_168,VDD,Metal1,144.4800,65.9700,4.999926
TAP_TAPCELL_ROW_12_167,VDD,Metal1,105.2800,65.9700,4.999923
TAP_TAPCELL_ROW_12_166,VDD,Metal1,66.0800,65.9700,4.999924
TAP_TAPCELL_ROW_12_165,VDD,Metal1,26.8800,65.9700,4.999928
TAP_TAPCELL_ROW_11_164,VDD,Metal1,202.7200,59.4700,4.999983
TAP_TAPCELL_ROW_11_163,VDD,Metal1,164.0800,59.4700,4.999983
TAP_TAPCELL_ROW_11_162,VDD,Metal1,124.8800,59.4700,4.999982
TAP_TAPCELL_ROW_11_161,VDD,Metal1,85.6800,59.4700,4.999982
TAP_TAPCELL_ROW_11_160,VDD,Metal1,46.4800,59.4700,4.999985
TAP_TAPCELL_ROW_10_159,VDD,Metal1,183.6800,58.1300,4.999984
TAP_TAPCELL_ROW_10_158,VDD,Metal1,144.4800,58.1300,4.999983
TAP_TAPCELL_ROW_10_157,VDD,Metal1,105.2800,58.1300,4.999982
TAP_TAPCELL_ROW_10_156,VDD,Metal1,66.0800,58.1300,4.999983
TAP_TAPCELL_ROW_10_155,VDD,Metal1,26.8800,58.1300,4.999988
TAP_TAPCELL_ROW_9_154,VDD,Metal1,202.7200,51.6300,4.999984
TAP_TAPCELL_ROW_9_153,VDD,Metal1,164.0800,51.6300,4.999982
TAP_TAPCELL_ROW_9_152,VDD,Metal1,124.8800,51.6300,4.999973
TAP_TAPCELL_ROW_9_151,VDD,Metal1,85.6800,51.6300,4.999972
TAP_TAPCELL_ROW_9_150,VDD,Metal1,46.4800,51.6300,4.999973
TAP_TAPCELL_ROW_8_149,VDD,Metal1,183.6800,50.2900,4.999984
TAP_TAPCELL_ROW_8_148,VDD,Metal1,144.4800,50.2900,4.999978
TAP_TAPCELL_ROW_8_147,VDD,Metal1,105.2800,50.2900,4.999972
TAP_TAPCELL_ROW_8_146,VDD,Metal1,66.0800,50.2900,4.999972
TAP_TAPCELL_ROW_8_145,VDD,Metal1,26.8800,50.2900,4.999973
TAP_TAPCELL_ROW_7_144,VDD,Metal1,202.7200,43.7900,4.999955
TAP_TAPCELL_ROW_7_143,VDD,Metal1,164.0800,43.7900,4.999938
TAP_TAPCELL_ROW_7_142,VDD,Metal1,124.8800,43.7900,4.999936
TAP_TAPCELL_ROW_7_141,VDD,Metal1,85.6800,43.7900,4.999946
TAP_TAPCELL_ROW_7_140,VDD,Metal1,46.4800,43.7900,4.999951
TAP_TAPCELL_ROW_6_139,VDD,Metal1,183.6800,42.4500,4.999956
TAP_TAPCELL_ROW_6_138,VDD,Metal1,144.4800,42.4500,4.999936
TAP_TAPCELL_ROW_6_137,VDD,Metal1,105.2800,42.4500,4.999939
TAP_TAPCELL_ROW_6_136,VDD,Metal1,66.0800,42.4500,4.999946
TAP_TAPCELL_ROW_6_135,VDD,Metal1,26.8800,42.4500,4.999953
TAP_TAPCELL_ROW_5_134,VDD,Metal1,202.7200,35.9500,4.999914
TAP_TAPCELL_ROW_5_133,VDD,Metal1,164.0800,35.9500,4.999914
TAP_TAPCELL_ROW_5_132,VDD,Metal1,124.8800,35.9500,4.999916
TAP_TAPCELL_ROW_5_131,VDD,Metal1,85.6800,35.9500,4.999919
TAP_TAPCELL_ROW_5_130,VDD,Metal1,46.4800,35.9500,4.999940
TAP_TAPCELL_ROW_4_129,VDD,Metal1,183.6800,34.6100,4.999914
TAP_TAPCELL_ROW_4_128,VDD,Metal1,144.4800,34.6100,4.999914
TAP_TAPCELL_ROW_4_127,VDD,Metal1,105.2800,34.6100,4.999916
TAP_TAPCELL_ROW_4_126,VDD,Metal1,66.0800,34.6100,4.999928
TAP_TAPCELL_ROW_4_125,VDD,Metal1,26.8800,34.6100,4.999946
TAP_TAPCELL_ROW_3_124,VDD,Metal1,202.7200,28.1100,4.999958
TAP_TAPCELL_ROW_3_123,VDD,Metal1,164.0800,28.1100,4.999951
TAP_TAPCELL_ROW_3_122,VDD,Metal1,124.8800,28.1100,4.999949
TAP_TAPCELL_ROW_3_121,VDD,Metal1,85.6800,28.1100,4.999949
TAP_TAPCELL_ROW_3_120,VDD,Metal1,46.4800,28.1100,4.999953
TAP_TAPCELL_ROW_2_119,VDD,Metal1,183.6800,26.7700,4.999958
TAP_TAPCELL_ROW_2_118,VDD,Metal1,144.4800,26.7700,4.999950
TAP_TAPCELL_ROW_2_117,VDD,Metal1,105.2800,26.7700,4.999949
TAP_TAPCELL_ROW_2_116,VDD,Metal1,66.0800,26.7700,4.999950
TAP_TAPCELL_ROW_2_115,VDD,Metal1,26.8800,26.7700,4.999954
TAP_TAPCELL_ROW_1_114,VDD,Metal1,202.7200,20.2700,4.999983
TAP_TAPCELL_ROW_1_113,VDD,Metal1,164.0800,20.2700,4.999975
TAP_TAPCELL_ROW_1_112,VDD,Metal1,124.8800,20.2700,4.999975
TAP_TAPCELL_ROW_1_111,VDD,Metal1,85.6800,20.2700,4.999975
TAP_TAPCELL_ROW_1_110,VDD,Metal1,46.4800,20.2700,4.999979
TAP_TAPCELL_ROW_0_109,VDD,Metal1,197.6800,18.9300,4.999983
TAP_TAPCELL_ROW_0_108,VDD,Metal1,178.6400,18.9300,4.999983
TAP_TAPCELL_ROW_0_107,VDD,Metal1,159.6000,18.9300,4.999975
TAP_TAPCELL_ROW_0_106,VDD,Metal1,140.5600,18.9300,4.999975
TAP_TAPCELL_ROW_0_105,VDD,Metal1,121.5200,18.9300,4.999975
TAP_TAPCELL_ROW_0_104,VDD,Metal1,102.4800,18.9300,4.999975
TAP_TAPCELL_ROW_0_103,VDD,Metal1,83.4400,18.9300,4.999976
TAP_TAPCELL_ROW_0_102,VDD,Metal1,64.4000,18.9300,4.999978
TAP_TAPCELL_ROW_0_101,VDD,Metal1,45.3600,18.9300,4.999980
TAP_TAPCELL_ROW_0_100,VDD,Metal1,26.3200,18.9300,4.999984
PHY_EDGE_ROW_49_Left_99,VDD,Metal1,7.2730,208.4315,4.999991
PHY_EDGE_ROW_48_Left_98,VDD,Metal1,7.2730,207.0880,4.999991
PHY_EDGE_ROW_47_Left_97,VDD,Metal1,7.2730,200.5915,4.999973
PHY_EDGE_ROW_46_Left_96,VDD,Metal1,7.2730,199.2480,4.999973
PHY_EDGE_ROW_45_Left_95,VDD,Metal1,7.2730,192.7515,4.999988
PHY_EDGE_ROW_44_Left_94,VDD,Metal1,7.2730,191.4080,4.999988
PHY_EDGE_ROW_43_Left_93,VDD,Metal1,7.2730,184.9115,4.999989
PHY_EDGE_ROW_42_Left_92,VDD,Metal1,7.2730,183.5680,4.999989
PHY_EDGE_ROW_41_Left_91,VDD,Metal1,7.2730,177.0715,4.999987
PHY_EDGE_ROW_40_Left_90,VDD,Metal1,7.2730,175.7280,4.999987
PHY_EDGE_ROW_39_Left_89,VDD,Metal1,7.2730,169.2315,4.999971
PHY_EDGE_ROW_38_Left_88,VDD,Metal1,7.2730,167.8880,4.999971
PHY_EDGE_ROW_37_Left_87,VDD,Metal1,7.2730,161.3915,4.999948
PHY_EDGE_ROW_36_Left_86,VDD,Metal1,7.2730,160.0480,4.999948
PHY_EDGE_ROW_35_Left_85,VDD,Metal1,7.2730,153.5515,4.999968
PHY_EDGE_ROW_34_Left_84,VDD,Metal1,7.2730,152.2080,4.999968
PHY_EDGE_ROW_33_Left_83,VDD,Metal1,7.2730,145.7115,4.999945
PHY_EDGE_ROW_32_Left_82,VDD,Metal1,7.2730,144.3680,4.999945
PHY_EDGE_ROW_31_Left_81,VDD,Metal1,7.2730,137.8715,4.999970
PHY_EDGE_ROW_30_Left_80,VDD,Metal1,7.2730,136.5280,4.999970
PHY_EDGE_ROW_29_Left_79,VDD,Metal1,7.2730,130.0315,4.999984
PHY_EDGE_ROW_28_Left_78,VDD,Metal1,7.2730,128.6880,4.999984
PHY_EDGE_ROW_27_Left_77,VDD,Metal1,7.2730,122.1915,4.999983
PHY_EDGE_ROW_26_Left_76,VDD,Metal1,7.2730,120.8480,4.999983
PHY_EDGE_ROW_25_Left_75,VDD,Metal1,7.2730,114.3515,4.999947
PHY_EDGE_ROW_24_Left_74,VDD,Metal1,7.2730,113.0080,4.999947
PHY_EDGE_ROW_23_Left_73,VDD,Metal1,7.2730,106.5115,4.999989
PHY_EDGE_ROW_22_Left_72,VDD,Metal1,7.2730,105.1680,4.999989
PHY_EDGE_ROW_21_Left_71,VDD,Metal1,7.2730,98.6715,4.999952
PHY_EDGE_ROW_20_Left_70,VDD,Metal1,7.2730,97.3280,4.999952
PHY_EDGE_ROW_19_Left_69,VDD,Metal1,7.2730,90.8315,4.999973
PHY_EDGE_ROW_18_Left_68,VDD,Metal1,7.2730,89.4880,4.999973
PHY_EDGE_ROW_17_Left_67,VDD,Metal1,7.2730,82.9915,4.999986
PHY_EDGE_ROW_16_Left_66,VDD,Metal1,7.2730,81.6480,4.999986
PHY_EDGE_ROW_15_Left_65,VDD,Metal1,7.2730,75.1515,4.999931
PHY_EDGE_ROW_14_Left_64,VDD,Metal1,7.2730,73.8080,4.999931
PHY_EDGE_ROW_13_Left_63,VDD,Metal1,7.2730,67.3115,4.999929
PHY_EDGE_ROW_12_Left_62,VDD,Metal1,7.2730,65.9680,4.999929
PHY_EDGE_ROW_11_Left_61,VDD,Metal1,7.2730,59.4715,4.999988
PHY_EDGE_ROW_10_Left_60,VDD,Metal1,7.2730,58.1280,4.999988
PHY_EDGE_ROW_9_Left_59,VDD,Metal1,7.2730,51.6315,4.999973
PHY_EDGE_ROW_8_Left_58,VDD,Metal1,7.2730,50.2880,4.999973
PHY_EDGE_ROW_7_Left_57,VDD,Metal1,7.2730,43.7915,4.999954
PHY_EDGE_ROW_6_Left_56,VDD,Metal1,7.2730,42.4480,4.999954
PHY_EDGE_ROW_5_Left_55,VDD,Metal1,7.2730,35.9515,4.999947
PHY_EDGE_ROW_4_Left_54,VDD,Metal1,7.2730,34.6080,4.999947
PHY_EDGE_ROW_3_Left_53,VDD,Metal1,7.2730,28.1115,4.999954
PHY_EDGE_ROW_2_Left_52,VDD,Metal1,7.2730,26.7680,4.999954
PHY_EDGE_ROW_1_Left_51,VDD,Metal1,7.2730,20.2715,4.999984
PHY_EDGE_ROW_0_Left_50,VDD,Metal1,7.2730,18.9280,4.999984
PHY_EDGE_ROW_49_Right_49,VDD,Metal1,203.8465,208.4315,4.999990
PHY_EDGE_ROW_48_Right_48,VDD,Metal1,203.8465,207.0880,4.999990
PHY_EDGE_ROW_47_Right_47,VDD,Metal1,203.8465,200.5915,4.999970
PHY_EDGE_ROW_46_Right_46,VDD,Metal1,203.8465,199.2480,4.999970
PHY_EDGE_ROW_45_Right_45,VDD,Metal1,203.8465,192.7515,4.999981
PHY_EDGE_ROW_44_Right_44,VDD,Metal1,203.8465,191.4080,4.999981
PHY_EDGE_ROW_43_Right_43,VDD,Metal1,203.8465,184.9115,4.999982
PHY_EDGE_ROW_42_Right_42,VDD,Metal1,203.8465,183.5680,4.999982
PHY_EDGE_ROW_41_Right_41,VDD,Metal1,203.8465,177.0715,4.999984
PHY_EDGE_ROW_40_Right_40,VDD,Metal1,203.8465,175.7280,4.999984
PHY_EDGE_ROW_39_Right_39,VDD,Metal1,203.8465,169.2315,4.999943
PHY_EDGE_ROW_38_Right_38,VDD,Metal1,203.8465,167.8880,4.999943
PHY_EDGE_ROW_37_Right_37,VDD,Metal1,203.8465,161.3915,4.999936
PHY_EDGE_ROW_36_Right_36,VDD,Metal1,203.8465,160.0480,4.999936
PHY_EDGE_ROW_35_Right_35,VDD,Metal1,203.8465,153.5515,4.999963
PHY_EDGE_ROW_34_Right_34,VDD,Metal1,203.8465,152.2080,4.999963
PHY_EDGE_ROW_33_Right_33,VDD,Metal1,203.8465,145.7115,4.999954
PHY_EDGE_ROW_32_Right_32,VDD,Metal1,203.8465,144.3680,4.999954
PHY_EDGE_ROW_31_Right_31,VDD,Metal1,203.8465,137.8715,4.999982
PHY_EDGE_ROW_30_Right_30,VDD,Metal1,203.8465,136.5280,4.999982
PHY_EDGE_ROW_29_Right_29,VDD,Metal1,203.8465,130.0315,4.999977
PHY_EDGE_ROW_28_Right_28,VDD,Metal1,203.8465,128.6880,4.999977
PHY_EDGE_ROW_27_Right_27,VDD,Metal1,203.8465,122.1915,4.999985
PHY_EDGE_ROW_26_Right_26,VDD,Metal1,203.8465,120.8480,4.999985
PHY_EDGE_ROW_25_Right_25,VDD,Metal1,203.8465,114.3515,4.999950
PHY_EDGE_ROW_24_Right_24,VDD,Metal1,203.8465,113.0080,4.999950
PHY_EDGE_ROW_23_Right_23,VDD,Metal1,203.8465,106.5115,4.999986
PHY_EDGE_ROW_22_Right_22,VDD,Metal1,203.8465,105.1680,4.999986
PHY_EDGE_ROW_21_Right_21,VDD,Metal1,203.8465,98.6715,4.999943
PHY_EDGE_ROW_20_Right_20,VDD,Metal1,203.8465,97.3280,4.999943
PHY_EDGE_ROW_19_Right_19,VDD,Metal1,203.8465,90.8315,4.999937
PHY_EDGE_ROW_18_Right_18,VDD,Metal1,203.8465,89.4880,4.999937
PHY_EDGE_ROW_17_Right_17,VDD,Metal1,203.8465,82.9915,4.999958
PHY_EDGE_ROW_16_Right_16,VDD,Metal1,203.8465,81.6480,4.999958
PHY_EDGE_ROW_15_Right_15,VDD,Metal1,203.8465,75.1515,4.999977
PHY_EDGE_ROW_14_Right_14,VDD,Metal1,203.8465,73.8080,4.999977
PHY_EDGE_ROW_13_Right_13,VDD,Metal1,203.8465,67.3115,4.999956
PHY_EDGE_ROW_12_Right_12,VDD,Metal1,203.8465,65.9680,4.999956
PHY_EDGE_ROW_11_Right_11,VDD,Metal1,203.8465,59.4715,4.999983
PHY_EDGE_ROW_10_Right_10,VDD,Metal1,203.8465,58.1280,4.999983
PHY_EDGE_ROW_9_Right_9,VDD,Metal1,203.8465,51.6315,4.999984
PHY_EDGE_ROW_8_Right_8,VDD,Metal1,203.8465,50.2880,4.999984
PHY_EDGE_ROW_7_Right_7,VDD,Metal1,203.8465,43.7915,4.999955
PHY_EDGE_ROW_6_Right_6,VDD,Metal1,203.8465,42.4480,4.999955
PHY_EDGE_ROW_5_Right_5,VDD,Metal1,203.8465,35.9515,4.999914
PHY_EDGE_ROW_4_Right_4,VDD,Metal1,203.8465,34.6080,4.999914
PHY_EDGE_ROW_3_Right_3,VDD,Metal1,203.8465,28.1115,4.999958
PHY_EDGE_ROW_2_Right_2,VDD,Metal1,203.8465,26.7680,4.999958
PHY_EDGE_ROW_1_Right_1,VDD,Metal1,203.8465,20.2715,4.999983
PHY_EDGE_ROW_0_Right_0,VDD,Metal1,203.8465,18.9280,4.999983
_1460_,VDD,Metal1,15.6700,106.1125,4.999989
_1459_,VDD,Metal1,105.8300,90.4325,4.999905
_1458_,VDD,Metal1,102.4700,74.7525,4.999916
_1457_,VDD,Metal1,15.6700,184.5125,4.999989
_1456_,VDD,Metal1,11.7500,137.4725,4.999970
_1455_,VDD,Metal1,15.6700,136.9275,4.999970
_1453_,VDD,Metal1,94.2465,34.6950,4.999916
_1452_,VDD,Metal1,116.3130,98.5845,4.999943
_1451_,VDD,Metal1,116.3130,90.7445,4.999904
_1450_,VDD,Metal1,116.3130,82.9045,4.999955
_1449_,VDD,Metal1,136.8065,137.7845,4.999979
_1448_,VDD,Metal1,169.2865,144.4550,4.999953
_1447_,VDD,Metal1,153.0465,144.4550,4.999950
_1446_,VDD,Metal1,165.9265,97.4150,4.999943
_1445_,VDD,Metal1,135.1265,122.1045,4.999986
_1444_,VDD,Metal1,133.4465,106.4245,4.999986
_1443_,VDD,Metal1,140.1665,114.2645,4.999926
_1442_,VDD,Metal1,172.6465,129.9445,4.999979
_1441_,VDD,Metal1,145.7665,129.9445,4.999977
_1440_,VDD,Metal1,165.9265,105.2550,4.999987
_1439_,VDD,Metal1,127.2865,128.7750,4.999977
_1438_,VDD,Metal1,138.4865,82.9045,4.999955
_1437_,VDD,Metal1,133.4465,67.2245,4.999926
_1436_,VDD,Metal1,154.7265,82.9045,4.999956
_1435_,VDD,Metal1,133.4465,89.5750,4.999903
_1434_,VDD,Metal1,162.0065,81.7350,4.999956
_1433_,VDD,Metal1,149.6865,67.2245,4.999926
_1432_,VDD,Metal1,163.6865,66.0550,4.999927
_1431_,VDD,Metal1,132.3265,66.0550,4.999926
_1430_,VDD,Metal1,193.9265,75.0645,4.999977
_1429_,VDD,Metal1,179.3665,59.3845,4.999984
_1428_,VDD,Metal1,193.9265,90.7445,4.999937
_1427_,VDD,Metal1,173.4330,82.9045,4.999959
_1426_,VDD,Metal1,192.8065,82.9045,4.999958
_1425_,VDD,Metal1,195.0465,58.2150,4.999983
_1424_,VDD,Metal1,175.1130,58.2150,4.999984
_1423_,VDD,Metal1,193.9265,51.5445,4.999984
_1422_,VDD,Metal1,193.9265,192.6645,4.999981
_1421_,VDD,Metal1,193.9265,184.8245,4.999982
_1420_,VDD,Metal1,181.6065,153.4645,4.999963
_1419_,VDD,Metal1,195.0465,160.1350,4.999936
_1418_,VDD,Metal1,195.0465,152.2950,4.999963
_1417_,VDD,Metal1,183.2865,145.6245,4.999954
_1416_,VDD,Metal1,195.0465,144.4550,4.999954
_1415_,VDD,Metal1,193.9265,129.9445,4.999977
_1414_,VDD,Metal1,195.0465,128.7750,4.999977
_1413_,VDD,Metal1,193.9265,122.1045,4.999985
_1412_,VDD,Metal1,73.5265,20.1845,4.999976
_1411_,VDD,Metal1,77.1130,28.0245,4.999949
_1410_,VDD,Metal1,74.6465,26.8550,4.999950
_1409_,VDD,Metal1,55.0465,28.0245,4.999953
_1408_,VDD,Metal1,50.7930,26.8550,4.999953
_1407_,VDD,Metal1,27.6065,28.0245,4.999954
_1406_,VDD,Metal1,25.9265,20.1845,4.999984
_1405_,VDD,Metal1,16.0730,34.6950,4.999947
_1404_,VDD,Metal1,98.1665,98.5845,4.999946
_1403_,VDD,Metal1,95.9265,122.1045,4.999978
_1402_,VDD,Metal1,172.6465,175.8150,4.999984
_1401_,VDD,Metal1,192.2465,207.1750,4.999990
_1400_,VDD,Metal1,192.2465,199.3350,4.999970
_1399_,VDD,Metal1,186.6465,200.5045,4.999970
_1398_,VDD,Metal1,102.6465,161.3045,4.999934
_1397_,VDD,Metal1,105.1130,169.1445,4.999943
_1396_,VDD,Metal1,129.1930,160.1350,4.999936
_1395_,VDD,Metal1,126.7265,152.2950,4.999960
_1394_,VDD,Metal1,141.8465,161.3045,4.999936
_1393_,VDD,Metal1,129.5265,183.6550,4.999981
_1392_,VDD,Metal1,130.3130,199.3350,4.999969
_1391_,VDD,Metal1,128.4065,207.1750,4.999989
_1390_,VDD,Metal1,113.8465,199.3350,4.999969
_1389_,VDD,Metal1,94.4730,192.6645,4.999983
_1388_,VDD,Metal1,89.4330,199.3350,4.999970
_1387_,VDD,Metal1,71.8465,200.5045,4.999970
_1386_,VDD,Metal1,65.6865,184.8245,4.999981
_1385_,VDD,Metal1,55.6065,200.5045,4.999972
_1384_,VDD,Metal1,43.2865,207.1750,4.999991
_1383_,VDD,Metal1,42.7265,199.3350,4.999972
_1382_,VDD,Metal1,19.7665,176.9845,4.999987
_1381_,VDD,Metal1,18.0865,192.6645,4.999988
_1380_,VDD,Metal1,16.9665,183.6550,4.999989
_1379_,VDD,Metal1,27.6065,200.5045,4.999973
_1378_,VDD,Metal1,192.2465,20.1845,4.999983
_1377_,VDD,Metal1,192.2465,26.8550,4.999958
_1376_,VDD,Metal1,179.3665,35.8645,4.999914
_1375_,VDD,Metal1,174.8865,28.0245,4.999959
_1374_,VDD,Metal1,173.9930,26.8550,4.999959
_1373_,VDD,Metal1,155.5130,20.1845,4.999975
_1372_,VDD,Metal1,157.5265,26.8550,4.999951
_1371_,VDD,Metal1,143.1930,28.0245,4.999950
_1370_,VDD,Metal1,135.6865,20.1845,4.999975
_1369_,VDD,Metal1,126.1665,34.6950,4.999916
_1368_,VDD,Metal1,121.6865,26.8550,4.999949
_1367_,VDD,Metal1,106.0065,20.1845,4.999975
_1366_,VDD,Metal1,93.6865,19.0150,4.999975
_1365_,VDD,Metal1,96.4865,26.8550,4.999949
_1364_,VDD,Metal1,111.6065,51.5445,4.999972
_1363_,VDD,Metal1,114.9665,58.2150,4.999982
_1362_,VDD,Metal1,95.3665,51.5445,4.999972
_1361_,VDD,Metal1,37.6865,51.5445,4.999973
_1360_,VDD,Metal1,21.4465,51.5445,4.999973
_1359_,VDD,Metal1,16.4065,43.7045,4.999954
_1358_,VDD,Metal1,17.5265,50.3750,4.999973
_1357_,VDD,Metal1,19.7665,67.2245,4.999929
_1356_,VDD,Metal1,18.0865,73.8950,4.999931
_1355_,VDD,Metal1,18.6465,75.0645,4.999931
_1354_,VDD,Metal1,20.8865,98.5845,4.999951
_1353_,VDD,Metal1,15.8465,105.2550,4.999989
_1352_,VDD,Metal1,18.0865,97.4150,4.999952
_1351_,VDD,Metal1,22.5665,114.2645,4.999947
_1350_,VDD,Metal1,18.6465,122.1045,4.999983
_1349_,VDD,Metal1,18.0865,128.7750,4.999984
_1348_,VDD,Metal1,21.4465,137.7845,4.999970
_1347_,VDD,Metal1,17.5265,152.2950,4.999968
_1346_,VDD,Metal1,15.8465,161.3045,4.999948
_1345_,VDD,Metal1,18.0865,160.1350,4.999948
_1344_,VDD,Metal1,37.6865,160.1350,4.999941
_1343_,VDD,Metal1,54.4865,58.2150,4.999983
_1342_,VDD,Metal1,57.2865,50.3750,4.999972
_1341_,VDD,Metal1,67.9265,51.5445,4.999972
_1340_,VDD,Metal1,80.8065,66.0550,4.999921
_1339_,VDD,Metal1,83.6065,50.3750,4.999972
_1338_,VDD,Metal1,88.6465,58.2150,4.999982
_1337_,VDD,Metal1,163.1265,160.1350,4.999938
_1336_,VDD,Metal1,172.6465,192.6645,4.999981
_1335_,VDD,Metal1,168.3930,199.3350,4.999971
_1334_,VDD,Metal1,172.6465,176.9845,4.999984
_1333_,VDD,Metal1,100.0730,145.6245,4.999946
_1332_,VDD,Metal1,84.1665,167.9750,4.999944
_1331_,VDD,Metal1,76.8865,145.6245,4.999939
_1330_,VDD,Metal1,116.8730,144.4550,4.999948
_1329_,VDD,Metal1,155.2865,153.4645,4.999960
_1328_,VDD,Metal1,153.0465,191.4950,4.999981
_1327_,VDD,Metal1,142.9665,192.6645,4.999981
_1326_,VDD,Metal1,154.1665,169.1445,4.999942
_1325_,VDD,Metal1,104.3265,137.7845,4.999969
_1324_,VDD,Metal1,92.0065,183.6550,4.999981
_1323_,VDD,Metal1,76.8865,161.3045,4.999934
_1322_,VDD,Metal1,84.7265,136.6150,4.999968
_1321_,VDD,Metal1,75.2065,153.4645,4.999964
_1320_,VDD,Metal1,150.8065,200.5045,4.999970
_1319_,VDD,Metal1,106.5665,200.5045,4.999969
_1318_,VDD,Metal1,153.0465,175.8150,4.999983
_1317_,VDD,Metal1,46.6465,167.9750,4.999970
_1316_,VDD,Metal1,63.4465,176.9845,4.999983
_1315_,VDD,Metal1,66.2465,169.1445,4.999946
_1314_,VDD,Metal1,46.0865,175.8150,4.999983
_1313_,VDD,Metal1,65.1265,75.0645,4.999918
_1312_,VDD,Metal1,41.0465,81.7350,4.999953
_1311_,VDD,Metal1,37.6865,75.0645,4.999927
_1310_,VDD,Metal1,44.9665,73.8950,4.999926
_1309_,VDD,Metal1,43.8465,89.5750,4.999911
_1308_,VDD,Metal1,70.1665,98.5845,4.999949
_1307_,VDD,Metal1,74.6465,105.2550,4.999987
_1306_,VDD,Metal1,43.8465,120.9350,4.999979
_1305_,VDD,Metal1,70.1665,114.2645,4.999940
_1304_,VDD,Metal1,44.9665,97.4150,4.999950
_1303_,VDD,Metal1,41.0465,113.0950,4.999943
_1302_,VDD,Metal1,57.2865,113.0950,4.999941
_1301_,VDD,Metal1,44.9665,128.7750,4.999983
_1300_,VDD,Metal1,70.1665,122.1045,4.999978
_1299_,VDD,Metal1,60.6465,145.6245,4.999940
_1298_,VDD,Metal1,48.3265,144.4550,4.999940
_1297_,VDD,Metal1,55.6065,153.4645,4.999965
_1296_,VDD,Metal1,50.5665,152.2950,4.999965
_1295_,VDD,Metal1,57.2865,81.7350,4.999952
_1294_,VDD,Metal1,66.2465,90.7445,4.999910
_1293_,VDD,Metal1,87.5265,97.4150,4.999946
_1292_,VDD,Metal1,83.0465,89.5750,4.999905
_1291_,VDD,Metal1,76.8865,82.9045,4.999953
_1290_,VDD,Metal1,94.4730,81.7350,4.999954
_1289_,VDD,Metal1,113.8465,73.8950,4.999916
_1288_,VDD,Metal1,112.1665,75.0645,4.999916
_1287_,VDD,Metal1,148.1700,66.2175,4.999926
_1286_,VDD,Metal1,146.0600,74.0575,4.999917
_1285_,VDD,Metal1,150.7400,74.0575,4.999917
_1284_,VDD,Metal1,159.8300,67.0625,4.999927
_1283_,VDD,Metal1,157.8200,74.0575,4.999921
_1282_,VDD,Metal1,165.6600,67.0625,4.999927
_1281_,VDD,Metal1,132.4900,59.2225,4.999983
_1280_,VDD,Metal1,134.5000,74.9025,4.999917
_1279_,VDD,Metal1,135.6200,74.0575,4.999917
_1278_,VDD,Metal1,191.1900,74.0575,4.999977
_1277_,VDD,Metal1,185.2600,74.0575,4.999977
_1276_,VDD,Metal1,187.5000,67.0625,4.999956
_1275_,VDD,Metal1,178.2775,67.0625,4.999956
_1274_,VDD,Metal1,184.3400,67.0625,4.999956
_1273_,VDD,Metal1,185.5900,97.5775,4.999943
_1272_,VDD,Metal1,182.4600,82.7425,4.999958
_1271_,VDD,Metal1,187.1400,81.8975,4.999958
_1270_,VDD,Metal1,175.6425,81.8975,4.999959
_1269_,VDD,Metal1,179.8600,74.9025,4.999983
_1268_,VDD,Metal1,189.5100,81.8975,4.999958
_1267_,VDD,Metal1,180.7800,81.8975,4.999959
_1266_,VDD,Metal1,183.5800,74.9025,4.999977
_1265_,VDD,Metal1,188.4900,66.2175,4.999956
_1264_,VDD,Metal1,190.8600,59.2225,4.999983
_1263_,VDD,Metal1,190.8600,67.0625,4.999956
_1262_,VDD,Metal1,175.5700,66.0765,4.999956
_1261_,VDD,Metal1,178.5000,66.2575,4.999956
_1260_,VDD,Metal1,169.9500,59.3630,4.999984
_1259_,VDD,Metal1,181.7100,73.9165,4.999981
_1258_,VDD,Metal1,192.7800,66.2575,4.999956
_1257_,VDD,Metal1,185.6500,58.2365,4.999983
_1256_,VDD,Metal1,168.8300,90.7230,4.999918
_1255_,VDD,Metal1,186.0130,89.7125,4.999937
_1254_,VDD,Metal1,159.7000,207.3375,4.999989
_1253_,VDD,Metal1,186.2225,183.9450,4.999982
_1252_,VDD,Metal1,183.5630,192.5130,4.999981
_1251_,VDD,Metal1,180.1800,207.3775,4.999990
_1250_,VDD,Metal1,185.6500,175.8365,4.999984
_1249_,VDD,Metal1,185.2530,176.9630,4.999984
_1248_,VDD,Metal1,162.1700,176.8225,4.999984
_1247_,VDD,Metal1,181.5800,168.1775,4.999943
_1246_,VDD,Metal1,171.2430,153.3130,4.999961
_1245_,VDD,Metal1,167.5800,145.4225,4.999953
_1244_,VDD,Metal1,74.0100,129.8380,4.999982
_1243_,VDD,Metal1,158.0100,145.5180,4.999950
_1242_,VDD,Metal1,166.0300,90.7230,4.999917
_1241_,VDD,Metal1,164.3375,89.8650,4.999912
_1240_,VDD,Metal1,147.0225,97.7050,4.999943
_1239_,VDD,Metal1,185.6500,152.3165,4.999963
_1238_,VDD,Metal1,156.9000,161.1425,4.999938
_1237_,VDD,Metal1,183.9375,161.0150,4.999938
_1236_,VDD,Metal1,191.8100,98.5630,4.999943
_1235_,VDD,Metal1,140.0400,97.7350,4.999942
_1234_,VDD,Metal1,177.7775,89.8650,4.999937
_1233_,VDD,Metal1,147.9800,105.4575,4.999987
_1232_,VDD,Metal1,156.7100,192.5580,4.999981
_1231_,VDD,Metal1,55.5300,105.3615,4.999988
_1230_,VDD,Metal1,190.8600,153.3025,4.999963
_1229_,VDD,Metal1,172.2225,145.3350,4.999953
_1228_,VDD,Metal1,151.8300,106.2125,4.999987
_1227_,VDD,Metal1,154.8175,105.5450,4.999987
_1226_,VDD,Metal1,148.1425,90.4550,4.999910
_1225_,VDD,Metal1,145.1330,106.2875,4.999986
_1224_,VDD,Metal1,55.5300,97.5215,4.999950
_1223_,VDD,Metal1,146.0700,184.7180,4.999982
_1222_,VDD,Metal1,168.1000,153.3025,4.999961
_1221_,VDD,Metal1,180.0625,144.7450,4.999954
_1220_,VDD,Metal1,176.6700,122.0830,4.999988
_1219_,VDD,Metal1,145.6400,121.7850,4.999987
_1218_,VDD,Metal1,176.0975,113.9750,4.999950
_1217_,VDD,Metal1,153.0200,114.0625,4.999926
_1216_,VDD,Metal1,56.6500,106.3180,4.999988
_1215_,VDD,Metal1,156.7100,176.8780,4.999983
_1214_,VDD,Metal1,189.7400,137.6225,4.999982
_1213_,VDD,Metal1,186.2225,136.9050,4.999982
_1212_,VDD,Metal1,171.4300,128.9875,4.999979
_1211_,VDD,Metal1,172.2225,121.8150,4.999988
_1210_,VDD,Metal1,166.0625,129.0650,4.999979
_1209_,VDD,Metal1,103.6930,129.8075,4.999978
_1208_,VDD,Metal1,52.1700,136.7215,4.999968
_1207_,VDD,Metal1,99.2100,136.7215,4.999969
_1206_,VDD,Metal1,174.2600,136.7775,4.999981
_1205_,VDD,Metal1,182.8625,129.6550,4.999978
_1204_,VDD,Metal1,156.3100,129.7325,4.999977
_1203_,VDD,Metal1,156.5425,136.9050,4.999980
_1202_,VDD,Metal1,152.0625,121.2250,4.999987
_1201_,VDD,Metal1,89.6930,128.9125,4.999979
_1200_,VDD,Metal1,68.9700,121.0415,4.999978
_1199_,VDD,Metal1,88.5700,169.0380,4.999944
_1198_,VDD,Metal1,180.7800,121.0975,4.999986
_1197_,VDD,Metal1,180.0625,129.0650,4.999979
_1196_,VDD,Metal1,165.8300,113.3075,4.999947
_1195_,VDD,Metal1,176.1425,105.5450,4.999987
_1194_,VDD,Metal1,176.1425,97.7050,4.999944
_1193_,VDD,Metal1,88.0130,106.2875,4.999987
_1192_,VDD,Metal1,82.2300,106.3180,4.999987
_1191_,VDD,Metal1,91.7500,137.6780,4.999969
_1190_,VDD,Metal1,185.8200,114.1025,4.999950
_1189_,VDD,Metal1,182.8625,121.8150,4.999986
_1188_,VDD,Metal1,151.8300,121.8925,4.999987
_1187_,VDD,Metal1,153.1375,89.8650,4.999910
_1186_,VDD,Metal1,189.0500,98.4225,4.999943
_1185_,VDD,Metal1,147.0225,121.2250,4.999987
_1184_,VDD,Metal1,94.1730,128.9125,4.999979
_1183_,VDD,Metal1,60.0100,136.7215,4.999968
_1182_,VDD,Metal1,182.1000,97.5775,4.999943
_1181_,VDD,Metal1,181.5400,105.4175,4.999987
_1180_,VDD,Metal1,191.8500,105.4175,4.999986
_1179_,VDD,Metal1,93.9900,129.8380,4.999979
_1178_,VDD,Metal1,191.0600,89.7375,4.999937
_1177_,VDD,Metal1,182.3800,175.9650,4.999984
_1176_,VDD,Metal1,190.8800,34.8575,4.999914
_1175_,VDD,Metal1,190.0700,97.5775,4.999943
_1174_,VDD,Metal1,191.8500,106.2625,4.999986
_1173_,VDD,Metal1,187.3100,42.5565,4.999956
_1172_,VDD,Metal1,188.9200,43.5425,4.999956
_1171_,VDD,Metal1,187.5065,168.1125,4.999943
_1170_,VDD,Metal1,185.6500,160.1565,4.999936
_1169_,VDD,Metal1,201.8900,199.3565,4.999970
_1168_,VDD,Metal1,196.2300,200.3425,4.999970
_1167_,VDD,Metal1,69.5400,34.8575,4.999928
_1166_,VDD,Metal1,74.1600,34.9225,4.999922
_1165_,VDD,Metal1,66.3860,27.8300,4.999950
_1164_,VDD,Metal1,80.7800,35.6625,4.999921
_1163_,VDD,Metal1,79.5900,34.9075,4.999921
_1162_,VDD,Metal1,72.0100,19.1775,4.999976
_1161_,VDD,Metal1,75.1600,35.7175,4.999922
_1160_,VDD,Metal1,63.9800,19.9825,4.999978
_1159_,VDD,Metal1,59.2400,34.8425,4.999928
_1158_,VDD,Metal1,49.9465,35.8430,4.999940
_1157_,VDD,Metal1,43.4800,27.8625,4.999953
_1156_,VDD,Metal1,50.7625,20.0225,4.999978
_1155_,VDD,Metal1,39.6400,20.0375,4.999980
_1154_,VDD,Metal1,44.5300,20.1630,4.999980
_1153_,VDD,Metal1,35.7230,35.7130,4.999945
_1152_,VDD,Metal1,38.4400,34.8575,4.999945
_1151_,VDD,Metal1,38.1730,19.1525,4.999980
_1150_,VDD,Metal1,35.5700,20.1630,4.999983
_1149_,VDD,Metal1,29.2200,35.7025,4.999945
_1148_,VDD,Metal1,69.8830,42.6865,4.999946
_1147_,VDD,Metal1,33.0550,19.0600,4.999984
_1146_,VDD,Metal1,32.8100,34.8575,4.999945
_1145_,VDD,Metal1,38.1800,27.8625,4.999953
_1144_,VDD,Metal1,73.6500,42.5565,4.999946
_1143_,VDD,Metal1,62.3900,27.0175,4.999953
_1142_,VDD,Metal1,49.2630,42.6565,4.999950
_1141_,VDD,Metal1,32.5800,35.7025,4.999945
_1140_,VDD,Metal1,44.5300,35.8430,4.999940
_1139_,VDD,Metal1,74.7700,19.0365,4.999976
_1138_,VDD,Metal1,97.5800,106.2225,4.999987
_1137_,VDD,Metal1,100.6830,97.5665,4.999946
_1136_,VDD,Metal1,101.1025,105.5450,4.999987
_1135_,VDD,Metal1,110.2200,105.4175,4.999986
_1134_,VDD,Metal1,93.6200,106.2625,4.999987
_1133_,VDD,Metal1,94.1800,121.0975,4.999978
_1132_,VDD,Metal1,95.0930,114.2430,4.999935
_1131_,VDD,Metal1,100.1230,114.1130,4.999934
_1130_,VDD,Metal1,161.1600,168.1225,4.999942
_1129_,VDD,Metal1,180.2000,183.8025,4.999984
_1128_,VDD,Metal1,175.1600,208.1975,4.999990
_1127_,VDD,Metal1,180.2000,199.4825,4.999970
_1126_,VDD,Metal1,102.8425,160.2975,4.999934
_1125_,VDD,Metal1,108.7800,160.3375,4.999934
_1124_,VDD,Metal1,106.8600,168.1375,4.999943
_1123_,VDD,Metal1,97.5565,168.1265,4.999944
_1122_,VDD,Metal1,101.6625,168.2650,4.999943
_1121_,VDD,Metal1,103.3300,175.8365,4.999983
_1120_,VDD,Metal1,137.6600,168.1375,4.999941
_1119_,VDD,Metal1,122.1965,168.9930,4.999941
_1118_,VDD,Metal1,121.2625,161.0150,4.999935
_1117_,VDD,Metal1,119.4600,168.1250,4.999941
_1116_,VDD,Metal1,117.5065,161.1675,4.999935
_1115_,VDD,Metal1,120.5975,153.3025,4.999960
_1114_,VDD,Metal1,127.4225,145.3350,4.999950
_1113_,VDD,Metal1,113.8600,160.2850,4.999935
_1112_,VDD,Metal1,129.4800,168.9975,4.999941
_1111_,VDD,Metal1,138.2200,160.2975,4.999936
_1110_,VDD,Metal1,135.0765,175.9665,4.999983
_1109_,VDD,Metal1,134.1425,168.8550,4.999941
_1108_,VDD,Metal1,138.5900,169.1230,4.999941
_1107_,VDD,Metal1,127.3175,176.8225,4.999983
_1106_,VDD,Metal1,130.1775,184.5350,4.999981
_1105_,VDD,Metal1,135.9000,176.8350,4.999983
_1104_,VDD,Metal1,132.0600,176.8225,4.999983
_1103_,VDD,Metal1,127.3175,192.5025,4.999982
_1102_,VDD,Metal1,126.8625,191.7850,4.999982
_1101_,VDD,Metal1,120.7060,191.6900,4.999982
_1100_,VDD,Metal1,126.4600,200.3425,4.999969
_1099_,VDD,Metal1,121.4030,200.3530,4.999969
_1098_,VDD,Metal1,121.2625,192.3750,4.999982
_1097_,VDD,Metal1,117.8700,192.6430,4.999982
_1096_,VDD,Metal1,109.6600,191.6575,4.999983
_1095_,VDD,Metal1,108.1965,192.5130,4.999983
_1094_,VDD,Metal1,113.3775,192.3750,4.999982
_1093_,VDD,Metal1,116.3000,200.3550,4.999969
_1092_,VDD,Metal1,114.8930,191.6325,4.999982
_1091_,VDD,Metal1,91.0825,191.6575,4.999983
_1090_,VDD,Metal1,90.4625,184.5350,4.999981
_1089_,VDD,Metal1,82.8630,192.5430,4.999984
_1088_,VDD,Metal1,73.3100,191.6575,4.999985
_1087_,VDD,Metal1,84.1000,200.3425,4.999970
_1086_,VDD,Metal1,86.6830,207.3265,4.999989
_1085_,VDD,Metal1,88.2225,200.2150,4.999970
_1084_,VDD,Metal1,79.7900,199.3565,4.999970
_1083_,VDD,Metal1,70.7575,199.4975,4.999970
_1082_,VDD,Metal1,75.2975,207.4650,4.999990
_1081_,VDD,Metal1,79.3400,192.5150,4.999984
_1080_,VDD,Metal1,75.5000,199.4975,4.999970
_1079_,VDD,Metal1,61.7975,191.6575,4.999986
_1078_,VDD,Metal1,69.6975,191.7850,4.999985
_1077_,VDD,Metal1,73.5400,192.5150,4.999985
_1076_,VDD,Metal1,70.4600,192.5025,4.999985
_1075_,VDD,Metal1,60.2825,199.4975,4.999972
_1074_,VDD,Metal1,61.8575,192.3750,4.999986
_1073_,VDD,Metal1,56.3060,192.4700,4.999986
_1072_,VDD,Metal1,37.6200,192.5025,4.999988
_1071_,VDD,Metal1,42.8625,200.2150,4.999972
_1070_,VDD,Metal1,42.5750,192.6200,4.999987
_1069_,VDD,Metal1,53.1830,199.4565,4.999972
_1068_,VDD,Metal1,39.8600,200.3425,4.999972
_1067_,VDD,Metal1,49.0225,192.3750,4.999987
_1066_,VDD,Metal1,44.0000,191.7225,4.999987
_1065_,VDD,Metal1,49.0100,191.5165,4.999987
_1064_,VDD,Metal1,20.2600,175.9775,4.999987
_1063_,VDD,Metal1,29.9825,176.6950,4.999987
_1062_,VDD,Metal1,25.7450,184.7800,4.999989
_1061_,VDD,Metal1,38.5100,184.5905,4.999986
_1060_,VDD,Metal1,19.7000,199.4975,4.999973
_1059_,VDD,Metal1,29.4225,191.7850,4.999988
_1058_,VDD,Metal1,22.3850,191.5400,4.999988
_1057_,VDD,Metal1,20.1430,184.7030,4.999989
_1056_,VDD,Metal1,16.9000,175.9775,4.999987
_1055_,VDD,Metal1,24.3375,176.1050,4.999987
_1054_,VDD,Metal1,31.0400,183.8825,4.999988
_1053_,VDD,Metal1,31.0900,184.8030,4.999988
_1052_,VDD,Metal1,24.7800,199.5375,4.999973
_1051_,VDD,Metal1,30.1230,199.4865,4.999973
_1050_,VDD,Metal1,108.5465,114.1275,4.999922
_1048_,VDD,Metal1,103.1800,113.2975,4.999934
_1047_,VDD,Metal1,107.3800,106.2225,4.999986
_1046_,VDD,Metal1,108.1800,105.4175,4.999986
_1045_,VDD,Metal1,113.8000,176.8375,4.999983
_1044_,VDD,Metal1,116.8075,168.1375,4.999942
_1043_,VDD,Metal1,111.3000,168.1775,4.999943
_1042_,VDD,Metal1,182.6100,184.6625,4.999984
_1041_,VDD,Metal1,113.0130,183.6765,4.999981
_1040_,VDD,Metal1,117.0900,168.9825,4.999942
_1039_,VDD,Metal1,128.7830,175.9365,4.999983
_1038_,VDD,Metal1,112.2700,161.2830,4.999934
_1037_,VDD,Metal1,76.8600,184.6225,4.999981
_1036_,VDD,Metal1,67.5625,192.5025,4.999985
_1035_,VDD,Metal1,56.2700,184.8030,4.999986
_1034_,VDD,Metal1,40.3900,183.8675,4.999986
_1033_,VDD,Metal1,84.8500,191.5165,4.999984
_1032_,VDD,Metal1,99.2200,42.6975,4.999944
_1031_,VDD,Metal1,104.4300,114.2430,4.999934
_1030_,VDD,Metal1,101.4530,106.2875,4.999987
_1029_,VDD,Metal1,97.9000,113.2575,4.999934
_1028_,VDD,Metal1,201.1800,19.2175,4.999983
_1027_,VDD,Metal1,175.9565,19.1665,4.999983
_1026_,VDD,Metal1,189.1800,35.7025,4.999914
_1025_,VDD,Metal1,189.7230,27.8730,4.999958
_1024_,VDD,Metal1,171.8265,19.1525,4.999983
_1023_,VDD,Metal1,175.0500,20.0225,4.999983
_1022_,VDD,Metal1,179.3200,20.0375,4.999983
_1021_,VDD,Metal1,187.1800,34.8975,4.999914
_1020_,VDD,Metal1,169.2600,42.7375,4.999944
_1019_,VDD,Metal1,185.2430,27.8730,4.999958
_1018_,VDD,Metal1,166.7800,35.7025,4.999914
_1017_,VDD,Metal1,166.7630,20.0330,4.999982
_1016_,VDD,Metal1,160.0300,27.7905,4.999951
_1015_,VDD,Metal1,163.2900,19.1775,4.999975
_1014_,VDD,Metal1,154.6530,27.8875,4.999951
_1013_,VDD,Metal1,165.6600,19.1775,4.999982
_1012_,VDD,Metal1,151.5300,19.1775,4.999975
_1011_,VDD,Metal1,155.5865,19.1525,4.999975
_1010_,VDD,Metal1,165.6600,51.3825,4.999982
_1009_,VDD,Metal1,142.0100,34.8575,4.999914
_1008_,VDD,Metal1,141.0000,27.0025,4.999950
_1007_,VDD,Metal1,147.9800,34.8975,4.999914
_1006_,VDD,Metal1,134.5400,27.0575,4.999949
_1005_,VDD,Metal1,136.5230,34.8465,4.999914
_1004_,VDD,Metal1,126.7900,43.5425,4.999936
_1003_,VDD,Metal1,122.7800,35.6625,4.999916
_1002_,VDD,Metal1,128.1200,27.8775,4.999949
_1001_,VDD,Metal1,120.5400,27.8225,4.999949
_1000_,VDD,Metal1,121.4030,20.0330,4.999975
_0999_,VDD,Metal1,108.9700,42.6975,4.999939
_0998_,VDD,Metal1,108.7800,27.0575,4.999949
_0997_,VDD,Metal1,110.4500,34.9290,4.999916
_0996_,VDD,Metal1,105.9800,19.2175,4.999975
_0995_,VDD,Metal1,110.2030,19.1665,4.999975
_0994_,VDD,Metal1,94.8700,20.0225,4.999975
_0993_,VDD,Metal1,95.8600,42.6975,4.999945
_0992_,VDD,Metal1,102.9465,42.6725,4.999944
_0991_,VDD,Metal1,103.3700,50.5375,4.999972
_0990_,VDD,Metal1,108.1800,50.5375,4.999972
_0989_,VDD,Metal1,106.8300,43.4705,4.999939
_0988_,VDD,Metal1,114.9800,27.8750,4.999949
_0987_,VDD,Metal1,112.1065,50.3965,4.999972
_0986_,VDD,Metal1,109.9900,59.2225,4.999982
_0985_,VDD,Metal1,106.8665,67.0875,4.999923
_0984_,VDD,Metal1,111.5800,66.2575,4.999925
_0983_,VDD,Metal1,103.7000,58.3775,4.999982
_0982_,VDD,Metal1,97.3000,50.5775,4.999972
_0981_,VDD,Metal1,121.3400,51.3950,4.999972
_0980_,VDD,Metal1,128.1000,51.3425,4.999973
_0979_,VDD,Metal1,132.8400,43.5575,4.999936
_0978_,VDD,Metal1,128.7500,50.5375,4.999973
_0977_,VDD,Metal1,128.7500,35.7025,4.999916
_0976_,VDD,Metal1,174.7700,42.6975,4.999952
_0975_,VDD,Metal1,161.7900,42.6975,4.999936
_0974_,VDD,Metal1,145.8535,59.1900,4.999983
_0973_,VDD,Metal1,146.6700,42.6975,4.999936
_0972_,VDD,Metal1,161.3300,51.3825,4.999981
_0971_,VDD,Metal1,160.9200,50.5375,4.999981
_0970_,VDD,Metal1,168.8000,50.6025,4.999984
_0969_,VDD,Metal1,135.2800,58.4425,4.999983
_0968_,VDD,Metal1,143.4600,51.3825,4.999978
_0967_,VDD,Metal1,155.3600,50.6025,4.999980
_0966_,VDD,Metal1,136.4000,51.3175,4.999976
_0965_,VDD,Metal1,137.5200,50.6025,4.999976
_0964_,VDD,Metal1,156.5600,42.7625,4.999936
_0963_,VDD,Metal1,146.7600,51.2250,4.999978
_0962_,VDD,Metal1,148.6400,58.4425,4.999983
_0961_,VDD,Metal1,168.8000,43.4775,4.999944
_0960_,VDD,Metal1,158.2400,58.4425,4.999983
_0959_,VDD,Metal1,175.5200,43.4775,4.999952
_0958_,VDD,Metal1,180.0000,42.7625,4.999956
_0957_,VDD,Metal1,148.1600,50.6025,4.999979
_0956_,VDD,Metal1,182.2400,43.4775,4.999956
_0955_,VDD,Metal1,153.1400,51.3975,4.999980
_0954_,VDD,Metal1,175.5200,50.6025,4.999984
_0953_,VDD,Metal1,43.0200,58.3775,4.999986
_0952_,VDD,Metal1,39.5200,43.4775,4.999953
_0951_,VDD,Metal1,29.2200,43.5425,4.999953
_0950_,VDD,Metal1,35.2630,58.3365,4.999986
_0949_,VDD,Metal1,29.9860,50.5700,4.999973
_0948_,VDD,Metal1,30.3800,58.4175,4.999988
_0947_,VDD,Metal1,18.1500,42.6975,4.999954
_0946_,VDD,Metal1,17.2665,58.3525,4.999988
_0945_,VDD,Metal1,17.2600,35.7025,4.999947
_0944_,VDD,Metal1,10.3100,51.3825,4.999973
_0943_,VDD,Metal1,21.7465,58.3525,4.999988
_0942_,VDD,Metal1,21.9400,59.2225,4.999988
_0941_,VDD,Metal1,24.4100,66.2175,4.999929
_0940_,VDD,Metal1,22.5300,81.9690,4.999986
_0939_,VDD,Metal1,28.4600,66.2175,4.999927
_0938_,VDD,Metal1,18.2500,59.2225,4.999988
_0937_,VDD,Metal1,18.5730,66.1925,4.999929
_0936_,VDD,Metal1,13.5400,81.8975,4.999986
_0935_,VDD,Metal1,18.2500,82.7425,4.999986
_0934_,VDD,Metal1,17.2665,81.8725,4.999986
_0933_,VDD,Metal1,21.9400,82.7425,4.999986
_0932_,VDD,Metal1,28.7900,90.5825,4.999912
_0931_,VDD,Metal1,23.6500,90.5105,4.999973
_0930_,VDD,Metal1,32.0600,97.6175,4.999951
_0929_,VDD,Metal1,13.2600,106.2750,4.999989
_0928_,VDD,Metal1,10.7565,98.4330,4.999952
_0927_,VDD,Metal1,21.4200,106.2225,4.999989
_0926_,VDD,Metal1,19.9300,89.7375,4.999973
_0925_,VDD,Metal1,24.7330,106.2875,4.999989
_0924_,VDD,Metal1,19.1400,90.5825,4.999973
_0923_,VDD,Metal1,21.6100,113.2575,4.999947
_0922_,VDD,Metal1,23.6500,121.1690,4.999983
_0921_,VDD,Metal1,28.4600,121.0975,4.999982
_0920_,VDD,Metal1,14.3300,121.0975,4.999983
_0919_,VDD,Metal1,18.3865,121.0725,4.999983
_0918_,VDD,Metal1,27.9000,121.9425,4.999982
_0917_,VDD,Metal1,17.6900,129.7825,4.999984
_0916_,VDD,Metal1,21.7465,129.8075,4.999984
_0915_,VDD,Metal1,25.8600,129.7825,4.999984
_0914_,VDD,Metal1,21.6100,136.7775,4.999970
_0913_,VDD,Metal1,29.7300,145.4625,4.999942
_0912_,VDD,Metal1,29.1030,144.5765,4.999942
_0911_,VDD,Metal1,21.7400,144.6175,4.999945
_0910_,VDD,Metal1,17.1300,145.4625,4.999945
_0909_,VDD,Metal1,21.4000,145.4775,4.999945
_0908_,VDD,Metal1,19.1800,153.2625,4.999968
_0907_,VDD,Metal1,16.0600,168.9950,4.999971
_0906_,VDD,Metal1,11.8765,145.4730,4.999945
_0905_,VDD,Metal1,21.4200,168.1775,4.999971
_0904_,VDD,Metal1,13.1100,153.3025,4.999968
_0903_,VDD,Metal1,23.8500,153.3025,4.999968
_0902_,VDD,Metal1,26.4200,161.1425,4.999948
_0901_,VDD,Metal1,32.1500,152.4575,4.999966
_0900_,VDD,Metal1,29.7800,152.4575,4.999966
_0899_,VDD,Metal1,34.0665,161.1675,4.999941
_0898_,VDD,Metal1,48.3400,59.2350,4.999983
_0897_,VDD,Metal1,58.3565,66.2065,4.999924
_0896_,VDD,Metal1,52.5000,51.3425,4.999972
_0895_,VDD,Metal1,62.9735,66.2500,4.999924
_0894_,VDD,Metal1,60.2500,43.5425,4.999950
_0893_,VDD,Metal1,58.1465,51.4075,4.999972
_0892_,VDD,Metal1,63.9400,43.5425,4.999948
_0891_,VDD,Metal1,66.9700,59.2225,4.999983
_0890_,VDD,Metal1,69.3465,58.3525,4.999983
_0889_,VDD,Metal1,70.6600,59.2225,4.999983
_0888_,VDD,Metal1,75.7800,59.2350,4.999983
_0887_,VDD,Metal1,78.2830,58.3665,4.999983
_0886_,VDD,Metal1,78.3000,59.2225,4.999983
_0885_,VDD,Metal1,89.7300,59.1505,4.999982
_0884_,VDD,Metal1,77.5100,51.3825,4.999972
_0883_,VDD,Metal1,83.3465,59.2475,4.999982
_0882_,VDD,Metal1,75.1400,58.3775,4.999983
_0881_,VDD,Metal1,81.9900,51.3825,4.999972
_0880_,VDD,Metal1,95.1065,66.1925,4.999922
_0879_,VDD,Metal1,97.9000,66.2175,4.999922
_0878_,VDD,Metal1,48.4300,51.5230,4.999973
_0877_,VDD,Metal1,121.7525,129.7825,4.999977
_0876_,VDD,Metal1,122.7400,136.7775,4.999977
_0875_,VDD,Metal1,159.7975,161.1425,4.999938
_0874_,VDD,Metal1,165.6600,168.9825,4.999943
_0873_,VDD,Metal1,161.6425,184.6625,4.999984
_0872_,VDD,Metal1,161.7400,207.3375,4.999989
_0871_,VDD,Metal1,168.9225,208.1825,4.999990
_0870_,VDD,Metal1,161.1800,200.3425,4.999971
_0869_,VDD,Metal1,158.6775,183.8175,4.999983
_0868_,VDD,Metal1,155.5800,184.6625,4.999982
_0867_,VDD,Metal1,101.1625,153.3025,4.999961
_0866_,VDD,Metal1,105.3800,153.3025,4.999961
_0865_,VDD,Metal1,86.0425,175.9775,4.999983
_0864_,VDD,Metal1,94.5400,176.8225,4.999983
_0863_,VDD,Metal1,84.1975,152.4575,4.999963
_0862_,VDD,Metal1,87.2600,153.3025,4.999962
_0861_,VDD,Metal1,117.7975,137.6225,4.999977
_0860_,VDD,Metal1,114.9000,137.6225,4.999969
_0859_,VDD,Metal1,151.3975,160.2975,4.999937
_0858_,VDD,Metal1,147.1800,160.2975,4.999936
_0857_,VDD,Metal1,148.7625,199.4975,4.999970
_0856_,VDD,Metal1,152.9800,199.4975,4.999970
_0855_,VDD,Metal1,142.0425,199.4975,4.999970
_0854_,VDD,Metal1,140.4600,200.3425,4.999970
_0853_,VDD,Metal1,147.4775,176.8225,4.999983
_0852_,VDD,Metal1,140.1000,176.8225,4.999983
_0851_,VDD,Metal1,100.9975,152.4575,4.999961
_0850_,VDD,Metal1,107.4200,183.8175,4.999981
_0849_,VDD,Metal1,89.7975,176.8225,4.999983
_0848_,VDD,Metal1,94.5400,184.6625,4.999981
_0847_,VDD,Metal1,79.3225,168.9825,4.999944
_0846_,VDD,Metal1,81.8600,176.8225,4.999983
_0845_,VDD,Metal1,81.5625,137.6225,4.999968
_0844_,VDD,Metal1,87.2600,145.4625,4.999945
_0843_,VDD,Metal1,75.4025,137.6225,4.999968
_0842_,VDD,Metal1,88.5800,161.1425,4.999934
_0841_,VDD,Metal1,148.7625,207.3375,4.999989
_0840_,VDD,Metal1,155.0200,199.4975,4.999970
_0839_,VDD,Metal1,100.9975,199.4975,4.999969
_0838_,VDD,Metal1,97.5400,200.3425,4.999970
_0837_,VDD,Metal1,144.0600,176.7825,4.999983
_0836_,VDD,Metal1,151.0830,168.1265,4.999942
_0835_,VDD,Metal1,40.4200,168.9825,4.999971
_0834_,VDD,Metal1,49.1630,168.9930,4.999970
_0833_,VDD,Metal1,35.7400,175.9775,4.999984
_0832_,VDD,Metal1,58.9000,175.9775,4.999983
_0831_,VDD,Metal1,63.1630,175.9665,4.999983
_0830_,VDD,Metal1,49.3800,176.8225,4.999983
_0829_,VDD,Metal1,62.2600,168.1375,4.999946
_0828_,VDD,Metal1,68.7630,168.1265,4.999946
_0827_,VDD,Metal1,44.9000,176.8225,4.999983
_0826_,VDD,Metal1,41.5400,176.8225,4.999983
_0825_,VDD,Metal1,43.5630,168.9930,4.999970
_0824_,VDD,Metal1,36.8600,176.8225,4.999984
_0823_,VDD,Metal1,61.1400,74.0575,4.999918
_0822_,VDD,Metal1,66.5230,82.7530,4.999953
_0821_,VDD,Metal1,53.6600,66.2175,4.999925
_0820_,VDD,Metal1,40.9800,58.3775,4.999986
_0819_,VDD,Metal1,49.1630,67.0730,4.999925
_0818_,VDD,Metal1,29.5800,59.2225,4.999988
_0817_,VDD,Metal1,30.3400,67.0625,4.999927
_0816_,VDD,Metal1,53.6430,74.9130,4.999926
_0815_,VDD,Metal1,27.5400,59.2225,4.999988
_0814_,VDD,Metal1,37.0600,66.2175,4.999925
_0813_,VDD,Metal1,49.1630,74.9130,4.999926
_0812_,VDD,Metal1,33.7000,66.2175,4.999925
_0811_,VDD,Metal1,34.8200,89.7375,4.999911
_0810_,VDD,Metal1,53.6430,90.5930,4.999910
_0809_,VDD,Metal1,26.7800,82.7425,4.999953
_0808_,VDD,Metal1,60.0200,89.7375,4.999910
_0807_,VDD,Metal1,71.5630,97.5665,4.999949
_0806_,VDD,Metal1,32.0200,81.8975,4.999953
_0805_,VDD,Metal1,64.5000,105.4175,4.999987
_0804_,VDD,Metal1,76.0430,113.2465,4.999940
_0803_,VDD,Metal1,25.3000,89.7375,4.999973
_0802_,VDD,Metal1,40.4200,121.9425,4.999979
_0801_,VDD,Metal1,43.5630,121.9530,4.999979
_0800_,VDD,Metal1,33.5000,105.4175,4.999988
_0799_,VDD,Metal1,64.5000,121.0975,4.999978
_0798_,VDD,Metal1,71.5630,113.2465,4.999940
_0797_,VDD,Metal1,29.5800,106.2625,4.999989
_0796_,VDD,Metal1,35.9400,97.5775,4.999950
_0795_,VDD,Metal1,49.1630,90.5930,4.999911
_0794_,VDD,Metal1,31.4600,89.7375,4.999912
_0793_,VDD,Metal1,38.1800,105.4175,4.999988
_0792_,VDD,Metal1,49.1630,106.2730,4.999988
_0791_,VDD,Metal1,34.6200,121.9425,4.999980
_0790_,VDD,Metal1,55.5400,121.0975,4.999979
_0789_,VDD,Metal1,59.8030,121.0865,4.999978
_0788_,VDD,Metal1,34.8200,121.0975,4.999980
_0787_,VDD,Metal1,41.5400,137.6225,4.999968
_0786_,VDD,Metal1,49.1630,121.9530,4.999979
_0785_,VDD,Metal1,34.8200,128.9375,4.999983
_0784_,VDD,Metal1,67.3000,129.7825,4.999982
_0783_,VDD,Metal1,69.3230,128.9265,4.999982
_0782_,VDD,Metal1,34.2600,136.7775,4.999968
_0781_,VDD,Metal1,63.3800,144.6175,4.999940
_0780_,VDD,Metal1,69.3230,137.6330,4.999968
_0779_,VDD,Metal1,38.1800,137.6225,4.999968
_0778_,VDD,Metal1,44.9000,137.6225,4.999968
_0777_,VDD,Metal1,50.2830,137.6330,4.999968
_0776_,VDD,Metal1,34.2600,144.6175,4.999940
_0775_,VDD,Metal1,49.9800,161.1025,4.999937
_0774_,VDD,Metal1,57.5630,168.1265,4.999947
_0773_,VDD,Metal1,39.6200,152.4975,4.999965
_0772_,VDD,Metal1,50.2830,145.4730,4.999940
_0771_,VDD,Metal1,57.7800,74.0575,4.999924
_0770_,VDD,Metal1,60.3630,82.7530,4.999952
_0769_,VDD,Metal1,60.5800,67.0625,4.999924
_0768_,VDD,Metal1,63.1800,89.7375,4.999910
_0767_,VDD,Metal1,63.1630,97.5665,4.999949
_0766_,VDD,Metal1,63.1800,74.0575,4.999918
_0765_,VDD,Metal1,82.7800,90.5825,4.999905
_0764_,VDD,Metal1,82.7630,98.4330,4.999946
_0763_,VDD,Metal1,68.2200,67.0625,4.999924
_0762_,VDD,Metal1,76.2600,74.9025,4.999917
_0761_,VDD,Metal1,88.3630,82.7530,4.999954
_0760_,VDD,Metal1,68.2200,74.0575,4.999918
_0759_,VDD,Metal1,85.2200,81.8975,4.999953
_0758_,VDD,Metal1,88.3630,74.9130,4.999916
_0757_,VDD,Metal1,91.3800,66.2175,4.999922
_0756_,VDD,Metal1,93.6200,82.7425,4.999954
_0755_,VDD,Metal1,94.5230,74.9130,4.999916
_0754_,VDD,Metal1,92.8600,74.0575,4.999916
_0753_,VDD,Metal1,117.6030,120.9565,4.999978
_0752_,VDD,Metal1,111.5400,128.9375,4.999978
_0751_,VDD,Metal1,114.5100,114.2430,4.999922
_0750_,VDD,Metal1,107.0600,82.7425,4.999954
_0749_,VDD,Metal1,116.2225,82.0250,4.999955
_0748_,VDD,Metal1,110.3600,82.0550,4.999955
_0747_,VDD,Metal1,116.7800,128.9225,4.999977
_0746_,VDD,Metal1,116.1900,129.9230,4.999977
_0745_,VDD,Metal1,102.3800,121.0975,4.999978
_0744_,VDD,Metal1,111.7300,114.2430,4.999922
_0743_,VDD,Metal1,113.9700,105.2765,4.999986
_0742_,VDD,Metal1,117.3300,106.4030,4.999986
_0741_,VDD,Metal1,121.6600,121.9025,4.999978
_0740_,VDD,Metal1,118.8275,97.4205,4.999943
_0739_,VDD,Metal1,114.1000,89.7775,4.999904
_0738_,VDD,Metal1,114.3400,97.5775,4.999943
_0737_,VDD,Metal1,120.5075,89.5805,4.999904
_0736_,VDD,Metal1,136.7475,136.6205,4.999979
_0735_,VDD,Metal1,168.1075,137.7790,4.999981
_0734_,VDD,Metal1,149.6275,136.6205,4.999980
_0733_,VDD,Metal1,168.1075,114.2590,4.999947
_0732_,VDD,Metal1,138.9875,128.7805,4.999977
_0731_,VDD,Metal1,166.4130,121.9675,4.999988
_0730_,VDD,Metal1,180.7800,114.1025,4.999950
_0729_,VDD,Metal1,178.3700,120.9565,4.999988
_0728_,VDD,Metal1,128.1400,114.1025,4.999922
_0727_,VDD,Metal1,127.7965,105.4065,4.999986
_0726_,VDD,Metal1,132.2600,105.4175,4.999986
_0725_,VDD,Metal1,139.3400,113.2575,4.999926
_0724_,VDD,Metal1,136.1965,113.2465,4.999926
_0723_,VDD,Metal1,141.2200,105.4175,4.999986
_0722_,VDD,Metal1,166.4200,136.7775,4.999981
_0721_,VDD,Metal1,169.5630,136.7665,4.999981
_0720_,VDD,Metal1,161.1800,129.7825,4.999978
_0719_,VDD,Metal1,151.1000,145.4625,4.999950
_0718_,VDD,Metal1,147.3965,137.6330,4.999980
_0717_,VDD,Metal1,135.4200,129.7825,4.999977
_0716_,VDD,Metal1,162.5000,106.2625,4.999987
_0715_,VDD,Metal1,166.7630,106.2730,4.999987
_0714_,VDD,Metal1,161.1800,98.4225,4.999943
_0713_,VDD,Metal1,126.1000,136.7775,4.999978
_0712_,VDD,Metal1,131.1565,121.0865,4.999986
_0711_,VDD,Metal1,123.9000,121.1375,4.999978
_0710_,VDD,Metal1,118.9900,136.6365,4.999977
_0709_,VDD,Metal1,114.9000,106.2625,4.999986
_0708_,VDD,Metal1,162.1300,113.1165,4.999943
_0707_,VDD,Metal1,160.8130,114.1275,4.999943
_0706_,VDD,Metal1,182.1000,89.7375,4.999937
_0705_,VDD,Metal1,186.8075,106.2625,4.999986
_0704_,VDD,Metal1,137.2165,105.3765,4.999986
_0703_,VDD,Metal1,139.7300,81.7565,4.999955
_0702_,VDD,Metal1,142.5300,81.7565,4.999955
_0701_,VDD,Metal1,130.9700,74.1075,4.999917
_0700_,VDD,Metal1,138.0500,73.9165,4.999917
_0699_,VDD,Metal1,146.7030,81.8565,4.999956
_0698_,VDD,Metal1,146.4500,89.5965,4.999903
_0697_,VDD,Metal1,150.3700,81.7565,4.999956
_0696_,VDD,Metal1,129.4600,82.7425,4.999955
_0695_,VDD,Metal1,135.9630,81.8865,4.999955
_0694_,VDD,Metal1,131.5000,81.8975,4.999955
_0693_,VDD,Metal1,158.9230,74.9130,4.999921
_0692_,VDD,Metal1,163.1000,74.0975,4.999921
_0691_,VDD,Metal1,159.3300,90.7230,4.999911
_0690_,VDD,Metal1,159.5065,89.7125,4.999911
_0689_,VDD,Metal1,186.3865,169.0075,4.999943
_0688_,VDD,Metal1,199.5900,208.1825,4.999990
_0687_,VDD,Metal1,163.5365,191.6165,4.999981
_0686_,VDD,Metal1,163.6200,175.9775,4.999984
_0685_,VDD,Metal1,200.7700,200.4830,4.999970
_0684_,VDD,Metal1,186.5800,121.0975,4.999986
_0683_,VDD,Metal1,190.8800,42.6975,4.999956
_0682_,VDD,Metal1,193.9600,35.7025,4.999914
_0681_,VDD,Metal1,173.3100,89.5965,4.999937
_0679_,VDD,Metal1,154.9530,183.7490,4.999982
_0678_,VDD,Metal1,201.9800,27.0050,4.999958
_0677_,VDD,Metal1,199.7400,35.7150,4.999914
_0676_,VDD,Metal1,185.7400,113.2450,4.999950
_0675_,VDD,Metal1,162.7800,74.9150,4.999921
_0674_,VDD,Metal1,84.3800,35.7150,4.999920
_0673_,VDD,Metal1,108.4600,208.1950,4.999989
_0672_,VDD,Metal1,74.6600,168.1250,4.999946
_0671_,VDD,Metal1,107.3400,144.6050,4.999946
_0670_,VDD,Metal1,152.7000,183.8050,4.999982
_0669_,VDD,Metal1,155.5000,152.4450,4.999960
_0668_,VDD,Metal1,91.1000,145.4750,4.999945
_0667_,VDD,Metal1,83.6200,168.9950,4.999944
_0666_,VDD,Metal1,162.7800,192.5150,4.999981
_0665_,VDD,Metal1,155.8600,207.3250,4.999989
_0664_,VDD,Metal1,157.5400,208.1950,4.999989
_0663_,VDD,Metal1,172.8600,160.2850,4.999938
_0662_,VDD,Metal1,44.0600,153.3150,4.999965
_0661_,VDD,Metal1,28.1800,160.2850,4.999944
_0660_,VDD,Metal1,106.5800,66.2050,4.999923
_0659_,VDD,Metal1,141.8600,50.5250,4.999978
_0658_,VDD,Metal1,57.8600,183.8050,4.999981
_0657_,VDD,Metal1,64.0200,199.4850,4.999971
_0656_,VDD,Metal1,70.3800,183.8050,4.999981
_0655_,VDD,Metal1,77.1000,192.5150,4.999984
_0654_,VDD,Metal1,94.4600,191.6450,4.999983
_0653_,VDD,Metal1,131.7800,192.5150,4.999981
_0652_,VDD,Metal1,133.4600,184.6750,4.999981
_0651_,VDD,Metal1,117.2200,153.3150,4.999960
_0650_,VDD,Metal1,107.9000,153.3150,4.999961
_0649_,VDD,Metal1,100.6200,121.0850,4.999978
_0648_,VDD,Metal1,99.8600,58.3650,4.999982
_0647_,VDD,Metal1,41.6200,35.7150,4.999943
_0646_,VDD,Metal1,54.7000,35.7150,4.999940
_0645_,VDD,Metal1,170.4200,89.7250,4.999937
_0644_,VDD,Metal1,193.5800,89.7250,4.999937
