Instance,Terminal,Layer,X location,Y location,Voltage
FILLER_121_376,VSS,Metal1,225.5640,493.3220,0.000000
FILLER_121_358,VSS,Metal1,211.0720,493.3720,0.000000
FILLER_121_308,VSS,Metal1,187.4840,493.3220,0.000000
FILLER_121_305,VSS,Metal1,177.8000,493.9200,0.000000
FILLER_121_301,VSS,Metal1,176.0200,493.5710,0.000000
FILLER_121_293,VSS,Metal1,172.5330,493.4580,0.000000
FILLER_121_276,VSS,Metal1,161.5600,493.9200,0.000000
FILLER_121_274,VSS,Metal1,160.7200,493.9200,0.000000
FILLER_121_240,VSS,Metal1,149.4040,493.3220,0.000000
FILLER_121_237,VSS,Metal1,139.7200,493.9200,0.000000
FILLER_121_229,VSS,Metal1,136.6930,493.4580,0.000000
FILLER_121_212,VSS,Metal1,125.7200,493.9200,0.000000
FILLER_121_210,VSS,Metal1,124.8800,493.9200,0.000000
FILLER_121_206,VSS,Metal1,122.8200,493.5710,0.000000
FILLER_121_172,VSS,Metal1,111.3240,493.3220,0.000000
FILLER_121_169,VSS,Metal1,101.6400,493.9200,0.000000
FILLER_121_165,VSS,Metal1,99.8600,493.5710,0.000000
FILLER_121_148,VSS,Metal1,89.8800,493.9200,0.000000
FILLER_121_146,VSS,Metal1,89.0400,493.9200,0.000000
FILLER_121_138,VSS,Metal1,85.7330,493.4580,0.000000
FILLER_121_104,VSS,Metal1,73.2440,493.3220,0.000000
FILLER_121_101,VSS,Metal1,63.5600,493.9200,0.000000
FILLER_121_84,VSS,Metal1,54.0400,493.9200,0.000000
FILLER_121_82,VSS,Metal1,53.2000,493.9200,0.000000
FILLER_121_78,VSS,Metal1,51.1400,493.5710,0.000000
FILLER_121_70,VSS,Metal1,47.6530,493.4580,0.000000
FILLER_121_36,VSS,Metal1,35.1640,493.3220,0.000000
FILLER_121_33,VSS,Metal1,25.4800,493.9200,0.000000
FILLER_121_17,VSS,Metal1,20.1120,493.3720,0.000000
FILLER_121_4,VSS,Metal1,9.2400,493.9200,0.000000
FILLER_121_2,VSS,Metal1,8.4000,493.9200,0.000000
FILLER_120_425,VSS,Metal1,245.0000,486.0800,0.000013
FILLER_120_423,VSS,Metal1,244.1600,486.0800,0.000013
FILLER_120_419,VSS,Metal1,242.1000,486.4285,0.000013
FILLER_120_387,VSS,Metal1,231.7240,486.6775,0.000013
FILLER_120_384,VSS,Metal1,222.0400,486.0800,0.000013
FILLER_120_382,VSS,Metal1,221.2000,486.0800,0.000013
FILLER_120_374,VSS,Metal1,217.8930,486.5415,0.000013
FILLER_120_358,VSS,Metal1,211.0720,486.6280,0.000013
FILLER_120_325,VSS,Metal1,189.4600,486.4285,0.000012
FILLER_120_317,VSS,Metal1,185.9730,486.5415,0.000012
FILLER_120_311,VSS,Metal1,181.6200,486.4285,0.000011
FILLER_120_247,VSS,Metal1,162.2445,486.7175,0.000011
FILLER_120_243,VSS,Metal1,143.3600,486.0800,0.000011
FILLER_120_239,VSS,Metal1,141.3000,486.4285,0.000011
FILLER_120_231,VSS,Metal1,137.8130,486.5415,0.000011
FILLER_120_215,VSS,Metal1,130.9920,486.6280,0.000012
FILLER_120_207,VSS,Metal1,123.2000,486.0800,0.000012
FILLER_120_191,VSS,Metal1,117.5520,486.6280,0.000012
FILLER_120_177,VSS,Metal1,107.5730,486.5415,0.000013
FILLER_120_174,VSS,Metal1,104.4400,486.0800,0.000015
FILLER_120_172,VSS,Metal1,103.6000,486.0800,0.000015
FILLER_120_168,VSS,Metal1,101.5400,486.4285,0.000015
FILLER_120_152,VSS,Metal1,95.7120,486.6280,0.000015
FILLER_120_145,VSS,Metal1,88.2000,486.0800,0.000015
FILLER_120_143,VSS,Metal1,87.3600,486.0800,0.000015
FILLER_120_139,VSS,Metal1,85.3000,486.4285,0.000015
FILLER_120_123,VSS,Metal1,79.4720,486.6280,0.000015
FILLER_120_115,VSS,Metal1,71.8600,486.4285,0.000015
FILLER_120_107,VSS,Metal1,67.2000,486.0800,0.000015
FILLER_120_104,VSS,Metal1,65.2400,486.0800,0.000015
FILLER_120_100,VSS,Metal1,63.4600,486.4285,0.000015
FILLER_120_84,VSS,Metal1,57.6320,486.6280,0.000015
FILLER_120_77,VSS,Metal1,50.1200,486.0800,0.000015
FILLER_120_75,VSS,Metal1,49.2800,486.0800,0.000015
FILLER_120_67,VSS,Metal1,45.9730,486.5415,0.000014
FILLER_120_51,VSS,Metal1,39.1520,486.6280,0.000014
FILLER_120_37,VSS,Metal1,28.1800,486.4285,0.000013
FILLER_120_25,VSS,Metal1,21.4600,486.4285,0.000013
FILLER_120_17,VSS,Metal1,17.9730,486.5415,0.000013
FILLER_120_8,VSS,Metal1,11.4800,486.0800,0.000013
FILLER_120_6,VSS,Metal1,10.6400,486.0800,0.000013
FILLER_119_422,VSS,Metal1,243.7800,485.7310,0.000013
FILLER_119_416,VSS,Metal1,240.4200,485.7310,0.000013
FILLER_119_352,VSS,Metal1,221.0445,485.4420,0.000013
FILLER_119_348,VSS,Metal1,202.1600,486.0800,0.000013
FILLER_119_344,VSS,Metal1,200.1000,485.7310,0.000013
FILLER_119_335,VSS,Metal1,194.6000,486.0800,0.000013
FILLER_119_331,VSS,Metal1,192.8200,485.7310,0.000013
FILLER_119_323,VSS,Metal1,189.3330,485.6180,0.000012
FILLER_119_279,VSS,Metal1,163.2400,486.0800,0.000011
FILLER_119_275,VSS,Metal1,161.4600,485.7310,0.000011
FILLER_119_257,VSS,Metal1,151.3800,485.7310,0.000011
FILLER_119_241,VSS,Metal1,145.5520,485.5320,0.000011
FILLER_119_232,VSS,Metal1,136.9200,486.0800,0.000011
FILLER_119_230,VSS,Metal1,136.0800,486.0800,0.000012
FILLER_119_226,VSS,Metal1,134.0200,485.7310,0.000012
FILLER_119_218,VSS,Metal1,130.5330,485.6180,0.000012
FILLER_119_179,VSS,Metal1,107.5200,486.0800,0.000013
FILLER_119_171,VSS,Metal1,104.2130,485.6180,0.000015
FILLER_119_132,VSS,Metal1,82.3730,485.6180,0.000015
FILLER_119_101,VSS,Metal1,63.8400,486.0800,0.000015
FILLER_119_69,VSS,Metal1,45.6400,486.0800,0.000014
FILLER_119_65,VSS,Metal1,43.8600,485.7310,0.000014
FILLER_119_58,VSS,Metal1,39.7600,486.0800,0.000014
FILLER_119_4,VSS,Metal1,9.2400,486.0800,0.000013
FILLER_119_2,VSS,Metal1,8.4000,486.0800,0.000013
FILLER_118_425,VSS,Metal1,245.0000,478.2400,0.000016
FILLER_118_423,VSS,Metal1,244.1600,478.2400,0.000016
FILLER_118_419,VSS,Metal1,242.1000,478.5885,0.000016
FILLER_118_387,VSS,Metal1,231.7240,478.8375,0.000016
FILLER_118_384,VSS,Metal1,222.0400,478.2400,0.000016
FILLER_118_382,VSS,Metal1,221.2000,478.2400,0.000016
FILLER_118_375,VSS,Metal1,217.0000,478.2400,0.000016
FILLER_118_366,VSS,Metal1,211.9600,478.2400,0.000016
FILLER_118_362,VSS,Metal1,210.1800,478.5885,0.000016
FILLER_118_346,VSS,Metal1,204.3520,478.7880,0.000016
FILLER_118_314,VSS,Metal1,182.8400,478.2400,0.000015
FILLER_118_298,VSS,Metal1,177.4720,478.7880,0.000015
FILLER_118_251,VSS,Metal1,147.8400,478.2400,0.000015
FILLER_118_247,VSS,Metal1,145.7800,478.5885,0.000015
FILLER_118_212,VSS,Metal1,126.1800,478.5885,0.000015
FILLER_118_183,VSS,Metal1,109.4800,478.2400,0.000016
FILLER_118_181,VSS,Metal1,108.6400,478.2400,0.000016
FILLER_118_177,VSS,Metal1,106.5800,478.5885,0.000016
FILLER_118_166,VSS,Metal1,99.9600,478.2400,0.000016
FILLER_118_120,VSS,Metal1,74.4800,478.2400,0.000016
FILLER_118_107,VSS,Metal1,66.9200,478.2400,0.000016
FILLER_118_104,VSS,Metal1,65.2400,478.2400,0.000016
FILLER_118_95,VSS,Metal1,60.2000,478.2400,0.000016
FILLER_118_91,VSS,Metal1,58.4200,478.5885,0.000016
FILLER_118_83,VSS,Metal1,54.9330,478.7015,0.000016
FILLER_117_422,VSS,Metal1,243.7800,477.8910,0.000016
FILLER_117_419,VSS,Metal1,241.6400,478.2400,0.000016
FILLER_117_387,VSS,Metal1,231.7240,477.6420,0.000016
FILLER_117_356,VSS,Metal1,206.6400,478.2400,0.000016
FILLER_117_352,VSS,Metal1,204.5800,477.8910,0.000016
FILLER_117_315,VSS,Metal1,183.4000,478.2400,0.000015
FILLER_117_311,VSS,Metal1,181.6200,477.8910,0.000015
FILLER_117_212,VSS,Metal1,126.0000,478.2400,0.000015
FILLER_117_201,VSS,Metal1,119.5600,478.2400,0.000016
FILLER_117_193,VSS,Metal1,116.5330,477.7780,0.000016
FILLER_117_155,VSS,Metal1,93.8000,478.2400,0.000016
FILLER_117_146,VSS,Metal1,88.7600,478.2400,0.000016
FILLER_117_142,VSS,Metal1,86.9800,477.8910,0.000016
FILLER_117_87,VSS,Metal1,55.7200,478.2400,0.000016
FILLER_117_85,VSS,Metal1,54.8800,478.2400,0.000016
FILLER_117_77,VSS,Metal1,51.5730,477.7780,0.000016
FILLER_117_56,VSS,Metal1,38.6400,478.2400,0.000014
FILLER_117_22,VSS,Metal1,19.3200,478.2400,0.000014
FILLER_116_425,VSS,Metal1,245.0000,470.4000,0.000022
FILLER_116_423,VSS,Metal1,244.1600,470.4000,0.000022
FILLER_116_419,VSS,Metal1,242.1000,470.7485,0.000022
FILLER_116_411,VSS,Metal1,238.6130,470.8615,0.000022
FILLER_116_395,VSS,Metal1,231.7920,470.9480,0.000022
FILLER_116_383,VSS,Metal1,221.7600,470.4000,0.000022
FILLER_116_307,VSS,Metal1,179.2000,470.4000,0.000021
FILLER_116_303,VSS,Metal1,177.1400,470.7485,0.000021
FILLER_116_247,VSS,Metal1,145.3200,470.4000,0.000023
FILLER_116_244,VSS,Metal1,143.6400,470.4000,0.000023
FILLER_116_189,VSS,Metal1,113.1200,470.4000,0.000023
FILLER_116_185,VSS,Metal1,111.0600,470.7485,0.000023
FILLER_116_174,VSS,Metal1,104.4400,470.4000,0.000023
FILLER_116_152,VSS,Metal1,92.4000,470.4000,0.000022
FILLER_116_121,VSS,Metal1,75.0400,470.4000,0.000022
FILLER_116_107,VSS,Metal1,67.2000,470.4000,0.000022
FILLER_116_104,VSS,Metal1,65.2400,470.4000,0.000022
FILLER_116_49,VSS,Metal1,34.9000,470.7485,0.000020
FILLER_116_4,VSS,Metal1,9.2400,470.4000,0.000020
FILLER_116_2,VSS,Metal1,8.4000,470.4000,0.000020
FILLER_115_422,VSS,Metal1,243.7800,470.0510,0.000022
FILLER_115_419,VSS,Metal1,241.6400,470.4000,0.000022
FILLER_115_411,VSS,Metal1,238.6130,469.9380,0.000022
FILLER_115_395,VSS,Metal1,231.7920,469.8520,0.000022
FILLER_115_364,VSS,Metal1,211.1200,470.4000,0.000022
FILLER_115_360,VSS,Metal1,209.0600,470.0510,0.000022
FILLER_115_349,VSS,Metal1,202.4400,470.4000,0.000022
FILLER_115_345,VSS,Metal1,200.6600,470.0510,0.000021
FILLER_115_333,VSS,Metal1,193.9400,470.0510,0.000021
FILLER_115_302,VSS,Metal1,176.4000,470.4000,0.000021
FILLER_115_294,VSS,Metal1,173.0930,469.9380,0.000021
FILLER_115_279,VSS,Metal1,163.2400,470.4000,0.000021
FILLER_115_245,VSS,Metal1,144.2000,470.4000,0.000023
FILLER_115_243,VSS,Metal1,143.3600,470.4000,0.000023
FILLER_115_239,VSS,Metal1,141.3000,470.0510,0.000023
FILLER_115_223,VSS,Metal1,133.3330,469.9380,0.000023
FILLER_115_214,VSS,Metal1,126.8400,470.4000,0.000023
FILLER_115_212,VSS,Metal1,126.0000,470.4000,0.000023
FILLER_115_88,VSS,Metal1,56.5600,470.4000,0.000022
FILLER_115_72,VSS,Metal1,50.9120,469.8520,0.000022
FILLER_115_61,VSS,Metal1,41.1600,470.4000,0.000021
FILLER_115_59,VSS,Metal1,40.3200,470.4000,0.000021
FILLER_114_422,VSS,Metal1,243.7800,462.9085,0.000004
FILLER_114_414,VSS,Metal1,240.2930,463.0215,0.000004
FILLER_114_387,VSS,Metal1,224.0000,462.5600,0.000004
FILLER_114_373,VSS,Metal1,216.3400,462.9085,0.000004
FILLER_114_321,VSS,Metal1,187.0400,462.5600,0.000004
FILLER_114_317,VSS,Metal1,184.9800,462.9085,0.000004
FILLER_114_305,VSS,Metal1,178.0800,462.5600,0.000004
FILLER_114_273,VSS,Metal1,167.8840,463.1575,0.000004
FILLER_114_264,VSS,Metal1,154.8400,462.5600,0.000004
FILLER_114_262,VSS,Metal1,154.0000,462.5600,0.000004
FILLER_114_253,VSS,Metal1,148.6800,462.5600,0.000004
FILLER_114_251,VSS,Metal1,147.8400,462.5600,0.000004
FILLER_114_247,VSS,Metal1,145.7800,462.9085,0.000004
FILLER_114_244,VSS,Metal1,143.6400,462.5600,0.000004
FILLER_114_240,VSS,Metal1,141.8600,462.9085,0.000004
FILLER_114_231,VSS,Metal1,136.3600,462.5600,0.000004
FILLER_114_227,VSS,Metal1,134.5800,462.9085,0.000004
FILLER_114_211,VSS,Metal1,128.7520,463.1080,0.000004
FILLER_114_193,VSS,Metal1,115.3600,462.5600,0.000004
FILLER_114_177,VSS,Metal1,109.7120,463.1080,0.000004
FILLER_114_171,VSS,Metal1,103.2200,462.9085,0.000004
FILLER_114_140,VSS,Metal1,85.6800,462.5600,0.000009
FILLER_114_136,VSS,Metal1,83.6200,462.9085,0.000009
FILLER_114_115,VSS,Metal1,71.4000,462.5600,0.000009
FILLER_114_104,VSS,Metal1,65.2400,462.5600,0.000009
FILLER_114_49,VSS,Metal1,34.4400,462.5600,0.000007
FILLER_114_45,VSS,Metal1,32.6600,462.9085,0.000007
FILLER_114_37,VSS,Metal1,29.1730,463.0215,0.000007
FILLER_114_34,VSS,Metal1,26.0400,462.5600,0.000007
FILLER_114_26,VSS,Metal1,23.0130,463.0215,0.000007
FILLER_113_422,VSS,Metal1,243.7800,462.2110,0.000004
FILLER_113_419,VSS,Metal1,241.6400,462.5600,0.000004
FILLER_113_417,VSS,Metal1,240.8000,462.5600,0.000004
FILLER_113_409,VSS,Metal1,237.4930,462.0980,0.000004
FILLER_113_377,VSS,Metal1,218.1200,462.5600,0.000004
FILLER_113_331,VSS,Metal1,192.6400,462.5600,0.000004
FILLER_113_314,VSS,Metal1,182.8400,462.5600,0.000004
FILLER_113_306,VSS,Metal1,179.8130,462.0980,0.000004
FILLER_113_290,VSS,Metal1,172.9920,462.0120,0.000004
FILLER_113_228,VSS,Metal1,134.9600,462.5600,0.000004
FILLER_113_212,VSS,Metal1,129.3120,462.0120,0.000004
FILLER_113_180,VSS,Metal1,107.8000,462.5600,0.000004
FILLER_113_172,VSS,Metal1,104.7730,462.0980,0.000004
FILLER_113_156,VSS,Metal1,94.6400,462.5600,0.000005
FILLER_113_146,VSS,Metal1,89.0400,462.5600,0.000005
FILLER_113_142,VSS,Metal1,86.9800,462.2110,0.000005
FILLER_113_136,VSS,Metal1,83.6200,462.2110,0.000009
FILLER_113_97,VSS,Metal1,61.6000,462.5600,0.000009
FILLER_113_93,VSS,Metal1,59.5400,462.2110,0.000009
FILLER_113_85,VSS,Metal1,56.0530,462.0980,0.000009
FILLER_113_77,VSS,Metal1,50.4000,462.5600,0.000009
FILLER_113_66,VSS,Metal1,44.4200,462.2110,0.000008
FILLER_113_50,VSS,Metal1,35.0000,462.5600,0.000007
FILLER_113_16,VSS,Metal1,15.9600,462.5600,0.000007
FILLER_113_14,VSS,Metal1,15.1200,462.5600,0.000007
FILLER_112_424,VSS,Metal1,244.7200,454.7200,0.000058
FILLER_112_416,VSS,Metal1,241.4130,455.1815,0.000058
FILLER_112_367,VSS,Metal1,212.5200,454.7200,0.000056
FILLER_112_363,VSS,Metal1,210.7400,455.0685,0.000056
FILLER_112_333,VSS,Metal1,193.9400,455.0685,0.000054
FILLER_112_317,VSS,Metal1,188.1120,455.2680,0.000052
FILLER_112_313,VSS,Metal1,182.5600,454.7200,0.000052
FILLER_112_309,VSS,Metal1,180.5000,455.0685,0.000050
FILLER_112_255,VSS,Metal1,149.8000,454.7200,0.000050
FILLER_112_251,VSS,Metal1,148.0200,455.0685,0.000050
FILLER_112_244,VSS,Metal1,143.6400,454.7200,0.000050
FILLER_112_242,VSS,Metal1,142.8000,454.7200,0.000050
FILLER_112_238,VSS,Metal1,140.7400,455.0685,0.000050
FILLER_112_230,VSS,Metal1,137.2530,455.1815,0.000051
FILLER_112_221,VSS,Metal1,130.7600,454.7200,0.000051
FILLER_112_219,VSS,Metal1,129.9200,454.7200,0.000051
FILLER_112_215,VSS,Metal1,127.8600,455.0685,0.000051
FILLER_112_207,VSS,Metal1,124.3730,455.1815,0.000052
FILLER_112_197,VSS,Metal1,117.6000,454.7200,0.000052
FILLER_112_193,VSS,Metal1,115.5400,455.0685,0.000052
FILLER_112_177,VSS,Metal1,109.7120,455.2680,0.000052
FILLER_112_174,VSS,Metal1,104.4400,454.7200,0.000052
FILLER_112_158,VSS,Metal1,99.0720,455.2680,0.000052
FILLER_112_126,VSS,Metal1,85.5640,455.3175,0.000052
FILLER_112_120,VSS,Metal1,74.2000,454.7200,0.000052
FILLER_112_107,VSS,Metal1,66.9200,454.7200,0.000052
FILLER_112_101,VSS,Metal1,64.0200,455.0685,0.000050
FILLER_112_37,VSS,Metal1,44.6445,455.3575,0.000050
FILLER_112_31,VSS,Metal1,24.8200,455.0685,0.000049
FILLER_111_422,VSS,Metal1,243.7800,454.3710,0.000058
FILLER_111_419,VSS,Metal1,241.6400,454.7200,0.000058
FILLER_111_415,VSS,Metal1,239.8600,454.3710,0.000058
FILLER_111_381,VSS,Metal1,220.3600,454.7200,0.000057
FILLER_111_379,VSS,Metal1,219.5200,454.7200,0.000057
FILLER_111_375,VSS,Metal1,217.4600,454.3710,0.000057
FILLER_111_362,VSS,Metal1,209.7200,454.7200,0.000056
FILLER_111_358,VSS,Metal1,207.9400,454.3710,0.000056
FILLER_111_343,VSS,Metal1,199.0800,454.7200,0.000056
FILLER_111_341,VSS,Metal1,198.2400,454.7200,0.000056
FILLER_111_337,VSS,Metal1,196.1800,454.3710,0.000055
FILLER_111_330,VSS,Metal1,191.8000,454.7200,0.000053
FILLER_111_320,VSS,Metal1,186.6600,454.3710,0.000052
FILLER_111_312,VSS,Metal1,183.1730,454.2580,0.000052
FILLER_111_282,VSS,Metal1,164.9200,454.7200,0.000050
FILLER_111_270,VSS,Metal1,158.4800,454.7200,0.000050
FILLER_111_241,VSS,Metal1,142.2400,454.7200,0.000050
FILLER_111_236,VSS,Metal1,139.1600,454.7200,0.000051
FILLER_111_234,VSS,Metal1,138.3200,454.7200,0.000051
FILLER_111_212,VSS,Metal1,126.1800,454.3710,0.000052
FILLER_111_206,VSS,Metal1,122.8200,454.3710,0.000052
FILLER_111_142,VSS,Metal1,103.4445,454.0820,0.000052
FILLER_111_138,VSS,Metal1,84.5600,454.7200,0.000052
FILLER_111_130,VSS,Metal1,81.2530,454.2580,0.000052
FILLER_111_88,VSS,Metal1,57.7330,454.2580,0.000050
FILLER_111_72,VSS,Metal1,50.9120,454.1720,0.000050
FILLER_111_66,VSS,Metal1,44.4200,454.3710,0.000050
FILLER_110_425,VSS,Metal1,245.0000,446.8800,0.000026
FILLER_110_393,VSS,Metal1,235.0840,447.4775,0.000026
FILLER_110_384,VSS,Metal1,222.0400,446.8800,0.000026
FILLER_110_376,VSS,Metal1,219.0130,447.3415,0.000026
FILLER_110_319,VSS,Metal1,185.6400,446.8800,0.000026
FILLER_110_317,VSS,Metal1,184.8000,446.8800,0.000026
FILLER_110_313,VSS,Metal1,182.5600,446.8800,0.000025
FILLER_110_205,VSS,Metal1,121.8000,446.8800,0.000027
FILLER_110_197,VSS,Metal1,118.7730,447.3415,0.000027
FILLER_110_181,VSS,Metal1,111.9520,447.4280,0.000027
FILLER_110_159,VSS,Metal1,99.6320,447.4280,0.000027
FILLER_110_127,VSS,Metal1,78.1200,446.8800,0.000025
FILLER_110_119,VSS,Metal1,75.0930,447.3415,0.000025
FILLER_110_107,VSS,Metal1,67.3800,447.2285,0.000024
FILLER_110_69,VSS,Metal1,45.9200,446.8800,0.000022
FILLER_110_65,VSS,Metal1,43.8600,447.2285,0.000022
FILLER_110_26,VSS,Metal1,21.5600,446.8800,0.000020
FILLER_109_422,VSS,Metal1,243.7800,446.5310,0.000026
FILLER_109_419,VSS,Metal1,241.6400,446.8800,0.000026
FILLER_109_417,VSS,Metal1,240.8000,446.8800,0.000026
FILLER_109_413,VSS,Metal1,238.7400,446.5310,0.000026
FILLER_109_381,VSS,Metal1,228.3640,446.2820,0.000026
FILLER_109_349,VSS,Metal1,202.4400,446.8800,0.000026
FILLER_109_333,VSS,Metal1,193.7600,446.8800,0.000026
FILLER_109_300,VSS,Metal1,175.4600,446.5310,0.000026
FILLER_109_216,VSS,Metal1,128.2400,446.8800,0.000026
FILLER_109_212,VSS,Metal1,126.1800,446.5310,0.000026
FILLER_109_150,VSS,Metal1,91.2800,446.8800,0.000026
FILLER_109_146,VSS,Metal1,89.2200,446.5310,0.000026
FILLER_109_134,VSS,Metal1,82.0400,446.8800,0.000025
FILLER_109_132,VSS,Metal1,81.2000,446.8800,0.000025
FILLER_109_128,VSS,Metal1,79.1400,446.5310,0.000025
FILLER_109_111,VSS,Metal1,69.1600,446.8800,0.000024
FILLER_109_95,VSS,Metal1,61.6530,446.4180,0.000023
FILLER_109_77,VSS,Metal1,50.4000,446.8800,0.000023
FILLER_109_61,VSS,Metal1,41.1600,446.8800,0.000021
FILLER_109_57,VSS,Metal1,39.3800,446.5310,0.000021
FILLER_109_22,VSS,Metal1,19.3200,446.8800,0.000020
FILLER_108_425,VSS,Metal1,245.0000,439.0400,0.000023
FILLER_108_393,VSS,Metal1,235.0840,439.6375,0.000023
FILLER_108_376,VSS,Metal1,217.5600,439.0400,0.000023
FILLER_108_372,VSS,Metal1,215.7800,439.3885,0.000023
FILLER_108_362,VSS,Metal1,210.0000,439.0400,0.000022
FILLER_108_353,VSS,Metal1,204.6800,439.0400,0.000022
FILLER_108_351,VSS,Metal1,203.8400,439.0400,0.000022
FILLER_108_321,VSS,Metal1,186.7600,439.0400,0.000021
FILLER_108_317,VSS,Metal1,184.9800,439.3885,0.000021
FILLER_108_261,VSS,Metal1,153.6200,439.3885,0.000022
FILLER_108_244,VSS,Metal1,143.6400,439.0400,0.000022
FILLER_108_234,VSS,Metal1,138.3200,439.0400,0.000022
FILLER_108_204,VSS,Metal1,121.2400,439.0400,0.000023
FILLER_108_189,VSS,Metal1,112.8400,439.0400,0.000024
FILLER_108_185,VSS,Metal1,111.0600,439.3885,0.000024
FILLER_108_166,VSS,Metal1,99.9600,439.0400,0.000024
FILLER_108_107,VSS,Metal1,66.9200,439.0400,0.000024
FILLER_108_90,VSS,Metal1,57.4000,439.0400,0.000022
FILLER_108_59,VSS,Metal1,40.3200,439.0400,0.000021
FILLER_108_51,VSS,Metal1,37.0130,439.5015,0.000020
FILLER_108_45,VSS,Metal1,32.4800,439.0400,0.000019
FILLER_108_37,VSS,Metal1,29.1730,439.5015,0.000019
FILLER_108_26,VSS,Metal1,21.5600,439.0400,0.000019
FILLER_107_422,VSS,Metal1,243.7800,438.6910,0.000023
FILLER_107_416,VSS,Metal1,240.4200,438.6910,0.000023
FILLER_107_400,VSS,Metal1,234.5920,438.4920,0.000023
FILLER_107_370,VSS,Metal1,214.2000,439.0400,0.000023
FILLER_107_366,VSS,Metal1,212.4200,438.6910,0.000023
FILLER_107_358,VSS,Metal1,208.9330,438.5780,0.000022
FILLER_107_324,VSS,Metal1,188.4400,439.0400,0.000022
FILLER_107_320,VSS,Metal1,186.6600,438.6910,0.000021
FILLER_107_282,VSS,Metal1,164.9200,439.0400,0.000021
FILLER_107_267,VSS,Metal1,156.5200,439.0400,0.000022
FILLER_107_265,VSS,Metal1,155.6800,439.0400,0.000022
FILLER_107_254,VSS,Metal1,149.2400,439.0400,0.000022
FILLER_107_246,VSS,Metal1,146.2130,438.5780,0.000022
FILLER_107_232,VSS,Metal1,136.9200,439.0400,0.000023
FILLER_107_230,VSS,Metal1,136.0800,439.0400,0.000023
FILLER_107_216,VSS,Metal1,128.2400,439.0400,0.000023
FILLER_107_212,VSS,Metal1,126.1800,438.6910,0.000023
FILLER_107_197,VSS,Metal1,118.7730,438.5780,0.000023
FILLER_107_190,VSS,Metal1,113.4000,439.0400,0.000023
FILLER_107_188,VSS,Metal1,112.5600,439.0400,0.000024
FILLER_107_184,VSS,Metal1,110.5000,438.6910,0.000024
FILLER_107_154,VSS,Metal1,93.2400,439.0400,0.000024
FILLER_107_142,VSS,Metal1,86.8000,439.0400,0.000024
FILLER_107_133,VSS,Metal1,81.4800,439.0400,0.000024
FILLER_107_131,VSS,Metal1,80.6400,439.0400,0.000024
FILLER_107_86,VSS,Metal1,55.4400,439.0400,0.000022
FILLER_107_82,VSS,Metal1,53.3800,438.6910,0.000022
FILLER_107_72,VSS,Metal1,47.6000,439.0400,0.000022
FILLER_107_57,VSS,Metal1,38.9200,439.0400,0.000020
FILLER_107_55,VSS,Metal1,38.0800,439.0400,0.000020
FILLER_107_47,VSS,Metal1,34.7730,438.5780,0.000020
FILLER_107_31,VSS,Metal1,27.9520,438.4920,0.000019
FILLER_106_425,VSS,Metal1,245.0000,431.2000,0.000006
FILLER_106_423,VSS,Metal1,244.1600,431.2000,0.000006
FILLER_106_419,VSS,Metal1,242.1000,431.5485,0.000006
FILLER_106_387,VSS,Metal1,231.7240,431.7975,0.000006
FILLER_106_384,VSS,Metal1,222.0400,431.2000,0.000006
FILLER_106_382,VSS,Metal1,221.2000,431.2000,0.000006
FILLER_106_378,VSS,Metal1,219.1400,431.5485,0.000006
FILLER_106_370,VSS,Metal1,215.6530,431.6615,0.000006
FILLER_106_360,VSS,Metal1,209.0600,431.5485,0.000006
FILLER_106_350,VSS,Metal1,203.2800,431.2000,0.000006
FILLER_106_334,VSS,Metal1,197.6320,431.7480,0.000006
FILLER_106_319,VSS,Metal1,185.6400,431.2000,0.000006
FILLER_106_317,VSS,Metal1,184.8000,431.2000,0.000006
FILLER_106_314,VSS,Metal1,182.8400,431.2000,0.000006
FILLER_106_310,VSS,Metal1,181.0600,431.5485,0.000006
FILLER_106_276,VSS,Metal1,165.1520,431.7480,0.000006
FILLER_106_259,VSS,Metal1,152.0400,431.2000,0.000006
FILLER_106_255,VSS,Metal1,150.2600,431.5485,0.000006
FILLER_106_247,VSS,Metal1,146.7730,431.6615,0.000007
FILLER_106_225,VSS,Metal1,134.4530,431.6615,0.000008
FILLER_106_209,VSS,Metal1,127.6320,431.7480,0.000008
FILLER_106_177,VSS,Metal1,114.1240,431.7975,0.000008
FILLER_106_174,VSS,Metal1,104.4400,431.2000,0.000008
FILLER_106_172,VSS,Metal1,103.6000,431.2000,0.000008
FILLER_106_168,VSS,Metal1,101.5400,431.5485,0.000008
FILLER_106_147,VSS,Metal1,89.6000,431.2000,0.000008
FILLER_106_143,VSS,Metal1,87.5400,431.5485,0.000008
FILLER_106_135,VSS,Metal1,84.0530,431.6615,0.000008
FILLER_106_119,VSS,Metal1,77.2320,431.7480,0.000008
FILLER_106_104,VSS,Metal1,65.2400,431.2000,0.000008
FILLER_106_87,VSS,Metal1,55.7200,431.2000,0.000008
FILLER_106_79,VSS,Metal1,52.6930,431.6615,0.000008
FILLER_106_73,VSS,Metal1,48.1600,431.2000,0.000009
FILLER_106_69,VSS,Metal1,46.1000,431.5485,0.000009
FILLER_106_37,VSS,Metal1,35.7240,431.7975,0.000009
FILLER_105_422,VSS,Metal1,243.7800,430.8510,0.000006
FILLER_105_419,VSS,Metal1,241.6400,431.2000,0.000006
FILLER_105_417,VSS,Metal1,240.8000,431.2000,0.000006
FILLER_105_413,VSS,Metal1,238.7400,430.8510,0.000006
FILLER_105_405,VSS,Metal1,235.2530,430.7380,0.000006
FILLER_105_389,VSS,Metal1,225.1200,431.2000,0.000006
FILLER_105_385,VSS,Metal1,223.0600,430.8510,0.000006
FILLER_105_377,VSS,Metal1,219.5730,430.7380,0.000006
FILLER_105_340,VSS,Metal1,197.8600,430.8510,0.000006
FILLER_105_332,VSS,Metal1,193.2000,431.2000,0.000006
FILLER_105_328,VSS,Metal1,191.1400,430.8510,0.000006
FILLER_105_321,VSS,Metal1,186.7600,431.2000,0.000006
FILLER_105_319,VSS,Metal1,185.9200,431.2000,0.000006
FILLER_105_282,VSS,Metal1,166.3730,430.7380,0.000006
FILLER_105_269,VSS,Metal1,157.6400,431.2000,0.000006
FILLER_105_265,VSS,Metal1,155.8600,430.8510,0.000006
FILLER_105_257,VSS,Metal1,152.3730,430.7380,0.000006
FILLER_105_245,VSS,Metal1,145.6530,430.7380,0.000007
FILLER_105_232,VSS,Metal1,137.2000,431.2000,0.000008
FILLER_105_224,VSS,Metal1,133.8930,430.7380,0.000008
FILLER_105_212,VSS,Metal1,126.1800,430.8510,0.000008
FILLER_105_209,VSS,Metal1,124.0400,431.2000,0.000008
FILLER_105_207,VSS,Metal1,123.2000,431.2000,0.000008
FILLER_105_203,VSS,Metal1,121.1400,430.8510,0.000008
FILLER_105_142,VSS,Metal1,87.9730,430.7380,0.000008
FILLER_105_136,VSS,Metal1,83.6200,430.8510,0.000008
FILLER_105_120,VSS,Metal1,77.7920,430.6520,0.000008
FILLER_105_88,VSS,Metal1,64.2840,430.6020,0.000008
FILLER_105_78,VSS,Metal1,50.6800,431.2000,0.000009
FILLER_105_76,VSS,Metal1,49.8400,431.2000,0.000009
FILLER_105_72,VSS,Metal1,47.7800,430.8510,0.000009
FILLER_105_68,VSS,Metal1,45.3600,431.2000,0.000009
FILLER_105_64,VSS,Metal1,43.3000,430.8510,0.000009
FILLER_105_53,VSS,Metal1,36.9600,431.2000,0.000009
FILLER_105_36,VSS,Metal1,27.1600,431.2000,0.000009
FILLER_105_32,VSS,Metal1,25.3800,430.8510,0.000009
FILLER_105_22,VSS,Metal1,19.6000,431.2000,0.000009
FILLER_105_18,VSS,Metal1,17.5400,430.8510,0.000009
FILLER_104_424,VSS,Metal1,244.7200,423.3600,0.000042
FILLER_104_416,VSS,Metal1,241.4130,423.8215,0.000042
FILLER_104_375,VSS,Metal1,217.4600,423.7085,0.000041
FILLER_104_336,VSS,Metal1,195.4400,423.3600,0.000041
FILLER_104_323,VSS,Metal1,187.8800,423.3600,0.000041
FILLER_104_321,VSS,Metal1,187.0400,423.3600,0.000038
FILLER_104_317,VSS,Metal1,184.9800,423.7085,0.000038
FILLER_104_314,VSS,Metal1,182.8400,423.3600,0.000038
FILLER_104_306,VSS,Metal1,179.8130,423.8215,0.000036
FILLER_104_274,VSS,Metal1,168.4440,423.9575,0.000037
FILLER_104_268,VSS,Metal1,157.3600,423.3600,0.000038
FILLER_104_260,VSS,Metal1,154.0530,423.8215,0.000038
FILLER_104_247,VSS,Metal1,145.6000,423.3600,0.000039
FILLER_104_238,VSS,Metal1,140.5600,423.3600,0.000041
FILLER_104_179,VSS,Metal1,107.2400,423.3600,0.000042
FILLER_104_177,VSS,Metal1,106.4000,423.3600,0.000042
FILLER_104_174,VSS,Metal1,104.4400,423.3600,0.000042
FILLER_104_158,VSS,Metal1,99.0720,423.9080,0.000042
FILLER_104_143,VSS,Metal1,87.0800,423.3600,0.000042
FILLER_104_133,VSS,Metal1,81.7600,423.3600,0.000042
FILLER_104_125,VSS,Metal1,78.4530,423.8215,0.000042
FILLER_104_115,VSS,Metal1,71.4000,423.3600,0.000042
FILLER_104_107,VSS,Metal1,68.3730,423.8215,0.000042
FILLER_104_103,VSS,Metal1,64.9600,423.3600,0.000043
FILLER_104_99,VSS,Metal1,62.9000,423.7085,0.000043
FILLER_104_91,VSS,Metal1,59.4130,423.8215,0.000043
FILLER_104_34,VSS,Metal1,26.0400,423.3600,0.000042
FILLER_104_32,VSS,Metal1,25.2000,423.3600,0.000043
FILLER_104_6,VSS,Metal1,10.3600,423.3600,0.000043
FILLER_104_2,VSS,Metal1,8.5800,423.7085,0.000043
FILLER_103_422,VSS,Metal1,243.7800,423.0110,0.000042
FILLER_103_419,VSS,Metal1,241.6400,423.3600,0.000042
FILLER_103_415,VSS,Metal1,239.8600,423.0110,0.000042
FILLER_103_385,VSS,Metal1,222.6000,423.3600,0.000042
FILLER_103_381,VSS,Metal1,220.8200,423.0110,0.000042
FILLER_103_320,VSS,Metal1,186.2000,423.3600,0.000038
FILLER_103_318,VSS,Metal1,185.3600,423.3600,0.000038
FILLER_103_314,VSS,Metal1,183.3000,423.0110,0.000038
FILLER_103_306,VSS,Metal1,179.8130,422.8980,0.000036
FILLER_103_290,VSS,Metal1,172.9920,422.8120,0.000037
FILLER_103_278,VSS,Metal1,162.9600,423.3600,0.000037
FILLER_103_247,VSS,Metal1,145.6000,423.3600,0.000039
FILLER_103_224,VSS,Metal1,133.8930,422.8980,0.000041
FILLER_103_212,VSS,Metal1,126.1800,423.0110,0.000041
FILLER_103_159,VSS,Metal1,96.0400,423.3600,0.000042
FILLER_103_155,VSS,Metal1,94.2600,423.0110,0.000042
FILLER_103_147,VSS,Metal1,90.7730,422.8980,0.000042
FILLER_103_138,VSS,Metal1,84.5600,423.3600,0.000042
FILLER_103_119,VSS,Metal1,73.6400,423.3600,0.000042
FILLER_103_115,VSS,Metal1,71.8600,423.0110,0.000042
FILLER_103_107,VSS,Metal1,68.3730,422.8980,0.000042
FILLER_103_91,VSS,Metal1,61.5520,422.8120,0.000043
FILLER_103_82,VSS,Metal1,52.9200,423.3600,0.000043
FILLER_103_80,VSS,Metal1,52.0800,423.3600,0.000043
FILLER_103_72,VSS,Metal1,48.7730,422.8980,0.000043
FILLER_103_64,VSS,Metal1,42.8400,423.3600,0.000043
FILLER_103_62,VSS,Metal1,42.0000,423.3600,0.000043
FILLER_103_22,VSS,Metal1,19.6000,423.3600,0.000043
FILLER_103_18,VSS,Metal1,17.5400,423.0110,0.000043
FILLER_102_422,VSS,Metal1,243.7800,415.8685,0.000019
FILLER_102_414,VSS,Metal1,240.2930,415.9815,0.000019
FILLER_102_387,VSS,Metal1,224.0000,415.5200,0.000019
FILLER_102_381,VSS,Metal1,220.8200,415.8685,0.000019
FILLER_102_366,VSS,Metal1,211.9600,415.5200,0.000019
FILLER_102_362,VSS,Metal1,210.1800,415.8685,0.000019
FILLER_102_346,VSS,Metal1,204.3520,416.0680,0.000019
FILLER_102_299,VSS,Metal1,178.0320,416.0680,0.000019
FILLER_102_289,VSS,Metal1,169.3000,415.8685,0.000019
FILLER_102_281,VSS,Metal1,165.8130,415.9815,0.000020
FILLER_102_276,VSS,Metal1,161.5600,415.5200,0.000020
FILLER_102_274,VSS,Metal1,160.7200,415.5200,0.000020
FILLER_102_270,VSS,Metal1,158.6600,415.8685,0.000020
FILLER_102_264,VSS,Metal1,155.1200,415.5200,0.000021
FILLER_102_251,VSS,Metal1,147.8400,415.5200,0.000022
FILLER_102_247,VSS,Metal1,145.7800,415.8685,0.000022
FILLER_102_244,VSS,Metal1,143.6400,415.5200,0.000024
FILLER_102_230,VSS,Metal1,136.2600,415.8685,0.000026
FILLER_102_214,VSS,Metal1,130.4320,416.0680,0.000026
FILLER_102_162,VSS,Metal1,97.7200,415.5200,0.000027
FILLER_102_113,VSS,Metal1,70.2800,415.5200,0.000027
FILLER_102_111,VSS,Metal1,69.4400,415.5200,0.000027
FILLER_102_107,VSS,Metal1,67.3800,415.8685,0.000027
FILLER_102_104,VSS,Metal1,65.2400,415.5200,0.000027
FILLER_102_102,VSS,Metal1,64.4000,415.5200,0.000027
FILLER_102_68,VSS,Metal1,45.0800,415.5200,0.000026
FILLER_102_66,VSS,Metal1,44.2400,415.5200,0.000026
FILLER_102_62,VSS,Metal1,42.1800,415.8685,0.000026
FILLER_102_54,VSS,Metal1,38.6930,415.9815,0.000026
FILLER_102_49,VSS,Metal1,34.4400,415.5200,0.000025
FILLER_102_45,VSS,Metal1,32.6600,415.8685,0.000025
FILLER_102_31,VSS,Metal1,24.8200,415.8685,0.000025
FILLER_101_422,VSS,Metal1,243.7800,415.1710,0.000019
FILLER_101_419,VSS,Metal1,241.6400,415.5200,0.000019
FILLER_101_411,VSS,Metal1,238.6130,415.0580,0.000019
FILLER_101_392,VSS,Metal1,226.5200,415.5200,0.000019
FILLER_101_388,VSS,Metal1,224.7400,415.1710,0.000019
FILLER_101_358,VSS,Metal1,207.4800,415.5200,0.000019
FILLER_101_356,VSS,Metal1,206.6400,415.5200,0.000019
FILLER_101_352,VSS,Metal1,204.5800,415.1710,0.000019
FILLER_101_346,VSS,Metal1,201.2200,415.1710,0.000019
FILLER_101_326,VSS,Metal1,190.0200,415.1710,0.000019
FILLER_101_310,VSS,Metal1,184.1920,414.9720,0.000019
FILLER_101_304,VSS,Metal1,177.2400,415.5200,0.000019
FILLER_101_286,VSS,Metal1,167.4400,415.5200,0.000020
FILLER_101_282,VSS,Metal1,165.3800,415.1710,0.000020
FILLER_101_279,VSS,Metal1,163.2400,415.5200,0.000020
FILLER_101_269,VSS,Metal1,157.6400,415.5200,0.000021
FILLER_101_267,VSS,Metal1,156.8000,415.5200,0.000021
FILLER_101_263,VSS,Metal1,154.7400,415.1710,0.000021
FILLER_101_244,VSS,Metal1,143.6400,415.5200,0.000024
FILLER_101_242,VSS,Metal1,142.8000,415.5200,0.000025
FILLER_101_238,VSS,Metal1,140.7400,415.1710,0.000025
FILLER_101_230,VSS,Metal1,137.2530,415.0580,0.000026
FILLER_101_220,VSS,Metal1,130.4800,415.5200,0.000026
FILLER_101_212,VSS,Metal1,127.1730,415.0580,0.000026
FILLER_101_209,VSS,Metal1,124.0400,415.5200,0.000027
FILLER_101_205,VSS,Metal1,122.2600,415.1710,0.000027
FILLER_101_189,VSS,Metal1,112.8400,415.5200,0.000027
FILLER_101_187,VSS,Metal1,112.0000,415.5200,0.000027
FILLER_101_157,VSS,Metal1,94.9200,415.5200,0.000027
FILLER_101_153,VSS,Metal1,93.1400,415.1710,0.000027
FILLER_101_144,VSS,Metal1,87.6400,415.5200,0.000027
FILLER_101_142,VSS,Metal1,86.8000,415.5200,0.000027
FILLER_101_123,VSS,Metal1,75.8800,415.5200,0.000027
FILLER_101_76,VSS,Metal1,49.5600,415.5200,0.000027
FILLER_101_72,VSS,Metal1,47.7800,415.1710,0.000027
FILLER_101_54,VSS,Metal1,37.5200,415.5200,0.000026
FILLER_101_24,VSS,Metal1,20.4400,415.5200,0.000025
FILLER_101_22,VSS,Metal1,19.6000,415.5200,0.000025
FILLER_101_18,VSS,Metal1,17.5400,415.1710,0.000025
FILLER_100_422,VSS,Metal1,243.7800,408.0285,0.000037
FILLER_100_414,VSS,Metal1,240.2930,408.1415,0.000037
FILLER_100_405,VSS,Metal1,233.8000,407.6800,0.000037
FILLER_100_403,VSS,Metal1,232.9600,407.6800,0.000037
FILLER_100_394,VSS,Metal1,227.6400,407.6800,0.000037
FILLER_100_387,VSS,Metal1,223.7200,407.6800,0.000037
FILLER_100_384,VSS,Metal1,222.0400,407.6800,0.000037
FILLER_100_380,VSS,Metal1,220.2600,408.0285,0.000037
FILLER_100_350,VSS,Metal1,203.0000,407.6800,0.000037
FILLER_100_348,VSS,Metal1,202.1600,407.6800,0.000037
FILLER_100_332,VSS,Metal1,196.5120,408.2280,0.000037
FILLER_100_317,VSS,Metal1,184.5200,407.6800,0.000037
FILLER_100_314,VSS,Metal1,182.8400,407.6800,0.000037
FILLER_100_276,VSS,Metal1,162.0200,408.0285,0.000042
FILLER_100_271,VSS,Metal1,158.7600,407.6800,0.000044
FILLER_100_267,VSS,Metal1,156.9800,408.0285,0.000044
FILLER_100_251,VSS,Metal1,151.1520,408.2280,0.000046
FILLER_100_214,VSS,Metal1,127.1200,407.6800,0.000049
FILLER_100_210,VSS,Metal1,125.0600,408.0285,0.000049
FILLER_100_189,VSS,Metal1,113.1200,407.6800,0.000051
FILLER_100_185,VSS,Metal1,111.0600,408.0285,0.000051
FILLER_100_177,VSS,Metal1,107.5730,408.1415,0.000050
FILLER_100_173,VSS,Metal1,104.1600,407.6800,0.000046
FILLER_100_142,VSS,Metal1,86.8000,407.6800,0.000045
FILLER_100_129,VSS,Metal1,79.2400,407.6800,0.000042
FILLER_100_127,VSS,Metal1,78.4000,407.6800,0.000042
FILLER_100_123,VSS,Metal1,76.3400,408.0285,0.000042
FILLER_100_107,VSS,Metal1,70.5120,408.2280,0.000042
FILLER_100_95,VSS,Metal1,60.4800,407.6800,0.000039
FILLER_100_31,VSS,Metal1,24.8200,408.0285,0.000039
FILLER_99_422,VSS,Metal1,243.7800,407.3310,0.000037
FILLER_99_393,VSS,Metal1,227.3600,407.6800,0.000037
FILLER_99_385,VSS,Metal1,222.8800,407.6800,0.000037
FILLER_99_342,VSS,Metal1,198.8000,407.6800,0.000037
FILLER_99_338,VSS,Metal1,196.7400,407.3310,0.000037
FILLER_99_330,VSS,Metal1,193.2530,407.2180,0.000037
FILLER_99_314,VSS,Metal1,186.4320,407.1320,0.000037
FILLER_99_284,VSS,Metal1,166.0400,407.6800,0.000040
FILLER_99_282,VSS,Metal1,165.2000,407.6800,0.000040
FILLER_99_279,VSS,Metal1,163.2400,407.6800,0.000042
FILLER_99_277,VSS,Metal1,162.4000,407.6800,0.000042
FILLER_99_266,VSS,Metal1,155.9600,407.6800,0.000046
FILLER_99_262,VSS,Metal1,154.1800,407.3310,0.000046
FILLER_99_257,VSS,Metal1,150.9200,407.6800,0.000046
FILLER_99_255,VSS,Metal1,150.0800,407.6800,0.000046
FILLER_99_247,VSS,Metal1,146.7730,407.2180,0.000046
FILLER_99_231,VSS,Metal1,139.9520,407.1320,0.000048
FILLER_99_222,VSS,Metal1,131.3200,407.6800,0.000048
FILLER_99_220,VSS,Metal1,130.4800,407.6800,0.000048
FILLER_99_212,VSS,Metal1,127.1730,407.2180,0.000049
FILLER_99_183,VSS,Metal1,109.4800,407.6800,0.000050
FILLER_99_181,VSS,Metal1,108.6400,407.6800,0.000050
FILLER_99_177,VSS,Metal1,106.5800,407.3310,0.000050
FILLER_99_160,VSS,Metal1,96.6000,407.6800,0.000046
FILLER_99_156,VSS,Metal1,94.8200,407.3310,0.000046
FILLER_99_148,VSS,Metal1,91.3330,407.2180,0.000046
FILLER_99_139,VSS,Metal1,84.8400,407.6800,0.000042
FILLER_99_137,VSS,Metal1,84.0000,407.6800,0.000042
FILLER_99_104,VSS,Metal1,65.7000,407.3310,0.000042
FILLER_99_95,VSS,Metal1,60.2000,407.6800,0.000039
FILLER_99_93,VSS,Metal1,59.3600,407.6800,0.000039
FILLER_99_85,VSS,Metal1,56.0530,407.2180,0.000039
FILLER_99_80,VSS,Metal1,51.8000,407.6800,0.000039
FILLER_98_425,VSS,Metal1,245.0000,399.8400,0.000024
FILLER_98_423,VSS,Metal1,244.1600,399.8400,0.000024
FILLER_98_389,VSS,Metal1,224.8400,399.8400,0.000024
FILLER_98_387,VSS,Metal1,224.0000,399.8400,0.000024
FILLER_98_383,VSS,Metal1,221.7600,399.8400,0.000024
FILLER_98_379,VSS,Metal1,219.7000,400.1885,0.000024
FILLER_98_371,VSS,Metal1,215.0400,399.8400,0.000023
FILLER_98_258,VSS,Metal1,151.9400,400.1885,0.000020
FILLER_98_251,VSS,Metal1,147.8400,399.8400,0.000020
FILLER_98_247,VSS,Metal1,145.7800,400.1885,0.000020
FILLER_98_243,VSS,Metal1,143.3600,399.8400,0.000020
FILLER_98_239,VSS,Metal1,141.3000,400.1885,0.000020
FILLER_98_187,VSS,Metal1,111.7200,399.8400,0.000014
FILLER_98_185,VSS,Metal1,110.8800,399.8400,0.000014
FILLER_98_177,VSS,Metal1,107.5730,400.3015,0.000014
FILLER_98_174,VSS,Metal1,104.4400,399.8400,0.000014
FILLER_98_172,VSS,Metal1,103.6000,399.8400,0.000014
FILLER_98_168,VSS,Metal1,101.5400,400.1885,0.000014
FILLER_98_156,VSS,Metal1,95.8130,400.3015,0.000014
FILLER_98_140,VSS,Metal1,88.9920,400.3880,0.000013
FILLER_98_133,VSS,Metal1,81.4800,399.8400,0.000013
FILLER_98_128,VSS,Metal1,78.6800,399.8400,0.000013
FILLER_98_109,VSS,Metal1,68.0400,399.8400,0.000012
FILLER_98_107,VSS,Metal1,67.2000,399.8400,0.000012
FILLER_98_82,VSS,Metal1,53.3800,400.1885,0.000010
FILLER_98_74,VSS,Metal1,49.8930,400.3015,0.000010
FILLER_98_64,VSS,Metal1,43.1200,399.8400,0.000009
FILLER_98_37,VSS,Metal1,28.0000,399.8400,0.000008
FILLER_98_31,VSS,Metal1,24.8200,400.1885,0.000008
FILLER_97_422,VSS,Metal1,243.7800,399.4910,0.000024
FILLER_97_418,VSS,Metal1,241.3600,399.8400,0.000024
FILLER_97_414,VSS,Metal1,239.3000,399.4910,0.000024
FILLER_97_377,VSS,Metal1,218.4000,399.8400,0.000024
FILLER_97_335,VSS,Metal1,194.6000,399.8400,0.000023
FILLER_97_333,VSS,Metal1,193.7600,399.8400,0.000023
FILLER_97_329,VSS,Metal1,191.7000,399.4910,0.000023
FILLER_97_311,VSS,Metal1,181.6200,399.4910,0.000020
FILLER_97_303,VSS,Metal1,178.1330,399.3780,0.000019
FILLER_97_294,VSS,Metal1,171.6400,399.8400,0.000020
FILLER_97_290,VSS,Metal1,169.8600,399.4910,0.000020
FILLER_97_282,VSS,Metal1,166.3730,399.3780,0.000020
FILLER_97_240,VSS,Metal1,141.6800,399.8400,0.000020
FILLER_97_220,VSS,Metal1,130.2000,399.8400,0.000014
FILLER_97_212,VSS,Metal1,127.1730,399.3780,0.000014
FILLER_97_206,VSS,Metal1,122.8200,399.4910,0.000014
FILLER_97_196,VSS,Metal1,117.0400,399.8400,0.000014
FILLER_97_164,VSS,Metal1,106.8440,399.2420,0.000014
FILLER_97_154,VSS,Metal1,93.5200,399.8400,0.000013
FILLER_97_150,VSS,Metal1,91.4600,399.4910,0.000013
FILLER_97_142,VSS,Metal1,87.9730,399.3780,0.000013
FILLER_97_135,VSS,Metal1,82.6000,399.8400,0.000013
FILLER_97_133,VSS,Metal1,81.7600,399.8400,0.000013
FILLER_97_125,VSS,Metal1,78.4530,399.3780,0.000013
FILLER_97_110,VSS,Metal1,68.8800,399.8400,0.000012
FILLER_97_102,VSS,Metal1,65.5730,399.3780,0.000012
FILLER_97_96,VSS,Metal1,60.7600,399.8400,0.000011
FILLER_97_94,VSS,Metal1,59.9200,399.8400,0.000011
FILLER_97_88,VSS,Metal1,56.2800,399.8400,0.000010
FILLER_97_86,VSS,Metal1,55.4400,399.8400,0.000010
FILLER_97_82,VSS,Metal1,53.3800,399.4910,0.000010
FILLER_97_66,VSS,Metal1,44.4200,399.4910,0.000009
FILLER_97_53,VSS,Metal1,36.9600,399.8400,0.000009
FILLER_97_47,VSS,Metal1,33.6000,399.8400,0.000008
FILLER_97_43,VSS,Metal1,31.5400,399.4910,0.000008
FILLER_97_17,VSS,Metal1,16.5200,399.8400,0.000008
FILLER_97_15,VSS,Metal1,15.6800,399.8400,0.000008
FILLER_97_10,VSS,Metal1,12.6000,399.8400,0.000008
FILLER_97_8,VSS,Metal1,11.7600,399.8400,0.000008
FILLER_97_2,VSS,Metal1,8.4000,399.8400,0.000008
FILLER_96_424,VSS,Metal1,244.7200,392.0000,0.000053
FILLER_96_420,VSS,Metal1,242.6600,392.3485,0.000053
FILLER_96_369,VSS,Metal1,214.1000,392.3485,0.000053
FILLER_96_332,VSS,Metal1,193.2000,392.0000,0.000052
FILLER_96_323,VSS,Metal1,187.8800,392.0000,0.000052
FILLER_96_321,VSS,Metal1,187.0400,392.0000,0.000051
FILLER_96_317,VSS,Metal1,184.9800,392.3485,0.000051
FILLER_96_314,VSS,Metal1,182.8400,392.0000,0.000047
FILLER_96_310,VSS,Metal1,181.0600,392.3485,0.000047
FILLER_96_294,VSS,Metal1,175.2320,392.5480,0.000047
FILLER_96_264,VSS,Metal1,155.3000,392.3485,0.000046
FILLER_96_253,VSS,Metal1,148.6800,392.0000,0.000044
FILLER_96_251,VSS,Metal1,147.8400,392.0000,0.000044
FILLER_96_247,VSS,Metal1,145.7800,392.3485,0.000044
FILLER_96_244,VSS,Metal1,143.6400,392.0000,0.000044
FILLER_96_242,VSS,Metal1,142.8000,392.0000,0.000044
FILLER_96_238,VSS,Metal1,140.7400,392.3485,0.000044
FILLER_96_208,VSS,Metal1,123.4800,392.0000,0.000042
FILLER_96_200,VSS,Metal1,120.4530,392.4615,0.000042
FILLER_96_177,VSS,Metal1,107.5730,392.4615,0.000042
FILLER_96_174,VSS,Metal1,104.4400,392.0000,0.000041
FILLER_96_166,VSS,Metal1,101.4130,392.4615,0.000041
FILLER_96_139,VSS,Metal1,85.3000,392.3485,0.000040
FILLER_96_107,VSS,Metal1,74.9240,392.5975,0.000039
FILLER_96_104,VSS,Metal1,65.2400,392.0000,0.000039
FILLER_96_102,VSS,Metal1,64.4000,392.0000,0.000038
FILLER_96_98,VSS,Metal1,62.3400,392.3485,0.000038
FILLER_96_90,VSS,Metal1,58.8530,392.4615,0.000035
FILLER_96_55,VSS,Metal1,38.0800,392.0000,0.000029
FILLER_96_45,VSS,Metal1,32.4800,392.0000,0.000029
FILLER_96_37,VSS,Metal1,29.1730,392.4615,0.000029
FILLER_96_29,VSS,Metal1,23.2400,392.0000,0.000028
FILLER_96_21,VSS,Metal1,20.2130,392.4615,0.000028
FILLER_96_4,VSS,Metal1,9.2400,392.0000,0.000028
FILLER_96_2,VSS,Metal1,8.4000,392.0000,0.000028
FILLER_95_422,VSS,Metal1,243.7800,391.6510,0.000053
FILLER_95_419,VSS,Metal1,241.6400,392.0000,0.000053
FILLER_95_417,VSS,Metal1,240.8000,392.0000,0.000053
FILLER_95_402,VSS,Metal1,232.1200,392.0000,0.000053
FILLER_95_365,VSS,Metal1,211.6800,392.0000,0.000052
FILLER_95_352,VSS,Metal1,204.5800,391.6510,0.000052
FILLER_95_312,VSS,Metal1,181.7200,392.0000,0.000047
FILLER_95_310,VSS,Metal1,180.8800,392.0000,0.000047
FILLER_95_306,VSS,Metal1,178.8200,391.6510,0.000047
FILLER_95_298,VSS,Metal1,175.3330,391.5380,0.000047
FILLER_95_282,VSS,Metal1,168.5120,391.4520,0.000047
FILLER_95_258,VSS,Metal1,151.7600,392.0000,0.000045
FILLER_95_254,VSS,Metal1,149.7000,391.6510,0.000045
FILLER_95_238,VSS,Metal1,143.8720,391.4520,0.000044
FILLER_95_228,VSS,Metal1,134.9600,392.0000,0.000043
FILLER_95_212,VSS,Metal1,129.3120,391.4520,0.000043
FILLER_95_209,VSS,Metal1,124.0400,392.0000,0.000042
FILLER_95_207,VSS,Metal1,123.2000,392.0000,0.000042
FILLER_95_144,VSS,Metal1,87.6400,392.0000,0.000041
FILLER_95_142,VSS,Metal1,86.8000,392.0000,0.000040
FILLER_95_131,VSS,Metal1,80.3600,392.0000,0.000039
FILLER_95_127,VSS,Metal1,78.5800,391.6510,0.000039
FILLER_95_119,VSS,Metal1,75.0930,391.5380,0.000039
FILLER_95_103,VSS,Metal1,68.2720,391.4520,0.000039
FILLER_95_91,VSS,Metal1,58.2400,392.0000,0.000035
FILLER_95_74,VSS,Metal1,48.4400,392.0000,0.000030
FILLER_95_72,VSS,Metal1,47.6000,392.0000,0.000030
FILLER_95_69,VSS,Metal1,45.6400,392.0000,0.000030
FILLER_95_36,VSS,Metal1,27.6200,391.6510,0.000029
FILLER_95_2,VSS,Metal1,8.1200,392.0000,0.000028
FILLER_94_425,VSS,Metal1,245.0000,384.1600,0.000088
FILLER_94_421,VSS,Metal1,243.2200,384.5085,0.000088
FILLER_94_373,VSS,Metal1,216.3400,384.5085,0.000080
FILLER_94_317,VSS,Metal1,184.9800,384.5085,0.000063
FILLER_94_301,VSS,Metal1,177.0130,384.6215,0.000061
FILLER_94_263,VSS,Metal1,154.2800,384.1600,0.000061
FILLER_94_255,VSS,Metal1,151.2530,384.6215,0.000061
FILLER_94_238,VSS,Metal1,140.2800,384.1600,0.000061
FILLER_94_230,VSS,Metal1,137.2530,384.6215,0.000061
FILLER_94_214,VSS,Metal1,130.4320,384.7080,0.000061
FILLER_94_116,VSS,Metal1,71.9600,384.1600,0.000057
FILLER_94_89,VSS,Metal1,57.1200,384.1600,0.000054
FILLER_94_81,VSS,Metal1,53.8130,384.6215,0.000053
FILLER_94_72,VSS,Metal1,47.3200,384.1600,0.000052
FILLER_94_56,VSS,Metal1,41.9520,384.7080,0.000050
FILLER_94_47,VSS,Metal1,33.3200,384.1600,0.000046
FILLER_94_43,VSS,Metal1,31.5400,384.5085,0.000046
FILLER_94_31,VSS,Metal1,24.8200,384.5085,0.000045
FILLER_93_422,VSS,Metal1,243.7800,383.8110,0.000088
FILLER_93_390,VSS,Metal1,225.4000,384.1600,0.000088
FILLER_93_386,VSS,Metal1,223.6200,383.8110,0.000088
FILLER_93_352,VSS,Metal1,204.1200,384.1600,0.000079
FILLER_93_346,VSS,Metal1,201.2200,383.8110,0.000067
FILLER_93_261,VSS,Metal1,153.1600,384.1600,0.000061
FILLER_93_230,VSS,Metal1,136.0800,384.1600,0.000061
FILLER_93_216,VSS,Metal1,128.2400,384.1600,0.000061
FILLER_93_212,VSS,Metal1,126.1800,383.8110,0.000060
FILLER_93_155,VSS,Metal1,93.8000,384.1600,0.000058
FILLER_93_151,VSS,Metal1,92.0200,383.8110,0.000058
FILLER_93_146,VSS,Metal1,88.7600,384.1600,0.000057
FILLER_93_130,VSS,Metal1,80.0800,384.1600,0.000057
FILLER_93_126,VSS,Metal1,78.0200,383.8110,0.000057
FILLER_93_57,VSS,Metal1,39.2000,384.1600,0.000050
FILLER_93_53,VSS,Metal1,37.1400,383.8110,0.000049
FILLER_93_22,VSS,Metal1,19.6000,384.1600,0.000046
FILLER_92_395,VSS,Metal1,228.4800,376.3200,0.000027
FILLER_92_387,VSS,Metal1,224.0000,376.3200,0.000027
FILLER_92_340,VSS,Metal1,197.4000,376.3200,0.000026
FILLER_92_336,VSS,Metal1,195.6200,376.6685,0.000026
FILLER_92_326,VSS,Metal1,190.0200,376.6685,0.000025
FILLER_92_317,VSS,Metal1,184.5200,376.3200,0.000023
FILLER_92_313,VSS,Metal1,182.5600,376.3200,0.000023
FILLER_92_309,VSS,Metal1,180.5000,376.6685,0.000022
FILLER_92_301,VSS,Metal1,177.0130,376.7815,0.000022
FILLER_92_237,VSS,Metal1,140.0000,376.3200,0.000022
FILLER_92_177,VSS,Metal1,109.7120,376.8680,0.000022
FILLER_92_155,VSS,Metal1,94.0800,376.3200,0.000022
FILLER_92_151,VSS,Metal1,92.0200,376.6685,0.000022
FILLER_92_143,VSS,Metal1,88.5330,376.7815,0.000022
FILLER_92_136,VSS,Metal1,83.4400,376.3200,0.000020
FILLER_92_132,VSS,Metal1,81.3800,376.6685,0.000020
FILLER_92_124,VSS,Metal1,77.8930,376.7815,0.000020
FILLER_92_107,VSS,Metal1,66.9200,376.3200,0.000019
FILLER_92_89,VSS,Metal1,57.1200,376.3200,0.000019
FILLER_92_85,VSS,Metal1,55.0600,376.6685,0.000019
FILLER_92_71,VSS,Metal1,47.0400,376.3200,0.000019
FILLER_92_50,VSS,Metal1,36.4530,376.7815,0.000019
FILLER_92_31,VSS,Metal1,24.8200,376.6685,0.000018
FILLER_91_422,VSS,Metal1,243.7800,375.9710,0.000027
FILLER_91_419,VSS,Metal1,241.6400,376.3200,0.000027
FILLER_91_417,VSS,Metal1,240.8000,376.3200,0.000027
FILLER_91_362,VSS,Metal1,209.7200,376.3200,0.000027
FILLER_91_358,VSS,Metal1,207.9400,375.9710,0.000027
FILLER_91_334,VSS,Metal1,194.3200,376.3200,0.000025
FILLER_91_327,VSS,Metal1,190.1200,376.3200,0.000025
FILLER_91_325,VSS,Metal1,189.2800,376.3200,0.000024
FILLER_91_321,VSS,Metal1,187.2200,375.9710,0.000024
FILLER_91_313,VSS,Metal1,183.7330,375.8580,0.000023
FILLER_91_297,VSS,Metal1,176.9120,375.7720,0.000022
FILLER_91_250,VSS,Metal1,147.0000,376.3200,0.000022
FILLER_91_246,VSS,Metal1,145.2200,375.9710,0.000022
FILLER_91_238,VSS,Metal1,141.7330,375.8580,0.000022
FILLER_91_232,VSS,Metal1,136.9200,376.3200,0.000022
FILLER_91_216,VSS,Metal1,128.2400,376.3200,0.000022
FILLER_91_212,VSS,Metal1,126.1800,375.9710,0.000022
FILLER_91_209,VSS,Metal1,124.0400,376.3200,0.000022
FILLER_91_190,VSS,Metal1,113.8600,375.9710,0.000022
FILLER_91_174,VSS,Metal1,108.0320,375.7720,0.000022
FILLER_91_142,VSS,Metal1,94.5240,375.7220,0.000022
FILLER_91_139,VSS,Metal1,84.8400,376.3200,0.000021
FILLER_91_137,VSS,Metal1,84.0000,376.3200,0.000020
FILLER_91_133,VSS,Metal1,81.9400,375.9710,0.000020
FILLER_91_125,VSS,Metal1,78.4530,375.8580,0.000020
FILLER_91_118,VSS,Metal1,73.0800,376.3200,0.000019
FILLER_91_114,VSS,Metal1,71.3000,375.9710,0.000019
FILLER_91_72,VSS,Metal1,48.7730,375.8580,0.000019
FILLER_91_69,VSS,Metal1,45.6400,376.3200,0.000019
FILLER_91_53,VSS,Metal1,40.2720,375.7720,0.000019
FILLER_91_18,VSS,Metal1,17.3600,376.3200,0.000018
FILLER_90_378,VSS,Metal1,218.6800,368.4800,0.000097
FILLER_90_376,VSS,Metal1,217.8400,368.4800,0.000097
FILLER_90_372,VSS,Metal1,215.7800,368.8285,0.000097
FILLER_90_361,VSS,Metal1,209.4400,368.4800,0.000097
FILLER_90_331,VSS,Metal1,192.3600,368.4800,0.000097
FILLER_90_317,VSS,Metal1,184.8000,368.4800,0.000096
FILLER_90_313,VSS,Metal1,182.5600,368.4800,0.000095
FILLER_90_309,VSS,Metal1,180.5000,368.8285,0.000095
FILLER_90_302,VSS,Metal1,176.1200,368.4800,0.000096
FILLER_90_272,VSS,Metal1,159.3200,368.4800,0.000097
FILLER_90_247,VSS,Metal1,145.7800,368.8285,0.000101
FILLER_90_243,VSS,Metal1,143.3600,368.4800,0.000101
FILLER_90_205,VSS,Metal1,122.2600,368.8285,0.000099
FILLER_90_197,VSS,Metal1,118.7730,368.9415,0.000099
FILLER_90_181,VSS,Metal1,111.9520,369.0280,0.000099
FILLER_90_142,VSS,Metal1,86.5200,368.4800,0.000094
FILLER_90_140,VSS,Metal1,85.6800,368.4800,0.000094
FILLER_90_132,VSS,Metal1,82.3730,368.9415,0.000093
FILLER_90_122,VSS,Metal1,75.6000,368.4800,0.000088
FILLER_90_111,VSS,Metal1,69.1600,368.4800,0.000082
FILLER_90_107,VSS,Metal1,67.3800,368.8285,0.000082
FILLER_90_88,VSS,Metal1,56.2800,368.4800,0.000034
FILLER_90_80,VSS,Metal1,53.2530,368.9415,0.000032
FILLER_90_64,VSS,Metal1,46.4320,369.0280,0.000032
FILLER_90_54,VSS,Metal1,37.2400,368.4800,0.000030
FILLER_90_34,VSS,Metal1,26.0400,368.4800,0.000029
FILLER_89_422,VSS,Metal1,243.7800,368.1310,0.000097
FILLER_89_418,VSS,Metal1,241.3600,368.4800,0.000097
FILLER_89_414,VSS,Metal1,239.3000,368.1310,0.000097
FILLER_89_372,VSS,Metal1,215.6000,368.4800,0.000097
FILLER_89_364,VSS,Metal1,212.2930,368.0180,0.000097
FILLER_89_354,VSS,Metal1,205.2400,368.4800,0.000097
FILLER_89_352,VSS,Metal1,204.4000,368.4800,0.000097
FILLER_89_324,VSS,Metal1,188.4400,368.4800,0.000097
FILLER_89_322,VSS,Metal1,187.6000,368.4800,0.000097
FILLER_89_292,VSS,Metal1,170.5200,368.4800,0.000096
FILLER_89_290,VSS,Metal1,169.6800,368.4800,0.000096
FILLER_89_282,VSS,Metal1,166.3730,368.0180,0.000096
FILLER_89_276,VSS,Metal1,162.0200,368.1310,0.000096
FILLER_89_209,VSS,Metal1,124.0400,368.4800,0.000101
FILLER_89_193,VSS,Metal1,118.6720,367.9320,0.000099
FILLER_89_154,VSS,Metal1,93.5200,368.4800,0.000095
FILLER_89_150,VSS,Metal1,91.4600,368.1310,0.000095
FILLER_89_131,VSS,Metal1,80.3600,368.4800,0.000091
FILLER_89_127,VSS,Metal1,78.5800,368.1310,0.000091
FILLER_89_117,VSS,Metal1,72.5200,368.4800,0.000082
FILLER_89_102,VSS,Metal1,64.1200,368.4800,0.000035
FILLER_89_100,VSS,Metal1,63.2800,368.4800,0.000035
FILLER_89_91,VSS,Metal1,57.9600,368.4800,0.000035
FILLER_89_87,VSS,Metal1,56.1800,368.1310,0.000034
FILLER_89_79,VSS,Metal1,52.6930,368.0180,0.000032
FILLER_89_68,VSS,Metal1,45.3600,368.4800,0.000032
FILLER_89_64,VSS,Metal1,43.3000,368.1310,0.000032
FILLER_89_56,VSS,Metal1,39.8130,368.0180,0.000031
FILLER_89_47,VSS,Metal1,33.3200,368.4800,0.000029
FILLER_89_43,VSS,Metal1,31.5400,368.1310,0.000029
FILLER_88_424,VSS,Metal1,244.7200,360.6400,0.000021
FILLER_88_420,VSS,Metal1,242.6600,360.9885,0.000021
FILLER_88_387,VSS,Metal1,224.0000,360.6400,0.000021
FILLER_88_369,VSS,Metal1,213.9200,360.6400,0.000021
FILLER_88_343,VSS,Metal1,199.0800,360.6400,0.000021
FILLER_88_333,VSS,Metal1,193.7600,360.6400,0.000021
FILLER_88_314,VSS,Metal1,182.8400,360.6400,0.000021
FILLER_88_310,VSS,Metal1,181.0600,360.9885,0.000021
FILLER_88_280,VSS,Metal1,164.0800,360.6400,0.000021
FILLER_88_276,VSS,Metal1,162.0200,360.9885,0.000022
FILLER_88_243,VSS,Metal1,143.3600,360.6400,0.000023
FILLER_88_213,VSS,Metal1,126.2800,360.6400,0.000023
FILLER_88_209,VSS,Metal1,124.5000,360.9885,0.000023
FILLER_88_193,VSS,Metal1,115.3600,360.6400,0.000023
FILLER_88_185,VSS,Metal1,112.0530,361.1015,0.000023
FILLER_88_163,VSS,Metal1,98.7400,360.9885,0.000023
FILLER_88_158,VSS,Metal1,95.4800,360.6400,0.000023
FILLER_88_141,VSS,Metal1,85.9600,360.6400,0.000016
FILLER_88_132,VSS,Metal1,80.9200,360.6400,0.000015
FILLER_88_130,VSS,Metal1,80.0800,360.6400,0.000015
FILLER_88_126,VSS,Metal1,78.0200,360.9885,0.000015
FILLER_88_107,VSS,Metal1,67.2000,360.6400,0.000015
FILLER_88_101,VSS,Metal1,64.0200,360.9885,0.000014
FILLER_88_93,VSS,Metal1,60.5330,361.1015,0.000014
FILLER_88_77,VSS,Metal1,53.7120,361.1880,0.000014
FILLER_88_71,VSS,Metal1,46.7600,360.6400,0.000009
FILLER_88_67,VSS,Metal1,44.9800,360.9885,0.000009
FILLER_88_61,VSS,Metal1,41.1600,360.6400,0.000009
FILLER_88_57,VSS,Metal1,39.3800,360.9885,0.000009
FILLER_88_49,VSS,Metal1,35.8930,361.1015,0.000009
FILLER_88_34,VSS,Metal1,26.0400,360.6400,0.000009
FILLER_88_25,VSS,Metal1,21.0000,360.6400,0.000009
FILLER_88_17,VSS,Metal1,17.9730,361.1015,0.000009
FILLER_88_4,VSS,Metal1,9.2400,360.6400,0.000009
FILLER_88_2,VSS,Metal1,8.4000,360.6400,0.000009
FILLER_87_422,VSS,Metal1,243.7800,360.2910,0.000021
FILLER_87_419,VSS,Metal1,241.6400,360.6400,0.000021
FILLER_87_372,VSS,Metal1,215.7800,360.2910,0.000021
FILLER_87_358,VSS,Metal1,207.4800,360.6400,0.000021
FILLER_87_309,VSS,Metal1,180.0400,360.6400,0.000020
FILLER_87_307,VSS,Metal1,179.2000,360.6400,0.000020
FILLER_87_278,VSS,Metal1,162.9600,360.6400,0.000022
FILLER_87_270,VSS,Metal1,159.6530,360.1780,0.000022
FILLER_87_263,VSS,Metal1,154.2800,360.6400,0.000022
FILLER_87_261,VSS,Metal1,153.4400,360.6400,0.000022
FILLER_87_245,VSS,Metal1,147.7920,360.0920,0.000022
FILLER_87_224,VSS,Metal1,132.4400,360.6400,0.000023
FILLER_87_220,VSS,Metal1,130.6600,360.2910,0.000023
FILLER_87_212,VSS,Metal1,127.1730,360.1780,0.000023
FILLER_87_180,VSS,Metal1,107.8000,360.6400,0.000023
FILLER_87_172,VSS,Metal1,104.7730,360.1780,0.000023
FILLER_87_156,VSS,Metal1,97.9520,360.0920,0.000023
FILLER_87_146,VSS,Metal1,88.7600,360.6400,0.000016
FILLER_87_142,VSS,Metal1,86.9800,360.2910,0.000016
FILLER_87_139,VSS,Metal1,84.8400,360.6400,0.000015
FILLER_87_137,VSS,Metal1,84.0000,360.6400,0.000015
FILLER_87_113,VSS,Metal1,70.5600,360.6400,0.000015
FILLER_87_109,VSS,Metal1,68.5000,360.2910,0.000015
FILLER_87_100,VSS,Metal1,63.0000,360.6400,0.000014
FILLER_87_96,VSS,Metal1,61.2200,360.2910,0.000014
FILLER_87_88,VSS,Metal1,57.7330,360.1780,0.000014
FILLER_87_72,VSS,Metal1,50.9120,360.0920,0.000014
FILLER_87_52,VSS,Metal1,36.4000,360.6400,0.000009
FILLER_87_48,VSS,Metal1,34.3400,360.2910,0.000009
FILLER_87_33,VSS,Metal1,25.4800,360.6400,0.000009
FILLER_87_31,VSS,Metal1,24.6400,360.6400,0.000009
FILLER_86_395,VSS,Metal1,228.4800,352.8000,0.000041
FILLER_86_375,VSS,Metal1,217.4600,353.1485,0.000026
FILLER_86_314,VSS,Metal1,182.8400,352.8000,0.000023
FILLER_86_310,VSS,Metal1,181.0600,353.1485,0.000023
FILLER_86_301,VSS,Metal1,175.5600,352.8000,0.000023
FILLER_86_299,VSS,Metal1,174.7200,352.8000,0.000023
FILLER_86_254,VSS,Metal1,152.8320,353.3480,0.000023
FILLER_86_247,VSS,Metal1,145.6000,352.8000,0.000023
FILLER_86_244,VSS,Metal1,143.6400,352.8000,0.000023
FILLER_86_242,VSS,Metal1,142.8000,352.8000,0.000023
FILLER_86_238,VSS,Metal1,140.7400,353.1485,0.000023
FILLER_86_183,VSS,Metal1,109.4800,352.8000,0.000023
FILLER_86_181,VSS,Metal1,108.6400,352.8000,0.000023
FILLER_86_177,VSS,Metal1,106.5800,353.1485,0.000023
FILLER_86_171,VSS,Metal1,103.2200,353.1485,0.000022
FILLER_86_163,VSS,Metal1,99.7330,353.2615,0.000022
FILLER_86_131,VSS,Metal1,88.3640,353.3975,0.000022
FILLER_86_123,VSS,Metal1,76.1600,352.8000,0.000022
FILLER_86_107,VSS,Metal1,70.5120,353.3480,0.000022
FILLER_86_104,VSS,Metal1,65.2400,352.8000,0.000022
FILLER_86_102,VSS,Metal1,64.4000,352.8000,0.000021
FILLER_86_98,VSS,Metal1,62.3400,353.1485,0.000021
FILLER_86_82,VSS,Metal1,56.5120,353.3480,0.000021
FILLER_86_49,VSS,Metal1,34.9000,353.1485,0.000021
FILLER_86_37,VSS,Metal1,29.1730,353.2615,0.000021
FILLER_86_34,VSS,Metal1,26.0400,352.8000,0.000020
FILLER_86_18,VSS,Metal1,20.6720,353.3480,0.000021
FILLER_85_387,VSS,Metal1,224.1800,352.4510,0.000029
FILLER_85_368,VSS,Metal1,213.0800,352.8000,0.000026
FILLER_85_349,VSS,Metal1,202.4400,352.8000,0.000024
FILLER_85_322,VSS,Metal1,187.6000,352.8000,0.000023
FILLER_85_292,VSS,Metal1,170.5200,352.8000,0.000023
FILLER_85_288,VSS,Metal1,168.7400,352.4510,0.000023
FILLER_85_265,VSS,Metal1,155.4000,352.8000,0.000023
FILLER_85_263,VSS,Metal1,154.5600,352.8000,0.000023
FILLER_85_242,VSS,Metal1,142.5200,352.8000,0.000023
FILLER_85_240,VSS,Metal1,141.6800,352.8000,0.000023
FILLER_85_222,VSS,Metal1,131.7800,352.4510,0.000023
FILLER_85_212,VSS,Metal1,125.7200,352.8000,0.000023
FILLER_85_178,VSS,Metal1,106.9600,352.8000,0.000023
FILLER_85_174,VSS,Metal1,104.9000,352.4510,0.000023
FILLER_85_142,VSS,Metal1,94.5240,352.2020,0.000022
FILLER_85_138,VSS,Metal1,84.5600,352.8000,0.000022
FILLER_85_134,VSS,Metal1,82.5000,352.4510,0.000022
FILLER_85_126,VSS,Metal1,79.0130,352.3380,0.000022
FILLER_85_110,VSS,Metal1,72.1920,352.2520,0.000022
FILLER_85_101,VSS,Metal1,63.8400,352.8000,0.000021
FILLER_85_30,VSS,Metal1,23.8000,352.8000,0.000021
FILLER_85_26,VSS,Metal1,22.0200,352.4510,0.000021
FILLER_84_387,VSS,Metal1,224.0000,344.9600,0.000022
FILLER_84_350,VSS,Metal1,203.0000,344.9600,0.000022
FILLER_84_317,VSS,Metal1,184.9800,345.3085,0.000022
FILLER_84_236,VSS,Metal1,139.1600,344.9600,0.000022
FILLER_84_221,VSS,Metal1,130.7600,344.9600,0.000022
FILLER_84_219,VSS,Metal1,129.9200,344.9600,0.000022
FILLER_84_189,VSS,Metal1,112.8400,344.9600,0.000022
FILLER_84_181,VSS,Metal1,109.8130,345.4215,0.000022
FILLER_84_174,VSS,Metal1,104.4400,344.9600,0.000022
FILLER_84_170,VSS,Metal1,102.6600,345.3085,0.000022
FILLER_84_162,VSS,Metal1,99.1730,345.4215,0.000021
FILLER_84_153,VSS,Metal1,92.6800,344.9600,0.000020
FILLER_84_137,VSS,Metal1,87.3120,345.5080,0.000020
FILLER_84_128,VSS,Metal1,78.6800,344.9600,0.000019
FILLER_84_126,VSS,Metal1,77.8400,344.9600,0.000019
FILLER_84_118,VSS,Metal1,74.5330,345.4215,0.000019
FILLER_84_69,VSS,Metal1,46.1000,345.3085,0.000019
FILLER_84_37,VSS,Metal1,27.7200,344.9600,0.000018
FILLER_83_422,VSS,Metal1,243.7800,344.6110,0.000022
FILLER_83_385,VSS,Metal1,222.6000,344.9600,0.000022
FILLER_83_381,VSS,Metal1,220.8200,344.6110,0.000022
FILLER_83_298,VSS,Metal1,174.1600,344.9600,0.000022
FILLER_83_290,VSS,Metal1,170.8530,344.4980,0.000022
FILLER_83_278,VSS,Metal1,162.9600,344.9600,0.000022
FILLER_83_274,VSS,Metal1,160.9000,344.6110,0.000022
FILLER_83_237,VSS,Metal1,141.1730,344.4980,0.000022
FILLER_83_179,VSS,Metal1,107.2400,344.9600,0.000022
FILLER_83_177,VSS,Metal1,106.4000,344.9600,0.000022
FILLER_83_167,VSS,Metal1,100.5200,344.9600,0.000021
FILLER_83_152,VSS,Metal1,92.5800,344.6110,0.000020
FILLER_83_136,VSS,Metal1,83.6200,344.6110,0.000020
FILLER_83_76,VSS,Metal1,49.5600,344.9600,0.000019
FILLER_83_72,VSS,Metal1,47.7800,344.6110,0.000019
FILLER_83_50,VSS,Metal1,35.0000,344.9600,0.000018
FILLER_83_20,VSS,Metal1,18.2000,344.9600,0.000018
FILLER_83_18,VSS,Metal1,17.3600,344.9600,0.000018
FILLER_82_387,VSS,Metal1,223.7200,337.1200,0.000012
FILLER_82_326,VSS,Metal1,189.5600,337.1200,0.000012
FILLER_82_317,VSS,Metal1,184.5200,337.1200,0.000012
FILLER_82_247,VSS,Metal1,145.7800,337.4685,0.000014
FILLER_82_244,VSS,Metal1,143.6400,337.1200,0.000014
FILLER_82_242,VSS,Metal1,142.8000,337.1200,0.000014
FILLER_82_238,VSS,Metal1,140.7400,337.4685,0.000014
FILLER_82_197,VSS,Metal1,117.7800,337.4685,0.000015
FILLER_82_189,VSS,Metal1,114.2930,337.5815,0.000015
FILLER_82_163,VSS,Metal1,98.5600,337.1200,0.000015
FILLER_82_126,VSS,Metal1,77.5600,337.1200,0.000014
FILLER_82_89,VSS,Metal1,56.8400,337.1200,0.000013
FILLER_82_85,VSS,Metal1,55.0600,337.4685,0.000013
FILLER_82_73,VSS,Metal1,47.8800,337.1200,0.000011
FILLER_82_57,VSS,Metal1,42.5120,337.6680,0.000011
FILLER_82_52,VSS,Metal1,36.1200,337.1200,0.000011
FILLER_82_42,VSS,Metal1,30.8000,337.1200,0.000011
FILLER_82_2,VSS,Metal1,8.1200,337.1200,0.000010
FILLER_81_422,VSS,Metal1,243.7800,336.7710,0.000012
FILLER_81_419,VSS,Metal1,241.6400,337.1200,0.000012
FILLER_81_417,VSS,Metal1,240.8000,337.1200,0.000012
FILLER_81_372,VSS,Metal1,215.6000,337.1200,0.000012
FILLER_81_354,VSS,Metal1,205.2400,337.1200,0.000012
FILLER_81_352,VSS,Metal1,204.4000,337.1200,0.000012
FILLER_81_282,VSS,Metal1,166.3730,336.6580,0.000012
FILLER_81_279,VSS,Metal1,163.2400,337.1200,0.000012
FILLER_81_277,VSS,Metal1,162.4000,337.1200,0.000012
FILLER_81_253,VSS,Metal1,152.2720,336.5720,0.000014
FILLER_81_227,VSS,Metal1,134.1200,337.1200,0.000015
FILLER_81_216,VSS,Metal1,128.2400,337.1200,0.000015
FILLER_81_212,VSS,Metal1,126.1800,336.7710,0.000015
FILLER_81_209,VSS,Metal1,124.0400,337.1200,0.000015
FILLER_81_201,VSS,Metal1,121.0130,336.6580,0.000015
FILLER_81_142,VSS,Metal1,86.5200,337.1200,0.000014
FILLER_81_136,VSS,Metal1,83.6200,336.7710,0.000014
FILLER_81_105,VSS,Metal1,66.0800,337.1200,0.000014
FILLER_81_93,VSS,Metal1,59.3600,337.1200,0.000013
FILLER_81_83,VSS,Metal1,53.7600,337.1200,0.000012
FILLER_81_72,VSS,Metal1,47.3200,337.1200,0.000011
FILLER_81_69,VSS,Metal1,45.6400,337.1200,0.000011
FILLER_81_67,VSS,Metal1,44.8000,337.1200,0.000011
FILLER_81_59,VSS,Metal1,41.4930,336.6580,0.000011
FILLER_81_43,VSS,Metal1,34.6720,336.5720,0.000011
FILLER_81_16,VSS,Metal1,16.2400,337.1200,0.000010
FILLER_81_2,VSS,Metal1,8.4000,337.1200,0.000010
FILLER_80_377,VSS,Metal1,218.4000,329.2800,0.000026
FILLER_80_367,VSS,Metal1,212.9800,329.6285,0.000026
FILLER_80_314,VSS,Metal1,182.8400,329.2800,0.000025
FILLER_80_296,VSS,Metal1,174.2130,329.7415,0.000025
FILLER_80_255,VSS,Metal1,150.2600,329.6285,0.000028
FILLER_80_247,VSS,Metal1,146.7730,329.7415,0.000028
FILLER_80_243,VSS,Metal1,143.3600,329.2800,0.000029
FILLER_80_213,VSS,Metal1,126.2800,329.2800,0.000031
FILLER_80_211,VSS,Metal1,125.4400,329.2800,0.000031
FILLER_80_203,VSS,Metal1,122.1330,329.7415,0.000032
FILLER_80_187,VSS,Metal1,115.3120,329.8280,0.000033
FILLER_80_177,VSS,Metal1,106.4000,329.2800,0.000033
FILLER_80_174,VSS,Metal1,104.4400,329.2800,0.000033
FILLER_80_172,VSS,Metal1,103.6000,329.2800,0.000033
FILLER_80_162,VSS,Metal1,98.1800,329.6285,0.000034
FILLER_80_149,VSS,Metal1,90.9000,329.6285,0.000035
FILLER_80_135,VSS,Metal1,83.0600,329.6285,0.000036
FILLER_80_119,VSS,Metal1,73.9200,329.2800,0.000036
FILLER_80_115,VSS,Metal1,71.8600,329.6285,0.000036
FILLER_80_107,VSS,Metal1,68.3730,329.7415,0.000036
FILLER_80_93,VSS,Metal1,59.3600,329.2800,0.000038
FILLER_80_89,VSS,Metal1,57.3000,329.6285,0.000038
FILLER_80_31,VSS,Metal1,24.8200,329.6285,0.000040
FILLER_79_416,VSS,Metal1,240.4200,328.9310,0.000026
FILLER_79_376,VSS,Metal1,217.5600,329.2800,0.000026
FILLER_79_372,VSS,Metal1,215.7800,328.9310,0.000026
FILLER_79_320,VSS,Metal1,186.2000,329.2800,0.000025
FILLER_79_312,VSS,Metal1,182.0000,329.2800,0.000025
FILLER_79_305,VSS,Metal1,177.8000,329.2800,0.000025
FILLER_79_274,VSS,Metal1,160.7200,329.2800,0.000026
FILLER_79_263,VSS,Metal1,154.5600,329.2800,0.000027
FILLER_79_259,VSS,Metal1,152.5000,328.9310,0.000027
FILLER_79_251,VSS,Metal1,149.0130,328.8180,0.000028
FILLER_79_233,VSS,Metal1,137.4800,329.2800,0.000029
FILLER_79_229,VSS,Metal1,135.7000,328.9310,0.000029
FILLER_79_219,VSS,Metal1,129.6400,329.2800,0.000030
FILLER_79_217,VSS,Metal1,128.8000,329.2800,0.000030
FILLER_79_208,VSS,Metal1,123.7600,329.2800,0.000032
FILLER_79_204,VSS,Metal1,121.7000,328.9310,0.000032
FILLER_79_196,VSS,Metal1,118.2130,328.8180,0.000033
FILLER_79_166,VSS,Metal1,99.9600,329.2800,0.000034
FILLER_79_164,VSS,Metal1,99.1200,329.2800,0.000034
FILLER_79_160,VSS,Metal1,97.0600,328.9310,0.000034
FILLER_79_152,VSS,Metal1,93.5730,328.8180,0.000035
FILLER_79_142,VSS,Metal1,86.5200,329.2800,0.000035
FILLER_79_139,VSS,Metal1,84.8400,329.2800,0.000036
FILLER_79_137,VSS,Metal1,84.0000,329.2800,0.000036
FILLER_79_105,VSS,Metal1,73.8040,328.6820,0.000036
FILLER_79_96,VSS,Metal1,61.2200,328.9310,0.000037
FILLER_79_88,VSS,Metal1,57.7330,328.8180,0.000038
FILLER_79_72,VSS,Metal1,50.9120,328.7320,0.000040
FILLER_79_65,VSS,Metal1,43.4000,329.2800,0.000040
FILLER_79_20,VSS,Metal1,18.2000,329.2800,0.000040
FILLER_79_18,VSS,Metal1,17.3600,329.2800,0.000040
FILLER_78_395,VSS,Metal1,228.4800,321.4400,0.000035
FILLER_78_384,VSS,Metal1,222.0400,321.4400,0.000035
FILLER_78_382,VSS,Metal1,221.2000,321.4400,0.000035
FILLER_78_378,VSS,Metal1,219.1400,321.7885,0.000035
FILLER_78_303,VSS,Metal1,177.1400,321.7885,0.000035
FILLER_78_297,VSS,Metal1,173.6000,321.4400,0.000035
FILLER_78_287,VSS,Metal1,167.7200,321.4400,0.000035
FILLER_78_280,VSS,Metal1,163.8000,321.4400,0.000037
FILLER_78_278,VSS,Metal1,162.9600,321.4400,0.000037
FILLER_78_269,VSS,Metal1,157.6400,321.4400,0.000038
FILLER_78_265,VSS,Metal1,155.8600,321.7885,0.000039
FILLER_78_253,VSS,Metal1,148.9600,321.4400,0.000040
FILLER_78_237,VSS,Metal1,141.1730,321.9015,0.000040
FILLER_78_210,VSS,Metal1,124.8800,321.4400,0.000040
FILLER_78_201,VSS,Metal1,119.5600,321.4400,0.000039
FILLER_78_185,VSS,Metal1,114.1920,321.9880,0.000039
FILLER_78_166,VSS,Metal1,99.9600,321.4400,0.000038
FILLER_78_164,VSS,Metal1,99.1200,321.4400,0.000038
FILLER_78_132,VSS,Metal1,88.9240,322.0375,0.000038
FILLER_78_92,VSS,Metal1,58.5200,321.4400,0.000037
FILLER_78_90,VSS,Metal1,57.6800,321.4400,0.000037
FILLER_78_82,VSS,Metal1,54.3730,321.9015,0.000037
FILLER_78_66,VSS,Metal1,47.5520,321.9880,0.000036
FILLER_78_56,VSS,Metal1,38.6400,321.4400,0.000033
FILLER_78_52,VSS,Metal1,36.5800,321.7885,0.000033
FILLER_78_24,VSS,Metal1,20.4400,321.4400,0.000032
FILLER_78_22,VSS,Metal1,19.6000,321.4400,0.000032
FILLER_78_18,VSS,Metal1,17.5400,321.7885,0.000032
FILLER_77_422,VSS,Metal1,243.7800,321.0910,0.000035
FILLER_77_340,VSS,Metal1,197.6800,321.4400,0.000035
FILLER_77_279,VSS,Metal1,163.2400,321.4400,0.000037
FILLER_77_275,VSS,Metal1,161.4600,321.0910,0.000037
FILLER_77_267,VSS,Metal1,157.9730,320.9780,0.000038
FILLER_77_187,VSS,Metal1,112.0000,321.4400,0.000039
FILLER_77_183,VSS,Metal1,109.9400,321.0910,0.000038
FILLER_77_151,VSS,Metal1,99.5640,320.8420,0.000038
FILLER_77_146,VSS,Metal1,88.7600,321.4400,0.000038
FILLER_77_142,VSS,Metal1,86.9800,321.0910,0.000038
FILLER_77_138,VSS,Metal1,84.5600,321.4400,0.000038
FILLER_77_130,VSS,Metal1,81.2530,320.9780,0.000038
FILLER_77_116,VSS,Metal1,71.9600,321.4400,0.000037
FILLER_77_114,VSS,Metal1,71.1200,321.4400,0.000037
FILLER_77_84,VSS,Metal1,54.0400,321.4400,0.000037
FILLER_77_82,VSS,Metal1,53.2000,321.4400,0.000037
FILLER_77_72,VSS,Metal1,47.6000,321.4400,0.000036
FILLER_77_69,VSS,Metal1,45.6400,321.4400,0.000036
FILLER_77_65,VSS,Metal1,43.8600,321.0910,0.000036
FILLER_77_57,VSS,Metal1,40.3730,320.9780,0.000035
FILLER_77_51,VSS,Metal1,35.8400,321.4400,0.000032
FILLER_77_21,VSS,Metal1,18.7600,321.4400,0.000032
FILLER_77_19,VSS,Metal1,17.9200,321.4400,0.000032
FILLER_77_2,VSS,Metal1,8.1200,321.4400,0.000032
FILLER_76_387,VSS,Metal1,224.1800,313.9485,0.000023
FILLER_76_296,VSS,Metal1,172.7600,313.6000,0.000021
FILLER_76_281,VSS,Metal1,164.3600,313.6000,0.000024
FILLER_76_279,VSS,Metal1,163.5200,313.6000,0.000024
FILLER_76_256,VSS,Metal1,150.3600,313.6000,0.000024
FILLER_76_254,VSS,Metal1,149.5200,313.6000,0.000024
FILLER_76_181,VSS,Metal1,108.3600,313.6000,0.000025
FILLER_76_177,VSS,Metal1,106.5800,313.9485,0.000025
FILLER_76_171,VSS,Metal1,103.2200,313.9485,0.000025
FILLER_76_163,VSS,Metal1,99.7330,314.0615,0.000025
FILLER_76_133,VSS,Metal1,81.4800,313.6000,0.000025
FILLER_76_131,VSS,Metal1,80.6400,313.6000,0.000024
FILLER_76_127,VSS,Metal1,78.5800,313.9485,0.000024
FILLER_76_107,VSS,Metal1,67.3800,313.9485,0.000023
FILLER_76_93,VSS,Metal1,59.3600,313.6000,0.000021
FILLER_76_89,VSS,Metal1,57.3000,313.9485,0.000021
FILLER_76_62,VSS,Metal1,43.1730,314.0615,0.000020
FILLER_76_28,VSS,Metal1,22.6800,313.6000,0.000019
FILLER_76_4,VSS,Metal1,9.2400,313.6000,0.000019
FILLER_76_2,VSS,Metal1,8.4000,313.6000,0.000019
FILLER_75_422,VSS,Metal1,243.7800,313.2510,0.000023
FILLER_75_411,VSS,Metal1,237.1600,313.6000,0.000023
FILLER_75_409,VSS,Metal1,236.3200,313.6000,0.000023
FILLER_75_343,VSS,Metal1,199.0800,313.6000,0.000021
FILLER_75_327,VSS,Metal1,190.4000,313.6000,0.000021
FILLER_75_282,VSS,Metal1,166.3730,313.1380,0.000024
FILLER_75_276,VSS,Metal1,162.0200,313.2510,0.000024
FILLER_75_268,VSS,Metal1,158.5330,313.1380,0.000024
FILLER_75_248,VSS,Metal1,146.1600,313.6000,0.000025
FILLER_75_216,VSS,Metal1,127.9600,313.6000,0.000025
FILLER_75_212,VSS,Metal1,126.1800,313.2510,0.000025
FILLER_75_179,VSS,Metal1,107.5200,313.6000,0.000025
FILLER_75_166,VSS,Metal1,99.9600,313.6000,0.000025
FILLER_75_162,VSS,Metal1,98.1800,313.2510,0.000025
FILLER_75_131,VSS,Metal1,80.3600,313.6000,0.000024
FILLER_75_129,VSS,Metal1,79.5200,313.6000,0.000024
FILLER_75_61,VSS,Metal1,41.1600,313.6000,0.000019
FILLER_75_31,VSS,Metal1,24.3600,313.6000,0.000019
FILLER_74_424,VSS,Metal1,244.7200,305.7600,0.000035
FILLER_74_416,VSS,Metal1,241.4130,306.2215,0.000035
FILLER_74_321,VSS,Metal1,186.7600,305.7600,0.000034
FILLER_74_314,VSS,Metal1,182.8400,305.7600,0.000032
FILLER_74_312,VSS,Metal1,182.0000,305.7600,0.000032
FILLER_74_301,VSS,Metal1,175.5600,305.7600,0.000032
FILLER_74_299,VSS,Metal1,174.7200,305.7600,0.000032
FILLER_74_295,VSS,Metal1,172.6600,306.1085,0.000032
FILLER_74_288,VSS,Metal1,168.2800,305.7600,0.000032
FILLER_74_286,VSS,Metal1,167.4400,305.7600,0.000032
FILLER_74_282,VSS,Metal1,165.3800,306.1085,0.000032
FILLER_74_266,VSS,Metal1,157.4130,306.2215,0.000032
FILLER_74_257,VSS,Metal1,150.9200,305.7600,0.000032
FILLER_74_244,VSS,Metal1,143.6400,305.7600,0.000032
FILLER_74_236,VSS,Metal1,140.6130,306.2215,0.000032
FILLER_74_177,VSS,Metal1,106.1200,305.7600,0.000032
FILLER_74_166,VSS,Metal1,99.9600,305.7600,0.000032
FILLER_74_162,VSS,Metal1,98.1800,306.1085,0.000032
FILLER_74_129,VSS,Metal1,79.7000,306.1085,0.000030
FILLER_74_115,VSS,Metal1,71.6800,305.7600,0.000030
FILLER_74_107,VSS,Metal1,68.3730,306.2215,0.000030
FILLER_74_89,VSS,Metal1,60.4320,306.3080,0.000028
FILLER_74_34,VSS,Metal1,26.0400,305.7600,0.000027
FILLER_74_32,VSS,Metal1,25.2000,305.7600,0.000027
FILLER_74_22,VSS,Metal1,19.3200,305.7600,0.000027
FILLER_74_20,VSS,Metal1,18.4800,305.7600,0.000027
FILLER_74_16,VSS,Metal1,16.4200,306.1085,0.000027
FILLER_74_4,VSS,Metal1,9.2400,305.7600,0.000027
FILLER_74_2,VSS,Metal1,8.4000,305.7600,0.000027
FILLER_73_422,VSS,Metal1,243.7800,305.4110,0.000035
FILLER_73_393,VSS,Metal1,227.3600,305.7600,0.000035
FILLER_73_363,VSS,Metal1,210.2800,305.7600,0.000035
FILLER_73_359,VSS,Metal1,208.5000,305.4110,0.000035
FILLER_73_349,VSS,Metal1,202.4400,305.7600,0.000034
FILLER_73_316,VSS,Metal1,183.9600,305.7600,0.000033
FILLER_73_314,VSS,Metal1,183.1200,305.7600,0.000032
FILLER_73_298,VSS,Metal1,177.4720,305.2120,0.000032
FILLER_73_261,VSS,Metal1,153.1600,305.7600,0.000032
FILLER_73_254,VSS,Metal1,149.2400,305.7600,0.000032
FILLER_73_248,VSS,Metal1,146.1600,305.7600,0.000032
FILLER_73_232,VSS,Metal1,140.5120,305.2120,0.000032
FILLER_73_221,VSS,Metal1,131.0400,305.7600,0.000032
FILLER_73_194,VSS,Metal1,115.6400,305.7600,0.000032
FILLER_73_192,VSS,Metal1,114.8000,305.7600,0.000032
FILLER_73_188,VSS,Metal1,112.7400,305.4110,0.000032
FILLER_73_157,VSS,Metal1,95.2000,305.7600,0.000031
FILLER_73_139,VSS,Metal1,84.8400,305.7600,0.000031
FILLER_73_137,VSS,Metal1,84.0000,305.7600,0.000031
FILLER_73_133,VSS,Metal1,81.9400,305.4110,0.000031
FILLER_73_124,VSS,Metal1,76.4400,305.7600,0.000030
FILLER_73_120,VSS,Metal1,74.6600,305.4110,0.000030
FILLER_73_111,VSS,Metal1,69.1600,305.7600,0.000030
FILLER_73_107,VSS,Metal1,67.3800,305.4110,0.000030
FILLER_73_93,VSS,Metal1,59.3600,305.7600,0.000028
FILLER_73_84,VSS,Metal1,54.0400,305.7600,0.000028
FILLER_73_80,VSS,Metal1,52.2600,305.4110,0.000028
FILLER_73_72,VSS,Metal1,48.7730,305.2980,0.000028
FILLER_73_69,VSS,Metal1,45.6400,305.7600,0.000028
FILLER_73_65,VSS,Metal1,43.8600,305.4110,0.000028
FILLER_73_52,VSS,Metal1,36.1200,305.7600,0.000027
FILLER_73_22,VSS,Metal1,19.3200,305.7600,0.000027
FILLER_73_18,VSS,Metal1,17.5400,305.4110,0.000027
FILLER_73_10,VSS,Metal1,14.0530,305.2980,0.000027
FILLER_72_425,VSS,Metal1,245.0000,297.9200,0.000089
FILLER_72_377,VSS,Metal1,218.4000,297.9200,0.000070
FILLER_72_325,VSS,Metal1,189.0000,297.9200,0.000070
FILLER_72_317,VSS,Metal1,185.9730,298.3815,0.000070
FILLER_72_314,VSS,Metal1,182.8400,297.9200,0.000063
FILLER_72_312,VSS,Metal1,182.0000,297.9200,0.000063
FILLER_72_308,VSS,Metal1,179.9400,298.2685,0.000062
FILLER_72_292,VSS,Metal1,174.1120,298.4680,0.000063
FILLER_72_247,VSS,Metal1,148.9120,298.4680,0.000063
FILLER_72_244,VSS,Metal1,143.6400,297.9200,0.000063
FILLER_72_240,VSS,Metal1,141.8600,298.2685,0.000063
FILLER_72_226,VSS,Metal1,133.8400,297.9200,0.000063
FILLER_72_219,VSS,Metal1,129.6400,297.9200,0.000063
FILLER_72_217,VSS,Metal1,128.8000,297.9200,0.000063
FILLER_72_209,VSS,Metal1,125.4930,298.3815,0.000063
FILLER_72_177,VSS,Metal1,114.1240,298.5175,0.000063
FILLER_72_161,VSS,Metal1,97.4400,297.9200,0.000062
FILLER_72_157,VSS,Metal1,95.3800,298.2685,0.000062
FILLER_72_149,VSS,Metal1,91.8930,298.3815,0.000062
FILLER_72_137,VSS,Metal1,84.1800,298.2685,0.000062
FILLER_72_107,VSS,Metal1,66.9200,297.9200,0.000061
FILLER_72_72,VSS,Metal1,48.7730,298.3815,0.000057
FILLER_72_56,VSS,Metal1,41.9520,298.4680,0.000054
FILLER_72_49,VSS,Metal1,34.7200,297.9200,0.000054
FILLER_72_45,VSS,Metal1,32.6600,298.2685,0.000051
FILLER_72_2,VSS,Metal1,9.5730,298.3815,0.000051
FILLER_71_422,VSS,Metal1,243.7800,297.5710,0.000089
FILLER_71_419,VSS,Metal1,241.6400,297.9200,0.000089
FILLER_71_417,VSS,Metal1,240.8000,297.9200,0.000089
FILLER_71_401,VSS,Metal1,231.5600,297.9200,0.000089
FILLER_71_349,VSS,Metal1,202.4400,297.9200,0.000070
FILLER_71_345,VSS,Metal1,200.6600,297.5710,0.000070
FILLER_71_314,VSS,Metal1,183.1200,297.9200,0.000063
FILLER_71_282,VSS,Metal1,172.9240,297.3220,0.000063
FILLER_71_270,VSS,Metal1,158.4800,297.9200,0.000063
FILLER_71_262,VSS,Metal1,155.1730,297.4580,0.000063
FILLER_71_246,VSS,Metal1,148.3520,297.3720,0.000063
FILLER_71_203,VSS,Metal1,120.6800,297.9200,0.000063
FILLER_71_201,VSS,Metal1,119.8400,297.9200,0.000063
FILLER_71_197,VSS,Metal1,117.7800,297.5710,0.000063
FILLER_71_189,VSS,Metal1,114.2930,297.4580,0.000063
FILLER_71_158,VSS,Metal1,95.7600,297.9200,0.000062
FILLER_71_142,VSS,Metal1,90.1120,297.3720,0.000062
FILLER_71_136,VSS,Metal1,83.6200,297.5710,0.000062
FILLER_71_128,VSS,Metal1,80.1330,297.4580,0.000061
FILLER_71_84,VSS,Metal1,54.3200,297.9200,0.000061
FILLER_71_80,VSS,Metal1,52.2600,297.5710,0.000059
FILLER_71_68,VSS,Metal1,45.3600,297.9200,0.000054
FILLER_71_64,VSS,Metal1,43.3000,297.5710,0.000054
FILLER_71_48,VSS,Metal1,37.4720,297.3720,0.000054
FILLER_71_22,VSS,Metal1,19.3200,297.9200,0.000051
FILLER_71_6,VSS,Metal1,13.9520,297.3720,0.000051
FILLER_70_395,VSS,Metal1,228.4800,290.0800,0.000025
FILLER_70_358,VSS,Metal1,207.7600,290.0800,0.000025
FILLER_70_317,VSS,Metal1,184.8000,290.0800,0.000023
FILLER_70_308,VSS,Metal1,179.4800,290.0800,0.000024
FILLER_70_306,VSS,Metal1,178.6400,290.0800,0.000024
FILLER_70_302,VSS,Metal1,176.5800,290.4285,0.000024
FILLER_70_296,VSS,Metal1,173.0400,290.0800,0.000025
FILLER_70_288,VSS,Metal1,169.7330,290.5415,0.000026
FILLER_70_270,VSS,Metal1,158.4800,290.0800,0.000028
FILLER_70_254,VSS,Metal1,152.8320,290.6280,0.000028
FILLER_70_247,VSS,Metal1,145.3200,290.0800,0.000028
FILLER_70_230,VSS,Metal1,135.8000,290.0800,0.000030
FILLER_70_193,VSS,Metal1,115.3600,290.0800,0.000030
FILLER_70_177,VSS,Metal1,109.7120,290.6280,0.000030
FILLER_70_166,VSS,Metal1,99.9600,290.0800,0.000031
FILLER_70_150,VSS,Metal1,94.5920,290.6280,0.000031
FILLER_70_140,VSS,Metal1,85.6800,290.0800,0.000031
FILLER_70_136,VSS,Metal1,83.6200,290.4285,0.000031
FILLER_70_104,VSS,Metal1,65.2400,290.0800,0.000032
FILLER_70_93,VSS,Metal1,59.0800,290.0800,0.000032
FILLER_70_55,VSS,Metal1,37.8000,290.0800,0.000028
FILLER_70_53,VSS,Metal1,36.9600,290.0800,0.000028
FILLER_70_37,VSS,Metal1,31.3120,290.6280,0.000027
FILLER_70_31,VSS,Metal1,24.8200,290.4285,0.000027
FILLER_69_422,VSS,Metal1,243.7800,289.7310,0.000025
FILLER_69_419,VSS,Metal1,241.6400,290.0800,0.000025
FILLER_69_415,VSS,Metal1,239.8600,289.7310,0.000025
FILLER_69_341,VSS,Metal1,197.9600,290.0800,0.000025
FILLER_69_326,VSS,Metal1,189.5600,290.0800,0.000024
FILLER_69_317,VSS,Metal1,184.5200,290.0800,0.000023
FILLER_69_301,VSS,Metal1,175.8400,290.0800,0.000024
FILLER_69_293,VSS,Metal1,172.5330,289.6180,0.000025
FILLER_69_270,VSS,Metal1,158.2000,290.0800,0.000028
FILLER_69_262,VSS,Metal1,155.1730,289.6180,0.000028
FILLER_69_214,VSS,Metal1,126.8400,290.0800,0.000030
FILLER_69_212,VSS,Metal1,126.0000,290.0800,0.000030
FILLER_69_183,VSS,Metal1,109.7600,290.0800,0.000030
FILLER_69_179,VSS,Metal1,107.7000,289.7310,0.000030
FILLER_69_171,VSS,Metal1,104.2130,289.6180,0.000031
FILLER_69_155,VSS,Metal1,97.3920,289.5320,0.000031
FILLER_69_142,VSS,Metal1,86.5200,290.0800,0.000031
FILLER_69_139,VSS,Metal1,84.8400,290.0800,0.000031
FILLER_69_135,VSS,Metal1,83.0600,289.7310,0.000031
FILLER_69_127,VSS,Metal1,79.5730,289.6180,0.000032
FILLER_69_115,VSS,Metal1,72.8530,289.6180,0.000032
FILLER_69_72,VSS,Metal1,47.6000,290.0800,0.000031
FILLER_69_60,VSS,Metal1,40.8800,290.0800,0.000028
FILLER_69_51,VSS,Metal1,35.5600,290.0800,0.000027
FILLER_69_49,VSS,Metal1,34.7200,290.0800,0.000027
FILLER_69_6,VSS,Metal1,10.3600,290.0800,0.000027
FILLER_68_425,VSS,Metal1,245.0000,282.2400,0.000054
FILLER_68_421,VSS,Metal1,243.2200,282.5885,0.000054
FILLER_68_406,VSS,Metal1,234.8200,282.5885,0.000054
FILLER_68_384,VSS,Metal1,222.0400,282.2400,0.000054
FILLER_68_368,VSS,Metal1,213.3600,282.2400,0.000054
FILLER_68_317,VSS,Metal1,184.5200,282.2400,0.000054
FILLER_68_313,VSS,Metal1,182.5600,282.2400,0.000050
FILLER_68_280,VSS,Metal1,164.2600,282.5885,0.000050
FILLER_68_197,VSS,Metal1,117.6000,282.2400,0.000050
FILLER_68_193,VSS,Metal1,115.5400,282.5885,0.000050
FILLER_68_177,VSS,Metal1,109.7120,282.7880,0.000050
FILLER_68_165,VSS,Metal1,99.6800,282.2400,0.000050
FILLER_68_121,VSS,Metal1,74.7600,282.2400,0.000048
FILLER_68_119,VSS,Metal1,73.9200,282.2400,0.000048
FILLER_68_115,VSS,Metal1,71.8600,282.5885,0.000048
FILLER_68_107,VSS,Metal1,68.3730,282.7015,0.000048
FILLER_68_103,VSS,Metal1,64.9600,282.2400,0.000046
FILLER_68_66,VSS,Metal1,45.4130,282.7015,0.000039
FILLER_68_41,VSS,Metal1,29.9600,282.2400,0.000036
FILLER_68_37,VSS,Metal1,28.1800,282.5885,0.000036
FILLER_68_31,VSS,Metal1,24.8200,282.5885,0.000033
FILLER_67_422,VSS,Metal1,243.7800,281.8910,0.000054
FILLER_67_366,VSS,Metal1,212.4200,281.8910,0.000054
FILLER_67_349,VSS,Metal1,202.4400,282.2400,0.000054
FILLER_67_284,VSS,Metal1,166.0400,282.2400,0.000050
FILLER_67_282,VSS,Metal1,165.2000,282.2400,0.000050
FILLER_67_276,VSS,Metal1,162.0200,281.8910,0.000050
FILLER_67_254,VSS,Metal1,149.2400,282.2400,0.000051
FILLER_67_212,VSS,Metal1,126.1800,281.8910,0.000050
FILLER_67_206,VSS,Metal1,122.8200,281.8910,0.000050
FILLER_67_142,VSS,Metal1,86.5200,282.2400,0.000050
FILLER_67_138,VSS,Metal1,84.5600,282.2400,0.000050
FILLER_67_130,VSS,Metal1,81.2530,281.7780,0.000050
FILLER_67_120,VSS,Metal1,74.4800,282.2400,0.000048
FILLER_67_104,VSS,Metal1,68.8320,281.6920,0.000048
FILLER_67_72,VSS,Metal1,55.3240,281.6420,0.000046
FILLER_67_35,VSS,Metal1,26.8800,282.2400,0.000035
FILLER_67_31,VSS,Metal1,24.8200,281.8910,0.000033
FILLER_66_375,VSS,Metal1,217.0000,274.4000,0.000051
FILLER_66_327,VSS,Metal1,190.5800,274.7485,0.000051
FILLER_66_313,VSS,Metal1,182.5600,274.4000,0.000050
FILLER_66_277,VSS,Metal1,162.1200,274.4000,0.000050
FILLER_66_273,VSS,Metal1,160.3400,274.7485,0.000050
FILLER_66_267,VSS,Metal1,156.5200,274.4000,0.000050
FILLER_66_244,VSS,Metal1,143.6400,274.4000,0.000050
FILLER_66_235,VSS,Metal1,138.6000,274.4000,0.000049
FILLER_66_231,VSS,Metal1,136.8200,274.7485,0.000049
FILLER_66_198,VSS,Metal1,118.3400,274.7485,0.000047
FILLER_66_181,VSS,Metal1,108.6400,274.4000,0.000047
FILLER_66_145,VSS,Metal1,88.2000,274.4000,0.000042
FILLER_66_143,VSS,Metal1,87.3600,274.4000,0.000042
FILLER_66_135,VSS,Metal1,84.0530,274.8615,0.000041
FILLER_66_103,VSS,Metal1,64.9600,274.4000,0.000039
FILLER_66_99,VSS,Metal1,62.9000,274.7485,0.000039
FILLER_66_67,VSS,Metal1,52.5240,274.9975,0.000038
FILLER_66_37,VSS,Metal1,27.7200,274.4000,0.000036
FILLER_66_34,VSS,Metal1,26.0400,274.4000,0.000036
FILLER_66_26,VSS,Metal1,23.0130,274.8615,0.000037
FILLER_66_14,VSS,Metal1,16.2930,274.8615,0.000037
FILLER_66_2,VSS,Metal1,8.5800,274.7485,0.000037
FILLER_65_422,VSS,Metal1,243.7800,274.0510,0.000051
FILLER_65_361,VSS,Metal1,209.1600,274.4000,0.000051
FILLER_65_346,VSS,Metal1,201.2200,274.0510,0.000051
FILLER_65_282,VSS,Metal1,164.9200,274.4000,0.000050
FILLER_65_279,VSS,Metal1,163.2400,274.4000,0.000050
FILLER_65_277,VSS,Metal1,162.4000,274.4000,0.000050
FILLER_65_273,VSS,Metal1,160.3400,274.0510,0.000050
FILLER_65_265,VSS,Metal1,156.8530,273.9380,0.000050
FILLER_65_235,VSS,Metal1,138.6000,274.4000,0.000049
FILLER_65_233,VSS,Metal1,137.7600,274.4000,0.000049
FILLER_65_229,VSS,Metal1,135.7000,274.0510,0.000049
FILLER_65_212,VSS,Metal1,126.0000,274.4000,0.000048
FILLER_65_209,VSS,Metal1,124.0400,274.4000,0.000048
FILLER_65_207,VSS,Metal1,123.2000,274.4000,0.000048
FILLER_65_176,VSS,Metal1,105.8400,274.4000,0.000046
FILLER_65_172,VSS,Metal1,103.7800,274.0510,0.000045
FILLER_65_142,VSS,Metal1,86.5200,274.4000,0.000042
FILLER_65_139,VSS,Metal1,84.8400,274.4000,0.000041
FILLER_65_135,VSS,Metal1,83.0600,274.0510,0.000041
FILLER_65_119,VSS,Metal1,77.2320,273.8520,0.000040
FILLER_65_105,VSS,Metal1,65.8000,274.4000,0.000039
FILLER_65_92,VSS,Metal1,58.8000,274.4000,0.000038
FILLER_65_88,VSS,Metal1,56.7400,274.0510,0.000038
FILLER_65_72,VSS,Metal1,50.9120,273.8520,0.000038
FILLER_65_54,VSS,Metal1,40.8320,273.8520,0.000037
FILLER_65_8,VSS,Metal1,11.4800,274.4000,0.000037
FILLER_65_6,VSS,Metal1,10.6400,274.4000,0.000037
FILLER_65_2,VSS,Metal1,8.5800,274.0510,0.000037
FILLER_64_425,VSS,Metal1,245.0000,266.5600,0.000047
FILLER_64_309,VSS,Metal1,180.0400,266.5600,0.000043
FILLER_64_301,VSS,Metal1,177.0130,267.0215,0.000043
FILLER_64_291,VSS,Metal1,170.2400,266.5600,0.000043
FILLER_64_287,VSS,Metal1,168.1800,266.9085,0.000043
FILLER_64_279,VSS,Metal1,164.6930,267.0215,0.000042
FILLER_64_247,VSS,Metal1,153.3240,267.1575,0.000042
FILLER_64_237,VSS,Metal1,141.1730,267.0215,0.000042
FILLER_64_177,VSS,Metal1,106.5800,266.9085,0.000038
FILLER_64_174,VSS,Metal1,104.4400,266.5600,0.000037
FILLER_64_170,VSS,Metal1,102.6600,266.9085,0.000037
FILLER_64_161,VSS,Metal1,97.1600,266.5600,0.000036
FILLER_64_159,VSS,Metal1,96.3200,266.5600,0.000036
FILLER_64_155,VSS,Metal1,94.2600,266.9085,0.000036
FILLER_64_147,VSS,Metal1,90.7730,267.0215,0.000035
FILLER_64_115,VSS,Metal1,79.4040,267.1575,0.000035
FILLER_64_104,VSS,Metal1,65.2400,266.5600,0.000034
FILLER_64_100,VSS,Metal1,63.4600,266.9085,0.000033
FILLER_64_82,VSS,Metal1,53.3800,266.9085,0.000031
FILLER_64_71,VSS,Metal1,47.0400,266.5600,0.000028
FILLER_64_63,VSS,Metal1,43.7330,267.0215,0.000027
FILLER_64_47,VSS,Metal1,36.9120,267.1080,0.000027
FILLER_63_422,VSS,Metal1,243.7800,266.2110,0.000047
FILLER_63_286,VSS,Metal1,175.1640,265.9620,0.000043
FILLER_63_279,VSS,Metal1,163.2400,266.5600,0.000042
FILLER_63_273,VSS,Metal1,159.8800,266.5600,0.000042
FILLER_63_265,VSS,Metal1,156.8530,266.0980,0.000042
FILLER_63_258,VSS,Metal1,151.4800,266.5600,0.000042
FILLER_63_256,VSS,Metal1,150.6400,266.5600,0.000042
FILLER_63_252,VSS,Metal1,148.5800,266.2110,0.000042
FILLER_63_244,VSS,Metal1,145.0930,266.0980,0.000042
FILLER_63_212,VSS,Metal1,125.7200,266.5600,0.000040
FILLER_63_209,VSS,Metal1,124.0400,266.5600,0.000039
FILLER_63_207,VSS,Metal1,123.2000,266.5600,0.000039
FILLER_63_188,VSS,Metal1,112.5600,266.5600,0.000039
FILLER_63_177,VSS,Metal1,106.4000,266.5600,0.000038
FILLER_63_169,VSS,Metal1,103.0930,266.0980,0.000037
FILLER_63_154,VSS,Metal1,93.2400,266.5600,0.000035
FILLER_63_150,VSS,Metal1,91.4600,266.2110,0.000035
FILLER_63_142,VSS,Metal1,86.8000,266.5600,0.000035
FILLER_63_139,VSS,Metal1,84.8400,266.5600,0.000035
FILLER_63_137,VSS,Metal1,84.0000,266.5600,0.000035
FILLER_63_129,VSS,Metal1,80.6930,266.0980,0.000035
FILLER_63_110,VSS,Metal1,69.0600,266.2110,0.000034
FILLER_63_99,VSS,Metal1,62.4400,266.5600,0.000032
FILLER_63_97,VSS,Metal1,61.6000,266.5600,0.000032
FILLER_63_93,VSS,Metal1,59.5400,266.2110,0.000032
FILLER_63_72,VSS,Metal1,47.7800,266.2110,0.000029
FILLER_63_6,VSS,Metal1,10.3600,266.5600,0.000027
FILLER_62_377,VSS,Metal1,218.4000,258.7200,0.000023
FILLER_62_367,VSS,Metal1,212.9800,259.0685,0.000023
FILLER_62_337,VSS,Metal1,195.7200,258.7200,0.000023
FILLER_62_300,VSS,Metal1,175.4600,259.0685,0.000022
FILLER_62_274,VSS,Metal1,160.4400,258.7200,0.000022
FILLER_62_272,VSS,Metal1,159.6000,258.7200,0.000022
FILLER_62_268,VSS,Metal1,157.5400,259.0685,0.000022
FILLER_62_260,VSS,Metal1,154.0530,259.1815,0.000022
FILLER_62_247,VSS,Metal1,146.7730,259.1815,0.000023
FILLER_62_243,VSS,Metal1,143.3600,258.7200,0.000023
FILLER_62_239,VSS,Metal1,141.3000,259.0685,0.000023
FILLER_62_177,VSS,Metal1,106.4000,258.7200,0.000023
FILLER_62_159,VSS,Metal1,96.5000,259.0685,0.000023
FILLER_62_149,VSS,Metal1,90.7200,258.7200,0.000022
FILLER_62_141,VSS,Metal1,85.9600,258.7200,0.000022
FILLER_62_109,VSS,Metal1,68.0400,258.7200,0.000021
FILLER_62_107,VSS,Metal1,67.2000,258.7200,0.000021
FILLER_62_104,VSS,Metal1,65.2400,258.7200,0.000021
FILLER_62_92,VSS,Metal1,58.5200,258.7200,0.000020
FILLER_62_77,VSS,Metal1,50.1200,258.7200,0.000018
FILLER_62_75,VSS,Metal1,49.2800,258.7200,0.000018
FILLER_62_50,VSS,Metal1,35.2800,258.7200,0.000017
FILLER_62_46,VSS,Metal1,33.2200,259.0685,0.000017
FILLER_62_31,VSS,Metal1,24.8200,259.0685,0.000016
FILLER_61_422,VSS,Metal1,243.7800,258.3710,0.000023
FILLER_61_418,VSS,Metal1,241.3600,258.7200,0.000023
FILLER_61_410,VSS,Metal1,238.0530,258.2580,0.000023
FILLER_61_352,VSS,Metal1,204.5800,258.3710,0.000023
FILLER_61_305,VSS,Metal1,177.8000,258.7200,0.000021
FILLER_61_303,VSS,Metal1,176.9600,258.7200,0.000021
FILLER_61_295,VSS,Metal1,172.2000,258.7200,0.000022
FILLER_61_279,VSS,Metal1,163.2400,258.7200,0.000022
FILLER_61_277,VSS,Metal1,162.4000,258.7200,0.000022
FILLER_61_267,VSS,Metal1,156.8000,258.7200,0.000022
FILLER_61_212,VSS,Metal1,125.7200,258.7200,0.000023
FILLER_61_206,VSS,Metal1,122.8200,258.3710,0.000023
FILLER_61_138,VSS,Metal1,84.5600,258.7200,0.000022
FILLER_61_92,VSS,Metal1,58.5200,258.7200,0.000020
FILLER_61_88,VSS,Metal1,56.7400,258.3710,0.000020
FILLER_61_76,VSS,Metal1,49.5600,258.7200,0.000018
FILLER_61_72,VSS,Metal1,47.7800,258.3710,0.000018
FILLER_61_54,VSS,Metal1,40.8320,258.1720,0.000018
FILLER_61_44,VSS,Metal1,31.6400,258.7200,0.000017
FILLER_61_20,VSS,Metal1,18.2000,258.7200,0.000016
FILLER_61_18,VSS,Metal1,17.3600,258.7200,0.000016
FILLER_60_425,VSS,Metal1,245.0000,250.8800,0.000073
FILLER_60_423,VSS,Metal1,244.1600,250.8800,0.000073
FILLER_60_419,VSS,Metal1,242.1000,251.2285,0.000073
FILLER_60_381,VSS,Metal1,220.8200,251.2285,0.000073
FILLER_60_317,VSS,Metal1,184.8000,250.8800,0.000072
FILLER_60_299,VSS,Metal1,174.9000,251.2285,0.000072
FILLER_60_262,VSS,Metal1,154.0000,250.8800,0.000080
FILLER_60_258,VSS,Metal1,151.9400,251.2285,0.000080
FILLER_60_177,VSS,Metal1,106.5800,251.2285,0.000079
FILLER_60_174,VSS,Metal1,104.4400,250.8800,0.000076
FILLER_60_136,VSS,Metal1,83.1600,250.8800,0.000069
FILLER_60_134,VSS,Metal1,82.3200,250.8800,0.000069
FILLER_60_115,VSS,Metal1,71.4000,250.8800,0.000065
FILLER_60_107,VSS,Metal1,68.3730,251.3415,0.000065
FILLER_60_103,VSS,Metal1,64.9600,250.8800,0.000065
FILLER_60_93,VSS,Metal1,59.0800,250.8800,0.000060
FILLER_60_91,VSS,Metal1,58.2400,250.8800,0.000060
FILLER_60_87,VSS,Metal1,56.1800,251.2285,0.000060
FILLER_60_79,VSS,Metal1,52.6930,251.3415,0.000058
FILLER_60_63,VSS,Metal1,45.8720,251.4280,0.000057
FILLER_60_49,VSS,Metal1,34.4400,250.8800,0.000057
FILLER_60_45,VSS,Metal1,32.6600,251.2285,0.000057
FILLER_60_18,VSS,Metal1,18.5330,251.3415,0.000043
FILLER_59_419,VSS,Metal1,241.6400,250.8800,0.000073
FILLER_59_417,VSS,Metal1,240.8000,250.8800,0.000073
FILLER_59_356,VSS,Metal1,206.3600,250.8800,0.000073
FILLER_59_352,VSS,Metal1,204.5800,250.5310,0.000073
FILLER_59_346,VSS,Metal1,201.2200,250.5310,0.000073
FILLER_59_336,VSS,Metal1,195.1600,250.8800,0.000073
FILLER_59_334,VSS,Metal1,194.3200,250.8800,0.000073
FILLER_59_276,VSS,Metal1,162.0200,250.5310,0.000079
FILLER_59_245,VSS,Metal1,144.4800,250.8800,0.000081
FILLER_59_212,VSS,Metal1,126.1800,250.5310,0.000081
FILLER_59_198,VSS,Metal1,118.3400,250.5310,0.000081
FILLER_59_144,VSS,Metal1,87.6400,250.8800,0.000071
FILLER_59_142,VSS,Metal1,86.8000,250.8800,0.000071
FILLER_59_139,VSS,Metal1,84.8400,250.8800,0.000071
FILLER_59_137,VSS,Metal1,84.0000,250.8800,0.000069
FILLER_59_117,VSS,Metal1,72.8000,250.8800,0.000068
FILLER_59_101,VSS,Metal1,67.1520,250.3320,0.000065
FILLER_59_92,VSS,Metal1,58.5200,250.8800,0.000060
FILLER_59_88,VSS,Metal1,56.7400,250.5310,0.000060
FILLER_59_72,VSS,Metal1,50.9120,250.3320,0.000058
FILLER_59_39,VSS,Metal1,29.1200,250.8800,0.000056
FILLER_59_31,VSS,Metal1,25.8130,250.4180,0.000043
FILLER_59_15,VSS,Metal1,18.9920,250.3320,0.000043
FILLER_59_2,VSS,Metal1,8.1200,250.8800,0.000043
FILLER_58_395,VSS,Metal1,228.4800,243.0400,0.000035
FILLER_58_332,VSS,Metal1,192.9200,243.0400,0.000034
FILLER_58_321,VSS,Metal1,186.7600,243.0400,0.000034
FILLER_58_317,VSS,Metal1,184.9800,243.3885,0.000034
FILLER_58_304,VSS,Metal1,177.2400,243.0400,0.000034
FILLER_58_302,VSS,Metal1,176.4000,243.0400,0.000034
FILLER_58_287,VSS,Metal1,168.0000,243.0400,0.000038
FILLER_58_277,VSS,Metal1,162.4000,243.0400,0.000039
FILLER_58_273,VSS,Metal1,160.3400,243.3885,0.000039
FILLER_58_263,VSS,Metal1,154.2800,243.0400,0.000040
FILLER_58_259,VSS,Metal1,152.5000,243.3885,0.000040
FILLER_58_247,VSS,Metal1,145.6000,243.0400,0.000043
FILLER_58_236,VSS,Metal1,139.1600,243.0400,0.000047
FILLER_58_232,VSS,Metal1,137.3800,243.3885,0.000047
FILLER_58_177,VSS,Metal1,106.1200,243.0400,0.000051
FILLER_58_165,VSS,Metal1,99.6800,243.0400,0.000051
FILLER_58_157,VSS,Metal1,96.3730,243.5015,0.000051
FILLER_58_141,VSS,Metal1,89.5520,243.5880,0.000049
FILLER_58_127,VSS,Metal1,78.4000,243.0400,0.000048
FILLER_58_123,VSS,Metal1,76.3400,243.3885,0.000047
FILLER_58_115,VSS,Metal1,71.4000,243.0400,0.000042
FILLER_58_107,VSS,Metal1,68.3730,243.5015,0.000042
FILLER_58_103,VSS,Metal1,64.9600,243.0400,0.000040
FILLER_58_95,VSS,Metal1,61.6530,243.5015,0.000040
FILLER_58_70,VSS,Metal1,49.7920,243.5880,0.000036
FILLER_58_22,VSS,Metal1,20.7730,243.5015,0.000034
FILLER_57_422,VSS,Metal1,243.7800,242.6910,0.000035
FILLER_57_419,VSS,Metal1,241.6400,243.0400,0.000035
FILLER_57_417,VSS,Metal1,240.8000,243.0400,0.000035
FILLER_57_358,VSS,Metal1,207.4800,243.0400,0.000035
FILLER_57_332,VSS,Metal1,192.9200,243.0400,0.000034
FILLER_57_302,VSS,Metal1,176.1200,243.0400,0.000037
FILLER_57_300,VSS,Metal1,175.2800,243.0400,0.000037
FILLER_57_296,VSS,Metal1,173.2200,242.6910,0.000037
FILLER_57_269,VSS,Metal1,157.6400,243.0400,0.000040
FILLER_57_264,VSS,Metal1,154.8400,243.0400,0.000040
FILLER_57_257,VSS,Metal1,150.9200,243.0400,0.000041
FILLER_57_230,VSS,Metal1,135.8000,243.0400,0.000047
FILLER_57_228,VSS,Metal1,134.9600,243.0400,0.000047
FILLER_57_209,VSS,Metal1,124.0400,243.0400,0.000047
FILLER_57_207,VSS,Metal1,123.2000,243.0400,0.000049
FILLER_57_155,VSS,Metal1,93.8000,243.0400,0.000050
FILLER_57_151,VSS,Metal1,92.0200,242.6910,0.000049
FILLER_57_139,VSS,Metal1,84.8400,243.0400,0.000049
FILLER_57_137,VSS,Metal1,84.0000,243.0400,0.000049
FILLER_57_133,VSS,Metal1,81.9400,242.6910,0.000048
FILLER_57_125,VSS,Metal1,78.4530,242.5780,0.000048
FILLER_57_90,VSS,Metal1,60.9920,242.4920,0.000040
FILLER_57_69,VSS,Metal1,45.6400,243.0400,0.000035
FILLER_57_57,VSS,Metal1,39.3800,242.6910,0.000033
FILLER_57_31,VSS,Metal1,24.3600,243.0400,0.000033
FILLER_56_424,VSS,Metal1,244.7200,235.2000,0.000020
FILLER_56_420,VSS,Metal1,242.6600,235.5485,0.000020
FILLER_56_387,VSS,Metal1,224.0000,235.2000,0.000020
FILLER_56_317,VSS,Metal1,184.9800,235.5485,0.000019
FILLER_56_295,VSS,Metal1,172.4800,235.2000,0.000021
FILLER_56_291,VSS,Metal1,170.4200,235.5485,0.000021
FILLER_56_282,VSS,Metal1,164.9200,235.2000,0.000021
FILLER_56_267,VSS,Metal1,156.5200,235.2000,0.000023
FILLER_56_265,VSS,Metal1,155.6800,235.2000,0.000023
FILLER_56_259,VSS,Metal1,152.0400,235.2000,0.000023
FILLER_56_255,VSS,Metal1,150.2600,235.5485,0.000023
FILLER_56_247,VSS,Metal1,146.7730,235.6615,0.000024
FILLER_56_244,VSS,Metal1,143.6400,235.2000,0.000024
FILLER_56_242,VSS,Metal1,142.8000,235.2000,0.000024
FILLER_56_181,VSS,Metal1,108.3600,235.2000,0.000024
FILLER_56_177,VSS,Metal1,106.5800,235.5485,0.000024
FILLER_56_156,VSS,Metal1,94.8200,235.5485,0.000024
FILLER_56_138,VSS,Metal1,84.7400,235.5485,0.000023
FILLER_56_130,VSS,Metal1,81.2530,235.6615,0.000022
FILLER_56_109,VSS,Metal1,68.0400,235.2000,0.000022
FILLER_56_107,VSS,Metal1,67.2000,235.2000,0.000022
FILLER_56_104,VSS,Metal1,65.2400,235.2000,0.000022
FILLER_56_96,VSS,Metal1,62.2130,235.6615,0.000022
FILLER_56_39,VSS,Metal1,28.8400,235.2000,0.000020
FILLER_56_37,VSS,Metal1,28.0000,235.2000,0.000020
FILLER_55_422,VSS,Metal1,243.7800,234.8510,0.000020
FILLER_55_419,VSS,Metal1,241.6400,235.2000,0.000020
FILLER_55_407,VSS,Metal1,235.3800,234.8510,0.000020
FILLER_55_307,VSS,Metal1,178.9200,235.2000,0.000020
FILLER_55_284,VSS,Metal1,166.0400,235.2000,0.000021
FILLER_55_282,VSS,Metal1,165.2000,235.2000,0.000021
FILLER_55_278,VSS,Metal1,162.9600,235.2000,0.000023
FILLER_55_270,VSS,Metal1,159.6530,234.7380,0.000023
FILLER_55_262,VSS,Metal1,154.0000,235.2000,0.000023
FILLER_55_258,VSS,Metal1,151.9400,234.8510,0.000023
FILLER_55_227,VSS,Metal1,134.4000,235.2000,0.000024
FILLER_55_220,VSS,Metal1,130.2000,235.2000,0.000024
FILLER_55_156,VSS,Metal1,94.3600,235.2000,0.000024
FILLER_55_152,VSS,Metal1,92.5800,234.8510,0.000023
FILLER_55_142,VSS,Metal1,86.5200,235.2000,0.000023
FILLER_55_136,VSS,Metal1,83.6200,234.8510,0.000022
FILLER_55_116,VSS,Metal1,71.9600,235.2000,0.000022
FILLER_55_101,VSS,Metal1,63.5600,235.2000,0.000022
FILLER_55_99,VSS,Metal1,62.7200,235.2000,0.000022
FILLER_55_95,VSS,Metal1,60.6600,234.8510,0.000022
FILLER_55_87,VSS,Metal1,57.1730,234.7380,0.000022
FILLER_55_76,VSS,Metal1,49.8400,235.2000,0.000021
FILLER_55_72,VSS,Metal1,47.7800,234.8510,0.000021
FILLER_55_68,VSS,Metal1,45.3600,235.2000,0.000021
FILLER_55_25,VSS,Metal1,21.2800,235.2000,0.000021
FILLER_55_8,VSS,Metal1,11.4800,235.2000,0.000021
FILLER_55_6,VSS,Metal1,10.6400,235.2000,0.000021
FILLER_54_424,VSS,Metal1,244.7200,227.3600,0.000022
FILLER_54_420,VSS,Metal1,242.6600,227.7085,0.000022
FILLER_54_387,VSS,Metal1,224.1800,227.7085,0.000022
FILLER_54_383,VSS,Metal1,221.7600,227.3600,0.000022
FILLER_54_288,VSS,Metal1,168.5600,227.3600,0.000022
FILLER_54_284,VSS,Metal1,166.5000,227.7085,0.000022
FILLER_54_276,VSS,Metal1,163.0130,227.8215,0.000026
FILLER_54_244,VSS,Metal1,143.6400,227.3600,0.000027
FILLER_54_242,VSS,Metal1,142.8000,227.3600,0.000027
FILLER_54_179,VSS,Metal1,107.2400,227.3600,0.000027
FILLER_54_177,VSS,Metal1,106.4000,227.3600,0.000027
FILLER_54_173,VSS,Metal1,104.1600,227.3600,0.000027
FILLER_54_163,VSS,Metal1,98.2800,227.3600,0.000027
FILLER_54_141,VSS,Metal1,85.9600,227.3600,0.000026
FILLER_54_137,VSS,Metal1,84.1800,227.7085,0.000025
FILLER_54_128,VSS,Metal1,78.9600,227.3600,0.000025
FILLER_54_120,VSS,Metal1,75.6530,227.8215,0.000025
FILLER_54_103,VSS,Metal1,64.9600,227.3600,0.000025
FILLER_54_93,VSS,Metal1,59.3600,227.3600,0.000025
FILLER_54_85,VSS,Metal1,56.0530,227.8215,0.000025
FILLER_54_45,VSS,Metal1,32.4800,227.3600,0.000023
FILLER_54_2,VSS,Metal1,8.5800,227.7085,0.000023
FILLER_53_422,VSS,Metal1,243.7800,227.0110,0.000022
FILLER_53_419,VSS,Metal1,241.6400,227.3600,0.000022
FILLER_53_406,VSS,Metal1,234.3600,227.3600,0.000022
FILLER_53_402,VSS,Metal1,232.5800,227.0110,0.000022
FILLER_53_298,VSS,Metal1,174.1600,227.3600,0.000021
FILLER_53_288,VSS,Metal1,168.2800,227.3600,0.000022
FILLER_53_286,VSS,Metal1,167.4400,227.3600,0.000022
FILLER_53_282,VSS,Metal1,165.3800,227.0110,0.000023
FILLER_53_238,VSS,Metal1,140.2800,227.3600,0.000027
FILLER_53_220,VSS,Metal1,130.2000,227.3600,0.000027
FILLER_53_212,VSS,Metal1,127.1730,226.8980,0.000027
FILLER_53_209,VSS,Metal1,124.0400,227.3600,0.000027
FILLER_53_207,VSS,Metal1,123.2000,227.3600,0.000027
FILLER_53_198,VSS,Metal1,117.8800,227.3600,0.000027
FILLER_53_196,VSS,Metal1,117.0400,227.3600,0.000027
FILLER_53_142,VSS,Metal1,86.5200,227.3600,0.000026
FILLER_53_132,VSS,Metal1,82.3730,226.8980,0.000025
FILLER_53_116,VSS,Metal1,75.5520,226.8120,0.000025
FILLER_53_86,VSS,Metal1,55.1600,227.3600,0.000025
FILLER_53_84,VSS,Metal1,54.3200,227.3600,0.000024
FILLER_53_80,VSS,Metal1,52.2600,227.0110,0.000024
FILLER_53_23,VSS,Metal1,20.1600,227.3600,0.000023
FILLER_53_15,VSS,Metal1,16.8530,226.8980,0.000023
FILLER_53_6,VSS,Metal1,10.3600,227.3600,0.000023
FILLER_52_422,VSS,Metal1,243.7800,219.8685,0.000050
FILLER_52_319,VSS,Metal1,185.6400,219.5200,0.000050
FILLER_52_317,VSS,Metal1,184.8000,219.5200,0.000050
FILLER_52_280,VSS,Metal1,164.0800,219.5200,0.000050
FILLER_52_247,VSS,Metal1,145.7800,219.8685,0.000052
FILLER_52_241,VSS,Metal1,142.4200,219.8685,0.000052
FILLER_52_233,VSS,Metal1,138.9330,219.9815,0.000053
FILLER_52_192,VSS,Metal1,114.5200,219.5200,0.000053
FILLER_52_183,VSS,Metal1,109.4800,219.5200,0.000053
FILLER_52_181,VSS,Metal1,108.6400,219.5200,0.000053
FILLER_52_177,VSS,Metal1,106.5800,219.8685,0.000053
FILLER_52_174,VSS,Metal1,104.4400,219.5200,0.000053
FILLER_52_172,VSS,Metal1,103.6000,219.5200,0.000053
FILLER_52_168,VSS,Metal1,101.5400,219.8685,0.000053
FILLER_52_107,VSS,Metal1,74.9240,220.1175,0.000053
FILLER_52_96,VSS,Metal1,60.7600,219.5200,0.000053
FILLER_52_94,VSS,Metal1,59.9200,219.5200,0.000053
FILLER_52_37,VSS,Metal1,28.0000,219.5200,0.000050
FILLER_52_26,VSS,Metal1,21.5600,219.5200,0.000049
FILLER_52_18,VSS,Metal1,18.5330,219.9815,0.000049
FILLER_52_2,VSS,Metal1,11.7120,220.0680,0.000050
FILLER_51_422,VSS,Metal1,243.7800,219.1710,0.000050
FILLER_51_416,VSS,Metal1,240.4200,219.1710,0.000050
FILLER_51_340,VSS,Metal1,197.4000,219.5200,0.000050
FILLER_51_275,VSS,Metal1,161.0000,219.5200,0.000052
FILLER_51_273,VSS,Metal1,160.1600,219.5200,0.000052
FILLER_51_235,VSS,Metal1,138.6000,219.5200,0.000053
FILLER_51_231,VSS,Metal1,136.8200,219.1710,0.000053
FILLER_51_223,VSS,Metal1,133.3330,219.0580,0.000053
FILLER_51_208,VSS,Metal1,123.7600,219.5200,0.000053
FILLER_51_200,VSS,Metal1,120.4530,219.0580,0.000053
FILLER_51_128,VSS,Metal1,79.1400,219.1710,0.000053
FILLER_51_120,VSS,Metal1,75.6530,219.0580,0.000053
FILLER_51_88,VSS,Metal1,64.2840,218.9220,0.000053
FILLER_51_80,VSS,Metal1,52.2600,219.1710,0.000053
FILLER_51_72,VSS,Metal1,48.7730,219.0580,0.000053
FILLER_51_69,VSS,Metal1,45.6400,219.5200,0.000053
FILLER_51_65,VSS,Metal1,43.8600,219.1710,0.000053
FILLER_51_40,VSS,Metal1,29.4000,219.5200,0.000052
FILLER_51_38,VSS,Metal1,28.5600,219.5200,0.000050
FILLER_51_34,VSS,Metal1,26.5000,219.1710,0.000049
FILLER_51_18,VSS,Metal1,20.6720,218.9720,0.000049
FILLER_50_422,VSS,Metal1,243.7800,212.0285,0.000015
FILLER_50_383,VSS,Metal1,221.7600,211.6800,0.000015
FILLER_50_314,VSS,Metal1,182.8400,211.6800,0.000015
FILLER_50_297,VSS,Metal1,173.3200,211.6800,0.000015
FILLER_50_267,VSS,Metal1,156.5200,211.6800,0.000015
FILLER_50_263,VSS,Metal1,154.7400,212.0285,0.000015
FILLER_50_247,VSS,Metal1,148.9120,212.2280,0.000016
FILLER_50_235,VSS,Metal1,138.6000,211.6800,0.000029
FILLER_50_233,VSS,Metal1,137.7600,211.6800,0.000029
FILLER_50_229,VSS,Metal1,135.7000,212.0285,0.000029
FILLER_50_221,VSS,Metal1,132.2130,212.1415,0.000029
FILLER_50_191,VSS,Metal1,113.9600,211.6800,0.000029
FILLER_50_181,VSS,Metal1,108.6400,211.6800,0.000029
FILLER_50_177,VSS,Metal1,106.5800,212.0285,0.000029
FILLER_50_174,VSS,Metal1,104.4400,211.6800,0.000029
FILLER_50_170,VSS,Metal1,102.6600,212.0285,0.000029
FILLER_50_162,VSS,Metal1,99.1730,212.1415,0.000029
FILLER_50_131,VSS,Metal1,80.6400,211.6800,0.000029
FILLER_50_123,VSS,Metal1,77.3330,212.1415,0.000029
FILLER_50_107,VSS,Metal1,70.5120,212.2280,0.000029
FILLER_50_103,VSS,Metal1,64.9600,211.6800,0.000027
FILLER_50_93,VSS,Metal1,59.3600,211.6800,0.000027
FILLER_50_85,VSS,Metal1,56.0530,212.1415,0.000027
FILLER_50_53,VSS,Metal1,36.9600,211.6800,0.000025
FILLER_50_49,VSS,Metal1,34.9000,212.0285,0.000025
FILLER_50_37,VSS,Metal1,28.1800,212.0285,0.000023
FILLER_50_33,VSS,Metal1,25.7600,211.6800,0.000022
FILLER_50_25,VSS,Metal1,22.4530,212.1415,0.000022
FILLER_50_6,VSS,Metal1,10.3600,211.6800,0.000022
FILLER_50_2,VSS,Metal1,8.5800,212.0285,0.000022
FILLER_49_422,VSS,Metal1,243.7800,211.3310,0.000015
FILLER_49_419,VSS,Metal1,241.6400,211.6800,0.000015
FILLER_49_417,VSS,Metal1,240.8000,211.6800,0.000015
FILLER_49_291,VSS,Metal1,169.9600,211.6800,0.000015
FILLER_49_262,VSS,Metal1,153.7200,211.6800,0.000016
FILLER_49_254,VSS,Metal1,150.6930,211.2180,0.000016
FILLER_49_248,VSS,Metal1,146.1600,211.6800,0.000016
FILLER_49_244,VSS,Metal1,144.1000,211.3310,0.000016
FILLER_49_232,VSS,Metal1,138.3730,211.2180,0.000029
FILLER_49_223,VSS,Metal1,131.8800,211.6800,0.000029
FILLER_49_199,VSS,Metal1,118.7200,211.6800,0.000029
FILLER_49_169,VSS,Metal1,101.6400,211.6800,0.000029
FILLER_49_167,VSS,Metal1,100.8000,211.6800,0.000029
FILLER_49_163,VSS,Metal1,98.7400,211.3310,0.000029
FILLER_49_155,VSS,Metal1,95.2530,211.2180,0.000029
FILLER_49_142,VSS,Metal1,86.5200,211.6800,0.000029
FILLER_49_138,VSS,Metal1,84.5600,211.6800,0.000029
FILLER_49_72,VSS,Metal1,48.7730,211.2180,0.000027
FILLER_49_61,VSS,Metal1,41.1600,211.6800,0.000025
FILLER_49_57,VSS,Metal1,39.3800,211.3310,0.000025
FILLER_49_49,VSS,Metal1,35.8930,211.2180,0.000025
FILLER_49_39,VSS,Metal1,29.1200,211.6800,0.000023
FILLER_49_35,VSS,Metal1,27.0600,211.3310,0.000022
FILLER_48_422,VSS,Metal1,243.7800,204.1885,0.000034
FILLER_48_384,VSS,Metal1,222.0400,203.8400,0.000034
FILLER_48_215,VSS,Metal1,127.4000,203.8400,0.000036
FILLER_48_206,VSS,Metal1,122.3600,203.8400,0.000037
FILLER_48_170,VSS,Metal1,102.2000,203.8400,0.000037
FILLER_48_168,VSS,Metal1,101.3600,203.8400,0.000037
FILLER_48_164,VSS,Metal1,99.3000,204.1885,0.000037
FILLER_48_156,VSS,Metal1,95.8130,204.3015,0.000037
FILLER_48_140,VSS,Metal1,88.9920,204.3880,0.000037
FILLER_48_96,VSS,Metal1,60.7600,203.8400,0.000035
FILLER_48_66,VSS,Metal1,43.9600,203.8400,0.000034
FILLER_48_31,VSS,Metal1,24.8200,204.1885,0.000031
FILLER_47_422,VSS,Metal1,243.7800,203.4910,0.000034
FILLER_47_416,VSS,Metal1,240.4200,203.4910,0.000034
FILLER_47_352,VSS,Metal1,204.5800,203.4910,0.000034
FILLER_47_282,VSS,Metal1,165.2000,203.8400,0.000034
FILLER_47_246,VSS,Metal1,144.7600,203.8400,0.000035
FILLER_47_242,VSS,Metal1,142.9800,203.4910,0.000036
FILLER_47_212,VSS,Metal1,125.7200,203.8400,0.000036
FILLER_47_150,VSS,Metal1,91.2800,203.8400,0.000037
FILLER_47_142,VSS,Metal1,87.9730,203.3780,0.000037
FILLER_47_81,VSS,Metal1,52.3600,203.8400,0.000035
FILLER_47_68,VSS,Metal1,45.3600,203.8400,0.000035
FILLER_47_38,VSS,Metal1,28.2800,203.8400,0.000032
FILLER_47_36,VSS,Metal1,27.4400,203.8400,0.000032
FILLER_47_6,VSS,Metal1,10.6400,203.8400,0.000031
FILLER_46_387,VSS,Metal1,224.0000,196.0000,0.000085
FILLER_46_384,VSS,Metal1,222.0400,196.0000,0.000085
FILLER_46_280,VSS,Metal1,164.0800,196.0000,0.000085
FILLER_46_243,VSS,Metal1,143.3600,196.0000,0.000085
FILLER_46_222,VSS,Metal1,131.3200,196.0000,0.000083
FILLER_46_218,VSS,Metal1,129.5400,196.3485,0.000083
FILLER_46_181,VSS,Metal1,108.6400,196.0000,0.000081
FILLER_46_177,VSS,Metal1,106.5800,196.3485,0.000080
FILLER_46_173,VSS,Metal1,104.1600,196.0000,0.000080
FILLER_46_143,VSS,Metal1,87.0800,196.0000,0.000079
FILLER_46_141,VSS,Metal1,86.2400,196.0000,0.000079
FILLER_46_109,VSS,Metal1,68.0400,196.0000,0.000032
FILLER_46_107,VSS,Metal1,67.2000,196.0000,0.000032
FILLER_46_93,VSS,Metal1,59.5400,196.3485,0.000031
FILLER_46_49,VSS,Metal1,34.7200,196.0000,0.000026
FILLER_46_45,VSS,Metal1,32.6600,196.3485,0.000026
FILLER_46_37,VSS,Metal1,29.1730,196.4615,0.000024
FILLER_46_34,VSS,Metal1,26.0400,196.0000,0.000024
FILLER_46_30,VSS,Metal1,24.2600,196.3485,0.000024
FILLER_46_15,VSS,Metal1,15.4000,196.0000,0.000024
FILLER_46_13,VSS,Metal1,14.5600,196.0000,0.000024
FILLER_46_4,VSS,Metal1,9.2400,196.0000,0.000024
FILLER_46_2,VSS,Metal1,8.4000,196.0000,0.000024
FILLER_45_422,VSS,Metal1,243.7800,195.6510,0.000085
FILLER_45_311,VSS,Metal1,181.4400,196.0000,0.000084
FILLER_45_278,VSS,Metal1,162.9600,196.0000,0.000088
FILLER_45_274,VSS,Metal1,160.9000,195.6510,0.000088
FILLER_45_224,VSS,Metal1,132.4400,196.0000,0.000083
FILLER_45_220,VSS,Metal1,130.6600,195.6510,0.000083
FILLER_45_196,VSS,Metal1,117.0400,196.0000,0.000081
FILLER_45_165,VSS,Metal1,102.9920,195.4520,0.000080
FILLER_45_144,VSS,Metal1,87.6400,196.0000,0.000079
FILLER_45_142,VSS,Metal1,86.8000,196.0000,0.000079
FILLER_45_138,VSS,Metal1,84.5600,196.0000,0.000078
FILLER_45_130,VSS,Metal1,81.2530,195.5380,0.000078
FILLER_45_116,VSS,Metal1,71.9600,196.0000,0.000033
FILLER_45_114,VSS,Metal1,71.1200,196.0000,0.000033
FILLER_45_110,VSS,Metal1,69.0600,195.6510,0.000033
FILLER_45_72,VSS,Metal1,47.3200,196.0000,0.000030
FILLER_45_69,VSS,Metal1,45.6400,196.0000,0.000030
FILLER_45_65,VSS,Metal1,43.8600,195.6510,0.000030
FILLER_45_53,VSS,Metal1,37.1400,195.6510,0.000030
FILLER_45_45,VSS,Metal1,33.6530,195.5380,0.000026
FILLER_45_29,VSS,Metal1,26.8320,195.4520,0.000024
FILLER_45_18,VSS,Metal1,17.0800,196.0000,0.000024
FILLER_45_14,VSS,Metal1,15.3000,195.6510,0.000024
FILLER_44_425,VSS,Metal1,245.0000,188.1600,0.000030
FILLER_44_417,VSS,Metal1,241.9730,188.6215,0.000030
FILLER_44_387,VSS,Metal1,223.7200,188.1600,0.000030
FILLER_44_375,VSS,Metal1,217.2800,188.1600,0.000030
FILLER_44_306,VSS,Metal1,178.3600,188.1600,0.000023
FILLER_44_294,VSS,Metal1,172.1000,188.5085,0.000023
FILLER_44_283,VSS,Metal1,165.7600,188.1600,0.000023
FILLER_44_279,VSS,Metal1,163.7000,188.5085,0.000023
FILLER_44_249,VSS,Metal1,146.4400,188.1600,0.000023
FILLER_44_247,VSS,Metal1,145.6000,188.1600,0.000023
FILLER_44_240,VSS,Metal1,141.4000,188.1600,0.000023
FILLER_44_224,VSS,Metal1,136.0320,188.7080,0.000022
FILLER_44_197,VSS,Metal1,117.6000,188.1600,0.000022
FILLER_44_193,VSS,Metal1,115.5400,188.5085,0.000022
FILLER_44_177,VSS,Metal1,109.7120,188.7080,0.000022
FILLER_44_171,VSS,Metal1,103.2200,188.5085,0.000021
FILLER_44_107,VSS,Metal1,83.8445,188.7975,0.000021
FILLER_44_89,VSS,Metal1,60.4320,188.7080,0.000021
FILLER_44_69,VSS,Metal1,47.0930,188.6215,0.000021
FILLER_44_37,VSS,Metal1,35.7240,188.7575,0.000019
FILLER_44_34,VSS,Metal1,26.0400,188.1600,0.000018
FILLER_44_32,VSS,Metal1,25.2000,188.1600,0.000018
FILLER_44_16,VSS,Metal1,19.5520,188.7080,0.000018
FILLER_44_6,VSS,Metal1,10.8200,188.5085,0.000018
FILLER_43_418,VSS,Metal1,241.3600,188.1600,0.000030
FILLER_43_352,VSS,Metal1,204.1200,188.1600,0.000030
FILLER_43_282,VSS,Metal1,165.2000,188.1600,0.000023
FILLER_43_279,VSS,Metal1,163.2400,188.1600,0.000023
FILLER_43_277,VSS,Metal1,162.4000,188.1600,0.000023
FILLER_43_273,VSS,Metal1,160.3400,187.8110,0.000023
FILLER_43_228,VSS,Metal1,136.1330,187.6980,0.000022
FILLER_43_212,VSS,Metal1,125.7200,188.1600,0.000022
FILLER_43_208,VSS,Metal1,123.7600,188.1600,0.000022
FILLER_43_186,VSS,Metal1,111.4400,188.1600,0.000022
FILLER_43_156,VSS,Metal1,94.3600,188.1600,0.000021
FILLER_43_154,VSS,Metal1,93.5200,188.1600,0.000021
FILLER_43_146,VSS,Metal1,89.0400,188.1600,0.000021
FILLER_43_142,VSS,Metal1,86.9800,187.8110,0.000021
FILLER_43_139,VSS,Metal1,84.8400,188.1600,0.000021
FILLER_43_137,VSS,Metal1,84.0000,188.1600,0.000021
FILLER_43_121,VSS,Metal1,78.3520,187.6120,0.000021
FILLER_43_89,VSS,Metal1,64.8440,187.5620,0.000021
FILLER_43_80,VSS,Metal1,51.8000,188.1600,0.000021
FILLER_43_72,VSS,Metal1,48.7730,187.6980,0.000021
FILLER_43_69,VSS,Metal1,45.6400,188.1600,0.000021
FILLER_43_67,VSS,Metal1,44.8000,188.1600,0.000019
FILLER_43_59,VSS,Metal1,41.4930,187.6980,0.000019
FILLER_43_43,VSS,Metal1,34.6720,187.6120,0.000019
FILLER_43_4,VSS,Metal1,9.2400,188.1600,0.000018
FILLER_43_2,VSS,Metal1,8.4000,188.1600,0.000018
FILLER_42_387,VSS,Metal1,224.1800,180.6685,0.000057
FILLER_42_384,VSS,Metal1,222.0400,180.3200,0.000057
FILLER_42_351,VSS,Metal1,204.0200,180.6685,0.000056
FILLER_42_306,VSS,Metal1,178.3600,180.3200,0.000051
FILLER_42_304,VSS,Metal1,177.5200,180.3200,0.000051
FILLER_42_290,VSS,Metal1,169.4000,180.3200,0.000051
FILLER_42_251,VSS,Metal1,147.5600,180.3200,0.000050
FILLER_42_247,VSS,Metal1,145.7800,180.6685,0.000050
FILLER_42_244,VSS,Metal1,143.6400,180.3200,0.000050
FILLER_42_240,VSS,Metal1,141.8600,180.6685,0.000050
FILLER_42_232,VSS,Metal1,138.3730,180.7815,0.000050
FILLER_42_202,VSS,Metal1,120.1200,180.3200,0.000050
FILLER_42_166,VSS,Metal1,99.9600,180.3200,0.000048
FILLER_42_164,VSS,Metal1,99.1200,180.3200,0.000048
FILLER_42_156,VSS,Metal1,95.8130,180.7815,0.000045
FILLER_42_139,VSS,Metal1,84.8400,180.3200,0.000036
FILLER_42_107,VSS,Metal1,74.9240,180.9175,0.000036
FILLER_42_104,VSS,Metal1,65.2400,180.3200,0.000033
FILLER_42_102,VSS,Metal1,64.4000,180.3200,0.000033
FILLER_42_98,VSS,Metal1,62.3400,180.6685,0.000033
FILLER_42_63,VSS,Metal1,42.2800,180.3200,0.000033
FILLER_42_61,VSS,Metal1,41.4400,180.3200,0.000033
FILLER_42_37,VSS,Metal1,28.1800,180.6685,0.000031
FILLER_41_422,VSS,Metal1,243.7800,179.9710,0.000057
FILLER_41_419,VSS,Metal1,241.6400,180.3200,0.000057
FILLER_41_417,VSS,Metal1,240.8000,180.3200,0.000057
FILLER_41_413,VSS,Metal1,238.7400,179.9710,0.000057
FILLER_41_358,VSS,Metal1,207.4800,180.3200,0.000057
FILLER_41_349,VSS,Metal1,202.4400,180.3200,0.000056
FILLER_41_345,VSS,Metal1,200.6600,179.9710,0.000056
FILLER_41_282,VSS,Metal1,165.3800,179.9710,0.000050
FILLER_41_278,VSS,Metal1,162.9600,180.3200,0.000050
FILLER_41_274,VSS,Metal1,160.9000,179.9710,0.000050
FILLER_41_222,VSS,Metal1,131.3200,180.3200,0.000050
FILLER_41_220,VSS,Metal1,130.4800,180.3200,0.000050
FILLER_41_208,VSS,Metal1,123.7600,180.3200,0.000050
FILLER_41_146,VSS,Metal1,88.7600,180.3200,0.000042
FILLER_41_142,VSS,Metal1,86.9800,179.9710,0.000042
FILLER_41_138,VSS,Metal1,84.5600,180.3200,0.000036
FILLER_41_120,VSS,Metal1,74.4800,180.3200,0.000036
FILLER_41_116,VSS,Metal1,72.4200,179.9710,0.000036
FILLER_41_106,VSS,Metal1,66.3600,180.3200,0.000033
FILLER_41_96,VSS,Metal1,60.7600,180.3200,0.000033
FILLER_41_92,VSS,Metal1,58.9800,179.9710,0.000033
FILLER_41_72,VSS,Metal1,47.6000,180.3200,0.000033
FILLER_41_2,VSS,Metal1,8.4000,180.3200,0.000031
FILLER_40_424,VSS,Metal1,244.7200,172.4800,0.000018
FILLER_40_416,VSS,Metal1,241.4130,172.9415,0.000018
FILLER_40_387,VSS,Metal1,223.7200,172.4800,0.000018
FILLER_40_383,VSS,Metal1,221.7600,172.4800,0.000018
FILLER_40_368,VSS,Metal1,213.0800,172.4800,0.000018
FILLER_40_317,VSS,Metal1,184.5200,172.4800,0.000018
FILLER_40_285,VSS,Metal1,166.6000,172.4800,0.000039
FILLER_40_283,VSS,Metal1,165.7600,172.4800,0.000039
FILLER_40_279,VSS,Metal1,163.7000,172.8285,0.000039
FILLER_40_247,VSS,Metal1,153.3240,173.0775,0.000039
FILLER_40_243,VSS,Metal1,143.3600,172.4800,0.000039
FILLER_40_239,VSS,Metal1,141.3000,172.8285,0.000039
FILLER_40_206,VSS,Metal1,122.8200,172.8285,0.000039
FILLER_40_174,VSS,Metal1,104.4400,172.4800,0.000038
FILLER_40_172,VSS,Metal1,103.6000,172.4800,0.000038
FILLER_40_117,VSS,Metal1,72.5200,172.4800,0.000036
FILLER_40_92,VSS,Metal1,58.5200,172.4800,0.000032
FILLER_40_74,VSS,Metal1,48.7200,172.4800,0.000032
FILLER_40_68,VSS,Metal1,45.0800,172.4800,0.000031
FILLER_40_66,VSS,Metal1,44.2400,172.4800,0.000029
FILLER_40_62,VSS,Metal1,42.1800,172.8285,0.000029
FILLER_39_422,VSS,Metal1,243.7800,172.1310,0.000018
FILLER_39_412,VSS,Metal1,239.1730,172.0180,0.000018
FILLER_39_356,VSS,Metal1,206.6400,172.4800,0.000018
FILLER_39_333,VSS,Metal1,193.4800,172.4800,0.000018
FILLER_39_302,VSS,Metal1,176.4000,172.4800,0.000018
FILLER_39_298,VSS,Metal1,174.3400,172.1310,0.000018
FILLER_39_282,VSS,Metal1,168.5120,171.9320,0.000039
FILLER_39_279,VSS,Metal1,163.2400,172.4800,0.000039
FILLER_39_232,VSS,Metal1,137.2000,172.4800,0.000039
FILLER_39_209,VSS,Metal1,124.0400,172.4800,0.000039
FILLER_39_178,VSS,Metal1,106.9600,172.4800,0.000038
FILLER_39_170,VSS,Metal1,103.6530,172.0180,0.000038
FILLER_39_146,VSS,Metal1,89.0400,172.4800,0.000036
FILLER_39_142,VSS,Metal1,86.9800,172.1310,0.000036
FILLER_39_138,VSS,Metal1,84.5600,172.4800,0.000036
FILLER_39_124,VSS,Metal1,76.7200,172.4800,0.000036
FILLER_39_72,VSS,Metal1,48.7730,172.0180,0.000032
FILLER_39_68,VSS,Metal1,45.3600,172.4800,0.000031
FILLER_39_42,VSS,Metal1,30.5200,172.4800,0.000028
FILLER_39_40,VSS,Metal1,29.6800,172.4800,0.000028
FILLER_39_31,VSS,Metal1,24.3600,172.4800,0.000027
FILLER_38_425,VSS,Metal1,245.0000,164.6400,0.000030
FILLER_38_423,VSS,Metal1,244.1600,164.6400,0.000030
FILLER_38_419,VSS,Metal1,242.1000,164.9885,0.000030
FILLER_38_403,VSS,Metal1,236.2720,165.1880,0.000030
FILLER_38_387,VSS,Metal1,224.1800,164.9885,0.000030
FILLER_38_378,VSS,Metal1,218.9600,164.6400,0.000030
FILLER_38_369,VSS,Metal1,213.6400,164.6400,0.000030
FILLER_38_314,VSS,Metal1,182.8400,164.6400,0.000027
FILLER_38_312,VSS,Metal1,182.0000,164.6400,0.000027
FILLER_38_308,VSS,Metal1,179.9400,164.9885,0.000027
FILLER_38_292,VSS,Metal1,174.1120,165.1880,0.000028
FILLER_38_243,VSS,Metal1,143.3600,164.6400,0.000028
FILLER_38_201,VSS,Metal1,119.5600,164.6400,0.000026
FILLER_38_199,VSS,Metal1,118.7200,164.6400,0.000025
FILLER_38_195,VSS,Metal1,116.6600,164.9885,0.000025
FILLER_38_187,VSS,Metal1,113.1730,165.1015,0.000025
FILLER_38_177,VSS,Metal1,106.4000,164.6400,0.000025
FILLER_38_171,VSS,Metal1,103.2200,164.9885,0.000025
FILLER_38_163,VSS,Metal1,99.7330,165.1015,0.000025
FILLER_38_137,VSS,Metal1,83.7200,164.6400,0.000022
FILLER_38_133,VSS,Metal1,81.9400,164.9885,0.000021
FILLER_38_118,VSS,Metal1,73.0800,164.6400,0.000021
FILLER_38_116,VSS,Metal1,72.2400,164.6400,0.000021
FILLER_38_94,VSS,Metal1,59.9200,164.6400,0.000021
FILLER_38_86,VSS,Metal1,56.6130,165.1015,0.000021
FILLER_38_70,VSS,Metal1,49.7920,165.1880,0.000021
FILLER_38_54,VSS,Metal1,37.2400,164.6400,0.000019
FILLER_38_52,VSS,Metal1,36.4000,164.6400,0.000018
FILLER_38_37,VSS,Metal1,27.7200,164.6400,0.000018
FILLER_38_26,VSS,Metal1,21.5600,164.6400,0.000018
FILLER_38_22,VSS,Metal1,19.7800,164.9885,0.000018
FILLER_38_14,VSS,Metal1,16.2930,165.1015,0.000018
FILLER_37_422,VSS,Metal1,243.7800,164.2910,0.000030
FILLER_37_416,VSS,Metal1,240.4200,164.2910,0.000030
FILLER_37_385,VSS,Metal1,222.8800,164.6400,0.000030
FILLER_37_349,VSS,Metal1,202.4400,164.6400,0.000030
FILLER_37_317,VSS,Metal1,184.5200,164.6400,0.000028
FILLER_37_315,VSS,Metal1,183.6800,164.6400,0.000028
FILLER_37_307,VSS,Metal1,180.3730,164.1780,0.000027
FILLER_37_291,VSS,Metal1,173.5520,164.0920,0.000028
FILLER_37_205,VSS,Metal1,121.8000,164.6400,0.000026
FILLER_37_201,VSS,Metal1,120.0200,164.2910,0.000026
FILLER_37_185,VSS,Metal1,114.1920,164.0920,0.000025
FILLER_37_151,VSS,Metal1,91.5600,164.6400,0.000023
FILLER_37_136,VSS,Metal1,83.6200,164.2910,0.000022
FILLER_37_72,VSS,Metal1,64.2445,164.0020,0.000021
FILLER_37_68,VSS,Metal1,45.3600,164.6400,0.000020
FILLER_37_59,VSS,Metal1,40.0400,164.6400,0.000020
FILLER_37_57,VSS,Metal1,39.2000,164.6400,0.000020
FILLER_37_52,VSS,Metal1,36.1200,164.6400,0.000018
FILLER_37_50,VSS,Metal1,35.2800,164.6400,0.000018
FILLER_37_18,VSS,Metal1,25.0840,164.0420,0.000018
FILLER_36_425,VSS,Metal1,245.0000,156.8000,0.000022
FILLER_36_423,VSS,Metal1,244.1600,156.8000,0.000022
FILLER_36_419,VSS,Metal1,242.1000,157.1485,0.000022
FILLER_36_403,VSS,Metal1,236.2720,157.3480,0.000022
FILLER_36_387,VSS,Metal1,224.0000,156.8000,0.000022
FILLER_36_384,VSS,Metal1,222.0400,156.8000,0.000022
FILLER_36_370,VSS,Metal1,214.4800,156.8000,0.000022
FILLER_36_319,VSS,Metal1,185.6400,156.8000,0.000022
FILLER_36_317,VSS,Metal1,184.8000,156.8000,0.000022
FILLER_36_314,VSS,Metal1,182.8400,156.8000,0.000022
FILLER_36_312,VSS,Metal1,182.0000,156.8000,0.000022
FILLER_36_296,VSS,Metal1,176.3520,157.3480,0.000022
FILLER_36_282,VSS,Metal1,165.3800,157.1485,0.000022
FILLER_36_257,VSS,Metal1,150.9200,156.8000,0.000028
FILLER_36_255,VSS,Metal1,150.0800,156.8000,0.000029
FILLER_36_247,VSS,Metal1,146.7730,157.2615,0.000029
FILLER_36_244,VSS,Metal1,143.6400,156.8000,0.000029
FILLER_36_240,VSS,Metal1,141.8600,157.1485,0.000029
FILLER_36_201,VSS,Metal1,119.8400,156.8000,0.000030
FILLER_36_193,VSS,Metal1,116.5330,157.2615,0.000030
FILLER_36_177,VSS,Metal1,109.7120,157.3480,0.000030
FILLER_36_174,VSS,Metal1,104.4400,156.8000,0.000030
FILLER_36_172,VSS,Metal1,103.6000,156.8000,0.000030
FILLER_36_168,VSS,Metal1,101.5400,157.1485,0.000030
FILLER_36_160,VSS,Metal1,98.0530,157.2615,0.000030
FILLER_36_144,VSS,Metal1,91.2320,157.3480,0.000030
FILLER_36_139,VSS,Metal1,84.8400,156.8000,0.000031
FILLER_36_107,VSS,Metal1,74.9240,157.3975,0.000031
FILLER_36_104,VSS,Metal1,65.2400,156.8000,0.000031
FILLER_36_100,VSS,Metal1,63.4600,157.1485,0.000031
FILLER_36_92,VSS,Metal1,59.9730,157.2615,0.000031
FILLER_36_87,VSS,Metal1,55.7200,156.8000,0.000031
FILLER_36_79,VSS,Metal1,52.6930,157.2615,0.000031
FILLER_36_63,VSS,Metal1,45.8720,157.3480,0.000031
FILLER_36_31,VSS,Metal1,24.8200,157.1485,0.000031
FILLER_36_26,VSS,Metal1,21.5600,156.8000,0.000031
FILLER_36_24,VSS,Metal1,20.7200,156.8000,0.000031
FILLER_36_2,VSS,Metal1,11.7120,157.3480,0.000031
FILLER_35_422,VSS,Metal1,243.7800,156.4510,0.000022
FILLER_35_419,VSS,Metal1,241.6400,156.8000,0.000022
FILLER_35_411,VSS,Metal1,238.6130,156.3380,0.000022
FILLER_35_379,VSS,Metal1,227.2440,156.2020,0.000022
FILLER_35_362,VSS,Metal1,209.7200,156.8000,0.000022
FILLER_35_360,VSS,Metal1,208.8800,156.8000,0.000022
FILLER_35_356,VSS,Metal1,206.8200,156.4510,0.000022
FILLER_35_323,VSS,Metal1,187.8800,156.8000,0.000022
FILLER_35_321,VSS,Metal1,187.0400,156.8000,0.000022
FILLER_35_290,VSS,Metal1,169.6800,156.8000,0.000022
FILLER_35_279,VSS,Metal1,163.2400,156.8000,0.000026
FILLER_35_275,VSS,Metal1,161.4600,156.4510,0.000026
FILLER_35_266,VSS,Metal1,156.4200,156.4510,0.000026
FILLER_35_260,VSS,Metal1,152.6000,156.8000,0.000028
FILLER_35_256,VSS,Metal1,150.8200,156.4510,0.000028
FILLER_35_226,VSS,Metal1,133.5600,156.8000,0.000029
FILLER_35_224,VSS,Metal1,132.7200,156.8000,0.000029
FILLER_35_212,VSS,Metal1,126.0000,156.8000,0.000029
FILLER_35_201,VSS,Metal1,119.5600,156.8000,0.000030
FILLER_35_199,VSS,Metal1,118.7200,156.8000,0.000030
FILLER_35_176,VSS,Metal1,105.5600,156.8000,0.000030
FILLER_35_174,VSS,Metal1,104.7200,156.8000,0.000030
FILLER_35_158,VSS,Metal1,95.7600,156.8000,0.000030
FILLER_35_154,VSS,Metal1,93.7000,156.4510,0.000030
FILLER_35_146,VSS,Metal1,90.2130,156.3380,0.000030
FILLER_35_138,VSS,Metal1,84.5600,156.8000,0.000031
FILLER_35_134,VSS,Metal1,82.5000,156.4510,0.000031
FILLER_35_118,VSS,Metal1,76.6720,156.2520,0.000031
FILLER_35_94,VSS,Metal1,63.2320,156.2520,0.000031
FILLER_35_76,VSS,Metal1,49.8400,156.8000,0.000031
FILLER_35_72,VSS,Metal1,47.7800,156.4510,0.000031
FILLER_35_68,VSS,Metal1,45.3600,156.8000,0.000031
FILLER_35_64,VSS,Metal1,43.3000,156.4510,0.000031
FILLER_35_55,VSS,Metal1,37.8000,156.8000,0.000031
FILLER_35_18,VSS,Metal1,17.0800,156.8000,0.000031
FILLER_34_425,VSS,Metal1,245.0000,148.9600,0.000058
FILLER_34_423,VSS,Metal1,244.1600,148.9600,0.000058
FILLER_34_419,VSS,Metal1,242.1000,149.3085,0.000058
FILLER_34_387,VSS,Metal1,231.7240,149.5575,0.000058
FILLER_34_383,VSS,Metal1,221.7600,148.9600,0.000058
FILLER_34_379,VSS,Metal1,219.7000,149.3085,0.000058
FILLER_34_369,VSS,Metal1,213.9200,148.9600,0.000058
FILLER_34_365,VSS,Metal1,211.8600,149.3085,0.000058
FILLER_34_327,VSS,Metal1,190.1200,148.9600,0.000058
FILLER_34_306,VSS,Metal1,178.3600,148.9600,0.000057
FILLER_34_302,VSS,Metal1,176.5800,149.3085,0.000057
FILLER_34_282,VSS,Metal1,164.9200,148.9600,0.000060
FILLER_34_278,VSS,Metal1,163.1400,149.3085,0.000061
FILLER_34_272,VSS,Metal1,159.6000,148.9600,0.000062
FILLER_34_256,VSS,Metal1,153.9520,149.5080,0.000063
FILLER_34_237,VSS,Metal1,140.1800,149.3085,0.000063
FILLER_34_230,VSS,Metal1,136.0800,148.9600,0.000066
FILLER_34_226,VSS,Metal1,134.0200,149.3085,0.000066
FILLER_34_182,VSS,Metal1,109.3800,149.3085,0.000068
FILLER_34_156,VSS,Metal1,94.3600,148.9600,0.000065
FILLER_34_152,VSS,Metal1,92.5800,149.3085,0.000064
FILLER_34_136,VSS,Metal1,86.7520,149.5080,0.000059
FILLER_34_117,VSS,Metal1,72.8000,148.9600,0.000057
FILLER_34_107,VSS,Metal1,66.9200,148.9600,0.000057
FILLER_34_104,VSS,Metal1,65.2400,148.9600,0.000050
FILLER_34_102,VSS,Metal1,64.4000,148.9600,0.000050
FILLER_34_59,VSS,Metal1,40.0400,148.9600,0.000049
FILLER_33_422,VSS,Metal1,243.7800,148.6110,0.000058
FILLER_33_418,VSS,Metal1,241.3600,148.9600,0.000058
FILLER_33_414,VSS,Metal1,239.3000,148.6110,0.000058
FILLER_33_406,VSS,Metal1,235.8130,148.4980,0.000058
FILLER_33_390,VSS,Metal1,228.9920,148.4120,0.000058
FILLER_33_352,VSS,Metal1,204.4000,148.9600,0.000058
FILLER_33_346,VSS,Metal1,201.2200,148.6110,0.000058
FILLER_33_313,VSS,Metal1,182.7400,148.6110,0.000057
FILLER_33_282,VSS,Metal1,165.2000,148.9600,0.000060
FILLER_33_278,VSS,Metal1,162.9600,148.9600,0.000061
FILLER_33_263,VSS,Metal1,154.2800,148.9600,0.000063
FILLER_33_232,VSS,Metal1,137.2000,148.9600,0.000064
FILLER_33_224,VSS,Metal1,133.8930,148.4980,0.000066
FILLER_33_212,VSS,Metal1,126.0000,148.9600,0.000067
FILLER_33_208,VSS,Metal1,123.7600,148.9600,0.000068
FILLER_33_142,VSS,Metal1,86.5200,148.9600,0.000059
FILLER_33_139,VSS,Metal1,84.8400,148.9600,0.000059
FILLER_33_137,VSS,Metal1,84.0000,148.9600,0.000059
FILLER_33_118,VSS,Metal1,73.3600,148.9600,0.000057
FILLER_33_72,VSS,Metal1,47.7800,148.6110,0.000050
FILLER_33_65,VSS,Metal1,43.4000,148.9600,0.000049
FILLER_33_63,VSS,Metal1,42.5600,148.9600,0.000049
FILLER_33_35,VSS,Metal1,26.8800,148.9600,0.000043
FILLER_33_31,VSS,Metal1,24.8200,148.6110,0.000041
FILLER_32_425,VSS,Metal1,245.0000,141.1200,0.000063
FILLER_32_417,VSS,Metal1,241.9730,141.5815,0.000063
FILLER_32_401,VSS,Metal1,235.1520,141.6680,0.000063
FILLER_32_374,VSS,Metal1,216.4400,141.1200,0.000060
FILLER_32_372,VSS,Metal1,215.6000,141.1200,0.000060
FILLER_32_321,VSS,Metal1,186.7600,141.1200,0.000060
FILLER_32_317,VSS,Metal1,184.9800,141.4685,0.000060
FILLER_32_303,VSS,Metal1,177.1400,141.4685,0.000064
FILLER_32_295,VSS,Metal1,173.6530,141.5815,0.000065
FILLER_32_247,VSS,Metal1,146.7730,141.5815,0.000090
FILLER_32_244,VSS,Metal1,143.6400,141.1200,0.000104
FILLER_32_240,VSS,Metal1,141.8600,141.4685,0.000104
FILLER_32_232,VSS,Metal1,138.3730,141.5815,0.000104
FILLER_32_181,VSS,Metal1,108.3600,141.1200,0.000106
FILLER_32_177,VSS,Metal1,106.5800,141.4685,0.000104
FILLER_32_107,VSS,Metal1,66.9200,141.1200,0.000087
FILLER_32_81,VSS,Metal1,52.6400,141.1200,0.000082
FILLER_32_77,VSS,Metal1,50.5800,141.4685,0.000079
FILLER_32_46,VSS,Metal1,33.0400,141.1200,0.000078
FILLER_31_422,VSS,Metal1,243.7800,140.7710,0.000063
FILLER_31_419,VSS,Metal1,241.6400,141.1200,0.000063
FILLER_31_417,VSS,Metal1,240.8000,141.1200,0.000063
FILLER_31_413,VSS,Metal1,238.7400,140.7710,0.000063
FILLER_31_405,VSS,Metal1,235.2530,140.6580,0.000063
FILLER_31_375,VSS,Metal1,217.0000,141.1200,0.000060
FILLER_31_373,VSS,Metal1,216.1600,141.1200,0.000060
FILLER_31_361,VSS,Metal1,209.4400,141.1200,0.000060
FILLER_31_349,VSS,Metal1,202.4400,141.1200,0.000060
FILLER_31_347,VSS,Metal1,201.6000,141.1200,0.000060
FILLER_31_306,VSS,Metal1,178.3600,141.1200,0.000064
FILLER_31_298,VSS,Metal1,175.3330,140.6580,0.000065
FILLER_31_282,VSS,Metal1,168.5120,140.5720,0.000074
FILLER_31_261,VSS,Metal1,153.1600,141.1200,0.000081
FILLER_31_257,VSS,Metal1,151.3800,140.7710,0.000081
FILLER_31_249,VSS,Metal1,147.8930,140.6580,0.000090
FILLER_31_233,VSS,Metal1,141.0720,140.5720,0.000104
FILLER_31_214,VSS,Metal1,126.8400,141.1200,0.000106
FILLER_31_212,VSS,Metal1,126.0000,141.1200,0.000106
FILLER_31_209,VSS,Metal1,124.0400,141.1200,0.000106
FILLER_31_207,VSS,Metal1,123.2000,141.1200,0.000106
FILLER_31_177,VSS,Metal1,106.1200,141.1200,0.000104
FILLER_31_173,VSS,Metal1,104.3400,140.7710,0.000102
FILLER_31_152,VSS,Metal1,92.1200,141.1200,0.000098
FILLER_31_150,VSS,Metal1,91.2800,141.1200,0.000098
FILLER_31_136,VSS,Metal1,83.6200,140.7710,0.000098
FILLER_31_97,VSS,Metal1,61.3200,141.1200,0.000087
FILLER_31_93,VSS,Metal1,59.5400,140.7710,0.000087
FILLER_31_84,VSS,Metal1,54.0400,141.1200,0.000084
FILLER_31_80,VSS,Metal1,52.2600,140.7710,0.000082
FILLER_31_72,VSS,Metal1,48.7730,140.6580,0.000078
FILLER_31_68,VSS,Metal1,45.3600,141.1200,0.000078
FILLER_31_64,VSS,Metal1,43.3000,140.7710,0.000078
FILLER_31_34,VSS,Metal1,26.0400,141.1200,0.000068
FILLER_31_32,VSS,Metal1,25.2000,141.1200,0.000068
FILLER_31_22,VSS,Metal1,19.3200,141.1200,0.000068
FILLER_31_20,VSS,Metal1,18.4800,141.1200,0.000068
FILLER_31_16,VSS,Metal1,16.4200,140.7710,0.000068
FILLER_31_6,VSS,Metal1,10.6400,141.1200,0.000068
FILLER_30_425,VSS,Metal1,245.0000,133.2800,0.000020
FILLER_30_421,VSS,Metal1,243.2200,133.6285,0.000020
FILLER_30_413,VSS,Metal1,239.7330,133.7415,0.000020
FILLER_30_373,VSS,Metal1,215.8800,133.2800,0.000019
FILLER_30_362,VSS,Metal1,210.0000,133.2800,0.000019
FILLER_30_319,VSS,Metal1,185.6400,133.2800,0.000018
FILLER_30_317,VSS,Metal1,184.8000,133.2800,0.000018
FILLER_30_311,VSS,Metal1,181.6200,133.6285,0.000017
FILLER_30_279,VSS,Metal1,171.2440,133.8775,0.000017
FILLER_30_271,VSS,Metal1,159.0400,133.2800,0.000017
FILLER_30_263,VSS,Metal1,155.7330,133.7415,0.000018
FILLER_30_247,VSS,Metal1,148.9120,133.8280,0.000018
FILLER_30_244,VSS,Metal1,143.6400,133.2800,0.000018
FILLER_30_236,VSS,Metal1,140.6130,133.7415,0.000018
FILLER_30_224,VSS,Metal1,132.4400,133.2800,0.000018
FILLER_30_208,VSS,Metal1,123.9400,133.6285,0.000017
FILLER_30_177,VSS,Metal1,106.4000,133.2800,0.000016
FILLER_30_162,VSS,Metal1,97.7200,133.2800,0.000016
FILLER_30_160,VSS,Metal1,96.8800,133.2800,0.000016
FILLER_30_156,VSS,Metal1,94.8200,133.6285,0.000016
FILLER_30_148,VSS,Metal1,91.3330,133.7415,0.000016
FILLER_30_139,VSS,Metal1,84.8400,133.2800,0.000015
FILLER_30_135,VSS,Metal1,83.0600,133.6285,0.000015
FILLER_30_127,VSS,Metal1,79.5730,133.7415,0.000015
FILLER_30_107,VSS,Metal1,70.5120,133.8280,0.000014
FILLER_30_101,VSS,Metal1,64.0200,133.6285,0.000014
FILLER_30_69,VSS,Metal1,53.6440,133.8775,0.000013
FILLER_30_50,VSS,Metal1,35.0000,133.2800,0.000011
FILLER_30_46,VSS,Metal1,33.2200,133.6285,0.000011
FILLER_30_31,VSS,Metal1,24.8200,133.6285,0.000010
FILLER_30_15,VSS,Metal1,18.9920,133.8280,0.000010
FILLER_30_6,VSS,Metal1,10.3600,133.2800,0.000010
FILLER_29_422,VSS,Metal1,243.7800,132.9310,0.000020
FILLER_29_416,VSS,Metal1,240.4200,132.9310,0.000020
FILLER_29_408,VSS,Metal1,236.9330,132.8180,0.000020
FILLER_29_378,VSS,Metal1,218.6800,133.2800,0.000020
FILLER_29_370,VSS,Metal1,215.6530,132.8180,0.000019
FILLER_29_346,VSS,Metal1,201.2200,132.9310,0.000019
FILLER_29_325,VSS,Metal1,189.4600,132.9310,0.000019
FILLER_29_306,VSS,Metal1,178.6400,133.2800,0.000017
FILLER_29_302,VSS,Metal1,176.5800,132.9310,0.000017
FILLER_29_294,VSS,Metal1,173.0930,132.8180,0.000017
FILLER_29_282,VSS,Metal1,165.2000,133.2800,0.000017
FILLER_29_270,VSS,Metal1,158.2000,133.2800,0.000017
FILLER_29_268,VSS,Metal1,157.3600,133.2800,0.000017
FILLER_29_260,VSS,Metal1,154.0530,132.8180,0.000018
FILLER_29_251,VSS,Metal1,147.5600,133.2800,0.000018
FILLER_29_146,VSS,Metal1,96.7640,132.6820,0.000016
FILLER_29_130,VSS,Metal1,80.0800,133.2800,0.000015
FILLER_29_122,VSS,Metal1,76.7730,132.8180,0.000014
FILLER_29_112,VSS,Metal1,70.0000,133.2800,0.000014
FILLER_29_104,VSS,Metal1,66.6930,132.8180,0.000014
FILLER_29_72,VSS,Metal1,55.3240,132.6820,0.000014
FILLER_29_69,VSS,Metal1,45.6400,133.2800,0.000013
FILLER_29_65,VSS,Metal1,43.8600,132.9310,0.000013
FILLER_29_49,VSS,Metal1,38.0320,132.7320,0.000011
FILLER_29_32,VSS,Metal1,24.9200,133.2800,0.000010
FILLER_29_30,VSS,Metal1,24.0800,133.2800,0.000010
FILLER_29_26,VSS,Metal1,22.0200,132.9310,0.000010
FILLER_29_18,VSS,Metal1,18.5330,132.8180,0.000010
FILLER_29_2,VSS,Metal1,11.7120,132.7320,0.000010
FILLER_28_424,VSS,Metal1,244.7200,125.4400,0.000037
FILLER_28_420,VSS,Metal1,242.6600,125.7885,0.000037
FILLER_28_404,VSS,Metal1,236.8320,125.9880,0.000037
FILLER_28_384,VSS,Metal1,222.0400,125.4400,0.000037
FILLER_28_382,VSS,Metal1,221.2000,125.4400,0.000037
FILLER_28_378,VSS,Metal1,219.1400,125.7885,0.000037
FILLER_28_370,VSS,Metal1,215.6530,125.9015,0.000037
FILLER_28_350,VSS,Metal1,203.4600,125.7885,0.000037
FILLER_28_328,VSS,Metal1,190.6800,125.4400,0.000036
FILLER_28_321,VSS,Metal1,187.0400,125.4400,0.000036
FILLER_28_317,VSS,Metal1,184.9800,125.7885,0.000036
FILLER_28_313,VSS,Metal1,182.5600,125.4400,0.000036
FILLER_28_260,VSS,Metal1,152.8800,125.4400,0.000038
FILLER_28_256,VSS,Metal1,150.8200,125.7885,0.000038
FILLER_28_243,VSS,Metal1,143.3600,125.4400,0.000038
FILLER_28_234,VSS,Metal1,138.0400,125.4400,0.000038
FILLER_28_222,VSS,Metal1,131.7800,125.7885,0.000038
FILLER_28_192,VSS,Metal1,114.5200,125.4400,0.000037
FILLER_28_184,VSS,Metal1,111.4930,125.9015,0.000037
FILLER_28_179,VSS,Metal1,107.2400,125.4400,0.000036
FILLER_28_177,VSS,Metal1,106.4000,125.4400,0.000036
FILLER_28_173,VSS,Metal1,104.1600,125.4400,0.000035
FILLER_28_169,VSS,Metal1,102.1000,125.7885,0.000035
FILLER_28_155,VSS,Metal1,95.2530,125.9015,0.000033
FILLER_28_124,VSS,Metal1,76.7200,125.4400,0.000032
FILLER_28_115,VSS,Metal1,71.4000,125.4400,0.000032
FILLER_28_107,VSS,Metal1,68.3730,125.9015,0.000032
FILLER_28_103,VSS,Metal1,64.9600,125.4400,0.000027
FILLER_28_99,VSS,Metal1,62.9000,125.7885,0.000027
FILLER_28_83,VSS,Metal1,57.0720,125.9880,0.000027
FILLER_28_71,VSS,Metal1,47.2200,125.7885,0.000026
FILLER_28_63,VSS,Metal1,42.7400,125.7885,0.000025
FILLER_28_53,VSS,Metal1,36.9600,125.4400,0.000025
FILLER_28_37,VSS,Metal1,31.3120,125.9880,0.000025
FILLER_28_33,VSS,Metal1,25.7600,125.4400,0.000025
FILLER_28_22,VSS,Metal1,19.6000,125.4400,0.000025
FILLER_28_6,VSS,Metal1,13.9520,125.9880,0.000025
FILLER_27_422,VSS,Metal1,243.7800,125.0910,0.000037
FILLER_27_419,VSS,Metal1,241.6400,125.4400,0.000037
FILLER_27_417,VSS,Metal1,240.8000,125.4400,0.000037
FILLER_27_409,VSS,Metal1,237.4930,124.9780,0.000037
FILLER_27_393,VSS,Metal1,230.6720,124.8920,0.000037
FILLER_27_385,VSS,Metal1,222.8800,125.4400,0.000037
FILLER_27_381,VSS,Metal1,220.8200,125.0910,0.000037
FILLER_27_332,VSS,Metal1,193.3800,125.0910,0.000036
FILLER_27_293,VSS,Metal1,171.3600,125.4400,0.000036
FILLER_27_276,VSS,Metal1,162.0200,125.0910,0.000036
FILLER_27_226,VSS,Metal1,133.5600,125.4400,0.000038
FILLER_27_224,VSS,Metal1,132.7200,125.4400,0.000038
FILLER_27_220,VSS,Metal1,130.6600,125.0910,0.000037
FILLER_27_212,VSS,Metal1,127.1730,124.9780,0.000037
FILLER_27_209,VSS,Metal1,124.0400,125.4400,0.000037
FILLER_27_207,VSS,Metal1,123.2000,125.4400,0.000037
FILLER_27_186,VSS,Metal1,111.1600,125.4400,0.000037
FILLER_27_182,VSS,Metal1,109.3800,125.0910,0.000036
FILLER_27_173,VSS,Metal1,103.8800,125.4400,0.000035
FILLER_27_171,VSS,Metal1,103.0400,125.4400,0.000035
FILLER_27_152,VSS,Metal1,92.1200,125.4400,0.000032
FILLER_27_150,VSS,Metal1,91.2800,125.4400,0.000032
FILLER_27_142,VSS,Metal1,87.9730,124.9780,0.000032
FILLER_27_138,VSS,Metal1,84.5600,125.4400,0.000032
FILLER_27_134,VSS,Metal1,82.5000,125.0910,0.000032
FILLER_27_97,VSS,Metal1,62.7730,124.9780,0.000027
FILLER_27_72,VSS,Metal1,47.3200,125.4400,0.000026
FILLER_27_40,VSS,Metal1,29.4000,125.4400,0.000025
FILLER_27_10,VSS,Metal1,12.6000,125.4400,0.000025
FILLER_27_6,VSS,Metal1,10.8200,125.0910,0.000025
FILLER_26_425,VSS,Metal1,245.0000,117.6000,0.000027
FILLER_26_423,VSS,Metal1,244.1600,117.6000,0.000027
FILLER_26_419,VSS,Metal1,242.1000,117.9485,0.000027
FILLER_26_387,VSS,Metal1,231.7240,118.1975,0.000027
FILLER_26_384,VSS,Metal1,222.0400,117.6000,0.000027
FILLER_26_382,VSS,Metal1,221.2000,117.6000,0.000027
FILLER_26_374,VSS,Metal1,217.8930,118.0615,0.000027
FILLER_26_323,VSS,Metal1,187.8800,117.6000,0.000027
FILLER_26_321,VSS,Metal1,187.0400,117.6000,0.000027
FILLER_26_317,VSS,Metal1,184.9800,117.9485,0.000027
FILLER_26_307,VSS,Metal1,180.3730,118.0615,0.000026
FILLER_26_284,VSS,Metal1,166.3200,117.6000,0.000027
FILLER_26_243,VSS,Metal1,143.3600,117.6000,0.000032
FILLER_26_230,VSS,Metal1,135.8000,117.6000,0.000032
FILLER_26_226,VSS,Metal1,134.0200,117.9485,0.000032
FILLER_26_210,VSS,Metal1,128.1920,118.1480,0.000032
FILLER_26_188,VSS,Metal1,113.7330,118.0615,0.000032
FILLER_26_144,VSS,Metal1,87.9200,117.6000,0.000032
FILLER_26_140,VSS,Metal1,85.8600,117.9485,0.000032
FILLER_26_131,VSS,Metal1,80.3600,117.6000,0.000031
FILLER_26_123,VSS,Metal1,77.3330,118.0615,0.000031
FILLER_26_107,VSS,Metal1,70.5120,118.1480,0.000031
FILLER_26_31,VSS,Metal1,24.8200,117.9485,0.000027
FILLER_25_422,VSS,Metal1,243.7800,117.2510,0.000027
FILLER_25_416,VSS,Metal1,240.4200,117.2510,0.000027
FILLER_25_352,VSS,Metal1,221.0445,116.9620,0.000027
FILLER_25_320,VSS,Metal1,186.2000,117.6000,0.000027
FILLER_25_318,VSS,Metal1,185.3600,117.6000,0.000027
FILLER_25_314,VSS,Metal1,183.3000,117.2510,0.000026
FILLER_25_298,VSS,Metal1,177.4720,117.0520,0.000026
FILLER_25_278,VSS,Metal1,162.9600,117.6000,0.000028
FILLER_25_217,VSS,Metal1,136.5240,117.0020,0.000032
FILLER_25_180,VSS,Metal1,107.8000,117.6000,0.000032
FILLER_25_178,VSS,Metal1,106.9600,117.6000,0.000032
FILLER_25_142,VSS,Metal1,86.8000,117.6000,0.000032
FILLER_25_132,VSS,Metal1,82.3730,117.1380,0.000031
FILLER_25_116,VSS,Metal1,75.5520,117.0520,0.000031
FILLER_25_98,VSS,Metal1,61.8800,117.6000,0.000029
FILLER_25_37,VSS,Metal1,28.1800,117.2510,0.000028
FILLER_24_425,VSS,Metal1,245.0000,109.7600,0.000014
FILLER_24_423,VSS,Metal1,244.1600,109.7600,0.000014
FILLER_24_419,VSS,Metal1,242.1000,110.1085,0.000014
FILLER_24_387,VSS,Metal1,231.7240,110.3575,0.000014
FILLER_24_381,VSS,Metal1,220.8200,110.1085,0.000014
FILLER_24_317,VSS,Metal1,201.4445,110.3975,0.000014
FILLER_24_314,VSS,Metal1,182.8400,109.7600,0.000014
FILLER_24_306,VSS,Metal1,179.8130,110.2215,0.000014
FILLER_24_274,VSS,Metal1,168.4440,110.3575,0.000015
FILLER_24_247,VSS,Metal1,145.6000,109.7600,0.000015
FILLER_24_233,VSS,Metal1,137.9400,110.1085,0.000015
FILLER_24_225,VSS,Metal1,134.4530,110.2215,0.000016
FILLER_24_211,VSS,Metal1,125.4400,109.7600,0.000016
FILLER_24_181,VSS,Metal1,108.3600,109.7600,0.000016
FILLER_24_177,VSS,Metal1,106.5800,110.1085,0.000016
FILLER_24_174,VSS,Metal1,104.4400,109.7600,0.000016
FILLER_24_172,VSS,Metal1,103.6000,109.7600,0.000015
FILLER_24_152,VSS,Metal1,92.4000,109.7600,0.000015
FILLER_24_148,VSS,Metal1,90.3400,110.1085,0.000015
FILLER_24_140,VSS,Metal1,86.8530,110.2215,0.000015
FILLER_24_124,VSS,Metal1,80.0320,110.3080,0.000015
FILLER_24_112,VSS,Metal1,70.0000,109.7600,0.000014
FILLER_24_104,VSS,Metal1,65.2400,109.7600,0.000014
FILLER_24_87,VSS,Metal1,55.7200,109.7600,0.000012
FILLER_24_85,VSS,Metal1,54.8800,109.7600,0.000012
FILLER_24_47,VSS,Metal1,33.3200,109.7600,0.000011
FILLER_24_45,VSS,Metal1,32.4800,109.7600,0.000011
FILLER_24_37,VSS,Metal1,29.1730,110.2215,0.000011
FILLER_24_2,VSS,Metal1,8.5800,110.1085,0.000011
FILLER_23_422,VSS,Metal1,243.7800,109.4110,0.000014
FILLER_23_416,VSS,Metal1,240.4200,109.4110,0.000014
FILLER_23_352,VSS,Metal1,221.0445,109.1220,0.000014
FILLER_23_349,VSS,Metal1,202.4400,109.7600,0.000014
FILLER_23_347,VSS,Metal1,201.6000,109.7600,0.000014
FILLER_23_343,VSS,Metal1,199.5400,109.4110,0.000014
FILLER_23_335,VSS,Metal1,196.0530,109.2980,0.000014
FILLER_23_305,VSS,Metal1,177.8000,109.7600,0.000014
FILLER_23_297,VSS,Metal1,174.7730,109.2980,0.000015
FILLER_23_287,VSS,Metal1,168.1800,109.4110,0.000015
FILLER_23_279,VSS,Metal1,163.2400,109.7600,0.000015
FILLER_23_275,VSS,Metal1,161.4600,109.4110,0.000015
FILLER_23_267,VSS,Metal1,157.9730,109.2980,0.000015
FILLER_23_256,VSS,Metal1,150.3600,109.7600,0.000015
FILLER_23_248,VSS,Metal1,147.3330,109.2980,0.000015
FILLER_23_234,VSS,Metal1,138.0400,109.7600,0.000015
FILLER_23_230,VSS,Metal1,136.2600,109.4110,0.000016
FILLER_23_222,VSS,Metal1,132.7730,109.2980,0.000016
FILLER_23_212,VSS,Metal1,126.0000,109.7600,0.000016
FILLER_23_204,VSS,Metal1,121.2400,109.7600,0.000016
FILLER_23_182,VSS,Metal1,109.3800,109.4110,0.000016
FILLER_23_174,VSS,Metal1,105.8930,109.2980,0.000016
FILLER_23_142,VSS,Metal1,94.5240,109.1620,0.000015
FILLER_23_139,VSS,Metal1,84.8400,109.7600,0.000015
FILLER_23_135,VSS,Metal1,83.0600,109.4110,0.000015
FILLER_23_128,VSS,Metal1,78.6800,109.7600,0.000015
FILLER_23_126,VSS,Metal1,77.8400,109.7600,0.000015
FILLER_23_112,VSS,Metal1,69.7200,109.7600,0.000014
FILLER_23_108,VSS,Metal1,67.9400,109.4110,0.000014
FILLER_23_96,VSS,Metal1,62.2130,109.2980,0.000012
FILLER_23_80,VSS,Metal1,55.3920,109.2120,0.000012
FILLER_23_74,VSS,Metal1,48.4400,109.7600,0.000011
FILLER_23_72,VSS,Metal1,47.6000,109.7600,0.000011
FILLER_23_50,VSS,Metal1,35.0000,109.7600,0.000011
FILLER_23_42,VSS,Metal1,31.9730,109.2980,0.000011
FILLER_23_15,VSS,Metal1,15.8600,109.4110,0.000010
FILLER_23_6,VSS,Metal1,10.3600,109.7600,0.000011
FILLER_22_425,VSS,Metal1,245.0000,101.9200,0.000020
FILLER_22_423,VSS,Metal1,244.1600,101.9200,0.000020
FILLER_22_419,VSS,Metal1,242.1000,102.2685,0.000020
FILLER_22_387,VSS,Metal1,231.7240,102.5175,0.000020
FILLER_22_383,VSS,Metal1,221.7600,101.9200,0.000020
FILLER_22_379,VSS,Metal1,219.7000,102.2685,0.000020
FILLER_22_347,VSS,Metal1,209.3240,102.5175,0.000020
FILLER_22_330,VSS,Metal1,191.8000,101.9200,0.000020
FILLER_22_323,VSS,Metal1,188.1600,101.9200,0.000020
FILLER_22_314,VSS,Metal1,182.8400,101.9200,0.000020
FILLER_22_312,VSS,Metal1,182.0000,101.9200,0.000020
FILLER_22_306,VSS,Metal1,178.3600,101.9200,0.000020
FILLER_22_302,VSS,Metal1,176.5800,102.2685,0.000020
FILLER_22_294,VSS,Metal1,173.0930,102.3815,0.000020
FILLER_22_280,VSS,Metal1,163.8000,101.9200,0.000020
FILLER_22_274,VSS,Metal1,160.4400,101.9200,0.000020
FILLER_22_272,VSS,Metal1,159.6000,101.9200,0.000021
FILLER_22_268,VSS,Metal1,157.5400,102.2685,0.000021
FILLER_22_252,VSS,Metal1,151.7120,102.4680,0.000022
FILLER_22_244,VSS,Metal1,143.6400,101.9200,0.000022
FILLER_22_242,VSS,Metal1,142.8000,101.9200,0.000022
FILLER_22_231,VSS,Metal1,136.3600,101.9200,0.000022
FILLER_22_229,VSS,Metal1,135.5200,101.9200,0.000022
FILLER_22_225,VSS,Metal1,133.4600,102.2685,0.000022
FILLER_22_195,VSS,Metal1,116.2000,101.9200,0.000022
FILLER_22_193,VSS,Metal1,115.3600,101.9200,0.000022
FILLER_22_177,VSS,Metal1,109.7120,102.4680,0.000022
FILLER_22_174,VSS,Metal1,104.4400,101.9200,0.000022
FILLER_22_172,VSS,Metal1,103.6000,101.9200,0.000022
FILLER_22_168,VSS,Metal1,101.5400,102.2685,0.000022
FILLER_22_152,VSS,Metal1,95.7120,102.4680,0.000022
FILLER_22_122,VSS,Metal1,75.3200,101.9200,0.000020
FILLER_22_113,VSS,Metal1,70.2800,101.9200,0.000020
FILLER_22_111,VSS,Metal1,69.4400,101.9200,0.000020
FILLER_22_107,VSS,Metal1,67.3800,102.2685,0.000020
FILLER_22_73,VSS,Metal1,55.8840,102.5175,0.000019
FILLER_22_37,VSS,Metal1,35.7240,102.5175,0.000016
FILLER_22_28,VSS,Metal1,22.6800,101.9200,0.000016
FILLER_22_26,VSS,Metal1,21.8400,101.9200,0.000016
FILLER_22_18,VSS,Metal1,18.5330,102.3815,0.000016
FILLER_22_2,VSS,Metal1,11.7120,102.4680,0.000016
FILLER_21_422,VSS,Metal1,243.7800,101.5710,0.000020
FILLER_21_419,VSS,Metal1,241.6400,101.9200,0.000020
FILLER_21_417,VSS,Metal1,240.8000,101.9200,0.000020
FILLER_21_409,VSS,Metal1,237.4930,101.4580,0.000020
FILLER_21_377,VSS,Metal1,226.1240,101.3220,0.000020
FILLER_21_282,VSS,Metal1,165.2000,101.9200,0.000020
FILLER_21_272,VSS,Metal1,159.3200,101.9200,0.000021
FILLER_21_261,VSS,Metal1,153.6200,101.5710,0.000022
FILLER_21_222,VSS,Metal1,131.6000,101.9200,0.000022
FILLER_21_218,VSS,Metal1,129.5400,101.5710,0.000022
FILLER_21_203,VSS,Metal1,120.6800,101.9200,0.000022
FILLER_21_197,VSS,Metal1,117.3200,101.9200,0.000022
FILLER_21_195,VSS,Metal1,116.4800,101.9200,0.000022
FILLER_21_187,VSS,Metal1,113.1730,101.4580,0.000022
FILLER_21_171,VSS,Metal1,106.3520,101.3720,0.000022
FILLER_21_138,VSS,Metal1,84.5600,101.9200,0.000022
FILLER_21_134,VSS,Metal1,82.5000,101.5710,0.000022
FILLER_21_120,VSS,Metal1,74.2000,101.9200,0.000020
FILLER_21_104,VSS,Metal1,68.8320,101.3720,0.000020
FILLER_21_72,VSS,Metal1,55.3240,101.3220,0.000019
FILLER_21_69,VSS,Metal1,45.6400,101.9200,0.000016
FILLER_21_67,VSS,Metal1,44.8000,101.9200,0.000016
FILLER_21_63,VSS,Metal1,42.7400,101.5710,0.000016
FILLER_21_47,VSS,Metal1,36.9120,101.3720,0.000016
FILLER_21_14,VSS,Metal1,15.3000,101.5710,0.000016
FILLER_21_6,VSS,Metal1,11.8130,101.4580,0.000016
FILLER_20_425,VSS,Metal1,245.0000,94.0800,0.000075
FILLER_20_423,VSS,Metal1,244.1600,94.0800,0.000075
FILLER_20_419,VSS,Metal1,242.1000,94.4285,0.000075
FILLER_20_387,VSS,Metal1,231.7240,94.6775,0.000075
FILLER_20_381,VSS,Metal1,220.8200,94.4285,0.000075
FILLER_20_365,VSS,Metal1,214.9920,94.6280,0.000075
FILLER_20_317,VSS,Metal1,184.5200,94.0800,0.000069
FILLER_20_299,VSS,Metal1,174.9000,94.4285,0.000033
FILLER_20_275,VSS,Metal1,161.4600,94.4285,0.000032
FILLER_20_239,VSS,Metal1,140.8400,94.0800,0.000026
FILLER_20_237,VSS,Metal1,140.0000,94.0800,0.000026
FILLER_20_229,VSS,Metal1,136.6930,94.5415,0.000026
FILLER_20_213,VSS,Metal1,129.8720,94.6280,0.000026
FILLER_20_181,VSS,Metal1,116.3640,94.6775,0.000025
FILLER_20_173,VSS,Metal1,104.1600,94.0800,0.000022
FILLER_20_169,VSS,Metal1,102.1000,94.4285,0.000022
FILLER_20_153,VSS,Metal1,96.2720,94.6280,0.000021
FILLER_20_148,VSS,Metal1,89.8800,94.0800,0.000020
FILLER_20_132,VSS,Metal1,84.5120,94.6280,0.000020
FILLER_20_123,VSS,Metal1,75.8800,94.0800,0.000019
FILLER_20_107,VSS,Metal1,70.5120,94.6280,0.000019
FILLER_20_95,VSS,Metal1,60.2000,94.0800,0.000018
FILLER_20_93,VSS,Metal1,59.3600,94.0800,0.000018
FILLER_20_85,VSS,Metal1,56.0530,94.5415,0.000017
FILLER_20_69,VSS,Metal1,49.2320,94.6280,0.000016
FILLER_20_60,VSS,Metal1,40.6000,94.0800,0.000015
FILLER_20_58,VSS,Metal1,39.7600,94.0800,0.000015
FILLER_20_54,VSS,Metal1,37.7000,94.4285,0.000015
FILLER_20_46,VSS,Metal1,34.2130,94.5415,0.000014
FILLER_20_33,VSS,Metal1,25.7600,94.0800,0.000012
FILLER_20_29,VSS,Metal1,23.7000,94.4285,0.000012
FILLER_20_13,VSS,Metal1,17.8720,94.6280,0.000012
FILLER_20_4,VSS,Metal1,9.2400,94.0800,0.000012
FILLER_20_2,VSS,Metal1,8.4000,94.0800,0.000012
FILLER_19_422,VSS,Metal1,243.7800,93.7310,0.000075
FILLER_19_418,VSS,Metal1,241.3600,94.0800,0.000075
FILLER_19_414,VSS,Metal1,239.3000,93.7310,0.000075
FILLER_19_406,VSS,Metal1,235.8130,93.6180,0.000075
FILLER_19_390,VSS,Metal1,228.9920,93.5320,0.000075
FILLER_19_358,VSS,Metal1,215.4840,93.4820,0.000075
FILLER_19_292,VSS,Metal1,174.1120,93.5320,0.000033
FILLER_19_279,VSS,Metal1,163.2400,94.0800,0.000032
FILLER_19_265,VSS,Metal1,155.4000,94.0800,0.000031
FILLER_19_263,VSS,Metal1,154.5600,94.0800,0.000031
FILLER_19_253,VSS,Metal1,148.9600,94.0800,0.000031
FILLER_19_249,VSS,Metal1,146.9000,93.7310,0.000031
FILLER_19_241,VSS,Metal1,143.4130,93.6180,0.000027
FILLER_19_225,VSS,Metal1,136.5920,93.5320,0.000026
FILLER_19_212,VSS,Metal1,125.7200,94.0800,0.000025
FILLER_19_194,VSS,Metal1,119.2320,93.5320,0.000025
FILLER_19_166,VSS,Metal1,100.2400,94.0800,0.000021
FILLER_19_142,VSS,Metal1,87.9730,93.6180,0.000020
FILLER_19_139,VSS,Metal1,84.8400,94.0800,0.000020
FILLER_19_137,VSS,Metal1,84.0000,94.0800,0.000020
FILLER_19_129,VSS,Metal1,80.6930,93.6180,0.000020
FILLER_19_117,VSS,Metal1,72.8000,94.0800,0.000019
FILLER_19_109,VSS,Metal1,69.4930,93.6180,0.000019
FILLER_19_100,VSS,Metal1,63.2800,94.0800,0.000018
FILLER_19_90,VSS,Metal1,57.6800,94.0800,0.000018
FILLER_19_72,VSS,Metal1,47.6000,94.0800,0.000016
FILLER_19_69,VSS,Metal1,45.6400,94.0800,0.000016
FILLER_19_60,VSS,Metal1,40.6000,94.0800,0.000015
FILLER_19_56,VSS,Metal1,38.8200,93.7310,0.000015
FILLER_19_48,VSS,Metal1,35.3330,93.6180,0.000014
FILLER_19_26,VSS,Metal1,21.8400,94.0800,0.000012
FILLER_19_18,VSS,Metal1,18.5330,93.6180,0.000012
FILLER_18_425,VSS,Metal1,245.0000,86.2400,0.000010
FILLER_18_423,VSS,Metal1,244.1600,86.2400,0.000010
FILLER_18_419,VSS,Metal1,242.1000,86.5885,0.000010
FILLER_18_387,VSS,Metal1,231.7240,86.8375,0.000010
FILLER_18_384,VSS,Metal1,222.0400,86.2400,0.000010
FILLER_18_382,VSS,Metal1,221.2000,86.2400,0.000010
FILLER_18_327,VSS,Metal1,190.1200,86.2400,0.000010
FILLER_18_317,VSS,Metal1,184.8000,86.2400,0.000009
FILLER_18_314,VSS,Metal1,182.8400,86.2400,0.000009
FILLER_18_309,VSS,Metal1,180.0400,86.2400,0.000009
FILLER_18_307,VSS,Metal1,179.2000,86.2400,0.000009
FILLER_18_303,VSS,Metal1,177.1400,86.5885,0.000009
FILLER_18_295,VSS,Metal1,173.6530,86.7015,0.000010
FILLER_18_283,VSS,Metal1,165.7600,86.2400,0.000010
FILLER_18_275,VSS,Metal1,161.0000,86.2400,0.000010
FILLER_18_271,VSS,Metal1,159.2200,86.5885,0.000010
FILLER_18_263,VSS,Metal1,155.7330,86.7015,0.000011
FILLER_18_247,VSS,Metal1,148.9120,86.7880,0.000011
FILLER_18_241,VSS,Metal1,142.4200,86.5885,0.000011
FILLER_18_233,VSS,Metal1,138.9330,86.7015,0.000011
FILLER_18_174,VSS,Metal1,104.4400,86.2400,0.000012
FILLER_18_145,VSS,Metal1,88.2000,86.2400,0.000012
FILLER_18_141,VSS,Metal1,86.4200,86.5885,0.000012
FILLER_18_119,VSS,Metal1,73.6400,86.2400,0.000013
FILLER_18_104,VSS,Metal1,65.2400,86.2400,0.000013
FILLER_18_45,VSS,Metal1,33.6530,86.7015,0.000013
FILLER_18_31,VSS,Metal1,24.8200,86.5885,0.000012
FILLER_17_422,VSS,Metal1,243.7800,85.8910,0.000010
FILLER_17_416,VSS,Metal1,240.4200,85.8910,0.000010
FILLER_17_352,VSS,Metal1,221.0445,85.6020,0.000010
FILLER_17_346,VSS,Metal1,201.2200,85.8910,0.000010
FILLER_17_330,VSS,Metal1,192.0800,86.2400,0.000010
FILLER_17_326,VSS,Metal1,190.0200,85.8910,0.000010
FILLER_17_310,VSS,Metal1,184.1920,85.6920,0.000009
FILLER_17_302,VSS,Metal1,176.4000,86.2400,0.000010
FILLER_17_298,VSS,Metal1,174.3400,85.8910,0.000010
FILLER_17_282,VSS,Metal1,168.5120,85.6920,0.000010
FILLER_17_278,VSS,Metal1,162.9600,86.2400,0.000010
FILLER_17_270,VSS,Metal1,159.6530,85.7780,0.000010
FILLER_17_264,VSS,Metal1,154.8400,86.2400,0.000011
FILLER_17_262,VSS,Metal1,154.0000,86.2400,0.000011
FILLER_17_246,VSS,Metal1,148.3520,85.6920,0.000011
FILLER_17_195,VSS,Metal1,116.2000,86.2400,0.000011
FILLER_17_176,VSS,Metal1,106.0200,85.8910,0.000012
FILLER_17_164,VSS,Metal1,98.8400,86.2400,0.000012
FILLER_17_148,VSS,Metal1,93.4720,85.6920,0.000012
FILLER_17_139,VSS,Metal1,84.8400,86.2400,0.000012
FILLER_17_112,VSS,Metal1,69.7200,86.2400,0.000013
FILLER_17_81,VSS,Metal1,52.8200,85.8910,0.000013
FILLER_17_72,VSS,Metal1,47.3200,86.2400,0.000013
FILLER_17_69,VSS,Metal1,45.6400,86.2400,0.000013
FILLER_17_65,VSS,Metal1,43.8600,85.8910,0.000013
FILLER_17_49,VSS,Metal1,38.0320,85.6920,0.000013
FILLER_17_37,VSS,Metal1,27.7200,86.2400,0.000013
FILLER_17_35,VSS,Metal1,26.8800,86.2400,0.000013
FILLER_17_31,VSS,Metal1,24.8200,85.8910,0.000012
FILLER_16_425,VSS,Metal1,245.0000,78.4000,0.000020
FILLER_16_423,VSS,Metal1,244.1600,78.4000,0.000020
FILLER_16_419,VSS,Metal1,242.1000,78.7485,0.000020
FILLER_16_387,VSS,Metal1,231.7240,78.9975,0.000020
FILLER_16_381,VSS,Metal1,220.8200,78.7485,0.000020
FILLER_16_317,VSS,Metal1,201.4445,79.0375,0.000020
FILLER_16_305,VSS,Metal1,178.2600,78.7485,0.000020
FILLER_16_273,VSS,Metal1,167.8840,78.9975,0.000023
FILLER_16_267,VSS,Metal1,156.5200,78.4000,0.000024
FILLER_16_265,VSS,Metal1,155.6800,78.4000,0.000024
FILLER_16_261,VSS,Metal1,153.6200,78.7485,0.000025
FILLER_16_253,VSS,Metal1,150.1330,78.8615,0.000028
FILLER_16_247,VSS,Metal1,145.3200,78.4000,0.000030
FILLER_16_243,VSS,Metal1,143.3600,78.4000,0.000030
FILLER_16_239,VSS,Metal1,141.3000,78.7485,0.000030
FILLER_16_226,VSS,Metal1,133.5600,78.4000,0.000030
FILLER_16_159,VSS,Metal1,96.5000,78.7485,0.000044
FILLER_16_113,VSS,Metal1,70.7400,78.7485,0.000044
FILLER_16_107,VSS,Metal1,66.9200,78.4000,0.000044
FILLER_16_43,VSS,Metal1,31.0800,78.4000,0.000044
FILLER_16_41,VSS,Metal1,30.2400,78.4000,0.000044
FILLER_16_37,VSS,Metal1,28.1800,78.7485,0.000044
FILLER_16_29,VSS,Metal1,23.2400,78.4000,0.000044
FILLER_16_27,VSS,Metal1,22.4000,78.4000,0.000044
FILLER_16_18,VSS,Metal1,17.0800,78.4000,0.000044
FILLER_15_422,VSS,Metal1,243.7800,78.0510,0.000020
FILLER_15_416,VSS,Metal1,240.4200,78.0510,0.000020
FILLER_15_352,VSS,Metal1,221.0445,77.7620,0.000020
FILLER_15_349,VSS,Metal1,202.4400,78.4000,0.000020
FILLER_15_347,VSS,Metal1,201.6000,78.4000,0.000020
FILLER_15_343,VSS,Metal1,199.5400,78.0510,0.000020
FILLER_15_298,VSS,Metal1,174.3400,78.0510,0.000023
FILLER_15_282,VSS,Metal1,168.5120,77.8520,0.000023
FILLER_15_279,VSS,Metal1,163.2400,78.4000,0.000023
FILLER_15_277,VSS,Metal1,162.4000,78.4000,0.000023
FILLER_15_269,VSS,Metal1,159.0930,77.9380,0.000023
FILLER_15_212,VSS,Metal1,126.0000,78.4000,0.000030
FILLER_15_209,VSS,Metal1,124.0400,78.4000,0.000030
FILLER_15_207,VSS,Metal1,123.2000,78.4000,0.000030
FILLER_15_203,VSS,Metal1,121.1400,78.0510,0.000030
FILLER_15_195,VSS,Metal1,117.6530,77.9380,0.000030
FILLER_15_179,VSS,Metal1,110.8320,77.8520,0.000031
FILLER_15_167,VSS,Metal1,100.8000,78.4000,0.000032
FILLER_15_163,VSS,Metal1,98.7400,78.0510,0.000032
FILLER_15_155,VSS,Metal1,95.2530,77.9380,0.000044
FILLER_15_142,VSS,Metal1,87.9730,77.9380,0.000044
FILLER_15_139,VSS,Metal1,84.8400,78.4000,0.000044
FILLER_15_131,VSS,Metal1,81.8130,77.9380,0.000044
FILLER_15_108,VSS,Metal1,67.7600,78.4000,0.000044
FILLER_15_104,VSS,Metal1,65.7000,78.0510,0.000044
FILLER_15_82,VSS,Metal1,52.9200,78.4000,0.000044
FILLER_15_80,VSS,Metal1,52.0800,78.4000,0.000044
FILLER_15_72,VSS,Metal1,48.7730,77.9380,0.000044
FILLER_15_69,VSS,Metal1,45.6400,78.4000,0.000044
FILLER_15_67,VSS,Metal1,44.8000,78.4000,0.000044
FILLER_15_63,VSS,Metal1,42.7400,78.0510,0.000044
FILLER_15_55,VSS,Metal1,37.8000,78.4000,0.000044
FILLER_15_53,VSS,Metal1,36.9600,78.4000,0.000044
FILLER_15_18,VSS,Metal1,17.0800,78.4000,0.000044
FILLER_15_2,VSS,Metal1,11.7120,77.8520,0.000044
FILLER_14_425,VSS,Metal1,245.0000,70.5600,0.000033
FILLER_14_423,VSS,Metal1,244.1600,70.5600,0.000033
FILLER_14_419,VSS,Metal1,242.1000,70.9085,0.000033
FILLER_14_387,VSS,Metal1,231.7240,71.1575,0.000033
FILLER_14_384,VSS,Metal1,222.0400,70.5600,0.000033
FILLER_14_380,VSS,Metal1,220.2600,70.9085,0.000033
FILLER_14_372,VSS,Metal1,216.7730,71.0215,0.000033
FILLER_14_340,VSS,Metal1,205.4040,71.1575,0.000033
FILLER_14_306,VSS,Metal1,178.3600,70.5600,0.000033
FILLER_14_304,VSS,Metal1,177.5200,70.5600,0.000033
FILLER_14_296,VSS,Metal1,174.2130,71.0215,0.000033
FILLER_14_229,VSS,Metal1,135.2400,70.5600,0.000038
FILLER_14_225,VSS,Metal1,133.4600,70.9085,0.000038
FILLER_14_217,VSS,Metal1,129.9730,71.0215,0.000037
FILLER_14_201,VSS,Metal1,119.5600,70.5600,0.000036
FILLER_14_193,VSS,Metal1,116.5330,71.0215,0.000036
FILLER_14_177,VSS,Metal1,109.7120,71.1080,0.000036
FILLER_14_171,VSS,Metal1,103.2200,70.9085,0.000036
FILLER_14_107,VSS,Metal1,83.8445,71.1975,0.000034
FILLER_14_104,VSS,Metal1,65.2400,70.5600,0.000034
FILLER_14_102,VSS,Metal1,64.4000,70.5600,0.000034
FILLER_14_94,VSS,Metal1,61.0930,71.0215,0.000034
FILLER_14_81,VSS,Metal1,52.3600,70.5600,0.000034
FILLER_14_79,VSS,Metal1,51.5200,70.5600,0.000034
FILLER_14_71,VSS,Metal1,48.2130,71.0215,0.000034
FILLER_14_62,VSS,Metal1,41.7200,70.5600,0.000032
FILLER_14_49,VSS,Metal1,34.4400,70.5600,0.000032
FILLER_14_47,VSS,Metal1,33.6000,70.5600,0.000032
FILLER_14_34,VSS,Metal1,26.0400,70.5600,0.000031
FILLER_14_32,VSS,Metal1,25.2000,70.5600,0.000031
FILLER_14_2,VSS,Metal1,9.5730,71.0215,0.000031
FILLER_13_422,VSS,Metal1,243.7800,70.2110,0.000033
FILLER_13_416,VSS,Metal1,240.4200,70.2110,0.000033
FILLER_13_352,VSS,Metal1,221.0445,69.9220,0.000033
FILLER_13_349,VSS,Metal1,202.4400,70.5600,0.000033
FILLER_13_347,VSS,Metal1,201.6000,70.5600,0.000033
FILLER_13_330,VSS,Metal1,192.2600,70.2110,0.000033
FILLER_13_291,VSS,Metal1,170.2400,70.5600,0.000036
FILLER_13_274,VSS,Metal1,160.4400,70.5600,0.000038
FILLER_13_272,VSS,Metal1,159.6000,70.5600,0.000039
FILLER_13_268,VSS,Metal1,157.5400,70.2110,0.000039
FILLER_13_261,VSS,Metal1,153.4400,70.5600,0.000039
FILLER_13_252,VSS,Metal1,148.1200,70.5600,0.000039
FILLER_13_241,VSS,Metal1,141.9600,70.5600,0.000039
FILLER_13_239,VSS,Metal1,141.1200,70.5600,0.000039
FILLER_13_235,VSS,Metal1,139.0600,70.2110,0.000039
FILLER_13_227,VSS,Metal1,135.5730,70.0980,0.000038
FILLER_13_209,VSS,Metal1,124.0400,70.5600,0.000037
FILLER_13_207,VSS,Metal1,123.2000,70.5600,0.000037
FILLER_13_203,VSS,Metal1,121.1400,70.2110,0.000037
FILLER_13_171,VSS,Metal1,110.7640,69.9620,0.000036
FILLER_13_136,VSS,Metal1,83.6200,70.2110,0.000034
FILLER_13_72,VSS,Metal1,64.2445,69.9220,0.000034
FILLER_13_69,VSS,Metal1,45.6400,70.5600,0.000033
FILLER_13_54,VSS,Metal1,37.2400,70.5600,0.000032
FILLER_13_48,VSS,Metal1,33.8800,70.5600,0.000032
FILLER_13_44,VSS,Metal1,32.1000,70.2110,0.000032
FILLER_13_31,VSS,Metal1,24.3600,70.5600,0.000031
FILLER_12_425,VSS,Metal1,245.0000,62.7200,0.000037
FILLER_12_423,VSS,Metal1,244.1600,62.7200,0.000037
FILLER_12_419,VSS,Metal1,242.1000,63.0685,0.000037
FILLER_12_387,VSS,Metal1,231.7240,63.3175,0.000037
FILLER_12_353,VSS,Metal1,212.6840,63.3175,0.000037
FILLER_12_323,VSS,Metal1,187.8800,62.7200,0.000037
FILLER_12_260,VSS,Metal1,152.6000,62.7200,0.000038
FILLER_12_186,VSS,Metal1,111.1600,62.7200,0.000038
FILLER_12_182,VSS,Metal1,109.3800,63.0685,0.000038
FILLER_12_174,VSS,Metal1,104.4400,62.7200,0.000037
FILLER_12_156,VSS,Metal1,94.6400,62.7200,0.000036
FILLER_12_146,VSS,Metal1,89.0400,62.7200,0.000036
FILLER_12_131,VSS,Metal1,80.3600,62.7200,0.000036
FILLER_12_129,VSS,Metal1,79.5200,62.7200,0.000036
FILLER_12_125,VSS,Metal1,77.4600,63.0685,0.000036
FILLER_12_109,VSS,Metal1,68.0400,62.7200,0.000036
FILLER_12_107,VSS,Metal1,67.2000,62.7200,0.000036
FILLER_12_104,VSS,Metal1,65.2400,62.7200,0.000034
FILLER_12_102,VSS,Metal1,64.4000,62.7200,0.000034
FILLER_12_93,VSS,Metal1,59.0800,62.7200,0.000033
FILLER_12_91,VSS,Metal1,58.2400,62.7200,0.000033
FILLER_12_45,VSS,Metal1,32.6600,63.0685,0.000032
FILLER_12_2,VSS,Metal1,8.1200,62.7200,0.000031
FILLER_11_422,VSS,Metal1,243.7800,62.3710,0.000037
FILLER_11_416,VSS,Metal1,240.4200,62.3710,0.000037
FILLER_11_352,VSS,Metal1,221.0445,62.0820,0.000037
FILLER_11_346,VSS,Metal1,201.2200,62.3710,0.000037
FILLER_11_323,VSS,Metal1,187.8800,62.7200,0.000037
FILLER_11_319,VSS,Metal1,186.1000,62.3710,0.000037
FILLER_11_271,VSS,Metal1,158.7600,62.7200,0.000036
FILLER_11_269,VSS,Metal1,157.9200,62.7200,0.000036
FILLER_11_252,VSS,Metal1,148.1200,62.7200,0.000038
FILLER_11_208,VSS,Metal1,123.7600,62.7200,0.000038
FILLER_11_193,VSS,Metal1,115.3600,62.7200,0.000038
FILLER_11_134,VSS,Metal1,82.0400,62.7200,0.000036
FILLER_11_104,VSS,Metal1,65.2400,62.7200,0.000034
FILLER_11_74,VSS,Metal1,48.4400,62.7200,0.000033
FILLER_11_72,VSS,Metal1,47.6000,62.7200,0.000033
FILLER_11_69,VSS,Metal1,45.6400,62.7200,0.000033
FILLER_11_67,VSS,Metal1,44.8000,62.7200,0.000033
FILLER_11_53,VSS,Metal1,36.9600,62.7200,0.000032
FILLER_11_2,VSS,Metal1,8.4000,62.7200,0.000031
FILLER_10_425,VSS,Metal1,245.0000,54.8800,0.000049
FILLER_10_423,VSS,Metal1,244.1600,54.8800,0.000049
FILLER_10_419,VSS,Metal1,242.1000,55.2285,0.000049
FILLER_10_387,VSS,Metal1,231.7240,55.4775,0.000049
FILLER_10_384,VSS,Metal1,222.0400,54.8800,0.000049
FILLER_10_382,VSS,Metal1,221.2000,54.8800,0.000049
FILLER_10_350,VSS,Metal1,211.0040,55.4775,0.000049
FILLER_10_317,VSS,Metal1,184.9800,55.2285,0.000048
FILLER_10_311,VSS,Metal1,181.6200,55.2285,0.000048
FILLER_10_303,VSS,Metal1,178.1330,55.3415,0.000048
FILLER_10_273,VSS,Metal1,159.8800,54.8800,0.000056
FILLER_10_271,VSS,Metal1,159.0400,54.8800,0.000056
FILLER_10_255,VSS,Metal1,149.8000,54.8800,0.000056
FILLER_10_253,VSS,Metal1,148.9600,54.8800,0.000056
FILLER_10_247,VSS,Metal1,145.6000,54.8800,0.000056
FILLER_10_243,VSS,Metal1,143.3600,54.8800,0.000058
FILLER_10_226,VSS,Metal1,133.8400,54.8800,0.000058
FILLER_10_195,VSS,Metal1,116.4800,54.8800,0.000059
FILLER_10_164,VSS,Metal1,98.8400,54.8800,0.000079
FILLER_10_160,VSS,Metal1,97.0600,55.2285,0.000079
FILLER_10_129,VSS,Metal1,79.5200,54.8800,0.000076
FILLER_10_107,VSS,Metal1,66.9200,54.8800,0.000073
FILLER_10_71,VSS,Metal1,46.7600,54.8800,0.000072
FILLER_10_31,VSS,Metal1,24.8200,55.2285,0.000054
FILLER_9_422,VSS,Metal1,243.7800,54.5310,0.000049
FILLER_9_416,VSS,Metal1,240.4200,54.5310,0.000049
FILLER_9_352,VSS,Metal1,221.0445,54.2420,0.000049
FILLER_9_348,VSS,Metal1,202.1600,54.8800,0.000049
FILLER_9_340,VSS,Metal1,198.8530,54.4180,0.000049
FILLER_9_335,VSS,Metal1,194.6000,54.8800,0.000049
FILLER_9_327,VSS,Metal1,191.5730,54.4180,0.000049
FILLER_9_282,VSS,Metal1,168.5120,54.3320,0.000049
FILLER_9_276,VSS,Metal1,162.0200,54.5310,0.000049
FILLER_9_244,VSS,Metal1,151.6440,54.2820,0.000056
FILLER_9_214,VSS,Metal1,126.8400,54.8800,0.000058
FILLER_9_212,VSS,Metal1,126.0000,54.8800,0.000058
FILLER_9_208,VSS,Metal1,123.7600,54.8800,0.000058
FILLER_9_204,VSS,Metal1,121.7000,54.5310,0.000058
FILLER_9_196,VSS,Metal1,118.2130,54.4180,0.000058
FILLER_9_186,VSS,Metal1,111.1600,54.8800,0.000079
FILLER_9_152,VSS,Metal1,92.1200,54.8800,0.000076
FILLER_9_150,VSS,Metal1,91.2800,54.8800,0.000076
FILLER_9_72,VSS,Metal1,47.7800,54.5310,0.000072
FILLER_9_55,VSS,Metal1,37.8000,54.8800,0.000070
FILLER_9_48,VSS,Metal1,34.1600,54.8800,0.000070
FILLER_9_41,VSS,Metal1,29.9600,54.8800,0.000070
FILLER_9_39,VSS,Metal1,29.1200,54.8800,0.000070
FILLER_9_23,VSS,Metal1,23.4720,54.3320,0.000054
FILLER_9_16,VSS,Metal1,15.9600,54.8800,0.000054
FILLER_9_14,VSS,Metal1,15.1200,54.8800,0.000054
FILLER_9_10,VSS,Metal1,13.0600,54.5310,0.000054
FILLER_9_2,VSS,Metal1,9.5730,54.4180,0.000054
FILLER_8_425,VSS,Metal1,245.0000,47.0400,0.000029
FILLER_8_423,VSS,Metal1,244.1600,47.0400,0.000029
FILLER_8_419,VSS,Metal1,242.1000,47.3885,0.000029
FILLER_8_387,VSS,Metal1,231.7240,47.6375,0.000029
FILLER_8_381,VSS,Metal1,220.8200,47.3885,0.000029
FILLER_8_317,VSS,Metal1,201.4445,47.6775,0.000029
FILLER_8_311,VSS,Metal1,181.6200,47.3885,0.000029
FILLER_8_247,VSS,Metal1,162.2445,47.6775,0.000029
FILLER_8_241,VSS,Metal1,142.4200,47.3885,0.000032
FILLER_8_233,VSS,Metal1,138.9330,47.5015,0.000033
FILLER_8_203,VSS,Metal1,120.6800,47.0400,0.000041
FILLER_8_195,VSS,Metal1,117.6530,47.5015,0.000041
FILLER_8_188,VSS,Metal1,112.2800,47.0400,0.000041
FILLER_8_186,VSS,Metal1,111.4400,47.0400,0.000043
FILLER_8_182,VSS,Metal1,109.3800,47.3885,0.000043
FILLER_8_174,VSS,Metal1,104.4400,47.0400,0.000045
FILLER_8_152,VSS,Metal1,92.4000,47.0400,0.000045
FILLER_8_148,VSS,Metal1,90.3400,47.3885,0.000045
FILLER_8_132,VSS,Metal1,84.5120,47.5880,0.000046
FILLER_8_113,VSS,Metal1,70.2800,47.0400,0.000047
FILLER_8_111,VSS,Metal1,69.4400,47.0400,0.000047
FILLER_8_107,VSS,Metal1,67.3800,47.3885,0.000047
FILLER_8_104,VSS,Metal1,65.2400,47.0400,0.000047
FILLER_8_69,VSS,Metal1,45.6400,47.0400,0.000034
FILLER_8_65,VSS,Metal1,43.8600,47.3885,0.000034
FILLER_8_55,VSS,Metal1,38.2600,47.3885,0.000031
FILLER_8_45,VSS,Metal1,32.4800,47.0400,0.000031
FILLER_8_37,VSS,Metal1,29.1730,47.5015,0.000031
FILLER_8_34,VSS,Metal1,26.0400,47.0400,0.000028
FILLER_8_2,VSS,Metal1,16.1240,47.6375,0.000028
FILLER_7_422,VSS,Metal1,243.7800,46.6910,0.000029
FILLER_7_416,VSS,Metal1,240.4200,46.6910,0.000029
FILLER_7_352,VSS,Metal1,221.0445,46.4020,0.000029
FILLER_7_346,VSS,Metal1,201.2200,46.6910,0.000029
FILLER_7_282,VSS,Metal1,181.8445,46.4020,0.000029
FILLER_7_278,VSS,Metal1,162.9600,47.0400,0.000029
FILLER_7_262,VSS,Metal1,157.3120,46.4920,0.000029
FILLER_7_249,VSS,Metal1,146.7200,47.0400,0.000029
FILLER_7_245,VSS,Metal1,144.6600,46.6910,0.000030
FILLER_7_240,VSS,Metal1,141.4000,47.0400,0.000033
FILLER_7_212,VSS,Metal1,125.7200,47.0400,0.000040
FILLER_7_209,VSS,Metal1,124.0400,47.0400,0.000040
FILLER_7_207,VSS,Metal1,123.2000,47.0400,0.000040
FILLER_7_199,VSS,Metal1,119.8930,46.5780,0.000041
FILLER_7_179,VSS,Metal1,107.5200,47.0400,0.000044
FILLER_7_175,VSS,Metal1,105.4600,46.6910,0.000044
FILLER_7_159,VSS,Metal1,96.0400,47.0400,0.000045
FILLER_7_157,VSS,Metal1,95.2000,47.0400,0.000045
FILLER_7_146,VSS,Metal1,88.7600,47.0400,0.000046
FILLER_7_142,VSS,Metal1,86.9800,46.6910,0.000046
FILLER_7_139,VSS,Metal1,84.8400,47.0400,0.000046
FILLER_7_135,VSS,Metal1,83.0600,46.6910,0.000046
FILLER_7_126,VSS,Metal1,77.5600,47.0400,0.000046
FILLER_7_124,VSS,Metal1,76.7200,47.0400,0.000047
FILLER_7_120,VSS,Metal1,74.6600,46.6910,0.000047
FILLER_7_104,VSS,Metal1,68.8320,46.4920,0.000047
FILLER_7_72,VSS,Metal1,55.3240,46.4420,0.000048
FILLER_7_68,VSS,Metal1,45.3600,47.0400,0.000034
FILLER_7_58,VSS,Metal1,39.7600,47.0400,0.000031
FILLER_7_24,VSS,Metal1,20.4400,47.0400,0.000028
FILLER_7_22,VSS,Metal1,19.6000,47.0400,0.000028
FILLER_7_18,VSS,Metal1,17.5400,46.6910,0.000028
FILLER_7_2,VSS,Metal1,11.7120,46.4920,0.000028
FILLER_6_425,VSS,Metal1,245.0000,39.2000,0.000019
FILLER_6_423,VSS,Metal1,244.1600,39.2000,0.000019
FILLER_6_419,VSS,Metal1,242.1000,39.5485,0.000019
FILLER_6_387,VSS,Metal1,231.7240,39.7975,0.000019
FILLER_6_381,VSS,Metal1,220.8200,39.5485,0.000019
FILLER_6_317,VSS,Metal1,201.4445,39.8375,0.000019
FILLER_6_311,VSS,Metal1,181.6200,39.5485,0.000019
FILLER_6_303,VSS,Metal1,178.1330,39.6615,0.000019
FILLER_6_271,VSS,Metal1,166.7640,39.7975,0.000019
FILLER_6_257,VSS,Metal1,150.9200,39.2000,0.000020
FILLER_6_255,VSS,Metal1,150.0800,39.2000,0.000020
FILLER_6_236,VSS,Metal1,139.1600,39.2000,0.000020
FILLER_6_232,VSS,Metal1,137.3800,39.5485,0.000020
FILLER_6_177,VSS,Metal1,106.1200,39.2000,0.000021
FILLER_6_119,VSS,Metal1,73.9200,39.2000,0.000021
FILLER_6_115,VSS,Metal1,71.8600,39.5485,0.000021
FILLER_6_107,VSS,Metal1,68.3730,39.6615,0.000021
FILLER_6_97,VSS,Metal1,62.7730,39.6615,0.000021
FILLER_6_88,VSS,Metal1,56.2800,39.2000,0.000021
FILLER_6_84,VSS,Metal1,54.5000,39.5485,0.000020
FILLER_6_75,VSS,Metal1,49.0000,39.2000,0.000020
FILLER_6_71,VSS,Metal1,47.2200,39.5485,0.000020
FILLER_6_62,VSS,Metal1,41.7200,39.2000,0.000020
FILLER_6_31,VSS,Metal1,24.8200,39.5485,0.000020
FILLER_5_422,VSS,Metal1,243.7800,38.8510,0.000019
FILLER_5_416,VSS,Metal1,240.4200,38.8510,0.000019
FILLER_5_352,VSS,Metal1,221.0445,38.5620,0.000019
FILLER_5_286,VSS,Metal1,184.0845,38.5620,0.000019
FILLER_5_278,VSS,Metal1,162.9600,39.2000,0.000019
FILLER_5_265,VSS,Metal1,155.4000,39.2000,0.000019
FILLER_5_263,VSS,Metal1,154.5600,39.2000,0.000020
FILLER_5_227,VSS,Metal1,134.1200,39.2000,0.000021
FILLER_5_114,VSS,Metal1,70.8400,39.2000,0.000021
FILLER_5_106,VSS,Metal1,67.8130,38.7380,0.000021
FILLER_5_68,VSS,Metal1,45.3600,39.2000,0.000020
FILLER_5_11,VSS,Metal1,14.6130,38.7380,0.000020
FILLER_5_6,VSS,Metal1,10.3600,39.2000,0.000020
FILLER_5_2,VSS,Metal1,8.5800,38.8510,0.000020
FILLER_4_425,VSS,Metal1,245.0000,31.3600,0.000040
FILLER_4_423,VSS,Metal1,244.1600,31.3600,0.000040
FILLER_4_419,VSS,Metal1,242.1000,31.7085,0.000040
FILLER_4_387,VSS,Metal1,231.7240,31.9575,0.000040
FILLER_4_381,VSS,Metal1,220.8200,31.7085,0.000040
FILLER_4_317,VSS,Metal1,201.4445,31.9975,0.000040
FILLER_4_314,VSS,Metal1,182.8400,31.3600,0.000040
FILLER_4_312,VSS,Metal1,182.0000,31.3600,0.000038
FILLER_4_308,VSS,Metal1,179.9400,31.7085,0.000038
FILLER_4_300,VSS,Metal1,176.4530,31.8215,0.000040
FILLER_4_258,VSS,Metal1,151.4800,31.3600,0.000040
FILLER_4_256,VSS,Metal1,150.6400,31.3600,0.000040
FILLER_4_247,VSS,Metal1,145.3200,31.3600,0.000041
FILLER_4_200,VSS,Metal1,119.4600,31.7085,0.000041
FILLER_4_177,VSS,Metal1,107.5730,31.8215,0.000042
FILLER_4_109,VSS,Metal1,68.0400,31.3600,0.000042
FILLER_4_107,VSS,Metal1,67.2000,31.3600,0.000042
FILLER_4_37,VSS,Metal1,27.7200,31.3600,0.000039
FILLER_4_2,VSS,Metal1,8.5800,31.7085,0.000038
FILLER_3_422,VSS,Metal1,243.7800,31.0110,0.000040
FILLER_3_416,VSS,Metal1,240.4200,31.0110,0.000040
FILLER_3_352,VSS,Metal1,221.0445,30.7220,0.000040
FILLER_3_349,VSS,Metal1,202.4400,31.3600,0.000040
FILLER_3_317,VSS,Metal1,192.5240,30.7620,0.000040
FILLER_3_290,VSS,Metal1,169.6800,31.3600,0.000040
FILLER_3_284,VSS,Metal1,166.0400,31.3600,0.000040
FILLER_3_282,VSS,Metal1,165.2000,31.3600,0.000040
FILLER_3_212,VSS,Metal1,126.1800,31.0110,0.000041
FILLER_3_181,VSS,Metal1,108.8200,31.0110,0.000042
FILLER_3_142,VSS,Metal1,86.8000,31.3600,0.000042
FILLER_3_139,VSS,Metal1,84.8400,31.3600,0.000042
FILLER_3_137,VSS,Metal1,84.0000,31.3600,0.000042
FILLER_3_78,VSS,Metal1,50.6800,31.3600,0.000041
FILLER_3_76,VSS,Metal1,49.8400,31.3600,0.000041
FILLER_3_40,VSS,Metal1,29.4000,31.3600,0.000041
FILLER_3_38,VSS,Metal1,28.5600,31.3600,0.000040
FILLER_3_4,VSS,Metal1,9.2400,31.3600,0.000038
FILLER_3_2,VSS,Metal1,8.4000,31.3600,0.000038
FILLER_2_425,VSS,Metal1,245.0000,23.5200,0.000030
FILLER_2_423,VSS,Metal1,244.1600,23.5200,0.000030
FILLER_2_419,VSS,Metal1,242.1000,23.8685,0.000030
FILLER_2_387,VSS,Metal1,231.7240,24.1175,0.000030
FILLER_2_381,VSS,Metal1,220.8200,23.8685,0.000030
FILLER_2_317,VSS,Metal1,201.4445,24.1575,0.000030
FILLER_2_313,VSS,Metal1,182.5600,23.5200,0.000030
FILLER_2_297,VSS,Metal1,176.9120,24.0680,0.000030
FILLER_2_267,VSS,Metal1,156.5200,23.5200,0.000031
FILLER_2_265,VSS,Metal1,155.6800,23.5200,0.000033
FILLER_2_257,VSS,Metal1,152.3730,23.9815,0.000033
FILLER_2_247,VSS,Metal1,145.7800,23.8685,0.000033
FILLER_2_244,VSS,Metal1,143.6400,23.5200,0.000033
FILLER_2_214,VSS,Metal1,126.8400,23.5200,0.000033
FILLER_2_206,VSS,Metal1,123.8130,23.9815,0.000036
FILLER_2_173,VSS,Metal1,104.1600,23.5200,0.000036
FILLER_2_165,VSS,Metal1,100.8530,23.9815,0.000036
FILLER_2_115,VSS,Metal1,71.4000,23.5200,0.000035
FILLER_2_99,VSS,Metal1,62.7200,23.5200,0.000035
FILLER_2_66,VSS,Metal1,44.4200,23.8685,0.000034
FILLER_2_31,VSS,Metal1,24.8200,23.8685,0.000033
FILLER_1_422,VSS,Metal1,243.7800,23.1710,0.000030
FILLER_1_416,VSS,Metal1,240.4200,23.1710,0.000030
FILLER_1_352,VSS,Metal1,221.0445,22.8820,0.000030
FILLER_1_349,VSS,Metal1,202.4400,23.5200,0.000030
FILLER_1_347,VSS,Metal1,201.6000,23.5200,0.000030
FILLER_1_339,VSS,Metal1,198.2930,23.0580,0.000030
FILLER_1_307,VSS,Metal1,186.9240,22.9220,0.000030
FILLER_1_279,VSS,Metal1,163.2400,23.5200,0.000030
FILLER_1_277,VSS,Metal1,162.4000,23.5200,0.000030
FILLER_1_271,VSS,Metal1,159.0400,23.5200,0.000030
FILLER_1_267,VSS,Metal1,156.9800,23.1710,0.000031
FILLER_1_236,VSS,Metal1,139.4400,23.5200,0.000033
FILLER_1_228,VSS,Metal1,136.1330,23.0580,0.000033
FILLER_1_212,VSS,Metal1,129.3120,22.9720,0.000033
FILLER_1_209,VSS,Metal1,124.0400,23.5200,0.000036
FILLER_1_207,VSS,Metal1,123.2000,23.5200,0.000036
FILLER_1_203,VSS,Metal1,121.1400,23.1710,0.000036
FILLER_1_195,VSS,Metal1,117.6530,23.0580,0.000036
FILLER_1_186,VSS,Metal1,111.1600,23.5200,0.000036
FILLER_1_178,VSS,Metal1,108.1330,23.0580,0.000036
FILLER_1_162,VSS,Metal1,101.3120,22.9720,0.000036
FILLER_1_154,VSS,Metal1,93.5200,23.5200,0.000036
FILLER_1_150,VSS,Metal1,91.4600,23.1710,0.000036
FILLER_1_142,VSS,Metal1,87.9730,23.0580,0.000036
FILLER_1_131,VSS,Metal1,80.3600,23.5200,0.000036
FILLER_1_129,VSS,Metal1,79.5200,23.5200,0.000036
FILLER_1_118,VSS,Metal1,73.0800,23.5200,0.000036
FILLER_1_116,VSS,Metal1,72.2400,23.5200,0.000036
FILLER_1_112,VSS,Metal1,70.1800,23.1710,0.000035
FILLER_1_74,VSS,Metal1,48.4400,23.5200,0.000035
FILLER_1_72,VSS,Metal1,47.6000,23.5200,0.000035
FILLER_1_68,VSS,Metal1,45.3600,23.5200,0.000034
FILLER_1_64,VSS,Metal1,43.3000,23.1710,0.000033
FILLER_1_56,VSS,Metal1,39.8130,23.0580,0.000033
FILLER_1_26,VSS,Metal1,21.5600,23.5200,0.000033
FILLER_1_18,VSS,Metal1,18.5330,23.0580,0.000033
FILLER_1_2,VSS,Metal1,11.7120,22.9720,0.000033
FILLER_0_410,VSS,Metal1,240.1920,16.2280,0.000000
FILLER_0_376,VSS,Metal1,225.5640,16.2775,0.000000
FILLER_0_342,VSS,Metal1,206.5240,16.2775,0.000000
FILLER_0_308,VSS,Metal1,187.4840,16.2775,0.000000
FILLER_0_274,VSS,Metal1,168.4440,16.2775,0.000000
FILLER_0_240,VSS,Metal1,149.4040,16.2775,0.000000
FILLER_0_206,VSS,Metal1,130.3640,16.2775,0.000000
FILLER_0_172,VSS,Metal1,111.3240,16.2775,0.000000
FILLER_0_138,VSS,Metal1,92.2840,16.2775,0.000000
FILLER_0_104,VSS,Metal1,73.2440,16.2775,0.000000
FILLER_0_70,VSS,Metal1,54.2040,16.2775,0.000000
FILLER_0_64,VSS,Metal1,43.3000,16.0285,0.000000
FILLER_0_38,VSS,Metal1,28.2800,15.6800,0.000000
FILLER_0_36,VSS,Metal1,27.4400,15.6800,0.000000
FILLER_0_2,VSS,Metal1,16.1240,16.2775,0.000000
hold235,VSS,Metal1,231.5025,462.9175,0.000004
hold234,VSS,Metal1,238.3375,345.3175,0.000022
hold233,VSS,Metal1,210.8975,462.2025,0.000004
hold232,VSS,Metal1,234.8625,407.3225,0.000037
hold231,VSS,Metal1,201.9375,94.4375,0.000075
hold230,VSS,Metal1,34.4975,313.9575,0.000019
hold229,VSS,Metal1,210.3375,306.1175,0.000035
hold228,VSS,Metal1,215.3775,290.4375,0.000025
hold227,VSS,Metal1,50.7375,423.7175,0.000043
hold226,VSS,Metal1,34.4975,172.8375,0.000028
hold225,VSS,Metal1,156.5775,227.0025,0.000026
hold224,VSS,Metal1,194.6575,462.9175,0.000004
hold223,VSS,Metal1,117.2625,31.0025,0.000041
hold222,VSS,Metal1,225.4575,462.2025,0.000004
hold221,VSS,Metal1,23.8575,368.1225,0.000029
hold220,VSS,Metal1,96.0975,172.8375,0.000037
hold219,VSS,Metal1,34.4975,243.3975,0.000033
hold218,VSS,Metal1,206.4175,360.9975,0.000021
hold217,VSS,Metal1,58.5775,298.2775,0.000061
hold216,VSS,Metal1,126.3375,149.3175,0.000067
hold215,VSS,Metal1,132.4975,321.7975,0.000040
hold214,VSS,Metal1,195.7775,438.6825,0.000022
hold213,VSS,Metal1,97.7775,219.1625,0.000053
hold212,VSS,Metal1,50.1775,392.3575,0.000030
hold211,VSS,Metal1,176.1775,227.7175,0.000021
hold210,VSS,Metal1,30.5775,156.4425,0.000031
hold209,VSS,Metal1,228.2575,328.9225,0.000026
hold208,VSS,Metal1,135.2975,313.2425,0.000025
hold207,VSS,Metal1,193.5375,227.7175,0.000021
hold206,VSS,Metal1,231.0575,179.9625,0.000057
hold205,VSS,Metal1,215.3775,345.3175,0.000022
hold204,VSS,Metal1,137.5375,297.5625,0.000063
hold203,VSS,Metal1,112.8975,180.6775,0.000050
hold202,VSS,Metal1,23.8575,399.4825,0.000008
hold201,VSS,Metal1,210.7825,430.8425,0.000006
hold200,VSS,Metal1,208.6575,462.9175,0.000004
hold199,VSS,Metal1,114.4625,344.6025,0.000022
hold198,VSS,Metal1,132.4975,62.3625,0.000038
hold197,VSS,Metal1,230.4975,392.3575,0.000053
hold196,VSS,Metal1,233.2975,375.9625,0.000027
hold195,VSS,Metal1,231.5025,360.9975,0.000021
hold194,VSS,Metal1,234.8625,344.6025,0.000022
hold193,VSS,Metal1,208.5425,384.5175,0.000079
hold192,VSS,Metal1,210.8975,399.4825,0.000024
hold191,VSS,Metal1,235.5375,337.4775,0.000012
hold190,VSS,Metal1,116.2575,196.3575,0.000081
hold189,VSS,Metal1,70.3375,383.8025,0.000057
hold188,VSS,Metal1,138.0975,258.3625,0.000023
hold187,VSS,Metal1,31.1375,407.3225,0.000039
hold186,VSS,Metal1,229.3775,258.3625,0.000023
hold185,VSS,Metal1,117.2625,132.9225,0.000017
hold184,VSS,Metal1,152.0975,282.5975,0.000051
hold183,VSS,Metal1,47.3775,212.0375,0.000027
hold182,VSS,Metal1,132.3825,266.9175,0.000041
hold181,VSS,Metal1,132.4975,344.6025,0.000022
hold180,VSS,Metal1,133.0575,353.1575,0.000023
hold179,VSS,Metal1,231.6175,415.8775,0.000019
hold178,VSS,Metal1,101.0225,383.8025,0.000058
hold177,VSS,Metal1,49.6175,180.6775,0.000033
hold176,VSS,Metal1,234.8625,305.4025,0.000035
hold175,VSS,Metal1,238.3375,329.6375,0.000026
hold174,VSS,Metal1,188.4975,78.0425,0.000020
hold173,VSS,Metal1,50.7375,408.0375,0.000039
hold172,VSS,Metal1,210.7825,101.5625,0.000020
hold171,VSS,Metal1,141.4575,38.8425,0.000020
hold170,VSS,Metal1,54.6575,195.6425,0.000031
hold169,VSS,Metal1,73.6975,321.7975,0.000037
hold168,VSS,Metal1,195.6625,368.1225,0.000097
hold167,VSS,Metal1,211.4575,383.8025,0.000080
hold166,VSS,Metal1,125.2175,188.5175,0.000022
hold165,VSS,Metal1,131.2625,172.8375,0.000039
hold164,VSS,Metal1,195.7775,258.3625,0.000023
hold163,VSS,Metal1,229.9375,250.5225,0.000073
hold162,VSS,Metal1,210.7825,407.3225,0.000037
hold161,VSS,Metal1,207.5375,400.1975,0.000023
hold160,VSS,Metal1,131.9375,313.9575,0.000025
hold159,VSS,Metal1,132.9425,266.2025,0.000041
hold158,VSS,Metal1,232.1775,454.3625,0.000058
hold157,VSS,Metal1,19.3775,149.3175,0.000041
hold156,VSS,Metal1,62.4975,344.6025,0.000019
hold155,VSS,Metal1,230.3825,368.8375,0.000097
hold154,VSS,Metal1,236.6575,400.1975,0.000024
hold153,VSS,Metal1,114.0175,259.0775,0.000023
hold152,VSS,Metal1,31.6975,242.6825,0.000033
hold151,VSS,Metal1,114.5775,227.7175,0.000027
hold150,VSS,Metal1,23.8575,336.7625,0.000010
hold149,VSS,Metal1,27.7775,462.2025,0.000007
hold148,VSS,Metal1,195.1025,352.4425,0.000024
hold147,VSS,Metal1,115.6975,242.6825,0.000051
hold146,VSS,Metal1,213.6975,86.5975,0.000010
hold145,VSS,Metal1,34.4975,478.5975,0.000014
hold144,VSS,Metal1,118.4975,266.9175,0.000039
hold143,VSS,Metal1,42.3375,227.7175,0.000023
hold142,VSS,Metal1,131.9375,235.5575,0.000024
hold141,VSS,Metal1,129.6975,243.3975,0.000047
hold140,VSS,Metal1,139.2175,289.7225,0.000030
hold139,VSS,Metal1,159.9375,345.3175,0.000022
hold138,VSS,Metal1,110.6575,250.5225,0.000079
hold137,VSS,Metal1,171.6975,360.2825,0.000021
hold136,VSS,Metal1,16.5775,470.7575,0.000020
hold135,VSS,Metal1,141.4575,336.7625,0.000014
hold134,VSS,Metal1,117.3775,289.7225,0.000030
hold133,VSS,Metal1,19.9375,391.6425,0.000028
hold132,VSS,Metal1,123.5375,212.0375,0.000029
hold131,VSS,Metal1,177.2975,31.0025,0.000040
hold130,VSS,Metal1,111.7775,219.1625,0.000053
hold129,VSS,Metal1,171.6975,23.1625,0.000030
hold128,VSS,Metal1,101.1375,38.8425,0.000021
hold127,VSS,Metal1,26.5425,297.5625,0.000051
hold126,VSS,Metal1,17.1375,281.8825,0.000034
hold125,VSS,Metal1,101.6975,62.3625,0.000037
hold124,VSS,Metal1,78.1775,38.8425,0.000021
hold123,VSS,Metal1,19.2625,298.2775,0.000051
hold122,VSS,Metal1,17.6975,423.7175,0.000043
hold121,VSS,Metal1,35.5025,16.0375,0.000000
hold120,VSS,Metal1,32.2575,46.6825,0.000031
hold119,VSS,Metal1,34.4975,39.5575,0.000020
delaybuf_2_signal_clock,VSS,Metal1,160.0135,376.9180,0.000022
delaybuf_1_signal_clock,VSS,Metal1,111.2935,422.7615,0.000042
delaybuf_0_signal_clock,VSS,Metal1,72.0935,469.8015,0.000022
clkbuf_1_0__f__1473__regs,VSS,Metal1,216.8660,289.4815,0.000025
clkbuf_0__1473__regs,VSS,Metal1,226.9460,281.6415,0.000054
clkload35,VSS,Metal1,176.9065,234.7530,0.000020
clkload34,VSS,Metal1,177.0225,273.8265,0.000050
clkload33,VSS,Metal1,209.2400,149.4175,0.000058
clkbuf_1_1__f__1473_,VSS,Metal1,216.8660,218.9215,0.000050
clkbuf_1_0__f__1473_,VSS,Metal1,222.4660,187.5615,0.000030
clkbuf_0__1473_,VSS,Metal1,221.0535,203.2415,0.000034
clkbuf_leaf_5__1473_,VSS,Metal1,186.5425,234.6265,0.000019
clkbuf_leaf_4__1473_,VSS,Metal1,195.5025,156.2265,0.000022
clkbuf_leaf_3__1473_,VSS,Metal1,230.7825,133.8530,0.000020
clkbuf_leaf_2__1473_,VSS,Metal1,237.9375,180.8930,0.000057
clkbuf_leaf_1__1473_,VSS,Metal1,237.9375,274.9730,0.000051
clkbuf_leaf_0__1473_,VSS,Metal1,192.1425,265.9865,0.000046
clkload32,VSS,Metal1,190.7600,124.9825,0.000036
clkbuf_1_1__f__1526_,VSS,Metal1,198.9460,157.3980,0.000022
clkbuf_1_0__f__1526_,VSS,Metal1,201.1860,118.1980,0.000027
clkbuf_0__1526_,VSS,Metal1,202.0135,141.7180,0.000060
clkload31,VSS,Metal1,198.0400,179.8625,0.000056
clkbuf_1_1__f__1529_,VSS,Metal1,187.7460,211.0815,0.000015
clkbuf_1_0__f__1529_,VSS,Metal1,197.8260,173.0780,0.000018
clkbuf_0__1529_,VSS,Metal1,199.2135,188.7580,0.000030
clkload30,VSS,Metal1,155.8800,211.2225,0.000015
clkbuf_1_1__f__1532_,VSS,Metal1,218.8135,211.0815,0.000015
clkbuf_1_0__f__1532_,VSS,Metal1,168.1460,204.4380,0.000034
clkbuf_0__1532_,VSS,Metal1,189.6935,203.2415,0.000034
clkload29,VSS,Metal1,166.5200,314.0575,0.000024
clkbuf_1_1__f__1536_,VSS,Metal1,218.8135,320.8415,0.000035
clkbuf_1_0__f__1536_,VSS,Metal1,177.6660,320.8415,0.000035
clkbuf_0__1536_,VSS,Metal1,199.2135,322.0380,0.000035
clkload28,VSS,Metal1,192.4400,337.5775,0.000012
clkbuf_1_1__f__1538_,VSS,Metal1,209.2935,337.7180,0.000012
clkbuf_1_0__f__1538_,VSS,Metal1,168.1460,337.7180,0.000012
clkbuf_0__1538_,VSS,Metal1,189.6935,336.5215,0.000012
clkload27,VSS,Metal1,219.3700,267.0125,0.000047
clkbuf_1_1__f__1477_,VSS,Metal1,228.8935,265.9615,0.000047
clkbuf_1_0__f__1477_,VSS,Metal1,219.1060,195.4015,0.000085
clkbuf_0__1477_,VSS,Metal1,222.7335,242.4415,0.000035
clkload26,VSS,Metal1,171.5600,234.7425,0.000021
clkbuf_1_1__f__1533_,VSS,Metal1,187.7460,226.7615,0.000021
clkbuf_1_0__f__1533_,VSS,Metal1,201.7460,196.5980,0.000085
clkbuf_0__1533_,VSS,Metal1,199.2135,204.4380,0.000034
clkload25,VSS,Metal1,172.1200,211.2225,0.000015
clkbuf_1_1__f__1476_,VSS,Metal1,219.6660,234.6015,0.000020
clkbuf_1_0__f__1476_,VSS,Metal1,201.7460,212.2780,0.000015
clkbuf_0__1476_,VSS,Metal1,218.8135,226.7615,0.000022
clkload24,VSS,Metal1,187.4000,289.6225,0.000024
clkbuf_1_1__f__1468_,VSS,Metal1,197.8260,282.8380,0.000054
clkbuf_1_0__f__1468_,VSS,Metal1,205.1060,251.4780,0.000073
clkbuf_0__1468_,VSS,Metal1,203.6935,267.1580,0.000046
clkload23,VSS,Metal1,153.8765,431.6165,0.000006
clkbuf_1_1__f_signal_input_regs,VSS,Metal1,148.5460,461.9615,0.000004
clkbuf_1_0__f_signal_input_regs,VSS,Metal1,170.0935,439.6380,0.000021
clkbuf_0_signal_input_regs,VSS,Metal1,160.0135,447.4780,0.000026
clkload22,VSS,Metal1,178.4400,353.2575,0.000023
clkbuf_1_1__f_signal_input,VSS,Metal1,187.7460,344.3615,0.000022
clkbuf_1_0__f_signal_input,VSS,Metal1,197.2660,314.1980,0.000021
clkbuf_0_signal_input,VSS,Metal1,199.2135,329.8780,0.000026
clkload21,VSS,Metal1,166.9330,273.9305,0.000050
clkload20,VSS,Metal1,220.5165,298.3365,0.000071
clkload19,VSS,Metal1,220.5165,399.4230,0.000024
clkload18,VSS,Metal1,194.7300,447.3755,0.000026
clkload17,VSS,Metal1,158.3130,383.6150,0.000061
clkload16,VSS,Metal1,121.5730,321.9090,0.000039
clkload15,VSS,Metal1,62.2130,454.2505,0.000050
clkload14,VSS,Metal1,22.7600,430.7425,0.000009
clkload13,VSS,Metal1,23.3700,321.8925,0.000032
clkload12,VSS,Metal1,62.0100,290.5755,0.000032
clkload11,VSS,Metal1,32.3130,149.5045,0.000048
clkload10,VSS,Metal1,19.0930,78.8690,0.000044
clkload9,VSS,Metal1,41.9480,54.3605,0.000070
clkload8,VSS,Metal1,100.1880,47.5595,0.000045
clkload7,VSS,Metal1,157.7200,187.7025,0.000023
clkload6,VSS,Metal1,144.8900,70.1075,0.000039
clkload5,VSS,Metal1,191.9300,94.5755,0.000075
clkload4,VSS,Metal1,237.0300,203.3440,0.000034
clkload3,VSS,Metal1,184.6000,187.7025,0.000029
clkload2,VSS,Metal1,96.1965,227.7765,0.000027
clkload1,VSS,Metal1,31.4130,219.0505,0.000052
clkload0,VSS,Metal1,130.9775,369.0530,0.000101
clkbuf_1_1__f_ext_clk_in,VSS,Metal1,140.4135,367.8815,0.000101
clkbuf_1_0__f_ext_clk_in,VSS,Metal1,121.6660,141.7180,0.000106
clkbuf_0_ext_clk_in,VSS,Metal1,130.8935,251.4780,0.000081
clkbuf_leaf_22_ext_clk_in,VSS,Metal1,34.6575,157.3730,0.000031
clkbuf_leaf_21_ext_clk_in,VSS,Metal1,24.7025,77.8265,0.000044
clkbuf_leaf_20_ext_clk_in,VSS,Metal1,53.2625,47.6130,0.000048
clkbuf_leaf_19_ext_clk_in,VSS,Metal1,103.5375,54.3065,0.000079
clkbuf_leaf_18_ext_clk_in,VSS,Metal1,115.8575,148.3865,0.000068
clkbuf_leaf_17_ext_clk_in,VSS,Metal1,152.8175,195.4265,0.000088
clkbuf_leaf_16_ext_clk_in,VSS,Metal1,152.2575,71.1330,0.000039
clkbuf_leaf_15_ext_clk_in,VSS,Metal1,195.3775,93.5065,0.000075
clkbuf_leaf_14_ext_clk_in,VSS,Metal1,231.7775,196.5730,0.000085
clkbuf_leaf_13_ext_clk_in,VSS,Metal1,191.4575,180.8930,0.000055
clkbuf_leaf_12_ext_clk_in,VSS,Metal1,172.5425,274.9730,0.000050
clkbuf_leaf_11_ext_clk_in,VSS,Metal1,230.6575,298.4930,0.000089
clkbuf_leaf_10_ext_clk_in,VSS,Metal1,230.6575,384.7330,0.000088
clkbuf_leaf_9_ext_clk_in,VSS,Metal1,202.7825,455.2930,0.000056
clkbuf_leaf_8_ext_clk_in,VSS,Metal1,164.0175,392.5730,0.000047
clkbuf_leaf_7_ext_clk_in,VSS,Metal1,132.6575,320.8665,0.000040
clkbuf_leaf_6_ext_clk_in,VSS,Metal1,116.9775,407.1065,0.000051
clkbuf_leaf_5_ext_clk_in,VSS,Metal1,72.1775,454.1465,0.000052
clkbuf_leaf_4_ext_clk_in,VSS,Metal1,27.5025,422.7865,0.000043
clkbuf_leaf_3_ext_clk_in,VSS,Metal1,30.1775,328.7065,0.000040
clkbuf_leaf_2_ext_clk_in,VSS,Metal1,66.5775,297.3465,0.000061
clkbuf_leaf_1_ext_clk_in,VSS,Metal1,101.4225,242.4665,0.000051
clkbuf_leaf_0_ext_clk_in,VSS,Metal1,35.7775,220.0930,0.000052
clkbuf_regs_1_signal_clock,VSS,Metal1,228.8935,273.8015,0.000051
_3460__118,VSS,Metal1,213.1800,266.2250,0.000046
clkbuf_regs_0_signal_clock,VSS,Metal1,150.4935,446.2815,0.000026
top_level,VSS,Metal1,9.3400,203.4750,0.000031
wire94,VSS,Metal1,158.6400,251.3060,0.000079
max_cap93,VSS,Metal1,139.8400,242.6140,0.000047
max_cap92,VSS,Metal1,102.0800,281.8140,0.000050
wire91,VSS,Metal1,164.4800,259.1460,0.000022
wire90,VSS,Metal1,160.5600,235.6260,0.000023
max_cap89,VSS,Metal1,151.6000,179.8940,0.000050
max_cap88,VSS,Metal1,93.1200,179.8940,0.000044
max_cap87,VSS,Metal1,98.7200,149.3860,0.000065
max_cap86,VSS,Metal1,161.6800,125.8660,0.000036
load_slew85,VSS,Metal1,78.2400,39.6260,0.000021
load_slew84,VSS,Metal1,111.8400,251.3060,0.000079
load_slew83,VSS,Metal1,55.0615,31.8315,0.000041
load_slew82,VSS,Metal1,144.2940,164.1615,0.000028
wire81,VSS,Metal1,29.3055,266.0815,0.000027
max_cap80,VSS,Metal1,188.3200,305.3340,0.000034
wire79,VSS,Metal1,172.3800,250.5735,0.000073
max_cap78,VSS,Metal1,188.5600,408.1060,0.000037
wire77,VSS,Metal1,148.0400,110.2175,0.000015
max_cap76,VSS,Metal1,158.2800,179.8625,0.000050
max_cap75,VSS,Metal1,88.7050,251.2350,0.000071
max_cap74,VSS,Metal1,60.7050,250.5250,0.000063
max_cap73,VSS,Metal1,73.5850,258.3650,0.000021
max_cap72,VSS,Metal1,93.8550,251.2350,0.000073
wire71,VSS,Metal1,193.5350,259.0750,0.000023
max_cap70,VSS,Metal1,156.0400,125.8975,0.000037
max_cap69,VSS,Metal1,176.2000,188.6175,0.000023
max_cap68,VSS,Metal1,141.3450,110.1150,0.000015
max_cap67,VSS,Metal1,80.3050,234.8450,0.000022
max_cap66,VSS,Metal1,70.2250,259.0750,0.000021
max_cap65,VSS,Metal1,93.8550,250.5250,0.000073
max_cap64,VSS,Metal1,95.4250,266.2050,0.000036
max_cap63,VSS,Metal1,68.5450,266.9150,0.000034
max_cap62,VSS,Metal1,78.7350,258.3650,0.000021
max_cap61,VSS,Metal1,29.3450,251.2350,0.000056
max_cap60,VSS,Metal1,93.1850,259.0750,0.000023
max_cap59,VSS,Metal1,72.4650,266.2050,0.000035
max_cap58,VSS,Metal1,148.8000,258.2940,0.000023
max_cap57,VSS,Metal1,141.3450,290.4350,0.000030
max_cap56,VSS,Metal1,152.5450,313.9550,0.000024
max_cap55,VSS,Metal1,141.3450,345.3150,0.000022
max_cap54,VSS,Metal1,160.4950,321.7950,0.000037
max_cap53,VSS,Metal1,153.7750,306.1150,0.000032
max_cap52,VSS,Metal1,159.3750,125.0850,0.000036
wire51,VSS,Metal1,149.7450,132.9250,0.000018
max_cap50,VSS,Metal1,102.1200,243.4975,0.000051
max_cap49,VSS,Metal1,15.2800,203.4140,0.000031
max_cap48,VSS,Metal1,42.5665,133.6350,0.000013
max_cap47,VSS,Metal1,75.5930,400.1950,0.000013
max_cap46,VSS,Metal1,41.8400,344.5340,0.000019
max_cap45,VSS,Metal1,35.2280,235.7140,0.000021
wire44,VSS,Metal1,91.8330,227.7150,0.000027
max_cap43,VSS,Metal1,44.5750,376.6750,0.000019
max_cap42,VSS,Metal1,82.8730,196.3550,0.000078
max_cap41,VSS,Metal1,91.8330,305.4050,0.000031
max_cap40,VSS,Metal1,61.7600,376.7460,0.000019
max_cap39,VSS,Metal1,136.2800,282.6975,0.000051
max_cap38,VSS,Metal1,202.9015,274.8715,0.000051
load_slew37,VSS,Metal1,193.9200,289.6540,0.000025
load_slew36,VSS,Metal1,193.3600,298.3460,0.000070
max_cap35,VSS,Metal1,118.1530,109.4050,0.000016
max_cap34,VSS,Metal1,120.4520,85.7260,0.000011
max_cap33,VSS,Metal1,121.7450,156.4450,0.000029
max_cap32,VSS,Metal1,127.3450,179.9650,0.000050
wire31,VSS,Metal1,77.6150,281.8850,0.000050
max_cap30,VSS,Metal1,103.0300,259.0110,0.000023
load_slew29,VSS,Metal1,58.1775,345.5330,0.000019
output28,VSS,Metal1,12.4430,78.7205,0.000044
output27,VSS,Metal1,58.9230,493.5990,0.000000
output26,VSS,Metal1,94.7630,493.5990,0.000000
output25,VSS,Metal1,130.6030,493.5990,0.000000
output24,VSS,Metal1,12.4430,258.3990,0.000016
output23,VSS,Metal1,12.4430,251.2005,0.000043
output22,VSS,Metal1,166.4430,493.5990,0.000000
output21,VSS,Metal1,202.8430,493.5990,0.000000
output20,VSS,Metal1,240.9230,493.5990,0.000000
output19,VSS,Metal1,12.4430,477.9190,0.000014
output18,VSS,Metal1,12.4430,383.8390,0.000046
output17,VSS,Metal1,12.4430,454.3990,0.000049
output16,VSS,Metal1,12.4430,368.8005,0.000029
output15,VSS,Metal1,12.4430,462.8805,0.000007
output14,VSS,Metal1,12.4430,375.9990,0.000018
output13,VSS,Metal1,12.4430,439.3605,0.000019
output12,VSS,Metal1,12.4430,352.4790,0.000021
output11,VSS,Metal1,12.4430,447.2005,0.000020
output10,VSS,Metal1,12.4430,353.1205,0.000021
output9,VSS,Metal1,12.4430,430.8790,0.000009
output8,VSS,Metal1,12.4430,344.6390,0.000018
output7,VSS,Metal1,12.4430,415.1990,0.000025
output6,VSS,Metal1,12.4430,321.7605,0.000032
input5,VSS,Metal1,12.1965,243.3605,0.000034
input4,VSS,Metal1,12.1965,219.1990,0.000050
input3,VSS,Metal1,12.1965,164.3190,0.000018
input2,VSS,Metal1,12.1965,423.0390,0.000043
input1,VSS,Metal1,12.1965,328.9590,0.000040
top_level_104,VSS,Metal1,17.7375,392.3650,0.000028
top_level_103,VSS,Metal1,9.3400,109.3950,0.000011
top_level_102,VSS,Metal1,9.3400,101.5550,0.000016
top_level_101,VSS,Metal1,9.3400,125.8050,0.000025
top_level_100,VSS,Metal1,9.3400,125.0750,0.000025
top_level_99,VSS,Metal1,9.3400,188.5250,0.000018
top_level_98,VSS,Metal1,9.3400,266.1950,0.000027
top_level_97,VSS,Metal1,9.3400,281.8750,0.000034
top_level_96,VSS,Metal1,9.3400,234.8350,0.000021
top_level_95,VSS,Metal1,9.3400,195.6350,0.000024
top_level_117,VSS,Metal1,9.3375,140.7550,0.000068
top_level_116,VSS,Metal1,9.3375,156.4350,0.000031
top_level_115,VSS,Metal1,9.3375,93.7150,0.000012
top_level_114,VSS,Metal1,9.3375,133.6450,0.000010
top_level_113,VSS,Metal1,9.3375,165.0050,0.000018
top_level_112,VSS,Metal1,9.3375,289.7150,0.000027
top_level_111,VSS,Metal1,9.3375,305.3950,0.000027
top_level_110,VSS,Metal1,11.5775,305.3950,0.000027
top_level_109,VSS,Metal1,9.3375,297.5550,0.000051
top_level_108,VSS,Metal1,9.3375,226.9950,0.000023
top_level_107,VSS,Metal1,15.4975,493.5550,0.000000
top_level_106,VSS,Metal1,15.4975,392.3650,0.000028
top_level_105,VSS,Metal1,9.3375,486.4450,0.000013
TAP_TAPCELL_ROW_121_987,VSS,Metal1,235.7600,493.4505,0.000000
TAP_TAPCELL_ROW_121_986,VSS,Metal1,216.7200,493.4505,0.000000
TAP_TAPCELL_ROW_121_985,VSS,Metal1,197.6800,493.4505,0.000000
TAP_TAPCELL_ROW_121_984,VSS,Metal1,178.6400,493.4505,0.000000
TAP_TAPCELL_ROW_121_983,VSS,Metal1,159.6000,493.4505,0.000000
TAP_TAPCELL_ROW_121_982,VSS,Metal1,140.5600,493.4505,0.000000
TAP_TAPCELL_ROW_121_981,VSS,Metal1,121.5200,493.4505,0.000000
TAP_TAPCELL_ROW_121_980,VSS,Metal1,102.4800,493.4505,0.000000
TAP_TAPCELL_ROW_121_979,VSS,Metal1,83.4400,493.4505,0.000000
TAP_TAPCELL_ROW_121_978,VSS,Metal1,64.4000,493.4505,0.000000
TAP_TAPCELL_ROW_121_977,VSS,Metal1,45.3600,493.4505,0.000000
TAP_TAPCELL_ROW_121_976,VSS,Metal1,26.3200,493.4505,0.000000
TAP_TAPCELL_ROW_120_975,VSS,Metal1,222.8800,486.5490,0.000013
TAP_TAPCELL_ROW_120_974,VSS,Metal1,183.6800,486.5490,0.000012
TAP_TAPCELL_ROW_120_973,VSS,Metal1,144.4800,486.5490,0.000011
TAP_TAPCELL_ROW_120_972,VSS,Metal1,105.2800,486.5490,0.000013
TAP_TAPCELL_ROW_120_971,VSS,Metal1,66.0800,486.5490,0.000015
TAP_TAPCELL_ROW_120_970,VSS,Metal1,26.8800,486.5490,0.000013
TAP_TAPCELL_ROW_119_969,VSS,Metal1,242.4800,485.6105,0.000013
TAP_TAPCELL_ROW_119_968,VSS,Metal1,203.2800,485.6105,0.000013
TAP_TAPCELL_ROW_119_967,VSS,Metal1,164.0800,485.6105,0.000011
TAP_TAPCELL_ROW_119_966,VSS,Metal1,124.8800,485.6105,0.000012
TAP_TAPCELL_ROW_119_965,VSS,Metal1,85.6800,485.6105,0.000015
TAP_TAPCELL_ROW_119_964,VSS,Metal1,46.4800,485.6105,0.000014
TAP_TAPCELL_ROW_118_963,VSS,Metal1,222.8800,478.7090,0.000016
TAP_TAPCELL_ROW_118_962,VSS,Metal1,183.6800,478.7090,0.000015
TAP_TAPCELL_ROW_118_961,VSS,Metal1,144.4800,478.7090,0.000015
TAP_TAPCELL_ROW_118_960,VSS,Metal1,105.2800,478.7090,0.000016
TAP_TAPCELL_ROW_118_959,VSS,Metal1,66.0800,478.7090,0.000016
TAP_TAPCELL_ROW_118_958,VSS,Metal1,26.8800,478.7090,0.000014
TAP_TAPCELL_ROW_117_957,VSS,Metal1,242.4800,477.7705,0.000016
TAP_TAPCELL_ROW_117_956,VSS,Metal1,203.2800,477.7705,0.000016
TAP_TAPCELL_ROW_117_955,VSS,Metal1,164.0800,477.7705,0.000015
TAP_TAPCELL_ROW_117_954,VSS,Metal1,124.8800,477.7705,0.000016
TAP_TAPCELL_ROW_117_953,VSS,Metal1,85.6800,477.7705,0.000016
TAP_TAPCELL_ROW_117_952,VSS,Metal1,46.4800,477.7705,0.000015
TAP_TAPCELL_ROW_116_951,VSS,Metal1,222.8800,470.8690,0.000022
TAP_TAPCELL_ROW_116_950,VSS,Metal1,183.6800,470.8690,0.000021
TAP_TAPCELL_ROW_116_949,VSS,Metal1,144.4800,470.8690,0.000023
TAP_TAPCELL_ROW_116_948,VSS,Metal1,105.2800,470.8690,0.000023
TAP_TAPCELL_ROW_116_947,VSS,Metal1,66.0800,470.8690,0.000022
TAP_TAPCELL_ROW_116_946,VSS,Metal1,26.8800,470.8690,0.000019
TAP_TAPCELL_ROW_115_945,VSS,Metal1,242.4800,469.9305,0.000022
TAP_TAPCELL_ROW_115_944,VSS,Metal1,203.2800,469.9305,0.000022
TAP_TAPCELL_ROW_115_943,VSS,Metal1,164.0800,469.9305,0.000021
TAP_TAPCELL_ROW_115_942,VSS,Metal1,124.8800,469.9305,0.000023
TAP_TAPCELL_ROW_115_941,VSS,Metal1,85.6800,469.9305,0.000022
TAP_TAPCELL_ROW_115_940,VSS,Metal1,46.4800,469.9305,0.000022
TAP_TAPCELL_ROW_114_939,VSS,Metal1,222.8800,463.0290,0.000004
TAP_TAPCELL_ROW_114_938,VSS,Metal1,183.6800,463.0290,0.000004
TAP_TAPCELL_ROW_114_937,VSS,Metal1,144.4800,463.0290,0.000004
TAP_TAPCELL_ROW_114_936,VSS,Metal1,105.2800,463.0290,0.000004
TAP_TAPCELL_ROW_114_935,VSS,Metal1,66.0800,463.0290,0.000009
TAP_TAPCELL_ROW_114_934,VSS,Metal1,26.8800,463.0290,0.000007
TAP_TAPCELL_ROW_113_933,VSS,Metal1,242.4800,462.0905,0.000004
TAP_TAPCELL_ROW_113_932,VSS,Metal1,203.2800,462.0905,0.000004
TAP_TAPCELL_ROW_113_931,VSS,Metal1,164.0800,462.0905,0.000004
TAP_TAPCELL_ROW_113_930,VSS,Metal1,124.8800,462.0905,0.000004
TAP_TAPCELL_ROW_113_929,VSS,Metal1,85.6800,462.0905,0.000009
TAP_TAPCELL_ROW_113_928,VSS,Metal1,46.4800,462.0905,0.000009
TAP_TAPCELL_ROW_112_927,VSS,Metal1,222.8800,455.1890,0.000058
TAP_TAPCELL_ROW_112_926,VSS,Metal1,183.6800,455.1890,0.000052
TAP_TAPCELL_ROW_112_925,VSS,Metal1,144.4800,455.1890,0.000050
TAP_TAPCELL_ROW_112_924,VSS,Metal1,105.2800,455.1890,0.000052
TAP_TAPCELL_ROW_112_923,VSS,Metal1,66.0800,455.1890,0.000052
TAP_TAPCELL_ROW_112_922,VSS,Metal1,26.8800,455.1890,0.000049
TAP_TAPCELL_ROW_111_921,VSS,Metal1,242.4800,454.2505,0.000058
TAP_TAPCELL_ROW_111_920,VSS,Metal1,203.2800,454.2505,0.000056
TAP_TAPCELL_ROW_111_919,VSS,Metal1,164.0800,454.2505,0.000050
TAP_TAPCELL_ROW_111_918,VSS,Metal1,124.8800,454.2505,0.000052
TAP_TAPCELL_ROW_111_917,VSS,Metal1,85.6800,454.2505,0.000052
TAP_TAPCELL_ROW_111_916,VSS,Metal1,46.4800,454.2505,0.000050
TAP_TAPCELL_ROW_110_915,VSS,Metal1,222.8800,447.3490,0.000026
TAP_TAPCELL_ROW_110_914,VSS,Metal1,183.6800,447.3490,0.000026
TAP_TAPCELL_ROW_110_913,VSS,Metal1,144.4800,447.3490,0.000026
TAP_TAPCELL_ROW_110_912,VSS,Metal1,105.2800,447.3490,0.000027
TAP_TAPCELL_ROW_110_911,VSS,Metal1,66.0800,447.3490,0.000024
TAP_TAPCELL_ROW_110_910,VSS,Metal1,26.8800,447.3490,0.000020
TAP_TAPCELL_ROW_109_909,VSS,Metal1,242.4800,446.4105,0.000026
TAP_TAPCELL_ROW_109_908,VSS,Metal1,203.2800,446.4105,0.000026
TAP_TAPCELL_ROW_109_907,VSS,Metal1,164.0800,446.4105,0.000026
TAP_TAPCELL_ROW_109_906,VSS,Metal1,124.8800,446.4105,0.000026
TAP_TAPCELL_ROW_109_905,VSS,Metal1,85.6800,446.4105,0.000026
TAP_TAPCELL_ROW_109_904,VSS,Metal1,46.4800,446.4105,0.000023
TAP_TAPCELL_ROW_108_903,VSS,Metal1,222.8800,439.5090,0.000023
TAP_TAPCELL_ROW_108_902,VSS,Metal1,183.6800,439.5090,0.000021
TAP_TAPCELL_ROW_108_901,VSS,Metal1,144.4800,439.5090,0.000022
TAP_TAPCELL_ROW_108_900,VSS,Metal1,105.2800,439.5090,0.000024
TAP_TAPCELL_ROW_108_899,VSS,Metal1,66.0800,439.5090,0.000024
TAP_TAPCELL_ROW_108_898,VSS,Metal1,26.8800,439.5090,0.000019
TAP_TAPCELL_ROW_107_897,VSS,Metal1,242.4800,438.5705,0.000023
TAP_TAPCELL_ROW_107_896,VSS,Metal1,203.2800,438.5705,0.000022
TAP_TAPCELL_ROW_107_895,VSS,Metal1,164.0800,438.5705,0.000021
TAP_TAPCELL_ROW_107_894,VSS,Metal1,124.8800,438.5705,0.000023
TAP_TAPCELL_ROW_107_893,VSS,Metal1,85.6800,438.5705,0.000024
TAP_TAPCELL_ROW_107_892,VSS,Metal1,46.4800,438.5705,0.000022
TAP_TAPCELL_ROW_106_891,VSS,Metal1,222.8800,431.6690,0.000006
TAP_TAPCELL_ROW_106_890,VSS,Metal1,183.6800,431.6690,0.000006
TAP_TAPCELL_ROW_106_889,VSS,Metal1,144.4800,431.6690,0.000007
TAP_TAPCELL_ROW_106_888,VSS,Metal1,105.2800,431.6690,0.000008
TAP_TAPCELL_ROW_106_887,VSS,Metal1,66.0800,431.6690,0.000008
TAP_TAPCELL_ROW_106_886,VSS,Metal1,26.8800,431.6690,0.000009
TAP_TAPCELL_ROW_105_885,VSS,Metal1,242.4800,430.7305,0.000006
TAP_TAPCELL_ROW_105_884,VSS,Metal1,203.2800,430.7305,0.000006
TAP_TAPCELL_ROW_105_883,VSS,Metal1,164.0800,430.7305,0.000006
TAP_TAPCELL_ROW_105_882,VSS,Metal1,124.8800,430.7305,0.000008
TAP_TAPCELL_ROW_105_881,VSS,Metal1,85.6800,430.7305,0.000008
TAP_TAPCELL_ROW_105_880,VSS,Metal1,46.4800,430.7305,0.000009
TAP_TAPCELL_ROW_104_879,VSS,Metal1,222.8800,423.8290,0.000042
TAP_TAPCELL_ROW_104_878,VSS,Metal1,183.6800,423.8290,0.000038
TAP_TAPCELL_ROW_104_877,VSS,Metal1,144.4800,423.8290,0.000040
TAP_TAPCELL_ROW_104_876,VSS,Metal1,105.2800,423.8290,0.000042
TAP_TAPCELL_ROW_104_875,VSS,Metal1,66.0800,423.8290,0.000042
TAP_TAPCELL_ROW_104_874,VSS,Metal1,26.8800,423.8290,0.000043
TAP_TAPCELL_ROW_103_873,VSS,Metal1,242.4800,422.8905,0.000042
TAP_TAPCELL_ROW_103_872,VSS,Metal1,203.2800,422.8905,0.000041
TAP_TAPCELL_ROW_103_871,VSS,Metal1,164.0800,422.8905,0.000037
TAP_TAPCELL_ROW_103_870,VSS,Metal1,124.8800,422.8905,0.000041
TAP_TAPCELL_ROW_103_869,VSS,Metal1,85.6800,422.8905,0.000042
TAP_TAPCELL_ROW_103_868,VSS,Metal1,46.4800,422.8905,0.000043
TAP_TAPCELL_ROW_102_867,VSS,Metal1,222.8800,415.9890,0.000019
TAP_TAPCELL_ROW_102_866,VSS,Metal1,183.6800,415.9890,0.000019
TAP_TAPCELL_ROW_102_865,VSS,Metal1,144.4800,415.9890,0.000024
TAP_TAPCELL_ROW_102_864,VSS,Metal1,105.2800,415.9890,0.000027
TAP_TAPCELL_ROW_102_863,VSS,Metal1,66.0800,415.9890,0.000027
TAP_TAPCELL_ROW_102_862,VSS,Metal1,26.8800,415.9890,0.000025
TAP_TAPCELL_ROW_101_861,VSS,Metal1,242.4800,415.0505,0.000019
TAP_TAPCELL_ROW_101_860,VSS,Metal1,203.2800,415.0505,0.000019
TAP_TAPCELL_ROW_101_859,VSS,Metal1,164.0800,415.0505,0.000020
TAP_TAPCELL_ROW_101_858,VSS,Metal1,124.8800,415.0505,0.000027
TAP_TAPCELL_ROW_101_857,VSS,Metal1,85.6800,415.0505,0.000027
TAP_TAPCELL_ROW_101_856,VSS,Metal1,46.4800,415.0505,0.000027
TAP_TAPCELL_ROW_100_855,VSS,Metal1,222.8800,408.1490,0.000037
TAP_TAPCELL_ROW_100_854,VSS,Metal1,183.6800,408.1490,0.000037
TAP_TAPCELL_ROW_100_853,VSS,Metal1,144.4800,408.1490,0.000047
TAP_TAPCELL_ROW_100_852,VSS,Metal1,105.2800,408.1490,0.000049
TAP_TAPCELL_ROW_100_851,VSS,Metal1,66.0800,408.1490,0.000042
TAP_TAPCELL_ROW_100_850,VSS,Metal1,26.8800,408.1490,0.000039
TAP_TAPCELL_ROW_99_849,VSS,Metal1,242.4800,407.2105,0.000037
TAP_TAPCELL_ROW_99_848,VSS,Metal1,203.2800,407.2105,0.000037
TAP_TAPCELL_ROW_99_847,VSS,Metal1,164.0800,407.2105,0.000040
TAP_TAPCELL_ROW_99_846,VSS,Metal1,124.8800,407.2105,0.000049
TAP_TAPCELL_ROW_99_845,VSS,Metal1,85.6800,407.2105,0.000044
TAP_TAPCELL_ROW_99_844,VSS,Metal1,46.4800,407.2105,0.000039
TAP_TAPCELL_ROW_98_843,VSS,Metal1,222.8800,400.3090,0.000024
TAP_TAPCELL_ROW_98_842,VSS,Metal1,183.6800,400.3090,0.000021
TAP_TAPCELL_ROW_98_841,VSS,Metal1,144.4800,400.3090,0.000020
TAP_TAPCELL_ROW_98_840,VSS,Metal1,105.2800,400.3090,0.000014
TAP_TAPCELL_ROW_98_839,VSS,Metal1,66.0800,400.3090,0.000012
TAP_TAPCELL_ROW_98_838,VSS,Metal1,26.8800,400.3090,0.000008
TAP_TAPCELL_ROW_97_837,VSS,Metal1,242.4800,399.3705,0.000024
TAP_TAPCELL_ROW_97_836,VSS,Metal1,203.2800,399.3705,0.000023
TAP_TAPCELL_ROW_97_835,VSS,Metal1,164.0800,399.3705,0.000020
TAP_TAPCELL_ROW_97_834,VSS,Metal1,124.8800,399.3705,0.000014
TAP_TAPCELL_ROW_97_833,VSS,Metal1,85.6800,399.3705,0.000013
TAP_TAPCELL_ROW_97_832,VSS,Metal1,46.4800,399.3705,0.000009
TAP_TAPCELL_ROW_96_831,VSS,Metal1,222.8800,392.4690,0.000053
TAP_TAPCELL_ROW_96_830,VSS,Metal1,183.6800,392.4690,0.000049
TAP_TAPCELL_ROW_96_829,VSS,Metal1,144.4800,392.4690,0.000044
TAP_TAPCELL_ROW_96_828,VSS,Metal1,105.2800,392.4690,0.000041
TAP_TAPCELL_ROW_96_827,VSS,Metal1,66.0800,392.4690,0.000039
TAP_TAPCELL_ROW_96_826,VSS,Metal1,26.8800,392.4690,0.000028
TAP_TAPCELL_ROW_95_825,VSS,Metal1,242.4800,391.5305,0.000053
TAP_TAPCELL_ROW_95_824,VSS,Metal1,203.2800,391.5305,0.000052
TAP_TAPCELL_ROW_95_823,VSS,Metal1,164.0800,391.5305,0.000047
TAP_TAPCELL_ROW_95_822,VSS,Metal1,124.8800,391.5305,0.000043
TAP_TAPCELL_ROW_95_821,VSS,Metal1,85.6800,391.5305,0.000040
TAP_TAPCELL_ROW_95_820,VSS,Metal1,46.4800,391.5305,0.000030
TAP_TAPCELL_ROW_94_819,VSS,Metal1,222.8800,384.6290,0.000088
TAP_TAPCELL_ROW_94_818,VSS,Metal1,183.6800,384.6290,0.000063
TAP_TAPCELL_ROW_94_817,VSS,Metal1,144.4800,384.6290,0.000061
TAP_TAPCELL_ROW_94_816,VSS,Metal1,105.2800,384.6290,0.000058
TAP_TAPCELL_ROW_94_815,VSS,Metal1,66.0800,384.6290,0.000057
TAP_TAPCELL_ROW_94_814,VSS,Metal1,26.8800,384.6290,0.000046
TAP_TAPCELL_ROW_93_813,VSS,Metal1,242.4800,383.6905,0.000088
TAP_TAPCELL_ROW_93_812,VSS,Metal1,203.2800,383.6905,0.000079
TAP_TAPCELL_ROW_93_811,VSS,Metal1,164.0800,383.6905,0.000061
TAP_TAPCELL_ROW_93_810,VSS,Metal1,124.8800,383.6905,0.000059
TAP_TAPCELL_ROW_93_809,VSS,Metal1,85.6800,383.6905,0.000057
TAP_TAPCELL_ROW_93_808,VSS,Metal1,46.4800,383.6905,0.000052
TAP_TAPCELL_ROW_92_807,VSS,Metal1,222.8800,376.7890,0.000027
TAP_TAPCELL_ROW_92_806,VSS,Metal1,183.6800,376.7890,0.000023
TAP_TAPCELL_ROW_92_805,VSS,Metal1,144.4800,376.7890,0.000022
TAP_TAPCELL_ROW_92_804,VSS,Metal1,105.2800,376.7890,0.000022
TAP_TAPCELL_ROW_92_803,VSS,Metal1,66.0800,376.7890,0.000019
TAP_TAPCELL_ROW_92_802,VSS,Metal1,26.8800,376.7890,0.000018
TAP_TAPCELL_ROW_91_801,VSS,Metal1,242.4800,375.8505,0.000027
TAP_TAPCELL_ROW_91_800,VSS,Metal1,203.2800,375.8505,0.000027
TAP_TAPCELL_ROW_91_799,VSS,Metal1,164.0800,375.8505,0.000022
TAP_TAPCELL_ROW_91_798,VSS,Metal1,124.8800,375.8505,0.000022
TAP_TAPCELL_ROW_91_797,VSS,Metal1,85.6800,375.8505,0.000021
TAP_TAPCELL_ROW_91_796,VSS,Metal1,46.4800,375.8505,0.000019
TAP_TAPCELL_ROW_90_795,VSS,Metal1,222.8800,368.9490,0.000097
TAP_TAPCELL_ROW_90_794,VSS,Metal1,183.6800,368.9490,0.000096
TAP_TAPCELL_ROW_90_793,VSS,Metal1,144.4800,368.9490,0.000101
TAP_TAPCELL_ROW_90_792,VSS,Metal1,105.2800,368.9490,0.000099
TAP_TAPCELL_ROW_90_791,VSS,Metal1,66.0800,368.9490,0.000035
TAP_TAPCELL_ROW_90_790,VSS,Metal1,26.8800,368.9490,0.000029
TAP_TAPCELL_ROW_89_789,VSS,Metal1,242.4800,368.0105,0.000097
TAP_TAPCELL_ROW_89_788,VSS,Metal1,203.2800,368.0105,0.000097
TAP_TAPCELL_ROW_89_787,VSS,Metal1,164.0800,368.0105,0.000096
TAP_TAPCELL_ROW_89_786,VSS,Metal1,124.8800,368.0105,0.000101
TAP_TAPCELL_ROW_89_785,VSS,Metal1,85.6800,368.0105,0.000094
TAP_TAPCELL_ROW_89_784,VSS,Metal1,46.4800,368.0105,0.000032
TAP_TAPCELL_ROW_88_783,VSS,Metal1,222.8800,361.1090,0.000021
TAP_TAPCELL_ROW_88_782,VSS,Metal1,183.6800,361.1090,0.000021
TAP_TAPCELL_ROW_88_781,VSS,Metal1,144.4800,361.1090,0.000022
TAP_TAPCELL_ROW_88_780,VSS,Metal1,105.2800,361.1090,0.000023
TAP_TAPCELL_ROW_88_779,VSS,Metal1,66.0800,361.1090,0.000015
TAP_TAPCELL_ROW_88_778,VSS,Metal1,26.8800,361.1090,0.000009
TAP_TAPCELL_ROW_87_777,VSS,Metal1,242.4800,360.1705,0.000021
TAP_TAPCELL_ROW_87_776,VSS,Metal1,203.2800,360.1705,0.000021
TAP_TAPCELL_ROW_87_775,VSS,Metal1,164.0800,360.1705,0.000021
TAP_TAPCELL_ROW_87_774,VSS,Metal1,124.8800,360.1705,0.000023
TAP_TAPCELL_ROW_87_773,VSS,Metal1,85.6800,360.1705,0.000016
TAP_TAPCELL_ROW_87_772,VSS,Metal1,46.4800,360.1705,0.000009
TAP_TAPCELL_ROW_86_771,VSS,Metal1,222.8800,353.2690,0.000026
TAP_TAPCELL_ROW_86_770,VSS,Metal1,183.6800,353.2690,0.000023
TAP_TAPCELL_ROW_86_769,VSS,Metal1,144.4800,353.2690,0.000023
TAP_TAPCELL_ROW_86_768,VSS,Metal1,105.2800,353.2690,0.000023
TAP_TAPCELL_ROW_86_767,VSS,Metal1,66.0800,353.2690,0.000022
TAP_TAPCELL_ROW_86_766,VSS,Metal1,26.8800,353.2690,0.000021
TAP_TAPCELL_ROW_85_765,VSS,Metal1,242.4800,352.3305,0.000041
TAP_TAPCELL_ROW_85_764,VSS,Metal1,203.2800,352.3305,0.000024
TAP_TAPCELL_ROW_85_763,VSS,Metal1,164.0800,352.3305,0.000023
TAP_TAPCELL_ROW_85_762,VSS,Metal1,124.8800,352.3305,0.000023
TAP_TAPCELL_ROW_85_761,VSS,Metal1,85.6800,352.3305,0.000022
TAP_TAPCELL_ROW_85_760,VSS,Metal1,46.4800,352.3305,0.000021
TAP_TAPCELL_ROW_84_759,VSS,Metal1,222.8800,345.4290,0.000022
TAP_TAPCELL_ROW_84_758,VSS,Metal1,183.6800,345.4290,0.000022
TAP_TAPCELL_ROW_84_757,VSS,Metal1,144.4800,345.4290,0.000022
TAP_TAPCELL_ROW_84_756,VSS,Metal1,105.2800,345.4290,0.000022
TAP_TAPCELL_ROW_84_755,VSS,Metal1,66.0800,345.4290,0.000019
TAP_TAPCELL_ROW_84_754,VSS,Metal1,26.8800,345.4290,0.000018
TAP_TAPCELL_ROW_83_753,VSS,Metal1,242.4800,344.4905,0.000022
TAP_TAPCELL_ROW_83_752,VSS,Metal1,203.2800,344.4905,0.000022
TAP_TAPCELL_ROW_83_751,VSS,Metal1,164.0800,344.4905,0.000022
TAP_TAPCELL_ROW_83_750,VSS,Metal1,124.8800,344.4905,0.000022
TAP_TAPCELL_ROW_83_749,VSS,Metal1,85.6800,344.4905,0.000020
TAP_TAPCELL_ROW_83_748,VSS,Metal1,46.4800,344.4905,0.000019
TAP_TAPCELL_ROW_82_747,VSS,Metal1,222.8800,337.5890,0.000012
TAP_TAPCELL_ROW_82_746,VSS,Metal1,183.6800,337.5890,0.000012
TAP_TAPCELL_ROW_82_745,VSS,Metal1,144.4800,337.5890,0.000014
TAP_TAPCELL_ROW_82_744,VSS,Metal1,105.2800,337.5890,0.000015
TAP_TAPCELL_ROW_82_743,VSS,Metal1,66.0800,337.5890,0.000014
TAP_TAPCELL_ROW_82_742,VSS,Metal1,26.8800,337.5890,0.000010
TAP_TAPCELL_ROW_81_741,VSS,Metal1,242.4800,336.6505,0.000012
TAP_TAPCELL_ROW_81_740,VSS,Metal1,203.2800,336.6505,0.000012
TAP_TAPCELL_ROW_81_739,VSS,Metal1,164.0800,336.6505,0.000012
TAP_TAPCELL_ROW_81_738,VSS,Metal1,124.8800,336.6505,0.000015
TAP_TAPCELL_ROW_81_737,VSS,Metal1,85.6800,336.6505,0.000014
TAP_TAPCELL_ROW_81_736,VSS,Metal1,46.4800,336.6505,0.000011
TAP_TAPCELL_ROW_80_735,VSS,Metal1,222.8800,329.7490,0.000026
TAP_TAPCELL_ROW_80_734,VSS,Metal1,183.6800,329.7490,0.000025
TAP_TAPCELL_ROW_80_733,VSS,Metal1,144.4800,329.7490,0.000028
TAP_TAPCELL_ROW_80_732,VSS,Metal1,105.2800,329.7490,0.000033
TAP_TAPCELL_ROW_80_731,VSS,Metal1,66.0800,329.7490,0.000036
TAP_TAPCELL_ROW_80_730,VSS,Metal1,26.8800,329.7490,0.000040
TAP_TAPCELL_ROW_79_729,VSS,Metal1,242.4800,328.8105,0.000026
TAP_TAPCELL_ROW_79_728,VSS,Metal1,203.2800,328.8105,0.000026
TAP_TAPCELL_ROW_79_727,VSS,Metal1,164.0800,328.8105,0.000026
TAP_TAPCELL_ROW_79_726,VSS,Metal1,124.8800,328.8105,0.000031
TAP_TAPCELL_ROW_79_725,VSS,Metal1,85.6800,328.8105,0.000035
TAP_TAPCELL_ROW_79_724,VSS,Metal1,46.4800,328.8105,0.000040
TAP_TAPCELL_ROW_78_723,VSS,Metal1,222.8800,321.9090,0.000035
TAP_TAPCELL_ROW_78_722,VSS,Metal1,183.6800,321.9090,0.000035
TAP_TAPCELL_ROW_78_721,VSS,Metal1,144.4800,321.9090,0.000040
TAP_TAPCELL_ROW_78_720,VSS,Metal1,105.2800,321.9090,0.000038
TAP_TAPCELL_ROW_78_719,VSS,Metal1,66.0800,321.9090,0.000037
TAP_TAPCELL_ROW_78_718,VSS,Metal1,26.8800,321.9090,0.000032
TAP_TAPCELL_ROW_77_717,VSS,Metal1,242.4800,320.9705,0.000035
TAP_TAPCELL_ROW_77_716,VSS,Metal1,203.2800,320.9705,0.000035
TAP_TAPCELL_ROW_77_715,VSS,Metal1,164.0800,320.9705,0.000035
TAP_TAPCELL_ROW_77_714,VSS,Metal1,124.8800,320.9705,0.000040
TAP_TAPCELL_ROW_77_713,VSS,Metal1,85.6800,320.9705,0.000038
TAP_TAPCELL_ROW_77_712,VSS,Metal1,46.4800,320.9705,0.000036
TAP_TAPCELL_ROW_76_711,VSS,Metal1,222.8800,314.0690,0.000023
TAP_TAPCELL_ROW_76_710,VSS,Metal1,183.6800,314.0690,0.000021
TAP_TAPCELL_ROW_76_709,VSS,Metal1,144.4800,314.0690,0.000025
TAP_TAPCELL_ROW_76_708,VSS,Metal1,105.2800,314.0690,0.000025
TAP_TAPCELL_ROW_76_707,VSS,Metal1,66.0800,314.0690,0.000023
TAP_TAPCELL_ROW_76_706,VSS,Metal1,26.8800,314.0690,0.000019
TAP_TAPCELL_ROW_75_705,VSS,Metal1,242.4800,313.1305,0.000023
TAP_TAPCELL_ROW_75_704,VSS,Metal1,203.2800,313.1305,0.000021
TAP_TAPCELL_ROW_75_703,VSS,Metal1,164.0800,313.1305,0.000024
TAP_TAPCELL_ROW_75_702,VSS,Metal1,124.8800,313.1305,0.000025
TAP_TAPCELL_ROW_75_701,VSS,Metal1,85.6800,313.1305,0.000025
TAP_TAPCELL_ROW_75_700,VSS,Metal1,46.4800,313.1305,0.000020
TAP_TAPCELL_ROW_74_699,VSS,Metal1,222.8800,306.2290,0.000035
TAP_TAPCELL_ROW_74_698,VSS,Metal1,183.6800,306.2290,0.000033
TAP_TAPCELL_ROW_74_697,VSS,Metal1,144.4800,306.2290,0.000032
TAP_TAPCELL_ROW_74_696,VSS,Metal1,105.2800,306.2290,0.000032
TAP_TAPCELL_ROW_74_695,VSS,Metal1,66.0800,306.2290,0.000028
TAP_TAPCELL_ROW_74_694,VSS,Metal1,26.8800,306.2290,0.000027
TAP_TAPCELL_ROW_73_693,VSS,Metal1,242.4800,305.2905,0.000035
TAP_TAPCELL_ROW_73_692,VSS,Metal1,203.2800,305.2905,0.000034
TAP_TAPCELL_ROW_73_691,VSS,Metal1,164.0800,305.2905,0.000032
TAP_TAPCELL_ROW_73_690,VSS,Metal1,124.8800,305.2905,0.000032
TAP_TAPCELL_ROW_73_689,VSS,Metal1,85.6800,305.2905,0.000031
TAP_TAPCELL_ROW_73_688,VSS,Metal1,46.4800,305.2905,0.000028
TAP_TAPCELL_ROW_72_687,VSS,Metal1,222.8800,298.3890,0.000081
TAP_TAPCELL_ROW_72_686,VSS,Metal1,183.6800,298.3890,0.000068
TAP_TAPCELL_ROW_72_685,VSS,Metal1,144.4800,298.3890,0.000063
TAP_TAPCELL_ROW_72_684,VSS,Metal1,105.2800,298.3890,0.000063
TAP_TAPCELL_ROW_72_683,VSS,Metal1,66.0800,298.3890,0.000061
TAP_TAPCELL_ROW_72_682,VSS,Metal1,26.8800,298.3890,0.000051
TAP_TAPCELL_ROW_71_681,VSS,Metal1,242.4800,297.4505,0.000089
TAP_TAPCELL_ROW_71_680,VSS,Metal1,203.2800,297.4505,0.000070
TAP_TAPCELL_ROW_71_679,VSS,Metal1,164.0800,297.4505,0.000063
TAP_TAPCELL_ROW_71_678,VSS,Metal1,124.8800,297.4505,0.000063
TAP_TAPCELL_ROW_71_677,VSS,Metal1,85.6800,297.4505,0.000062
TAP_TAPCELL_ROW_71_676,VSS,Metal1,46.4800,297.4505,0.000056
TAP_TAPCELL_ROW_70_675,VSS,Metal1,222.8800,290.5490,0.000025
TAP_TAPCELL_ROW_70_674,VSS,Metal1,183.6800,290.5490,0.000023
TAP_TAPCELL_ROW_70_673,VSS,Metal1,144.4800,290.5490,0.000030
TAP_TAPCELL_ROW_70_672,VSS,Metal1,105.2800,290.5490,0.000031
TAP_TAPCELL_ROW_70_671,VSS,Metal1,66.0800,290.5490,0.000032
TAP_TAPCELL_ROW_70_670,VSS,Metal1,26.8800,290.5490,0.000027
TAP_TAPCELL_ROW_69_669,VSS,Metal1,242.4800,289.6105,0.000025
TAP_TAPCELL_ROW_69_668,VSS,Metal1,203.2800,289.6105,0.000025
TAP_TAPCELL_ROW_69_667,VSS,Metal1,164.0800,289.6105,0.000027
TAP_TAPCELL_ROW_69_666,VSS,Metal1,124.8800,289.6105,0.000030
TAP_TAPCELL_ROW_69_665,VSS,Metal1,85.6800,289.6105,0.000031
TAP_TAPCELL_ROW_69_664,VSS,Metal1,46.4800,289.6105,0.000031
TAP_TAPCELL_ROW_68_663,VSS,Metal1,222.8800,282.7090,0.000054
TAP_TAPCELL_ROW_68_662,VSS,Metal1,183.6800,282.7090,0.000053
TAP_TAPCELL_ROW_68_661,VSS,Metal1,144.4800,282.7090,0.000051
TAP_TAPCELL_ROW_68_660,VSS,Metal1,105.2800,282.7090,0.000050
TAP_TAPCELL_ROW_68_659,VSS,Metal1,66.0800,282.7090,0.000048
TAP_TAPCELL_ROW_68_658,VSS,Metal1,26.8800,282.7090,0.000035
TAP_TAPCELL_ROW_67_657,VSS,Metal1,242.4800,281.7705,0.000054
TAP_TAPCELL_ROW_67_656,VSS,Metal1,203.2800,281.7705,0.000054
TAP_TAPCELL_ROW_67_655,VSS,Metal1,164.0800,281.7705,0.000050
TAP_TAPCELL_ROW_67_654,VSS,Metal1,124.8800,281.7705,0.000050
TAP_TAPCELL_ROW_67_653,VSS,Metal1,85.6800,281.7705,0.000050
TAP_TAPCELL_ROW_67_652,VSS,Metal1,46.4800,281.7705,0.000045
TAP_TAPCELL_ROW_66_651,VSS,Metal1,222.8800,274.8690,0.000051
TAP_TAPCELL_ROW_66_650,VSS,Metal1,183.6800,274.8690,0.000050
TAP_TAPCELL_ROW_66_649,VSS,Metal1,144.4800,274.8690,0.000050
TAP_TAPCELL_ROW_66_648,VSS,Metal1,105.2800,274.8690,0.000045
TAP_TAPCELL_ROW_66_647,VSS,Metal1,66.0800,274.8690,0.000039
TAP_TAPCELL_ROW_66_646,VSS,Metal1,26.8800,274.8690,0.000036
TAP_TAPCELL_ROW_65_645,VSS,Metal1,242.4800,273.9305,0.000051
TAP_TAPCELL_ROW_65_644,VSS,Metal1,203.2800,273.9305,0.000051
TAP_TAPCELL_ROW_65_643,VSS,Metal1,164.0800,273.9305,0.000050
TAP_TAPCELL_ROW_65_642,VSS,Metal1,124.8800,273.9305,0.000048
TAP_TAPCELL_ROW_65_641,VSS,Metal1,85.6800,273.9305,0.000042
TAP_TAPCELL_ROW_65_640,VSS,Metal1,46.4800,273.9305,0.000038
TAP_TAPCELL_ROW_64_639,VSS,Metal1,222.8800,267.0290,0.000047
TAP_TAPCELL_ROW_64_638,VSS,Metal1,183.6800,267.0290,0.000044
TAP_TAPCELL_ROW_64_637,VSS,Metal1,144.4800,267.0290,0.000042
TAP_TAPCELL_ROW_64_636,VSS,Metal1,105.2800,267.0290,0.000038
TAP_TAPCELL_ROW_64_635,VSS,Metal1,66.0800,267.0290,0.000034
TAP_TAPCELL_ROW_64_634,VSS,Metal1,26.8800,267.0290,0.000027
TAP_TAPCELL_ROW_63_633,VSS,Metal1,242.4800,266.0905,0.000047
TAP_TAPCELL_ROW_63_632,VSS,Metal1,203.2800,266.0905,0.000046
TAP_TAPCELL_ROW_63_631,VSS,Metal1,164.0800,266.0905,0.000043
TAP_TAPCELL_ROW_63_630,VSS,Metal1,124.8800,266.0905,0.000040
TAP_TAPCELL_ROW_63_629,VSS,Metal1,85.6800,266.0905,0.000035
TAP_TAPCELL_ROW_63_628,VSS,Metal1,46.4800,266.0905,0.000028
TAP_TAPCELL_ROW_62_627,VSS,Metal1,222.8800,259.1890,0.000023
TAP_TAPCELL_ROW_62_626,VSS,Metal1,183.6800,259.1890,0.000022
TAP_TAPCELL_ROW_62_625,VSS,Metal1,144.4800,259.1890,0.000023
TAP_TAPCELL_ROW_62_624,VSS,Metal1,105.2800,259.1890,0.000023
TAP_TAPCELL_ROW_62_623,VSS,Metal1,66.0800,259.1890,0.000021
TAP_TAPCELL_ROW_62_622,VSS,Metal1,26.8800,259.1890,0.000017
TAP_TAPCELL_ROW_61_621,VSS,Metal1,242.4800,258.2505,0.000023
TAP_TAPCELL_ROW_61_620,VSS,Metal1,203.2800,258.2505,0.000023
TAP_TAPCELL_ROW_61_619,VSS,Metal1,164.0800,258.2505,0.000022
TAP_TAPCELL_ROW_61_618,VSS,Metal1,124.8800,258.2505,0.000023
TAP_TAPCELL_ROW_61_617,VSS,Metal1,85.6800,258.2505,0.000022
TAP_TAPCELL_ROW_61_616,VSS,Metal1,46.4800,258.2505,0.000018
TAP_TAPCELL_ROW_60_615,VSS,Metal1,222.8800,251.3490,0.000073
TAP_TAPCELL_ROW_60_614,VSS,Metal1,183.6800,251.3490,0.000072
TAP_TAPCELL_ROW_60_613,VSS,Metal1,144.4800,251.3490,0.000081
TAP_TAPCELL_ROW_60_612,VSS,Metal1,105.2800,251.3490,0.000079
TAP_TAPCELL_ROW_60_611,VSS,Metal1,66.0800,251.3490,0.000065
TAP_TAPCELL_ROW_60_610,VSS,Metal1,26.8800,251.3490,0.000054
TAP_TAPCELL_ROW_59_609,VSS,Metal1,242.4800,250.4105,0.000073
TAP_TAPCELL_ROW_59_608,VSS,Metal1,203.2800,250.4105,0.000073
TAP_TAPCELL_ROW_59_607,VSS,Metal1,164.0800,250.4105,0.000079
TAP_TAPCELL_ROW_59_606,VSS,Metal1,124.8800,250.4105,0.000081
TAP_TAPCELL_ROW_59_605,VSS,Metal1,85.6800,250.4105,0.000071
TAP_TAPCELL_ROW_59_604,VSS,Metal1,46.4800,250.4105,0.000057
TAP_TAPCELL_ROW_58_603,VSS,Metal1,222.8800,243.5090,0.000035
TAP_TAPCELL_ROW_58_602,VSS,Metal1,183.6800,243.5090,0.000034
TAP_TAPCELL_ROW_58_601,VSS,Metal1,144.4800,243.5090,0.000046
TAP_TAPCELL_ROW_58_600,VSS,Metal1,105.2800,243.5090,0.000051
TAP_TAPCELL_ROW_58_599,VSS,Metal1,66.0800,243.5090,0.000041
TAP_TAPCELL_ROW_58_598,VSS,Metal1,26.8800,243.5090,0.000033
TAP_TAPCELL_ROW_57_597,VSS,Metal1,242.4800,242.5705,0.000035
TAP_TAPCELL_ROW_57_596,VSS,Metal1,203.2800,242.5705,0.000035
TAP_TAPCELL_ROW_57_595,VSS,Metal1,164.0800,242.5705,0.000039
TAP_TAPCELL_ROW_57_594,VSS,Metal1,124.8800,242.5705,0.000047
TAP_TAPCELL_ROW_57_593,VSS,Metal1,85.6800,242.5705,0.000049
TAP_TAPCELL_ROW_57_592,VSS,Metal1,46.4800,242.5705,0.000036
TAP_TAPCELL_ROW_56_591,VSS,Metal1,222.8800,235.6690,0.000020
TAP_TAPCELL_ROW_56_590,VSS,Metal1,183.6800,235.6690,0.000019
TAP_TAPCELL_ROW_56_589,VSS,Metal1,144.4800,235.6690,0.000024
TAP_TAPCELL_ROW_56_588,VSS,Metal1,105.2800,235.6690,0.000024
TAP_TAPCELL_ROW_56_587,VSS,Metal1,66.0800,235.6690,0.000022
TAP_TAPCELL_ROW_56_586,VSS,Metal1,26.8800,235.6690,0.000020
TAP_TAPCELL_ROW_55_585,VSS,Metal1,242.4800,234.7305,0.000020
TAP_TAPCELL_ROW_55_584,VSS,Metal1,203.2800,234.7305,0.000020
TAP_TAPCELL_ROW_55_583,VSS,Metal1,164.0800,234.7305,0.000022
TAP_TAPCELL_ROW_55_582,VSS,Metal1,124.8800,234.7305,0.000024
TAP_TAPCELL_ROW_55_581,VSS,Metal1,85.6800,234.7305,0.000023
TAP_TAPCELL_ROW_55_580,VSS,Metal1,46.4800,234.7305,0.000021
TAP_TAPCELL_ROW_54_579,VSS,Metal1,222.8800,227.8290,0.000022
TAP_TAPCELL_ROW_54_578,VSS,Metal1,183.6800,227.8290,0.000021
TAP_TAPCELL_ROW_54_577,VSS,Metal1,144.4800,227.8290,0.000027
TAP_TAPCELL_ROW_54_576,VSS,Metal1,105.2800,227.8290,0.000027
TAP_TAPCELL_ROW_54_575,VSS,Metal1,66.0800,227.8290,0.000025
TAP_TAPCELL_ROW_54_574,VSS,Metal1,26.8800,227.8290,0.000023
TAP_TAPCELL_ROW_53_573,VSS,Metal1,242.4800,226.8905,0.000022
TAP_TAPCELL_ROW_53_572,VSS,Metal1,203.2800,226.8905,0.000022
TAP_TAPCELL_ROW_53_571,VSS,Metal1,164.0800,226.8905,0.000023
TAP_TAPCELL_ROW_53_570,VSS,Metal1,124.8800,226.8905,0.000027
TAP_TAPCELL_ROW_53_569,VSS,Metal1,85.6800,226.8905,0.000026
TAP_TAPCELL_ROW_53_568,VSS,Metal1,46.4800,226.8905,0.000023
TAP_TAPCELL_ROW_52_567,VSS,Metal1,222.8800,219.9890,0.000050
TAP_TAPCELL_ROW_52_566,VSS,Metal1,183.6800,219.9890,0.000050
TAP_TAPCELL_ROW_52_565,VSS,Metal1,144.4800,219.9890,0.000052
TAP_TAPCELL_ROW_52_564,VSS,Metal1,105.2800,219.9890,0.000053
TAP_TAPCELL_ROW_52_563,VSS,Metal1,66.0800,219.9890,0.000053
TAP_TAPCELL_ROW_52_562,VSS,Metal1,26.8800,219.9890,0.000049
TAP_TAPCELL_ROW_51_561,VSS,Metal1,242.4800,219.0505,0.000050
TAP_TAPCELL_ROW_51_560,VSS,Metal1,203.2800,219.0505,0.000050
TAP_TAPCELL_ROW_51_559,VSS,Metal1,164.0800,219.0505,0.000050
TAP_TAPCELL_ROW_51_558,VSS,Metal1,124.8800,219.0505,0.000053
TAP_TAPCELL_ROW_51_557,VSS,Metal1,85.6800,219.0505,0.000053
TAP_TAPCELL_ROW_51_556,VSS,Metal1,46.4800,219.0505,0.000053
TAP_TAPCELL_ROW_50_555,VSS,Metal1,222.8800,212.1490,0.000015
TAP_TAPCELL_ROW_50_554,VSS,Metal1,183.6800,212.1490,0.000015
TAP_TAPCELL_ROW_50_553,VSS,Metal1,144.4800,212.1490,0.000016
TAP_TAPCELL_ROW_50_552,VSS,Metal1,105.2800,212.1490,0.000029
TAP_TAPCELL_ROW_50_551,VSS,Metal1,66.0800,212.1490,0.000027
TAP_TAPCELL_ROW_50_550,VSS,Metal1,26.8800,212.1490,0.000022
TAP_TAPCELL_ROW_49_549,VSS,Metal1,242.4800,211.2105,0.000015
TAP_TAPCELL_ROW_49_548,VSS,Metal1,203.2800,211.2105,0.000015
TAP_TAPCELL_ROW_49_547,VSS,Metal1,164.0800,211.2105,0.000015
TAP_TAPCELL_ROW_49_546,VSS,Metal1,124.8800,211.2105,0.000029
TAP_TAPCELL_ROW_49_545,VSS,Metal1,85.6800,211.2105,0.000029
TAP_TAPCELL_ROW_49_544,VSS,Metal1,46.4800,211.2105,0.000027
TAP_TAPCELL_ROW_48_543,VSS,Metal1,222.8800,204.3090,0.000034
TAP_TAPCELL_ROW_48_542,VSS,Metal1,183.6800,204.3090,0.000034
TAP_TAPCELL_ROW_48_541,VSS,Metal1,144.4800,204.3090,0.000035
TAP_TAPCELL_ROW_48_540,VSS,Metal1,105.2800,204.3090,0.000037
TAP_TAPCELL_ROW_48_539,VSS,Metal1,66.0800,204.3090,0.000036
TAP_TAPCELL_ROW_48_538,VSS,Metal1,26.8800,204.3090,0.000032
TAP_TAPCELL_ROW_47_537,VSS,Metal1,242.4800,203.3705,0.000034
TAP_TAPCELL_ROW_47_536,VSS,Metal1,203.2800,203.3705,0.000034
TAP_TAPCELL_ROW_47_535,VSS,Metal1,164.0800,203.3705,0.000034
TAP_TAPCELL_ROW_47_534,VSS,Metal1,124.8800,203.3705,0.000036
TAP_TAPCELL_ROW_47_533,VSS,Metal1,85.6800,203.3705,0.000037
TAP_TAPCELL_ROW_47_532,VSS,Metal1,46.4800,203.3705,0.000035
TAP_TAPCELL_ROW_46_531,VSS,Metal1,222.8800,196.4690,0.000085
TAP_TAPCELL_ROW_46_530,VSS,Metal1,183.6800,196.4690,0.000085
TAP_TAPCELL_ROW_46_529,VSS,Metal1,144.4800,196.4690,0.000085
TAP_TAPCELL_ROW_46_528,VSS,Metal1,105.2800,196.4690,0.000080
TAP_TAPCELL_ROW_46_527,VSS,Metal1,66.0800,196.4690,0.000032
TAP_TAPCELL_ROW_46_526,VSS,Metal1,26.8800,196.4690,0.000024
TAP_TAPCELL_ROW_45_525,VSS,Metal1,242.4800,195.5305,0.000085
TAP_TAPCELL_ROW_45_524,VSS,Metal1,203.2800,195.5305,0.000085
TAP_TAPCELL_ROW_45_523,VSS,Metal1,164.0800,195.5305,0.000085
TAP_TAPCELL_ROW_45_522,VSS,Metal1,124.8800,195.5305,0.000083
TAP_TAPCELL_ROW_45_521,VSS,Metal1,85.6800,195.5305,0.000079
TAP_TAPCELL_ROW_45_520,VSS,Metal1,46.4800,195.5305,0.000030
TAP_TAPCELL_ROW_44_519,VSS,Metal1,222.8800,188.6290,0.000030
TAP_TAPCELL_ROW_44_518,VSS,Metal1,183.6800,188.6290,0.000029
TAP_TAPCELL_ROW_44_517,VSS,Metal1,144.4800,188.6290,0.000023
TAP_TAPCELL_ROW_44_516,VSS,Metal1,105.2800,188.6290,0.000021
TAP_TAPCELL_ROW_44_515,VSS,Metal1,66.0800,188.6290,0.000021
TAP_TAPCELL_ROW_44_514,VSS,Metal1,26.8800,188.6290,0.000019
TAP_TAPCELL_ROW_43_513,VSS,Metal1,242.4800,187.6905,0.000030
TAP_TAPCELL_ROW_43_512,VSS,Metal1,203.2800,187.6905,0.000030
TAP_TAPCELL_ROW_43_511,VSS,Metal1,164.0800,187.6905,0.000023
TAP_TAPCELL_ROW_43_510,VSS,Metal1,124.8800,187.6905,0.000022
TAP_TAPCELL_ROW_43_509,VSS,Metal1,85.6800,187.6905,0.000021
TAP_TAPCELL_ROW_43_508,VSS,Metal1,46.4800,187.6905,0.000021
TAP_TAPCELL_ROW_42_507,VSS,Metal1,222.8800,180.7890,0.000057
TAP_TAPCELL_ROW_42_506,VSS,Metal1,183.6800,180.7890,0.000055
TAP_TAPCELL_ROW_42_505,VSS,Metal1,144.4800,180.7890,0.000050
TAP_TAPCELL_ROW_42_504,VSS,Metal1,105.2800,180.7890,0.000049
TAP_TAPCELL_ROW_42_503,VSS,Metal1,66.0800,180.7890,0.000033
TAP_TAPCELL_ROW_42_502,VSS,Metal1,26.8800,180.7890,0.000031
TAP_TAPCELL_ROW_41_501,VSS,Metal1,242.4800,179.8505,0.000057
TAP_TAPCELL_ROW_41_500,VSS,Metal1,203.2800,179.8505,0.000056
TAP_TAPCELL_ROW_41_499,VSS,Metal1,164.0800,179.8505,0.000050
TAP_TAPCELL_ROW_41_498,VSS,Metal1,124.8800,179.8505,0.000050
TAP_TAPCELL_ROW_41_497,VSS,Metal1,85.6800,179.8505,0.000038
TAP_TAPCELL_ROW_41_496,VSS,Metal1,46.4800,179.8505,0.000033
TAP_TAPCELL_ROW_40_495,VSS,Metal1,222.8800,172.9490,0.000018
TAP_TAPCELL_ROW_40_494,VSS,Metal1,183.6800,172.9490,0.000018
TAP_TAPCELL_ROW_40_493,VSS,Metal1,144.4800,172.9490,0.000039
TAP_TAPCELL_ROW_40_492,VSS,Metal1,105.2800,172.9490,0.000038
TAP_TAPCELL_ROW_40_491,VSS,Metal1,66.0800,172.9490,0.000035
TAP_TAPCELL_ROW_40_490,VSS,Metal1,26.8800,172.9490,0.000027
TAP_TAPCELL_ROW_39_489,VSS,Metal1,242.4800,172.0105,0.000018
TAP_TAPCELL_ROW_39_488,VSS,Metal1,203.2800,172.0105,0.000018
TAP_TAPCELL_ROW_39_487,VSS,Metal1,164.0800,172.0105,0.000039
TAP_TAPCELL_ROW_39_486,VSS,Metal1,124.8800,172.0105,0.000039
TAP_TAPCELL_ROW_39_485,VSS,Metal1,85.6800,172.0105,0.000036
TAP_TAPCELL_ROW_39_484,VSS,Metal1,46.4800,172.0105,0.000031
TAP_TAPCELL_ROW_38_483,VSS,Metal1,222.8800,165.1090,0.000030
TAP_TAPCELL_ROW_38_482,VSS,Metal1,183.6800,165.1090,0.000028
TAP_TAPCELL_ROW_38_481,VSS,Metal1,144.4800,165.1090,0.000028
TAP_TAPCELL_ROW_38_480,VSS,Metal1,105.2800,165.1090,0.000025
TAP_TAPCELL_ROW_38_479,VSS,Metal1,66.0800,165.1090,0.000021
TAP_TAPCELL_ROW_38_478,VSS,Metal1,26.8800,165.1090,0.000018
TAP_TAPCELL_ROW_37_477,VSS,Metal1,242.4800,164.1705,0.000030
TAP_TAPCELL_ROW_37_476,VSS,Metal1,203.2800,164.1705,0.000030
TAP_TAPCELL_ROW_37_475,VSS,Metal1,164.0800,164.1705,0.000028
TAP_TAPCELL_ROW_37_474,VSS,Metal1,124.8800,164.1705,0.000027
TAP_TAPCELL_ROW_37_473,VSS,Metal1,85.6800,164.1705,0.000023
TAP_TAPCELL_ROW_37_472,VSS,Metal1,46.4800,164.1705,0.000021
TAP_TAPCELL_ROW_36_471,VSS,Metal1,222.8800,157.2690,0.000022
TAP_TAPCELL_ROW_36_470,VSS,Metal1,183.6800,157.2690,0.000022
TAP_TAPCELL_ROW_36_469,VSS,Metal1,144.4800,157.2690,0.000029
TAP_TAPCELL_ROW_36_468,VSS,Metal1,105.2800,157.2690,0.000030
TAP_TAPCELL_ROW_36_467,VSS,Metal1,66.0800,157.2690,0.000031
TAP_TAPCELL_ROW_36_466,VSS,Metal1,26.8800,157.2690,0.000031
TAP_TAPCELL_ROW_35_465,VSS,Metal1,242.4800,156.3305,0.000022
TAP_TAPCELL_ROW_35_464,VSS,Metal1,203.2800,156.3305,0.000022
TAP_TAPCELL_ROW_35_463,VSS,Metal1,164.0800,156.3305,0.000023
TAP_TAPCELL_ROW_35_462,VSS,Metal1,124.8800,156.3305,0.000029
TAP_TAPCELL_ROW_35_461,VSS,Metal1,85.6800,156.3305,0.000030
TAP_TAPCELL_ROW_35_460,VSS,Metal1,46.4800,156.3305,0.000031
TAP_TAPCELL_ROW_34_459,VSS,Metal1,222.8800,149.4290,0.000058
TAP_TAPCELL_ROW_34_458,VSS,Metal1,183.6800,149.4290,0.000057
TAP_TAPCELL_ROW_34_457,VSS,Metal1,144.4800,149.4290,0.000063
TAP_TAPCELL_ROW_34_456,VSS,Metal1,105.2800,149.4290,0.000065
TAP_TAPCELL_ROW_34_455,VSS,Metal1,66.0800,149.4290,0.000057
TAP_TAPCELL_ROW_34_454,VSS,Metal1,26.8800,149.4290,0.000043
TAP_TAPCELL_ROW_33_453,VSS,Metal1,242.4800,148.4905,0.000058
TAP_TAPCELL_ROW_33_452,VSS,Metal1,203.2800,148.4905,0.000058
TAP_TAPCELL_ROW_33_451,VSS,Metal1,164.0800,148.4905,0.000060
TAP_TAPCELL_ROW_33_450,VSS,Metal1,124.8800,148.4905,0.000067
TAP_TAPCELL_ROW_33_449,VSS,Metal1,85.6800,148.4905,0.000059
TAP_TAPCELL_ROW_33_448,VSS,Metal1,46.4800,148.4905,0.000050
TAP_TAPCELL_ROW_32_447,VSS,Metal1,222.8800,141.5890,0.000063
TAP_TAPCELL_ROW_32_446,VSS,Metal1,183.6800,141.5890,0.000060
TAP_TAPCELL_ROW_32_445,VSS,Metal1,144.4800,141.5890,0.000093
TAP_TAPCELL_ROW_32_444,VSS,Metal1,105.2800,141.5890,0.000103
TAP_TAPCELL_ROW_32_443,VSS,Metal1,66.0800,141.5890,0.000087
TAP_TAPCELL_ROW_32_442,VSS,Metal1,26.8800,141.5890,0.000072
TAP_TAPCELL_ROW_31_441,VSS,Metal1,242.4800,140.6505,0.000063
TAP_TAPCELL_ROW_31_440,VSS,Metal1,203.2800,140.6505,0.000060
TAP_TAPCELL_ROW_31_439,VSS,Metal1,164.0800,140.6505,0.000081
TAP_TAPCELL_ROW_31_438,VSS,Metal1,124.8800,140.6505,0.000106
TAP_TAPCELL_ROW_31_437,VSS,Metal1,85.6800,140.6505,0.000098
TAP_TAPCELL_ROW_31_436,VSS,Metal1,46.4800,140.6505,0.000078
TAP_TAPCELL_ROW_30_435,VSS,Metal1,222.8800,133.7490,0.000020
TAP_TAPCELL_ROW_30_434,VSS,Metal1,183.6800,133.7490,0.000018
TAP_TAPCELL_ROW_30_433,VSS,Metal1,144.4800,133.7490,0.000018
TAP_TAPCELL_ROW_30_432,VSS,Metal1,105.2800,133.7490,0.000016
TAP_TAPCELL_ROW_30_431,VSS,Metal1,66.0800,133.7490,0.000014
TAP_TAPCELL_ROW_30_430,VSS,Metal1,26.8800,133.7490,0.000010
TAP_TAPCELL_ROW_29_429,VSS,Metal1,242.4800,132.8105,0.000020
TAP_TAPCELL_ROW_29_428,VSS,Metal1,203.2800,132.8105,0.000019
TAP_TAPCELL_ROW_29_427,VSS,Metal1,164.0800,132.8105,0.000017
TAP_TAPCELL_ROW_29_426,VSS,Metal1,124.8800,132.8105,0.000018
TAP_TAPCELL_ROW_29_425,VSS,Metal1,85.6800,132.8105,0.000016
TAP_TAPCELL_ROW_29_424,VSS,Metal1,46.4800,132.8105,0.000014
TAP_TAPCELL_ROW_28_423,VSS,Metal1,222.8800,125.9090,0.000037
TAP_TAPCELL_ROW_28_422,VSS,Metal1,183.6800,125.9090,0.000036
TAP_TAPCELL_ROW_28_421,VSS,Metal1,144.4800,125.9090,0.000038
TAP_TAPCELL_ROW_28_420,VSS,Metal1,105.2800,125.9090,0.000036
TAP_TAPCELL_ROW_28_419,VSS,Metal1,66.0800,125.9090,0.000029
TAP_TAPCELL_ROW_28_418,VSS,Metal1,26.8800,125.9090,0.000025
TAP_TAPCELL_ROW_27_417,VSS,Metal1,242.4800,124.9705,0.000037
TAP_TAPCELL_ROW_27_416,VSS,Metal1,203.2800,124.9705,0.000037
TAP_TAPCELL_ROW_27_415,VSS,Metal1,164.0800,124.9705,0.000036
TAP_TAPCELL_ROW_27_414,VSS,Metal1,124.8800,124.9705,0.000037
TAP_TAPCELL_ROW_27_413,VSS,Metal1,85.6800,124.9705,0.000032
TAP_TAPCELL_ROW_27_412,VSS,Metal1,46.4800,124.9705,0.000026
TAP_TAPCELL_ROW_26_411,VSS,Metal1,222.8800,118.0690,0.000027
TAP_TAPCELL_ROW_26_410,VSS,Metal1,183.6800,118.0690,0.000026
TAP_TAPCELL_ROW_26_409,VSS,Metal1,144.4800,118.0690,0.000029
TAP_TAPCELL_ROW_26_408,VSS,Metal1,105.2800,118.0690,0.000032
TAP_TAPCELL_ROW_26_407,VSS,Metal1,66.0800,118.0690,0.000030
TAP_TAPCELL_ROW_26_406,VSS,Metal1,26.8800,118.0690,0.000027
TAP_TAPCELL_ROW_25_405,VSS,Metal1,242.4800,117.1305,0.000027
TAP_TAPCELL_ROW_25_404,VSS,Metal1,203.2800,117.1305,0.000027
TAP_TAPCELL_ROW_25_403,VSS,Metal1,164.0800,117.1305,0.000027
TAP_TAPCELL_ROW_25_402,VSS,Metal1,124.8800,117.1305,0.000032
TAP_TAPCELL_ROW_25_401,VSS,Metal1,85.6800,117.1305,0.000032
TAP_TAPCELL_ROW_25_400,VSS,Metal1,46.4800,117.1305,0.000028
TAP_TAPCELL_ROW_24_399,VSS,Metal1,222.8800,110.2290,0.000014
TAP_TAPCELL_ROW_24_398,VSS,Metal1,183.6800,110.2290,0.000014
TAP_TAPCELL_ROW_24_397,VSS,Metal1,144.4800,110.2290,0.000015
TAP_TAPCELL_ROW_24_396,VSS,Metal1,105.2800,110.2290,0.000016
TAP_TAPCELL_ROW_24_395,VSS,Metal1,66.0800,110.2290,0.000014
TAP_TAPCELL_ROW_24_394,VSS,Metal1,26.8800,110.2290,0.000010
TAP_TAPCELL_ROW_23_393,VSS,Metal1,242.4800,109.2905,0.000014
TAP_TAPCELL_ROW_23_392,VSS,Metal1,203.2800,109.2905,0.000014
TAP_TAPCELL_ROW_23_391,VSS,Metal1,164.0800,109.2905,0.000015
TAP_TAPCELL_ROW_23_390,VSS,Metal1,124.8800,109.2905,0.000016
TAP_TAPCELL_ROW_23_389,VSS,Metal1,85.6800,109.2905,0.000015
TAP_TAPCELL_ROW_23_388,VSS,Metal1,46.4800,109.2905,0.000011
TAP_TAPCELL_ROW_22_387,VSS,Metal1,222.8800,102.3890,0.000020
TAP_TAPCELL_ROW_22_386,VSS,Metal1,183.6800,102.3890,0.000020
TAP_TAPCELL_ROW_22_385,VSS,Metal1,144.4800,102.3890,0.000022
TAP_TAPCELL_ROW_22_384,VSS,Metal1,105.2800,102.3890,0.000022
TAP_TAPCELL_ROW_22_383,VSS,Metal1,66.0800,102.3890,0.000020
TAP_TAPCELL_ROW_22_382,VSS,Metal1,26.8800,102.3890,0.000016
TAP_TAPCELL_ROW_21_381,VSS,Metal1,242.4800,101.4505,0.000020
TAP_TAPCELL_ROW_21_380,VSS,Metal1,203.2800,101.4505,0.000020
TAP_TAPCELL_ROW_21_379,VSS,Metal1,164.0800,101.4505,0.000020
TAP_TAPCELL_ROW_21_378,VSS,Metal1,124.8800,101.4505,0.000022
TAP_TAPCELL_ROW_21_377,VSS,Metal1,85.6800,101.4505,0.000022
TAP_TAPCELL_ROW_21_376,VSS,Metal1,46.4800,101.4505,0.000017
TAP_TAPCELL_ROW_20_375,VSS,Metal1,222.8800,94.5490,0.000075
TAP_TAPCELL_ROW_20_374,VSS,Metal1,183.6800,94.5490,0.000069
TAP_TAPCELL_ROW_20_373,VSS,Metal1,144.4800,94.5490,0.000030
TAP_TAPCELL_ROW_20_372,VSS,Metal1,105.2800,94.5490,0.000023
TAP_TAPCELL_ROW_20_371,VSS,Metal1,66.0800,94.5490,0.000019
TAP_TAPCELL_ROW_20_370,VSS,Metal1,26.8800,94.5490,0.000012
TAP_TAPCELL_ROW_19_369,VSS,Metal1,242.4800,93.6105,0.000075
TAP_TAPCELL_ROW_19_368,VSS,Metal1,203.2800,93.6105,0.000075
TAP_TAPCELL_ROW_19_367,VSS,Metal1,164.0800,93.6105,0.000032
TAP_TAPCELL_ROW_19_366,VSS,Metal1,124.8800,93.6105,0.000025
TAP_TAPCELL_ROW_19_365,VSS,Metal1,85.6800,93.6105,0.000020
TAP_TAPCELL_ROW_19_364,VSS,Metal1,46.4800,93.6105,0.000016
TAP_TAPCELL_ROW_18_363,VSS,Metal1,222.8800,86.7090,0.000010
TAP_TAPCELL_ROW_18_362,VSS,Metal1,183.6800,86.7090,0.000009
TAP_TAPCELL_ROW_18_361,VSS,Metal1,144.4800,86.7090,0.000011
TAP_TAPCELL_ROW_18_360,VSS,Metal1,105.2800,86.7090,0.000012
TAP_TAPCELL_ROW_18_359,VSS,Metal1,66.0800,86.7090,0.000013
TAP_TAPCELL_ROW_18_358,VSS,Metal1,26.8800,86.7090,0.000013
TAP_TAPCELL_ROW_17_357,VSS,Metal1,242.4800,85.7705,0.000010
TAP_TAPCELL_ROW_17_356,VSS,Metal1,203.2800,85.7705,0.000010
TAP_TAPCELL_ROW_17_355,VSS,Metal1,164.0800,85.7705,0.000010
TAP_TAPCELL_ROW_17_354,VSS,Metal1,124.8800,85.7705,0.000011
TAP_TAPCELL_ROW_17_353,VSS,Metal1,85.6800,85.7705,0.000012
TAP_TAPCELL_ROW_17_352,VSS,Metal1,46.4800,85.7705,0.000013
TAP_TAPCELL_ROW_16_351,VSS,Metal1,222.8800,78.8690,0.000020
TAP_TAPCELL_ROW_16_350,VSS,Metal1,183.6800,78.8690,0.000020
TAP_TAPCELL_ROW_16_349,VSS,Metal1,144.4800,78.8690,0.000030
TAP_TAPCELL_ROW_16_348,VSS,Metal1,105.2800,78.8690,0.000031
TAP_TAPCELL_ROW_16_347,VSS,Metal1,66.0800,78.8690,0.000044
TAP_TAPCELL_ROW_16_346,VSS,Metal1,26.8800,78.8690,0.000044
TAP_TAPCELL_ROW_15_345,VSS,Metal1,242.4800,77.9305,0.000020
TAP_TAPCELL_ROW_15_344,VSS,Metal1,203.2800,77.9305,0.000020
TAP_TAPCELL_ROW_15_343,VSS,Metal1,164.0800,77.9305,0.000023
TAP_TAPCELL_ROW_15_342,VSS,Metal1,124.8800,77.9305,0.000030
TAP_TAPCELL_ROW_15_341,VSS,Metal1,85.6800,77.9305,0.000044
TAP_TAPCELL_ROW_15_340,VSS,Metal1,46.4800,77.9305,0.000044
TAP_TAPCELL_ROW_14_339,VSS,Metal1,222.8800,71.0290,0.000033
TAP_TAPCELL_ROW_14_338,VSS,Metal1,183.6800,71.0290,0.000033
TAP_TAPCELL_ROW_14_337,VSS,Metal1,144.4800,71.0290,0.000039
TAP_TAPCELL_ROW_14_336,VSS,Metal1,105.2800,71.0290,0.000036
TAP_TAPCELL_ROW_14_335,VSS,Metal1,66.0800,71.0290,0.000034
TAP_TAPCELL_ROW_14_334,VSS,Metal1,26.8800,71.0290,0.000031
TAP_TAPCELL_ROW_13_333,VSS,Metal1,242.4800,70.0905,0.000033
TAP_TAPCELL_ROW_13_332,VSS,Metal1,203.2800,70.0905,0.000033
TAP_TAPCELL_ROW_13_331,VSS,Metal1,164.0800,70.0905,0.000037
TAP_TAPCELL_ROW_13_330,VSS,Metal1,124.8800,70.0905,0.000037
TAP_TAPCELL_ROW_13_329,VSS,Metal1,85.6800,70.0905,0.000034
TAP_TAPCELL_ROW_13_328,VSS,Metal1,46.4800,70.0905,0.000034
TAP_TAPCELL_ROW_12_327,VSS,Metal1,222.8800,63.1890,0.000037
TAP_TAPCELL_ROW_12_326,VSS,Metal1,183.6800,63.1890,0.000036
TAP_TAPCELL_ROW_12_325,VSS,Metal1,144.4800,63.1890,0.000038
TAP_TAPCELL_ROW_12_324,VSS,Metal1,105.2800,63.1890,0.000037
TAP_TAPCELL_ROW_12_323,VSS,Metal1,66.0800,63.1890,0.000035
TAP_TAPCELL_ROW_12_322,VSS,Metal1,26.8800,63.1890,0.000031
TAP_TAPCELL_ROW_11_321,VSS,Metal1,242.4800,62.2505,0.000037
TAP_TAPCELL_ROW_11_320,VSS,Metal1,203.2800,62.2505,0.000037
TAP_TAPCELL_ROW_11_319,VSS,Metal1,164.0800,62.2505,0.000036
TAP_TAPCELL_ROW_11_318,VSS,Metal1,124.8800,62.2505,0.000038
TAP_TAPCELL_ROW_11_317,VSS,Metal1,85.6800,62.2505,0.000036
TAP_TAPCELL_ROW_11_316,VSS,Metal1,46.4800,62.2505,0.000033
TAP_TAPCELL_ROW_10_315,VSS,Metal1,222.8800,55.3490,0.000049
TAP_TAPCELL_ROW_10_314,VSS,Metal1,183.6800,55.3490,0.000048
TAP_TAPCELL_ROW_10_313,VSS,Metal1,144.4800,55.3490,0.000056
TAP_TAPCELL_ROW_10_312,VSS,Metal1,105.2800,55.3490,0.000079
TAP_TAPCELL_ROW_10_311,VSS,Metal1,66.0800,55.3490,0.000073
TAP_TAPCELL_ROW_10_310,VSS,Metal1,26.8800,55.3490,0.000066
TAP_TAPCELL_ROW_9_309,VSS,Metal1,242.4800,54.4105,0.000049
TAP_TAPCELL_ROW_9_308,VSS,Metal1,203.2800,54.4105,0.000049
TAP_TAPCELL_ROW_9_307,VSS,Metal1,164.0800,54.4105,0.000049
TAP_TAPCELL_ROW_9_306,VSS,Metal1,124.8800,54.4105,0.000058
TAP_TAPCELL_ROW_9_305,VSS,Metal1,85.6800,54.4105,0.000076
TAP_TAPCELL_ROW_9_304,VSS,Metal1,46.4800,54.4105,0.000071
TAP_TAPCELL_ROW_8_303,VSS,Metal1,222.8800,47.5090,0.000029
TAP_TAPCELL_ROW_8_302,VSS,Metal1,183.6800,47.5090,0.000029
TAP_TAPCELL_ROW_8_301,VSS,Metal1,144.4800,47.5090,0.000030
TAP_TAPCELL_ROW_8_300,VSS,Metal1,105.2800,47.5090,0.000044
TAP_TAPCELL_ROW_8_299,VSS,Metal1,66.0800,47.5090,0.000047
TAP_TAPCELL_ROW_8_298,VSS,Metal1,26.8800,47.5090,0.000031
TAP_TAPCELL_ROW_7_297,VSS,Metal1,242.4800,46.5705,0.000029
TAP_TAPCELL_ROW_7_296,VSS,Metal1,203.2800,46.5705,0.000029
TAP_TAPCELL_ROW_7_295,VSS,Metal1,164.0800,46.5705,0.000029
TAP_TAPCELL_ROW_7_294,VSS,Metal1,124.8800,46.5705,0.000040
TAP_TAPCELL_ROW_7_293,VSS,Metal1,85.6800,46.5705,0.000046
TAP_TAPCELL_ROW_7_292,VSS,Metal1,46.4800,46.5705,0.000048
TAP_TAPCELL_ROW_6_291,VSS,Metal1,222.8800,39.6690,0.000019
TAP_TAPCELL_ROW_6_290,VSS,Metal1,183.6800,39.6690,0.000019
TAP_TAPCELL_ROW_6_289,VSS,Metal1,144.4800,39.6690,0.000020
TAP_TAPCELL_ROW_6_288,VSS,Metal1,105.2800,39.6690,0.000021
TAP_TAPCELL_ROW_6_287,VSS,Metal1,66.0800,39.6690,0.000021
TAP_TAPCELL_ROW_6_286,VSS,Metal1,26.8800,39.6690,0.000020
TAP_TAPCELL_ROW_5_285,VSS,Metal1,242.4800,38.7305,0.000019
TAP_TAPCELL_ROW_5_284,VSS,Metal1,203.2800,38.7305,0.000019
TAP_TAPCELL_ROW_5_283,VSS,Metal1,164.0800,38.7305,0.000019
TAP_TAPCELL_ROW_5_282,VSS,Metal1,124.8800,38.7305,0.000021
TAP_TAPCELL_ROW_5_281,VSS,Metal1,85.6800,38.7305,0.000021
TAP_TAPCELL_ROW_5_280,VSS,Metal1,46.4800,38.7305,0.000020
TAP_TAPCELL_ROW_4_279,VSS,Metal1,222.8800,31.8290,0.000040
TAP_TAPCELL_ROW_4_278,VSS,Metal1,183.6800,31.8290,0.000040
TAP_TAPCELL_ROW_4_277,VSS,Metal1,144.4800,31.8290,0.000041
TAP_TAPCELL_ROW_4_276,VSS,Metal1,105.2800,31.8290,0.000042
TAP_TAPCELL_ROW_4_275,VSS,Metal1,66.0800,31.8290,0.000042
TAP_TAPCELL_ROW_4_274,VSS,Metal1,26.8800,31.8290,0.000039
TAP_TAPCELL_ROW_3_273,VSS,Metal1,242.4800,30.8905,0.000040
TAP_TAPCELL_ROW_3_272,VSS,Metal1,203.2800,30.8905,0.000040
TAP_TAPCELL_ROW_3_271,VSS,Metal1,164.0800,30.8905,0.000040
TAP_TAPCELL_ROW_3_270,VSS,Metal1,124.8800,30.8905,0.000041
TAP_TAPCELL_ROW_3_269,VSS,Metal1,85.6800,30.8905,0.000042
TAP_TAPCELL_ROW_3_268,VSS,Metal1,46.4800,30.8905,0.000041
TAP_TAPCELL_ROW_2_267,VSS,Metal1,222.8800,23.9890,0.000030
TAP_TAPCELL_ROW_2_266,VSS,Metal1,183.6800,23.9890,0.000030
TAP_TAPCELL_ROW_2_265,VSS,Metal1,144.4800,23.9890,0.000033
TAP_TAPCELL_ROW_2_264,VSS,Metal1,105.2800,23.9890,0.000036
TAP_TAPCELL_ROW_2_263,VSS,Metal1,66.0800,23.9890,0.000035
TAP_TAPCELL_ROW_2_262,VSS,Metal1,26.8800,23.9890,0.000033
TAP_TAPCELL_ROW_1_261,VSS,Metal1,242.4800,23.0505,0.000030
TAP_TAPCELL_ROW_1_260,VSS,Metal1,203.2800,23.0505,0.000030
TAP_TAPCELL_ROW_1_259,VSS,Metal1,164.0800,23.0505,0.000030
TAP_TAPCELL_ROW_1_258,VSS,Metal1,124.8800,23.0505,0.000034
TAP_TAPCELL_ROW_1_257,VSS,Metal1,85.6800,23.0505,0.000036
TAP_TAPCELL_ROW_1_256,VSS,Metal1,46.4800,23.0505,0.000035
TAP_TAPCELL_ROW_0_255,VSS,Metal1,235.7600,16.1490,0.000000
TAP_TAPCELL_ROW_0_254,VSS,Metal1,216.7200,16.1490,0.000000
TAP_TAPCELL_ROW_0_253,VSS,Metal1,197.6800,16.1490,0.000000
TAP_TAPCELL_ROW_0_252,VSS,Metal1,178.6400,16.1490,0.000000
TAP_TAPCELL_ROW_0_251,VSS,Metal1,159.6000,16.1490,0.000000
TAP_TAPCELL_ROW_0_250,VSS,Metal1,140.5600,16.1490,0.000000
TAP_TAPCELL_ROW_0_249,VSS,Metal1,121.5200,16.1490,0.000000
TAP_TAPCELL_ROW_0_248,VSS,Metal1,102.4800,16.1490,0.000000
TAP_TAPCELL_ROW_0_247,VSS,Metal1,83.4400,16.1490,0.000000
TAP_TAPCELL_ROW_0_246,VSS,Metal1,64.4000,16.1490,0.000000
TAP_TAPCELL_ROW_0_245,VSS,Metal1,45.3600,16.1490,0.000000
TAP_TAPCELL_ROW_0_244,VSS,Metal1,26.3200,16.1490,0.000000
PHY_EDGE_ROW_121_Left_243,VSS,Metal1,7.2730,493.4500,0.000000
PHY_EDGE_ROW_120_Left_242,VSS,Metal1,7.2730,486.5500,0.000013
PHY_EDGE_ROW_119_Left_241,VSS,Metal1,7.2730,485.6100,0.000013
PHY_EDGE_ROW_118_Left_240,VSS,Metal1,7.2730,478.7100,0.000014
PHY_EDGE_ROW_117_Left_239,VSS,Metal1,7.2730,477.7700,0.000014
PHY_EDGE_ROW_116_Left_238,VSS,Metal1,7.2730,470.8700,0.000020
PHY_EDGE_ROW_115_Left_237,VSS,Metal1,7.2730,469.9300,0.000020
PHY_EDGE_ROW_114_Left_236,VSS,Metal1,7.2730,463.0300,0.000007
PHY_EDGE_ROW_113_Left_235,VSS,Metal1,7.2730,462.0900,0.000007
PHY_EDGE_ROW_112_Left_234,VSS,Metal1,7.2730,455.1900,0.000049
PHY_EDGE_ROW_111_Left_233,VSS,Metal1,7.2730,454.2500,0.000049
PHY_EDGE_ROW_110_Left_232,VSS,Metal1,7.2730,447.3500,0.000020
PHY_EDGE_ROW_109_Left_231,VSS,Metal1,7.2730,446.4100,0.000020
PHY_EDGE_ROW_108_Left_230,VSS,Metal1,7.2730,439.5100,0.000019
PHY_EDGE_ROW_107_Left_229,VSS,Metal1,7.2730,438.5700,0.000019
PHY_EDGE_ROW_106_Left_228,VSS,Metal1,7.2730,431.6700,0.000009
PHY_EDGE_ROW_105_Left_227,VSS,Metal1,7.2730,430.7300,0.000009
PHY_EDGE_ROW_104_Left_226,VSS,Metal1,7.2730,423.8300,0.000043
PHY_EDGE_ROW_103_Left_225,VSS,Metal1,7.2730,422.8900,0.000043
PHY_EDGE_ROW_102_Left_224,VSS,Metal1,7.2730,415.9900,0.000025
PHY_EDGE_ROW_101_Left_223,VSS,Metal1,7.2730,415.0500,0.000025
PHY_EDGE_ROW_100_Left_222,VSS,Metal1,7.2730,408.1500,0.000040
PHY_EDGE_ROW_99_Left_221,VSS,Metal1,7.2730,407.2100,0.000040
PHY_EDGE_ROW_98_Left_220,VSS,Metal1,7.2730,400.3100,0.000008
PHY_EDGE_ROW_97_Left_219,VSS,Metal1,7.2730,399.3700,0.000008
PHY_EDGE_ROW_96_Left_218,VSS,Metal1,7.2730,392.4700,0.000028
PHY_EDGE_ROW_95_Left_217,VSS,Metal1,7.2730,391.5300,0.000028
PHY_EDGE_ROW_94_Left_216,VSS,Metal1,7.2730,384.6300,0.000046
PHY_EDGE_ROW_93_Left_215,VSS,Metal1,7.2730,383.6900,0.000046
PHY_EDGE_ROW_92_Left_214,VSS,Metal1,7.2730,376.7900,0.000018
PHY_EDGE_ROW_91_Left_213,VSS,Metal1,7.2730,375.8500,0.000018
PHY_EDGE_ROW_90_Left_212,VSS,Metal1,7.2730,368.9500,0.000029
PHY_EDGE_ROW_89_Left_211,VSS,Metal1,7.2730,368.0100,0.000029
PHY_EDGE_ROW_88_Left_210,VSS,Metal1,7.2730,361.1100,0.000009
PHY_EDGE_ROW_87_Left_209,VSS,Metal1,7.2730,360.1700,0.000009
PHY_EDGE_ROW_86_Left_208,VSS,Metal1,7.2730,353.2700,0.000021
PHY_EDGE_ROW_85_Left_207,VSS,Metal1,7.2730,352.3300,0.000021
PHY_EDGE_ROW_84_Left_206,VSS,Metal1,7.2730,345.4300,0.000018
PHY_EDGE_ROW_83_Left_205,VSS,Metal1,7.2730,344.4900,0.000018
PHY_EDGE_ROW_82_Left_204,VSS,Metal1,7.2730,337.5900,0.000010
PHY_EDGE_ROW_81_Left_203,VSS,Metal1,7.2730,336.6500,0.000010
PHY_EDGE_ROW_80_Left_202,VSS,Metal1,7.2730,329.7500,0.000040
PHY_EDGE_ROW_79_Left_201,VSS,Metal1,7.2730,328.8100,0.000040
PHY_EDGE_ROW_78_Left_200,VSS,Metal1,7.2730,321.9100,0.000032
PHY_EDGE_ROW_77_Left_199,VSS,Metal1,7.2730,320.9700,0.000032
PHY_EDGE_ROW_76_Left_198,VSS,Metal1,7.2730,314.0700,0.000019
PHY_EDGE_ROW_75_Left_197,VSS,Metal1,7.2730,313.1300,0.000019
PHY_EDGE_ROW_74_Left_196,VSS,Metal1,7.2730,306.2300,0.000027
PHY_EDGE_ROW_73_Left_195,VSS,Metal1,7.2730,305.2900,0.000027
PHY_EDGE_ROW_72_Left_194,VSS,Metal1,7.2730,298.3900,0.000051
PHY_EDGE_ROW_71_Left_193,VSS,Metal1,7.2730,297.4500,0.000051
PHY_EDGE_ROW_70_Left_192,VSS,Metal1,7.2730,290.5500,0.000027
PHY_EDGE_ROW_69_Left_191,VSS,Metal1,7.2730,289.6100,0.000027
PHY_EDGE_ROW_68_Left_190,VSS,Metal1,7.2730,282.7100,0.000034
PHY_EDGE_ROW_67_Left_189,VSS,Metal1,7.2730,281.7700,0.000034
PHY_EDGE_ROW_66_Left_188,VSS,Metal1,7.2730,274.8700,0.000037
PHY_EDGE_ROW_65_Left_187,VSS,Metal1,7.2730,273.9300,0.000037
PHY_EDGE_ROW_64_Left_186,VSS,Metal1,7.2730,267.0300,0.000027
PHY_EDGE_ROW_63_Left_185,VSS,Metal1,7.2730,266.0900,0.000027
PHY_EDGE_ROW_62_Left_184,VSS,Metal1,7.2730,259.1900,0.000016
PHY_EDGE_ROW_61_Left_183,VSS,Metal1,7.2730,258.2500,0.000016
PHY_EDGE_ROW_60_Left_182,VSS,Metal1,7.2730,251.3500,0.000043
PHY_EDGE_ROW_59_Left_181,VSS,Metal1,7.2730,250.4100,0.000043
PHY_EDGE_ROW_58_Left_180,VSS,Metal1,7.2730,243.5100,0.000034
PHY_EDGE_ROW_57_Left_179,VSS,Metal1,7.2730,242.5700,0.000034
PHY_EDGE_ROW_56_Left_178,VSS,Metal1,7.2730,235.6700,0.000021
PHY_EDGE_ROW_55_Left_177,VSS,Metal1,7.2730,234.7300,0.000021
PHY_EDGE_ROW_54_Left_176,VSS,Metal1,7.2730,227.8300,0.000023
PHY_EDGE_ROW_53_Left_175,VSS,Metal1,7.2730,226.8900,0.000023
PHY_EDGE_ROW_52_Left_174,VSS,Metal1,7.2730,219.9900,0.000050
PHY_EDGE_ROW_51_Left_173,VSS,Metal1,7.2730,219.0500,0.000050
PHY_EDGE_ROW_50_Left_172,VSS,Metal1,7.2730,212.1500,0.000022
PHY_EDGE_ROW_49_Left_171,VSS,Metal1,7.2730,211.2100,0.000022
PHY_EDGE_ROW_48_Left_170,VSS,Metal1,7.2730,204.3100,0.000031
PHY_EDGE_ROW_47_Left_169,VSS,Metal1,7.2730,203.3700,0.000031
PHY_EDGE_ROW_46_Left_168,VSS,Metal1,7.2730,196.4700,0.000024
PHY_EDGE_ROW_45_Left_167,VSS,Metal1,7.2730,195.5300,0.000024
PHY_EDGE_ROW_44_Left_166,VSS,Metal1,7.2730,188.6300,0.000018
PHY_EDGE_ROW_43_Left_165,VSS,Metal1,7.2730,187.6900,0.000018
PHY_EDGE_ROW_42_Left_164,VSS,Metal1,7.2730,180.7900,0.000031
PHY_EDGE_ROW_41_Left_163,VSS,Metal1,7.2730,179.8500,0.000031
PHY_EDGE_ROW_40_Left_162,VSS,Metal1,7.2730,172.9500,0.000027
PHY_EDGE_ROW_39_Left_161,VSS,Metal1,7.2730,172.0100,0.000027
PHY_EDGE_ROW_38_Left_160,VSS,Metal1,7.2730,165.1100,0.000018
PHY_EDGE_ROW_37_Left_159,VSS,Metal1,7.2730,164.1700,0.000018
PHY_EDGE_ROW_36_Left_158,VSS,Metal1,7.2730,157.2700,0.000031
PHY_EDGE_ROW_35_Left_157,VSS,Metal1,7.2730,156.3300,0.000031
PHY_EDGE_ROW_34_Left_156,VSS,Metal1,7.2730,149.4300,0.000041
PHY_EDGE_ROW_33_Left_155,VSS,Metal1,7.2730,148.4900,0.000041
PHY_EDGE_ROW_32_Left_154,VSS,Metal1,7.2730,141.5900,0.000068
PHY_EDGE_ROW_31_Left_153,VSS,Metal1,7.2730,140.6500,0.000068
PHY_EDGE_ROW_30_Left_152,VSS,Metal1,7.2730,133.7500,0.000010
PHY_EDGE_ROW_29_Left_151,VSS,Metal1,7.2730,132.8100,0.000010
PHY_EDGE_ROW_28_Left_150,VSS,Metal1,7.2730,125.9100,0.000025
PHY_EDGE_ROW_27_Left_149,VSS,Metal1,7.2730,124.9700,0.000025
PHY_EDGE_ROW_26_Left_148,VSS,Metal1,7.2730,118.0700,0.000027
PHY_EDGE_ROW_25_Left_147,VSS,Metal1,7.2730,117.1300,0.000027
PHY_EDGE_ROW_24_Left_146,VSS,Metal1,7.2730,110.2300,0.000011
PHY_EDGE_ROW_23_Left_145,VSS,Metal1,7.2730,109.2900,0.000011
PHY_EDGE_ROW_22_Left_144,VSS,Metal1,7.2730,102.3900,0.000016
PHY_EDGE_ROW_21_Left_143,VSS,Metal1,7.2730,101.4500,0.000016
PHY_EDGE_ROW_20_Left_142,VSS,Metal1,7.2730,94.5500,0.000012
PHY_EDGE_ROW_19_Left_141,VSS,Metal1,7.2730,93.6100,0.000012
PHY_EDGE_ROW_18_Left_140,VSS,Metal1,7.2730,86.7100,0.000013
PHY_EDGE_ROW_17_Left_139,VSS,Metal1,7.2730,85.7700,0.000013
PHY_EDGE_ROW_16_Left_138,VSS,Metal1,7.2730,78.8700,0.000044
PHY_EDGE_ROW_15_Left_137,VSS,Metal1,7.2730,77.9300,0.000044
PHY_EDGE_ROW_14_Left_136,VSS,Metal1,7.2730,71.0300,0.000031
PHY_EDGE_ROW_13_Left_135,VSS,Metal1,7.2730,70.0900,0.000031
PHY_EDGE_ROW_12_Left_134,VSS,Metal1,7.2730,63.1900,0.000031
PHY_EDGE_ROW_11_Left_133,VSS,Metal1,7.2730,62.2500,0.000031
PHY_EDGE_ROW_10_Left_132,VSS,Metal1,7.2730,55.3500,0.000054
PHY_EDGE_ROW_9_Left_131,VSS,Metal1,7.2730,54.4100,0.000054
PHY_EDGE_ROW_8_Left_130,VSS,Metal1,7.2730,47.5100,0.000028
PHY_EDGE_ROW_7_Left_129,VSS,Metal1,7.2730,46.5700,0.000028
PHY_EDGE_ROW_6_Left_128,VSS,Metal1,7.2730,39.6700,0.000020
PHY_EDGE_ROW_5_Left_127,VSS,Metal1,7.2730,38.7300,0.000020
PHY_EDGE_ROW_4_Left_126,VSS,Metal1,7.2730,31.8300,0.000038
PHY_EDGE_ROW_3_Left_125,VSS,Metal1,7.2730,30.8900,0.000038
PHY_EDGE_ROW_2_Left_124,VSS,Metal1,7.2730,23.9900,0.000033
PHY_EDGE_ROW_1_Left_123,VSS,Metal1,7.2730,23.0500,0.000033
PHY_EDGE_ROW_0_Left_122,VSS,Metal1,7.2730,16.1500,0.000000
PHY_EDGE_ROW_121_Right_121,VSS,Metal1,245.8465,493.4500,0.000000
PHY_EDGE_ROW_120_Right_120,VSS,Metal1,245.8465,486.5500,0.000013
PHY_EDGE_ROW_119_Right_119,VSS,Metal1,245.8465,485.6100,0.000013
PHY_EDGE_ROW_118_Right_118,VSS,Metal1,245.8465,478.7100,0.000016
PHY_EDGE_ROW_117_Right_117,VSS,Metal1,245.8465,477.7700,0.000016
PHY_EDGE_ROW_116_Right_116,VSS,Metal1,245.8465,470.8700,0.000022
PHY_EDGE_ROW_115_Right_115,VSS,Metal1,245.8465,469.9300,0.000022
PHY_EDGE_ROW_114_Right_114,VSS,Metal1,245.8465,463.0300,0.000004
PHY_EDGE_ROW_113_Right_113,VSS,Metal1,245.8465,462.0900,0.000004
PHY_EDGE_ROW_112_Right_112,VSS,Metal1,245.8465,455.1900,0.000058
PHY_EDGE_ROW_111_Right_111,VSS,Metal1,245.8465,454.2500,0.000058
PHY_EDGE_ROW_110_Right_110,VSS,Metal1,245.8465,447.3500,0.000026
PHY_EDGE_ROW_109_Right_109,VSS,Metal1,245.8465,446.4100,0.000026
PHY_EDGE_ROW_108_Right_108,VSS,Metal1,245.8465,439.5100,0.000023
PHY_EDGE_ROW_107_Right_107,VSS,Metal1,245.8465,438.5700,0.000023
PHY_EDGE_ROW_106_Right_106,VSS,Metal1,245.8465,431.6700,0.000006
PHY_EDGE_ROW_105_Right_105,VSS,Metal1,245.8465,430.7300,0.000006
PHY_EDGE_ROW_104_Right_104,VSS,Metal1,245.8465,423.8300,0.000042
PHY_EDGE_ROW_103_Right_103,VSS,Metal1,245.8465,422.8900,0.000042
PHY_EDGE_ROW_102_Right_102,VSS,Metal1,245.8465,415.9900,0.000019
PHY_EDGE_ROW_101_Right_101,VSS,Metal1,245.8465,415.0500,0.000019
PHY_EDGE_ROW_100_Right_100,VSS,Metal1,245.8465,408.1500,0.000037
PHY_EDGE_ROW_99_Right_99,VSS,Metal1,245.8465,407.2100,0.000037
PHY_EDGE_ROW_98_Right_98,VSS,Metal1,245.8465,400.3100,0.000024
PHY_EDGE_ROW_97_Right_97,VSS,Metal1,245.8465,399.3700,0.000024
PHY_EDGE_ROW_96_Right_96,VSS,Metal1,245.8465,392.4700,0.000053
PHY_EDGE_ROW_95_Right_95,VSS,Metal1,245.8465,391.5300,0.000053
PHY_EDGE_ROW_94_Right_94,VSS,Metal1,245.8465,384.6300,0.000088
PHY_EDGE_ROW_93_Right_93,VSS,Metal1,245.8465,383.6900,0.000088
PHY_EDGE_ROW_92_Right_92,VSS,Metal1,245.8465,376.7900,0.000027
PHY_EDGE_ROW_91_Right_91,VSS,Metal1,245.8465,375.8500,0.000027
PHY_EDGE_ROW_90_Right_90,VSS,Metal1,245.8465,368.9500,0.000097
PHY_EDGE_ROW_89_Right_89,VSS,Metal1,245.8465,368.0100,0.000097
PHY_EDGE_ROW_88_Right_88,VSS,Metal1,245.8465,361.1100,0.000021
PHY_EDGE_ROW_87_Right_87,VSS,Metal1,245.8465,360.1700,0.000021
PHY_EDGE_ROW_86_Right_86,VSS,Metal1,245.8465,353.2700,0.000041
PHY_EDGE_ROW_85_Right_85,VSS,Metal1,245.8465,352.3300,0.000041
PHY_EDGE_ROW_84_Right_84,VSS,Metal1,245.8465,345.4300,0.000022
PHY_EDGE_ROW_83_Right_83,VSS,Metal1,245.8465,344.4900,0.000022
PHY_EDGE_ROW_82_Right_82,VSS,Metal1,245.8465,337.5900,0.000012
PHY_EDGE_ROW_81_Right_81,VSS,Metal1,245.8465,336.6500,0.000012
PHY_EDGE_ROW_80_Right_80,VSS,Metal1,245.8465,329.7500,0.000026
PHY_EDGE_ROW_79_Right_79,VSS,Metal1,245.8465,328.8100,0.000026
PHY_EDGE_ROW_78_Right_78,VSS,Metal1,245.8465,321.9100,0.000035
PHY_EDGE_ROW_77_Right_77,VSS,Metal1,245.8465,320.9700,0.000035
PHY_EDGE_ROW_76_Right_76,VSS,Metal1,245.8465,314.0700,0.000023
PHY_EDGE_ROW_75_Right_75,VSS,Metal1,245.8465,313.1300,0.000023
PHY_EDGE_ROW_74_Right_74,VSS,Metal1,245.8465,306.2300,0.000035
PHY_EDGE_ROW_73_Right_73,VSS,Metal1,245.8465,305.2900,0.000035
PHY_EDGE_ROW_72_Right_72,VSS,Metal1,245.8465,298.3900,0.000089
PHY_EDGE_ROW_71_Right_71,VSS,Metal1,245.8465,297.4500,0.000089
PHY_EDGE_ROW_70_Right_70,VSS,Metal1,245.8465,290.5500,0.000025
PHY_EDGE_ROW_69_Right_69,VSS,Metal1,245.8465,289.6100,0.000025
PHY_EDGE_ROW_68_Right_68,VSS,Metal1,245.8465,282.7100,0.000054
PHY_EDGE_ROW_67_Right_67,VSS,Metal1,245.8465,281.7700,0.000054
PHY_EDGE_ROW_66_Right_66,VSS,Metal1,245.8465,274.8700,0.000051
PHY_EDGE_ROW_65_Right_65,VSS,Metal1,245.8465,273.9300,0.000051
PHY_EDGE_ROW_64_Right_64,VSS,Metal1,245.8465,267.0300,0.000047
PHY_EDGE_ROW_63_Right_63,VSS,Metal1,245.8465,266.0900,0.000047
PHY_EDGE_ROW_62_Right_62,VSS,Metal1,245.8465,259.1900,0.000023
PHY_EDGE_ROW_61_Right_61,VSS,Metal1,245.8465,258.2500,0.000023
PHY_EDGE_ROW_60_Right_60,VSS,Metal1,245.8465,251.3500,0.000073
PHY_EDGE_ROW_59_Right_59,VSS,Metal1,245.8465,250.4100,0.000073
PHY_EDGE_ROW_58_Right_58,VSS,Metal1,245.8465,243.5100,0.000035
PHY_EDGE_ROW_57_Right_57,VSS,Metal1,245.8465,242.5700,0.000035
PHY_EDGE_ROW_56_Right_56,VSS,Metal1,245.8465,235.6700,0.000020
PHY_EDGE_ROW_55_Right_55,VSS,Metal1,245.8465,234.7300,0.000020
PHY_EDGE_ROW_54_Right_54,VSS,Metal1,245.8465,227.8300,0.000022
PHY_EDGE_ROW_53_Right_53,VSS,Metal1,245.8465,226.8900,0.000022
PHY_EDGE_ROW_52_Right_52,VSS,Metal1,245.8465,219.9900,0.000050
PHY_EDGE_ROW_51_Right_51,VSS,Metal1,245.8465,219.0500,0.000050
PHY_EDGE_ROW_50_Right_50,VSS,Metal1,245.8465,212.1500,0.000015
PHY_EDGE_ROW_49_Right_49,VSS,Metal1,245.8465,211.2100,0.000015
PHY_EDGE_ROW_48_Right_48,VSS,Metal1,245.8465,204.3100,0.000034
PHY_EDGE_ROW_47_Right_47,VSS,Metal1,245.8465,203.3700,0.000034
PHY_EDGE_ROW_46_Right_46,VSS,Metal1,245.8465,196.4700,0.000085
PHY_EDGE_ROW_45_Right_45,VSS,Metal1,245.8465,195.5300,0.000085
PHY_EDGE_ROW_44_Right_44,VSS,Metal1,245.8465,188.6300,0.000030
PHY_EDGE_ROW_43_Right_43,VSS,Metal1,245.8465,187.6900,0.000030
PHY_EDGE_ROW_42_Right_42,VSS,Metal1,245.8465,180.7900,0.000057
PHY_EDGE_ROW_41_Right_41,VSS,Metal1,245.8465,179.8500,0.000057
PHY_EDGE_ROW_40_Right_40,VSS,Metal1,245.8465,172.9500,0.000018
PHY_EDGE_ROW_39_Right_39,VSS,Metal1,245.8465,172.0100,0.000018
PHY_EDGE_ROW_38_Right_38,VSS,Metal1,245.8465,165.1100,0.000030
PHY_EDGE_ROW_37_Right_37,VSS,Metal1,245.8465,164.1700,0.000030
PHY_EDGE_ROW_36_Right_36,VSS,Metal1,245.8465,157.2700,0.000022
PHY_EDGE_ROW_35_Right_35,VSS,Metal1,245.8465,156.3300,0.000022
PHY_EDGE_ROW_34_Right_34,VSS,Metal1,245.8465,149.4300,0.000058
PHY_EDGE_ROW_33_Right_33,VSS,Metal1,245.8465,148.4900,0.000058
PHY_EDGE_ROW_32_Right_32,VSS,Metal1,245.8465,141.5900,0.000063
PHY_EDGE_ROW_31_Right_31,VSS,Metal1,245.8465,140.6500,0.000063
PHY_EDGE_ROW_30_Right_30,VSS,Metal1,245.8465,133.7500,0.000020
PHY_EDGE_ROW_29_Right_29,VSS,Metal1,245.8465,132.8100,0.000020
PHY_EDGE_ROW_28_Right_28,VSS,Metal1,245.8465,125.9100,0.000037
PHY_EDGE_ROW_27_Right_27,VSS,Metal1,245.8465,124.9700,0.000037
PHY_EDGE_ROW_26_Right_26,VSS,Metal1,245.8465,118.0700,0.000027
PHY_EDGE_ROW_25_Right_25,VSS,Metal1,245.8465,117.1300,0.000027
PHY_EDGE_ROW_24_Right_24,VSS,Metal1,245.8465,110.2300,0.000014
PHY_EDGE_ROW_23_Right_23,VSS,Metal1,245.8465,109.2900,0.000014
PHY_EDGE_ROW_22_Right_22,VSS,Metal1,245.8465,102.3900,0.000020
PHY_EDGE_ROW_21_Right_21,VSS,Metal1,245.8465,101.4500,0.000020
PHY_EDGE_ROW_20_Right_20,VSS,Metal1,245.8465,94.5500,0.000075
PHY_EDGE_ROW_19_Right_19,VSS,Metal1,245.8465,93.6100,0.000075
PHY_EDGE_ROW_18_Right_18,VSS,Metal1,245.8465,86.7100,0.000010
PHY_EDGE_ROW_17_Right_17,VSS,Metal1,245.8465,85.7700,0.000010
PHY_EDGE_ROW_16_Right_16,VSS,Metal1,245.8465,78.8700,0.000020
PHY_EDGE_ROW_15_Right_15,VSS,Metal1,245.8465,77.9300,0.000020
PHY_EDGE_ROW_14_Right_14,VSS,Metal1,245.8465,71.0300,0.000033
PHY_EDGE_ROW_13_Right_13,VSS,Metal1,245.8465,70.0900,0.000033
PHY_EDGE_ROW_12_Right_12,VSS,Metal1,245.8465,63.1900,0.000037
PHY_EDGE_ROW_11_Right_11,VSS,Metal1,245.8465,62.2500,0.000037
PHY_EDGE_ROW_10_Right_10,VSS,Metal1,245.8465,55.3500,0.000049
PHY_EDGE_ROW_9_Right_9,VSS,Metal1,245.8465,54.4100,0.000049
PHY_EDGE_ROW_8_Right_8,VSS,Metal1,245.8465,47.5100,0.000029
PHY_EDGE_ROW_7_Right_7,VSS,Metal1,245.8465,46.5700,0.000029
PHY_EDGE_ROW_6_Right_6,VSS,Metal1,245.8465,39.6700,0.000019
PHY_EDGE_ROW_5_Right_5,VSS,Metal1,245.8465,38.7300,0.000019
PHY_EDGE_ROW_4_Right_4,VSS,Metal1,245.8465,31.8300,0.000040
PHY_EDGE_ROW_3_Right_3,VSS,Metal1,245.8465,30.8900,0.000040
PHY_EDGE_ROW_2_Right_2,VSS,Metal1,245.8465,23.9900,0.000030
PHY_EDGE_ROW_1_Right_1,VSS,Metal1,245.8465,23.0500,0.000030
PHY_EDGE_ROW_0_Right_0,VSS,Metal1,245.8465,16.1500,0.000000
_4200_,VSS,Metal1,111.4300,478.5310,0.000016
_4199_,VSS,Metal1,111.9900,486.3710,0.000012
_4198_,VSS,Metal1,125.4500,486.3710,0.000012
_4197_,VSS,Metal1,159.0500,485.7885,0.000011
_4196_,VSS,Metal1,185.9300,485.7885,0.000012
_4195_,VSS,Metal1,182.5700,485.7885,0.000011
_4170_,VSS,Metal1,16.0765,416.0380,0.000025
_4169_,VSS,Metal1,16.0765,290.5980,0.000027
_4168_,VSS,Metal1,15.8430,408.1980,0.000040
_4167_,VSS,Metal1,16.0765,282.7580,0.000034
_4166_,VSS,Metal1,28.7230,273.8815,0.000037
_4165_,VSS,Metal1,25.9230,289.5615,0.000027
_4164_,VSS,Metal1,172.8765,383.6415,0.000061
_4163_,VSS,Metal1,29.8430,38.6815,0.000020
_4162_,VSS,Metal1,15.8430,39.7180,0.000020
_4161_,VSS,Metal1,29.8430,23.0015,0.000033
_4160_,VSS,Metal1,15.8430,24.0380,0.000033
_4159_,VSS,Metal1,90.8830,24.0380,0.000036
_4158_,VSS,Metal1,90.3230,39.7180,0.000021
_4157_,VSS,Metal1,35.4430,24.0380,0.000033
_4156_,VSS,Metal1,17.5230,30.8415,0.000038
_4155_,VSS,Metal1,114.4030,391.4815,0.000042
_4154_,VSS,Metal1,116.0830,360.1215,0.000023
_4153_,VSS,Metal1,118.3230,384.6780,0.000059
_4152_,VSS,Metal1,116.0830,383.6415,0.000058
_4151_,VSS,Metal1,167.6030,368.9980,0.000096
_4150_,VSS,Metal1,167.0430,384.6780,0.000061
_4149_,VSS,Metal1,121.1230,345.4780,0.000022
_4148_,VSS,Metal1,117.7630,353.3180,0.000023
_4147_,VSS,Metal1,148.0030,320.9215,0.000040
_4146_,VSS,Metal1,164.2430,329.7980,0.000026
_4145_,VSS,Metal1,165.9230,353.3180,0.000023
_4144_,VSS,Metal1,151.9230,344.4415,0.000022
_4143_,VSS,Metal1,127.2830,337.6380,0.000015
_4142_,VSS,Metal1,173.7630,282.7580,0.000050
_4141_,VSS,Metal1,174.3230,281.7215,0.000050
_4140_,VSS,Metal1,162.0030,298.4380,0.000063
_4139_,VSS,Metal1,116.0830,446.3615,0.000027
_4138_,VSS,Metal1,120.0030,400.3580,0.000014
_4137_,VSS,Metal1,115.5230,423.8780,0.000042
_4136_,VSS,Metal1,131.7630,423.8780,0.000041
_4135_,VSS,Metal1,135.6830,447.3980,0.000026
_4134_,VSS,Metal1,135.6830,408.1980,0.000048
_4133_,VSS,Metal1,129.5230,439.5580,0.000023
_4132_,VSS,Metal1,118.3230,416.0380,0.000027
_4131_,VSS,Metal1,131.7630,392.5180,0.000043
_4130_,VSS,Metal1,155.2830,399.3215,0.000020
_4129_,VSS,Metal1,131.2030,376.8380,0.000022
_4128_,VSS,Metal1,155.2830,375.8015,0.000022
_4127_,VSS,Metal1,161.6765,400.3580,0.000020
_4126_,VSS,Metal1,144.6430,383.6415,0.000061
_4125_,VSS,Metal1,134.5630,361.1580,0.000023
_4124_,VSS,Metal1,153.0430,361.1580,0.000022
_4123_,VSS,Metal1,147.1165,273.8815,0.000050
_4122_,VSS,Metal1,140.7230,281.7215,0.000051
_4121_,VSS,Metal1,114.4030,306.2780,0.000032
_4120_,VSS,Metal1,123.9230,290.5980,0.000030
_4119_,VSS,Metal1,126.3965,282.7580,0.000050
_4118_,VSS,Metal1,129.1965,259.2380,0.000023
_4117_,VSS,Metal1,128.0765,274.9180,0.000048
_4116_,VSS,Metal1,130.6430,306.2780,0.000032
_4115_,VSS,Metal1,116.3165,313.0815,0.000025
_4114_,VSS,Metal1,116.6430,314.1180,0.000025
_4113_,VSS,Metal1,196.1630,63.2380,0.000037
_4112_,VSS,Metal1,194.7165,55.3980,0.000049
_4111_,VSS,Metal1,198.4030,86.7580,0.000010
_4110_,VSS,Metal1,194.4830,101.4015,0.000020
_4109_,VSS,Metal1,186.0830,109.2415,0.000014
_4108_,VSS,Metal1,181.8365,54.3615,0.000048
_4107_,VSS,Metal1,178.8030,70.0415,0.000033
_4106_,VSS,Metal1,16.0765,85.7215,0.000013
_4105_,VSS,Metal1,174.8830,345.4780,0.000022
_4104_,VSS,Metal1,181.8365,313.0815,0.000021
_4103_,VSS,Metal1,190.7965,281.7215,0.000054
_4102_,VSS,Metal1,184.4030,242.5215,0.000034
_4101_,VSS,Metal1,191.9165,297.4015,0.000070
_4100_,VSS,Metal1,185.5230,250.3615,0.000072
_4099_,VSS,Metal1,189.1165,219.0015,0.000050
_4098_,VSS,Metal1,174.8830,196.5180,0.000084
_4097_,VSS,Metal1,184.9630,171.9615,0.000018
_4096_,VSS,Metal1,192.2430,148.4415,0.000058
_4095_,VSS,Metal1,186.6430,140.6015,0.000060
_4094_,VSS,Metal1,198.4030,133.7980,0.000019
_4093_,VSS,Metal1,194.7165,117.0815,0.000027
_4092_,VSS,Metal1,211.8430,124.9215,0.000037
_4091_,VSS,Metal1,212.9630,148.4415,0.000058
_4090_,VSS,Metal1,225.2830,140.6015,0.000063
_4089_,VSS,Metal1,226.9630,132.7615,0.000020
_4088_,VSS,Metal1,231.4430,164.1215,0.000030
_4087_,VSS,Metal1,232.2365,188.6780,0.000030
_4086_,VSS,Metal1,231.6765,204.3580,0.000034
_4085_,VSS,Metal1,233.9165,227.8780,0.000022
_4084_,VSS,Metal1,237.2765,243.5580,0.000035
_4083_,VSS,Metal1,237.2765,290.5980,0.000025
_4082_,VSS,Metal1,237.2765,259.2380,0.000023
_4081_,VSS,Metal1,231.4430,267.0780,0.000047
_4080_,VSS,Metal1,214.0830,258.2015,0.000023
_4079_,VSS,Metal1,116.0830,462.0415,0.000004
_4078_,VSS,Metal1,116.0830,469.8815,0.000023
_4077_,VSS,Metal1,116.0830,485.5615,0.000012
_4076_,VSS,Metal1,129.5230,470.9180,0.000023
_4075_,VSS,Metal1,139.0430,477.7215,0.000015
_4074_,VSS,Metal1,135.6830,478.7580,0.000015
_4073_,VSS,Metal1,155.5165,477.7215,0.000015
_4072_,VSS,Metal1,153.6030,470.9180,0.000023
_4071_,VSS,Metal1,160.8830,478.7580,0.000015
_4070_,VSS,Metal1,172.6430,477.7215,0.000015
_4069_,VSS,Metal1,172.6430,485.5615,0.000011
_4068_,VSS,Metal1,162.5630,455.2380,0.000050
_4067_,VSS,Metal1,173.2030,454.2015,0.000050
_4066_,VSS,Metal1,173.2030,438.5215,0.000021
_4065_,VSS,Metal1,177.1230,430.6815,0.000006
_4064_,VSS,Metal1,174.3230,407.1615,0.000036
_4063_,VSS,Metal1,174.3230,408.1980,0.000036
_4062_,VSS,Metal1,237.2765,353.3180,0.000041
_4061_,VSS,Metal1,233.9165,352.2815,0.000041
_4060_,VSS,Metal1,237.0430,314.1180,0.000023
_4059_,VSS,Metal1,237.2765,321.9580,0.000035
_4058_,VSS,Metal1,237.2765,376.8380,0.000027
_4057_,VSS,Metal1,233.9165,383.6415,0.000088
_4056_,VSS,Metal1,230.5565,399.3215,0.000024
_4055_,VSS,Metal1,230.8830,422.8415,0.000042
_4054_,VSS,Metal1,231.6765,423.8780,0.000042
_4053_,VSS,Metal1,231.4430,455.2380,0.000058
_4052_,VSS,Metal1,219.6830,469.8815,0.000022
_4051_,VSS,Metal1,215.2030,477.7215,0.000016
_4050_,VSS,Metal1,208.7165,470.9180,0.000022
_4049_,VSS,Metal1,198.9630,486.5980,0.000013
_4048_,VSS,Metal1,192.2430,478.7580,0.000016
_4047_,VSS,Metal1,184.9630,469.8815,0.000021
_4046_,VSS,Metal1,192.4765,470.9180,0.000021
_4045_,VSS,Metal1,184.9630,446.3615,0.000026
_4044_,VSS,Metal1,192.2430,400.3580,0.000023
_4043_,VSS,Metal1,188.8830,383.6415,0.000063
_4042_,VSS,Metal1,194.4830,391.4815,0.000052
_4041_,VSS,Metal1,192.4765,353.3180,0.000023
_4040_,VSS,Metal1,178.8030,352.2815,0.000023
_4039_,VSS,Metal1,178.8030,367.9615,0.000096
_4038_,VSS,Metal1,62.8830,289.5615,0.000032
_4037_,VSS,Metal1,62.3230,320.9215,0.000037
_4036_,VSS,Metal1,56.1630,282.7580,0.000046
_4035_,VSS,Metal1,62.3230,375.8015,0.000019
_4034_,VSS,Metal1,69.6030,438.5215,0.000024
_4033_,VSS,Metal1,57.2830,447.3980,0.000023
_4032_,VSS,Metal1,67.3630,415.0015,0.000027
_4031_,VSS,Metal1,53.3630,416.0380,0.000027
_4030_,VSS,Metal1,75.2030,298.4380,0.000061
_4029_,VSS,Metal1,74.6430,336.6015,0.000014
_4028_,VSS,Metal1,80.4765,384.6780,0.000057
_4027_,VSS,Metal1,89.2030,306.2780,0.000031
_4026_,VSS,Metal1,106.7965,367.9615,0.000099
_4025_,VSS,Metal1,96.7165,384.6780,0.000058
_4024_,VSS,Metal1,70.7230,313.0815,0.000023
_4023_,VSS,Metal1,74.6430,290.5980,0.000032
_4022_,VSS,Metal1,73.5230,124.9215,0.000032
_4021_,VSS,Metal1,85.2830,125.9580,0.000032
_4020_,VSS,Metal1,89.7630,141.6380,0.000098
_4019_,VSS,Metal1,80.8030,172.9980,0.000036
_4018_,VSS,Metal1,69.8365,140.6015,0.000087
_4017_,VSS,Metal1,57.2830,148.4415,0.000050
_4016_,VSS,Metal1,53.3630,149.4780,0.000050
_4015_,VSS,Metal1,52.2430,204.3580,0.000035
_4014_,VSS,Metal1,51.1230,220.0380,0.000053
_4013_,VSS,Metal1,43.2830,196.5180,0.000030
_4012_,VSS,Metal1,37.6830,179.8015,0.000033
_4011_,VSS,Metal1,37.6830,226.8415,0.000023
_4010_,VSS,Metal1,35.4430,204.3580,0.000034
_4009_,VSS,Metal1,21.4430,179.8015,0.000031
_4008_,VSS,Metal1,18.0830,227.8780,0.000023
_4007_,VSS,Metal1,29.8430,234.6815,0.000020
_4006_,VSS,Metal1,48.3230,290.5980,0.000031
_4005_,VSS,Metal1,48.3230,306.2780,0.000028
_4004_,VSS,Metal1,44.4030,353.3180,0.000021
_4003_,VSS,Metal1,55.0430,383.6415,0.000054
_4002_,VSS,Metal1,35.4430,408.1980,0.000039
_4001_,VSS,Metal1,35.4430,423.8780,0.000043
_4000_,VSS,Metal1,28.7230,415.0015,0.000025
_3999_,VSS,Metal1,37.1230,391.4815,0.000029
_3998_,VSS,Metal1,89.7630,314.1180,0.000025
_3997_,VSS,Metal1,103.9965,305.2415,0.000032
_3996_,VSS,Metal1,104.5565,297.4015,0.000063
_3995_,VSS,Metal1,108.4765,328.7615,0.000033
_3994_,VSS,Metal1,111.2765,336.6015,0.000015
_3993_,VSS,Metal1,96.7165,274.9180,0.000044
_3992_,VSS,Metal1,95.0365,273.8815,0.000044
_3991_,VSS,Metal1,88.3165,282.7580,0.000050
_3990_,VSS,Metal1,92.5630,220.0380,0.000053
_3989_,VSS,Metal1,95.3630,196.5180,0.000080
_3988_,VSS,Metal1,89.2030,212.1980,0.000029
_3987_,VSS,Metal1,76.8830,203.3215,0.000036
_3986_,VSS,Metal1,59.5230,211.1615,0.000027
_3985_,VSS,Metal1,60.6430,203.3215,0.000035
_3984_,VSS,Metal1,63.4430,226.8415,0.000025
_3983_,VSS,Metal1,75.7630,211.1615,0.000029
_3982_,VSS,Metal1,47.2030,235.7180,0.000021
_3981_,VSS,Metal1,41.6030,141.6380,0.000078
_3980_,VSS,Metal1,37.6830,250.3615,0.000057
_3979_,VSS,Metal1,34.3230,140.6015,0.000078
_3978_,VSS,Metal1,15.8430,148.4415,0.000041
_3977_,VSS,Metal1,15.8430,141.6380,0.000068
_3976_,VSS,Metal1,15.8430,242.5215,0.000034
_3975_,VSS,Metal1,15.8430,235.7180,0.000021
_3974_,VSS,Metal1,37.6830,281.7215,0.000039
_3973_,VSS,Metal1,36.0030,274.9180,0.000037
_3972_,VSS,Metal1,26.4830,344.4415,0.000018
_3971_,VSS,Metal1,25.9230,375.8015,0.000018
_3970_,VSS,Metal1,48.8830,439.5580,0.000022
_3969_,VSS,Metal1,29.2830,454.2015,0.000049
_3968_,VSS,Metal1,27.6030,446.3615,0.000020
_3967_,VSS,Metal1,24.2430,485.5615,0.000013
_3966_,VSS,Metal1,75.2030,439.5580,0.000024
_3965_,VSS,Metal1,75.2030,407.1615,0.000042
_3964_,VSS,Metal1,106.2365,430.6815,0.000008
_3963_,VSS,Metal1,103.4365,415.0015,0.000027
_3962_,VSS,Metal1,100.0765,446.3615,0.000027
_3961_,VSS,Metal1,106.7965,477.7215,0.000016
_3960_,VSS,Metal1,70.1630,462.0415,0.000009
_3959_,VSS,Metal1,64.0030,477.7215,0.000016
_3958_,VSS,Metal1,58.9630,30.8415,0.000041
_3957_,VSS,Metal1,61.2030,23.0015,0.000035
_3956_,VSS,Metal1,53.9230,24.0380,0.000035
_3955_,VSS,Metal1,60.6430,54.3615,0.000073
_3954_,VSS,Metal1,44.4030,86.7580,0.000013
_3953_,VSS,Metal1,50.5630,78.9180,0.000044
_3952_,VSS,Metal1,37.6830,124.9215,0.000025
_3951_,VSS,Metal1,37.6830,117.0815,0.000028
_3950_,VSS,Metal1,37.6830,30.8415,0.000041
_3949_,VSS,Metal1,36.0030,31.8780,0.000041
_3948_,VSS,Metal1,18.0830,31.8780,0.000038
_3947_,VSS,Metal1,15.8430,55.3980,0.000054
_3946_,VSS,Metal1,15.8430,86.7580,0.000013
_3945_,VSS,Metal1,15.8430,117.0815,0.000027
_3944_,VSS,Metal1,15.8430,172.9980,0.000027
_3943_,VSS,Metal1,15.8430,211.1615,0.000022
_3942_,VSS,Metal1,15.8430,259.2380,0.000016
_3941_,VSS,Metal1,15.8430,267.0780,0.000027
_3940_,VSS,Metal1,15.8430,384.6780,0.000046
_3939_,VSS,Metal1,15.8430,478.7580,0.000014
_3938_,VSS,Metal1,16.0765,376.8380,0.000018
_3937_,VSS,Metal1,16.0765,469.8815,0.000020
_3936_,VSS,Metal1,15.8430,360.1215,0.000009
_3935_,VSS,Metal1,15.8430,455.2380,0.000049
_3934_,VSS,Metal1,15.8430,345.4780,0.000018
_3933_,VSS,Metal1,15.8430,438.5215,0.000019
_3932_,VSS,Metal1,15.8430,329.7980,0.000040
_3931_,VSS,Metal1,16.0765,431.7180,0.000009
_3930_,VSS,Metal1,15.8430,313.0815,0.000019
_3929_,VSS,Metal1,15.8430,407.1615,0.000040
_3928_,VSS,Metal1,153.2765,250.3615,0.000080
_3927_,VSS,Metal1,135.6830,250.3615,0.000082
_3926_,VSS,Metal1,114.4030,273.8815,0.000047
_3925_,VSS,Metal1,113.8430,281.7215,0.000050
_3924_,VSS,Metal1,102.6430,234.6815,0.000024
_3923_,VSS,Metal1,116.6430,235.7180,0.000024
_3922_,VSS,Metal1,97.6030,258.2015,0.000023
_3921_,VSS,Metal1,114.4030,243.5580,0.000051
_3920_,VSS,Metal1,104.8830,226.8415,0.000027
_3919_,VSS,Metal1,113.8430,258.2015,0.000023
_3918_,VSS,Metal1,55.0430,352.2815,0.000021
_3917_,VSS,Metal1,45.5230,329.7980,0.000040
_3916_,VSS,Metal1,27.8365,305.2415,0.000027
_3915_,VSS,Metal1,27.0430,320.9215,0.000032
_3914_,VSS,Metal1,32.0830,352.2815,0.000021
_3913_,VSS,Metal1,28.1630,383.6415,0.000046
_3912_,VSS,Metal1,56.7230,463.0780,0.000009
_3911_,VSS,Metal1,54.4830,470.9180,0.000022
_3910_,VSS,Metal1,27.6030,477.7215,0.000014
_3909_,VSS,Metal1,55.2765,485.5615,0.000015
_3908_,VSS,Metal1,78.5630,416.0380,0.000027
_3907_,VSS,Metal1,95.3630,408.1980,0.000046
_3906_,VSS,Metal1,98.1630,391.4815,0.000041
_3905_,VSS,Metal1,101.5230,438.5215,0.000024
_3904_,VSS,Metal1,99.8430,469.8815,0.000023
_3903_,VSS,Metal1,94.2430,485.5615,0.000015
_3902_,VSS,Metal1,83.6030,470.9180,0.000022
_3901_,VSS,Metal1,72.4030,485.5615,0.000015
_3900_,VSS,Metal1,83.6030,102.4380,0.000022
_3899_,VSS,Metal1,87.5230,78.9180,0.000044
_3898_,VSS,Metal1,76.8830,54.3615,0.000076
_3897_,VSS,Metal1,73.5230,62.2015,0.000036
_3896_,VSS,Metal1,56.7230,62.2015,0.000033
_3895_,VSS,Metal1,55.0430,55.3980,0.000073
_3894_,VSS,Metal1,57.5165,118.1180,0.000029
_3893_,VSS,Metal1,41.6030,110.2780,0.000011
_3892_,VSS,Metal1,46.0830,63.2380,0.000033
_3891_,VSS,Metal1,35.4430,55.3980,0.000070
_3890_,VSS,Metal1,21.4430,62.2015,0.000031
_3889_,VSS,Metal1,15.8430,70.0415,0.000031
_3888_,VSS,Metal1,24.8030,101.4015,0.000016
_3887_,VSS,Metal1,15.8430,118.1180,0.000027
_3886_,VSS,Metal1,15.8430,171.9615,0.000027
_3885_,VSS,Metal1,16.0765,204.3580,0.000031
_3884_,VSS,Metal1,166.7165,31.8780,0.000040
_3883_,VSS,Metal1,148.0030,23.0015,0.000033
_3882_,VSS,Metal1,154.1630,117.0815,0.000028
_3881_,VSS,Metal1,155.2830,220.0380,0.000052
_3880_,VSS,Metal1,164.8030,24.0380,0.000030
_3879_,VSS,Metal1,155.2830,30.8415,0.000040
_3878_,VSS,Metal1,173.9965,148.4415,0.000057
_3877_,VSS,Metal1,157.5230,141.6380,0.000081
_3876_,VSS,Metal1,162.0030,165.1580,0.000028
_3875_,VSS,Metal1,160.8830,180.8380,0.000050
_3874_,VSS,Metal1,173.7630,125.9580,0.000036
_3873_,VSS,Metal1,173.9965,101.4015,0.000020
_3872_,VSS,Metal1,168.1630,55.3980,0.000049
_3871_,VSS,Metal1,172.8765,62.2015,0.000036
_3870_,VSS,Metal1,115.5230,171.9615,0.000039
_3869_,VSS,Metal1,113.8430,172.9980,0.000039
_3868_,VSS,Metal1,114.0765,204.3580,0.000037
_3867_,VSS,Metal1,99.8430,203.3215,0.000037
_3866_,VSS,Metal1,114.4030,140.6015,0.000106
_3865_,VSS,Metal1,115.1965,133.7980,0.000017
_3864_,VSS,Metal1,102.6430,187.6415,0.000021
_3863_,VSS,Metal1,109.9230,211.1615,0.000029
_3862_,VSS,Metal1,140.1630,101.4015,0.000022
_3861_,VSS,Metal1,133.4430,132.7615,0.000018
_3860_,VSS,Metal1,128.4030,157.3180,0.000029
_3859_,VSS,Metal1,134.0030,203.3215,0.000036
_3858_,VSS,Metal1,122.8030,125.9580,0.000037
_3857_,VSS,Metal1,124.4830,102.4380,0.000022
_3856_,VSS,Metal1,116.0830,117.0815,0.000032
_3855_,VSS,Metal1,116.0830,203.3215,0.000037
_3854_,VSS,Metal1,153.0430,118.1180,0.000028
_3853_,VSS,Metal1,145.7630,148.4415,0.000063
_3852_,VSS,Metal1,139.6030,179.8015,0.000050
_3851_,VSS,Metal1,149.1230,219.0015,0.000052
_3850_,VSS,Metal1,155.2830,196.5180,0.000088
_3849_,VSS,Metal1,154.9565,188.6780,0.000023
_3848_,VSS,Metal1,134.0030,227.8780,0.000027
_3847_,VSS,Metal1,153.0430,203.3215,0.000034
_3846_,VSS,Metal1,142.9630,234.6815,0.000024
_3845_,VSS,Metal1,153.0430,227.8780,0.000026
_3844_,VSS,Metal1,172.8765,220.0380,0.000049
_3843_,VSS,Metal1,172.8765,219.0015,0.000049
_3842_,VSS,Metal1,174.8830,179.8015,0.000051
_3841_,VSS,Metal1,164.8030,212.1980,0.000015
_3840_,VSS,Metal1,173.9965,187.6415,0.000023
_3839_,VSS,Metal1,172.6430,195.4815,0.000084
_3838_,VSS,Metal1,178.2430,156.2815,0.000022
_3837_,VSS,Metal1,180.1565,124.9215,0.000036
_3836_,VSS,Metal1,75.2030,30.8415,0.000042
_3835_,VSS,Metal1,76.3230,31.8780,0.000042
_3834_,VSS,Metal1,99.8430,30.8415,0.000042
_3833_,VSS,Metal1,94.2430,70.0415,0.000034
_3832_,VSS,Metal1,140.1630,77.8815,0.000030
_3831_,VSS,Metal1,135.6830,63.2380,0.000038
_3830_,VSS,Metal1,135.3565,54.3615,0.000058
_3829_,VSS,Metal1,128.9630,47.5580,0.000040
_3828_,VSS,Metal1,125.0430,55.3980,0.000058
_3827_,VSS,Metal1,122.2430,78.9180,0.000030
_3826_,VSS,Metal1,119.4430,63.2380,0.000038
_3825_,VSS,Metal1,113.8430,24.0380,0.000036
_3824_,VSS,Metal1,96.4830,118.1180,0.000032
_3823_,VSS,Metal1,100.4030,148.4415,0.000065
_3822_,VSS,Metal1,102.0830,164.1215,0.000025
_3821_,VSS,Metal1,95.3630,117.0815,0.000032
_3820_,VSS,Metal1,92.5630,31.8780,0.000042
_3819_,VSS,Metal1,88.0830,55.3980,0.000076
_3818_,VSS,Metal1,139.0430,30.8415,0.000041
_3817_,VSS,Metal1,135.1230,24.0380,0.000033
_3816_,VSS,Metal1,128.9630,31.8780,0.000041
_3815_,VSS,Metal1,125.0430,39.7180,0.000021
_3814_,VSS,Metal1,141.8430,124.9215,0.000038
_3813_,VSS,Metal1,141.8430,156.2815,0.000029
_3812_,VSS,Metal1,145.9965,171.9615,0.000039
_3811_,VSS,Metal1,135.6830,204.3580,0.000036
_3810_,VSS,Metal1,128.4030,180.8380,0.000050
_3809_,VSS,Metal1,146.8830,187.6415,0.000023
_3808_,VSS,Metal1,128.9630,220.0380,0.000053
_3807_,VSS,Metal1,116.6430,110.2780,0.000016
_3806_,VSS,Metal1,94.4765,101.4015,0.000022
_3805_,VSS,Metal1,192.4765,273.8815,0.000051
_3804_,VSS,Metal1,194.4830,235.7180,0.000019
_3803_,VSS,Metal1,198.9630,290.5980,0.000025
_3802_,VSS,Metal1,201.2030,243.5580,0.000035
_3801_,VSS,Metal1,210.1630,220.0380,0.000050
_3800_,VSS,Metal1,194.4830,195.4815,0.000085
_3799_,VSS,Metal1,194.4830,187.6415,0.000030
_3798_,VSS,Metal1,200.6430,165.1580,0.000030
_3797_,VSS,Metal1,193.9230,220.0380,0.000050
_3796_,VSS,Metal1,198.4030,149.4780,0.000058
_3795_,VSS,Metal1,204.0030,259.2380,0.000023
_3794_,VSS,Metal1,208.4830,227.8780,0.000022
_3793_,VSS,Metal1,212.0765,164.1215,0.000030
_3792_,VSS,Metal1,215.2030,171.9615,0.000018
_3791_,VSS,Metal1,213.5230,180.8380,0.000057
_3790_,VSS,Metal1,215.9965,179.8015,0.000057
_3789_,VSS,Metal1,231.6765,212.1980,0.000015
_3788_,VSS,Metal1,231.6765,220.0380,0.000050
_3787_,VSS,Metal1,214.0830,235.7180,0.000020
_3786_,VSS,Metal1,214.8765,250.3615,0.000073
_3785_,VSS,Metal1,224.1630,336.6015,0.000012
_3784_,VSS,Metal1,212.0765,297.4015,0.000070
_3783_,VSS,Metal1,218.5630,305.2415,0.000035
_3782_,VSS,Metal1,205.1230,298.4380,0.000070
_3781_,VSS,Metal1,225.5165,360.1215,0.000021
_3780_,VSS,Metal1,212.0765,344.4415,0.000022
_3779_,VSS,Metal1,231.6765,306.2780,0.000035
_3778_,VSS,Metal1,224.1630,313.0815,0.000023
_3777_,VSS,Metal1,224.3965,367.9615,0.000097
_3776_,VSS,Metal1,218.2365,375.8015,0.000027
_3775_,VSS,Metal1,220.2430,391.4815,0.000053
_3774_,VSS,Metal1,211.5165,408.1980,0.000037
_3773_,VSS,Metal1,215.9965,415.0015,0.000019
_3772_,VSS,Metal1,222.7165,438.5215,0.000023
_3771_,VSS,Metal1,211.8430,422.8415,0.000041
_3770_,VSS,Metal1,211.8430,446.3615,0.000026
_3769_,VSS,Metal1,204.2365,423.8780,0.000041
_3768_,VSS,Metal1,205.6830,447.3980,0.000026
_3767_,VSS,Metal1,194.4830,422.8415,0.000041
_3766_,VSS,Metal1,195.0430,306.2780,0.000034
_3765_,VSS,Metal1,195.0430,439.5580,0.000022
_3764_,VSS,Metal1,192.2430,416.0380,0.000019
_3763_,VSS,Metal1,205.3565,392.5180,0.000052
_3762_,VSS,Metal1,194.4830,328.7615,0.000026
_3761_,VSS,Metal1,205.9165,376.8380,0.000027
_3760_,VSS,Metal1,194.4830,345.4780,0.000022
_3759_,VSS,Metal1,194.4830,360.1215,0.000021
_3758_,VSS,Metal1,200.6430,368.9980,0.000097
_3757_,VSS,Metal1,113.8000,392.4255,0.000042
_3756_,VSS,Metal1,118.0330,360.9950,0.000023
_3755_,VSS,Metal1,122.2130,361.0790,0.000023
_3754_,VSS,Metal1,118.8400,375.8940,0.000022
_3753_,VSS,Metal1,118.2800,376.7455,0.000022
_3752_,VSS,Metal1,168.1200,375.8940,0.000022
_3751_,VSS,Metal1,160.0400,391.5740,0.000047
_3750_,VSS,Metal1,119.4000,352.3740,0.000023
_3749_,VSS,Metal1,111.0000,352.3740,0.000023
_3748_,VSS,Metal1,135.1500,360.3735,0.000023
_3747_,VSS,Metal1,146.5865,321.8790,0.000040
_3746_,VSS,Metal1,144.3000,328.9725,0.000028
_3745_,VSS,Metal1,143.7865,313.1605,0.000025
_3744_,VSS,Metal1,159.7265,336.7650,0.000012
_3743_,VSS,Metal1,153.2600,329.5875,0.000027
_3742_,VSS,Metal1,166.1865,361.0790,0.000021
_3741_,VSS,Metal1,167.6200,344.6525,0.000022
_3740_,VSS,Metal1,166.1865,352.3605,0.000023
_3739_,VSS,Metal1,152.1865,352.3605,0.000023
_3738_,VSS,Metal1,148.7800,337.4275,0.000014
_3737_,VSS,Metal1,153.3065,337.5590,0.000014
_3736_,VSS,Metal1,131.1730,329.7190,0.000029
_3735_,VSS,Metal1,137.0200,337.4275,0.000014
_3734_,VSS,Metal1,134.5330,329.7190,0.000029
_3733_,VSS,Metal1,163.9465,290.5190,0.000027
_3732_,VSS,Metal1,161.0365,289.7080,0.000027
_3731_,VSS,Metal1,168.3730,289.7200,0.000026
_3730_,VSS,Metal1,166.5000,290.4150,0.000026
_3729_,VSS,Metal1,161.4065,297.5650,0.000063
_3728_,VSS,Metal1,158.3530,305.4050,0.000032
_3727_,VSS,Metal1,154.3225,305.4835,0.000032
_3726_,VSS,Metal1,140.8825,329.5560,0.000029
_3725_,VSS,Metal1,138.6900,298.1860,0.000063
_3724_,VSS,Metal1,161.6600,306.0675,0.000032
_3723_,VSS,Metal1,166.7530,305.4050,0.000032
_3722_,VSS,Metal1,162.6375,305.4835,0.000032
_3721_,VSS,Metal1,160.5865,290.5190,0.000027
_3720_,VSS,Metal1,155.1730,281.8665,0.000051
_3719_,VSS,Metal1,115.4930,438.6005,0.000023
_3718_,VSS,Metal1,119.4600,439.3475,0.000023
_3717_,VSS,Metal1,114.6665,439.4790,0.000023
_3716_,VSS,Metal1,119.7130,399.4850,0.000014
_3715_,VSS,Metal1,122.8200,407.9875,0.000051
_3714_,VSS,Metal1,116.0530,430.7605,0.000008
_3713_,VSS,Metal1,120.0200,415.2125,0.000027
_3712_,VSS,Metal1,118.2930,408.1190,0.000051
_3711_,VSS,Metal1,129.7930,430.8450,0.000008
_3710_,VSS,Metal1,129.1800,423.0525,0.000041
_3709_,VSS,Metal1,135.6465,454.3650,0.000051
_3708_,VSS,Metal1,132.5400,455.0275,0.000051
_3707_,VSS,Metal1,133.9665,407.3250,0.000048
_3706_,VSS,Metal1,134.0200,415.2125,0.000026
_3705_,VSS,Metal1,123.8600,447.1775,0.000026
_3704_,VSS,Metal1,122.4025,438.7635,0.000023
_3703_,VSS,Metal1,115.8125,415.2435,0.000027
_3702_,VSS,Metal1,119.5175,430.9235,0.000008
_3701_,VSS,Metal1,114.5625,407.9560,0.000051
_3700_,VSS,Metal1,137.4375,400.1160,0.000015
_3699_,VSS,Metal1,130.2900,400.1060,0.000014
_3698_,VSS,Metal1,132.2600,399.5425,0.000015
_3697_,VSS,Metal1,134.6375,400.1160,0.000015
_3696_,VSS,Metal1,150.7400,392.2975,0.000045
_3695_,VSS,Metal1,149.2825,400.1160,0.000020
_3694_,VSS,Metal1,130.0275,383.8835,0.000061
_3693_,VSS,Metal1,130.7175,376.0435,0.000022
_3692_,VSS,Metal1,134.6375,383.8835,0.000061
_3691_,VSS,Metal1,156.1065,360.2005,0.000022
_3690_,VSS,Metal1,157.5400,384.4675,0.000061
_3689_,VSS,Metal1,159.4665,368.0405,0.000097
_3688_,VSS,Metal1,160.0600,407.3825,0.000044
_3687_,VSS,Metal1,153.2025,391.7235,0.000046
_3686_,VSS,Metal1,142.3730,384.5990,0.000061
_3685_,VSS,Metal1,148.0200,384.4675,0.000061
_3684_,VSS,Metal1,142.3730,376.7590,0.000022
_3683_,VSS,Metal1,139.3130,360.2850,0.000023
_3682_,VSS,Metal1,139.8200,368.7875,0.000101
_3681_,VSS,Metal1,155.8065,368.1250,0.000098
_3680_,VSS,Metal1,155.3000,368.7875,0.000098
_3679_,VSS,Metal1,138.0825,376.0435,0.000022
_3678_,VSS,Metal1,137.9500,391.7335,0.000043
_3677_,VSS,Metal1,149.8425,274.6760,0.000050
_3676_,VSS,Metal1,146.2675,274.6760,0.000050
_3675_,VSS,Metal1,152.2125,281.9635,0.000051
_3674_,VSS,Metal1,153.2600,274.7075,0.000050
_3673_,VSS,Metal1,137.8930,290.5190,0.000030
_3672_,VSS,Metal1,141.4365,282.6115,0.000051
_3671_,VSS,Metal1,147.4130,290.5190,0.000028
_3670_,VSS,Metal1,117.7330,305.3205,0.000032
_3669_,VSS,Metal1,127.9965,305.3880,0.000032
_3668_,VSS,Metal1,127.4425,329.5560,0.000030
_3667_,VSS,Metal1,135.6030,345.3165,0.000022
_3666_,VSS,Metal1,132.4765,328.9080,0.000029
_3665_,VSS,Metal1,211.5725,352.5235,0.000026
_3664_,VSS,Metal1,197.9230,250.5080,0.000073
_3663_,VSS,Metal1,215.9165,352.4280,0.000026
_3662_,VSS,Metal1,206.3965,352.4280,0.000025
_3661_,VSS,Metal1,122.7730,297.4805,0.000063
_3660_,VSS,Metal1,127.9965,297.5480,0.000063
_3659_,VSS,Metal1,146.2675,313.8760,0.000025
_3658_,VSS,Metal1,141.4365,313.9715,0.000025
_3657_,VSS,Metal1,138.6365,399.4680,0.000015
_3656_,VSS,Metal1,149.7575,306.0360,0.000032
_3655_,VSS,Metal1,205.0675,305.4835,0.000035
_3654_,VSS,Metal1,200.1630,242.6680,0.000035
_3653_,VSS,Metal1,219.7630,313.9715,0.000023
_3652_,VSS,Metal1,205.8365,345.3315,0.000022
_3651_,VSS,Metal1,133.7065,290.5190,0.000030
_3650_,VSS,Metal1,129.6765,289.7080,0.000030
_3649_,VSS,Metal1,138.7725,329.5560,0.000029
_3648_,VSS,Metal1,140.3165,328.9080,0.000029
_3647_,VSS,Metal1,134.1565,375.9480,0.000022
_3646_,VSS,Metal1,146.9575,306.0360,0.000032
_3645_,VSS,Metal1,210.1075,313.3235,0.000021
_3644_,VSS,Metal1,206.3230,274.0280,0.000051
_3643_,VSS,Metal1,216.4765,376.6915,0.000027
_3642_,VSS,Metal1,219.8365,306.1315,0.000035
_3641_,VSS,Metal1,141.5465,266.1205,0.000042
_3640_,VSS,Metal1,130.2365,281.8680,0.000050
_3639_,VSS,Metal1,151.3000,321.7375,0.000040
_3638_,VSS,Metal1,157.6765,328.9080,0.000026
_3637_,VSS,Metal1,149.7630,368.8515,0.000101
_3636_,VSS,Metal1,214.6665,321.8000,0.000035
_3635_,VSS,Metal1,213.1225,329.0035,0.000026
_3634_,VSS,Metal1,211.9230,243.4115,0.000035
_3633_,VSS,Metal1,214.7230,313.9715,0.000022
_3632_,VSS,Metal1,128.3730,273.9605,0.000048
_3631_,VSS,Metal1,132.4765,274.0280,0.000048
_3630_,VSS,Metal1,148.0775,353.0760,0.000023
_3629_,VSS,Metal1,158.9565,352.4430,0.000023
_3628_,VSS,Metal1,144.7965,399.4680,0.000020
_3627_,VSS,Metal1,214.0275,353.0760,0.000026
_3626_,VSS,Metal1,208.5630,391.6280,0.000052
_3625_,VSS,Metal1,200.2365,219.1480,0.000050
_3624_,VSS,Metal1,225.4365,344.5880,0.000022
_3623_,VSS,Metal1,131.7330,298.3590,0.000063
_3622_,VSS,Metal1,134.1565,305.3880,0.000032
_3621_,VSS,Metal1,145.9225,345.2360,0.000022
_3620_,VSS,Metal1,147.3630,352.4430,0.000023
_3619_,VSS,Metal1,150.3965,345.3315,0.000022
_3618_,VSS,Metal1,211.5725,353.0760,0.000026
_3617_,VSS,Metal1,219.2030,196.3715,0.000085
_3616_,VSS,Metal1,208.0030,336.7480,0.000012
_3615_,VSS,Metal1,212.4830,368.8515,0.000097
_3614_,VSS,Metal1,117.7330,321.0005,0.000039
_3613_,VSS,Metal1,121.8365,321.0680,0.000039
_3612_,VSS,Metal1,122.4025,344.6835,0.000022
_3611_,VSS,Metal1,137.8430,352.4430,0.000023
_3610_,VSS,Metal1,131.3565,336.7480,0.000015
_3609_,VSS,Metal1,210.4525,360.3635,0.000021
_3608_,VSS,Metal1,214.7230,204.2115,0.000034
_3607_,VSS,Metal1,220.8830,352.4280,0.000026
_3606_,VSS,Metal1,206.3230,353.1715,0.000025
_3605_,VSS,Metal1,114.3730,321.0005,0.000039
_3604_,VSS,Metal1,121.8365,305.3880,0.000032
_3603_,VSS,Metal1,127.3575,329.0035,0.000030
_3602_,VSS,Metal1,159.6830,313.9565,0.000024
_3601_,VSS,Metal1,151.0665,305.3205,0.000032
_3600_,VSS,Metal1,151.6265,313.1605,0.000024
_3599_,VSS,Metal1,128.5565,352.4280,0.000023
_3598_,VSS,Metal1,148.5330,313.1605,0.000024
_3597_,VSS,Metal1,155.2530,313.1605,0.000024
_3596_,VSS,Metal1,211.0125,329.0035,0.000026
_3595_,VSS,Metal1,206.8830,187.7880,0.000030
_3594_,VSS,Metal1,208.0030,368.1080,0.000097
_3593_,VSS,Metal1,206.3230,313.2280,0.000021
_3592_,VSS,Metal1,192.5065,313.1605,0.000021
_3591_,VSS,Metal1,214.3465,313.1605,0.000022
_3590_,VSS,Metal1,196.9865,305.3205,0.000034
_3589_,VSS,Metal1,193.6265,305.3205,0.000034
_3588_,VSS,Metal1,141.6265,274.7730,0.000050
_3587_,VSS,Metal1,149.1400,289.7725,0.000028
_3586_,VSS,Metal1,152.5575,289.8035,0.000028
_3585_,VSS,Metal1,189.9730,62.2805,0.000037
_3584_,VSS,Metal1,197.9500,70.2950,0.000033
_3583_,VSS,Metal1,196.9865,77.9605,0.000020
_3582_,VSS,Metal1,191.2825,70.8360,0.000033
_3581_,VSS,Metal1,195.6200,54.5450,0.000049
_3580_,VSS,Metal1,193.0200,62.4125,0.000037
_3579_,VSS,Metal1,198.3665,62.3650,0.000037
_3578_,VSS,Metal1,194.9030,85.8590,0.000010
_3577_,VSS,Metal1,205.3865,93.6405,0.000075
_3576_,VSS,Metal1,197.5175,102.2400,0.000020
_3575_,VSS,Metal1,184.6375,93.7600,0.000069
_3574_,VSS,Metal1,187.7800,94.3875,0.000075
_3573_,VSS,Metal1,194.7725,102.1960,0.000020
_3572_,VSS,Metal1,187.0930,86.6130,0.000009
_3571_,VSS,Metal1,186.0530,102.3590,0.000020
_3570_,VSS,Metal1,181.8925,94.3560,0.000033
_3569_,VSS,Metal1,180.4275,93.8035,0.000033
_3568_,VSS,Metal1,184.3665,101.5650,0.000020
_3567_,VSS,Metal1,182.6130,62.3465,0.000036
_3566_,VSS,Metal1,180.7530,63.0750,0.000036
_3565_,VSS,Metal1,177.7575,62.9960,0.000036
_3564_,VSS,Metal1,181.0700,70.8260,0.000033
_3563_,VSS,Metal1,186.0530,63.1590,0.000037
_3562_,VSS,Metal1,177.2825,94.3560,0.000033
_3561_,VSS,Metal1,179.1765,78.0190,0.000020
_3560_,VSS,Metal1,181.5730,78.8390,0.000020
_3559_,VSS,Metal1,178.5065,85.8005,0.000009
_3558_,VSS,Metal1,181.0600,86.5750,0.000009
_3557_,VSS,Metal1,185.9600,70.8710,0.000033
_3556_,VSS,Metal1,180.5575,102.1960,0.000019
_3555_,VSS,Metal1,190.6375,102.1960,0.000020
_3554_,VSS,Metal1,188.8900,70.1805,0.000033
_3553_,VSS,Metal1,195.8925,70.8360,0.000033
_3552_,VSS,Metal1,172.4565,336.7390,0.000012
_3551_,VSS,Metal1,175.0365,328.9080,0.000025
_3550_,VSS,Metal1,179.8930,328.8405,0.000025
_3549_,VSS,Metal1,179.2230,329.6605,0.000025
_3548_,VSS,Metal1,180.7530,321.7950,0.000035
_3547_,VSS,Metal1,194.1400,321.1325,0.000035
_3546_,VSS,Metal1,184.3730,328.8405,0.000025
_3545_,VSS,Metal1,187.5200,274.7475,0.000051
_3544_,VSS,Metal1,179.8400,235.5475,0.000019
_3543_,VSS,Metal1,188.6400,290.4275,0.000024
_3542_,VSS,Metal1,180.8000,243.3875,0.000034
_3541_,VSS,Metal1,172.4565,203.4590,0.000034
_3540_,VSS,Metal1,186.3530,196.3550,0.000085
_3539_,VSS,Metal1,175.4130,212.1190,0.000015
_3538_,VSS,Metal1,180.1400,188.4675,0.000023
_3537_,VSS,Metal1,183.7330,195.6265,0.000085
_3536_,VSS,Metal1,180.2965,212.0605,0.000015
_3535_,VSS,Metal1,176.9065,172.8530,0.000018
_3534_,VSS,Metal1,180.7530,172.8350,0.000018
_3533_,VSS,Metal1,186.3530,164.9950,0.000028
_3532_,VSS,Metal1,181.0700,180.5860,0.000050
_3531_,VSS,Metal1,191.4125,164.9160,0.000029
_3530_,VSS,Metal1,187.5765,149.3405,0.000058
_3529_,VSS,Metal1,181.0065,149.3150,0.000057
_3528_,VSS,Metal1,186.9865,132.9065,0.000019
_3527_,VSS,Metal1,181.0065,141.4750,0.000060
_3526_,VSS,Metal1,189.5175,125.7160,0.000036
_3525_,VSS,Metal1,197.1625,140.7860,0.000060
_3524_,VSS,Metal1,188.2865,133.6350,0.000019
_3523_,VSS,Metal1,197.1430,132.8990,0.000019
_3522_,VSS,Metal1,206.3230,140.7480,0.000060
_3521_,VSS,Metal1,192.1875,133.0035,0.000019
_3520_,VSS,Metal1,201.1730,125.8790,0.000037
_3519_,VSS,Metal1,200.9065,125.0005,0.000037
_3518_,VSS,Metal1,196.3800,125.1325,0.000037
_3517_,VSS,Metal1,196.8030,125.8115,0.000037
_3516_,VSS,Metal1,182.3225,133.0035,0.000017
_3515_,VSS,Metal1,192.7730,125.8790,0.000036
_3514_,VSS,Metal1,212.4200,125.7475,0.000037
_3513_,VSS,Metal1,208.5630,132.9080,0.000019
_3512_,VSS,Metal1,213.0375,133.0035,0.000019
_3511_,VSS,Metal1,207.0100,125.7060,0.000037
_3510_,VSS,Metal1,213.3365,140.7390,0.000060
_3509_,VSS,Metal1,213.0430,133.6515,0.000019
_3508_,VSS,Metal1,204.5800,132.9450,0.000019
_3507_,VSS,Metal1,218.4425,133.6135,0.000020
_3506_,VSS,Metal1,220.0565,141.5005,0.000063
_3505_,VSS,Metal1,225.9230,141.4915,0.000063
_3504_,VSS,Metal1,223.8925,148.6835,0.000058
_3503_,VSS,Metal1,225.2530,125.0005,0.000037
_3502_,VSS,Metal1,231.4600,125.7475,0.000037
_3501_,VSS,Metal1,225.9965,125.8115,0.000037
_3500_,VSS,Metal1,229.3625,141.3960,0.000063
_3499_,VSS,Metal1,230.8530,157.2390,0.000022
_3498_,VSS,Metal1,230.4030,172.1080,0.000018
_3497_,VSS,Metal1,229.2900,165.0215,0.000030
_3496_,VSS,Metal1,226.6100,157.0660,0.000022
_3495_,VSS,Metal1,240.1065,195.5605,0.000085
_3494_,VSS,Metal1,228.8600,172.7875,0.000018
_3493_,VSS,Metal1,228.1630,180.6915,0.000057
_3492_,VSS,Metal1,244.5400,187.8250,0.000030
_3491_,VSS,Metal1,234.2700,172.7460,0.000018
_3490_,VSS,Metal1,241.2265,204.2790,0.000034
_3489_,VSS,Metal1,233.3400,219.2125,0.000050
_3488_,VSS,Metal1,234.3965,211.3080,0.000015
_3487_,VSS,Metal1,244.3975,196.2760,0.000085
_3486_,VSS,Metal1,236.1300,195.7335,0.000085
_3485_,VSS,Metal1,236.4530,226.9205,0.000022
_3484_,VSS,Metal1,239.4365,235.5715,0.000020
_3483_,VSS,Metal1,239.5465,226.9205,0.000022
_3482_,VSS,Metal1,238.9930,234.8450,0.000020
_3481_,VSS,Metal1,227.8400,235.5475,0.000020
_3480_,VSS,Metal1,239.5465,251.3190,0.000073
_3479_,VSS,Metal1,235.4430,251.2515,0.000073
_3478_,VSS,Metal1,233.2700,235.5815,0.000020
_3477_,VSS,Metal1,242.9065,298.3590,0.000089
_3476_,VSS,Metal1,234.3965,297.5480,0.000089
_3475_,VSS,Metal1,234.9300,289.8150,0.000025
_3474_,VSS,Metal1,230.6775,251.2135,0.000073
_3473_,VSS,Metal1,238.1330,282.6790,0.000054
_3472_,VSS,Metal1,242.1630,266.9315,0.000047
_3471_,VSS,Metal1,226.5300,274.6650,0.000051
_3470_,VSS,Metal1,231.3875,282.5160,0.000054
_3469_,VSS,Metal1,221.6265,297.4805,0.000071
_3468_,VSS,Metal1,219.7630,274.7715,0.000051
_3467_,VSS,Metal1,227.0500,282.6215,0.000054
_3466_,VSS,Metal1,241.5975,282.5160,0.000054
_3465_,VSS,Metal1,211.5530,274.0450,0.000051
_3464_,VSS,Metal1,216.9000,282.5475,0.000054
_3463_,VSS,Metal1,210.1330,266.1205,0.000046
_3462_,VSS,Metal1,204.7225,234.9235,0.000020
_3461_,VSS,Metal1,171.5500,313.3335,0.000023
_3459_,VSS,Metal1,221.0925,219.7960,0.000050
_3458_,VSS,Metal1,175.6600,321.7750,0.000035
_3457_,VSS,Metal1,176.1500,313.9815,0.000021
_3456_,VSS,Metal1,170.6665,314.0390,0.000023
_3455_,VSS,Metal1,178.5665,306.1050,0.000032
_3454_,VSS,Metal1,181.2025,266.8360,0.000043
_3453_,VSS,Metal1,201.2200,234.8925,0.000019
_3452_,VSS,Metal1,189.6900,243.4675,0.000034
_3451_,VSS,Metal1,188.8465,179.9650,0.000055
_3450_,VSS,Metal1,196.1800,164.3325,0.000030
_3449_,VSS,Metal1,186.0275,164.3635,0.000028
_3448_,VSS,Metal1,208.5575,133.5560,0.000019
_3447_,VSS,Metal1,217.2265,156.4265,0.000022
_3446_,VSS,Metal1,235.0730,172.1250,0.000018
_3445_,VSS,Metal1,220.4025,164.9160,0.000030
_3444_,VSS,Metal1,226.1865,172.1065,0.000018
_3443_,VSS,Metal1,237.2600,242.7325,0.000035
_3442_,VSS,Metal1,244.5400,250.5450,0.000073
_3441_,VSS,Metal1,227.2600,259.0175,0.000023
_3440_,VSS,Metal1,118.0330,462.9150,0.000004
_3439_,VSS,Metal1,121.1400,455.0275,0.000052
_3438_,VSS,Metal1,115.4930,470.8390,0.000023
_3437_,VSS,Metal1,123.3800,462.8675,0.000004
_3436_,VSS,Metal1,119.0900,470.6660,0.000023
_3435_,VSS,Metal1,114.9330,478.6790,0.000016
_3434_,VSS,Metal1,119.4600,478.5475,0.000016
_3433_,VSS,Metal1,123.0100,478.5060,0.000016
_3432_,VSS,Metal1,127.2530,485.6405,0.000012
_3431_,VSS,Metal1,130.1000,470.0925,0.000023
_3430_,VSS,Metal1,121.8900,477.9735,0.000016
_3429_,VSS,Metal1,138.8265,470.0265,0.000023
_3428_,VSS,Metal1,140.0800,470.7475,0.000023
_3427_,VSS,Metal1,139.3130,485.7250,0.000011
_3426_,VSS,Metal1,128.9265,477.8850,0.000015
_3425_,VSS,Metal1,139.6200,462.8675,0.000004
_3424_,VSS,Metal1,146.2130,470.0265,0.000023
_3423_,VSS,Metal1,151.2425,470.0660,0.000023
_3422_,VSS,Metal1,151.0730,462.9150,0.000004
_3421_,VSS,Metal1,150.5130,478.5950,0.000015
_3420_,VSS,Metal1,155.8600,485.7725,0.000011
_3419_,VSS,Metal1,156.8530,462.9330,0.000004
_3418_,VSS,Metal1,157.1700,470.1335,0.000023
_3417_,VSS,Metal1,161.4130,469.9605,0.000021
_3416_,VSS,Metal1,170.1865,470.7730,0.000021
_3415_,VSS,Metal1,171.2330,478.5950,0.000015
_3414_,VSS,Metal1,165.1200,470.7475,0.000021
_3413_,VSS,Metal1,168.9930,470.0450,0.000021
_3412_,VSS,Metal1,174.9000,470.7075,0.000021
_3411_,VSS,Metal1,161.7865,454.3465,0.000050
_3410_,VSS,Metal1,166.9600,446.5325,0.000026
_3409_,VSS,Metal1,167.0065,462.2050,0.000004
_3408_,VSS,Metal1,172.9130,455.0750,0.000050
_3407_,VSS,Metal1,178.2600,455.0275,0.000050
_3406_,VSS,Metal1,172.9865,446.5065,0.000026
_3405_,VSS,Metal1,175.1530,447.2350,0.000026
_3404_,VSS,Metal1,172.5600,431.5475,0.000006
_3403_,VSS,Metal1,177.9530,431.5550,0.000006
_3402_,VSS,Metal1,180.5000,447.1875,0.000025
_3401_,VSS,Metal1,165.3800,470.0650,0.000021
_3400_,VSS,Metal1,170.9800,415.2125,0.000019
_3399_,VSS,Metal1,174.6665,399.4665,0.000020
_3398_,VSS,Metal1,175.3600,400.1875,0.000020
_3397_,VSS,Metal1,164.4025,407.9560,0.000040
_3396_,VSS,Metal1,174.5930,415.1650,0.000019
_3395_,VSS,Metal1,171.4930,400.2790,0.000020
_3394_,VSS,Metal1,172.3465,415.9590,0.000019
_3393_,VSS,Metal1,166.7530,423.0050,0.000037
_3392_,VSS,Metal1,155.6375,454.3860,0.000050
_3391_,VSS,Metal1,158.6300,431.6275,0.000006
_3390_,VSS,Metal1,160.5700,430.7725,0.000006
_3389_,VSS,Metal1,130.3300,454.2925,0.000051
_3388_,VSS,Metal1,144.5330,454.3465,0.000050
_3387_,VSS,Metal1,158.8775,423.0400,0.000037
_3386_,VSS,Metal1,150.0375,423.6935,0.000038
_3385_,VSS,Metal1,152.1330,415.8800,0.000021
_3384_,VSS,Metal1,142.6130,423.0000,0.000040
_3383_,VSS,Metal1,152.1700,438.6125,0.000022
_3382_,VSS,Metal1,150.2600,454.4125,0.000050
_3381_,VSS,Metal1,149.6030,439.3965,0.000022
_3380_,VSS,Metal1,141.5000,431.4335,0.000007
_3379_,VSS,Metal1,131.9100,446.4980,0.000026
_3378_,VSS,Metal1,150.5400,415.2860,0.000021
_3377_,VSS,Metal1,160.4030,415.1480,0.000020
_3376_,VSS,Metal1,160.4100,438.6580,0.000021
_3375_,VSS,Metal1,154.8765,422.9880,0.000038
_3374_,VSS,Metal1,139.6830,438.6680,0.000022
_3373_,VSS,Metal1,145.4200,415.2125,0.000022
_3372_,VSS,Metal1,149.8930,423.0000,0.000038
_3371_,VSS,Metal1,139.9000,415.7535,0.000025
_3370_,VSS,Metal1,140.1865,430.8400,0.000007
_3369_,VSS,Metal1,131.9100,438.6580,0.000023
_3368_,VSS,Metal1,142.0025,423.6360,0.000040
_3367_,VSS,Metal1,240.1065,361.0790,0.000021
_3366_,VSS,Metal1,227.6700,345.3415,0.000022
_3365_,VSS,Metal1,244.5400,352.4650,0.000041
_3364_,VSS,Metal1,225.5000,337.4275,0.000012
_3363_,VSS,Metal1,235.6330,360.2850,0.000021
_3362_,VSS,Metal1,244.3975,337.3960,0.000012
_3361_,VSS,Metal1,238.5065,336.7465,0.000012
_3360_,VSS,Metal1,239.6000,321.0925,0.000035
_3359_,VSS,Metal1,237.3130,328.9250,0.000026
_3358_,VSS,Metal1,244.5400,328.9450,0.000026
_3357_,VSS,Metal1,233.3400,321.1325,0.000035
_3356_,VSS,Metal1,239.5530,313.2450,0.000023
_3355_,VSS,Metal1,240.1865,368.8530,0.000097
_3354_,VSS,Metal1,236.2775,368.1460,0.000097
_3353_,VSS,Metal1,243.4665,368.9190,0.000097
_3352_,VSS,Metal1,240.7465,384.5330,0.000088
_3351_,VSS,Metal1,235.6800,391.6525,0.000053
_3350_,VSS,Metal1,236.4465,408.0350,0.000037
_3349_,VSS,Metal1,239.5000,391.6650,0.000053
_3348_,VSS,Metal1,240.4200,392.3075,0.000053
_3347_,VSS,Metal1,227.4865,400.1950,0.000024
_3346_,VSS,Metal1,230.6665,408.0530,0.000037
_3345_,VSS,Metal1,230.0800,415.1725,0.000019
_3344_,VSS,Metal1,231.9730,430.7605,0.000006
_3343_,VSS,Metal1,234.1330,415.1465,0.000019
_3342_,VSS,Metal1,228.1100,430.9335,0.000006
_3341_,VSS,Metal1,220.7730,423.7990,0.000042
_3340_,VSS,Metal1,222.3730,454.3465,0.000058
_3339_,VSS,Metal1,218.4425,455.0535,0.000057
_3338_,VSS,Metal1,233.9465,462.1205,0.000004
_3337_,VSS,Metal1,226.1865,470.7730,0.000022
_3336_,VSS,Metal1,220.2700,462.8260,0.000004
_3335_,VSS,Metal1,218.8265,478.6790,0.000016
_3334_,VSS,Metal1,214.9865,478.6130,0.000016
_3333_,VSS,Metal1,218.7700,470.6660,0.000022
_3332_,VSS,Metal1,214.3465,455.1590,0.000057
_3331_,VSS,Metal1,205.5730,470.0265,0.000022
_3330_,VSS,Metal1,198.8425,462.2260,0.000004
_3329_,VSS,Metal1,195.0130,462.1205,0.000004
_3328_,VSS,Metal1,197.6265,485.7065,0.000013
_3327_,VSS,Metal1,197.4900,470.1335,0.000021
_3326_,VSS,Metal1,200.9065,477.8005,0.000016
_3325_,VSS,Metal1,193.1465,477.8665,0.000016
_3324_,VSS,Metal1,196.9300,477.9735,0.000016
_3323_,VSS,Metal1,188.5865,477.8005,0.000016
_3322_,VSS,Metal1,185.8665,462.1865,0.000004
_3321_,VSS,Metal1,188.2025,447.2135,0.000026
_3320_,VSS,Metal1,185.2265,477.8005,0.000015
_3319_,VSS,Metal1,181.3865,462.9330,0.000004
_3318_,VSS,Metal1,189.6500,462.2935,0.000004
_3317_,VSS,Metal1,181.5730,470.8390,0.000021
_3316_,VSS,Metal1,184.1865,438.6665,0.000021
_3315_,VSS,Metal1,187.9700,431.4660,0.000006
_3314_,VSS,Metal1,191.9465,431.6390,0.000006
_3313_,VSS,Metal1,181.6200,400.1750,0.000020
_3312_,VSS,Metal1,189.4600,399.5325,0.000023
_3311_,VSS,Metal1,184.9330,399.4005,0.000023
_3310_,VSS,Metal1,188.7625,384.4935,0.000063
_3309_,VSS,Metal1,184.7465,391.6265,0.000051
_3308_,VSS,Metal1,186.8500,376.5860,0.000024
_3307_,VSS,Metal1,181.5730,384.5990,0.000063
_3306_,VSS,Metal1,189.8930,392.3730,0.000052
_3305_,VSS,Metal1,194.6900,384.4260,0.000063
_3304_,VSS,Metal1,198.6665,383.7205,0.000066
_3303_,VSS,Metal1,186.5330,337.4930,0.000012
_3302_,VSS,Metal1,184.1975,360.3060,0.000021
_3301_,VSS,Metal1,190.2665,368.9190,0.000097
_3300_,VSS,Metal1,178.5865,361.0130,0.000020
_3299_,VSS,Metal1,186.6700,360.9060,0.000021
_3298_,VSS,Metal1,169.8130,361.0790,0.000021
_3297_,VSS,Metal1,173.0930,361.0130,0.000021
_3296_,VSS,Metal1,178.2130,368.9190,0.000095
_3295_,VSS,Metal1,190.7700,360.9060,0.000021
_3294_,VSS,Metal1,179.4375,415.2435,0.000019
_3293_,VSS,Metal1,170.9700,305.3805,0.000032
_3292_,VSS,Metal1,170.3730,306.1990,0.000032
_3291_,VSS,Metal1,56.9930,297.5650,0.000061
_3290_,VSS,Metal1,62.9000,305.4525,0.000028
_3289_,VSS,Metal1,55.8730,313.2450,0.000021
_3288_,VSS,Metal1,61.2200,313.2925,0.000023
_3287_,VSS,Metal1,52.7665,289.7250,0.000031
_3286_,VSS,Metal1,57.3000,305.4525,0.000028
_3285_,VSS,Metal1,58.6730,368.8350,0.000035
_3284_,VSS,Metal1,61.2200,368.1725,0.000035
_3283_,VSS,Metal1,68.7530,431.5550,0.000008
_3282_,VSS,Metal1,65.9000,446.5725,0.000024
_3281_,VSS,Metal1,53.0730,446.5250,0.000023
_3280_,VSS,Metal1,58.4200,446.5725,0.000023
_3279_,VSS,Metal1,62.8465,407.3250,0.000041
_3278_,VSS,Metal1,64.0200,407.9875,0.000041
_3277_,VSS,Metal1,51.9530,415.1650,0.000027
_3276_,VSS,Metal1,56.1800,423.0525,0.000043
_3275_,VSS,Metal1,52.4025,376.0435,0.000019
_3274_,VSS,Metal1,74.3530,306.1150,0.000030
_3273_,VSS,Metal1,79.7000,305.4525,0.000030
_3272_,VSS,Metal1,74.9130,337.4750,0.000014
_3271_,VSS,Metal1,77.4600,329.5875,0.000036
_3270_,VSS,Metal1,82.7530,391.6450,0.000040
_3269_,VSS,Metal1,82.1400,383.8525,0.000057
_3268_,VSS,Metal1,87.7930,298.2750,0.000062
_3267_,VSS,Metal1,91.4600,313.2925,0.000025
_3266_,VSS,Metal1,102.3530,360.9950,0.000023
_3265_,VSS,Metal1,108.8200,360.9475,0.000023
_3264_,VSS,Metal1,107.9530,384.5150,0.000058
_3263_,VSS,Metal1,101.7400,376.6275,0.000022
_3262_,VSS,Metal1,70.9930,313.9550,0.000023
_3261_,VSS,Metal1,76.3400,313.9075,0.000023
_3260_,VSS,Metal1,71.5530,305.4050,0.000030
_3259_,VSS,Metal1,76.9000,297.6125,0.000061
_3258_,VSS,Metal1,87.1225,305.4835,0.000031
_3257_,VSS,Metal1,72.6730,132.9250,0.000014
_3256_,VSS,Metal1,73.1800,125.7475,0.000032
_3255_,VSS,Metal1,82.7530,117.9550,0.000031
_3254_,VSS,Metal1,82.1400,132.9725,0.000015
_3253_,VSS,Metal1,88.3530,140.7650,0.000098
_3252_,VSS,Metal1,88.1000,133.5875,0.000016
_3251_,VSS,Metal1,79.3930,172.1250,0.000036
_3250_,VSS,Metal1,82.5000,180.0125,0.000036
_3249_,VSS,Metal1,74.0465,141.4750,0.000087
_3248_,VSS,Metal1,68.7000,141.4275,0.000087
_3247_,VSS,Metal1,55.3130,141.4750,0.000084
_3246_,VSS,Metal1,55.8200,140.8125,0.000084
_3245_,VSS,Metal1,52.5130,156.4450,0.000031
_3244_,VSS,Metal1,57.8600,156.4925,0.000031
_3243_,VSS,Metal1,51.9530,188.5150,0.000021
_3242_,VSS,Metal1,54.5000,196.3075,0.000031
_3241_,VSS,Metal1,84.2375,204.1160,0.000036
_3240_,VSS,Metal1,40.7530,219.1650,0.000052
_3239_,VSS,Metal1,44.4200,211.3725,0.000027
_3238_,VSS,Metal1,40.1930,203.4850,0.000034
_3237_,VSS,Metal1,40.1400,195.6925,0.000030
_3236_,VSS,Metal1,31.7930,180.6750,0.000033
_3235_,VSS,Metal1,37.1400,180.6275,0.000033
_3234_,VSS,Metal1,31.7930,212.0350,0.000024
_3233_,VSS,Metal1,37.1400,219.2125,0.000052
_3232_,VSS,Metal1,31.7930,211.3250,0.000024
_3231_,VSS,Metal1,34.3400,203.5325,0.000034
_3230_,VSS,Metal1,23.9530,164.9950,0.000018
_3229_,VSS,Metal1,27.6200,172.1725,0.000027
_3228_,VSS,Metal1,23.9530,219.8750,0.000049
_3227_,VSS,Metal1,22.2200,227.0525,0.000023
_3226_,VSS,Metal1,29.8065,227.7150,0.000023
_3225_,VSS,Metal1,26.7000,227.0525,0.000023
_3224_,VSS,Metal1,38.4025,211.9560,0.000025
_3223_,VSS,Metal1,43.5530,289.7250,0.000031
_3222_,VSS,Metal1,50.0200,297.6125,0.000057
_3221_,VSS,Metal1,43.5530,313.2450,0.000020
_3220_,VSS,Metal1,50.0200,313.2925,0.000021
_3219_,VSS,Metal1,39.3265,360.2850,0.000009
_3218_,VSS,Metal1,44.4200,360.3325,0.000009
_3217_,VSS,Metal1,49.7130,384.5150,0.000053
_3216_,VSS,Metal1,50.5800,376.6275,0.000019
_3215_,VSS,Metal1,30.6730,400.1950,0.000008
_3214_,VSS,Metal1,36.0200,400.1475,0.000009
_3213_,VSS,Metal1,37.0865,423.0050,0.000043
_3212_,VSS,Metal1,33.4200,430.8925,0.000009
_3211_,VSS,Metal1,29.5530,415.8750,0.000025
_3210_,VSS,Metal1,28.9400,430.8925,0.000009
_3209_,VSS,Metal1,35.1530,392.3550,0.000029
_3208_,VSS,Metal1,35.1000,384.4675,0.000047
_3207_,VSS,Metal1,40.0825,376.5960,0.000019
_3206_,VSS,Metal1,83.0065,313.2450,0.000025
_3205_,VSS,Metal1,95.9400,313.2925,0.000025
_3204_,VSS,Metal1,102.6065,313.2450,0.000025
_3203_,VSS,Metal1,103.2200,306.0675,0.000032
_3202_,VSS,Metal1,102.6065,298.2750,0.000063
_3201_,VSS,Metal1,103.2200,290.3875,0.000031
_3200_,VSS,Metal1,102.3530,321.7950,0.000038
_3199_,VSS,Metal1,108.8200,321.7475,0.000038
_3198_,VSS,Metal1,107.9530,337.4750,0.000015
_3197_,VSS,Metal1,109.9400,329.5875,0.000033
_3196_,VSS,Metal1,99.5530,266.9150,0.000037
_3195_,VSS,Metal1,103.2200,282.5475,0.000050
_3194_,VSS,Metal1,91.1530,281.8850,0.000050
_3193_,VSS,Metal1,96.5000,281.9325,0.000050
_3192_,VSS,Metal1,88.3530,290.4350,0.000031
_3191_,VSS,Metal1,92.0200,289.7725,0.000031
_3190_,VSS,Metal1,98.2375,282.5160,0.000050
_3189_,VSS,Metal1,91.4065,227.0050,0.000027
_3188_,VSS,Metal1,87.7400,219.2125,0.000053
_3187_,VSS,Metal1,90.0330,195.6450,0.000080
_3186_,VSS,Metal1,95.3800,195.6925,0.000080
_3185_,VSS,Metal1,82.7530,219.1650,0.000053
_3184_,VSS,Metal1,92.0200,211.3725,0.000029
_3183_,VSS,Metal1,72.6730,196.3550,0.000033
_3182_,VSS,Metal1,80.8200,204.1475,0.000036
_3181_,VSS,Metal1,62.0330,212.0350,0.000027
_3180_,VSS,Metal1,62.5400,204.1475,0.000035
_3179_,VSS,Metal1,63.9665,195.6450,0.000032
_3178_,VSS,Metal1,64.0200,196.3075,0.000032
_3177_,VSS,Metal1,62.0330,227.7150,0.000025
_3176_,VSS,Metal1,62.5400,219.8275,0.000053
_3175_,VSS,Metal1,70.9930,204.1950,0.000036
_3174_,VSS,Metal1,76.3400,204.1475,0.000036
_3173_,VSS,Metal1,87.1225,227.6360,0.000026
_3172_,VSS,Metal1,49.1530,227.0050,0.000023
_3171_,VSS,Metal1,42.3800,242.7325,0.000035
_3170_,VSS,Metal1,40.1930,156.4450,0.000031
_3169_,VSS,Metal1,40.5000,148.6525,0.000049
_3168_,VSS,Metal1,40.1930,234.8450,0.000021
_3167_,VSS,Metal1,44.4200,243.3475,0.000035
_3166_,VSS,Metal1,27.3130,132.9250,0.000010
_3165_,VSS,Metal1,32.6600,132.9725,0.000010
_3164_,VSS,Metal1,13.5665,140.7650,0.000068
_3163_,VSS,Metal1,9.3400,149.2675,0.000041
_3162_,VSS,Metal1,12.1930,156.4450,0.000031
_3161_,VSS,Metal1,12.1400,133.5875,0.000010
_3160_,VSS,Metal1,12.7530,250.5250,0.000043
_3159_,VSS,Metal1,13.2600,234.8925,0.000021
_3158_,VSS,Metal1,12.7530,227.0050,0.000023
_3157_,VSS,Metal1,19.2200,234.8925,0.000021
_3156_,VSS,Metal1,24.4025,243.3160,0.000033
_3155_,VSS,Metal1,37.9530,289.7250,0.000028
_3154_,VSS,Metal1,42.1800,282.5475,0.000039
_3153_,VSS,Metal1,32.6065,282.5950,0.000039
_3152_,VSS,Metal1,37.7000,282.5475,0.000039
_3151_,VSS,Metal1,24.2065,337.4750,0.000010
_3150_,VSS,Metal1,18.8600,337.4275,0.000010
_3149_,VSS,Metal1,23.3930,368.8350,0.000029
_3148_,VSS,Metal1,22.7800,360.9475,0.000009
_3147_,VSS,Metal1,43.5530,446.5250,0.000022
_3146_,VSS,Metal1,44.4200,438.7325,0.000022
_3145_,VSS,Metal1,29.5530,447.2350,0.000020
_3144_,VSS,Metal1,34.9000,447.1875,0.000020
_3143_,VSS,Metal1,23.9530,439.3950,0.000019
_3142_,VSS,Metal1,23.3400,447.1875,0.000020
_3141_,VSS,Metal1,18.6065,462.2050,0.000007
_3140_,VSS,Metal1,27.0600,470.0925,0.000019
_3139_,VSS,Metal1,36.1625,344.6835,0.000018
_3138_,VSS,Metal1,71.5530,446.5250,0.000025
_3137_,VSS,Metal1,76.9000,446.5725,0.000025
_3136_,VSS,Metal1,70.4330,400.1950,0.000012
_3135_,VSS,Metal1,75.2200,399.5325,0.000013
_3134_,VSS,Metal1,102.3530,415.8750,0.000027
_3133_,VSS,Metal1,108.8200,415.8275,0.000027
_3132_,VSS,Metal1,98.9930,407.3250,0.000046
_3131_,VSS,Metal1,104.3400,407.3725,0.000046
_3130_,VSS,Metal1,102.3530,439.3950,0.000024
_3129_,VSS,Metal1,108.8200,439.3475,0.000024
_3128_,VSS,Metal1,102.3530,478.5950,0.000016
_3127_,VSS,Metal1,108.8200,470.7075,0.000023
_3126_,VSS,Metal1,69.3130,455.0750,0.000052
_3125_,VSS,Metal1,71.8600,447.1875,0.000025
_3124_,VSS,Metal1,62.5930,478.5950,0.000016
_3123_,VSS,Metal1,69.6200,462.8675,0.000009
_3122_,VSS,Metal1,71.3575,399.5635,0.000012
_3121_,VSS,Metal1,68.7530,23.8750,0.000035
_3120_,VSS,Metal1,60.8600,38.8925,0.000021
_3119_,VSS,Metal1,58.9265,39.5550,0.000021
_3118_,VSS,Metal1,56.3800,38.8925,0.000021
_3117_,VSS,Metal1,50.8330,23.1650,0.000035
_3116_,VSS,Metal1,50.7800,39.5075,0.000020
_3115_,VSS,Metal1,61.4730,63.0750,0.000033
_3114_,VSS,Metal1,61.9800,47.3475,0.000048
_3113_,VSS,Metal1,42.9930,94.4350,0.000016
_3112_,VSS,Metal1,42.3800,93.7725,0.000016
_3111_,VSS,Metal1,49.7130,85.8850,0.000013
_3110_,VSS,Metal1,49.6600,93.7725,0.000016
_3109_,VSS,Metal1,39.8865,125.7950,0.000025
_3108_,VSS,Metal1,36.7800,133.5875,0.000011
_3107_,VSS,Metal1,34.2865,117.9550,0.000028
_3106_,VSS,Metal1,39.3800,117.9075,0.000028
_3105_,VSS,Metal1,57.9175,196.2760,0.000031
_3104_,VSS,Metal1,44.1130,39.5550,0.000020
_3103_,VSS,Metal1,43.3000,46.7325,0.000034
_3102_,VSS,Metal1,35.1530,47.3950,0.000031
_3101_,VSS,Metal1,41.0600,38.8925,0.000020
_3100_,VSS,Metal1,23.0865,46.6850,0.000028
_3099_,VSS,Metal1,18.8600,38.8925,0.000020
_3098_,VSS,Metal1,10.5130,63.0750,0.000031
_3097_,VSS,Metal1,10.4600,62.4125,0.000031
_3096_,VSS,Metal1,11.6330,94.4350,0.000012
_3095_,VSS,Metal1,11.5800,93.7725,0.000012
_3094_,VSS,Metal1,12.1930,110.1150,0.000011
_3093_,VSS,Metal1,12.1400,109.4525,0.000011
_3092_,VSS,Metal1,11.6330,187.8050,0.000018
_3091_,VSS,Metal1,11.5800,164.9475,0.000018
_3090_,VSS,Metal1,11.8865,196.3550,0.000024
_3089_,VSS,Metal1,11.5800,195.6925,0.000024
_3088_,VSS,Metal1,30.4775,203.5635,0.000034
_3087_,VSS,Metal1,18.6065,274.0450,0.000037
_3086_,VSS,Metal1,12.1400,266.2525,0.000027
_3085_,VSS,Metal1,12.4465,274.7550,0.000037
_3084_,VSS,Metal1,14.7400,274.0925,0.000037
_3083_,VSS,Metal1,20.3975,258.4435,0.000016
_3082_,VSS,Metal1,11.6330,392.3550,0.000028
_3081_,VSS,Metal1,15.3000,368.1725,0.000029
_3080_,VSS,Metal1,11.6330,493.5650,0.000000
_3079_,VSS,Metal1,14.7400,486.3875,0.000013
_3078_,VSS,Metal1,19.1665,368.8350,0.000029
_3077_,VSS,Metal1,11.3800,391.6925,0.000028
_3076_,VSS,Metal1,19.1665,462.9150,0.000007
_3075_,VSS,Metal1,13.2600,485.7725,0.000013
_3074_,VSS,Metal1,9.9530,368.1250,0.000029
_3073_,VSS,Metal1,14.7400,360.9475,0.000009
_3072_,VSS,Metal1,12.1930,462.2050,0.000007
_3071_,VSS,Metal1,19.7800,454.4125,0.000049
_3070_,VSS,Metal1,14.9930,337.4750,0.000010
_3069_,VSS,Metal1,19.7800,352.4925,0.000021
_3068_,VSS,Metal1,9.9530,446.5250,0.000020
_3067_,VSS,Metal1,15.3000,446.5725,0.000020
_3066_,VSS,Metal1,10.5130,337.4750,0.000010
_3065_,VSS,Metal1,14.1800,336.8125,0.000010
_3064_,VSS,Metal1,18.9130,439.3950,0.000019
_3063_,VSS,Metal1,18.3000,447.1875,0.000020
_3062_,VSS,Metal1,10.5130,321.0850,0.000032
_3061_,VSS,Metal1,15.8600,321.1325,0.000032
_3060_,VSS,Metal1,29.3575,337.3960,0.000010
_3059_,VSS,Metal1,9.9530,400.1950,0.000008
_3058_,VSS,Metal1,15.3000,400.1475,0.000008
_3057_,VSS,Metal1,25.4375,392.2760,0.000028
_3056_,VSS,Metal1,153.0130,242.6005,0.000040
_3055_,VSS,Metal1,157.1165,243.4115,0.000040
_3054_,VSS,Metal1,160.5700,242.6125,0.000039
_3053_,VSS,Metal1,167.3130,235.5550,0.000021
_3052_,VSS,Metal1,164.4600,243.3475,0.000039
_3051_,VSS,Metal1,166.3600,250.5685,0.000078
_3050_,VSS,Metal1,140.4265,235.6390,0.000024
_3049_,VSS,Metal1,128.4830,258.3480,0.000023
_3048_,VSS,Metal1,145.7330,242.6005,0.000043
_3047_,VSS,Metal1,109.8930,266.9990,0.000039
_3046_,VSS,Metal1,115.6030,266.1880,0.000039
_3045_,VSS,Metal1,64.2925,274.1235,0.000039
_3044_,VSS,Metal1,66.0565,266.1790,0.000034
_3043_,VSS,Metal1,33.4375,258.4000,0.000017
_3042_,VSS,Metal1,38.3965,259.0915,0.000018
_3041_,VSS,Metal1,23.7630,251.2515,0.000043
_3040_,VSS,Metal1,28.8030,258.3480,0.000017
_3039_,VSS,Metal1,37.2030,251.2515,0.000057
_3038_,VSS,Metal1,72.6200,274.0650,0.000040
_3037_,VSS,Metal1,69.9165,274.7565,0.000040
_3036_,VSS,Metal1,58.1565,266.9165,0.000032
_3035_,VSS,Metal1,28.3225,266.8360,0.000027
_3034_,VSS,Metal1,111.0130,274.8390,0.000047
_3033_,VSS,Metal1,115.0430,274.7715,0.000047
_3032_,VSS,Metal1,51.9725,266.2835,0.000031
_3031_,VSS,Metal1,56.5365,266.1790,0.000032
_3030_,VSS,Metal1,49.1175,266.8800,0.000029
_3029_,VSS,Metal1,23.7630,258.3480,0.000016
_3028_,VSS,Metal1,53.4430,430.8280,0.000008
_3027_,VSS,Metal1,51.6030,242.6830,0.000036
_3026_,VSS,Metal1,60.8600,274.0650,0.000038
_3025_,VSS,Metal1,79.0430,274.7565,0.000040
_3024_,VSS,Metal1,45.4430,259.0765,0.000018
_3023_,VSS,Metal1,47.9225,360.9160,0.000014
_3022_,VSS,Metal1,160.1065,258.3465,0.000022
_3021_,VSS,Metal1,31.1225,266.8360,0.000027
_3020_,VSS,Metal1,89.1730,266.1205,0.000035
_3019_,VSS,Metal1,98.1330,235.6390,0.000024
_3018_,VSS,Metal1,101.0430,227.7315,0.000027
_3017_,VSS,Metal1,72.9075,243.3160,0.000047
_3016_,VSS,Metal1,69.3600,242.6925,0.000042
_3015_,VSS,Metal1,67.1165,258.3630,0.000021
_3014_,VSS,Metal1,57.3630,243.4115,0.000040
_3013_,VSS,Metal1,88.7965,242.6680,0.000049
_3012_,VSS,Metal1,74.2365,242.6680,0.000047
_3011_,VSS,Metal1,67.1165,234.8430,0.000022
_3010_,VSS,Metal1,114.9330,226.9205,0.000027
_3009_,VSS,Metal1,118.4030,234.8280,0.000024
_3008_,VSS,Metal1,80.7475,227.6360,0.000025
_3007_,VSS,Metal1,76.1175,234.8660,0.000022
_3006_,VSS,Metal1,74.7965,321.0680,0.000037
_3005_,VSS,Metal1,77.5965,196.3715,0.000033
_3004_,VSS,Metal1,52.8830,234.8280,0.000021
_3003_,VSS,Metal1,89.3565,234.8280,0.000023
_3002_,VSS,Metal1,69.6830,149.3315,0.000057
_3001_,VSS,Metal1,77.5230,282.6115,0.000050
_3000_,VSS,Metal1,99.8130,259.1590,0.000023
_2999_,VSS,Metal1,101.6030,251.2515,0.000076
_2998_,VSS,Metal1,87.4675,258.9960,0.000022
_2997_,VSS,Metal1,53.7175,258.3860,0.000020
_2996_,VSS,Metal1,22.0830,306.1315,0.000027
_2995_,VSS,Metal1,50.7165,179.9480,0.000033
_2994_,VSS,Metal1,54.9630,259.0765,0.000020
_2993_,VSS,Metal1,76.0765,259.0765,0.000021
_2992_,VSS,Metal1,89.5165,235.5565,0.000023
_2991_,VSS,Metal1,44.0025,266.2835,0.000027
_2990_,VSS,Metal1,122.5065,234.7605,0.000024
_2989_,VSS,Metal1,113.3630,234.8280,0.000024
_2988_,VSS,Metal1,71.8425,235.5200,0.000022
_2987_,VSS,Metal1,74.7230,195.6280,0.000033
_2986_,VSS,Metal1,71.4365,227.7315,0.000025
_2985_,VSS,Metal1,77.0930,235.5600,0.000022
_2984_,VSS,Metal1,76.2675,266.2835,0.000035
_2983_,VSS,Metal1,29.9230,259.0915,0.000017
_2982_,VSS,Metal1,42.8030,345.3315,0.000019
_2981_,VSS,Metal1,73.6030,376.6915,0.000019
_2980_,VSS,Metal1,83.1965,259.0915,0.000022
_2979_,VSS,Metal1,95.3330,226.9205,0.000027
_2978_,VSS,Metal1,102.1630,235.5715,0.000024
_2977_,VSS,Metal1,50.7975,227.6800,0.000024
_2976_,VSS,Metal1,29.9230,148.5880,0.000048
_2975_,VSS,Metal1,49.5965,203.4680,0.000035
_2974_,VSS,Metal1,42.1865,383.8000,0.000050
_2973_,VSS,Metal1,69.8925,376.5960,0.000019
_2972_,VSS,Metal1,91.5230,360.2680,0.000023
_2971_,VSS,Metal1,74.2365,423.7315,0.000042
_2970_,VSS,Metal1,68.5630,274.0280,0.000040
_2969_,VSS,Metal1,57.9230,235.5715,0.000022
_2968_,VSS,Metal1,97.5730,250.4405,0.000075
_2967_,VSS,Metal1,109.4430,266.1880,0.000039
_2966_,VSS,Metal1,60.8775,251.2000,0.000063
_2965_,VSS,Metal1,61.3565,258.3480,0.000020
_2964_,VSS,Metal1,59.1165,180.6915,0.000033
_2963_,VSS,Metal1,40.0030,430.8280,0.000009
_2962_,VSS,Metal1,61.2265,259.0800,0.000020
_2961_,VSS,Metal1,49.7325,368.2035,0.000032
_2960_,VSS,Metal1,89.3565,368.8515,0.000095
_2959_,VSS,Metal1,29.9230,141.4915,0.000078
_2958_,VSS,Metal1,78.2665,250.4405,0.000068
_2957_,VSS,Metal1,97.5730,251.3190,0.000075
_2956_,VSS,Metal1,82.4530,258.2805,0.000022
_2955_,VSS,Metal1,76.8530,251.3190,0.000068
_2954_,VSS,Metal1,88.0530,258.2805,0.000022
_2953_,VSS,Metal1,80.7730,243.4790,0.000048
_2952_,VSS,Metal1,40.0030,368.8515,0.000031
_2951_,VSS,Metal1,81.6265,250.4405,0.000069
_2950_,VSS,Metal1,74.9065,250.4405,0.000068
_2949_,VSS,Metal1,80.2130,251.3190,0.000069
_2948_,VSS,Metal1,99.8130,266.1205,0.000037
_2947_,VSS,Metal1,180.7100,258.3405,0.000021
_2946_,VSS,Metal1,163.6275,251.1560,0.000079
_2945_,VSS,Metal1,85.2530,251.3190,0.000071
_2944_,VSS,Metal1,73.4930,251.3190,0.000068
_2943_,VSS,Metal1,178.2500,251.2590,0.000072
_2942_,VSS,Metal1,84.1330,243.4790,0.000049
_2941_,VSS,Metal1,178.8775,258.9960,0.000021
_2940_,VSS,Metal1,169.0125,251.1560,0.000075
_2939_,VSS,Metal1,89.7330,250.4405,0.000071
_2938_,VSS,Metal1,172.9325,251.1560,0.000073
_2937_,VSS,Metal1,183.4425,258.4435,0.000022
_2936_,VSS,Metal1,142.1865,243.4130,0.000047
_2935_,VSS,Metal1,139.0130,259.1590,0.000023
_2934_,VSS,Metal1,149.0330,243.3850,0.000042
_2933_,VSS,Metal1,149.4800,251.1910,0.000080
_2932_,VSS,Metal1,151.4375,258.9960,0.000023
_2931_,VSS,Metal1,154.4265,258.2805,0.000022
_2930_,VSS,Metal1,167.3325,258.4435,0.000022
_2929_,VSS,Metal1,49.1465,345.3990,0.000019
_2928_,VSS,Metal1,44.3730,352.3605,0.000021
_2927_,VSS,Metal1,40.9330,321.8130,0.000035
_2926_,VSS,Metal1,35.4065,329.6350,0.000040
_2925_,VSS,Metal1,40.8000,328.9325,0.000040
_2924_,VSS,Metal1,38.2700,306.0260,0.000027
_2923_,VSS,Metal1,39.0925,305.4835,0.000027
_2922_,VSS,Metal1,34.0600,321.7375,0.000032
_2921_,VSS,Metal1,29.1730,298.2930,0.000051
_2920_,VSS,Metal1,29.7600,306.1075,0.000027
_2919_,VSS,Metal1,29.2465,313.2450,0.000019
_2918_,VSS,Metal1,25.3800,313.2650,0.000019
_2917_,VSS,Metal1,34.9575,306.0360,0.000027
_2916_,VSS,Metal1,37.1975,298.1960,0.000054
_2915_,VSS,Metal1,42.2375,305.4835,0.000028
_2914_,VSS,Metal1,24.7730,314.0390,0.000019
_2913_,VSS,Metal1,28.3225,321.7160,0.000032
_2912_,VSS,Metal1,30.3130,329.6250,0.000040
_2911_,VSS,Metal1,19.9800,328.9725,0.000040
_2910_,VSS,Metal1,34.3400,337.4275,0.000011
_2909_,VSS,Metal1,38.5400,345.2575,0.000018
_2908_,VSS,Metal1,31.8665,360.2665,0.000009
_2907_,VSS,Metal1,34.9700,313.2180,0.000019
_2906_,VSS,Metal1,39.9975,313.3235,0.000019
_2905_,VSS,Metal1,27.5730,360.2005,0.000009
_2904_,VSS,Metal1,31.0500,361.0215,0.000009
_2903_,VSS,Metal1,36.5800,368.1725,0.000030
_2902_,VSS,Metal1,31.6100,345.3415,0.000018
_2901_,VSS,Metal1,29.2530,384.5990,0.000046
_2900_,VSS,Metal1,31.6300,376.5850,0.000018
_2899_,VSS,Metal1,30.5500,368.8615,0.000029
_2898_,VSS,Metal1,35.0425,368.7560,0.000030
_2897_,VSS,Metal1,41.2530,454.3600,0.000050
_2896_,VSS,Metal1,37.9000,447.1875,0.000021
_2895_,VSS,Metal1,38.0265,462.1865,0.000008
_2894_,VSS,Metal1,38.2130,469.9605,0.000021
_2893_,VSS,Metal1,42.4525,462.2835,0.000008
_2892_,VSS,Metal1,52.5065,462.1205,0.000009
_2891_,VSS,Metal1,44.5300,462.8250,0.000008
_2890_,VSS,Metal1,43.8065,470.0450,0.000021
_2889_,VSS,Metal1,48.9575,462.2835,0.000009
_2888_,VSS,Metal1,48.3975,447.1560,0.000023
_2887_,VSS,Metal1,48.9575,446.6035,0.000023
_2886_,VSS,Metal1,43.7330,470.7730,0.000021
_2885_,VSS,Metal1,43.8065,478.5950,0.000015
_2884_,VSS,Metal1,39.7365,470.7805,0.000021
_2883_,VSS,Metal1,36.5075,485.8035,0.000014
_2882_,VSS,Metal1,48.9575,477.9635,0.000016
_2881_,VSS,Metal1,34.3500,470.1335,0.000020
_2880_,VSS,Metal1,36.5800,477.9050,0.000014
_2879_,VSS,Metal1,38.3300,462.9415,0.000008
_2878_,VSS,Metal1,24.7730,486.5190,0.000013
_2877_,VSS,Metal1,31.0500,470.7815,0.000020
_2876_,VSS,Metal1,31.5975,486.3560,0.000013
_2875_,VSS,Metal1,34.3975,486.3560,0.000014
_2874_,VSS,Metal1,24.4025,470.6760,0.000019
_2873_,VSS,Metal1,37.7575,446.6035,0.000021
_2872_,VSS,Metal1,30.1065,469.9605,0.000020
_2871_,VSS,Metal1,51.9465,486.5190,0.000015
_2870_,VSS,Metal1,49.0100,478.5050,0.000016
_2869_,VSS,Metal1,42.2375,485.8035,0.000014
_2868_,VSS,Metal1,42.8100,477.8580,0.000015
_2867_,VSS,Metal1,34.3975,485.8035,0.000014
_2866_,VSS,Metal1,81.3800,447.1875,0.000025
_2865_,VSS,Metal1,86.6750,447.2890,0.000026
_2864_,VSS,Metal1,87.1730,439.4000,0.000024
_2863_,VSS,Metal1,91.1800,438.7425,0.000024
_2862_,VSS,Metal1,86.9800,446.5450,0.000026
_2861_,VSS,Metal1,88.1575,423.0835,0.000042
_2860_,VSS,Metal1,75.7330,422.9205,0.000042
_2859_,VSS,Metal1,80.8900,422.9780,0.000042
_2858_,VSS,Metal1,84.6865,423.7150,0.000042
_2857_,VSS,Metal1,79.2700,415.1380,0.000027
_2856_,VSS,Metal1,83.3065,438.6005,0.000024
_2855_,VSS,Metal1,83.2025,446.6035,0.000025
_2854_,VSS,Metal1,89.6530,415.1465,0.000027
_2853_,VSS,Metal1,88.0530,407.2405,0.000046
_2852_,VSS,Metal1,89.2300,415.7860,0.000027
_2851_,VSS,Metal1,93.4200,423.6575,0.000042
_2850_,VSS,Metal1,91.3875,431.4760,0.000008
_2849_,VSS,Metal1,91.9475,430.9235,0.000008
_2848_,VSS,Metal1,82.6300,408.0615,0.000042
_2847_,VSS,Metal1,83.5730,400.2790,0.000013
_2846_,VSS,Metal1,96.4530,376.7590,0.000022
_2845_,VSS,Metal1,92.9765,392.4310,0.000041
_2844_,VSS,Metal1,95.5800,399.5325,0.000014
_2843_,VSS,Metal1,88.1000,423.6950,0.000042
_2842_,VSS,Metal1,93.0930,415.9590,0.000027
_2841_,VSS,Metal1,96.5575,415.7960,0.000027
_2840_,VSS,Metal1,96.4530,430.7605,0.000008
_2839_,VSS,Metal1,95.4900,439.3050,0.000024
_2838_,VSS,Metal1,90.4825,439.3160,0.000024
_2837_,VSS,Metal1,94.0400,447.1910,0.000027
_2836_,VSS,Metal1,91.4665,462.9200,0.000005
_2835_,VSS,Metal1,96.7000,462.2250,0.000004
_2834_,VSS,Metal1,101.2600,462.2625,0.000004
_2833_,VSS,Metal1,87.1225,462.8360,0.000005
_2832_,VSS,Metal1,91.6500,462.2935,0.000005
_2831_,VSS,Metal1,97.6900,431.5815,0.000008
_2830_,VSS,Metal1,90.2930,469.9605,0.000022
_2829_,VSS,Metal1,98.8100,470.7815,0.000023
_2828_,VSS,Metal1,95.5800,477.9325,0.000016
_2827_,VSS,Metal1,87.7400,470.0650,0.000022
_2826_,VSS,Metal1,99.3900,462.8250,0.000004
_2825_,VSS,Metal1,90.2930,486.5190,0.000015
_2824_,VSS,Metal1,89.3500,478.6215,0.000016
_2823_,VSS,Metal1,92.0200,477.9325,0.000016
_2822_,VSS,Metal1,84.4265,478.6790,0.000016
_2821_,VSS,Metal1,79.9000,462.2525,0.000009
_2820_,VSS,Metal1,83.3065,477.8005,0.000016
_2819_,VSS,Metal1,80.2500,462.9390,0.000009
_2818_,VSS,Metal1,96.5700,478.6215,0.000016
_2817_,VSS,Metal1,81.0665,478.6790,0.000016
_2816_,VSS,Metal1,78.1500,477.8580,0.000016
_2815_,VSS,Metal1,76.5400,478.5475,0.000016
_2814_,VSS,Metal1,74.7900,462.9415,0.000009
_2813_,VSS,Metal1,75.3625,454.9960,0.000052
_2812_,VSS,Metal1,69.3065,486.5190,0.000015
_2811_,VSS,Metal1,70.8100,478.6215,0.000016
_2810_,VSS,Metal1,74.1000,486.4150,0.000015
_2809_,VSS,Metal1,70.8700,470.7815,0.000022
_2808_,VSS,Metal1,73.1225,477.9635,0.000016
_2807_,VSS,Metal1,64.2730,117.2450,0.000029
_2806_,VSS,Metal1,70.1625,117.2800,0.000031
_2805_,VSS,Metal1,65.0675,93.8035,0.000019
_2804_,VSS,Metal1,72.6730,102.2750,0.000020
_2803_,VSS,Metal1,74.3800,110.0575,0.000015
_2802_,VSS,Metal1,76.0100,93.6525,0.000019
_2801_,VSS,Metal1,67.5225,110.0360,0.000014
_2800_,VSS,Metal1,62.9100,110.0260,0.000012
_2799_,VSS,Metal1,62.6775,86.5735,0.000013
_2798_,VSS,Metal1,72.9500,85.8125,0.000013
_2797_,VSS,Metal1,80.5065,109.3205,0.000015
_2796_,VSS,Metal1,77.5700,101.6550,0.000022
_2795_,VSS,Metal1,78.2730,94.4350,0.000019
_2794_,VSS,Metal1,73.0900,109.4950,0.000015
_2793_,VSS,Metal1,82.9330,86.6130,0.000012
_2792_,VSS,Metal1,82.7465,85.8005,0.000012
_2791_,VSS,Metal1,77.8630,85.8590,0.000013
_2790_,VSS,Metal1,77.7130,78.0450,0.000044
_2789_,VSS,Metal1,74.7230,78.7715,0.000044
_2788_,VSS,Metal1,78.0200,78.7350,0.000044
_2787_,VSS,Metal1,78.1100,86.5050,0.000013
_2786_,VSS,Metal1,78.8265,47.4790,0.000046
_2785_,VSS,Metal1,73.6700,47.4215,0.000047
_2784_,VSS,Metal1,68.7000,55.1875,0.000074
_2783_,VSS,Metal1,75.8700,55.1450,0.000076
_2782_,VSS,Metal1,87.7865,85.8005,0.000012
_2781_,VSS,Metal1,70.1330,63.1590,0.000036
_2780_,VSS,Metal1,73.5975,62.9960,0.000036
_2779_,VSS,Metal1,67.6600,85.9425,0.000013
_2778_,VSS,Metal1,68.0825,78.6760,0.000044
_2777_,VSS,Metal1,62.5400,78.7075,0.000044
_2776_,VSS,Metal1,59.7400,93.7725,0.000018
_2775_,VSS,Metal1,72.5100,78.1350,0.000044
_2774_,VSS,Metal1,70.2500,86.6215,0.000013
_2773_,VSS,Metal1,56.1330,63.1590,0.000033
_2772_,VSS,Metal1,57.3900,78.1350,0.000044
_2771_,VSS,Metal1,62.5930,78.0450,0.000044
_2770_,VSS,Metal1,61.9225,85.9635,0.000013
_2769_,VSS,Metal1,54.5575,86.5160,0.000013
_2768_,VSS,Metal1,62.3975,94.3560,0.000018
_2767_,VSS,Metal1,51.0930,54.4405,0.000073
_2766_,VSS,Metal1,56.2500,70.9415,0.000034
_2765_,VSS,Metal1,56.9865,86.6790,0.000013
_2764_,VSS,Metal1,58.1130,110.1150,0.000012
_2763_,VSS,Metal1,55.8200,125.1325,0.000027
_2762_,VSS,Metal1,60.3000,78.7350,0.000044
_2761_,VSS,Metal1,57.9300,85.8580,0.000013
_2760_,VSS,Metal1,57.0965,117.2190,0.000029
_2759_,VSS,Metal1,46.3000,117.9075,0.000028
_2758_,VSS,Metal1,42.1075,117.8760,0.000028
_2757_,VSS,Metal1,52.2700,110.0260,0.000012
_2756_,VSS,Metal1,50.2200,125.7475,0.000027
_2755_,VSS,Metal1,51.2100,125.0580,0.000027
_2754_,VSS,Metal1,37.0930,109.3205,0.000011
_2753_,VSS,Metal1,42.8300,109.4950,0.000011
_2752_,VSS,Metal1,50.6375,109.4835,0.000011
_2751_,VSS,Metal1,50.6500,117.2180,0.000029
_2750_,VSS,Metal1,40.2400,78.7475,0.000044
_2749_,VSS,Metal1,32.4400,85.9285,0.000013
_2748_,VSS,Metal1,33.6800,78.7475,0.000044
_2747_,VSS,Metal1,39.3075,78.1235,0.000044
_2746_,VSS,Metal1,40.2125,70.8360,0.000032
_2745_,VSS,Metal1,41.5730,47.4790,0.000034
_2744_,VSS,Metal1,40.6300,62.3380,0.000033
_2743_,VSS,Metal1,36.6375,54.6035,0.000070
_2742_,VSS,Metal1,36.6375,70.8360,0.000032
_2741_,VSS,Metal1,44.6300,70.9390,0.000033
_2740_,VSS,Metal1,44.4775,70.2835,0.000033
_2739_,VSS,Metal1,31.7865,54.4405,0.000070
_2738_,VSS,Metal1,33.2900,62.3380,0.000032
_2737_,VSS,Metal1,35.3875,62.9960,0.000032
_2736_,VSS,Metal1,34.9000,78.0925,0.000044
_2735_,VSS,Metal1,30.9700,93.7005,0.000012
_2734_,VSS,Metal1,24.4025,78.6760,0.000043
_2733_,VSS,Metal1,29.9230,94.4515,0.000012
_2732_,VSS,Metal1,36.0775,70.2835,0.000032
_2731_,VSS,Metal1,39.4375,70.2835,0.000032
_2730_,VSS,Metal1,44.5625,55.1560,0.000070
_2729_,VSS,Metal1,17.7865,54.4405,0.000054
_2728_,VSS,Metal1,15.9900,63.1015,0.000031
_2727_,VSS,Metal1,29.5530,63.0750,0.000031
_2726_,VSS,Metal1,28.2500,70.1780,0.000031
_2725_,VSS,Metal1,27.5730,93.6405,0.000012
_2724_,VSS,Metal1,14.1330,70.9990,0.000031
_2723_,VSS,Metal1,21.5300,70.9415,0.000031
_2722_,VSS,Metal1,28.9865,70.9990,0.000031
_2721_,VSS,Metal1,30.0700,86.6190,0.000013
_2720_,VSS,Metal1,22.5865,110.1200,0.000010
_2719_,VSS,Metal1,32.3000,70.8950,0.000032
_2718_,VSS,Metal1,23.2100,63.1015,0.000031
_2717_,VSS,Metal1,24.7730,102.3590,0.000016
_2716_,VSS,Metal1,23.5365,109.3285,0.000010
_2715_,VSS,Metal1,24.2130,93.6405,0.000012
_2714_,VSS,Metal1,30.4200,117.9075,0.000028
_2713_,VSS,Metal1,16.1065,110.1990,0.000010
_2712_,VSS,Metal1,17.0700,125.1750,0.000025
_2711_,VSS,Metal1,21.0425,125.7160,0.000025
_2710_,VSS,Metal1,10.4600,180.0125,0.000031
_2709_,VSS,Metal1,23.7700,125.0580,0.000025
_2708_,VSS,Metal1,25.8930,117.1605,0.000027
_2707_,VSS,Metal1,14.1330,188.5990,0.000018
_2706_,VSS,Metal1,14.5430,180.7510,0.000031
_2705_,VSS,Metal1,18.0530,187.7205,0.000018
_2704_,VSS,Metal1,21.5175,187.8835,0.000018
_2703_,VSS,Metal1,18.9065,212.1190,0.000022
_2702_,VSS,Metal1,13.7500,212.0615,0.000022
_2701_,VSS,Metal1,16.5625,196.2760,0.000024
_2700_,VSS,Metal1,59.9600,337.4485,0.000013
_2699_,VSS,Metal1,63.2565,336.7390,0.000013
_2698_,VSS,Metal1,72.4200,344.6525,0.000019
_2697_,VSS,Metal1,64.6375,329.5560,0.000037
_2696_,VSS,Metal1,69.3325,337.3960,0.000014
_2695_,VSS,Metal1,63.1530,368.8350,0.000035
_2694_,VSS,Metal1,61.7000,384.4575,0.000054
_2693_,VSS,Metal1,61.9225,399.5635,0.000011
_2692_,VSS,Metal1,76.5930,360.2850,0.000015
_2691_,VSS,Metal1,78.4400,344.6485,0.000019
_2690_,VSS,Metal1,81.3265,360.2850,0.000015
_2689_,VSS,Metal1,82.7000,360.9475,0.000015
_2688_,VSS,Metal1,88.9865,368.1065,0.000095
_2687_,VSS,Metal1,95.1765,368.8605,0.000097
_2686_,VSS,Metal1,77.8930,368.8530,0.000091
_2685_,VSS,Metal1,70.9400,384.4950,0.000057
_2684_,VSS,Metal1,60.5800,391.7025,0.000036
_2683_,VSS,Metal1,57.7800,438.7425,0.000022
_2682_,VSS,Metal1,66.0265,360.2665,0.000015
_2681_,VSS,Metal1,74.3175,368.1600,0.000088
_2680_,VSS,Metal1,72.7200,368.8275,0.000082
_2679_,VSS,Metal1,69.4930,361.0130,0.000015
_2678_,VSS,Metal1,82.7530,368.1250,0.000093
_2677_,VSS,Metal1,68.9030,368.0990,0.000082
_2676_,VSS,Metal1,70.8825,345.2360,0.000019
_2675_,VSS,Metal1,64.0025,400.1600,0.000011
_2674_,VSS,Metal1,72.9330,360.2005,0.000015
_2673_,VSS,Metal1,60.8025,329.5560,0.000037
_2672_,VSS,Metal1,64.0775,431.4760,0.000008
_2671_,VSS,Metal1,58.4265,431.5600,0.000008
_2670_,VSS,Metal1,61.1400,439.2735,0.000024
_2669_,VSS,Metal1,57.4425,399.5635,0.000010
_2668_,VSS,Metal1,68.1865,345.3990,0.000019
_2667_,VSS,Metal1,67.5225,384.4360,0.000057
_2666_,VSS,Metal1,75.1730,375.8805,0.000020
_2665_,VSS,Metal1,75.8375,344.6835,0.000019
_2664_,VSS,Metal1,85.9175,376.5960,0.000021
_2663_,VSS,Metal1,88.0530,361.0790,0.000016
_2662_,VSS,Metal1,93.0600,360.8735,0.000023
_2661_,VSS,Metal1,57.0200,400.0735,0.000010
_2660_,VSS,Metal1,56.8030,415.1480,0.000027
_2659_,VSS,Metal1,74.7230,361.0115,0.000015
_2658_,VSS,Metal1,67.0925,352.5235,0.000022
_2657_,VSS,Metal1,78.5330,353.2390,0.000022
_2656_,VSS,Metal1,97.0600,368.1725,0.000097
_2655_,VSS,Metal1,101.6300,368.7450,0.000099
_2654_,VSS,Metal1,80.8200,337.4275,0.000014
_2653_,VSS,Metal1,81.3265,345.3150,0.000019
_2652_,VSS,Metal1,80.7730,329.7190,0.000036
_2651_,VSS,Metal1,63.1530,321.7950,0.000037
_2650_,VSS,Metal1,63.6025,329.0035,0.000037
_2649_,VSS,Metal1,63.3800,313.8335,0.000023
_2648_,VSS,Metal1,71.3000,156.4925,0.000031
_2647_,VSS,Metal1,76.3400,149.2675,0.000058
_2646_,VSS,Metal1,75.4200,148.6525,0.000058
_2645_,VSS,Metal1,81.3625,149.2800,0.000059
_2644_,VSS,Metal1,79.6200,141.3535,0.000090
_2643_,VSS,Metal1,88.7230,164.2680,0.000023
_2642_,VSS,Metal1,80.3965,140.7480,0.000090
_2641_,VSS,Metal1,80.8830,148.5880,0.000059
_2640_,VSS,Metal1,76.6365,164.9965,0.000021
_2639_,VSS,Metal1,60.9565,141.4765,0.000087
_2638_,VSS,Metal1,68.0765,148.5880,0.000057
_2637_,VSS,Metal1,55.0600,187.8525,0.000021
_2636_,VSS,Metal1,54.0030,172.1080,0.000032
_2635_,VSS,Metal1,51.4200,172.7135,0.000032
_2634_,VSS,Metal1,55.6830,179.9480,0.000033
_2633_,VSS,Metal1,38.7865,172.1265,0.000028
_2632_,VSS,Metal1,32.9400,172.2460,0.000028
_2631_,VSS,Metal1,33.2830,165.0115,0.000018
_2630_,VSS,Metal1,24.7865,187.8065,0.000018
_2629_,VSS,Metal1,22.8600,180.5535,0.000031
_2628_,VSS,Metal1,23.5430,203.4590,0.000031
_2627_,VSS,Metal1,28.8825,164.9160,0.000018
_2626_,VSS,Metal1,46.2425,172.7560,0.000031
_2625_,VSS,Metal1,56.4330,336.7650,0.000013
_2624_,VSS,Metal1,55.6775,329.5560,0.000040
_2623_,VSS,Metal1,50.5865,337.4800,0.000012
_2622_,VSS,Metal1,40.1400,392.3075,0.000029
_2621_,VSS,Metal1,45.7930,400.1950,0.000009
_2620_,VSS,Metal1,44.4200,415.2125,0.000026
_2619_,VSS,Metal1,51.6200,344.6625,0.000019
_2618_,VSS,Metal1,48.7730,407.3065,0.000039
_2617_,VSS,Metal1,42.4525,399.5635,0.000009
_2616_,VSS,Metal1,50.3765,399.4590,0.000010
_2615_,VSS,Metal1,56.1330,391.5605,0.000030
_2614_,VSS,Metal1,50.8600,391.7660,0.000030
_2613_,VSS,Metal1,43.3630,407.3080,0.000039
_2612_,VSS,Metal1,40.0030,400.2115,0.000009
_2611_,VSS,Metal1,38.9625,407.4035,0.000039
_2610_,VSS,Metal1,45.0375,423.0835,0.000043
_2609_,VSS,Metal1,43.3575,360.9160,0.000009
_2608_,VSS,Metal1,39.6265,415.0805,0.000026
_2607_,VSS,Metal1,50.9365,336.7390,0.000012
_2606_,VSS,Metal1,51.1400,321.1325,0.000036
_2605_,VSS,Metal1,49.0425,313.8760,0.000021
_2604_,VSS,Metal1,54.4200,313.8335,0.000021
_2603_,VSS,Metal1,91.7130,180.6750,0.000044
_2602_,VSS,Metal1,93.9175,329.6000,0.000035
_2601_,VSS,Metal1,89.4500,336.6925,0.000014
_2600_,VSS,Metal1,88.0200,329.5135,0.000035
_2599_,VSS,Metal1,91.4130,187.7205,0.000021
_2598_,VSS,Metal1,98.5830,172.0990,0.000037
_2597_,VSS,Metal1,85.5000,164.9475,0.000023
_2596_,VSS,Metal1,92.2130,165.0000,0.000023
_2595_,VSS,Metal1,93.2100,172.0980,0.000037
_2594_,VSS,Metal1,86.6200,180.6275,0.000042
_2593_,VSS,Metal1,76.5400,180.0125,0.000036
_2592_,VSS,Metal1,70.4600,172.7775,0.000036
_2591_,VSS,Metal1,65.9800,172.1825,0.000035
_2590_,VSS,Metal1,58.8230,172.0990,0.000032
_2589_,VSS,Metal1,68.1575,164.9600,0.000021
_2588_,VSS,Metal1,63.5965,179.9480,0.000033
_2587_,VSS,Metal1,69.1230,179.9480,0.000036
_2586_,VSS,Metal1,69.3065,172.0405,0.000036
_2585_,VSS,Metal1,73.6030,172.1080,0.000036
_2584_,VSS,Metal1,56.4265,172.9190,0.000032
_2583_,VSS,Metal1,96.4530,165.0790,0.000025
_2582_,VSS,Metal1,61.2200,172.7135,0.000032
_2581_,VSS,Metal1,63.0365,165.0115,0.000021
_2580_,VSS,Metal1,42.8030,149.3315,0.000049
_2579_,VSS,Metal1,43.3000,164.3325,0.000020
_2578_,VSS,Metal1,43.3630,165.0115,0.000020
_2577_,VSS,Metal1,34.9630,148.5880,0.000048
_2576_,VSS,Metal1,29.9230,133.6515,0.000010
_2575_,VSS,Metal1,19.0800,156.4885,0.000031
_2574_,VSS,Metal1,22.0830,140.7480,0.000068
_2573_,VSS,Metal1,21.0365,196.3715,0.000024
_2572_,VSS,Metal1,21.1465,195.5605,0.000024
_2571_,VSS,Metal1,18.6130,157.2390,0.000031
_2570_,VSS,Metal1,39.0665,165.0790,0.000020
_2569_,VSS,Metal1,84.4330,337.4750,0.000014
_2568_,VSS,Metal1,94.6630,337.5005,0.000014
_2567_,VSS,Metal1,101.4930,329.7190,0.000033
_2566_,VSS,Metal1,90.2600,337.3535,0.000014
_2565_,VSS,Metal1,103.3565,344.5880,0.000022
_2564_,VSS,Metal1,89.7000,344.7260,0.000020
_2563_,VSS,Metal1,95.9400,345.2675,0.000021
_2562_,VSS,Metal1,89.2830,328.9080,0.000035
_2561_,VSS,Metal1,97.8130,344.6000,0.000021
_2560_,VSS,Metal1,101.2600,337.3535,0.000015
_2559_,VSS,Metal1,94.5400,336.8860,0.000014
_2558_,VSS,Metal1,100.4830,336.7480,0.000015
_2557_,VSS,Metal1,154.3700,125.1735,0.000037
_2556_,VSS,Metal1,156.3730,234.7605,0.000023
_2555_,VSS,Metal1,157.7865,38.7950,0.000019
_2554_,VSS,Metal1,165.3800,38.8650,0.000019
_2553_,VSS,Metal1,167.2025,31.0835,0.000040
_2552_,VSS,Metal1,156.3730,31.7650,0.000040
_2551_,VSS,Metal1,152.4275,39.4760,0.000020
_2550_,VSS,Metal1,148.8265,23.9590,0.000033
_2549_,VSS,Metal1,153.4165,55.2605,0.000056
_2548_,VSS,Metal1,169.4930,141.4800,0.000074
_2547_,VSS,Metal1,168.9865,149.3990,0.000057
_2546_,VSS,Metal1,167.0065,156.4450,0.000022
_2545_,VSS,Metal1,166.1575,164.3200,0.000028
_2544_,VSS,Metal1,156.1065,148.5205,0.000063
_2543_,VSS,Metal1,156.9000,140.8860,0.000081
_2542_,VSS,Metal1,159.6530,148.5865,0.000062
_2541_,VSS,Metal1,151.8865,164.9950,0.000028
_2540_,VSS,Metal1,161.1465,172.0405,0.000039
_2539_,VSS,Metal1,154.7975,156.5235,0.000027
_2538_,VSS,Metal1,161.1530,140.7650,0.000081
_2537_,VSS,Metal1,159.9975,164.3200,0.000028
_2536_,VSS,Metal1,157.4600,172.2460,0.000039
_2535_,VSS,Metal1,157.7930,157.1550,0.000026
_2534_,VSS,Metal1,153.6300,157.0660,0.000027
_2533_,VSS,Metal1,162.2730,157.1550,0.000026
_2532_,VSS,Metal1,158.8025,156.5235,0.000026
_2531_,VSS,Metal1,166.3600,125.1285,0.000036
_2530_,VSS,Metal1,160.9630,132.9080,0.000017
_2529_,VSS,Metal1,168.0800,132.9325,0.000017
_2528_,VSS,Metal1,171.7865,117.1605,0.000027
_2527_,VSS,Metal1,169.4425,102.1960,0.000020
_2526_,VSS,Metal1,166.1930,102.2750,0.000020
_2525_,VSS,Metal1,169.2700,94.5075,0.000033
_2524_,VSS,Metal1,160.8275,101.6435,0.000020
_2523_,VSS,Metal1,166.5575,109.4835,0.000015
_2522_,VSS,Metal1,167.9200,117.2525,0.000027
_2521_,VSS,Metal1,159.9165,63.0915,0.000036
_2520_,VSS,Metal1,161.7130,70.9150,0.000038
_2519_,VSS,Metal1,165.8930,70.9990,0.000037
_2518_,VSS,Metal1,162.6375,70.2835,0.000038
_2517_,VSS,Metal1,167.1230,70.1880,0.000036
_2516_,VSS,Metal1,165.5100,63.1015,0.000036
_2515_,VSS,Metal1,171.5400,62.9535,0.000036
_2514_,VSS,Metal1,161.6025,102.1960,0.000020
_2513_,VSS,Metal1,158.7175,78.6760,0.000023
_2512_,VSS,Metal1,161.1465,133.7190,0.000017
_2511_,VSS,Metal1,168.3225,70.8360,0.000037
_2510_,VSS,Metal1,155.8600,63.0275,0.000037
_2509_,VSS,Metal1,161.4700,62.4535,0.000036
_2508_,VSS,Metal1,162.5075,86.5160,0.000010
_2507_,VSS,Metal1,156.0025,85.9635,0.000011
_2506_,VSS,Metal1,155.3100,78.1335,0.000025
_2505_,VSS,Metal1,147.3330,31.7330,0.000041
_2504_,VSS,Metal1,154.8825,70.2835,0.000039
_2503_,VSS,Metal1,155.3100,62.4535,0.000037
_2502_,VSS,Metal1,151.3800,62.4125,0.000038
_2501_,VSS,Metal1,157.5975,55.1560,0.000056
_2500_,VSS,Metal1,160.3300,93.7005,0.000032
_2499_,VSS,Metal1,157.8125,101.6435,0.000021
_2498_,VSS,Metal1,130.3600,172.0540,0.000039
_2497_,VSS,Metal1,120.7225,164.9160,0.000026
_2496_,VSS,Metal1,121.1400,227.0525,0.000027
_2495_,VSS,Metal1,140.3800,117.8335,0.000032
_2494_,VSS,Metal1,115.4800,187.7340,0.000022
_2493_,VSS,Metal1,127.3575,164.3635,0.000027
_2492_,VSS,Metal1,128.4200,234.8925,0.000024
_2491_,VSS,Metal1,134.7800,140.8860,0.000106
_2490_,VSS,Metal1,111.3130,212.0350,0.000029
_2489_,VSS,Metal1,127.8665,219.1600,0.000053
_2488_,VSS,Metal1,121.6900,250.5005,0.000081
_2487_,VSS,Metal1,131.5000,164.8735,0.000028
_2486_,VSS,Metal1,111.5600,195.5740,0.000081
_2485_,VSS,Metal1,123.4375,211.4035,0.000029
_2484_,VSS,Metal1,128.4200,242.7325,0.000047
_2483_,VSS,Metal1,134.0200,196.2335,0.000084
_2482_,VSS,Metal1,114.3600,149.3855,0.000068
_2481_,VSS,Metal1,127.4425,148.6835,0.000067
_2480_,VSS,Metal1,124.5000,227.6675,0.000027
_2479_,VSS,Metal1,127.8600,133.5135,0.000018
_2478_,VSS,Metal1,117.7200,125.0140,0.000037
_2477_,VSS,Metal1,131.2775,148.6835,0.000067
_2476_,VSS,Metal1,132.9000,242.7325,0.000047
_2475_,VSS,Metal1,128.4200,109.9935,0.000016
_2474_,VSS,Metal1,100.3600,179.8940,0.000048
_2473_,VSS,Metal1,121.2825,187.8835,0.000022
_2472_,VSS,Metal1,100.6200,250.5725,0.000076
_2471_,VSS,Metal1,125.0600,164.8735,0.000027
_2470_,VSS,Metal1,111.8730,219.8750,0.000053
_2469_,VSS,Metal1,117.2265,219.8800,0.000053
_2468_,VSS,Metal1,132.2930,234.7605,0.000024
_2467_,VSS,Metal1,149.0930,242.6005,0.000042
_2466_,VSS,Metal1,120.7900,266.1805,0.000039
_2465_,VSS,Metal1,148.0200,94.3875,0.000031
_2464_,VSS,Metal1,151.6265,94.4850,0.000031
_2463_,VSS,Metal1,167.5130,93.7350,0.000033
_2462_,VSS,Metal1,151.8865,93.7250,0.000031
_2461_,VSS,Metal1,157.5975,93.8035,0.000032
_2460_,VSS,Metal1,151.6265,46.6005,0.000029
_2459_,VSS,Metal1,147.1530,39.5550,0.000020
_2458_,VSS,Metal1,148.1625,46.7635,0.000029
_2457_,VSS,Metal1,125.3400,196.2335,0.000083
_2456_,VSS,Metal1,146.9575,102.1960,0.000022
_2455_,VSS,Metal1,169.1930,86.5850,0.000010
_2454_,VSS,Metal1,169.5725,117.8760,0.000027
_2453_,VSS,Metal1,150.7665,101.5650,0.000022
_2452_,VSS,Metal1,164.7730,94.5190,0.000032
_2451_,VSS,Metal1,138.4200,102.2175,0.000022
_2450_,VSS,Metal1,140.2375,109.4835,0.000015
_2449_,VSS,Metal1,128.9330,140.6805,0.000106
_2448_,VSS,Metal1,136.2600,125.7475,0.000038
_2447_,VSS,Metal1,134.2665,133.7190,0.000018
_2446_,VSS,Metal1,128.3400,156.5025,0.000029
_2445_,VSS,Metal1,135.7575,172.2035,0.000039
_2444_,VSS,Metal1,134.2730,211.3250,0.000029
_2443_,VSS,Metal1,141.3000,196.3075,0.000085
_2442_,VSS,Metal1,123.0925,117.8760,0.000032
_2441_,VSS,Metal1,137.9975,133.5560,0.000018
_2440_,VSS,Metal1,112.3225,125.1635,0.000037
_2439_,VSS,Metal1,122.7730,101.4805,0.000022
_2438_,VSS,Metal1,129.5400,109.4525,0.000016
_2437_,VSS,Metal1,127.2530,101.4805,0.000022
_2436_,VSS,Metal1,119.1725,117.8760,0.000032
_2435_,VSS,Metal1,127.3575,117.3235,0.000032
_2434_,VSS,Metal1,123.4375,109.4835,0.000016
_2433_,VSS,Metal1,127.8065,195.6450,0.000083
_2432_,VSS,Metal1,119.1000,195.6925,0.000081
_2431_,VSS,Metal1,143.0375,94.3560,0.000027
_2430_,VSS,Metal1,143.1700,109.4935,0.000015
_2429_,VSS,Metal1,157.9730,94.4530,0.000032
_2428_,VSS,Metal1,152.2200,38.9025,0.000020
_2427_,VSS,Metal1,141.2900,39.5790,0.000020
_2426_,VSS,Metal1,139.3065,46.6005,0.000033
_2425_,VSS,Metal1,156.6665,39.6390,0.000019
_2424_,VSS,Metal1,171.4930,109.3205,0.000015
_2423_,VSS,Metal1,176.7225,117.8760,0.000026
_2422_,VSS,Metal1,169.5300,157.2275,0.000022
_2421_,VSS,Metal1,145.7800,132.9450,0.000018
_2420_,VSS,Metal1,147.5230,125.8115,0.000038
_2419_,VSS,Metal1,143.1800,149.2950,0.000063
_2418_,VSS,Metal1,147.5965,149.3315,0.000063
_2417_,VSS,Metal1,139.8200,172.8150,0.000039
_2416_,VSS,Metal1,140.3165,165.0115,0.000028
_2415_,VSS,Metal1,139.6200,219.1850,0.000053
_2414_,VSS,Metal1,141.4365,212.0515,0.000028
_2413_,VSS,Metal1,145.7800,196.3350,0.000088
_2412_,VSS,Metal1,152.6365,204.2115,0.000034
_2411_,VSS,Metal1,142.4200,188.4950,0.000023
_2410_,VSS,Metal1,150.3965,180.6915,0.000050
_2409_,VSS,Metal1,131.9800,227.0250,0.000027
_2408_,VSS,Metal1,137.4430,226.9880,0.000027
_2407_,VSS,Metal1,147.4600,211.3450,0.000016
_2406_,VSS,Metal1,147.5230,204.2115,0.000034
_2405_,VSS,Metal1,133.4600,227.0250,0.000027
_2404_,VSS,Metal1,142.6730,227.0050,0.000027
_2403_,VSS,Metal1,150.1330,78.0265,0.000028
_2402_,VSS,Metal1,146.5400,227.0525,0.000026
_2401_,VSS,Metal1,182.3800,219.8550,0.000049
_2400_,VSS,Metal1,171.0430,226.9880,0.000021
_2399_,VSS,Metal1,162.0200,219.1850,0.000052
_2398_,VSS,Metal1,161.0365,211.3080,0.000015
_2397_,VSS,Metal1,167.6200,172.8150,0.000039
_2396_,VSS,Metal1,171.6765,172.8515,0.000039
_2395_,VSS,Metal1,162.7800,203.5050,0.000034
_2394_,VSS,Metal1,167.1965,211.3080,0.000015
_2393_,VSS,Metal1,175.4600,180.6550,0.000051
_2392_,VSS,Metal1,172.1630,180.6915,0.000051
_2391_,VSS,Metal1,165.3800,196.3350,0.000085
_2390_,VSS,Metal1,168.8765,188.5315,0.000023
_2389_,VSS,Metal1,165.9400,149.2950,0.000058
_2388_,VSS,Metal1,173.2830,149.3315,0.000057
_2387_,VSS,Metal1,179.9400,132.9450,0.000017
_2386_,VSS,Metal1,173.2830,117.9715,0.000027
_2385_,VSS,Metal1,155.6480,110.1735,0.000015
_2384_,VSS,Metal1,154.4265,109.3205,0.000015
_2383_,VSS,Metal1,158.8600,219.1850,0.000052
_2382_,VSS,Metal1,164.0265,117.9730,0.000027
_2381_,VSS,Metal1,147.5175,78.6760,0.000030
_2380_,VSS,Metal1,150.8300,70.2935,0.000039
_2379_,VSS,Metal1,149.6900,63.0990,0.000038
_2378_,VSS,Metal1,146.9575,62.9960,0.000038
_2377_,VSS,Metal1,73.2265,23.9590,0.000036
_2376_,VSS,Metal1,74.9065,23.0805,0.000036
_2375_,VSS,Metal1,89.7900,31.0935,0.000042
_2374_,VSS,Metal1,91.6500,62.9860,0.000036
_2373_,VSS,Metal1,139.0000,70.9855,0.000039
_2372_,VSS,Metal1,137.8800,55.3055,0.000058
_2371_,VSS,Metal1,142.9200,62.2940,0.000038
_2370_,VSS,Metal1,129.4800,46.6140,0.000040
_2369_,VSS,Metal1,128.9200,70.1340,0.000037
_2368_,VSS,Metal1,123.3200,70.9855,0.000037
_2367_,VSS,Metal1,118.9000,62.4125,0.000038
_2366_,VSS,Metal1,122.3175,62.4435,0.000038
_2365_,VSS,Metal1,114.4200,23.2125,0.000036
_2364_,VSS,Metal1,117.8375,31.6360,0.000041
_2363_,VSS,Metal1,114.6925,85.9635,0.000011
_2362_,VSS,Metal1,99.1430,125.0590,0.000033
_2361_,VSS,Metal1,99.5465,125.8790,0.000033
_2360_,VSS,Metal1,95.2730,140.7750,0.000098
_2359_,VSS,Metal1,90.8530,148.5205,0.000060
_2358_,VSS,Metal1,101.6100,141.5015,0.000102
_2357_,VSS,Metal1,101.3365,140.7390,0.000102
_2356_,VSS,Metal1,101.7930,156.4450,0.000030
_2355_,VSS,Metal1,97.8665,156.3605,0.000030
_2354_,VSS,Metal1,99.5465,133.7190,0.000016
_2353_,VSS,Metal1,107.7575,149.2360,0.000065
_2352_,VSS,Metal1,94.5065,110.1990,0.000015
_2351_,VSS,Metal1,95.3800,125.1325,0.000033
_2350_,VSS,Metal1,101.5400,110.0675,0.000015
_2349_,VSS,Metal1,109.7365,93.6990,0.000025
_2348_,VSS,Metal1,91.3030,46.6590,0.000045
_2347_,VSS,Metal1,91.9400,38.9660,0.000021
_2346_,VSS,Metal1,95.6265,23.0805,0.000036
_2345_,VSS,Metal1,85.1430,63.1005,0.000036
_2344_,VSS,Metal1,81.3800,63.0550,0.000036
_2343_,VSS,Metal1,89.7200,62.2940,0.000036
_2342_,VSS,Metal1,96.7000,63.0275,0.000037
_2341_,VSS,Metal1,93.6275,54.6035,0.000076
_2340_,VSS,Metal1,98.2375,46.7635,0.000045
_2339_,VSS,Metal1,101.7930,63.0750,0.000037
_2338_,VSS,Metal1,94.7730,47.4790,0.000045
_2337_,VSS,Metal1,97.8200,110.0950,0.000015
_2336_,VSS,Metal1,107.7575,47.3160,0.000044
_2335_,VSS,Metal1,109.1765,55.2605,0.000079
_2334_,VSS,Metal1,101.2600,55.1135,0.000079
_2333_,VSS,Metal1,113.5530,55.2350,0.000059
_2332_,VSS,Metal1,102.8025,46.7635,0.000045
_2331_,VSS,Metal1,109.8600,46.7425,0.000043
_2330_,VSS,Metal1,110.4530,62.2805,0.000038
_2329_,VSS,Metal1,136.2130,46.6005,0.000040
_2328_,VSS,Metal1,139.3130,31.7150,0.000041
_2327_,VSS,Metal1,129.4930,30.9205,0.000041
_2326_,VSS,Metal1,134.8265,39.6390,0.000021
_2325_,VSS,Metal1,128.9200,38.7740,0.000021
_2324_,VSS,Metal1,115.2265,39.6390,0.000021
_2323_,VSS,Metal1,112.5830,31.7405,0.000041
_2322_,VSS,Metal1,108.9625,78.6760,0.000031
_2321_,VSS,Metal1,119.4000,38.7740,0.000021
_2320_,VSS,Metal1,100.2800,39.5110,0.000021
_2319_,VSS,Metal1,98.8825,78.6760,0.000032
_2318_,VSS,Metal1,103.4925,31.6360,0.000042
_2317_,VSS,Metal1,112.9700,38.7725,0.000021
_2316_,VSS,Metal1,115.4130,46.6665,0.000041
_2315_,VSS,Metal1,101.0375,46.7635,0.000045
_2314_,VSS,Metal1,109.5800,38.8650,0.000021
_2313_,VSS,Metal1,107.2825,39.4760,0.000021
_2312_,VSS,Metal1,114.1065,47.4790,0.000041
_2311_,VSS,Metal1,111.3130,39.5550,0.000021
_2310_,VSS,Metal1,107.7575,62.9960,0.000037
_2309_,VSS,Metal1,112.3225,54.6035,0.000059
_2308_,VSS,Metal1,140.4330,125.7950,0.000038
_2307_,VSS,Metal1,143.4930,132.8405,0.000018
_2306_,VSS,Metal1,139.6200,157.1075,0.000029
_2305_,VSS,Metal1,137.5225,149.2360,0.000064
_2304_,VSS,Metal1,148.0200,164.9475,0.000028
_2303_,VSS,Metal1,135.8425,164.9160,0.000028
_2302_,VSS,Metal1,135.0865,195.6450,0.000084
_2301_,VSS,Metal1,129.7865,211.2405,0.000029
_2300_,VSS,Metal1,129.4800,187.7340,0.000022
_2299_,VSS,Metal1,142.1200,195.5740,0.000085
_2298_,VSS,Metal1,125.6200,204.1475,0.000036
_2297_,VSS,Metal1,127.3575,211.4035,0.000029
_2296_,VSS,Metal1,112.3800,109.4525,0.000016
_2295_,VSS,Metal1,119.5175,101.6435,0.000022
_2294_,VSS,Metal1,115.1225,86.5160,0.000011
_2293_,VSS,Metal1,113.5465,93.6405,0.000025
_2292_,VSS,Metal1,106.7225,86.5160,0.000012
_2291_,VSS,Metal1,90.9000,94.4150,0.000020
_2290_,VSS,Metal1,95.3330,93.6750,0.000021
_2289_,VSS,Metal1,102.9400,93.8460,0.000022
_2288_,VSS,Metal1,128.3900,85.8125,0.000011
_2287_,VSS,Metal1,132.3975,78.6760,0.000030
_2286_,VSS,Metal1,129.2100,77.9725,0.000030
_2285_,VSS,Metal1,120.1500,86.6215,0.000011
_2284_,VSS,Metal1,134.0900,86.6215,0.000011
_2283_,VSS,Metal1,134.6500,85.8580,0.000011
_2282_,VSS,Metal1,126.8700,86.6215,0.000011
_2281_,VSS,Metal1,129.1100,93.6980,0.000026
_2280_,VSS,Metal1,141.3700,85.8580,0.000011
_2279_,VSS,Metal1,137.4500,78.7815,0.000030
_2278_,VSS,Metal1,98.9400,93.7450,0.000021
_2277_,VSS,Metal1,111.9765,86.6205,0.000011
_2276_,VSS,Metal1,109.8865,85.8850,0.000011
_2275_,VSS,Metal1,112.4265,78.8390,0.000031
_2274_,VSS,Metal1,106.0775,78.1235,0.000031
_2273_,VSS,Metal1,95.0100,86.5060,0.000012
_2272_,VSS,Metal1,91.6025,78.1235,0.000044
_2271_,VSS,Metal1,107.9800,156.5660,0.000030
_2270_,VSS,Metal1,113.7310,179.7420,0.000050
_2269_,VSS,Metal1,114.1325,156.5235,0.000030
_2268_,VSS,Metal1,116.2425,156.5235,0.000030
_2267_,VSS,Metal1,109.0925,133.0035,0.000017
_2266_,VSS,Metal1,109.3265,164.9950,0.000025
_2265_,VSS,Metal1,101.7400,180.6275,0.000048
_2264_,VSS,Metal1,90.8465,86.5950,0.000012
_2263_,VSS,Metal1,88.6065,54.5250,0.000076
_2262_,VSS,Metal1,80.1330,23.8930,0.000036
_2261_,VSS,Metal1,83.2025,62.4435,0.000036
_2260_,VSS,Metal1,80.2700,46.7735,0.000046
_2259_,VSS,Metal1,101.7400,86.4735,0.000012
_2258_,VSS,Metal1,103.5600,85.9285,0.000012
_2257_,VSS,Metal1,105.8930,125.0665,0.000036
_2256_,VSS,Metal1,103.1730,133.7190,0.000016
_2255_,VSS,Metal1,102.0275,78.6760,0.000032
_2254_,VSS,Metal1,113.9175,62.4435,0.000038
_2253_,VSS,Metal1,102.2425,78.1235,0.000032
_2252_,VSS,Metal1,109.7175,117.9335,0.000032
_2251_,VSS,Metal1,104.4825,117.3235,0.000032
_2250_,VSS,Metal1,200.3465,281.8005,0.000054
_2249_,VSS,Metal1,185.7400,266.8675,0.000046
_2248_,VSS,Metal1,189.1465,259.1590,0.000022
_2247_,VSS,Metal1,204.2665,235.6390,0.000020
_2246_,VSS,Metal1,195.2600,234.8925,0.000019
_2245_,VSS,Metal1,190.2665,251.3190,0.000072
_2244_,VSS,Metal1,205.3865,281.8005,0.000054
_2243_,VSS,Metal1,199.7400,289.7725,0.000025
_2242_,VSS,Metal1,181.5730,290.5190,0.000023
_2241_,VSS,Metal1,205.3865,242.6005,0.000035
_2240_,VSS,Metal1,194.7000,242.7325,0.000035
_2239_,VSS,Metal1,186.9065,251.3190,0.000072
_2238_,VSS,Metal1,186.3530,212.0350,0.000015
_2237_,VSS,Metal1,220.2600,204.1475,0.000034
_2236_,VSS,Metal1,193.0730,179.9650,0.000055
_2235_,VSS,Metal1,201.7800,180.6275,0.000056
_2234_,VSS,Metal1,205.6530,179.8805,0.000056
_2233_,VSS,Metal1,215.2200,188.4675,0.000030
_2232_,VSS,Metal1,184.6665,179.8805,0.000055
_2231_,VSS,Metal1,195.8730,172.1250,0.000018
_2230_,VSS,Metal1,201.2200,172.1725,0.000018
_2229_,VSS,Metal1,168.1330,234.7605,0.000021
_2228_,VSS,Metal1,174.5400,235.5075,0.000020
_2227_,VSS,Metal1,167.5730,203.4005,0.000034
_2226_,VSS,Metal1,190.8330,164.2850,0.000029
_2225_,VSS,Metal1,200.6600,164.3325,0.000030
_2224_,VSS,Metal1,201.1730,266.1205,0.000046
_2223_,VSS,Metal1,206.8200,266.2525,0.000046
_2222_,VSS,Metal1,186.9065,258.2805,0.000022
_2221_,VSS,Metal1,220.5065,243.4790,0.000035
_2220_,VSS,Metal1,218.2200,227.6675,0.000022
_2219_,VSS,Metal1,238.1330,219.0805,0.000050
_2218_,VSS,Metal1,210.9930,164.9950,0.000030
_2217_,VSS,Metal1,211.5000,156.4925,0.000022
_2216_,VSS,Metal1,216.5930,149.3150,0.000058
_2215_,VSS,Metal1,216.5400,157.1075,0.000022
_2214_,VSS,Metal1,215.1730,172.9190,0.000018
_2213_,VSS,Metal1,219.7000,172.7875,0.000018
_2212_,VSS,Metal1,239.2530,187.7205,0.000030
_2211_,VSS,Metal1,225.5465,172.9190,0.000018
_2210_,VSS,Metal1,215.4200,164.9475,0.000030
_2209_,VSS,Metal1,238.1330,172.9190,0.000018
_2208_,VSS,Metal1,241.2265,219.9590,0.000050
_2207_,VSS,Metal1,219.3400,188.4675,0.000030
_2206_,VSS,Metal1,240.6665,196.4390,0.000085
_2205_,VSS,Metal1,241.2265,212.1190,0.000015
_2204_,VSS,Metal1,218.2200,211.9875,0.000015
_2203_,VSS,Metal1,238.4265,211.2405,0.000015
_2202_,VSS,Metal1,220.7730,259.1590,0.000023
_2201_,VSS,Metal1,226.4200,243.3475,0.000035
_2200_,VSS,Metal1,224.9865,251.3190,0.000073
_2199_,VSS,Metal1,216.0265,259.1590,0.000023
_2198_,VSS,Metal1,217.4600,243.3475,0.000035
_2197_,VSS,Metal1,238.6930,250.4405,0.000073
_2196_,VSS,Metal1,220.7730,329.7190,0.000026
_2195_,VSS,Metal1,226.4200,329.5875,0.000026
_2194_,VSS,Metal1,229.7330,329.7190,0.000026
_2193_,VSS,Metal1,219.9465,282.6790,0.000054
_2192_,VSS,Metal1,214.8600,298.2275,0.000070
_2191_,VSS,Metal1,224.9865,297.4805,0.000089
_2190_,VSS,Metal1,239.5465,298.3590,0.000089
_2189_,VSS,Metal1,224.9400,290.3875,0.000025
_2188_,VSS,Metal1,238.4265,297.4805,0.000089
_2187_,VSS,Metal1,201.1730,313.1605,0.000021
_2186_,VSS,Metal1,210.1800,281.9325,0.000054
_2185_,VSS,Metal1,215.1730,274.8390,0.000051
_2184_,VSS,Metal1,216.2930,361.0790,0.000021
_2183_,VSS,Metal1,226.4200,353.1075,0.000029
_2182_,VSS,Metal1,239.5465,360.2005,0.000021
_2181_,VSS,Metal1,216.0265,329.7190,0.000026
_2180_,VSS,Metal1,212.0600,336.8125,0.000012
_2179_,VSS,Metal1,220.5065,353.2390,0.000026
_2178_,VSS,Metal1,227.4930,314.0390,0.000023
_2177_,VSS,Metal1,229.7800,297.6125,0.000089
_2176_,VSS,Metal1,233.9465,313.1605,0.000023
_2175_,VSS,Metal1,219.6530,328.8405,0.000026
_2174_,VSS,Metal1,226.4200,321.7475,0.000035
_2173_,VSS,Metal1,234.2130,336.6805,0.000012
_2172_,VSS,Metal1,220.5065,368.9190,0.000097
_2171_,VSS,Metal1,220.8200,360.9475,0.000021
_2170_,VSS,Metal1,230.0265,391.5605,0.000053
_2169_,VSS,Metal1,220.5065,376.7590,0.000027
_2168_,VSS,Metal1,221.3800,383.8525,0.000087
_2167_,VSS,Metal1,220.5065,392.4390,0.000053
_2166_,VSS,Metal1,217.4130,392.4390,0.000053
_2165_,VSS,Metal1,220.8200,384.4675,0.000087
_2164_,VSS,Metal1,226.1065,376.7590,0.000027
_2163_,VSS,Metal1,214.0530,415.9590,0.000019
_2162_,VSS,Metal1,220.8200,407.3725,0.000037
_2161_,VSS,Metal1,225.5465,408.1190,0.000037
_2160_,VSS,Metal1,217.1465,400.2790,0.000024
_2159_,VSS,Metal1,218.5800,415.8275,0.000019
_2158_,VSS,Metal1,225.2530,407.2405,0.000037
_2157_,VSS,Metal1,224.9865,439.4790,0.000023
_2156_,VSS,Metal1,219.3400,439.3475,0.000023
_2155_,VSS,Metal1,224.9865,447.3190,0.000026
_2154_,VSS,Metal1,212.3730,431.6390,0.000006
_2153_,VSS,Metal1,215.2200,423.6675,0.000041
_2152_,VSS,Metal1,215.4665,447.3190,0.000026
_2151_,VSS,Metal1,211.8130,454.2805,0.000056
_2150_,VSS,Metal1,213.5400,439.3475,0.000023
_2149_,VSS,Metal1,214.9065,454.2805,0.000057
_2148_,VSS,Metal1,201.1730,430.7605,0.000006
_2147_,VSS,Metal1,206.8200,431.5075,0.000006
_2146_,VSS,Metal1,200.9065,454.2805,0.000056
_2145_,VSS,Metal1,205.6530,438.6005,0.000022
_2144_,VSS,Metal1,207.9400,439.3475,0.000022
_2143_,VSS,Metal1,205.3865,454.2805,0.000056
_2142_,VSS,Metal1,195.5730,430.7605,0.000006
_2141_,VSS,Metal1,198.9800,415.2125,0.000019
_2140_,VSS,Metal1,200.6130,446.4405,0.000026
_2139_,VSS,Metal1,181.5730,314.0390,0.000021
_2138_,VSS,Metal1,197.3000,313.2925,0.000021
_2137_,VSS,Metal1,193.3330,423.7990,0.000041
_2136_,VSS,Metal1,193.8930,454.2805,0.000054
_2135_,VSS,Metal1,197.3000,446.5725,0.000026
_2134_,VSS,Metal1,189.7065,454.2805,0.000052
_2133_,VSS,Metal1,189.9730,423.7990,0.000041
_2132_,VSS,Metal1,193.0200,415.2125,0.000019
_2131_,VSS,Metal1,188.5865,430.7605,0.000006
_2130_,VSS,Metal1,200.9065,407.2405,0.000037
_2129_,VSS,Metal1,201.2200,399.5325,0.000023
_2128_,VSS,Metal1,196.4265,399.4005,0.000023
_2127_,VSS,Metal1,200.6130,305.3205,0.000034
_2126_,VSS,Metal1,199.7400,321.1325,0.000035
_2125_,VSS,Metal1,193.0665,376.7590,0.000025
_2124_,VSS,Metal1,205.3865,375.8805,0.000027
_2123_,VSS,Metal1,198.6200,384.4675,0.000066
_2122_,VSS,Metal1,195.3065,392.4390,0.000052
_2121_,VSS,Metal1,205.6530,360.2005,0.000021
_2120_,VSS,Metal1,205.3400,328.9725,0.000026
_2119_,VSS,Metal1,202.2930,353.2390,0.000024
_2118_,VSS,Metal1,213.2265,360.2005,0.000021
_2117_,VSS,Metal1,195.8200,360.9475,0.000021
_2116_,VSS,Metal1,187.1730,368.9190,0.000097
_2115_,VSS,Metal1,196.6930,375.8805,0.000026
_2114_,VSS,Metal1,201.2200,376.0125,0.000027
_2113_,VSS,Metal1,192.2130,375.8805,0.000025
_2112_,VSS,Metal1,177.2825,289.8035,0.000024
_2111_,VSS,Metal1,182.4030,289.7375,0.000023
_2110_,VSS,Metal1,162.0200,282.5475,0.000050
_2109_,VSS,Metal1,157.6825,274.6760,0.000050
_2108_,VSS,Metal1,159.4665,281.8005,0.000050
_2107_,VSS,Metal1,162.0775,266.2835,0.000042
_2106_,VSS,Metal1,170.1065,258.2805,0.000022
_2105_,VSS,Metal1,164.3175,274.6760,0.000050
_2104_,VSS,Metal1,172.8500,266.8260,0.000043
_2103_,VSS,Metal1,185.7865,259.1590,0.000022
_2102_,VSS,Metal1,181.3065,259.1590,0.000021
_2101_,VSS,Metal1,172.8025,258.9960,0.000022
_2100_,VSS,Metal1,170.1065,259.1590,0.000022
_2099_,VSS,Metal1,169.5300,242.6125,0.000038
_2098_,VSS,Metal1,175.1725,258.4435,0.000022
_2097_,VSS,Metal1,175.7065,250.4405,0.000072
_2096_,VSS,Metal1,173.9225,243.3160,0.000037
_2095_,VSS,Metal1,170.2930,243.4130,0.000038
_2094_,VSS,Metal1,154.2375,235.4760,0.000023
_2093_,VSS,Metal1,153.3065,266.1205,0.000042
_2092_,VSS,Metal1,174.3400,290.4150,0.000024
_2091_,VSS,Metal1,170.9800,328.9725,0.000026
_2090_,VSS,Metal1,170.4830,321.8115,0.000035
_2089_,VSS,Metal1,165.6265,321.8790,0.000035
_2088_,VSS,Metal1,166.1865,328.8405,0.000026
_2087_,VSS,Metal1,11.2400,313.9110,0.000019
_2086_,VSS,Metal1,11.2400,306.0710,0.000027
_2085_,VSS,Metal1,18.6600,313.9075,0.000019
_2084_,VSS,Metal1,19.7800,400.1475,0.000008
_2083_,VSS,Metal1,23.1975,400.1160,0.000008
_2082_,VSS,Metal1,14.9400,289.7725,0.000027
_2081_,VSS,Metal1,11.5225,289.8035,0.000027
_2080_,VSS,Metal1,76.8530,23.9590,0.000036
_2079_,VSS,Metal1,83.0700,23.2535,0.000036
_2078_,VSS,Metal1,9.1400,250.5450,0.000043
_2077_,VSS,Metal1,11.3800,38.8650,0.000020
_2076_,VSS,Metal1,115.7400,212.0150,0.000029
_2075_,VSS,Metal1,103.2200,204.1750,0.000037
_2074_,VSS,Metal1,173.7800,376.6550,0.000022
_2073_,VSS,Metal1,45.1800,328.9450,0.000040
_2072_,VSS,Metal1,19.7800,203.5050,0.000031
_2071_,VSS,Metal1,18.1000,195.6650,0.000024
_2070_,VSS,Metal1,23.7000,125.7750,0.000025
_2069_,VSS,Metal1,27.6200,125.1050,0.000025
_2068_,VSS,Metal1,39.0200,149.2950,0.000049
_2067_,VSS,Metal1,37.1400,164.3050,0.000019
_2066_,VSS,Metal1,41.8200,70.2250,0.000032
_2065_,VSS,Metal1,60.8600,117.2650,0.000029
_2064_,VSS,Metal1,60.3000,125.1050,0.000027
_2063_,VSS,Metal1,64.0200,94.4150,0.000019
_2062_,VSS,Metal1,65.7000,109.4250,0.000014
_2061_,VSS,Metal1,75.2200,63.0550,0.000036
_2060_,VSS,Metal1,86.9800,156.4650,0.000030
_2059_,VSS,Metal1,93.3400,164.3050,0.000023
_2058_,VSS,Metal1,86.6200,157.1350,0.000030
_2057_,VSS,Metal1,93.7000,470.7350,0.000023
_2056_,VSS,Metal1,97.2600,360.9750,0.000023
_2055_,VSS,Metal1,88.6600,391.6650,0.000041
_2054_,VSS,Metal1,89.7800,383.8250,0.000058
_2053_,VSS,Metal1,83.6200,399.5050,0.000013
_2052_,VSS,Metal1,83.6200,415.1850,0.000027
_2051_,VSS,Metal1,53.5800,407.3450,0.000039
_2050_,VSS,Metal1,48.9000,438.7050,0.000022
_2049_,VSS,Metal1,39.9400,438.7050,0.000021
_2048_,VSS,Metal1,51.9000,438.7050,0.000022
_2047_,VSS,Metal1,58.4200,384.4950,0.000054
_2046_,VSS,Metal1,37.9000,337.4550,0.000011
_2045_,VSS,Metal1,46.6600,313.9350,0.000020
_2044_,VSS,Metal1,37.1400,321.1050,0.000033
_2043_,VSS,Metal1,142.4200,31.6950,0.000041
_2042_,VSS,Metal1,161.6600,149.2950,0.000061
_2041_,VSS,Metal1,173.4200,94.4150,0.000033
_2040_,VSS,Metal1,171.7400,70.8950,0.000036
_2039_,VSS,Metal1,114.9800,54.5450,0.000059
_2038_,VSS,Metal1,49.6900,38.7475,0.000020
_2037_,VSS,Metal1,151.3800,109.4250,0.000015
_2036_,VSS,Metal1,77.4600,23.1850,0.000036
_2035_,VSS,Metal1,86.9800,38.8650,0.000021
_2034_,VSS,Metal1,106.5800,78.7350,0.000031
_2033_,VSS,Metal1,147.6600,55.2150,0.000056
_2032_,VSS,Metal1,142.4200,46.7050,0.000032
_2031_,VSS,Metal1,108.2600,125.7750,0.000036
_2030_,VSS,Metal1,103.9800,149.2950,0.000065
_2029_,VSS,Metal1,106.5800,94.4150,0.000023
_2028_,VSS,Metal1,182.3800,251.2150,0.000072
_2027_,VSS,Metal1,165.3800,266.2250,0.000043
_2026_,VSS,Metal1,165.3800,242.7050,0.000039
_2025_,VSS,Metal1,156.6200,242.7050,0.000040
_2024_,VSS,Metal1,147.4600,305.4250,0.000032
_2023_,VSS,Metal1,122.8200,195.6650,0.000082
_2022_,VSS,Metal1,120.0200,211.3450,0.000029
_2021_,VSS,Metal1,141.8600,211.3450,0.000028
_2020_,VSS,Metal1,128.9800,164.3050,0.000028
_2019_,VSS,Metal1,122.8200,164.3050,0.000027
_2018_,VSS,Metal1,150.8200,125.1050,0.000038
_2017_,VSS,Metal1,161.1000,23.1850,0.000030
_2016_,VSS,Metal1,14.3800,399.5050,0.000008
_2015_,VSS,Metal1,21.6600,313.9350,0.000019
_2014_,VSS,Metal1,8.5800,462.2250,0.000007
_2013_,VSS,Metal1,9.7000,336.7850,0.000010
_2012_,VSS,Metal1,25.5800,431.5350,0.000009
_2011_,VSS,Metal1,25.5800,345.2950,0.000018
_2010_,VSS,Metal1,18.3000,446.5450,0.000020
_2009_,VSS,Metal1,11.0200,360.9750,0.000009
_2008_,VSS,Metal1,10.2600,485.7450,0.000013
_2007_,VSS,Metal1,17.5400,383.8250,0.000046
_2006_,VSS,Metal1,18.3000,477.9050,0.000014
_2005_,VSS,Metal1,9.7000,399.5050,0.000008
_2004_,VSS,Metal1,25.5800,266.8950,0.000027
_2003_,VSS,Metal1,20.5400,274.7350,0.000037
_2002_,VSS,Metal1,25.5800,211.3450,0.000022
_2001_,VSS,Metal1,15.5000,187.8250,0.000018
_2000_,VSS,Metal1,19.4200,110.0950,0.000010
_1999_,VSS,Metal1,16.0600,93.7450,0.000012
_1998_,VSS,Metal1,17.1800,70.8950,0.000031
_1997_,VSS,Metal1,27.2600,31.0250,0.000039
_1996_,VSS,Metal1,44.0600,38.8650,0.000020
_1995_,VSS,Metal1,48.5400,31.0250,0.000041
_1994_,VSS,Metal1,46.8600,102.2550,0.000017
_1993_,VSS,Metal1,45.7400,125.7750,0.000025
_1992_,VSS,Metal1,56.3800,93.7450,0.000017
_1991_,VSS,Metal1,53.3800,93.7450,0.000017
_1990_,VSS,Metal1,64.7800,55.2150,0.000073
_1989_,VSS,Metal1,54.1400,38.8650,0.000020
_1988_,VSS,Metal1,65.3400,38.8650,0.000021
_1987_,VSS,Metal1,64.0200,23.8550,0.000035
_1986_,VSS,Metal1,64.2200,470.7350,0.000022
_1985_,VSS,Metal1,72.4200,455.0550,0.000052
_1984_,VSS,Metal1,103.4200,470.7350,0.000023
_1983_,VSS,Metal1,107.3400,447.2150,0.000027
_1982_,VSS,Metal1,100.0600,400.1750,0.000014
_1981_,VSS,Metal1,98.7400,415.8550,0.000027
_1980_,VSS,Metal1,80.4600,400.1750,0.000013
_1979_,VSS,Metal1,79.3400,438.7050,0.000024
_1978_,VSS,Metal1,25.5800,478.5750,0.000014
_1977_,VSS,Metal1,33.7800,439.3750,0.000020
_1976_,VSS,Metal1,42.3800,447.2150,0.000022
_1975_,VSS,Metal1,50.2200,431.5350,0.000009
_1974_,VSS,Metal1,35.6600,375.9850,0.000019
_1973_,VSS,Metal1,33.4200,353.1350,0.000021
_1972_,VSS,Metal1,28.1800,281.9050,0.000036
_1971_,VSS,Metal1,38.8200,290.4150,0.000028
_1970_,VSS,Metal1,25.5800,235.5350,0.000020
_1969_,VSS,Metal1,18.3000,243.3750,0.000034
_1968_,VSS,Metal1,16.0600,156.4650,0.000031
_1967_,VSS,Metal1,23.3400,157.1350,0.000031
_1966_,VSS,Metal1,24.8200,141.4550,0.000068
_1965_,VSS,Metal1,41.2600,251.2150,0.000057
_1964_,VSS,Metal1,45.1800,148.6250,0.000049
_1963_,VSS,Metal1,55.6200,242.7050,0.000040
_1962_,VSS,Metal1,69.8200,196.3350,0.000033
_1961_,VSS,Metal1,68.1400,227.6950,0.000025
_1960_,VSS,Metal1,67.5800,195.6650,0.000032
_1959_,VSS,Metal1,67.3800,204.1750,0.000036
_1958_,VSS,Metal1,78.7800,195.6650,0.000033
_1957_,VSS,Metal1,88.3000,211.3450,0.000029
_1956_,VSS,Metal1,98.3800,195.6650,0.000080
_1955_,VSS,Metal1,87.5400,227.0250,0.000026
_1954_,VSS,Metal1,87.5400,289.7450,0.000031
_1953_,VSS,Metal1,87.5400,281.9050,0.000050
_1952_,VSS,Metal1,107.3400,274.7350,0.000046
_1951_,VSS,Metal1,111.8200,337.4550,0.000015
_1950_,VSS,Metal1,107.3400,345.2950,0.000022
_1949_,VSS,Metal1,98.7400,298.2550,0.000063
_1948_,VSS,Metal1,106.2200,313.2650,0.000025
_1947_,VSS,Metal1,90.5400,321.1050,0.000038
_1946_,VSS,Metal1,39.0200,399.5050,0.000009
_1945_,VSS,Metal1,36.2200,415.8550,0.000025
_1944_,VSS,Metal1,40.7000,423.0250,0.000043
_1943_,VSS,Metal1,35.6600,399.5050,0.000009
_1942_,VSS,Metal1,53.5800,376.6550,0.000019
_1941_,VSS,Metal1,41.8200,352.4650,0.000021
_1940_,VSS,Metal1,53.0200,313.2650,0.000021
_1939_,VSS,Metal1,49.6600,289.7450,0.000031
_1938_,VSS,Metal1,30.6200,235.5350,0.000020
_1937_,VSS,Metal1,44.0600,234.8650,0.000021
_1936_,VSS,Metal1,25.5800,172.8150,0.000027
_1935_,VSS,Metal1,37.3400,203.5050,0.000034
_1934_,VSS,Metal1,34.5400,227.6950,0.000023
_1933_,VSS,Metal1,40.1400,180.6550,0.000033
_1932_,VSS,Metal1,44.0600,203.5050,0.000034
_1931_,VSS,Metal1,55.2600,219.1850,0.000053
_1930_,VSS,Metal1,55.8200,188.4950,0.000021
_1929_,VSS,Metal1,57.5000,157.1350,0.000031
_1928_,VSS,Metal1,63.1000,149.2950,0.000050
_1927_,VSS,Metal1,72.0600,148.6250,0.000057
_1926_,VSS,Metal1,83.2600,172.1450,0.000036
_1925_,VSS,Metal1,87.5400,148.6250,0.000059
_1924_,VSS,Metal1,87.7400,132.9450,0.000016
_1923_,VSS,Metal1,76.3400,133.6150,0.000014
_1922_,VSS,Metal1,77.1000,289.7450,0.000032
_1921_,VSS,Metal1,78.7800,321.1050,0.000037
_1920_,VSS,Metal1,98.7400,376.6550,0.000022
_1919_,VSS,Metal1,107.3400,368.8150,0.000099
_1918_,VSS,Metal1,86.9800,313.2650,0.000025
_1917_,VSS,Metal1,87.7400,383.8250,0.000057
_1916_,VSS,Metal1,71.3000,337.4550,0.000014
_1915_,VSS,Metal1,78.2200,306.0950,0.000030
_1914_,VSS,Metal1,59.1800,408.0150,0.000039
_1913_,VSS,Metal1,63.1000,415.8550,0.000027
_1912_,VSS,Metal1,64.7800,439.3750,0.000024
_1911_,VSS,Metal1,72.6200,431.5350,0.000008
_1910_,VSS,Metal1,65.9000,368.1450,0.000035
_1909_,VSS,Metal1,58.0600,290.4150,0.000032
_1908_,VSS,Metal1,60.3000,321.7750,0.000037
_1907_,VSS,Metal1,65.9000,305.4250,0.000028
_1906_,VSS,Metal1,180.1400,400.1750,0.000019
_1905_,VSS,Metal1,153.8200,455.0550,0.000050
_1904_,VSS,Metal1,157.1800,415.8550,0.000021
_1903_,VSS,Metal1,159.4200,423.6950,0.000037
_1902_,VSS,Metal1,163.3400,415.8550,0.000020
_1901_,VSS,Metal1,151.5800,455.0550,0.000050
_1900_,VSS,Metal1,140.3800,439.3750,0.000022
_1899_,VSS,Metal1,143.7400,438.7050,0.000022
_1898_,VSS,Metal1,149.1400,430.8650,0.000007
_1897_,VSS,Metal1,142.6200,439.3750,0.000022
_1896_,VSS,Metal1,221.5800,164.3050,0.000030
_1895_,VSS,Metal1,221.0200,157.1350,0.000022
_1894_,VSS,Metal1,205.3400,156.4650,0.000022
_1893_,VSS,Metal1,205.3400,172.1450,0.000018
_1892_,VSS,Metal1,205.3400,195.6650,0.000085
_1891_,VSS,Metal1,184.9800,227.6950,0.000021
_1890_,VSS,Metal1,210.3800,94.4150,0.000075
_1889_,VSS,Metal1,199.7400,85.9050,0.000010
_1888_,VSS,Metal1,158.3000,368.8150,0.000098
_1887_,VSS,Metal1,142.4200,360.3050,0.000023
_1886_,VSS,Metal1,160.5400,408.0150,0.000044
_1885_,VSS,Metal1,151.9400,407.3450,0.000046
_1884_,VSS,Metal1,139.8200,400.1750,0.000015
_1883_,VSS,Metal1,140.1800,454.3850,0.000050
_1882_,VSS,Metal1,146.5400,408.0150,0.000046
_1881_,VSS,Metal1,146.5400,455.0550,0.000050
_1880_,VSS,Metal1,138.1400,423.0250,0.000041
_1879_,VSS,Metal1,135.1400,298.2550,0.000063
_1878_,VSS,Metal1,180.5000,274.7350,0.000049
_1877_,VSS,Metal1,185.7400,306.0950,0.000034
_1876_,VSS,Metal1,162.0200,328.9450,0.000026
