Instance,Terminal,Layer,X location,Y location,Voltage
FILLER_121_376,VDD,Metal1,226.9155,490.7685,4.999997
FILLER_121_358,VDD,Metal1,212.2880,490.6920,4.999997
FILLER_121_308,VDD,Metal1,188.8355,490.7685,4.999997
FILLER_121_305,VDD,Metal1,177.8000,490.0000,4.999997
FILLER_121_301,VDD,Metal1,176.7800,490.4325,4.999997
FILLER_121_293,VDD,Metal1,173.5465,490.5765,4.999997
FILLER_121_276,VDD,Metal1,161.5600,490.0000,4.999997
FILLER_121_274,VDD,Metal1,160.7200,490.0000,4.999997
FILLER_121_240,VDD,Metal1,150.7555,490.7685,4.999997
FILLER_121_237,VDD,Metal1,139.7200,490.0000,4.999997
FILLER_121_229,VDD,Metal1,137.7065,490.5765,4.999997
FILLER_121_212,VDD,Metal1,125.7200,490.0000,4.999997
FILLER_121_210,VDD,Metal1,124.8800,490.0000,4.999997
FILLER_121_206,VDD,Metal1,123.5800,490.4325,4.999997
FILLER_121_172,VDD,Metal1,112.6755,490.7685,4.999997
FILLER_121_169,VDD,Metal1,101.6400,490.0000,4.999997
FILLER_121_165,VDD,Metal1,100.6200,490.4325,4.999997
FILLER_121_148,VDD,Metal1,89.8800,490.0000,4.999998
FILLER_121_146,VDD,Metal1,89.0400,490.0000,4.999998
FILLER_121_138,VDD,Metal1,86.7465,490.5765,4.999998
FILLER_121_104,VDD,Metal1,74.5955,490.7685,4.999998
FILLER_121_101,VDD,Metal1,63.5600,490.0000,4.999998
FILLER_121_84,VDD,Metal1,54.0400,490.0000,4.999998
FILLER_121_82,VDD,Metal1,53.2000,490.0000,4.999998
FILLER_121_78,VDD,Metal1,51.9000,490.4325,4.999998
FILLER_121_70,VDD,Metal1,48.6665,490.5765,4.999998
FILLER_121_36,VDD,Metal1,36.5155,490.7685,4.999998
FILLER_121_33,VDD,Metal1,25.4800,490.0000,4.999998
FILLER_121_17,VDD,Metal1,21.3280,490.6920,4.999998
FILLER_121_4,VDD,Metal1,9.2400,490.0000,4.999998
FILLER_121_2,VDD,Metal1,8.4000,490.0000,4.999998
FILLER_120_425,VDD,Metal1,245.0000,490.0000,4.999997
FILLER_120_423,VDD,Metal1,244.1600,490.0000,4.999997
FILLER_120_419,VDD,Metal1,242.8600,489.5675,4.999997
FILLER_120_387,VDD,Metal1,233.0755,489.2310,4.999997
FILLER_120_384,VDD,Metal1,222.0400,490.0000,4.999997
FILLER_120_382,VDD,Metal1,221.2000,490.0000,4.999997
FILLER_120_374,VDD,Metal1,218.9065,489.4230,4.999997
FILLER_120_358,VDD,Metal1,212.2880,489.3080,4.999997
FILLER_120_325,VDD,Metal1,190.2200,489.5675,4.999997
FILLER_120_317,VDD,Metal1,186.9865,489.4230,4.999997
FILLER_120_311,VDD,Metal1,182.3800,489.5675,4.999997
FILLER_120_247,VDD,Metal1,163.6750,489.1855,4.999997
FILLER_120_243,VDD,Metal1,143.3600,490.0000,4.999997
FILLER_120_239,VDD,Metal1,142.0600,489.5675,4.999997
FILLER_120_231,VDD,Metal1,138.8265,489.4230,4.999997
FILLER_120_215,VDD,Metal1,132.2080,489.3080,4.999997
FILLER_120_207,VDD,Metal1,123.2000,490.0000,4.999997
FILLER_120_191,VDD,Metal1,118.7680,489.3080,4.999997
FILLER_120_177,VDD,Metal1,108.5865,489.4230,4.999997
FILLER_120_174,VDD,Metal1,104.4400,490.0000,4.999997
FILLER_120_172,VDD,Metal1,103.6000,490.0000,4.999997
FILLER_120_168,VDD,Metal1,102.3000,489.5675,4.999997
FILLER_120_152,VDD,Metal1,96.9280,489.3080,4.999998
FILLER_120_145,VDD,Metal1,88.2000,490.0000,4.999998
FILLER_120_143,VDD,Metal1,87.3600,490.0000,4.999998
FILLER_120_139,VDD,Metal1,86.0600,489.5675,4.999998
FILLER_120_123,VDD,Metal1,80.6880,489.3080,4.999998
FILLER_120_115,VDD,Metal1,72.6200,489.5675,4.999998
FILLER_120_107,VDD,Metal1,67.2000,490.0000,4.999998
FILLER_120_104,VDD,Metal1,65.2400,490.0000,4.999998
FILLER_120_100,VDD,Metal1,64.2200,489.5675,4.999998
FILLER_120_84,VDD,Metal1,58.8480,489.3080,4.999998
FILLER_120_77,VDD,Metal1,50.1200,490.0000,4.999998
FILLER_120_75,VDD,Metal1,49.2800,490.0000,4.999998
FILLER_120_67,VDD,Metal1,46.9865,489.4230,4.999998
FILLER_120_51,VDD,Metal1,40.3680,489.3080,4.999998
FILLER_120_37,VDD,Metal1,28.9400,489.5675,4.999998
FILLER_120_25,VDD,Metal1,22.2200,489.5675,4.999998
FILLER_120_17,VDD,Metal1,18.9865,489.4230,4.999998
FILLER_120_8,VDD,Metal1,11.4800,490.0000,4.999998
FILLER_120_6,VDD,Metal1,10.6400,490.0000,4.999998
FILLER_119_422,VDD,Metal1,244.5400,482.5925,4.999984
FILLER_119_416,VDD,Metal1,241.1800,482.5925,4.999984
FILLER_119_352,VDD,Metal1,222.4750,482.9740,4.999984
FILLER_119_348,VDD,Metal1,202.1600,482.1600,4.999984
FILLER_119_344,VDD,Metal1,200.8600,482.5925,4.999984
FILLER_119_335,VDD,Metal1,194.6000,482.1600,4.999984
FILLER_119_331,VDD,Metal1,193.5800,482.5925,4.999984
FILLER_119_323,VDD,Metal1,190.3465,482.7365,4.999984
FILLER_119_279,VDD,Metal1,163.2400,482.1600,4.999985
FILLER_119_275,VDD,Metal1,162.2200,482.5925,4.999985
FILLER_119_257,VDD,Metal1,152.1400,482.5925,4.999984
FILLER_119_241,VDD,Metal1,146.7680,482.8520,4.999984
FILLER_119_232,VDD,Metal1,136.9200,482.1600,4.999984
FILLER_119_230,VDD,Metal1,136.0800,482.1600,4.999984
FILLER_119_226,VDD,Metal1,134.7800,482.5925,4.999984
FILLER_119_218,VDD,Metal1,131.5465,482.7365,4.999984
FILLER_119_179,VDD,Metal1,107.5200,482.1600,4.999979
FILLER_119_171,VDD,Metal1,105.2265,482.7365,4.999979
FILLER_119_132,VDD,Metal1,83.3865,482.7365,4.999979
FILLER_119_101,VDD,Metal1,63.8400,482.1600,4.999978
FILLER_119_69,VDD,Metal1,45.6400,482.1600,4.999986
FILLER_119_65,VDD,Metal1,44.6200,482.5925,4.999986
FILLER_119_58,VDD,Metal1,39.7600,482.1600,4.999986
FILLER_119_4,VDD,Metal1,9.2400,482.1600,4.999986
FILLER_119_2,VDD,Metal1,8.4000,482.1600,4.999986
FILLER_118_425,VDD,Metal1,245.0000,482.1600,4.999984
FILLER_118_423,VDD,Metal1,244.1600,482.1600,4.999984
FILLER_118_419,VDD,Metal1,242.8600,481.7275,4.999984
FILLER_118_387,VDD,Metal1,233.0755,481.3910,4.999984
FILLER_118_384,VDD,Metal1,222.0400,482.1600,4.999984
FILLER_118_382,VDD,Metal1,221.2000,482.1600,4.999984
FILLER_118_375,VDD,Metal1,217.0000,482.1600,4.999984
FILLER_118_366,VDD,Metal1,211.9600,482.1600,4.999984
FILLER_118_362,VDD,Metal1,210.9400,481.7275,4.999984
FILLER_118_346,VDD,Metal1,205.5680,481.4680,4.999984
FILLER_118_314,VDD,Metal1,182.8400,482.1600,4.999985
FILLER_118_298,VDD,Metal1,178.6880,481.4680,4.999985
FILLER_118_251,VDD,Metal1,147.8400,482.1600,4.999984
FILLER_118_247,VDD,Metal1,146.5400,481.7275,4.999984
FILLER_118_212,VDD,Metal1,126.9400,481.7275,4.999984
FILLER_118_183,VDD,Metal1,109.4800,482.1600,4.999980
FILLER_118_181,VDD,Metal1,108.6400,482.1600,4.999979
FILLER_118_177,VDD,Metal1,107.3400,481.7275,4.999979
FILLER_118_166,VDD,Metal1,99.9600,482.1600,4.999979
FILLER_118_120,VDD,Metal1,74.4800,482.1600,4.999978
FILLER_118_107,VDD,Metal1,66.9200,482.1600,4.999978
FILLER_118_104,VDD,Metal1,65.2400,482.1600,4.999978
FILLER_118_95,VDD,Metal1,60.2000,482.1600,4.999978
FILLER_118_91,VDD,Metal1,59.1800,481.7275,4.999978
FILLER_118_83,VDD,Metal1,55.9465,481.5830,4.999978
FILLER_117_422,VDD,Metal1,244.5400,474.7525,4.999974
FILLER_117_419,VDD,Metal1,241.6400,474.3200,4.999974
FILLER_117_387,VDD,Metal1,233.0755,475.0885,4.999974
FILLER_117_356,VDD,Metal1,206.6400,474.3200,4.999974
FILLER_117_352,VDD,Metal1,205.3400,474.7525,4.999974
FILLER_117_315,VDD,Metal1,183.4000,474.3200,4.999977
FILLER_117_311,VDD,Metal1,182.3800,474.7525,4.999977
FILLER_117_212,VDD,Metal1,126.0000,474.3200,4.999976
FILLER_117_201,VDD,Metal1,119.5600,474.3200,4.999976
FILLER_117_193,VDD,Metal1,117.5465,474.8965,4.999976
FILLER_117_155,VDD,Metal1,93.8000,474.3200,4.999976
FILLER_117_146,VDD,Metal1,88.7600,474.3200,4.999976
FILLER_117_142,VDD,Metal1,87.7400,474.7525,4.999976
FILLER_117_87,VDD,Metal1,55.7200,474.3200,4.999976
FILLER_117_85,VDD,Metal1,54.8800,474.3200,4.999976
FILLER_117_77,VDD,Metal1,52.5865,474.8965,4.999976
FILLER_117_56,VDD,Metal1,38.6400,474.3200,4.999979
FILLER_117_22,VDD,Metal1,19.3200,474.3200,4.999984
FILLER_116_425,VDD,Metal1,245.0000,474.3200,4.999974
FILLER_116_423,VDD,Metal1,244.1600,474.3200,4.999974
FILLER_116_419,VDD,Metal1,242.8600,473.8875,4.999974
FILLER_116_411,VDD,Metal1,239.6265,473.7430,4.999974
FILLER_116_395,VDD,Metal1,233.0080,473.6280,4.999974
FILLER_116_383,VDD,Metal1,221.7600,474.3200,4.999974
FILLER_116_307,VDD,Metal1,179.2000,474.3200,4.999977
FILLER_116_303,VDD,Metal1,177.9000,473.8875,4.999977
FILLER_116_247,VDD,Metal1,145.3200,474.3200,4.999977
FILLER_116_244,VDD,Metal1,143.6400,474.3200,4.999977
FILLER_116_189,VDD,Metal1,113.1200,474.3200,4.999976
FILLER_116_185,VDD,Metal1,111.8200,473.8875,4.999976
FILLER_116_174,VDD,Metal1,104.4400,474.3200,4.999976
FILLER_116_152,VDD,Metal1,92.4000,474.3200,4.999976
FILLER_116_121,VDD,Metal1,75.0400,474.3200,4.999976
FILLER_116_107,VDD,Metal1,67.2000,474.3200,4.999976
FILLER_116_104,VDD,Metal1,65.2400,474.3200,4.999976
FILLER_116_49,VDD,Metal1,35.6600,473.8875,4.999984
FILLER_116_4,VDD,Metal1,9.2400,474.3200,4.999984
FILLER_116_2,VDD,Metal1,8.4000,474.3200,4.999984
FILLER_115_422,VDD,Metal1,244.5400,466.9125,4.999986
FILLER_115_419,VDD,Metal1,241.6400,466.4800,4.999986
FILLER_115_411,VDD,Metal1,239.6265,467.0565,4.999986
FILLER_115_395,VDD,Metal1,233.0080,467.1720,4.999986
FILLER_115_364,VDD,Metal1,211.1200,466.4800,4.999986
FILLER_115_360,VDD,Metal1,209.8200,466.9125,4.999986
FILLER_115_349,VDD,Metal1,202.4400,466.4800,4.999986
FILLER_115_345,VDD,Metal1,201.4200,466.9125,4.999986
FILLER_115_333,VDD,Metal1,194.7000,466.9125,4.999986
FILLER_115_302,VDD,Metal1,176.4000,466.4800,4.999986
FILLER_115_294,VDD,Metal1,174.1065,467.0565,4.999986
FILLER_115_279,VDD,Metal1,163.2400,466.4800,4.999986
FILLER_115_245,VDD,Metal1,144.2000,466.4800,4.999986
FILLER_115_243,VDD,Metal1,143.3600,466.4800,4.999986
FILLER_115_239,VDD,Metal1,142.0600,466.9125,4.999986
FILLER_115_223,VDD,Metal1,134.3465,467.0565,4.999986
FILLER_115_214,VDD,Metal1,126.8400,466.4800,4.999986
FILLER_115_212,VDD,Metal1,126.0000,466.4800,4.999985
FILLER_115_88,VDD,Metal1,56.5600,466.4800,4.999985
FILLER_115_72,VDD,Metal1,52.1280,467.1720,4.999985
FILLER_115_61,VDD,Metal1,41.1600,466.4800,4.999986
FILLER_115_59,VDD,Metal1,40.3200,466.4800,4.999986
FILLER_114_422,VDD,Metal1,244.5400,466.0475,4.999986
FILLER_114_414,VDD,Metal1,241.3065,465.9030,4.999986
FILLER_114_387,VDD,Metal1,224.0000,466.4800,4.999986
FILLER_114_373,VDD,Metal1,217.1000,466.0475,4.999986
FILLER_114_321,VDD,Metal1,187.0400,466.4800,4.999986
FILLER_114_317,VDD,Metal1,185.7400,466.0475,4.999986
FILLER_114_305,VDD,Metal1,178.0800,466.4800,4.999986
FILLER_114_273,VDD,Metal1,169.2355,465.7110,4.999986
FILLER_114_264,VDD,Metal1,154.8400,466.4800,4.999986
FILLER_114_262,VDD,Metal1,154.0000,466.4800,4.999986
FILLER_114_253,VDD,Metal1,148.6800,466.4800,4.999986
FILLER_114_251,VDD,Metal1,147.8400,466.4800,4.999986
FILLER_114_247,VDD,Metal1,146.5400,466.0475,4.999986
FILLER_114_244,VDD,Metal1,143.6400,466.4800,4.999986
FILLER_114_240,VDD,Metal1,142.6200,466.0475,4.999986
FILLER_114_231,VDD,Metal1,136.3600,466.4800,4.999986
FILLER_114_227,VDD,Metal1,135.3400,466.0475,4.999986
FILLER_114_211,VDD,Metal1,129.9680,465.7880,4.999986
FILLER_114_193,VDD,Metal1,115.3600,466.4800,4.999985
FILLER_114_177,VDD,Metal1,110.9280,465.7880,4.999985
FILLER_114_171,VDD,Metal1,103.9800,466.0475,4.999985
FILLER_114_140,VDD,Metal1,85.6800,466.4800,4.999985
FILLER_114_136,VDD,Metal1,84.3800,466.0475,4.999985
FILLER_114_115,VDD,Metal1,71.4000,466.4800,4.999985
FILLER_114_104,VDD,Metal1,65.2400,466.4800,4.999985
FILLER_114_49,VDD,Metal1,34.4400,466.4800,4.999987
FILLER_114_45,VDD,Metal1,33.4200,466.0475,4.999987
FILLER_114_37,VDD,Metal1,30.1865,465.9030,4.999987
FILLER_114_34,VDD,Metal1,26.0400,466.4800,4.999988
FILLER_114_26,VDD,Metal1,24.0265,465.9030,4.999988
FILLER_113_422,VDD,Metal1,244.5400,459.0725,4.999966
FILLER_113_419,VDD,Metal1,241.6400,458.6400,4.999966
FILLER_113_417,VDD,Metal1,240.8000,458.6400,4.999966
FILLER_113_409,VDD,Metal1,238.5065,459.2165,4.999966
FILLER_113_377,VDD,Metal1,218.1200,458.6400,4.999966
FILLER_113_331,VDD,Metal1,192.6400,458.6400,4.999967
FILLER_113_314,VDD,Metal1,182.8400,458.6400,4.999969
FILLER_113_306,VDD,Metal1,180.8265,459.2165,4.999969
FILLER_113_290,VDD,Metal1,174.2080,459.3320,4.999971
FILLER_113_228,VDD,Metal1,134.9600,458.6400,4.999972
FILLER_113_212,VDD,Metal1,130.5280,459.3320,4.999972
FILLER_113_180,VDD,Metal1,107.8000,458.6400,4.999973
FILLER_113_172,VDD,Metal1,105.7865,459.2165,4.999974
FILLER_113_156,VDD,Metal1,94.6400,458.6400,4.999974
FILLER_113_146,VDD,Metal1,89.0400,458.6400,4.999974
FILLER_113_142,VDD,Metal1,87.7400,459.0725,4.999974
FILLER_113_136,VDD,Metal1,84.3800,459.0725,4.999974
FILLER_113_97,VDD,Metal1,61.6000,458.6400,4.999976
FILLER_113_93,VDD,Metal1,60.3000,459.0725,4.999976
FILLER_113_85,VDD,Metal1,57.0665,459.2165,4.999976
FILLER_113_77,VDD,Metal1,50.4000,458.6400,4.999976
FILLER_113_66,VDD,Metal1,45.1800,459.0725,4.999976
FILLER_113_50,VDD,Metal1,35.0000,458.6400,4.999976
FILLER_113_16,VDD,Metal1,15.9600,458.6400,4.999976
FILLER_113_14,VDD,Metal1,15.1200,458.6400,4.999976
FILLER_112_424,VDD,Metal1,244.7200,458.6400,4.999966
FILLER_112_416,VDD,Metal1,242.4265,458.0630,4.999966
FILLER_112_367,VDD,Metal1,212.5200,458.6400,4.999966
FILLER_112_363,VDD,Metal1,211.5000,458.2075,4.999966
FILLER_112_333,VDD,Metal1,194.7000,458.2075,4.999967
FILLER_112_317,VDD,Metal1,189.3280,457.9480,4.999967
FILLER_112_313,VDD,Metal1,182.5600,458.6400,4.999969
FILLER_112_309,VDD,Metal1,181.2600,458.2075,4.999969
FILLER_112_255,VDD,Metal1,149.8000,458.6400,4.999972
FILLER_112_251,VDD,Metal1,148.7800,458.2075,4.999972
FILLER_112_244,VDD,Metal1,143.6400,458.6400,4.999972
FILLER_112_242,VDD,Metal1,142.8000,458.6400,4.999972
FILLER_112_238,VDD,Metal1,141.5000,458.2075,4.999972
FILLER_112_230,VDD,Metal1,138.2665,458.0630,4.999972
FILLER_112_221,VDD,Metal1,130.7600,458.6400,4.999972
FILLER_112_219,VDD,Metal1,129.9200,458.6400,4.999972
FILLER_112_215,VDD,Metal1,128.6200,458.2075,4.999972
FILLER_112_207,VDD,Metal1,125.3865,458.0630,4.999972
FILLER_112_197,VDD,Metal1,117.6000,458.6400,4.999973
FILLER_112_193,VDD,Metal1,116.3000,458.2075,4.999973
FILLER_112_177,VDD,Metal1,110.9280,457.9480,4.999973
FILLER_112_174,VDD,Metal1,104.4400,458.6400,4.999974
FILLER_112_158,VDD,Metal1,100.2880,457.9480,4.999974
FILLER_112_126,VDD,Metal1,86.9155,457.8710,4.999974
FILLER_112_120,VDD,Metal1,74.2000,458.6400,4.999975
FILLER_112_107,VDD,Metal1,66.9200,458.6400,4.999975
FILLER_112_101,VDD,Metal1,64.7800,458.2075,4.999975
FILLER_112_37,VDD,Metal1,46.0750,457.8255,4.999976
FILLER_112_31,VDD,Metal1,25.5800,458.2075,4.999976
FILLER_111_422,VDD,Metal1,244.5400,451.2325,4.999966
FILLER_111_419,VDD,Metal1,241.6400,450.8000,4.999966
FILLER_111_415,VDD,Metal1,240.6200,451.2325,4.999966
FILLER_111_381,VDD,Metal1,220.3600,450.8000,4.999966
FILLER_111_379,VDD,Metal1,219.5200,450.8000,4.999966
FILLER_111_375,VDD,Metal1,218.2200,451.2325,4.999966
FILLER_111_362,VDD,Metal1,209.7200,450.8000,4.999966
FILLER_111_358,VDD,Metal1,208.7000,451.2325,4.999966
FILLER_111_343,VDD,Metal1,199.0800,450.8000,4.999966
FILLER_111_341,VDD,Metal1,198.2400,450.8000,4.999966
FILLER_111_337,VDD,Metal1,196.9400,451.2325,4.999966
FILLER_111_330,VDD,Metal1,191.8000,450.8000,4.999966
FILLER_111_320,VDD,Metal1,187.4200,451.2325,4.999966
FILLER_111_312,VDD,Metal1,184.1865,451.3765,4.999966
FILLER_111_282,VDD,Metal1,164.9200,450.8000,4.999967
FILLER_111_270,VDD,Metal1,158.4800,450.8000,4.999967
FILLER_111_241,VDD,Metal1,142.2400,450.8000,4.999965
FILLER_111_236,VDD,Metal1,139.1600,450.8000,4.999965
FILLER_111_234,VDD,Metal1,138.3200,450.8000,4.999965
FILLER_111_212,VDD,Metal1,126.9400,451.2325,4.999959
FILLER_111_206,VDD,Metal1,123.5800,451.2325,4.999959
FILLER_111_142,VDD,Metal1,104.8750,451.6140,4.999959
FILLER_111_138,VDD,Metal1,84.5600,450.8000,4.999957
FILLER_111_130,VDD,Metal1,82.2665,451.3765,4.999957
FILLER_111_88,VDD,Metal1,58.7465,451.3765,4.999957
FILLER_111_72,VDD,Metal1,52.1280,451.4920,4.999957
FILLER_111_66,VDD,Metal1,45.1800,451.2325,4.999958
FILLER_110_425,VDD,Metal1,245.0000,450.8000,4.999966
FILLER_110_393,VDD,Metal1,236.4355,450.0310,4.999966
FILLER_110_384,VDD,Metal1,222.0400,450.8000,4.999966
FILLER_110_376,VDD,Metal1,220.0265,450.2230,4.999966
FILLER_110_319,VDD,Metal1,185.6400,450.8000,4.999966
FILLER_110_317,VDD,Metal1,184.8000,450.8000,4.999966
FILLER_110_313,VDD,Metal1,182.5600,450.8000,4.999967
FILLER_110_205,VDD,Metal1,121.8000,450.8000,4.999959
FILLER_110_197,VDD,Metal1,119.7865,450.2230,4.999959
FILLER_110_181,VDD,Metal1,113.1680,450.1080,4.999959
FILLER_110_159,VDD,Metal1,100.8480,450.1080,4.999959
FILLER_110_127,VDD,Metal1,78.1200,450.8000,4.999956
FILLER_110_119,VDD,Metal1,76.1065,450.2230,4.999956
FILLER_110_107,VDD,Metal1,68.1400,450.3675,4.999956
FILLER_110_69,VDD,Metal1,45.9200,450.8000,4.999958
FILLER_110_65,VDD,Metal1,44.6200,450.3675,4.999958
FILLER_110_26,VDD,Metal1,21.5600,450.8000,4.999963
FILLER_109_422,VDD,Metal1,244.5400,443.3925,4.999974
FILLER_109_419,VDD,Metal1,241.6400,442.9600,4.999974
FILLER_109_417,VDD,Metal1,240.8000,442.9600,4.999974
FILLER_109_413,VDD,Metal1,239.5000,443.3925,4.999974
FILLER_109_381,VDD,Metal1,229.7155,443.7285,4.999974
FILLER_109_349,VDD,Metal1,202.4400,442.9600,4.999975
FILLER_109_333,VDD,Metal1,193.7600,442.9600,4.999975
FILLER_109_300,VDD,Metal1,176.2200,443.3925,4.999975
FILLER_109_216,VDD,Metal1,128.2400,442.9600,4.999975
FILLER_109_212,VDD,Metal1,126.9400,443.3925,4.999975
FILLER_109_150,VDD,Metal1,91.2800,442.9600,4.999975
FILLER_109_146,VDD,Metal1,89.9800,443.3925,4.999975
FILLER_109_134,VDD,Metal1,82.0400,442.9600,4.999975
FILLER_109_132,VDD,Metal1,81.2000,442.9600,4.999975
FILLER_109_128,VDD,Metal1,79.9000,443.3925,4.999975
FILLER_109_111,VDD,Metal1,69.1600,442.9600,4.999975
FILLER_109_95,VDD,Metal1,62.6665,443.5365,4.999978
FILLER_109_77,VDD,Metal1,50.4000,442.9600,4.999978
FILLER_109_61,VDD,Metal1,41.1600,442.9600,4.999979
FILLER_109_57,VDD,Metal1,40.1400,443.3925,4.999979
FILLER_109_22,VDD,Metal1,19.3200,442.9600,4.999980
FILLER_108_425,VDD,Metal1,245.0000,442.9600,4.999974
FILLER_108_393,VDD,Metal1,236.4355,442.1910,4.999974
FILLER_108_376,VDD,Metal1,217.5600,442.9600,4.999974
FILLER_108_372,VDD,Metal1,216.5400,442.5275,4.999974
FILLER_108_362,VDD,Metal1,210.0000,442.9600,4.999974
FILLER_108_353,VDD,Metal1,204.6800,442.9600,4.999974
FILLER_108_351,VDD,Metal1,203.8400,442.9600,4.999974
FILLER_108_321,VDD,Metal1,186.7600,442.9600,4.999975
FILLER_108_317,VDD,Metal1,185.7400,442.5275,4.999975
FILLER_108_261,VDD,Metal1,154.3800,442.5275,4.999975
FILLER_108_244,VDD,Metal1,143.6400,442.9600,4.999975
FILLER_108_234,VDD,Metal1,138.3200,442.9600,4.999975
FILLER_108_204,VDD,Metal1,121.2400,442.9600,4.999975
FILLER_108_189,VDD,Metal1,112.8400,442.9600,4.999975
FILLER_108_185,VDD,Metal1,111.8200,442.5275,4.999975
FILLER_108_166,VDD,Metal1,99.9600,442.9600,4.999975
FILLER_108_107,VDD,Metal1,66.9200,442.9600,4.999977
FILLER_108_90,VDD,Metal1,57.4000,442.9600,4.999978
FILLER_108_59,VDD,Metal1,40.3200,442.9600,4.999979
FILLER_108_51,VDD,Metal1,38.0265,442.3830,4.999979
FILLER_108_45,VDD,Metal1,32.4800,442.9600,4.999980
FILLER_108_37,VDD,Metal1,30.1865,442.3830,4.999980
FILLER_108_26,VDD,Metal1,21.5600,442.9600,4.999980
FILLER_107_422,VDD,Metal1,244.5400,435.5525,4.999985
FILLER_107_416,VDD,Metal1,241.1800,435.5525,4.999985
FILLER_107_400,VDD,Metal1,235.8080,435.8120,4.999985
FILLER_107_370,VDD,Metal1,214.2000,435.1200,4.999985
FILLER_107_366,VDD,Metal1,213.1800,435.5525,4.999985
FILLER_107_358,VDD,Metal1,209.9465,435.6965,4.999985
FILLER_107_324,VDD,Metal1,188.4400,435.1200,4.999989
FILLER_107_320,VDD,Metal1,187.4200,435.5525,4.999989
FILLER_107_282,VDD,Metal1,164.9200,435.1200,4.999990
FILLER_107_267,VDD,Metal1,156.5200,435.1200,4.999988
FILLER_107_265,VDD,Metal1,155.6800,435.1200,4.999988
FILLER_107_254,VDD,Metal1,149.2400,435.1200,4.999987
FILLER_107_246,VDD,Metal1,147.2265,435.6965,4.999987
FILLER_107_232,VDD,Metal1,136.9200,435.1200,4.999986
FILLER_107_230,VDD,Metal1,136.0800,435.1200,4.999986
FILLER_107_216,VDD,Metal1,128.2400,435.1200,4.999986
FILLER_107_212,VDD,Metal1,126.9400,435.5525,4.999986
FILLER_107_197,VDD,Metal1,119.7865,435.6965,4.999986
FILLER_107_190,VDD,Metal1,113.4000,435.1200,4.999986
FILLER_107_188,VDD,Metal1,112.5600,435.1200,4.999986
FILLER_107_184,VDD,Metal1,111.2600,435.5525,4.999986
FILLER_107_154,VDD,Metal1,93.2400,435.1200,4.999986
FILLER_107_142,VDD,Metal1,86.8000,435.1200,4.999986
FILLER_107_133,VDD,Metal1,81.4800,435.1200,4.999985
FILLER_107_131,VDD,Metal1,80.6400,435.1200,4.999985
FILLER_107_86,VDD,Metal1,55.4400,435.1200,4.999986
FILLER_107_82,VDD,Metal1,54.1400,435.5525,4.999986
FILLER_107_72,VDD,Metal1,47.6000,435.1200,4.999986
FILLER_107_57,VDD,Metal1,38.9200,435.1200,4.999986
FILLER_107_55,VDD,Metal1,38.0800,435.1200,4.999986
FILLER_107_47,VDD,Metal1,35.7865,435.6965,4.999986
FILLER_107_31,VDD,Metal1,29.1680,435.8120,4.999986
FILLER_106_425,VDD,Metal1,245.0000,435.1200,4.999985
FILLER_106_423,VDD,Metal1,244.1600,435.1200,4.999985
FILLER_106_419,VDD,Metal1,242.8600,434.6875,4.999985
FILLER_106_387,VDD,Metal1,233.0755,434.3510,4.999985
FILLER_106_384,VDD,Metal1,222.0400,435.1200,4.999985
FILLER_106_382,VDD,Metal1,221.2000,435.1200,4.999985
FILLER_106_378,VDD,Metal1,219.9000,434.6875,4.999985
FILLER_106_370,VDD,Metal1,216.6665,434.5430,4.999985
FILLER_106_360,VDD,Metal1,209.8200,434.6875,4.999985
FILLER_106_350,VDD,Metal1,203.2800,435.1200,4.999985
FILLER_106_334,VDD,Metal1,198.8480,434.4280,4.999985
FILLER_106_319,VDD,Metal1,185.6400,435.1200,4.999989
FILLER_106_317,VDD,Metal1,184.8000,435.1200,4.999989
FILLER_106_314,VDD,Metal1,182.8400,435.1200,4.999989
FILLER_106_310,VDD,Metal1,181.8200,434.6875,4.999989
FILLER_106_276,VDD,Metal1,166.3680,434.4280,4.999990
FILLER_106_259,VDD,Metal1,152.0400,435.1200,4.999987
FILLER_106_255,VDD,Metal1,151.0200,434.6875,4.999987
FILLER_106_247,VDD,Metal1,147.7865,434.5430,4.999987
FILLER_106_225,VDD,Metal1,135.4665,434.5430,4.999986
FILLER_106_209,VDD,Metal1,128.8480,434.4280,4.999986
FILLER_106_177,VDD,Metal1,115.4755,434.3510,4.999986
FILLER_106_174,VDD,Metal1,104.4400,435.1200,4.999986
FILLER_106_172,VDD,Metal1,103.6000,435.1200,4.999986
FILLER_106_168,VDD,Metal1,102.3000,434.6875,4.999986
FILLER_106_147,VDD,Metal1,89.6000,435.1200,4.999986
FILLER_106_143,VDD,Metal1,88.3000,434.6875,4.999986
FILLER_106_135,VDD,Metal1,85.0665,434.5430,4.999986
FILLER_106_119,VDD,Metal1,78.4480,434.4280,4.999985
FILLER_106_104,VDD,Metal1,65.2400,435.1200,4.999985
FILLER_106_87,VDD,Metal1,55.7200,435.1200,4.999986
FILLER_106_79,VDD,Metal1,53.7065,434.5430,4.999986
FILLER_106_73,VDD,Metal1,48.1600,435.1200,4.999986
FILLER_106_69,VDD,Metal1,46.8600,434.6875,4.999986
FILLER_106_37,VDD,Metal1,37.0755,434.3510,4.999986
FILLER_105_422,VDD,Metal1,244.5400,427.7125,4.999979
FILLER_105_419,VDD,Metal1,241.6400,427.2800,4.999979
FILLER_105_417,VDD,Metal1,240.8000,427.2800,4.999979
FILLER_105_413,VDD,Metal1,239.5000,427.7125,4.999979
FILLER_105_405,VDD,Metal1,236.2665,427.8565,4.999979
FILLER_105_389,VDD,Metal1,225.1200,427.2800,4.999979
FILLER_105_385,VDD,Metal1,223.8200,427.7125,4.999979
FILLER_105_377,VDD,Metal1,220.5865,427.8565,4.999979
FILLER_105_340,VDD,Metal1,198.6200,427.7125,4.999980
FILLER_105_332,VDD,Metal1,193.2000,427.2800,4.999980
FILLER_105_328,VDD,Metal1,191.9000,427.7125,4.999980
FILLER_105_321,VDD,Metal1,186.7600,427.2800,4.999980
FILLER_105_319,VDD,Metal1,185.9200,427.2800,4.999980
FILLER_105_282,VDD,Metal1,167.3865,427.8565,4.999983
FILLER_105_269,VDD,Metal1,157.6400,427.2800,4.999982
FILLER_105_265,VDD,Metal1,156.6200,427.7125,4.999982
FILLER_105_257,VDD,Metal1,153.3865,427.8565,4.999982
FILLER_105_245,VDD,Metal1,146.6665,427.8565,4.999981
FILLER_105_232,VDD,Metal1,137.2000,427.2800,4.999980
FILLER_105_224,VDD,Metal1,134.9065,427.8565,4.999980
FILLER_105_212,VDD,Metal1,126.9400,427.7125,4.999980
FILLER_105_209,VDD,Metal1,124.0400,427.2800,4.999980
FILLER_105_207,VDD,Metal1,123.2000,427.2800,4.999980
FILLER_105_203,VDD,Metal1,121.9000,427.7125,4.999980
FILLER_105_142,VDD,Metal1,88.9865,427.8565,4.999981
FILLER_105_136,VDD,Metal1,84.3800,427.7125,4.999982
FILLER_105_120,VDD,Metal1,79.0080,427.9720,4.999982
FILLER_105_88,VDD,Metal1,65.6355,428.0485,4.999982
FILLER_105_78,VDD,Metal1,50.6800,427.2800,4.999982
FILLER_105_76,VDD,Metal1,49.8400,427.2800,4.999982
FILLER_105_72,VDD,Metal1,48.5400,427.7125,4.999982
FILLER_105_68,VDD,Metal1,45.3600,427.2800,4.999983
FILLER_105_64,VDD,Metal1,44.0600,427.7125,4.999983
FILLER_105_53,VDD,Metal1,36.9600,427.2800,4.999983
FILLER_105_36,VDD,Metal1,27.1600,427.2800,4.999983
FILLER_105_32,VDD,Metal1,26.1400,427.7125,4.999983
FILLER_105_22,VDD,Metal1,19.6000,427.2800,4.999984
FILLER_105_18,VDD,Metal1,18.3000,427.7125,4.999984
FILLER_104_424,VDD,Metal1,244.7200,427.2800,4.999979
FILLER_104_416,VDD,Metal1,242.4265,426.7030,4.999979
FILLER_104_375,VDD,Metal1,218.2200,426.8475,4.999979
FILLER_104_336,VDD,Metal1,195.4400,427.2800,4.999980
FILLER_104_323,VDD,Metal1,187.8800,427.2800,4.999980
FILLER_104_321,VDD,Metal1,187.0400,427.2800,4.999980
FILLER_104_317,VDD,Metal1,185.7400,426.8475,4.999980
FILLER_104_314,VDD,Metal1,182.8400,427.2800,4.999983
FILLER_104_306,VDD,Metal1,180.8265,426.7030,4.999983
FILLER_104_274,VDD,Metal1,169.7955,426.5110,4.999983
FILLER_104_268,VDD,Metal1,157.3600,427.2800,4.999982
FILLER_104_260,VDD,Metal1,155.0665,426.7030,4.999982
FILLER_104_247,VDD,Metal1,145.6000,427.2800,4.999981
FILLER_104_238,VDD,Metal1,140.5600,427.2800,4.999980
FILLER_104_179,VDD,Metal1,107.2400,427.2800,4.999980
FILLER_104_177,VDD,Metal1,106.4000,427.2800,4.999980
FILLER_104_174,VDD,Metal1,104.4400,427.2800,4.999980
FILLER_104_158,VDD,Metal1,100.2880,426.5880,4.999980
FILLER_104_143,VDD,Metal1,87.0800,427.2800,4.999982
FILLER_104_133,VDD,Metal1,81.7600,427.2800,4.999982
FILLER_104_125,VDD,Metal1,79.4665,426.7030,4.999982
FILLER_104_115,VDD,Metal1,71.4000,427.2800,4.999982
FILLER_104_107,VDD,Metal1,69.3865,426.7030,4.999982
FILLER_104_103,VDD,Metal1,64.9600,427.2800,4.999982
FILLER_104_99,VDD,Metal1,63.6600,426.8475,4.999982
FILLER_104_91,VDD,Metal1,60.4265,426.7030,4.999982
FILLER_104_34,VDD,Metal1,26.0400,427.2800,4.999983
FILLER_104_32,VDD,Metal1,25.2000,427.2800,4.999983
FILLER_104_6,VDD,Metal1,10.3600,427.2800,4.999984
FILLER_104_2,VDD,Metal1,9.3400,426.8475,4.999984
FILLER_103_422,VDD,Metal1,244.5400,419.8725,4.999964
FILLER_103_419,VDD,Metal1,241.6400,419.4400,4.999964
FILLER_103_415,VDD,Metal1,240.6200,419.8725,4.999964
FILLER_103_385,VDD,Metal1,222.6000,419.4400,4.999965
FILLER_103_381,VDD,Metal1,221.5800,419.8725,4.999965
FILLER_103_320,VDD,Metal1,186.2000,419.4400,4.999965
FILLER_103_318,VDD,Metal1,185.3600,419.4400,4.999966
FILLER_103_314,VDD,Metal1,184.0600,419.8725,4.999966
FILLER_103_306,VDD,Metal1,180.8265,420.0165,4.999966
FILLER_103_290,VDD,Metal1,174.2080,420.1320,4.999966
FILLER_103_278,VDD,Metal1,162.9600,419.4400,4.999961
FILLER_103_247,VDD,Metal1,145.6000,419.4400,4.999961
FILLER_103_224,VDD,Metal1,134.9065,420.0165,4.999960
FILLER_103_212,VDD,Metal1,126.9400,419.8725,4.999960
FILLER_103_159,VDD,Metal1,96.0400,419.4400,4.999956
FILLER_103_155,VDD,Metal1,95.0200,419.8725,4.999956
FILLER_103_147,VDD,Metal1,91.7865,420.0165,4.999956
FILLER_103_138,VDD,Metal1,84.5600,419.4400,4.999955
FILLER_103_119,VDD,Metal1,73.6400,419.4400,4.999955
FILLER_103_115,VDD,Metal1,72.6200,419.8725,4.999955
FILLER_103_107,VDD,Metal1,69.3865,420.0165,4.999955
FILLER_103_91,VDD,Metal1,62.7680,420.1320,4.999954
FILLER_103_82,VDD,Metal1,52.9200,419.4400,4.999954
FILLER_103_80,VDD,Metal1,52.0800,419.4400,4.999954
FILLER_103_72,VDD,Metal1,49.7865,420.0165,4.999954
FILLER_103_64,VDD,Metal1,42.8400,419.4400,4.999955
FILLER_103_62,VDD,Metal1,42.0000,419.4400,4.999955
FILLER_103_22,VDD,Metal1,19.6000,419.4400,4.999955
FILLER_103_18,VDD,Metal1,18.3000,419.8725,4.999955
FILLER_102_422,VDD,Metal1,244.5400,419.0075,4.999964
FILLER_102_414,VDD,Metal1,241.3065,418.8630,4.999964
FILLER_102_387,VDD,Metal1,224.0000,419.4400,4.999964
FILLER_102_381,VDD,Metal1,221.5800,419.0075,4.999965
FILLER_102_366,VDD,Metal1,211.9600,419.4400,4.999965
FILLER_102_362,VDD,Metal1,210.9400,419.0075,4.999965
FILLER_102_346,VDD,Metal1,205.5680,418.7480,4.999965
FILLER_102_299,VDD,Metal1,179.2480,418.7480,4.999966
FILLER_102_289,VDD,Metal1,170.0600,419.0075,4.999966
FILLER_102_281,VDD,Metal1,166.8265,418.8630,4.999962
FILLER_102_276,VDD,Metal1,161.5600,419.4400,4.999961
FILLER_102_274,VDD,Metal1,160.7200,419.4400,4.999961
FILLER_102_270,VDD,Metal1,159.4200,419.0075,4.999961
FILLER_102_264,VDD,Metal1,155.1200,419.4400,4.999961
FILLER_102_251,VDD,Metal1,147.8400,419.4400,4.999961
FILLER_102_247,VDD,Metal1,146.5400,419.0075,4.999961
FILLER_102_244,VDD,Metal1,143.6400,419.4400,4.999960
FILLER_102_230,VDD,Metal1,137.0200,419.0075,4.999960
FILLER_102_214,VDD,Metal1,131.6480,418.7480,4.999960
FILLER_102_162,VDD,Metal1,97.7200,419.4400,4.999956
FILLER_102_113,VDD,Metal1,70.2800,419.4400,4.999955
FILLER_102_111,VDD,Metal1,69.4400,419.4400,4.999955
FILLER_102_107,VDD,Metal1,68.1400,419.0075,4.999955
FILLER_102_104,VDD,Metal1,65.2400,419.4400,4.999954
FILLER_102_102,VDD,Metal1,64.4000,419.4400,4.999954
FILLER_102_68,VDD,Metal1,45.0800,419.4400,4.999954
FILLER_102_66,VDD,Metal1,44.2400,419.4400,4.999954
FILLER_102_62,VDD,Metal1,42.9400,419.0075,4.999955
FILLER_102_54,VDD,Metal1,39.7065,418.8630,4.999955
FILLER_102_49,VDD,Metal1,34.4400,419.4400,4.999955
FILLER_102_45,VDD,Metal1,33.4200,419.0075,4.999955
FILLER_102_31,VDD,Metal1,25.5800,419.0075,4.999955
FILLER_101_422,VDD,Metal1,244.5400,412.0325,4.999978
FILLER_101_419,VDD,Metal1,241.6400,411.6000,4.999978
FILLER_101_411,VDD,Metal1,239.6265,412.1765,4.999978
FILLER_101_392,VDD,Metal1,226.5200,411.6000,4.999978
FILLER_101_388,VDD,Metal1,225.5000,412.0325,4.999978
FILLER_101_358,VDD,Metal1,207.4800,411.6000,4.999978
FILLER_101_356,VDD,Metal1,206.6400,411.6000,4.999978
FILLER_101_352,VDD,Metal1,205.3400,412.0325,4.999978
FILLER_101_346,VDD,Metal1,201.9800,412.0325,4.999979
FILLER_101_326,VDD,Metal1,190.7800,412.0325,4.999979
FILLER_101_310,VDD,Metal1,185.4080,412.2920,4.999979
FILLER_101_304,VDD,Metal1,177.2400,411.6000,4.999980
FILLER_101_286,VDD,Metal1,167.4400,411.6000,4.999980
FILLER_101_282,VDD,Metal1,166.1400,412.0325,4.999979
FILLER_101_279,VDD,Metal1,163.2400,411.6000,4.999979
FILLER_101_269,VDD,Metal1,157.6400,411.6000,4.999979
FILLER_101_267,VDD,Metal1,156.8000,411.6000,4.999979
FILLER_101_263,VDD,Metal1,155.5000,412.0325,4.999979
FILLER_101_244,VDD,Metal1,143.6400,411.6000,4.999975
FILLER_101_242,VDD,Metal1,142.8000,411.6000,4.999975
FILLER_101_238,VDD,Metal1,141.5000,412.0325,4.999975
FILLER_101_230,VDD,Metal1,138.2665,412.1765,4.999975
FILLER_101_220,VDD,Metal1,130.4800,411.6000,4.999975
FILLER_101_212,VDD,Metal1,128.1865,412.1765,4.999975
FILLER_101_209,VDD,Metal1,124.0400,411.6000,4.999974
FILLER_101_205,VDD,Metal1,123.0200,412.0325,4.999974
FILLER_101_189,VDD,Metal1,112.8400,411.6000,4.999974
FILLER_101_187,VDD,Metal1,112.0000,411.6000,4.999974
FILLER_101_157,VDD,Metal1,94.9200,411.6000,4.999973
FILLER_101_153,VDD,Metal1,93.9000,412.0325,4.999973
FILLER_101_144,VDD,Metal1,87.6400,411.6000,4.999973
FILLER_101_142,VDD,Metal1,86.8000,411.6000,4.999973
FILLER_101_123,VDD,Metal1,75.8800,411.6000,4.999974
FILLER_101_76,VDD,Metal1,49.5600,411.6000,4.999975
FILLER_101_72,VDD,Metal1,48.5400,412.0325,4.999975
FILLER_101_54,VDD,Metal1,37.5200,411.6000,4.999975
FILLER_101_24,VDD,Metal1,20.4400,411.6000,4.999975
FILLER_101_22,VDD,Metal1,19.6000,411.6000,4.999975
FILLER_101_18,VDD,Metal1,18.3000,412.0325,4.999975
FILLER_100_422,VDD,Metal1,244.5400,411.1675,4.999978
FILLER_100_414,VDD,Metal1,241.3065,411.0230,4.999978
FILLER_100_405,VDD,Metal1,233.8000,411.6000,4.999978
FILLER_100_403,VDD,Metal1,232.9600,411.6000,4.999978
FILLER_100_394,VDD,Metal1,227.6400,411.6000,4.999978
FILLER_100_387,VDD,Metal1,223.7200,411.6000,4.999978
FILLER_100_384,VDD,Metal1,222.0400,411.6000,4.999978
FILLER_100_380,VDD,Metal1,221.0200,411.1675,4.999978
FILLER_100_350,VDD,Metal1,203.0000,411.6000,4.999979
FILLER_100_348,VDD,Metal1,202.1600,411.6000,4.999979
FILLER_100_332,VDD,Metal1,197.7280,410.9080,4.999979
FILLER_100_317,VDD,Metal1,184.5200,411.6000,4.999979
FILLER_100_314,VDD,Metal1,182.8400,411.6000,4.999979
FILLER_100_276,VDD,Metal1,162.7800,411.1675,4.999979
FILLER_100_271,VDD,Metal1,158.7600,411.6000,4.999979
FILLER_100_267,VDD,Metal1,157.7400,411.1675,4.999979
FILLER_100_251,VDD,Metal1,152.3680,410.9080,4.999979
FILLER_100_214,VDD,Metal1,127.1200,411.6000,4.999974
FILLER_100_210,VDD,Metal1,125.8200,411.1675,4.999974
FILLER_100_189,VDD,Metal1,113.1200,411.6000,4.999974
FILLER_100_185,VDD,Metal1,111.8200,411.1675,4.999974
FILLER_100_177,VDD,Metal1,108.5865,411.0230,4.999973
FILLER_100_173,VDD,Metal1,104.1600,411.6000,4.999973
FILLER_100_142,VDD,Metal1,86.8000,411.6000,4.999973
FILLER_100_129,VDD,Metal1,79.2400,411.6000,4.999974
FILLER_100_127,VDD,Metal1,78.4000,411.6000,4.999974
FILLER_100_123,VDD,Metal1,77.1000,411.1675,4.999974
FILLER_100_107,VDD,Metal1,71.7280,410.9080,4.999974
FILLER_100_95,VDD,Metal1,60.4800,411.6000,4.999975
FILLER_100_31,VDD,Metal1,25.5800,411.1675,4.999975
FILLER_99_422,VDD,Metal1,244.5400,404.1925,4.999955
FILLER_99_393,VDD,Metal1,227.3600,403.7600,4.999955
FILLER_99_385,VDD,Metal1,222.8800,403.7600,4.999955
FILLER_99_342,VDD,Metal1,198.8000,403.7600,4.999955
FILLER_99_338,VDD,Metal1,197.5000,404.1925,4.999955
FILLER_99_330,VDD,Metal1,194.2665,404.3365,4.999955
FILLER_99_314,VDD,Metal1,187.6480,404.4520,4.999955
FILLER_99_284,VDD,Metal1,166.0400,403.7600,4.999955
FILLER_99_282,VDD,Metal1,165.2000,403.7600,4.999955
FILLER_99_279,VDD,Metal1,163.2400,403.7600,4.999955
FILLER_99_277,VDD,Metal1,162.4000,403.7600,4.999955
FILLER_99_266,VDD,Metal1,155.9600,403.7600,4.999955
FILLER_99_262,VDD,Metal1,154.9400,404.1925,4.999954
FILLER_99_257,VDD,Metal1,150.9200,403.7600,4.999953
FILLER_99_255,VDD,Metal1,150.0800,403.7600,4.999953
FILLER_99_247,VDD,Metal1,147.7865,404.3365,4.999953
FILLER_99_231,VDD,Metal1,141.1680,404.4520,4.999950
FILLER_99_222,VDD,Metal1,131.3200,403.7600,4.999949
FILLER_99_220,VDD,Metal1,130.4800,403.7600,4.999949
FILLER_99_212,VDD,Metal1,128.1865,404.3365,4.999949
FILLER_99_183,VDD,Metal1,109.4800,403.7600,4.999951
FILLER_99_181,VDD,Metal1,108.6400,403.7600,4.999951
FILLER_99_177,VDD,Metal1,107.3400,404.1925,4.999951
FILLER_99_160,VDD,Metal1,96.6000,403.7600,4.999958
FILLER_99_156,VDD,Metal1,95.5800,404.1925,4.999958
FILLER_99_148,VDD,Metal1,92.3465,404.3365,4.999958
FILLER_99_139,VDD,Metal1,84.8400,403.7600,4.999959
FILLER_99_137,VDD,Metal1,84.0000,403.7600,4.999959
FILLER_99_104,VDD,Metal1,66.4600,404.1925,4.999960
FILLER_99_95,VDD,Metal1,60.2000,403.7600,4.999961
FILLER_99_93,VDD,Metal1,59.3600,403.7600,4.999961
FILLER_99_85,VDD,Metal1,57.0665,404.3365,4.999961
FILLER_99_80,VDD,Metal1,51.8000,403.7600,4.999961
FILLER_98_425,VDD,Metal1,245.0000,403.7600,4.999955
FILLER_98_423,VDD,Metal1,244.1600,403.7600,4.999955
FILLER_98_389,VDD,Metal1,224.8400,403.7600,4.999955
FILLER_98_387,VDD,Metal1,224.0000,403.7600,4.999955
FILLER_98_383,VDD,Metal1,221.7600,403.7600,4.999955
FILLER_98_379,VDD,Metal1,220.4600,403.3275,4.999955
FILLER_98_371,VDD,Metal1,215.0400,403.7600,4.999955
FILLER_98_258,VDD,Metal1,152.7000,403.3275,4.999953
FILLER_98_251,VDD,Metal1,147.8400,403.7600,4.999953
FILLER_98_247,VDD,Metal1,146.5400,403.3275,4.999953
FILLER_98_243,VDD,Metal1,143.3600,403.7600,4.999950
FILLER_98_239,VDD,Metal1,142.0600,403.3275,4.999950
FILLER_98_187,VDD,Metal1,111.7200,403.7600,4.999948
FILLER_98_185,VDD,Metal1,110.8800,403.7600,4.999948
FILLER_98_177,VDD,Metal1,108.5865,403.1830,4.999951
FILLER_98_174,VDD,Metal1,104.4400,403.7600,4.999955
FILLER_98_172,VDD,Metal1,103.6000,403.7600,4.999955
FILLER_98_168,VDD,Metal1,102.3000,403.3275,4.999955
FILLER_98_156,VDD,Metal1,96.8265,403.1830,4.999958
FILLER_98_140,VDD,Metal1,90.2080,403.0680,4.999958
FILLER_98_133,VDD,Metal1,81.4800,403.7600,4.999959
FILLER_98_128,VDD,Metal1,78.6800,403.7600,4.999959
FILLER_98_109,VDD,Metal1,68.0400,403.7600,4.999960
FILLER_98_107,VDD,Metal1,67.2000,403.7600,4.999960
FILLER_98_82,VDD,Metal1,54.1400,403.3275,4.999961
FILLER_98_74,VDD,Metal1,50.9065,403.1830,4.999961
FILLER_98_64,VDD,Metal1,43.1200,403.7600,4.999971
FILLER_98_37,VDD,Metal1,28.0000,403.7600,4.999973
FILLER_98_31,VDD,Metal1,25.5800,403.3275,4.999979
FILLER_97_422,VDD,Metal1,244.5400,396.3525,4.999954
FILLER_97_418,VDD,Metal1,241.3600,395.9200,4.999954
FILLER_97_414,VDD,Metal1,240.0600,396.3525,4.999954
FILLER_97_377,VDD,Metal1,218.4000,395.9200,4.999955
FILLER_97_335,VDD,Metal1,194.6000,395.9200,4.999956
FILLER_97_333,VDD,Metal1,193.7600,395.9200,4.999957
FILLER_97_329,VDD,Metal1,192.4600,396.3525,4.999957
FILLER_97_311,VDD,Metal1,182.3800,396.3525,4.999957
FILLER_97_303,VDD,Metal1,179.1465,396.4965,4.999957
FILLER_97_294,VDD,Metal1,171.6400,395.9200,4.999955
FILLER_97_290,VDD,Metal1,170.6200,396.3525,4.999954
FILLER_97_282,VDD,Metal1,167.3865,396.4965,4.999953
FILLER_97_240,VDD,Metal1,141.6800,395.9200,4.999955
FILLER_97_220,VDD,Metal1,130.2000,395.9200,4.999955
FILLER_97_212,VDD,Metal1,128.1865,396.4965,4.999955
FILLER_97_206,VDD,Metal1,123.5800,396.3525,4.999955
FILLER_97_196,VDD,Metal1,117.0400,395.9200,4.999956
FILLER_97_164,VDD,Metal1,108.1955,396.6885,4.999956
FILLER_97_154,VDD,Metal1,93.5200,395.9200,4.999957
FILLER_97_150,VDD,Metal1,92.2200,396.3525,4.999957
FILLER_97_142,VDD,Metal1,88.9865,396.4965,4.999957
FILLER_97_135,VDD,Metal1,82.6000,395.9200,4.999959
FILLER_97_133,VDD,Metal1,81.7600,395.9200,4.999959
FILLER_97_125,VDD,Metal1,79.4665,396.4965,4.999959
FILLER_97_110,VDD,Metal1,68.8800,395.9200,4.999959
FILLER_97_102,VDD,Metal1,66.5865,396.4965,4.999959
FILLER_97_96,VDD,Metal1,60.7600,395.9200,4.999978
FILLER_97_94,VDD,Metal1,59.9200,395.9200,4.999978
FILLER_97_88,VDD,Metal1,56.2800,395.9200,4.999979
FILLER_97_86,VDD,Metal1,55.4400,395.9200,4.999979
FILLER_97_82,VDD,Metal1,54.1400,396.3525,4.999979
FILLER_97_66,VDD,Metal1,45.1800,396.3525,4.999979
FILLER_97_53,VDD,Metal1,36.9600,395.9200,4.999979
FILLER_97_47,VDD,Metal1,33.6000,395.9200,4.999979
FILLER_97_43,VDD,Metal1,32.3000,396.3525,4.999979
FILLER_97_17,VDD,Metal1,16.5200,395.9200,4.999979
FILLER_97_15,VDD,Metal1,15.6800,395.9200,4.999979
FILLER_97_10,VDD,Metal1,12.6000,395.9200,4.999979
FILLER_97_8,VDD,Metal1,11.7600,395.9200,4.999979
FILLER_97_2,VDD,Metal1,8.4000,395.9200,4.999979
FILLER_96_424,VDD,Metal1,244.7200,395.9200,4.999954
FILLER_96_420,VDD,Metal1,243.4200,395.4875,4.999954
FILLER_96_369,VDD,Metal1,214.8600,395.4875,4.999955
FILLER_96_332,VDD,Metal1,193.2000,395.9200,4.999957
FILLER_96_323,VDD,Metal1,187.8800,395.9200,4.999957
FILLER_96_321,VDD,Metal1,187.0400,395.9200,4.999957
FILLER_96_317,VDD,Metal1,185.7400,395.4875,4.999957
FILLER_96_314,VDD,Metal1,182.8400,395.9200,4.999957
FILLER_96_310,VDD,Metal1,181.8200,395.4875,4.999957
FILLER_96_294,VDD,Metal1,176.4480,395.2280,4.999957
FILLER_96_264,VDD,Metal1,156.0600,395.4875,4.999952
FILLER_96_253,VDD,Metal1,148.6800,395.9200,4.999952
FILLER_96_251,VDD,Metal1,147.8400,395.9200,4.999953
FILLER_96_247,VDD,Metal1,146.5400,395.4875,4.999953
FILLER_96_244,VDD,Metal1,143.6400,395.9200,4.999955
FILLER_96_242,VDD,Metal1,142.8000,395.9200,4.999955
FILLER_96_238,VDD,Metal1,141.5000,395.4875,4.999955
FILLER_96_208,VDD,Metal1,123.4800,395.9200,4.999955
FILLER_96_200,VDD,Metal1,121.4665,395.3430,4.999955
FILLER_96_177,VDD,Metal1,108.5865,395.3430,4.999956
FILLER_96_174,VDD,Metal1,104.4400,395.9200,4.999956
FILLER_96_166,VDD,Metal1,102.4265,395.3430,4.999956
FILLER_96_139,VDD,Metal1,86.0600,395.4875,4.999958
FILLER_96_107,VDD,Metal1,76.2755,395.1510,4.999959
FILLER_96_104,VDD,Metal1,65.2400,395.9200,4.999961
FILLER_96_102,VDD,Metal1,64.4000,395.9200,4.999961
FILLER_96_98,VDD,Metal1,63.1000,395.4875,4.999970
FILLER_96_90,VDD,Metal1,59.8665,395.3430,4.999978
FILLER_96_55,VDD,Metal1,38.0800,395.9200,4.999979
FILLER_96_45,VDD,Metal1,32.4800,395.9200,4.999979
FILLER_96_37,VDD,Metal1,30.1865,395.3430,4.999979
FILLER_96_29,VDD,Metal1,23.2400,395.9200,4.999980
FILLER_96_21,VDD,Metal1,21.2265,395.3430,4.999980
FILLER_96_4,VDD,Metal1,9.2400,395.9200,4.999979
FILLER_96_2,VDD,Metal1,8.4000,395.9200,4.999979
FILLER_95_422,VDD,Metal1,244.5400,388.5125,4.999910
FILLER_95_419,VDD,Metal1,241.6400,388.0800,4.999910
FILLER_95_417,VDD,Metal1,240.8000,388.0800,4.999910
FILLER_95_402,VDD,Metal1,232.1200,388.0800,4.999910
FILLER_95_365,VDD,Metal1,211.6800,388.0800,4.999915
FILLER_95_352,VDD,Metal1,205.3400,388.5125,4.999915
FILLER_95_312,VDD,Metal1,181.7200,388.0800,4.999944
FILLER_95_310,VDD,Metal1,180.8800,388.0800,4.999944
FILLER_95_306,VDD,Metal1,179.5800,388.5125,4.999944
FILLER_95_298,VDD,Metal1,176.3465,388.6565,4.999944
FILLER_95_282,VDD,Metal1,169.7280,388.7720,4.999944
FILLER_95_258,VDD,Metal1,151.7600,388.0800,4.999944
FILLER_95_254,VDD,Metal1,150.4600,388.5125,4.999944
FILLER_95_238,VDD,Metal1,145.0880,388.7720,4.999944
FILLER_95_228,VDD,Metal1,134.9600,388.0800,4.999944
FILLER_95_212,VDD,Metal1,130.5280,388.7720,4.999944
FILLER_95_209,VDD,Metal1,124.0400,388.0800,4.999943
FILLER_95_207,VDD,Metal1,123.2000,388.0800,4.999943
FILLER_95_144,VDD,Metal1,87.6400,388.0800,4.999946
FILLER_95_142,VDD,Metal1,86.8000,388.0800,4.999946
FILLER_95_131,VDD,Metal1,80.3600,388.0800,4.999946
FILLER_95_127,VDD,Metal1,79.3400,388.5125,4.999946
FILLER_95_119,VDD,Metal1,76.1065,388.6565,4.999946
FILLER_95_103,VDD,Metal1,69.4880,388.7720,4.999946
FILLER_95_91,VDD,Metal1,58.2400,388.0800,4.999958
FILLER_95_74,VDD,Metal1,48.4400,388.0800,4.999961
FILLER_95_72,VDD,Metal1,47.6000,388.0800,4.999961
FILLER_95_69,VDD,Metal1,45.6400,388.0800,4.999962
FILLER_95_36,VDD,Metal1,28.3800,388.5125,4.999966
FILLER_95_2,VDD,Metal1,8.1200,388.0800,4.999967
FILLER_94_425,VDD,Metal1,245.0000,388.0800,4.999910
FILLER_94_421,VDD,Metal1,243.9800,387.6475,4.999910
FILLER_94_373,VDD,Metal1,217.1000,387.6475,4.999910
FILLER_94_317,VDD,Metal1,185.7400,387.6475,4.999942
FILLER_94_301,VDD,Metal1,178.0265,387.5030,4.999944
FILLER_94_263,VDD,Metal1,154.2800,388.0800,4.999944
FILLER_94_255,VDD,Metal1,152.2665,387.5030,4.999944
FILLER_94_238,VDD,Metal1,140.2800,388.0800,4.999944
FILLER_94_230,VDD,Metal1,138.2665,387.5030,4.999944
FILLER_94_214,VDD,Metal1,131.6480,387.3880,4.999944
FILLER_94_116,VDD,Metal1,71.9600,388.0800,4.999946
FILLER_94_89,VDD,Metal1,57.1200,388.0800,4.999959
FILLER_94_81,VDD,Metal1,54.8265,387.5030,4.999959
FILLER_94_72,VDD,Metal1,47.3200,388.0800,4.999961
FILLER_94_56,VDD,Metal1,43.1680,387.3880,4.999962
FILLER_94_47,VDD,Metal1,33.3200,388.0800,4.999962
FILLER_94_43,VDD,Metal1,32.3000,387.6475,4.999962
FILLER_94_31,VDD,Metal1,25.5800,387.6475,4.999967
FILLER_93_422,VDD,Metal1,244.5400,380.6725,4.999955
FILLER_93_390,VDD,Metal1,225.4000,380.2400,4.999955
FILLER_93_386,VDD,Metal1,224.3800,380.6725,4.999959
FILLER_93_352,VDD,Metal1,204.1200,380.2400,4.999960
FILLER_93_346,VDD,Metal1,201.9800,380.6725,4.999960
FILLER_93_261,VDD,Metal1,153.1600,380.2400,4.999964
FILLER_93_230,VDD,Metal1,136.0800,380.2400,4.999964
FILLER_93_216,VDD,Metal1,128.2400,380.2400,4.999964
FILLER_93_212,VDD,Metal1,126.9400,380.6725,4.999964
FILLER_93_155,VDD,Metal1,93.8000,380.2400,4.999965
FILLER_93_151,VDD,Metal1,92.7800,380.6725,4.999965
FILLER_93_146,VDD,Metal1,88.7600,380.2400,4.999965
FILLER_93_130,VDD,Metal1,80.0800,380.2400,4.999966
FILLER_93_126,VDD,Metal1,78.7800,380.6725,4.999966
FILLER_93_57,VDD,Metal1,39.2000,380.2400,4.999973
FILLER_93_53,VDD,Metal1,37.9000,380.6725,4.999973
FILLER_93_22,VDD,Metal1,19.6000,380.2400,4.999974
FILLER_92_395,VDD,Metal1,228.4800,380.2400,4.999955
FILLER_92_387,VDD,Metal1,224.0000,380.2400,4.999959
FILLER_92_340,VDD,Metal1,197.4000,380.2400,4.999960
FILLER_92_336,VDD,Metal1,196.3800,379.8075,4.999961
FILLER_92_326,VDD,Metal1,190.7800,379.8075,4.999961
FILLER_92_317,VDD,Metal1,184.5200,380.2400,4.999961
FILLER_92_313,VDD,Metal1,182.5600,380.2400,4.999961
FILLER_92_309,VDD,Metal1,181.2600,379.8075,4.999961
FILLER_92_301,VDD,Metal1,178.0265,379.6630,4.999964
FILLER_92_237,VDD,Metal1,140.0000,380.2400,4.999964
FILLER_92_177,VDD,Metal1,110.9280,379.5480,4.999964
FILLER_92_155,VDD,Metal1,94.0800,380.2400,4.999965
FILLER_92_151,VDD,Metal1,92.7800,379.8075,4.999965
FILLER_92_143,VDD,Metal1,89.5465,379.6630,4.999965
FILLER_92_136,VDD,Metal1,83.4400,380.2400,4.999966
FILLER_92_132,VDD,Metal1,82.1400,379.8075,4.999966
FILLER_92_124,VDD,Metal1,78.9065,379.6630,4.999966
FILLER_92_107,VDD,Metal1,66.9200,380.2400,4.999967
FILLER_92_89,VDD,Metal1,57.1200,380.2400,4.999971
FILLER_92_85,VDD,Metal1,55.8200,379.8075,4.999971
FILLER_92_71,VDD,Metal1,47.0400,380.2400,4.999971
FILLER_92_50,VDD,Metal1,37.4665,379.6630,4.999973
FILLER_92_31,VDD,Metal1,25.5800,379.8075,4.999974
FILLER_91_422,VDD,Metal1,244.5400,372.8325,4.999969
FILLER_91_419,VDD,Metal1,241.6400,372.4000,4.999969
FILLER_91_417,VDD,Metal1,240.8000,372.4000,4.999969
FILLER_91_362,VDD,Metal1,209.7200,372.4000,4.999969
FILLER_91_358,VDD,Metal1,208.7000,372.8325,4.999969
FILLER_91_334,VDD,Metal1,194.3200,372.4000,4.999969
FILLER_91_327,VDD,Metal1,190.1200,372.4000,4.999970
FILLER_91_325,VDD,Metal1,189.2800,372.4000,4.999970
FILLER_91_321,VDD,Metal1,187.9800,372.8325,4.999971
FILLER_91_313,VDD,Metal1,184.7465,372.9765,4.999971
FILLER_91_297,VDD,Metal1,178.1280,373.0920,4.999975
FILLER_91_250,VDD,Metal1,147.0000,372.4000,4.999972
FILLER_91_246,VDD,Metal1,145.9800,372.8325,4.999972
FILLER_91_238,VDD,Metal1,142.7465,372.9765,4.999972
FILLER_91_232,VDD,Metal1,136.9200,372.4000,4.999972
FILLER_91_216,VDD,Metal1,128.2400,372.4000,4.999972
FILLER_91_212,VDD,Metal1,126.9400,372.8325,4.999972
FILLER_91_209,VDD,Metal1,124.0400,372.4000,4.999972
FILLER_91_190,VDD,Metal1,114.6200,372.8325,4.999972
FILLER_91_174,VDD,Metal1,109.2480,373.0920,4.999972
FILLER_91_142,VDD,Metal1,95.8755,373.1685,4.999973
FILLER_91_139,VDD,Metal1,84.8400,372.4000,4.999974
FILLER_91_137,VDD,Metal1,84.0000,372.4000,4.999974
FILLER_91_133,VDD,Metal1,82.7000,372.8325,4.999974
FILLER_91_125,VDD,Metal1,79.4665,372.9765,4.999974
FILLER_91_118,VDD,Metal1,73.0800,372.4000,4.999975
FILLER_91_114,VDD,Metal1,72.0600,372.8325,4.999975
FILLER_91_72,VDD,Metal1,49.7865,372.9765,4.999978
FILLER_91_69,VDD,Metal1,45.6400,372.4000,4.999978
FILLER_91_53,VDD,Metal1,41.4880,373.0920,4.999978
FILLER_91_18,VDD,Metal1,17.3600,372.4000,4.999980
FILLER_90_378,VDD,Metal1,218.6800,372.4000,4.999969
FILLER_90_376,VDD,Metal1,217.8400,372.4000,4.999969
FILLER_90_372,VDD,Metal1,216.5400,371.9675,4.999969
FILLER_90_361,VDD,Metal1,209.4400,372.4000,4.999969
FILLER_90_331,VDD,Metal1,192.3600,372.4000,4.999969
FILLER_90_317,VDD,Metal1,184.8000,372.4000,4.999971
FILLER_90_313,VDD,Metal1,182.5600,372.4000,4.999975
FILLER_90_309,VDD,Metal1,181.2600,371.9675,4.999975
FILLER_90_302,VDD,Metal1,176.1200,372.4000,4.999975
FILLER_90_272,VDD,Metal1,159.3200,372.4000,4.999975
FILLER_90_247,VDD,Metal1,146.5400,371.9675,4.999972
FILLER_90_243,VDD,Metal1,143.3600,372.4000,4.999972
FILLER_90_205,VDD,Metal1,123.0200,371.9675,4.999972
FILLER_90_197,VDD,Metal1,119.7865,371.8230,4.999972
FILLER_90_181,VDD,Metal1,113.1680,371.7080,4.999972
FILLER_90_142,VDD,Metal1,86.5200,372.4000,4.999974
FILLER_90_140,VDD,Metal1,85.6800,372.4000,4.999974
FILLER_90_132,VDD,Metal1,83.3865,371.8230,4.999974
FILLER_90_122,VDD,Metal1,75.6000,372.4000,4.999975
FILLER_90_111,VDD,Metal1,69.1600,372.4000,4.999975
FILLER_90_107,VDD,Metal1,68.1400,371.9675,4.999975
FILLER_90_88,VDD,Metal1,56.2800,372.4000,4.999975
FILLER_90_80,VDD,Metal1,54.2665,371.8230,4.999978
FILLER_90_64,VDD,Metal1,47.6480,371.7080,4.999978
FILLER_90_54,VDD,Metal1,37.2400,372.4000,4.999979
FILLER_90_34,VDD,Metal1,26.0400,372.4000,4.999980
FILLER_89_422,VDD,Metal1,244.5400,364.9925,4.999918
FILLER_89_418,VDD,Metal1,241.3600,364.5600,4.999918
FILLER_89_414,VDD,Metal1,240.0600,364.9925,4.999918
FILLER_89_372,VDD,Metal1,215.6000,364.5600,4.999918
FILLER_89_364,VDD,Metal1,213.3065,365.1365,4.999918
FILLER_89_354,VDD,Metal1,205.2400,364.5600,4.999918
FILLER_89_352,VDD,Metal1,204.4000,364.5600,4.999918
FILLER_89_324,VDD,Metal1,188.4400,364.5600,4.999919
FILLER_89_322,VDD,Metal1,187.6000,364.5600,4.999919
FILLER_89_292,VDD,Metal1,170.5200,364.5600,4.999917
FILLER_89_290,VDD,Metal1,169.6800,364.5600,4.999917
FILLER_89_282,VDD,Metal1,167.3865,365.1365,4.999916
FILLER_89_276,VDD,Metal1,162.7800,364.9925,4.999910
FILLER_89_209,VDD,Metal1,124.0400,364.5600,4.999917
FILLER_89_193,VDD,Metal1,119.8880,365.2520,4.999917
FILLER_89_154,VDD,Metal1,93.5200,364.5600,4.999920
FILLER_89_150,VDD,Metal1,92.2200,364.9925,4.999920
FILLER_89_131,VDD,Metal1,80.3600,364.5600,4.999938
FILLER_89_127,VDD,Metal1,79.3400,364.9925,4.999938
FILLER_89_117,VDD,Metal1,72.5200,364.5600,4.999940
FILLER_89_102,VDD,Metal1,64.1200,364.5600,4.999944
FILLER_89_100,VDD,Metal1,63.2800,364.5600,4.999944
FILLER_89_91,VDD,Metal1,57.9600,364.5600,4.999969
FILLER_89_87,VDD,Metal1,56.9400,364.9925,4.999969
FILLER_89_79,VDD,Metal1,53.7065,365.1365,4.999969
FILLER_89_68,VDD,Metal1,45.3600,364.5600,4.999971
FILLER_89_64,VDD,Metal1,44.0600,364.9925,4.999971
FILLER_89_56,VDD,Metal1,40.8265,365.1365,4.999971
FILLER_89_47,VDD,Metal1,33.3200,364.5600,4.999973
FILLER_89_43,VDD,Metal1,32.3000,364.9925,4.999973
FILLER_88_424,VDD,Metal1,244.7200,364.5600,4.999918
FILLER_88_420,VDD,Metal1,243.4200,364.1275,4.999918
FILLER_88_387,VDD,Metal1,224.0000,364.5600,4.999918
FILLER_88_369,VDD,Metal1,213.9200,364.5600,4.999918
FILLER_88_343,VDD,Metal1,199.0800,364.5600,4.999918
FILLER_88_333,VDD,Metal1,193.7600,364.5600,4.999918
FILLER_88_314,VDD,Metal1,182.8400,364.5600,4.999919
FILLER_88_310,VDD,Metal1,181.8200,364.1275,4.999919
FILLER_88_280,VDD,Metal1,164.0800,364.5600,4.999912
FILLER_88_276,VDD,Metal1,162.7800,364.1275,4.999910
FILLER_88_243,VDD,Metal1,143.3600,364.5600,4.999910
FILLER_88_213,VDD,Metal1,126.2800,364.5600,4.999910
FILLER_88_209,VDD,Metal1,125.2600,364.1275,4.999916
FILLER_88_193,VDD,Metal1,115.3600,364.5600,4.999918
FILLER_88_185,VDD,Metal1,113.0665,363.9830,4.999918
FILLER_88_163,VDD,Metal1,99.5000,364.1275,4.999919
FILLER_88_158,VDD,Metal1,95.4800,364.5600,4.999920
FILLER_88_141,VDD,Metal1,85.9600,364.5600,4.999936
FILLER_88_132,VDD,Metal1,80.9200,364.5600,4.999938
FILLER_88_130,VDD,Metal1,80.0800,364.5600,4.999938
FILLER_88_126,VDD,Metal1,78.7800,364.1275,4.999938
FILLER_88_107,VDD,Metal1,67.2000,364.5600,4.999942
FILLER_88_101,VDD,Metal1,64.7800,364.1275,4.999944
FILLER_88_93,VDD,Metal1,61.5465,363.9830,4.999944
FILLER_88_77,VDD,Metal1,54.9280,363.8680,4.999969
FILLER_88_71,VDD,Metal1,46.7600,364.5600,4.999971
FILLER_88_67,VDD,Metal1,45.7400,364.1275,4.999971
FILLER_88_61,VDD,Metal1,41.1600,364.5600,4.999972
FILLER_88_57,VDD,Metal1,40.1400,364.1275,4.999972
FILLER_88_49,VDD,Metal1,36.9065,363.9830,4.999972
FILLER_88_34,VDD,Metal1,26.0400,364.5600,4.999973
FILLER_88_25,VDD,Metal1,21.0000,364.5600,4.999973
FILLER_88_17,VDD,Metal1,18.9865,363.9830,4.999973
FILLER_88_4,VDD,Metal1,9.2400,364.5600,4.999973
FILLER_88_2,VDD,Metal1,8.4000,364.5600,4.999973
FILLER_87_422,VDD,Metal1,244.5400,357.1525,4.999971
FILLER_87_419,VDD,Metal1,241.6400,356.7200,4.999971
FILLER_87_372,VDD,Metal1,216.5400,357.1525,4.999972
FILLER_87_358,VDD,Metal1,207.4800,356.7200,4.999972
FILLER_87_309,VDD,Metal1,180.0400,356.7200,4.999975
FILLER_87_307,VDD,Metal1,179.2000,356.7200,4.999975
FILLER_87_278,VDD,Metal1,162.9600,356.7200,4.999975
FILLER_87_270,VDD,Metal1,160.6665,357.2965,4.999975
FILLER_87_263,VDD,Metal1,154.2800,356.7200,4.999975
FILLER_87_261,VDD,Metal1,153.4400,356.7200,4.999975
FILLER_87_245,VDD,Metal1,149.0080,357.4120,4.999975
FILLER_87_224,VDD,Metal1,132.4400,356.7200,4.999974
FILLER_87_220,VDD,Metal1,131.4200,357.1525,4.999974
FILLER_87_212,VDD,Metal1,128.1865,357.2965,4.999974
FILLER_87_180,VDD,Metal1,107.8000,356.7200,4.999975
FILLER_87_172,VDD,Metal1,105.7865,357.2965,4.999975
FILLER_87_156,VDD,Metal1,99.1680,357.4120,4.999975
FILLER_87_146,VDD,Metal1,88.7600,356.7200,4.999975
FILLER_87_142,VDD,Metal1,87.7400,357.1525,4.999975
FILLER_87_139,VDD,Metal1,84.8400,356.7200,4.999975
FILLER_87_137,VDD,Metal1,84.0000,356.7200,4.999975
FILLER_87_113,VDD,Metal1,70.5600,356.7200,4.999975
FILLER_87_109,VDD,Metal1,69.2600,357.1525,4.999975
FILLER_87_100,VDD,Metal1,63.0000,356.7200,4.999976
FILLER_87_96,VDD,Metal1,61.9800,357.1525,4.999976
FILLER_87_88,VDD,Metal1,58.7465,357.2965,4.999976
FILLER_87_72,VDD,Metal1,52.1280,357.4120,4.999976
FILLER_87_52,VDD,Metal1,36.4000,356.7200,4.999981
FILLER_87_48,VDD,Metal1,35.1000,357.1525,4.999981
FILLER_87_33,VDD,Metal1,25.4800,356.7200,4.999982
FILLER_87_31,VDD,Metal1,24.6400,356.7200,4.999982
FILLER_86_395,VDD,Metal1,228.4800,356.7200,4.999971
FILLER_86_375,VDD,Metal1,218.2200,356.2875,4.999971
FILLER_86_314,VDD,Metal1,182.8400,356.7200,4.999974
FILLER_86_310,VDD,Metal1,181.8200,356.2875,4.999974
FILLER_86_301,VDD,Metal1,175.5600,356.7200,4.999975
FILLER_86_299,VDD,Metal1,174.7200,356.7200,4.999975
FILLER_86_254,VDD,Metal1,154.0480,356.0280,4.999975
FILLER_86_247,VDD,Metal1,145.6000,356.7200,4.999975
FILLER_86_244,VDD,Metal1,143.6400,356.7200,4.999975
FILLER_86_242,VDD,Metal1,142.8000,356.7200,4.999975
FILLER_86_238,VDD,Metal1,141.5000,356.2875,4.999974
FILLER_86_183,VDD,Metal1,109.4800,356.7200,4.999974
FILLER_86_181,VDD,Metal1,108.6400,356.7200,4.999974
FILLER_86_177,VDD,Metal1,107.3400,356.2875,4.999975
FILLER_86_171,VDD,Metal1,103.9800,356.2875,4.999975
FILLER_86_163,VDD,Metal1,100.7465,356.1430,4.999975
FILLER_86_131,VDD,Metal1,89.7155,355.9510,4.999975
FILLER_86_123,VDD,Metal1,76.1600,356.7200,4.999975
FILLER_86_107,VDD,Metal1,71.7280,356.0280,4.999975
FILLER_86_104,VDD,Metal1,65.2400,356.7200,4.999976
FILLER_86_102,VDD,Metal1,64.4000,356.7200,4.999976
FILLER_86_98,VDD,Metal1,63.1000,356.2875,4.999976
FILLER_86_82,VDD,Metal1,57.7280,356.0280,4.999976
FILLER_86_49,VDD,Metal1,35.6600,356.2875,4.999981
FILLER_86_37,VDD,Metal1,30.1865,356.1430,4.999981
FILLER_86_34,VDD,Metal1,26.0400,356.7200,4.999982
FILLER_86_18,VDD,Metal1,21.8880,356.0280,4.999982
FILLER_85_387,VDD,Metal1,224.9400,349.3125,4.999975
FILLER_85_368,VDD,Metal1,213.0800,348.8800,4.999975
FILLER_85_349,VDD,Metal1,202.4400,348.8800,4.999976
FILLER_85_322,VDD,Metal1,187.6000,348.8800,4.999977
FILLER_85_292,VDD,Metal1,170.5200,348.8800,4.999977
FILLER_85_288,VDD,Metal1,169.5000,349.3125,4.999977
FILLER_85_265,VDD,Metal1,155.4000,348.8800,4.999976
FILLER_85_263,VDD,Metal1,154.5600,348.8800,4.999976
FILLER_85_242,VDD,Metal1,142.5200,348.8800,4.999976
FILLER_85_240,VDD,Metal1,141.6800,348.8800,4.999976
FILLER_85_222,VDD,Metal1,132.5400,349.3125,4.999976
FILLER_85_212,VDD,Metal1,125.7200,348.8800,4.999976
FILLER_85_178,VDD,Metal1,106.9600,348.8800,4.999977
FILLER_85_174,VDD,Metal1,105.6600,349.3125,4.999977
FILLER_85_142,VDD,Metal1,95.8755,349.6485,4.999977
FILLER_85_138,VDD,Metal1,84.5600,348.8800,4.999977
FILLER_85_134,VDD,Metal1,83.2600,349.3125,4.999977
FILLER_85_126,VDD,Metal1,80.0265,349.4565,4.999977
FILLER_85_110,VDD,Metal1,73.4080,349.5720,4.999977
FILLER_85_101,VDD,Metal1,63.8400,348.8800,4.999977
FILLER_85_30,VDD,Metal1,23.8000,348.8800,4.999980
FILLER_85_26,VDD,Metal1,22.7800,349.3125,4.999980
FILLER_84_387,VDD,Metal1,224.0000,348.8800,4.999975
FILLER_84_350,VDD,Metal1,203.0000,348.8800,4.999976
FILLER_84_317,VDD,Metal1,185.7400,348.4475,4.999977
FILLER_84_236,VDD,Metal1,139.1600,348.8800,4.999976
FILLER_84_221,VDD,Metal1,130.7600,348.8800,4.999976
FILLER_84_219,VDD,Metal1,129.9200,348.8800,4.999976
FILLER_84_189,VDD,Metal1,112.8400,348.8800,4.999976
FILLER_84_181,VDD,Metal1,110.8265,348.3030,4.999976
FILLER_84_174,VDD,Metal1,104.4400,348.8800,4.999977
FILLER_84_170,VDD,Metal1,103.4200,348.4475,4.999977
FILLER_84_162,VDD,Metal1,100.1865,348.3030,4.999977
FILLER_84_153,VDD,Metal1,92.6800,348.8800,4.999977
FILLER_84_137,VDD,Metal1,88.5280,348.1880,4.999977
FILLER_84_128,VDD,Metal1,78.6800,348.8800,4.999977
FILLER_84_126,VDD,Metal1,77.8400,348.8800,4.999977
FILLER_84_118,VDD,Metal1,75.5465,348.3030,4.999977
FILLER_84_69,VDD,Metal1,46.8600,348.4475,4.999977
FILLER_84_37,VDD,Metal1,27.7200,348.8800,4.999980
FILLER_83_422,VDD,Metal1,244.5400,341.4725,4.999986
FILLER_83_385,VDD,Metal1,222.6000,341.0400,4.999986
FILLER_83_381,VDD,Metal1,221.5800,341.4725,4.999986
FILLER_83_298,VDD,Metal1,174.1600,341.0400,4.999986
FILLER_83_290,VDD,Metal1,171.8665,341.6165,4.999986
FILLER_83_278,VDD,Metal1,162.9600,341.0400,4.999986
FILLER_83_274,VDD,Metal1,161.6600,341.4725,4.999986
FILLER_83_237,VDD,Metal1,142.1865,341.6165,4.999986
FILLER_83_179,VDD,Metal1,107.2400,341.0400,4.999986
FILLER_83_177,VDD,Metal1,106.4000,341.0400,4.999986
FILLER_83_167,VDD,Metal1,100.5200,341.0400,4.999986
FILLER_83_152,VDD,Metal1,93.3400,341.4725,4.999986
FILLER_83_136,VDD,Metal1,84.3800,341.4725,4.999986
FILLER_83_76,VDD,Metal1,49.5600,341.0400,4.999988
FILLER_83_72,VDD,Metal1,48.5400,341.4725,4.999988
FILLER_83_50,VDD,Metal1,35.0000,341.0400,4.999990
FILLER_83_20,VDD,Metal1,18.2000,341.0400,4.999990
FILLER_83_18,VDD,Metal1,17.3600,341.0400,4.999990
FILLER_82_387,VDD,Metal1,223.7200,341.0400,4.999986
FILLER_82_326,VDD,Metal1,189.5600,341.0400,4.999986
FILLER_82_317,VDD,Metal1,184.5200,341.0400,4.999986
FILLER_82_247,VDD,Metal1,146.5400,340.6075,4.999986
FILLER_82_244,VDD,Metal1,143.6400,341.0400,4.999986
FILLER_82_242,VDD,Metal1,142.8000,341.0400,4.999986
FILLER_82_238,VDD,Metal1,141.5000,340.6075,4.999986
FILLER_82_197,VDD,Metal1,118.5400,340.6075,4.999986
FILLER_82_189,VDD,Metal1,115.3065,340.4630,4.999986
FILLER_82_163,VDD,Metal1,98.5600,341.0400,4.999986
FILLER_82_126,VDD,Metal1,77.5600,341.0400,4.999986
FILLER_82_89,VDD,Metal1,56.8400,341.0400,4.999988
FILLER_82_85,VDD,Metal1,55.8200,340.6075,4.999988
FILLER_82_73,VDD,Metal1,47.8800,341.0400,4.999988
FILLER_82_57,VDD,Metal1,43.7280,340.3480,4.999988
FILLER_82_52,VDD,Metal1,36.1200,341.0400,4.999990
FILLER_82_42,VDD,Metal1,30.8000,341.0400,4.999990
FILLER_82_2,VDD,Metal1,8.1200,341.0400,4.999990
FILLER_81_422,VDD,Metal1,244.5400,333.6325,4.999980
FILLER_81_419,VDD,Metal1,241.6400,333.2000,4.999980
FILLER_81_417,VDD,Metal1,240.8000,333.2000,4.999980
FILLER_81_372,VDD,Metal1,215.6000,333.2000,4.999980
FILLER_81_354,VDD,Metal1,205.2400,333.2000,4.999985
FILLER_81_352,VDD,Metal1,204.4000,333.2000,4.999985
FILLER_81_282,VDD,Metal1,167.3865,333.7765,4.999984
FILLER_81_279,VDD,Metal1,163.2400,333.2000,4.999984
FILLER_81_277,VDD,Metal1,162.4000,333.2000,4.999984
FILLER_81_253,VDD,Metal1,153.4880,333.8920,4.999984
FILLER_81_227,VDD,Metal1,134.1200,333.2000,4.999983
FILLER_81_216,VDD,Metal1,128.2400,333.2000,4.999982
FILLER_81_212,VDD,Metal1,126.9400,333.6325,4.999982
FILLER_81_209,VDD,Metal1,124.0400,333.2000,4.999982
FILLER_81_201,VDD,Metal1,122.0265,333.7765,4.999982
FILLER_81_142,VDD,Metal1,86.5200,333.2000,4.999982
FILLER_81_136,VDD,Metal1,84.3800,333.6325,4.999982
FILLER_81_105,VDD,Metal1,66.0800,333.2000,4.999983
FILLER_81_93,VDD,Metal1,59.3600,333.2000,4.999983
FILLER_81_83,VDD,Metal1,53.7600,333.2000,4.999983
FILLER_81_72,VDD,Metal1,47.3200,333.2000,4.999984
FILLER_81_69,VDD,Metal1,45.6400,333.2000,4.999984
FILLER_81_67,VDD,Metal1,44.8000,333.2000,4.999984
FILLER_81_59,VDD,Metal1,42.5065,333.7765,4.999984
FILLER_81_43,VDD,Metal1,35.8880,333.8920,4.999984
FILLER_81_16,VDD,Metal1,16.2400,333.2000,4.999985
FILLER_81_2,VDD,Metal1,8.4000,333.2000,4.999985
FILLER_80_377,VDD,Metal1,218.4000,333.2000,4.999980
FILLER_80_367,VDD,Metal1,213.7400,332.7675,4.999985
FILLER_80_314,VDD,Metal1,182.8400,333.2000,4.999985
FILLER_80_296,VDD,Metal1,175.2265,332.6230,4.999985
FILLER_80_255,VDD,Metal1,151.0200,332.7675,4.999984
FILLER_80_247,VDD,Metal1,147.7865,332.6230,4.999984
FILLER_80_243,VDD,Metal1,143.3600,333.2000,4.999984
FILLER_80_213,VDD,Metal1,126.2800,333.2000,4.999982
FILLER_80_211,VDD,Metal1,125.4400,333.2000,4.999982
FILLER_80_203,VDD,Metal1,123.1465,332.6230,4.999982
FILLER_80_187,VDD,Metal1,116.5280,332.5080,4.999982
FILLER_80_177,VDD,Metal1,106.4000,333.2000,4.999982
FILLER_80_174,VDD,Metal1,104.4400,333.2000,4.999982
FILLER_80_172,VDD,Metal1,103.6000,333.2000,4.999982
FILLER_80_162,VDD,Metal1,98.9400,332.7675,4.999982
FILLER_80_149,VDD,Metal1,91.6600,332.7675,4.999982
FILLER_80_135,VDD,Metal1,83.8200,332.7675,4.999982
FILLER_80_119,VDD,Metal1,73.9200,333.2000,4.999982
FILLER_80_115,VDD,Metal1,72.6200,332.7675,4.999982
FILLER_80_107,VDD,Metal1,69.3865,332.6230,4.999982
FILLER_80_93,VDD,Metal1,59.3600,333.2000,4.999983
FILLER_80_89,VDD,Metal1,58.0600,332.7675,4.999983
FILLER_80_31,VDD,Metal1,25.5800,332.7675,4.999985
FILLER_79_416,VDD,Metal1,241.1800,325.7925,4.999974
FILLER_79_376,VDD,Metal1,217.5600,325.3600,4.999975
FILLER_79_372,VDD,Metal1,216.5400,325.7925,4.999975
FILLER_79_320,VDD,Metal1,186.2000,325.3600,4.999975
FILLER_79_312,VDD,Metal1,182.0000,325.3600,4.999976
FILLER_79_305,VDD,Metal1,177.8000,325.3600,4.999976
FILLER_79_274,VDD,Metal1,160.7200,325.3600,4.999967
FILLER_79_263,VDD,Metal1,154.5600,325.3600,4.999967
FILLER_79_259,VDD,Metal1,153.2600,325.7925,4.999967
FILLER_79_251,VDD,Metal1,150.0265,325.9365,4.999967
FILLER_79_233,VDD,Metal1,137.4800,325.3600,4.999965
FILLER_79_229,VDD,Metal1,136.4600,325.7925,4.999965
FILLER_79_219,VDD,Metal1,129.6400,325.3600,4.999965
FILLER_79_217,VDD,Metal1,128.8000,325.3600,4.999965
FILLER_79_208,VDD,Metal1,123.7600,325.3600,4.999964
FILLER_79_204,VDD,Metal1,122.4600,325.7925,4.999964
FILLER_79_196,VDD,Metal1,119.2265,325.9365,4.999964
FILLER_79_166,VDD,Metal1,99.9600,325.3600,4.999963
FILLER_79_164,VDD,Metal1,99.1200,325.3600,4.999963
FILLER_79_160,VDD,Metal1,97.8200,325.7925,4.999963
FILLER_79_152,VDD,Metal1,94.5865,325.9365,4.999963
FILLER_79_142,VDD,Metal1,86.5200,325.3600,4.999963
FILLER_79_139,VDD,Metal1,84.8400,325.3600,4.999963
FILLER_79_137,VDD,Metal1,84.0000,325.3600,4.999963
FILLER_79_105,VDD,Metal1,75.1555,326.1285,4.999963
FILLER_79_96,VDD,Metal1,61.9800,325.7925,4.999963
FILLER_79_88,VDD,Metal1,58.7465,325.9365,4.999962
FILLER_79_72,VDD,Metal1,52.1280,326.0520,4.999962
FILLER_79_65,VDD,Metal1,43.4000,325.3600,4.999961
FILLER_79_20,VDD,Metal1,18.2000,325.3600,4.999962
FILLER_79_18,VDD,Metal1,17.3600,325.3600,4.999962
FILLER_78_395,VDD,Metal1,228.4800,325.3600,4.999974
FILLER_78_384,VDD,Metal1,222.0400,325.3600,4.999975
FILLER_78_382,VDD,Metal1,221.2000,325.3600,4.999975
FILLER_78_378,VDD,Metal1,219.9000,324.9275,4.999975
FILLER_78_303,VDD,Metal1,177.9000,324.9275,4.999976
FILLER_78_297,VDD,Metal1,173.6000,325.3600,4.999970
FILLER_78_287,VDD,Metal1,167.7200,325.3600,4.999968
FILLER_78_280,VDD,Metal1,163.8000,325.3600,4.999967
FILLER_78_278,VDD,Metal1,162.9600,325.3600,4.999967
FILLER_78_269,VDD,Metal1,157.6400,325.3600,4.999967
FILLER_78_265,VDD,Metal1,156.6200,324.9275,4.999967
FILLER_78_253,VDD,Metal1,148.9600,325.3600,4.999966
FILLER_78_237,VDD,Metal1,142.1865,324.7830,4.999965
FILLER_78_210,VDD,Metal1,124.8800,325.3600,4.999965
FILLER_78_201,VDD,Metal1,119.5600,325.3600,4.999964
FILLER_78_185,VDD,Metal1,115.4080,324.6680,4.999964
FILLER_78_166,VDD,Metal1,99.9600,325.3600,4.999963
FILLER_78_164,VDD,Metal1,99.1200,325.3600,4.999963
FILLER_78_132,VDD,Metal1,90.2755,324.5910,4.999963
FILLER_78_92,VDD,Metal1,58.5200,325.3600,4.999962
FILLER_78_90,VDD,Metal1,57.6800,325.3600,4.999962
FILLER_78_82,VDD,Metal1,55.3865,324.7830,4.999962
FILLER_78_66,VDD,Metal1,48.7680,324.6680,4.999962
FILLER_78_56,VDD,Metal1,38.6400,325.3600,4.999961
FILLER_78_52,VDD,Metal1,37.3400,324.9275,4.999961
FILLER_78_24,VDD,Metal1,20.4400,325.3600,4.999962
FILLER_78_22,VDD,Metal1,19.6000,325.3600,4.999962
FILLER_78_18,VDD,Metal1,18.3000,324.9275,4.999962
FILLER_77_422,VDD,Metal1,244.5400,317.9525,4.999966
FILLER_77_340,VDD,Metal1,197.6800,317.5200,4.999966
FILLER_77_279,VDD,Metal1,163.2400,317.5200,4.999964
FILLER_77_275,VDD,Metal1,162.2200,317.9525,4.999956
FILLER_77_267,VDD,Metal1,158.9865,318.0965,4.999955
FILLER_77_187,VDD,Metal1,112.0000,317.5200,4.999951
FILLER_77_183,VDD,Metal1,110.7000,317.9525,4.999951
FILLER_77_151,VDD,Metal1,100.9155,318.2885,4.999952
FILLER_77_146,VDD,Metal1,88.7600,317.5200,4.999952
FILLER_77_142,VDD,Metal1,87.7400,317.9525,4.999952
FILLER_77_138,VDD,Metal1,84.5600,317.5200,4.999952
FILLER_77_130,VDD,Metal1,82.2665,318.0965,4.999952
FILLER_77_116,VDD,Metal1,71.9600,317.5200,4.999955
FILLER_77_114,VDD,Metal1,71.1200,317.5200,4.999955
FILLER_77_84,VDD,Metal1,54.0400,317.5200,4.999955
FILLER_77_82,VDD,Metal1,53.2000,317.5200,4.999955
FILLER_77_72,VDD,Metal1,47.6000,317.5200,4.999964
FILLER_77_69,VDD,Metal1,45.6400,317.5200,4.999964
FILLER_77_65,VDD,Metal1,44.6200,317.9525,4.999964
FILLER_77_57,VDD,Metal1,41.3865,318.0965,4.999965
FILLER_77_51,VDD,Metal1,35.8400,317.5200,4.999965
FILLER_77_21,VDD,Metal1,18.7600,317.5200,4.999966
FILLER_77_19,VDD,Metal1,17.9200,317.5200,4.999966
FILLER_77_2,VDD,Metal1,8.1200,317.5200,4.999966
FILLER_76_387,VDD,Metal1,224.9400,317.0875,4.999966
FILLER_76_296,VDD,Metal1,172.7600,317.5200,4.999966
FILLER_76_281,VDD,Metal1,164.3600,317.5200,4.999965
FILLER_76_279,VDD,Metal1,163.5200,317.5200,4.999964
FILLER_76_256,VDD,Metal1,150.3600,317.5200,4.999952
FILLER_76_254,VDD,Metal1,149.5200,317.5200,4.999952
FILLER_76_181,VDD,Metal1,108.3600,317.5200,4.999952
FILLER_76_177,VDD,Metal1,107.3400,317.0875,4.999952
FILLER_76_171,VDD,Metal1,103.9800,317.0875,4.999952
FILLER_76_163,VDD,Metal1,100.7465,316.9430,4.999952
FILLER_76_133,VDD,Metal1,81.4800,317.5200,4.999952
FILLER_76_131,VDD,Metal1,80.6400,317.5200,4.999954
FILLER_76_127,VDD,Metal1,79.3400,317.0875,4.999954
FILLER_76_107,VDD,Metal1,68.1400,317.0875,4.999955
FILLER_76_93,VDD,Metal1,59.3600,317.5200,4.999955
FILLER_76_89,VDD,Metal1,58.0600,317.0875,4.999955
FILLER_76_62,VDD,Metal1,44.1865,316.9430,4.999964
FILLER_76_28,VDD,Metal1,22.6800,317.5200,4.999966
FILLER_76_4,VDD,Metal1,9.2400,317.5200,4.999966
FILLER_76_2,VDD,Metal1,8.4000,317.5200,4.999966
FILLER_75_422,VDD,Metal1,244.5400,310.1125,4.999963
FILLER_75_411,VDD,Metal1,237.1600,309.6800,4.999963
FILLER_75_409,VDD,Metal1,236.3200,309.6800,4.999963
FILLER_75_343,VDD,Metal1,199.0800,309.6800,4.999965
FILLER_75_327,VDD,Metal1,190.4000,309.6800,4.999965
FILLER_75_282,VDD,Metal1,167.3865,310.2565,4.999965
FILLER_75_276,VDD,Metal1,162.7800,310.1125,4.999964
FILLER_75_268,VDD,Metal1,159.5465,310.2565,4.999964
FILLER_75_248,VDD,Metal1,146.1600,309.6800,4.999961
FILLER_75_216,VDD,Metal1,127.9600,309.6800,4.999961
FILLER_75_212,VDD,Metal1,126.9400,310.1125,4.999961
FILLER_75_179,VDD,Metal1,107.5200,309.6800,4.999961
FILLER_75_166,VDD,Metal1,99.9600,309.6800,4.999962
FILLER_75_162,VDD,Metal1,98.9400,310.1125,4.999962
FILLER_75_131,VDD,Metal1,80.3600,309.6800,4.999962
FILLER_75_129,VDD,Metal1,79.5200,309.6800,4.999962
FILLER_75_61,VDD,Metal1,41.1600,309.6800,4.999964
FILLER_75_31,VDD,Metal1,24.3600,309.6800,4.999971
FILLER_74_424,VDD,Metal1,244.7200,309.6800,4.999963
FILLER_74_416,VDD,Metal1,242.4265,309.1030,4.999963
FILLER_74_321,VDD,Metal1,186.7600,309.6800,4.999965
FILLER_74_314,VDD,Metal1,182.8400,309.6800,4.999965
FILLER_74_312,VDD,Metal1,182.0000,309.6800,4.999965
FILLER_74_301,VDD,Metal1,175.5600,309.6800,4.999965
FILLER_74_299,VDD,Metal1,174.7200,309.6800,4.999965
FILLER_74_295,VDD,Metal1,173.4200,309.2475,4.999965
FILLER_74_288,VDD,Metal1,168.2800,309.6800,4.999965
FILLER_74_286,VDD,Metal1,167.4400,309.6800,4.999965
FILLER_74_282,VDD,Metal1,166.1400,309.2475,4.999965
FILLER_74_266,VDD,Metal1,158.4265,309.1030,4.999964
FILLER_74_257,VDD,Metal1,150.9200,309.6800,4.999963
FILLER_74_244,VDD,Metal1,143.6400,309.6800,4.999961
FILLER_74_236,VDD,Metal1,141.6265,309.1030,4.999961
FILLER_74_177,VDD,Metal1,106.1200,309.6800,4.999961
FILLER_74_166,VDD,Metal1,99.9600,309.6800,4.999962
FILLER_74_162,VDD,Metal1,98.9400,309.2475,4.999962
FILLER_74_129,VDD,Metal1,80.4600,309.2475,4.999962
FILLER_74_115,VDD,Metal1,71.6800,309.6800,4.999962
FILLER_74_107,VDD,Metal1,69.3865,309.1030,4.999962
FILLER_74_89,VDD,Metal1,61.6480,308.9880,4.999963
FILLER_74_34,VDD,Metal1,26.0400,309.6800,4.999969
FILLER_74_32,VDD,Metal1,25.2000,309.6800,4.999969
FILLER_74_22,VDD,Metal1,19.3200,309.6800,4.999971
FILLER_74_20,VDD,Metal1,18.4800,309.6800,4.999971
FILLER_74_16,VDD,Metal1,17.1800,309.2475,4.999971
FILLER_74_4,VDD,Metal1,9.2400,309.6800,4.999971
FILLER_74_2,VDD,Metal1,8.4000,309.6800,4.999971
FILLER_73_422,VDD,Metal1,244.5400,302.2725,4.999938
FILLER_73_393,VDD,Metal1,227.3600,301.8400,4.999938
FILLER_73_363,VDD,Metal1,210.2800,301.8400,4.999939
FILLER_73_359,VDD,Metal1,209.2600,302.2725,4.999939
FILLER_73_349,VDD,Metal1,202.4400,301.8400,4.999939
FILLER_73_316,VDD,Metal1,183.9600,301.8400,4.999945
FILLER_73_314,VDD,Metal1,183.1200,301.8400,4.999947
FILLER_73_298,VDD,Metal1,178.6880,302.5320,4.999947
FILLER_73_261,VDD,Metal1,153.1600,301.8400,4.999951
FILLER_73_254,VDD,Metal1,149.2400,301.8400,4.999951
FILLER_73_248,VDD,Metal1,146.1600,301.8400,4.999952
FILLER_73_232,VDD,Metal1,141.7280,302.5320,4.999952
FILLER_73_221,VDD,Metal1,131.0400,301.8400,4.999953
FILLER_73_194,VDD,Metal1,115.6400,301.8400,4.999953
FILLER_73_192,VDD,Metal1,114.8000,301.8400,4.999953
FILLER_73_188,VDD,Metal1,113.5000,302.2725,4.999953
FILLER_73_157,VDD,Metal1,95.2000,301.8400,4.999954
FILLER_73_139,VDD,Metal1,84.8400,301.8400,4.999955
FILLER_73_137,VDD,Metal1,84.0000,301.8400,4.999955
FILLER_73_133,VDD,Metal1,82.7000,302.2725,4.999955
FILLER_73_124,VDD,Metal1,76.4400,301.8400,4.999955
FILLER_73_120,VDD,Metal1,75.4200,302.2725,4.999955
FILLER_73_111,VDD,Metal1,69.1600,301.8400,4.999955
FILLER_73_107,VDD,Metal1,68.1400,302.2725,4.999958
FILLER_73_93,VDD,Metal1,59.3600,301.8400,4.999959
FILLER_73_84,VDD,Metal1,54.0400,301.8400,4.999959
FILLER_73_80,VDD,Metal1,53.0200,302.2725,4.999966
FILLER_73_72,VDD,Metal1,49.7865,302.4165,4.999966
FILLER_73_69,VDD,Metal1,45.6400,301.8400,4.999969
FILLER_73_65,VDD,Metal1,44.6200,302.2725,4.999969
FILLER_73_52,VDD,Metal1,36.1200,301.8400,4.999975
FILLER_73_22,VDD,Metal1,19.3200,301.8400,4.999976
FILLER_73_18,VDD,Metal1,18.3000,302.2725,4.999976
FILLER_73_10,VDD,Metal1,15.0665,302.4165,4.999976
FILLER_72_425,VDD,Metal1,245.0000,301.8400,4.999938
FILLER_72_377,VDD,Metal1,218.4000,301.8400,4.999939
FILLER_72_325,VDD,Metal1,189.0000,301.8400,4.999943
FILLER_72_317,VDD,Metal1,186.9865,301.2630,4.999943
FILLER_72_314,VDD,Metal1,182.8400,301.8400,4.999947
FILLER_72_312,VDD,Metal1,182.0000,301.8400,4.999947
FILLER_72_308,VDD,Metal1,180.7000,301.4075,4.999947
FILLER_72_292,VDD,Metal1,175.3280,301.1480,4.999948
FILLER_72_247,VDD,Metal1,150.1280,301.1480,4.999951
FILLER_72_244,VDD,Metal1,143.6400,301.8400,4.999952
FILLER_72_240,VDD,Metal1,142.6200,301.4075,4.999952
FILLER_72_226,VDD,Metal1,133.8400,301.8400,4.999953
FILLER_72_219,VDD,Metal1,129.6400,301.8400,4.999953
FILLER_72_217,VDD,Metal1,128.8000,301.8400,4.999953
FILLER_72_209,VDD,Metal1,126.5065,301.2630,4.999953
FILLER_72_177,VDD,Metal1,115.4755,301.0710,4.999953
FILLER_72_161,VDD,Metal1,97.4400,301.8400,4.999954
FILLER_72_157,VDD,Metal1,96.1400,301.4075,4.999954
FILLER_72_149,VDD,Metal1,92.9065,301.2630,4.999954
FILLER_72_137,VDD,Metal1,84.9400,301.4075,4.999955
FILLER_72_107,VDD,Metal1,66.9200,301.8400,4.999958
FILLER_72_72,VDD,Metal1,49.7865,301.2630,4.999966
FILLER_72_56,VDD,Metal1,43.1680,301.1480,4.999969
FILLER_72_49,VDD,Metal1,34.7200,301.8400,4.999976
FILLER_72_45,VDD,Metal1,33.4200,301.4075,4.999976
FILLER_72_2,VDD,Metal1,10.5865,301.2630,4.999976
FILLER_71_422,VDD,Metal1,244.5400,294.4325,4.999954
FILLER_71_419,VDD,Metal1,241.6400,294.0000,4.999954
FILLER_71_417,VDD,Metal1,240.8000,294.0000,4.999954
FILLER_71_401,VDD,Metal1,231.5600,294.0000,4.999954
FILLER_71_349,VDD,Metal1,202.4400,294.0000,4.999958
FILLER_71_345,VDD,Metal1,201.4200,294.4325,4.999958
FILLER_71_314,VDD,Metal1,183.1200,294.0000,4.999960
FILLER_71_282,VDD,Metal1,174.2755,294.7685,4.999961
FILLER_71_270,VDD,Metal1,158.4800,294.0000,4.999956
FILLER_71_262,VDD,Metal1,156.1865,294.5765,4.999956
FILLER_71_246,VDD,Metal1,149.5680,294.6920,4.999956
FILLER_71_203,VDD,Metal1,120.6800,294.0000,4.999939
FILLER_71_201,VDD,Metal1,119.8400,294.0000,4.999939
FILLER_71_197,VDD,Metal1,118.5400,294.4325,4.999939
FILLER_71_189,VDD,Metal1,115.3065,294.5765,4.999939
FILLER_71_158,VDD,Metal1,95.7600,294.0000,4.999939
FILLER_71_142,VDD,Metal1,91.3280,294.6920,4.999939
FILLER_71_136,VDD,Metal1,84.3800,294.4325,4.999938
FILLER_71_128,VDD,Metal1,81.1465,294.5765,4.999938
FILLER_71_84,VDD,Metal1,54.3200,294.0000,4.999949
FILLER_71_80,VDD,Metal1,53.0200,294.4325,4.999949
FILLER_71_68,VDD,Metal1,45.3600,294.0000,4.999949
FILLER_71_64,VDD,Metal1,44.0600,294.4325,4.999949
FILLER_71_48,VDD,Metal1,38.6880,294.6920,4.999949
FILLER_71_22,VDD,Metal1,19.3200,294.0000,4.999950
FILLER_71_6,VDD,Metal1,15.1680,294.6920,4.999950
FILLER_70_395,VDD,Metal1,228.4800,294.0000,4.999955
FILLER_70_358,VDD,Metal1,207.7600,294.0000,4.999955
FILLER_70_317,VDD,Metal1,184.8000,294.0000,4.999960
FILLER_70_308,VDD,Metal1,179.4800,294.0000,4.999961
FILLER_70_306,VDD,Metal1,178.6400,294.0000,4.999961
FILLER_70_302,VDD,Metal1,177.3400,293.5675,4.999961
FILLER_70_296,VDD,Metal1,173.0400,294.0000,4.999961
FILLER_70_288,VDD,Metal1,170.7465,293.4230,4.999961
FILLER_70_270,VDD,Metal1,158.4800,294.0000,4.999956
FILLER_70_254,VDD,Metal1,154.0480,293.3080,4.999956
FILLER_70_247,VDD,Metal1,145.3200,294.0000,4.999955
FILLER_70_230,VDD,Metal1,135.8000,294.0000,4.999954
FILLER_70_193,VDD,Metal1,115.3600,294.0000,4.999939
FILLER_70_177,VDD,Metal1,110.9280,293.3080,4.999939
FILLER_70_166,VDD,Metal1,99.9600,294.0000,4.999939
FILLER_70_150,VDD,Metal1,95.8080,293.3080,4.999939
FILLER_70_140,VDD,Metal1,85.6800,294.0000,4.999938
FILLER_70_136,VDD,Metal1,84.3800,293.5675,4.999938
FILLER_70_104,VDD,Metal1,65.2400,294.0000,4.999938
FILLER_70_93,VDD,Metal1,59.0800,294.0000,4.999939
FILLER_70_55,VDD,Metal1,37.8000,294.0000,4.999949
FILLER_70_53,VDD,Metal1,36.9600,294.0000,4.999950
FILLER_70_37,VDD,Metal1,32.5280,293.3080,4.999950
FILLER_70_31,VDD,Metal1,25.5800,293.5675,4.999950
FILLER_69_422,VDD,Metal1,244.5400,286.5925,4.999953
FILLER_69_419,VDD,Metal1,241.6400,286.1600,4.999953
FILLER_69_415,VDD,Metal1,240.6200,286.5925,4.999953
FILLER_69_341,VDD,Metal1,197.9600,286.1600,4.999953
FILLER_69_326,VDD,Metal1,189.5600,286.1600,4.999953
FILLER_69_317,VDD,Metal1,184.5200,286.1600,4.999955
FILLER_69_301,VDD,Metal1,175.8400,286.1600,4.999958
FILLER_69_293,VDD,Metal1,173.5465,286.7365,4.999958
FILLER_69_270,VDD,Metal1,158.2000,286.1600,4.999958
FILLER_69_262,VDD,Metal1,156.1865,286.7365,4.999958
FILLER_69_214,VDD,Metal1,126.8400,286.1600,4.999958
FILLER_69_212,VDD,Metal1,126.0000,286.1600,4.999958
FILLER_69_183,VDD,Metal1,109.7600,286.1600,4.999958
FILLER_69_179,VDD,Metal1,108.4600,286.5925,4.999958
FILLER_69_171,VDD,Metal1,105.2265,286.7365,4.999958
FILLER_69_155,VDD,Metal1,98.6080,286.8520,4.999959
FILLER_69_142,VDD,Metal1,86.5200,286.1600,4.999959
FILLER_69_139,VDD,Metal1,84.8400,286.1600,4.999959
FILLER_69_135,VDD,Metal1,83.8200,286.5925,4.999959
FILLER_69_127,VDD,Metal1,80.5865,286.7365,4.999959
FILLER_69_115,VDD,Metal1,73.8665,286.7365,4.999960
FILLER_69_72,VDD,Metal1,47.6000,286.1600,4.999961
FILLER_69_60,VDD,Metal1,40.8800,286.1600,4.999961
FILLER_69_51,VDD,Metal1,35.5600,286.1600,4.999966
FILLER_69_49,VDD,Metal1,34.7200,286.1600,4.999968
FILLER_69_6,VDD,Metal1,10.3600,286.1600,4.999968
FILLER_68_425,VDD,Metal1,245.0000,286.1600,4.999953
FILLER_68_421,VDD,Metal1,243.9800,285.7275,4.999953
FILLER_68_406,VDD,Metal1,235.5800,285.7275,4.999953
FILLER_68_384,VDD,Metal1,222.0400,286.1600,4.999953
FILLER_68_368,VDD,Metal1,213.3600,286.1600,4.999953
FILLER_68_317,VDD,Metal1,184.5200,286.1600,4.999955
FILLER_68_313,VDD,Metal1,182.5600,286.1600,4.999957
FILLER_68_280,VDD,Metal1,165.0200,285.7275,4.999958
FILLER_68_197,VDD,Metal1,117.6000,286.1600,4.999958
FILLER_68_193,VDD,Metal1,116.3000,285.7275,4.999958
FILLER_68_177,VDD,Metal1,110.9280,285.4680,4.999958
FILLER_68_165,VDD,Metal1,99.6800,286.1600,4.999959
FILLER_68_121,VDD,Metal1,74.7600,286.1600,4.999960
FILLER_68_119,VDD,Metal1,73.9200,286.1600,4.999960
FILLER_68_115,VDD,Metal1,72.6200,285.7275,4.999960
FILLER_68_107,VDD,Metal1,69.3865,285.5830,4.999960
FILLER_68_103,VDD,Metal1,64.9600,286.1600,4.999960
FILLER_68_66,VDD,Metal1,46.4265,285.5830,4.999961
FILLER_68_41,VDD,Metal1,29.9600,286.1600,4.999968
FILLER_68_37,VDD,Metal1,28.9400,285.7275,4.999968
FILLER_68_31,VDD,Metal1,25.5800,285.7275,4.999968
FILLER_67_422,VDD,Metal1,244.5400,278.7525,4.999952
FILLER_67_366,VDD,Metal1,213.1800,278.7525,4.999952
FILLER_67_349,VDD,Metal1,202.4400,278.3200,4.999952
FILLER_67_284,VDD,Metal1,166.0400,278.3200,4.999952
FILLER_67_282,VDD,Metal1,165.2000,278.3200,4.999952
FILLER_67_276,VDD,Metal1,162.7800,278.7525,4.999952
FILLER_67_254,VDD,Metal1,149.2400,278.3200,4.999953
FILLER_67_212,VDD,Metal1,126.9400,278.7525,4.999953
FILLER_67_206,VDD,Metal1,123.5800,278.7525,4.999953
FILLER_67_142,VDD,Metal1,86.5200,278.3200,4.999958
FILLER_67_138,VDD,Metal1,84.5600,278.3200,4.999958
FILLER_67_130,VDD,Metal1,82.2665,278.8965,4.999958
FILLER_67_120,VDD,Metal1,74.4800,278.3200,4.999960
FILLER_67_104,VDD,Metal1,70.0480,279.0120,4.999960
FILLER_67_72,VDD,Metal1,56.6755,279.0885,4.999962
FILLER_67_35,VDD,Metal1,26.8800,278.3200,4.999965
FILLER_67_31,VDD,Metal1,25.5800,278.7525,4.999966
FILLER_66_375,VDD,Metal1,217.0000,278.3200,4.999952
FILLER_66_327,VDD,Metal1,191.3400,277.8875,4.999952
FILLER_66_313,VDD,Metal1,182.5600,278.3200,4.999952
FILLER_66_277,VDD,Metal1,162.1200,278.3200,4.999952
FILLER_66_273,VDD,Metal1,161.1000,277.8875,4.999952
FILLER_66_267,VDD,Metal1,156.5200,278.3200,4.999953
FILLER_66_244,VDD,Metal1,143.6400,278.3200,4.999953
FILLER_66_235,VDD,Metal1,138.6000,278.3200,4.999953
FILLER_66_231,VDD,Metal1,137.5800,277.8875,4.999953
FILLER_66_198,VDD,Metal1,119.1000,277.8875,4.999953
FILLER_66_181,VDD,Metal1,108.6400,278.3200,4.999953
FILLER_66_145,VDD,Metal1,88.2000,278.3200,4.999957
FILLER_66_143,VDD,Metal1,87.3600,278.3200,4.999957
FILLER_66_135,VDD,Metal1,85.0665,277.7430,4.999958
FILLER_66_103,VDD,Metal1,64.9600,278.3200,4.999961
FILLER_66_99,VDD,Metal1,63.6600,277.8875,4.999962
FILLER_66_67,VDD,Metal1,53.8755,277.5510,4.999962
FILLER_66_37,VDD,Metal1,27.7200,278.3200,4.999965
FILLER_66_34,VDD,Metal1,26.0400,278.3200,4.999966
FILLER_66_26,VDD,Metal1,24.0265,277.7430,4.999966
FILLER_66_14,VDD,Metal1,17.3065,277.7430,4.999967
FILLER_66_2,VDD,Metal1,9.3400,277.8875,4.999967
FILLER_65_422,VDD,Metal1,244.5400,270.9125,4.999943
FILLER_65_361,VDD,Metal1,209.1600,270.4800,4.999943
FILLER_65_346,VDD,Metal1,201.9800,270.9125,4.999943
FILLER_65_282,VDD,Metal1,164.9200,270.4800,4.999947
FILLER_65_279,VDD,Metal1,163.2400,270.4800,4.999948
FILLER_65_277,VDD,Metal1,162.4000,270.4800,4.999948
FILLER_65_273,VDD,Metal1,161.1000,270.9125,4.999948
FILLER_65_265,VDD,Metal1,157.8665,271.0565,4.999948
FILLER_65_235,VDD,Metal1,138.6000,270.4800,4.999949
FILLER_65_233,VDD,Metal1,137.7600,270.4800,4.999949
FILLER_65_229,VDD,Metal1,136.4600,270.9125,4.999950
FILLER_65_212,VDD,Metal1,126.0000,270.4800,4.999951
FILLER_65_209,VDD,Metal1,124.0400,270.4800,4.999951
FILLER_65_207,VDD,Metal1,123.2000,270.4800,4.999951
FILLER_65_176,VDD,Metal1,105.8400,270.4800,4.999955
FILLER_65_172,VDD,Metal1,104.5400,270.9125,4.999955
FILLER_65_142,VDD,Metal1,86.5200,270.4800,4.999956
FILLER_65_139,VDD,Metal1,84.8400,270.4800,4.999956
FILLER_65_135,VDD,Metal1,83.8200,270.9125,4.999956
FILLER_65_119,VDD,Metal1,78.4480,271.1720,4.999956
FILLER_65_105,VDD,Metal1,65.8000,270.4800,4.999958
FILLER_65_92,VDD,Metal1,58.8000,270.4800,4.999959
FILLER_65_88,VDD,Metal1,57.5000,270.9125,4.999959
FILLER_65_72,VDD,Metal1,52.1280,271.1720,4.999960
FILLER_65_54,VDD,Metal1,42.0480,271.1720,4.999961
FILLER_65_8,VDD,Metal1,11.4800,270.4800,4.999962
FILLER_65_6,VDD,Metal1,10.6400,270.4800,4.999962
FILLER_65_2,VDD,Metal1,9.3400,270.9125,4.999962
FILLER_64_425,VDD,Metal1,245.0000,270.4800,4.999943
FILLER_64_309,VDD,Metal1,180.0400,270.4800,4.999947
FILLER_64_301,VDD,Metal1,178.0265,269.9030,4.999947
FILLER_64_291,VDD,Metal1,170.2400,270.4800,4.999947
FILLER_64_287,VDD,Metal1,168.9400,270.0475,4.999947
FILLER_64_279,VDD,Metal1,165.7065,269.9030,4.999947
FILLER_64_247,VDD,Metal1,154.6755,269.7110,4.999948
FILLER_64_237,VDD,Metal1,142.1865,269.9030,4.999948
FILLER_64_177,VDD,Metal1,107.3400,270.0475,4.999955
FILLER_64_174,VDD,Metal1,104.4400,270.4800,4.999955
FILLER_64_170,VDD,Metal1,103.4200,270.0475,4.999955
FILLER_64_161,VDD,Metal1,97.1600,270.4800,4.999955
FILLER_64_159,VDD,Metal1,96.3200,270.4800,4.999955
FILLER_64_155,VDD,Metal1,95.0200,270.0475,4.999955
FILLER_64_147,VDD,Metal1,91.7865,269.9030,4.999955
FILLER_64_115,VDD,Metal1,80.7555,269.7110,4.999956
FILLER_64_104,VDD,Metal1,65.2400,270.4800,4.999958
FILLER_64_100,VDD,Metal1,64.2200,270.0475,4.999958
FILLER_64_82,VDD,Metal1,54.1400,270.0475,4.999960
FILLER_64_71,VDD,Metal1,47.0400,270.4800,4.999961
FILLER_64_63,VDD,Metal1,44.7465,269.9030,4.999961
FILLER_64_47,VDD,Metal1,38.1280,269.7880,4.999962
FILLER_63_422,VDD,Metal1,244.5400,263.0725,4.999981
FILLER_63_286,VDD,Metal1,176.5155,263.4085,4.999986
FILLER_63_279,VDD,Metal1,163.2400,262.6400,4.999986
FILLER_63_273,VDD,Metal1,159.8800,262.6400,4.999986
FILLER_63_265,VDD,Metal1,157.8665,263.2165,4.999986
FILLER_63_258,VDD,Metal1,151.4800,262.6400,4.999984
FILLER_63_256,VDD,Metal1,150.6400,262.6400,4.999984
FILLER_63_252,VDD,Metal1,149.3400,263.0725,4.999982
FILLER_63_244,VDD,Metal1,146.1065,263.2165,4.999982
FILLER_63_212,VDD,Metal1,125.7200,262.6400,4.999981
FILLER_63_209,VDD,Metal1,124.0400,262.6400,4.999981
FILLER_63_207,VDD,Metal1,123.2000,262.6400,4.999981
FILLER_63_188,VDD,Metal1,112.5600,262.6400,4.999981
FILLER_63_177,VDD,Metal1,106.4000,262.6400,4.999981
FILLER_63_169,VDD,Metal1,104.1065,263.2165,4.999981
FILLER_63_154,VDD,Metal1,93.2400,262.6400,4.999982
FILLER_63_150,VDD,Metal1,92.2200,263.0725,4.999982
FILLER_63_142,VDD,Metal1,86.8000,262.6400,4.999982
FILLER_63_139,VDD,Metal1,84.8400,262.6400,4.999983
FILLER_63_137,VDD,Metal1,84.0000,262.6400,4.999983
FILLER_63_129,VDD,Metal1,81.7065,263.2165,4.999983
FILLER_63_110,VDD,Metal1,69.8200,263.0725,4.999983
FILLER_63_99,VDD,Metal1,62.4400,262.6400,4.999984
FILLER_63_97,VDD,Metal1,61.6000,262.6400,4.999984
FILLER_63_93,VDD,Metal1,60.3000,263.0725,4.999984
FILLER_63_72,VDD,Metal1,48.5400,263.0725,4.999984
FILLER_63_6,VDD,Metal1,10.3600,262.6400,4.999984
FILLER_62_377,VDD,Metal1,218.4000,262.6400,4.999981
FILLER_62_367,VDD,Metal1,213.7400,262.2075,4.999982
FILLER_62_337,VDD,Metal1,195.7200,262.6400,4.999982
FILLER_62_300,VDD,Metal1,176.2200,262.2075,4.999986
FILLER_62_274,VDD,Metal1,160.4400,262.6400,4.999986
FILLER_62_272,VDD,Metal1,159.6000,262.6400,4.999986
FILLER_62_268,VDD,Metal1,158.3000,262.2075,4.999986
FILLER_62_260,VDD,Metal1,155.0665,262.0630,4.999986
FILLER_62_247,VDD,Metal1,147.7865,262.0630,4.999982
FILLER_62_243,VDD,Metal1,143.3600,262.6400,4.999982
FILLER_62_239,VDD,Metal1,142.0600,262.2075,4.999982
FILLER_62_177,VDD,Metal1,106.4000,262.6400,4.999981
FILLER_62_159,VDD,Metal1,97.2600,262.2075,4.999982
FILLER_62_149,VDD,Metal1,90.7200,262.6400,4.999982
FILLER_62_141,VDD,Metal1,85.9600,262.6400,4.999982
FILLER_62_109,VDD,Metal1,68.0400,262.6400,4.999983
FILLER_62_107,VDD,Metal1,67.2000,262.6400,4.999983
FILLER_62_104,VDD,Metal1,65.2400,262.6400,4.999983
FILLER_62_92,VDD,Metal1,58.5200,262.6400,4.999984
FILLER_62_77,VDD,Metal1,50.1200,262.6400,4.999984
FILLER_62_75,VDD,Metal1,49.2800,262.6400,4.999984
FILLER_62_50,VDD,Metal1,35.2800,262.6400,4.999984
FILLER_62_46,VDD,Metal1,33.9800,262.2075,4.999984
FILLER_62_31,VDD,Metal1,25.5800,262.2075,4.999984
FILLER_61_422,VDD,Metal1,244.5400,255.2325,4.999915
FILLER_61_418,VDD,Metal1,241.3600,254.8000,4.999915
FILLER_61_410,VDD,Metal1,239.0665,255.3765,4.999915
FILLER_61_352,VDD,Metal1,205.3400,255.2325,4.999915
FILLER_61_305,VDD,Metal1,177.8000,254.8000,4.999938
FILLER_61_303,VDD,Metal1,176.9600,254.8000,4.999938
FILLER_61_295,VDD,Metal1,172.2000,254.8000,4.999931
FILLER_61_279,VDD,Metal1,163.2400,254.8000,4.999929
FILLER_61_277,VDD,Metal1,162.4000,254.8000,4.999929
FILLER_61_267,VDD,Metal1,156.8000,254.8000,4.999929
FILLER_61_212,VDD,Metal1,125.7200,254.8000,4.999920
FILLER_61_206,VDD,Metal1,123.5800,255.2325,4.999920
FILLER_61_138,VDD,Metal1,84.5600,254.8000,4.999924
FILLER_61_92,VDD,Metal1,58.5200,254.8000,4.999947
FILLER_61_88,VDD,Metal1,57.5000,255.2325,4.999947
FILLER_61_76,VDD,Metal1,49.5600,254.8000,4.999947
FILLER_61_72,VDD,Metal1,48.5400,255.2325,4.999947
FILLER_61_54,VDD,Metal1,42.0480,255.4920,4.999947
FILLER_61_44,VDD,Metal1,31.6400,254.8000,4.999953
FILLER_61_20,VDD,Metal1,18.2000,254.8000,4.999959
FILLER_61_18,VDD,Metal1,17.3600,254.8000,4.999959
FILLER_60_425,VDD,Metal1,245.0000,254.8000,4.999915
FILLER_60_423,VDD,Metal1,244.1600,254.8000,4.999915
FILLER_60_419,VDD,Metal1,242.8600,254.3675,4.999915
FILLER_60_381,VDD,Metal1,221.5800,254.3675,4.999915
FILLER_60_317,VDD,Metal1,184.8000,254.8000,4.999922
FILLER_60_299,VDD,Metal1,175.6600,254.3675,4.999936
FILLER_60_262,VDD,Metal1,154.0000,254.8000,4.999928
FILLER_60_258,VDD,Metal1,152.7000,254.3675,4.999921
FILLER_60_177,VDD,Metal1,107.3400,254.3675,4.999920
FILLER_60_174,VDD,Metal1,104.4400,254.8000,4.999921
FILLER_60_136,VDD,Metal1,83.1600,254.8000,4.999924
FILLER_60_134,VDD,Metal1,82.3200,254.8000,4.999924
FILLER_60_115,VDD,Metal1,71.4000,254.8000,4.999941
FILLER_60_107,VDD,Metal1,69.3865,254.2230,4.999941
FILLER_60_103,VDD,Metal1,64.9600,254.8000,4.999944
FILLER_60_93,VDD,Metal1,59.0800,254.8000,4.999947
FILLER_60_91,VDD,Metal1,58.2400,254.8000,4.999947
FILLER_60_87,VDD,Metal1,56.9400,254.3675,4.999947
FILLER_60_79,VDD,Metal1,53.7065,254.2230,4.999947
FILLER_60_63,VDD,Metal1,47.0880,254.1080,4.999947
FILLER_60_49,VDD,Metal1,34.4400,254.8000,4.999950
FILLER_60_45,VDD,Metal1,33.4200,254.3675,4.999950
FILLER_60_18,VDD,Metal1,19.5465,254.2230,4.999959
FILLER_59_419,VDD,Metal1,241.6400,246.9600,4.999966
FILLER_59_417,VDD,Metal1,240.8000,246.9600,4.999966
FILLER_59_356,VDD,Metal1,206.3600,246.9600,4.999967
FILLER_59_352,VDD,Metal1,205.3400,247.3925,4.999967
FILLER_59_346,VDD,Metal1,201.9800,247.3925,4.999967
FILLER_59_336,VDD,Metal1,195.1600,246.9600,4.999967
FILLER_59_334,VDD,Metal1,194.3200,246.9600,4.999968
FILLER_59_276,VDD,Metal1,162.7800,247.3925,4.999970
FILLER_59_245,VDD,Metal1,144.4800,246.9600,4.999969
FILLER_59_212,VDD,Metal1,126.9400,247.3925,4.999969
FILLER_59_198,VDD,Metal1,119.1000,247.3925,4.999969
FILLER_59_144,VDD,Metal1,87.6400,246.9600,4.999971
FILLER_59_142,VDD,Metal1,86.8000,246.9600,4.999971
FILLER_59_139,VDD,Metal1,84.8400,246.9600,4.999972
FILLER_59_137,VDD,Metal1,84.0000,246.9600,4.999972
FILLER_59_117,VDD,Metal1,72.8000,246.9600,4.999972
FILLER_59_101,VDD,Metal1,68.3680,247.6520,4.999972
FILLER_59_92,VDD,Metal1,58.5200,246.9600,4.999973
FILLER_59_88,VDD,Metal1,57.5000,247.3925,4.999973
FILLER_59_72,VDD,Metal1,52.1280,247.6520,4.999973
FILLER_59_39,VDD,Metal1,29.1200,246.9600,4.999975
FILLER_59_31,VDD,Metal1,26.8265,247.5365,4.999975
FILLER_59_15,VDD,Metal1,20.2080,247.6520,4.999982
FILLER_59_2,VDD,Metal1,8.1200,246.9600,4.999982
FILLER_58_395,VDD,Metal1,228.4800,246.9600,4.999966
FILLER_58_332,VDD,Metal1,192.9200,246.9600,4.999968
FILLER_58_321,VDD,Metal1,186.7600,246.9600,4.999968
FILLER_58_317,VDD,Metal1,185.7400,246.5275,4.999968
FILLER_58_304,VDD,Metal1,177.2400,246.9600,4.999971
FILLER_58_302,VDD,Metal1,176.4000,246.9600,4.999971
FILLER_58_287,VDD,Metal1,168.0000,246.9600,4.999970
FILLER_58_277,VDD,Metal1,162.4000,246.9600,4.999970
FILLER_58_273,VDD,Metal1,161.1000,246.5275,4.999969
FILLER_58_263,VDD,Metal1,154.2800,246.9600,4.999969
FILLER_58_259,VDD,Metal1,153.2600,246.5275,4.999969
FILLER_58_247,VDD,Metal1,145.6000,246.9600,4.999969
FILLER_58_236,VDD,Metal1,139.1600,246.9600,4.999969
FILLER_58_232,VDD,Metal1,138.1400,246.5275,4.999969
FILLER_58_177,VDD,Metal1,106.1200,246.9600,4.999969
FILLER_58_165,VDD,Metal1,99.6800,246.9600,4.999971
FILLER_58_157,VDD,Metal1,97.3865,246.3830,4.999971
FILLER_58_141,VDD,Metal1,90.7680,246.2680,4.999971
FILLER_58_127,VDD,Metal1,78.4000,246.9600,4.999972
FILLER_58_123,VDD,Metal1,77.1000,246.5275,4.999972
FILLER_58_115,VDD,Metal1,71.4000,246.9600,4.999972
FILLER_58_107,VDD,Metal1,69.3865,246.3830,4.999972
FILLER_58_103,VDD,Metal1,64.9600,246.9600,4.999973
FILLER_58_95,VDD,Metal1,62.6665,246.3830,4.999973
FILLER_58_70,VDD,Metal1,51.0080,246.2680,4.999973
FILLER_58_22,VDD,Metal1,21.7865,246.3830,4.999982
FILLER_57_422,VDD,Metal1,244.5400,239.5525,4.999963
FILLER_57_419,VDD,Metal1,241.6400,239.1200,4.999963
FILLER_57_417,VDD,Metal1,240.8000,239.1200,4.999963
FILLER_57_358,VDD,Metal1,207.4800,239.1200,4.999963
FILLER_57_332,VDD,Metal1,192.9200,239.1200,4.999963
FILLER_57_302,VDD,Metal1,176.1200,239.1200,4.999964
FILLER_57_300,VDD,Metal1,175.2800,239.1200,4.999964
FILLER_57_296,VDD,Metal1,173.9800,239.5525,4.999964
FILLER_57_269,VDD,Metal1,157.6400,239.1200,4.999961
FILLER_57_264,VDD,Metal1,154.8400,239.1200,4.999953
FILLER_57_257,VDD,Metal1,150.9200,239.1200,4.999953
FILLER_57_230,VDD,Metal1,135.8000,239.1200,4.999951
FILLER_57_228,VDD,Metal1,134.9600,239.1200,4.999951
FILLER_57_209,VDD,Metal1,124.0400,239.1200,4.999950
FILLER_57_207,VDD,Metal1,123.2000,239.1200,4.999950
FILLER_57_155,VDD,Metal1,93.8000,239.1200,4.999950
FILLER_57_151,VDD,Metal1,92.7800,239.5525,4.999950
FILLER_57_139,VDD,Metal1,84.8400,239.1200,4.999952
FILLER_57_137,VDD,Metal1,84.0000,239.1200,4.999952
FILLER_57_133,VDD,Metal1,82.7000,239.5525,4.999952
FILLER_57_125,VDD,Metal1,79.4665,239.6965,4.999953
FILLER_57_90,VDD,Metal1,62.2080,239.8120,4.999954
FILLER_57_69,VDD,Metal1,45.6400,239.1200,4.999957
FILLER_57_57,VDD,Metal1,40.1400,239.5525,4.999962
FILLER_57_31,VDD,Metal1,24.3600,239.1200,4.999963
FILLER_56_424,VDD,Metal1,244.7200,239.1200,4.999963
FILLER_56_420,VDD,Metal1,243.4200,238.6875,4.999963
FILLER_56_387,VDD,Metal1,224.0000,239.1200,4.999963
FILLER_56_317,VDD,Metal1,185.7400,238.6875,4.999963
FILLER_56_295,VDD,Metal1,172.4800,239.1200,4.999964
FILLER_56_291,VDD,Metal1,171.1800,238.6875,4.999964
FILLER_56_282,VDD,Metal1,164.9200,239.1200,4.999962
FILLER_56_267,VDD,Metal1,156.5200,239.1200,4.999953
FILLER_56_265,VDD,Metal1,155.6800,239.1200,4.999953
FILLER_56_259,VDD,Metal1,152.0400,239.1200,4.999953
FILLER_56_255,VDD,Metal1,151.0200,238.6875,4.999953
FILLER_56_247,VDD,Metal1,147.7865,238.5430,4.999952
FILLER_56_244,VDD,Metal1,143.6400,239.1200,4.999952
FILLER_56_242,VDD,Metal1,142.8000,239.1200,4.999952
FILLER_56_181,VDD,Metal1,108.3600,239.1200,4.999949
FILLER_56_177,VDD,Metal1,107.3400,238.6875,4.999949
FILLER_56_156,VDD,Metal1,95.5800,238.6875,4.999949
FILLER_56_138,VDD,Metal1,85.5000,238.6875,4.999952
FILLER_56_130,VDD,Metal1,82.2665,238.5430,4.999952
FILLER_56_109,VDD,Metal1,68.0400,239.1200,4.999953
FILLER_56_107,VDD,Metal1,67.2000,239.1200,4.999954
FILLER_56_104,VDD,Metal1,65.2400,239.1200,4.999954
FILLER_56_96,VDD,Metal1,63.2265,238.5430,4.999954
FILLER_56_39,VDD,Metal1,28.8400,239.1200,4.999962
FILLER_56_37,VDD,Metal1,28.0000,239.1200,4.999962
FILLER_55_422,VDD,Metal1,244.5400,231.7125,4.999977
FILLER_55_419,VDD,Metal1,241.6400,231.2800,4.999977
FILLER_55_407,VDD,Metal1,236.1400,231.7125,4.999977
FILLER_55_307,VDD,Metal1,178.9200,231.2800,4.999977
FILLER_55_284,VDD,Metal1,166.0400,231.2800,4.999977
FILLER_55_282,VDD,Metal1,165.2000,231.2800,4.999977
FILLER_55_278,VDD,Metal1,162.9600,231.2800,4.999976
FILLER_55_270,VDD,Metal1,160.6665,231.8565,4.999976
FILLER_55_262,VDD,Metal1,154.0000,231.2800,4.999976
FILLER_55_258,VDD,Metal1,152.7000,231.7125,4.999976
FILLER_55_227,VDD,Metal1,134.4000,231.2800,4.999976
FILLER_55_220,VDD,Metal1,130.2000,231.2800,4.999976
FILLER_55_156,VDD,Metal1,94.3600,231.2800,4.999977
FILLER_55_152,VDD,Metal1,93.3400,231.7125,4.999977
FILLER_55_142,VDD,Metal1,86.5200,231.2800,4.999977
FILLER_55_136,VDD,Metal1,84.3800,231.7125,4.999977
FILLER_55_116,VDD,Metal1,71.9600,231.2800,4.999979
FILLER_55_101,VDD,Metal1,63.5600,231.2800,4.999979
FILLER_55_99,VDD,Metal1,62.7200,231.2800,4.999979
FILLER_55_95,VDD,Metal1,61.4200,231.7125,4.999979
FILLER_55_87,VDD,Metal1,58.1865,231.8565,4.999979
FILLER_55_76,VDD,Metal1,49.8400,231.2800,4.999980
FILLER_55_72,VDD,Metal1,48.5400,231.7125,4.999980
FILLER_55_68,VDD,Metal1,45.3600,231.2800,4.999980
FILLER_55_25,VDD,Metal1,21.2800,231.2800,4.999981
FILLER_55_8,VDD,Metal1,11.4800,231.2800,4.999981
FILLER_55_6,VDD,Metal1,10.6400,231.2800,4.999981
FILLER_54_424,VDD,Metal1,244.7200,231.2800,4.999977
FILLER_54_420,VDD,Metal1,243.4200,230.8475,4.999977
FILLER_54_387,VDD,Metal1,224.9400,230.8475,4.999977
FILLER_54_383,VDD,Metal1,221.7600,231.2800,4.999977
FILLER_54_288,VDD,Metal1,168.5600,231.2800,4.999977
FILLER_54_284,VDD,Metal1,167.2600,230.8475,4.999977
FILLER_54_276,VDD,Metal1,164.0265,230.7030,4.999977
FILLER_54_244,VDD,Metal1,143.6400,231.2800,4.999976
FILLER_54_242,VDD,Metal1,142.8000,231.2800,4.999976
FILLER_54_179,VDD,Metal1,107.2400,231.2800,4.999976
FILLER_54_177,VDD,Metal1,106.4000,231.2800,4.999976
FILLER_54_173,VDD,Metal1,104.1600,231.2800,4.999976
FILLER_54_163,VDD,Metal1,98.2800,231.2800,4.999976
FILLER_54_141,VDD,Metal1,85.9600,231.2800,4.999977
FILLER_54_137,VDD,Metal1,84.9400,230.8475,4.999977
FILLER_54_128,VDD,Metal1,78.9600,231.2800,4.999977
FILLER_54_120,VDD,Metal1,76.6665,230.7030,4.999977
FILLER_54_103,VDD,Metal1,64.9600,231.2800,4.999979
FILLER_54_93,VDD,Metal1,59.3600,231.2800,4.999979
FILLER_54_85,VDD,Metal1,57.0665,230.7030,4.999979
FILLER_54_45,VDD,Metal1,32.4800,231.2800,4.999980
FILLER_54_2,VDD,Metal1,9.3400,230.8475,4.999981
FILLER_53_422,VDD,Metal1,244.5400,223.8725,4.999965
FILLER_53_419,VDD,Metal1,241.6400,223.4400,4.999965
FILLER_53_406,VDD,Metal1,234.3600,223.4400,4.999965
FILLER_53_402,VDD,Metal1,233.3400,223.8725,4.999965
FILLER_53_298,VDD,Metal1,174.1600,223.4400,4.999965
FILLER_53_288,VDD,Metal1,168.2800,223.4400,4.999965
FILLER_53_286,VDD,Metal1,167.4400,223.4400,4.999965
FILLER_53_282,VDD,Metal1,166.1400,223.8725,4.999965
FILLER_53_238,VDD,Metal1,140.2800,223.4400,4.999937
FILLER_53_220,VDD,Metal1,130.2000,223.4400,4.999937
FILLER_53_212,VDD,Metal1,128.1865,224.0165,4.999937
FILLER_53_209,VDD,Metal1,124.0400,223.4400,4.999937
FILLER_53_207,VDD,Metal1,123.2000,223.4400,4.999937
FILLER_53_198,VDD,Metal1,117.8800,223.4400,4.999937
FILLER_53_196,VDD,Metal1,117.0400,223.4400,4.999937
FILLER_53_142,VDD,Metal1,86.5200,223.4400,4.999937
FILLER_53_132,VDD,Metal1,83.3865,224.0165,4.999937
FILLER_53_116,VDD,Metal1,76.7680,224.1320,4.999937
FILLER_53_86,VDD,Metal1,55.1600,223.4400,4.999937
FILLER_53_84,VDD,Metal1,54.3200,223.4400,4.999937
FILLER_53_80,VDD,Metal1,53.0200,223.8725,4.999937
FILLER_53_23,VDD,Metal1,20.1600,223.4400,4.999939
FILLER_53_15,VDD,Metal1,17.8665,224.0165,4.999939
FILLER_53_6,VDD,Metal1,10.3600,223.4400,4.999939
FILLER_52_422,VDD,Metal1,244.5400,223.0075,4.999965
FILLER_52_319,VDD,Metal1,185.6400,223.4400,4.999966
FILLER_52_317,VDD,Metal1,184.8000,223.4400,4.999966
FILLER_52_280,VDD,Metal1,164.0800,223.4400,4.999965
FILLER_52_247,VDD,Metal1,146.5400,223.0075,4.999964
FILLER_52_241,VDD,Metal1,143.1800,223.0075,4.999937
FILLER_52_233,VDD,Metal1,139.9465,222.8630,4.999937
FILLER_52_192,VDD,Metal1,114.5200,223.4400,4.999937
FILLER_52_183,VDD,Metal1,109.4800,223.4400,4.999937
FILLER_52_181,VDD,Metal1,108.6400,223.4400,4.999937
FILLER_52_177,VDD,Metal1,107.3400,223.0075,4.999937
FILLER_52_174,VDD,Metal1,104.4400,223.4400,4.999937
FILLER_52_172,VDD,Metal1,103.6000,223.4400,4.999937
FILLER_52_168,VDD,Metal1,102.3000,223.0075,4.999937
FILLER_52_107,VDD,Metal1,76.2755,222.6710,4.999937
FILLER_52_96,VDD,Metal1,60.7600,223.4400,4.999937
FILLER_52_94,VDD,Metal1,59.9200,223.4400,4.999937
FILLER_52_37,VDD,Metal1,28.0000,223.4400,4.999938
FILLER_52_26,VDD,Metal1,21.5600,223.4400,4.999939
FILLER_52_18,VDD,Metal1,19.5465,222.8630,4.999939
FILLER_52_2,VDD,Metal1,12.9280,222.7480,4.999939
FILLER_51_422,VDD,Metal1,244.5400,216.0325,4.999979
FILLER_51_416,VDD,Metal1,241.1800,216.0325,4.999979
FILLER_51_340,VDD,Metal1,197.4000,215.6000,4.999979
FILLER_51_275,VDD,Metal1,161.0000,215.6000,4.999980
FILLER_51_273,VDD,Metal1,160.1600,215.6000,4.999980
FILLER_51_235,VDD,Metal1,138.6000,215.6000,4.999981
FILLER_51_231,VDD,Metal1,137.5800,216.0325,4.999981
FILLER_51_223,VDD,Metal1,134.3465,216.1765,4.999981
FILLER_51_208,VDD,Metal1,123.7600,215.6000,4.999981
FILLER_51_200,VDD,Metal1,121.4665,216.1765,4.999981
FILLER_51_128,VDD,Metal1,79.9000,216.0325,4.999983
FILLER_51_120,VDD,Metal1,76.6665,216.1765,4.999983
FILLER_51_88,VDD,Metal1,65.6355,216.3685,4.999983
FILLER_51_80,VDD,Metal1,53.0200,216.0325,4.999983
FILLER_51_72,VDD,Metal1,49.7865,216.1765,4.999983
FILLER_51_69,VDD,Metal1,45.6400,215.6000,4.999983
FILLER_51_65,VDD,Metal1,44.6200,216.0325,4.999983
FILLER_51_40,VDD,Metal1,29.4000,215.6000,4.999985
FILLER_51_38,VDD,Metal1,28.5600,215.6000,4.999985
FILLER_51_34,VDD,Metal1,27.2600,216.0325,4.999985
FILLER_51_18,VDD,Metal1,21.8880,216.2920,4.999985
FILLER_50_422,VDD,Metal1,244.5400,215.1675,4.999979
FILLER_50_383,VDD,Metal1,221.7600,215.6000,4.999979
FILLER_50_314,VDD,Metal1,182.8400,215.6000,4.999979
FILLER_50_297,VDD,Metal1,173.3200,215.6000,4.999980
FILLER_50_267,VDD,Metal1,156.5200,215.6000,4.999980
FILLER_50_263,VDD,Metal1,155.5000,215.1675,4.999980
FILLER_50_247,VDD,Metal1,150.1280,214.9080,4.999980
FILLER_50_235,VDD,Metal1,138.6000,215.6000,4.999981
FILLER_50_233,VDD,Metal1,137.7600,215.6000,4.999981
FILLER_50_229,VDD,Metal1,136.4600,215.1675,4.999981
FILLER_50_221,VDD,Metal1,133.2265,215.0230,4.999981
FILLER_50_191,VDD,Metal1,113.9600,215.6000,4.999982
FILLER_50_181,VDD,Metal1,108.6400,215.6000,4.999982
FILLER_50_177,VDD,Metal1,107.3400,215.1675,4.999982
FILLER_50_174,VDD,Metal1,104.4400,215.6000,4.999982
FILLER_50_170,VDD,Metal1,103.4200,215.1675,4.999982
FILLER_50_162,VDD,Metal1,100.1865,215.0230,4.999982
FILLER_50_131,VDD,Metal1,80.6400,215.6000,4.999983
FILLER_50_123,VDD,Metal1,78.3465,215.0230,4.999983
FILLER_50_107,VDD,Metal1,71.7280,214.9080,4.999983
FILLER_50_103,VDD,Metal1,64.9600,215.6000,4.999983
FILLER_50_93,VDD,Metal1,59.3600,215.6000,4.999983
FILLER_50_85,VDD,Metal1,57.0665,215.0230,4.999983
FILLER_50_53,VDD,Metal1,36.9600,215.6000,4.999984
FILLER_50_49,VDD,Metal1,35.6600,215.1675,4.999984
FILLER_50_37,VDD,Metal1,28.9400,215.1675,4.999985
FILLER_50_33,VDD,Metal1,25.7600,215.6000,4.999985
FILLER_50_25,VDD,Metal1,23.4665,215.0230,4.999986
FILLER_50_6,VDD,Metal1,10.3600,215.6000,4.999985
FILLER_50_2,VDD,Metal1,9.3400,215.1675,4.999985
FILLER_49_422,VDD,Metal1,244.5400,208.1925,4.999974
FILLER_49_419,VDD,Metal1,241.6400,207.7600,4.999974
FILLER_49_417,VDD,Metal1,240.8000,207.7600,4.999974
FILLER_49_291,VDD,Metal1,169.9600,207.7600,4.999975
FILLER_49_262,VDD,Metal1,153.7200,207.7600,4.999974
FILLER_49_254,VDD,Metal1,151.7065,208.3365,4.999974
FILLER_49_248,VDD,Metal1,146.1600,207.7600,4.999971
FILLER_49_244,VDD,Metal1,144.8600,208.1925,4.999971
FILLER_49_232,VDD,Metal1,139.3865,208.3365,4.999969
FILLER_49_223,VDD,Metal1,131.8800,207.7600,4.999969
FILLER_49_199,VDD,Metal1,118.7200,207.7600,4.999968
FILLER_49_169,VDD,Metal1,101.6400,207.7600,4.999968
FILLER_49_167,VDD,Metal1,100.8000,207.7600,4.999968
FILLER_49_163,VDD,Metal1,99.5000,208.1925,4.999968
FILLER_49_155,VDD,Metal1,96.2665,208.3365,4.999968
FILLER_49_142,VDD,Metal1,86.5200,207.7600,4.999968
FILLER_49_138,VDD,Metal1,84.5600,207.7600,4.999968
FILLER_49_72,VDD,Metal1,49.7865,208.3365,4.999970
FILLER_49_61,VDD,Metal1,41.1600,207.7600,4.999970
FILLER_49_57,VDD,Metal1,40.1400,208.1925,4.999970
FILLER_49_49,VDD,Metal1,36.9065,208.3365,4.999970
FILLER_49_39,VDD,Metal1,29.1200,207.7600,4.999970
FILLER_49_35,VDD,Metal1,27.8200,208.1925,4.999971
FILLER_48_422,VDD,Metal1,244.5400,207.3275,4.999974
FILLER_48_384,VDD,Metal1,222.0400,207.7600,4.999974
FILLER_48_215,VDD,Metal1,127.4000,207.7600,4.999969
FILLER_48_206,VDD,Metal1,122.3600,207.7600,4.999969
FILLER_48_170,VDD,Metal1,102.2000,207.7600,4.999968
FILLER_48_168,VDD,Metal1,101.3600,207.7600,4.999968
FILLER_48_164,VDD,Metal1,100.0600,207.3275,4.999968
FILLER_48_156,VDD,Metal1,96.8265,207.1830,4.999968
FILLER_48_140,VDD,Metal1,90.2080,207.0680,4.999968
FILLER_48_96,VDD,Metal1,60.7600,207.7600,4.999970
FILLER_48_66,VDD,Metal1,43.9600,207.7600,4.999970
FILLER_48_31,VDD,Metal1,25.5800,207.3275,4.999971
FILLER_47_422,VDD,Metal1,244.5400,200.3525,4.999937
FILLER_47_416,VDD,Metal1,241.1800,200.3525,4.999937
FILLER_47_352,VDD,Metal1,205.3400,200.3525,4.999938
FILLER_47_282,VDD,Metal1,165.2000,199.9200,4.999938
FILLER_47_246,VDD,Metal1,144.7600,199.9200,4.999937
FILLER_47_242,VDD,Metal1,143.7400,200.3525,4.999936
FILLER_47_212,VDD,Metal1,125.7200,199.9200,4.999936
FILLER_47_150,VDD,Metal1,91.2800,199.9200,4.999937
FILLER_47_142,VDD,Metal1,88.9865,200.4965,4.999937
FILLER_47_81,VDD,Metal1,52.3600,199.9200,4.999941
FILLER_47_68,VDD,Metal1,45.3600,199.9200,4.999942
FILLER_47_38,VDD,Metal1,28.2800,199.9200,4.999972
FILLER_47_36,VDD,Metal1,27.4400,199.9200,4.999972
FILLER_47_6,VDD,Metal1,10.6400,199.9200,4.999973
FILLER_46_387,VDD,Metal1,224.0000,199.9200,4.999938
FILLER_46_384,VDD,Metal1,222.0400,199.9200,4.999938
FILLER_46_280,VDD,Metal1,164.0800,199.9200,4.999937
FILLER_46_243,VDD,Metal1,143.3600,199.9200,4.999936
FILLER_46_222,VDD,Metal1,131.3200,199.9200,4.999936
FILLER_46_218,VDD,Metal1,130.3000,199.4875,4.999936
FILLER_46_181,VDD,Metal1,108.6400,199.9200,4.999937
FILLER_46_177,VDD,Metal1,107.3400,199.4875,4.999937
FILLER_46_173,VDD,Metal1,104.1600,199.9200,4.999937
FILLER_46_143,VDD,Metal1,87.0800,199.9200,4.999938
FILLER_46_141,VDD,Metal1,86.2400,199.9200,4.999938
FILLER_46_109,VDD,Metal1,68.0400,199.9200,4.999941
FILLER_46_107,VDD,Metal1,67.2000,199.9200,4.999941
FILLER_46_93,VDD,Metal1,60.3000,199.4875,4.999941
FILLER_46_49,VDD,Metal1,34.7200,199.9200,4.999944
FILLER_46_45,VDD,Metal1,33.4200,199.4875,4.999944
FILLER_46_37,VDD,Metal1,30.1865,199.3430,4.999970
FILLER_46_34,VDD,Metal1,26.0400,199.9200,4.999973
FILLER_46_30,VDD,Metal1,25.0200,199.4875,4.999973
FILLER_46_15,VDD,Metal1,15.4000,199.9200,4.999973
FILLER_46_13,VDD,Metal1,14.5600,199.9200,4.999973
FILLER_46_4,VDD,Metal1,9.2400,199.9200,4.999973
FILLER_46_2,VDD,Metal1,8.4000,199.9200,4.999973
FILLER_45_422,VDD,Metal1,244.5400,192.5125,4.999963
FILLER_45_311,VDD,Metal1,181.4400,192.0800,4.999963
FILLER_45_278,VDD,Metal1,162.9600,192.0800,4.999961
FILLER_45_274,VDD,Metal1,161.6600,192.5125,4.999961
FILLER_45_224,VDD,Metal1,132.4400,192.0800,4.999963
FILLER_45_220,VDD,Metal1,131.4200,192.5125,4.999963
FILLER_45_196,VDD,Metal1,117.0400,192.0800,4.999964
FILLER_45_165,VDD,Metal1,104.2080,192.7720,4.999965
FILLER_45_144,VDD,Metal1,87.6400,192.0800,4.999965
FILLER_45_142,VDD,Metal1,86.8000,192.0800,4.999965
FILLER_45_138,VDD,Metal1,84.5600,192.0800,4.999965
FILLER_45_130,VDD,Metal1,82.2665,192.6565,4.999965
FILLER_45_116,VDD,Metal1,71.9600,192.0800,4.999965
FILLER_45_114,VDD,Metal1,71.1200,192.0800,4.999965
FILLER_45_110,VDD,Metal1,69.8200,192.5125,4.999965
FILLER_45_72,VDD,Metal1,47.3200,192.0800,4.999974
FILLER_45_69,VDD,Metal1,45.6400,192.0800,4.999976
FILLER_45_65,VDD,Metal1,44.6200,192.5125,4.999976
FILLER_45_53,VDD,Metal1,37.9000,192.5125,4.999976
FILLER_45_45,VDD,Metal1,34.6665,192.6565,4.999976
FILLER_45_29,VDD,Metal1,28.0480,192.7720,4.999976
FILLER_45_18,VDD,Metal1,17.0800,192.0800,4.999976
FILLER_45_14,VDD,Metal1,16.0600,192.5125,4.999976
FILLER_44_425,VDD,Metal1,245.0000,192.0800,4.999963
FILLER_44_417,VDD,Metal1,242.9865,191.5030,4.999963
FILLER_44_387,VDD,Metal1,223.7200,192.0800,4.999963
FILLER_44_375,VDD,Metal1,217.2800,192.0800,4.999963
FILLER_44_306,VDD,Metal1,178.3600,192.0800,4.999963
FILLER_44_294,VDD,Metal1,172.8600,191.6475,4.999963
FILLER_44_283,VDD,Metal1,165.7600,192.0800,4.999962
FILLER_44_279,VDD,Metal1,164.4600,191.6475,4.999962
FILLER_44_249,VDD,Metal1,146.4400,192.0800,4.999961
FILLER_44_247,VDD,Metal1,145.6000,192.0800,4.999961
FILLER_44_240,VDD,Metal1,141.4000,192.0800,4.999961
FILLER_44_224,VDD,Metal1,137.2480,191.3880,4.999961
FILLER_44_197,VDD,Metal1,117.6000,192.0800,4.999964
FILLER_44_193,VDD,Metal1,116.3000,191.6475,4.999964
FILLER_44_177,VDD,Metal1,110.9280,191.3880,4.999965
FILLER_44_171,VDD,Metal1,103.9800,191.6475,4.999965
FILLER_44_107,VDD,Metal1,85.2750,191.2655,4.999965
FILLER_44_89,VDD,Metal1,61.6480,191.3880,4.999966
FILLER_44_69,VDD,Metal1,48.1065,191.5030,4.999974
FILLER_44_37,VDD,Metal1,37.0755,191.3110,4.999976
FILLER_44_34,VDD,Metal1,26.0400,192.0800,4.999976
FILLER_44_32,VDD,Metal1,25.2000,192.0800,4.999976
FILLER_44_16,VDD,Metal1,20.7680,191.3880,4.999976
FILLER_44_6,VDD,Metal1,11.5800,191.6475,4.999976
FILLER_43_418,VDD,Metal1,241.3600,184.2400,4.999938
FILLER_43_352,VDD,Metal1,204.1200,184.2400,4.999938
FILLER_43_282,VDD,Metal1,165.2000,184.2400,4.999946
FILLER_43_279,VDD,Metal1,163.2400,184.2400,4.999946
FILLER_43_277,VDD,Metal1,162.4000,184.2400,4.999946
FILLER_43_273,VDD,Metal1,161.1000,184.6725,4.999946
FILLER_43_228,VDD,Metal1,137.1465,184.8165,4.999946
FILLER_43_212,VDD,Metal1,125.7200,184.2400,4.999947
FILLER_43_208,VDD,Metal1,123.7600,184.2400,4.999947
FILLER_43_186,VDD,Metal1,111.4400,184.2400,4.999949
FILLER_43_156,VDD,Metal1,94.3600,184.2400,4.999955
FILLER_43_154,VDD,Metal1,93.5200,184.2400,4.999955
FILLER_43_146,VDD,Metal1,89.0400,184.2400,4.999955
FILLER_43_142,VDD,Metal1,87.7400,184.6725,4.999955
FILLER_43_139,VDD,Metal1,84.8400,184.2400,4.999966
FILLER_43_137,VDD,Metal1,84.0000,184.2400,4.999966
FILLER_43_121,VDD,Metal1,79.5680,184.9320,4.999966
FILLER_43_89,VDD,Metal1,66.1955,185.0085,4.999966
FILLER_43_80,VDD,Metal1,51.8000,184.2400,4.999969
FILLER_43_72,VDD,Metal1,49.7865,184.8165,4.999969
FILLER_43_69,VDD,Metal1,45.6400,184.2400,4.999969
FILLER_43_67,VDD,Metal1,44.8000,184.2400,4.999969
FILLER_43_59,VDD,Metal1,42.5065,184.8165,4.999970
FILLER_43_43,VDD,Metal1,35.8880,184.9320,4.999971
FILLER_43_4,VDD,Metal1,9.2400,184.2400,4.999971
FILLER_43_2,VDD,Metal1,8.4000,184.2400,4.999971
FILLER_42_387,VDD,Metal1,224.9400,183.8075,4.999938
FILLER_42_384,VDD,Metal1,222.0400,184.2400,4.999938
FILLER_42_351,VDD,Metal1,204.7800,183.8075,4.999938
FILLER_42_306,VDD,Metal1,178.3600,184.2400,4.999944
FILLER_42_304,VDD,Metal1,177.5200,184.2400,4.999945
FILLER_42_290,VDD,Metal1,169.4000,184.2400,4.999944
FILLER_42_251,VDD,Metal1,147.5600,184.2400,4.999946
FILLER_42_247,VDD,Metal1,146.5400,183.8075,4.999946
FILLER_42_244,VDD,Metal1,143.6400,184.2400,4.999946
FILLER_42_240,VDD,Metal1,142.6200,183.8075,4.999946
FILLER_42_232,VDD,Metal1,139.3865,183.6630,4.999946
FILLER_42_202,VDD,Metal1,120.1200,184.2400,4.999948
FILLER_42_166,VDD,Metal1,99.9600,184.2400,4.999949
FILLER_42_164,VDD,Metal1,99.1200,184.2400,4.999949
FILLER_42_156,VDD,Metal1,96.8265,183.6630,4.999949
FILLER_42_139,VDD,Metal1,84.8400,184.2400,4.999966
FILLER_42_107,VDD,Metal1,76.2755,183.4710,4.999966
FILLER_42_104,VDD,Metal1,65.2400,184.2400,4.999966
FILLER_42_102,VDD,Metal1,64.4000,184.2400,4.999966
FILLER_42_98,VDD,Metal1,63.1000,183.8075,4.999966
FILLER_42_63,VDD,Metal1,42.2800,184.2400,4.999970
FILLER_42_61,VDD,Metal1,41.4400,184.2400,4.999970
FILLER_42_37,VDD,Metal1,28.9400,183.8075,4.999971
FILLER_41_422,VDD,Metal1,244.5400,176.8325,4.999977
FILLER_41_419,VDD,Metal1,241.6400,176.4000,4.999977
FILLER_41_417,VDD,Metal1,240.8000,176.4000,4.999977
FILLER_41_413,VDD,Metal1,239.5000,176.8325,4.999977
FILLER_41_358,VDD,Metal1,207.4800,176.4000,4.999977
FILLER_41_349,VDD,Metal1,202.4400,176.4000,4.999977
FILLER_41_345,VDD,Metal1,201.4200,176.8325,4.999977
FILLER_41_282,VDD,Metal1,166.1400,176.8325,4.999977
FILLER_41_278,VDD,Metal1,162.9600,176.4000,4.999977
FILLER_41_274,VDD,Metal1,161.6600,176.8325,4.999977
FILLER_41_222,VDD,Metal1,131.3200,176.4000,4.999977
FILLER_41_220,VDD,Metal1,130.4800,176.4000,4.999977
FILLER_41_208,VDD,Metal1,123.7600,176.4000,4.999976
FILLER_41_146,VDD,Metal1,88.7600,176.4000,4.999976
FILLER_41_142,VDD,Metal1,87.7400,176.8325,4.999976
FILLER_41_138,VDD,Metal1,84.5600,176.4000,4.999976
FILLER_41_120,VDD,Metal1,74.4800,176.4000,4.999976
FILLER_41_116,VDD,Metal1,73.1800,176.8325,4.999977
FILLER_41_106,VDD,Metal1,66.3600,176.4000,4.999977
FILLER_41_96,VDD,Metal1,60.7600,176.4000,4.999977
FILLER_41_92,VDD,Metal1,59.7400,176.8325,4.999977
FILLER_41_72,VDD,Metal1,47.6000,176.4000,4.999978
FILLER_41_2,VDD,Metal1,8.4000,176.4000,4.999979
FILLER_40_424,VDD,Metal1,244.7200,176.4000,4.999977
FILLER_40_416,VDD,Metal1,242.4265,175.8230,4.999977
FILLER_40_387,VDD,Metal1,223.7200,176.4000,4.999977
FILLER_40_383,VDD,Metal1,221.7600,176.4000,4.999977
FILLER_40_368,VDD,Metal1,213.0800,176.4000,4.999977
FILLER_40_317,VDD,Metal1,184.5200,176.4000,4.999978
FILLER_40_285,VDD,Metal1,166.6000,176.4000,4.999977
FILLER_40_283,VDD,Metal1,165.7600,176.4000,4.999977
FILLER_40_279,VDD,Metal1,164.4600,175.9675,4.999977
FILLER_40_247,VDD,Metal1,154.6755,175.6310,4.999977
FILLER_40_243,VDD,Metal1,143.3600,176.4000,4.999977
FILLER_40_239,VDD,Metal1,142.0600,175.9675,4.999977
FILLER_40_206,VDD,Metal1,123.5800,175.9675,4.999976
FILLER_40_174,VDD,Metal1,104.4400,176.4000,4.999976
FILLER_40_172,VDD,Metal1,103.6000,176.4000,4.999976
FILLER_40_117,VDD,Metal1,72.5200,176.4000,4.999977
FILLER_40_92,VDD,Metal1,58.5200,176.4000,4.999977
FILLER_40_74,VDD,Metal1,48.7200,176.4000,4.999978
FILLER_40_68,VDD,Metal1,45.0800,176.4000,4.999979
FILLER_40_66,VDD,Metal1,44.2400,176.4000,4.999979
FILLER_40_62,VDD,Metal1,42.9400,175.9675,4.999979
FILLER_39_422,VDD,Metal1,244.5400,168.9925,4.999966
FILLER_39_412,VDD,Metal1,240.1865,169.1365,4.999966
FILLER_39_356,VDD,Metal1,206.6400,168.5600,4.999966
FILLER_39_333,VDD,Metal1,193.4800,168.5600,4.999967
FILLER_39_302,VDD,Metal1,176.4000,168.5600,4.999967
FILLER_39_298,VDD,Metal1,175.1000,168.9925,4.999967
FILLER_39_282,VDD,Metal1,169.7280,169.2520,4.999967
FILLER_39_279,VDD,Metal1,163.2400,168.5600,4.999967
FILLER_39_232,VDD,Metal1,137.2000,168.5600,4.999966
FILLER_39_209,VDD,Metal1,124.0400,168.5600,4.999967
FILLER_39_178,VDD,Metal1,106.9600,168.5600,4.999968
FILLER_39_170,VDD,Metal1,104.6665,169.1365,4.999968
FILLER_39_146,VDD,Metal1,89.0400,168.5600,4.999970
FILLER_39_142,VDD,Metal1,87.7400,168.9925,4.999974
FILLER_39_138,VDD,Metal1,84.5600,168.5600,4.999974
FILLER_39_124,VDD,Metal1,76.7200,168.5600,4.999976
FILLER_39_72,VDD,Metal1,49.7865,169.1365,4.999981
FILLER_39_68,VDD,Metal1,45.3600,168.5600,4.999982
FILLER_39_42,VDD,Metal1,30.5200,168.5600,4.999984
FILLER_39_40,VDD,Metal1,29.6800,168.5600,4.999984
FILLER_39_31,VDD,Metal1,24.3600,168.5600,4.999984
FILLER_38_425,VDD,Metal1,245.0000,168.5600,4.999966
FILLER_38_423,VDD,Metal1,244.1600,168.5600,4.999966
FILLER_38_419,VDD,Metal1,242.8600,168.1275,4.999966
FILLER_38_403,VDD,Metal1,237.4880,167.8680,4.999966
FILLER_38_387,VDD,Metal1,224.9400,168.1275,4.999966
FILLER_38_378,VDD,Metal1,218.9600,168.5600,4.999966
FILLER_38_369,VDD,Metal1,213.6400,168.5600,4.999966
FILLER_38_314,VDD,Metal1,182.8400,168.5600,4.999967
FILLER_38_312,VDD,Metal1,182.0000,168.5600,4.999967
FILLER_38_308,VDD,Metal1,180.7000,168.1275,4.999967
FILLER_38_292,VDD,Metal1,175.3280,167.8680,4.999967
FILLER_38_243,VDD,Metal1,143.3600,168.5600,4.999966
FILLER_38_201,VDD,Metal1,119.5600,168.5600,4.999967
FILLER_38_199,VDD,Metal1,118.7200,168.5600,4.999967
FILLER_38_195,VDD,Metal1,117.4200,168.1275,4.999967
FILLER_38_187,VDD,Metal1,114.1865,167.9830,4.999967
FILLER_38_177,VDD,Metal1,106.4000,168.5600,4.999968
FILLER_38_171,VDD,Metal1,103.9800,168.1275,4.999968
FILLER_38_163,VDD,Metal1,100.7465,167.9830,4.999968
FILLER_38_137,VDD,Metal1,83.7200,168.5600,4.999974
FILLER_38_133,VDD,Metal1,82.7000,168.1275,4.999974
FILLER_38_118,VDD,Metal1,73.0800,168.5600,4.999977
FILLER_38_116,VDD,Metal1,72.2400,168.5600,4.999977
FILLER_38_94,VDD,Metal1,59.9200,168.5600,4.999980
FILLER_38_86,VDD,Metal1,57.6265,167.9830,4.999980
FILLER_38_70,VDD,Metal1,51.0080,167.8680,4.999981
FILLER_38_54,VDD,Metal1,37.2400,168.5600,4.999983
FILLER_38_52,VDD,Metal1,36.4000,168.5600,4.999983
FILLER_38_37,VDD,Metal1,27.7200,168.5600,4.999984
FILLER_38_26,VDD,Metal1,21.5600,168.5600,4.999984
FILLER_38_22,VDD,Metal1,20.5400,168.1275,4.999984
FILLER_38_14,VDD,Metal1,17.3065,167.9830,4.999984
FILLER_37_422,VDD,Metal1,244.5400,161.1525,4.999982
FILLER_37_416,VDD,Metal1,241.1800,161.1525,4.999982
FILLER_37_385,VDD,Metal1,222.8800,160.7200,4.999982
FILLER_37_349,VDD,Metal1,202.4400,160.7200,4.999982
FILLER_37_317,VDD,Metal1,184.5200,160.7200,4.999983
FILLER_37_315,VDD,Metal1,183.6800,160.7200,4.999983
FILLER_37_307,VDD,Metal1,181.3865,161.2965,4.999983
FILLER_37_291,VDD,Metal1,174.7680,161.4120,4.999983
FILLER_37_205,VDD,Metal1,121.8000,160.7200,4.999949
FILLER_37_201,VDD,Metal1,120.7800,161.1525,4.999949
FILLER_37_185,VDD,Metal1,115.4080,161.4120,4.999949
FILLER_37_151,VDD,Metal1,91.5600,160.7200,4.999949
FILLER_37_136,VDD,Metal1,84.3800,161.1525,4.999950
FILLER_37_72,VDD,Metal1,65.6750,161.5340,4.999951
FILLER_37_68,VDD,Metal1,45.3600,160.7200,4.999951
FILLER_37_59,VDD,Metal1,40.0400,160.7200,4.999951
FILLER_37_57,VDD,Metal1,39.2000,160.7200,4.999951
FILLER_37_52,VDD,Metal1,36.1200,160.7200,4.999951
FILLER_37_50,VDD,Metal1,35.2800,160.7200,4.999951
FILLER_37_18,VDD,Metal1,26.4355,161.4885,4.999951
FILLER_36_425,VDD,Metal1,245.0000,160.7200,4.999982
FILLER_36_423,VDD,Metal1,244.1600,160.7200,4.999982
FILLER_36_419,VDD,Metal1,242.8600,160.2875,4.999982
FILLER_36_403,VDD,Metal1,237.4880,160.0280,4.999982
FILLER_36_387,VDD,Metal1,224.0000,160.7200,4.999982
FILLER_36_384,VDD,Metal1,222.0400,160.7200,4.999982
FILLER_36_370,VDD,Metal1,214.4800,160.7200,4.999982
FILLER_36_319,VDD,Metal1,185.6400,160.7200,4.999982
FILLER_36_317,VDD,Metal1,184.8000,160.7200,4.999983
FILLER_36_314,VDD,Metal1,182.8400,160.7200,4.999983
FILLER_36_312,VDD,Metal1,182.0000,160.7200,4.999983
FILLER_36_296,VDD,Metal1,177.5680,160.0280,4.999983
FILLER_36_282,VDD,Metal1,166.1400,160.2875,4.999983
FILLER_36_257,VDD,Metal1,150.9200,160.7200,4.999949
FILLER_36_255,VDD,Metal1,150.0800,160.7200,4.999949
FILLER_36_247,VDD,Metal1,147.7865,160.1430,4.999949
FILLER_36_244,VDD,Metal1,143.6400,160.7200,4.999949
FILLER_36_240,VDD,Metal1,142.6200,160.2875,4.999949
FILLER_36_201,VDD,Metal1,119.8400,160.7200,4.999949
FILLER_36_193,VDD,Metal1,117.5465,160.1430,4.999949
FILLER_36_177,VDD,Metal1,110.9280,160.0280,4.999949
FILLER_36_174,VDD,Metal1,104.4400,160.7200,4.999949
FILLER_36_172,VDD,Metal1,103.6000,160.7200,4.999949
FILLER_36_168,VDD,Metal1,102.3000,160.2875,4.999949
FILLER_36_160,VDD,Metal1,99.0665,160.1430,4.999949
FILLER_36_144,VDD,Metal1,92.4480,160.0280,4.999949
FILLER_36_139,VDD,Metal1,84.8400,160.7200,4.999950
FILLER_36_107,VDD,Metal1,76.2755,159.9510,4.999951
FILLER_36_104,VDD,Metal1,65.2400,160.7200,4.999951
FILLER_36_100,VDD,Metal1,64.2200,160.2875,4.999951
FILLER_36_92,VDD,Metal1,60.9865,160.1430,4.999951
FILLER_36_87,VDD,Metal1,55.7200,160.7200,4.999951
FILLER_36_79,VDD,Metal1,53.7065,160.1430,4.999951
FILLER_36_63,VDD,Metal1,47.0880,160.0280,4.999951
FILLER_36_31,VDD,Metal1,25.5800,160.2875,4.999951
FILLER_36_26,VDD,Metal1,21.5600,160.7200,4.999951
FILLER_36_24,VDD,Metal1,20.7200,160.7200,4.999951
FILLER_36_2,VDD,Metal1,12.9280,160.0280,4.999951
FILLER_35_422,VDD,Metal1,244.5400,153.3125,4.999983
FILLER_35_419,VDD,Metal1,241.6400,152.8800,4.999983
FILLER_35_411,VDD,Metal1,239.6265,153.4565,4.999983
FILLER_35_379,VDD,Metal1,228.5955,153.6485,4.999983
FILLER_35_362,VDD,Metal1,209.7200,152.8800,4.999983
FILLER_35_360,VDD,Metal1,208.8800,152.8800,4.999983
FILLER_35_356,VDD,Metal1,207.5800,153.3125,4.999983
FILLER_35_323,VDD,Metal1,187.8800,152.8800,4.999984
FILLER_35_321,VDD,Metal1,187.0400,152.8800,4.999984
FILLER_35_290,VDD,Metal1,169.6800,152.8800,4.999983
FILLER_35_279,VDD,Metal1,163.2400,152.8800,4.999981
FILLER_35_275,VDD,Metal1,162.2200,153.3125,4.999981
FILLER_35_266,VDD,Metal1,157.1800,153.3125,4.999981
FILLER_35_260,VDD,Metal1,152.6000,152.8800,4.999981
FILLER_35_256,VDD,Metal1,151.5800,153.3125,4.999981
FILLER_35_226,VDD,Metal1,133.5600,152.8800,4.999981
FILLER_35_224,VDD,Metal1,132.7200,152.8800,4.999981
FILLER_35_212,VDD,Metal1,126.0000,152.8800,4.999981
FILLER_35_201,VDD,Metal1,119.5600,152.8800,4.999982
FILLER_35_199,VDD,Metal1,118.7200,152.8800,4.999982
FILLER_35_176,VDD,Metal1,105.5600,152.8800,4.999983
FILLER_35_174,VDD,Metal1,104.7200,152.8800,4.999983
FILLER_35_158,VDD,Metal1,95.7600,152.8800,4.999983
FILLER_35_154,VDD,Metal1,94.4600,153.3125,4.999983
FILLER_35_146,VDD,Metal1,91.2265,153.4565,4.999983
FILLER_35_138,VDD,Metal1,84.5600,152.8800,4.999983
FILLER_35_134,VDD,Metal1,83.2600,153.3125,4.999983
FILLER_35_118,VDD,Metal1,77.8880,153.5720,4.999983
FILLER_35_94,VDD,Metal1,64.4480,153.5720,4.999984
FILLER_35_76,VDD,Metal1,49.8400,152.8800,4.999984
FILLER_35_72,VDD,Metal1,48.5400,153.3125,4.999984
FILLER_35_68,VDD,Metal1,45.3600,152.8800,4.999984
FILLER_35_64,VDD,Metal1,44.0600,153.3125,4.999984
FILLER_35_55,VDD,Metal1,37.8000,152.8800,4.999984
FILLER_35_18,VDD,Metal1,17.0800,152.8800,4.999985
FILLER_34_425,VDD,Metal1,245.0000,152.8800,4.999983
FILLER_34_423,VDD,Metal1,244.1600,152.8800,4.999983
FILLER_34_419,VDD,Metal1,242.8600,152.4475,4.999983
FILLER_34_387,VDD,Metal1,233.0755,152.1110,4.999983
FILLER_34_383,VDD,Metal1,221.7600,152.8800,4.999983
FILLER_34_379,VDD,Metal1,220.4600,152.4475,4.999983
FILLER_34_369,VDD,Metal1,213.9200,152.8800,4.999983
FILLER_34_365,VDD,Metal1,212.6200,152.4475,4.999983
FILLER_34_327,VDD,Metal1,190.1200,152.8800,4.999983
FILLER_34_306,VDD,Metal1,178.3600,152.8800,4.999984
FILLER_34_302,VDD,Metal1,177.3400,152.4475,4.999984
FILLER_34_282,VDD,Metal1,164.9200,152.8800,4.999981
FILLER_34_278,VDD,Metal1,163.9000,152.4475,4.999981
FILLER_34_272,VDD,Metal1,159.6000,152.8800,4.999981
FILLER_34_256,VDD,Metal1,155.1680,152.1880,4.999981
FILLER_34_237,VDD,Metal1,140.9400,152.4475,4.999981
FILLER_34_230,VDD,Metal1,136.0800,152.8800,4.999981
FILLER_34_226,VDD,Metal1,134.7800,152.4475,4.999981
FILLER_34_182,VDD,Metal1,110.1400,152.4475,4.999982
FILLER_34_156,VDD,Metal1,94.3600,152.8800,4.999983
FILLER_34_152,VDD,Metal1,93.3400,152.4475,4.999983
FILLER_34_136,VDD,Metal1,87.9680,152.1880,4.999983
FILLER_34_117,VDD,Metal1,72.8000,152.8800,4.999983
FILLER_34_107,VDD,Metal1,66.9200,152.8800,4.999984
FILLER_34_104,VDD,Metal1,65.2400,152.8800,4.999984
FILLER_34_102,VDD,Metal1,64.4000,152.8800,4.999984
FILLER_34_59,VDD,Metal1,40.0400,152.8800,4.999984
FILLER_33_422,VDD,Metal1,244.5400,145.4725,4.999902
FILLER_33_418,VDD,Metal1,241.3600,145.0400,4.999902
FILLER_33_414,VDD,Metal1,240.0600,145.4725,4.999902
FILLER_33_406,VDD,Metal1,236.8265,145.6165,4.999902
FILLER_33_390,VDD,Metal1,230.2080,145.7320,4.999902
FILLER_33_352,VDD,Metal1,204.4000,145.0400,4.999902
FILLER_33_346,VDD,Metal1,201.9800,145.4725,4.999902
FILLER_33_313,VDD,Metal1,183.5000,145.4725,4.999903
FILLER_33_282,VDD,Metal1,165.2000,145.0400,4.999895
FILLER_33_278,VDD,Metal1,162.9600,145.0400,4.999875
FILLER_33_263,VDD,Metal1,154.2800,145.0400,4.999875
FILLER_33_232,VDD,Metal1,137.2000,145.0400,4.999870
FILLER_33_224,VDD,Metal1,134.9065,145.6165,4.999870
FILLER_33_212,VDD,Metal1,126.0000,145.0400,4.999870
FILLER_33_208,VDD,Metal1,123.7600,145.0400,4.999870
FILLER_33_142,VDD,Metal1,86.5200,145.0400,4.999872
FILLER_33_139,VDD,Metal1,84.8400,145.0400,4.999872
FILLER_33_137,VDD,Metal1,84.0000,145.0400,4.999872
FILLER_33_118,VDD,Metal1,73.3600,145.0400,4.999880
FILLER_33_72,VDD,Metal1,48.5400,145.4725,4.999893
FILLER_33_65,VDD,Metal1,43.4000,145.0400,4.999893
FILLER_33_63,VDD,Metal1,42.5600,145.0400,4.999893
FILLER_33_35,VDD,Metal1,26.8800,145.0400,4.999909
FILLER_33_31,VDD,Metal1,25.5800,145.4725,4.999911
FILLER_32_425,VDD,Metal1,245.0000,145.0400,4.999902
FILLER_32_417,VDD,Metal1,242.9865,144.4630,4.999902
FILLER_32_401,VDD,Metal1,236.3680,144.3480,4.999902
FILLER_32_374,VDD,Metal1,216.4400,145.0400,4.999902
FILLER_32_372,VDD,Metal1,215.6000,145.0400,4.999902
FILLER_32_321,VDD,Metal1,186.7600,145.0400,4.999902
FILLER_32_317,VDD,Metal1,185.7400,144.6075,4.999902
FILLER_32_303,VDD,Metal1,177.9000,144.6075,4.999903
FILLER_32_295,VDD,Metal1,174.6665,144.4630,4.999903
FILLER_32_247,VDD,Metal1,147.7865,144.4630,4.999875
FILLER_32_244,VDD,Metal1,143.6400,145.0400,4.999875
FILLER_32_240,VDD,Metal1,142.6200,144.6075,4.999875
FILLER_32_232,VDD,Metal1,139.3865,144.4630,4.999875
FILLER_32_181,VDD,Metal1,108.3600,145.0400,4.999872
FILLER_32_177,VDD,Metal1,107.3400,144.6075,4.999872
FILLER_32_107,VDD,Metal1,66.9200,145.0400,4.999884
FILLER_32_81,VDD,Metal1,52.6400,145.0400,4.999889
FILLER_32_77,VDD,Metal1,51.3400,144.6075,4.999889
FILLER_32_46,VDD,Metal1,33.0400,145.0400,4.999893
FILLER_31_422,VDD,Metal1,244.5400,137.6325,4.999977
FILLER_31_419,VDD,Metal1,241.6400,137.2000,4.999977
FILLER_31_417,VDD,Metal1,240.8000,137.2000,4.999977
FILLER_31_413,VDD,Metal1,239.5000,137.6325,4.999977
FILLER_31_405,VDD,Metal1,236.2665,137.7765,4.999977
FILLER_31_375,VDD,Metal1,217.0000,137.2000,4.999977
FILLER_31_373,VDD,Metal1,216.1600,137.2000,4.999977
FILLER_31_361,VDD,Metal1,209.4400,137.2000,4.999978
FILLER_31_349,VDD,Metal1,202.4400,137.2000,4.999979
FILLER_31_347,VDD,Metal1,201.6000,137.2000,4.999979
FILLER_31_306,VDD,Metal1,178.3600,137.2000,4.999979
FILLER_31_298,VDD,Metal1,176.3465,137.7765,4.999979
FILLER_31_282,VDD,Metal1,169.7280,137.8920,4.999979
FILLER_31_261,VDD,Metal1,153.1600,137.2000,4.999978
FILLER_31_257,VDD,Metal1,152.1400,137.6325,4.999978
FILLER_31_249,VDD,Metal1,148.9065,137.7765,4.999978
FILLER_31_233,VDD,Metal1,142.2880,137.8920,4.999978
FILLER_31_214,VDD,Metal1,126.8400,137.2000,4.999977
FILLER_31_212,VDD,Metal1,126.0000,137.2000,4.999977
FILLER_31_209,VDD,Metal1,124.0400,137.2000,4.999977
FILLER_31_207,VDD,Metal1,123.2000,137.2000,4.999977
FILLER_31_177,VDD,Metal1,106.1200,137.2000,4.999977
FILLER_31_173,VDD,Metal1,105.1000,137.6325,4.999977
FILLER_31_152,VDD,Metal1,92.1200,137.2000,4.999982
FILLER_31_150,VDD,Metal1,91.2800,137.2000,4.999982
FILLER_31_136,VDD,Metal1,84.3800,137.6325,4.999983
FILLER_31_97,VDD,Metal1,61.3200,137.2000,4.999983
FILLER_31_93,VDD,Metal1,60.3000,137.6325,4.999983
FILLER_31_84,VDD,Metal1,54.0400,137.2000,4.999983
FILLER_31_80,VDD,Metal1,53.0200,137.6325,4.999983
FILLER_31_72,VDD,Metal1,49.7865,137.7765,4.999983
FILLER_31_68,VDD,Metal1,45.3600,137.2000,4.999984
FILLER_31_64,VDD,Metal1,44.0600,137.6325,4.999984
FILLER_31_34,VDD,Metal1,26.0400,137.2000,4.999985
FILLER_31_32,VDD,Metal1,25.2000,137.2000,4.999985
FILLER_31_22,VDD,Metal1,19.3200,137.2000,4.999985
FILLER_31_20,VDD,Metal1,18.4800,137.2000,4.999985
FILLER_31_16,VDD,Metal1,17.1800,137.6325,4.999985
FILLER_31_6,VDD,Metal1,10.6400,137.2000,4.999985
FILLER_30_425,VDD,Metal1,245.0000,137.2000,4.999977
FILLER_30_421,VDD,Metal1,243.9800,136.7675,4.999977
FILLER_30_413,VDD,Metal1,240.7465,136.6230,4.999977
FILLER_30_373,VDD,Metal1,215.8800,137.2000,4.999977
FILLER_30_362,VDD,Metal1,210.0000,137.2000,4.999978
FILLER_30_319,VDD,Metal1,185.6400,137.2000,4.999979
FILLER_30_317,VDD,Metal1,184.8000,137.2000,4.999979
FILLER_30_311,VDD,Metal1,182.3800,136.7675,4.999979
FILLER_30_279,VDD,Metal1,172.5955,136.4310,4.999979
FILLER_30_271,VDD,Metal1,159.0400,137.2000,4.999978
FILLER_30_263,VDD,Metal1,156.7465,136.6230,4.999978
FILLER_30_247,VDD,Metal1,150.1280,136.5080,4.999978
FILLER_30_244,VDD,Metal1,143.6400,137.2000,4.999978
FILLER_30_236,VDD,Metal1,141.6265,136.6230,4.999978
FILLER_30_224,VDD,Metal1,132.4400,137.2000,4.999977
FILLER_30_208,VDD,Metal1,124.7000,136.7675,4.999977
FILLER_30_177,VDD,Metal1,106.4000,137.2000,4.999977
FILLER_30_162,VDD,Metal1,97.7200,137.2000,4.999978
FILLER_30_160,VDD,Metal1,96.8800,137.2000,4.999978
FILLER_30_156,VDD,Metal1,95.5800,136.7675,4.999978
FILLER_30_148,VDD,Metal1,92.3465,136.6230,4.999982
FILLER_30_139,VDD,Metal1,84.8400,137.2000,4.999983
FILLER_30_135,VDD,Metal1,83.8200,136.7675,4.999983
FILLER_30_127,VDD,Metal1,80.5865,136.6230,4.999983
FILLER_30_107,VDD,Metal1,71.7280,136.5080,4.999983
FILLER_30_101,VDD,Metal1,64.7800,136.7675,4.999983
FILLER_30_69,VDD,Metal1,54.9955,136.4310,4.999983
FILLER_30_50,VDD,Metal1,35.0000,137.2000,4.999984
FILLER_30_46,VDD,Metal1,33.9800,136.7675,4.999984
FILLER_30_31,VDD,Metal1,25.5800,136.7675,4.999985
FILLER_30_15,VDD,Metal1,20.2080,136.5080,4.999985
FILLER_30_6,VDD,Metal1,10.3600,137.2000,4.999985
FILLER_29_422,VDD,Metal1,244.5400,129.7925,4.999971
FILLER_29_416,VDD,Metal1,241.1800,129.7925,4.999971
FILLER_29_408,VDD,Metal1,237.9465,129.9365,4.999971
FILLER_29_378,VDD,Metal1,218.6800,129.3600,4.999972
FILLER_29_370,VDD,Metal1,216.6665,129.9365,4.999972
FILLER_29_346,VDD,Metal1,201.9800,129.7925,4.999973
FILLER_29_325,VDD,Metal1,190.2200,129.7925,4.999973
FILLER_29_306,VDD,Metal1,178.6400,129.3600,4.999975
FILLER_29_302,VDD,Metal1,177.3400,129.7925,4.999975
FILLER_29_294,VDD,Metal1,174.1065,129.9365,4.999975
FILLER_29_282,VDD,Metal1,165.2000,129.3600,4.999975
FILLER_29_270,VDD,Metal1,158.2000,129.3600,4.999975
FILLER_29_268,VDD,Metal1,157.3600,129.3600,4.999974
FILLER_29_260,VDD,Metal1,155.0665,129.9365,4.999974
FILLER_29_251,VDD,Metal1,147.5600,129.3600,4.999974
FILLER_29_146,VDD,Metal1,98.1155,130.1285,4.999975
FILLER_29_130,VDD,Metal1,80.0800,129.3600,4.999975
FILLER_29_122,VDD,Metal1,77.7865,129.9365,4.999975
FILLER_29_112,VDD,Metal1,70.0000,129.3600,4.999976
FILLER_29_104,VDD,Metal1,67.7065,129.9365,4.999976
FILLER_29_72,VDD,Metal1,56.6755,130.1285,4.999977
FILLER_29_69,VDD,Metal1,45.6400,129.3600,4.999978
FILLER_29_65,VDD,Metal1,44.6200,129.7925,4.999978
FILLER_29_49,VDD,Metal1,39.2480,130.0520,4.999978
FILLER_29_32,VDD,Metal1,24.9200,129.3600,4.999979
FILLER_29_30,VDD,Metal1,24.0800,129.3600,4.999979
FILLER_29_26,VDD,Metal1,22.7800,129.7925,4.999985
FILLER_29_18,VDD,Metal1,19.5465,129.9365,4.999985
FILLER_29_2,VDD,Metal1,12.9280,130.0520,4.999985
FILLER_28_424,VDD,Metal1,244.7200,129.3600,4.999971
FILLER_28_420,VDD,Metal1,243.4200,128.9275,4.999971
FILLER_28_404,VDD,Metal1,238.0480,128.6680,4.999971
FILLER_28_384,VDD,Metal1,222.0400,129.3600,4.999971
FILLER_28_382,VDD,Metal1,221.2000,129.3600,4.999971
FILLER_28_378,VDD,Metal1,219.9000,128.9275,4.999972
FILLER_28_370,VDD,Metal1,216.6665,128.7830,4.999972
FILLER_28_350,VDD,Metal1,204.2200,128.9275,4.999973
FILLER_28_328,VDD,Metal1,190.6800,129.3600,4.999973
FILLER_28_321,VDD,Metal1,187.0400,129.3600,4.999973
FILLER_28_317,VDD,Metal1,185.7400,128.9275,4.999973
FILLER_28_313,VDD,Metal1,182.5600,129.3600,4.999975
FILLER_28_260,VDD,Metal1,152.8800,129.3600,4.999974
FILLER_28_256,VDD,Metal1,151.5800,128.9275,4.999974
FILLER_28_243,VDD,Metal1,143.3600,129.3600,4.999974
FILLER_28_234,VDD,Metal1,138.0400,129.3600,4.999974
FILLER_28_222,VDD,Metal1,132.5400,128.9275,4.999974
FILLER_28_192,VDD,Metal1,114.5200,129.3600,4.999974
FILLER_28_184,VDD,Metal1,112.5065,128.7830,4.999974
FILLER_28_179,VDD,Metal1,107.2400,129.3600,4.999975
FILLER_28_177,VDD,Metal1,106.4000,129.3600,4.999975
FILLER_28_173,VDD,Metal1,104.1600,129.3600,4.999975
FILLER_28_169,VDD,Metal1,102.8600,128.9275,4.999975
FILLER_28_155,VDD,Metal1,96.2665,128.7830,4.999975
FILLER_28_124,VDD,Metal1,76.7200,129.3600,4.999975
FILLER_28_115,VDD,Metal1,71.4000,129.3600,4.999976
FILLER_28_107,VDD,Metal1,69.3865,128.7830,4.999976
FILLER_28_103,VDD,Metal1,64.9600,129.3600,4.999977
FILLER_28_99,VDD,Metal1,63.6600,128.9275,4.999977
FILLER_28_83,VDD,Metal1,58.2880,128.6680,4.999977
FILLER_28_71,VDD,Metal1,47.9800,128.9275,4.999977
FILLER_28_63,VDD,Metal1,43.5000,128.9275,4.999978
FILLER_28_53,VDD,Metal1,36.9600,129.3600,4.999978
FILLER_28_37,VDD,Metal1,32.5280,128.6680,4.999978
FILLER_28_33,VDD,Metal1,25.7600,129.3600,4.999979
FILLER_28_22,VDD,Metal1,19.6000,129.3600,4.999985
FILLER_28_6,VDD,Metal1,15.1680,128.6680,4.999985
FILLER_27_422,VDD,Metal1,244.5400,121.9525,4.999968
FILLER_27_419,VDD,Metal1,241.6400,121.5200,4.999968
FILLER_27_417,VDD,Metal1,240.8000,121.5200,4.999968
FILLER_27_409,VDD,Metal1,238.5065,122.0965,4.999968
FILLER_27_393,VDD,Metal1,231.8880,122.2120,4.999968
FILLER_27_385,VDD,Metal1,222.8800,121.5200,4.999968
FILLER_27_381,VDD,Metal1,221.5800,121.9525,4.999968
FILLER_27_332,VDD,Metal1,194.1400,121.9525,4.999968
FILLER_27_293,VDD,Metal1,171.3600,121.5200,4.999967
FILLER_27_276,VDD,Metal1,162.7800,121.9525,4.999966
FILLER_27_226,VDD,Metal1,133.5600,121.5200,4.999967
FILLER_27_224,VDD,Metal1,132.7200,121.5200,4.999967
FILLER_27_220,VDD,Metal1,131.4200,121.9525,4.999967
FILLER_27_212,VDD,Metal1,128.1865,122.0965,4.999967
FILLER_27_209,VDD,Metal1,124.0400,121.5200,4.999967
FILLER_27_207,VDD,Metal1,123.2000,121.5200,4.999967
FILLER_27_186,VDD,Metal1,111.1600,121.5200,4.999967
FILLER_27_182,VDD,Metal1,110.1400,121.9525,4.999967
FILLER_27_173,VDD,Metal1,103.8800,121.5200,4.999967
FILLER_27_171,VDD,Metal1,103.0400,121.5200,4.999967
FILLER_27_152,VDD,Metal1,92.1200,121.5200,4.999967
FILLER_27_150,VDD,Metal1,91.2800,121.5200,4.999967
FILLER_27_142,VDD,Metal1,88.9865,122.0965,4.999967
FILLER_27_138,VDD,Metal1,84.5600,121.5200,4.999968
FILLER_27_134,VDD,Metal1,83.2600,121.9525,4.999968
FILLER_27_97,VDD,Metal1,63.7865,122.0965,4.999969
FILLER_27_72,VDD,Metal1,47.3200,121.5200,4.999970
FILLER_27_40,VDD,Metal1,29.4000,121.5200,4.999971
FILLER_27_10,VDD,Metal1,12.6000,121.5200,4.999972
FILLER_27_6,VDD,Metal1,11.5800,121.9525,4.999972
FILLER_26_425,VDD,Metal1,245.0000,121.5200,4.999968
FILLER_26_423,VDD,Metal1,244.1600,121.5200,4.999968
FILLER_26_419,VDD,Metal1,242.8600,121.0875,4.999968
FILLER_26_387,VDD,Metal1,233.0755,120.7510,4.999968
FILLER_26_384,VDD,Metal1,222.0400,121.5200,4.999968
FILLER_26_382,VDD,Metal1,221.2000,121.5200,4.999968
FILLER_26_374,VDD,Metal1,218.9065,120.9430,4.999968
FILLER_26_323,VDD,Metal1,187.8800,121.5200,4.999969
FILLER_26_321,VDD,Metal1,187.0400,121.5200,4.999969
FILLER_26_317,VDD,Metal1,185.7400,121.0875,4.999969
FILLER_26_307,VDD,Metal1,181.3865,120.9430,4.999969
FILLER_26_284,VDD,Metal1,166.3200,121.5200,4.999967
FILLER_26_243,VDD,Metal1,143.3600,121.5200,4.999966
FILLER_26_230,VDD,Metal1,135.8000,121.5200,4.999966
FILLER_26_226,VDD,Metal1,134.7800,121.0875,4.999967
FILLER_26_210,VDD,Metal1,129.4080,120.8280,4.999967
FILLER_26_188,VDD,Metal1,114.7465,120.9430,4.999967
FILLER_26_144,VDD,Metal1,87.9200,121.5200,4.999968
FILLER_26_140,VDD,Metal1,86.6200,121.0875,4.999968
FILLER_26_131,VDD,Metal1,80.3600,121.5200,4.999968
FILLER_26_123,VDD,Metal1,78.3465,120.9430,4.999968
FILLER_26_107,VDD,Metal1,71.7280,120.8280,4.999968
FILLER_26_31,VDD,Metal1,25.5800,121.0875,4.999972
FILLER_25_422,VDD,Metal1,244.5400,114.1125,4.999970
FILLER_25_416,VDD,Metal1,241.1800,114.1125,4.999970
FILLER_25_352,VDD,Metal1,222.4750,114.4940,4.999970
FILLER_25_320,VDD,Metal1,186.2000,113.6800,4.999970
FILLER_25_318,VDD,Metal1,185.3600,113.6800,4.999970
FILLER_25_314,VDD,Metal1,184.0600,114.1125,4.999970
FILLER_25_298,VDD,Metal1,178.6880,114.3720,4.999970
FILLER_25_278,VDD,Metal1,162.9600,113.6800,4.999970
FILLER_25_217,VDD,Metal1,137.8755,114.4485,4.999969
FILLER_25_180,VDD,Metal1,107.8000,113.6800,4.999967
FILLER_25_178,VDD,Metal1,106.9600,113.6800,4.999967
FILLER_25_142,VDD,Metal1,86.8000,113.6800,4.999967
FILLER_25_132,VDD,Metal1,83.3865,114.2565,4.999967
FILLER_25_116,VDD,Metal1,76.7680,114.3720,4.999967
FILLER_25_98,VDD,Metal1,61.8800,113.6800,4.999980
FILLER_25_37,VDD,Metal1,28.9400,114.1125,4.999981
FILLER_24_425,VDD,Metal1,245.0000,113.6800,4.999970
FILLER_24_423,VDD,Metal1,244.1600,113.6800,4.999970
FILLER_24_419,VDD,Metal1,242.8600,113.2475,4.999970
FILLER_24_387,VDD,Metal1,233.0755,112.9110,4.999970
FILLER_24_381,VDD,Metal1,221.5800,113.2475,4.999970
FILLER_24_317,VDD,Metal1,202.8750,112.8655,4.999970
FILLER_24_314,VDD,Metal1,182.8400,113.6800,4.999970
FILLER_24_306,VDD,Metal1,180.8265,113.1030,4.999970
FILLER_24_274,VDD,Metal1,169.7955,112.9110,4.999970
FILLER_24_247,VDD,Metal1,145.6000,113.6800,4.999969
FILLER_24_233,VDD,Metal1,138.7000,113.2475,4.999969
FILLER_24_225,VDD,Metal1,135.4665,113.1030,4.999969
FILLER_24_211,VDD,Metal1,125.4400,113.6800,4.999968
FILLER_24_181,VDD,Metal1,108.3600,113.6800,4.999967
FILLER_24_177,VDD,Metal1,107.3400,113.2475,4.999967
FILLER_24_174,VDD,Metal1,104.4400,113.6800,4.999967
FILLER_24_172,VDD,Metal1,103.6000,113.6800,4.999967
FILLER_24_152,VDD,Metal1,92.4000,113.6800,4.999967
FILLER_24_148,VDD,Metal1,91.1000,113.2475,4.999967
FILLER_24_140,VDD,Metal1,87.8665,113.1030,4.999967
FILLER_24_124,VDD,Metal1,81.2480,112.9880,4.999967
FILLER_24_112,VDD,Metal1,70.0000,113.6800,4.999967
FILLER_24_104,VDD,Metal1,65.2400,113.6800,4.999980
FILLER_24_87,VDD,Metal1,55.7200,113.6800,4.999981
FILLER_24_85,VDD,Metal1,54.8800,113.6800,4.999981
FILLER_24_47,VDD,Metal1,33.3200,113.6800,4.999981
FILLER_24_45,VDD,Metal1,32.4800,113.6800,4.999981
FILLER_24_37,VDD,Metal1,30.1865,113.1030,4.999981
FILLER_24_2,VDD,Metal1,9.3400,113.2475,4.999984
FILLER_23_422,VDD,Metal1,244.5400,106.2725,4.999989
FILLER_23_416,VDD,Metal1,241.1800,106.2725,4.999989
FILLER_23_352,VDD,Metal1,222.4750,106.6540,4.999989
FILLER_23_349,VDD,Metal1,202.4400,105.8400,4.999989
FILLER_23_347,VDD,Metal1,201.6000,105.8400,4.999989
FILLER_23_343,VDD,Metal1,200.3000,106.2725,4.999989
FILLER_23_335,VDD,Metal1,197.0665,106.4165,4.999989
FILLER_23_305,VDD,Metal1,177.8000,105.8400,4.999989
FILLER_23_297,VDD,Metal1,175.7865,106.4165,4.999989
FILLER_23_287,VDD,Metal1,168.9400,106.2725,4.999989
FILLER_23_279,VDD,Metal1,163.2400,105.8400,4.999989
FILLER_23_275,VDD,Metal1,162.2200,106.2725,4.999989
FILLER_23_267,VDD,Metal1,158.9865,106.4165,4.999989
FILLER_23_256,VDD,Metal1,150.3600,105.8400,4.999989
FILLER_23_248,VDD,Metal1,148.3465,106.4165,4.999989
FILLER_23_234,VDD,Metal1,138.0400,105.8400,4.999987
FILLER_23_230,VDD,Metal1,137.0200,106.2725,4.999987
FILLER_23_222,VDD,Metal1,133.7865,106.4165,4.999987
FILLER_23_212,VDD,Metal1,126.0000,105.8400,4.999987
FILLER_23_204,VDD,Metal1,121.2400,105.8400,4.999987
FILLER_23_182,VDD,Metal1,110.1400,106.2725,4.999987
FILLER_23_174,VDD,Metal1,106.9065,106.4165,4.999987
FILLER_23_142,VDD,Metal1,95.8755,106.6085,4.999987
FILLER_23_139,VDD,Metal1,84.8400,105.8400,4.999987
FILLER_23_135,VDD,Metal1,83.8200,106.2725,4.999987
FILLER_23_128,VDD,Metal1,78.6800,105.8400,4.999987
FILLER_23_126,VDD,Metal1,77.8400,105.8400,4.999987
FILLER_23_112,VDD,Metal1,69.7200,105.8400,4.999988
FILLER_23_108,VDD,Metal1,68.7000,106.2725,4.999988
FILLER_23_96,VDD,Metal1,63.2265,106.4165,4.999991
FILLER_23_80,VDD,Metal1,56.6080,106.5320,4.999991
FILLER_23_74,VDD,Metal1,48.4400,105.8400,4.999991
FILLER_23_72,VDD,Metal1,47.6000,105.8400,4.999991
FILLER_23_50,VDD,Metal1,35.0000,105.8400,4.999992
FILLER_23_42,VDD,Metal1,32.9865,106.4165,4.999992
FILLER_23_15,VDD,Metal1,16.6200,106.2725,4.999992
FILLER_23_6,VDD,Metal1,10.3600,105.8400,4.999992
FILLER_22_425,VDD,Metal1,245.0000,105.8400,4.999989
FILLER_22_423,VDD,Metal1,244.1600,105.8400,4.999989
FILLER_22_419,VDD,Metal1,242.8600,105.4075,4.999989
FILLER_22_387,VDD,Metal1,233.0755,105.0710,4.999989
FILLER_22_383,VDD,Metal1,221.7600,105.8400,4.999989
FILLER_22_379,VDD,Metal1,220.4600,105.4075,4.999989
FILLER_22_347,VDD,Metal1,210.6755,105.0710,4.999989
FILLER_22_330,VDD,Metal1,191.8000,105.8400,4.999989
FILLER_22_323,VDD,Metal1,188.1600,105.8400,4.999989
FILLER_22_314,VDD,Metal1,182.8400,105.8400,4.999989
FILLER_22_312,VDD,Metal1,182.0000,105.8400,4.999989
FILLER_22_306,VDD,Metal1,178.3600,105.8400,4.999989
FILLER_22_302,VDD,Metal1,177.3400,105.4075,4.999989
FILLER_22_294,VDD,Metal1,174.1065,105.2630,4.999989
FILLER_22_280,VDD,Metal1,163.8000,105.8400,4.999989
FILLER_22_274,VDD,Metal1,160.4400,105.8400,4.999989
FILLER_22_272,VDD,Metal1,159.6000,105.8400,4.999989
FILLER_22_268,VDD,Metal1,158.3000,105.4075,4.999989
FILLER_22_252,VDD,Metal1,152.9280,105.1480,4.999989
FILLER_22_244,VDD,Metal1,143.6400,105.8400,4.999987
FILLER_22_242,VDD,Metal1,142.8000,105.8400,4.999987
FILLER_22_231,VDD,Metal1,136.3600,105.8400,4.999987
FILLER_22_229,VDD,Metal1,135.5200,105.8400,4.999987
FILLER_22_225,VDD,Metal1,134.2200,105.4075,4.999987
FILLER_22_195,VDD,Metal1,116.2000,105.8400,4.999987
FILLER_22_193,VDD,Metal1,115.3600,105.8400,4.999987
FILLER_22_177,VDD,Metal1,110.9280,105.1480,4.999987
FILLER_22_174,VDD,Metal1,104.4400,105.8400,4.999987
FILLER_22_172,VDD,Metal1,103.6000,105.8400,4.999987
FILLER_22_168,VDD,Metal1,102.3000,105.4075,4.999987
FILLER_22_152,VDD,Metal1,96.9280,105.1480,4.999987
FILLER_22_122,VDD,Metal1,75.3200,105.8400,4.999988
FILLER_22_113,VDD,Metal1,70.2800,105.8400,4.999988
FILLER_22_111,VDD,Metal1,69.4400,105.8400,4.999988
FILLER_22_107,VDD,Metal1,68.1400,105.4075,4.999988
FILLER_22_73,VDD,Metal1,57.2355,105.0710,4.999991
FILLER_22_37,VDD,Metal1,37.0755,105.0710,4.999992
FILLER_22_28,VDD,Metal1,22.6800,105.8400,4.999992
FILLER_22_26,VDD,Metal1,21.8400,105.8400,4.999992
FILLER_22_18,VDD,Metal1,19.5465,105.2630,4.999992
FILLER_22_2,VDD,Metal1,12.9280,105.1480,4.999992
FILLER_21_422,VDD,Metal1,244.5400,98.4325,4.999970
FILLER_21_419,VDD,Metal1,241.6400,98.0000,4.999970
FILLER_21_417,VDD,Metal1,240.8000,98.0000,4.999970
FILLER_21_409,VDD,Metal1,238.5065,98.5765,4.999970
FILLER_21_377,VDD,Metal1,227.4755,98.7685,4.999970
FILLER_21_282,VDD,Metal1,165.2000,98.0000,4.999982
FILLER_21_272,VDD,Metal1,159.3200,98.0000,4.999982
FILLER_21_261,VDD,Metal1,154.3800,98.4325,4.999982
FILLER_21_222,VDD,Metal1,131.6000,98.0000,4.999982
FILLER_21_218,VDD,Metal1,130.3000,98.4325,4.999982
FILLER_21_203,VDD,Metal1,120.6800,98.0000,4.999982
FILLER_21_197,VDD,Metal1,117.3200,98.0000,4.999982
FILLER_21_195,VDD,Metal1,116.4800,98.0000,4.999982
FILLER_21_187,VDD,Metal1,114.1865,98.5765,4.999982
FILLER_21_171,VDD,Metal1,107.5680,98.6920,4.999982
FILLER_21_138,VDD,Metal1,84.5600,98.0000,4.999983
FILLER_21_134,VDD,Metal1,83.2600,98.4325,4.999983
FILLER_21_120,VDD,Metal1,74.2000,98.0000,4.999984
FILLER_21_104,VDD,Metal1,70.0480,98.6920,4.999984
FILLER_21_72,VDD,Metal1,56.6755,98.7685,4.999984
FILLER_21_69,VDD,Metal1,45.6400,98.0000,4.999985
FILLER_21_67,VDD,Metal1,44.8000,98.0000,4.999985
FILLER_21_63,VDD,Metal1,43.5000,98.4325,4.999985
FILLER_21_47,VDD,Metal1,38.1280,98.6920,4.999985
FILLER_21_14,VDD,Metal1,16.0600,98.4325,4.999986
FILLER_21_6,VDD,Metal1,12.8265,98.5765,4.999986
FILLER_20_425,VDD,Metal1,245.0000,98.0000,4.999970
FILLER_20_423,VDD,Metal1,244.1600,98.0000,4.999970
FILLER_20_419,VDD,Metal1,242.8600,97.5675,4.999970
FILLER_20_387,VDD,Metal1,233.0755,97.2310,4.999970
FILLER_20_381,VDD,Metal1,221.5800,97.5675,4.999970
FILLER_20_365,VDD,Metal1,216.2080,97.3080,4.999970
FILLER_20_317,VDD,Metal1,184.5200,98.0000,4.999970
FILLER_20_299,VDD,Metal1,175.6600,97.5675,4.999982
FILLER_20_275,VDD,Metal1,162.2200,97.5675,4.999982
FILLER_20_239,VDD,Metal1,140.8400,98.0000,4.999982
FILLER_20_237,VDD,Metal1,140.0000,98.0000,4.999982
FILLER_20_229,VDD,Metal1,137.7065,97.4230,4.999982
FILLER_20_213,VDD,Metal1,131.0880,97.3080,4.999982
FILLER_20_181,VDD,Metal1,117.7155,97.2310,4.999982
FILLER_20_173,VDD,Metal1,104.1600,98.0000,4.999982
FILLER_20_169,VDD,Metal1,102.8600,97.5675,4.999982
FILLER_20_153,VDD,Metal1,97.4880,97.3080,4.999983
FILLER_20_148,VDD,Metal1,89.8800,98.0000,4.999983
FILLER_20_132,VDD,Metal1,85.7280,97.3080,4.999983
FILLER_20_123,VDD,Metal1,75.8800,98.0000,4.999983
FILLER_20_107,VDD,Metal1,71.7280,97.3080,4.999983
FILLER_20_95,VDD,Metal1,60.2000,98.0000,4.999984
FILLER_20_93,VDD,Metal1,59.3600,98.0000,4.999984
FILLER_20_85,VDD,Metal1,57.0665,97.4230,4.999984
FILLER_20_69,VDD,Metal1,50.4480,97.3080,4.999984
FILLER_20_60,VDD,Metal1,40.6000,98.0000,4.999985
FILLER_20_58,VDD,Metal1,39.7600,98.0000,4.999985
FILLER_20_54,VDD,Metal1,38.4600,97.5675,4.999985
FILLER_20_46,VDD,Metal1,35.2265,97.4230,4.999985
FILLER_20_33,VDD,Metal1,25.7600,98.0000,4.999986
FILLER_20_29,VDD,Metal1,24.4600,97.5675,4.999986
FILLER_20_13,VDD,Metal1,19.0880,97.3080,4.999986
FILLER_20_4,VDD,Metal1,9.2400,98.0000,4.999986
FILLER_20_2,VDD,Metal1,8.4000,98.0000,4.999986
FILLER_19_422,VDD,Metal1,244.5400,90.5925,4.999888
FILLER_19_418,VDD,Metal1,241.3600,90.1600,4.999888
FILLER_19_414,VDD,Metal1,240.0600,90.5925,4.999888
FILLER_19_406,VDD,Metal1,236.8265,90.7365,4.999888
FILLER_19_390,VDD,Metal1,230.2080,90.8520,4.999888
FILLER_19_358,VDD,Metal1,216.8355,90.9285,4.999888
FILLER_19_292,VDD,Metal1,175.3280,90.8520,4.999960
FILLER_19_279,VDD,Metal1,163.2400,90.1600,4.999961
FILLER_19_265,VDD,Metal1,155.4000,90.1600,4.999966
FILLER_19_263,VDD,Metal1,154.5600,90.1600,4.999966
FILLER_19_253,VDD,Metal1,148.9600,90.1600,4.999966
FILLER_19_249,VDD,Metal1,147.6600,90.5925,4.999966
FILLER_19_241,VDD,Metal1,144.4265,90.7365,4.999966
FILLER_19_225,VDD,Metal1,137.8080,90.8520,4.999966
FILLER_19_212,VDD,Metal1,125.7200,90.1600,4.999975
FILLER_19_194,VDD,Metal1,120.4480,90.8520,4.999975
FILLER_19_166,VDD,Metal1,100.2400,90.1600,4.999976
FILLER_19_142,VDD,Metal1,88.9865,90.7365,4.999976
FILLER_19_139,VDD,Metal1,84.8400,90.1600,4.999977
FILLER_19_137,VDD,Metal1,84.0000,90.1600,4.999977
FILLER_19_129,VDD,Metal1,81.7065,90.7365,4.999977
FILLER_19_117,VDD,Metal1,72.8000,90.1600,4.999979
FILLER_19_109,VDD,Metal1,70.5065,90.7365,4.999979
FILLER_19_100,VDD,Metal1,63.2800,90.1600,4.999979
FILLER_19_90,VDD,Metal1,57.6800,90.1600,4.999980
FILLER_19_72,VDD,Metal1,47.6000,90.1600,4.999982
FILLER_19_69,VDD,Metal1,45.6400,90.1600,4.999982
FILLER_19_60,VDD,Metal1,40.6000,90.1600,4.999982
FILLER_19_56,VDD,Metal1,39.5800,90.5925,4.999982
FILLER_19_48,VDD,Metal1,36.3465,90.7365,4.999983
FILLER_19_26,VDD,Metal1,21.8400,90.1600,4.999984
FILLER_19_18,VDD,Metal1,19.5465,90.7365,4.999984
FILLER_18_425,VDD,Metal1,245.0000,90.1600,4.999888
FILLER_18_423,VDD,Metal1,244.1600,90.1600,4.999888
FILLER_18_419,VDD,Metal1,242.8600,89.7275,4.999888
FILLER_18_387,VDD,Metal1,233.0755,89.3910,4.999888
FILLER_18_384,VDD,Metal1,222.0400,90.1600,4.999888
FILLER_18_382,VDD,Metal1,221.2000,90.1600,4.999888
FILLER_18_327,VDD,Metal1,190.1200,90.1600,4.999888
FILLER_18_317,VDD,Metal1,184.8000,90.1600,4.999889
FILLER_18_314,VDD,Metal1,182.8400,90.1600,4.999959
FILLER_18_309,VDD,Metal1,180.0400,90.1600,4.999959
FILLER_18_307,VDD,Metal1,179.2000,90.1600,4.999960
FILLER_18_303,VDD,Metal1,177.9000,89.7275,4.999960
FILLER_18_295,VDD,Metal1,174.6665,89.5830,4.999960
FILLER_18_283,VDD,Metal1,165.7600,90.1600,4.999961
FILLER_18_275,VDD,Metal1,161.0000,90.1600,4.999961
FILLER_18_271,VDD,Metal1,159.9800,89.7275,4.999961
FILLER_18_263,VDD,Metal1,156.7465,89.5830,4.999966
FILLER_18_247,VDD,Metal1,150.1280,89.4680,4.999966
FILLER_18_241,VDD,Metal1,143.1800,89.7275,4.999966
FILLER_18_233,VDD,Metal1,139.9465,89.5830,4.999966
FILLER_18_174,VDD,Metal1,104.4400,90.1600,4.999976
FILLER_18_145,VDD,Metal1,88.2000,90.1600,4.999976
FILLER_18_141,VDD,Metal1,87.1800,89.7275,4.999976
FILLER_18_119,VDD,Metal1,73.6400,90.1600,4.999979
FILLER_18_104,VDD,Metal1,65.2400,90.1600,4.999979
FILLER_18_45,VDD,Metal1,34.6665,89.5830,4.999983
FILLER_18_31,VDD,Metal1,25.5800,89.7275,4.999984
FILLER_17_422,VDD,Metal1,244.5400,82.7525,4.999988
FILLER_17_416,VDD,Metal1,241.1800,82.7525,4.999988
FILLER_17_352,VDD,Metal1,222.4750,83.1340,4.999988
FILLER_17_346,VDD,Metal1,201.9800,82.7525,4.999988
FILLER_17_330,VDD,Metal1,192.0800,82.3200,4.999988
FILLER_17_326,VDD,Metal1,190.7800,82.7525,4.999988
FILLER_17_310,VDD,Metal1,185.4080,83.0120,4.999988
FILLER_17_302,VDD,Metal1,176.4000,82.3200,4.999988
FILLER_17_298,VDD,Metal1,175.1000,82.7525,4.999988
FILLER_17_282,VDD,Metal1,169.7280,83.0120,4.999988
FILLER_17_278,VDD,Metal1,162.9600,82.3200,4.999988
FILLER_17_270,VDD,Metal1,160.6665,82.8965,4.999988
FILLER_17_264,VDD,Metal1,154.8400,82.3200,4.999987
FILLER_17_262,VDD,Metal1,154.0000,82.3200,4.999987
FILLER_17_246,VDD,Metal1,149.5680,83.0120,4.999987
FILLER_17_195,VDD,Metal1,116.2000,82.3200,4.999985
FILLER_17_176,VDD,Metal1,106.7800,82.7525,4.999984
FILLER_17_164,VDD,Metal1,98.8400,82.3200,4.999984
FILLER_17_148,VDD,Metal1,94.6880,83.0120,4.999982
FILLER_17_139,VDD,Metal1,84.8400,82.3200,4.999982
FILLER_17_112,VDD,Metal1,69.7200,82.3200,4.999983
FILLER_17_81,VDD,Metal1,53.5800,82.7525,4.999983
FILLER_17_72,VDD,Metal1,47.3200,82.3200,4.999983
FILLER_17_69,VDD,Metal1,45.6400,82.3200,4.999983
FILLER_17_65,VDD,Metal1,44.6200,82.7525,4.999983
FILLER_17_49,VDD,Metal1,39.2480,83.0120,4.999983
FILLER_17_37,VDD,Metal1,27.7200,82.3200,4.999983
FILLER_17_35,VDD,Metal1,26.8800,82.3200,4.999983
FILLER_17_31,VDD,Metal1,25.5800,82.7525,4.999986
FILLER_16_425,VDD,Metal1,245.0000,82.3200,4.999988
FILLER_16_423,VDD,Metal1,244.1600,82.3200,4.999988
FILLER_16_419,VDD,Metal1,242.8600,81.8875,4.999988
FILLER_16_387,VDD,Metal1,233.0755,81.5510,4.999988
FILLER_16_381,VDD,Metal1,221.5800,81.8875,4.999988
FILLER_16_317,VDD,Metal1,202.8750,81.5055,4.999988
FILLER_16_305,VDD,Metal1,179.0200,81.8875,4.999988
FILLER_16_273,VDD,Metal1,169.2355,81.5510,4.999988
FILLER_16_267,VDD,Metal1,156.5200,82.3200,4.999987
FILLER_16_265,VDD,Metal1,155.6800,82.3200,4.999987
FILLER_16_261,VDD,Metal1,154.3800,81.8875,4.999987
FILLER_16_253,VDD,Metal1,151.1465,81.7430,4.999987
FILLER_16_247,VDD,Metal1,145.3200,82.3200,4.999987
FILLER_16_243,VDD,Metal1,143.3600,82.3200,4.999986
FILLER_16_239,VDD,Metal1,142.0600,81.8875,4.999986
FILLER_16_226,VDD,Metal1,133.5600,82.3200,4.999985
FILLER_16_159,VDD,Metal1,97.2600,81.8875,4.999982
FILLER_16_113,VDD,Metal1,71.5000,81.8875,4.999983
FILLER_16_107,VDD,Metal1,66.9200,82.3200,4.999983
FILLER_16_43,VDD,Metal1,31.0800,82.3200,4.999983
FILLER_16_41,VDD,Metal1,30.2400,82.3200,4.999983
FILLER_16_37,VDD,Metal1,28.9400,81.8875,4.999983
FILLER_16_29,VDD,Metal1,23.2400,82.3200,4.999986
FILLER_16_27,VDD,Metal1,22.4000,82.3200,4.999986
FILLER_16_18,VDD,Metal1,17.0800,82.3200,4.999986
FILLER_15_422,VDD,Metal1,244.5400,74.9125,4.999969
FILLER_15_416,VDD,Metal1,241.1800,74.9125,4.999969
FILLER_15_352,VDD,Metal1,222.4750,75.2940,4.999969
FILLER_15_349,VDD,Metal1,202.4400,74.4800,4.999969
FILLER_15_347,VDD,Metal1,201.6000,74.4800,4.999969
FILLER_15_343,VDD,Metal1,200.3000,74.9125,4.999969
FILLER_15_298,VDD,Metal1,175.1000,74.9125,4.999969
FILLER_15_282,VDD,Metal1,169.7280,75.1720,4.999968
FILLER_15_279,VDD,Metal1,163.2400,74.4800,4.999968
FILLER_15_277,VDD,Metal1,162.4000,74.4800,4.999968
FILLER_15_269,VDD,Metal1,160.1065,75.0565,4.999967
FILLER_15_212,VDD,Metal1,126.0000,74.4800,4.999913
FILLER_15_209,VDD,Metal1,124.0400,74.4800,4.999913
FILLER_15_207,VDD,Metal1,123.2000,74.4800,4.999913
FILLER_15_203,VDD,Metal1,121.9000,74.9125,4.999913
FILLER_15_195,VDD,Metal1,118.6665,75.0565,4.999930
FILLER_15_179,VDD,Metal1,112.0480,75.1720,4.999930
FILLER_15_167,VDD,Metal1,100.8000,74.4800,4.999941
FILLER_15_163,VDD,Metal1,99.5000,74.9125,4.999941
FILLER_15_155,VDD,Metal1,96.2665,75.0565,4.999941
FILLER_15_142,VDD,Metal1,88.9865,75.0565,4.999941
FILLER_15_139,VDD,Metal1,84.8400,74.4800,4.999941
FILLER_15_131,VDD,Metal1,82.8265,75.0565,4.999941
FILLER_15_108,VDD,Metal1,67.7600,74.4800,4.999942
FILLER_15_104,VDD,Metal1,66.4600,74.9125,4.999942
FILLER_15_82,VDD,Metal1,52.9200,74.4800,4.999945
FILLER_15_80,VDD,Metal1,52.0800,74.4800,4.999945
FILLER_15_72,VDD,Metal1,49.7865,75.0565,4.999945
FILLER_15_69,VDD,Metal1,45.6400,74.4800,4.999947
FILLER_15_67,VDD,Metal1,44.8000,74.4800,4.999947
FILLER_15_63,VDD,Metal1,43.5000,74.9125,4.999947
FILLER_15_55,VDD,Metal1,37.8000,74.4800,4.999948
FILLER_15_53,VDD,Metal1,36.9600,74.4800,4.999948
FILLER_15_18,VDD,Metal1,17.0800,74.4800,4.999948
FILLER_15_2,VDD,Metal1,12.9280,75.1720,4.999948
FILLER_14_425,VDD,Metal1,245.0000,74.4800,4.999969
FILLER_14_423,VDD,Metal1,244.1600,74.4800,4.999969
FILLER_14_419,VDD,Metal1,242.8600,74.0475,4.999969
FILLER_14_387,VDD,Metal1,233.0755,73.7110,4.999969
FILLER_14_384,VDD,Metal1,222.0400,74.4800,4.999969
FILLER_14_380,VDD,Metal1,221.0200,74.0475,4.999969
FILLER_14_372,VDD,Metal1,217.7865,73.9030,4.999969
FILLER_14_340,VDD,Metal1,206.7555,73.7110,4.999969
FILLER_14_306,VDD,Metal1,178.3600,74.4800,4.999969
FILLER_14_304,VDD,Metal1,177.5200,74.4800,4.999969
FILLER_14_296,VDD,Metal1,175.2265,73.9030,4.999969
FILLER_14_229,VDD,Metal1,135.2400,74.4800,4.999911
FILLER_14_225,VDD,Metal1,134.2200,74.0475,4.999911
FILLER_14_217,VDD,Metal1,130.9865,73.9030,4.999911
FILLER_14_201,VDD,Metal1,119.5600,74.4800,4.999930
FILLER_14_193,VDD,Metal1,117.5465,73.9030,4.999930
FILLER_14_177,VDD,Metal1,110.9280,73.7880,4.999930
FILLER_14_171,VDD,Metal1,103.9800,74.0475,4.999941
FILLER_14_107,VDD,Metal1,85.2750,73.6655,4.999941
FILLER_14_104,VDD,Metal1,65.2400,74.4800,4.999943
FILLER_14_102,VDD,Metal1,64.4000,74.4800,4.999943
FILLER_14_94,VDD,Metal1,62.1065,73.9030,4.999943
FILLER_14_81,VDD,Metal1,52.3600,74.4800,4.999945
FILLER_14_79,VDD,Metal1,51.5200,74.4800,4.999945
FILLER_14_71,VDD,Metal1,49.2265,73.9030,4.999945
FILLER_14_62,VDD,Metal1,41.7200,74.4800,4.999947
FILLER_14_49,VDD,Metal1,34.4400,74.4800,4.999948
FILLER_14_47,VDD,Metal1,33.6000,74.4800,4.999948
FILLER_14_34,VDD,Metal1,26.0400,74.4800,4.999948
FILLER_14_32,VDD,Metal1,25.2000,74.4800,4.999948
FILLER_14_2,VDD,Metal1,10.5865,73.9030,4.999948
FILLER_13_422,VDD,Metal1,244.5400,67.0725,4.999971
FILLER_13_416,VDD,Metal1,241.1800,67.0725,4.999971
FILLER_13_352,VDD,Metal1,222.4750,67.4540,4.999971
FILLER_13_349,VDD,Metal1,202.4400,66.6400,4.999971
FILLER_13_347,VDD,Metal1,201.6000,66.6400,4.999971
FILLER_13_330,VDD,Metal1,193.0200,67.0725,4.999971
FILLER_13_291,VDD,Metal1,170.2400,66.6400,4.999971
FILLER_13_274,VDD,Metal1,160.4400,66.6400,4.999964
FILLER_13_272,VDD,Metal1,159.6000,66.6400,4.999964
FILLER_13_268,VDD,Metal1,158.3000,67.0725,4.999964
FILLER_13_261,VDD,Metal1,153.4400,66.6400,4.999963
FILLER_13_252,VDD,Metal1,148.1200,66.6400,4.999962
FILLER_13_241,VDD,Metal1,141.9600,66.6400,4.999962
FILLER_13_239,VDD,Metal1,141.1200,66.6400,4.999962
FILLER_13_235,VDD,Metal1,139.8200,67.0725,4.999962
FILLER_13_227,VDD,Metal1,136.5865,67.2165,4.999962
FILLER_13_209,VDD,Metal1,124.0400,66.6400,4.999962
FILLER_13_207,VDD,Metal1,123.2000,66.6400,4.999962
FILLER_13_203,VDD,Metal1,121.9000,67.0725,4.999962
FILLER_13_171,VDD,Metal1,112.1155,67.4085,4.999962
FILLER_13_136,VDD,Metal1,84.3800,67.0725,4.999967
FILLER_13_72,VDD,Metal1,65.6750,67.4540,4.999967
FILLER_13_69,VDD,Metal1,45.6400,66.6400,4.999967
FILLER_13_54,VDD,Metal1,37.2400,66.6400,4.999968
FILLER_13_48,VDD,Metal1,33.8800,66.6400,4.999973
FILLER_13_44,VDD,Metal1,32.8600,67.0725,4.999973
FILLER_13_31,VDD,Metal1,24.3600,66.6400,4.999975
FILLER_12_425,VDD,Metal1,245.0000,66.6400,4.999971
FILLER_12_423,VDD,Metal1,244.1600,66.6400,4.999971
FILLER_12_419,VDD,Metal1,242.8600,66.2075,4.999971
FILLER_12_387,VDD,Metal1,233.0755,65.8710,4.999971
FILLER_12_353,VDD,Metal1,214.0355,65.8710,4.999971
FILLER_12_323,VDD,Metal1,187.8800,66.6400,4.999971
FILLER_12_260,VDD,Metal1,152.6000,66.6400,4.999963
FILLER_12_186,VDD,Metal1,111.1600,66.6400,4.999962
FILLER_12_182,VDD,Metal1,110.1400,66.2075,4.999962
FILLER_12_174,VDD,Metal1,104.4400,66.6400,4.999962
FILLER_12_156,VDD,Metal1,94.6400,66.6400,4.999963
FILLER_12_146,VDD,Metal1,89.0400,66.6400,4.999963
FILLER_12_131,VDD,Metal1,80.3600,66.6400,4.999967
FILLER_12_129,VDD,Metal1,79.5200,66.6400,4.999967
FILLER_12_125,VDD,Metal1,78.2200,66.2075,4.999967
FILLER_12_109,VDD,Metal1,68.0400,66.6400,4.999967
FILLER_12_107,VDD,Metal1,67.2000,66.6400,4.999967
FILLER_12_104,VDD,Metal1,65.2400,66.6400,4.999967
FILLER_12_102,VDD,Metal1,64.4000,66.6400,4.999967
FILLER_12_93,VDD,Metal1,59.0800,66.6400,4.999967
FILLER_12_91,VDD,Metal1,58.2400,66.6400,4.999967
FILLER_12_45,VDD,Metal1,33.4200,66.2075,4.999973
FILLER_12_2,VDD,Metal1,8.1200,66.6400,4.999975
FILLER_11_422,VDD,Metal1,244.5400,59.2325,4.999962
FILLER_11_416,VDD,Metal1,241.1800,59.2325,4.999962
FILLER_11_352,VDD,Metal1,222.4750,59.6140,4.999962
FILLER_11_346,VDD,Metal1,201.9800,59.2325,4.999962
FILLER_11_323,VDD,Metal1,187.8800,58.8000,4.999962
FILLER_11_319,VDD,Metal1,186.8600,59.2325,4.999962
FILLER_11_271,VDD,Metal1,158.7600,58.8000,4.999962
FILLER_11_269,VDD,Metal1,157.9200,58.8000,4.999962
FILLER_11_252,VDD,Metal1,148.1200,58.8000,4.999961
FILLER_11_208,VDD,Metal1,123.7600,58.8000,4.999961
FILLER_11_193,VDD,Metal1,115.3600,58.8000,4.999961
FILLER_11_134,VDD,Metal1,82.0400,58.8000,4.999961
FILLER_11_104,VDD,Metal1,65.2400,58.8000,4.999961
FILLER_11_74,VDD,Metal1,48.4400,58.8000,4.999961
FILLER_11_72,VDD,Metal1,47.6000,58.8000,4.999963
FILLER_11_69,VDD,Metal1,45.6400,58.8000,4.999963
FILLER_11_67,VDD,Metal1,44.8000,58.8000,4.999963
FILLER_11_53,VDD,Metal1,36.9600,58.8000,4.999964
FILLER_11_2,VDD,Metal1,8.4000,58.8000,4.999965
FILLER_10_425,VDD,Metal1,245.0000,58.8000,4.999962
FILLER_10_423,VDD,Metal1,244.1600,58.8000,4.999962
FILLER_10_419,VDD,Metal1,242.8600,58.3675,4.999962
FILLER_10_387,VDD,Metal1,233.0755,58.0310,4.999962
FILLER_10_384,VDD,Metal1,222.0400,58.8000,4.999962
FILLER_10_382,VDD,Metal1,221.2000,58.8000,4.999962
FILLER_10_350,VDD,Metal1,212.3555,58.0310,4.999962
FILLER_10_317,VDD,Metal1,185.7400,58.3675,4.999962
FILLER_10_311,VDD,Metal1,182.3800,58.3675,4.999963
FILLER_10_303,VDD,Metal1,179.1465,58.2230,4.999963
FILLER_10_273,VDD,Metal1,159.8800,58.8000,4.999962
FILLER_10_271,VDD,Metal1,159.0400,58.8000,4.999962
FILLER_10_255,VDD,Metal1,149.8000,58.8000,4.999961
FILLER_10_253,VDD,Metal1,148.9600,58.8000,4.999961
FILLER_10_247,VDD,Metal1,145.6000,58.8000,4.999961
FILLER_10_243,VDD,Metal1,143.3600,58.8000,4.999961
FILLER_10_226,VDD,Metal1,133.8400,58.8000,4.999961
FILLER_10_195,VDD,Metal1,116.4800,58.8000,4.999961
FILLER_10_164,VDD,Metal1,98.8400,58.8000,4.999961
FILLER_10_160,VDD,Metal1,97.8200,58.3675,4.999961
FILLER_10_129,VDD,Metal1,79.5200,58.8000,4.999961
FILLER_10_107,VDD,Metal1,66.9200,58.8000,4.999961
FILLER_10_71,VDD,Metal1,46.7600,58.8000,4.999963
FILLER_10_31,VDD,Metal1,25.5800,58.3675,4.999965
FILLER_9_422,VDD,Metal1,244.5400,51.3925,4.999937
FILLER_9_416,VDD,Metal1,241.1800,51.3925,4.999937
FILLER_9_352,VDD,Metal1,222.4750,51.7740,4.999937
FILLER_9_348,VDD,Metal1,202.1600,50.9600,4.999937
FILLER_9_340,VDD,Metal1,199.8665,51.5365,4.999937
FILLER_9_335,VDD,Metal1,194.6000,50.9600,4.999937
FILLER_9_327,VDD,Metal1,192.5865,51.5365,4.999937
FILLER_9_282,VDD,Metal1,169.7280,51.6520,4.999937
FILLER_9_276,VDD,Metal1,162.7800,51.3925,4.999937
FILLER_9_244,VDD,Metal1,152.9955,51.7285,4.999937
FILLER_9_214,VDD,Metal1,126.8400,50.9600,4.999934
FILLER_9_212,VDD,Metal1,126.0000,50.9600,4.999934
FILLER_9_208,VDD,Metal1,123.7600,50.9600,4.999934
FILLER_9_204,VDD,Metal1,122.4600,51.3925,4.999934
FILLER_9_196,VDD,Metal1,119.2265,51.5365,4.999934
FILLER_9_186,VDD,Metal1,111.1600,50.9600,4.999926
FILLER_9_152,VDD,Metal1,92.1200,50.9600,4.999922
FILLER_9_150,VDD,Metal1,91.2800,50.9600,4.999922
FILLER_9_72,VDD,Metal1,48.5400,51.3925,4.999922
FILLER_9_55,VDD,Metal1,37.8000,50.9600,4.999937
FILLER_9_48,VDD,Metal1,34.1600,50.9600,4.999943
FILLER_9_41,VDD,Metal1,29.9600,50.9600,4.999943
FILLER_9_39,VDD,Metal1,29.1200,50.9600,4.999945
FILLER_9_23,VDD,Metal1,24.6880,51.6520,4.999945
FILLER_9_16,VDD,Metal1,15.9600,50.9600,4.999945
FILLER_9_14,VDD,Metal1,15.1200,50.9600,4.999945
FILLER_9_10,VDD,Metal1,13.8200,51.3925,4.999945
FILLER_9_2,VDD,Metal1,10.5865,51.5365,4.999945
FILLER_8_425,VDD,Metal1,245.0000,50.9600,4.999937
FILLER_8_423,VDD,Metal1,244.1600,50.9600,4.999937
FILLER_8_419,VDD,Metal1,242.8600,50.5275,4.999937
FILLER_8_387,VDD,Metal1,233.0755,50.1910,4.999937
FILLER_8_381,VDD,Metal1,221.5800,50.5275,4.999937
FILLER_8_317,VDD,Metal1,202.8750,50.1455,4.999937
FILLER_8_311,VDD,Metal1,182.3800,50.5275,4.999937
FILLER_8_247,VDD,Metal1,163.6750,50.1455,4.999937
FILLER_8_241,VDD,Metal1,143.1800,50.5275,4.999935
FILLER_8_233,VDD,Metal1,139.9465,50.3830,4.999934
FILLER_8_203,VDD,Metal1,120.6800,50.9600,4.999934
FILLER_8_195,VDD,Metal1,118.6665,50.3830,4.999933
FILLER_8_188,VDD,Metal1,112.2800,50.9600,4.999928
FILLER_8_186,VDD,Metal1,111.4400,50.9600,4.999926
FILLER_8_182,VDD,Metal1,110.1400,50.5275,4.999924
FILLER_8_174,VDD,Metal1,104.4400,50.9600,4.999922
FILLER_8_152,VDD,Metal1,92.4000,50.9600,4.999922
FILLER_8_148,VDD,Metal1,91.1000,50.5275,4.999922
FILLER_8_132,VDD,Metal1,85.7280,50.2680,4.999922
FILLER_8_113,VDD,Metal1,70.2800,50.9600,4.999922
FILLER_8_111,VDD,Metal1,69.4400,50.9600,4.999922
FILLER_8_107,VDD,Metal1,68.1400,50.5275,4.999922
FILLER_8_104,VDD,Metal1,65.2400,50.9600,4.999922
FILLER_8_69,VDD,Metal1,45.6400,50.9600,4.999934
FILLER_8_65,VDD,Metal1,44.6200,50.5275,4.999935
FILLER_8_55,VDD,Metal1,39.0200,50.5275,4.999935
FILLER_8_45,VDD,Metal1,32.4800,50.9600,4.999943
FILLER_8_37,VDD,Metal1,30.1865,50.3830,4.999943
FILLER_8_34,VDD,Metal1,26.0400,50.9600,4.999945
FILLER_8_2,VDD,Metal1,17.4755,50.1910,4.999945
FILLER_7_422,VDD,Metal1,244.5400,43.5525,4.999986
FILLER_7_416,VDD,Metal1,241.1800,43.5525,4.999986
FILLER_7_352,VDD,Metal1,222.4750,43.9340,4.999986
FILLER_7_346,VDD,Metal1,201.9800,43.5525,4.999986
FILLER_7_282,VDD,Metal1,183.2750,43.9340,4.999986
FILLER_7_278,VDD,Metal1,162.9600,43.1200,4.999986
FILLER_7_262,VDD,Metal1,158.5280,43.8120,4.999986
FILLER_7_249,VDD,Metal1,146.7200,43.1200,4.999985
FILLER_7_245,VDD,Metal1,145.4200,43.5525,4.999985
FILLER_7_240,VDD,Metal1,141.4000,43.1200,4.999984
FILLER_7_212,VDD,Metal1,125.7200,43.1200,4.999983
FILLER_7_209,VDD,Metal1,124.0400,43.1200,4.999983
FILLER_7_207,VDD,Metal1,123.2000,43.1200,4.999983
FILLER_7_199,VDD,Metal1,120.9065,43.6965,4.999983
FILLER_7_179,VDD,Metal1,107.5200,43.1200,4.999983
FILLER_7_175,VDD,Metal1,106.2200,43.5525,4.999983
FILLER_7_159,VDD,Metal1,96.0400,43.1200,4.999983
FILLER_7_157,VDD,Metal1,95.2000,43.1200,4.999983
FILLER_7_146,VDD,Metal1,88.7600,43.1200,4.999983
FILLER_7_142,VDD,Metal1,87.7400,43.5525,4.999983
FILLER_7_139,VDD,Metal1,84.8400,43.1200,4.999983
FILLER_7_135,VDD,Metal1,83.8200,43.5525,4.999983
FILLER_7_126,VDD,Metal1,77.5600,43.1200,4.999983
FILLER_7_124,VDD,Metal1,76.7200,43.1200,4.999983
FILLER_7_120,VDD,Metal1,75.4200,43.5525,4.999983
FILLER_7_104,VDD,Metal1,70.0480,43.8120,4.999984
FILLER_7_72,VDD,Metal1,56.6755,43.8885,4.999984
FILLER_7_68,VDD,Metal1,45.3600,43.1200,4.999984
FILLER_7_58,VDD,Metal1,39.7600,43.1200,4.999985
FILLER_7_24,VDD,Metal1,20.4400,43.1200,4.999985
FILLER_7_22,VDD,Metal1,19.6000,43.1200,4.999985
FILLER_7_18,VDD,Metal1,18.3000,43.5525,4.999985
FILLER_7_2,VDD,Metal1,12.9280,43.8120,4.999985
FILLER_6_425,VDD,Metal1,245.0000,43.1200,4.999986
FILLER_6_423,VDD,Metal1,244.1600,43.1200,4.999986
FILLER_6_419,VDD,Metal1,242.8600,42.6875,4.999986
FILLER_6_387,VDD,Metal1,233.0755,42.3510,4.999986
FILLER_6_381,VDD,Metal1,221.5800,42.6875,4.999986
FILLER_6_317,VDD,Metal1,202.8750,42.3055,4.999986
FILLER_6_311,VDD,Metal1,182.3800,42.6875,4.999986
FILLER_6_303,VDD,Metal1,179.1465,42.5430,4.999986
FILLER_6_271,VDD,Metal1,168.1155,42.3510,4.999986
FILLER_6_257,VDD,Metal1,150.9200,43.1200,4.999985
FILLER_6_255,VDD,Metal1,150.0800,43.1200,4.999985
FILLER_6_236,VDD,Metal1,139.1600,43.1200,4.999984
FILLER_6_232,VDD,Metal1,138.1400,42.6875,4.999984
FILLER_6_177,VDD,Metal1,106.1200,43.1200,4.999983
FILLER_6_119,VDD,Metal1,73.9200,43.1200,4.999984
FILLER_6_115,VDD,Metal1,72.6200,42.6875,4.999984
FILLER_6_107,VDD,Metal1,69.3865,42.5430,4.999984
FILLER_6_97,VDD,Metal1,63.7865,42.5430,4.999984
FILLER_6_88,VDD,Metal1,56.2800,43.1200,4.999984
FILLER_6_84,VDD,Metal1,55.2600,42.6875,4.999984
FILLER_6_75,VDD,Metal1,49.0000,43.1200,4.999984
FILLER_6_71,VDD,Metal1,47.9800,42.6875,4.999984
FILLER_6_62,VDD,Metal1,41.7200,43.1200,4.999984
FILLER_6_31,VDD,Metal1,25.5800,42.6875,4.999985
FILLER_5_422,VDD,Metal1,244.5400,35.7125,4.999979
FILLER_5_416,VDD,Metal1,241.1800,35.7125,4.999979
FILLER_5_352,VDD,Metal1,222.4750,36.0940,4.999979
FILLER_5_286,VDD,Metal1,185.5150,36.0940,4.999979
FILLER_5_278,VDD,Metal1,162.9600,35.2800,4.999979
FILLER_5_265,VDD,Metal1,155.4000,35.2800,4.999979
FILLER_5_263,VDD,Metal1,154.5600,35.2800,4.999979
FILLER_5_227,VDD,Metal1,134.1200,35.2800,4.999977
FILLER_5_114,VDD,Metal1,70.8400,35.2800,4.999970
FILLER_5_106,VDD,Metal1,68.8265,35.8565,4.999970
FILLER_5_68,VDD,Metal1,45.3600,35.2800,4.999970
FILLER_5_11,VDD,Metal1,15.6265,35.8565,4.999971
FILLER_5_6,VDD,Metal1,10.3600,35.2800,4.999971
FILLER_5_2,VDD,Metal1,9.3400,35.7125,4.999971
FILLER_4_425,VDD,Metal1,245.0000,35.2800,4.999979
FILLER_4_423,VDD,Metal1,244.1600,35.2800,4.999979
FILLER_4_419,VDD,Metal1,242.8600,34.8475,4.999979
FILLER_4_387,VDD,Metal1,233.0755,34.5110,4.999979
FILLER_4_381,VDD,Metal1,221.5800,34.8475,4.999979
FILLER_4_317,VDD,Metal1,202.8750,34.4655,4.999979
FILLER_4_314,VDD,Metal1,182.8400,35.2800,4.999979
FILLER_4_312,VDD,Metal1,182.0000,35.2800,4.999979
FILLER_4_308,VDD,Metal1,180.7000,34.8475,4.999979
FILLER_4_300,VDD,Metal1,177.4665,34.7030,4.999979
FILLER_4_258,VDD,Metal1,151.4800,35.2800,4.999978
FILLER_4_256,VDD,Metal1,150.6400,35.2800,4.999978
FILLER_4_247,VDD,Metal1,145.3200,35.2800,4.999978
FILLER_4_200,VDD,Metal1,120.2200,34.8475,4.999977
FILLER_4_177,VDD,Metal1,108.5865,34.7030,4.999970
FILLER_4_109,VDD,Metal1,68.0400,35.2800,4.999970
FILLER_4_107,VDD,Metal1,67.2000,35.2800,4.999970
FILLER_4_37,VDD,Metal1,27.7200,35.2800,4.999971
FILLER_4_2,VDD,Metal1,9.3400,34.8475,4.999971
FILLER_3_422,VDD,Metal1,244.5400,27.8725,4.999960
FILLER_3_416,VDD,Metal1,241.1800,27.8725,4.999960
FILLER_3_352,VDD,Metal1,222.4750,28.2540,4.999960
FILLER_3_349,VDD,Metal1,202.4400,27.4400,4.999960
FILLER_3_317,VDD,Metal1,193.8755,28.2085,4.999960
FILLER_3_290,VDD,Metal1,169.6800,27.4400,4.999959
FILLER_3_284,VDD,Metal1,166.0400,27.4400,4.999959
FILLER_3_282,VDD,Metal1,165.2000,27.4400,4.999959
FILLER_3_212,VDD,Metal1,126.9400,27.8725,4.999957
FILLER_3_181,VDD,Metal1,109.5800,27.8725,4.999956
FILLER_3_142,VDD,Metal1,86.8000,27.4400,4.999955
FILLER_3_139,VDD,Metal1,84.8400,27.4400,4.999955
FILLER_3_137,VDD,Metal1,84.0000,27.4400,4.999956
FILLER_3_78,VDD,Metal1,50.6800,27.4400,4.999956
FILLER_3_76,VDD,Metal1,49.8400,27.4400,4.999956
FILLER_3_40,VDD,Metal1,29.4000,27.4400,4.999957
FILLER_3_38,VDD,Metal1,28.5600,27.4400,4.999958
FILLER_3_4,VDD,Metal1,9.2400,27.4400,4.999959
FILLER_3_2,VDD,Metal1,8.4000,27.4400,4.999959
FILLER_2_425,VDD,Metal1,245.0000,27.4400,4.999960
FILLER_2_423,VDD,Metal1,244.1600,27.4400,4.999960
FILLER_2_419,VDD,Metal1,242.8600,27.0075,4.999960
FILLER_2_387,VDD,Metal1,233.0755,26.6710,4.999960
FILLER_2_381,VDD,Metal1,221.5800,27.0075,4.999960
FILLER_2_317,VDD,Metal1,202.8750,26.6255,4.999960
FILLER_2_313,VDD,Metal1,182.5600,27.4400,4.999960
FILLER_2_297,VDD,Metal1,178.1280,26.7480,4.999960
FILLER_2_267,VDD,Metal1,156.5200,27.4400,4.999958
FILLER_2_265,VDD,Metal1,155.6800,27.4400,4.999958
FILLER_2_257,VDD,Metal1,153.3865,26.8630,4.999958
FILLER_2_247,VDD,Metal1,146.5400,27.0075,4.999958
FILLER_2_244,VDD,Metal1,143.6400,27.4400,4.999957
FILLER_2_214,VDD,Metal1,126.8400,27.4400,4.999957
FILLER_2_206,VDD,Metal1,124.8265,26.8630,4.999957
FILLER_2_173,VDD,Metal1,104.1600,27.4400,4.999955
FILLER_2_165,VDD,Metal1,101.8665,26.8630,4.999955
FILLER_2_115,VDD,Metal1,71.4000,27.4400,4.999956
FILLER_2_99,VDD,Metal1,62.7200,27.4400,4.999956
FILLER_2_66,VDD,Metal1,45.1800,27.0075,4.999957
FILLER_2_31,VDD,Metal1,25.5800,27.0075,4.999959
FILLER_1_422,VDD,Metal1,244.5400,20.0325,4.999988
FILLER_1_416,VDD,Metal1,241.1800,20.0325,4.999988
FILLER_1_352,VDD,Metal1,222.4750,20.4140,4.999988
FILLER_1_349,VDD,Metal1,202.4400,19.6000,4.999988
FILLER_1_347,VDD,Metal1,201.6000,19.6000,4.999988
FILLER_1_339,VDD,Metal1,199.3065,20.1765,4.999988
FILLER_1_307,VDD,Metal1,188.2755,20.3685,4.999988
FILLER_1_279,VDD,Metal1,163.2400,19.6000,4.999988
FILLER_1_277,VDD,Metal1,162.4000,19.6000,4.999988
FILLER_1_271,VDD,Metal1,159.0400,19.6000,4.999988
FILLER_1_267,VDD,Metal1,157.7400,20.0325,4.999987
FILLER_1_236,VDD,Metal1,139.4400,19.6000,4.999987
FILLER_1_228,VDD,Metal1,137.1465,20.1765,4.999987
FILLER_1_212,VDD,Metal1,130.5280,20.2920,4.999987
FILLER_1_209,VDD,Metal1,124.0400,19.6000,4.999987
FILLER_1_207,VDD,Metal1,123.2000,19.6000,4.999987
FILLER_1_203,VDD,Metal1,121.9000,20.0325,4.999987
FILLER_1_195,VDD,Metal1,118.6665,20.1765,4.999987
FILLER_1_186,VDD,Metal1,111.1600,19.6000,4.999987
FILLER_1_178,VDD,Metal1,109.1465,20.1765,4.999987
FILLER_1_162,VDD,Metal1,102.5280,20.2920,4.999987
FILLER_1_154,VDD,Metal1,93.5200,19.6000,4.999987
FILLER_1_150,VDD,Metal1,92.2200,20.0325,4.999987
FILLER_1_142,VDD,Metal1,88.9865,20.1765,4.999987
FILLER_1_131,VDD,Metal1,80.3600,19.6000,4.999988
FILLER_1_129,VDD,Metal1,79.5200,19.6000,4.999988
FILLER_1_118,VDD,Metal1,73.0800,19.6000,4.999988
FILLER_1_116,VDD,Metal1,72.2400,19.6000,4.999988
FILLER_1_112,VDD,Metal1,70.9400,20.0325,4.999988
FILLER_1_74,VDD,Metal1,48.4400,19.6000,4.999988
FILLER_1_72,VDD,Metal1,47.6000,19.6000,4.999988
FILLER_1_68,VDD,Metal1,45.3600,19.6000,4.999988
FILLER_1_64,VDD,Metal1,44.0600,20.0325,4.999988
FILLER_1_56,VDD,Metal1,40.8265,20.1765,4.999988
FILLER_1_26,VDD,Metal1,21.5600,19.6000,4.999989
FILLER_1_18,VDD,Metal1,19.5465,20.1765,4.999989
FILLER_1_2,VDD,Metal1,12.9280,20.2920,4.999989
FILLER_0_410,VDD,Metal1,241.4080,18.9080,4.999988
FILLER_0_376,VDD,Metal1,226.9155,18.8310,4.999988
FILLER_0_342,VDD,Metal1,207.8755,18.8310,4.999988
FILLER_0_308,VDD,Metal1,188.8355,18.8310,4.999988
FILLER_0_274,VDD,Metal1,169.7955,18.8310,4.999988
FILLER_0_240,VDD,Metal1,150.7555,18.8310,4.999987
FILLER_0_206,VDD,Metal1,131.7155,18.8310,4.999987
FILLER_0_172,VDD,Metal1,112.6755,18.8310,4.999987
FILLER_0_138,VDD,Metal1,93.6355,18.8310,4.999987
FILLER_0_104,VDD,Metal1,74.5955,18.8310,4.999988
FILLER_0_70,VDD,Metal1,55.5555,18.8310,4.999988
FILLER_0_64,VDD,Metal1,44.0600,19.1675,4.999988
FILLER_0_38,VDD,Metal1,28.2800,19.6000,4.999988
FILLER_0_36,VDD,Metal1,27.4400,19.6000,4.999988
FILLER_0_2,VDD,Metal1,17.4755,18.8310,4.999989
hold235,VDD,Metal1,231.3425,466.1155,4.999986
hold234,VDD,Metal1,238.4975,348.5155,4.999974
hold233,VDD,Metal1,211.0575,459.0040,4.999966
hold232,VDD,Metal1,234.7025,404.1240,4.999955
hold231,VDD,Metal1,202.0975,97.6355,4.999970
hold230,VDD,Metal1,34.6575,317.1555,4.999965
hold229,VDD,Metal1,210.4975,309.3155,4.999963
hold228,VDD,Metal1,215.5375,293.6355,4.999955
hold227,VDD,Metal1,50.8975,426.9155,4.999982
hold226,VDD,Metal1,34.6575,176.0355,4.999979
hold225,VDD,Metal1,156.7375,223.8040,4.999964
hold224,VDD,Metal1,194.8175,466.1155,4.999986
hold223,VDD,Metal1,117.1025,27.8040,4.999956
hold222,VDD,Metal1,225.6175,459.0040,4.999966
hold221,VDD,Metal1,24.0175,364.9240,4.999973
hold220,VDD,Metal1,96.2575,176.0355,4.999976
hold219,VDD,Metal1,34.6575,246.5955,4.999974
hold218,VDD,Metal1,206.5775,364.1955,4.999918
hold217,VDD,Metal1,58.7375,301.4755,4.999959
hold216,VDD,Metal1,126.4975,152.5155,4.999981
hold215,VDD,Metal1,132.6575,324.9955,4.999965
hold214,VDD,Metal1,195.9375,435.4840,4.999985
hold213,VDD,Metal1,97.9375,215.9640,4.999982
hold212,VDD,Metal1,50.3375,395.5555,4.999979
hold211,VDD,Metal1,176.3375,230.9155,4.999977
hold210,VDD,Metal1,30.7375,153.2440,4.999984
hold209,VDD,Metal1,228.4175,325.7240,4.999974
hold208,VDD,Metal1,135.4575,310.0440,4.999961
hold207,VDD,Metal1,193.6975,230.9155,4.999977
hold206,VDD,Metal1,231.2175,176.7640,4.999977
hold205,VDD,Metal1,215.5375,348.5155,4.999975
hold204,VDD,Metal1,137.6975,294.3640,4.999954
hold203,VDD,Metal1,113.0575,183.8755,4.999949
hold202,VDD,Metal1,24.0175,396.2840,4.999979
hold201,VDD,Metal1,210.6225,427.6440,4.999980
hold200,VDD,Metal1,208.8175,466.1155,4.999986
hold199,VDD,Metal1,114.3025,341.4040,4.999986
hold198,VDD,Metal1,132.6575,59.1640,4.999961
hold197,VDD,Metal1,230.6575,395.5555,4.999954
hold196,VDD,Metal1,233.4575,372.7640,4.999969
hold195,VDD,Metal1,231.3425,364.1955,4.999918
hold194,VDD,Metal1,234.7025,341.4040,4.999986
hold193,VDD,Metal1,208.3825,387.7155,4.999915
hold192,VDD,Metal1,211.0575,396.2840,4.999955
hold191,VDD,Metal1,235.6975,340.6755,4.999986
hold190,VDD,Metal1,116.4175,199.5555,4.999936
hold189,VDD,Metal1,70.4975,380.6040,4.999967
hold188,VDD,Metal1,138.2575,255.1640,4.999920
hold187,VDD,Metal1,31.2975,404.1240,4.999973
hold186,VDD,Metal1,229.5375,255.1640,4.999915
hold185,VDD,Metal1,117.1025,129.7240,4.999974
hold184,VDD,Metal1,152.2575,285.7955,4.999958
hold183,VDD,Metal1,47.5375,215.2355,4.999983
hold182,VDD,Metal1,132.2225,270.1155,4.999950
hold181,VDD,Metal1,132.6575,341.4040,4.999986
hold180,VDD,Metal1,133.2175,356.3555,4.999974
hold179,VDD,Metal1,231.7775,419.0755,4.999964
hold178,VDD,Metal1,100.8625,380.6040,4.999965
hold177,VDD,Metal1,49.7775,183.8755,4.999969
hold176,VDD,Metal1,234.7025,302.2040,4.999938
hold175,VDD,Metal1,238.4975,332.8355,4.999980
hold174,VDD,Metal1,188.6575,74.8440,4.999969
hold173,VDD,Metal1,50.8975,411.2355,4.999975
hold172,VDD,Metal1,210.6225,98.3640,4.999970
hold171,VDD,Metal1,141.6175,35.6440,4.999977
hold170,VDD,Metal1,54.8175,192.4440,4.999966
hold169,VDD,Metal1,73.8575,324.9955,4.999963
hold168,VDD,Metal1,195.5025,364.9240,4.999918
hold167,VDD,Metal1,211.6175,380.6040,4.999960
hold166,VDD,Metal1,125.3775,191.7155,4.999963
hold165,VDD,Metal1,131.1025,176.0355,4.999977
hold164,VDD,Metal1,195.9375,255.1640,4.999915
hold163,VDD,Metal1,230.0975,247.3240,4.999966
hold162,VDD,Metal1,210.6225,404.1240,4.999955
hold161,VDD,Metal1,207.6975,403.3955,4.999955
hold160,VDD,Metal1,132.0975,317.1555,4.999950
hold159,VDD,Metal1,132.7825,263.0040,4.999981
hold158,VDD,Metal1,232.3375,451.1640,4.999966
hold157,VDD,Metal1,19.5375,152.5155,4.999985
hold156,VDD,Metal1,62.6575,341.4040,4.999987
hold155,VDD,Metal1,230.2225,372.0355,4.999969
hold154,VDD,Metal1,236.8175,403.3955,4.999955
hold153,VDD,Metal1,114.1775,262.2755,4.999981
hold152,VDD,Metal1,31.8575,239.4840,4.999962
hold151,VDD,Metal1,114.7375,230.9155,4.999976
hold150,VDD,Metal1,24.0175,333.5640,4.999985
hold149,VDD,Metal1,27.9375,459.0040,4.999976
hold148,VDD,Metal1,194.9425,349.2440,4.999976
hold147,VDD,Metal1,115.8575,239.4840,4.999950
hold146,VDD,Metal1,213.8575,89.7955,4.999888
hold145,VDD,Metal1,34.6575,481.7955,4.999986
hold144,VDD,Metal1,118.6575,270.1155,4.999951
hold143,VDD,Metal1,42.4975,230.9155,4.999980
hold142,VDD,Metal1,132.0975,238.7555,4.999951
hold141,VDD,Metal1,129.8575,246.5955,4.999969
hold140,VDD,Metal1,139.3775,286.5240,4.999958
hold139,VDD,Metal1,160.0975,348.5155,4.999976
hold138,VDD,Metal1,110.8175,247.3240,4.999969
hold137,VDD,Metal1,171.8575,357.0840,4.999975
hold136,VDD,Metal1,16.7375,473.9555,4.999984
hold135,VDD,Metal1,141.6175,333.5640,4.999984
hold134,VDD,Metal1,117.5375,286.5240,4.999958
hold133,VDD,Metal1,20.0975,388.4440,4.999967
hold132,VDD,Metal1,123.6975,215.2355,4.999981
hold131,VDD,Metal1,177.4575,27.8040,4.999960
hold130,VDD,Metal1,111.9375,215.9640,4.999982
hold129,VDD,Metal1,171.8575,19.9640,4.999988
hold128,VDD,Metal1,101.2975,35.6440,4.999970
hold127,VDD,Metal1,26.3825,294.3640,4.999950
hold126,VDD,Metal1,17.2975,278.6840,4.999967
hold125,VDD,Metal1,101.8575,59.1640,4.999961
hold124,VDD,Metal1,78.3375,35.6440,4.999970
hold123,VDD,Metal1,19.1025,301.4755,4.999976
hold122,VDD,Metal1,17.8575,426.9155,4.999984
hold121,VDD,Metal1,35.3425,19.2355,4.999988
hold120,VDD,Metal1,32.4175,43.4840,4.999985
hold119,VDD,Metal1,34.6575,42.7555,4.999985
delaybuf_2_signal_clock,VDD,Metal1,158.8910,379.7425,4.999964
delaybuf_1_signal_clock,VDD,Metal1,110.1710,419.9370,4.999956
delaybuf_0_signal_clock,VDD,Metal1,70.9710,466.9770,4.999985
clkbuf_1_0__f__1473__regs,VDD,Metal1,217.9885,286.6570,4.999953
clkbuf_0__1473__regs,VDD,Metal1,228.0685,278.8170,4.999952
clkload35,VDD,Metal1,176.9400,231.7675,4.999977
clkload34,VDD,Metal1,177.0225,270.9875,4.999947
clkload33,VDD,Metal1,209.1630,152.4900,4.999983
clkbuf_1_1__f__1473_,VDD,Metal1,217.9885,216.0970,4.999979
clkbuf_1_0__f__1473_,VDD,Metal1,223.5885,184.7370,4.999938
clkbuf_0__1473_,VDD,Metal1,219.9310,200.4170,4.999938
clkbuf_leaf_5__1473_,VDD,Metal1,186.5425,231.7875,4.999977
clkbuf_leaf_4__1473_,VDD,Metal1,195.5025,153.3875,4.999983
clkbuf_leaf_3__1473_,VDD,Metal1,230.7825,136.6925,4.999977
clkbuf_leaf_2__1473_,VDD,Metal1,237.9375,183.7325,4.999938
clkbuf_leaf_1__1473_,VDD,Metal1,237.9375,277.8125,4.999952
clkbuf_leaf_0__1473_,VDD,Metal1,192.1425,263.1475,4.999982
clkload32,VDD,Metal1,190.6830,121.9100,4.999968
clkbuf_1_1__f__1526_,VDD,Metal1,200.0685,160.2225,4.999982
clkbuf_1_0__f__1526_,VDD,Metal1,202.3085,121.0225,4.999968
clkbuf_0__1526_,VDD,Metal1,200.8910,144.5425,4.999902
clkload31,VDD,Metal1,197.9630,176.7900,4.999977
clkbuf_1_1__f__1529_,VDD,Metal1,188.8685,208.2570,4.999975
clkbuf_1_0__f__1529_,VDD,Metal1,198.9485,175.9025,4.999977
clkbuf_0__1529_,VDD,Metal1,198.0910,191.5825,4.999963
clkload30,VDD,Metal1,155.9565,208.1500,4.999974
clkbuf_1_1__f__1532_,VDD,Metal1,217.6910,208.2570,4.999974
clkbuf_1_0__f__1532_,VDD,Metal1,169.2685,207.2625,4.999975
clkbuf_0__1532_,VDD,Metal1,188.5710,200.4170,4.999938
clkload29,VDD,Metal1,166.5965,317.1300,4.999966
clkbuf_1_1__f__1536_,VDD,Metal1,217.6910,318.0170,4.999966
clkbuf_1_0__f__1536_,VDD,Metal1,178.7885,318.0170,4.999966
clkbuf_0__1536_,VDD,Metal1,198.0910,324.8625,4.999975
clkload28,VDD,Metal1,192.3630,340.6500,4.999986
clkbuf_1_1__f__1538_,VDD,Metal1,208.1710,340.5425,4.999986
clkbuf_1_0__f__1538_,VDD,Metal1,169.2685,340.5425,4.999986
clkbuf_0__1538_,VDD,Metal1,188.5710,333.6970,4.999985
clkload27,VDD,Metal1,219.3700,269.9430,4.999943
clkbuf_1_1__f__1477_,VDD,Metal1,227.7710,263.1370,4.999981
clkbuf_1_0__f__1477_,VDD,Metal1,220.2285,192.5770,4.999963
clkbuf_0__1477_,VDD,Metal1,221.6110,239.6170,4.999963
clkload26,VDD,Metal1,171.6365,231.6700,4.999977
clkbuf_1_1__f__1533_,VDD,Metal1,188.8685,223.9370,4.999966
clkbuf_1_0__f__1533_,VDD,Metal1,202.8685,199.4225,4.999938
clkbuf_0__1533_,VDD,Metal1,198.0910,207.2625,4.999975
clkload25,VDD,Metal1,172.1965,208.1500,4.999975
clkbuf_1_1__f__1476_,VDD,Metal1,220.7885,231.7770,4.999977
clkbuf_1_0__f__1476_,VDD,Metal1,202.8685,215.1025,4.999979
clkbuf_0__1476_,VDD,Metal1,217.6910,223.9370,4.999965
clkload24,VDD,Metal1,187.3230,286.5500,4.999953
clkbuf_1_1__f__1468_,VDD,Metal1,198.9485,285.6625,4.999953
clkbuf_1_0__f__1468_,VDD,Metal1,206.2285,254.3025,4.999915
clkbuf_0__1468_,VDD,Metal1,202.5710,269.9825,4.999943
clkload23,VDD,Metal1,153.8765,434.6415,4.999988
clkbuf_1_1__f_signal_input_regs,VDD,Metal1,149.6685,459.1370,4.999972
clkbuf_1_0__f_signal_input_regs,VDD,Metal1,168.9710,442.4625,4.999975
clkbuf_0_signal_input_regs,VDD,Metal1,158.8910,450.3025,4.999967
clkload22,VDD,Metal1,178.3630,356.3300,4.999975
clkbuf_1_1__f_signal_input,VDD,Metal1,188.8685,341.5370,4.999986
clkbuf_1_0__f_signal_input,VDD,Metal1,198.3885,317.0225,4.999966
clkbuf_0_signal_input,VDD,Metal1,198.0910,332.7025,4.999985
clkload21,VDD,Metal1,166.9330,270.9675,4.999947
clkload20,VDD,Metal1,220.5165,301.3615,4.999939
clkload19,VDD,Metal1,220.5165,396.3980,4.999955
clkload18,VDD,Metal1,194.7300,450.2355,4.999966
clkload17,VDD,Metal1,158.2465,380.8320,4.999964
clkload16,VDD,Metal1,121.5730,324.8725,4.999964
clkload15,VDD,Metal1,62.2130,451.2875,4.999957
clkload14,VDD,Metal1,22.6830,427.6700,4.999983
clkload13,VDD,Metal1,23.3700,324.8230,4.999961
clkload12,VDD,Metal1,62.0100,293.4355,4.999938
clkload11,VDD,Metal1,32.2465,152.2875,4.999984
clkload10,VDD,Metal1,19.0930,81.8325,4.999986
clkload9,VDD,Metal1,41.8520,51.4280,4.999935
clkload8,VDD,Metal1,100.0920,50.4920,4.999922
clkload7,VDD,Metal1,157.6430,184.6300,4.999946
clkload6,VDD,Metal1,144.8900,67.1765,4.999962
clkload5,VDD,Metal1,191.9300,97.4355,4.999970
clkload4,VDD,Metal1,237.0300,200.4840,4.999937
clkload3,VDD,Metal1,184.5230,184.6300,4.999939
clkload2,VDD,Metal1,96.1965,230.8015,4.999976
clkload1,VDD,Metal1,31.4130,216.0875,4.999985
clkload0,VDD,Metal1,130.9775,371.8925,4.999972
clkbuf_1_1__f_ext_clk_in,VDD,Metal1,139.2910,365.0570,4.999910
clkbuf_1_0__f_ext_clk_in,VDD,Metal1,122.7885,144.5425,4.999870
clkbuf_0_ext_clk_in,VDD,Metal1,129.7710,254.3025,4.999920
clkbuf_leaf_22_ext_clk_in,VDD,Metal1,34.6575,160.2125,4.999951
clkbuf_leaf_21_ext_clk_in,VDD,Metal1,24.7025,74.9875,4.999948
clkbuf_leaf_20_ext_clk_in,VDD,Metal1,53.2625,50.4525,4.999922
clkbuf_leaf_19_ext_clk_in,VDD,Metal1,103.5375,51.4675,4.999922
clkbuf_leaf_18_ext_clk_in,VDD,Metal1,115.8575,145.5475,4.999870
clkbuf_leaf_17_ext_clk_in,VDD,Metal1,152.8175,192.5875,4.999961
clkbuf_leaf_16_ext_clk_in,VDD,Metal1,152.2575,73.9725,4.999911
clkbuf_leaf_15_ext_clk_in,VDD,Metal1,195.3775,90.6675,4.999888
clkbuf_leaf_14_ext_clk_in,VDD,Metal1,231.7775,199.4125,4.999937
clkbuf_leaf_13_ext_clk_in,VDD,Metal1,191.4575,183.7325,4.999938
clkbuf_leaf_12_ext_clk_in,VDD,Metal1,172.5425,277.8125,4.999952
clkbuf_leaf_11_ext_clk_in,VDD,Metal1,230.6575,301.3325,4.999938
clkbuf_leaf_10_ext_clk_in,VDD,Metal1,230.6575,387.5725,4.999910
clkbuf_leaf_9_ext_clk_in,VDD,Metal1,202.7825,458.1325,4.999966
clkbuf_leaf_8_ext_clk_in,VDD,Metal1,164.0175,395.4125,4.999952
clkbuf_leaf_7_ext_clk_in,VDD,Metal1,132.6575,318.0275,4.999950
clkbuf_leaf_6_ext_clk_in,VDD,Metal1,116.9775,404.2675,4.999948
clkbuf_leaf_5_ext_clk_in,VDD,Metal1,72.1775,451.3075,4.999956
clkbuf_leaf_4_ext_clk_in,VDD,Metal1,27.5025,419.9475,4.999955
clkbuf_leaf_3_ext_clk_in,VDD,Metal1,30.1775,325.8675,4.999961
clkbuf_leaf_2_ext_clk_in,VDD,Metal1,66.5775,294.5075,4.999938
clkbuf_leaf_1_ext_clk_in,VDD,Metal1,101.4225,239.6275,4.999949
clkbuf_leaf_0_ext_clk_in,VDD,Metal1,35.7775,222.9325,4.999938
clkbuf_regs_1_signal_clock,VDD,Metal1,227.7710,270.9770,4.999943
_3460__118,VDD,Metal1,213.1800,263.0750,4.999982
clkbuf_regs_0_signal_clock,VDD,Metal1,149.3710,443.4570,4.999975
top_level,VDD,Metal1,9.2900,200.3885,4.999973
wire94,VDD,Metal1,158.7000,254.2310,4.999929
max_cap93,VDD,Metal1,139.7800,239.6890,4.999952
max_cap92,VDD,Metal1,102.1400,278.8890,4.999955
wire91,VDD,Metal1,164.4200,262.0710,4.999986
wire90,VDD,Metal1,160.5000,238.5510,4.999961
max_cap89,VDD,Metal1,151.5400,176.9690,4.999977
max_cap88,VDD,Metal1,93.1800,176.9690,4.999976
max_cap87,VDD,Metal1,98.7800,152.3110,4.999983
max_cap86,VDD,Metal1,161.6200,128.7910,4.999975
load_slew85,VDD,Metal1,78.1800,42.5510,4.999983
load_slew84,VDD,Metal1,111.7800,254.2310,4.999920
load_slew83,VDD,Metal1,55.1435,34.7000,4.999970
load_slew82,VDD,Metal1,144.2085,161.3265,4.999949
wire81,VDD,Metal1,29.3910,263.2465,4.999984
max_cap80,VDD,Metal1,188.3800,302.4090,4.999943
wire79,VDD,Metal1,172.3800,247.2610,4.999970
max_cap78,VDD,Metal1,188.5000,411.0310,4.999979
wire77,VDD,Metal1,148.1165,113.2900,4.999969
max_cap76,VDD,Metal1,158.2030,176.7900,4.999977
max_cap75,VDD,Metal1,88.7380,254.3965,4.999923
max_cap74,VDD,Metal1,60.7380,247.3630,4.999973
max_cap73,VDD,Metal1,73.6180,255.2030,4.999939
max_cap72,VDD,Metal1,93.8215,254.3965,4.999921
wire71,VDD,Metal1,193.5015,262.2365,4.999982
max_cap70,VDD,Metal1,155.9630,128.9700,4.999974
max_cap69,VDD,Metal1,176.1230,191.6900,4.999963
max_cap68,VDD,Metal1,141.3780,113.2765,4.999969
max_cap67,VDD,Metal1,80.3380,231.6830,4.999977
max_cap66,VDD,Metal1,70.2580,262.2365,4.999983
max_cap65,VDD,Metal1,93.8215,247.3630,4.999971
max_cap64,VDD,Metal1,95.4580,263.0430,4.999982
max_cap63,VDD,Metal1,68.5780,270.0765,4.999956
max_cap62,VDD,Metal1,78.7015,255.2030,4.999924
max_cap61,VDD,Metal1,29.3780,254.3965,4.999953
max_cap60,VDD,Metal1,93.2180,262.2365,4.999982
max_cap59,VDD,Metal1,72.4980,263.0430,4.999983
max_cap58,VDD,Metal1,148.7400,255.3690,4.999921
max_cap57,VDD,Metal1,141.3780,293.5965,4.999954
max_cap56,VDD,Metal1,152.5780,317.1165,4.999952
max_cap55,VDD,Metal1,141.3780,348.4765,4.999976
max_cap54,VDD,Metal1,160.4615,324.9565,4.999967
max_cap53,VDD,Metal1,153.7415,309.2765,4.999963
max_cap52,VDD,Metal1,159.3415,121.9230,4.999966
wire51,VDD,Metal1,149.7780,129.7630,4.999974
max_cap50,VDD,Metal1,102.1965,246.5700,4.999970
max_cap49,VDD,Metal1,15.3400,200.4890,4.999973
max_cap48,VDD,Metal1,42.6965,136.7630,4.999984
max_cap47,VDD,Metal1,75.4630,403.3230,4.999959
max_cap46,VDD,Metal1,41.7800,341.6090,4.999988
max_cap45,VDD,Metal1,35.1320,238.6460,4.999962
wire44,VDD,Metal1,91.7030,230.8430,4.999977
max_cap43,VDD,Metal1,44.5415,379.8365,4.999972
max_cap42,VDD,Metal1,82.7430,199.4830,4.999938
max_cap41,VDD,Metal1,91.7030,302.2765,4.999954
max_cap40,VDD,Metal1,61.8200,379.6710,4.999971
max_cap39,VDD,Metal1,136.3565,285.7700,4.999958
max_cap38,VDD,Metal1,202.9835,277.7400,4.999952
load_slew37,VDD,Metal1,193.9800,286.7290,4.999953
load_slew36,VDD,Metal1,193.4200,301.2710,4.999942
max_cap35,VDD,Metal1,118.0230,106.2765,4.999987
max_cap34,VDD,Metal1,120.5480,82.7940,4.999985
max_cap33,VDD,Metal1,121.7780,153.2830,4.999981
max_cap32,VDD,Metal1,127.3780,176.8030,4.999977
wire31,VDD,Metal1,77.5815,278.7230,4.999958
max_cap30,VDD,Metal1,103.0300,262.3675,4.999982
load_slew29,VDD,Metal1,58.1775,348.3725,4.999977
output28,VDD,Metal1,12.5100,81.9900,4.999986
output27,VDD,Metal1,58.9900,490.3300,4.999998
output26,VDD,Metal1,94.8300,490.3300,4.999998
output25,VDD,Metal1,130.6700,490.3300,4.999997
output24,VDD,Metal1,12.5100,255.1300,4.999959
output23,VDD,Metal1,12.5100,254.4700,4.999959
output22,VDD,Metal1,166.5100,490.3300,4.999997
output21,VDD,Metal1,202.9100,490.3300,4.999997
output20,VDD,Metal1,240.9900,490.3300,4.999997
output19,VDD,Metal1,12.5100,474.6500,4.999984
output18,VDD,Metal1,12.5100,380.5700,4.999974
output17,VDD,Metal1,12.5100,451.1300,4.999963
output16,VDD,Metal1,12.5100,372.0700,4.999980
output15,VDD,Metal1,12.5100,466.1500,4.999988
output14,VDD,Metal1,12.5100,372.7300,4.999980
output13,VDD,Metal1,12.5100,442.6300,4.999980
output12,VDD,Metal1,12.5100,349.2100,4.999980
output11,VDD,Metal1,12.5100,450.4700,4.999963
output10,VDD,Metal1,12.5100,356.3900,4.999982
output9,VDD,Metal1,12.5100,427.6100,4.999984
output8,VDD,Metal1,12.5100,341.3700,4.999990
output7,VDD,Metal1,12.5100,411.9300,4.999975
output6,VDD,Metal1,12.5100,325.0300,4.999962
input5,VDD,Metal1,12.1300,246.6300,4.999982
input4,VDD,Metal1,12.1300,215.9300,4.999985
input3,VDD,Metal1,12.1300,161.0500,4.999951
input2,VDD,Metal1,12.1300,419.7700,4.999955
input1,VDD,Metal1,12.1300,325.6900,4.999962
top_level_104,VDD,Metal1,17.7375,395.4550,4.999979
top_level_103,VDD,Metal1,9.2900,106.3085,4.999992
top_level_102,VDD,Metal1,9.2900,98.4685,4.999986
top_level_101,VDD,Metal1,9.2900,128.8910,4.999985
top_level_100,VDD,Metal1,9.2900,121.9885,4.999972
top_level_99,VDD,Metal1,9.2900,191.6110,4.999976
top_level_98,VDD,Metal1,9.2900,263.1085,4.999984
top_level_97,VDD,Metal1,9.2900,278.7885,4.999967
top_level_96,VDD,Metal1,9.2900,231.7485,4.999981
top_level_95,VDD,Metal1,9.2900,192.5485,4.999976
top_level_117,VDD,Metal1,9.3375,137.6650,4.999985
top_level_116,VDD,Metal1,9.3375,153.3450,4.999985
top_level_115,VDD,Metal1,9.3375,90.6250,4.999984
top_level_114,VDD,Metal1,9.3375,136.7350,4.999985
top_level_113,VDD,Metal1,9.3375,168.0950,4.999984
top_level_112,VDD,Metal1,9.3375,286.6250,4.999968
top_level_111,VDD,Metal1,9.3375,302.3050,4.999976
top_level_110,VDD,Metal1,11.5775,302.3050,4.999976
top_level_109,VDD,Metal1,9.3375,294.4650,4.999950
top_level_108,VDD,Metal1,9.3375,223.9050,4.999939
top_level_107,VDD,Metal1,15.4975,490.4650,4.999998
top_level_106,VDD,Metal1,15.4975,395.4550,4.999979
top_level_105,VDD,Metal1,9.3375,489.5350,4.999998
TAP_TAPCELL_ROW_121_987,VDD,Metal1,235.7600,490.6700,4.999997
TAP_TAPCELL_ROW_121_986,VDD,Metal1,216.7200,490.6700,4.999997
TAP_TAPCELL_ROW_121_985,VDD,Metal1,197.6800,490.6700,4.999997
TAP_TAPCELL_ROW_121_984,VDD,Metal1,178.6400,490.6700,4.999997
TAP_TAPCELL_ROW_121_983,VDD,Metal1,159.6000,490.6700,4.999997
TAP_TAPCELL_ROW_121_982,VDD,Metal1,140.5600,490.6700,4.999997
TAP_TAPCELL_ROW_121_981,VDD,Metal1,121.5200,490.6700,4.999997
TAP_TAPCELL_ROW_121_980,VDD,Metal1,102.4800,490.6700,4.999997
TAP_TAPCELL_ROW_121_979,VDD,Metal1,83.4400,490.6700,4.999998
TAP_TAPCELL_ROW_121_978,VDD,Metal1,64.4000,490.6700,4.999998
TAP_TAPCELL_ROW_121_977,VDD,Metal1,45.3600,490.6700,4.999998
TAP_TAPCELL_ROW_121_976,VDD,Metal1,26.3200,490.6700,4.999998
TAP_TAPCELL_ROW_120_975,VDD,Metal1,222.8800,489.3300,4.999997
TAP_TAPCELL_ROW_120_974,VDD,Metal1,183.6800,489.3300,4.999997
TAP_TAPCELL_ROW_120_973,VDD,Metal1,144.4800,489.3300,4.999997
TAP_TAPCELL_ROW_120_972,VDD,Metal1,105.2800,489.3300,4.999997
TAP_TAPCELL_ROW_120_971,VDD,Metal1,66.0800,489.3300,4.999998
TAP_TAPCELL_ROW_120_970,VDD,Metal1,26.8800,489.3300,4.999998
TAP_TAPCELL_ROW_119_969,VDD,Metal1,242.4800,482.8300,4.999984
TAP_TAPCELL_ROW_119_968,VDD,Metal1,203.2800,482.8300,4.999984
TAP_TAPCELL_ROW_119_967,VDD,Metal1,164.0800,482.8300,4.999985
TAP_TAPCELL_ROW_119_966,VDD,Metal1,124.8800,482.8300,4.999984
TAP_TAPCELL_ROW_119_965,VDD,Metal1,85.6800,482.8300,4.999979
TAP_TAPCELL_ROW_119_964,VDD,Metal1,46.4800,482.8300,4.999978
TAP_TAPCELL_ROW_118_963,VDD,Metal1,222.8800,481.4900,4.999984
TAP_TAPCELL_ROW_118_962,VDD,Metal1,183.6800,481.4900,4.999985
TAP_TAPCELL_ROW_118_961,VDD,Metal1,144.4800,481.4900,4.999984
TAP_TAPCELL_ROW_118_960,VDD,Metal1,105.2800,481.4900,4.999979
TAP_TAPCELL_ROW_118_959,VDD,Metal1,66.0800,481.4900,4.999978
TAP_TAPCELL_ROW_118_958,VDD,Metal1,26.8800,481.4900,4.999986
TAP_TAPCELL_ROW_117_957,VDD,Metal1,242.4800,474.9900,4.999974
TAP_TAPCELL_ROW_117_956,VDD,Metal1,203.2800,474.9900,4.999974
TAP_TAPCELL_ROW_117_955,VDD,Metal1,164.0800,474.9900,4.999977
TAP_TAPCELL_ROW_117_954,VDD,Metal1,124.8800,474.9900,4.999976
TAP_TAPCELL_ROW_117_953,VDD,Metal1,85.6800,474.9900,4.999976
TAP_TAPCELL_ROW_117_952,VDD,Metal1,46.4800,474.9900,4.999976
TAP_TAPCELL_ROW_116_951,VDD,Metal1,222.8800,473.6500,4.999974
TAP_TAPCELL_ROW_116_950,VDD,Metal1,183.6800,473.6500,4.999977
TAP_TAPCELL_ROW_116_949,VDD,Metal1,144.4800,473.6500,4.999977
TAP_TAPCELL_ROW_116_948,VDD,Metal1,105.2800,473.6500,4.999976
TAP_TAPCELL_ROW_116_947,VDD,Metal1,66.0800,473.6500,4.999976
TAP_TAPCELL_ROW_116_946,VDD,Metal1,26.8800,473.6500,4.999984
TAP_TAPCELL_ROW_115_945,VDD,Metal1,242.4800,467.1500,4.999986
TAP_TAPCELL_ROW_115_944,VDD,Metal1,203.2800,467.1500,4.999986
TAP_TAPCELL_ROW_115_943,VDD,Metal1,164.0800,467.1500,4.999986
TAP_TAPCELL_ROW_115_942,VDD,Metal1,124.8800,467.1500,4.999985
TAP_TAPCELL_ROW_115_941,VDD,Metal1,85.6800,467.1500,4.999985
TAP_TAPCELL_ROW_115_940,VDD,Metal1,46.4800,467.1500,4.999986
TAP_TAPCELL_ROW_114_939,VDD,Metal1,222.8800,465.8100,4.999986
TAP_TAPCELL_ROW_114_938,VDD,Metal1,183.6800,465.8100,4.999986
TAP_TAPCELL_ROW_114_937,VDD,Metal1,144.4800,465.8100,4.999986
TAP_TAPCELL_ROW_114_936,VDD,Metal1,105.2800,465.8100,4.999985
TAP_TAPCELL_ROW_114_935,VDD,Metal1,66.0800,465.8100,4.999985
TAP_TAPCELL_ROW_114_934,VDD,Metal1,26.8800,465.8100,4.999988
TAP_TAPCELL_ROW_113_933,VDD,Metal1,242.4800,459.3100,4.999966
TAP_TAPCELL_ROW_113_932,VDD,Metal1,203.2800,459.3100,4.999966
TAP_TAPCELL_ROW_113_931,VDD,Metal1,164.0800,459.3100,4.999972
TAP_TAPCELL_ROW_113_930,VDD,Metal1,124.8800,459.3100,4.999972
TAP_TAPCELL_ROW_113_929,VDD,Metal1,85.6800,459.3100,4.999974
TAP_TAPCELL_ROW_113_928,VDD,Metal1,46.4800,459.3100,4.999976
TAP_TAPCELL_ROW_112_927,VDD,Metal1,222.8800,457.9700,4.999966
TAP_TAPCELL_ROW_112_926,VDD,Metal1,183.6800,457.9700,4.999968
TAP_TAPCELL_ROW_112_925,VDD,Metal1,144.4800,457.9700,4.999972
TAP_TAPCELL_ROW_112_924,VDD,Metal1,105.2800,457.9700,4.999974
TAP_TAPCELL_ROW_112_923,VDD,Metal1,66.0800,457.9700,4.999975
TAP_TAPCELL_ROW_112_922,VDD,Metal1,26.8800,457.9700,4.999976
TAP_TAPCELL_ROW_111_921,VDD,Metal1,242.4800,451.4700,4.999966
TAP_TAPCELL_ROW_111_920,VDD,Metal1,203.2800,451.4700,4.999966
TAP_TAPCELL_ROW_111_919,VDD,Metal1,164.0800,451.4700,4.999967
TAP_TAPCELL_ROW_111_918,VDD,Metal1,124.8800,451.4700,4.999959
TAP_TAPCELL_ROW_111_917,VDD,Metal1,85.6800,451.4700,4.999957
TAP_TAPCELL_ROW_111_916,VDD,Metal1,46.4800,451.4700,4.999958
TAP_TAPCELL_ROW_110_915,VDD,Metal1,222.8800,450.1300,4.999966
TAP_TAPCELL_ROW_110_914,VDD,Metal1,183.6800,450.1300,4.999966
TAP_TAPCELL_ROW_110_913,VDD,Metal1,144.4800,450.1300,4.999966
TAP_TAPCELL_ROW_110_912,VDD,Metal1,105.2800,450.1300,4.999959
TAP_TAPCELL_ROW_110_911,VDD,Metal1,66.0800,450.1300,4.999956
TAP_TAPCELL_ROW_110_910,VDD,Metal1,26.8800,450.1300,4.999963
TAP_TAPCELL_ROW_109_909,VDD,Metal1,242.4800,443.6300,4.999974
TAP_TAPCELL_ROW_109_908,VDD,Metal1,203.2800,443.6300,4.999974
TAP_TAPCELL_ROW_109_907,VDD,Metal1,164.0800,443.6300,4.999975
TAP_TAPCELL_ROW_109_906,VDD,Metal1,124.8800,443.6300,4.999975
TAP_TAPCELL_ROW_109_905,VDD,Metal1,85.6800,443.6300,4.999975
TAP_TAPCELL_ROW_109_904,VDD,Metal1,46.4800,443.6300,4.999978
TAP_TAPCELL_ROW_108_903,VDD,Metal1,222.8800,442.2900,4.999974
TAP_TAPCELL_ROW_108_902,VDD,Metal1,183.6800,442.2900,4.999975
TAP_TAPCELL_ROW_108_901,VDD,Metal1,144.4800,442.2900,4.999975
TAP_TAPCELL_ROW_108_900,VDD,Metal1,105.2800,442.2900,4.999975
TAP_TAPCELL_ROW_108_899,VDD,Metal1,66.0800,442.2900,4.999977
TAP_TAPCELL_ROW_108_898,VDD,Metal1,26.8800,442.2900,4.999980
TAP_TAPCELL_ROW_107_897,VDD,Metal1,242.4800,435.7900,4.999985
TAP_TAPCELL_ROW_107_896,VDD,Metal1,203.2800,435.7900,4.999985
TAP_TAPCELL_ROW_107_895,VDD,Metal1,164.0800,435.7900,4.999990
TAP_TAPCELL_ROW_107_894,VDD,Metal1,124.8800,435.7900,4.999986
TAP_TAPCELL_ROW_107_893,VDD,Metal1,85.6800,435.7900,4.999986
TAP_TAPCELL_ROW_107_892,VDD,Metal1,46.4800,435.7900,4.999986
TAP_TAPCELL_ROW_106_891,VDD,Metal1,222.8800,434.4500,4.999985
TAP_TAPCELL_ROW_106_890,VDD,Metal1,183.6800,434.4500,4.999989
TAP_TAPCELL_ROW_106_889,VDD,Metal1,144.4800,434.4500,4.999987
TAP_TAPCELL_ROW_106_888,VDD,Metal1,105.2800,434.4500,4.999986
TAP_TAPCELL_ROW_106_887,VDD,Metal1,66.0800,434.4500,4.999985
TAP_TAPCELL_ROW_106_886,VDD,Metal1,26.8800,434.4500,4.999986
TAP_TAPCELL_ROW_105_885,VDD,Metal1,242.4800,427.9500,4.999979
TAP_TAPCELL_ROW_105_884,VDD,Metal1,203.2800,427.9500,4.999980
TAP_TAPCELL_ROW_105_883,VDD,Metal1,164.0800,427.9500,4.999983
TAP_TAPCELL_ROW_105_882,VDD,Metal1,124.8800,427.9500,4.999980
TAP_TAPCELL_ROW_105_881,VDD,Metal1,85.6800,427.9500,4.999982
TAP_TAPCELL_ROW_105_880,VDD,Metal1,46.4800,427.9500,4.999982
TAP_TAPCELL_ROW_104_879,VDD,Metal1,222.8800,426.6100,4.999979
TAP_TAPCELL_ROW_104_878,VDD,Metal1,183.6800,426.6100,4.999983
TAP_TAPCELL_ROW_104_877,VDD,Metal1,144.4800,426.6100,4.999981
TAP_TAPCELL_ROW_104_876,VDD,Metal1,105.2800,426.6100,4.999980
TAP_TAPCELL_ROW_104_875,VDD,Metal1,66.0800,426.6100,4.999982
TAP_TAPCELL_ROW_104_874,VDD,Metal1,26.8800,426.6100,4.999983
TAP_TAPCELL_ROW_103_873,VDD,Metal1,242.4800,420.1100,4.999964
TAP_TAPCELL_ROW_103_872,VDD,Metal1,203.2800,420.1100,4.999965
TAP_TAPCELL_ROW_103_871,VDD,Metal1,164.0800,420.1100,4.999961
TAP_TAPCELL_ROW_103_870,VDD,Metal1,124.8800,420.1100,4.999956
TAP_TAPCELL_ROW_103_869,VDD,Metal1,85.6800,420.1100,4.999955
TAP_TAPCELL_ROW_103_868,VDD,Metal1,46.4800,420.1100,4.999954
TAP_TAPCELL_ROW_102_867,VDD,Metal1,222.8800,418.7700,4.999964
TAP_TAPCELL_ROW_102_866,VDD,Metal1,183.6800,418.7700,4.999966
TAP_TAPCELL_ROW_102_865,VDD,Metal1,144.4800,418.7700,4.999961
TAP_TAPCELL_ROW_102_864,VDD,Metal1,105.2800,418.7700,4.999956
TAP_TAPCELL_ROW_102_863,VDD,Metal1,66.0800,418.7700,4.999954
TAP_TAPCELL_ROW_102_862,VDD,Metal1,26.8800,418.7700,4.999955
TAP_TAPCELL_ROW_101_861,VDD,Metal1,242.4800,412.2700,4.999978
TAP_TAPCELL_ROW_101_860,VDD,Metal1,203.2800,412.2700,4.999979
TAP_TAPCELL_ROW_101_859,VDD,Metal1,164.0800,412.2700,4.999979
TAP_TAPCELL_ROW_101_858,VDD,Metal1,124.8800,412.2700,4.999974
TAP_TAPCELL_ROW_101_857,VDD,Metal1,85.6800,412.2700,4.999973
TAP_TAPCELL_ROW_101_856,VDD,Metal1,46.4800,412.2700,4.999975
TAP_TAPCELL_ROW_100_855,VDD,Metal1,222.8800,410.9300,4.999978
TAP_TAPCELL_ROW_100_854,VDD,Metal1,183.6800,410.9300,4.999979
TAP_TAPCELL_ROW_100_853,VDD,Metal1,144.4800,410.9300,4.999975
TAP_TAPCELL_ROW_100_852,VDD,Metal1,105.2800,410.9300,4.999973
TAP_TAPCELL_ROW_100_851,VDD,Metal1,66.0800,410.9300,4.999974
TAP_TAPCELL_ROW_100_850,VDD,Metal1,26.8800,410.9300,4.999975
TAP_TAPCELL_ROW_99_849,VDD,Metal1,242.4800,404.4300,4.999955
TAP_TAPCELL_ROW_99_848,VDD,Metal1,203.2800,404.4300,4.999955
TAP_TAPCELL_ROW_99_847,VDD,Metal1,164.0800,404.4300,4.999955
TAP_TAPCELL_ROW_99_846,VDD,Metal1,124.8800,404.4300,4.999948
TAP_TAPCELL_ROW_99_845,VDD,Metal1,85.6800,404.4300,4.999958
TAP_TAPCELL_ROW_99_844,VDD,Metal1,46.4800,404.4300,4.999969
TAP_TAPCELL_ROW_98_843,VDD,Metal1,222.8800,403.0900,4.999955
TAP_TAPCELL_ROW_98_842,VDD,Metal1,183.6800,403.0900,4.999955
TAP_TAPCELL_ROW_98_841,VDD,Metal1,144.4800,403.0900,4.999950
TAP_TAPCELL_ROW_98_840,VDD,Metal1,105.2800,403.0900,4.999952
TAP_TAPCELL_ROW_98_839,VDD,Metal1,66.0800,403.0900,4.999960
TAP_TAPCELL_ROW_98_838,VDD,Metal1,26.8800,403.0900,4.999973
TAP_TAPCELL_ROW_97_837,VDD,Metal1,242.4800,396.5900,4.999954
TAP_TAPCELL_ROW_97_836,VDD,Metal1,203.2800,396.5900,4.999955
TAP_TAPCELL_ROW_97_835,VDD,Metal1,164.0800,396.5900,4.999952
TAP_TAPCELL_ROW_97_834,VDD,Metal1,124.8800,396.5900,4.999955
TAP_TAPCELL_ROW_97_833,VDD,Metal1,85.6800,396.5900,4.999958
TAP_TAPCELL_ROW_97_832,VDD,Metal1,46.4800,396.5900,4.999979
TAP_TAPCELL_ROW_96_831,VDD,Metal1,222.8800,395.2500,4.999954
TAP_TAPCELL_ROW_96_830,VDD,Metal1,183.6800,395.2500,4.999957
TAP_TAPCELL_ROW_96_829,VDD,Metal1,144.4800,395.2500,4.999953
TAP_TAPCELL_ROW_96_828,VDD,Metal1,105.2800,395.2500,4.999956
TAP_TAPCELL_ROW_96_827,VDD,Metal1,66.0800,395.2500,4.999959
TAP_TAPCELL_ROW_96_826,VDD,Metal1,26.8800,395.2500,4.999979
TAP_TAPCELL_ROW_95_825,VDD,Metal1,242.4800,388.7500,4.999910
TAP_TAPCELL_ROW_95_824,VDD,Metal1,203.2800,388.7500,4.999915
TAP_TAPCELL_ROW_95_823,VDD,Metal1,164.0800,388.7500,4.999944
TAP_TAPCELL_ROW_95_822,VDD,Metal1,124.8800,388.7500,4.999943
TAP_TAPCELL_ROW_95_821,VDD,Metal1,85.6800,388.7500,4.999946
TAP_TAPCELL_ROW_95_820,VDD,Metal1,46.4800,388.7500,4.999962
TAP_TAPCELL_ROW_94_819,VDD,Metal1,222.8800,387.4100,4.999910
TAP_TAPCELL_ROW_94_818,VDD,Metal1,183.6800,387.4100,4.999943
TAP_TAPCELL_ROW_94_817,VDD,Metal1,144.4800,387.4100,4.999944
TAP_TAPCELL_ROW_94_816,VDD,Metal1,105.2800,387.4100,4.999944
TAP_TAPCELL_ROW_94_815,VDD,Metal1,66.0800,387.4100,4.999956
TAP_TAPCELL_ROW_94_814,VDD,Metal1,26.8800,387.4100,4.999967
TAP_TAPCELL_ROW_93_813,VDD,Metal1,242.4800,380.9100,4.999955
TAP_TAPCELL_ROW_93_812,VDD,Metal1,203.2800,380.9100,4.999960
TAP_TAPCELL_ROW_93_811,VDD,Metal1,164.0800,380.9100,4.999964
TAP_TAPCELL_ROW_93_810,VDD,Metal1,124.8800,380.9100,4.999964
TAP_TAPCELL_ROW_93_809,VDD,Metal1,85.6800,380.9100,4.999966
TAP_TAPCELL_ROW_93_808,VDD,Metal1,46.4800,380.9100,4.999972
TAP_TAPCELL_ROW_92_807,VDD,Metal1,222.8800,379.5700,4.999959
TAP_TAPCELL_ROW_92_806,VDD,Metal1,183.6800,379.5700,4.999961
TAP_TAPCELL_ROW_92_805,VDD,Metal1,144.4800,379.5700,4.999964
TAP_TAPCELL_ROW_92_804,VDD,Metal1,105.2800,379.5700,4.999965
TAP_TAPCELL_ROW_92_803,VDD,Metal1,66.0800,379.5700,4.999967
TAP_TAPCELL_ROW_92_802,VDD,Metal1,26.8800,379.5700,4.999974
TAP_TAPCELL_ROW_91_801,VDD,Metal1,242.4800,373.0700,4.999969
TAP_TAPCELL_ROW_91_800,VDD,Metal1,203.2800,373.0700,4.999969
TAP_TAPCELL_ROW_91_799,VDD,Metal1,164.0800,373.0700,4.999975
TAP_TAPCELL_ROW_91_798,VDD,Metal1,124.8800,373.0700,4.999972
TAP_TAPCELL_ROW_91_797,VDD,Metal1,85.6800,373.0700,4.999974
TAP_TAPCELL_ROW_91_796,VDD,Metal1,46.4800,373.0700,4.999978
TAP_TAPCELL_ROW_90_795,VDD,Metal1,222.8800,371.7300,4.999969
TAP_TAPCELL_ROW_90_794,VDD,Metal1,183.6800,371.7300,4.999974
TAP_TAPCELL_ROW_90_793,VDD,Metal1,144.4800,371.7300,4.999972
TAP_TAPCELL_ROW_90_792,VDD,Metal1,105.2800,371.7300,4.999973
TAP_TAPCELL_ROW_90_791,VDD,Metal1,66.0800,371.7300,4.999975
TAP_TAPCELL_ROW_90_790,VDD,Metal1,26.8800,371.7300,4.999980
TAP_TAPCELL_ROW_89_789,VDD,Metal1,242.4800,365.2300,4.999918
TAP_TAPCELL_ROW_89_788,VDD,Metal1,203.2800,365.2300,4.999918
TAP_TAPCELL_ROW_89_787,VDD,Metal1,164.0800,365.2300,4.999912
TAP_TAPCELL_ROW_89_786,VDD,Metal1,124.8800,365.2300,4.999916
TAP_TAPCELL_ROW_89_785,VDD,Metal1,85.6800,365.2300,4.999936
TAP_TAPCELL_ROW_89_784,VDD,Metal1,46.4800,365.2300,4.999971
TAP_TAPCELL_ROW_88_783,VDD,Metal1,222.8800,363.8900,4.999918
TAP_TAPCELL_ROW_88_782,VDD,Metal1,183.6800,363.8900,4.999919
TAP_TAPCELL_ROW_88_781,VDD,Metal1,144.4800,363.8900,4.999910
TAP_TAPCELL_ROW_88_780,VDD,Metal1,105.2800,363.8900,4.999918
TAP_TAPCELL_ROW_88_779,VDD,Metal1,66.0800,363.8900,4.999944
TAP_TAPCELL_ROW_88_778,VDD,Metal1,26.8800,363.8900,4.999973
TAP_TAPCELL_ROW_87_777,VDD,Metal1,242.4800,357.3900,4.999971
TAP_TAPCELL_ROW_87_776,VDD,Metal1,203.2800,357.3900,4.999974
TAP_TAPCELL_ROW_87_775,VDD,Metal1,164.0800,357.3900,4.999975
TAP_TAPCELL_ROW_87_774,VDD,Metal1,124.8800,357.3900,4.999974
TAP_TAPCELL_ROW_87_773,VDD,Metal1,85.6800,357.3900,4.999975
TAP_TAPCELL_ROW_87_772,VDD,Metal1,46.4800,357.3900,4.999976
TAP_TAPCELL_ROW_86_771,VDD,Metal1,222.8800,356.0500,4.999971
TAP_TAPCELL_ROW_86_770,VDD,Metal1,183.6800,356.0500,4.999974
TAP_TAPCELL_ROW_86_769,VDD,Metal1,144.4800,356.0500,4.999975
TAP_TAPCELL_ROW_86_768,VDD,Metal1,105.2800,356.0500,4.999975
TAP_TAPCELL_ROW_86_767,VDD,Metal1,66.0800,356.0500,4.999976
TAP_TAPCELL_ROW_86_766,VDD,Metal1,26.8800,356.0500,4.999982
TAP_TAPCELL_ROW_85_765,VDD,Metal1,242.4800,349.5500,4.999974
TAP_TAPCELL_ROW_85_764,VDD,Metal1,203.2800,349.5500,4.999976
TAP_TAPCELL_ROW_85_763,VDD,Metal1,164.0800,349.5500,4.999977
TAP_TAPCELL_ROW_85_762,VDD,Metal1,124.8800,349.5500,4.999976
TAP_TAPCELL_ROW_85_761,VDD,Metal1,85.6800,349.5500,4.999977
TAP_TAPCELL_ROW_85_760,VDD,Metal1,46.4800,349.5500,4.999977
TAP_TAPCELL_ROW_84_759,VDD,Metal1,222.8800,348.2100,4.999975
TAP_TAPCELL_ROW_84_758,VDD,Metal1,183.6800,348.2100,4.999977
TAP_TAPCELL_ROW_84_757,VDD,Metal1,144.4800,348.2100,4.999976
TAP_TAPCELL_ROW_84_756,VDD,Metal1,105.2800,348.2100,4.999977
TAP_TAPCELL_ROW_84_755,VDD,Metal1,66.0800,348.2100,4.999977
TAP_TAPCELL_ROW_84_754,VDD,Metal1,26.8800,348.2100,4.999980
TAP_TAPCELL_ROW_83_753,VDD,Metal1,242.4800,341.7100,4.999986
TAP_TAPCELL_ROW_83_752,VDD,Metal1,203.2800,341.7100,4.999986
TAP_TAPCELL_ROW_83_751,VDD,Metal1,164.0800,341.7100,4.999986
TAP_TAPCELL_ROW_83_750,VDD,Metal1,124.8800,341.7100,4.999986
TAP_TAPCELL_ROW_83_749,VDD,Metal1,85.6800,341.7100,4.999986
TAP_TAPCELL_ROW_83_748,VDD,Metal1,46.4800,341.7100,4.999988
TAP_TAPCELL_ROW_82_747,VDD,Metal1,222.8800,340.3700,4.999986
TAP_TAPCELL_ROW_82_746,VDD,Metal1,183.6800,340.3700,4.999986
TAP_TAPCELL_ROW_82_745,VDD,Metal1,144.4800,340.3700,4.999986
TAP_TAPCELL_ROW_82_744,VDD,Metal1,105.2800,340.3700,4.999986
TAP_TAPCELL_ROW_82_743,VDD,Metal1,66.0800,340.3700,4.999987
TAP_TAPCELL_ROW_82_742,VDD,Metal1,26.8800,340.3700,4.999990
TAP_TAPCELL_ROW_81_741,VDD,Metal1,242.4800,333.8700,4.999980
TAP_TAPCELL_ROW_81_740,VDD,Metal1,203.2800,333.8700,4.999985
TAP_TAPCELL_ROW_81_739,VDD,Metal1,164.0800,333.8700,4.999984
TAP_TAPCELL_ROW_81_738,VDD,Metal1,124.8800,333.8700,4.999982
TAP_TAPCELL_ROW_81_737,VDD,Metal1,85.6800,333.8700,4.999982
TAP_TAPCELL_ROW_81_736,VDD,Metal1,46.4800,333.8700,4.999984
TAP_TAPCELL_ROW_80_735,VDD,Metal1,222.8800,332.5300,4.999980
TAP_TAPCELL_ROW_80_734,VDD,Metal1,183.6800,332.5300,4.999985
TAP_TAPCELL_ROW_80_733,VDD,Metal1,144.4800,332.5300,4.999984
TAP_TAPCELL_ROW_80_732,VDD,Metal1,105.2800,332.5300,4.999982
TAP_TAPCELL_ROW_80_731,VDD,Metal1,66.0800,332.5300,4.999983
TAP_TAPCELL_ROW_80_730,VDD,Metal1,26.8800,332.5300,4.999985
TAP_TAPCELL_ROW_79_729,VDD,Metal1,242.4800,326.0300,4.999974
TAP_TAPCELL_ROW_79_728,VDD,Metal1,203.2800,326.0300,4.999975
TAP_TAPCELL_ROW_79_727,VDD,Metal1,164.0800,326.0300,4.999968
TAP_TAPCELL_ROW_79_726,VDD,Metal1,124.8800,326.0300,4.999965
TAP_TAPCELL_ROW_79_725,VDD,Metal1,85.6800,326.0300,4.999963
TAP_TAPCELL_ROW_79_724,VDD,Metal1,46.4800,326.0300,4.999962
TAP_TAPCELL_ROW_78_723,VDD,Metal1,222.8800,324.6900,4.999974
TAP_TAPCELL_ROW_78_722,VDD,Metal1,183.6800,324.6900,4.999975
TAP_TAPCELL_ROW_78_721,VDD,Metal1,144.4800,324.6900,4.999965
TAP_TAPCELL_ROW_78_720,VDD,Metal1,105.2800,324.6900,4.999964
TAP_TAPCELL_ROW_78_719,VDD,Metal1,66.0800,324.6900,4.999963
TAP_TAPCELL_ROW_78_718,VDD,Metal1,26.8800,324.6900,4.999961
TAP_TAPCELL_ROW_77_717,VDD,Metal1,242.4800,318.1900,4.999966
TAP_TAPCELL_ROW_77_716,VDD,Metal1,203.2800,318.1900,4.999966
TAP_TAPCELL_ROW_77_715,VDD,Metal1,164.0800,318.1900,4.999965
TAP_TAPCELL_ROW_77_714,VDD,Metal1,124.8800,318.1900,4.999951
TAP_TAPCELL_ROW_77_713,VDD,Metal1,85.6800,318.1900,4.999952
TAP_TAPCELL_ROW_77_712,VDD,Metal1,46.4800,318.1900,4.999964
TAP_TAPCELL_ROW_76_711,VDD,Metal1,222.8800,316.8500,4.999966
TAP_TAPCELL_ROW_76_710,VDD,Metal1,183.6800,316.8500,4.999966
TAP_TAPCELL_ROW_76_709,VDD,Metal1,144.4800,316.8500,4.999952
TAP_TAPCELL_ROW_76_708,VDD,Metal1,105.2800,316.8500,4.999952
TAP_TAPCELL_ROW_76_707,VDD,Metal1,66.0800,316.8500,4.999955
TAP_TAPCELL_ROW_76_706,VDD,Metal1,26.8800,316.8500,4.999966
TAP_TAPCELL_ROW_75_705,VDD,Metal1,242.4800,310.3500,4.999963
TAP_TAPCELL_ROW_75_704,VDD,Metal1,203.2800,310.3500,4.999965
TAP_TAPCELL_ROW_75_703,VDD,Metal1,164.0800,310.3500,4.999964
TAP_TAPCELL_ROW_75_702,VDD,Metal1,124.8800,310.3500,4.999961
TAP_TAPCELL_ROW_75_701,VDD,Metal1,85.6800,310.3500,4.999962
TAP_TAPCELL_ROW_75_700,VDD,Metal1,46.4800,310.3500,4.999963
TAP_TAPCELL_ROW_74_699,VDD,Metal1,222.8800,309.0100,4.999963
TAP_TAPCELL_ROW_74_698,VDD,Metal1,183.6800,309.0100,4.999965
TAP_TAPCELL_ROW_74_697,VDD,Metal1,144.4800,309.0100,4.999961
TAP_TAPCELL_ROW_74_696,VDD,Metal1,105.2800,309.0100,4.999961
TAP_TAPCELL_ROW_74_695,VDD,Metal1,66.0800,309.0100,4.999962
TAP_TAPCELL_ROW_74_694,VDD,Metal1,26.8800,309.0100,4.999968
TAP_TAPCELL_ROW_73_693,VDD,Metal1,242.4800,302.5100,4.999938
TAP_TAPCELL_ROW_73_692,VDD,Metal1,203.2800,302.5100,4.999939
TAP_TAPCELL_ROW_73_691,VDD,Metal1,164.0800,302.5100,4.999948
TAP_TAPCELL_ROW_73_690,VDD,Metal1,124.8800,302.5100,4.999953
TAP_TAPCELL_ROW_73_689,VDD,Metal1,85.6800,302.5100,4.999955
TAP_TAPCELL_ROW_73_688,VDD,Metal1,46.4800,302.5100,4.999969
TAP_TAPCELL_ROW_72_687,VDD,Metal1,222.8800,301.1700,4.999939
TAP_TAPCELL_ROW_72_686,VDD,Metal1,183.6800,301.1700,4.999945
TAP_TAPCELL_ROW_72_685,VDD,Metal1,144.4800,301.1700,4.999952
TAP_TAPCELL_ROW_72_684,VDD,Metal1,105.2800,301.1700,4.999954
TAP_TAPCELL_ROW_72_683,VDD,Metal1,66.0800,301.1700,4.999959
TAP_TAPCELL_ROW_72_682,VDD,Metal1,26.8800,301.1700,4.999976
TAP_TAPCELL_ROW_71_681,VDD,Metal1,242.4800,294.6700,4.999954
TAP_TAPCELL_ROW_71_680,VDD,Metal1,203.2800,294.6700,4.999958
TAP_TAPCELL_ROW_71_679,VDD,Metal1,164.0800,294.6700,4.999959
TAP_TAPCELL_ROW_71_678,VDD,Metal1,124.8800,294.6700,4.999939
TAP_TAPCELL_ROW_71_677,VDD,Metal1,85.6800,294.6700,4.999938
TAP_TAPCELL_ROW_71_676,VDD,Metal1,46.4800,294.6700,4.999949
TAP_TAPCELL_ROW_70_675,VDD,Metal1,222.8800,293.3300,4.999955
TAP_TAPCELL_ROW_70_674,VDD,Metal1,183.6800,293.3300,4.999960
TAP_TAPCELL_ROW_70_673,VDD,Metal1,144.4800,293.3300,4.999955
TAP_TAPCELL_ROW_70_672,VDD,Metal1,105.2800,293.3300,4.999939
TAP_TAPCELL_ROW_70_671,VDD,Metal1,66.0800,293.3300,4.999938
TAP_TAPCELL_ROW_70_670,VDD,Metal1,26.8800,293.3300,4.999950
TAP_TAPCELL_ROW_69_669,VDD,Metal1,242.4800,286.8300,4.999953
TAP_TAPCELL_ROW_69_668,VDD,Metal1,203.2800,286.8300,4.999953
TAP_TAPCELL_ROW_69_667,VDD,Metal1,164.0800,286.8300,4.999958
TAP_TAPCELL_ROW_69_666,VDD,Metal1,124.8800,286.8300,4.999958
TAP_TAPCELL_ROW_69_665,VDD,Metal1,85.6800,286.8300,4.999959
TAP_TAPCELL_ROW_69_664,VDD,Metal1,46.4800,286.8300,4.999961
TAP_TAPCELL_ROW_68_663,VDD,Metal1,222.8800,285.4900,4.999953
TAP_TAPCELL_ROW_68_662,VDD,Metal1,183.6800,285.4900,4.999957
TAP_TAPCELL_ROW_68_661,VDD,Metal1,144.4800,285.4900,4.999958
TAP_TAPCELL_ROW_68_660,VDD,Metal1,105.2800,285.4900,4.999958
TAP_TAPCELL_ROW_68_659,VDD,Metal1,66.0800,285.4900,4.999960
TAP_TAPCELL_ROW_68_658,VDD,Metal1,26.8800,285.4900,4.999968
TAP_TAPCELL_ROW_67_657,VDD,Metal1,242.4800,278.9900,4.999952
TAP_TAPCELL_ROW_67_656,VDD,Metal1,203.2800,278.9900,4.999952
TAP_TAPCELL_ROW_67_655,VDD,Metal1,164.0800,278.9900,4.999952
TAP_TAPCELL_ROW_67_654,VDD,Metal1,124.8800,278.9900,4.999953
TAP_TAPCELL_ROW_67_653,VDD,Metal1,85.6800,278.9900,4.999958
TAP_TAPCELL_ROW_67_652,VDD,Metal1,46.4800,278.9900,4.999962
TAP_TAPCELL_ROW_66_651,VDD,Metal1,222.8800,277.6500,4.999952
TAP_TAPCELL_ROW_66_650,VDD,Metal1,183.6800,277.6500,4.999952
TAP_TAPCELL_ROW_66_649,VDD,Metal1,144.4800,277.6500,4.999953
TAP_TAPCELL_ROW_66_648,VDD,Metal1,105.2800,277.6500,4.999955
TAP_TAPCELL_ROW_66_647,VDD,Metal1,66.0800,277.6500,4.999961
TAP_TAPCELL_ROW_66_646,VDD,Metal1,26.8800,277.6500,4.999965
TAP_TAPCELL_ROW_65_645,VDD,Metal1,242.4800,271.1500,4.999943
TAP_TAPCELL_ROW_65_644,VDD,Metal1,203.2800,271.1500,4.999943
TAP_TAPCELL_ROW_65_643,VDD,Metal1,164.0800,271.1500,4.999947
TAP_TAPCELL_ROW_65_642,VDD,Metal1,124.8800,271.1500,4.999951
TAP_TAPCELL_ROW_65_641,VDD,Metal1,85.6800,271.1500,4.999956
TAP_TAPCELL_ROW_65_640,VDD,Metal1,46.4800,271.1500,4.999961
TAP_TAPCELL_ROW_64_639,VDD,Metal1,222.8800,269.8100,4.999943
TAP_TAPCELL_ROW_64_638,VDD,Metal1,183.6800,269.8100,4.999947
TAP_TAPCELL_ROW_64_637,VDD,Metal1,144.4800,269.8100,4.999948
TAP_TAPCELL_ROW_64_636,VDD,Metal1,105.2800,269.8100,4.999955
TAP_TAPCELL_ROW_64_635,VDD,Metal1,66.0800,269.8100,4.999957
TAP_TAPCELL_ROW_64_634,VDD,Metal1,26.8800,269.8100,4.999962
TAP_TAPCELL_ROW_63_633,VDD,Metal1,242.4800,263.3100,4.999981
TAP_TAPCELL_ROW_63_632,VDD,Metal1,203.2800,263.3100,4.999982
TAP_TAPCELL_ROW_63_631,VDD,Metal1,164.0800,263.3100,4.999986
TAP_TAPCELL_ROW_63_630,VDD,Metal1,124.8800,263.3100,4.999981
TAP_TAPCELL_ROW_63_629,VDD,Metal1,85.6800,263.3100,4.999982
TAP_TAPCELL_ROW_63_628,VDD,Metal1,46.4800,263.3100,4.999984
TAP_TAPCELL_ROW_62_627,VDD,Metal1,222.8800,261.9700,4.999981
TAP_TAPCELL_ROW_62_626,VDD,Metal1,183.6800,261.9700,4.999986
TAP_TAPCELL_ROW_62_625,VDD,Metal1,144.4800,261.9700,4.999982
TAP_TAPCELL_ROW_62_624,VDD,Metal1,105.2800,261.9700,4.999981
TAP_TAPCELL_ROW_62_623,VDD,Metal1,66.0800,261.9700,4.999983
TAP_TAPCELL_ROW_62_622,VDD,Metal1,26.8800,261.9700,4.999984
TAP_TAPCELL_ROW_61_621,VDD,Metal1,242.4800,255.4700,4.999915
TAP_TAPCELL_ROW_61_620,VDD,Metal1,203.2800,255.4700,4.999915
TAP_TAPCELL_ROW_61_619,VDD,Metal1,164.0800,255.4700,4.999929
TAP_TAPCELL_ROW_61_618,VDD,Metal1,124.8800,255.4700,4.999920
TAP_TAPCELL_ROW_61_617,VDD,Metal1,85.6800,255.4700,4.999924
TAP_TAPCELL_ROW_61_616,VDD,Metal1,46.4800,255.4700,4.999947
TAP_TAPCELL_ROW_60_615,VDD,Metal1,222.8800,254.1300,4.999915
TAP_TAPCELL_ROW_60_614,VDD,Metal1,183.6800,254.1300,4.999922
TAP_TAPCELL_ROW_60_613,VDD,Metal1,144.4800,254.1300,4.999920
TAP_TAPCELL_ROW_60_612,VDD,Metal1,105.2800,254.1300,4.999920
TAP_TAPCELL_ROW_60_611,VDD,Metal1,66.0800,254.1300,4.999944
TAP_TAPCELL_ROW_60_610,VDD,Metal1,26.8800,254.1300,4.999954
TAP_TAPCELL_ROW_59_609,VDD,Metal1,242.4800,247.6300,4.999966
TAP_TAPCELL_ROW_59_608,VDD,Metal1,203.2800,247.6300,4.999967
TAP_TAPCELL_ROW_59_607,VDD,Metal1,164.0800,247.6300,4.999970
TAP_TAPCELL_ROW_59_606,VDD,Metal1,124.8800,247.6300,4.999969
TAP_TAPCELL_ROW_59_605,VDD,Metal1,85.6800,247.6300,4.999971
TAP_TAPCELL_ROW_59_604,VDD,Metal1,46.4800,247.6300,4.999974
TAP_TAPCELL_ROW_58_603,VDD,Metal1,222.8800,246.2900,4.999967
TAP_TAPCELL_ROW_58_602,VDD,Metal1,183.6800,246.2900,4.999968
TAP_TAPCELL_ROW_58_601,VDD,Metal1,144.4800,246.2900,4.999969
TAP_TAPCELL_ROW_58_600,VDD,Metal1,105.2800,246.2900,4.999969
TAP_TAPCELL_ROW_58_599,VDD,Metal1,66.0800,246.2900,4.999972
TAP_TAPCELL_ROW_58_598,VDD,Metal1,26.8800,246.2900,4.999975
TAP_TAPCELL_ROW_57_597,VDD,Metal1,242.4800,239.7900,4.999963
TAP_TAPCELL_ROW_57_596,VDD,Metal1,203.2800,239.7900,4.999963
TAP_TAPCELL_ROW_57_595,VDD,Metal1,164.0800,239.7900,4.999962
TAP_TAPCELL_ROW_57_594,VDD,Metal1,124.8800,239.7900,4.999951
TAP_TAPCELL_ROW_57_593,VDD,Metal1,85.6800,239.7900,4.999952
TAP_TAPCELL_ROW_57_592,VDD,Metal1,46.4800,239.7900,4.999957
TAP_TAPCELL_ROW_56_591,VDD,Metal1,222.8800,238.4500,4.999963
TAP_TAPCELL_ROW_56_590,VDD,Metal1,183.6800,238.4500,4.999963
TAP_TAPCELL_ROW_56_589,VDD,Metal1,144.4800,238.4500,4.999952
TAP_TAPCELL_ROW_56_588,VDD,Metal1,105.2800,238.4500,4.999949
TAP_TAPCELL_ROW_56_587,VDD,Metal1,66.0800,238.4500,4.999954
TAP_TAPCELL_ROW_56_586,VDD,Metal1,26.8800,238.4500,4.999962
TAP_TAPCELL_ROW_55_585,VDD,Metal1,242.4800,231.9500,4.999977
TAP_TAPCELL_ROW_55_584,VDD,Metal1,203.2800,231.9500,4.999977
TAP_TAPCELL_ROW_55_583,VDD,Metal1,164.0800,231.9500,4.999977
TAP_TAPCELL_ROW_55_582,VDD,Metal1,124.8800,231.9500,4.999976
TAP_TAPCELL_ROW_55_581,VDD,Metal1,85.6800,231.9500,4.999977
TAP_TAPCELL_ROW_55_580,VDD,Metal1,46.4800,231.9500,4.999980
TAP_TAPCELL_ROW_54_579,VDD,Metal1,222.8800,230.6100,4.999977
TAP_TAPCELL_ROW_54_578,VDD,Metal1,183.6800,230.6100,4.999977
TAP_TAPCELL_ROW_54_577,VDD,Metal1,144.4800,230.6100,4.999976
TAP_TAPCELL_ROW_54_576,VDD,Metal1,105.2800,230.6100,4.999976
TAP_TAPCELL_ROW_54_575,VDD,Metal1,66.0800,230.6100,4.999979
TAP_TAPCELL_ROW_54_574,VDD,Metal1,26.8800,230.6100,4.999980
TAP_TAPCELL_ROW_53_573,VDD,Metal1,242.4800,224.1100,4.999965
TAP_TAPCELL_ROW_53_572,VDD,Metal1,203.2800,224.1100,4.999965
TAP_TAPCELL_ROW_53_571,VDD,Metal1,164.0800,224.1100,4.999965
TAP_TAPCELL_ROW_53_570,VDD,Metal1,124.8800,224.1100,4.999937
TAP_TAPCELL_ROW_53_569,VDD,Metal1,85.6800,224.1100,4.999937
TAP_TAPCELL_ROW_53_568,VDD,Metal1,46.4800,224.1100,4.999937
TAP_TAPCELL_ROW_52_567,VDD,Metal1,222.8800,222.7700,4.999965
TAP_TAPCELL_ROW_52_566,VDD,Metal1,183.6800,222.7700,4.999966
TAP_TAPCELL_ROW_52_565,VDD,Metal1,144.4800,222.7700,4.999964
TAP_TAPCELL_ROW_52_564,VDD,Metal1,105.2800,222.7700,4.999937
TAP_TAPCELL_ROW_52_563,VDD,Metal1,66.0800,222.7700,4.999937
TAP_TAPCELL_ROW_52_562,VDD,Metal1,26.8800,222.7700,4.999938
TAP_TAPCELL_ROW_51_561,VDD,Metal1,242.4800,216.2700,4.999979
TAP_TAPCELL_ROW_51_560,VDD,Metal1,203.2800,216.2700,4.999979
TAP_TAPCELL_ROW_51_559,VDD,Metal1,164.0800,216.2700,4.999980
TAP_TAPCELL_ROW_51_558,VDD,Metal1,124.8800,216.2700,4.999981
TAP_TAPCELL_ROW_51_557,VDD,Metal1,85.6800,216.2700,4.999982
TAP_TAPCELL_ROW_51_556,VDD,Metal1,46.4800,216.2700,4.999983
TAP_TAPCELL_ROW_50_555,VDD,Metal1,222.8800,214.9300,4.999979
TAP_TAPCELL_ROW_50_554,VDD,Metal1,183.6800,214.9300,4.999979
TAP_TAPCELL_ROW_50_553,VDD,Metal1,144.4800,214.9300,4.999980
TAP_TAPCELL_ROW_50_552,VDD,Metal1,105.2800,214.9300,4.999982
TAP_TAPCELL_ROW_50_551,VDD,Metal1,66.0800,214.9300,4.999983
TAP_TAPCELL_ROW_50_550,VDD,Metal1,26.8800,214.9300,4.999985
TAP_TAPCELL_ROW_49_549,VDD,Metal1,242.4800,208.4300,4.999974
TAP_TAPCELL_ROW_49_548,VDD,Metal1,203.2800,208.4300,4.999974
TAP_TAPCELL_ROW_49_547,VDD,Metal1,164.0800,208.4300,4.999975
TAP_TAPCELL_ROW_49_546,VDD,Metal1,124.8800,208.4300,4.999969
TAP_TAPCELL_ROW_49_545,VDD,Metal1,85.6800,208.4300,4.999968
TAP_TAPCELL_ROW_49_544,VDD,Metal1,46.4800,208.4300,4.999970
TAP_TAPCELL_ROW_48_543,VDD,Metal1,222.8800,207.0900,4.999974
TAP_TAPCELL_ROW_48_542,VDD,Metal1,183.6800,207.0900,4.999975
TAP_TAPCELL_ROW_48_541,VDD,Metal1,144.4800,207.0900,4.999971
TAP_TAPCELL_ROW_48_540,VDD,Metal1,105.2800,207.0900,4.999968
TAP_TAPCELL_ROW_48_539,VDD,Metal1,66.0800,207.0900,4.999970
TAP_TAPCELL_ROW_48_538,VDD,Metal1,26.8800,207.0900,4.999971
TAP_TAPCELL_ROW_47_537,VDD,Metal1,242.4800,200.5900,4.999937
TAP_TAPCELL_ROW_47_536,VDD,Metal1,203.2800,200.5900,4.999938
TAP_TAPCELL_ROW_47_535,VDD,Metal1,164.0800,200.5900,4.999937
TAP_TAPCELL_ROW_47_534,VDD,Metal1,124.8800,200.5900,4.999936
TAP_TAPCELL_ROW_47_533,VDD,Metal1,85.6800,200.5900,4.999938
TAP_TAPCELL_ROW_47_532,VDD,Metal1,46.4800,200.5900,4.999942
TAP_TAPCELL_ROW_46_531,VDD,Metal1,222.8800,199.2500,4.999938
TAP_TAPCELL_ROW_46_530,VDD,Metal1,183.6800,199.2500,4.999938
TAP_TAPCELL_ROW_46_529,VDD,Metal1,144.4800,199.2500,4.999937
TAP_TAPCELL_ROW_46_528,VDD,Metal1,105.2800,199.2500,4.999937
TAP_TAPCELL_ROW_46_527,VDD,Metal1,66.0800,199.2500,4.999941
TAP_TAPCELL_ROW_46_526,VDD,Metal1,26.8800,199.2500,4.999972
TAP_TAPCELL_ROW_45_525,VDD,Metal1,242.4800,192.7500,4.999963
TAP_TAPCELL_ROW_45_524,VDD,Metal1,203.2800,192.7500,4.999963
TAP_TAPCELL_ROW_45_523,VDD,Metal1,164.0800,192.7500,4.999962
TAP_TAPCELL_ROW_45_522,VDD,Metal1,124.8800,192.7500,4.999963
TAP_TAPCELL_ROW_45_521,VDD,Metal1,85.6800,192.7500,4.999965
TAP_TAPCELL_ROW_45_520,VDD,Metal1,46.4800,192.7500,4.999975
TAP_TAPCELL_ROW_44_519,VDD,Metal1,222.8800,191.4100,4.999963
TAP_TAPCELL_ROW_44_518,VDD,Metal1,183.6800,191.4100,4.999963
TAP_TAPCELL_ROW_44_517,VDD,Metal1,144.4800,191.4100,4.999961
TAP_TAPCELL_ROW_44_516,VDD,Metal1,105.2800,191.4100,4.999965
TAP_TAPCELL_ROW_44_515,VDD,Metal1,66.0800,191.4100,4.999965
TAP_TAPCELL_ROW_44_514,VDD,Metal1,26.8800,191.4100,4.999976
TAP_TAPCELL_ROW_43_513,VDD,Metal1,242.4800,184.9100,4.999938
TAP_TAPCELL_ROW_43_512,VDD,Metal1,203.2800,184.9100,4.999938
TAP_TAPCELL_ROW_43_511,VDD,Metal1,164.0800,184.9100,4.999946
TAP_TAPCELL_ROW_43_510,VDD,Metal1,124.8800,184.9100,4.999947
TAP_TAPCELL_ROW_43_509,VDD,Metal1,85.6800,184.9100,4.999965
TAP_TAPCELL_ROW_43_508,VDD,Metal1,46.4800,184.9100,4.999969
TAP_TAPCELL_ROW_42_507,VDD,Metal1,222.8800,183.5700,4.999938
TAP_TAPCELL_ROW_42_506,VDD,Metal1,183.6800,183.5700,4.999939
TAP_TAPCELL_ROW_42_505,VDD,Metal1,144.4800,183.5700,4.999946
TAP_TAPCELL_ROW_42_504,VDD,Metal1,105.2800,183.5700,4.999949
TAP_TAPCELL_ROW_42_503,VDD,Metal1,66.0800,183.5700,4.999966
TAP_TAPCELL_ROW_42_502,VDD,Metal1,26.8800,183.5700,4.999971
TAP_TAPCELL_ROW_41_501,VDD,Metal1,242.4800,177.0700,4.999977
TAP_TAPCELL_ROW_41_500,VDD,Metal1,203.2800,177.0700,4.999977
TAP_TAPCELL_ROW_41_499,VDD,Metal1,164.0800,177.0700,4.999977
TAP_TAPCELL_ROW_41_498,VDD,Metal1,124.8800,177.0700,4.999976
TAP_TAPCELL_ROW_41_497,VDD,Metal1,85.6800,177.0700,4.999976
TAP_TAPCELL_ROW_41_496,VDD,Metal1,46.4800,177.0700,4.999978
TAP_TAPCELL_ROW_40_495,VDD,Metal1,222.8800,175.7300,4.999977
TAP_TAPCELL_ROW_40_494,VDD,Metal1,183.6800,175.7300,4.999978
TAP_TAPCELL_ROW_40_493,VDD,Metal1,144.4800,175.7300,4.999977
TAP_TAPCELL_ROW_40_492,VDD,Metal1,105.2800,175.7300,4.999976
TAP_TAPCELL_ROW_40_491,VDD,Metal1,66.0800,175.7300,4.999977
TAP_TAPCELL_ROW_40_490,VDD,Metal1,26.8800,175.7300,4.999979
TAP_TAPCELL_ROW_39_489,VDD,Metal1,242.4800,169.2300,4.999966
TAP_TAPCELL_ROW_39_488,VDD,Metal1,203.2800,169.2300,4.999966
TAP_TAPCELL_ROW_39_487,VDD,Metal1,164.0800,169.2300,4.999967
TAP_TAPCELL_ROW_39_486,VDD,Metal1,124.8800,169.2300,4.999967
TAP_TAPCELL_ROW_39_485,VDD,Metal1,85.6800,169.2300,4.999974
TAP_TAPCELL_ROW_39_484,VDD,Metal1,46.4800,169.2300,4.999982
TAP_TAPCELL_ROW_38_483,VDD,Metal1,222.8800,167.8900,4.999966
TAP_TAPCELL_ROW_38_482,VDD,Metal1,183.6800,167.8900,4.999967
TAP_TAPCELL_ROW_38_481,VDD,Metal1,144.4800,167.8900,4.999966
TAP_TAPCELL_ROW_38_480,VDD,Metal1,105.2800,167.8900,4.999968
TAP_TAPCELL_ROW_38_479,VDD,Metal1,66.0800,167.8900,4.999978
TAP_TAPCELL_ROW_38_478,VDD,Metal1,26.8800,167.8900,4.999984
TAP_TAPCELL_ROW_37_477,VDD,Metal1,242.4800,161.3900,4.999982
TAP_TAPCELL_ROW_37_476,VDD,Metal1,203.2800,161.3900,4.999982
TAP_TAPCELL_ROW_37_475,VDD,Metal1,164.0800,161.3900,4.999982
TAP_TAPCELL_ROW_37_474,VDD,Metal1,124.8800,161.3900,4.999949
TAP_TAPCELL_ROW_37_473,VDD,Metal1,85.6800,161.3900,4.999950
TAP_TAPCELL_ROW_37_472,VDD,Metal1,46.4800,161.3900,4.999951
TAP_TAPCELL_ROW_36_471,VDD,Metal1,222.8800,160.0500,4.999982
TAP_TAPCELL_ROW_36_470,VDD,Metal1,183.6800,160.0500,4.999983
TAP_TAPCELL_ROW_36_469,VDD,Metal1,144.4800,160.0500,4.999949
TAP_TAPCELL_ROW_36_468,VDD,Metal1,105.2800,160.0500,4.999949
TAP_TAPCELL_ROW_36_467,VDD,Metal1,66.0800,160.0500,4.999951
TAP_TAPCELL_ROW_36_466,VDD,Metal1,26.8800,160.0500,4.999951
TAP_TAPCELL_ROW_35_465,VDD,Metal1,242.4800,153.5500,4.999983
TAP_TAPCELL_ROW_35_464,VDD,Metal1,203.2800,153.5500,4.999983
TAP_TAPCELL_ROW_35_463,VDD,Metal1,164.0800,153.5500,4.999981
TAP_TAPCELL_ROW_35_462,VDD,Metal1,124.8800,153.5500,4.999981
TAP_TAPCELL_ROW_35_461,VDD,Metal1,85.6800,153.5500,4.999983
TAP_TAPCELL_ROW_35_460,VDD,Metal1,46.4800,153.5500,4.999984
TAP_TAPCELL_ROW_34_459,VDD,Metal1,222.8800,152.2100,4.999983
TAP_TAPCELL_ROW_34_458,VDD,Metal1,183.6800,152.2100,4.999984
TAP_TAPCELL_ROW_34_457,VDD,Metal1,144.4800,152.2100,4.999981
TAP_TAPCELL_ROW_34_456,VDD,Metal1,105.2800,152.2100,4.999983
TAP_TAPCELL_ROW_34_455,VDD,Metal1,66.0800,152.2100,4.999984
TAP_TAPCELL_ROW_34_454,VDD,Metal1,26.8800,152.2100,4.999984
TAP_TAPCELL_ROW_33_453,VDD,Metal1,242.4800,145.7100,4.999902
TAP_TAPCELL_ROW_33_452,VDD,Metal1,203.2800,145.7100,4.999902
TAP_TAPCELL_ROW_33_451,VDD,Metal1,164.0800,145.7100,4.999875
TAP_TAPCELL_ROW_33_450,VDD,Metal1,124.8800,145.7100,4.999870
TAP_TAPCELL_ROW_33_449,VDD,Metal1,85.6800,145.7100,4.999872
TAP_TAPCELL_ROW_33_448,VDD,Metal1,46.4800,145.7100,4.999893
TAP_TAPCELL_ROW_32_447,VDD,Metal1,222.8800,144.3700,4.999902
TAP_TAPCELL_ROW_32_446,VDD,Metal1,183.6800,144.3700,4.999903
TAP_TAPCELL_ROW_32_445,VDD,Metal1,144.4800,144.3700,4.999875
TAP_TAPCELL_ROW_32_444,VDD,Metal1,105.2800,144.3700,4.999872
TAP_TAPCELL_ROW_32_443,VDD,Metal1,66.0800,144.3700,4.999884
TAP_TAPCELL_ROW_32_442,VDD,Metal1,26.8800,144.3700,4.999909
TAP_TAPCELL_ROW_31_441,VDD,Metal1,242.4800,137.8700,4.999977
TAP_TAPCELL_ROW_31_440,VDD,Metal1,203.2800,137.8700,4.999979
TAP_TAPCELL_ROW_31_439,VDD,Metal1,164.0800,137.8700,4.999979
TAP_TAPCELL_ROW_31_438,VDD,Metal1,124.8800,137.8700,4.999977
TAP_TAPCELL_ROW_31_437,VDD,Metal1,85.6800,137.8700,4.999982
TAP_TAPCELL_ROW_31_436,VDD,Metal1,46.4800,137.8700,4.999983
TAP_TAPCELL_ROW_30_435,VDD,Metal1,222.8800,136.5300,4.999977
TAP_TAPCELL_ROW_30_434,VDD,Metal1,183.6800,136.5300,4.999979
TAP_TAPCELL_ROW_30_433,VDD,Metal1,144.4800,136.5300,4.999978
TAP_TAPCELL_ROW_30_432,VDD,Metal1,105.2800,136.5300,4.999977
TAP_TAPCELL_ROW_30_431,VDD,Metal1,66.0800,136.5300,4.999983
TAP_TAPCELL_ROW_30_430,VDD,Metal1,26.8800,136.5300,4.999985
TAP_TAPCELL_ROW_29_429,VDD,Metal1,242.4800,130.0300,4.999971
TAP_TAPCELL_ROW_29_428,VDD,Metal1,203.2800,130.0300,4.999973
TAP_TAPCELL_ROW_29_427,VDD,Metal1,164.0800,130.0300,4.999975
TAP_TAPCELL_ROW_29_426,VDD,Metal1,124.8800,130.0300,4.999974
TAP_TAPCELL_ROW_29_425,VDD,Metal1,85.6800,130.0300,4.999975
TAP_TAPCELL_ROW_29_424,VDD,Metal1,46.4800,130.0300,4.999977
TAP_TAPCELL_ROW_28_423,VDD,Metal1,222.8800,128.6900,4.999971
TAP_TAPCELL_ROW_28_422,VDD,Metal1,183.6800,128.6900,4.999975
TAP_TAPCELL_ROW_28_421,VDD,Metal1,144.4800,128.6900,4.999974
TAP_TAPCELL_ROW_28_420,VDD,Metal1,105.2800,128.6900,4.999975
TAP_TAPCELL_ROW_28_419,VDD,Metal1,66.0800,128.6900,4.999977
TAP_TAPCELL_ROW_28_418,VDD,Metal1,26.8800,128.6900,4.999978
TAP_TAPCELL_ROW_27_417,VDD,Metal1,242.4800,122.1900,4.999968
TAP_TAPCELL_ROW_27_416,VDD,Metal1,203.2800,122.1900,4.999968
TAP_TAPCELL_ROW_27_415,VDD,Metal1,164.0800,122.1900,4.999967
TAP_TAPCELL_ROW_27_414,VDD,Metal1,124.8800,122.1900,4.999967
TAP_TAPCELL_ROW_27_413,VDD,Metal1,85.6800,122.1900,4.999968
TAP_TAPCELL_ROW_27_412,VDD,Metal1,46.4800,122.1900,4.999970
TAP_TAPCELL_ROW_26_411,VDD,Metal1,222.8800,120.8500,4.999968
TAP_TAPCELL_ROW_26_410,VDD,Metal1,183.6800,120.8500,4.999969
TAP_TAPCELL_ROW_26_409,VDD,Metal1,144.4800,120.8500,4.999966
TAP_TAPCELL_ROW_26_408,VDD,Metal1,105.2800,120.8500,4.999967
TAP_TAPCELL_ROW_26_407,VDD,Metal1,66.0800,120.8500,4.999969
TAP_TAPCELL_ROW_26_406,VDD,Metal1,26.8800,120.8500,4.999971
TAP_TAPCELL_ROW_25_405,VDD,Metal1,242.4800,114.3500,4.999970
TAP_TAPCELL_ROW_25_404,VDD,Metal1,203.2800,114.3500,4.999970
TAP_TAPCELL_ROW_25_403,VDD,Metal1,164.0800,114.3500,4.999970
TAP_TAPCELL_ROW_25_402,VDD,Metal1,124.8800,114.3500,4.999968
TAP_TAPCELL_ROW_25_401,VDD,Metal1,85.6800,114.3500,4.999967
TAP_TAPCELL_ROW_25_400,VDD,Metal1,46.4800,114.3500,4.999981
TAP_TAPCELL_ROW_24_399,VDD,Metal1,222.8800,113.0100,4.999970
TAP_TAPCELL_ROW_24_398,VDD,Metal1,183.6800,113.0100,4.999970
TAP_TAPCELL_ROW_24_397,VDD,Metal1,144.4800,113.0100,4.999969
TAP_TAPCELL_ROW_24_396,VDD,Metal1,105.2800,113.0100,4.999967
TAP_TAPCELL_ROW_24_395,VDD,Metal1,66.0800,113.0100,4.999968
TAP_TAPCELL_ROW_24_394,VDD,Metal1,26.8800,113.0100,4.999982
TAP_TAPCELL_ROW_23_393,VDD,Metal1,242.4800,106.5100,4.999989
TAP_TAPCELL_ROW_23_392,VDD,Metal1,203.2800,106.5100,4.999989
TAP_TAPCELL_ROW_23_391,VDD,Metal1,164.0800,106.5100,4.999989
TAP_TAPCELL_ROW_23_390,VDD,Metal1,124.8800,106.5100,4.999987
TAP_TAPCELL_ROW_23_389,VDD,Metal1,85.6800,106.5100,4.999987
TAP_TAPCELL_ROW_23_388,VDD,Metal1,46.4800,106.5100,4.999991
TAP_TAPCELL_ROW_22_387,VDD,Metal1,222.8800,105.1700,4.999989
TAP_TAPCELL_ROW_22_386,VDD,Metal1,183.6800,105.1700,4.999989
TAP_TAPCELL_ROW_22_385,VDD,Metal1,144.4800,105.1700,4.999987
TAP_TAPCELL_ROW_22_384,VDD,Metal1,105.2800,105.1700,4.999987
TAP_TAPCELL_ROW_22_383,VDD,Metal1,66.0800,105.1700,4.999988
TAP_TAPCELL_ROW_22_382,VDD,Metal1,26.8800,105.1700,4.999992
TAP_TAPCELL_ROW_21_381,VDD,Metal1,242.4800,98.6700,4.999970
TAP_TAPCELL_ROW_21_380,VDD,Metal1,203.2800,98.6700,4.999970
TAP_TAPCELL_ROW_21_379,VDD,Metal1,164.0800,98.6700,4.999982
TAP_TAPCELL_ROW_21_378,VDD,Metal1,124.8800,98.6700,4.999982
TAP_TAPCELL_ROW_21_377,VDD,Metal1,85.6800,98.6700,4.999983
TAP_TAPCELL_ROW_21_376,VDD,Metal1,46.4800,98.6700,4.999984
TAP_TAPCELL_ROW_20_375,VDD,Metal1,222.8800,97.3300,4.999970
TAP_TAPCELL_ROW_20_374,VDD,Metal1,183.6800,97.3300,4.999970
TAP_TAPCELL_ROW_20_373,VDD,Metal1,144.4800,97.3300,4.999982
TAP_TAPCELL_ROW_20_372,VDD,Metal1,105.2800,97.3300,4.999982
TAP_TAPCELL_ROW_20_371,VDD,Metal1,66.0800,97.3300,4.999984
TAP_TAPCELL_ROW_20_370,VDD,Metal1,26.8800,97.3300,4.999986
TAP_TAPCELL_ROW_19_369,VDD,Metal1,242.4800,90.8300,4.999888
TAP_TAPCELL_ROW_19_368,VDD,Metal1,203.2800,90.8300,4.999888
TAP_TAPCELL_ROW_19_367,VDD,Metal1,164.0800,90.8300,4.999961
TAP_TAPCELL_ROW_19_366,VDD,Metal1,124.8800,90.8300,4.999975
TAP_TAPCELL_ROW_19_365,VDD,Metal1,85.6800,90.8300,4.999976
TAP_TAPCELL_ROW_19_364,VDD,Metal1,46.4800,90.8300,4.999982
TAP_TAPCELL_ROW_18_363,VDD,Metal1,222.8800,89.4900,4.999888
TAP_TAPCELL_ROW_18_362,VDD,Metal1,183.6800,89.4900,4.999889
TAP_TAPCELL_ROW_18_361,VDD,Metal1,144.4800,89.4900,4.999966
TAP_TAPCELL_ROW_18_360,VDD,Metal1,105.2800,89.4900,4.999976
TAP_TAPCELL_ROW_18_359,VDD,Metal1,66.0800,89.4900,4.999979
TAP_TAPCELL_ROW_18_358,VDD,Metal1,26.8800,89.4900,4.999984
TAP_TAPCELL_ROW_17_357,VDD,Metal1,242.4800,82.9900,4.999988
TAP_TAPCELL_ROW_17_356,VDD,Metal1,203.2800,82.9900,4.999988
TAP_TAPCELL_ROW_17_355,VDD,Metal1,164.0800,82.9900,4.999988
TAP_TAPCELL_ROW_17_354,VDD,Metal1,124.8800,82.9900,4.999985
TAP_TAPCELL_ROW_17_353,VDD,Metal1,85.6800,82.9900,4.999982
TAP_TAPCELL_ROW_17_352,VDD,Metal1,46.4800,82.9900,4.999983
TAP_TAPCELL_ROW_16_351,VDD,Metal1,222.8800,81.6500,4.999988
TAP_TAPCELL_ROW_16_350,VDD,Metal1,183.6800,81.6500,4.999988
TAP_TAPCELL_ROW_16_349,VDD,Metal1,144.4800,81.6500,4.999987
TAP_TAPCELL_ROW_16_348,VDD,Metal1,105.2800,81.6500,4.999984
TAP_TAPCELL_ROW_16_347,VDD,Metal1,66.0800,81.6500,4.999983
TAP_TAPCELL_ROW_16_346,VDD,Metal1,26.8800,81.6500,4.999983
TAP_TAPCELL_ROW_15_345,VDD,Metal1,242.4800,75.1500,4.999969
TAP_TAPCELL_ROW_15_344,VDD,Metal1,203.2800,75.1500,4.999969
TAP_TAPCELL_ROW_15_343,VDD,Metal1,164.0800,75.1500,4.999968
TAP_TAPCELL_ROW_15_342,VDD,Metal1,124.8800,75.1500,4.999913
TAP_TAPCELL_ROW_15_341,VDD,Metal1,85.6800,75.1500,4.999941
TAP_TAPCELL_ROW_15_340,VDD,Metal1,46.4800,75.1500,4.999946
TAP_TAPCELL_ROW_14_339,VDD,Metal1,222.8800,73.8100,4.999969
TAP_TAPCELL_ROW_14_338,VDD,Metal1,183.6800,73.8100,4.999969
TAP_TAPCELL_ROW_14_337,VDD,Metal1,144.4800,73.8100,4.999911
TAP_TAPCELL_ROW_14_336,VDD,Metal1,105.2800,73.8100,4.999931
TAP_TAPCELL_ROW_14_335,VDD,Metal1,66.0800,73.8100,4.999942
TAP_TAPCELL_ROW_14_334,VDD,Metal1,26.8800,73.8100,4.999948
TAP_TAPCELL_ROW_13_333,VDD,Metal1,242.4800,67.3100,4.999971
TAP_TAPCELL_ROW_13_332,VDD,Metal1,203.2800,67.3100,4.999971
TAP_TAPCELL_ROW_13_331,VDD,Metal1,164.0800,67.3100,4.999968
TAP_TAPCELL_ROW_13_330,VDD,Metal1,124.8800,67.3100,4.999962
TAP_TAPCELL_ROW_13_329,VDD,Metal1,85.6800,67.3100,4.999967
TAP_TAPCELL_ROW_13_328,VDD,Metal1,46.4800,67.3100,4.999967
TAP_TAPCELL_ROW_12_327,VDD,Metal1,222.8800,65.9700,4.999971
TAP_TAPCELL_ROW_12_326,VDD,Metal1,183.6800,65.9700,4.999971
TAP_TAPCELL_ROW_12_325,VDD,Metal1,144.4800,65.9700,4.999962
TAP_TAPCELL_ROW_12_324,VDD,Metal1,105.2800,65.9700,4.999962
TAP_TAPCELL_ROW_12_323,VDD,Metal1,66.0800,65.9700,4.999967
TAP_TAPCELL_ROW_12_322,VDD,Metal1,26.8800,65.9700,4.999973
TAP_TAPCELL_ROW_11_321,VDD,Metal1,242.4800,59.4700,4.999962
TAP_TAPCELL_ROW_11_320,VDD,Metal1,203.2800,59.4700,4.999962
TAP_TAPCELL_ROW_11_319,VDD,Metal1,164.0800,59.4700,4.999963
TAP_TAPCELL_ROW_11_318,VDD,Metal1,124.8800,59.4700,4.999961
TAP_TAPCELL_ROW_11_317,VDD,Metal1,85.6800,59.4700,4.999961
TAP_TAPCELL_ROW_11_316,VDD,Metal1,46.4800,59.4700,4.999963
TAP_TAPCELL_ROW_10_315,VDD,Metal1,222.8800,58.1300,4.999962
TAP_TAPCELL_ROW_10_314,VDD,Metal1,183.6800,58.1300,4.999962
TAP_TAPCELL_ROW_10_313,VDD,Metal1,144.4800,58.1300,4.999961
TAP_TAPCELL_ROW_10_312,VDD,Metal1,105.2800,58.1300,4.999961
TAP_TAPCELL_ROW_10_311,VDD,Metal1,66.0800,58.1300,4.999961
TAP_TAPCELL_ROW_10_310,VDD,Metal1,26.8800,58.1300,4.999965
TAP_TAPCELL_ROW_9_309,VDD,Metal1,242.4800,51.6300,4.999937
TAP_TAPCELL_ROW_9_308,VDD,Metal1,203.2800,51.6300,4.999937
TAP_TAPCELL_ROW_9_307,VDD,Metal1,164.0800,51.6300,4.999937
TAP_TAPCELL_ROW_9_306,VDD,Metal1,124.8800,51.6300,4.999934
TAP_TAPCELL_ROW_9_305,VDD,Metal1,85.6800,51.6300,4.999922
TAP_TAPCELL_ROW_9_304,VDD,Metal1,46.4800,51.6300,4.999922
TAP_TAPCELL_ROW_8_303,VDD,Metal1,222.8800,50.2900,4.999937
TAP_TAPCELL_ROW_8_302,VDD,Metal1,183.6800,50.2900,4.999937
TAP_TAPCELL_ROW_8_301,VDD,Metal1,144.4800,50.2900,4.999936
TAP_TAPCELL_ROW_8_300,VDD,Metal1,105.2800,50.2900,4.999922
TAP_TAPCELL_ROW_8_299,VDD,Metal1,66.0800,50.2900,4.999922
TAP_TAPCELL_ROW_8_298,VDD,Metal1,26.8800,50.2900,4.999945
TAP_TAPCELL_ROW_7_297,VDD,Metal1,242.4800,43.7900,4.999986
TAP_TAPCELL_ROW_7_296,VDD,Metal1,203.2800,43.7900,4.999986
TAP_TAPCELL_ROW_7_295,VDD,Metal1,164.0800,43.7900,4.999986
TAP_TAPCELL_ROW_7_294,VDD,Metal1,124.8800,43.7900,4.999983
TAP_TAPCELL_ROW_7_293,VDD,Metal1,85.6800,43.7900,4.999983
TAP_TAPCELL_ROW_7_292,VDD,Metal1,46.4800,43.7900,4.999984
TAP_TAPCELL_ROW_6_291,VDD,Metal1,222.8800,42.4500,4.999986
TAP_TAPCELL_ROW_6_290,VDD,Metal1,183.6800,42.4500,4.999986
TAP_TAPCELL_ROW_6_289,VDD,Metal1,144.4800,42.4500,4.999985
TAP_TAPCELL_ROW_6_288,VDD,Metal1,105.2800,42.4500,4.999983
TAP_TAPCELL_ROW_6_287,VDD,Metal1,66.0800,42.4500,4.999984
TAP_TAPCELL_ROW_6_286,VDD,Metal1,26.8800,42.4500,4.999985
TAP_TAPCELL_ROW_5_285,VDD,Metal1,242.4800,35.9500,4.999979
TAP_TAPCELL_ROW_5_284,VDD,Metal1,203.2800,35.9500,4.999979
TAP_TAPCELL_ROW_5_283,VDD,Metal1,164.0800,35.9500,4.999979
TAP_TAPCELL_ROW_5_282,VDD,Metal1,124.8800,35.9500,4.999977
TAP_TAPCELL_ROW_5_281,VDD,Metal1,85.6800,35.9500,4.999970
TAP_TAPCELL_ROW_5_280,VDD,Metal1,46.4800,35.9500,4.999970
TAP_TAPCELL_ROW_4_279,VDD,Metal1,222.8800,34.6100,4.999979
TAP_TAPCELL_ROW_4_278,VDD,Metal1,183.6800,34.6100,4.999979
TAP_TAPCELL_ROW_4_277,VDD,Metal1,144.4800,34.6100,4.999978
TAP_TAPCELL_ROW_4_276,VDD,Metal1,105.2800,34.6100,4.999970
TAP_TAPCELL_ROW_4_275,VDD,Metal1,66.0800,34.6100,4.999970
TAP_TAPCELL_ROW_4_274,VDD,Metal1,26.8800,34.6100,4.999971
TAP_TAPCELL_ROW_3_273,VDD,Metal1,242.4800,28.1100,4.999960
TAP_TAPCELL_ROW_3_272,VDD,Metal1,203.2800,28.1100,4.999960
TAP_TAPCELL_ROW_3_271,VDD,Metal1,164.0800,28.1100,4.999959
TAP_TAPCELL_ROW_3_270,VDD,Metal1,124.8800,28.1100,4.999957
TAP_TAPCELL_ROW_3_269,VDD,Metal1,85.6800,28.1100,4.999955
TAP_TAPCELL_ROW_3_268,VDD,Metal1,46.4800,28.1100,4.999957
TAP_TAPCELL_ROW_2_267,VDD,Metal1,222.8800,26.7700,4.999960
TAP_TAPCELL_ROW_2_266,VDD,Metal1,183.6800,26.7700,4.999960
TAP_TAPCELL_ROW_2_265,VDD,Metal1,144.4800,26.7700,4.999958
TAP_TAPCELL_ROW_2_264,VDD,Metal1,105.2800,26.7700,4.999955
TAP_TAPCELL_ROW_2_263,VDD,Metal1,66.0800,26.7700,4.999956
TAP_TAPCELL_ROW_2_262,VDD,Metal1,26.8800,26.7700,4.999958
TAP_TAPCELL_ROW_1_261,VDD,Metal1,242.4800,20.2700,4.999988
TAP_TAPCELL_ROW_1_260,VDD,Metal1,203.2800,20.2700,4.999988
TAP_TAPCELL_ROW_1_259,VDD,Metal1,164.0800,20.2700,4.999988
TAP_TAPCELL_ROW_1_258,VDD,Metal1,124.8800,20.2700,4.999987
TAP_TAPCELL_ROW_1_257,VDD,Metal1,85.6800,20.2700,4.999987
TAP_TAPCELL_ROW_1_256,VDD,Metal1,46.4800,20.2700,4.999988
TAP_TAPCELL_ROW_0_255,VDD,Metal1,235.7600,18.9300,4.999988
TAP_TAPCELL_ROW_0_254,VDD,Metal1,216.7200,18.9300,4.999988
TAP_TAPCELL_ROW_0_253,VDD,Metal1,197.6800,18.9300,4.999988
TAP_TAPCELL_ROW_0_252,VDD,Metal1,178.6400,18.9300,4.999988
TAP_TAPCELL_ROW_0_251,VDD,Metal1,159.6000,18.9300,4.999988
TAP_TAPCELL_ROW_0_250,VDD,Metal1,140.5600,18.9300,4.999987
TAP_TAPCELL_ROW_0_249,VDD,Metal1,121.5200,18.9300,4.999987
TAP_TAPCELL_ROW_0_248,VDD,Metal1,102.4800,18.9300,4.999987
TAP_TAPCELL_ROW_0_247,VDD,Metal1,83.4400,18.9300,4.999988
TAP_TAPCELL_ROW_0_246,VDD,Metal1,64.4000,18.9300,4.999988
TAP_TAPCELL_ROW_0_245,VDD,Metal1,45.3600,18.9300,4.999988
TAP_TAPCELL_ROW_0_244,VDD,Metal1,26.3200,18.9300,4.999988
PHY_EDGE_ROW_121_Left_243,VDD,Metal1,7.2730,490.6715,4.999998
PHY_EDGE_ROW_120_Left_242,VDD,Metal1,7.2730,489.3280,4.999998
PHY_EDGE_ROW_119_Left_241,VDD,Metal1,7.2730,482.8315,4.999986
PHY_EDGE_ROW_118_Left_240,VDD,Metal1,7.2730,481.4880,4.999986
PHY_EDGE_ROW_117_Left_239,VDD,Metal1,7.2730,474.9915,4.999984
PHY_EDGE_ROW_116_Left_238,VDD,Metal1,7.2730,473.6480,4.999984
PHY_EDGE_ROW_115_Left_237,VDD,Metal1,7.2730,467.1515,4.999988
PHY_EDGE_ROW_114_Left_236,VDD,Metal1,7.2730,465.8080,4.999988
PHY_EDGE_ROW_113_Left_235,VDD,Metal1,7.2730,459.3115,4.999976
PHY_EDGE_ROW_112_Left_234,VDD,Metal1,7.2730,457.9680,4.999976
PHY_EDGE_ROW_111_Left_233,VDD,Metal1,7.2730,451.4715,4.999963
PHY_EDGE_ROW_110_Left_232,VDD,Metal1,7.2730,450.1280,4.999963
PHY_EDGE_ROW_109_Left_231,VDD,Metal1,7.2730,443.6315,4.999980
PHY_EDGE_ROW_108_Left_230,VDD,Metal1,7.2730,442.2880,4.999980
PHY_EDGE_ROW_107_Left_229,VDD,Metal1,7.2730,435.7915,4.999986
PHY_EDGE_ROW_106_Left_228,VDD,Metal1,7.2730,434.4480,4.999986
PHY_EDGE_ROW_105_Left_227,VDD,Metal1,7.2730,427.9515,4.999984
PHY_EDGE_ROW_104_Left_226,VDD,Metal1,7.2730,426.6080,4.999984
PHY_EDGE_ROW_103_Left_225,VDD,Metal1,7.2730,420.1115,4.999955
PHY_EDGE_ROW_102_Left_224,VDD,Metal1,7.2730,418.7680,4.999955
PHY_EDGE_ROW_101_Left_223,VDD,Metal1,7.2730,412.2715,4.999975
PHY_EDGE_ROW_100_Left_222,VDD,Metal1,7.2730,410.9280,4.999975
PHY_EDGE_ROW_99_Left_221,VDD,Metal1,7.2730,404.4315,4.999979
PHY_EDGE_ROW_98_Left_220,VDD,Metal1,7.2730,403.0880,4.999979
PHY_EDGE_ROW_97_Left_219,VDD,Metal1,7.2730,396.5915,4.999979
PHY_EDGE_ROW_96_Left_218,VDD,Metal1,7.2730,395.2480,4.999979
PHY_EDGE_ROW_95_Left_217,VDD,Metal1,7.2730,388.7515,4.999967
PHY_EDGE_ROW_94_Left_216,VDD,Metal1,7.2730,387.4080,4.999967
PHY_EDGE_ROW_93_Left_215,VDD,Metal1,7.2730,380.9115,4.999974
PHY_EDGE_ROW_92_Left_214,VDD,Metal1,7.2730,379.5680,4.999974
PHY_EDGE_ROW_91_Left_213,VDD,Metal1,7.2730,373.0715,4.999980
PHY_EDGE_ROW_90_Left_212,VDD,Metal1,7.2730,371.7280,4.999980
PHY_EDGE_ROW_89_Left_211,VDD,Metal1,7.2730,365.2315,4.999973
PHY_EDGE_ROW_88_Left_210,VDD,Metal1,7.2730,363.8880,4.999973
PHY_EDGE_ROW_87_Left_209,VDD,Metal1,7.2730,357.3915,4.999982
PHY_EDGE_ROW_86_Left_208,VDD,Metal1,7.2730,356.0480,4.999982
PHY_EDGE_ROW_85_Left_207,VDD,Metal1,7.2730,349.5515,4.999980
PHY_EDGE_ROW_84_Left_206,VDD,Metal1,7.2730,348.2080,4.999980
PHY_EDGE_ROW_83_Left_205,VDD,Metal1,7.2730,341.7115,4.999990
PHY_EDGE_ROW_82_Left_204,VDD,Metal1,7.2730,340.3680,4.999990
PHY_EDGE_ROW_81_Left_203,VDD,Metal1,7.2730,333.8715,4.999985
PHY_EDGE_ROW_80_Left_202,VDD,Metal1,7.2730,332.5280,4.999985
PHY_EDGE_ROW_79_Left_201,VDD,Metal1,7.2730,326.0315,4.999962
PHY_EDGE_ROW_78_Left_200,VDD,Metal1,7.2730,324.6880,4.999962
PHY_EDGE_ROW_77_Left_199,VDD,Metal1,7.2730,318.1915,4.999966
PHY_EDGE_ROW_76_Left_198,VDD,Metal1,7.2730,316.8480,4.999966
PHY_EDGE_ROW_75_Left_197,VDD,Metal1,7.2730,310.3515,4.999971
PHY_EDGE_ROW_74_Left_196,VDD,Metal1,7.2730,309.0080,4.999971
PHY_EDGE_ROW_73_Left_195,VDD,Metal1,7.2730,302.5115,4.999976
PHY_EDGE_ROW_72_Left_194,VDD,Metal1,7.2730,301.1680,4.999976
PHY_EDGE_ROW_71_Left_193,VDD,Metal1,7.2730,294.6715,4.999950
PHY_EDGE_ROW_70_Left_192,VDD,Metal1,7.2730,293.3280,4.999950
PHY_EDGE_ROW_69_Left_191,VDD,Metal1,7.2730,286.8315,4.999968
PHY_EDGE_ROW_68_Left_190,VDD,Metal1,7.2730,285.4880,4.999968
PHY_EDGE_ROW_67_Left_189,VDD,Metal1,7.2730,278.9915,4.999967
PHY_EDGE_ROW_66_Left_188,VDD,Metal1,7.2730,277.6480,4.999967
PHY_EDGE_ROW_65_Left_187,VDD,Metal1,7.2730,271.1515,4.999962
PHY_EDGE_ROW_64_Left_186,VDD,Metal1,7.2730,269.8080,4.999962
PHY_EDGE_ROW_63_Left_185,VDD,Metal1,7.2730,263.3115,4.999984
PHY_EDGE_ROW_62_Left_184,VDD,Metal1,7.2730,261.9680,4.999984
PHY_EDGE_ROW_61_Left_183,VDD,Metal1,7.2730,255.4715,4.999959
PHY_EDGE_ROW_60_Left_182,VDD,Metal1,7.2730,254.1280,4.999959
PHY_EDGE_ROW_59_Left_181,VDD,Metal1,7.2730,247.6315,4.999982
PHY_EDGE_ROW_58_Left_180,VDD,Metal1,7.2730,246.2880,4.999982
PHY_EDGE_ROW_57_Left_179,VDD,Metal1,7.2730,239.7915,4.999963
PHY_EDGE_ROW_56_Left_178,VDD,Metal1,7.2730,238.4480,4.999963
PHY_EDGE_ROW_55_Left_177,VDD,Metal1,7.2730,231.9515,4.999981
PHY_EDGE_ROW_54_Left_176,VDD,Metal1,7.2730,230.6080,4.999981
PHY_EDGE_ROW_53_Left_175,VDD,Metal1,7.2730,224.1115,4.999939
PHY_EDGE_ROW_52_Left_174,VDD,Metal1,7.2730,222.7680,4.999939
PHY_EDGE_ROW_51_Left_173,VDD,Metal1,7.2730,216.2715,4.999985
PHY_EDGE_ROW_50_Left_172,VDD,Metal1,7.2730,214.9280,4.999985
PHY_EDGE_ROW_49_Left_171,VDD,Metal1,7.2730,208.4315,4.999971
PHY_EDGE_ROW_48_Left_170,VDD,Metal1,7.2730,207.0880,4.999971
PHY_EDGE_ROW_47_Left_169,VDD,Metal1,7.2730,200.5915,4.999973
PHY_EDGE_ROW_46_Left_168,VDD,Metal1,7.2730,199.2480,4.999973
PHY_EDGE_ROW_45_Left_167,VDD,Metal1,7.2730,192.7515,4.999976
PHY_EDGE_ROW_44_Left_166,VDD,Metal1,7.2730,191.4080,4.999976
PHY_EDGE_ROW_43_Left_165,VDD,Metal1,7.2730,184.9115,4.999971
PHY_EDGE_ROW_42_Left_164,VDD,Metal1,7.2730,183.5680,4.999971
PHY_EDGE_ROW_41_Left_163,VDD,Metal1,7.2730,177.0715,4.999979
PHY_EDGE_ROW_40_Left_162,VDD,Metal1,7.2730,175.7280,4.999979
PHY_EDGE_ROW_39_Left_161,VDD,Metal1,7.2730,169.2315,4.999984
PHY_EDGE_ROW_38_Left_160,VDD,Metal1,7.2730,167.8880,4.999984
PHY_EDGE_ROW_37_Left_159,VDD,Metal1,7.2730,161.3915,4.999951
PHY_EDGE_ROW_36_Left_158,VDD,Metal1,7.2730,160.0480,4.999951
PHY_EDGE_ROW_35_Left_157,VDD,Metal1,7.2730,153.5515,4.999985
PHY_EDGE_ROW_34_Left_156,VDD,Metal1,7.2730,152.2080,4.999985
PHY_EDGE_ROW_33_Left_155,VDD,Metal1,7.2730,145.7115,4.999916
PHY_EDGE_ROW_32_Left_154,VDD,Metal1,7.2730,144.3680,4.999916
PHY_EDGE_ROW_31_Left_153,VDD,Metal1,7.2730,137.8715,4.999985
PHY_EDGE_ROW_30_Left_152,VDD,Metal1,7.2730,136.5280,4.999985
PHY_EDGE_ROW_29_Left_151,VDD,Metal1,7.2730,130.0315,4.999985
PHY_EDGE_ROW_28_Left_150,VDD,Metal1,7.2730,128.6880,4.999985
PHY_EDGE_ROW_27_Left_149,VDD,Metal1,7.2730,122.1915,4.999972
PHY_EDGE_ROW_26_Left_148,VDD,Metal1,7.2730,120.8480,4.999972
PHY_EDGE_ROW_25_Left_147,VDD,Metal1,7.2730,114.3515,4.999984
PHY_EDGE_ROW_24_Left_146,VDD,Metal1,7.2730,113.0080,4.999984
PHY_EDGE_ROW_23_Left_145,VDD,Metal1,7.2730,106.5115,4.999992
PHY_EDGE_ROW_22_Left_144,VDD,Metal1,7.2730,105.1680,4.999992
PHY_EDGE_ROW_21_Left_143,VDD,Metal1,7.2730,98.6715,4.999986
PHY_EDGE_ROW_20_Left_142,VDD,Metal1,7.2730,97.3280,4.999986
PHY_EDGE_ROW_19_Left_141,VDD,Metal1,7.2730,90.8315,4.999984
PHY_EDGE_ROW_18_Left_140,VDD,Metal1,7.2730,89.4880,4.999984
PHY_EDGE_ROW_17_Left_139,VDD,Metal1,7.2730,82.9915,4.999986
PHY_EDGE_ROW_16_Left_138,VDD,Metal1,7.2730,81.6480,4.999986
PHY_EDGE_ROW_15_Left_137,VDD,Metal1,7.2730,75.1515,4.999948
PHY_EDGE_ROW_14_Left_136,VDD,Metal1,7.2730,73.8080,4.999948
PHY_EDGE_ROW_13_Left_135,VDD,Metal1,7.2730,67.3115,4.999975
PHY_EDGE_ROW_12_Left_134,VDD,Metal1,7.2730,65.9680,4.999975
PHY_EDGE_ROW_11_Left_133,VDD,Metal1,7.2730,59.4715,4.999965
PHY_EDGE_ROW_10_Left_132,VDD,Metal1,7.2730,58.1280,4.999965
PHY_EDGE_ROW_9_Left_131,VDD,Metal1,7.2730,51.6315,4.999945
PHY_EDGE_ROW_8_Left_130,VDD,Metal1,7.2730,50.2880,4.999945
PHY_EDGE_ROW_7_Left_129,VDD,Metal1,7.2730,43.7915,4.999985
PHY_EDGE_ROW_6_Left_128,VDD,Metal1,7.2730,42.4480,4.999985
PHY_EDGE_ROW_5_Left_127,VDD,Metal1,7.2730,35.9515,4.999971
PHY_EDGE_ROW_4_Left_126,VDD,Metal1,7.2730,34.6080,4.999971
PHY_EDGE_ROW_3_Left_125,VDD,Metal1,7.2730,28.1115,4.999959
PHY_EDGE_ROW_2_Left_124,VDD,Metal1,7.2730,26.7680,4.999959
PHY_EDGE_ROW_1_Left_123,VDD,Metal1,7.2730,20.2715,4.999989
PHY_EDGE_ROW_0_Left_122,VDD,Metal1,7.2730,18.9280,4.999989
PHY_EDGE_ROW_121_Right_121,VDD,Metal1,245.8465,490.6715,4.999997
PHY_EDGE_ROW_120_Right_120,VDD,Metal1,245.8465,489.3280,4.999997
PHY_EDGE_ROW_119_Right_119,VDD,Metal1,245.8465,482.8315,4.999984
PHY_EDGE_ROW_118_Right_118,VDD,Metal1,245.8465,481.4880,4.999984
PHY_EDGE_ROW_117_Right_117,VDD,Metal1,245.8465,474.9915,4.999974
PHY_EDGE_ROW_116_Right_116,VDD,Metal1,245.8465,473.6480,4.999974
PHY_EDGE_ROW_115_Right_115,VDD,Metal1,245.8465,467.1515,4.999986
PHY_EDGE_ROW_114_Right_114,VDD,Metal1,245.8465,465.8080,4.999986
PHY_EDGE_ROW_113_Right_113,VDD,Metal1,245.8465,459.3115,4.999966
PHY_EDGE_ROW_112_Right_112,VDD,Metal1,245.8465,457.9680,4.999966
PHY_EDGE_ROW_111_Right_111,VDD,Metal1,245.8465,451.4715,4.999966
PHY_EDGE_ROW_110_Right_110,VDD,Metal1,245.8465,450.1280,4.999966
PHY_EDGE_ROW_109_Right_109,VDD,Metal1,245.8465,443.6315,4.999974
PHY_EDGE_ROW_108_Right_108,VDD,Metal1,245.8465,442.2880,4.999974
PHY_EDGE_ROW_107_Right_107,VDD,Metal1,245.8465,435.7915,4.999985
PHY_EDGE_ROW_106_Right_106,VDD,Metal1,245.8465,434.4480,4.999985
PHY_EDGE_ROW_105_Right_105,VDD,Metal1,245.8465,427.9515,4.999979
PHY_EDGE_ROW_104_Right_104,VDD,Metal1,245.8465,426.6080,4.999979
PHY_EDGE_ROW_103_Right_103,VDD,Metal1,245.8465,420.1115,4.999964
PHY_EDGE_ROW_102_Right_102,VDD,Metal1,245.8465,418.7680,4.999964
PHY_EDGE_ROW_101_Right_101,VDD,Metal1,245.8465,412.2715,4.999978
PHY_EDGE_ROW_100_Right_100,VDD,Metal1,245.8465,410.9280,4.999978
PHY_EDGE_ROW_99_Right_99,VDD,Metal1,245.8465,404.4315,4.999955
PHY_EDGE_ROW_98_Right_98,VDD,Metal1,245.8465,403.0880,4.999955
PHY_EDGE_ROW_97_Right_97,VDD,Metal1,245.8465,396.5915,4.999954
PHY_EDGE_ROW_96_Right_96,VDD,Metal1,245.8465,395.2480,4.999954
PHY_EDGE_ROW_95_Right_95,VDD,Metal1,245.8465,388.7515,4.999910
PHY_EDGE_ROW_94_Right_94,VDD,Metal1,245.8465,387.4080,4.999910
PHY_EDGE_ROW_93_Right_93,VDD,Metal1,245.8465,380.9115,4.999955
PHY_EDGE_ROW_92_Right_92,VDD,Metal1,245.8465,379.5680,4.999955
PHY_EDGE_ROW_91_Right_91,VDD,Metal1,245.8465,373.0715,4.999969
PHY_EDGE_ROW_90_Right_90,VDD,Metal1,245.8465,371.7280,4.999969
PHY_EDGE_ROW_89_Right_89,VDD,Metal1,245.8465,365.2315,4.999918
PHY_EDGE_ROW_88_Right_88,VDD,Metal1,245.8465,363.8880,4.999918
PHY_EDGE_ROW_87_Right_87,VDD,Metal1,245.8465,357.3915,4.999971
PHY_EDGE_ROW_86_Right_86,VDD,Metal1,245.8465,356.0480,4.999971
PHY_EDGE_ROW_85_Right_85,VDD,Metal1,245.8465,349.5515,4.999974
PHY_EDGE_ROW_84_Right_84,VDD,Metal1,245.8465,348.2080,4.999974
PHY_EDGE_ROW_83_Right_83,VDD,Metal1,245.8465,341.7115,4.999986
PHY_EDGE_ROW_82_Right_82,VDD,Metal1,245.8465,340.3680,4.999986
PHY_EDGE_ROW_81_Right_81,VDD,Metal1,245.8465,333.8715,4.999980
PHY_EDGE_ROW_80_Right_80,VDD,Metal1,245.8465,332.5280,4.999980
PHY_EDGE_ROW_79_Right_79,VDD,Metal1,245.8465,326.0315,4.999974
PHY_EDGE_ROW_78_Right_78,VDD,Metal1,245.8465,324.6880,4.999974
PHY_EDGE_ROW_77_Right_77,VDD,Metal1,245.8465,318.1915,4.999966
PHY_EDGE_ROW_76_Right_76,VDD,Metal1,245.8465,316.8480,4.999966
PHY_EDGE_ROW_75_Right_75,VDD,Metal1,245.8465,310.3515,4.999963
PHY_EDGE_ROW_74_Right_74,VDD,Metal1,245.8465,309.0080,4.999963
PHY_EDGE_ROW_73_Right_73,VDD,Metal1,245.8465,302.5115,4.999938
PHY_EDGE_ROW_72_Right_72,VDD,Metal1,245.8465,301.1680,4.999938
PHY_EDGE_ROW_71_Right_71,VDD,Metal1,245.8465,294.6715,4.999954
PHY_EDGE_ROW_70_Right_70,VDD,Metal1,245.8465,293.3280,4.999954
PHY_EDGE_ROW_69_Right_69,VDD,Metal1,245.8465,286.8315,4.999953
PHY_EDGE_ROW_68_Right_68,VDD,Metal1,245.8465,285.4880,4.999953
PHY_EDGE_ROW_67_Right_67,VDD,Metal1,245.8465,278.9915,4.999952
PHY_EDGE_ROW_66_Right_66,VDD,Metal1,245.8465,277.6480,4.999952
PHY_EDGE_ROW_65_Right_65,VDD,Metal1,245.8465,271.1515,4.999943
PHY_EDGE_ROW_64_Right_64,VDD,Metal1,245.8465,269.8080,4.999943
PHY_EDGE_ROW_63_Right_63,VDD,Metal1,245.8465,263.3115,4.999981
PHY_EDGE_ROW_62_Right_62,VDD,Metal1,245.8465,261.9680,4.999981
PHY_EDGE_ROW_61_Right_61,VDD,Metal1,245.8465,255.4715,4.999915
PHY_EDGE_ROW_60_Right_60,VDD,Metal1,245.8465,254.1280,4.999915
PHY_EDGE_ROW_59_Right_59,VDD,Metal1,245.8465,247.6315,4.999966
PHY_EDGE_ROW_58_Right_58,VDD,Metal1,245.8465,246.2880,4.999966
PHY_EDGE_ROW_57_Right_57,VDD,Metal1,245.8465,239.7915,4.999963
PHY_EDGE_ROW_56_Right_56,VDD,Metal1,245.8465,238.4480,4.999963
PHY_EDGE_ROW_55_Right_55,VDD,Metal1,245.8465,231.9515,4.999977
PHY_EDGE_ROW_54_Right_54,VDD,Metal1,245.8465,230.6080,4.999977
PHY_EDGE_ROW_53_Right_53,VDD,Metal1,245.8465,224.1115,4.999965
PHY_EDGE_ROW_52_Right_52,VDD,Metal1,245.8465,222.7680,4.999965
PHY_EDGE_ROW_51_Right_51,VDD,Metal1,245.8465,216.2715,4.999979
PHY_EDGE_ROW_50_Right_50,VDD,Metal1,245.8465,214.9280,4.999979
PHY_EDGE_ROW_49_Right_49,VDD,Metal1,245.8465,208.4315,4.999974
PHY_EDGE_ROW_48_Right_48,VDD,Metal1,245.8465,207.0880,4.999974
PHY_EDGE_ROW_47_Right_47,VDD,Metal1,245.8465,200.5915,4.999937
PHY_EDGE_ROW_46_Right_46,VDD,Metal1,245.8465,199.2480,4.999937
PHY_EDGE_ROW_45_Right_45,VDD,Metal1,245.8465,192.7515,4.999963
PHY_EDGE_ROW_44_Right_44,VDD,Metal1,245.8465,191.4080,4.999963
PHY_EDGE_ROW_43_Right_43,VDD,Metal1,245.8465,184.9115,4.999938
PHY_EDGE_ROW_42_Right_42,VDD,Metal1,245.8465,183.5680,4.999938
PHY_EDGE_ROW_41_Right_41,VDD,Metal1,245.8465,177.0715,4.999977
PHY_EDGE_ROW_40_Right_40,VDD,Metal1,245.8465,175.7280,4.999977
PHY_EDGE_ROW_39_Right_39,VDD,Metal1,245.8465,169.2315,4.999966
PHY_EDGE_ROW_38_Right_38,VDD,Metal1,245.8465,167.8880,4.999966
PHY_EDGE_ROW_37_Right_37,VDD,Metal1,245.8465,161.3915,4.999982
PHY_EDGE_ROW_36_Right_36,VDD,Metal1,245.8465,160.0480,4.999982
PHY_EDGE_ROW_35_Right_35,VDD,Metal1,245.8465,153.5515,4.999983
PHY_EDGE_ROW_34_Right_34,VDD,Metal1,245.8465,152.2080,4.999983
PHY_EDGE_ROW_33_Right_33,VDD,Metal1,245.8465,145.7115,4.999902
PHY_EDGE_ROW_32_Right_32,VDD,Metal1,245.8465,144.3680,4.999902
PHY_EDGE_ROW_31_Right_31,VDD,Metal1,245.8465,137.8715,4.999977
PHY_EDGE_ROW_30_Right_30,VDD,Metal1,245.8465,136.5280,4.999977
PHY_EDGE_ROW_29_Right_29,VDD,Metal1,245.8465,130.0315,4.999971
PHY_EDGE_ROW_28_Right_28,VDD,Metal1,245.8465,128.6880,4.999971
PHY_EDGE_ROW_27_Right_27,VDD,Metal1,245.8465,122.1915,4.999968
PHY_EDGE_ROW_26_Right_26,VDD,Metal1,245.8465,120.8480,4.999968
PHY_EDGE_ROW_25_Right_25,VDD,Metal1,245.8465,114.3515,4.999970
PHY_EDGE_ROW_24_Right_24,VDD,Metal1,245.8465,113.0080,4.999970
PHY_EDGE_ROW_23_Right_23,VDD,Metal1,245.8465,106.5115,4.999989
PHY_EDGE_ROW_22_Right_22,VDD,Metal1,245.8465,105.1680,4.999989
PHY_EDGE_ROW_21_Right_21,VDD,Metal1,245.8465,98.6715,4.999970
PHY_EDGE_ROW_20_Right_20,VDD,Metal1,245.8465,97.3280,4.999970
PHY_EDGE_ROW_19_Right_19,VDD,Metal1,245.8465,90.8315,4.999888
PHY_EDGE_ROW_18_Right_18,VDD,Metal1,245.8465,89.4880,4.999888
PHY_EDGE_ROW_17_Right_17,VDD,Metal1,245.8465,82.9915,4.999988
PHY_EDGE_ROW_16_Right_16,VDD,Metal1,245.8465,81.6480,4.999988
PHY_EDGE_ROW_15_Right_15,VDD,Metal1,245.8465,75.1515,4.999969
PHY_EDGE_ROW_14_Right_14,VDD,Metal1,245.8465,73.8080,4.999969
PHY_EDGE_ROW_13_Right_13,VDD,Metal1,245.8465,67.3115,4.999971
PHY_EDGE_ROW_12_Right_12,VDD,Metal1,245.8465,65.9680,4.999971
PHY_EDGE_ROW_11_Right_11,VDD,Metal1,245.8465,59.4715,4.999962
PHY_EDGE_ROW_10_Right_10,VDD,Metal1,245.8465,58.1280,4.999962
PHY_EDGE_ROW_9_Right_9,VDD,Metal1,245.8465,51.6315,4.999937
PHY_EDGE_ROW_8_Right_8,VDD,Metal1,245.8465,50.2880,4.999937
PHY_EDGE_ROW_7_Right_7,VDD,Metal1,245.8465,43.7915,4.999986
PHY_EDGE_ROW_6_Right_6,VDD,Metal1,245.8465,42.4480,4.999986
PHY_EDGE_ROW_5_Right_5,VDD,Metal1,245.8465,35.9515,4.999979
PHY_EDGE_ROW_4_Right_4,VDD,Metal1,245.8465,34.6080,4.999979
PHY_EDGE_ROW_3_Right_3,VDD,Metal1,245.8465,28.1115,4.999960
PHY_EDGE_ROW_2_Right_2,VDD,Metal1,245.8465,26.7680,4.999960
PHY_EDGE_ROW_1_Right_1,VDD,Metal1,245.8465,20.2715,4.999988
PHY_EDGE_ROW_0_Right_0,VDD,Metal1,245.8465,18.9280,4.999988
_4200_,VDD,Metal1,111.4300,481.8875,4.999980
_4199_,VDD,Metal1,111.9900,489.7275,4.999997
_4198_,VDD,Metal1,125.4500,489.7275,4.999997
_4197_,VDD,Metal1,159.0500,482.4325,4.999985
_4196_,VDD,Metal1,185.9300,482.4325,4.999984
_4195_,VDD,Metal1,182.5700,482.4325,4.999985
_4170_,VDD,Metal1,16.0730,418.8550,4.999955
_4169_,VDD,Metal1,16.0730,293.4150,4.999950
_4168_,VDD,Metal1,15.8465,411.0150,4.999975
_4167_,VDD,Metal1,16.0730,285.5750,4.999968
_4166_,VDD,Metal1,28.7265,271.0645,4.999962
_4165_,VDD,Metal1,25.9265,286.7445,4.999968
_4164_,VDD,Metal1,172.8730,380.8245,4.999964
_4163_,VDD,Metal1,29.8465,35.8645,4.999971
_4162_,VDD,Metal1,15.8465,42.5350,4.999985
_4161_,VDD,Metal1,29.8465,20.1845,4.999988
_4160_,VDD,Metal1,15.8465,26.8550,4.999959
_4159_,VDD,Metal1,90.8865,26.8550,4.999955
_4158_,VDD,Metal1,90.3265,42.5350,4.999983
_4157_,VDD,Metal1,35.4465,26.8550,4.999957
_4156_,VDD,Metal1,17.5265,28.0245,4.999959
_4155_,VDD,Metal1,114.4065,388.6645,4.999943
_4154_,VDD,Metal1,116.0865,357.3045,4.999974
_4153_,VDD,Metal1,118.3265,387.4950,4.999943
_4152_,VDD,Metal1,116.0865,380.8245,4.999964
_4151_,VDD,Metal1,167.6065,371.8150,4.999975
_4150_,VDD,Metal1,167.0465,387.4950,4.999944
_4149_,VDD,Metal1,121.1265,348.2950,4.999976
_4148_,VDD,Metal1,117.7665,356.1350,4.999974
_4147_,VDD,Metal1,148.0065,318.1045,4.999952
_4146_,VDD,Metal1,164.2465,332.6150,4.999984
_4145_,VDD,Metal1,165.9265,356.1350,4.999975
_4144_,VDD,Metal1,151.9265,341.6245,4.999986
_4143_,VDD,Metal1,127.2865,340.4550,4.999986
_4142_,VDD,Metal1,173.7665,285.5750,4.999958
_4141_,VDD,Metal1,174.3265,278.9045,4.999952
_4140_,VDD,Metal1,162.0065,301.2550,4.999948
_4139_,VDD,Metal1,116.0865,443.5445,4.999975
_4138_,VDD,Metal1,120.0065,403.1750,4.999948
_4137_,VDD,Metal1,115.5265,426.6950,4.999980
_4136_,VDD,Metal1,131.7665,426.6950,4.999980
_4135_,VDD,Metal1,135.6865,450.2150,4.999965
_4134_,VDD,Metal1,135.6865,411.0150,4.999975
_4133_,VDD,Metal1,129.5265,442.3750,4.999975
_4132_,VDD,Metal1,118.3265,418.8550,4.999956
_4131_,VDD,Metal1,131.7665,395.3350,4.999955
_4130_,VDD,Metal1,155.2865,396.5045,4.999952
_4129_,VDD,Metal1,131.2065,379.6550,4.999964
_4128_,VDD,Metal1,155.2865,372.9845,4.999975
_4127_,VDD,Metal1,161.6730,403.1750,4.999955
_4126_,VDD,Metal1,144.6465,380.8245,4.999964
_4125_,VDD,Metal1,134.5665,363.9750,4.999910
_4124_,VDD,Metal1,153.0465,363.9750,4.999910
_4123_,VDD,Metal1,147.1130,271.0645,4.999948
_4122_,VDD,Metal1,140.7265,278.9045,4.999953
_4121_,VDD,Metal1,114.4065,309.0950,4.999961
_4120_,VDD,Metal1,123.9265,293.4150,4.999939
_4119_,VDD,Metal1,126.3930,285.5750,4.999958
_4118_,VDD,Metal1,129.1930,262.0550,4.999981
_4117_,VDD,Metal1,128.0730,277.7350,4.999953
_4116_,VDD,Metal1,130.6465,309.0950,4.999961
_4115_,VDD,Metal1,116.3130,310.2645,4.999961
_4114_,VDD,Metal1,116.6465,316.9350,4.999951
_4113_,VDD,Metal1,196.1665,66.0550,4.999971
_4112_,VDD,Metal1,194.7130,58.2150,4.999962
_4111_,VDD,Metal1,198.4065,89.5750,4.999888
_4110_,VDD,Metal1,194.4865,98.5845,4.999970
_4109_,VDD,Metal1,186.0865,106.4245,4.999989
_4108_,VDD,Metal1,181.8330,51.5445,4.999937
_4107_,VDD,Metal1,178.8065,67.2245,4.999971
_4106_,VDD,Metal1,16.0730,82.9045,4.999986
_4105_,VDD,Metal1,174.8865,348.2950,4.999977
_4104_,VDD,Metal1,181.8330,310.2645,4.999965
_4103_,VDD,Metal1,190.7930,278.9045,4.999952
_4102_,VDD,Metal1,184.4065,239.7045,4.999963
_4101_,VDD,Metal1,191.9130,294.5845,4.999959
_4100_,VDD,Metal1,185.5265,247.5445,4.999968
_4099_,VDD,Metal1,189.1130,216.1845,4.999979
_4098_,VDD,Metal1,174.8865,199.3350,4.999938
_4097_,VDD,Metal1,184.9665,169.1445,4.999967
_4096_,VDD,Metal1,192.2465,145.6245,4.999902
_4095_,VDD,Metal1,186.6465,137.7845,4.999979
_4094_,VDD,Metal1,198.4065,136.6150,4.999979
_4093_,VDD,Metal1,194.7130,114.2645,4.999970
_4092_,VDD,Metal1,211.8465,122.1045,4.999968
_4091_,VDD,Metal1,212.9665,145.6245,4.999902
_4090_,VDD,Metal1,225.2865,137.7845,4.999977
_4089_,VDD,Metal1,226.9665,129.9445,4.999971
_4088_,VDD,Metal1,231.4465,161.3045,4.999982
_4087_,VDD,Metal1,232.2330,191.4950,4.999963
_4086_,VDD,Metal1,231.6730,207.1750,4.999974
_4085_,VDD,Metal1,233.9130,230.6950,4.999977
_4084_,VDD,Metal1,237.2730,246.3750,4.999966
_4083_,VDD,Metal1,237.2730,293.4150,4.999954
_4082_,VDD,Metal1,237.2730,262.0550,4.999981
_4081_,VDD,Metal1,231.4465,269.8950,4.999943
_4080_,VDD,Metal1,214.0865,255.3845,4.999915
_4079_,VDD,Metal1,116.0865,459.2245,4.999973
_4078_,VDD,Metal1,116.0865,467.0645,4.999985
_4077_,VDD,Metal1,116.0865,482.7445,4.999980
_4076_,VDD,Metal1,129.5265,473.7350,4.999976
_4075_,VDD,Metal1,139.0465,474.9045,4.999977
_4074_,VDD,Metal1,135.6865,481.5750,4.999984
_4073_,VDD,Metal1,155.5130,474.9045,4.999977
_4072_,VDD,Metal1,153.6065,473.7350,4.999977
_4071_,VDD,Metal1,160.8865,481.5750,4.999985
_4070_,VDD,Metal1,172.6465,474.9045,4.999977
_4069_,VDD,Metal1,172.6465,482.7445,4.999985
_4068_,VDD,Metal1,162.5665,458.0550,4.999972
_4067_,VDD,Metal1,173.2065,451.3845,4.999967
_4066_,VDD,Metal1,173.2065,435.7045,4.999990
_4065_,VDD,Metal1,177.1265,427.8645,4.999983
_4064_,VDD,Metal1,174.3265,404.3445,4.999955
_4063_,VDD,Metal1,174.3265,411.0150,4.999980
_4062_,VDD,Metal1,237.2730,356.1350,4.999971
_4061_,VDD,Metal1,233.9130,349.4645,4.999974
_4060_,VDD,Metal1,237.0465,316.9350,4.999966
_4059_,VDD,Metal1,237.2730,324.7750,4.999974
_4058_,VDD,Metal1,237.2730,379.6550,4.999955
_4057_,VDD,Metal1,233.9130,380.8245,4.999955
_4056_,VDD,Metal1,230.5530,396.5045,4.999954
_4055_,VDD,Metal1,230.8865,420.0245,4.999964
_4054_,VDD,Metal1,231.6730,426.6950,4.999979
_4053_,VDD,Metal1,231.4465,458.0550,4.999966
_4052_,VDD,Metal1,219.6865,467.0645,4.999986
_4051_,VDD,Metal1,215.2065,474.9045,4.999974
_4050_,VDD,Metal1,208.7130,473.7350,4.999974
_4049_,VDD,Metal1,198.9665,489.4150,4.999997
_4048_,VDD,Metal1,192.2465,481.5750,4.999984
_4047_,VDD,Metal1,184.9665,467.0645,4.999986
_4046_,VDD,Metal1,192.4730,473.7350,4.999976
_4045_,VDD,Metal1,184.9665,443.5445,4.999975
_4044_,VDD,Metal1,192.2465,403.1750,4.999955
_4043_,VDD,Metal1,188.8865,380.8245,4.999961
_4042_,VDD,Metal1,194.4865,388.6645,4.999921
_4041_,VDD,Metal1,192.4730,356.1350,4.999974
_4040_,VDD,Metal1,178.8065,349.4645,4.999977
_4039_,VDD,Metal1,178.8065,365.1445,4.999919
_4038_,VDD,Metal1,62.8865,286.7445,4.999960
_4037_,VDD,Metal1,62.3265,318.1045,4.999955
_4036_,VDD,Metal1,56.1665,285.5750,4.999960
_4035_,VDD,Metal1,62.3265,372.9845,4.999975
_4034_,VDD,Metal1,69.6065,435.7045,4.999985
_4033_,VDD,Metal1,57.2865,450.2150,4.999957
_4032_,VDD,Metal1,67.3665,412.1845,4.999974
_4031_,VDD,Metal1,53.3665,418.8550,4.999954
_4030_,VDD,Metal1,75.2065,301.2550,4.999955
_4029_,VDD,Metal1,74.6465,333.7845,4.999982
_4028_,VDD,Metal1,80.4730,387.4950,4.999946
_4027_,VDD,Metal1,89.2065,309.0950,4.999962
_4026_,VDD,Metal1,106.7930,365.1445,4.999918
_4025_,VDD,Metal1,96.7130,387.4950,4.999944
_4024_,VDD,Metal1,70.7265,310.2645,4.999962
_4023_,VDD,Metal1,74.6465,293.4150,4.999938
_4022_,VDD,Metal1,73.5265,122.1045,4.999968
_4021_,VDD,Metal1,85.2865,128.7750,4.999975
_4020_,VDD,Metal1,89.7665,144.4550,4.999872
_4019_,VDD,Metal1,80.8065,175.8150,4.999976
_4018_,VDD,Metal1,69.8330,137.7845,4.999983
_4017_,VDD,Metal1,57.2865,145.6245,4.999889
_4016_,VDD,Metal1,53.3665,152.2950,4.999984
_4015_,VDD,Metal1,52.2465,207.1750,4.999970
_4014_,VDD,Metal1,51.1265,222.8550,4.999937
_4013_,VDD,Metal1,43.2865,199.3350,4.999942
_4012_,VDD,Metal1,37.6865,176.9845,4.999979
_4011_,VDD,Metal1,37.6865,224.0245,4.999938
_4010_,VDD,Metal1,35.4465,207.1750,4.999970
_4009_,VDD,Metal1,21.4465,176.9845,4.999979
_4008_,VDD,Metal1,18.0865,230.6950,4.999981
_4007_,VDD,Metal1,29.8465,231.8645,4.999980
_4006_,VDD,Metal1,48.3265,293.4150,4.999949
_4005_,VDD,Metal1,48.3265,309.0950,4.999963
_4004_,VDD,Metal1,44.4065,356.1350,4.999976
_4003_,VDD,Metal1,55.0465,380.8245,4.999971
_4002_,VDD,Metal1,35.4465,411.0150,4.999975
_4001_,VDD,Metal1,35.4465,426.6950,4.999983
_4000_,VDD,Metal1,28.7265,412.1845,4.999975
_3999_,VDD,Metal1,37.1265,388.6645,4.999962
_3998_,VDD,Metal1,89.7665,316.9350,4.999952
_3997_,VDD,Metal1,103.9930,302.4245,4.999954
_3996_,VDD,Metal1,104.5530,294.5845,4.999939
_3995_,VDD,Metal1,108.4730,325.9445,4.999964
_3994_,VDD,Metal1,111.2730,333.7845,4.999982
_3993_,VDD,Metal1,96.7130,277.7350,4.999955
_3992_,VDD,Metal1,95.0330,271.0645,4.999955
_3991_,VDD,Metal1,88.3130,285.5750,4.999959
_3990_,VDD,Metal1,92.5665,222.8550,4.999937
_3989_,VDD,Metal1,95.3665,199.3350,4.999937
_3988_,VDD,Metal1,89.2065,215.0150,4.999982
_3987_,VDD,Metal1,76.8865,200.5045,4.999938
_3986_,VDD,Metal1,59.5265,208.3445,4.999970
_3985_,VDD,Metal1,60.6465,200.5045,4.999941
_3984_,VDD,Metal1,63.4465,224.0245,4.999937
_3983_,VDD,Metal1,75.7665,208.3445,4.999968
_3982_,VDD,Metal1,47.2065,238.5350,4.999957
_3981_,VDD,Metal1,41.6065,144.4550,4.999893
_3980_,VDD,Metal1,37.6865,247.5445,4.999974
_3979_,VDD,Metal1,34.3265,137.7845,4.999984
_3978_,VDD,Metal1,15.8465,145.6245,4.999916
_3977_,VDD,Metal1,15.8465,144.4550,4.999916
_3976_,VDD,Metal1,15.8465,239.7045,4.999963
_3975_,VDD,Metal1,15.8465,238.5350,4.999963
_3974_,VDD,Metal1,37.6865,278.9045,4.999963
_3973_,VDD,Metal1,36.0065,277.7350,4.999963
_3972_,VDD,Metal1,26.4865,341.6245,4.999990
_3971_,VDD,Metal1,25.9265,372.9845,4.999980
_3970_,VDD,Metal1,48.8865,442.3750,4.999978
_3969_,VDD,Metal1,29.2865,451.3845,4.999963
_3968_,VDD,Metal1,27.6065,443.5445,4.999980
_3967_,VDD,Metal1,24.2465,482.7445,4.999986
_3966_,VDD,Metal1,75.2065,442.3750,4.999975
_3965_,VDD,Metal1,75.2065,404.3445,4.999959
_3964_,VDD,Metal1,106.2330,427.8645,4.999980
_3963_,VDD,Metal1,103.4330,412.1845,4.999973
_3962_,VDD,Metal1,100.0730,443.5445,4.999975
_3961_,VDD,Metal1,106.7930,474.9045,4.999976
_3960_,VDD,Metal1,70.1665,459.2245,4.999975
_3959_,VDD,Metal1,64.0065,474.9045,4.999976
_3958_,VDD,Metal1,58.9665,28.0245,4.999956
_3957_,VDD,Metal1,61.2065,20.1845,4.999988
_3956_,VDD,Metal1,53.9265,26.8550,4.999956
_3955_,VDD,Metal1,60.6465,51.5445,4.999922
_3954_,VDD,Metal1,44.4065,89.5750,4.999982
_3953_,VDD,Metal1,50.5665,81.7350,4.999983
_3952_,VDD,Metal1,37.6865,122.1045,4.999971
_3951_,VDD,Metal1,37.6865,114.2645,4.999981
_3950_,VDD,Metal1,37.6865,28.0245,4.999957
_3949_,VDD,Metal1,36.0065,34.6950,4.999971
_3948_,VDD,Metal1,18.0865,34.6950,4.999971
_3947_,VDD,Metal1,15.8465,58.2150,4.999965
_3946_,VDD,Metal1,15.8465,89.5750,4.999984
_3945_,VDD,Metal1,15.8465,114.2645,4.999984
_3944_,VDD,Metal1,15.8465,175.8150,4.999979
_3943_,VDD,Metal1,15.8465,208.3445,4.999971
_3942_,VDD,Metal1,15.8465,262.0550,4.999984
_3941_,VDD,Metal1,15.8465,269.8950,4.999962
_3940_,VDD,Metal1,15.8465,387.4950,4.999967
_3939_,VDD,Metal1,15.8465,481.5750,4.999986
_3938_,VDD,Metal1,16.0730,379.6550,4.999974
_3937_,VDD,Metal1,16.0730,467.0645,4.999988
_3936_,VDD,Metal1,15.8465,357.3045,4.999982
_3935_,VDD,Metal1,15.8465,458.0550,4.999976
_3934_,VDD,Metal1,15.8465,348.2950,4.999980
_3933_,VDD,Metal1,15.8465,435.7045,4.999986
_3932_,VDD,Metal1,15.8465,332.6150,4.999985
_3931_,VDD,Metal1,16.0730,434.5350,4.999986
_3930_,VDD,Metal1,15.8465,310.2645,4.999971
_3929_,VDD,Metal1,15.8465,404.3445,4.999979
_3928_,VDD,Metal1,153.2730,247.5445,4.999969
_3927_,VDD,Metal1,135.6865,247.5445,4.999969
_3926_,VDD,Metal1,114.4065,271.0645,4.999951
_3925_,VDD,Metal1,113.8465,278.9045,4.999953
_3924_,VDD,Metal1,102.6465,231.8645,4.999976
_3923_,VDD,Metal1,116.6465,238.5350,4.999950
_3922_,VDD,Metal1,97.6065,255.3845,4.999921
_3921_,VDD,Metal1,114.4065,246.3750,4.999969
_3920_,VDD,Metal1,104.8865,224.0245,4.999937
_3919_,VDD,Metal1,113.8465,255.3845,4.999920
_3918_,VDD,Metal1,55.0465,349.4645,4.999977
_3917_,VDD,Metal1,45.5265,332.6150,4.999984
_3916_,VDD,Metal1,27.8330,302.4245,4.999976
_3915_,VDD,Metal1,27.0465,318.1045,4.999966
_3914_,VDD,Metal1,32.0865,349.4645,4.999980
_3913_,VDD,Metal1,28.1665,380.8245,4.999974
_3912_,VDD,Metal1,56.7265,465.8950,4.999985
_3911_,VDD,Metal1,54.4865,473.7350,4.999976
_3910_,VDD,Metal1,27.6065,474.9045,4.999984
_3909_,VDD,Metal1,55.2730,482.7445,4.999978
_3908_,VDD,Metal1,78.5665,418.8550,4.999955
_3907_,VDD,Metal1,95.3665,411.0150,4.999973
_3906_,VDD,Metal1,98.1665,388.6645,4.999944
_3905_,VDD,Metal1,101.5265,435.7045,4.999986
_3904_,VDD,Metal1,99.8465,467.0645,4.999985
_3903_,VDD,Metal1,94.2465,482.7445,4.999979
_3902_,VDD,Metal1,83.6065,473.7350,4.999976
_3901_,VDD,Metal1,72.4065,482.7445,4.999978
_3900_,VDD,Metal1,83.6065,105.2550,4.999987
_3899_,VDD,Metal1,87.5265,81.7350,4.999982
_3898_,VDD,Metal1,76.8865,51.5445,4.999922
_3897_,VDD,Metal1,73.5265,59.3845,4.999961
_3896_,VDD,Metal1,56.7265,59.3845,4.999961
_3895_,VDD,Metal1,55.0465,58.2150,4.999961
_3894_,VDD,Metal1,57.5130,120.9350,4.999969
_3893_,VDD,Metal1,41.6065,113.0950,4.999981
_3892_,VDD,Metal1,46.0865,66.0550,4.999967
_3891_,VDD,Metal1,35.4465,58.2150,4.999964
_3890_,VDD,Metal1,21.4465,59.3845,4.999965
_3889_,VDD,Metal1,15.8465,67.2245,4.999975
_3888_,VDD,Metal1,24.8065,98.5845,4.999986
_3887_,VDD,Metal1,15.8465,120.9350,4.999972
_3886_,VDD,Metal1,15.8465,169.1445,4.999984
_3885_,VDD,Metal1,16.0730,207.1750,4.999971
_3884_,VDD,Metal1,166.7130,34.6950,4.999979
_3883_,VDD,Metal1,148.0065,20.1845,4.999987
_3882_,VDD,Metal1,154.1665,114.2645,4.999969
_3881_,VDD,Metal1,155.2865,222.8550,4.999964
_3880_,VDD,Metal1,164.8065,26.8550,4.999959
_3879_,VDD,Metal1,155.2865,28.0245,4.999958
_3878_,VDD,Metal1,173.9930,145.6245,4.999903
_3877_,VDD,Metal1,157.5265,144.4550,4.999875
_3876_,VDD,Metal1,162.0065,167.9750,4.999967
_3875_,VDD,Metal1,160.8865,183.6550,4.999946
_3874_,VDD,Metal1,173.7665,128.7750,4.999975
_3873_,VDD,Metal1,173.9930,98.5845,4.999982
_3872_,VDD,Metal1,168.1665,58.2150,4.999963
_3871_,VDD,Metal1,172.8730,59.3845,4.999963
_3870_,VDD,Metal1,115.5265,169.1445,4.999967
_3869_,VDD,Metal1,113.8465,175.8150,4.999976
_3868_,VDD,Metal1,114.0730,207.1750,4.999968
_3867_,VDD,Metal1,99.8465,200.5045,4.999937
_3866_,VDD,Metal1,114.4065,137.7845,4.999976
_3865_,VDD,Metal1,115.1930,136.6150,4.999976
_3864_,VDD,Metal1,102.6465,184.8245,4.999949
_3863_,VDD,Metal1,109.9265,208.3445,4.999968
_3862_,VDD,Metal1,140.1665,98.5845,4.999982
_3861_,VDD,Metal1,133.4465,129.9445,4.999974
_3860_,VDD,Metal1,128.4065,160.1350,4.999949
_3859_,VDD,Metal1,134.0065,200.5045,4.999936
_3858_,VDD,Metal1,122.8065,128.7750,4.999974
_3857_,VDD,Metal1,124.4865,105.2550,4.999987
_3856_,VDD,Metal1,116.0865,114.2645,4.999967
_3855_,VDD,Metal1,116.0865,200.5045,4.999936
_3854_,VDD,Metal1,153.0465,120.9350,4.999966
_3853_,VDD,Metal1,145.7665,145.6245,4.999875
_3852_,VDD,Metal1,139.6065,176.9845,4.999977
_3851_,VDD,Metal1,149.1265,216.1845,4.999980
_3850_,VDD,Metal1,155.2865,199.3350,4.999937
_3849_,VDD,Metal1,154.9530,191.4950,4.999961
_3848_,VDD,Metal1,134.0065,230.6950,4.999976
_3847_,VDD,Metal1,153.0465,200.5045,4.999937
_3846_,VDD,Metal1,142.9665,231.8645,4.999976
_3845_,VDD,Metal1,153.0465,230.6950,4.999976
_3844_,VDD,Metal1,172.8730,222.8550,4.999965
_3843_,VDD,Metal1,172.8730,216.1845,4.999980
_3842_,VDD,Metal1,174.8865,176.9845,4.999978
_3841_,VDD,Metal1,164.8065,215.0150,4.999980
_3840_,VDD,Metal1,173.9930,184.8245,4.999944
_3839_,VDD,Metal1,172.6465,192.6645,4.999963
_3838_,VDD,Metal1,178.2465,153.4645,4.999984
_3837_,VDD,Metal1,180.1530,122.1045,4.999969
_3836_,VDD,Metal1,75.2065,28.0245,4.999956
_3835_,VDD,Metal1,76.3265,34.6950,4.999970
_3834_,VDD,Metal1,99.8465,28.0245,4.999955
_3833_,VDD,Metal1,94.2465,67.2245,4.999963
_3832_,VDD,Metal1,140.1665,75.0645,4.999911
_3831_,VDD,Metal1,135.6865,66.0550,4.999962
_3830_,VDD,Metal1,135.3530,51.5445,4.999934
_3829_,VDD,Metal1,128.9665,50.3750,4.999934
_3828_,VDD,Metal1,125.0465,58.2150,4.999961
_3827_,VDD,Metal1,122.2465,81.7350,4.999985
_3826_,VDD,Metal1,119.4465,66.0550,4.999962
_3825_,VDD,Metal1,113.8465,26.8550,4.999956
_3824_,VDD,Metal1,96.4865,120.9350,4.999967
_3823_,VDD,Metal1,100.4065,145.6245,4.999872
_3822_,VDD,Metal1,102.0865,161.3045,4.999949
_3821_,VDD,Metal1,95.3665,114.2645,4.999967
_3820_,VDD,Metal1,92.5665,34.6950,4.999970
_3819_,VDD,Metal1,88.0865,58.2150,4.999961
_3818_,VDD,Metal1,139.0465,28.0245,4.999958
_3817_,VDD,Metal1,135.1265,26.8550,4.999957
_3816_,VDD,Metal1,128.9665,34.6950,4.999977
_3815_,VDD,Metal1,125.0465,42.5350,4.999983
_3814_,VDD,Metal1,141.8465,122.1045,4.999966
_3813_,VDD,Metal1,141.8465,153.4645,4.999981
_3812_,VDD,Metal1,145.9930,169.1445,4.999966
_3811_,VDD,Metal1,135.6865,207.1750,4.999969
_3810_,VDD,Metal1,128.4065,183.6550,4.999947
_3809_,VDD,Metal1,146.8865,184.8245,4.999946
_3808_,VDD,Metal1,128.9665,222.8550,4.999937
_3807_,VDD,Metal1,116.6465,113.0950,4.999967
_3806_,VDD,Metal1,94.4730,98.5845,4.999983
_3805_,VDD,Metal1,192.4730,271.0645,4.999943
_3804_,VDD,Metal1,194.4865,238.5350,4.999963
_3803_,VDD,Metal1,198.9665,293.4150,4.999958
_3802_,VDD,Metal1,201.2065,246.3750,4.999967
_3801_,VDD,Metal1,210.1665,222.8550,4.999965
_3800_,VDD,Metal1,194.4865,192.6645,4.999963
_3799_,VDD,Metal1,194.4865,184.8245,4.999938
_3798_,VDD,Metal1,200.6465,167.9750,4.999966
_3797_,VDD,Metal1,193.9265,222.8550,4.999966
_3796_,VDD,Metal1,198.4065,152.2950,4.999983
_3795_,VDD,Metal1,204.0065,262.0550,4.999982
_3794_,VDD,Metal1,208.4865,230.6950,4.999977
_3793_,VDD,Metal1,212.0730,161.3045,4.999982
_3792_,VDD,Metal1,215.2065,169.1445,4.999966
_3791_,VDD,Metal1,213.5265,183.6550,4.999938
_3790_,VDD,Metal1,215.9930,176.9845,4.999977
_3789_,VDD,Metal1,231.6730,215.0150,4.999979
_3788_,VDD,Metal1,231.6730,222.8550,4.999965
_3787_,VDD,Metal1,214.0865,238.5350,4.999963
_3786_,VDD,Metal1,214.8730,247.5445,4.999967
_3785_,VDD,Metal1,224.1665,333.7845,4.999980
_3784_,VDD,Metal1,212.0730,294.5845,4.999955
_3783_,VDD,Metal1,218.5665,302.4245,4.999939
_3782_,VDD,Metal1,205.1265,301.2550,4.999939
_3781_,VDD,Metal1,225.5130,357.3045,4.999971
_3780_,VDD,Metal1,212.0730,341.6245,4.999986
_3779_,VDD,Metal1,231.6730,309.0950,4.999963
_3778_,VDD,Metal1,224.1665,310.2645,4.999963
_3777_,VDD,Metal1,224.3930,365.1445,4.999918
_3776_,VDD,Metal1,218.2330,372.9845,4.999969
_3775_,VDD,Metal1,220.2465,388.6645,4.999910
_3774_,VDD,Metal1,211.5130,411.0150,4.999978
_3773_,VDD,Metal1,215.9930,412.1845,4.999978
_3772_,VDD,Metal1,222.7130,435.7045,4.999985
_3771_,VDD,Metal1,211.8465,420.0245,4.999965
_3770_,VDD,Metal1,211.8465,443.5445,4.999974
_3769_,VDD,Metal1,204.2330,426.6950,4.999980
_3768_,VDD,Metal1,205.6865,450.2150,4.999966
_3767_,VDD,Metal1,194.4865,420.0245,4.999965
_3766_,VDD,Metal1,195.0465,309.0950,4.999965
_3765_,VDD,Metal1,195.0465,442.3750,4.999975
_3764_,VDD,Metal1,192.2465,418.8550,4.999965
_3763_,VDD,Metal1,205.3530,395.3350,4.999955
_3762_,VDD,Metal1,194.4865,325.9445,4.999975
_3761_,VDD,Metal1,205.9130,379.6550,4.999960
_3760_,VDD,Metal1,194.4865,348.2950,4.999976
_3759_,VDD,Metal1,194.4865,357.3045,4.999974
_3758_,VDD,Metal1,200.6465,371.8150,4.999969
_3757_,VDD,Metal1,113.7875,395.3405,4.999956
_3756_,VDD,Metal1,118.8600,364.1775,4.999917
_3755_,VDD,Metal1,122.7400,364.1375,4.999917
_3754_,VDD,Metal1,118.8275,372.9790,4.999972
_3753_,VDD,Metal1,118.2675,379.6605,4.999964
_3752_,VDD,Metal1,168.1075,372.9790,4.999975
_3751_,VDD,Metal1,160.0525,388.6590,4.999944
_3750_,VDD,Metal1,119.3875,349.4590,4.999976
_3749_,VDD,Metal1,110.9875,349.4590,4.999976
_3748_,VDD,Metal1,134.4930,357.1675,4.999974
_3747_,VDD,Metal1,146.0600,324.9375,4.999965
_3746_,VDD,Metal1,145.1565,325.7930,4.999965
_3745_,VDD,Metal1,143.2600,310.1025,4.999961
_3744_,VDD,Metal1,158.9000,333.5825,4.999984
_3743_,VDD,Metal1,154.1165,332.7665,4.999984
_3742_,VDD,Metal1,165.6600,364.1375,4.999913
_3741_,VDD,Metal1,166.7630,341.4730,4.999986
_3740_,VDD,Metal1,165.6600,349.3025,4.999977
_3739_,VDD,Metal1,151.6600,349.3025,4.999976
_3738_,VDD,Metal1,149.6365,340.6065,4.999986
_3737_,VDD,Metal1,152.7800,340.6175,4.999986
_3736_,VDD,Metal1,131.7000,332.7775,4.999982
_3735_,VDD,Metal1,137.8765,340.6065,4.999986
_3734_,VDD,Metal1,135.0600,332.7775,4.999983
_3733_,VDD,Metal1,163.4200,293.5775,4.999959
_3732_,VDD,Metal1,161.5375,286.4550,4.999958
_3731_,VDD,Metal1,168.5200,286.4250,4.999958
_3730_,VDD,Metal1,166.5000,293.5650,4.999961
_3729_,VDD,Metal1,160.5800,294.3825,4.999957
_3728_,VDD,Metal1,159.1800,302.2225,4.999948
_3727_,VDD,Metal1,154.8300,302.4030,4.999948
_3726_,VDD,Metal1,141.3900,332.6365,4.999984
_3725_,VDD,Metal1,139.3465,301.3925,4.999952
_3724_,VDD,Metal1,162.5165,309.2465,4.999964
_3723_,VDD,Metal1,167.5800,302.2225,4.999948
_3722_,VDD,Metal1,162.1300,302.4030,4.999948
_3721_,VDD,Metal1,160.0600,293.5775,4.999957
_3720_,VDD,Metal1,154.7900,278.7425,4.999953
_3719_,VDD,Metal1,116.0200,435.5425,4.999986
_3718_,VDD,Metal1,118.6030,442.5265,4.999975
_3717_,VDD,Metal1,114.1400,442.5375,4.999975
_3716_,VDD,Metal1,120.5400,396.3025,4.999956
_3715_,VDD,Metal1,121.9630,411.1665,4.999974
_3714_,VDD,Metal1,116.5800,427.7025,4.999980
_3713_,VDD,Metal1,119.1630,412.0330,4.999974
_3712_,VDD,Metal1,118.8200,411.1775,4.999974
_3711_,VDD,Metal1,130.6200,427.6625,4.999980
_3710_,VDD,Metal1,130.0365,419.8730,4.999960
_3709_,VDD,Metal1,134.8200,451.1825,4.999965
_3708_,VDD,Metal1,133.3965,458.2065,4.999972
_3707_,VDD,Metal1,133.1400,404.1425,4.999949
_3706_,VDD,Metal1,133.1630,412.0330,4.999975
_3705_,VDD,Metal1,125.3700,450.4275,4.999959
_3704_,VDD,Metal1,122.9100,435.6830,4.999986
_3703_,VDD,Metal1,115.3765,412.0630,4.999974
_3702_,VDD,Metal1,119.0100,427.8430,4.999980
_3701_,VDD,Metal1,115.0700,411.0365,4.999974
_3700_,VDD,Metal1,136.9300,403.1965,4.999950
_3699_,VDD,Metal1,130.9465,403.3125,4.999949
_3698_,VDD,Metal1,133.7700,396.2925,4.999955
_3697_,VDD,Metal1,134.1300,403.1965,4.999949
_3696_,VDD,Metal1,152.2500,395.5475,4.999952
_3695_,VDD,Metal1,149.7900,403.1965,4.999953
_3694_,VDD,Metal1,130.4630,380.7030,4.999964
_3693_,VDD,Metal1,130.2100,372.9630,4.999972
_3692_,VDD,Metal1,134.1300,380.8030,4.999964
_3691_,VDD,Metal1,155.5800,357.1425,4.999975
_3690_,VDD,Metal1,156.6830,387.6465,4.999944
_3689_,VDD,Metal1,158.9400,364.9825,4.999910
_3688_,VDD,Metal1,158.5500,404.1325,4.999955
_3687_,VDD,Metal1,153.7100,388.6430,4.999944
_3686_,VDD,Metal1,142.9000,387.6575,4.999944
_3685_,VDD,Metal1,147.1630,387.6465,4.999944
_3684_,VDD,Metal1,142.9000,379.8175,4.999964
_3683_,VDD,Metal1,140.1400,357.1025,4.999974
_3682_,VDD,Metal1,140.6765,371.9665,4.999972
_3681_,VDD,Metal1,154.9800,364.9425,4.999910
_3680_,VDD,Metal1,154.4430,371.9665,4.999975
_3679_,VDD,Metal1,138.5900,372.9630,4.999972
_3678_,VDD,Metal1,137.2930,388.5275,4.999944
_3677_,VDD,Metal1,150.3500,277.7565,4.999953
_3676_,VDD,Metal1,146.7030,277.8565,4.999953
_3675_,VDD,Metal1,151.7765,278.7830,4.999953
_3674_,VDD,Metal1,154.1165,277.8865,4.999953
_3673_,VDD,Metal1,138.4200,293.5775,4.999954
_3672_,VDD,Metal1,141.9375,285.8650,4.999958
_3671_,VDD,Metal1,147.9400,293.5775,4.999956
_3670_,VDD,Metal1,118.2600,302.2625,4.999953
_3669_,VDD,Metal1,128.4975,302.1350,4.999953
_3668_,VDD,Metal1,127.9500,332.6365,4.999982
_3667_,VDD,Metal1,136.5500,348.4015,4.999976
_3666_,VDD,Metal1,132.9775,325.6550,4.999965
_3665_,VDD,Metal1,211.1365,349.3430,4.999975
_3664_,VDD,Metal1,197.4225,247.2550,4.999967
_3663_,VDD,Metal1,216.4175,349.1750,4.999975
_3662_,VDD,Metal1,206.8975,349.1750,4.999976
_3661_,VDD,Metal1,123.3000,294.4225,4.999939
_3660_,VDD,Metal1,128.4975,294.2950,4.999939
_3659_,VDD,Metal1,146.7030,317.0565,4.999952
_3658_,VDD,Metal1,141.9375,317.2250,4.999952
_3657_,VDD,Metal1,139.1375,396.2150,4.999955
_3656_,VDD,Metal1,149.2500,309.1165,4.999961
_3655_,VDD,Metal1,205.5030,302.3030,4.999939
_3654_,VDD,Metal1,199.6625,239.4150,4.999963
_3653_,VDD,Metal1,219.2625,317.2250,4.999966
_3652_,VDD,Metal1,206.3375,348.5850,4.999976
_3651_,VDD,Metal1,133.1800,293.5775,4.999954
_3650_,VDD,Metal1,130.1775,286.4550,4.999958
_3649_,VDD,Metal1,138.3365,332.7365,4.999984
_3648_,VDD,Metal1,140.8175,325.6550,4.999965
_3647_,VDD,Metal1,134.6575,372.6950,4.999972
_3646_,VDD,Metal1,146.4500,309.1165,4.999961
_3645_,VDD,Metal1,210.5430,310.1430,4.999963
_3644_,VDD,Metal1,205.8225,270.7750,4.999943
_3643_,VDD,Metal1,216.9775,379.9450,4.999960
_3642_,VDD,Metal1,220.3375,309.3850,4.999963
_3641_,VDD,Metal1,141.0200,263.0625,4.999982
_3640_,VDD,Metal1,130.7375,278.6150,4.999953
_3639_,VDD,Metal1,152.8100,324.9875,4.999967
_3638_,VDD,Metal1,158.1775,325.6550,4.999967
_3637_,VDD,Metal1,149.2625,372.1050,4.999975
_3636_,VDD,Metal1,214.5200,325.0950,4.999975
_3635_,VDD,Metal1,213.6300,325.9230,4.999975
_3634_,VDD,Metal1,211.4225,246.6650,4.999967
_3633_,VDD,Metal1,214.2225,317.2250,4.999966
_3632_,VDD,Metal1,128.9000,270.9025,4.999950
_3631_,VDD,Metal1,132.9775,270.7750,4.999950
_3630_,VDD,Metal1,147.5700,356.1565,4.999975
_3629_,VDD,Metal1,158.0100,349.3580,4.999976
_3628_,VDD,Metal1,145.2975,396.2150,4.999953
_3627_,VDD,Metal1,214.4630,356.2565,4.999972
_3626_,VDD,Metal1,208.0625,388.3750,4.999915
_3625_,VDD,Metal1,200.7375,215.8950,4.999979
_3624_,VDD,Metal1,225.9375,341.3350,4.999986
_3623_,VDD,Metal1,132.2600,301.4175,4.999953
_3622_,VDD,Metal1,134.6575,302.1350,4.999953
_3621_,VDD,Metal1,146.4300,348.3165,4.999976
_3620_,VDD,Metal1,148.3100,349.3580,4.999976
_3619_,VDD,Metal1,150.8975,348.5850,4.999976
_3618_,VDD,Metal1,211.1365,356.2565,4.999972
_3617_,VDD,Metal1,218.7025,199.6250,4.999938
_3616_,VDD,Metal1,207.5025,333.4950,4.999985
_3615_,VDD,Metal1,211.9825,372.1050,4.999969
_3614_,VDD,Metal1,118.2600,317.9425,4.999951
_3613_,VDD,Metal1,122.3375,317.8150,4.999951
_3612_,VDD,Metal1,122.9100,341.6030,4.999986
_3611_,VDD,Metal1,138.7900,349.3580,4.999976
_3610_,VDD,Metal1,131.8575,333.4950,4.999982
_3609_,VDD,Metal1,210.0165,357.1830,4.999972
_3608_,VDD,Metal1,214.2225,207.4650,4.999974
_3607_,VDD,Metal1,220.3825,349.1750,4.999975
_3606_,VDD,Metal1,205.8225,356.4250,4.999972
_3605_,VDD,Metal1,114.9000,317.9425,4.999951
_3604_,VDD,Metal1,122.3375,302.1350,4.999953
_3603_,VDD,Metal1,126.8500,325.9230,4.999965
_3602_,VDD,Metal1,160.6300,317.0415,4.999955
_3601_,VDD,Metal1,150.5400,302.2625,4.999951
_3600_,VDD,Metal1,151.1000,310.1025,4.999963
_3599_,VDD,Metal1,129.0575,349.1750,4.999976
_3598_,VDD,Metal1,149.0600,310.1025,4.999961
_3597_,VDD,Metal1,155.7800,310.1025,4.999963
_3596_,VDD,Metal1,210.5765,325.8230,4.999975
_3595_,VDD,Metal1,206.3825,184.5350,4.999938
_3594_,VDD,Metal1,207.5025,364.8550,4.999918
_3593_,VDD,Metal1,205.8225,309.9750,4.999963
_3592_,VDD,Metal1,191.9800,310.1025,4.999965
_3591_,VDD,Metal1,213.8200,310.1025,4.999963
_3590_,VDD,Metal1,196.4600,302.2625,4.999942
_3589_,VDD,Metal1,193.1000,302.2625,4.999942
_3588_,VDD,Metal1,142.0100,277.8975,4.999953
_3587_,VDD,Metal1,148.2830,286.5930,4.999958
_3586_,VDD,Metal1,152.0500,286.7230,4.999958
_3585_,VDD,Metal1,190.5000,59.2225,4.999962
_3584_,VDD,Metal1,197.6950,67.1800,4.999971
_3583_,VDD,Metal1,196.4600,74.9025,4.999969
_3582_,VDD,Metal1,191.7900,73.9165,4.999969
_3581_,VDD,Metal1,195.6200,51.3950,4.999937
_3580_,VDD,Metal1,193.8765,59.2330,4.999962
_3579_,VDD,Metal1,197.5400,59.1825,4.999962
_3578_,VDD,Metal1,196.3625,82.7425,4.999988
_3577_,VDD,Metal1,204.8600,90.5825,4.999888
_3576_,VDD,Metal1,198.5460,105.4500,4.999989
_3575_,VDD,Metal1,185.6660,90.5500,4.999889
_3574_,VDD,Metal1,186.9230,97.5665,4.999970
_3573_,VDD,Metal1,194.3365,105.3765,4.999989
_3572_,VDD,Metal1,186.7100,89.7375,4.999889
_3571_,VDD,Metal1,186.5800,105.4175,4.999989
_3570_,VDD,Metal1,181.4565,97.5365,4.999982
_3569_,VDD,Metal1,180.8630,90.6230,4.999959
_3568_,VDD,Metal1,183.5400,98.3825,4.999970
_3567_,VDD,Metal1,182.2300,59.2225,4.999963
_3566_,VDD,Metal1,181.5800,66.2575,4.999971
_3565_,VDD,Metal1,177.2500,66.0765,4.999971
_3564_,VDD,Metal1,180.4130,74.0325,4.999969
_3563_,VDD,Metal1,186.5800,66.2175,4.999971
_3562_,VDD,Metal1,177.7900,97.4365,4.999982
_3561_,VDD,Metal1,177.7175,74.9025,4.999969
_3560_,VDD,Metal1,182.1000,81.8975,4.999988
_3559_,VDD,Metal1,177.9800,82.7425,4.999988
_3558_,VDD,Metal1,181.0600,89.7250,4.999959
_3557_,VDD,Metal1,187.1465,73.9165,4.999969
_3556_,VDD,Metal1,180.0500,105.2765,4.999989
_3555_,VDD,Metal1,190.1300,105.2765,4.999989
_3554_,VDD,Metal1,189.6075,67.0625,4.999971
_3553_,VDD,Metal1,195.4565,74.0165,4.999969
_3552_,VDD,Metal1,170.9975,333.6225,4.999984
_3551_,VDD,Metal1,175.5375,325.6550,4.999972
_3550_,VDD,Metal1,180.4200,325.7825,4.999976
_3549_,VDD,Metal1,180.6825,332.7775,4.999985
_3548_,VDD,Metal1,181.5800,324.9775,4.999976
_3547_,VDD,Metal1,194.9965,317.9530,4.999966
_3546_,VDD,Metal1,184.9000,325.7825,4.999975
_3545_,VDD,Metal1,186.9200,277.8825,4.999952
_3544_,VDD,Metal1,180.4400,238.6825,4.999963
_3543_,VDD,Metal1,188.0400,293.5625,4.999959
_3542_,VDD,Metal1,180.2000,246.5225,4.999968
_3541_,VDD,Metal1,170.9975,200.3425,4.999938
_3540_,VDD,Metal1,187.1800,199.5375,4.999938
_3539_,VDD,Metal1,175.9400,215.1775,4.999980
_3538_,VDD,Metal1,180.9965,191.6465,4.999963
_3537_,VDD,Metal1,183.3500,192.5025,4.999963
_3536_,VDD,Metal1,178.8375,215.1775,4.999980
_3535_,VDD,Metal1,177.2900,175.9775,4.999978
_3534_,VDD,Metal1,181.5800,176.0175,4.999978
_3533_,VDD,Metal1,187.1800,168.1775,4.999967
_3532_,VDD,Metal1,180.4130,183.7925,4.999944
_3531_,VDD,Metal1,190.9765,168.0965,4.999967
_3530_,VDD,Metal1,186.1175,152.4575,4.999984
_3529_,VDD,Metal1,180.1800,152.4975,4.999984
_3528_,VDD,Metal1,187.3700,129.7825,4.999973
_3527_,VDD,Metal1,180.1800,144.6575,4.999903
_3526_,VDD,Metal1,189.0100,128.7965,4.999973
_3525_,VDD,Metal1,198.3700,137.5505,4.999979
_3524_,VDD,Metal1,187.4600,136.8175,4.999979
_3523_,VDD,Metal1,198.6025,129.7825,4.999973
_3522_,VDD,Metal1,205.8225,137.4950,4.999979
_3521_,VDD,Metal1,192.6230,129.8230,4.999973
_3520_,VDD,Metal1,201.7000,128.9375,4.999973
_3519_,VDD,Metal1,200.3800,121.9425,4.999968
_3518_,VDD,Metal1,197.2365,121.9530,4.999968
_3517_,VDD,Metal1,196.3025,129.0650,4.999973
_3516_,VDD,Metal1,182.8300,129.9230,4.999975
_3515_,VDD,Metal1,193.3000,128.9375,4.999973
_3514_,VDD,Metal1,211.5630,128.9265,4.999972
_3513_,VDD,Metal1,208.0625,129.6550,4.999972
_3512_,VDD,Metal1,212.5300,129.9230,4.999972
_3511_,VDD,Metal1,207.6665,128.9125,4.999972
_3510_,VDD,Metal1,211.8775,137.6225,4.999978
_3509_,VDD,Metal1,212.5425,136.9050,4.999978
_3508_,VDD,Metal1,204.5800,129.7950,4.999973
_3507_,VDD,Metal1,219.6500,136.8490,4.999977
_3506_,VDD,Metal1,218.5975,144.6175,4.999902
_3505_,VDD,Metal1,225.4225,144.7450,4.999902
_3504_,VDD,Metal1,223.4565,145.5030,4.999902
_3503_,VDD,Metal1,225.7800,121.9425,4.999968
_3502_,VDD,Metal1,230.6030,128.9265,4.999971
_3501_,VDD,Metal1,226.4975,129.0650,4.999971
_3500_,VDD,Metal1,229.8700,144.4765,4.999902
_3499_,VDD,Metal1,231.3800,160.2975,4.999982
_3498_,VDD,Metal1,229.9025,168.8550,4.999966
_3497_,VDD,Metal1,229.2800,168.2025,4.999966
_3496_,VDD,Metal1,227.2665,160.2725,4.999982
_3495_,VDD,Metal1,239.5800,192.5025,4.999963
_3494_,VDD,Metal1,229.7165,175.9665,4.999977
_3493_,VDD,Metal1,227.6625,183.9450,4.999938
_3492_,VDD,Metal1,244.5400,184.6750,4.999938
_3491_,VDD,Metal1,233.6130,175.9525,4.999977
_3490_,VDD,Metal1,240.7000,207.3375,4.999974
_3489_,VDD,Metal1,234.1965,216.0330,4.999979
_3488_,VDD,Metal1,234.8975,208.0550,4.999974
_3487_,VDD,Metal1,243.8900,199.3565,4.999937
_3486_,VDD,Metal1,236.7865,192.5275,4.999963
_3485_,VDD,Metal1,236.9800,223.8625,4.999965
_3484_,VDD,Metal1,239.9375,238.8250,4.999963
_3483_,VDD,Metal1,239.0200,223.8625,4.999965
_3482_,VDD,Metal1,239.8200,231.6625,4.999977
_3481_,VDD,Metal1,227.2400,238.6825,4.999963
_3480_,VDD,Metal1,239.0200,254.3775,4.999915
_3479_,VDD,Metal1,234.9425,254.5050,4.999915
_3478_,VDD,Metal1,233.2800,238.7625,4.999963
_3477_,VDD,Metal1,242.3800,301.4175,4.999938
_3476_,VDD,Metal1,234.8975,294.2950,4.999954
_3475_,VDD,Metal1,235.1850,286.7000,4.999953
_3474_,VDD,Metal1,229.4700,254.4490,4.999915
_3473_,VDD,Metal1,238.6600,285.7375,4.999953
_3472_,VDD,Metal1,241.6625,270.1850,4.999943
_3471_,VDD,Metal1,226.7850,277.7800,4.999952
_3470_,VDD,Metal1,231.8230,285.6965,4.999953
_3469_,VDD,Metal1,221.1000,294.4225,4.999955
_3468_,VDD,Metal1,219.2625,278.0250,4.999952
_3467_,VDD,Metal1,227.0400,285.8025,4.999953
_3466_,VDD,Metal1,241.0900,285.5965,4.999953
_3465_,VDD,Metal1,212.3800,270.8625,4.999943
_3464_,VDD,Metal1,216.0430,285.7265,4.999953
_3463_,VDD,Metal1,210.6600,263.0625,4.999982
_3462_,VDD,Metal1,205.2300,231.8430,4.999977
_3461_,VDD,Metal1,170.8930,310.1275,4.999965
_3459_,VDD,Metal1,220.6565,222.9765,4.999965
_3458_,VDD,Metal1,175.6600,324.9250,4.999972
_3457_,VDD,Metal1,176.1600,317.1625,4.999966
_3456_,VDD,Metal1,170.1400,317.0975,4.999966
_3455_,VDD,Metal1,179.2800,309.2575,4.999965
_3454_,VDD,Metal1,181.7100,269.9165,4.999947
_3453_,VDD,Metal1,200.3630,231.7130,4.999977
_3452_,VDD,Metal1,188.6700,246.5375,4.999968
_3451_,VDD,Metal1,188.0200,176.7825,4.999977
_3450_,VDD,Metal1,195.3230,161.1530,4.999982
_3449_,VDD,Metal1,186.4630,161.1830,4.999982
_3448_,VDD,Metal1,208.0500,136.6365,4.999978
_3447_,VDD,Metal1,217.6100,153.3025,4.999983
_3446_,VDD,Metal1,235.9000,168.9425,4.999966
_3445_,VDD,Metal1,220.9100,167.9965,4.999966
_3444_,VDD,Metal1,226.5700,168.9825,4.999966
_3443_,VDD,Metal1,238.1165,239.5530,4.999963
_3442_,VDD,Metal1,244.5400,247.3950,4.999966
_3441_,VDD,Metal1,225.7500,262.2675,4.999981
_3440_,VDD,Metal1,118.8600,466.0975,4.999985
_3439_,VDD,Metal1,120.2830,458.2065,4.999973
_3438_,VDD,Metal1,116.0200,473.8975,4.999976
_3437_,VDD,Metal1,122.5230,466.0465,4.999985
_3436_,VDD,Metal1,119.7465,473.8725,4.999976
_3435_,VDD,Metal1,115.4600,481.7375,4.999980
_3434_,VDD,Metal1,118.6030,481.7265,4.999980
_3433_,VDD,Metal1,123.6665,481.7125,4.999984
_3432_,VDD,Metal1,127.7800,482.5825,4.999984
_3431_,VDD,Metal1,129.2430,466.9130,4.999986
_3430_,VDD,Metal1,122.5465,474.7675,4.999976
_3429_,VDD,Metal1,139.2100,466.9025,4.999986
_3428_,VDD,Metal1,140.6800,473.8825,4.999977
_3427_,VDD,Metal1,140.1400,482.5425,4.999984
_3426_,VDD,Metal1,128.1000,474.7025,4.999976
_3425_,VDD,Metal1,138.7630,466.0465,4.999986
_3424_,VDD,Metal1,145.8300,466.9025,4.999986
_3423_,VDD,Metal1,152.4500,466.8305,4.999986
_3422_,VDD,Metal1,151.9000,466.0975,4.999986
_3421_,VDD,Metal1,151.3400,481.7775,4.999984
_3420_,VDD,Metal1,155.0030,482.5930,4.999985
_3419_,VDD,Metal1,156.4700,466.0575,4.999986
_3418_,VDD,Metal1,157.8265,466.9275,4.999986
_3417_,VDD,Metal1,161.9400,466.9025,4.999986
_3416_,VDD,Metal1,170.5700,473.8975,4.999977
_3415_,VDD,Metal1,172.0600,481.7775,4.999985
_3414_,VDD,Metal1,164.5200,473.8825,4.999977
_3413_,VDD,Metal1,169.8200,466.8625,4.999986
_3412_,VDD,Metal1,174.0430,473.8865,4.999977
_3411_,VDD,Metal1,162.1700,451.2225,4.999967
_3410_,VDD,Metal1,167.5600,443.3975,4.999975
_3409_,VDD,Metal1,166.1800,459.0225,4.999972
_3408_,VDD,Metal1,173.7400,458.2575,4.999971
_3407_,VDD,Metal1,177.4030,458.2065,4.999971
_3406_,VDD,Metal1,173.3700,443.3825,4.999975
_3405_,VDD,Metal1,175.9800,450.4175,4.999967
_3404_,VDD,Metal1,173.1600,434.6825,4.999990
_3403_,VDD,Metal1,178.7800,434.7375,4.999990
_3402_,VDD,Metal1,179.6430,450.3665,4.999967
_3401_,VDD,Metal1,165.3800,466.9150,4.999986
_3400_,VDD,Metal1,170.1230,412.0330,4.999980
_3399_,VDD,Metal1,175.0500,396.3425,4.999957
_3398_,VDD,Metal1,175.9600,403.3225,4.999956
_3397_,VDD,Metal1,164.9100,411.0365,4.999979
_3396_,VDD,Metal1,175.4200,411.9825,4.999980
_3395_,VDD,Metal1,172.0200,403.3375,4.999955
_3394_,VDD,Metal1,171.8200,419.0175,4.999966
_3393_,VDD,Metal1,167.5800,419.8225,4.999962
_3392_,VDD,Metal1,154.4300,451.1505,4.999967
_3391_,VDD,Metal1,159.6500,434.6975,4.999989
_3390_,VDD,Metal1,159.5500,427.7025,4.999982
_3389_,VDD,Metal1,129.3100,451.2225,4.999965
_3388_,VDD,Metal1,144.1500,451.2225,4.999966
_3387_,VDD,Metal1,159.9060,419.8300,4.999961
_3386_,VDD,Metal1,148.8300,426.9290,4.999982
_3385_,VDD,Metal1,152.2800,419.1750,4.999961
_3384_,VDD,Metal1,142.7600,419.7050,4.999960
_3383_,VDD,Metal1,151.1500,435.5425,4.999987
_3382_,VDD,Metal1,149.4030,451.2330,4.999967
_3381_,VDD,Metal1,150.5500,442.4815,4.999975
_3380_,VDD,Metal1,141.4200,434.6825,4.999987
_3379_,VDD,Metal1,131.9200,443.3175,4.999975
_3378_,VDD,Metal1,151.0330,412.0815,4.999979
_3377_,VDD,Metal1,159.9025,411.8950,4.999979
_3376_,VDD,Metal1,160.4000,435.4775,4.999989
_3375_,VDD,Metal1,155.3775,419.7350,4.999961
_3374_,VDD,Metal1,139.1825,435.4150,4.999987
_3373_,VDD,Metal1,146.2765,412.0330,4.999979
_3372_,VDD,Metal1,150.0400,419.7050,4.999961
_3371_,VDD,Metal1,140.3930,418.9580,4.999960
_3370_,VDD,Metal1,140.0400,427.5450,4.999980
_3369_,VDD,Metal1,131.9200,435.4775,4.999986
_3368_,VDD,Metal1,142.5100,426.7165,4.999981
_3367_,VDD,Metal1,239.5800,364.1375,4.999918
_3366_,VDD,Metal1,227.6800,348.5225,4.999974
_3365_,VDD,Metal1,244.5400,349.3150,4.999974
_3364_,VDD,Metal1,226.3565,340.6065,4.999986
_3363_,VDD,Metal1,236.4600,357.1025,4.999971
_3362_,VDD,Metal1,243.8900,340.4765,4.999986
_3361_,VDD,Metal1,238.8900,333.6225,4.999980
_3360_,VDD,Metal1,239.0000,317.9575,4.999966
_3359_,VDD,Metal1,238.1400,325.7425,4.999974
_3358_,VDD,Metal1,244.5400,325.7950,4.999974
_3357_,VDD,Metal1,234.1965,317.9530,4.999966
_3356_,VDD,Metal1,240.3800,310.0625,4.999963
_3355_,VDD,Metal1,240.5700,371.9775,4.999969
_3354_,VDD,Metal1,235.0700,364.9105,4.999918
_3353_,VDD,Metal1,242.9400,371.9775,4.999969
_3352_,VDD,Metal1,241.1300,387.6575,4.999910
_3351_,VDD,Metal1,235.0800,388.5175,4.999910
_3350_,VDD,Metal1,235.6200,411.2175,4.999978
_3349_,VDD,Metal1,239.5000,388.5150,4.999910
_3348_,VDD,Metal1,239.5630,395.4865,4.999954
_3347_,VDD,Metal1,226.6600,403.3775,4.999955
_3346_,VDD,Metal1,231.0500,411.1775,4.999978
_3345_,VDD,Metal1,229.4800,412.0375,4.999978
_3344_,VDD,Metal1,232.5000,427.7025,4.999979
_3343_,VDD,Metal1,233.7500,412.0225,4.999978
_3342_,VDD,Metal1,227.4530,427.7275,4.999979
_3341_,VDD,Metal1,221.3000,426.8575,4.999979
_3340_,VDD,Metal1,221.9900,451.2225,4.999966
_3339_,VDD,Metal1,219.6500,458.2890,4.999966
_3338_,VDD,Metal1,233.4200,459.0625,4.999966
_3337_,VDD,Metal1,226.5700,473.8975,4.999974
_3336_,VDD,Metal1,219.6130,466.0325,4.999986
_3335_,VDD,Metal1,218.3000,481.7375,4.999984
_3334_,VDD,Metal1,215.3700,481.7375,4.999984
_3333_,VDD,Metal1,219.4265,473.8725,4.999974
_3332_,VDD,Metal1,213.8200,458.2175,4.999966
_3331_,VDD,Metal1,205.1900,466.9025,4.999986
_3330_,VDD,Metal1,200.0500,458.9905,4.999966
_3329_,VDD,Metal1,195.5400,459.0625,4.999967
_3328_,VDD,Metal1,198.0100,482.5825,4.999984
_3327_,VDD,Metal1,198.1465,466.9275,4.999986
_3326_,VDD,Metal1,200.3800,474.7425,4.999975
_3325_,VDD,Metal1,193.5300,474.7425,4.999976
_3324_,VDD,Metal1,197.5865,474.7675,4.999976
_3323_,VDD,Metal1,188.0600,474.7425,4.999976
_3322_,VDD,Metal1,186.2500,459.0625,4.999967
_3321_,VDD,Metal1,189.4100,450.4490,4.999966
_3320_,VDD,Metal1,184.7000,474.7425,4.999977
_3319_,VDD,Metal1,181.7700,466.0575,4.999986
_3318_,VDD,Metal1,190.3065,459.0875,4.999967
_3317_,VDD,Metal1,182.1000,473.8975,4.999977
_3316_,VDD,Metal1,184.5700,435.5425,4.999989
_3315_,VDD,Metal1,188.6265,434.6725,4.999989
_3314_,VDD,Metal1,191.4200,434.6975,4.999985
_3313_,VDD,Metal1,181.6200,403.3250,4.999955
_3312_,VDD,Metal1,188.6030,396.3530,4.999957
_3311_,VDD,Metal1,185.4600,396.3425,4.999957
_3310_,VDD,Metal1,189.9700,387.7290,4.999921
_3309_,VDD,Metal1,185.1300,388.5025,4.999942
_3308_,VDD,Metal1,187.5065,379.7925,4.999961
_3307_,VDD,Metal1,182.1000,387.6575,4.999944
_3306_,VDD,Metal1,189.5100,395.4975,4.999957
_3305_,VDD,Metal1,195.3465,387.6325,4.999921
_3304_,VDD,Metal1,198.1400,380.6625,4.999960
_3303_,VDD,Metal1,186.1500,340.6175,4.999986
_3302_,VDD,Metal1,182.9900,357.0705,4.999974
_3301_,VDD,Metal1,189.7400,371.9775,4.999970
_3300_,VDD,Metal1,178.9700,364.1375,4.999919
_3299_,VDD,Metal1,186.0130,364.1125,4.999919
_3298_,VDD,Metal1,170.3400,364.1375,4.999917
_3297_,VDD,Metal1,172.7100,364.1375,4.999918
_3296_,VDD,Metal1,178.7400,371.9775,4.999975
_3295_,VDD,Metal1,191.4265,364.1125,4.999918
_3294_,VDD,Metal1,178.9300,412.1630,4.999980
_3293_,VDD,Metal1,171.6875,302.2625,4.999948
_3292_,VDD,Metal1,170.9000,309.2575,4.999965
_3291_,VDD,Metal1,57.8200,294.3825,4.999949
_3290_,VDD,Metal1,62.0430,302.2730,4.999959
_3289_,VDD,Metal1,56.7000,310.0625,4.999963
_3288_,VDD,Metal1,60.3630,310.1130,4.999963
_3287_,VDD,Metal1,51.9400,286.5425,4.999960
_3286_,VDD,Metal1,56.4430,302.2730,4.999959
_3285_,VDD,Metal1,59.5000,372.0175,4.999975
_3284_,VDD,Metal1,60.3630,364.9930,4.999944
_3283_,VDD,Metal1,69.5800,434.7375,4.999985
_3282_,VDD,Metal1,66.7565,443.3930,4.999977
_3281_,VDD,Metal1,53.9000,443.3425,4.999978
_3280_,VDD,Metal1,57.5630,443.3930,4.999978
_3279_,VDD,Metal1,62.0200,404.1425,4.999960
_3278_,VDD,Metal1,63.1630,411.1665,4.999974
_3277_,VDD,Metal1,52.7800,411.9825,4.999975
_3276_,VDD,Metal1,55.3230,419.8730,4.999954
_3275_,VDD,Metal1,52.9100,372.9630,4.999978
_3274_,VDD,Metal1,75.1800,309.2975,4.999962
_3273_,VDD,Metal1,78.8430,302.2730,4.999955
_3272_,VDD,Metal1,75.7400,340.6575,4.999987
_3271_,VDD,Metal1,76.6030,332.7665,4.999982
_3270_,VDD,Metal1,83.5800,388.4625,4.999946
_3269_,VDD,Metal1,82.9965,380.6730,4.999966
_3268_,VDD,Metal1,88.6200,301.4575,4.999955
_3267_,VDD,Metal1,90.6030,310.1130,4.999962
_3266_,VDD,Metal1,103.1800,364.1775,4.999918
_3265_,VDD,Metal1,107.9630,364.1265,4.999918
_3264_,VDD,Metal1,108.7800,387.6975,4.999943
_3263_,VDD,Metal1,102.5965,379.8065,4.999965
_3262_,VDD,Metal1,71.8200,317.1375,4.999955
_3261_,VDD,Metal1,75.4830,317.0865,4.999954
_3260_,VDD,Metal1,72.3800,302.2225,4.999955
_3259_,VDD,Metal1,76.0430,294.4330,4.999938
_3258_,VDD,Metal1,87.6300,302.4030,4.999955
_3257_,VDD,Metal1,73.5000,129.7425,4.999975
_3256_,VDD,Metal1,74.0365,128.9265,4.999975
_3255_,VDD,Metal1,83.5800,121.1375,4.999968
_3254_,VDD,Metal1,82.9965,129.7930,4.999975
_3253_,VDD,Metal1,89.1800,137.5825,4.999982
_3252_,VDD,Metal1,87.2430,136.7665,4.999982
_3251_,VDD,Metal1,80.2200,168.9425,4.999974
_3250_,VDD,Metal1,81.6430,176.8330,4.999976
_3249_,VDD,Metal1,73.2200,144.6575,4.999880
_3248_,VDD,Metal1,69.5565,144.6065,4.999881
_3247_,VDD,Metal1,56.1400,144.6575,4.999889
_3246_,VDD,Metal1,56.6765,137.6330,4.999983
_3245_,VDD,Metal1,53.3400,153.2625,4.999984
_3244_,VDD,Metal1,57.0030,153.3130,4.999984
_3243_,VDD,Metal1,52.7800,191.6975,4.999966
_3242_,VDD,Metal1,53.6430,199.4865,4.999941
_3241_,VDD,Metal1,83.7300,207.1965,4.999968
_3240_,VDD,Metal1,41.5800,215.9825,4.999984
_3239_,VDD,Metal1,43.5630,208.1930,4.999970
_3238_,VDD,Metal1,41.0200,200.3025,4.999942
_3237_,VDD,Metal1,40.9965,192.5130,4.999976
_3236_,VDD,Metal1,32.6200,183.8575,4.999971
_3235_,VDD,Metal1,36.2830,183.8065,4.999971
_3234_,VDD,Metal1,32.6200,215.2175,4.999985
_3233_,VDD,Metal1,36.2830,216.0330,4.999984
_3232_,VDD,Metal1,32.6200,208.1425,4.999970
_3231_,VDD,Metal1,33.4830,200.3530,4.999944
_3230_,VDD,Metal1,24.7800,168.1775,4.999984
_3229_,VDD,Metal1,26.7630,168.9930,4.999984
_3228_,VDD,Metal1,24.7800,223.0575,4.999939
_3227_,VDD,Metal1,23.0765,223.8730,4.999939
_3226_,VDD,Metal1,28.9800,230.8975,4.999980
_3225_,VDD,Metal1,27.5565,223.8730,4.999938
_3224_,VDD,Metal1,38.9100,215.0365,4.999984
_3223_,VDD,Metal1,44.3800,286.5425,4.999961
_3222_,VDD,Metal1,49.1630,294.4330,4.999949
_3221_,VDD,Metal1,44.3800,310.0625,4.999963
_3220_,VDD,Metal1,49.1630,310.1130,4.999963
_3219_,VDD,Metal1,38.5000,357.1025,4.999976
_3218_,VDD,Metal1,43.5630,357.1530,4.999976
_3217_,VDD,Metal1,50.5400,387.6975,4.999959
_3216_,VDD,Metal1,49.7230,379.8065,4.999971
_3215_,VDD,Metal1,31.5000,403.3775,4.999973
_3214_,VDD,Metal1,35.1630,403.3265,4.999973
_3213_,VDD,Metal1,36.2600,419.8225,4.999955
_3212_,VDD,Metal1,34.2765,427.7130,4.999983
_3211_,VDD,Metal1,30.3800,419.0575,4.999955
_3210_,VDD,Metal1,29.7965,427.7130,4.999983
_3209_,VDD,Metal1,35.9800,395.5375,4.999979
_3208_,VDD,Metal1,35.9565,387.6465,4.999962
_3207_,VDD,Metal1,40.5900,379.6765,4.999973
_3206_,VDD,Metal1,82.1800,310.0625,4.999962
_3205_,VDD,Metal1,95.0830,310.1130,4.999962
_3204_,VDD,Metal1,101.7800,310.0625,4.999961
_3203_,VDD,Metal1,102.3630,309.2465,4.999961
_3202_,VDD,Metal1,101.7800,301.4575,4.999954
_3201_,VDD,Metal1,102.3630,293.5665,4.999939
_3200_,VDD,Metal1,103.1800,324.9775,4.999964
_3199_,VDD,Metal1,107.9630,324.9265,4.999964
_3198_,VDD,Metal1,108.7800,340.6575,4.999986
_3197_,VDD,Metal1,109.0830,332.7665,4.999982
_3196_,VDD,Metal1,100.3800,270.0975,4.999955
_3195_,VDD,Metal1,102.3630,285.7265,4.999959
_3194_,VDD,Metal1,91.9800,278.7025,4.999955
_3193_,VDD,Metal1,95.6430,278.7530,4.999955
_3192_,VDD,Metal1,89.1800,293.6175,4.999939
_3191_,VDD,Metal1,91.1630,286.5930,4.999959
_3190_,VDD,Metal1,97.7300,285.5965,4.999959
_3189_,VDD,Metal1,90.5800,223.8225,4.999937
_3188_,VDD,Metal1,88.5965,216.0330,4.999982
_3187_,VDD,Metal1,90.8600,192.4625,4.999965
_3186_,VDD,Metal1,94.5230,192.5130,4.999965
_3185_,VDD,Metal1,83.5800,215.9825,4.999982
_3184_,VDD,Metal1,91.1630,208.1930,4.999968
_3183_,VDD,Metal1,73.5000,199.5375,4.999938
_3182_,VDD,Metal1,79.9630,207.3265,4.999968
_3181_,VDD,Metal1,62.8600,215.2175,4.999983
_3180_,VDD,Metal1,63.3965,207.3265,4.999970
_3179_,VDD,Metal1,63.1400,192.4625,4.999966
_3178_,VDD,Metal1,63.1630,199.4865,4.999941
_3177_,VDD,Metal1,62.8600,230.8975,4.999979
_3176_,VDD,Metal1,63.3965,223.0065,4.999937
_3175_,VDD,Metal1,71.8200,207.3775,4.999968
_3174_,VDD,Metal1,75.4830,207.3265,4.999968
_3173_,VDD,Metal1,87.6300,230.7165,4.999977
_3172_,VDD,Metal1,49.9800,223.8225,4.999937
_3171_,VDD,Metal1,43.2365,239.5530,4.999957
_3170_,VDD,Metal1,41.0200,153.2625,4.999984
_3169_,VDD,Metal1,39.6430,145.4730,4.999893
_3168_,VDD,Metal1,41.0200,231.6625,4.999980
_3167_,VDD,Metal1,43.5630,246.5265,4.999974
_3166_,VDD,Metal1,28.1400,129.7425,4.999978
_3165_,VDD,Metal1,31.8030,129.7930,4.999978
_3164_,VDD,Metal1,12.7400,137.5825,4.999985
_3163_,VDD,Metal1,10.1965,152.4465,4.999985
_3162_,VDD,Metal1,13.0200,153.2625,4.999985
_3161_,VDD,Metal1,12.9965,136.7665,4.999985
_3160_,VDD,Metal1,13.5800,247.3425,4.999982
_3159_,VDD,Metal1,14.1165,231.7130,4.999981
_3158_,VDD,Metal1,13.5800,223.8225,4.999939
_3157_,VDD,Metal1,18.3630,231.7130,4.999981
_3156_,VDD,Metal1,24.9100,246.3965,4.999975
_3155_,VDD,Metal1,38.7800,286.5425,4.999966
_3154_,VDD,Metal1,41.3230,285.7265,4.999961
_3153_,VDD,Metal1,31.7800,285.7775,4.999968
_3152_,VDD,Metal1,36.8430,285.7265,4.999966
_3151_,VDD,Metal1,23.3800,340.6575,4.999990
_3150_,VDD,Metal1,19.7165,340.6065,4.999990
_3149_,VDD,Metal1,24.2200,372.0175,4.999980
_3148_,VDD,Metal1,23.6365,364.1265,4.999973
_3147_,VDD,Metal1,44.3800,443.3425,4.999978
_3146_,VDD,Metal1,43.5630,435.5530,4.999986
_3145_,VDD,Metal1,30.3800,450.4175,4.999963
_3144_,VDD,Metal1,34.0430,450.3665,4.999963
_3143_,VDD,Metal1,24.7800,442.5775,4.999980
_3142_,VDD,Metal1,24.1965,450.3665,4.999963
_3141_,VDD,Metal1,17.7800,459.0225,4.999976
_3140_,VDD,Metal1,26.2030,466.9130,4.999988
_3139_,VDD,Metal1,36.6700,341.6030,4.999990
_3138_,VDD,Metal1,72.3800,443.3425,4.999975
_3137_,VDD,Metal1,76.0430,443.3930,4.999975
_3136_,VDD,Metal1,71.2600,403.3775,4.999959
_3135_,VDD,Metal1,74.3630,396.3530,4.999959
_3134_,VDD,Metal1,103.1800,419.0575,4.999956
_3133_,VDD,Metal1,107.9630,419.0065,4.999956
_3132_,VDD,Metal1,99.8200,404.1425,4.999958
_3131_,VDD,Metal1,103.4830,404.1930,4.999955
_3130_,VDD,Metal1,103.1800,442.5775,4.999975
_3129_,VDD,Metal1,107.9630,442.5265,4.999975
_3128_,VDD,Metal1,103.1800,481.7775,4.999979
_3127_,VDD,Metal1,107.9630,473.8865,4.999976
_3126_,VDD,Metal1,70.1400,458.2575,4.999975
_3125_,VDD,Metal1,71.0030,450.3665,4.999956
_3124_,VDD,Metal1,63.4200,481.7775,4.999978
_3123_,VDD,Metal1,68.7630,466.0465,4.999985
_3122_,VDD,Metal1,70.8500,396.4830,4.999959
_3121_,VDD,Metal1,69.5800,27.0575,4.999956
_3120_,VDD,Metal1,61.7165,35.7130,4.999970
_3119_,VDD,Metal1,58.1000,42.7375,4.999984
_3118_,VDD,Metal1,57.2365,35.7130,4.999970
_3117_,VDD,Metal1,51.6600,19.9825,4.999988
_3116_,VDD,Metal1,51.6365,42.6865,4.999984
_3115_,VDD,Metal1,62.3000,66.2575,4.999967
_3114_,VDD,Metal1,62.8365,50.5265,4.999922
_3113_,VDD,Metal1,43.8200,97.6175,4.999985
_3112_,VDD,Metal1,43.2365,90.5930,4.999982
_3111_,VDD,Metal1,50.5400,82.7025,4.999983
_3110_,VDD,Metal1,50.5165,90.5930,4.999982
_3109_,VDD,Metal1,39.0600,128.9775,4.999978
_3108_,VDD,Metal1,37.6365,136.7665,4.999984
_3107_,VDD,Metal1,33.4600,121.1375,4.999971
_3106_,VDD,Metal1,38.5230,121.0865,4.999971
_3105_,VDD,Metal1,57.4100,199.3565,4.999941
_3104_,VDD,Metal1,44.9400,42.7375,4.999984
_3103_,VDD,Metal1,42.4430,43.5530,4.999984
_3102_,VDD,Metal1,35.9800,50.5775,4.999937
_3101_,VDD,Metal1,40.2030,35.7130,4.999971
_3100_,VDD,Metal1,22.2600,43.5025,4.999985
_3099_,VDD,Metal1,19.7165,35.7130,4.999971
_3098_,VDD,Metal1,11.3400,66.2575,4.999975
_3097_,VDD,Metal1,11.3165,59.2330,4.999965
_3096_,VDD,Metal1,12.4600,97.6175,4.999986
_3095_,VDD,Metal1,12.4365,90.5930,4.999984
_3094_,VDD,Metal1,13.0200,113.2975,4.999984
_3093_,VDD,Metal1,12.9965,106.2730,4.999992
_3092_,VDD,Metal1,12.4600,184.6225,4.999971
_3091_,VDD,Metal1,12.4365,168.1265,4.999984
_3090_,VDD,Metal1,11.0600,199.5375,4.999973
_3089_,VDD,Metal1,12.4365,192.5130,4.999976
_3088_,VDD,Metal1,29.9700,200.4830,4.999970
_3087_,VDD,Metal1,17.7800,270.8625,4.999962
_3086_,VDD,Metal1,12.9965,263.0730,4.999984
_3085_,VDD,Metal1,11.6200,277.9375,4.999967
_3084_,VDD,Metal1,13.8830,270.9130,4.999962
_3083_,VDD,Metal1,19.8900,255.3630,4.999959
_3082_,VDD,Metal1,12.4600,395.5375,4.999979
_3081_,VDD,Metal1,14.4430,364.9930,4.999973
_3080_,VDD,Metal1,12.4600,490.3825,4.999998
_3079_,VDD,Metal1,13.8830,489.5665,4.999998
_3078_,VDD,Metal1,18.3400,372.0175,4.999980
_3077_,VDD,Metal1,10.5230,388.5130,4.999967
_3076_,VDD,Metal1,18.3400,466.0975,4.999988
_3075_,VDD,Metal1,14.1165,482.5930,4.999986
_3074_,VDD,Metal1,10.7800,364.9425,4.999973
_3073_,VDD,Metal1,13.8830,364.1265,4.999973
_3072_,VDD,Metal1,13.0200,459.0225,4.999976
_3071_,VDD,Metal1,18.9230,451.2330,4.999963
_3070_,VDD,Metal1,15.8200,340.6575,4.999990
_3069_,VDD,Metal1,18.9230,349.3130,4.999980
_3068_,VDD,Metal1,10.7800,443.3425,4.999980
_3067_,VDD,Metal1,14.4430,443.3930,4.999980
_3066_,VDD,Metal1,11.3400,340.6575,4.999990
_3065_,VDD,Metal1,13.3230,333.6330,4.999985
_3064_,VDD,Metal1,19.7400,442.5775,4.999980
_3063_,VDD,Metal1,19.1565,450.3665,4.999963
_3062_,VDD,Metal1,11.3400,317.9025,4.999966
_3061_,VDD,Metal1,15.0030,317.9530,4.999966
_3060_,VDD,Metal1,28.8500,340.4765,4.999990
_3059_,VDD,Metal1,10.7800,403.3775,4.999979
_3058_,VDD,Metal1,14.4430,403.3265,4.999979
_3057_,VDD,Metal1,24.9300,395.3565,4.999979
_3056_,VDD,Metal1,153.5400,239.5425,4.999953
_3055_,VDD,Metal1,157.6175,246.6650,4.999969
_3054_,VDD,Metal1,159.5500,239.5425,4.999961
_3053_,VDD,Metal1,168.1400,238.7375,4.999964
_3052_,VDD,Metal1,165.3165,246.5265,4.999970
_3051_,VDD,Metal1,167.5465,247.5230,4.999970
_3050_,VDD,Metal1,139.9000,238.6975,4.999952
_3049_,VDD,Metal1,127.9825,255.0950,4.999920
_3048_,VDD,Metal1,146.2600,239.5425,4.999952
_3047_,VDD,Metal1,110.4200,270.0575,4.999951
_3046_,VDD,Metal1,115.1025,262.9350,4.999981
_3045_,VDD,Metal1,63.8565,270.9430,4.999958
_3044_,VDD,Metal1,64.5975,263.0625,4.999983
_3043_,VDD,Metal1,34.4660,255.1900,4.999950
_3042_,VDD,Metal1,38.8975,262.3450,4.999984
_3041_,VDD,Metal1,23.2625,254.5050,4.999959
_3040_,VDD,Metal1,28.3025,255.0950,4.999953
_3039_,VDD,Metal1,36.7025,254.5050,4.999950
_3038_,VDD,Metal1,72.6200,270.9150,4.999956
_3037_,VDD,Metal1,68.9700,277.8415,4.999960
_3036_,VDD,Metal1,57.2100,270.0015,4.999959
_3035_,VDD,Metal1,28.8300,269.9165,4.999962
_3034_,VDD,Metal1,111.5400,277.8975,4.999953
_3033_,VDD,Metal1,114.5425,278.0250,4.999953
_3032_,VDD,Metal1,51.5365,263.1030,4.999984
_3031_,VDD,Metal1,55.0775,263.0625,4.999984
_3030_,VDD,Metal1,50.1460,270.0900,4.999960
_3029_,VDD,Metal1,23.2625,255.0950,4.999959
_3028_,VDD,Metal1,52.9425,427.5750,4.999982
_3027_,VDD,Metal1,52.5500,239.5980,4.999957
_3026_,VDD,Metal1,60.8600,270.9150,4.999959
_3025_,VDD,Metal1,79.9900,277.8415,4.999958
_3024_,VDD,Metal1,46.3900,262.1615,4.999984
_3023_,VDD,Metal1,48.4300,363.9965,4.999970
_3022_,VDD,Metal1,160.4900,255.2225,4.999929
_3021_,VDD,Metal1,31.6300,269.9165,4.999962
_3020_,VDD,Metal1,89.7000,263.0625,4.999982
_3019_,VDD,Metal1,98.6600,238.6975,4.999949
_3018_,VDD,Metal1,100.5425,230.9850,4.999976
_3017_,VDD,Metal1,73.3430,246.4965,4.999972
_3016_,VDD,Metal1,68.7600,239.5575,4.999953
_3015_,VDD,Metal1,66.1700,255.2780,4.999944
_3014_,VDD,Metal1,56.8625,246.6650,4.999973
_3013_,VDD,Metal1,89.2975,239.4150,4.999950
_3012_,VDD,Metal1,74.7375,239.4150,4.999953
_3011_,VDD,Metal1,66.1700,231.7580,4.999979
_3010_,VDD,Metal1,115.4600,223.8625,4.999937
_3009_,VDD,Metal1,117.9025,231.5750,4.999976
_3008_,VDD,Metal1,81.1830,230.8165,4.999977
_3007_,VDD,Metal1,74.9100,231.6305,4.999977
_3006_,VDD,Metal1,75.2975,317.8150,4.999954
_3005_,VDD,Metal1,78.0975,199.6250,4.999938
_3004_,VDD,Metal1,52.3825,231.5750,4.999980
_3003_,VDD,Metal1,89.8575,231.5750,4.999977
_3002_,VDD,Metal1,69.1825,152.5850,4.999984
_3001_,VDD,Metal1,77.0225,285.8650,4.999960
_3000_,VDD,Metal1,100.3400,262.2175,4.999982
_2999_,VDD,Metal1,101.1025,254.5050,4.999921
_2998_,VDD,Metal1,87.9030,262.1765,4.999982
_2997_,VDD,Metal1,52.5100,255.1505,4.999947
_2996_,VDD,Metal1,21.5825,309.3850,4.999971
_2995_,VDD,Metal1,51.2175,176.6950,4.999978
_2994_,VDD,Metal1,55.9100,262.1615,4.999984
_2993_,VDD,Metal1,75.1300,262.1615,4.999983
_2992_,VDD,Metal1,88.5700,238.6415,4.999950
_2991_,VDD,Metal1,44.5100,263.2030,4.999984
_2990_,VDD,Metal1,121.9800,231.7025,4.999976
_2989_,VDD,Metal1,112.8625,231.5750,4.999976
_2988_,VDD,Metal1,70.8135,238.7300,4.999953
_2987_,VDD,Metal1,74.2225,192.3750,4.999965
_2986_,VDD,Metal1,71.9375,230.9850,4.999979
_2985_,VDD,Metal1,77.2400,238.8550,4.999953
_2984_,VDD,Metal1,76.7030,263.1030,4.999983
_2983_,VDD,Metal1,29.4225,262.3450,4.999984
_2982_,VDD,Metal1,42.3025,348.5850,4.999977
_2981_,VDD,Metal1,73.1025,379.9450,4.999967
_2980_,VDD,Metal1,83.6975,262.3450,4.999983
_2979_,VDD,Metal1,95.8600,223.8625,4.999937
_2978_,VDD,Metal1,101.6625,238.8250,4.999949
_2977_,VDD,Metal1,51.8260,230.8900,4.999980
_2976_,VDD,Metal1,29.4225,145.3350,4.999905
_2975_,VDD,Metal1,50.0975,200.2150,4.999942
_2974_,VDD,Metal1,42.0400,380.5050,4.999973
_2973_,VDD,Metal1,69.4565,379.7765,4.999967
_2972_,VDD,Metal1,91.0225,357.0150,4.999975
_2971_,VDD,Metal1,74.7375,426.9850,4.999982
_2970_,VDD,Metal1,68.0625,270.7750,4.999956
_2969_,VDD,Metal1,57.4225,238.8250,4.999956
_2968_,VDD,Metal1,98.1000,247.3825,4.999971
_2967_,VDD,Metal1,108.9425,262.9350,4.999981
_2966_,VDD,Metal1,61.9060,254.4100,4.999944
_2965_,VDD,Metal1,61.8575,255.0950,4.999944
_2964_,VDD,Metal1,59.6175,183.9450,4.999966
_2963_,VDD,Metal1,39.5025,427.5750,4.999983
_2962_,VDD,Metal1,61.0800,262.3750,4.999984
_2961_,VDD,Metal1,49.2965,365.0230,4.999970
_2960_,VDD,Metal1,89.8575,372.1050,4.999973
_2959_,VDD,Metal1,29.4225,144.7450,4.999905
_2958_,VDD,Metal1,77.7400,247.3825,4.999972
_2957_,VDD,Metal1,98.1000,254.3775,4.999921
_2956_,VDD,Metal1,82.9800,255.2225,4.999924
_2955_,VDD,Metal1,77.3800,254.3775,4.999925
_2954_,VDD,Metal1,88.5800,255.2225,4.999923
_2953_,VDD,Metal1,81.3000,246.5375,4.999972
_2952_,VDD,Metal1,39.5025,372.1050,4.999978
_2951_,VDD,Metal1,81.1000,247.3825,4.999972
_2950_,VDD,Metal1,74.3800,247.3825,4.999972
_2949_,VDD,Metal1,80.7400,254.3775,4.999924
_2948_,VDD,Metal1,100.3400,263.0625,4.999982
_2947_,VDD,Metal1,179.9925,255.2225,4.999938
_2946_,VDD,Metal1,164.0630,254.3365,4.999929
_2945_,VDD,Metal1,85.7800,254.3775,4.999924
_2944_,VDD,Metal1,74.0200,254.3775,4.999939
_2943_,VDD,Metal1,178.9675,254.3775,4.999938
_2942_,VDD,Metal1,84.6600,246.5375,4.999972
_2941_,VDD,Metal1,178.3700,262.0765,4.999986
_2940_,VDD,Metal1,168.5765,254.3365,4.999930
_2939_,VDD,Metal1,90.2600,247.3825,4.999971
_2938_,VDD,Metal1,172.4965,254.3365,4.999931
_2937_,VDD,Metal1,183.9500,255.3630,4.999922
_2936_,VDD,Metal1,142.5700,246.5375,4.999969
_2935_,VDD,Metal1,139.5400,262.2175,4.999981
_2934_,VDD,Metal1,148.3200,246.5375,4.999969
_2933_,VDD,Metal1,148.2930,254.2365,4.999921
_2932_,VDD,Metal1,150.9300,262.0765,4.999984
_2931_,VDD,Metal1,153.9000,255.2225,4.999928
_2930_,VDD,Metal1,166.8965,255.2630,4.999930
_2929_,VDD,Metal1,48.6200,348.4575,4.999977
_2928_,VDD,Metal1,44.9000,349.3025,4.999977
_2927_,VDD,Metal1,40.5500,324.9375,4.999961
_2926_,VDD,Metal1,34.5800,332.8175,4.999984
_2925_,VDD,Metal1,40.2000,325.7975,4.999961
_2924_,VDD,Metal1,37.6130,309.2325,4.999964
_2923_,VDD,Metal1,38.6565,302.3030,4.999975
_2922_,VDD,Metal1,32.5500,324.9875,4.999961
_2921_,VDD,Metal1,28.7900,301.4175,4.999976
_2920_,VDD,Metal1,30.3600,309.2425,4.999967
_2919_,VDD,Metal1,28.4200,310.0625,4.999967
_2918_,VDD,Metal1,25.3800,310.1150,4.999969
_2917_,VDD,Metal1,34.4500,309.1165,4.999966
_2916_,VDD,Metal1,36.6900,301.2765,4.999975
_2915_,VDD,Metal1,41.7300,302.4030,4.999969
_2914_,VDD,Metal1,25.3000,317.0975,4.999966
_2913_,VDD,Metal1,28.8300,324.7965,4.999961
_2912_,VDD,Metal1,29.6000,332.7775,4.999985
_2911_,VDD,Metal1,20.8365,325.7930,4.999962
_2910_,VDD,Metal1,33.4830,340.6065,4.999990
_2909_,VDD,Metal1,37.0300,348.5075,4.999980
_2908_,VDD,Metal1,32.2500,357.1425,4.999981
_2907_,VDD,Metal1,34.9600,310.0375,4.999966
_2906_,VDD,Metal1,39.4900,310.2430,4.999964
_2905_,VDD,Metal1,28.1000,357.1425,4.999982
_2904_,VDD,Metal1,31.0400,364.2025,4.999973
_2903_,VDD,Metal1,35.7230,364.9930,4.999972
_2902_,VDD,Metal1,31.6000,348.5225,4.999980
_2901_,VDD,Metal1,29.7800,387.6575,4.999966
_2900_,VDD,Metal1,31.3750,379.7000,4.999974
_2899_,VDD,Metal1,30.5600,372.0425,4.999980
_2898_,VDD,Metal1,35.5500,371.8365,4.999979
_2897_,VDD,Metal1,41.4000,451.0650,4.999959
_2896_,VDD,Metal1,38.7565,450.3665,4.999959
_2895_,VDD,Metal1,38.4100,459.0625,4.999976
_2894_,VDD,Metal1,38.7400,466.9025,4.999986
_2893_,VDD,Metal1,42.0165,459.1030,4.999976
_2892_,VDD,Metal1,51.9800,459.0625,4.999976
_2891_,VDD,Metal1,44.7850,465.9400,4.999986
_2890_,VDD,Metal1,42.9800,466.8625,4.999986
_2889_,VDD,Metal1,48.4500,459.2030,4.999976
_2888_,VDD,Metal1,47.8900,450.2365,4.999958
_2887_,VDD,Metal1,48.4500,443.5230,4.999978
_2886_,VDD,Metal1,43.3500,473.8975,4.999978
_2885_,VDD,Metal1,42.9800,481.7775,4.999986
_2884_,VDD,Metal1,38.2775,473.8975,4.999979
_2883_,VDD,Metal1,36.9430,482.6230,4.999986
_2882_,VDD,Metal1,48.4500,474.8830,4.999976
_2881_,VDD,Metal1,33.6930,466.9275,4.999987
_2880_,VDD,Metal1,36.5800,474.7550,4.999980
_2879_,VDD,Metal1,38.3200,466.1225,4.999986
_2878_,VDD,Metal1,25.3000,489.5775,4.999998
_2877_,VDD,Metal1,31.0400,473.9625,4.999984
_2876_,VDD,Metal1,31.0900,489.4365,4.999998
_2875_,VDD,Metal1,33.8900,489.4365,4.999998
_2874_,VDD,Metal1,24.9100,473.7565,4.999984
_2873_,VDD,Metal1,37.2500,443.5230,4.999979
_2872_,VDD,Metal1,29.5800,466.9025,4.999987
_2871_,VDD,Metal1,51.4200,489.5775,4.999998
_2870_,VDD,Metal1,49.2650,481.6200,4.999978
_2869_,VDD,Metal1,41.7300,482.7230,4.999986
_2868_,VDD,Metal1,42.8000,474.6775,4.999978
_2867_,VDD,Metal1,33.8900,482.7230,4.999986
_2866_,VDD,Metal1,80.5230,450.3665,4.999957
_2865_,VDD,Metal1,85.3200,450.3775,4.999957
_2864_,VDD,Metal1,87.3200,442.6950,4.999975
_2863_,VDD,Metal1,89.6700,435.4925,4.999986
_2862_,VDD,Metal1,86.9800,443.3950,4.999975
_2861_,VDD,Metal1,87.6500,420.0030,4.999955
_2860_,VDD,Metal1,76.2600,419.8625,4.999955
_2859_,VDD,Metal1,80.8800,419.7975,4.999955
_2858_,VDD,Metal1,83.8600,426.8975,4.999982
_2857_,VDD,Metal1,79.2800,411.9575,4.999974
_2856_,VDD,Metal1,82.7800,435.5425,4.999986
_2855_,VDD,Metal1,83.7100,443.5230,4.999975
_2854_,VDD,Metal1,89.2700,412.0225,4.999973
_2853_,VDD,Metal1,88.5800,404.1825,4.999958
_2852_,VDD,Metal1,88.5730,418.9925,4.999955
_2851_,VDD,Metal1,91.9100,426.9075,4.999981
_2850_,VDD,Metal1,91.8230,434.6565,4.999986
_2849_,VDD,Metal1,92.3830,427.7430,4.999981
_2848_,VDD,Metal1,82.6400,411.2425,4.999974
_2847_,VDD,Metal1,84.1000,403.3375,4.999959
_2846_,VDD,Metal1,96.9800,379.8175,4.999965
_2845_,VDD,Metal1,92.7530,395.4255,4.999957
_2844_,VDD,Metal1,96.4365,396.3530,4.999957
_2843_,VDD,Metal1,88.1000,426.8450,4.999981
_2842_,VDD,Metal1,93.6200,419.0175,4.999956
_2841_,VDD,Metal1,96.0500,418.8765,4.999956
_2840_,VDD,Metal1,96.9800,427.7025,4.999980
_2839_,VDD,Metal1,95.7450,442.4200,4.999975
_2838_,VDD,Metal1,90.9900,442.3965,4.999975
_2837_,VDD,Metal1,92.8530,450.2365,4.999959
_2836_,VDD,Metal1,91.3200,466.2150,4.999985
_2835_,VDD,Metal1,96.7000,459.0750,4.999974
_2834_,VDD,Metal1,99.7500,459.0125,4.999974
_2833_,VDD,Metal1,87.6300,465.9165,4.999985
_2832_,VDD,Metal1,92.3065,459.0875,4.999974
_2831_,VDD,Metal1,97.6800,434.7625,4.999986
_2830_,VDD,Metal1,90.8200,466.9025,4.999985
_2829_,VDD,Metal1,98.8000,473.9625,4.999976
_2828_,VDD,Metal1,96.4365,474.7530,4.999976
_2827_,VDD,Metal1,87.7400,466.9150,4.999985
_2826_,VDD,Metal1,99.1350,465.9400,4.999985
_2825_,VDD,Metal1,90.8200,489.5775,4.999998
_2824_,VDD,Metal1,89.3600,481.8025,4.999979
_2823_,VDD,Metal1,91.1630,474.7530,4.999976
_2822_,VDD,Metal1,83.9000,481.7375,4.999979
_2821_,VDD,Metal1,80.7565,459.0730,4.999974
_2820_,VDD,Metal1,82.7800,474.7425,4.999976
_2819_,VDD,Metal1,80.9675,466.0575,4.999985
_2818_,VDD,Metal1,96.5600,481.8025,4.999979
_2817_,VDD,Metal1,80.5400,481.7375,4.999978
_2816_,VDD,Metal1,78.1600,474.6775,4.999976
_2815_,VDD,Metal1,77.3965,481.7265,4.999978
_2814_,VDD,Metal1,74.8000,466.1225,4.999985
_2813_,VDD,Metal1,75.8700,458.0765,4.999975
_2812_,VDD,Metal1,68.7800,489.5775,4.999998
_2811_,VDD,Metal1,70.8000,481.8025,4.999978
_2810_,VDD,Metal1,74.1000,489.5650,4.999998
_2809_,VDD,Metal1,70.8800,473.9625,4.999976
_2808_,VDD,Metal1,73.6300,474.8830,4.999976
_2807_,VDD,Metal1,65.1000,114.0625,4.999980
_2806_,VDD,Metal1,69.1335,114.0700,4.999967
_2805_,VDD,Metal1,65.5030,90.6230,4.999979
_2804_,VDD,Metal1,73.5000,105.4575,4.999988
_2803_,VDD,Metal1,72.8700,113.3075,4.999967
_2802_,VDD,Metal1,74.9900,90.5825,4.999978
_2801_,VDD,Metal1,68.0300,113.1165,4.999967
_2800_,VDD,Metal1,62.2530,113.2325,4.999980
_2799_,VDD,Metal1,61.4700,89.8090,4.999979
_2798_,VDD,Metal1,73.9700,82.7425,4.999983
_2797_,VDD,Metal1,79.9800,106.2625,4.999987
_2796_,VDD,Metal1,77.8250,98.5400,4.999983
_2795_,VDD,Metal1,79.1000,97.6175,4.999983
_2794_,VDD,Metal1,73.3450,106.3800,4.999988
_2793_,VDD,Metal1,82.5500,89.7375,4.999977
_2792_,VDD,Metal1,82.2200,82.7425,4.999982
_2791_,VDD,Metal1,79.3225,82.7425,4.999982
_2790_,VDD,Metal1,78.5400,74.8625,4.999941
_2789_,VDD,Metal1,74.2225,82.0250,4.999983
_2788_,VDD,Metal1,78.0200,81.8850,4.999982
_2787_,VDD,Metal1,77.8550,89.6200,4.999978
_2786_,VDD,Metal1,78.3000,50.5375,4.999922
_2785_,VDD,Metal1,73.6800,50.6025,4.999922
_2784_,VDD,Metal1,69.5565,58.3665,4.999961
_2783_,VDD,Metal1,75.6150,58.2600,4.999961
_2782_,VDD,Metal1,87.2600,82.7425,4.999982
_2781_,VDD,Metal1,70.6600,66.2175,4.999967
_2780_,VDD,Metal1,73.0900,66.0765,4.999967
_2779_,VDD,Metal1,66.1500,82.6925,4.999983
_2778_,VDD,Metal1,68.5900,81.7565,4.999983
_2777_,VDD,Metal1,63.3965,81.8865,4.999983
_2776_,VDD,Metal1,60.5965,90.5930,4.999979
_2775_,VDD,Metal1,72.2550,75.0200,4.999941
_2774_,VDD,Metal1,70.2400,89.8025,4.999979
_2773_,VDD,Metal1,56.6600,66.2175,4.999967
_2772_,VDD,Metal1,57.1350,75.0200,4.999943
_2771_,VDD,Metal1,63.4200,74.8625,4.999943
_2770_,VDD,Metal1,62.4300,82.8830,4.999983
_2769_,VDD,Metal1,54.0500,89.5965,4.999980
_2768_,VDD,Metal1,61.8900,97.4365,4.999984
_2767_,VDD,Metal1,51.6200,51.3825,4.999922
_2766_,VDD,Metal1,56.2400,74.1225,4.999943
_2765_,VDD,Metal1,56.4600,89.7375,4.999980
_2764_,VDD,Metal1,58.9400,113.2975,4.999980
_2763_,VDD,Metal1,56.6765,121.9530,4.999969
_2762_,VDD,Metal1,60.3000,81.8850,4.999983
_2761_,VDD,Metal1,57.9200,82.6775,4.999983
_2760_,VDD,Metal1,55.6375,114.1025,4.999981
_2759_,VDD,Metal1,47.1565,121.0865,4.999970
_2758_,VDD,Metal1,42.5430,121.0565,4.999971
_2757_,VDD,Metal1,51.6130,113.2325,4.999981
_2756_,VDD,Metal1,51.0765,128.9265,4.999977
_2755_,VDD,Metal1,51.2000,121.8775,4.999969
_2754_,VDD,Metal1,37.6200,106.2625,4.999992
_2753_,VDD,Metal1,42.5750,106.3800,4.999992
_2752_,VDD,Metal1,50.1300,106.4030,4.999991
_2751_,VDD,Metal1,50.6400,114.0375,4.999981
_2750_,VDD,Metal1,39.6400,81.8825,4.999983
_2749_,VDD,Metal1,31.2530,82.8830,4.999983
_2748_,VDD,Metal1,34.2800,81.8825,4.999983
_2747_,VDD,Metal1,39.7430,74.9430,4.999947
_2746_,VDD,Metal1,39.7765,74.0165,4.999947
_2745_,VDD,Metal1,42.1000,50.5375,4.999935
_2744_,VDD,Metal1,40.6400,59.1575,4.999964
_2743_,VDD,Metal1,36.1300,51.5230,4.999937
_2742_,VDD,Metal1,36.1300,73.9165,4.999948
_2741_,VDD,Metal1,43.9125,74.0575,4.999947
_2740_,VDD,Metal1,43.9700,67.2030,4.999967
_2739_,VDD,Metal1,31.2600,51.3825,4.999943
_2738_,VDD,Metal1,33.2800,59.1575,4.999964
_2737_,VDD,Metal1,35.8230,66.1765,4.999970
_2736_,VDD,Metal1,34.0430,74.9130,4.999948
_2735_,VDD,Metal1,31.6875,90.5825,4.999984
_2734_,VDD,Metal1,24.9100,81.7565,4.999986
_2733_,VDD,Metal1,29.4225,97.7050,4.999986
_2732_,VDD,Metal1,35.5700,67.2030,4.999970
_2731_,VDD,Metal1,38.9300,67.2030,4.999967
_2730_,VDD,Metal1,45.0700,58.2365,4.999963
_2729_,VDD,Metal1,17.2600,51.3825,4.999945
_2728_,VDD,Metal1,16.0000,66.2825,4.999975
_2727_,VDD,Metal1,30.3800,66.2575,4.999973
_2726_,VDD,Metal1,28.2400,66.9975,4.999973
_2725_,VDD,Metal1,28.1000,90.5825,4.999984
_2724_,VDD,Metal1,14.6600,74.0575,4.999948
_2723_,VDD,Metal1,21.5200,74.1225,4.999948
_2722_,VDD,Metal1,28.4600,74.0575,4.999948
_2721_,VDD,Metal1,29.3525,89.7375,4.999984
_2720_,VDD,Metal1,22.4400,113.4150,4.999984
_2719_,VDD,Metal1,32.3000,74.0450,4.999948
_2718_,VDD,Metal1,23.2000,66.2825,4.999975
_2717_,VDD,Metal1,25.3000,105.4175,4.999992
_2716_,VDD,Metal1,23.3130,106.3340,4.999992
_2715_,VDD,Metal1,24.7400,90.5825,4.999984
_2714_,VDD,Metal1,29.5630,121.0865,4.999971
_2713_,VDD,Metal1,15.5800,113.2575,4.999984
_2712_,VDD,Metal1,16.8150,122.0600,4.999972
_2711_,VDD,Metal1,21.5500,128.7965,4.999985
_2710_,VDD,Metal1,11.3165,176.8330,4.999979
_2709_,VDD,Metal1,23.7600,121.8775,4.999972
_2708_,VDD,Metal1,26.4200,114.1025,4.999982
_2707_,VDD,Metal1,14.6600,191.6575,4.999976
_2706_,VDD,Metal1,14.7665,183.7455,4.999971
_2705_,VDD,Metal1,18.5800,184.6625,4.999971
_2704_,VDD,Metal1,21.0100,184.8030,4.999971
_2703_,VDD,Metal1,18.3800,215.1775,4.999985
_2702_,VDD,Metal1,13.7600,215.2425,4.999985
_2701_,VDD,Metal1,17.0700,199.3565,4.999973
_2700_,VDD,Metal1,60.7650,340.5805,4.999987
_2699_,VDD,Metal1,61.7975,333.6225,4.999983
_2698_,VDD,Metal1,71.5630,341.4730,4.999987
_2697_,VDD,Metal1,64.1300,332.6365,4.999983
_2696_,VDD,Metal1,68.8965,340.5765,4.999987
_2695_,VDD,Metal1,63.9800,372.0175,4.999975
_2694_,VDD,Metal1,63.2100,387.7075,4.999956
_2693_,VDD,Metal1,62.4300,396.4830,4.999970
_2692_,VDD,Metal1,77.4200,357.1025,4.999975
_2691_,VDD,Metal1,79.6265,341.6030,4.999986
_2690_,VDD,Metal1,80.5000,357.1025,4.999975
_2689_,VDD,Metal1,83.5565,364.1265,4.999937
_2688_,VDD,Metal1,89.3700,364.9825,4.999936
_2687_,VDD,Metal1,93.7175,371.9775,4.999973
_2686_,VDD,Metal1,77.5100,371.9775,4.999975
_2685_,VDD,Metal1,70.9400,387.6450,4.999946
_2684_,VDD,Metal1,62.0900,388.4525,4.999956
_2683_,VDD,Metal1,59.2900,435.4925,4.999986
_2682_,VDD,Metal1,66.4100,357.1425,4.999976
_2681_,VDD,Metal1,75.3460,364.9500,4.999939
_2680_,VDD,Metal1,72.1200,371.9625,4.999975
_2679_,VDD,Metal1,69.1100,364.1375,4.999940
_2678_,VDD,Metal1,83.5800,364.9425,4.999937
_2677_,VDD,Metal1,70.3625,364.9825,4.999940
_2676_,VDD,Metal1,71.3900,348.3165,4.999977
_2675_,VDD,Metal1,62.9735,403.3700,4.999960
_2674_,VDD,Metal1,73.4600,357.1425,4.999975
_2673_,VDD,Metal1,61.3100,332.6365,4.999983
_2672_,VDD,Metal1,63.5700,434.5565,4.999985
_2671_,VDD,Metal1,58.2800,434.8550,4.999986
_2670_,VDD,Metal1,60.6465,442.4780,4.999978
_2669_,VDD,Metal1,57.9500,396.4830,4.999978
_2668_,VDD,Metal1,67.6600,348.4575,4.999977
_2667_,VDD,Metal1,68.0300,387.5165,4.999946
_2666_,VDD,Metal1,75.7000,372.8225,4.999975
_2665_,VDD,Metal1,75.3300,341.6030,4.999987
_2664_,VDD,Metal1,85.4100,379.6765,4.999966
_2663_,VDD,Metal1,88.5800,364.1375,4.999936
_2662_,VDD,Metal1,92.5665,364.0780,4.999920
_2661_,VDD,Metal1,57.5130,403.2780,4.999961
_2660_,VDD,Metal1,56.3025,411.8950,4.999975
_2659_,VDD,Metal1,74.2225,364.2650,4.999939
_2658_,VDD,Metal1,66.6565,349.3430,4.999977
_2657_,VDD,Metal1,79.0600,356.2975,4.999975
_2656_,VDD,Metal1,96.2030,364.9930,4.999920
_2655_,VDD,Metal1,101.3750,371.8600,4.999973
_2654_,VDD,Metal1,79.9630,340.6065,4.999986
_2653_,VDD,Metal1,80.5000,348.4975,4.999977
_2652_,VDD,Metal1,81.3000,332.7775,4.999982
_2651_,VDD,Metal1,63.9800,324.9775,4.999963
_2650_,VDD,Metal1,64.1100,325.9230,4.999963
_2649_,VDD,Metal1,62.8865,317.0380,4.999955
_2648_,VDD,Metal1,70.4430,153.3130,4.999984
_2647_,VDD,Metal1,75.4830,152.4465,4.999983
_2646_,VDD,Metal1,76.2765,145.4730,4.999876
_2645_,VDD,Metal1,80.3335,152.4900,4.999983
_2644_,VDD,Metal1,79.1265,144.5580,4.999876
_2643_,VDD,Metal1,88.2225,161.0150,4.999950
_2642_,VDD,Metal1,80.8975,137.4950,4.999983
_2641_,VDD,Metal1,80.3825,145.3350,4.999876
_2640_,VDD,Metal1,75.6900,168.0815,4.999976
_2639_,VDD,Metal1,60.0100,144.5615,4.999889
_2638_,VDD,Metal1,68.5775,145.3350,4.999881
_2637_,VDD,Metal1,54.2030,184.6730,4.999969
_2636_,VDD,Metal1,53.5025,168.8550,4.999981
_2635_,VDD,Metal1,51.9130,175.9180,4.999978
_2634_,VDD,Metal1,55.1825,176.6950,4.999978
_2633_,VDD,Metal1,39.8065,168.9415,4.999983
_2632_,VDD,Metal1,33.4330,169.0415,4.999984
_2631_,VDD,Metal1,32.7825,168.2650,4.999984
_2630_,VDD,Metal1,25.8065,184.6215,4.999971
_2629_,VDD,Metal1,23.3530,183.7580,4.999971
_2628_,VDD,Metal1,25.0025,200.3425,4.999973
_2627_,VDD,Metal1,29.3900,167.9965,4.999984
_2626_,VDD,Metal1,46.7500,175.8365,4.999978
_2625_,VDD,Metal1,57.2600,333.5825,4.999983
_2624_,VDD,Metal1,55.1700,332.6365,4.999983
_2623_,VDD,Metal1,50.4400,340.7750,4.999988
_2622_,VDD,Metal1,40.9965,395.4865,4.999979
_2621_,VDD,Metal1,46.6200,403.3775,4.999969
_2620_,VDD,Metal1,43.5630,412.0330,4.999975
_2619_,VDD,Metal1,53.1300,341.4125,4.999988
_2618_,VDD,Metal1,48.3900,404.1825,4.999962
_2617_,VDD,Metal1,42.0165,396.3830,4.999979
_2616_,VDD,Metal1,48.9175,396.3425,4.999979
_2615_,VDD,Metal1,56.6600,388.5025,4.999959
_2614_,VDD,Metal1,51.3530,388.5615,4.999959
_2613_,VDD,Metal1,42.8625,404.0550,4.999971
_2612_,VDD,Metal1,39.5025,403.4650,4.999972
_2611_,VDD,Metal1,39.4700,404.3230,4.999972
_2610_,VDD,Metal1,44.5300,420.0030,4.999954
_2609_,VDD,Metal1,42.8500,363.9965,4.999971
_2608_,VDD,Metal1,39.1000,412.0225,4.999975
_2607_,VDD,Metal1,49.4775,333.6225,4.999984
_2606_,VDD,Metal1,50.2830,317.9530,4.999955
_2605_,VDD,Metal1,49.5500,316.9565,4.999955
_2604_,VDD,Metal1,53.9265,317.0380,4.999955
_2603_,VDD,Metal1,92.5400,183.8575,4.999955
_2602_,VDD,Metal1,94.9460,332.8100,4.999982
_2601_,VDD,Metal1,88.4300,333.6225,4.999982
_2600_,VDD,Metal1,87.5265,332.7180,4.999982
_2599_,VDD,Metal1,91.9400,184.6625,4.999955
_2598_,VDD,Metal1,100.0425,168.9825,4.999968
_2597_,VDD,Metal1,86.3565,168.1265,4.999974
_2596_,VDD,Metal1,92.3600,168.2950,4.999969
_2595_,VDD,Metal1,93.2000,168.9175,4.999969
_2594_,VDD,Metal1,87.4765,183.8065,4.999955
_2593_,VDD,Metal1,77.3965,176.8330,4.999976
_2592_,VDD,Metal1,68.9500,176.0275,4.999977
_2591_,VDD,Metal1,64.4700,168.9325,4.999980
_2590_,VDD,Metal1,60.2825,168.9825,4.999980
_2589_,VDD,Metal1,69.1860,168.1700,4.999977
_2588_,VDD,Metal1,64.0975,176.6950,4.999977
_2587_,VDD,Metal1,68.6225,176.6950,4.999977
_2586_,VDD,Metal1,68.7800,168.9825,4.999977
_2585_,VDD,Metal1,73.1025,168.8550,4.999977
_2584_,VDD,Metal1,55.9000,175.9775,4.999978
_2583_,VDD,Metal1,96.9800,168.1375,4.999968
_2582_,VDD,Metal1,61.3000,175.9625,4.999977
_2581_,VDD,Metal1,63.5375,168.2650,4.999980
_2580_,VDD,Metal1,42.3025,152.5850,4.999984
_2579_,VDD,Metal1,42.4430,161.1530,4.999951
_2578_,VDD,Metal1,42.8625,168.2650,4.999983
_2577_,VDD,Metal1,34.4625,145.3350,4.999893
_2576_,VDD,Metal1,29.4225,136.9050,4.999984
_2575_,VDD,Metal1,20.2665,153.4430,4.999985
_2574_,VDD,Metal1,21.5825,137.4950,4.999985
_2573_,VDD,Metal1,21.5375,199.6250,4.999973
_2572_,VDD,Metal1,20.6200,192.5025,4.999976
_2571_,VDD,Metal1,19.1400,160.2975,4.999951
_2570_,VDD,Metal1,38.5400,168.1375,4.999983
_2569_,VDD,Metal1,85.2600,340.6575,4.999986
_2568_,VDD,Metal1,96.1225,340.6175,4.999986
_2567_,VDD,Metal1,102.0200,332.7775,4.999982
_2566_,VDD,Metal1,89.7665,340.5580,4.999986
_2565_,VDD,Metal1,103.8575,341.3350,4.999986
_2564_,VDD,Metal1,89.2065,341.5215,4.999986
_2563_,VDD,Metal1,95.0830,348.4465,4.999977
_2562_,VDD,Metal1,88.7825,325.6550,4.999963
_2561_,VDD,Metal1,97.9600,341.3050,4.999986
_2560_,VDD,Metal1,101.7530,340.5580,4.999986
_2559_,VDD,Metal1,95.0330,333.6815,4.999982
_2558_,VDD,Metal1,99.9825,333.4950,4.999982
_2557_,VDD,Metal1,155.0265,121.9675,4.999966
_2556_,VDD,Metal1,156.9000,231.7025,4.999976
_2555_,VDD,Metal1,158.8730,35.7215,4.999979
_2554_,VDD,Metal1,165.3800,35.7150,4.999979
_2553_,VDD,Metal1,167.7100,28.0030,4.999959
_2552_,VDD,Metal1,155.2865,34.8380,4.999979
_2551_,VDD,Metal1,152.8630,42.6565,4.999985
_2550_,VDD,Metal1,148.3000,27.0175,4.999958
_2549_,VDD,Metal1,151.9575,58.3775,4.999961
_2548_,VDD,Metal1,169.6400,144.7750,4.999903
_2547_,VDD,Metal1,168.4600,152.4575,4.999983
_2546_,VDD,Metal1,166.1800,153.2625,4.999982
_2545_,VDD,Metal1,167.1860,161.1100,4.999983
_2544_,VDD,Metal1,155.5800,145.4625,4.999875
_2543_,VDD,Metal1,156.4065,137.6815,4.999978
_2542_,VDD,Metal1,159.2700,145.4625,4.999875
_2541_,VDD,Metal1,151.0600,168.1775,4.999966
_2540_,VDD,Metal1,160.6200,168.9825,4.999967
_2539_,VDD,Metal1,154.2900,153.4430,4.999981
_2538_,VDD,Metal1,161.9800,137.5825,4.999978
_2537_,VDD,Metal1,161.0260,161.1100,4.999949
_2536_,VDD,Metal1,156.9665,169.0415,4.999967
_2535_,VDD,Metal1,158.6200,160.3375,4.999949
_2534_,VDD,Metal1,152.9730,160.2725,4.999949
_2533_,VDD,Metal1,163.1000,160.3375,4.999949
_2532_,VDD,Metal1,159.3100,153.4430,4.999981
_2531_,VDD,Metal1,167.5465,122.0830,4.999967
_2530_,VDD,Metal1,160.4625,129.6550,4.999975
_2529_,VDD,Metal1,168.6800,129.7975,4.999975
_2528_,VDD,Metal1,171.2600,114.1025,4.999970
_2527_,VDD,Metal1,169.9500,105.2765,4.999989
_2526_,VDD,Metal1,167.0200,105.4575,4.999989
_2525_,VDD,Metal1,170.2900,97.5775,4.999982
_2524_,VDD,Metal1,161.2630,98.4630,4.999982
_2523_,VDD,Metal1,166.0500,106.4030,4.999989
_2522_,VDD,Metal1,167.3200,114.1175,4.999970
_2521_,VDD,Metal1,160.4175,66.3450,4.999964
_2520_,VDD,Metal1,162.5400,74.0975,4.999968
_2519_,VDD,Metal1,166.4200,74.0575,4.999968
_2518_,VDD,Metal1,162.1300,67.2030,4.999968
_2517_,VDD,Metal1,166.6225,66.9350,4.999969
_2516_,VDD,Metal1,165.5200,66.2825,4.999969
_2515_,VDD,Metal1,171.6200,66.2025,4.999971
_2514_,VDD,Metal1,162.1100,105.2765,4.999989
_2513_,VDD,Metal1,158.2100,81.7565,4.999987
_2512_,VDD,Metal1,160.6200,136.7775,4.999978
_2511_,VDD,Metal1,168.8300,73.9165,4.999968
_2510_,VDD,Metal1,155.0030,66.2065,4.999963
_2509_,VDD,Metal1,160.8130,59.2475,4.999962
_2508_,VDD,Metal1,162.9430,89.6965,4.999961
_2507_,VDD,Metal1,156.5100,82.8830,4.999987
_2506_,VDD,Metal1,154.6530,74.9275,4.999911
_2505_,VDD,Metal1,146.9500,34.8575,4.999978
_2504_,VDD,Metal1,155.3900,67.2030,4.999963
_2503_,VDD,Metal1,154.6530,59.2475,4.999962
_2502_,VDD,Metal1,150.5230,59.2330,4.999961
_2501_,VDD,Metal1,157.0900,58.2365,4.999962
_2500_,VDD,Metal1,161.0475,90.5825,4.999961
_2499_,VDD,Metal1,157.3765,98.4630,4.999982
_2498_,VDD,Metal1,130.3725,169.1390,4.999967
_2497_,VDD,Metal1,121.2300,167.9965,4.999967
_2496_,VDD,Metal1,120.2830,223.8730,4.999937
_2495_,VDD,Metal1,140.3000,121.0825,4.999966
_2494_,VDD,Metal1,115.4675,184.8190,4.999948
_2493_,VDD,Metal1,126.8500,161.2830,4.999949
_2492_,VDD,Metal1,127.5630,231.7130,4.999976
_2491_,VDD,Metal1,134.7000,137.6375,4.999978
_2490_,VDD,Metal1,112.1400,215.2175,4.999982
_2489_,VDD,Metal1,127.7200,215.8650,4.999981
_2488_,VDD,Metal1,122.4075,247.3825,4.999969
_2487_,VDD,Metal1,131.9930,168.0780,4.999967
_2486_,VDD,Metal1,111.5475,192.6590,4.999965
_2485_,VDD,Metal1,122.9300,208.3230,4.999969
_2484_,VDD,Metal1,127.5630,239.5530,4.999951
_2483_,VDD,Metal1,134.1000,199.4825,4.999936
_2482_,VDD,Metal1,114.3475,152.3005,4.999982
_2481_,VDD,Metal1,127.9500,145.6030,4.999870
_2480_,VDD,Metal1,123.6430,230.8465,4.999976
_2479_,VDD,Metal1,127.9400,136.7625,4.999977
_2478_,VDD,Metal1,117.7075,122.0990,4.999967
_2477_,VDD,Metal1,130.7700,145.6030,4.999870
_2476_,VDD,Metal1,132.0430,239.5530,4.999951
_2475_,VDD,Metal1,128.5000,113.2425,4.999969
_2474_,VDD,Metal1,100.3475,176.9790,4.999976
_2473_,VDD,Metal1,121.7900,184.8030,4.999947
_2472_,VDD,Metal1,101.4765,247.3930,4.999970
_2471_,VDD,Metal1,125.1400,168.1225,4.999967
_2470_,VDD,Metal1,112.7000,223.0575,4.999937
_2469_,VDD,Metal1,117.0800,223.1750,4.999937
_2468_,VDD,Metal1,132.8200,231.7025,4.999976
_2467_,VDD,Metal1,149.6200,239.5425,4.999953
_2466_,VDD,Metal1,120.0725,263.0625,4.999981
_2465_,VDD,Metal1,147.1630,97.5665,4.999982
_2464_,VDD,Metal1,152.7130,97.5580,4.999982
_2463_,VDD,Metal1,166.8000,90.5825,4.999960
_2462_,VDD,Metal1,151.0600,90.5425,4.999966
_2461_,VDD,Metal1,157.0900,90.7230,4.999966
_2460_,VDD,Metal1,151.1000,43.5425,4.999985
_2459_,VDD,Metal1,147.9800,42.7375,4.999985
_2458_,VDD,Metal1,148.6700,43.6830,4.999985
_2457_,VDD,Metal1,125.8330,199.4380,4.999936
_2456_,VDD,Metal1,146.4500,105.2765,4.999989
_2455_,VDD,Metal1,168.4800,89.7375,4.999960
_2454_,VDD,Metal1,169.1365,121.0565,4.999967
_2453_,VDD,Metal1,149.9400,98.3825,4.999982
_2452_,VDD,Metal1,165.3000,97.5775,4.999982
_2451_,VDD,Metal1,139.9300,105.4675,4.999987
_2450_,VDD,Metal1,139.7300,106.4030,4.999987
_2449_,VDD,Metal1,129.4600,137.6225,4.999977
_2448_,VDD,Metal1,135.4030,128.9265,4.999974
_2447_,VDD,Metal1,133.7400,136.7775,4.999978
_2446_,VDD,Metal1,129.8500,153.2525,4.999981
_2445_,VDD,Metal1,135.2500,169.1230,4.999966
_2444_,VDD,Metal1,135.1000,208.1425,4.999969
_2443_,VDD,Metal1,140.4430,199.4865,4.999936
_2442_,VDD,Metal1,122.6565,121.0565,4.999967
_2441_,VDD,Metal1,137.4900,136.6365,4.999978
_2440_,VDD,Metal1,112.8300,122.0830,4.999967
_2439_,VDD,Metal1,123.3000,98.4225,4.999982
_2438_,VDD,Metal1,128.6830,106.2730,4.999987
_2437_,VDD,Metal1,127.7800,98.4225,4.999982
_2436_,VDD,Metal1,118.7365,121.0565,4.999967
_2435_,VDD,Metal1,126.8500,114.2430,4.999969
_2434_,VDD,Metal1,122.9300,106.4030,4.999987
_2433_,VDD,Metal1,126.9800,192.4625,4.999963
_2432_,VDD,Metal1,119.9565,192.5130,4.999963
_2431_,VDD,Metal1,142.5300,97.4365,4.999982
_2430_,VDD,Metal1,143.8265,106.2875,4.999987
_2429_,VDD,Metal1,157.5900,97.5775,4.999982
_2428_,VDD,Metal1,150.7100,35.6525,4.999978
_2427_,VDD,Metal1,142.0075,42.6975,4.999985
_2426_,VDD,Metal1,138.7800,43.5425,4.999984
_2425_,VDD,Metal1,156.1400,42.6975,4.999986
_2424_,VDD,Metal1,172.0200,106.2625,4.999989
_2423_,VDD,Metal1,177.2300,120.9565,4.999969
_2422_,VDD,Metal1,168.5100,160.2975,4.999983
_2421_,VDD,Metal1,145.7800,129.7950,4.999974
_2420_,VDD,Metal1,147.0225,129.0650,4.999974
_2419_,VDD,Metal1,143.1800,152.4450,4.999981
_2418_,VDD,Metal1,148.0975,152.5850,4.999981
_2417_,VDD,Metal1,139.8200,175.9650,4.999977
_2416_,VDD,Metal1,140.8175,168.2650,4.999966
_2415_,VDD,Metal1,139.6200,216.0350,4.999981
_2414_,VDD,Metal1,141.9375,215.3050,4.999981
_2413_,VDD,Metal1,145.7800,199.4850,4.999937
_2412_,VDD,Metal1,153.1375,207.4650,4.999974
_2411_,VDD,Metal1,142.4200,191.6450,4.999961
_2410_,VDD,Metal1,150.8975,183.9450,4.999946
_2409_,VDD,Metal1,131.9800,223.8750,4.999937
_2408_,VDD,Metal1,136.9425,223.7350,4.999937
_2407_,VDD,Metal1,147.4600,208.1950,4.999971
_2406_,VDD,Metal1,147.0225,207.4650,4.999971
_2405_,VDD,Metal1,133.4600,223.8750,4.999937
_2404_,VDD,Metal1,143.5000,223.8225,4.999937
_2403_,VDD,Metal1,149.7500,74.9025,4.999911
_2402_,VDD,Metal1,147.3965,223.8730,4.999964
_2401_,VDD,Metal1,182.3800,223.0050,4.999966
_2400_,VDD,Metal1,170.5425,223.7350,4.999965
_2399_,VDD,Metal1,162.0200,216.0350,4.999980
_2398_,VDD,Metal1,161.5375,208.0550,4.999975
_2397_,VDD,Metal1,167.6200,175.9650,4.999977
_2396_,VDD,Metal1,172.1775,176.1050,4.999978
_2395_,VDD,Metal1,162.7800,200.3550,4.999937
_2394_,VDD,Metal1,167.6975,208.0550,4.999975
_2393_,VDD,Metal1,175.4600,183.8050,4.999945
_2392_,VDD,Metal1,171.6625,183.9450,4.999944
_2391_,VDD,Metal1,165.3800,199.4850,4.999938
_2390_,VDD,Metal1,169.3775,191.7850,4.999963
_2389_,VDD,Metal1,165.9400,152.4450,4.999982
_2388_,VDD,Metal1,172.7825,152.5850,4.999984
_2387_,VDD,Metal1,179.9400,129.7950,4.999975
_2386_,VDD,Metal1,172.7825,121.2250,4.999968
_2385_,VDD,Metal1,156.3300,113.4460,4.999969
_2384_,VDD,Metal1,153.9000,106.2625,4.999989
_2383_,VDD,Metal1,158.8600,216.0350,4.999980
_2382_,VDD,Metal1,164.4100,121.0975,4.999967
_2381_,VDD,Metal1,147.0100,81.7565,4.999987
_2380_,VDD,Metal1,150.1730,67.0875,4.999963
_2379_,VDD,Metal1,150.4075,66.2175,4.999963
_2378_,VDD,Metal1,146.4500,66.0765,4.999962
_2377_,VDD,Metal1,72.7000,27.0175,4.999956
_2376_,VDD,Metal1,74.3800,20.0225,4.999988
_2375_,VDD,Metal1,89.1330,27.8875,4.999955
_2374_,VDD,Metal1,92.3065,66.1925,4.999963
_2373_,VDD,Metal1,138.9875,73.9005,4.999911
_2372_,VDD,Metal1,137.8675,58.2205,4.999961
_2371_,VDD,Metal1,142.9075,59.3790,4.999961
_2370_,VDD,Metal1,129.4675,43.6990,4.999983
_2369_,VDD,Metal1,128.9075,67.2190,4.999962
_2368_,VDD,Metal1,123.3075,73.9005,4.999913
_2367_,VDD,Metal1,118.0430,59.2330,4.999961
_2366_,VDD,Metal1,121.8100,59.3630,4.999961
_2365_,VDD,Metal1,113.5630,20.0330,4.999987
_2364_,VDD,Metal1,117.3300,34.7165,4.999977
_2363_,VDD,Metal1,114.2565,82.7830,4.999985
_2362_,VDD,Metal1,100.6025,121.9425,4.999967
_2361_,VDD,Metal1,99.0200,128.9375,4.999975
_2360_,VDD,Metal1,94.5600,137.6225,4.999978
_2359_,VDD,Metal1,91.3800,145.4625,4.999872
_2358_,VDD,Metal1,101.6000,144.6825,4.999872
_2357_,VDD,Metal1,99.8775,137.6225,4.999978
_2356_,VDD,Metal1,102.6200,153.2625,4.999983
_2355_,VDD,Metal1,97.3400,153.3025,4.999983
_2354_,VDD,Metal1,99.0200,136.7775,4.999978
_2353_,VDD,Metal1,107.2500,152.3165,4.999982
_2352_,VDD,Metal1,93.9800,113.2575,4.999967
_2351_,VDD,Metal1,94.5230,121.9530,4.999967
_2350_,VDD,Metal1,100.6830,113.2465,4.999967
_2349_,VDD,Metal1,108.2775,90.5825,4.999975
_2348_,VDD,Metal1,92.7625,43.5425,4.999983
_2347_,VDD,Metal1,91.4465,35.7615,4.999970
_2346_,VDD,Metal1,95.1000,20.0225,4.999987
_2345_,VDD,Metal1,86.6025,66.2175,4.999967
_2344_,VDD,Metal1,81.3800,66.2050,4.999967
_2343_,VDD,Metal1,89.7075,59.3790,4.999961
_2342_,VDD,Metal1,97.5565,66.2065,4.999963
_2341_,VDD,Metal1,94.0630,51.4230,4.999922
_2340_,VDD,Metal1,97.7300,43.6830,4.999983
_2339_,VDD,Metal1,102.6200,66.2575,4.999962
_2338_,VDD,Metal1,95.3000,50.5375,4.999922
_2337_,VDD,Metal1,97.8200,113.2450,4.999967
_2336_,VDD,Metal1,107.2500,50.3965,4.999922
_2335_,VDD,Metal1,107.7175,58.3775,4.999961
_2334_,VDD,Metal1,101.7530,58.3180,4.999961
_2333_,VDD,Metal1,114.3800,58.4175,4.999961
_2332_,VDD,Metal1,103.3100,43.6830,4.999983
_2331_,VDD,Metal1,111.3700,43.4925,4.999983
_2330_,VDD,Metal1,110.9800,59.2225,4.999961
_2329_,VDD,Metal1,136.7400,43.5425,4.999984
_2328_,VDD,Metal1,140.1400,34.8975,4.999977
_2327_,VDD,Metal1,130.0200,27.8625,4.999957
_2326_,VDD,Metal1,134.3000,42.6975,4.999984
_2325_,VDD,Metal1,128.9075,35.8590,4.999977
_2324_,VDD,Metal1,114.7000,42.6975,4.999983
_2323_,VDD,Metal1,114.0425,34.8575,4.999971
_2322_,VDD,Metal1,109.4700,81.7565,4.999985
_2321_,VDD,Metal1,119.3875,35.8590,4.999977
_2320_,VDD,Metal1,101.4665,42.5565,4.999983
_2319_,VDD,Metal1,99.3900,81.7565,4.999984
_2318_,VDD,Metal1,103.0565,34.8165,4.999970
_2317_,VDD,Metal1,111.9500,35.7025,4.999971
_2316_,VDD,Metal1,115.0300,43.5425,4.999983
_2315_,VDD,Metal1,100.5300,43.6830,4.999983
_2314_,VDD,Metal1,109.5800,35.7150,4.999970
_2313_,VDD,Metal1,107.7900,42.5565,4.999983
_2312_,VDD,Metal1,113.5800,50.5375,4.999928
_2311_,VDD,Metal1,112.1400,42.7375,4.999983
_2310_,VDD,Metal1,107.2500,66.0765,4.999962
_2309_,VDD,Metal1,112.8300,51.5230,4.999928
_2308_,VDD,Metal1,141.2600,128.9775,4.999974
_2307_,VDD,Metal1,144.0200,129.7825,4.999974
_2306_,VDD,Metal1,138.7630,160.2865,4.999949
_2305_,VDD,Metal1,138.0300,152.3165,4.999981
_2304_,VDD,Metal1,147.1630,168.1265,4.999966
_2303_,VDD,Metal1,136.3500,167.9965,4.999966
_2302_,VDD,Metal1,134.2600,192.4625,4.999961
_2301_,VDD,Metal1,129.2600,208.1825,4.999969
_2300_,VDD,Metal1,129.4675,184.8190,4.999947
_2299_,VDD,Metal1,142.1325,192.6590,4.999961
_2298_,VDD,Metal1,124.7630,207.3265,4.999969
_2297_,VDD,Metal1,126.8500,208.3230,4.999969
_2296_,VDD,Metal1,113.2365,106.2730,4.999987
_2295_,VDD,Metal1,119.0100,98.5630,4.999982
_2294_,VDD,Metal1,115.6300,89.5965,4.999975
_2293_,VDD,Metal1,113.0200,90.5825,4.999975
_2292_,VDD,Metal1,107.2300,89.5965,4.999975
_2291_,VDD,Metal1,90.9000,97.5650,4.999983
_2290_,VDD,Metal1,94.2465,90.6015,4.999976
_2289_,VDD,Metal1,103.4330,90.6415,4.999976
_2288_,VDD,Metal1,129.4100,82.7425,4.999985
_2287_,VDD,Metal1,131.8900,81.7565,4.999985
_2286_,VDD,Metal1,128.1900,74.9025,4.999913
_2285_,VDD,Metal1,120.1600,89.8025,4.999975
_2284_,VDD,Metal1,134.0800,89.8025,4.999974
_2283_,VDD,Metal1,134.6400,82.6775,4.999985
_2282_,VDD,Metal1,126.8800,89.8025,4.999975
_2281_,VDD,Metal1,129.1200,90.5175,4.999974
_2280_,VDD,Metal1,141.3600,82.6775,4.999986
_2279_,VDD,Metal1,137.4400,81.9625,4.999985
_2278_,VDD,Metal1,98.9400,90.5950,4.999976
_2277_,VDD,Metal1,110.5175,89.7375,4.999975
_2276_,VDD,Metal1,109.0600,82.7025,4.999985
_2275_,VDD,Metal1,111.9000,81.8975,4.999985
_2274_,VDD,Metal1,105.5700,75.0430,4.999931
_2273_,VDD,Metal1,95.6665,89.7125,4.999976
_2272_,VDD,Metal1,92.1100,75.0430,4.999941
_2271_,VDD,Metal1,108.4730,153.3615,4.999982
_2270_,VDD,Metal1,113.7405,176.9690,4.999976
_2269_,VDD,Metal1,113.6965,153.3430,4.999982
_2268_,VDD,Metal1,116.7500,153.4430,4.999982
_2267_,VDD,Metal1,108.6565,129.8230,4.999974
_2266_,VDD,Metal1,108.5000,168.1775,4.999967
_2265_,VDD,Metal1,102.5965,183.8065,4.999949
_2264_,VDD,Metal1,90.0200,89.7775,4.999976
_2263_,VDD,Metal1,87.7800,51.3425,4.999922
_2262_,VDD,Metal1,79.7500,27.0175,4.999956
_2261_,VDD,Metal1,83.7100,59.3630,4.999961
_2260_,VDD,Metal1,79.6130,43.5675,4.999983
_2259_,VDD,Metal1,101.6600,89.7225,4.999976
_2258_,VDD,Metal1,102.3730,82.8830,4.999984
_2257_,VDD,Metal1,105.5100,121.9425,4.999967
_2256_,VDD,Metal1,103.7000,136.7775,4.999977
_2255_,VDD,Metal1,102.4630,81.8565,4.999984
_2254_,VDD,Metal1,113.4100,59.3630,4.999961
_2253_,VDD,Metal1,102.7500,75.0430,4.999941
_2252_,VDD,Metal1,108.5100,121.1690,4.999967
_2251_,VDD,Metal1,104.9900,114.2430,4.999967
_2250_,VDD,Metal1,199.8200,278.7425,4.999952
_2249_,VDD,Metal1,186.5965,270.0465,4.999943
_2248_,VDD,Metal1,188.6200,262.2175,4.999982
_2247_,VDD,Metal1,203.7400,238.6975,4.999963
_2246_,VDD,Metal1,196.1165,231.7130,4.999977
_2245_,VDD,Metal1,189.7400,254.3775,4.999917
_2244_,VDD,Metal1,204.8600,278.7425,4.999952
_2243_,VDD,Metal1,200.5965,286.5930,4.999953
_2242_,VDD,Metal1,182.1000,293.5775,4.999961
_2241_,VDD,Metal1,204.8600,239.5425,4.999963
_2240_,VDD,Metal1,195.5565,239.5530,4.999963
_2239_,VDD,Metal1,186.3800,254.3775,4.999921
_2238_,VDD,Metal1,187.1800,215.2175,4.999979
_2237_,VDD,Metal1,219.4030,207.3265,4.999974
_2236_,VDD,Metal1,193.9000,176.7825,4.999977
_2235_,VDD,Metal1,200.9230,183.8065,4.999938
_2234_,VDD,Metal1,206.1800,176.8225,4.999977
_2233_,VDD,Metal1,214.3630,191.6465,4.999963
_2232_,VDD,Metal1,184.1400,176.8225,4.999978
_2231_,VDD,Metal1,196.7000,168.9425,4.999966
_2230_,VDD,Metal1,200.3630,168.9930,4.999966
_2229_,VDD,Metal1,168.6600,231.7025,4.999977
_2228_,VDD,Metal1,175.3965,238.6865,4.999964
_2227_,VDD,Metal1,168.1000,200.3425,4.999938
_2226_,VDD,Metal1,191.6600,161.1025,4.999982
_2225_,VDD,Metal1,199.8030,161.1530,4.999982
_2224_,VDD,Metal1,201.7000,263.0625,4.999982
_2223_,VDD,Metal1,205.9630,263.0730,4.999982
_2222_,VDD,Metal1,186.3800,255.2225,4.999921
_2221_,VDD,Metal1,219.9800,246.5375,4.999967
_2220_,VDD,Metal1,219.0765,230.8465,4.999977
_2219_,VDD,Metal1,238.6600,216.0225,4.999979
_2218_,VDD,Metal1,211.8200,168.1775,4.999966
_2217_,VDD,Metal1,212.3565,153.3130,4.999983
_2216_,VDD,Metal1,217.4200,152.4975,4.999983
_2215_,VDD,Metal1,217.3965,160.2865,4.999982
_2214_,VDD,Metal1,215.7000,175.9775,4.999977
_2213_,VDD,Metal1,218.8430,175.9665,4.999977
_2212_,VDD,Metal1,239.7800,184.6625,4.999938
_2211_,VDD,Metal1,225.0200,175.9775,4.999977
_2210_,VDD,Metal1,216.2765,168.1265,4.999966
_2209_,VDD,Metal1,238.6600,175.9775,4.999977
_2208_,VDD,Metal1,240.7000,223.0175,4.999965
_2207_,VDD,Metal1,220.1965,191.6465,4.999963
_2206_,VDD,Metal1,240.1400,199.4975,4.999937
_2205_,VDD,Metal1,240.7000,215.1775,4.999979
_2204_,VDD,Metal1,219.0765,215.1665,4.999979
_2203_,VDD,Metal1,237.9000,208.1825,4.999974
_2202_,VDD,Metal1,221.3000,262.2175,4.999981
_2201_,VDD,Metal1,225.5630,246.5265,4.999966
_2200_,VDD,Metal1,224.4600,254.3775,4.999915
_2199_,VDD,Metal1,215.5000,262.2175,4.999981
_2198_,VDD,Metal1,216.6030,246.5265,4.999967
_2197_,VDD,Metal1,239.2200,247.3825,4.999966
_2196_,VDD,Metal1,221.3000,332.7775,4.999980
_2195_,VDD,Metal1,225.5630,332.7665,4.999980
_2194_,VDD,Metal1,230.2600,332.7775,4.999980
_2193_,VDD,Metal1,219.4200,285.7375,4.999953
_2192_,VDD,Metal1,215.7165,301.4065,4.999939
_2191_,VDD,Metal1,224.4600,294.4225,4.999955
_2190_,VDD,Metal1,239.0200,301.4175,4.999938
_2189_,VDD,Metal1,225.7965,293.5665,4.999955
_2188_,VDD,Metal1,237.9000,294.4225,4.999954
_2187_,VDD,Metal1,201.7000,310.1025,4.999965
_2186_,VDD,Metal1,209.3230,278.7530,4.999952
_2185_,VDD,Metal1,215.7000,277.8975,4.999952
_2184_,VDD,Metal1,216.8200,364.1375,4.999918
_2183_,VDD,Metal1,225.5630,356.2865,4.999971
_2182_,VDD,Metal1,239.0200,357.1425,4.999971
_2181_,VDD,Metal1,215.5000,332.7775,4.999980
_2180_,VDD,Metal1,212.9165,333.6330,4.999985
_2179_,VDD,Metal1,219.9800,356.2975,4.999971
_2178_,VDD,Metal1,228.0200,317.0975,4.999966
_2177_,VDD,Metal1,228.9230,294.4330,4.999955
_2176_,VDD,Metal1,233.4200,310.1025,4.999963
_2175_,VDD,Metal1,220.1800,325.7825,4.999975
_2174_,VDD,Metal1,225.5630,324.9265,4.999974
_2173_,VDD,Metal1,234.7400,333.6225,4.999980
_2172_,VDD,Metal1,219.9800,371.9775,4.999969
_2171_,VDD,Metal1,219.9630,364.1265,4.999918
_2170_,VDD,Metal1,229.5000,388.5025,4.999910
_2169_,VDD,Metal1,219.9800,379.8175,4.999959
_2168_,VDD,Metal1,220.5230,380.6730,4.999959
_2167_,VDD,Metal1,219.9800,395.4975,4.999955
_2166_,VDD,Metal1,217.9400,395.4975,4.999955
_2165_,VDD,Metal1,219.9630,387.6465,4.999910
_2164_,VDD,Metal1,225.5800,379.8175,4.999955
_2163_,VDD,Metal1,214.5800,419.0175,4.999965
_2162_,VDD,Metal1,219.9630,404.1930,4.999955
_2161_,VDD,Metal1,225.0200,411.1775,4.999978
_2160_,VDD,Metal1,216.6200,403.3375,4.999955
_2159_,VDD,Metal1,217.7230,419.0065,4.999965
_2158_,VDD,Metal1,225.7800,404.1825,4.999955
_2157_,VDD,Metal1,224.4600,442.5375,4.999974
_2156_,VDD,Metal1,220.1965,442.5265,4.999974
_2155_,VDD,Metal1,224.4600,450.3775,4.999966
_2154_,VDD,Metal1,212.9000,434.6975,4.999985
_2153_,VDD,Metal1,214.3630,426.8465,4.999979
_2152_,VDD,Metal1,214.9400,450.3775,4.999966
_2151_,VDD,Metal1,212.3400,451.2225,4.999966
_2150_,VDD,Metal1,212.6830,442.5265,4.999974
_2149_,VDD,Metal1,214.3800,451.2225,4.999966
_2148_,VDD,Metal1,201.7000,427.7025,4.999980
_2147_,VDD,Metal1,205.9630,434.6865,4.999985
_2146_,VDD,Metal1,200.3800,451.2225,4.999966
_2145_,VDD,Metal1,206.1800,435.5425,4.999985
_2144_,VDD,Metal1,207.0830,442.5265,4.999974
_2143_,VDD,Metal1,204.8600,451.2225,4.999966
_2142_,VDD,Metal1,196.1000,427.7025,4.999980
_2141_,VDD,Metal1,198.1230,412.0330,4.999979
_2140_,VDD,Metal1,201.1400,443.3825,4.999975
_2139_,VDD,Metal1,182.1000,317.0975,4.999966
_2138_,VDD,Metal1,196.4430,310.1130,4.999965
_2137_,VDD,Metal1,193.8600,426.8575,4.999980
_2136_,VDD,Metal1,194.4200,451.2225,4.999966
_2135_,VDD,Metal1,196.4430,443.3930,4.999975
_2134_,VDD,Metal1,189.1800,451.2225,4.999966
_2133_,VDD,Metal1,190.5000,426.8575,4.999980
_2132_,VDD,Metal1,193.8765,412.0330,4.999979
_2131_,VDD,Metal1,188.0600,427.7025,4.999980
_2130_,VDD,Metal1,200.3800,404.1825,4.999955
_2129_,VDD,Metal1,200.3630,396.3530,4.999955
_2128_,VDD,Metal1,195.9000,396.3425,4.999956
_2127_,VDD,Metal1,201.1400,302.2625,4.999939
_2126_,VDD,Metal1,200.5965,317.9530,4.999966
_2125_,VDD,Metal1,192.5400,379.8175,4.999961
_2124_,VDD,Metal1,204.8600,372.8225,4.999969
_2123_,VDD,Metal1,199.4765,387.6465,4.999921
_2122_,VDD,Metal1,194.7800,395.4975,4.999956
_2121_,VDD,Metal1,206.1800,357.1425,4.999972
_2120_,VDD,Metal1,206.1965,325.7930,4.999975
_2119_,VDD,Metal1,202.8200,356.2975,4.999974
_2118_,VDD,Metal1,212.7000,357.1425,4.999972
_2117_,VDD,Metal1,196.6765,364.1265,4.999918
_2116_,VDD,Metal1,187.7000,371.9775,4.999971
_2115_,VDD,Metal1,197.2200,372.8225,4.999969
_2114_,VDD,Metal1,200.3630,372.8330,4.999969
_2113_,VDD,Metal1,192.7400,372.8225,4.999969
_2112_,VDD,Metal1,177.7900,286.7230,4.999958
_2111_,VDD,Metal1,181.7510,286.7915,4.999957
_2110_,VDD,Metal1,161.1630,285.7265,4.999958
_2109_,VDD,Metal1,158.1900,277.7565,4.999952
_2108_,VDD,Metal1,158.9400,278.7425,4.999952
_2107_,VDD,Metal1,161.5700,263.2030,4.999986
_2106_,VDD,Metal1,169.5800,255.2225,4.999930
_2105_,VDD,Metal1,163.8100,277.7565,4.999952
_2104_,VDD,Metal1,173.5065,270.0325,4.999947
_2103_,VDD,Metal1,185.2600,262.2175,4.999982
_2102_,VDD,Metal1,180.7800,262.2175,4.999986
_2101_,VDD,Metal1,173.3100,262.0765,4.999986
_2100_,VDD,Metal1,169.5800,262.2175,4.999986
_2099_,VDD,Metal1,168.5100,239.5425,4.999964
_2098_,VDD,Metal1,174.7365,255.2630,4.999936
_2097_,VDD,Metal1,175.1800,247.3825,4.999971
_2096_,VDD,Metal1,174.4300,246.3965,4.999971
_2095_,VDD,Metal1,169.9100,246.5375,4.999970
_2094_,VDD,Metal1,153.7300,238.5565,4.999953
_2093_,VDD,Metal1,152.7800,263.0625,4.999985
_2092_,VDD,Metal1,174.3400,293.5650,4.999961
_2091_,VDD,Metal1,170.1230,325.7930,4.999970
_2090_,VDD,Metal1,169.9825,325.0650,4.999970
_2089_,VDD,Metal1,165.1000,324.9375,4.999968
_2088_,VDD,Metal1,165.6600,325.7825,4.999968
_2087_,VDD,Metal1,12.4265,316.9565,4.999966
_2086_,VDD,Metal1,12.4265,309.1165,4.999971
_2085_,VDD,Metal1,17.8030,317.0865,4.999966
_2084_,VDD,Metal1,18.9230,403.3265,4.999979
_2083_,VDD,Metal1,22.6900,403.1965,4.999979
_2082_,VDD,Metal1,15.7965,286.5930,4.999968
_2081_,VDD,Metal1,12.0300,286.7230,4.999968
_2080_,VDD,Metal1,77.3800,27.0175,4.999956
_2079_,VDD,Metal1,82.4130,20.0475,4.999988
_2078_,VDD,Metal1,9.1400,247.3950,4.999982
_2077_,VDD,Metal1,11.3800,35.7150,4.999971
_2076_,VDD,Metal1,115.7400,215.1650,4.999982
_2075_,VDD,Metal1,103.2200,207.3250,4.999968
_2074_,VDD,Metal1,173.7800,379.8050,4.999964
_2073_,VDD,Metal1,45.1800,325.7950,4.999962
_2072_,VDD,Metal1,19.7800,200.3550,4.999973
_2071_,VDD,Metal1,18.1000,192.5150,4.999976
_2070_,VDD,Metal1,23.7000,128.9250,4.999979
_2069_,VDD,Metal1,27.6200,121.9550,4.999971
_2068_,VDD,Metal1,39.0200,152.4450,4.999984
_2067_,VDD,Metal1,37.1400,161.1550,4.999951
_2066_,VDD,Metal1,41.8200,67.0750,4.999967
_2065_,VDD,Metal1,60.8600,114.1150,4.999980
_2064_,VDD,Metal1,60.3000,121.9550,4.999969
_2063_,VDD,Metal1,64.0200,97.5650,4.999984
_2062_,VDD,Metal1,65.7000,106.2750,4.999988
_2061_,VDD,Metal1,75.2200,66.2050,4.999967
_2060_,VDD,Metal1,86.9800,153.3150,4.999983
_2059_,VDD,Metal1,93.3400,161.1550,4.999949
_2058_,VDD,Metal1,86.6200,160.2850,4.999950
_2057_,VDD,Metal1,93.7000,473.8850,4.999976
_2056_,VDD,Metal1,97.2600,364.1250,4.999920
_2055_,VDD,Metal1,88.6600,388.5150,4.999945
_2054_,VDD,Metal1,89.7800,380.6750,4.999965
_2053_,VDD,Metal1,83.6200,396.3550,4.999959
_2052_,VDD,Metal1,83.6200,412.0350,4.999974
_2051_,VDD,Metal1,53.5800,404.1950,4.999961
_2050_,VDD,Metal1,48.9000,435.5550,4.999986
_2049_,VDD,Metal1,39.9400,435.5550,4.999986
_2048_,VDD,Metal1,51.9000,435.5550,4.999986
_2047_,VDD,Metal1,58.4200,387.6450,4.999958
_2046_,VDD,Metal1,37.9000,340.6050,4.999990
_2045_,VDD,Metal1,46.6600,317.0850,4.999964
_2044_,VDD,Metal1,37.1400,317.9550,4.999965
_2043_,VDD,Metal1,142.4200,34.8450,4.999978
_2042_,VDD,Metal1,161.6600,152.4450,4.999981
_2041_,VDD,Metal1,173.4200,97.5650,4.999982
_2040_,VDD,Metal1,171.7400,74.0450,4.999968
_2039_,VDD,Metal1,114.9800,51.3950,4.999929
_2038_,VDD,Metal1,49.6900,35.8165,4.999970
_2037_,VDD,Metal1,151.3800,106.2750,4.999989
_2036_,VDD,Metal1,77.4600,20.0350,4.999988
_2035_,VDD,Metal1,86.9800,35.7150,4.999970
_2034_,VDD,Metal1,106.5800,81.8850,4.999984
_2033_,VDD,Metal1,147.6600,58.3650,4.999961
_2032_,VDD,Metal1,142.4200,43.5550,4.999985
_2031_,VDD,Metal1,108.2600,128.9250,4.999974
_2030_,VDD,Metal1,103.9800,152.4450,4.999983
_2029_,VDD,Metal1,106.5800,97.5650,4.999982
_2028_,VDD,Metal1,182.3800,254.3650,4.999938
_2027_,VDD,Metal1,165.3800,263.0750,4.999986
_2026_,VDD,Metal1,165.3800,239.5550,4.999962
_2025_,VDD,Metal1,156.6200,239.5550,4.999953
_2024_,VDD,Metal1,147.4600,302.2750,4.999951
_2023_,VDD,Metal1,122.8200,192.5150,4.999963
_2022_,VDD,Metal1,120.0200,208.1950,4.999968
_2021_,VDD,Metal1,141.8600,208.1950,4.999969
_2020_,VDD,Metal1,128.9800,161.1550,4.999949
_2019_,VDD,Metal1,122.8200,161.1550,4.999949
_2018_,VDD,Metal1,150.8200,121.9550,4.999966
_2017_,VDD,Metal1,161.1000,20.0350,4.999988
_2016_,VDD,Metal1,14.3800,396.3550,4.999979
_2015_,VDD,Metal1,21.6600,317.0850,4.999966
_2014_,VDD,Metal1,8.5800,459.0750,4.999976
_2013_,VDD,Metal1,9.7000,333.6350,4.999985
_2012_,VDD,Metal1,25.5800,434.6850,4.999986
_2011_,VDD,Metal1,25.5800,348.4450,4.999980
_2010_,VDD,Metal1,18.3000,443.3950,4.999980
_2009_,VDD,Metal1,11.0200,364.1250,4.999973
_2008_,VDD,Metal1,10.2600,482.5950,4.999986
_2007_,VDD,Metal1,17.5400,380.6750,4.999974
_2006_,VDD,Metal1,18.3000,474.7550,4.999984
_2005_,VDD,Metal1,9.7000,396.3550,4.999979
_2004_,VDD,Metal1,25.5800,270.0450,4.999962
_2003_,VDD,Metal1,20.5400,277.8850,4.999967
_2002_,VDD,Metal1,25.5800,208.1950,4.999971
_2001_,VDD,Metal1,15.5000,184.6750,4.999971
_2000_,VDD,Metal1,19.4200,113.2450,4.999984
_1999_,VDD,Metal1,16.0600,90.5950,4.999984
_1998_,VDD,Metal1,17.1800,74.0450,4.999948
_1997_,VDD,Metal1,27.2600,27.8750,4.999958
_1996_,VDD,Metal1,44.0600,35.7150,4.999971
_1995_,VDD,Metal1,48.5400,27.8750,4.999956
_1994_,VDD,Metal1,46.8600,105.4050,4.999991
_1993_,VDD,Metal1,45.7400,128.9250,4.999978
_1992_,VDD,Metal1,56.3800,90.5950,4.999980
_1991_,VDD,Metal1,53.3800,90.5950,4.999980
_1990_,VDD,Metal1,64.7800,58.3650,4.999961
_1989_,VDD,Metal1,54.1400,35.7150,4.999970
_1988_,VDD,Metal1,65.3400,35.7150,4.999970
_1987_,VDD,Metal1,64.0200,27.0050,4.999956
_1986_,VDD,Metal1,64.2200,473.8850,4.999976
_1985_,VDD,Metal1,72.4200,458.2050,4.999975
_1984_,VDD,Metal1,103.4200,473.8850,4.999976
_1983_,VDD,Metal1,107.3400,450.3650,4.999959
_1982_,VDD,Metal1,100.0600,403.3250,4.999958
_1981_,VDD,Metal1,98.7400,419.0050,4.999956
_1980_,VDD,Metal1,80.4600,403.3250,4.999959
_1979_,VDD,Metal1,79.3400,435.5550,4.999985
_1978_,VDD,Metal1,25.5800,481.7250,4.999986
_1977_,VDD,Metal1,33.7800,442.5250,4.999980
_1976_,VDD,Metal1,42.3800,450.3650,4.999959
_1975_,VDD,Metal1,50.2200,434.6850,4.999986
_1974_,VDD,Metal1,35.6600,372.8350,4.999979
_1973_,VDD,Metal1,33.4200,356.2850,4.999981
_1972_,VDD,Metal1,28.1800,278.7550,4.999965
_1971_,VDD,Metal1,38.8200,293.5650,4.999949
_1970_,VDD,Metal1,25.5800,238.6850,4.999963
_1969_,VDD,Metal1,18.3000,246.5250,4.999982
_1968_,VDD,Metal1,16.0600,153.3150,4.999985
_1967_,VDD,Metal1,23.3400,160.2850,4.999951
_1966_,VDD,Metal1,24.8200,144.6050,4.999911
_1965_,VDD,Metal1,41.2600,254.3650,4.999947
_1964_,VDD,Metal1,45.1800,145.4750,4.999893
_1963_,VDD,Metal1,55.6200,239.5550,4.999957
_1962_,VDD,Metal1,69.8200,199.4850,4.999941
_1961_,VDD,Metal1,68.1400,230.8450,4.999979
_1960_,VDD,Metal1,67.5800,192.5150,4.999965
_1959_,VDD,Metal1,67.3800,207.3250,4.999969
_1958_,VDD,Metal1,78.7800,192.5150,4.999965
_1957_,VDD,Metal1,88.3000,208.1950,4.999968
_1956_,VDD,Metal1,98.3800,192.5150,4.999965
_1955_,VDD,Metal1,87.5400,223.8750,4.999937
_1954_,VDD,Metal1,87.5400,286.5950,4.999959
_1953_,VDD,Metal1,87.5400,278.7550,4.999957
_1952_,VDD,Metal1,107.3400,277.8850,4.999954
_1951_,VDD,Metal1,111.8200,340.6050,4.999986
_1950_,VDD,Metal1,107.3400,348.4450,4.999977
_1949_,VDD,Metal1,98.7400,301.4050,4.999954
_1948_,VDD,Metal1,106.2200,310.1150,4.999961
_1947_,VDD,Metal1,90.5400,317.9550,4.999952
_1946_,VDD,Metal1,39.0200,396.3550,4.999979
_1945_,VDD,Metal1,36.2200,419.0050,4.999955
_1944_,VDD,Metal1,40.7000,419.8750,4.999955
_1943_,VDD,Metal1,35.6600,396.3550,4.999979
_1942_,VDD,Metal1,53.5800,379.8050,4.999971
_1941_,VDD,Metal1,41.8200,349.3150,4.999977
_1940_,VDD,Metal1,53.0200,310.1150,4.999963
_1939_,VDD,Metal1,49.6600,286.5950,4.999961
_1938_,VDD,Metal1,30.6200,238.6850,4.999962
_1937_,VDD,Metal1,44.0600,231.7150,4.999980
_1936_,VDD,Metal1,25.5800,175.9650,4.999980
_1935_,VDD,Metal1,37.3400,200.3550,4.999942
_1934_,VDD,Metal1,34.5400,230.8450,4.999980
_1933_,VDD,Metal1,40.1400,183.8050,4.999970
_1932_,VDD,Metal1,44.0600,200.3550,4.999942
_1931_,VDD,Metal1,55.2600,216.0350,4.999983
_1930_,VDD,Metal1,55.8200,191.6450,4.999966
_1929_,VDD,Metal1,57.5000,160.2850,4.999951
_1928_,VDD,Metal1,63.1000,152.4450,4.999984
_1927_,VDD,Metal1,72.0600,145.4750,4.999880
_1926_,VDD,Metal1,83.2600,168.9950,4.999974
_1925_,VDD,Metal1,87.5400,145.4750,4.999872
_1924_,VDD,Metal1,87.7400,129.7950,4.999975
_1923_,VDD,Metal1,76.3400,136.7650,4.999983
_1922_,VDD,Metal1,77.1000,286.5950,4.999960
_1921_,VDD,Metal1,78.7800,317.9550,4.999954
_1920_,VDD,Metal1,98.7400,379.8050,4.999965
_1919_,VDD,Metal1,107.3400,371.9650,4.999972
_1918_,VDD,Metal1,86.9800,310.1150,4.999962
_1917_,VDD,Metal1,87.7400,380.6750,4.999966
_1916_,VDD,Metal1,71.3000,340.6050,4.999987
_1915_,VDD,Metal1,78.2200,309.2450,4.999962
_1914_,VDD,Metal1,59.1800,411.1650,4.999975
_1913_,VDD,Metal1,63.1000,419.0050,4.999954
_1912_,VDD,Metal1,64.7800,442.5250,4.999977
_1911_,VDD,Metal1,72.6200,434.6850,4.999985
_1910_,VDD,Metal1,65.9000,364.9950,4.999944
_1909_,VDD,Metal1,58.0600,293.5650,4.999949
_1908_,VDD,Metal1,60.3000,324.9250,4.999962
_1907_,VDD,Metal1,65.9000,302.2750,4.999959
_1906_,VDD,Metal1,180.1400,403.3250,4.999955
_1905_,VDD,Metal1,153.8200,458.2050,4.999972
_1904_,VDD,Metal1,157.1800,419.0050,4.999961
_1903_,VDD,Metal1,159.4200,426.8450,4.999982
_1902_,VDD,Metal1,163.3400,419.0050,4.999961
_1901_,VDD,Metal1,151.5800,458.2050,4.999972
_1900_,VDD,Metal1,140.3800,442.5250,4.999975
_1899_,VDD,Metal1,143.7400,435.5550,4.999987
_1898_,VDD,Metal1,149.1400,427.7150,4.999982
_1897_,VDD,Metal1,142.6200,442.5250,4.999975
_1896_,VDD,Metal1,221.5800,161.1550,4.999982
_1895_,VDD,Metal1,221.0200,160.2850,4.999982
_1894_,VDD,Metal1,205.3400,153.3150,4.999983
_1893_,VDD,Metal1,205.3400,168.9950,4.999966
_1892_,VDD,Metal1,205.3400,192.5150,4.999963
_1891_,VDD,Metal1,184.9800,230.8450,4.999977
_1890_,VDD,Metal1,210.3800,97.5650,4.999970
_1889_,VDD,Metal1,199.7400,82.7550,4.999988
_1888_,VDD,Metal1,158.3000,371.9650,4.999975
_1887_,VDD,Metal1,142.4200,357.1550,4.999975
_1886_,VDD,Metal1,160.5400,411.1650,4.999979
_1885_,VDD,Metal1,151.9400,404.1950,4.999953
_1884_,VDD,Metal1,139.8200,403.3250,4.999950
_1883_,VDD,Metal1,140.1800,451.2350,4.999965
_1882_,VDD,Metal1,146.5400,411.1650,4.999979
_1881_,VDD,Metal1,146.5400,458.2050,4.999972
_1880_,VDD,Metal1,138.1400,419.8750,4.999960
_1879_,VDD,Metal1,135.1400,301.4050,4.999953
_1878_,VDD,Metal1,180.5000,277.8850,4.999952
_1877_,VDD,Metal1,185.7400,309.2450,4.999965
_1876_,VDD,Metal1,162.0200,325.7950,4.999967
